# ---------------------------------------------------------------------------------------------------------
# Threshold	Precision	Recall   	F1-measure	Classif-ER	Fls-Alarm-Prob	Miss-Prob   
# ---------------------------------------------------------------------------------------------------------
0.0000000e+00	0.0475196	0.9191919	0.0903674	0.0002881	0.0002868	0.0808081
7.1917300e-06	0.0475941	0.9191919	0.0905022	0.0002876	0.0002864	0.0808081
7.2807700e-06	0.0476190	0.9191919	0.0905473	0.0002875	0.0002862	0.0808081
7.3063300e-06	0.0476440	0.9191919	0.0905923	0.0002873	0.0002861	0.0808081
8.1983900e-06	0.0476689	0.9191919	0.0906375	0.0002872	0.0002859	0.0808081
8.5048600e-06	0.0476939	0.9191919	0.0906826	0.0002870	0.0002857	0.0808081
8.5054000e-06	0.0477189	0.9191919	0.0907278	0.0002868	0.0002856	0.0808081
8.9678300e-06	0.0477440	0.9191919	0.0907731	0.0002867	0.0002854	0.0808081
9.0291900e-06	0.0477690	0.9191919	0.0908184	0.0002865	0.0002853	0.0808081
9.3541900e-06	0.0477941	0.9191919	0.0908637	0.0002864	0.0002851	0.0808081
9.7827900e-06	0.0478192	0.9191919	0.0909091	0.0002862	0.0002850	0.0808081
9.9126300e-06	0.0478444	0.9191919	0.0909545	0.0002861	0.0002848	0.0808081
1.0047200e-05	0.0478695	0.9191919	0.0910000	0.0002859	0.0002846	0.0808081
1.0720000e-05	0.0478947	0.9191919	0.0910455	0.0002857	0.0002845	0.0808081
1.0774800e-05	0.0479200	0.9191919	0.0910911	0.0002856	0.0002843	0.0808081
1.0984800e-05	0.0479452	0.9191919	0.0911367	0.0002854	0.0002842	0.0808081
1.0998200e-05	0.0479705	0.9191919	0.0911824	0.0002853	0.0002840	0.0808081
1.1017400e-05	0.0479958	0.9191919	0.0912281	0.0002851	0.0002839	0.0808081
1.1282800e-05	0.0480211	0.9191919	0.0912738	0.0002850	0.0002837	0.0808081
1.1684500e-05	0.0480465	0.9191919	0.0913196	0.0002848	0.0002835	0.0808081
1.1882200e-05	0.0480718	0.9191919	0.0913655	0.0002846	0.0002834	0.0808081
1.2001300e-05	0.0480973	0.9191919	0.0914114	0.0002845	0.0002832	0.0808081
1.2022700e-05	0.0481227	0.9191919	0.0914573	0.0002843	0.0002831	0.0808081
1.2041400e-05	0.0481481	0.9191919	0.0915033	0.0002842	0.0002829	0.0808081
1.2328200e-05	0.0481736	0.9191919	0.0915493	0.0002840	0.0002828	0.0808081
1.2365600e-05	0.0481992	0.9191919	0.0915954	0.0002839	0.0002826	0.0808081
1.2531500e-05	0.0482247	0.9191919	0.0916415	0.0002837	0.0002824	0.0808081
1.2568700e-05	0.0482503	0.9191919	0.0916877	0.0002835	0.0002823	0.0808081
1.2581800e-05	0.0482759	0.9191919	0.0917339	0.0002834	0.0002821	0.0808081
1.2822200e-05	0.0483015	0.9191919	0.0917801	0.0002832	0.0002820	0.0808081
1.2953100e-05	0.0483271	0.9191919	0.0918264	0.0002831	0.0002818	0.0808081
1.3371800e-05	0.0483528	0.9191919	0.0918728	0.0002829	0.0002817	0.0808081
1.3407200e-05	0.0483785	0.9191919	0.0919192	0.0002828	0.0002815	0.0808081
1.3407600e-05	0.0484043	0.9191919	0.0919656	0.0002826	0.0002813	0.0808081
1.3808500e-05	0.0484300	0.9191919	0.0920121	0.0002824	0.0002812	0.0808081
1.3977900e-05	0.0484558	0.9191919	0.0920587	0.0002823	0.0002810	0.0808081
1.4010200e-05	0.0484816	0.9191919	0.0921053	0.0002821	0.0002809	0.0808081
1.4317500e-05	0.0485075	0.9191919	0.0921519	0.0002820	0.0002807	0.0808081
1.4770000e-05	0.0485333	0.9191919	0.0921986	0.0002818	0.0002806	0.0808081
1.5055800e-05	0.0485592	0.9191919	0.0922453	0.0002816	0.0002804	0.0808081
1.5167700e-05	0.0485852	0.9191919	0.0922921	0.0002815	0.0002802	0.0808081
1.5195500e-05	0.0486111	0.9191919	0.0923389	0.0002813	0.0002801	0.0808081
1.5664000e-05	0.0486371	0.9191919	0.0923858	0.0002812	0.0002799	0.0808081
1.5703600e-05	0.0486631	0.9191919	0.0924327	0.0002810	0.0002798	0.0808081
1.5807200e-05	0.0486891	0.9191919	0.0924797	0.0002809	0.0002796	0.0808081
1.5829300e-05	0.0487152	0.9191919	0.0925267	0.0002807	0.0002795	0.0808081
1.6276500e-05	0.0487413	0.9191919	0.0925738	0.0002805	0.0002793	0.0808081
1.6566900e-05	0.0487674	0.9191919	0.0926209	0.0002804	0.0002791	0.0808081
1.6720500e-05	0.0487936	0.9191919	0.0926680	0.0002802	0.0002790	0.0808081
1.6783900e-05	0.0488197	0.9191919	0.0927152	0.0002801	0.0002788	0.0808081
1.6880000e-05	0.0488459	0.9191919	0.0927625	0.0002799	0.0002787	0.0808081
1.7059600e-05	0.0488722	0.9191919	0.0928098	0.0002798	0.0002785	0.0808081
1.7164200e-05	0.0488984	0.9191919	0.0928571	0.0002796	0.0002784	0.0808081
1.7208900e-05	0.0489247	0.9191919	0.0929045	0.0002794	0.0002782	0.0808081
1.7253900e-05	0.0489510	0.9191919	0.0929520	0.0002793	0.0002780	0.0808081
1.7323400e-05	0.0489774	0.9191919	0.0929995	0.0002791	0.0002779	0.0808081
1.7407900e-05	0.0490038	0.9191919	0.0930470	0.0002790	0.0002777	0.0808081
1.7628400e-05	0.0490302	0.9191919	0.0930946	0.0002788	0.0002776	0.0808081
1.7947400e-05	0.0490566	0.9191919	0.0931423	0.0002787	0.0002774	0.0808081
1.8116200e-05	0.0490831	0.9191919	0.0931900	0.0002785	0.0002773	0.0808081
1.8373900e-05	0.0491096	0.9191919	0.0932377	0.0002783	0.0002771	0.0808081
1.8511500e-05	0.0491361	0.9191919	0.0932855	0.0002782	0.0002769	0.0808081
1.8588500e-05	0.0491626	0.9191919	0.0933333	0.0002780	0.0002768	0.0808081
1.8899200e-05	0.0491892	0.9191919	0.0933812	0.0002779	0.0002766	0.0808081
1.8984200e-05	0.0492158	0.9191919	0.0934292	0.0002777	0.0002765	0.0808081
1.8988100e-05	0.0492424	0.9191919	0.0934771	0.0002776	0.0002763	0.0808081
1.9203800e-05	0.0492691	0.9191919	0.0935252	0.0002774	0.0002762	0.0808081
1.9219500e-05	0.0492958	0.9191919	0.0935733	0.0002772	0.0002760	0.0808081
1.9265700e-05	0.0493225	0.9191919	0.0936214	0.0002771	0.0002758	0.0808081
1.9361200e-05	0.0493492	0.9191919	0.0936696	0.0002769	0.0002757	0.0808081
1.9384700e-05	0.0493760	0.9191919	0.0937178	0.0002768	0.0002755	0.0808081
1.9565800e-05	0.0494028	0.9191919	0.0937661	0.0002766	0.0002754	0.0808081
1.9650800e-05	0.0494297	0.9191919	0.0938144	0.0002765	0.0002752	0.0808081
1.9847100e-05	0.0494565	0.9191919	0.0938628	0.0002763	0.0002750	0.0808081
1.9876200e-05	0.0494834	0.9191919	0.0939112	0.0002761	0.0002749	0.0808081
2.0011600e-05	0.0495103	0.9191919	0.0939597	0.0002760	0.0002747	0.0808081
2.0190100e-05	0.0495373	0.9191919	0.0940083	0.0002758	0.0002746	0.0808081
2.0241700e-05	0.0495643	0.9191919	0.0940568	0.0002757	0.0002744	0.0808081
2.0827600e-05	0.0495913	0.9191919	0.0941055	0.0002755	0.0002743	0.0808081
2.0943900e-05	0.0496183	0.9191919	0.0941542	0.0002754	0.0002741	0.0808081
2.1300100e-05	0.0496454	0.9191919	0.0942029	0.0002752	0.0002739	0.0808081
2.1343100e-05	0.0496725	0.9191919	0.0942517	0.0002750	0.0002738	0.0808081
2.1619700e-05	0.0496996	0.9191919	0.0943005	0.0002749	0.0002736	0.0808081
2.1691100e-05	0.0497268	0.9191919	0.0943494	0.0002747	0.0002735	0.0808081
2.1721900e-05	0.0497540	0.9191919	0.0943983	0.0002746	0.0002733	0.0808081
2.1920500e-05	0.0497812	0.9191919	0.0944473	0.0002744	0.0002732	0.0808081
2.2122100e-05	0.0498084	0.9191919	0.0944964	0.0002743	0.0002730	0.0808081
2.2143100e-05	0.0498357	0.9191919	0.0945455	0.0002741	0.0002728	0.0808081
2.2168400e-05	0.0498630	0.9191919	0.0945946	0.0002739	0.0002727	0.0808081
2.2172600e-05	0.0498904	0.9191919	0.0946438	0.0002738	0.0002725	0.0808081
2.2348600e-05	0.0499177	0.9191919	0.0946930	0.0002736	0.0002724	0.0808081
2.2556500e-05	0.0499451	0.9191919	0.0947423	0.0002735	0.0002722	0.0808081
2.2674400e-05	0.0499725	0.9191919	0.0947917	0.0002733	0.0002721	0.0808081
2.2923300e-05	0.0500000	0.9191919	0.0948411	0.0002732	0.0002719	0.0808081
2.3089200e-05	0.0500275	0.9191919	0.0948905	0.0002730	0.0002717	0.0808081
2.3216600e-05	0.0500550	0.9191919	0.0949400	0.0002728	0.0002716	0.0808081
2.3283500e-05	0.0500826	0.9191919	0.0949896	0.0002727	0.0002714	0.0808081
2.3803400e-05	0.0501101	0.9191919	0.0950392	0.0002725	0.0002713	0.0808081
2.4004000e-05	0.0501377	0.9191919	0.0950888	0.0002724	0.0002711	0.0808081
2.4193200e-05	0.0501654	0.9191919	0.0951385	0.0002722	0.0002710	0.0808081
2.4283100e-05	0.0501931	0.9191919	0.0951883	0.0002721	0.0002708	0.0808081
2.4316700e-05	0.0502208	0.9191919	0.0952381	0.0002719	0.0002706	0.0808081
2.4383900e-05	0.0502485	0.9191919	0.0952880	0.0002717	0.0002705	0.0808081
2.4535300e-05	0.0502762	0.9191919	0.0953379	0.0002716	0.0002703	0.0808081
2.4541000e-05	0.0503040	0.9191919	0.0953878	0.0002714	0.0002702	0.0808081
2.4579800e-05	0.0503319	0.9191919	0.0954379	0.0002713	0.0002700	0.0808081
2.4761200e-05	0.0503597	0.9191919	0.0954879	0.0002711	0.0002699	0.0808081
2.4780000e-05	0.0503876	0.9191919	0.0955381	0.0002710	0.0002697	0.0808081
2.4782200e-05	0.0504155	0.9191919	0.0955882	0.0002708	0.0002695	0.0808081
2.4786800e-05	0.0504435	0.9191919	0.0956385	0.0002706	0.0002694	0.0808081
2.4822400e-05	0.0504714	0.9191919	0.0956887	0.0002705	0.0002692	0.0808081
2.4822800e-05	0.0504994	0.9191919	0.0957391	0.0002703	0.0002691	0.0808081
2.4861500e-05	0.0505275	0.9191919	0.0957895	0.0002702	0.0002689	0.0808081
2.4898900e-05	0.0505556	0.9191919	0.0958399	0.0002700	0.0002688	0.0808081
2.5015300e-05	0.0505837	0.9191919	0.0958904	0.0002699	0.0002686	0.0808081
2.5409500e-05	0.0506118	0.9191919	0.0959410	0.0002697	0.0002684	0.0808081
2.5457800e-05	0.0506400	0.9191919	0.0959916	0.0002695	0.0002683	0.0808081
2.5664500e-05	0.0506682	0.9191919	0.0960422	0.0002694	0.0002681	0.0808081
2.5680300e-05	0.0506964	0.9191919	0.0960929	0.0002692	0.0002680	0.0808081
2.5790900e-05	0.0507246	0.9191919	0.0961437	0.0002691	0.0002678	0.0808081
2.6115600e-05	0.0507529	0.9191919	0.0961945	0.0002689	0.0002677	0.0808081
2.6174000e-05	0.0507812	0.9191919	0.0962454	0.0002688	0.0002675	0.0808081
2.6446600e-05	0.0508096	0.9191919	0.0962963	0.0002686	0.0002673	0.0808081
2.6631400e-05	0.0508380	0.9191919	0.0963473	0.0002684	0.0002672	0.0808081
2.6664300e-05	0.0508664	0.9191919	0.0963983	0.0002683	0.0002670	0.0808081
2.6730700e-05	0.0508949	0.9191919	0.0964494	0.0002681	0.0002669	0.0808081
2.6751900e-05	0.0509233	0.9191919	0.0965005	0.0002680	0.0002667	0.0808081
2.6802800e-05	0.0509518	0.9191919	0.0965517	0.0002678	0.0002666	0.0808081
2.7010700e-05	0.0509804	0.9191919	0.0966030	0.0002677	0.0002664	0.0808081
2.7171400e-05	0.0510090	0.9191919	0.0966543	0.0002675	0.0002662	0.0808081
2.7384000e-05	0.0510376	0.9191919	0.0967056	0.0002673	0.0002661	0.0808081
2.7471800e-05	0.0510662	0.9191919	0.0967570	0.0002672	0.0002659	0.0808081
2.7565000e-05	0.0510949	0.9191919	0.0968085	0.0002670	0.0002658	0.0808081
2.7570600e-05	0.0511236	0.9191919	0.0968600	0.0002669	0.0002656	0.0808081
2.7632300e-05	0.0511523	0.9191919	0.0969116	0.0002667	0.0002655	0.0808081
2.7805800e-05	0.0511811	0.9191919	0.0969632	0.0002666	0.0002653	0.0808081
2.7850900e-05	0.0512099	0.9191919	0.0970149	0.0002664	0.0002651	0.0808081
2.7858400e-05	0.0512387	0.9191919	0.0970667	0.0002662	0.0002650	0.0808081
2.7894400e-05	0.0512676	0.9191919	0.0971185	0.0002661	0.0002648	0.0808081
2.7955700e-05	0.0512965	0.9191919	0.0971703	0.0002659	0.0002647	0.0808081
2.8037200e-05	0.0513254	0.9191919	0.0972222	0.0002658	0.0002645	0.0808081
2.8234800e-05	0.0513544	0.9191919	0.0972742	0.0002656	0.0002644	0.0808081
2.8263100e-05	0.0513834	0.9191919	0.0973262	0.0002655	0.0002642	0.0808081
2.8474100e-05	0.0514124	0.9191919	0.0973783	0.0002653	0.0002640	0.0808081
2.8596200e-05	0.0514415	0.9191919	0.0974304	0.0002651	0.0002639	0.0808081
2.8644800e-05	0.0514706	0.9191919	0.0974826	0.0002650	0.0002637	0.0808081
2.8777200e-05	0.0514997	0.9191919	0.0975348	0.0002648	0.0002636	0.0808081
2.8819100e-05	0.0515289	0.9191919	0.0975871	0.0002647	0.0002634	0.0808081
2.8991700e-05	0.0515581	0.9191919	0.0976395	0.0002645	0.0002633	0.0808081
2.9052700e-05	0.0515873	0.9191919	0.0976919	0.0002644	0.0002631	0.0808081
2.9142000e-05	0.0516166	0.9191919	0.0977444	0.0002642	0.0002629	0.0808081
2.9274200e-05	0.0516459	0.9191919	0.0977969	0.0002640	0.0002628	0.0808081
2.9278000e-05	0.0516752	0.9191919	0.0978495	0.0002639	0.0002626	0.0808081
2.9535800e-05	0.0517045	0.9191919	0.0979021	0.0002637	0.0002625	0.0808081
2.9920600e-05	0.0517339	0.9191919	0.0979548	0.0002636	0.0002623	0.0808081
2.9927900e-05	0.0517634	0.9191919	0.0980075	0.0002634	0.0002622	0.0808081
3.0145500e-05	0.0517928	0.9191919	0.0980603	0.0002633	0.0002620	0.0808081
3.0520900e-05	0.0518223	0.9191919	0.0981132	0.0002631	0.0002618	0.0808081
3.0533300e-05	0.0518519	0.9191919	0.0981661	0.0002629	0.0002617	0.0808081
3.0658900e-05	0.0518814	0.9191919	0.0982191	0.0002628	0.0002615	0.0808081
3.0699000e-05	0.0519110	0.9191919	0.0982721	0.0002626	0.0002614	0.0808081
3.0704500e-05	0.0519406	0.9191919	0.0983252	0.0002625	0.0002612	0.0808081
3.0732500e-05	0.0519703	0.9191919	0.0983784	0.0002623	0.0002611	0.0808081
3.0845700e-05	0.0520000	0.9191919	0.0984316	0.0002621	0.0002609	0.0808081
3.0868800e-05	0.0520297	0.9191919	0.0984848	0.0002620	0.0002607	0.0808081
3.0890400e-05	0.0520595	0.9191919	0.0985382	0.0002618	0.0002606	0.0808081
3.0978900e-05	0.0520893	0.9191919	0.0985915	0.0002617	0.0002604	0.0808081
3.1229900e-05	0.0521191	0.9191919	0.0986450	0.0002615	0.0002603	0.0808081
3.1250800e-05	0.0521490	0.9191919	0.0986985	0.0002614	0.0002601	0.0808081
3.1532600e-05	0.0521789	0.9191919	0.0987520	0.0002612	0.0002600	0.0808081
3.1543100e-05	0.0522088	0.9191919	0.0988056	0.0002610	0.0002598	0.0808081
3.1855200e-05	0.0522388	0.9191919	0.0988593	0.0002609	0.0002596	0.0808081
3.1867100e-05	0.0522688	0.9191919	0.0989130	0.0002607	0.0002595	0.0808081
3.1970200e-05	0.0522989	0.9191919	0.0989668	0.0002606	0.0002593	0.0808081
3.2016900e-05	0.0523289	0.9191919	0.0990207	0.0002604	0.0002592	0.0808081
3.2071400e-05	0.0523590	0.9191919	0.0990746	0.0002603	0.0002590	0.0808081
3.2129200e-05	0.0523892	0.9191919	0.0991285	0.0002601	0.0002589	0.0808081
3.2235800e-05	0.0524194	0.9191919	0.0991826	0.0002599	0.0002587	0.0808081
3.2368800e-05	0.0524496	0.9191919	0.0992366	0.0002598	0.0002585	0.0808081
3.2611300e-05	0.0524798	0.9191919	0.0992908	0.0002596	0.0002584	0.0808081
3.2679500e-05	0.0525101	0.9191919	0.0993450	0.0002595	0.0002582	0.0808081
3.2725300e-05	0.0525404	0.9191919	0.0993992	0.0002593	0.0002581	0.0808081
3.2757600e-05	0.0525708	0.9191919	0.0994536	0.0002592	0.0002579	0.0808081
3.2788000e-05	0.0526012	0.9191919	0.0995079	0.0002590	0.0002578	0.0808081
3.3019700e-05	0.0526316	0.9191919	0.0995624	0.0002588	0.0002576	0.0808081
3.3020400e-05	0.0526620	0.9191919	0.0996169	0.0002587	0.0002574	0.0808081
3.3053500e-05	0.0526925	0.9191919	0.0996714	0.0002585	0.0002573	0.0808081
3.3207600e-05	0.0527231	0.9191919	0.0997260	0.0002584	0.0002571	0.0808081
3.3256300e-05	0.0527536	0.9191919	0.0997807	0.0002582	0.0002570	0.0808081
3.3268200e-05	0.0527842	0.9191919	0.0998354	0.0002581	0.0002568	0.0808081
3.3302900e-05	0.0528149	0.9191919	0.0998902	0.0002579	0.0002566	0.0808081
3.3362100e-05	0.0528455	0.9191919	0.0999451	0.0002577	0.0002565	0.0808081
3.3380200e-05	0.0528762	0.9191919	0.1000000	0.0002576	0.0002563	0.0808081
3.3446200e-05	0.0529070	0.9191919	0.1000550	0.0002574	0.0002562	0.0808081
3.3459900e-05	0.0529378	0.9191919	0.1001100	0.0002573	0.0002560	0.0808081
3.3521000e-05	0.0529686	0.9191919	0.1001651	0.0002571	0.0002559	0.0808081
3.3633100e-05	0.0529994	0.9191919	0.1002203	0.0002570	0.0002557	0.0808081
3.3684000e-05	0.0530303	0.9191919	0.1002755	0.0002568	0.0002555	0.0808081
3.3704500e-05	0.0530612	0.9191919	0.1003308	0.0002566	0.0002554	0.0808081
3.3770900e-05	0.0530922	0.9191919	0.1003861	0.0002565	0.0002552	0.0808081
3.4094400e-05	0.0531232	0.9191919	0.1004415	0.0002563	0.0002551	0.0808081
3.4304900e-05	0.0531542	0.9191919	0.1004970	0.0002562	0.0002549	0.0808081
3.4432200e-05	0.0531853	0.9191919	0.1005525	0.0002560	0.0002548	0.0808081
3.4472200e-05	0.0532164	0.9191919	0.1006081	0.0002559	0.0002546	0.0808081
3.4620500e-05	0.0532475	0.9191919	0.1006637	0.0002557	0.0002544	0.0808081
3.4654300e-05	0.0532787	0.9191919	0.1007194	0.0002555	0.0002543	0.0808081
3.4719400e-05	0.0533099	0.9191919	0.1007752	0.0002554	0.0002541	0.0808081
3.4936500e-05	0.0533411	0.9191919	0.1008310	0.0002552	0.0002540	0.0808081
3.5301200e-05	0.0533724	0.9191919	0.1008869	0.0002551	0.0002538	0.0808081
3.5317500e-05	0.0534038	0.9191919	0.1009429	0.0002549	0.0002537	0.0808081
3.5445300e-05	0.0534351	0.9191919	0.1009989	0.0002548	0.0002535	0.0808081
3.5567200e-05	0.0534665	0.9191919	0.1010550	0.0002546	0.0002533	0.0808081
3.5647200e-05	0.0534979	0.9191919	0.1011111	0.0002544	0.0002532	0.0808081
3.5696900e-05	0.0535294	0.9191919	0.1011673	0.0002543	0.0002530	0.0808081
3.5937700e-05	0.0535609	0.9191919	0.1012236	0.0002541	0.0002529	0.0808081
3.6230000e-05	0.0535925	0.9191919	0.1012799	0.0002540	0.0002527	0.0808081
3.6320400e-05	0.0536240	0.9191919	0.1013363	0.0002538	0.0002526	0.0808081
3.6406900e-05	0.0536557	0.9191919	0.1013928	0.0002537	0.0002524	0.0808081
3.6425500e-05	0.0536873	0.9191919	0.1014493	0.0002535	0.0002522	0.0808081
3.6684600e-05	0.0537190	0.9191919	0.1015059	0.0002533	0.0002521	0.0808081
3.6862600e-05	0.0537507	0.9191919	0.1015625	0.0002532	0.0002519	0.0808081
3.6971400e-05	0.0537825	0.9191919	0.1016192	0.0002530	0.0002518	0.0808081
3.6997900e-05	0.0538143	0.9191919	0.1016760	0.0002529	0.0002516	0.0808081
3.7208700e-05	0.0538462	0.9191919	0.1017328	0.0002527	0.0002515	0.0808081
3.7523500e-05	0.0538780	0.9191919	0.1017897	0.0002526	0.0002513	0.0808081
3.7615100e-05	0.0539100	0.9191919	0.1018467	0.0002524	0.0002511	0.0808081
3.7657100e-05	0.0539419	0.9191919	0.1019037	0.0002522	0.0002510	0.0808081
3.7685600e-05	0.0539739	0.9191919	0.1019608	0.0002521	0.0002508	0.0808081
3.7821900e-05	0.0540059	0.9191919	0.1020179	0.0002519	0.0002507	0.0808081
3.7970100e-05	0.0540380	0.9191919	0.1020752	0.0002518	0.0002505	0.0808081
3.7979400e-05	0.0540701	0.9191919	0.1021324	0.0002516	0.0002504	0.0808081
3.8015700e-05	0.0541023	0.9191919	0.1021898	0.0002515	0.0002502	0.0808081
3.8131900e-05	0.0541344	0.9191919	0.1022472	0.0002513	0.0002500	0.0808081
3.8233700e-05	0.0541667	0.9191919	0.1023047	0.0002511	0.0002499	0.0808081
3.8269300e-05	0.0541989	0.9191919	0.1023622	0.0002510	0.0002497	0.0808081
3.8329500e-05	0.0542312	0.9191919	0.1024198	0.0002508	0.0002496	0.0808081
3.8354500e-05	0.0542636	0.9191919	0.1024775	0.0002507	0.0002494	0.0808081
3.8560100e-05	0.0542959	0.9191919	0.1025352	0.0002505	0.0002493	0.0808081
3.8672800e-05	0.0543284	0.9191919	0.1025930	0.0002504	0.0002491	0.0808081
3.8932300e-05	0.0543608	0.9191919	0.1026509	0.0002502	0.0002489	0.0808081
3.9085200e-05	0.0543933	0.9191919	0.1027088	0.0002500	0.0002488	0.0808081
3.9117200e-05	0.0544258	0.9191919	0.1027668	0.0002499	0.0002486	0.0808081
3.9207300e-05	0.0544584	0.9191919	0.1028249	0.0002497	0.0002485	0.0808081
3.9782400e-05	0.0544910	0.9191919	0.1028830	0.0002496	0.0002483	0.0808081
3.9783200e-05	0.0545237	0.9191919	0.1029412	0.0002494	0.0002482	0.0808081
3.9883600e-05	0.0545564	0.9191919	0.1029994	0.0002493	0.0002480	0.0808081
3.9915800e-05	0.0545891	0.9191919	0.1030578	0.0002491	0.0002478	0.0808081
4.0354300e-05	0.0546218	0.9191919	0.1031161	0.0002489	0.0002477	0.0808081
4.0424300e-05	0.0546547	0.9191919	0.1031746	0.0002488	0.0002475	0.0808081
4.0788300e-05	0.0546875	0.9191919	0.1032331	0.0002486	0.0002474	0.0808081
4.0992400e-05	0.0547204	0.9191919	0.1032917	0.0002485	0.0002472	0.0808081
4.1098500e-05	0.0547533	0.9191919	0.1033504	0.0002483	0.0002471	0.0808081
4.1335100e-05	0.0547863	0.9191919	0.1034091	0.0002482	0.0002469	0.0808081
4.1484800e-05	0.0548193	0.9191919	0.1034679	0.0002480	0.0002467	0.0808081
4.1543800e-05	0.0548523	0.9191919	0.1035267	0.0002478	0.0002466	0.0808081
4.1668400e-05	0.0548854	0.9191919	0.1035857	0.0002477	0.0002464	0.0808081
4.1670800e-05	0.0549185	0.9191919	0.1036446	0.0002475	0.0002463	0.0808081
4.1756100e-05	0.0549517	0.9191919	0.1037037	0.0002474	0.0002461	0.0808081
4.1782300e-05	0.0549849	0.9191919	0.1037628	0.0002472	0.0002460	0.0808081
4.1798100e-05	0.0550181	0.9191919	0.1038220	0.0002471	0.0002458	0.0808081
4.1909900e-05	0.0550514	0.9191919	0.1038813	0.0002469	0.0002456	0.0808081
4.1940100e-05	0.0550847	0.9191919	0.1039406	0.0002467	0.0002455	0.0808081
4.2107600e-05	0.0551181	0.9191919	0.1040000	0.0002466	0.0002453	0.0808081
4.2160900e-05	0.0551515	0.9191919	0.1040595	0.0002464	0.0002452	0.0808081
4.2172100e-05	0.0551850	0.9191919	0.1041190	0.0002463	0.0002450	0.0808081
4.2205200e-05	0.0552184	0.9191919	0.1041786	0.0002461	0.0002449	0.0808081
4.2476500e-05	0.0552520	0.9191919	0.1042383	0.0002460	0.0002447	0.0808081
4.2693300e-05	0.0552855	0.9191919	0.1042980	0.0002458	0.0002445	0.0808081
4.2894200e-05	0.0553191	0.9191919	0.1043578	0.0002456	0.0002444	0.0808081
4.2983100e-05	0.0553528	0.9191919	0.1044177	0.0002455	0.0002442	0.0808081
4.3024800e-05	0.0553865	0.9191919	0.1044776	0.0002453	0.0002441	0.0808081
4.3062800e-05	0.0554202	0.9191919	0.1045376	0.0002452	0.0002439	0.0808081
4.3158700e-05	0.0554540	0.9191919	0.1045977	0.0002450	0.0002438	0.0808081
4.3274400e-05	0.0554878	0.9191919	0.1046578	0.0002449	0.0002436	0.0808081
4.3689300e-05	0.0555217	0.9191919	0.1047181	0.0002447	0.0002434	0.0808081
4.3840000e-05	0.0555556	0.9191919	0.1047784	0.0002445	0.0002433	0.0808081
4.4050900e-05	0.0555895	0.9191919	0.1048387	0.0002444	0.0002431	0.0808081
4.4094100e-05	0.0556235	0.9191919	0.1048991	0.0002442	0.0002430	0.0808081
4.4171600e-05	0.0556575	0.9191919	0.1049596	0.0002441	0.0002428	0.0808081
4.4476500e-05	0.0556916	0.9191919	0.1050202	0.0002439	0.0002427	0.0808081
4.4641300e-05	0.0557257	0.9191919	0.1050808	0.0002438	0.0002425	0.0808081
4.4685600e-05	0.0557598	0.9191919	0.1051415	0.0002436	0.0002423	0.0808081
4.4834000e-05	0.0557940	0.9191919	0.1052023	0.0002434	0.0002422	0.0808081
4.4853800e-05	0.0558282	0.9191919	0.1052632	0.0002433	0.0002420	0.0808081
4.4953000e-05	0.0558625	0.9191919	0.1053241	0.0002431	0.0002419	0.0808081
4.5266800e-05	0.0558968	0.9191919	0.1053851	0.0002430	0.0002417	0.0808081
4.5287200e-05	0.0559312	0.9191919	0.1054461	0.0002428	0.0002416	0.0808081
4.5401800e-05	0.0559656	0.9191919	0.1055072	0.0002426	0.0002414	0.0808081
4.5488400e-05	0.0560000	0.9191919	0.1055684	0.0002425	0.0002412	0.0808081
4.5499000e-05	0.0560345	0.9191919	0.1056297	0.0002423	0.0002411	0.0808081
4.5520400e-05	0.0560690	0.9191919	0.1056911	0.0002422	0.0002409	0.0808081
4.5662600e-05	0.0561036	0.9191919	0.1057525	0.0002420	0.0002408	0.0808081
4.5664200e-05	0.0561382	0.9191919	0.1058140	0.0002419	0.0002406	0.0808081
4.5678200e-05	0.0561728	0.9191919	0.1058755	0.0002417	0.0002405	0.0808081
4.5705200e-05	0.0562075	0.9191919	0.1059371	0.0002415	0.0002403	0.0808081
4.5776100e-05	0.0562423	0.9191919	0.1059988	0.0002414	0.0002401	0.0808081
4.5867100e-05	0.0562771	0.9191919	0.1060606	0.0002412	0.0002400	0.0808081
4.6124500e-05	0.0563119	0.9191919	0.1061224	0.0002411	0.0002398	0.0808081
4.6295600e-05	0.0563467	0.9191919	0.1061844	0.0002409	0.0002397	0.0808081
4.6646500e-05	0.0563817	0.9191919	0.1062464	0.0002408	0.0002395	0.0808081
4.6958100e-05	0.0564166	0.9191919	0.1063084	0.0002406	0.0002394	0.0808081
4.7034400e-05	0.0564516	0.9191919	0.1063705	0.0002404	0.0002392	0.0808081
4.7462000e-05	0.0564867	0.9191919	0.1064327	0.0002403	0.0002390	0.0808081
4.7753000e-05	0.0565217	0.9191919	0.1064950	0.0002401	0.0002389	0.0808081
4.7911300e-05	0.0565569	0.9191919	0.1065574	0.0002400	0.0002387	0.0808081
4.8195500e-05	0.0565920	0.9191919	0.1066198	0.0002398	0.0002386	0.0808081
4.8459600e-05	0.0566273	0.9191919	0.1066823	0.0002397	0.0002384	0.0808081
4.8504600e-05	0.0566625	0.9191919	0.1067449	0.0002395	0.0002383	0.0808081
4.8745800e-05	0.0566978	0.9191919	0.1068075	0.0002393	0.0002381	0.0808081
4.9121400e-05	0.0567332	0.9191919	0.1068702	0.0002392	0.0002379	0.0808081
4.9137800e-05	0.0567686	0.9191919	0.1069330	0.0002390	0.0002378	0.0808081
4.9176500e-05	0.0568040	0.9191919	0.1069959	0.0002389	0.0002376	0.0808081
4.9423400e-05	0.0568395	0.9191919	0.1070588	0.0002387	0.0002375	0.0808081
4.9587600e-05	0.0568750	0.9191919	0.1071218	0.0002386	0.0002373	0.0808081
4.9743200e-05	0.0569106	0.9191919	0.1071849	0.0002384	0.0002371	0.0808081
5.0128500e-05	0.0569462	0.9191919	0.1072481	0.0002382	0.0002370	0.0808081
5.0257400e-05	0.0569818	0.9191919	0.1073113	0.0002381	0.0002368	0.0808081
5.0419600e-05	0.0570175	0.9191919	0.1073746	0.0002379	0.0002367	0.0808081
5.0438500e-05	0.0570533	0.9191919	0.1074380	0.0002378	0.0002365	0.0808081
5.0735600e-05	0.0570891	0.9191919	0.1075015	0.0002376	0.0002364	0.0808081
5.0759800e-05	0.0571249	0.9191919	0.1075650	0.0002375	0.0002362	0.0808081
5.0905000e-05	0.0571608	0.9191919	0.1076286	0.0002373	0.0002360	0.0808081
5.1021900e-05	0.0571967	0.9191919	0.1076923	0.0002371	0.0002359	0.0808081
5.1322500e-05	0.0572327	0.9191919	0.1077561	0.0002370	0.0002357	0.0808081
5.1338800e-05	0.0572687	0.9191919	0.1078199	0.0002368	0.0002356	0.0808081
5.1339200e-05	0.0573048	0.9191919	0.1078838	0.0002367	0.0002354	0.0808081
5.1466300e-05	0.0573409	0.9191919	0.1079478	0.0002365	0.0002353	0.0808081
5.1576800e-05	0.0573770	0.9191919	0.1080119	0.0002364	0.0002351	0.0808081
5.1649800e-05	0.0574132	0.9191919	0.1080760	0.0002362	0.0002349	0.0808081
5.1713900e-05	0.0574495	0.9191919	0.1081402	0.0002360	0.0002348	0.0808081
5.1907400e-05	0.0574858	0.9191919	0.1082045	0.0002359	0.0002346	0.0808081
5.1957800e-05	0.0575221	0.9191919	0.1082689	0.0002357	0.0002345	0.0808081
5.2100500e-05	0.0575585	0.9191919	0.1083333	0.0002356	0.0002343	0.0808081
5.2171300e-05	0.0575949	0.9191919	0.1083979	0.0002354	0.0002342	0.0808081
5.2312500e-05	0.0576314	0.9191919	0.1084625	0.0002353	0.0002340	0.0808081
5.2363900e-05	0.0576679	0.9191919	0.1085271	0.0002351	0.0002338	0.0808081
5.2924800e-05	0.0577045	0.9191919	0.1085919	0.0002349	0.0002337	0.0808081
5.3476000e-05	0.0577411	0.9191919	0.1086567	0.0002348	0.0002335	0.0808081
5.3513500e-05	0.0577778	0.9191919	0.1087216	0.0002346	0.0002334	0.0808081
5.3899700e-05	0.0578145	0.9191919	0.1087866	0.0002345	0.0002332	0.0808081
5.4050900e-05	0.0578512	0.9191919	0.1088517	0.0002343	0.0002331	0.0808081
5.4053800e-05	0.0578880	0.9191919	0.1089168	0.0002342	0.0002329	0.0808081
5.4951300e-05	0.0579249	0.9191919	0.1089820	0.0002340	0.0002327	0.0808081
5.5014000e-05	0.0579618	0.9191919	0.1090473	0.0002338	0.0002326	0.0808081
5.5315300e-05	0.0579987	0.9191919	0.1091127	0.0002337	0.0002324	0.0808081
5.5381400e-05	0.0580357	0.9191919	0.1091782	0.0002335	0.0002323	0.0808081
5.5621200e-05	0.0580728	0.9191919	0.1092437	0.0002334	0.0002321	0.0808081
5.5696200e-05	0.0581098	0.9191919	0.1093093	0.0002332	0.0002320	0.0808081
5.6341900e-05	0.0581470	0.9191919	0.1093750	0.0002331	0.0002318	0.0808081
5.6529400e-05	0.0581841	0.9191919	0.1094408	0.0002329	0.0002316	0.0808081
5.6548000e-05	0.0582214	0.9191919	0.1095066	0.0002327	0.0002315	0.0808081
5.6577900e-05	0.0582586	0.9191919	0.1095725	0.0002326	0.0002313	0.0808081
5.6869100e-05	0.0582960	0.9191919	0.1096386	0.0002324	0.0002312	0.0808081
5.7246700e-05	0.0583333	0.9191919	0.1097046	0.0002323	0.0002310	0.0808081
5.7256000e-05	0.0583708	0.9191919	0.1097708	0.0002321	0.0002309	0.0808081
5.7426500e-05	0.0584082	0.9191919	0.1098371	0.0002320	0.0002307	0.0808081
5.7858500e-05	0.0584457	0.9191919	0.1099034	0.0002318	0.0002305	0.0808081
5.8030600e-05	0.0584833	0.9191919	0.1099698	0.0002316	0.0002304	0.0808081
5.8071200e-05	0.0585209	0.9191919	0.1100363	0.0002315	0.0002302	0.0808081
5.8142100e-05	0.0585586	0.9191919	0.1101028	0.0002313	0.0002301	0.0808081
5.8318600e-05	0.0585963	0.9191919	0.1101695	0.0002312	0.0002299	0.0808081
5.8514400e-05	0.0586340	0.9191919	0.1102362	0.0002310	0.0002298	0.0808081
5.8529800e-05	0.0586718	0.9191919	0.1103030	0.0002309	0.0002296	0.0808081
5.8730200e-05	0.0587097	0.9191919	0.1103699	0.0002307	0.0002294	0.0808081
5.8936500e-05	0.0587476	0.9191919	0.1104369	0.0002305	0.0002293	0.0808081
5.8988000e-05	0.0587855	0.9191919	0.1105039	0.0002304	0.0002291	0.0808081
5.9048700e-05	0.0588235	0.9191919	0.1105711	0.0002302	0.0002290	0.0808081
5.9082300e-05	0.0588616	0.9191919	0.1106383	0.0002301	0.0002288	0.0808081
5.9301000e-05	0.0588997	0.9191919	0.1107056	0.0002299	0.0002287	0.0808081
5.9633400e-05	0.0589378	0.9191919	0.1107730	0.0002298	0.0002285	0.0808081
5.9831200e-05	0.0589760	0.9191919	0.1108404	0.0002296	0.0002283	0.0808081
5.9860800e-05	0.0590143	0.9191919	0.1109080	0.0002294	0.0002282	0.0808081
6.0007000e-05	0.0590526	0.9191919	0.1109756	0.0002293	0.0002280	0.0808081
6.0029000e-05	0.0590909	0.9191919	0.1110433	0.0002291	0.0002279	0.0808081
6.0056800e-05	0.0591293	0.9191919	0.1111111	0.0002290	0.0002277	0.0808081
6.0074000e-05	0.0591678	0.9191919	0.1111790	0.0002288	0.0002276	0.0808081
6.0265400e-05	0.0592062	0.9191919	0.1112469	0.0002287	0.0002274	0.0808081
6.0372600e-05	0.0592448	0.9191919	0.1113150	0.0002285	0.0002272	0.0808081
6.0390000e-05	0.0592834	0.9191919	0.1113831	0.0002283	0.0002271	0.0808081
6.0514300e-05	0.0593220	0.9191919	0.1114513	0.0002282	0.0002269	0.0808081
6.1034000e-05	0.0593607	0.9191919	0.1115196	0.0002280	0.0002268	0.0808081
6.1102100e-05	0.0593995	0.9191919	0.1115880	0.0002279	0.0002266	0.0808081
6.1142400e-05	0.0594383	0.9191919	0.1116564	0.0002277	0.0002265	0.0808081
6.1168700e-05	0.0594771	0.9191919	0.1117250	0.0002276	0.0002263	0.0808081
6.1321400e-05	0.0595160	0.9191919	0.1117936	0.0002274	0.0002261	0.0808081
6.1987900e-05	0.0595550	0.9191919	0.1118623	0.0002272	0.0002260	0.0808081
6.2152200e-05	0.0595940	0.9191919	0.1119311	0.0002271	0.0002258	0.0808081
6.2269400e-05	0.0596330	0.9191919	0.1120000	0.0002269	0.0002257	0.0808081
6.2425300e-05	0.0596721	0.9191919	0.1120690	0.0002268	0.0002255	0.0808081
6.2793200e-05	0.0597113	0.9191919	0.1121380	0.0002266	0.0002254	0.0808081
6.2945000e-05	0.0597505	0.9191919	0.1122072	0.0002265	0.0002252	0.0808081
6.2950000e-05	0.0597898	0.9191919	0.1122764	0.0002263	0.0002250	0.0808081
6.3187600e-05	0.0598291	0.9191919	0.1123457	0.0002261	0.0002249	0.0808081
6.4396500e-05	0.0598684	0.9191919	0.1124151	0.0002260	0.0002247	0.0808081
6.4532100e-05	0.0599078	0.9191919	0.1124845	0.0002258	0.0002246	0.0808081
6.4653300e-05	0.0599473	0.9191919	0.1125541	0.0002257	0.0002244	0.0808081
6.4840700e-05	0.0599868	0.9191919	0.1126238	0.0002255	0.0002243	0.0808081
6.5107900e-05	0.0600264	0.9191919	0.1126935	0.0002254	0.0002241	0.0808081
6.5202200e-05	0.0600660	0.9191919	0.1127633	0.0002252	0.0002239	0.0808081
6.5353400e-05	0.0601057	0.9191919	0.1128332	0.0002250	0.0002238	0.0808081
6.5436700e-05	0.0601454	0.9191919	0.1129032	0.0002249	0.0002236	0.0808081
6.5458000e-05	0.0601852	0.9191919	0.1129733	0.0002247	0.0002235	0.0808081
6.5530900e-05	0.0601852	0.9090909	0.1128962	0.0002249	0.0002210	0.0909091
6.5731500e-05	0.0601852	0.9090909	0.1128962	0.0002247	0.0002210	0.0909091
6.6127600e-05	0.0601852	0.9090909	0.1128962	0.0002246	0.0002210	0.0909091
6.6675700e-05	0.0601852	0.9090909	0.1128962	0.0002244	0.0002210	0.0909091
6.6861400e-05	0.0601852	0.9090909	0.1128962	0.0002243	0.0002210	0.0909091
6.7127600e-05	0.0601852	0.9090909	0.1128962	0.0002241	0.0002210	0.0909091
6.7447300e-05	0.0601852	0.9090909	0.1128962	0.0002239	0.0002210	0.0909091
6.7662200e-05	0.0601852	0.9090909	0.1128962	0.0002238	0.0002210	0.0909091
6.7942500e-05	0.0601852	0.9090909	0.1128962	0.0002236	0.0002210	0.0909091
6.8116500e-05	0.0601852	0.9090909	0.1128962	0.0002235	0.0002210	0.0909091
6.8669400e-05	0.0601852	0.9090909	0.1128962	0.0002233	0.0002210	0.0909091
6.9119500e-05	0.0601852	0.9090909	0.1128962	0.0002231	0.0002210	0.0909091
6.9187900e-05	0.0601852	0.9090909	0.1128962	0.0002230	0.0002210	0.0909091
6.9267600e-05	0.0601852	0.9090909	0.1128962	0.0002228	0.0002210	0.0909091
6.9761700e-05	0.0601852	0.9090909	0.1128962	0.0002227	0.0002210	0.0909091
6.9974300e-05	0.0601852	0.9090909	0.1128962	0.0002225	0.0002210	0.0909091
7.0195100e-05	0.0602007	0.9090909	0.1129235	0.0002224	0.0002210	0.0909091
7.0278000e-05	0.0602410	0.9090909	0.1129944	0.0002222	0.0002208	0.0909091
7.0348600e-05	0.0602813	0.9090909	0.1130653	0.0002220	0.0002206	0.0909091
7.0421100e-05	0.0603217	0.9090909	0.1131364	0.0002219	0.0002205	0.0909091
7.0554800e-05	0.0603622	0.9090909	0.1132075	0.0002217	0.0002203	0.0909091
7.0691300e-05	0.0604027	0.9090909	0.1132788	0.0002216	0.0002202	0.0909091
7.0720400e-05	0.0604433	0.9090909	0.1133501	0.0002214	0.0002200	0.0909091
7.1188100e-05	0.0604839	0.9090909	0.1134216	0.0002213	0.0002199	0.0909091
7.1546000e-05	0.0605245	0.9090909	0.1134931	0.0002211	0.0002197	0.0909091
7.1590600e-05	0.0605653	0.9090909	0.1135647	0.0002209	0.0002195	0.0909091
7.2035600e-05	0.0606061	0.9090909	0.1136364	0.0002208	0.0002194	0.0909091
7.2223200e-05	0.0606469	0.9090909	0.1137081	0.0002206	0.0002192	0.0909091
7.2949100e-05	0.0606878	0.9090909	0.1137800	0.0002205	0.0002191	0.0909091
7.3231000e-05	0.0607287	0.9090909	0.1138520	0.0002203	0.0002189	0.0909091
7.3292600e-05	0.0607698	0.9090909	0.1139241	0.0002202	0.0002187	0.0909091
7.3481600e-05	0.0608108	0.9090909	0.1139962	0.0002200	0.0002186	0.0909091
7.3648200e-05	0.0608519	0.9090909	0.1140684	0.0002198	0.0002184	0.0909091
7.3828700e-05	0.0608931	0.9090909	0.1141408	0.0002197	0.0002183	0.0909091
7.3861000e-05	0.0609343	0.9090909	0.1142132	0.0002195	0.0002181	0.0909091
7.3866700e-05	0.0609756	0.9090909	0.1142857	0.0002194	0.0002180	0.0909091
7.4153100e-05	0.0610169	0.9090909	0.1143583	0.0002192	0.0002178	0.0909091
7.4544700e-05	0.0610583	0.9090909	0.1144310	0.0002191	0.0002176	0.0909091
7.4849400e-05	0.0610998	0.9090909	0.1145038	0.0002189	0.0002175	0.0909091
7.4960200e-05	0.0611413	0.9090909	0.1145767	0.0002187	0.0002173	0.0909091
7.5033000e-05	0.0611829	0.9090909	0.1146497	0.0002186	0.0002172	0.0909091
7.5730700e-05	0.0612245	0.9090909	0.1147228	0.0002184	0.0002170	0.0909091
7.6244900e-05	0.0612662	0.9090909	0.1147959	0.0002183	0.0002169	0.0909091
7.6362200e-05	0.0613079	0.9090909	0.1148692	0.0002181	0.0002167	0.0909091
7.6497800e-05	0.0613497	0.9090909	0.1149425	0.0002180	0.0002165	0.0909091
7.6630100e-05	0.0613915	0.9090909	0.1150160	0.0002178	0.0002164	0.0909091
7.6924500e-05	0.0614334	0.9090909	0.1150895	0.0002176	0.0002162	0.0909091
7.7554200e-05	0.0614754	0.9090909	0.1151631	0.0002175	0.0002161	0.0909091
7.7571700e-05	0.0615174	0.9090909	0.1152369	0.0002173	0.0002159	0.0909091
7.7655300e-05	0.0615595	0.9090909	0.1153107	0.0002172	0.0002158	0.0909091
7.7668000e-05	0.0616016	0.9090909	0.1153846	0.0002170	0.0002156	0.0909091
7.7824600e-05	0.0616438	0.9090909	0.1154586	0.0002169	0.0002154	0.0909091
7.7911200e-05	0.0616861	0.9090909	0.1155327	0.0002167	0.0002153	0.0909091
7.8153600e-05	0.0617284	0.9090909	0.1156069	0.0002165	0.0002151	0.0909091
7.8532300e-05	0.0617708	0.9090909	0.1156812	0.0002164	0.0002150	0.0909091
7.8548100e-05	0.0618132	0.9090909	0.1157556	0.0002162	0.0002148	0.0909091
7.8890800e-05	0.0618557	0.9090909	0.1158301	0.0002161	0.0002147	0.0909091
7.9064500e-05	0.0618982	0.9090909	0.1159047	0.0002159	0.0002145	0.0909091
7.9269100e-05	0.0619408	0.9090909	0.1159794	0.0002158	0.0002143	0.0909091
7.9499600e-05	0.0619835	0.9090909	0.1160542	0.0002156	0.0002142	0.0909091
7.9601400e-05	0.0620262	0.9090909	0.1161290	0.0002154	0.0002140	0.0909091
7.9684900e-05	0.0620690	0.9090909	0.1162040	0.0002153	0.0002139	0.0909091
7.9783300e-05	0.0621118	0.9090909	0.1162791	0.0002151	0.0002137	0.0909091
7.9958000e-05	0.0621547	0.9090909	0.1163542	0.0002150	0.0002136	0.0909091
8.0391300e-05	0.0621977	0.9090909	0.1164295	0.0002148	0.0002134	0.0909091
8.1100400e-05	0.0622407	0.9090909	0.1165049	0.0002147	0.0002132	0.0909091
8.2602800e-05	0.0622837	0.9090909	0.1165803	0.0002145	0.0002131	0.0909091
8.3197500e-05	0.0623269	0.9090909	0.1166559	0.0002143	0.0002129	0.0909091
8.3276200e-05	0.0623701	0.9090909	0.1167315	0.0002142	0.0002128	0.0909091
8.3508700e-05	0.0624133	0.9090909	0.1168073	0.0002140	0.0002126	0.0909091
8.3902200e-05	0.0624566	0.9090909	0.1168831	0.0002139	0.0002125	0.0909091
8.4238200e-05	0.0625000	0.9090909	0.1169591	0.0002137	0.0002123	0.0909091
8.4283400e-05	0.0625434	0.9090909	0.1170351	0.0002136	0.0002121	0.0909091
8.4348600e-05	0.0625869	0.9090909	0.1171113	0.0002134	0.0002120	0.0909091
8.4511300e-05	0.0626305	0.9090909	0.1171875	0.0002132	0.0002118	0.0909091
8.4660700e-05	0.0626741	0.9090909	0.1172638	0.0002131	0.0002117	0.0909091
8.5030100e-05	0.0627178	0.9090909	0.1173403	0.0002129	0.0002115	0.0909091
8.5220900e-05	0.0627615	0.9090909	0.1174168	0.0002128	0.0002114	0.0909091
8.5320200e-05	0.0628053	0.9090909	0.1174935	0.0002126	0.0002112	0.0909091
8.5625600e-05	0.0628492	0.9090909	0.1175702	0.0002125	0.0002110	0.0909091
8.5777800e-05	0.0628931	0.9090909	0.1176471	0.0002123	0.0002109	0.0909091
8.6259700e-05	0.0629371	0.9090909	0.1177240	0.0002121	0.0002107	0.0909091
8.6422100e-05	0.0629811	0.9090909	0.1178010	0.0002120	0.0002106	0.0909091
8.6776200e-05	0.0630252	0.9090909	0.1178782	0.0002118	0.0002104	0.0909091
8.7020600e-05	0.0630694	0.9090909	0.1179554	0.0002117	0.0002103	0.0909091
8.8160600e-05	0.0631136	0.9090909	0.1180328	0.0002115	0.0002101	0.0909091
8.8237400e-05	0.0631579	0.9090909	0.1181102	0.0002114	0.0002099	0.0909091
8.8550300e-05	0.0632022	0.9090909	0.1181878	0.0002112	0.0002098	0.0909091
8.8786400e-05	0.0632467	0.9090909	0.1182654	0.0002110	0.0002096	0.0909091
8.8830100e-05	0.0632911	0.9090909	0.1183432	0.0002109	0.0002095	0.0909091
8.9140900e-05	0.0633357	0.9090909	0.1184211	0.0002107	0.0002093	0.0909091
8.9545500e-05	0.0633803	0.9090909	0.1184990	0.0002106	0.0002092	0.0909091
8.9857600e-05	0.0634249	0.9090909	0.1185771	0.0002104	0.0002090	0.0909091
9.0092400e-05	0.0634697	0.9090909	0.1186552	0.0002103	0.0002088	0.0909091
9.0094700e-05	0.0635145	0.9090909	0.1187335	0.0002101	0.0002087	0.0909091
9.0206900e-05	0.0635593	0.9090909	0.1188119	0.0002099	0.0002085	0.0909091
9.0392700e-05	0.0636042	0.9090909	0.1188904	0.0002098	0.0002084	0.0909091
9.0649800e-05	0.0636492	0.9090909	0.1189689	0.0002096	0.0002082	0.0909091
9.1254000e-05	0.0636943	0.9090909	0.1190476	0.0002095	0.0002081	0.0909091
9.1595400e-05	0.0637394	0.9090909	0.1191264	0.0002093	0.0002079	0.0909091
9.1740600e-05	0.0637845	0.9090909	0.1192053	0.0002092	0.0002077	0.0909091
9.1872100e-05	0.0638298	0.9090909	0.1192843	0.0002090	0.0002076	0.0909091
9.1872200e-05	0.0638751	0.9090909	0.1193634	0.0002088	0.0002074	0.0909091
9.2702300e-05	0.0639205	0.9090909	0.1194426	0.0002087	0.0002073	0.0909091
9.2729400e-05	0.0639659	0.9090909	0.1195219	0.0002085	0.0002071	0.0909091
9.3051900e-05	0.0640114	0.9090909	0.1196013	0.0002084	0.0002070	0.0909091
9.3552300e-05	0.0640569	0.9090909	0.1196809	0.0002082	0.0002068	0.0909091
9.3596900e-05	0.0641026	0.9090909	0.1197605	0.0002081	0.0002066	0.0909091
9.4137200e-05	0.0641483	0.9090909	0.1198402	0.0002079	0.0002065	0.0909091
9.4290400e-05	0.0641940	0.9090909	0.1199201	0.0002077	0.0002063	0.0909091
9.4802100e-05	0.0642398	0.9090909	0.1200000	0.0002076	0.0002062	0.0909091
9.5065100e-05	0.0642857	0.9090909	0.1200801	0.0002074	0.0002060	0.0909091
9.5388900e-05	0.0643317	0.9090909	0.1201602	0.0002073	0.0002059	0.0909091
9.5946600e-05	0.0643777	0.9090909	0.1202405	0.0002071	0.0002057	0.0909091
9.6395700e-05	0.0644238	0.9090909	0.1203209	0.0002070	0.0002055	0.0909091
9.6858100e-05	0.0644699	0.9090909	0.1204013	0.0002068	0.0002054	0.0909091
9.7157300e-05	0.0645161	0.9090909	0.1204819	0.0002066	0.0002052	0.0909091
9.7508700e-05	0.0645624	0.9090909	0.1205626	0.0002065	0.0002051	0.0909091
9.7569000e-05	0.0646088	0.9090909	0.1206434	0.0002063	0.0002049	0.0909091
9.7644700e-05	0.0646552	0.9090909	0.1207243	0.0002062	0.0002048	0.0909091
9.7983700e-05	0.0647017	0.9090909	0.1208054	0.0002060	0.0002046	0.0909091
9.8463600e-05	0.0647482	0.9090909	0.1208865	0.0002059	0.0002044	0.0909091
9.8842200e-05	0.0647948	0.9090909	0.1209677	0.0002057	0.0002043	0.0909091
9.8902600e-05	0.0648415	0.9090909	0.1210491	0.0002055	0.0002041	0.0909091
9.9267500e-05	0.0648882	0.9090909	0.1211306	0.0002054	0.0002040	0.0909091
9.9548800e-05	0.0649351	0.9090909	0.1212121	0.0002052	0.0002038	0.0909091
9.9797900e-05	0.0649819	0.9090909	0.1212938	0.0002051	0.0002037	0.0909091
1.0073000e-04	0.0650289	0.9090909	0.1213756	0.0002049	0.0002035	0.0909091
1.0177200e-04	0.0650759	0.9090909	0.1214575	0.0002048	0.0002033	0.0909091
1.0190700e-04	0.0651230	0.9090909	0.1215395	0.0002046	0.0002032	0.0909091
1.0199900e-04	0.0651702	0.9090909	0.1216216	0.0002044	0.0002030	0.0909091
1.0231200e-04	0.0652174	0.9090909	0.1217039	0.0002043	0.0002029	0.0909091
1.0253900e-04	0.0652647	0.9090909	0.1217862	0.0002041	0.0002027	0.0909091
1.0272700e-04	0.0653120	0.9090909	0.1218687	0.0002040	0.0002026	0.0909091
1.0313400e-04	0.0653595	0.9090909	0.1219512	0.0002038	0.0002024	0.0909091
1.0318900e-04	0.0654070	0.9090909	0.1220339	0.0002036	0.0002022	0.0909091
1.0350300e-04	0.0654545	0.9090909	0.1221167	0.0002035	0.0002021	0.0909091
1.0371700e-04	0.0655022	0.9090909	0.1221996	0.0002033	0.0002019	0.0909091
1.0408000e-04	0.0655499	0.9090909	0.1222826	0.0002032	0.0002018	0.0909091
1.0429400e-04	0.0655977	0.9090909	0.1223657	0.0002030	0.0002016	0.0909091
1.0461200e-04	0.0656455	0.9090909	0.1224490	0.0002029	0.0002015	0.0909091
1.0467500e-04	0.0656934	0.9090909	0.1225323	0.0002027	0.0002013	0.0909091
1.0468100e-04	0.0657414	0.9090909	0.1226158	0.0002025	0.0002011	0.0909091
1.0485600e-04	0.0657895	0.9090909	0.1226994	0.0002024	0.0002010	0.0909091
1.0591700e-04	0.0658376	0.9090909	0.1227831	0.0002022	0.0002008	0.0909091
1.0628900e-04	0.0658858	0.9090909	0.1228669	0.0002021	0.0002007	0.0909091
1.0687600e-04	0.0659341	0.9090909	0.1229508	0.0002019	0.0002005	0.0909091
1.0741000e-04	0.0659824	0.9090909	0.1230349	0.0002018	0.0002004	0.0909091
1.0743900e-04	0.0660308	0.9090909	0.1231190	0.0002016	0.0002002	0.0909091
1.0853400e-04	0.0660793	0.9090909	0.1232033	0.0002014	0.0002000	0.0909091
1.0878700e-04	0.0661278	0.9090909	0.1232877	0.0002013	0.0001999	0.0909091
1.0905300e-04	0.0661765	0.9090909	0.1233722	0.0002011	0.0001997	0.0909091
1.0936300e-04	0.0662252	0.9090909	0.1234568	0.0002010	0.0001996	0.0909091
1.1047300e-04	0.0662739	0.9090909	0.1235415	0.0002008	0.0001994	0.0909091
1.1103500e-04	0.0663228	0.9090909	0.1236264	0.0002007	0.0001992	0.0909091
1.1186600e-04	0.0663717	0.9090909	0.1237113	0.0002005	0.0001991	0.0909091
1.1224200e-04	0.0664207	0.9090909	0.1237964	0.0002003	0.0001989	0.0909091
1.1226500e-04	0.0664697	0.9090909	0.1238816	0.0002002	0.0001988	0.0909091
1.1256500e-04	0.0665188	0.9090909	0.1239669	0.0002000	0.0001986	0.0909091
1.1270800e-04	0.0665680	0.9090909	0.1240524	0.0001999	0.0001985	0.0909091
1.1475900e-04	0.0666173	0.9090909	0.1241379	0.0001997	0.0001983	0.0909091
1.1690000e-04	0.0666667	0.9090909	0.1242236	0.0001996	0.0001981	0.0909091
1.1786400e-04	0.0667161	0.9090909	0.1243094	0.0001994	0.0001980	0.0909091
1.1810800e-04	0.0667656	0.9090909	0.1243953	0.0001992	0.0001978	0.0909091
1.1849300e-04	0.0668151	0.9090909	0.1244813	0.0001991	0.0001977	0.0909091
1.1937500e-04	0.0668648	0.9090909	0.1245675	0.0001989	0.0001975	0.0909091
1.1974500e-04	0.0669145	0.9090909	0.1246537	0.0001988	0.0001974	0.0909091
1.2000100e-04	0.0669643	0.9090909	0.1247401	0.0001986	0.0001972	0.0909091
1.2047300e-04	0.0670141	0.9090909	0.1248266	0.0001985	0.0001970	0.0909091
1.2107700e-04	0.0670641	0.9090909	0.1249133	0.0001983	0.0001969	0.0909091
1.2131500e-04	0.0671141	0.9090909	0.1250000	0.0001981	0.0001967	0.0909091
1.2132800e-04	0.0671642	0.9090909	0.1250869	0.0001980	0.0001966	0.0909091
1.2144100e-04	0.0672143	0.9090909	0.1251739	0.0001978	0.0001964	0.0909091
1.2239000e-04	0.0672646	0.9090909	0.1252610	0.0001977	0.0001963	0.0909091
1.2337500e-04	0.0673149	0.9090909	0.1253482	0.0001975	0.0001961	0.0909091
1.2376200e-04	0.0673653	0.9090909	0.1254355	0.0001974	0.0001959	0.0909091
1.2431700e-04	0.0674157	0.9090909	0.1255230	0.0001972	0.0001958	0.0909091
1.2437500e-04	0.0674663	0.9090909	0.1256106	0.0001970	0.0001956	0.0909091
1.2438500e-04	0.0675169	0.9090909	0.1256983	0.0001969	0.0001955	0.0909091
1.2539000e-04	0.0675676	0.9090909	0.1257862	0.0001967	0.0001953	0.0909091
1.2550500e-04	0.0676183	0.9090909	0.1258741	0.0001966	0.0001952	0.0909091
1.2649000e-04	0.0676692	0.9090909	0.1259622	0.0001964	0.0001950	0.0909091
1.2722500e-04	0.0677201	0.9090909	0.1260504	0.0001963	0.0001948	0.0909091
1.2795600e-04	0.0677711	0.9090909	0.1261388	0.0001961	0.0001947	0.0909091
1.2816000e-04	0.0678222	0.9090909	0.1262272	0.0001959	0.0001945	0.0909091
1.2833500e-04	0.0678733	0.9090909	0.1263158	0.0001958	0.0001944	0.0909091
1.2889000e-04	0.0679245	0.9090909	0.1264045	0.0001956	0.0001942	0.0909091
1.2891200e-04	0.0679758	0.9090909	0.1264933	0.0001955	0.0001941	0.0909091
1.2908800e-04	0.0680272	0.9090909	0.1265823	0.0001953	0.0001939	0.0909091
1.2929000e-04	0.0680787	0.9090909	0.1266714	0.0001952	0.0001937	0.0909091
1.2949100e-04	0.0681302	0.9090909	0.1267606	0.0001950	0.0001936	0.0909091
1.2980100e-04	0.0681818	0.9090909	0.1268499	0.0001948	0.0001934	0.0909091
1.3083400e-04	0.0682335	0.9090909	0.1269394	0.0001947	0.0001933	0.0909091
1.3087500e-04	0.0682853	0.9090909	0.1270289	0.0001945	0.0001931	0.0909091
1.3106300e-04	0.0683371	0.9090909	0.1271186	0.0001944	0.0001930	0.0909091
1.3215600e-04	0.0683891	0.9090909	0.1272085	0.0001942	0.0001928	0.0909091
1.3326100e-04	0.0684411	0.9090909	0.1272984	0.0001941	0.0001926	0.0909091
1.3480100e-04	0.0684932	0.9090909	0.1273885	0.0001939	0.0001925	0.0909091
1.3486700e-04	0.0685453	0.9090909	0.1274788	0.0001937	0.0001923	0.0909091
1.3529300e-04	0.0685976	0.9090909	0.1275691	0.0001936	0.0001922	0.0909091
1.3729500e-04	0.0686499	0.9090909	0.1276596	0.0001934	0.0001920	0.0909091
1.3786300e-04	0.0687023	0.9090909	0.1277502	0.0001933	0.0001919	0.0909091
1.3792700e-04	0.0687548	0.9090909	0.1278409	0.0001931	0.0001917	0.0909091
1.3805500e-04	0.0688073	0.9090909	0.1279318	0.0001930	0.0001915	0.0909091
1.3818600e-04	0.0688600	0.9090909	0.1280228	0.0001928	0.0001914	0.0909091
1.3823800e-04	0.0689127	0.9090909	0.1281139	0.0001926	0.0001912	0.0909091
1.3848500e-04	0.0689655	0.9090909	0.1282051	0.0001925	0.0001911	0.0909091
1.3869100e-04	0.0690184	0.9090909	0.1282965	0.0001923	0.0001909	0.0909091
1.4050900e-04	0.0690714	0.9090909	0.1283880	0.0001922	0.0001908	0.0909091
1.4051800e-04	0.0691244	0.9090909	0.1284797	0.0001920	0.0001906	0.0909091
1.4173200e-04	0.0691776	0.9090909	0.1285714	0.0001919	0.0001904	0.0909091
1.4218400e-04	0.0692308	0.9090909	0.1286633	0.0001917	0.0001903	0.0909091
1.4238500e-04	0.0692841	0.9090909	0.1287554	0.0001915	0.0001901	0.0909091
1.4358100e-04	0.0693374	0.9090909	0.1288475	0.0001914	0.0001900	0.0909091
1.4448900e-04	0.0693909	0.9090909	0.1289398	0.0001912	0.0001898	0.0909091
1.4462500e-04	0.0694444	0.9090909	0.1290323	0.0001911	0.0001897	0.0909091
1.4468100e-04	0.0694981	0.9090909	0.1291248	0.0001909	0.0001895	0.0909091
1.4472900e-04	0.0695518	0.9090909	0.1292175	0.0001908	0.0001893	0.0909091
1.4476100e-04	0.0696056	0.9090909	0.1293103	0.0001906	0.0001892	0.0909091
1.4526200e-04	0.0696594	0.9090909	0.1294033	0.0001904	0.0001890	0.0909091
1.4527300e-04	0.0697134	0.9090909	0.1294964	0.0001903	0.0001889	0.0909091
1.4538300e-04	0.0697674	0.9090909	0.1295896	0.0001901	0.0001887	0.0909091
1.4639300e-04	0.0698216	0.9090909	0.1296830	0.0001900	0.0001886	0.0909091
1.4648600e-04	0.0698758	0.9090909	0.1297765	0.0001898	0.0001884	0.0909091
1.4928800e-04	0.0699301	0.9090909	0.1298701	0.0001897	0.0001882	0.0909091
1.4944600e-04	0.0699844	0.9090909	0.1299639	0.0001895	0.0001881	0.0909091
1.4997500e-04	0.0700389	0.9090909	0.1300578	0.0001893	0.0001879	0.0909091
1.5122200e-04	0.0700935	0.9090909	0.1301518	0.0001892	0.0001878	0.0909091
1.5180800e-04	0.0701481	0.9090909	0.1302460	0.0001890	0.0001876	0.0909091
1.5186700e-04	0.0702028	0.9090909	0.1303403	0.0001889	0.0001875	0.0909091
1.5219600e-04	0.0702576	0.9090909	0.1304348	0.0001887	0.0001873	0.0909091
1.5270400e-04	0.0703125	0.9090909	0.1305294	0.0001886	0.0001871	0.0909091
1.5273900e-04	0.0703675	0.9090909	0.1306241	0.0001884	0.0001870	0.0909091
1.5335200e-04	0.0704225	0.9090909	0.1307190	0.0001882	0.0001868	0.0909091
1.5376100e-04	0.0704777	0.9090909	0.1308140	0.0001881	0.0001867	0.0909091
1.5467500e-04	0.0705329	0.9090909	0.1309091	0.0001879	0.0001865	0.0909091
1.5516300e-04	0.0705882	0.9090909	0.1310044	0.0001878	0.0001864	0.0909091
1.5651000e-04	0.0706436	0.9090909	0.1310998	0.0001876	0.0001862	0.0909091
1.5661900e-04	0.0706991	0.9090909	0.1311953	0.0001875	0.0001860	0.0909091
1.5770100e-04	0.0707547	0.9090909	0.1312910	0.0001873	0.0001859	0.0909091
1.5808800e-04	0.0708104	0.9090909	0.1313869	0.0001871	0.0001857	0.0909091
1.5831200e-04	0.0709220	0.9090909	0.1315789	0.0001868	0.0001854	0.0909091
1.5863900e-04	0.0709779	0.9090909	0.1316752	0.0001867	0.0001853	0.0909091
1.5894300e-04	0.0710339	0.9090909	0.1317716	0.0001865	0.0001851	0.0909091
1.5966400e-04	0.0710900	0.9090909	0.1318681	0.0001864	0.0001849	0.0909091
1.6004300e-04	0.0711462	0.9090909	0.1319648	0.0001862	0.0001848	0.0909091
1.6046600e-04	0.0712025	0.9090909	0.1320616	0.0001860	0.0001846	0.0909091
1.6223700e-04	0.0712589	0.9090909	0.1321586	0.0001859	0.0001845	0.0909091
1.6257000e-04	0.0713154	0.9090909	0.1322557	0.0001857	0.0001843	0.0909091
1.6275100e-04	0.0713719	0.9090909	0.1323529	0.0001856	0.0001842	0.0909091
1.6283900e-04	0.0714286	0.9090909	0.1324503	0.0001854	0.0001840	0.0909091
1.6310700e-04	0.0714853	0.9090909	0.1325479	0.0001853	0.0001838	0.0909091
1.6377700e-04	0.0715421	0.9090909	0.1326455	0.0001851	0.0001837	0.0909091
1.6447100e-04	0.0715990	0.9090909	0.1327434	0.0001849	0.0001835	0.0909091
1.6453100e-04	0.0716561	0.9090909	0.1328413	0.0001848	0.0001834	0.0909091
1.6459100e-04	0.0717131	0.9090909	0.1329394	0.0001846	0.0001832	0.0909091
1.6539700e-04	0.0717703	0.9090909	0.1330377	0.0001845	0.0001831	0.0909091
1.6750000e-04	0.0718276	0.9090909	0.1331361	0.0001843	0.0001829	0.0909091
1.6768000e-04	0.0718850	0.9090909	0.1332346	0.0001841	0.0001827	0.0909091
1.6998700e-04	0.0719424	0.9090909	0.1333333	0.0001840	0.0001826	0.0909091
1.6998900e-04	0.0720000	0.9090909	0.1334322	0.0001838	0.0001824	0.0909091
1.7013000e-04	0.0720576	0.9090909	0.1335312	0.0001837	0.0001823	0.0909091
1.7081300e-04	0.0721154	0.9090909	0.1336303	0.0001835	0.0001821	0.0909091
1.7216200e-04	0.0721732	0.9090909	0.1337296	0.0001834	0.0001820	0.0909091
1.7217600e-04	0.0722311	0.9090909	0.1338290	0.0001832	0.0001818	0.0909091
1.7314400e-04	0.0722892	0.9090909	0.1339286	0.0001830	0.0001816	0.0909091
1.7330900e-04	0.0723473	0.9090909	0.1340283	0.0001829	0.0001815	0.0909091
1.7388300e-04	0.0724055	0.9090909	0.1341282	0.0001827	0.0001813	0.0909091
1.7457400e-04	0.0724638	0.9090909	0.1342282	0.0001826	0.0001812	0.0909091
1.7551400e-04	0.0725222	0.9090909	0.1343284	0.0001824	0.0001810	0.0909091
1.7613900e-04	0.0725806	0.9090909	0.1344287	0.0001823	0.0001809	0.0909091
1.7632100e-04	0.0726392	0.9090909	0.1345291	0.0001821	0.0001807	0.0909091
1.7633500e-04	0.0726979	0.9090909	0.1346298	0.0001819	0.0001805	0.0909091
1.7646700e-04	0.0727567	0.9090909	0.1347305	0.0001818	0.0001804	0.0909091
1.7706400e-04	0.0728155	0.9090909	0.1348315	0.0001816	0.0001802	0.0909091
1.7743600e-04	0.0728745	0.9090909	0.1349325	0.0001815	0.0001801	0.0909091
1.7751400e-04	0.0729335	0.9090909	0.1350338	0.0001813	0.0001799	0.0909091
1.7785100e-04	0.0729927	0.9090909	0.1351351	0.0001812	0.0001797	0.0909091
1.7840500e-04	0.0730519	0.9090909	0.1352367	0.0001810	0.0001796	0.0909091
1.7853300e-04	0.0731113	0.9090909	0.1353383	0.0001808	0.0001794	0.0909091
1.7861600e-04	0.0731707	0.9090909	0.1354402	0.0001807	0.0001793	0.0909091
1.8044400e-04	0.0732303	0.9090909	0.1355422	0.0001805	0.0001791	0.0909091
1.8125100e-04	0.0732899	0.9090909	0.1356443	0.0001804	0.0001790	0.0909091
1.8221000e-04	0.0733496	0.9090909	0.1357466	0.0001802	0.0001788	0.0909091
1.8233900e-04	0.0734095	0.9090909	0.1358491	0.0001801	0.0001786	0.0909091
1.8295500e-04	0.0734694	0.9090909	0.1359517	0.0001799	0.0001785	0.0909091
1.8607900e-04	0.0735294	0.9090909	0.1360544	0.0001797	0.0001783	0.0909091
1.8674200e-04	0.0735895	0.9090909	0.1361573	0.0001796	0.0001782	0.0909091
1.8682300e-04	0.0736498	0.9090909	0.1362604	0.0001794	0.0001780	0.0909091
1.8683400e-04	0.0737101	0.9090909	0.1363636	0.0001793	0.0001779	0.0909091
1.8915600e-04	0.0737705	0.9090909	0.1364670	0.0001791	0.0001777	0.0909091
1.9094100e-04	0.0738310	0.9090909	0.1365706	0.0001790	0.0001775	0.0909091
1.9366700e-04	0.0738916	0.9090909	0.1366743	0.0001788	0.0001774	0.0909091
1.9422500e-04	0.0739523	0.9090909	0.1367781	0.0001786	0.0001772	0.0909091
1.9548900e-04	0.0740132	0.9090909	0.1368821	0.0001785	0.0001771	0.0909091
1.9654600e-04	0.0740741	0.9090909	0.1369863	0.0001783	0.0001769	0.0909091
1.9717600e-04	0.0741351	0.9090909	0.1370906	0.0001782	0.0001768	0.0909091
1.9727200e-04	0.0741962	0.9090909	0.1371951	0.0001780	0.0001766	0.0909091
1.9774500e-04	0.0742574	0.9090909	0.1372998	0.0001779	0.0001764	0.0909091
1.9843400e-04	0.0743187	0.9090909	0.1374046	0.0001777	0.0001763	0.0909091
1.9844300e-04	0.0743802	0.9090909	0.1375095	0.0001775	0.0001761	0.0909091
1.9983200e-04	0.0744417	0.9090909	0.1376147	0.0001774	0.0001760	0.0909091
2.0102900e-04	0.0745033	0.9090909	0.1377200	0.0001772	0.0001758	0.0909091
2.0422100e-04	0.0745650	0.9090909	0.1378254	0.0001771	0.0001757	0.0909091
2.0424900e-04	0.0746269	0.9090909	0.1379310	0.0001769	0.0001755	0.0909091
2.0511700e-04	0.0746888	0.9090909	0.1380368	0.0001768	0.0001753	0.0909091
2.0647000e-04	0.0747508	0.9090909	0.1381427	0.0001766	0.0001752	0.0909091
2.0649300e-04	0.0748130	0.9090909	0.1382488	0.0001764	0.0001750	0.0909091
2.0701200e-04	0.0748752	0.9090909	0.1383551	0.0001763	0.0001749	0.0909091
2.0797700e-04	0.0749376	0.9090909	0.1384615	0.0001761	0.0001747	0.0909091
2.0855100e-04	0.0750000	0.9090909	0.1385681	0.0001760	0.0001746	0.0909091
2.0891900e-04	0.0750626	0.9090909	0.1386749	0.0001758	0.0001744	0.0909091
2.1161100e-04	0.0751252	0.9090909	0.1387818	0.0001757	0.0001742	0.0909091
2.1162400e-04	0.0751880	0.9090909	0.1388889	0.0001755	0.0001741	0.0909091
2.1227700e-04	0.0752508	0.9090909	0.1389961	0.0001753	0.0001739	0.0909091
2.1248000e-04	0.0753138	0.9090909	0.1391036	0.0001752	0.0001738	0.0909091
2.1322800e-04	0.0753769	0.9090909	0.1392111	0.0001750	0.0001736	0.0909091
2.1330700e-04	0.0754401	0.9090909	0.1393189	0.0001749	0.0001735	0.0909091
2.1383100e-04	0.0755034	0.9090909	0.1394268	0.0001747	0.0001733	0.0909091
2.1455800e-04	0.0755668	0.9090909	0.1395349	0.0001746	0.0001731	0.0909091
2.1513600e-04	0.0756303	0.9090909	0.1396431	0.0001744	0.0001730	0.0909091
2.1560000e-04	0.0756939	0.9090909	0.1397516	0.0001742	0.0001728	0.0909091
2.1628800e-04	0.0757576	0.9090909	0.1398601	0.0001741	0.0001727	0.0909091
2.1637100e-04	0.0758214	0.9090909	0.1399689	0.0001739	0.0001725	0.0909091
2.1795000e-04	0.0758853	0.9090909	0.1400778	0.0001738	0.0001724	0.0909091
2.1863100e-04	0.0759494	0.9090909	0.1401869	0.0001736	0.0001722	0.0909091
2.1915300e-04	0.0760135	0.9090909	0.1402962	0.0001735	0.0001720	0.0909091
2.2358600e-04	0.0760778	0.9090909	0.1404056	0.0001733	0.0001719	0.0909091
2.2381600e-04	0.0761421	0.9090909	0.1405152	0.0001731	0.0001717	0.0909091
2.2515400e-04	0.0762066	0.9090909	0.1406250	0.0001730	0.0001716	0.0909091
2.2531400e-04	0.0762712	0.9090909	0.1407349	0.0001728	0.0001714	0.0909091
2.2531800e-04	0.0763359	0.9090909	0.1408451	0.0001727	0.0001713	0.0909091
2.2609700e-04	0.0764007	0.9090909	0.1409554	0.0001725	0.0001711	0.0909091
2.2665900e-04	0.0764656	0.9090909	0.1410658	0.0001724	0.0001709	0.0909091
2.2680900e-04	0.0765306	0.9090909	0.1411765	0.0001722	0.0001708	0.0909091
2.2798300e-04	0.0765957	0.9090909	0.1412873	0.0001720	0.0001706	0.0909091
2.2855200e-04	0.0766610	0.9090909	0.1413983	0.0001719	0.0001705	0.0909091
2.2907300e-04	0.0767263	0.9090909	0.1415094	0.0001717	0.0001703	0.0909091
2.2934500e-04	0.0767918	0.9090909	0.1416208	0.0001716	0.0001702	0.0909091
2.3135600e-04	0.0768574	0.9090909	0.1417323	0.0001714	0.0001700	0.0909091
2.3307900e-04	0.0769231	0.9090909	0.1418440	0.0001713	0.0001698	0.0909091
2.3315700e-04	0.0769889	0.9090909	0.1419558	0.0001711	0.0001697	0.0909091
2.3315900e-04	0.0770548	0.9090909	0.1420679	0.0001709	0.0001695	0.0909091
2.3422000e-04	0.0771208	0.9090909	0.1421801	0.0001708	0.0001694	0.0909091
2.3425800e-04	0.0771870	0.9090909	0.1422925	0.0001706	0.0001692	0.0909091
2.3456000e-04	0.0772532	0.9090909	0.1424051	0.0001705	0.0001691	0.0909091
2.3498800e-04	0.0773196	0.9090909	0.1425178	0.0001703	0.0001689	0.0909091
2.3564100e-04	0.0773861	0.9090909	0.1426307	0.0001702	0.0001687	0.0909091
2.3625100e-04	0.0774527	0.9090909	0.1427439	0.0001700	0.0001686	0.0909091
2.3632300e-04	0.0775194	0.9090909	0.1428571	0.0001698	0.0001684	0.0909091
2.3687000e-04	0.0775862	0.9090909	0.1429706	0.0001697	0.0001683	0.0909091
2.3789400e-04	0.0776531	0.9090909	0.1430843	0.0001695	0.0001681	0.0909091
2.3835400e-04	0.0777202	0.9090909	0.1431981	0.0001694	0.0001680	0.0909091
2.3914900e-04	0.0777874	0.9090909	0.1433121	0.0001692	0.0001678	0.0909091
2.4037300e-04	0.0778547	0.9090909	0.1434263	0.0001691	0.0001676	0.0909091
2.4103100e-04	0.0779221	0.9090909	0.1435407	0.0001689	0.0001675	0.0909091
2.4282700e-04	0.0779896	0.9090909	0.1436552	0.0001687	0.0001673	0.0909091
2.4292000e-04	0.0780572	0.9090909	0.1437700	0.0001686	0.0001672	0.0909091
2.4398900e-04	0.0781250	0.9090909	0.1438849	0.0001684	0.0001670	0.0909091
2.4402300e-04	0.0781929	0.9090909	0.1440000	0.0001683	0.0001669	0.0909091
2.4759200e-04	0.0782609	0.9090909	0.1441153	0.0001681	0.0001667	0.0909091
2.4828400e-04	0.0783290	0.9090909	0.1442308	0.0001680	0.0001665	0.0909091
2.4896500e-04	0.0783972	0.9090909	0.1443464	0.0001678	0.0001664	0.0909091
2.4898300e-04	0.0784656	0.9090909	0.1444623	0.0001676	0.0001662	0.0909091
2.5078600e-04	0.0785340	0.9090909	0.1445783	0.0001675	0.0001661	0.0909091
2.5633000e-04	0.0786026	0.9090909	0.1446945	0.0001673	0.0001659	0.0909091
2.5639100e-04	0.0786713	0.9090909	0.1448109	0.0001672	0.0001658	0.0909091
2.5707800e-04	0.0787402	0.9090909	0.1449275	0.0001670	0.0001656	0.0909091
2.5863300e-04	0.0788091	0.9090909	0.1450443	0.0001669	0.0001654	0.0909091
2.6262800e-04	0.0788782	0.9090909	0.1451613	0.0001667	0.0001653	0.0909091
2.6392400e-04	0.0789474	0.9090909	0.1452785	0.0001665	0.0001651	0.0909091
2.6460900e-04	0.0790167	0.9090909	0.1453958	0.0001664	0.0001650	0.0909091
2.6543200e-04	0.0790861	0.9090909	0.1455133	0.0001662	0.0001648	0.0909091
2.6640200e-04	0.0791557	0.9090909	0.1456311	0.0001661	0.0001647	0.0909091
2.6742300e-04	0.0792254	0.9090909	0.1457490	0.0001659	0.0001645	0.0909091
2.6980000e-04	0.0792952	0.9090909	0.1458671	0.0001658	0.0001643	0.0909091
2.7156700e-04	0.0793651	0.9090909	0.1459854	0.0001656	0.0001642	0.0909091
2.7296100e-04	0.0794351	0.9090909	0.1461039	0.0001654	0.0001640	0.0909091
2.7311900e-04	0.0795053	0.9090909	0.1462226	0.0001653	0.0001639	0.0909091
2.7333000e-04	0.0795756	0.9090909	0.1463415	0.0001651	0.0001637	0.0909091
2.7393000e-04	0.0796460	0.9090909	0.1464605	0.0001650	0.0001636	0.0909091
2.7409400e-04	0.0797166	0.9090909	0.1465798	0.0001648	0.0001634	0.0909091
2.7510300e-04	0.0797872	0.9090909	0.1466993	0.0001646	0.0001632	0.0909091
2.7638300e-04	0.0798580	0.9090909	0.1468189	0.0001645	0.0001631	0.0909091
2.7659000e-04	0.0799290	0.9090909	0.1469388	0.0001643	0.0001629	0.0909091
2.7664600e-04	0.0800000	0.9090909	0.1470588	0.0001642	0.0001628	0.0909091
2.7709300e-04	0.0800712	0.9090909	0.1471791	0.0001640	0.0001626	0.0909091
2.8243500e-04	0.0801425	0.9090909	0.1472995	0.0001639	0.0001625	0.0909091
2.8285000e-04	0.0802139	0.9090909	0.1474201	0.0001637	0.0001623	0.0909091
2.8361400e-04	0.0802855	0.9090909	0.1475410	0.0001635	0.0001621	0.0909091
2.8478000e-04	0.0803571	0.9090909	0.1476620	0.0001634	0.0001620	0.0909091
2.8509800e-04	0.0804290	0.9090909	0.1477833	0.0001632	0.0001618	0.0909091
2.8512300e-04	0.0805009	0.9090909	0.1479047	0.0001631	0.0001617	0.0909091
2.8543500e-04	0.0805730	0.9090909	0.1480263	0.0001629	0.0001615	0.0909091
2.8694500e-04	0.0806452	0.9090909	0.1481481	0.0001628	0.0001613	0.0909091
2.8732800e-04	0.0807175	0.9090909	0.1482702	0.0001626	0.0001612	0.0909091
2.8746500e-04	0.0807899	0.9090909	0.1483924	0.0001624	0.0001610	0.0909091
2.8793800e-04	0.0808625	0.9090909	0.1485149	0.0001623	0.0001609	0.0909091
2.8879600e-04	0.0809353	0.9090909	0.1486375	0.0001621	0.0001607	0.0909091
2.8910700e-04	0.0810081	0.9090909	0.1487603	0.0001620	0.0001606	0.0909091
2.8976000e-04	0.0810811	0.9090909	0.1488834	0.0001618	0.0001604	0.0909091
2.9149600e-04	0.0811542	0.9090909	0.1490066	0.0001617	0.0001602	0.0909091
2.9163600e-04	0.0812274	0.9090909	0.1491301	0.0001615	0.0001601	0.0909091
2.9301200e-04	0.0813008	0.9090909	0.1492537	0.0001613	0.0001599	0.0909091
2.9358400e-04	0.0813743	0.9090909	0.1493776	0.0001612	0.0001598	0.0909091
2.9479800e-04	0.0814480	0.9090909	0.1495017	0.0001610	0.0001596	0.0909091
2.9561100e-04	0.0815217	0.9090909	0.1496259	0.0001609	0.0001595	0.0909091
2.9583700e-04	0.0815956	0.9090909	0.1497504	0.0001607	0.0001593	0.0909091
2.9647500e-04	0.0816697	0.9090909	0.1498751	0.0001606	0.0001591	0.0909091
2.9968500e-04	0.0817439	0.9090909	0.1500000	0.0001604	0.0001590	0.0909091
3.0005000e-04	0.0818182	0.9090909	0.1501251	0.0001602	0.0001588	0.0909091
3.0189600e-04	0.0818926	0.9090909	0.1502504	0.0001601	0.0001587	0.0909091
3.0295700e-04	0.0819672	0.9090909	0.1503759	0.0001599	0.0001585	0.0909091
3.0316000e-04	0.0820419	0.9090909	0.1505017	0.0001598	0.0001584	0.0909091
3.0367100e-04	0.0821168	0.9090909	0.1506276	0.0001596	0.0001582	0.0909091
3.0416400e-04	0.0821918	0.9090909	0.1507538	0.0001595	0.0001580	0.0909091
3.0449200e-04	0.0822669	0.9090909	0.1508801	0.0001593	0.0001579	0.0909091
3.0776100e-04	0.0823422	0.9090909	0.1510067	0.0001591	0.0001577	0.0909091
3.0835100e-04	0.0824176	0.9090909	0.1511335	0.0001590	0.0001576	0.0909091
3.0949000e-04	0.0824931	0.9090909	0.1512605	0.0001588	0.0001574	0.0909091
3.1007700e-04	0.0825688	0.9090909	0.1513877	0.0001587	0.0001573	0.0909091
3.1011700e-04	0.0826446	0.9090909	0.1515152	0.0001585	0.0001571	0.0909091
3.1550300e-04	0.0827206	0.9090909	0.1516428	0.0001584	0.0001569	0.0909091
3.1656200e-04	0.0827967	0.9090909	0.1517707	0.0001582	0.0001568	0.0909091
3.1762100e-04	0.0828729	0.9090909	0.1518987	0.0001580	0.0001566	0.0909091
3.1881800e-04	0.0829493	0.9090909	0.1520270	0.0001579	0.0001565	0.0909091
3.1942200e-04	0.0830258	0.9090909	0.1521555	0.0001577	0.0001563	0.0909091
3.1987300e-04	0.0831025	0.9090909	0.1522843	0.0001576	0.0001562	0.0909091
3.1993800e-04	0.0831793	0.9090909	0.1524132	0.0001574	0.0001560	0.0909091
3.2013000e-04	0.0832562	0.9090909	0.1525424	0.0001573	0.0001558	0.0909091
3.2096600e-04	0.0833333	0.9090909	0.1526718	0.0001571	0.0001557	0.0909091
3.2126000e-04	0.0834106	0.9090909	0.1528014	0.0001569	0.0001555	0.0909091
3.2251900e-04	0.0834879	0.9090909	0.1529312	0.0001568	0.0001554	0.0909091
3.2417000e-04	0.0835655	0.9090909	0.1530612	0.0001566	0.0001552	0.0909091
3.2500800e-04	0.0836431	0.9090909	0.1531915	0.0001565	0.0001551	0.0909091
3.3092600e-04	0.0837209	0.9090909	0.1533220	0.0001563	0.0001549	0.0909091
3.3179700e-04	0.0837989	0.9090909	0.1534527	0.0001562	0.0001547	0.0909091
3.3195500e-04	0.0838770	0.9090909	0.1535836	0.0001560	0.0001546	0.0909091
3.3228500e-04	0.0839552	0.9090909	0.1537148	0.0001558	0.0001544	0.0909091
3.3482500e-04	0.0840336	0.9090909	0.1538462	0.0001557	0.0001543	0.0909091
3.3638700e-04	0.0841121	0.9090909	0.1539778	0.0001555	0.0001541	0.0909091
3.3820400e-04	0.0841908	0.9090909	0.1541096	0.0001554	0.0001540	0.0909091
3.3821200e-04	0.0842697	0.9090909	0.1542416	0.0001552	0.0001538	0.0909091
3.4232700e-04	0.0843486	0.9090909	0.1543739	0.0001551	0.0001536	0.0909091
3.4533100e-04	0.0844278	0.9090909	0.1545064	0.0001549	0.0001535	0.0909091
3.4740200e-04	0.0845070	0.9090909	0.1546392	0.0001547	0.0001533	0.0909091
3.4818600e-04	0.0845865	0.9090909	0.1547721	0.0001546	0.0001532	0.0909091
3.4871300e-04	0.0846660	0.9090909	0.1549053	0.0001544	0.0001530	0.0909091
3.5008400e-04	0.0847458	0.9090909	0.1550388	0.0001543	0.0001529	0.0909091
3.5009800e-04	0.0848256	0.9090909	0.1551724	0.0001541	0.0001527	0.0909091
3.5012300e-04	0.0849057	0.9090909	0.1553063	0.0001540	0.0001525	0.0909091
3.5047800e-04	0.0849858	0.9090909	0.1554404	0.0001538	0.0001524	0.0909091
3.5441300e-04	0.0850662	0.9090909	0.1555748	0.0001536	0.0001522	0.0909091
3.5508000e-04	0.0851466	0.9090909	0.1557093	0.0001535	0.0001521	0.0909091
3.5533200e-04	0.0852273	0.9090909	0.1558442	0.0001533	0.0001519	0.0909091
3.5660500e-04	0.0853081	0.9090909	0.1559792	0.0001532	0.0001518	0.0909091
3.6118200e-04	0.0853890	0.9090909	0.1561145	0.0001530	0.0001516	0.0909091
3.6241200e-04	0.0854701	0.9090909	0.1562500	0.0001529	0.0001514	0.0909091
3.6326100e-04	0.0855513	0.9090909	0.1563858	0.0001527	0.0001513	0.0909091
3.6351800e-04	0.0856327	0.9090909	0.1565217	0.0001525	0.0001511	0.0909091
3.6376100e-04	0.0857143	0.9090909	0.1566580	0.0001524	0.0001510	0.0909091
3.6425200e-04	0.0857960	0.9090909	0.1567944	0.0001522	0.0001508	0.0909091
3.6498700e-04	0.0858779	0.9090909	0.1569311	0.0001521	0.0001507	0.0909091
3.6528600e-04	0.0859599	0.9090909	0.1570681	0.0001519	0.0001505	0.0909091
3.6977300e-04	0.0860421	0.9090909	0.1572052	0.0001518	0.0001503	0.0909091
3.7022800e-04	0.0861244	0.9090909	0.1573427	0.0001516	0.0001502	0.0909091
3.7078200e-04	0.0862069	0.9090909	0.1574803	0.0001514	0.0001500	0.0909091
3.7096700e-04	0.0862895	0.9090909	0.1576182	0.0001513	0.0001499	0.0909091
3.7145700e-04	0.0863724	0.9090909	0.1577564	0.0001511	0.0001497	0.0909091
3.7149000e-04	0.0864553	0.9090909	0.1578947	0.0001510	0.0001496	0.0909091
3.7297900e-04	0.0865385	0.9090909	0.1580334	0.0001508	0.0001494	0.0909091
3.7427800e-04	0.0866218	0.9090909	0.1581722	0.0001507	0.0001492	0.0909091
3.7763600e-04	0.0867052	0.9090909	0.1583113	0.0001505	0.0001491	0.0909091
3.7791800e-04	0.0867888	0.9090909	0.1584507	0.0001503	0.0001489	0.0909091
3.7855300e-04	0.0868726	0.9090909	0.1585903	0.0001502	0.0001488	0.0909091
3.7865500e-04	0.0869565	0.9090909	0.1587302	0.0001500	0.0001486	0.0909091
3.7930400e-04	0.0870406	0.9090909	0.1588703	0.0001499	0.0001485	0.0909091
3.8034300e-04	0.0871249	0.9090909	0.1590106	0.0001497	0.0001483	0.0909091
3.8383500e-04	0.0872093	0.9090909	0.1591512	0.0001496	0.0001481	0.0909091
3.8705300e-04	0.0872939	0.9090909	0.1592920	0.0001494	0.0001480	0.0909091
3.8730500e-04	0.0873786	0.9090909	0.1594331	0.0001492	0.0001478	0.0909091
3.9161600e-04	0.0874636	0.9090909	0.1595745	0.0001491	0.0001477	0.0909091
3.9250300e-04	0.0875486	0.9090909	0.1597161	0.0001489	0.0001475	0.0909091
3.9319500e-04	0.0876339	0.9090909	0.1598579	0.0001488	0.0001474	0.0909091
3.9379000e-04	0.0877193	0.9090909	0.1600000	0.0001486	0.0001472	0.0909091
3.9584100e-04	0.0878049	0.9090909	0.1601423	0.0001485	0.0001470	0.0909091
4.0115700e-04	0.0878906	0.9090909	0.1602850	0.0001483	0.0001469	0.0909091
4.0282800e-04	0.0879765	0.9090909	0.1604278	0.0001481	0.0001467	0.0909091
4.0362100e-04	0.0880626	0.9090909	0.1605709	0.0001480	0.0001466	0.0909091
4.0545500e-04	0.0881489	0.9090909	0.1607143	0.0001478	0.0001464	0.0909091
4.0662000e-04	0.0882353	0.9090909	0.1608579	0.0001477	0.0001463	0.0909091
4.0954600e-04	0.0883219	0.9090909	0.1610018	0.0001475	0.0001461	0.0909091
4.1109500e-04	0.0884086	0.9090909	0.1611459	0.0001474	0.0001459	0.0909091
4.1317700e-04	0.0884956	0.9090909	0.1612903	0.0001472	0.0001458	0.0909091
4.1336700e-04	0.0885827	0.9090909	0.1614350	0.0001470	0.0001456	0.0909091
4.1604200e-04	0.0886700	0.9090909	0.1615799	0.0001469	0.0001455	0.0909091
4.1907400e-04	0.0887574	0.9090909	0.1617251	0.0001467	0.0001453	0.0909091
4.2388600e-04	0.0888450	0.9090909	0.1618705	0.0001466	0.0001452	0.0909091
4.2401600e-04	0.0889328	0.9090909	0.1620162	0.0001464	0.0001450	0.0909091
4.2588300e-04	0.0890208	0.9090909	0.1621622	0.0001463	0.0001448	0.0909091
4.2849200e-04	0.0891089	0.9090909	0.1623084	0.0001461	0.0001447	0.0909091
4.2910000e-04	0.0891972	0.9090909	0.1624549	0.0001459	0.0001445	0.0909091
4.3487100e-04	0.0892857	0.9090909	0.1626016	0.0001458	0.0001444	0.0909091
4.3514200e-04	0.0893744	0.9090909	0.1627486	0.0001456	0.0001442	0.0909091
4.3619200e-04	0.0894632	0.9090909	0.1628959	0.0001455	0.0001441	0.0909091
4.3954900e-04	0.0895522	0.9090909	0.1630435	0.0001453	0.0001439	0.0909091
4.4130600e-04	0.0896414	0.9090909	0.1631913	0.0001451	0.0001437	0.0909091
4.4151900e-04	0.0897308	0.9090909	0.1633394	0.0001450	0.0001436	0.0909091
4.4575200e-04	0.0898204	0.9090909	0.1634877	0.0001448	0.0001434	0.0909091
4.4628700e-04	0.0899101	0.9090909	0.1636364	0.0001447	0.0001433	0.0909091
4.4773300e-04	0.0900000	0.9090909	0.1637853	0.0001445	0.0001431	0.0909091
4.4905400e-04	0.0900901	0.9090909	0.1639344	0.0001444	0.0001430	0.0909091
4.4950600e-04	0.0901804	0.9090909	0.1640839	0.0001442	0.0001428	0.0909091
4.5056700e-04	0.0902708	0.9090909	0.1642336	0.0001440	0.0001426	0.0909091
4.5294000e-04	0.0903614	0.9090909	0.1643836	0.0001439	0.0001425	0.0909091
4.5610700e-04	0.0904523	0.9090909	0.1645338	0.0001437	0.0001423	0.0909091
4.6011300e-04	0.0905433	0.9090909	0.1646844	0.0001436	0.0001422	0.0909091
4.6213800e-04	0.0906344	0.9090909	0.1648352	0.0001434	0.0001420	0.0909091
4.6241900e-04	0.0907258	0.9090909	0.1649863	0.0001433	0.0001418	0.0909091
4.6415600e-04	0.0908174	0.9090909	0.1651376	0.0001431	0.0001417	0.0909091
4.6447600e-04	0.0909091	0.9090909	0.1652893	0.0001429	0.0001415	0.0909091
4.6583700e-04	0.0910010	0.9090909	0.1654412	0.0001428	0.0001414	0.0909091
4.6752200e-04	0.0910931	0.9090909	0.1655934	0.0001426	0.0001412	0.0909091
4.6815800e-04	0.0911854	0.9090909	0.1657459	0.0001425	0.0001411	0.0909091
4.6904800e-04	0.0912779	0.9090909	0.1658986	0.0001423	0.0001409	0.0909091
4.6911400e-04	0.0913706	0.9090909	0.1660517	0.0001422	0.0001407	0.0909091
4.6954300e-04	0.0914634	0.9090909	0.1662050	0.0001420	0.0001406	0.0909091
4.7053400e-04	0.0915565	0.9090909	0.1663586	0.0001418	0.0001404	0.0909091
4.7319600e-04	0.0916497	0.9090909	0.1665125	0.0001417	0.0001403	0.0909091
4.7737600e-04	0.0917431	0.9090909	0.1666667	0.0001415	0.0001401	0.0909091
4.7991700e-04	0.0918367	0.9090909	0.1668211	0.0001414	0.0001400	0.0909091
4.7999300e-04	0.0919305	0.9090909	0.1669759	0.0001412	0.0001398	0.0909091
4.8057000e-04	0.0920245	0.9090909	0.1671309	0.0001411	0.0001396	0.0909091
4.8200200e-04	0.0921187	0.9090909	0.1672862	0.0001409	0.0001395	0.0909091
4.8299300e-04	0.0922131	0.9090909	0.1674419	0.0001407	0.0001393	0.0909091
4.8536600e-04	0.0923077	0.9090909	0.1675978	0.0001406	0.0001392	0.0909091
4.9039800e-04	0.0923077	0.8989899	0.1674244	0.0001407	0.0001376	0.1010101
4.9199500e-04	0.0923077	0.8989899	0.1674244	0.0001406	0.0001376	0.1010101
4.9640700e-04	0.0923077	0.8989899	0.1674244	0.0001404	0.0001376	0.1010101
4.9695300e-04	0.0923077	0.8989899	0.1674244	0.0001403	0.0001376	0.1010101
4.9778900e-04	0.0923077	0.8989899	0.1674244	0.0001401	0.0001376	0.1010101
4.9828000e-04	0.0923077	0.8989899	0.1674244	0.0001400	0.0001376	0.1010101
5.0342800e-04	0.0923077	0.8989899	0.1674244	0.0001398	0.0001376	0.1010101
5.0526500e-04	0.0923077	0.8989899	0.1674244	0.0001396	0.0001376	0.1010101
5.0737700e-04	0.0923077	0.8989899	0.1674244	0.0001395	0.0001376	0.1010101
5.1041500e-04	0.0923077	0.8989899	0.1674244	0.0001393	0.0001376	0.1010101
5.1453900e-04	0.0923237	0.8989899	0.1674506	0.0001392	0.0001376	0.1010101
5.1666000e-04	0.0924195	0.8989899	0.1676083	0.0001390	0.0001374	0.1010101
5.1909300e-04	0.0925156	0.8989899	0.1677663	0.0001389	0.0001373	0.1010101
5.1987900e-04	0.0926119	0.8989899	0.1679245	0.0001387	0.0001371	0.1010101
5.2326900e-04	0.0927083	0.8989899	0.1680831	0.0001385	0.0001370	0.1010101
5.2458800e-04	0.0928050	0.8989899	0.1682420	0.0001384	0.0001368	0.1010101
5.2627000e-04	0.0929019	0.8989899	0.1684011	0.0001382	0.0001367	0.1010101
5.2782800e-04	0.0929990	0.8989899	0.1685606	0.0001381	0.0001365	0.1010101
5.3130800e-04	0.0930962	0.8989899	0.1687204	0.0001379	0.0001363	0.1010101
5.3735700e-04	0.0931937	0.8989899	0.1688805	0.0001378	0.0001362	0.1010101
5.3845900e-04	0.0932914	0.8989899	0.1690408	0.0001376	0.0001360	0.1010101
5.3968300e-04	0.0933893	0.8989899	0.1692015	0.0001374	0.0001359	0.1010101
5.4134100e-04	0.0934874	0.8989899	0.1693625	0.0001373	0.0001357	0.1010101
5.4380900e-04	0.0935857	0.8989899	0.1695238	0.0001371	0.0001356	0.1010101
5.4658500e-04	0.0936842	0.8989899	0.1696854	0.0001370	0.0001354	0.1010101
5.5465100e-04	0.0937829	0.8989899	0.1698473	0.0001368	0.0001352	0.1010101
5.5542900e-04	0.0938819	0.8989899	0.1700096	0.0001367	0.0001351	0.1010101
5.5685300e-04	0.0939810	0.8989899	0.1701721	0.0001365	0.0001349	0.1010101
5.5897800e-04	0.0940803	0.8989899	0.1703349	0.0001363	0.0001348	0.1010101
5.6723800e-04	0.0941799	0.8989899	0.1704981	0.0001362	0.0001346	0.1010101
5.6870800e-04	0.0942797	0.8989899	0.1706616	0.0001360	0.0001345	0.1010101
5.6872700e-04	0.0943796	0.8989899	0.1708253	0.0001359	0.0001343	0.1010101
5.7044700e-04	0.0944798	0.8989899	0.1709894	0.0001357	0.0001341	0.1010101
5.7550800e-04	0.0945802	0.8989899	0.1711538	0.0001356	0.0001340	0.1010101
5.7652500e-04	0.0946809	0.8989899	0.1713186	0.0001354	0.0001338	0.1010101
5.7740200e-04	0.0947817	0.8989899	0.1714836	0.0001352	0.0001337	0.1010101
5.8004200e-04	0.0948827	0.8989899	0.1716490	0.0001351	0.0001335	0.1010101
5.8128700e-04	0.0949840	0.8989899	0.1718147	0.0001349	0.0001334	0.1010101
5.8663100e-04	0.0950855	0.8989899	0.1719807	0.0001348	0.0001332	0.1010101
5.8664900e-04	0.0951872	0.8989899	0.1721470	0.0001346	0.0001330	0.1010101
5.9044800e-04	0.0951872	0.8888889	0.1719599	0.0001348	0.0001315	0.1111111
5.9548600e-04	0.0951872	0.8888889	0.1719599	0.0001346	0.0001315	0.1111111
5.9773700e-04	0.0951872	0.8888889	0.1719599	0.0001345	0.0001315	0.1111111
6.0036900e-04	0.0951872	0.8888889	0.1719599	0.0001343	0.0001315	0.1111111
6.0181500e-04	0.0951872	0.8888889	0.1719599	0.0001341	0.0001315	0.1111111
6.0632400e-04	0.0951872	0.8888889	0.1719599	0.0001340	0.0001315	0.1111111
6.0676900e-04	0.0951872	0.8888889	0.1719599	0.0001338	0.0001315	0.1111111
6.0688900e-04	0.0951872	0.8888889	0.1719599	0.0001337	0.0001315	0.1111111
6.0734400e-04	0.0951872	0.8888889	0.1719599	0.0001335	0.0001315	0.1111111
6.1078400e-04	0.0951872	0.8888889	0.1719599	0.0001334	0.0001315	0.1111111
6.1158000e-04	0.0952381	0.8888889	0.1720430	0.0001332	0.0001315	0.1111111
6.1188400e-04	0.0953413	0.8888889	0.1722114	0.0001330	0.0001313	0.1111111
6.1591500e-04	0.0954447	0.8888889	0.1723800	0.0001329	0.0001312	0.1111111
6.2015900e-04	0.0955483	0.8888889	0.1725490	0.0001327	0.0001310	0.1111111
6.2171700e-04	0.0956522	0.8888889	0.1727184	0.0001326	0.0001308	0.1111111
6.2388500e-04	0.0957563	0.8888889	0.1728880	0.0001324	0.0001307	0.1111111
6.2519400e-04	0.0958606	0.8888889	0.1730580	0.0001323	0.0001305	0.1111111
6.2611100e-04	0.0959651	0.8888889	0.1732283	0.0001321	0.0001304	0.1111111
6.2699500e-04	0.0960699	0.8888889	0.1733990	0.0001319	0.0001302	0.1111111
6.2999100e-04	0.0961749	0.8888889	0.1735700	0.0001318	0.0001301	0.1111111
6.3001700e-04	0.0962801	0.8888889	0.1737414	0.0001316	0.0001299	0.1111111
6.3457900e-04	0.0963855	0.8888889	0.1739130	0.0001315	0.0001297	0.1111111
6.4552000e-04	0.0964912	0.8888889	0.1740851	0.0001313	0.0001296	0.1111111
6.4828600e-04	0.0965971	0.8888889	0.1742574	0.0001312	0.0001294	0.1111111
6.4933100e-04	0.0967033	0.8888889	0.1744301	0.0001310	0.0001293	0.1111111
6.5801600e-04	0.0968097	0.8888889	0.1746032	0.0001308	0.0001291	0.1111111
6.5946200e-04	0.0969163	0.8888889	0.1747766	0.0001307	0.0001290	0.1111111
6.6470900e-04	0.0970232	0.8888889	0.1749503	0.0001305	0.0001288	0.1111111
6.6489600e-04	0.0971302	0.8888889	0.1751244	0.0001304	0.0001286	0.1111111
6.6963900e-04	0.0972376	0.8888889	0.1752988	0.0001302	0.0001285	0.1111111
6.7714600e-04	0.0973451	0.8888889	0.1754736	0.0001301	0.0001283	0.1111111
6.7969100e-04	0.0974529	0.8888889	0.1756487	0.0001299	0.0001282	0.1111111
6.8528500e-04	0.0975610	0.8888889	0.1758242	0.0001297	0.0001280	0.1111111
6.8590400e-04	0.0976693	0.8888889	0.1760000	0.0001296	0.0001279	0.1111111
6.8681100e-04	0.0977778	0.8888889	0.1761762	0.0001294	0.0001277	0.1111111
6.8773500e-04	0.0978865	0.8888889	0.1763527	0.0001293	0.0001275	0.1111111
6.8860800e-04	0.0979955	0.8888889	0.1765296	0.0001291	0.0001274	0.1111111
6.8895700e-04	0.0981048	0.8888889	0.1767068	0.0001290	0.0001272	0.1111111
6.9737700e-04	0.0982143	0.8888889	0.1768844	0.0001288	0.0001271	0.1111111
6.9751300e-04	0.0983240	0.8888889	0.1770624	0.0001286	0.0001269	0.1111111
6.9779800e-04	0.0984340	0.8888889	0.1772407	0.0001285	0.0001268	0.1111111
6.9849300e-04	0.0985442	0.8888889	0.1774194	0.0001283	0.0001266	0.1111111
6.9879700e-04	0.0986547	0.8888889	0.1775984	0.0001282	0.0001264	0.1111111
6.9992100e-04	0.0987654	0.8888889	0.1777778	0.0001280	0.0001263	0.1111111
7.0298000e-04	0.0988764	0.8888889	0.1779575	0.0001279	0.0001261	0.1111111
7.0479700e-04	0.0989876	0.8888889	0.1781377	0.0001277	0.0001260	0.1111111
7.1206400e-04	0.0990991	0.8888889	0.1783181	0.0001275	0.0001258	0.1111111
7.1377400e-04	0.0992108	0.8888889	0.1784990	0.0001274	0.0001257	0.1111111
7.1819700e-04	0.0993228	0.8888889	0.1786802	0.0001272	0.0001255	0.1111111
7.2499000e-04	0.0994350	0.8888889	0.1788618	0.0001271	0.0001253	0.1111111
7.2818200e-04	0.0995475	0.8888889	0.1790437	0.0001269	0.0001252	0.1111111
7.4221000e-04	0.0996602	0.8888889	0.1792261	0.0001268	0.0001250	0.1111111
7.4473400e-04	0.0997732	0.8888889	0.1794088	0.0001266	0.0001249	0.1111111
7.5171300e-04	0.0998865	0.8888889	0.1795918	0.0001264	0.0001247	0.1111111
7.5327600e-04	0.1000000	0.8888889	0.1797753	0.0001263	0.0001246	0.1111111
7.5692900e-04	0.1001138	0.8888889	0.1799591	0.0001261	0.0001244	0.1111111
7.5890800e-04	0.1002278	0.8888889	0.1801433	0.0001260	0.0001242	0.1111111
7.6271500e-04	0.1003421	0.8888889	0.1803279	0.0001258	0.0001241	0.1111111
7.7563500e-04	0.1004566	0.8888889	0.1805128	0.0001256	0.0001239	0.1111111
7.7657400e-04	0.1005714	0.8888889	0.1806982	0.0001255	0.0001238	0.1111111
7.8108000e-04	0.1006865	0.8888889	0.1808839	0.0001253	0.0001236	0.1111111
7.8111200e-04	0.1008018	0.8888889	0.1810700	0.0001252	0.0001234	0.1111111
7.8299700e-04	0.1009174	0.8888889	0.1812564	0.0001250	0.0001233	0.1111111
7.8537300e-04	0.1010333	0.8888889	0.1814433	0.0001249	0.0001231	0.1111111
7.8568700e-04	0.1011494	0.8888889	0.1816305	0.0001247	0.0001230	0.1111111
7.9136700e-04	0.1012658	0.8888889	0.1818182	0.0001245	0.0001228	0.1111111
8.1349600e-04	0.1013825	0.8888889	0.1820062	0.0001244	0.0001227	0.1111111
8.1975000e-04	0.1014994	0.8888889	0.1821946	0.0001242	0.0001225	0.1111111
8.2049600e-04	0.1016166	0.8888889	0.1823834	0.0001241	0.0001223	0.1111111
8.2342800e-04	0.1017341	0.8888889	0.1825726	0.0001239	0.0001222	0.1111111
8.2630700e-04	0.1018519	0.8888889	0.1827622	0.0001238	0.0001220	0.1111111
8.3096700e-04	0.1019699	0.8888889	0.1829522	0.0001236	0.0001219	0.1111111
8.3427800e-04	0.1020882	0.8888889	0.1831426	0.0001234	0.0001217	0.1111111
8.4039400e-04	0.1022067	0.8888889	0.1833333	0.0001233	0.0001216	0.1111111
8.4215100e-04	0.1023256	0.8888889	0.1835245	0.0001231	0.0001214	0.1111111
8.4253900e-04	0.1024447	0.8888889	0.1837161	0.0001230	0.0001212	0.1111111
8.4389300e-04	0.1025641	0.8888889	0.1839080	0.0001228	0.0001211	0.1111111
8.4442400e-04	0.1026838	0.8888889	0.1841004	0.0001227	0.0001209	0.1111111
8.4713800e-04	0.1028037	0.8888889	0.1842932	0.0001225	0.0001208	0.1111111
8.4948600e-04	0.1029240	0.8888889	0.1844864	0.0001223	0.0001206	0.1111111
8.4993800e-04	0.1030445	0.8888889	0.1846800	0.0001222	0.0001205	0.1111111
8.5476100e-04	0.1031653	0.8888889	0.1848739	0.0001220	0.0001203	0.1111111
8.6003200e-04	0.1032864	0.8888889	0.1850683	0.0001219	0.0001201	0.1111111
8.7763200e-04	0.1034078	0.8888889	0.1852632	0.0001217	0.0001200	0.1111111
8.8241200e-04	0.1035294	0.8888889	0.1854584	0.0001216	0.0001198	0.1111111
8.8937800e-04	0.1036514	0.8888889	0.1856540	0.0001214	0.0001197	0.1111111
8.9007700e-04	0.1037736	0.8888889	0.1858501	0.0001212	0.0001195	0.1111111
8.9946000e-04	0.1038961	0.8888889	0.1860465	0.0001211	0.0001194	0.1111111
9.0112300e-04	0.1040189	0.8888889	0.1862434	0.0001209	0.0001192	0.1111111
9.0548700e-04	0.1041420	0.8888889	0.1864407	0.0001208	0.0001190	0.1111111
9.0608200e-04	0.1042654	0.8888889	0.1866384	0.0001206	0.0001189	0.1111111
9.0816600e-04	0.1043891	0.8888889	0.1868365	0.0001205	0.0001187	0.1111111
9.1145700e-04	0.1045131	0.8888889	0.1870351	0.0001203	0.0001186	0.1111111
9.2444700e-04	0.1046373	0.8888889	0.1872340	0.0001201	0.0001184	0.1111111
9.2638500e-04	0.1047619	0.8888889	0.1874334	0.0001200	0.0001183	0.1111111
9.3278900e-04	0.1048868	0.8888889	0.1876333	0.0001198	0.0001181	0.1111111
9.4723900e-04	0.1050119	0.8888889	0.1878335	0.0001197	0.0001179	0.1111111
9.5516400e-04	0.1051374	0.8888889	0.1880342	0.0001195	0.0001178	0.1111111
9.5757800e-04	0.1052632	0.8888889	0.1882353	0.0001194	0.0001176	0.1111111
9.6039900e-04	0.1053892	0.8888889	0.1884368	0.0001192	0.0001175	0.1111111
9.6069600e-04	0.1055156	0.8888889	0.1886388	0.0001190	0.0001173	0.1111111
9.6113700e-04	0.1056423	0.8888889	0.1888412	0.0001189	0.0001172	0.1111111
9.7000400e-04	0.1057692	0.8888889	0.1890440	0.0001187	0.0001170	0.1111111
9.7539200e-04	0.1058965	0.8888889	0.1892473	0.0001186	0.0001168	0.1111111
9.7956900e-04	0.1060241	0.8888889	0.1894510	0.0001184	0.0001167	0.1111111
9.8703300e-04	0.1061520	0.8888889	0.1896552	0.0001183	0.0001165	0.1111111
9.8722200e-04	0.1062802	0.8888889	0.1898598	0.0001181	0.0001164	0.1111111
9.8808200e-04	0.1064087	0.8888889	0.1900648	0.0001179	0.0001162	0.1111111
9.9220200e-04	0.1065375	0.8888889	0.1902703	0.0001178	0.0001161	0.1111111
9.9613200e-04	0.1066667	0.8888889	0.1904762	0.0001176	0.0001159	0.1111111
9.9975400e-04	0.1067961	0.8888889	0.1906826	0.0001175	0.0001157	0.1111111
9.9984100e-04	0.1069259	0.8888889	0.1908894	0.0001173	0.0001156	0.1111111
1.0037800e-03	0.1070560	0.8888889	0.1910966	0.0001172	0.0001154	0.1111111
1.0037900e-03	0.1071864	0.8888889	0.1913043	0.0001170	0.0001153	0.1111111
1.0252800e-03	0.1073171	0.8888889	0.1915125	0.0001168	0.0001151	0.1111111
1.0358200e-03	0.1074481	0.8888889	0.1917211	0.0001167	0.0001150	0.1111111
1.0402800e-03	0.1075795	0.8888889	0.1919302	0.0001165	0.0001148	0.1111111
1.0651600e-03	0.1077111	0.8888889	0.1921397	0.0001164	0.0001146	0.1111111
1.0867800e-03	0.1078431	0.8888889	0.1923497	0.0001162	0.0001145	0.1111111
1.0964900e-03	0.1079755	0.8888889	0.1925602	0.0001161	0.0001143	0.1111111
1.0989200e-03	0.1081081	0.8888889	0.1927711	0.0001159	0.0001142	0.1111111
1.1001400e-03	0.1082411	0.8888889	0.1929825	0.0001157	0.0001140	0.1111111
1.1025100e-03	0.1083744	0.8888889	0.1931943	0.0001156	0.0001139	0.1111111
1.1050500e-03	0.1085080	0.8888889	0.1934066	0.0001154	0.0001137	0.1111111
1.1070200e-03	0.1086420	0.8888889	0.1936194	0.0001153	0.0001135	0.1111111
1.1072800e-03	0.1087763	0.8888889	0.1938326	0.0001151	0.0001134	0.1111111
1.1299200e-03	0.1089109	0.8888889	0.1940463	0.0001150	0.0001132	0.1111111
1.1331800e-03	0.1090458	0.8888889	0.1942605	0.0001148	0.0001131	0.1111111
1.1381800e-03	0.1091811	0.8888889	0.1944751	0.0001146	0.0001129	0.1111111
1.1400900e-03	0.1093168	0.8888889	0.1946903	0.0001145	0.0001128	0.1111111
1.1415600e-03	0.1094527	0.8888889	0.1949059	0.0001143	0.0001126	0.1111111
1.1455800e-03	0.1095890	0.8888889	0.1951220	0.0001142	0.0001124	0.1111111
1.1490400e-03	0.1097257	0.8888889	0.1953385	0.0001140	0.0001123	0.1111111
1.1492600e-03	0.1098627	0.8888889	0.1955556	0.0001139	0.0001121	0.1111111
1.1546000e-03	0.1100000	0.8888889	0.1957731	0.0001137	0.0001120	0.1111111
1.1570600e-03	0.1101377	0.8888889	0.1959911	0.0001135	0.0001118	0.1111111
1.1571400e-03	0.1102757	0.8888889	0.1962096	0.0001134	0.0001117	0.1111111
1.1586000e-03	0.1104141	0.8888889	0.1964286	0.0001132	0.0001115	0.1111111
1.1673300e-03	0.1105528	0.8888889	0.1966480	0.0001131	0.0001113	0.1111111
1.1699500e-03	0.1106918	0.8888889	0.1968680	0.0001129	0.0001112	0.1111111
1.1711900e-03	0.1108312	0.8888889	0.1970885	0.0001128	0.0001110	0.1111111
1.1812700e-03	0.1109710	0.8888889	0.1973094	0.0001126	0.0001109	0.1111111
1.1883500e-03	0.1111111	0.8888889	0.1975309	0.0001124	0.0001107	0.1111111
1.1970000e-03	0.1112516	0.8888889	0.1977528	0.0001123	0.0001106	0.1111111
1.2048600e-03	0.1113924	0.8888889	0.1979753	0.0001121	0.0001104	0.1111111
1.2170000e-03	0.1115336	0.8888889	0.1981982	0.0001120	0.0001102	0.1111111
1.2174700e-03	0.1116751	0.8888889	0.1984216	0.0001118	0.0001101	0.1111111
1.2199400e-03	0.1118170	0.8888889	0.1986456	0.0001117	0.0001099	0.1111111
1.2337400e-03	0.1119593	0.8888889	0.1988701	0.0001115	0.0001098	0.1111111
1.2356300e-03	0.1121019	0.8888889	0.1990950	0.0001113	0.0001096	0.1111111
1.2500200e-03	0.1122449	0.8888889	0.1993205	0.0001112	0.0001095	0.1111111
1.2540000e-03	0.1123883	0.8888889	0.1995465	0.0001110	0.0001093	0.1111111
1.2550300e-03	0.1125320	0.8888889	0.1997730	0.0001109	0.0001091	0.1111111
1.2707400e-03	0.1126761	0.8888889	0.2000000	0.0001107	0.0001090	0.1111111
1.2754600e-03	0.1128205	0.8888889	0.2002275	0.0001106	0.0001088	0.1111111
1.2816300e-03	0.1129653	0.8888889	0.2004556	0.0001104	0.0001087	0.1111111
1.2968700e-03	0.1131105	0.8888889	0.2006842	0.0001102	0.0001085	0.1111111
1.2993200e-03	0.1132561	0.8888889	0.2009132	0.0001101	0.0001084	0.1111111
1.3030000e-03	0.1134021	0.8888889	0.2011429	0.0001099	0.0001082	0.1111111
1.3299000e-03	0.1135484	0.8888889	0.2013730	0.0001098	0.0001080	0.1111111
1.3364200e-03	0.1136951	0.8888889	0.2016037	0.0001096	0.0001079	0.1111111
1.3449700e-03	0.1138422	0.8888889	0.2018349	0.0001095	0.0001077	0.1111111
1.3517200e-03	0.1139896	0.8888889	0.2020666	0.0001093	0.0001076	0.1111111
1.3589700e-03	0.1141375	0.8888889	0.2022989	0.0001091	0.0001074	0.1111111
1.3632400e-03	0.1142857	0.8888889	0.2025316	0.0001090	0.0001073	0.1111111
1.3830600e-03	0.1144343	0.8888889	0.2027650	0.0001088	0.0001071	0.1111111
1.3927400e-03	0.1145833	0.8888889	0.2029988	0.0001087	0.0001069	0.1111111
1.3993300e-03	0.1147327	0.8888889	0.2032333	0.0001085	0.0001068	0.1111111
1.4119300e-03	0.1148825	0.8888889	0.2034682	0.0001084	0.0001066	0.1111111
1.4146300e-03	0.1150327	0.8888889	0.2037037	0.0001082	0.0001065	0.1111111
1.4167400e-03	0.1151832	0.8888889	0.2039397	0.0001080	0.0001063	0.1111111
1.4168500e-03	0.1153342	0.8888889	0.2041763	0.0001079	0.0001062	0.1111111
1.4347400e-03	0.1154856	0.8888889	0.2044135	0.0001077	0.0001060	0.1111111
1.4357200e-03	0.1156373	0.8888889	0.2046512	0.0001076	0.0001058	0.1111111
1.4379900e-03	0.1157895	0.8888889	0.2048894	0.0001074	0.0001057	0.1111111
1.4406800e-03	0.1159420	0.8888889	0.2051282	0.0001073	0.0001055	0.1111111
1.4507400e-03	0.1160950	0.8888889	0.2053676	0.0001071	0.0001054	0.1111111
1.4542600e-03	0.1162483	0.8888889	0.2056075	0.0001069	0.0001052	0.1111111
1.4567200e-03	0.1164021	0.8888889	0.2058480	0.0001068	0.0001051	0.1111111
1.4582100e-03	0.1165563	0.8888889	0.2060890	0.0001066	0.0001049	0.1111111
1.4596600e-03	0.1167109	0.8888889	0.2063306	0.0001065	0.0001047	0.1111111
1.4600900e-03	0.1168659	0.8888889	0.2065728	0.0001063	0.0001046	0.1111111
1.4642900e-03	0.1170213	0.8888889	0.2068155	0.0001061	0.0001044	0.1111111
1.4648400e-03	0.1171771	0.8888889	0.2070588	0.0001060	0.0001043	0.1111111
1.4771900e-03	0.1173333	0.8888889	0.2073027	0.0001058	0.0001041	0.1111111
1.4883200e-03	0.1174900	0.8888889	0.2075472	0.0001057	0.0001039	0.1111111
1.4903500e-03	0.1176471	0.8888889	0.2077922	0.0001055	0.0001038	0.1111111
1.4951300e-03	0.1178046	0.8888889	0.2080378	0.0001054	0.0001036	0.1111111
1.4952100e-03	0.1179625	0.8888889	0.2082840	0.0001052	0.0001035	0.1111111
1.5048600e-03	0.1181208	0.8888889	0.2085308	0.0001050	0.0001033	0.1111111
1.5190800e-03	0.1182796	0.8888889	0.2087782	0.0001049	0.0001032	0.1111111
1.5211100e-03	0.1184388	0.8888889	0.2090261	0.0001047	0.0001030	0.1111111
1.5303900e-03	0.1185984	0.8888889	0.2092747	0.0001046	0.0001028	0.1111111
1.5483300e-03	0.1187584	0.8888889	0.2095238	0.0001044	0.0001027	0.1111111
1.5675400e-03	0.1189189	0.8888889	0.2097735	0.0001043	0.0001025	0.1111111
1.5772900e-03	0.1190798	0.8888889	0.2100239	0.0001041	0.0001024	0.1111111
1.5869100e-03	0.1192412	0.8888889	0.2102748	0.0001039	0.0001022	0.1111111
1.5875100e-03	0.1194030	0.8888889	0.2105263	0.0001038	0.0001021	0.1111111
1.5961100e-03	0.1195652	0.8888889	0.2107784	0.0001036	0.0001019	0.1111111
1.6051500e-03	0.1197279	0.8888889	0.2110312	0.0001035	0.0001017	0.1111111
1.6061100e-03	0.1198910	0.8888889	0.2112845	0.0001033	0.0001016	0.1111111
1.6118500e-03	0.1200546	0.8888889	0.2115385	0.0001032	0.0001014	0.1111111
1.6178000e-03	0.1202186	0.8888889	0.2117930	0.0001030	0.0001013	0.1111111
1.6288800e-03	0.1203830	0.8888889	0.2120482	0.0001028	0.0001011	0.1111111
1.6378900e-03	0.1205479	0.8888889	0.2123040	0.0001027	0.0001010	0.1111111
1.6389700e-03	0.1207133	0.8888889	0.2125604	0.0001025	0.0001008	0.1111111
1.6393600e-03	0.1208791	0.8888889	0.2128174	0.0001024	0.0001006	0.1111111
1.6419500e-03	0.1210454	0.8888889	0.2130751	0.0001022	0.0001005	0.1111111
1.6455200e-03	0.1212121	0.8888889	0.2133333	0.0001021	0.0001003	0.1111111
1.6551000e-03	0.1213793	0.8888889	0.2135922	0.0001019	0.0001002	0.1111111
1.6650200e-03	0.1215470	0.8888889	0.2138518	0.0001017	0.0001000	0.1111111
1.6676700e-03	0.1217151	0.8888889	0.2141119	0.0001016	0.0000999	0.1111111
1.6814100e-03	0.1218837	0.8888889	0.2143727	0.0001014	0.0000997	0.1111111
1.6836900e-03	0.1220527	0.8888889	0.2146341	0.0001013	0.0000995	0.1111111
1.6870300e-03	0.1222222	0.8888889	0.2148962	0.0001011	0.0000994	0.1111111
1.6878400e-03	0.1223922	0.8888889	0.2151589	0.0001010	0.0000992	0.1111111
1.6936200e-03	0.1225627	0.8888889	0.2154223	0.0001008	0.0000991	0.1111111
1.6986400e-03	0.1227336	0.8888889	0.2156863	0.0001006	0.0000989	0.1111111
1.7210300e-03	0.1229050	0.8888889	0.2159509	0.0001005	0.0000988	0.1111111
1.7509400e-03	0.1230769	0.8888889	0.2162162	0.0001003	0.0000986	0.1111111
1.7584300e-03	0.1232493	0.8888889	0.2164822	0.0001002	0.0000984	0.1111111
1.7730700e-03	0.1234222	0.8888889	0.2167488	0.0001000	0.0000983	0.1111111
1.8040600e-03	0.1235955	0.8888889	0.2170160	0.0000999	0.0000981	0.1111111
1.8075200e-03	0.1237693	0.8888889	0.2172840	0.0000997	0.0000980	0.1111111
1.8088800e-03	0.1239437	0.8888889	0.2175525	0.0000995	0.0000978	0.1111111
1.8189400e-03	0.1241185	0.8888889	0.2178218	0.0000994	0.0000977	0.1111111
1.8221500e-03	0.1242938	0.8888889	0.2180917	0.0000992	0.0000975	0.1111111
1.8426200e-03	0.1244696	0.8888889	0.2183623	0.0000991	0.0000973	0.1111111
1.8465600e-03	0.1246459	0.8888889	0.2186335	0.0000989	0.0000972	0.1111111
1.8478100e-03	0.1248227	0.8888889	0.2189055	0.0000988	0.0000970	0.1111111
1.8488700e-03	0.1250000	0.8888889	0.2191781	0.0000986	0.0000969	0.1111111
1.8665200e-03	0.1251778	0.8888889	0.2194514	0.0000984	0.0000967	0.1111111
1.8730000e-03	0.1253561	0.8888889	0.2197253	0.0000983	0.0000966	0.1111111
1.8736400e-03	0.1255350	0.8888889	0.2200000	0.0000981	0.0000964	0.1111111
1.8827800e-03	0.1257143	0.8888889	0.2202753	0.0000980	0.0000962	0.1111111
1.8829300e-03	0.1258941	0.8888889	0.2205514	0.0000978	0.0000961	0.1111111
1.9075900e-03	0.1260745	0.8888889	0.2208281	0.0000977	0.0000959	0.1111111
1.9103400e-03	0.1262554	0.8888889	0.2211055	0.0000975	0.0000958	0.1111111
1.9128600e-03	0.1264368	0.8888889	0.2213836	0.0000973	0.0000956	0.1111111
1.9295900e-03	0.1266187	0.8888889	0.2216625	0.0000972	0.0000955	0.1111111
1.9462500e-03	0.1268012	0.8888889	0.2219420	0.0000970	0.0000953	0.1111111
1.9561900e-03	0.1269841	0.8888889	0.2222222	0.0000969	0.0000951	0.1111111
1.9602000e-03	0.1271676	0.8888889	0.2225032	0.0000967	0.0000950	0.1111111
1.9702200e-03	0.1273517	0.8888889	0.2227848	0.0000966	0.0000948	0.1111111
1.9864000e-03	0.1275362	0.8888889	0.2230672	0.0000964	0.0000947	0.1111111
1.9942900e-03	0.1277213	0.8888889	0.2233503	0.0000962	0.0000945	0.1111111
1.9946100e-03	0.1279070	0.8888889	0.2236341	0.0000961	0.0000944	0.1111111
2.0054500e-03	0.1280932	0.8888889	0.2239186	0.0000959	0.0000942	0.1111111
2.0060800e-03	0.1282799	0.8888889	0.2242038	0.0000958	0.0000940	0.1111111
2.0069400e-03	0.1284672	0.8888889	0.2244898	0.0000956	0.0000939	0.1111111
2.0114800e-03	0.1286550	0.8888889	0.2247765	0.0000955	0.0000937	0.1111111
2.0159200e-03	0.1288433	0.8888889	0.2250639	0.0000953	0.0000936	0.1111111
2.0195300e-03	0.1290323	0.8888889	0.2253521	0.0000951	0.0000934	0.1111111
2.0310500e-03	0.1292217	0.8888889	0.2256410	0.0000950	0.0000933	0.1111111
2.0623200e-03	0.1294118	0.8888889	0.2259307	0.0000948	0.0000931	0.1111111
2.0689500e-03	0.1296024	0.8888889	0.2262211	0.0000947	0.0000929	0.1111111
2.0738900e-03	0.1297935	0.8888889	0.2265122	0.0000945	0.0000928	0.1111111
2.0989900e-03	0.1299852	0.8888889	0.2268041	0.0000944	0.0000926	0.1111111
2.1103900e-03	0.1301775	0.8888889	0.2270968	0.0000942	0.0000925	0.1111111
2.1261500e-03	0.1303704	0.8888889	0.2273902	0.0000940	0.0000923	0.1111111
2.1371200e-03	0.1305638	0.8888889	0.2276843	0.0000939	0.0000922	0.1111111
2.1376700e-03	0.1307578	0.8888889	0.2279793	0.0000937	0.0000920	0.1111111
2.1439500e-03	0.1309524	0.8888889	0.2282750	0.0000936	0.0000918	0.1111111
2.1564800e-03	0.1311475	0.8888889	0.2285714	0.0000934	0.0000917	0.1111111
2.1588500e-03	0.1313433	0.8888889	0.2288687	0.0000933	0.0000915	0.1111111
2.1879700e-03	0.1315396	0.8888889	0.2291667	0.0000931	0.0000914	0.1111111
2.2058600e-03	0.1317365	0.8888889	0.2294654	0.0000929	0.0000912	0.1111111
2.2065100e-03	0.1319340	0.8888889	0.2297650	0.0000928	0.0000911	0.1111111
2.2267300e-03	0.1321321	0.8888889	0.2300654	0.0000926	0.0000909	0.1111111
2.2267500e-03	0.1323308	0.8888889	0.2303665	0.0000925	0.0000907	0.1111111
2.2437700e-03	0.1325301	0.8888889	0.2306684	0.0000923	0.0000906	0.1111111
2.2453400e-03	0.1327300	0.8888889	0.2309711	0.0000922	0.0000904	0.1111111
2.2688000e-03	0.1329305	0.8888889	0.2312746	0.0000920	0.0000903	0.1111111
2.2730300e-03	0.1331316	0.8888889	0.2315789	0.0000918	0.0000901	0.1111111
2.2766700e-03	0.1333333	0.8888889	0.2318841	0.0000917	0.0000900	0.1111111
2.2790600e-03	0.1335357	0.8888889	0.2321900	0.0000915	0.0000898	0.1111111
2.2897300e-03	0.1337386	0.8888889	0.2324967	0.0000914	0.0000896	0.1111111
2.2936400e-03	0.1339422	0.8888889	0.2328042	0.0000912	0.0000895	0.1111111
2.2955300e-03	0.1341463	0.8888889	0.2331126	0.0000911	0.0000893	0.1111111
2.3308000e-03	0.1343511	0.8888889	0.2334218	0.0000909	0.0000892	0.1111111
2.3356700e-03	0.1345566	0.8888889	0.2337317	0.0000907	0.0000890	0.1111111
2.3368200e-03	0.1347626	0.8888889	0.2340426	0.0000906	0.0000889	0.1111111
2.3409900e-03	0.1349693	0.8888889	0.2343542	0.0000904	0.0000887	0.1111111
2.3572500e-03	0.1351767	0.8888889	0.2346667	0.0000903	0.0000885	0.1111111
2.3638200e-03	0.1353846	0.8888889	0.2349800	0.0000901	0.0000884	0.1111111
2.3649100e-03	0.1355932	0.8888889	0.2352941	0.0000900	0.0000882	0.1111111
2.3672400e-03	0.1358025	0.8888889	0.2356091	0.0000898	0.0000881	0.1111111
2.3672900e-03	0.1360124	0.8888889	0.2359249	0.0000896	0.0000879	0.1111111
2.3822900e-03	0.1362229	0.8888889	0.2362416	0.0000895	0.0000878	0.1111111
2.4113500e-03	0.1364341	0.8888889	0.2365591	0.0000893	0.0000876	0.1111111
2.4203500e-03	0.1366460	0.8888889	0.2368775	0.0000892	0.0000874	0.1111111
2.4356300e-03	0.1368585	0.8888889	0.2371968	0.0000890	0.0000873	0.1111111
2.4638300e-03	0.1370717	0.8888889	0.2375169	0.0000889	0.0000871	0.1111111
2.4982900e-03	0.1372855	0.8888889	0.2378378	0.0000887	0.0000870	0.1111111
2.5074900e-03	0.1375000	0.8888889	0.2381597	0.0000885	0.0000868	0.1111111
2.5296500e-03	0.1377152	0.8888889	0.2384824	0.0000884	0.0000867	0.1111111
2.5314800e-03	0.1379310	0.8888889	0.2388060	0.0000882	0.0000865	0.1111111
2.5335600e-03	0.1381476	0.8888889	0.2391304	0.0000881	0.0000863	0.1111111
2.5507300e-03	0.1383648	0.8888889	0.2394558	0.0000879	0.0000862	0.1111111
2.5577200e-03	0.1385827	0.8888889	0.2397820	0.0000878	0.0000860	0.1111111
2.6154000e-03	0.1388013	0.8888889	0.2401091	0.0000876	0.0000859	0.1111111
2.6334300e-03	0.1390205	0.8888889	0.2404372	0.0000874	0.0000857	0.1111111
2.6415800e-03	0.1392405	0.8888889	0.2407661	0.0000873	0.0000855	0.1111111
2.6708000e-03	0.1394612	0.8888889	0.2410959	0.0000871	0.0000854	0.1111111
2.6901300e-03	0.1396825	0.8888889	0.2414266	0.0000870	0.0000852	0.1111111
2.6956500e-03	0.1399046	0.8888889	0.2417582	0.0000868	0.0000851	0.1111111
2.7002900e-03	0.1401274	0.8888889	0.2420908	0.0000866	0.0000849	0.1111111
2.7045900e-03	0.1403509	0.8888889	0.2424242	0.0000865	0.0000848	0.1111111
2.7190700e-03	0.1405751	0.8888889	0.2427586	0.0000863	0.0000846	0.1111111
2.7212100e-03	0.1408000	0.8888889	0.2430939	0.0000862	0.0000844	0.1111111
2.7505400e-03	0.1410256	0.8888889	0.2434302	0.0000860	0.0000843	0.1111111
2.7632900e-03	0.1412520	0.8888889	0.2437673	0.0000859	0.0000841	0.1111111
2.7710200e-03	0.1414791	0.8888889	0.2441054	0.0000857	0.0000840	0.1111111
2.7823800e-03	0.1417069	0.8888889	0.2444444	0.0000855	0.0000838	0.1111111
2.7935800e-03	0.1419355	0.8888889	0.2447844	0.0000854	0.0000837	0.1111111
2.8482600e-03	0.1421648	0.8888889	0.2451253	0.0000852	0.0000835	0.1111111
2.8661000e-03	0.1423948	0.8888889	0.2454672	0.0000851	0.0000833	0.1111111
2.8699800e-03	0.1426256	0.8888889	0.2458101	0.0000849	0.0000832	0.1111111
2.8894700e-03	0.1428571	0.8888889	0.2461538	0.0000848	0.0000830	0.1111111
2.8968300e-03	0.1430894	0.8888889	0.2464986	0.0000846	0.0000829	0.1111111
2.9049400e-03	0.1433225	0.8888889	0.2468443	0.0000844	0.0000827	0.1111111
2.9267100e-03	0.1435563	0.8888889	0.2471910	0.0000843	0.0000826	0.1111111
2.9384700e-03	0.1437908	0.8888889	0.2475387	0.0000841	0.0000824	0.1111111
2.9453500e-03	0.1440262	0.8888889	0.2478873	0.0000840	0.0000822	0.1111111
2.9899400e-03	0.1442623	0.8888889	0.2482370	0.0000838	0.0000821	0.1111111
3.0278900e-03	0.1444992	0.8888889	0.2485876	0.0000837	0.0000819	0.1111111
3.0534400e-03	0.1447368	0.8888889	0.2489392	0.0000835	0.0000818	0.1111111
3.0639600e-03	0.1449753	0.8888889	0.2492918	0.0000833	0.0000816	0.1111111
3.0651600e-03	0.1452145	0.8888889	0.2496454	0.0000832	0.0000815	0.1111111
3.0991400e-03	0.1454545	0.8888889	0.2500000	0.0000830	0.0000813	0.1111111
3.1283600e-03	0.1456954	0.8888889	0.2503556	0.0000829	0.0000811	0.1111111
3.1321300e-03	0.1459370	0.8888889	0.2507123	0.0000827	0.0000810	0.1111111
3.2223300e-03	0.1461794	0.8888889	0.2510699	0.0000826	0.0000808	0.1111111
3.2312000e-03	0.1464226	0.8888889	0.2514286	0.0000824	0.0000807	0.1111111
3.2466900e-03	0.1466667	0.8888889	0.2517883	0.0000822	0.0000805	0.1111111
3.2961900e-03	0.1469115	0.8888889	0.2521490	0.0000821	0.0000804	0.1111111
3.2976000e-03	0.1471572	0.8888889	0.2525108	0.0000819	0.0000802	0.1111111
3.3228400e-03	0.1474037	0.8888889	0.2528736	0.0000818	0.0000800	0.1111111
3.3337800e-03	0.1476510	0.8888889	0.2532374	0.0000816	0.0000799	0.1111111
3.4021900e-03	0.1478992	0.8888889	0.2536023	0.0000815	0.0000797	0.1111111
3.4280900e-03	0.1481481	0.8888889	0.2539683	0.0000813	0.0000796	0.1111111
3.4489900e-03	0.1483980	0.8888889	0.2543353	0.0000811	0.0000794	0.1111111
3.5098000e-03	0.1486486	0.8888889	0.2547033	0.0000810	0.0000793	0.1111111
3.5252200e-03	0.1489002	0.8888889	0.2550725	0.0000808	0.0000791	0.1111111
3.5259200e-03	0.1491525	0.8888889	0.2554427	0.0000807	0.0000789	0.1111111
3.5383200e-03	0.1494058	0.8888889	0.2558140	0.0000805	0.0000788	0.1111111
3.5675700e-03	0.1496599	0.8888889	0.2561863	0.0000804	0.0000786	0.1111111
3.5743000e-03	0.1499148	0.8888889	0.2565598	0.0000802	0.0000785	0.1111111
3.5760800e-03	0.1501706	0.8888889	0.2569343	0.0000800	0.0000783	0.1111111
3.5775200e-03	0.1504274	0.8888889	0.2573099	0.0000799	0.0000782	0.1111111
3.6241500e-03	0.1506849	0.8888889	0.2576867	0.0000797	0.0000780	0.1111111
3.6600700e-03	0.1509434	0.8888889	0.2580645	0.0000796	0.0000778	0.1111111
3.6638300e-03	0.1512027	0.8888889	0.2584435	0.0000794	0.0000777	0.1111111
3.6790300e-03	0.1514630	0.8888889	0.2588235	0.0000793	0.0000775	0.1111111
3.7134500e-03	0.1517241	0.8888889	0.2592047	0.0000791	0.0000774	0.1111111
3.7216900e-03	0.1519862	0.8888889	0.2595870	0.0000789	0.0000772	0.1111111
3.7488300e-03	0.1522491	0.8888889	0.2599705	0.0000788	0.0000771	0.1111111
3.7581700e-03	0.1525130	0.8888889	0.2603550	0.0000786	0.0000769	0.1111111
3.8282600e-03	0.1527778	0.8888889	0.2607407	0.0000785	0.0000767	0.1111111
3.8363900e-03	0.1530435	0.8888889	0.2611276	0.0000783	0.0000766	0.1111111
3.8521700e-03	0.1533101	0.8888889	0.2615156	0.0000782	0.0000764	0.1111111
3.8823000e-03	0.1535777	0.8888889	0.2619048	0.0000780	0.0000763	0.1111111
3.9466700e-03	0.1538462	0.8888889	0.2622951	0.0000778	0.0000761	0.1111111
3.9665300e-03	0.1541156	0.8888889	0.2626866	0.0000777	0.0000760	0.1111111
3.9875400e-03	0.1543860	0.8888889	0.2630792	0.0000775	0.0000758	0.1111111
4.0026800e-03	0.1546573	0.8888889	0.2634731	0.0000774	0.0000756	0.1111111
4.0216200e-03	0.1549296	0.8888889	0.2638681	0.0000772	0.0000755	0.1111111
4.0295400e-03	0.1552028	0.8888889	0.2642643	0.0000771	0.0000753	0.1111111
4.0391800e-03	0.1554770	0.8888889	0.2646617	0.0000769	0.0000752	0.1111111
4.0727700e-03	0.1557522	0.8888889	0.2650602	0.0000767	0.0000750	0.1111111
4.1288400e-03	0.1560284	0.8888889	0.2654600	0.0000766	0.0000749	0.1111111
4.1709100e-03	0.1563055	0.8888889	0.2658610	0.0000764	0.0000747	0.1111111
4.2231800e-03	0.1565836	0.8888889	0.2662632	0.0000763	0.0000745	0.1111111
4.2362500e-03	0.1568627	0.8888889	0.2666667	0.0000761	0.0000744	0.1111111
4.2495700e-03	0.1571429	0.8888889	0.2670713	0.0000760	0.0000742	0.1111111
4.2560400e-03	0.1574240	0.8888889	0.2674772	0.0000758	0.0000741	0.1111111
4.3230000e-03	0.1577061	0.8888889	0.2678843	0.0000756	0.0000739	0.1111111
4.3746400e-03	0.1579892	0.8888889	0.2682927	0.0000755	0.0000738	0.1111111
4.3901700e-03	0.1582734	0.8888889	0.2687023	0.0000753	0.0000736	0.1111111
4.4191100e-03	0.1585586	0.8888889	0.2691131	0.0000752	0.0000734	0.1111111
4.4574500e-03	0.1588448	0.8888889	0.2695253	0.0000750	0.0000733	0.1111111
4.4789000e-03	0.1591320	0.8888889	0.2699387	0.0000749	0.0000731	0.1111111
4.6291700e-03	0.1594203	0.8888889	0.2703533	0.0000747	0.0000730	0.1111111
4.6646200e-03	0.1597096	0.8888889	0.2707692	0.0000745	0.0000728	0.1111111
4.6730100e-03	0.1600000	0.8888889	0.2711864	0.0000744	0.0000727	0.1111111
4.6741600e-03	0.1602914	0.8888889	0.2716049	0.0000742	0.0000725	0.1111111
4.7837100e-03	0.1605839	0.8888889	0.2720247	0.0000741	0.0000723	0.1111111
4.8417800e-03	0.1608775	0.8888889	0.2724458	0.0000739	0.0000722	0.1111111
4.8496900e-03	0.1611722	0.8888889	0.2728682	0.0000738	0.0000720	0.1111111
4.9084300e-03	0.1614679	0.8888889	0.2732919	0.0000736	0.0000719	0.1111111
4.9121600e-03	0.1617647	0.8888889	0.2737170	0.0000734	0.0000717	0.1111111
4.9190700e-03	0.1620626	0.8888889	0.2741433	0.0000733	0.0000716	0.1111111
4.9986800e-03	0.1623616	0.8888889	0.2745710	0.0000731	0.0000714	0.1111111
5.0519200e-03	0.1626617	0.8888889	0.2750000	0.0000730	0.0000712	0.1111111
5.0544000e-03	0.1629630	0.8888889	0.2754304	0.0000728	0.0000711	0.1111111
5.0857500e-03	0.1632653	0.8888889	0.2758621	0.0000727	0.0000709	0.1111111
5.1647600e-03	0.1635688	0.8888889	0.2762951	0.0000725	0.0000708	0.1111111
5.1763400e-03	0.1638734	0.8888889	0.2767296	0.0000723	0.0000706	0.1111111
5.1924600e-03	0.1641791	0.8888889	0.2771654	0.0000722	0.0000705	0.1111111
5.2230100e-03	0.1644860	0.8888889	0.2776025	0.0000720	0.0000703	0.1111111
5.3221000e-03	0.1647940	0.8888889	0.2780411	0.0000719	0.0000701	0.1111111
5.3515600e-03	0.1651032	0.8888889	0.2784810	0.0000717	0.0000700	0.1111111
5.3740000e-03	0.1654135	0.8888889	0.2789223	0.0000716	0.0000698	0.1111111
5.4534600e-03	0.1657250	0.8888889	0.2793651	0.0000714	0.0000697	0.1111111
5.4594000e-03	0.1660377	0.8888889	0.2798092	0.0000712	0.0000695	0.1111111
5.5089700e-03	0.1663516	0.8888889	0.2802548	0.0000711	0.0000694	0.1111111
5.5187400e-03	0.1666667	0.8888889	0.2807018	0.0000709	0.0000692	0.1111111
5.5659500e-03	0.1669829	0.8888889	0.2811502	0.0000708	0.0000690	0.1111111
5.5690100e-03	0.1673004	0.8888889	0.2816000	0.0000706	0.0000689	0.1111111
5.5728300e-03	0.1676190	0.8888889	0.2820513	0.0000705	0.0000687	0.1111111
5.6225400e-03	0.1679389	0.8888889	0.2825040	0.0000703	0.0000686	0.1111111
5.6316400e-03	0.1682600	0.8888889	0.2829582	0.0000701	0.0000684	0.1111111
5.6328700e-03	0.1685824	0.8888889	0.2834138	0.0000700	0.0000683	0.1111111
5.7390800e-03	0.1689060	0.8888889	0.2838710	0.0000698	0.0000681	0.1111111
5.7701900e-03	0.1692308	0.8888889	0.2843296	0.0000697	0.0000679	0.1111111
5.8127200e-03	0.1695568	0.8888889	0.2847896	0.0000695	0.0000678	0.1111111
5.8316300e-03	0.1698842	0.8888889	0.2852512	0.0000694	0.0000676	0.1111111
5.8323800e-03	0.1702128	0.8888889	0.2857143	0.0000692	0.0000675	0.1111111
5.8465400e-03	0.1705426	0.8888889	0.2861789	0.0000690	0.0000673	0.1111111
5.8705000e-03	0.1708738	0.8888889	0.2866450	0.0000689	0.0000672	0.1111111
5.8779400e-03	0.1712062	0.8888889	0.2871126	0.0000687	0.0000670	0.1111111
5.9378100e-03	0.1715400	0.8888889	0.2875817	0.0000686	0.0000668	0.1111111
5.9837400e-03	0.1718750	0.8888889	0.2880524	0.0000684	0.0000667	0.1111111
6.0253300e-03	0.1722114	0.8888889	0.2885246	0.0000683	0.0000665	0.1111111
6.0936900e-03	0.1725490	0.8888889	0.2889984	0.0000681	0.0000664	0.1111111
6.1194800e-03	0.1728880	0.8888889	0.2894737	0.0000679	0.0000662	0.1111111
6.1455800e-03	0.1732283	0.8888889	0.2899506	0.0000678	0.0000660	0.1111111
6.1797400e-03	0.1735700	0.8888889	0.2904290	0.0000676	0.0000659	0.1111111
6.1824900e-03	0.1739130	0.8888889	0.2909091	0.0000675	0.0000657	0.1111111
6.2502700e-03	0.1742574	0.8888889	0.2913907	0.0000673	0.0000656	0.1111111
6.3468000e-03	0.1746032	0.8888889	0.2918740	0.0000671	0.0000654	0.1111111
6.3786000e-03	0.1749503	0.8888889	0.2923588	0.0000670	0.0000653	0.1111111
6.3980100e-03	0.1752988	0.8888889	0.2928453	0.0000668	0.0000651	0.1111111
6.4625900e-03	0.1756487	0.8888889	0.2933333	0.0000667	0.0000649	0.1111111
6.6295500e-03	0.1760000	0.8888889	0.2938230	0.0000665	0.0000648	0.1111111
6.6386300e-03	0.1763527	0.8888889	0.2943144	0.0000664	0.0000646	0.1111111
6.6604800e-03	0.1767068	0.8888889	0.2948074	0.0000662	0.0000645	0.1111111
6.7775500e-03	0.1770624	0.8888889	0.2953020	0.0000660	0.0000643	0.1111111
6.7866100e-03	0.1774194	0.8888889	0.2957983	0.0000659	0.0000642	0.1111111
6.7893300e-03	0.1777778	0.8888889	0.2962963	0.0000657	0.0000640	0.1111111
6.8796500e-03	0.1781377	0.8888889	0.2967960	0.0000656	0.0000638	0.1111111
6.9049200e-03	0.1784990	0.8888889	0.2972973	0.0000654	0.0000637	0.1111111
6.9312600e-03	0.1788618	0.8888889	0.2978003	0.0000653	0.0000635	0.1111111
6.9480300e-03	0.1792261	0.8888889	0.2983051	0.0000651	0.0000634	0.1111111
7.0092900e-03	0.1795918	0.8888889	0.2988115	0.0000649	0.0000632	0.1111111
7.0223200e-03	0.1799591	0.8888889	0.2993197	0.0000648	0.0000631	0.1111111
7.0277700e-03	0.1803279	0.8888889	0.2998296	0.0000646	0.0000629	0.1111111
7.0510300e-03	0.1806982	0.8888889	0.3003413	0.0000645	0.0000627	0.1111111
7.0985900e-03	0.1810700	0.8888889	0.3008547	0.0000643	0.0000626	0.1111111
7.1507300e-03	0.1814433	0.8888889	0.3013699	0.0000642	0.0000624	0.1111111
7.1676700e-03	0.1818182	0.8888889	0.3018868	0.0000640	0.0000623	0.1111111
7.1806000e-03	0.1821946	0.8888889	0.3024055	0.0000638	0.0000621	0.1111111
7.3267100e-03	0.1825726	0.8888889	0.3029260	0.0000637	0.0000620	0.1111111
7.3575300e-03	0.1829522	0.8888889	0.3034483	0.0000635	0.0000618	0.1111111
7.3635900e-03	0.1833333	0.8888889	0.3039724	0.0000634	0.0000616	0.1111111
7.3653700e-03	0.1837161	0.8888889	0.3044983	0.0000632	0.0000615	0.1111111
7.5013000e-03	0.1837161	0.8787879	0.3039000	0.0000634	0.0000608	0.1212121
7.5218300e-03	0.1837161	0.8787879	0.3039000	0.0000632	0.0000608	0.1212121
7.5524300e-03	0.1837161	0.8787879	0.3039000	0.0000631	0.0000608	0.1212121
7.5725100e-03	0.1837161	0.8787879	0.3039000	0.0000629	0.0000608	0.1212121
7.7149500e-03	0.1837161	0.8787879	0.3039000	0.0000627	0.0000608	0.1212121
7.7314000e-03	0.1839323	0.8787879	0.3041958	0.0000626	0.0000607	0.1212121
7.7893500e-03	0.1843220	0.8787879	0.3047285	0.0000624	0.0000605	0.1212121
7.8255300e-03	0.1847134	0.8787879	0.3052632	0.0000623	0.0000604	0.1212121
8.3349600e-03	0.1851064	0.8787879	0.3057996	0.0000621	0.0000602	0.1212121
8.3376600e-03	0.1855011	0.8787879	0.3063380	0.0000620	0.0000601	0.1212121
8.5156100e-03	0.1855011	0.8686869	0.3057184	0.0000621	0.0000594	0.1313131
8.6162600e-03	0.1855011	0.8686869	0.3057184	0.0000620	0.0000594	0.1313131
8.6280600e-03	0.1855011	0.8686869	0.3057184	0.0000618	0.0000594	0.1313131
8.6752100e-03	0.1855011	0.8686869	0.3057184	0.0000616	0.0000594	0.1313131
8.8619600e-03	0.1855011	0.8686869	0.3057184	0.0000615	0.0000594	0.1313131
8.8984600e-03	0.1857451	0.8686869	0.3060498	0.0000613	0.0000593	0.1313131
8.9885300e-03	0.1861472	0.8686869	0.3065954	0.0000612	0.0000591	0.1313131
9.0274300e-03	0.1865510	0.8686869	0.3071429	0.0000610	0.0000590	0.1313131
9.0648000e-03	0.1869565	0.8686869	0.3076923	0.0000609	0.0000588	0.1313131
9.0981100e-03	0.1873638	0.8686869	0.3082437	0.0000607	0.0000587	0.1313131
9.1847200e-03	0.1877729	0.8686869	0.3087971	0.0000605	0.0000585	0.1313131
9.2183100e-03	0.1881838	0.8686869	0.3093525	0.0000604	0.0000583	0.1313131
9.4081800e-03	0.1885965	0.8686869	0.3099099	0.0000602	0.0000582	0.1313131
9.5493500e-03	0.1890110	0.8686869	0.3104693	0.0000601	0.0000580	0.1313131
9.7853000e-03	0.1894273	0.8686869	0.3110307	0.0000599	0.0000579	0.1313131
9.9428700e-03	0.1898455	0.8686869	0.3115942	0.0000598	0.0000577	0.1313131
9.9449500e-03	0.1902655	0.8686869	0.3121597	0.0000596	0.0000576	0.1313131
9.9915200e-03	0.1906874	0.8686869	0.3127273	0.0000594	0.0000574	0.1313131
1.0164900e-02	0.1911111	0.8686869	0.3132969	0.0000593	0.0000572	0.1313131
1.0249500e-02	0.1915367	0.8686869	0.3138686	0.0000591	0.0000571	0.1313131
1.0348200e-02	0.1919643	0.8686869	0.3144424	0.0000590	0.0000569	0.1313131
1.0361000e-02	0.1923937	0.8686869	0.3150183	0.0000588	0.0000568	0.1313131
1.0542400e-02	0.1928251	0.8686869	0.3155963	0.0000587	0.0000566	0.1313131
1.0561800e-02	0.1932584	0.8686869	0.3161765	0.0000585	0.0000565	0.1313131
1.0602700e-02	0.1936937	0.8686869	0.3167587	0.0000583	0.0000563	0.1313131
1.0671100e-02	0.1941309	0.8686869	0.3173432	0.0000582	0.0000561	0.1313131
1.0732900e-02	0.1945701	0.8686869	0.3179298	0.0000580	0.0000560	0.1313131
1.0765800e-02	0.1950113	0.8686869	0.3185185	0.0000579	0.0000558	0.1313131
1.0847700e-02	0.1954545	0.8686869	0.3191095	0.0000577	0.0000557	0.1313131
1.0860900e-02	0.1958998	0.8686869	0.3197026	0.0000576	0.0000555	0.1313131
1.0882400e-02	0.1963470	0.8686869	0.3202980	0.0000574	0.0000554	0.1313131
1.0897400e-02	0.1967963	0.8686869	0.3208955	0.0000572	0.0000552	0.1313131
1.0931600e-02	0.1972477	0.8686869	0.3214953	0.0000571	0.0000550	0.1313131
1.1390900e-02	0.1977011	0.8686869	0.3220974	0.0000569	0.0000549	0.1313131
1.1394500e-02	0.1981567	0.8686869	0.3227017	0.0000568	0.0000547	0.1313131
1.1428000e-02	0.1986143	0.8686869	0.3233083	0.0000566	0.0000546	0.1313131
1.1491100e-02	0.1990741	0.8686869	0.3239171	0.0000565	0.0000544	0.1313131
1.1512600e-02	0.1995360	0.8686869	0.3245283	0.0000563	0.0000543	0.1313131
1.1516100e-02	0.2000000	0.8686869	0.3251418	0.0000561	0.0000541	0.1313131
1.1537200e-02	0.2004662	0.8686869	0.3257576	0.0000560	0.0000539	0.1313131
1.1640800e-02	0.2009346	0.8686869	0.3263757	0.0000558	0.0000538	0.1313131
1.1795000e-02	0.2014052	0.8686869	0.3269962	0.0000557	0.0000536	0.1313131
1.1858500e-02	0.2018779	0.8686869	0.3276190	0.0000555	0.0000535	0.1313131
1.1972300e-02	0.2023529	0.8686869	0.3282443	0.0000554	0.0000533	0.1313131
1.2001700e-02	0.2028302	0.8686869	0.3288719	0.0000552	0.0000532	0.1313131
1.2227400e-02	0.2033097	0.8686869	0.3295019	0.0000550	0.0000530	0.1313131
1.2357900e-02	0.2037915	0.8686869	0.3301344	0.0000549	0.0000528	0.1313131
1.2454000e-02	0.2042755	0.8686869	0.3307692	0.0000547	0.0000527	0.1313131
1.2466300e-02	0.2047619	0.8686869	0.3314066	0.0000546	0.0000525	0.1313131
1.2704400e-02	0.2052506	0.8686869	0.3320463	0.0000544	0.0000524	0.1313131
1.2780500e-02	0.2057416	0.8686869	0.3326886	0.0000543	0.0000522	0.1313131
1.2836800e-02	0.2062350	0.8686869	0.3333333	0.0000541	0.0000521	0.1313131
1.2868000e-02	0.2067308	0.8686869	0.3339806	0.0000539	0.0000519	0.1313131
1.2896100e-02	0.2072289	0.8686869	0.3346304	0.0000538	0.0000517	0.1313131
1.2959400e-02	0.2077295	0.8686869	0.3352827	0.0000536	0.0000516	0.1313131
1.2979400e-02	0.2082324	0.8686869	0.3359375	0.0000535	0.0000514	0.1313131
1.3004200e-02	0.2087379	0.8686869	0.3365949	0.0000533	0.0000513	0.1313131
1.3051900e-02	0.2092457	0.8686869	0.3372549	0.0000532	0.0000511	0.1313131
1.3102300e-02	0.2097561	0.8686869	0.3379175	0.0000530	0.0000510	0.1313131
1.3175300e-02	0.2102689	0.8686869	0.3385827	0.0000528	0.0000508	0.1313131
1.3245800e-02	0.2107843	0.8686869	0.3392505	0.0000527	0.0000506	0.1313131
1.3255700e-02	0.2113022	0.8686869	0.3399209	0.0000525	0.0000505	0.1313131
1.3298600e-02	0.2118227	0.8686869	0.3405941	0.0000524	0.0000503	0.1313131
1.3595800e-02	0.2123457	0.8686869	0.3412698	0.0000522	0.0000502	0.1313131
1.3635400e-02	0.2128713	0.8686869	0.3419483	0.0000521	0.0000500	0.1313131
1.3717100e-02	0.2133995	0.8686869	0.3426295	0.0000519	0.0000499	0.1313131
1.3889800e-02	0.2139303	0.8686869	0.3433134	0.0000517	0.0000497	0.1313131
1.4115100e-02	0.2144638	0.8686869	0.3440000	0.0000516	0.0000495	0.1313131
1.4152000e-02	0.2150000	0.8686869	0.3446894	0.0000514	0.0000494	0.1313131
1.4353700e-02	0.2155388	0.8686869	0.3453815	0.0000513	0.0000492	0.1313131
1.5084600e-02	0.2160804	0.8686869	0.3460765	0.0000511	0.0000491	0.1313131
1.6011900e-02	0.2166247	0.8686869	0.3467742	0.0000510	0.0000489	0.1313131
1.6068400e-02	0.2171717	0.8686869	0.3474747	0.0000508	0.0000488	0.1313131
1.6085900e-02	0.2177215	0.8686869	0.3481781	0.0000506	0.0000486	0.1313131
1.6780600e-02	0.2182741	0.8686869	0.3488844	0.0000505	0.0000484	0.1313131
1.6938100e-02	0.2188295	0.8686869	0.3495935	0.0000503	0.0000483	0.1313131
1.6965500e-02	0.2193878	0.8686869	0.3503055	0.0000502	0.0000481	0.1313131
1.7086800e-02	0.2199488	0.8686869	0.3510204	0.0000500	0.0000480	0.1313131
1.7401000e-02	0.2205128	0.8686869	0.3517382	0.0000499	0.0000478	0.1313131
1.7486900e-02	0.2210797	0.8686869	0.3524590	0.0000497	0.0000477	0.1313131
1.7566800e-02	0.2210797	0.8585859	0.3516198	0.0000499	0.0000471	0.1414141
1.7645300e-02	0.2210797	0.8585859	0.3516198	0.0000497	0.0000471	0.1414141
1.7868000e-02	0.2210797	0.8585859	0.3516198	0.0000495	0.0000471	0.1414141
1.8431900e-02	0.2210797	0.8585859	0.3516198	0.0000494	0.0000471	0.1414141
1.8518700e-02	0.2213542	0.8585859	0.3519669	0.0000492	0.0000470	0.1414141
1.8540100e-02	0.2219321	0.8585859	0.3526971	0.0000491	0.0000469	0.1414141
1.9181000e-02	0.2225131	0.8585859	0.3534304	0.0000489	0.0000467	0.1414141
1.9658700e-02	0.2230971	0.8585859	0.3541667	0.0000488	0.0000465	0.1414141
1.9806800e-02	0.2236842	0.8585859	0.3549061	0.0000486	0.0000464	0.1414141
1.9909400e-02	0.2242744	0.8585859	0.3556485	0.0000484	0.0000462	0.1414141
2.0241300e-02	0.2248677	0.8585859	0.3563941	0.0000483	0.0000461	0.1414141
2.0804200e-02	0.2254642	0.8585859	0.3571429	0.0000481	0.0000459	0.1414141
2.0884400e-02	0.2260638	0.8585859	0.3578947	0.0000480	0.0000458	0.1414141
2.1184900e-02	0.2266667	0.8585859	0.3586498	0.0000478	0.0000456	0.1414141
2.1747000e-02	0.2272727	0.8585859	0.3594080	0.0000476	0.0000454	0.1414141
2.2544100e-02	0.2278820	0.8585859	0.3601695	0.0000475	0.0000453	0.1414141
2.2775800e-02	0.2284946	0.8585859	0.3609342	0.0000473	0.0000451	0.1414141
2.3281900e-02	0.2291105	0.8585859	0.3617021	0.0000472	0.0000450	0.1414141
2.3972600e-02	0.2297297	0.8585859	0.3624733	0.0000470	0.0000448	0.1414141
2.4024300e-02	0.2303523	0.8585859	0.3632479	0.0000469	0.0000447	0.1414141
2.4553100e-02	0.2309783	0.8585859	0.3640257	0.0000467	0.0000445	0.1414141
2.4554200e-02	0.2316076	0.8585859	0.3648069	0.0000465	0.0000443	0.1414141
2.4597500e-02	0.2322404	0.8585859	0.3655914	0.0000464	0.0000442	0.1414141
2.4819600e-02	0.2328767	0.8585859	0.3663793	0.0000462	0.0000440	0.1414141
2.4828500e-02	0.2335165	0.8585859	0.3671706	0.0000461	0.0000439	0.1414141
2.4942500e-02	0.2341598	0.8585859	0.3679654	0.0000459	0.0000437	0.1414141
2.5358800e-02	0.2348066	0.8585859	0.3687636	0.0000458	0.0000436	0.1414141
2.5445300e-02	0.2354571	0.8585859	0.3695652	0.0000456	0.0000434	0.1414141
2.5674000e-02	0.2361111	0.8585859	0.3703704	0.0000454	0.0000432	0.1414141
2.6393100e-02	0.2367688	0.8585859	0.3711790	0.0000453	0.0000431	0.1414141
2.6509900e-02	0.2374302	0.8585859	0.3719912	0.0000451	0.0000429	0.1414141
2.6594400e-02	0.2380952	0.8585859	0.3728070	0.0000450	0.0000428	0.1414141
2.6625700e-02	0.2387640	0.8585859	0.3736264	0.0000448	0.0000426	0.1414141
2.6764600e-02	0.2394366	0.8585859	0.3744493	0.0000447	0.0000425	0.1414141
2.6804800e-02	0.2401130	0.8585859	0.3752759	0.0000445	0.0000423	0.1414141
2.7304800e-02	0.2407932	0.8585859	0.3761062	0.0000443	0.0000421	0.1414141
2.7321400e-02	0.2414773	0.8585859	0.3769401	0.0000442	0.0000420	0.1414141
2.7408900e-02	0.2421652	0.8585859	0.3777778	0.0000440	0.0000418	0.1414141
2.7465300e-02	0.2428571	0.8585859	0.3786192	0.0000439	0.0000417	0.1414141
2.7501800e-02	0.2435530	0.8585859	0.3794643	0.0000437	0.0000415	0.1414141
2.7512800e-02	0.2442529	0.8585859	0.3803132	0.0000436	0.0000414	0.1414141
2.7607200e-02	0.2449568	0.8585859	0.3811659	0.0000434	0.0000412	0.1414141
2.8337500e-02	0.2456647	0.8585859	0.3820225	0.0000432	0.0000410	0.1414141
2.8581000e-02	0.2463768	0.8585859	0.3828829	0.0000431	0.0000409	0.1414141
2.8647800e-02	0.2470930	0.8585859	0.3837472	0.0000429	0.0000407	0.1414141
2.8715200e-02	0.2478134	0.8585859	0.3846154	0.0000428	0.0000406	0.1414141
2.8886500e-02	0.2485380	0.8585859	0.3854875	0.0000426	0.0000404	0.1414141
3.0199700e-02	0.2492669	0.8585859	0.3863636	0.0000425	0.0000403	0.1414141
3.0340900e-02	0.2500000	0.8585859	0.3872437	0.0000423	0.0000401	0.1414141
3.0381100e-02	0.2500000	0.8484848	0.3862069	0.0000425	0.0000396	0.1515152
3.1392300e-02	0.2500000	0.8484848	0.3862069	0.0000423	0.0000396	0.1515152
3.1753500e-02	0.2500000	0.8484848	0.3862069	0.0000421	0.0000396	0.1515152
3.3175400e-02	0.2500000	0.8484848	0.3862069	0.0000420	0.0000396	0.1515152
3.3294400e-02	0.2507463	0.8484848	0.3870968	0.0000418	0.0000395	0.1515152
3.3750900e-02	0.2514970	0.8484848	0.3879908	0.0000417	0.0000393	0.1515152
3.4120400e-02	0.2522523	0.8484848	0.3888889	0.0000415	0.0000392	0.1515152
3.4396200e-02	0.2530120	0.8484848	0.3897912	0.0000414	0.0000390	0.1515152
3.5177100e-02	0.2537764	0.8484848	0.3906977	0.0000412	0.0000388	0.1515152
3.5773500e-02	0.2545455	0.8484848	0.3916084	0.0000410	0.0000387	0.1515152
3.5933600e-02	0.2553191	0.8484848	0.3925234	0.0000409	0.0000385	0.1515152
3.5958100e-02	0.2560976	0.8484848	0.3934426	0.0000407	0.0000384	0.1515152
3.8271000e-02	0.2568807	0.8484848	0.3943662	0.0000406	0.0000382	0.1515152
3.8720300e-02	0.2576687	0.8484848	0.3952941	0.0000404	0.0000381	0.1515152
3.9502200e-02	0.2584615	0.8484848	0.3962264	0.0000403	0.0000379	0.1515152
3.9997100e-02	0.2592593	0.8484848	0.3971631	0.0000401	0.0000377	0.1515152
4.1050900e-02	0.2600619	0.8484848	0.3981043	0.0000399	0.0000376	0.1515152
4.1937200e-02	0.2608696	0.8484848	0.3990499	0.0000398	0.0000374	0.1515152
4.2248800e-02	0.2616822	0.8484848	0.4000000	0.0000396	0.0000373	0.1515152
4.4204500e-02	0.2625000	0.8484848	0.4009547	0.0000395	0.0000371	0.1515152
4.4501100e-02	0.2633229	0.8484848	0.4019139	0.0000393	0.0000370	0.1515152
4.5479400e-02	0.2641509	0.8484848	0.4028777	0.0000392	0.0000368	0.1515152
4.6297300e-02	0.2649842	0.8484848	0.4038462	0.0000390	0.0000366	0.1515152
4.6359000e-02	0.2658228	0.8484848	0.4048193	0.0000388	0.0000365	0.1515152
4.6365600e-02	0.2666667	0.8484848	0.4057971	0.0000387	0.0000363	0.1515152
4.6982900e-02	0.2675159	0.8484848	0.4067797	0.0000385	0.0000362	0.1515152
4.7308000e-02	0.2683706	0.8484848	0.4077670	0.0000384	0.0000360	0.1515152
4.7818200e-02	0.2692308	0.8484848	0.4087591	0.0000382	0.0000359	0.1515152
4.9182800e-02	0.2700965	0.8484848	0.4097561	0.0000381	0.0000357	0.1515152
4.9254000e-02	0.2709677	0.8484848	0.4107579	0.0000379	0.0000355	0.1515152
4.9412400e-02	0.2718447	0.8484848	0.4117647	0.0000377	0.0000354	0.1515152
4.9681400e-02	0.2727273	0.8484848	0.4127764	0.0000376	0.0000352	0.1515152
4.9787000e-02	0.2736156	0.8484848	0.4137931	0.0000374	0.0000351	0.1515152
4.9800500e-02	0.2745098	0.8484848	0.4148148	0.0000373	0.0000349	0.1515152
5.0586500e-02	0.2754098	0.8484848	0.4158416	0.0000371	0.0000348	0.1515152
5.1587000e-02	0.2763158	0.8484848	0.4168734	0.0000370	0.0000346	0.1515152
5.3084800e-02	0.2772277	0.8484848	0.4179104	0.0000368	0.0000344	0.1515152
5.3468000e-02	0.2781457	0.8484848	0.4189526	0.0000366	0.0000343	0.1515152
5.5009000e-02	0.2790698	0.8484848	0.4200000	0.0000365	0.0000341	0.1515152
5.5010000e-02	0.2800000	0.8484848	0.4210526	0.0000363	0.0000340	0.1515152
5.5955900e-02	0.2809365	0.8484848	0.4221106	0.0000362	0.0000338	0.1515152
5.6016400e-02	0.2818792	0.8484848	0.4231738	0.0000360	0.0000337	0.1515152
5.6530600e-02	0.2828283	0.8484848	0.4242424	0.0000359	0.0000335	0.1515152
5.6636600e-02	0.2837838	0.8484848	0.4253165	0.0000357	0.0000333	0.1515152
5.8602200e-02	0.2847458	0.8484848	0.4263959	0.0000355	0.0000332	0.1515152
5.9010500e-02	0.2857143	0.8484848	0.4274809	0.0000354	0.0000330	0.1515152
6.3451000e-02	0.2866894	0.8484848	0.4285714	0.0000352	0.0000329	0.1515152
6.4711100e-02	0.2876712	0.8484848	0.4296675	0.0000351	0.0000327	0.1515152
6.8463000e-02	0.2886598	0.8484848	0.4307692	0.0000349	0.0000326	0.1515152
6.9451900e-02	0.2896552	0.8484848	0.4318766	0.0000348	0.0000324	0.1515152
6.9454000e-02	0.2906574	0.8484848	0.4329897	0.0000346	0.0000322	0.1515152
7.0561200e-02	0.2916667	0.8484848	0.4341085	0.0000344	0.0000321	0.1515152
7.2314000e-02	0.2926829	0.8484848	0.4352332	0.0000343	0.0000319	0.1515152
7.3410900e-02	0.2937063	0.8484848	0.4363636	0.0000341	0.0000318	0.1515152
7.4075300e-02	0.2947368	0.8484848	0.4375000	0.0000340	0.0000316	0.1515152
7.4156700e-02	0.2957746	0.8484848	0.4386423	0.0000338	0.0000315	0.1515152
7.9717000e-02	0.2968198	0.8484848	0.4397906	0.0000337	0.0000313	0.1515152
7.9757600e-02	0.2978723	0.8484848	0.4409449	0.0000335	0.0000311	0.1515152
8.0076800e-02	0.2989324	0.8484848	0.4421053	0.0000333	0.0000310	0.1515152
8.1029000e-02	0.3000000	0.8484848	0.4432718	0.0000332	0.0000308	0.1515152
8.6726900e-02	0.3010753	0.8484848	0.4444444	0.0000330	0.0000307	0.1515152
8.7066400e-02	0.3021583	0.8484848	0.4456233	0.0000329	0.0000305	0.1515152
8.8201600e-02	0.3032491	0.8484848	0.4468085	0.0000327	0.0000304	0.1515152
8.8547400e-02	0.3043478	0.8484848	0.4480000	0.0000326	0.0000302	0.1515152
8.9951000e-02	0.3054545	0.8484848	0.4491979	0.0000324	0.0000300	0.1515152
9.0129000e-02	0.3065693	0.8484848	0.4504021	0.0000322	0.0000299	0.1515152
9.4871300e-02	0.3076923	0.8484848	0.4516129	0.0000321	0.0000297	0.1515152
9.5849300e-02	0.3088235	0.8484848	0.4528302	0.0000319	0.0000296	0.1515152
9.6825800e-02	0.3099631	0.8484848	0.4540541	0.0000318	0.0000294	0.1515152
9.7383500e-02	0.3111111	0.8484848	0.4552846	0.0000316	0.0000293	0.1515152
9.9531200e-02	0.3122677	0.8484848	0.4565217	0.0000315	0.0000291	0.1515152
1.0725400e-01	0.3134328	0.8484848	0.4577657	0.0000313	0.0000289	0.1515152
1.1157900e-01	0.3146067	0.8484848	0.4590164	0.0000311	0.0000288	0.1515152
1.1398300e-01	0.3157895	0.8484848	0.4602740	0.0000310	0.0000286	0.1515152
1.1449400e-01	0.3169811	0.8484848	0.4615385	0.0000308	0.0000285	0.1515152
1.1669600e-01	0.3181818	0.8484848	0.4628099	0.0000307	0.0000283	0.1515152
1.1756400e-01	0.3193916	0.8484848	0.4640884	0.0000305	0.0000281	0.1515152
1.2031300e-01	0.3206107	0.8484848	0.4653740	0.0000304	0.0000280	0.1515152
1.2195700e-01	0.3206107	0.8383838	0.4638414	0.0000305	0.0000277	0.1616162
1.2643100e-01	0.3206107	0.8383838	0.4638414	0.0000304	0.0000277	0.1616162
1.2686900e-01	0.3206107	0.8383838	0.4638414	0.0000302	0.0000277	0.1616162
1.2743600e-01	0.3217054	0.8383838	0.4649860	0.0000300	0.0000275	0.1616162
1.3497500e-01	0.3229572	0.8383838	0.4662921	0.0000299	0.0000274	0.1616162
1.3669900e-01	0.3242188	0.8383838	0.4676056	0.0000297	0.0000272	0.1616162
1.4006500e-01	0.3254902	0.8383838	0.4689266	0.0000296	0.0000270	0.1616162
1.4013700e-01	0.3267717	0.8383838	0.4702550	0.0000294	0.0000269	0.1616162
1.4286400e-01	0.3280632	0.8383838	0.4715909	0.0000293	0.0000267	0.1616162
1.4509800e-01	0.3293651	0.8383838	0.4729345	0.0000291	0.0000266	0.1616162
1.4777900e-01	0.3306773	0.8383838	0.4742857	0.0000289	0.0000264	0.1616162
1.5124600e-01	0.3320000	0.8383838	0.4756447	0.0000288	0.0000263	0.1616162
1.5168100e-01	0.3333333	0.8383838	0.4770115	0.0000286	0.0000261	0.1616162
1.5980800e-01	0.3346774	0.8383838	0.4783862	0.0000285	0.0000259	0.1616162
1.6222900e-01	0.3360324	0.8383838	0.4797688	0.0000283	0.0000258	0.1616162
1.6240500e-01	0.3373984	0.8383838	0.4811594	0.0000281	0.0000256	0.1616162
1.6425400e-01	0.3387755	0.8383838	0.4825581	0.0000280	0.0000255	0.1616162
1.6868900e-01	0.3401639	0.8383838	0.4839650	0.0000278	0.0000253	0.1616162
1.7547200e-01	0.3415638	0.8383838	0.4853801	0.0000277	0.0000252	0.1616162
1.7571300e-01	0.3429752	0.8383838	0.4868035	0.0000275	0.0000250	0.1616162
1.7680300e-01	0.3443983	0.8383838	0.4882353	0.0000274	0.0000248	0.1616162
1.7723600e-01	0.3458333	0.8383838	0.4896755	0.0000272	0.0000247	0.1616162
1.8265000e-01	0.3472803	0.8383838	0.4911243	0.0000270	0.0000245	0.1616162
1.9475200e-01	0.3487395	0.8383838	0.4925816	0.0000269	0.0000244	0.1616162
1.9526300e-01	0.3502110	0.8383838	0.4940476	0.0000267	0.0000242	0.1616162
2.0278900e-01	0.3516949	0.8383838	0.4955224	0.0000266	0.0000241	0.1616162
2.0467200e-01	0.3531915	0.8383838	0.4970060	0.0000264	0.0000239	0.1616162
2.2064100e-01	0.3547009	0.8383838	0.4984985	0.0000263	0.0000237	0.1616162
2.2382000e-01	0.3562232	0.8383838	0.5000000	0.0000261	0.0000236	0.1616162
2.2721000e-01	0.3577586	0.8383838	0.5015106	0.0000259	0.0000234	0.1616162
2.2786500e-01	0.3593074	0.8383838	0.5030303	0.0000258	0.0000233	0.1616162
2.2894100e-01	0.3608696	0.8383838	0.5045593	0.0000256	0.0000231	0.1616162
2.3116300e-01	0.3624454	0.8383838	0.5060976	0.0000255	0.0000230	0.1616162
2.4363100e-01	0.3640351	0.8383838	0.5076453	0.0000253	0.0000228	0.1616162
2.4509400e-01	0.3656388	0.8383838	0.5092025	0.0000252	0.0000226	0.1616162
2.4575800e-01	0.3672566	0.8383838	0.5107692	0.0000250	0.0000225	0.1616162
2.5922300e-01	0.3688889	0.8383838	0.5123457	0.0000248	0.0000223	0.1616162
2.6867500e-01	0.3705357	0.8383838	0.5139319	0.0000247	0.0000222	0.1616162
2.6922300e-01	0.3721973	0.8383838	0.5155280	0.0000245	0.0000220	0.1616162
2.7136400e-01	0.3738739	0.8383838	0.5171340	0.0000244	0.0000219	0.1616162
2.7279400e-01	0.3738739	0.8282828	0.5151962	0.0000245	0.0000216	0.1717172
2.8943100e-01	0.3738739	0.8282828	0.5151962	0.0000244	0.0000216	0.1717172
2.9485900e-01	0.3744292	0.8282828	0.5157233	0.0000242	0.0000215	0.1717172
3.0655200e-01	0.3761468	0.8282828	0.5173502	0.0000241	0.0000214	0.1717172
3.1136900e-01	0.3761468	0.8181818	0.5153631	0.0000242	0.0000211	0.1818182
3.1771800e-01	0.3761468	0.8181818	0.5153631	0.0000241	0.0000211	0.1818182
3.1810300e-01	0.3767442	0.8181818	0.5159236	0.0000239	0.0000211	0.1818182
3.2966400e-01	0.3767442	0.8080808	0.5138983	0.0000241	0.0000208	0.1919192
3.4065300e-01	0.3767442	0.8080808	0.5138983	0.0000239	0.0000208	0.1919192
3.7632000e-01	0.3767442	0.7979798	0.5118381	0.0000241	0.0000206	0.2020202
3.8097300e-01	0.3767442	0.7979798	0.5118381	0.0000239	0.0000206	0.2020202
3.9309400e-01	0.3767442	0.7979798	0.5118381	0.0000237	0.0000206	0.2020202
3.9570800e-01	0.3779904	0.7979798	0.5129870	0.0000236	0.0000204	0.2020202
4.3116000e-01	0.3798077	0.7979798	0.5146580	0.0000234	0.0000203	0.2020202
4.3158700e-01	0.3816425	0.7979798	0.5163399	0.0000233	0.0000201	0.2020202
4.3208900e-01	0.3834951	0.7979798	0.5180328	0.0000231	0.0000200	0.2020202
4.3704900e-01	0.3853659	0.7979798	0.5197368	0.0000230	0.0000198	0.2020202
4.3719100e-01	0.3872549	0.7979798	0.5214521	0.0000228	0.0000197	0.2020202
4.4579400e-01	0.3891626	0.7979798	0.5231788	0.0000226	0.0000195	0.2020202
4.6089100e-01	0.3910891	0.7979798	0.5249169	0.0000225	0.0000193	0.2020202
4.7571900e-01	0.3930348	0.7979798	0.5266667	0.0000223	0.0000192	0.2020202
4.8831900e-01	0.3950000	0.7979798	0.5284281	0.0000222	0.0000190	0.2020202
4.9644900e-01	0.3969849	0.7979798	0.5302013	0.0000220	0.0000189	0.2020202
5.0934900e-01	0.3989899	0.7979798	0.5319865	0.0000219	0.0000187	0.2020202
5.1667100e-01	0.4010152	0.7979798	0.5337838	0.0000217	0.0000186	0.2020202
5.2842000e-01	0.4030612	0.7979798	0.5355932	0.0000215	0.0000184	0.2020202
5.3583100e-01	0.4051282	0.7979798	0.5374150	0.0000214	0.0000182	0.2020202
5.5305600e-01	0.4072165	0.7979798	0.5392491	0.0000212	0.0000181	0.2020202
5.6139800e-01	0.4093264	0.7979798	0.5410959	0.0000211	0.0000179	0.2020202
5.7750700e-01	0.4114583	0.7979798	0.5429553	0.0000209	0.0000178	0.2020202
5.8768300e-01	0.4136126	0.7979798	0.5448276	0.0000208	0.0000176	0.2020202
6.0157900e-01	0.4136126	0.7878788	0.5424535	0.0000209	0.0000174	0.2121212
6.0908400e-01	0.4136126	0.7777778	0.5400391	0.0000211	0.0000172	0.2222222
6.1169400e-01	0.4136126	0.7777778	0.5400391	0.0000209	0.0000172	0.2222222
6.3775700e-01	0.4136126	0.7777778	0.5400391	0.0000208	0.0000172	0.2222222
6.5556800e-01	0.4139785	0.7777778	0.5403509	0.0000206	0.0000171	0.2222222
6.5915900e-01	0.4162162	0.7777778	0.5422535	0.0000204	0.0000170	0.2222222
6.6210600e-01	0.4184783	0.7777778	0.5441696	0.0000203	0.0000168	0.2222222
6.8995500e-01	0.4184783	0.7676768	0.5416763	0.0000204	0.0000166	0.2323232
6.9169800e-01	0.4184783	0.7676768	0.5416763	0.0000203	0.0000166	0.2323232
6.9392100e-01	0.4198895	0.7676768	0.5428571	0.0000201	0.0000165	0.2323232
6.9960700e-01	0.4222222	0.7676768	0.5448029	0.0000200	0.0000164	0.2323232
7.1883800e-01	0.4245810	0.7676768	0.5467626	0.0000198	0.0000162	0.2323232
7.2063400e-01	0.4269663	0.7676768	0.5487365	0.0000197	0.0000160	0.2323232
7.3616300e-01	0.4293785	0.7676768	0.5507246	0.0000195	0.0000159	0.2323232
7.4510300e-01	0.4318182	0.7676768	0.5527273	0.0000193	0.0000157	0.2323232
7.6120100e-01	0.4342857	0.7676768	0.5547445	0.0000192	0.0000156	0.2323232
7.7275600e-01	0.4367816	0.7676768	0.5567766	0.0000190	0.0000154	0.2323232
7.7288400e-01	0.4393064	0.7676768	0.5588235	0.0000189	0.0000153	0.2323232
7.7862800e-01	0.4418605	0.7676768	0.5608856	0.0000187	0.0000151	0.2323232
7.8036500e-01	0.4444444	0.7676768	0.5629630	0.0000186	0.0000149	0.2323232
7.8097200e-01	0.4470588	0.7676768	0.5650558	0.0000184	0.0000148	0.2323232
8.2522900e-01	0.4497041	0.7676768	0.5671642	0.0000182	0.0000146	0.2323232
8.3235700e-01	0.4523810	0.7676768	0.5692884	0.0000181	0.0000145	0.2323232
8.5095200e-01	0.4550898	0.7676768	0.5714286	0.0000179	0.0000143	0.2323232
8.5490200e-01	0.4578313	0.7676768	0.5735849	0.0000178	0.0000142	0.2323232
8.7569800e-01	0.4606061	0.7676768	0.5757576	0.0000176	0.0000140	0.2323232
8.8224800e-01	0.4634146	0.7676768	0.5779468	0.0000175	0.0000138	0.2323232
8.8588700e-01	0.4662577	0.7676768	0.5801527	0.0000173	0.0000137	0.2323232
9.1159800e-01	0.4691358	0.7676768	0.5823755	0.0000171	0.0000135	0.2323232
9.1275600e-01	0.4720497	0.7676768	0.5846154	0.0000170	0.0000134	0.2323232
9.1277000e-01	0.4720497	0.7575758	0.5816623	0.0000171	0.0000132	0.2424242
9.1544300e-01	0.4720497	0.7474747	0.5786604	0.0000173	0.0000130	0.2525253
9.1591000e-01	0.4720497	0.7474747	0.5786604	0.0000171	0.0000130	0.2525253
9.1718800e-01	0.4720497	0.7474747	0.5786604	0.0000170	0.0000130	0.2525253
9.2377600e-01	0.4743590	0.7474747	0.5803922	0.0000168	0.0000129	0.2525253
9.2469600e-01	0.4774194	0.7474747	0.5826772	0.0000167	0.0000127	0.2525253
9.2584300e-01	0.4805195	0.7474747	0.5849802	0.0000165	0.0000126	0.2525253
9.2639400e-01	0.4836601	0.7474747	0.5873016	0.0000164	0.0000124	0.2525253
9.2777800e-01	0.4868421	0.7474747	0.5896414	0.0000162	0.0000123	0.2525253
9.3080400e-01	0.4900662	0.7474747	0.5920000	0.0000160	0.0000121	0.2525253
9.3485000e-01	0.4933333	0.7474747	0.5943775	0.0000159	0.0000120	0.2525253
9.4349500e-01	0.4933333	0.7373737	0.5911578	0.0000160	0.0000118	0.2626263
9.4514500e-01	0.4933333	0.7373737	0.5911578	0.0000159	0.0000118	0.2626263
9.5193300e-01	0.4965986	0.7373737	0.5934959	0.0000157	0.0000116	0.2626263
9.5481600e-01	0.5000000	0.7373737	0.5959184	0.0000156	0.0000115	0.2626263
9.5649000e-01	0.5000000	0.7272727	0.5925926	0.0000157	0.0000113	0.2727273
9.5948400e-01	0.5000000	0.7272727	0.5925926	0.0000156	0.0000113	0.2727273
9.6278600e-01	0.5034965	0.7272727	0.5950413	0.0000154	0.0000112	0.2727273
9.6298900e-01	0.5070423	0.7272727	0.5975104	0.0000153	0.0000110	0.2727273
9.6396000e-01	0.5070423	0.7171717	0.5940732	0.0000154	0.0000109	0.2828283
9.6420400e-01	0.5071429	0.7171717	0.5941423	0.0000153	0.0000109	0.2828283
9.6539400e-01	0.5107914	0.7171717	0.5966387	0.0000151	0.0000107	0.2828283
9.7150600e-01	0.5144928	0.7171717	0.5991561	0.0000149	0.0000105	0.2828283
9.7281800e-01	0.5144928	0.7070707	0.5956019	0.0000151	0.0000104	0.2929293
9.7336200e-01	0.5144928	0.6969697	0.5919884	0.0000153	0.0000102	0.3030303
9.7384900e-01	0.5144928	0.6969697	0.5919884	0.0000151	0.0000102	0.3030303
9.7412300e-01	0.5149254	0.6969697	0.5922747	0.0000149	0.0000102	0.3030303
9.7505000e-01	0.5187970	0.6969697	0.5948276	0.0000148	0.0000101	0.3030303
9.7516200e-01	0.5227273	0.6969697	0.5974026	0.0000146	0.0000099	0.3030303
9.7730000e-01	0.5267176	0.6969697	0.6000000	0.0000145	0.0000098	0.3030303
9.7853400e-01	0.5267176	0.6868687	0.5962259	0.0000146	0.0000096	0.3131313
9.7905300e-01	0.5271318	0.6868687	0.5964912	0.0000145	0.0000096	0.3131313
9.8211800e-01	0.5312500	0.6868687	0.5991189	0.0000143	0.0000094	0.3131313
9.8381700e-01	0.5354331	0.6868687	0.6017699	0.0000142	0.0000093	0.3131313
9.8565900e-01	0.5396825	0.6868687	0.6044444	0.0000140	0.0000091	0.3131313
9.8572700e-01	0.5440000	0.6868687	0.6071429	0.0000138	0.0000090	0.3131313
9.8712600e-01	0.5483871	0.6868687	0.6098655	0.0000137	0.0000088	0.3131313
9.8755800e-01	0.5483871	0.6767677	0.6058511	0.0000138	0.0000087	0.3232323
9.8776200e-01	0.5483871	0.6666667	0.6017699	0.0000140	0.0000085	0.3333333
9.9044200e-01	0.5483871	0.6666667	0.6017699	0.0000138	0.0000085	0.3333333
9.9085500e-01	0.5500000	0.6666667	0.6027397	0.0000137	0.0000085	0.3333333
9.9227400e-01	0.5500000	0.6565657	0.5985768	0.0000138	0.0000084	0.3434343
9.9253800e-01	0.5500000	0.6464646	0.5943436	0.0000140	0.0000082	0.3535354
9.9295500e-01	0.5500000	0.6363636	0.5900383	0.0000142	0.0000081	0.3636364
9.9314900e-01	0.5500000	0.6363636	0.5900383	0.0000140	0.0000081	0.3636364
9.9361800e-01	0.5500000	0.6363636	0.5900383	0.0000138	0.0000081	0.3636364
9.9390400e-01	0.5526316	0.6363636	0.5915493	0.0000137	0.0000080	0.3636364
9.9491600e-01	0.5575221	0.6363636	0.5943396	0.0000135	0.0000079	0.3636364
9.9501700e-01	0.5625000	0.6363636	0.5971564	0.0000134	0.0000077	0.3636364
9.9534300e-01	0.5675676	0.6363636	0.6000000	0.0000132	0.0000075	0.3636364
9.9610800e-01	0.5675676	0.6262626	0.5954722	0.0000134	0.0000074	0.3737374
9.9611500e-01	0.5675676	0.6161616	0.5908672	0.0000135	0.0000073	0.3838384
9.9631000e-01	0.5675676	0.6161616	0.5908672	0.0000134	0.0000073	0.3838384
9.9655100e-01	0.5675676	0.6060606	0.5861828	0.0000135	0.0000072	0.3939394
9.9686800e-01	0.5675676	0.6060606	0.5861828	0.0000134	0.0000072	0.3939394
9.9744700e-01	0.5675676	0.5959596	0.5814172	0.0000135	0.0000071	0.4040404
9.9753600e-01	0.5675676	0.5959596	0.5814172	0.0000134	0.0000071	0.4040404
9.9763300e-01	0.5675676	0.5858586	0.5765680	0.0000135	0.0000069	0.4141414
9.9773800e-01	0.5675676	0.5757576	0.5716332	0.0000137	0.0000068	0.4242424
9.9796600e-01	0.5675676	0.5656566	0.5666105	0.0000138	0.0000067	0.4343434
9.9804000e-01	0.5675676	0.5656566	0.5666105	0.0000137	0.0000067	0.4343434
9.9827400e-01	0.5675676	0.5656566	0.5666105	0.0000135	0.0000067	0.4343434
9.9827500e-01	0.5714286	0.5656566	0.5685279	0.0000134	0.0000066	0.4343434
9.9840600e-01	0.5773196	0.5656566	0.5714286	0.0000132	0.0000064	0.4343434
9.9856300e-01	0.5773196	0.5555556	0.5662285	0.0000134	0.0000063	0.4444444
9.9858500e-01	0.5789474	0.5555556	0.5670103	0.0000132	0.0000063	0.4444444
9.9883700e-01	0.5789474	0.5454545	0.5617021	0.0000134	0.0000062	0.4545455
9.9885800e-01	0.5789474	0.5353535	0.5562977	0.0000135	0.0000061	0.4646465
9.9901800e-01	0.5789474	0.5353535	0.5562977	0.0000134	0.0000061	0.4646465
9.9902400e-01	0.5789474	0.5252525	0.5507944	0.0000135	0.0000059	0.4747475
9.9906100e-01	0.5789474	0.5151515	0.5451895	0.0000137	0.0000058	0.4848485
9.9908500e-01	0.5789474	0.5151515	0.5451895	0.0000135	0.0000058	0.4848485
9.9917100e-01	0.5789474	0.5050505	0.5394801	0.0000137	0.0000057	0.4949495
9.9919400e-01	0.5789474	0.5050505	0.5394801	0.0000135	0.0000057	0.4949495
9.9925400e-01	0.5813953	0.5050505	0.5405405	0.0000134	0.0000057	0.4949495
9.9928200e-01	0.5882353	0.5050505	0.5434783	0.0000132	0.0000055	0.4949495
9.9931500e-01	0.5882353	0.4949495	0.5375754	0.0000134	0.0000054	0.5050505
9.9942000e-01	0.5903614	0.4949495	0.5384615	0.0000132	0.0000053	0.5050505
9.9944000e-01	0.5975610	0.4949495	0.5414365	0.0000131	0.0000052	0.5050505
9.9949000e-01	0.6049383	0.4949495	0.5444444	0.0000129	0.0000050	0.5050505
9.9949100e-01	0.6049383	0.4848485	0.5382767	0.0000131	0.0000049	0.5151515
9.9951100e-01	0.6075949	0.4848485	0.5393258	0.0000129	0.0000049	0.5151515
9.9953000e-01	0.6075949	0.4747475	0.5330183	0.0000131	0.0000048	0.5252525
9.9955200e-01	0.6103896	0.4747475	0.5340909	0.0000129	0.0000047	0.5252525
9.9959200e-01	0.6103896	0.4646465	0.5276388	0.0000131	0.0000046	0.5353535
9.9962100e-01	0.6103896	0.4545455	0.5210643	0.0000132	0.0000045	0.5454545
9.9971300e-01	0.6103896	0.4444444	0.5143639	0.0000134	0.0000044	0.5555556
9.9972300e-01	0.6103896	0.4343434	0.5075339	0.0000135	0.0000043	0.5656566
9.9972500e-01	0.6103896	0.4343434	0.5075339	0.0000134	0.0000043	0.5656566
9.9972600e-01	0.6103896	0.4343434	0.5075339	0.0000132	0.0000043	0.5656566
9.9973200e-01	0.6103896	0.4242424	0.5005706	0.0000134	0.0000042	0.5757576
9.9976700e-01	0.6103896	0.4141414	0.4934699	0.0000135	0.0000041	0.5858586
9.9978400e-01	0.6103896	0.4040404	0.4862279	0.0000137	0.0000040	0.5959596
9.9982300e-01	0.6103896	0.3838384	0.4713023	0.0000140	0.0000038	0.6161616
9.9982400e-01	0.6103896	0.3636364	0.4557576	0.0000143	0.0000036	0.6363636
9.9982700e-01	0.6103896	0.3535354	0.4477409	0.0000145	0.0000035	0.6464646
9.9982900e-01	0.6103896	0.3535354	0.4477409	0.0000143	0.0000035	0.6464646
9.9985500e-01	0.6103896	0.3434343	0.4395544	0.0000145	0.0000034	0.6565657
9.9987600e-01	0.6103896	0.3333333	0.4311927	0.0000146	0.0000033	0.6666667
9.9988000e-01	0.6103896	0.3232323	0.4226500	0.0000148	0.0000032	0.6767677
9.9994200e-01	0.6103896	0.3131313	0.4139205	0.0000149	0.0000031	0.6868687
9.9994900e-01	0.6103896	0.3030303	0.4049978	0.0000151	0.0000030	0.6969697
9.9995400e-01	0.6103896	0.2929293	0.3958757	0.0000153	0.0000029	0.7070707
9.9995700e-01	0.6103896	0.2727273	0.3770053	0.0000156	0.0000027	0.7272727
9.9996400e-01	0.6103896	0.2727273	0.3770053	0.0000154	0.0000027	0.7272727
9.9997500e-01	0.6103896	0.2626263	0.3672427	0.0000156	0.0000026	0.7373737
1.0000000e+00	0.6103896	0.2626263	0.3672427	0.0000154	0.0000026	0.7373737
1.0000000	0.6103896	0.0000000	0.0000000	0.0000154	0.0000000	1.0000000
