0,1.60232e+09,6.28888e+06,3.03757e+08,3.92081e+08,1.49889e+08,-2.40208e+06,-6.46039e+07,0.000766477,0.000145304,2.70323e-28
0,2.03025e+09,8.85526e+07,3.03562e+08,1.14431e+10,1.116e+09,-2.98001e+08,-7.40965e+08,0.000940326,0.000140597,8.35029e-23
0,2.15946e+09,5.46642e+07,3.02758e+08,1.10506e+10,-1.21969e+09,-1.38264e+08,-7.46574e+08,0.00101518,0.000142329,1.04481e-22
0,1.9347e+09,-2.09707e+07,3.05598e+08,1.74047e+10,-4.08116e+08,7.37778e+08,1.43552e+08,0.00102331,0.000161639,-1.73659e-22
0,2.09074e+09,6.72924e+07,3.06606e+08,1.02528e+10,1.20368e+08,-1.35767e+08,-6.54068e+08,0.000963659,0.00014132,5.79942e-23
0,2.18821e+09,4.38674e+07,3.07453e+08,8.11237e+09,-1.20872e+09,-1.36668e+08,-6.58487e+08,0.000997925,0.000140213,3.39928e-23
0,2.14411e+09,-1.0675e+07,2.97398e+08,-4.016e+09,-1.96086e+09,1.26736e+08,-8.89926e+08,0.00105991,0.000147015,-1.9087e-23
0,2.18879e+09,5.15738e+07,2.82019e+08,-2.77081e+09,-9.02101e+08,5.84012e+08,-2.07668e+08,0.00111901,0.00014418,-2.09151e-24
0,2.12965e+09,5.50118e+07,2.81947e+08,-1.09858e+10,-2.39838e+09,7.24317e+08,-2.13401e+08,0.00109082,0.000144415,-1.60215e-22
0,1.98998e+09,-3.43342e+07,2.90307e+08,-7.43439e+09,2.39697e+08,-1.4908e+08,-9.73912e+08,0.000984902,0.000143682,-4.75127e-23
0,2.17555e+09,1.11995e+07,3.43768e+08,7.37866e+09,6.16146e+07,7.2684e+08,-2.08796e+08,0.000910694,0.000143903,4.62966e-24
0,2.17437e+09,4.54593e+07,3.21926e+08,1.1714e+10,-5.31142e+08,1.97115e+08,-5.7043e+08,0.000957045,0.000141695,5.80768e-23
0,2.17578e+09,-2.21362e+07,3.01358e+08,-7.19913e+09,-1.35626e+09,-1.68184e+08,-6.49606e+08,0.0010143,0.000140487,-2.35443e-23
0,2.1636e+09,1.5393e+07,3.4215e+08,6.44248e+09,-4.90143e+07,6.65722e+08,-3.69572e+08,0.000942857,0.000149103,5.67063e-24
0,2.01204e+09,2.32454e+07,2.73585e+08,4.59679e+08,-1.74169e+09,4.78858e+08,1.45157e+08,0.00107472,0.000146134,1.4764e-24
0,2.19726e+09,3.52955e+07,3.32058e+08,5.33788e+09,1.62192e+08,1.40088e+08,-5.46548e+08,0.000920553,0.000139117,4.35236e-24
0,2.02125e+09,1.06212e+08,2.90036e+08,1.38596e+10,7.53161e+08,-6.86159e+08,-9.52282e+08,0.000991273,0.000142241,2.54976e-22
0,2.32063e+09,1.2833e+07,3.3168e+08,2.90021e+09,-8.97116e+08,-9.89684e+07,-2.47794e+08,0.000912096,0.000130363,5.11892e-25
0,2.19834e+09,3.621e+07,3.31446e+08,4.87808e+09,2.65676e+08,8.37831e+07,-5.19331e+08,0.000912555,0.000137587,3.0341e-24
0,2.29189e+09,-4.33171e+06,3.32031e+08,1.5038e+09,-1.28636e+09,-5.57143e+07,-1.67374e+08,0.000903735,0.000130926,3.1298e-25
0,1.99774e+09,3.9019e+07,3.00513e+08,7.80276e+09,-1.07589e+09,-1.63601e+08,-8.44447e+08,0.000972869,0.000146346,5.11766e-23
0,2.098e+09,5.82463e+07,3.25226e+08,8.12063e+09,1.03881e+09,1.01343e+08,-6.50815e+08,0.000925175,0.000143418,2.44351e-23
0,1.91479e+09,1.82465e+07,2.67994e+08,-1.30995e+09,-2.28548e+09,4.40726e+08,1.96532e+08,0.00107295,0.00015017,-3.54097e-24
0,2.18224e+09,-2.00497e+07,3.25958e+08,5.7158e+09,-1.28633e+09,1.95051e+08,-3.83964e+07,0.000912767,0.000136339,3.88569e-25
0,1.94971e+09,-4.60356e+07,3.00917e+08,-8.06145e+09,8.2197e+08,-2.66779e+07,-7.77094e+08,0.000933558,0.000144085,-4.14136e-23
0,1.88895e+09,-4.41599e+06,3.02845e+08,-6.146e+09,1.41411e+09,-2.85897e+08,-8.77927e+08,0.000940238,0.000150744,-3.00337e-23
0,2.13305e+09,5.70421e+07,3.22812e+08,6.9786e+09,7.77102e+08,-7.81002e+07,-6.4007e+08,0.000924193,0.000139866,1.27344e-23
0,1.71942e+09,-6.31261e+07,2.8155e+08,-4.44391e+09,8.77507e+08,8.4047e+08,-3.09107e+08,0.000899874,0.000147351,1.00437e-24
0,2.302e+09,1.65132e+07,3.26536e+08,4.2799e+09,-1.28997e+09,-2.01053e+07,-4.09735e+08,0.000941258,0.000133517,2.74947e-24
0,2.10525e+09,3.26829e+07,3.23372e+08,1.05431e+10,1.55774e+09,6.48591e+08,-2.57747e+08,0.00096977,0.00014896,5.085e-23
0,2.2806e+09,2.17678e+07,3.30889e+08,5.84059e+09,-6.8435e+08,3.32656e+07,-3.45544e+08,0.000918047,0.000133198,3.08191e-24
0,2.13214e+09,1.02462e+07,3.42549e+08,3.56968e+09,-1.02927e+08,5.16211e+08,-3.72524e+08,0.000975109,0.000156661,1.04197e-24
0,1.92514e+09,-40735.1,2.96481e+08,7.60902e+09,-2.34917e+09,1.01534e+08,-7.5366e+08,0.00101754,0.000156706,9.65561e-23
0,2.08596e+09,3.35765e+07,3.16552e+08,1.00093e+10,-8.06954e+08,4.39375e+08,-6.1286e+08,0.000966305,0.00014664,4.4127e-23
0,1.99239e+09,8.54284e+07,2.79726e+08,8.41559e+09,-7.47496e+08,-5.42224e+08,-1.26372e+09,0.00110083,0.000154553,1.69412e-22
0,2.14732e+09,5.44154e+07,3.11707e+08,8.76459e+09,-5.79381e+08,-4.05002e+07,-6.83089e+08,0.000961751,0.000139608,3.40107e-23
0,2.12414e+09,3.00838e+07,3.3437e+08,1.90946e+09,2.14279e+08,2.13469e+08,-6.05719e+08,0.000946534,0.000148998,3.05148e-25
0,2.10841e+09,1.08779e+07,3.40692e+08,2.25056e+09,-1.61642e+08,3.71848e+08,-5.32791e+08,0.000983143,0.000158863,3.65123e-25
0,2.32803e+09,8.16206e+06,3.31711e+08,1.75726e+09,-1.06979e+09,-7.55143e+07,-2.69527e+08,0.000917996,0.000130801,2.89825e-25
0,2.15358e+09,5.25131e+07,3.18132e+08,8.31979e+09,-2.22784e+08,3.10602e+07,-7.15956e+08,0.000948814,0.000140161,2.71489e-23
0,2.08921e+09,3.61005e+07,3.33991e+08,3.01632e+09,6.18231e+08,2.94465e+08,-5.8039e+08,0.000936634,0.000149735,1.55178e-24
0,2.01677e+09,6.56435e+07,3.20043e+08,7.5329e+09,1.05133e+09,7.01969e+07,-8.24866e+08,0.000978258,0.000155241,3.9114e-23
0,2.33042e+09,5.45168e+06,3.30163e+08,1.06721e+09,-1.18278e+09,-6.27476e+07,-2.6314e+08,0.000917623,0.000130005,1.80482e-25
0,2.27509e+09,3.09939e+07,3.16504e+08,8.44015e+09,-1.84753e+09,-5.61146e+07,-6.24559e+08,0.000998406,0.000138896,3.60545e-23
0,1.893e+09,3.77857e+07,3.14753e+08,6.82592e+09,8.17157e+08,-2.42673e+08,-7.42313e+08,0.000941713,0.000156581,2.55128e-23
0,2.08896e+09,5.53018e+07,3.18999e+08,4.86289e+09,4.4506e+08,-1.52538e+08,-7.59415e+08,0.000967867,0.0001478,6.98498e-24
0,1.95518e+09,6.46974e+07,2.75369e+08,3.82372e+09,-1.28231e+09,-6.02913e+08,-1.3835e+09,0.00116276,0.000163764,3.32837e-23
0,2.21218e+09,1.90598e+07,3.30687e+08,2.0965e+09,-4.16514e+08,1.76423e+08,-4.68571e+08,0.000929217,0.000138904,2.01546e-25
0,2.11487e+09,7.37727e+07,3.05891e+08,1.29878e+10,-3.76574e+08,-1.54904e+08,-8.5116e+08,0.000979693,0.000141701,1.6132e-22
0,2.11455e+09,-2.18154e+07,2.62444e+08,6.47271e+08,-7.03046e+08,-7.15899e+08,2.18177e+08,0.00109194,0.000135524,-1.51046e-26
0,2.13347e+09,5.90911e+07,3.2182e+08,8.31777e+09,7.45025e+08,-1.19364e+08,-6.52663e+08,0.000940695,0.000141898,2.38164e-23
0,2.30971e+09,5.76247e+06,3.34868e+08,2.75074e+09,-6.40661e+08,-4.16638e+07,-1.56326e+08,0.000905082,0.000131221,2.12659e-25
0,1.99807e+09,3.80219e+07,3.35609e+08,2.17409e+09,8.98257e+08,2.91532e+08,-1.81634e+08,0.00095431,0.000160292,3.8978e-25
0,1.77237e+09,5.82192e+07,2.90433e+08,2.8906e+09,3.52905e+07,-1.8249e+08,-1.46615e+08,0.00101159,0.000165766,8.11948e-25
0,2.08961e+09,-5.34627e+07,3.17284e+08,-2.13787e+09,-1.94341e+09,-1.04753e+07,-1.58077e+08,0.000936849,0.00014225,-2.66184e-24
0,2.0756e+09,-202087,3.17798e+08,9.71279e+09,-2.46426e+08,9.77778e+07,-1.62178e+08,0.000919678,0.000140813,9.71096e-24
0,2.12007e+09,4.72608e+07,3.19124e+08,2.02063e+09,2.62446e+08,3.81445e+08,-4.69781e+08,0.00103739,0.000156153,5.65833e-25
0,2.01432e+09,7.82653e+07,3.04593e+08,1.12086e+10,3.78433e+08,8.39399e+07,-9.83007e+08,0.000985837,0.000149072,1.56003e-22
0,2.18177e+09,2.07576e+07,3.22085e+08,4.0737e+09,-1.27041e+09,2.30402e+08,-7.76112e+08,0.00101808,0.000150295,6.14741e-24
0,1.88551e+09,2.27106e+07,2.57536e+08,-2.89183e+09,-1.43892e+09,-6.49565e+08,-1.49217e+09,0.00114706,0.000156673,-1.77173e-23
0,2.21908e+09,2.90227e+07,3.34252e+08,5.1699e+09,1.04725e+08,1.40478e+08,-4.02315e+08,0.000902525,0.000135944,2.51179e-24
0,2.11274e+09,2.44822e+07,3.06882e+08,1.99122e+09,-1.41383e+09,2.44964e+08,-9.14218e+08,0.00101543,0.000147494,2.86713e-24
0,2.02785e+09,1.83621e+07,3.0844e+08,2.52945e+09,-2.23614e+08,3.13605e+08,-7.34997e+08,0.00105559,0.000160557,1.39507e-24
0,2.08239e+09,3.13415e+07,3.19308e+08,9.53379e+09,-7.61442e+08,9.96745e+07,-7.20763e+08,0.000946238,0.000145093,4.80865e-23
0,2.06404e+09,5.26947e+07,3.08861e+08,-2.72174e+09,-5.75663e+08,2.29446e+08,-5.98265e+08,0.00101951,0.000152558,-1.85923e-24
0,2.12864e+09,1.03121e+07,3.00692e+08,-1.00913e+09,-2.43871e+09,-1.16359e+08,-3.82337e+08,0.00102002,0.000144088,-4.26204e-24
0,2.26062e+09,-1.41698e+07,2.93968e+08,2.55213e+09,1.24672e+09,-3.82571e+07,2.81982e+08,0.0010372,0.000134876,-1.49994e-24
0,2.18648e+09,4.1053e+07,3.27423e+08,7.88792e+09,-1.62872e+08,1.61429e+08,-6.09859e+08,0.000931618,0.000139509,1.64319e-23
0,2.28671e+09,2.06915e+07,3.32605e+08,6.59874e+09,-8.85491e+08,8.88745e+07,-4.77589e+08,0.000957079,0.000139209,7.34077e-24
0,1.7384e+09,1.15513e+07,2.70916e+08,5.57913e+09,1.88581e+09,-1.17717e+08,-1.23022e+09,0.00111839,0.000174292,8.0139e-23
0,2.09282e+09,8.06449e+07,2.9895e+08,1.16234e+10,-2.0529e+08,-3.74484e+08,-9.53703e+08,0.000999542,0.00014278,1.50446e-22
0,2.06502e+09,8.79147e+07,3.06308e+08,1.01765e+10,1.25349e+09,-4.7413e+08,-6.94636e+08,0.00092457,0.000137143,3.95825e-23
0,2.10002e+09,2.14227e+07,3.06625e+08,-1.26847e+09,-1.07333e+09,2.06529e+07,-8.81738e+08,0.00101554,0.00014828,-8.23064e-25
0,2.0883e+09,5.90858e+07,3.15935e+08,6.46522e+09,2.20182e+08,-1.44901e+08,-8.56951e+08,0.000982695,0.00014867,2.06798e-23
0,2.00077e+09,3.89796e+07,3.01727e+08,2.61425e+09,-7.98403e+08,-5.3627e+08,-1.16512e+09,0.00103644,0.000156301,3.5054e-24
0,1.95366e+09,3.86004e+07,3.23368e+08,3.36473e+09,1.60152e+08,-4.70717e+08,-8.25669e+08,0.000962731,0.00015935,3.05427e-24
0,2.14685e+09,1.13818e+07,3.31191e+08,-5.52959e+08,-1.39374e+08,1.38448e+08,-5.44606e+08,0.000939631,0.000144955,5.30517e-28
0,1.8719e+09,5.63348e+07,3.19466e+08,5.69728e+09,9.39508e+08,-2.47515e+08,-9.9044e+08,0.000963354,0.00016441,2.33058e-23
0,2.31223e+09,5.40801e+06,3.25975e+08,3.65286e+09,-1.08949e+09,-1.78993e+08,-2.58833e+08,0.000930747,0.000131215,1.32211e-24
0,2.20712e+09,1.18276e+06,2.94377e+08,4.51836e+08,-5.88149e+08,-3.78186e+07,-3.30033e+08,0.000949639,0.000126659,1.81304e-26
0,2.15553e+09,4.15217e+07,3.21522e+08,1.0227e+10,7.42831e+08,3.44546e+08,-4.48939e+08,0.00100077,0.000149277,4.85446e-23
0,2.01054e+09,5.26796e+07,3.12584e+08,-3.20591e+09,-1.16812e+09,1.60906e+08,-7.05673e+08,0.00103178,0.000160414,-6.36189e-24
0,2.11451e+09,3.49171e+07,3.03486e+08,4.9263e+09,-1.94976e+09,2.01992e+08,-1.10926e+09,0.0010666,0.000153084,3.14196e-23
0,2.19624e+09,1.25925e+07,3.10116e+08,-1.03302e+10,-2.065e+09,-1.59246e+08,-5.17052e+08,0.00107912,0.000152375,-8.20707e-23
0,1.88773e+09,3.90428e+07,3.01397e+08,1.20557e+09,2.47744e+08,-5.89276e+08,-1.15397e+09,0.00098146,0.000156701,-5.99923e-26
0,2.18967e+09,-1.13708e+07,3.17459e+08,-3.45339e+09,-1.87723e+09,-3.37766e+08,-6.95686e+08,0.000994981,0.000144253,-6.42811e-24
0,1.96855e+09,6.6121e+07,3.01752e+08,7.01302e+09,8.08609e+08,1.67265e+07,-7.54851e+08,0.000943218,0.000144582,2.64976e-23
0,1.61459e+09,9.95092e+06,2.3092e+08,-3.12533e+08,-8.3465e+08,8.84803e+08,5.33034e+08,0.0012595,0.000180135,-2.57842e-25
0,2.01693e+09,4.64203e+06,3.40939e+08,5.93528e+08,1.37321e+06,5.71525e+07,-5.55542e+08,0.0009879,0.000166993,1.23849e-27
0,2.33411e+09,-3633.56,3.45033e+08,5.10947e+06,-4.66858e+07,158614,-2.02239e+07,0.000860143,0.000127148,4.82441e-32
0,2.18122e+09,1.11015e+07,3.32979e+08,-7.30671e+06,-7.62847e+08,2.56217e+08,-5.659e+08,0.000960927,0.000146692,6.42744e-26
0,1.89944e+09,-6.89998e+06,3.11141e+08,9.90804e+09,-1.25349e+09,5.27647e+08,-6.43435e+08,0.00101259,0.000165868,8.22926e-23
0,1.98622e+09,1.76791e+07,3.05011e+08,-1.54397e+09,1.21685e+08,-3.03893e+08,-1.08887e+09,0.00101503,0.000155872,-2.55366e-25
0,2.15383e+09,3.05449e+07,3.30858e+08,2.13347e+09,2.19282e+08,5.03111e+07,-5.5399e+08,0.000924575,0.000142027,3.08294e-25
0,2.03951e+09,5.4916e+07,3.11802e+08,-4.07688e+09,-1.48567e+09,2.08714e+07,-6.51036e+08,0.00106121,0.000162239,-1.34871e-23
0,1.97416e+09,2.87742e+07,3.08144e+08,2.50927e+09,-1.04647e+09,-2.45902e+08,-1.1359e+09,0.0010697,0.000166968,5.45173e-24
0,2.04215e+09,6.91204e+07,3.11314e+08,5.92059e+09,7.10479e+08,-2.43932e+08,-9.69273e+08,0.000976123,0.000148804,1.82136e-23
0,2.23141e+09,2.10646e+07,3.15711e+08,-2.20556e+09,-6.37472e+08,1.68247e+08,1.31542e+08,0.000964207,0.00013642,-3.97247e-26
0,1.99011e+09,-4.3558e+07,3.05948e+08,-4.51653e+09,-1.64318e+08,2.61698e+08,-1.03325e+09,0.00100288,0.000154176,-1.1941e-23
0,2.32946e+09,7.41665e+06,3.31812e+08,1.70712e+09,-1.05264e+09,-6.19766e+07,-2.4645e+08,0.000914533,0.000130268,2.52792e-25
0,1.64719e+09,1.74557e+06,2.4737e+08,-9.53944e+08,1.48924e+09,-1.38875e+08,-1.62708e+09,0.00108619,0.00016312,-9.77348e-25
0,1.97357e+09,5.78281e+07,3.00892e+08,9.46102e+09,-2.34826e+08,-4.75524e+08,-1.22137e+09,0.00103997,0.000158554,1.68694e-22
0,1.94011e+09,-5.66225e+07,2.67589e+08,1.00912e+10,2.39621e+08,3.32313e+07,6.08888e+08,0.00097879,0.000134999,-8.13534e-23
0,2.29329e+09,-4.3682e+06,3.10391e+08,-3.30927e+08,1.28607e+09,-1.58719e+08,1.58293e+08,0.000942034,0.000127502,1.30886e-25
0,2.10959e+09,5.60794e+07,2.96652e+08,7.72616e+09,-1.4503e+09,-2.15732e+08,-9.79595e+08,0.00103666,0.000145776,6.71412e-23
0,1.89698e+09,-6.9983e+07,3.04872e+08,-5.08039e+09,-6.33476e+08,-3.14992e+08,-5.02793e+08,0.000933799,0.000150075,-6.18504e-24
0,1.94524e+09,6.36116e+07,2.97499e+08,7.09145e+09,2.58468e+08,-6.21857e+08,-1.21253e+09,0.00101223,0.000154808,5.9842e-23
0,1.99109e+09,1.35294e+07,3.04207e+08,4.14645e+08,-1.34991e+09,-2.94444e+08,-1.21273e+09,0.00106993,0.000163468,-6.71454e-25
0,2.04377e+09,-2.64197e+07,3.03744e+08,-5.5122e+09,-2.05243e+09,-2.68106e+08,-1.01774e+09,0.00109299,0.000162439,-5.07448e-23
0,1.90502e+09,-520870,3.17428e+08,-5.16459e+07,1.2244e+09,2.8396e+07,-1.08182e+09,0.000954432,0.000159035,1.99433e-28
0,1.83381e+09,1.69394e+07,2.99704e+08,1.00075e+09,-6.59096e+08,-6.50811e+08,-1.023e+09,0.000998306,0.000163155,-4.512e-25
0,1.84259e+09,-5.66692e+06,3.16239e+08,-1.21788e+10,-1.3966e+09,-5.10686e+08,-4.43881e+08,0.000915561,0.000157136,-6.74996e-23
0,2.00333e+09,-3.06955e+06,2.78381e+08,-3.55287e+09,-8.44847e+08,-5.57194e+08,-1.21156e+09,0.00107787,0.00014978,-7.07121e-24
0,1.79753e+09,-4.11019e+06,2.90919e+08,5.90958e+09,-1.258e+09,-1.64775e+08,-9.49094e+08,0.00101237,0.000163846,5.84846e-23
0,1.91748e+09,-5.99407e+07,2.99086e+08,-6.96743e+09,-2.0566e+09,-6.60321e+08,-8.28802e+08,0.00106611,0.000166291,-5.51937e-23
0,1.95371e+09,1.31072e+07,3.05645e+08,-8.31544e+08,-1.13874e+09,1.22012e+07,-1.22087e+09,0.0010696,0.000167332,-1.06025e-24
0,1.78056e+09,4.93903e+06,2.76712e+08,4.7339e+09,1.63391e+09,-2.69682e+08,-1.25437e+09,0.000996794,0.000154909,2.25631e-23
0,1.91649e+09,2.09791e+07,2.86505e+08,-1.94321e+09,-5.99778e+08,-1.1775e+08,-1.48958e+09,0.00107433,0.000160607,-1.85321e-24
0,2.10284e+09,4.88058e+07,2.8073e+08,-2.54754e+09,-2.66161e+09,1.32955e+08,-3.66965e+08,0.00116262,0.000155211,-2.44426e-23
0,2.08901e+09,-1.95311e+07,3.34334e+08,-5.77372e+09,-4.27946e+08,-6.04073e+08,-6.67624e+08,0.000977048,0.000156371,-8.47554e-24
0,1.94656e+09,2.50091e+07,3.18173e+08,4.6376e+09,1.14207e+09,5.75026e+07,-9.28792e+08,0.000925737,0.000151315,9.36642e-24
0,1.79494e+09,3.72572e+07,2.96354e+08,7.79041e+09,1.91058e+09,-1.37435e+08,-1.01967e+09,0.00108892,0.000179786,1.33519e-22
0,1.83427e+09,7.3452e+06,3.01495e+08,8.3669e+08,1.79049e+09,-1.83408e+08,-1.17185e+09,0.000977748,0.000160711,-1.65847e-25
0,2.21136e+09,9.58955e+06,3.25028e+08,-4.1658e+09,-1.54173e+08,-7.17554e+07,3.32236e+08,0.000916901,0.000134767,1.20134e-24
0,1.89969e+09,4.08784e+07,3.20587e+08,2.0941e+09,1.45246e+09,-3.83378e+07,-9.50729e+08,0.00096167,0.00016229,8.01268e-25
0,1.80584e+09,2.83761e+06,2.74263e+08,6.14367e+09,8.2703e+08,1.95204e+07,-1.18724e+09,0.000996736,0.00015138,5.63237e-23
0,1.94574e+09,-2.66037e+07,3.13644e+08,-2.95263e+09,1.0823e+09,3.42371e+08,-9.79619e+08,0.000954101,0.000153796,-1.88441e-24
0,2.00716e+09,4.94039e+07,3.02423e+08,-2.81278e+09,-1.01152e+09,-2.85496e+08,-9.61681e+08,0.00105131,0.000158403,-4.31677e-24
0,1.98308e+09,2.61092e+07,3.05287e+08,-7.41585e+08,-8.3503e+08,-2.37344e+08,-1.06466e+09,0.00104772,0.000161292,-5.71092e-25
0,1.79823e+09,-9.67602e+07,2.96363e+08,-5.30975e+09,-4.24711e+08,-1.89283e+07,-7.85767e+08,0.0010146,0.000167215,-2.68685e-23
0,2.04309e+09,1.96434e+07,3.34848e+08,1.66583e+09,6.36079e+07,4.82978e+06,-5.18228e+08,0.000930281,0.000152466,1.70327e-25
0,1.95961e+09,4.14276e+07,2.83055e+08,3.02668e+09,-1.26172e+09,-1.09225e+08,-1.47679e+09,0.0010838,0.000156548,1.34473e-23
0,2.14983e+09,-2.47253e+07,3.16717e+08,5.62709e+09,-2.01823e+09,-3.98736e+08,-1.21074e+08,0.000912538,0.000134437,9.75827e-24
0,1.91376e+09,4.17312e+07,3.13559e+08,4.17395e+09,9.56328e+08,-5.94735e+08,-1.0557e+09,0.000977308,0.000160127,7.02576e-24
0,2.05853e+09,-1.21745e+07,2.79805e+08,2.13225e+08,1.49344e+09,-3.04085e+08,-3.97656e+06,0.000964779,0.000131137,1.44401e-25
0,1.91092e+09,2.21501e+07,3.15115e+08,-1.44959e+08,2.877e+08,-1.96024e+08,-1.25707e+09,0.000986239,0.000162633,6.22568e-26
0,2.08246e+09,-7.64322e+06,3.09018e+08,5.83221e+09,1.07546e+09,5.33387e+08,4.02184e+08,0.000979168,0.0001453,-3.12155e-24
0,1.90302e+09,2.36133e+07,3.0749e+08,2.14943e+09,-4.07634e+08,-6.79154e+07,-1.24775e+09,0.00101526,0.000164046,1.71826e-24
0,2.16937e+09,-1.3342e+07,3.16314e+08,8.25324e+09,-1.04658e+09,2.09718e+07,-1.56651e+08,0.000939168,0.000136939,6.49587e-24
0,1.75305e+09,-5.19431e+06,2.74536e+08,8.68115e+09,-1.02544e+09,-2.92599e+08,-1.07275e+09,0.00101046,0.000158242,2.02638e-22
0,2.11799e+09,5.37318e+07,3.16183e+08,2.76636e+09,-8.10969e+08,-1.0799e+08,-1.85636e+07,0.000923802,0.000137909,3.2326e-25
0,1.88378e+09,2.56217e+07,2.85343e+08,1.8763e+08,-5.91631e+08,-2.70197e+08,-1.30616e+09,0.00107704,0.000163143,-4.40024e-25
0,2.03287e+09,1.70055e+07,3.07954e+08,1.49018e+09,-2.84433e+09,-5.60747e+08,1.63415e+07,0.000906953,0.000137392,2.39117e-24
0,1.80231e+09,-1.23233e+07,2.89489e+08,7.99304e+09,-9.33168e+08,6.18876e+07,-8.91281e+08,0.00104929,0.000168537,1.25833e-22
0,1.71039e+09,3.93439e+07,2.48298e+08,1.39308e+09,6.26732e+08,-7.11156e+08,-1.60504e+09,0.001123,0.000163027,-5.13452e-25
0,1.76013e+09,2.89752e+07,2.79164e+08,-8.4285e+09,-1.06319e+09,-4.14975e+08,-1.19197e+09,0.00110883,0.000175865,-2.5861e-22
0,2.12189e+09,1.55219e+07,3.33405e+08,4.65727e+09,-3.75291e+08,1.75115e+08,-5.87487e+08,0.000984127,0.000154632,4.7532e-24
0,2.09459e+09,-7.45097e+06,2.91976e+08,-1.81048e+09,-1.70277e+09,-9.66485e+07,-9.65979e+08,0.0010344,0.000144191,-4.56577e-24
0,2.04047e+09,-2.57627e+07,3.36025e+08,-6.94208e+09,3.83778e+08,-5.47204e+08,-5.95675e+08,0.00091774,0.000151133,-1.69521e-23
0,1.89987e+09,-3.80938e+07,2.99768e+08,-3.16998e+09,-1.64814e+07,2.96027e+08,-1.34567e+09,0.00103625,0.000163504,-6.60131e-24
0,2.10065e+09,-1.98943e+07,3.03414e+08,-3.5055e+09,-1.94101e+09,-3.4218e+08,-1.09517e+09,0.00105998,0.000153102,-1.63129e-23
0,1.7183e+09,-3.16765e+07,2.90631e+08,-9.42674e+08,2.54933e+09,-2.42187e+08,-9.29771e+08,0.000984092,0.000166448,4.08274e-24
0,1.94134e+09,-6.26167e+06,3.11356e+08,-7.01657e+09,-4.57264e+08,-2.93869e+08,-9.74658e+08,0.00100635,0.0001614,-4.69063e-23
0,1.83828e+09,2.17523e+07,2.59847e+08,9.06292e+08,-1.08453e+09,-5.14956e+08,-1.52385e+09,0.00116875,0.000165206,-2.78918e-24
0,1.99368e+09,-5.87733e+07,2.89497e+08,6.76108e+08,6.86956e+07,2.71184e+08,-8.90525e+08,0.00109705,0.0001593,-7.06522e-26
0,2.08997e+09,5.78985e+07,3.00343e+08,-2.58805e+09,-1.02489e+09,1.44261e+08,-6.42261e+08,0.00106424,0.000152938,-3.09145e-24
0,1.58337e+09,3.10395e+07,2.50738e+08,-2.88636e+09,-3.22821e+09,5.2412e+07,7.2697e+08,0.00105831,0.000167592,-6.03798e-23
0,2.09676e+09,1.00432e+07,3.08901e+08,-7.86701e+08,-1.33853e+09,-6.88394e+08,-9.23414e+08,0.00103043,0.000151806,-1.60541e-24
0,2.06197e+09,2.28098e+07,3.28157e+08,3.37003e+09,-1.05274e+08,3.58676e+08,-7.91553e+08,0.000986527,0.000157003,2.62067e-24
0,2.0398e+09,5.95799e+06,3.29189e+08,-3.35187e+08,2.86521e+08,1.46505e+08,-8.19946e+08,0.000961786,0.000155216,7.75314e-27
0,2.05331e+09,-4.53052e+07,3.04932e+08,-5.09443e+09,-5.1146e+08,5.25543e+07,-1.20823e+09,0.00104332,0.00015494,-2.15028e-23
0,1.93444e+09,2.06929e+07,3.16239e+08,-1.48059e+09,-7.97211e+08,-4.36051e+08,-1.04379e+09,0.00100399,0.000164131,-7.23043e-25
0,1.80359e+09,-2.71909e+07,2.97298e+08,6.22754e+09,-6.61942e+08,9.05878e+06,-8.20506e+08,0.000938293,0.000154665,3.11551e-23
0,2.06587e+09,-3.15211e+07,3.22805e+08,-7.26068e+09,-7.36356e+08,-4.29159e+08,-8.35749e+08,0.00100746,0.000157423,-3.02442e-23
0,2.11016e+09,9.66668e+06,3.18233e+08,1.02389e+09,-1.11537e+09,-3.97484e+08,-8.99807e+08,0.00103114,0.000155507,1.44533e-25
0,1.94433e+09,-2.50438e+07,3.02613e+08,-4.29481e+09,-1.30393e+09,1.55074e+06,-1.36811e+09,0.00110804,0.000172453,-3.5214e-23
0,2.19833e+09,-7.42317e+06,3.16073e+08,-1.97341e+09,3.96585e+08,3.57839e+08,-1.84456e+08,0.000901669,0.000129641,-5.37573e-27
0,2.08841e+09,1.04644e+07,3.31065e+08,1.93793e+09,-4.56482e+08,1.34014e+08,-7.05513e+08,0.00100688,0.000159617,5.27312e-25
0,2.15579e+09,-1.23563e+07,3.3109e+08,-9.82344e+08,-4.6859e+08,-2.76839e+08,-6.29609e+08,0.000949514,0.000145828,-4.27412e-26
0,2.11495e+09,6.59394e+06,3.09452e+08,4.5847e+08,-1.90073e+09,-6.04366e+08,8.27406e+07,0.000940851,0.000137662,-3.78687e-25
0,1.84142e+09,-1.28057e+07,2.86494e+08,4.53073e+08,2.21802e+08,3.38783e+08,-1.41851e+09,0.00108019,0.00016806,-4.41606e-25
0,1.95618e+09,-9.31047e+06,3.12121e+08,1.04295e+09,-7.36522e+08,2.39034e+08,-1.15822e+09,0.00103892,0.000165767,5.54736e-25
0,1.73313e+09,-2.00876e+07,2.4665e+08,-1.33083e+09,-2.65031e+08,9.81182e+06,-1.50826e+09,0.00110993,0.000157959,2.37028e-25
0,1.9005e+09,-6.84605e+06,2.72352e+08,7.72748e+09,-1.40242e+09,2.44523e+08,-9.54217e+08,0.00114833,0.000164562,1.47777e-22
0,2.06109e+09,-4.23216e+07,3.14215e+08,-1.07452e+10,-1.0379e+09,-5.71074e+08,-8.42578e+08,0.00101368,0.000154536,-9.91682e-23
0,1.89932e+09,5.54561e+06,2.82654e+08,1.47687e+10,1.25406e+08,2.22193e+08,2.8454e+08,0.000993069,0.000147787,-1.40219e-22
0,2.0674e+09,-3.26478e+06,3.20759e+08,-8.60658e+08,-1.08826e+09,-5.3752e+08,-8.30546e+08,0.00102038,0.000158313,-8.13911e-25
0,2.09662e+09,-4.1565e+07,3.2684e+08,-8.68809e+09,2.22856e+07,-4.00579e+08,-7.62709e+08,0.000989492,0.00015425,-4.63812e-23
0,1.98523e+09,-4.81912e+07,2.89873e+08,8.21707e+08,3.35619e+08,1.82572e+08,-8.54383e+08,0.00112876,0.000164816,4.56343e-26
0,1.78208e+09,-7.41243e+06,2.92357e+08,-2.49681e+09,-8.08115e+08,-1.50794e+08,-1.36085e+09,0.00104954,0.00017218,-6.54616e-24
0,2.03343e+09,-1.33528e+07,3.09892e+08,6.19356e+07,-8.50522e+08,3.48743e+08,-1.16035e+09,0.0010475,0.000159637,5.01935e-25
0,2.06581e+09,5.355e+07,2.97303e+08,2.49596e+09,7.15835e+08,-2.0275e+08,1.48905e+08,0.00104127,0.000149856,-8.62913e-25
0,2.23318e+09,-6.69956e+06,3.2449e+08,-4.45752e+08,1.25494e+08,1.69045e+08,-1.60121e+08,0.000901766,0.00013103,-1.97269e-28
0,1.97032e+09,-5.38668e+07,3.11786e+08,-1.03609e+10,-5.38905e+07,-5.32328e+07,-9.0543e+08,0.00097049,0.000153571,-1.15782e-22
0,2.03013e+09,-9.86761e+06,3.04286e+08,-4.35642e+09,-5.22134e+08,-1.92996e+08,-9.49778e+08,0.000980781,0.000147004,-7.72033e-24
0,2.11349e+09,-3.71156e+07,3.31568e+08,-1.00371e+10,2.69464e+08,-5.07662e+08,-5.8085e+08,0.00096666,0.000151651,-5.02124e-23
0,2.03371e+09,551570,3.16386e+08,-4.00929e+07,-2.39075e+08,-2.09792e+08,-1.0573e+09,0.00100014,0.000155592,-2.06414e-26
0,2.12377e+09,-6.98309e+06,3.12542e+08,-1.30282e+09,-1.07106e+09,-4.78933e+08,-9.84496e+08,0.00102389,0.000150679,-9.44662e-25
0,1.86751e+09,3.29664e+07,3.05253e+08,-6.74433e+09,-1.56223e+09,-1.8033e+08,-8.09252e+08,0.000998456,0.000163202,-5.23787e-23
0,2.05031e+09,4.88777e+07,3.1594e+08,1.20258e+10,-6.40248e+08,3.66006e+08,-8.80578e+08,0.000975289,0.000150286,1.39494e-22
0,2.10962e+09,-4.28607e+06,3.2571e+08,2.0425e+08,-3.25463e+08,-1.01494e+08,-8.78629e+08,0.000966501,0.000149221,-1.66535e-26
0,2.13154e+09,-1.16401e+07,3.22863e+08,-3.97309e+09,-1.49232e+09,-3.50641e+08,-7.11282e+08,0.00101565,0.000153839,-6.44879e-24
0,1.76149e+09,1.80615e+07,2.57411e+08,-6.03765e+09,-9.75077e+08,-6.99946e+08,8.63643e+08,0.00105951,0.000154829,8.64537e-23
0,2.03483e+09,-4.03331e+07,3.15808e+08,-5.55462e+09,4.62127e+08,1.65661e+08,-1.00803e+09,0.000985438,0.000152941,-1.73154e-23
0,2.14325e+09,1.52307e+07,2.96537e+08,-4.74141e+08,8.38704e+08,-1.03874e+08,-4.23166e+08,0.00101631,0.000140615,8.83465e-27
0,1.97761e+09,5.00536e+06,3.26816e+08,-8.62971e+08,-3.04387e+08,-3.54672e+08,-9.39643e+08,0.00100325,0.000165795,2.77973e-26
0,1.98885e+09,-4.49859e+07,3.25339e+08,-9.09782e+09,4.60185e+08,-5.97583e+08,-8.58152e+08,0.0009482,0.000155109,-7.01848e-23
0,2.09222e+09,-4.27263e+07,3.01017e+08,5.43303e+09,-1.05261e+09,-4.04585e+07,4.90803e+08,0.000917299,0.000131976,-4.57303e-24
0,2.03317e+09,-1.81434e+07,3.11081e+08,-2.48215e+09,-7.29333e+08,3.88655e+08,-1.14618e+09,0.00104936,0.000160554,-2.90596e-24
0,1.7523e+09,-2.22399e+07,2.66512e+08,1.80929e+09,8.20003e+08,3.43436e+08,-1.20104e+09,0.00118229,0.000179819,5.19791e-24
0,1.91591e+09,-4.80387e+07,2.91539e+08,-6.0007e+09,3.04728e+08,4.28992e+08,-1.42352e+09,0.00103816,0.000157974,-5.15978e-23
0,2.04506e+09,644565,3.21521e+08,-8.96488e+08,-3.187e+08,-1.8818e+07,-9.72951e+08,0.000999408,0.000157125,-2.37633e-26
0,2.20976e+09,3.94738e+07,3.11111e+08,6.70914e+09,-1.48207e+09,-9.18013e+07,-6.65222e+08,0.00098327,0.000138434,2.00873e-23
0,1.68806e+09,6.77761e+06,2.77693e+08,-1.35179e+08,-3.47155e+08,1.55532e+08,-7.16234e+08,0.00119805,0.000197084,1.34198e-25
0,1.86725e+09,1.78644e+07,2.78402e+08,2.89706e+09,1.18918e+08,1.07292e+08,-1.17521e+09,0.00105188,0.000156833,5.48929e-24
0,1.86463e+09,-1.24223e+07,2.7261e+08,5.28343e+08,5.04296e+08,1.19272e+08,-1.44786e+09,0.00107509,0.000157178,-2.71301e-25
0,1.82494e+09,3.02332e+07,3.01094e+08,1.98437e+10,1.23584e+09,5.3482e+08,-1.53445e+08,0.000948812,0.000156543,2.97296e-22
0,2.29162e+09,-5.95137e+06,3.16695e+08,6.03777e+09,-1.00898e+09,-2.81267e+08,-2.05708e+08,0.000952796,0.000131674,4.37811e-24
0,1.87169e+09,1.99117e+07,2.7026e+08,-5.76531e+09,2.08614e+08,-6.65995e+08,7.17567e+08,0.00104204,0.000150464,2.42213e-23
0,1.99362e+09,-3.71458e+07,3.34629e+08,-9.00463e+09,-1.7249e+07,-5.40139e+08,-5.22781e+08,0.000921038,0.000154596,-3.14511e-23
0,2.13062e+09,4.3922e+06,2.95662e+08,-3.34623e+09,6.44902e+08,-3.1243e+06,-4.03346e+08,0.00100734,0.000139787,-1.40325e-24
0,2.16956e+09,-1.49531e+07,3.35933e+08,-5.41548e+09,-2.0335e+08,-1.95396e+08,-4.51205e+08,0.000918992,0.000142296,-3.68566e-24
0,1.73086e+09,-3.13732e+07,2.82757e+08,1.06079e+10,-1.27073e+09,9.07991e+07,-4.91986e+08,0.00105193,0.000171846,2.04351e-22
0,1.83869e+09,-3.61127e+07,2.64002e+08,5.90592e+08,1.07739e+09,5.25336e+08,-1.14866e+09,0.00119759,0.000171952,6.74167e-25
0,2.00922e+09,-3.26881e+07,3.08181e+08,-3.77705e+09,-3.32662e+08,3.21839e+08,-1.2046e+09,0.00103554,0.000158834,-8.99479e-24
0,2.28073e+09,1.54572e+07,3.3017e+08,-3.76728e+09,-7.32273e+07,9.68527e+07,1.41483e+08,0.000883945,0.000127965,2.53894e-25
0,2.09167e+09,-1.71104e+07,3.17462e+08,4.03329e+09,1.6794e+09,7.21457e+08,-3.26577e+08,0.000965134,0.000146483,5.64262e-24
0,1.83446e+09,-5.81194e+07,2.53254e+08,-4.22786e+08,-9.01606e+08,3.89556e+08,-1.27722e+09,0.00114444,0.000157994,1.49061e-24
0,2.08547e+09,-4.71905e+06,2.96612e+08,-4.46963e+09,6.75184e+08,4.02966e+07,-4.16696e+08,0.000986392,0.000140292,-3.32113e-24
0,2.04218e+09,-1.50153e+07,3.21283e+08,-4.88311e+09,-8.98578e+08,-5.96663e+08,-7.49336e+08,0.000985189,0.000154994,-5.53823e-24
0,1.73118e+09,-3.4872e+07,2.80208e+08,2.16734e+10,-2.3829e+08,7.16349e+06,4.14187e+08,0.000994277,0.000160933,-1.05452e-21
0,2.24042e+09,3.31834e+07,3.04388e+08,3.56902e+09,-1.41489e+09,-1.42907e+08,-3.27039e+08,0.000974993,0.000132464,2.94571e-24
0,1.98103e+09,-5.07854e+07,3.12526e+08,-4.94933e+09,3.83928e+08,1.62824e+08,-1.12029e+09,0.00101789,0.000160582,-1.80687e-23
0,2.09459e+09,1.10598e+07,3.27219e+08,-1.29689e+09,1.5275e+08,-1.06008e+08,-8.12804e+08,0.000949321,0.000148304,-9.01136e-26
0,1.98929e+09,5.4818e+07,2.83233e+08,-6.00577e+09,-3.51262e+08,5.96488e+07,5.52497e+08,0.000983144,0.000139979,1.38134e-23
0,1.96717e+09,-1.56093e+07,3.08159e+08,-5.89228e+08,-6.90291e+08,1.77663e+08,-1.26264e+09,0.00104742,0.000164079,1.49582e-25
0,2.0444e+09,647214,3.26811e+08,-7.44505e+08,-4.64607e+08,-1.36188e+08,-9.02451e+08,0.00100549,0.000160734,-6.62152e-26
0,2.16924e+09,1.29856e+07,3.14003e+08,4.91623e+09,-2.04819e+09,3.71871e+08,-1.00829e+09,0.00108384,0.000156889,2.70183e-23
0,1.87196e+09,2.32765e+06,3.3029e+08,-1.79665e+09,9.8364e+08,-1.6532e+08,-9.30409e+08,0.000937808,0.000165467,-8.97741e-25
0,2.09323e+09,2.24715e+07,3.13996e+08,8.93841e+08,-9.61404e+08,2.63482e+08,-8.69259e+08,0.00102719,0.000154084,5.81872e-25
0,2.1517e+09,-3.42955e+07,3.26671e+08,-1.07899e+10,-6.85031e+08,-4.35483e+08,-5.12827e+08,0.000967915,0.000146949,-3.99891e-23
0,1.93893e+09,-2.10381e+07,3.06925e+08,-3.52275e+08,9.67196e+08,-2.21824e+08,-1.08702e+09,0.000958477,0.000151723,-1.82872e-26
0,1.99621e+09,1.77194e+06,3.38053e+08,-2.21231e+08,-1.74049e+08,-8.34201e+07,-6.15733e+08,0.00100482,0.000170164,1.38275e-27
0,1.89969e+09,-3.72915e+07,2.76075e+08,1.32708e+10,5.03671e+08,6.96436e+08,-8.23019e+08,0.00112703,0.000163788,6.2025e-22
0,1.84645e+09,2.13472e+07,2.86608e+08,1.2968e+09,-3.12837e+08,-4.53113e+07,-1.48636e+09,0.0010923,0.000169548,-1.3163e-25
0,2.04134e+09,-1.46545e+07,3.15948e+08,-1.76855e+09,-1.74078e+08,-1.56067e+08,-1.00897e+09,0.000990622,0.000153323,-3.89659e-25
0,2.04185e+09,4.48986e+07,2.98514e+08,-5.39438e+09,8.44663e+07,-1.60538e+08,4.60549e+08,0.000950282,0.000138929,6.14749e-24
0,1.80341e+09,-2.37283e+07,3.1181e+08,-3.42826e+09,2.2985e+09,1.77609e+08,-1.11855e+09,0.000964167,0.000166705,-1.08367e-24
0,2.24671e+09,3.95481e+07,3.16338e+08,9.10177e+09,-1.12464e+09,-1.7626e+08,-5.44092e+08,0.000971365,0.000136768,3.01371e-23
0,2.06627e+09,3.82507e+07,3.29471e+08,7.22056e+09,3.85351e+08,4.31371e+08,-7.28404e+08,0.00093076,0.000148412,2.2183e-23
0,1.7191e+09,3.68068e+06,2.73596e+08,1.09996e+10,2.35561e+09,-1.97445e+08,-6.72921e+08,0.00118166,0.000188062,3.4872e-22
0,1.90883e+09,5.28881e+07,3.05095e+08,-5.18267e+09,-1.03329e+09,-4.04348e+07,-8.88167e+08,0.00103126,0.000164829,-2.63647e-23
0,1.9489e+09,5.42288e+07,2.868e+08,-1.28158e+09,-1.01144e+09,7.34544e+07,-8.68279e+08,0.00108837,0.000160164,-1.42886e-24
0,2.08761e+09,2.76337e+07,2.75241e+08,2.97933e+09,-7.84252e+07,-3.07434e+08,-6.55921e+08,0.000974524,0.000128486,1.46357e-24
0,2.07415e+09,-5.06633e+07,3.19032e+08,-6.33805e+09,4.15937e+08,1.07715e+07,-9.01281e+08,0.00098684,0.000151789,-2.20733e-23
0,1.99161e+09,1.76669e+06,3.4197e+08,1.19737e+09,1.31321e+08,1.43283e+07,-3.85806e+07,0.000957443,0.000164398,7.32713e-27
0,2.03087e+09,-1.33918e+07,2.64993e+08,-5.683e+09,-1.32795e+09,-8.39012e+08,1.69814e+08,0.00108091,0.00014104,2.47871e-23
0,1.86357e+09,-2.90503e+07,3.06709e+08,-1.66479e+09,4.97704e+08,4.82646e+08,-1.37107e+09,0.00102511,0.000168714,-3.17667e-25
0,1.7779e+09,-2.16715e+07,2.9185e+08,1.72317e+09,-9.85773e+08,-3.31565e+08,-9.81213e+08,0.000969985,0.000159227,1.78694e-24
0,1.84209e+09,-8.32312e+07,2.69802e+08,-7.7372e+09,1.04079e+09,9.16766e+08,-1.06473e+09,0.0010444,0.000152969,-7.98782e-23
0,2.21019e+09,3.33991e+07,3.14468e+08,-5.48396e+09,4.06559e+08,1.60603e+08,2.46879e+08,0.00092376,0.000131434,2.41853e-24
0,2.02461e+09,1.17812e+07,3.00035e+08,3.11834e+09,-3.9314e+07,-6.00116e+07,-9.12213e+08,0.000975419,0.000144551,2.63061e-24
0,2.12649e+09,-4.65874e+07,3.10532e+08,-9.19949e+09,-1.27736e+09,5.67165e+07,-1.05659e+09,0.00106075,0.000154902,-1.12988e-22
0,2.18636e+09,-1.85652e+07,3.18384e+08,-5.73158e+09,1.56748e+09,3.31255e+08,3.79215e+07,0.000907875,0.000132208,4.65368e-24
0,2.06284e+09,-6.79797e+07,3.2247e+08,-7.3344e+09,1.00477e+09,-2.05413e+08,-4.5569e+08,0.000881699,0.00013783,-1.19211e-23
0,2.09667e+09,2.10539e+06,3.39489e+08,-4.26975e+09,-1.71109e+08,-6.24227e+08,-2.92602e+07,0.000976094,0.000158047,4.80289e-25
0,1.84894e+09,1.72207e+07,2.27937e+08,-1.31401e+09,5.52674e+08,2.0775e+08,6.77108e+08,0.00107709,0.000132784,5.8631e-25
0,1.93161e+09,-3.78559e+07,3.06979e+08,9.79577e+09,-1.68252e+09,-1.14518e+08,-4.32341e+08,0.000937332,0.000148964,6.31035e-23
0,2.02443e+09,9.8333e+06,3.32924e+08,-2.02436e+09,2.75007e+08,-6.93771e+07,-7.15137e+08,0.000939775,0.000154549,-4.87643e-25
0,1.85736e+09,-1.85218e+07,2.8743e+08,-2.10506e+09,-1.88158e+09,-1.34509e+08,-1.24761e+09,0.0011234,0.000173849,-2.16827e-23
0,1.9566e+09,2.94871e+07,3.20139e+08,7.17885e+08,5.30774e+08,-7.49551e+08,-8.84294e+08,0.000993955,0.000162631,-3.33532e-27
0,2.19681e+09,-7.01156e+06,3.20436e+08,-5.77251e+09,1.26952e+09,3.95469e+08,1.03471e+08,0.000898139,0.000131006,3.96797e-24
0,2.04588e+09,3.23666e+07,3.20862e+08,-3.61044e+09,-8.62444e+08,1.4649e+08,-5.75624e+08,0.000982933,0.000154157,-4.02472e-24
0,1.92612e+09,-8.6237e+07,3.15022e+08,-3.45219e+09,6.86793e+08,-1.27157e+08,-3.13045e+08,0.000845271,0.000138247,-9.98231e-25
0,2.29882e+09,-7.11417e+06,3.16078e+08,-2.81259e+09,-2.0964e+09,-9.29374e+07,-5.42285e+08,0.000987448,0.00013577,-4.83443e-24
0,1.89598e+09,-2.95141e+07,3.03132e+08,1.16085e+10,-1.61709e+09,1.75459e+08,-4.11441e+08,0.000964391,0.000154188,9.03413e-23
0,1.98659e+09,-7.98764e+07,3.10587e+08,-1.14466e+10,8.06192e+08,-3.66338e+07,-1.05321e+09,0.000992097,0.000155106,-1.97474e-22
0,1.80477e+09,4.55001e+07,2.88154e+08,-5.83993e+09,-1.2603e+09,-2.3691e+07,-1.15176e+09,0.00111565,0.000178126,-9.86898e-23
0,1.9781e+09,7.8529e+06,3.18292e+08,9.57549e+08,-7.65385e+06,-8.61948e+08,-9.42708e+08,0.000987192,0.000158847,-9.86494e-26
0,1.78978e+09,-2.00915e+07,2.8326e+08,2.67732e+09,8.95445e+08,5.28054e+08,-1.37539e+09,0.000991144,0.000156864,7.33418e-24
0,2.0763e+09,-3.30386e+07,3.3603e+08,-8.46531e+09,-1.77667e+06,-9.18642e+08,-4.2002e+08,0.000914809,0.000148054,-1.62111e-23
0,2.15418e+09,-2.41838e+06,3.30709e+08,-1.92916e+09,-5.79741e+08,-2.07724e+08,-6.9702e+08,0.000973516,0.000149454,-3.92939e-25
0,1.87767e+09,-1.74944e+07,2.9164e+08,-3.43024e+09,-1.17155e+09,-5.36917e+07,-1.27422e+09,0.00105454,0.000163791,-1.61282e-23
0,2.0304e+09,1.56627e+07,3.29444e+08,3.92685e+09,-2.71697e+07,1.09721e+08,-8.95041e+08,0.000968392,0.000157127,5.04678e-24
0,2.13115e+09,-1.31554e+06,3.00711e+08,1.26813e+10,-1.2157e+09,-4.52806e+08,-2.52094e+08,0.00100786,0.000142212,7.71266e-23
0,2.14055e+09,2.19827e+07,3.30518e+08,4.8781e+09,-3.42468e+08,-1.26794e+08,-5.35537e+08,0.000920815,0.000142181,3.85615e-24
0,2.08763e+09,1.6807e+07,3.25233e+08,2.77186e+09,-5.21134e+08,2.58412e+08,-9.4693e+08,0.00100279,0.000156225,1.77363e-24
0,2.01808e+09,-1.15219e+07,3.2281e+08,-1.56819e+09,-5.39461e+08,7.81755e+07,-1.16713e+09,0.00104202,0.000166681,-5.84023e-25
0,2.06996e+09,5.23167e+07,3.10186e+08,9.95448e+09,3.32583e+08,-1.28867e+08,-7.92114e+08,0.000947452,0.000141977,6.15157e-23
0,1.96151e+09,-8.03859e+07,3.15527e+08,-1.07456e+10,1.89331e+09,-9.10307e+07,-9.10363e+08,0.000952362,0.000153197,-1.23115e-22
0,2.24453e+09,7.62639e+06,3.34772e+08,4.81583e+09,-8.79919e+08,3.80818e+07,-5.06211e+08,0.000958947,0.000143027,3.7552e-24
0,2.07306e+09,4.67349e+06,3.21799e+08,7.05446e+08,-5.20591e+08,-7.30514e+08,-7.78859e+08,0.00099346,0.000154214,-1.62998e-25
0,1.82638e+09,-687376,2.89646e+08,9.85743e+09,5.68497e+08,144331,-8.92015e+08,0.00106162,0.000168362,2.2623e-22
0,2.18769e+09,-2.9131e+07,3.25942e+08,-6.43655e+09,-5.36008e+08,-1.45187e+08,-6.13805e+08,0.000941745,0.00014031,-9.31384e-24
0,2.08423e+09,-1.07891e+06,3.28787e+08,-2.73564e+09,-3.44189e+08,-1.39618e+08,-8.85549e+08,0.000996284,0.000157164,-1.61658e-24
0,1.83655e+09,1.81814e+07,2.73101e+08,-1.15676e+10,-1.74312e+09,3.1372e+08,-1.1847e+09,0.00116231,0.00017284,-9.14465e-22
0,1.72681e+09,-9.24538e+07,2.7605e+08,1.60625e+09,-1.25685e+09,2.88487e+08,-9.85588e+08,0.00107312,0.00017155,6.5064e-24
0,1.97079e+09,1.31324e+07,3.20002e+08,4.22292e+09,1.32312e+08,-1.41546e+08,-1.02086e+09,0.000961375,0.000156101,7.89432e-24
0,2.17501e+09,9.79967e+06,3.11462e+08,3.52415e+09,-1.43247e+09,2.7198e+08,-7.97198e+08,0.00101476,0.000145314,5.25513e-24
0,1.82489e+09,3.78236e+07,2.83809e+08,-1.04924e+10,-1.79715e+09,3.1125e+07,-1.06794e+09,0.00113396,0.000176355,-5.44048e-22
0,2.19213e+09,3.34527e+07,3.13751e+08,1.24054e+10,-5.05472e+08,-9.53248e+07,-4.93609e+08,0.00103186,0.000147686,8.96934e-23
0,2.03002e+09,6.78998e+06,3.40987e+08,-3.19745e+09,-2.82466e+08,-1.45298e+08,-5.87899e+07,0.00094686,0.000159046,-6.50432e-26
0,1.95269e+09,-1.45211e+06,3.08137e+08,4.89262e+09,1.64549e+09,4.94358e+08,-9.74962e+08,0.000927715,0.000146394,1.65359e-23
0,2.21802e+09,1.77559e+07,3.22499e+08,-6.1858e+09,-8.69011e+08,-5.56489e+07,1.36604e+08,0.000925798,0.000134611,1.6054e-24
0,2.00828e+09,6.8795e+06,3.35156e+08,1.34896e+09,1.33398e+08,4.79606e+07,-6.23212e+08,0.000930316,0.000155257,1.0825e-25
0,2.23188e+09,3.4465e+07,2.88587e+08,1.68623e+09,-5.96202e+08,1.27911e+08,-1.61976e+08,0.000988028,0.000127754,7.75204e-26
0,2.09143e+09,442145,3.16252e+08,-2.76883e+09,-7.35705e+08,-2.71758e+08,-8.84949e+08,0.000974997,0.000147432,-1.62954e-24
0,2.17556e+09,-1.43255e+07,3.36781e+08,-2.97124e+09,-4.06892e+08,-3.24433e+08,-5.11855e+08,0.000949846,0.000147038,-6.15607e-25
0,2.09457e+09,1.14361e+07,3.34492e+08,3.04197e+09,-4.37e+08,2.97358e+08,-7.408e+08,0.00100355,0.000160263,1.71404e-24
0,1.8587e+09,-4.04392e+06,3.01582e+08,-3.21246e+09,-1.04903e+09,-2.75062e+08,-1.40132e+09,0.00105617,0.000171368,-1.2674e-23
0,2.29201e+09,-1.40218e+07,3.07097e+08,3.63441e+09,-1.65497e+09,-7.02048e+07,-1.96827e+08,0.000976407,0.000130825,2.88856e-24
0,1.77145e+09,-6.94486e+07,2.89076e+08,2.21563e+09,-2.58003e+08,2.99017e+08,-8.12958e+08,0.0011166,0.000182215,2.53261e-24
0,2.31356e+09,4.8835e+06,3.13878e+08,3.81395e+09,-2.25355e+08,-7.67469e+07,-1.84694e+08,0.000970492,0.000131666,5.77772e-25
0,2.01575e+09,-5.66705e+06,3.22724e+08,1.00432e+09,-1.95277e+08,7.27832e+07,-1.08621e+09,0.00100579,0.000161029,-5.52172e-27
0,2.22322e+09,4.38695e+07,3.13986e+08,-1.0657e+10,-8.70361e+08,1.45238e+08,4.67874e+07,0.00100616,0.0001421,1.54179e-25
0,1.9539e+09,-2.74554e+07,3.02822e+08,-2.15586e+09,-5.93126e+07,1.10537e+08,-1.2393e+09,0.00101723,0.000157653,-1.2694e-24
0,2.29847e+09,-9.57934e+06,3.37178e+08,-5.16578e+09,-9.27322e+08,-1.84865e+08,-4.16078e+08,0.000963671,0.000141367,-2.9407e-24
0,2.06666e+09,-4.5781e+07,3.19031e+08,-5.10345e+09,-8.20532e+07,-1.72994e+08,-1.09258e+09,0.0010003,0.000154417,-1.45629e-23
0,2.09701e+09,-1.69883e+07,2.89778e+08,2.40549e+09,-827938,-1.46846e+08,-6.93981e+08,0.00114639,0.000158415,1.70965e-24
0,1.52519e+09,-2.19669e+07,2.42402e+08,8.58783e+09,1.24871e+09,-1.86103e+08,-1.28854e+09,0.00112537,0.000178858,6.69873e-22
0,2.04574e+09,-2.88892e+07,3.29948e+08,-4.67392e+09,9.93526e+07,-5.63694e+08,-8.16585e+08,0.000952788,0.000153671,-7.14656e-24
0,1.89713e+09,2.23244e+07,2.91526e+08,6.47674e+09,-3.93699e+08,2.33218e+08,-1.36822e+09,0.00106325,0.000163387,7.67574e-23
0,2.10521e+09,2.52307e+06,3.36703e+08,8.65533e+08,-3.6809e+08,1.54031e+08,-6.51104e+08,0.00101229,0.000161903,4.66495e-26
0,2.05457e+09,-4.80454e+06,3.17837e+08,-3.40527e+09,-8.15176e+08,9.73657e+07,-8.68904e+08,0.00101876,0.000157599,-5.21691e-24
0,1.83448e+09,-6.35554e+07,2.92923e+08,9.43605e+08,6.90109e+08,3.34516e+08,-7.05184e+08,0.00113089,0.000180576,5.15326e-25
0,2.07102e+09,2.55799e+07,3.27324e+08,2.62405e+09,-1.32795e+06,3.14778e+08,-8.01682e+08,0.000960257,0.000151769,1.06701e-24
0,2.2487e+09,-1.26475e+07,3.38466e+08,-7.96968e+09,-5.02836e+08,-3.25331e+08,-3.84029e+08,0.000948201,0.00014272,-8.74013e-24
0,2.20384e+09,-1.3381e+07,3.40219e+08,-5.97584e+09,-2.57943e+08,-3.56232e+08,-3.52819e+08,0.000931062,0.000143733,-3.4384e-24
0,2.08943e+09,2.49288e+07,3.22109e+08,1.94171e+09,-5.85452e+08,1.62314e+08,-1.04215e+09,0.00101645,0.000156697,8.29973e-25
0,2.24863e+09,2.06715e+07,3.16075e+08,-6.14297e+09,1.39445e+08,1.07446e+07,1.66627e+08,0.000947289,0.000133154,2.0624e-24
0,1.87877e+09,-5.52204e+07,3.12433e+08,-8.74701e+09,3.06854e+08,-4.16637e+08,-1.01862e+09,0.00100758,0.000167557,-1.24517e-22
0,1.98465e+09,-1.41637e+07,3.03852e+08,4.58468e+09,-2.63926e+09,1.17216e+08,-7.42656e+08,0.00105316,0.000161239,5.03859e-23
0,2.25689e+09,5.39893e+06,3.12487e+08,7.30582e+09,-1.04935e+09,-2.38466e+08,-2.9219e+08,0.000971908,0.000134569,1.02774e-23
0,1.93503e+09,4.15081e+07,3.20018e+08,1.96243e+09,1.54659e+09,-1.16733e+08,-9.68293e+08,0.000935209,0.000154666,3.07354e-25
0,1.99779e+09,-8.91916e+06,3.395e+08,-9.16953e+08,3.04844e+08,2.72306e+07,-4.17841e+08,0.000969691,0.000164787,-3.12395e-26
0,2.09008e+09,3.30551e+07,3.22045e+08,3.00644e+09,-3.0235e+08,2.16734e+08,-9.69567e+08,0.000990116,0.00015256,2.1393e-24
0,1.78035e+09,4.24881e+06,2.87391e+08,-3.34515e+09,-1.8436e+08,-5.07733e+08,-1.31085e+09,0.00104298,0.000168361,-9.59012e-24
0,1.81795e+09,3.84892e+07,2.71429e+08,5.67444e+09,9.32603e+08,-4.11487e+08,-9.45483e+08,0.000975327,0.000145621,2.4582e-23
0,2.12873e+09,-3.38115e+07,3.11716e+08,2.97662e+09,-9.94569e+08,-3.72402e+07,3.37345e+08,0.000916087,0.000134145,-2.94581e-25
0,1.94114e+09,-2.20936e+07,3.15971e+08,-4.05441e+09,2.36048e+08,1.70847e+08,-9.81055e+08,0.000986776,0.000160624,-8.15004e-24
0,2.15269e+09,-2.12741e+07,3.38759e+08,-6.15998e+09,6.25511e+07,-4.567e+08,-4.19692e+08,0.000911624,0.000143459,-5.43248e-24
0,1.86876e+09,-1.40011e+07,2.98064e+08,3.71654e+09,-1.85409e+09,3.6035e+08,-8.94197e+08,0.00105288,0.000167933,2.39217e-23
0,2.06906e+09,2.10819e+07,3.25387e+08,1.86433e+09,2.00765e+08,7.58451e+07,-8.83717e+08,0.000960903,0.000151115,4.08768e-25
0,2.00124e+09,7.83815e+06,3.18798e+08,-1.20887e+09,-6.06733e+07,-4.35921e+07,-1.21082e+09,0.00100472,0.000160052,-2.11162e-28
0,1.63547e+09,2.42388e+07,2.72633e+08,-7.38809e+09,-6.50006e+08,-3.65382e+07,-1.20855e+09,0.001024,0.0001707,-1.87052e-22
0,2.17046e+09,4.14914e+07,2.99477e+08,-1.16494e+08,-9.15957e+08,-2.44799e+07,5.27497e+07,0.000948943,0.000130934,-1.35666e-26
0,1.91658e+09,-1.80369e+07,3.22239e+08,-3.28564e+09,3.05491e+08,-1.99347e+08,-1.13835e+09,0.00102007,0.000171506,-6.49478e-24
0,1.92546e+09,-3.28251e+07,3.16385e+08,-3.6056e+09,4.53927e+08,2.41412e+08,-1.0426e+09,0.00100604,0.00016531,-6.57318e-24
0,2.07516e+09,-1.54482e+07,3.20853e+08,-2.62946e+09,-6.60745e+08,-7.58619e+07,-1.04015e+09,0.0010137,0.000156735,-2.26275e-24
0,1.92469e+09,-1.97242e+07,3.1039e+08,-2.90272e+09,8.93221e+08,3.94515e+08,-1.07474e+09,0.000977444,0.00015763,-2.44179e-24
0,1.99902e+09,-2.62828e+07,2.75548e+08,6.36895e+08,-2.49808e+09,-2.61248e+08,3.11553e+08,0.000897058,0.000123652,5.11472e-25
0,2.32817e+09,8.7679e+06,3.2917e+08,1.93893e+09,-1.2715e+09,-8.16274e+07,-3.02397e+08,0.000930313,0.000131533,5.40234e-25
0,2.04301e+09,-1.69532e+07,3.33714e+08,-7.96695e+09,4.25007e+08,-5.56803e+08,-6.31066e+08,0.000940974,0.000153702,-3.02839e-23
0,1.83513e+09,-2.27786e+07,2.99496e+08,3.2864e+09,-1.1632e+09,3.9187e+08,-9.184e+08,0.00107297,0.00017511,1.05419e-23
0,1.79671e+09,-6.1559e+07,2.58457e+08,1.27663e+09,-2.28096e+09,6.16326e+07,-1.17918e+09,0.00110022,0.000158267,2.01249e-23
0,2.02645e+09,-794118,3.41194e+08,-2.99377e+08,1.74925e+07,-5.58265e+07,-5.28453e+08,0.000970045,0.000163326,3.20901e-27
0,2.07942e+09,-2.88191e+07,3.06593e+08,3.86493e+09,-9.42112e+08,1.15443e+08,4.02057e+08,0.000932308,0.000137461,-1.85849e-24
0,1.92208e+09,-4.54503e+07,3.20001e+08,-2.89322e+09,1.00664e+09,1.05122e+08,-8.9819e+08,0.000990644,0.000164929,-2.77943e-24
0,1.84649e+09,6.3255e+07,3.02033e+08,9.2804e+09,-1.5084e+08,-6.69465e+08,-1.13413e+09,0.00099401,0.000162591,1.63152e-22
0,2.14042e+09,-1.7568e+07,3.40645e+08,-6.52482e+09,9.99234e+07,-7.02847e+08,-3.37572e+08,0.000907539,0.000144434,-5.54009e-24
0,1.96911e+09,-2.41329e+07,3.17677e+08,-2.18065e+09,5.67175e+08,2.07336e+08,-9.15968e+08,0.000981617,0.000158365,-9.09076e-25
0,1.96059e+09,-4.16192e+07,3.28721e+08,-8.62995e+09,4.90942e+08,-4.04082e+08,-7.80346e+08,0.000940666,0.000157716,-5.54646e-23
0,1.89659e+09,-3.87107e+07,3.12944e+08,6.29258e+09,-1.41704e+09,3.6845e+08,-6.04175e+08,0.000980977,0.000161864,2.11983e-23
0,2.27106e+09,3.40789e+07,3.23707e+08,-3.28303e+08,-7.36845e+08,7.00012e+06,-1.10087e+08,0.000937988,0.000133697,-1.51673e-26
0,2.02955e+09,-183819,3.42722e+08,-3.3812e+07,1.47565e+07,-3.2726e+07,-3.88492e+08,0.000969023,0.000163635,2.20781e-28
0,1.95139e+09,-3.11314e+06,3.34172e+08,-3.7257e+08,2.61194e+08,-9.52947e+07,-8.01423e+08,0.000985492,0.000168764,1.54355e-26
0,2.10639e+09,2.42243e+07,3.19849e+08,1.11945e+10,-1.89428e+08,-4.05414e+07,-5.65166e+08,0.000972229,0.00014763,6.65719e-23
0,1.83142e+09,1.31041e+07,2.75906e+08,2.58084e+09,9.11309e+08,-2.74328e+08,-1.36603e+09,0.00102568,0.00015452,3.79201e-24
0,2.11544e+09,-2.39857e+07,3.3118e+08,-4.27691e+09,1.07501e+07,-1.25889e+08,-6.20441e+08,0.000997205,0.000156116,-4.41951e-24
0,1.8495e+09,-3.8395e+07,3.11142e+08,2.2687e+09,-1.12977e+09,1.7765e+08,-9.08759e+08,0.00100232,0.00016862,4.12113e-24
0,2.03731e+09,3.7283e+07,3.12832e+08,7.22484e+09,-2.76548e+08,-3.89588e+07,-1.07258e+09,0.00100925,0.000154973,4.76446e-23
0,1.9861e+09,8.78932e+06,3.16344e+08,3.27863e+08,6.56677e+08,-4.3925e+07,-1.10556e+09,0.000960001,0.000152908,-1.1851e-26
0,2.03258e+09,-2.99757e+07,3.29541e+08,-7.18778e+09,-2.15553e+08,-6.43002e+08,-8.88602e+08,0.000992348,0.000160889,-3.24638e-23
0,1.94185e+09,6.03387e+06,3.30206e+08,4.00481e+08,4.03421e+08,-3.7744e+07,-9.55703e+08,0.000983454,0.000167233,-1.96613e-26
0,2.12132e+09,-2.52646e+07,3.35217e+08,-6.26912e+09,-4.51773e+07,-5.8455e+08,-5.66782e+08,0.000968265,0.000153008,-1.03794e-23
0,2.15985e+09,3.84221e+07,3.17743e+08,5.44703e+09,-7.5617e+08,1.47868e+08,-7.23313e+08,0.000967537,0.000142337,8.3901e-24
0,1.96018e+09,-1.11651e+07,3.26888e+08,-1.09188e+09,2.08797e+08,-1.25863e+08,-9.9756e+08,0.000977121,0.000162949,-4.30124e-26
0,2.02978e+09,230116,3.41198e+08,2.52211e+08,2.53732e+07,2.01416e+07,-5.2687e+08,0.00096884,0.000162858,-2.83708e-27
0,2.27117e+09,3.3583e+07,3.24889e+08,6.85146e+09,-6.55001e+08,-2.03987e+08,-4.24395e+08,0.000936731,0.000133998,7.66011e-24
0,1.86523e+09,-3.89416e+07,2.95557e+08,1.19727e+09,1.49582e+09,6.37074e+08,-1.06506e+09,0.00109899,0.000174141,2.24731e-24
0,2.11411e+09,-2.15859e+07,3.33896e+08,-5.94352e+09,-3.79476e+08,-5.23451e+08,-6.75055e+08,0.000982232,0.000155131,-9.91819e-24
0,1.84513e+09,-7.37534e+06,3.05304e+08,5.10248e+08,9.80256e+08,3.65947e+08,-1.34016e+09,0.00101433,0.000167835,4.83186e-26
0,2.05067e+09,-5.05845e+07,3.212e+08,-2.16091e+09,7.59973e+08,5.40276e+07,-7.48988e+08,0.000940621,0.000147331,-5.68233e-25
0,2.11403e+09,-2.12683e+07,3.38147e+08,-6.85282e+09,6.35344e+07,-7.51599e+08,-4.16987e+08,0.000947664,0.000151582,-9.90494e-24
0,2.02369e+09,7.08643e+06,3.34581e+08,8.22975e+08,-1.33524e+08,-4.00612e+07,-7.39251e+08,0.000999007,0.000165168,1.29947e-26
0,1.69387e+09,-1.65935e+07,2.58573e+08,5.10733e+09,1.59861e+09,1.52772e+08,-1.25359e+09,0.00114412,0.000174652,1.03491e-22
0,2.11827e+09,-2.86008e+07,3.27821e+08,-2.51343e+09,2.14202e+08,-1.11804e+08,-6.45375e+08,0.000963964,0.000149182,-7.93513e-25
0,2.09334e+09,3.39776e+07,2.9937e+08,6.21197e+09,-2.27763e+09,1.80727e+08,-1.29106e+09,0.001106,0.00015817,8.76393e-23
0,2.12063e+09,-5.04289e+07,3.24667e+08,-2.51192e+09,1.00946e+09,2.04148e+08,-5.98106e+08,0.000937106,0.00014347,-3.37127e-25
0,2.02444e+09,1.98296e+06,3.3519e+08,-5.80466e+08,-1.05463e+08,1.49293e+08,-6.95941e+08,0.000985163,0.000163116,9.67591e-27
0,2.30274e+09,2.04432e+07,3.2573e+08,3.75575e+09,-1.20142e+09,-1.97734e+08,-4.20692e+08,0.000952945,0.000134797,2.37128e-24
0,1.80705e+09,1.61817e+07,3.00853e+08,8.13865e+09,1.66982e+09,-4.23557e+07,-9.32917e+08,0.00103565,0.000172424,1.16296e-22
0,1.77231e+09,4.42625e+07,2.36102e+08,5.40297e+09,1.5019e+08,-4.71022e+08,-1.41907e+09,0.00112414,0.000149754,8.18132e-23
0,2.13862e+09,5.50363e+07,3.01112e+08,4.85915e+09,-6.08652e+08,-4.02736e+08,-8.40893e+08,0.000999133,0.000140675,9.92616e-24
0,2.10035e+09,-1.53909e+06,3.35155e+08,-1.06115e+09,-4.5291e+08,-2.21146e+08,-6.85264e+08,0.00100971,0.00016112,-9.19868e-26
0,2.11345e+09,1.53707e+07,3.26325e+08,2.03199e+09,-7.33666e+08,3.41944e+08,-7.08525e+08,0.000999267,0.00015429,5.58949e-25
0,1.96352e+09,-1.0173e+07,2.95605e+08,-5.70035e+09,-5.49409e+07,6.48841e+08,3.01946e+08,0.000887516,0.000133614,3.85291e-24
0,1.72844e+09,9.5726e+07,2.80316e+08,-3.29259e+09,-1.82628e+09,-8.7596e+08,-1.11324e+09,0.00110661,0.000179468,-2.58697e-23
0,2.11917e+09,-2.6226e+07,3.37415e+08,-6.49017e+09,1.72551e+08,-6.49422e+08,-4.93208e+08,0.000938806,0.000149477,-1.00366e-23
0,2.03857e+09,581078,3.41144e+08,4.09407e+08,2.39146e+07,4.77879e+07,-5.30971e+08,0.000972469,0.000162737,-2.59466e-27
0,2.03338e+09,-8.90986e+06,3.3259e+08,-1.00074e+09,-1.31082e+08,-1.34262e+08,-7.98927e+08,0.00098565,0.000161218,-2.85451e-26
0,1.78926e+09,6.42617e+06,3.06171e+08,6.8087e+09,1.59255e+09,-1.29484e+08,-9.44181e+08,0.00104148,0.000178214,6.91011e-23
0,2.1516e+09,-6.71929e+06,3.20557e+08,-1.15618e+09,-1.64228e+09,-3.51913e+08,-8.47189e+08,0.00104438,0.000155597,-2.70941e-24
0,1.95708e+09,-9.8808e+06,3.14215e+08,-2.66321e+09,1.30225e+09,-4.61974e+08,-5.06804e+08,0.000866841,0.000139174,-1.35364e-24
0,2.17758e+09,-4.42381e+07,3.26147e+08,-8.48878e+09,-1.35831e+07,-1.56102e+08,-5.95759e+08,0.000921914,0.000138079,-1.96829e-23
0,1.89806e+09,3.89616e+07,2.91975e+08,-9.88256e+09,-2.03375e+09,-3.56432e+07,-8.71439e+08,0.00107728,0.000165716,-2.56336e-22
0,2.29387e+09,1.86484e+07,3.30031e+08,-1.17772e+09,-7.00869e+07,2.84768e+08,3.18294e+07,0.000870898,0.000125301,-1.13808e-28
0,1.9836e+09,1.57748e+07,2.93225e+08,4.087e+09,1.1607e+09,2.49218e+08,-7.35294e+08,0.000935326,0.000138264,5.92198e-24
0,2.13408e+09,3.36391e+06,3.2287e+08,-6.3882e+07,-1.01012e+09,1.39228e+08,-7.80619e+08,0.00100992,0.000152794,1.03969e-25
0,1.90163e+09,8.90586e+07,2.96366e+08,9.2772e+09,2.19843e+09,-1.01246e+09,-8.9116e+08,0.000925428,0.000144227,1.74076e-23
0,2.08298e+09,-2.17502e+07,3.37416e+08,-6.16959e+09,1.38369e+08,-3.66116e+08,-4.79891e+08,0.000915085,0.000148232,-7.68373e-24
0,2.09795e+09,-2.51195e+07,3.35898e+08,-6.98794e+09,2.63822e+08,-5.36715e+08,-5.65799e+08,0.000918156,0.000147004,-1.36655e-23
0,2.24614e+09,-1.27773e+07,3.39863e+08,-5.23495e+09,-2.87674e+08,-1.0732e+08,-2.85899e+08,0.000934117,0.000141341,-1.93315e-24
0,1.64888e+09,-1.73774e+07,2.41145e+08,-1.06333e+10,-5.34871e+08,3.82744e+08,-1.15888e+09,0.00113659,0.000166224,-9.01435e-22
0,2.03931e+09,647697,3.42667e+08,3.77914e+08,2.11788e+07,4.625e+07,-3.94735e+08,0.00097398,0.000163659,-2.64607e-28
0,2.07588e+09,-3.09859e+07,2.99661e+08,-5.97095e+09,-2.00602e+09,-2.48155e+08,-1.04019e+09,0.00107533,0.000155228,-5.08783e-23
0,2.08352e+09,-1.68879e+07,3.32746e+08,-3.50457e+09,-3.79708e+08,-5.36065e+08,-7.63607e+08,0.000990894,0.00015825,-2.0569e-24
0,2.23175e+09,-1.09186e+07,3.23905e+08,-5.63079e+09,-1.82983e+09,-2.88892e+08,-6.90325e+08,0.00104881,0.00015222,-1.67726e-23
0,2.33082e+09,6.08427e+06,3.30998e+08,1.37249e+09,-1.15004e+09,-5.29615e+07,-2.6162e+08,0.000917247,0.000130258,2.34171e-25
0,1.88812e+09,1.32645e+07,3.1298e+08,1.16461e+09,2.38293e+08,-1.06464e+07,-1.37592e+09,0.00102524,0.000169947,-1.16998e-25
0,1.93937e+09,4.31579e+07,3.23899e+08,1.63382e+09,1.04161e+09,-1.82137e+08,-8.45577e+08,0.00096554,0.000161257,2.69062e-25
0,2.11874e+09,4.31062e+07,3.17239e+08,9.96103e+09,-9.61471e+08,4.54786e+08,-7.90349e+08,0.00099512,0.000149,6.14764e-23
0,2.15414e+09,-2.05433e+07,3.3395e+08,-6.11577e+09,-2.07824e+08,-3.73294e+08,-5.56195e+08,0.000928779,0.000143986,-6.88879e-24
0,2.05556e+09,-4.7118e+06,3.39201e+08,-4.78353e+09,1.61733e+08,8.88076e+06,-3.90763e+08,0.000906519,0.00014959,-2.83543e-24
0,2.0269e+09,-5.49754e+07,3.0383e+08,-9.80654e+09,-1.27871e+09,-1.38064e+08,-1.26325e+09,0.0010814,0.000162101,-2.11591e-22
0,2.03198e+09,1.97977e+06,3.40988e+08,3.80999e+08,4.47393e+07,4.90729e+07,-5.44163e+08,0.00097405,0.000163456,-3.25711e-27
0,2.08597e+09,7.38816e+07,2.97748e+08,1.19302e+10,-4.03353e+08,-7.04199e+08,-7.83488e+08,0.000986898,0.000140868,1.34977e-22
0,1.90003e+09,5.80555e+07,3.02659e+08,-5.8547e+09,-1.81083e+09,-4.34668e+07,-8.81588e+08,0.0010485,0.000167017,-5.86807e-23
0,2.07348e+09,6.08092e+07,3.21529e+08,1.15121e+10,7.9214e+08,1.18937e+08,-6.14562e+08,0.00093588,0.000145124,7.30378e-23
0,1.85142e+09,5.16858e+07,2.99899e+08,2.01474e+10,1.53184e+09,8.01189e+08,3.38872e+07,0.00104195,0.000168779,2.66767e-22
0,2.29723e+09,8.88996e+06,3.24027e+08,1.92287e+09,-7.47174e+08,-7.66593e+07,-2.52752e+08,0.000919355,0.000129676,1.88464e-25
0,2.14222e+09,-1.76969e+07,3.36691e+08,-5.25332e+09,-3.07559e+08,-5.78754e+08,-5.67554e+08,0.000974714,0.000153195,-4.79764e-24
0,1.98677e+09,4.70636e+07,3.21662e+08,2.56917e+09,8.72154e+08,-3.91503e+08,-7.587e+08,0.000987702,0.000159911,8.66472e-25
0,2.30639e+09,9.34315e+06,3.36725e+08,-6.33814e+08,-1.99166e+08,1.31904e+08,2.17199e+06,0.000866093,0.000126447,-7.81227e-28
0,2.10038e+09,4.64803e+07,3.10537e+08,7.48097e+09,-8.89161e+08,3.00268e+08,-9.81473e+08,0.0010176,0.00015045,4.10043e-23
0,1.82335e+09,3.7551e+07,2.32918e+08,4.693e+09,-8.04715e+08,-3.28324e+08,-1.54032e+09,0.00120094,0.000153411,8.40435e-23
0,1.97321e+09,1.12005e+07,3.08393e+08,1.99614e+09,7.18661e+08,-2.66973e+07,-8.05336e+08,0.00110217,0.000172258,1.33658e-24
0,1.9042e+09,1.71834e+07,2.97775e+08,-3.40803e+09,-1.75029e+09,-1.1922e+09,-1.19476e+09,0.00109824,0.000171742,-4.04808e-24
0,2.03028e+09,2.58176e+06,3.42474e+08,4.36209e+08,4.87996e+07,6.39377e+07,-4.13451e+08,0.000975324,0.00016452,3.4213e-28
0,2.14034e+09,-3.92912e+07,3.22353e+08,-1.22371e+10,-9.71285e+08,-4.89697e+08,-7.43276e+08,0.000997951,0.0001503,-1.03264e-22
0,1.94775e+09,-6.87886e+07,3.08369e+08,-1.1164e+10,-1.32075e+08,-1.17825e+08,-1.17128e+09,0.00103702,0.000164181,-2.74853e-22
0,2.13175e+09,-3.27747e+07,3.17872e+08,3.12891e+09,2.44312e+07,-2.26418e+08,2.308e+08,0.000931301,0.000138869,-4.49774e-25
0,2.10102e+09,-2.87197e+07,3.30042e+08,-2.20761e+09,-3.42729e+08,-8.55195e+07,-7.01564e+08,0.000982401,0.000154322,-6.35462e-25
0,2.15728e+09,-1.88432e+07,3.3733e+08,-6.567e+09,-2.89485e+08,-6.10061e+08,-5.138e+08,0.000962952,0.000150576,-8.14028e-24
0,2.03082e+09,323777,2.90834e+08,2.38242e+09,7.86802e+08,2.21272e+08,4.23807e+08,0.00103202,0.000147797,-9.23582e-25
0,1.94694e+09,5.73499e+06,3.23758e+08,3.66919e+08,-1.63718e+08,7.43561e+07,-1.15485e+09,0.00104774,0.000174229,-7.62529e-26
0,2.12328e+09,1.41448e+07,3.26831e+08,7.0833e+09,-3.19634e+08,2.43591e+08,-8.0099e+08,0.000970273,0.000149352,2.15167e-23
0,1.89238e+09,2.99502e+07,3.17387e+08,-4.65565e+09,5.01392e+08,3.9717e+07,-7.37618e+08,0.00105339,0.000176672,-1.55405e-23
0,1.92728e+09,-7.28071e+07,2.9961e+08,-1.10751e+10,7.05951e+08,5.31757e+07,-9.48836e+08,0.00097033,0.000150845,-1.64808e-22
0,2.12801e+09,2.61695e+07,3.10174e+08,3.70433e+09,-1.38431e+09,2.59777e+08,-1.02422e+09,0.00105569,0.000153875,9.38076e-24
0,2.04761e+09,-3.52815e+07,3.23229e+08,-6.90533e+09,-3.07864e+08,-4.61177e+08,-8.12552e+08,0.000972108,0.000153454,-2.31073e-23
0,1.68391e+09,1.55405e+07,2.6032e+08,-3.65174e+09,-1.69245e+08,-5.6758e+08,-1.34364e+09,0.00107021,0.000165447,-1.96294e-23
0,1.95358e+09,-7.15704e+07,3.08969e+08,-1.11387e+10,2.97897e+08,2.56539e+08,-1.09658e+09,0.00100616,0.00015913,-2.13678e-22
0,2.02336e+09,3.722e+06,3.40605e+08,5.04607e+08,5.75658e+07,5.50449e+07,-5.75025e+08,0.000976963,0.000164458,-2.28477e-27
0,2.15275e+09,1.28023e+07,3.30829e+08,5.60378e+09,-5.94569e+08,3.35866e+08,-7.20213e+08,0.000983587,0.000151155,8.74165e-24
0,2.05991e+09,-2.08207e+07,3.18757e+08,1.21855e+09,-8.08298e+08,2.33434e+08,3.33457e+08,0.00105951,0.000163952,-1.52406e-25
0,1.93118e+09,-1.22181e+07,3.18692e+08,-2.80162e+08,-1.01815e+08,-1.62422e+08,-1.28671e+09,0.00104212,0.000171976,9.34149e-26
0,2.08145e+09,-1.91148e+07,3.35951e+08,-6.69951e+09,-1.0544e+08,-3.21108e+08,-5.5824e+08,0.00093431,0.0001508,-1.17125e-23
0,1.86893e+09,3.03896e+07,3.08327e+08,3.39779e+09,5.58363e+08,-3.53837e+08,-1.20505e+09,0.000981775,0.000161968,5.96795e-24
0,2.06372e+09,5.17698e+06,3.09468e+08,1.2022e+09,-1.0863e+09,3.50193e+08,-7.91016e+08,0.00102297,0.000153401,9.67465e-25
0,1.8959e+09,2.66513e+07,3.21276e+08,-4.396e+09,-2.18068e+08,-2.02499e+08,-5.56364e+08,0.0010369,0.000175711,-8.59568e-24
0,1.75659e+09,2.74794e+07,2.65456e+08,-1.48113e+10,-2.37708e+09,-3.78571e+08,5.56192e+08,0.00105262,0.000159072,6.666e-22
0,1.65856e+09,9.13752e+06,2.46088e+08,-1.67675e+09,1.58232e+09,-3.4557e+08,-1.45236e+09,0.00104944,0.00015571,-5.0326e-24
0,1.98303e+09,-5.74933e+07,2.84532e+08,-7.47746e+09,-2.75171e+09,-7.99281e+08,-1.02189e+09,0.00106048,0.000152161,-9.2846e-23
0,2.28323e+09,9.12429e+06,3.34982e+08,2.4814e+09,-7.23741e+08,3.3529e+07,-3.12536e+08,0.000924389,0.000135621,3.22604e-25
0,2.02064e+09,-8.03307e+06,3.16497e+08,-1.92205e+08,2.95878e+08,2.04213e+08,-9.97068e+08,0.000970943,0.000152081,6.2466e-27
0,2.0815e+09,5.1183e+07,3.03021e+08,6.02186e+09,-7.52624e+08,5.4123e+06,-1.00554e+09,0.000995426,0.000144912,2.2859e-23
0,1.65593e+09,2.04494e+07,2.31011e+08,-1.2802e+09,-2.96837e+07,-5.70839e+08,-1.84582e+09,0.00119125,0.000166185,5.52093e-24
0,1.95549e+09,-1.37186e+07,3.25263e+08,-8.03398e+08,-2.48418e+08,-9.21241e+07,-1.0731e+09,0.00103611,0.00017234,3.52208e-26
0,2.1812e+09,3.25427e+07,3.20508e+08,6.88749e+09,-9.1777e+08,2.85727e+08,-7.07857e+08,0.000970481,0.000142603,1.4798e-23
0,1.87904e+09,-4.71177e+07,2.9486e+08,-3.00305e+09,7.13858e+08,-1.45075e+08,-1.05872e+09,0.000973369,0.000152742,-4.56844e-24
0,2.06333e+09,-1.44288e+07,3.38163e+08,-5.81842e+09,-5.39969e+06,-1.6204e+08,-4.48125e+08,0.000923914,0.000151422,-6.29663e-24
0,1.98576e+09,3.6369e+07,3.25927e+08,-5.06791e+09,-1.20586e+09,-5.61104e+07,-3.07488e+08,0.00103363,0.000169653,-9.1048e-24
0,2.01797e+09,3.67145e+06,3.42105e+08,6.66878e+08,4.9494e+07,4.69289e+07,-4.50496e+08,0.000978519,0.000165888,8.04636e-27
0,1.69741e+09,6.10456e+06,2.43726e+08,7.89198e+08,1.79698e+09,-1.87873e+08,-1.39872e+09,0.00107006,0.000153646,-9.61214e-26
0,2.10352e+09,2.41113e+07,3.28288e+08,3.05974e+09,-4.78392e+08,3.89283e+08,-8.35281e+08,0.00100011,0.000156083,1.71285e-24
0,2.05231e+09,-2.10428e+07,3.36877e+08,-4.13708e+09,3.14961e+08,-1.59002e+08,-3.88216e+08,0.000943818,0.000154923,-2.47769e-24
0,1.84425e+09,4.1539e+07,2.85185e+08,-6.69304e+09,-6.62527e+07,-4.71001e+08,-9.95329e+08,0.00106614,0.000164862,-7.29743e-23
0,2.17194e+09,1.03907e+07,3.07125e+08,5.61593e+09,-1.20128e+09,-1.38068e+07,-7.52764e+08,0.000990491,0.000140062,1.34189e-23
0,2.04318e+09,-4.14535e+07,3.23493e+08,-4.43142e+09,-1.20416e+09,-6.22621e+08,-7.32101e+08,0.000988635,0.000156529,-4.07534e-24
0,2.08845e+09,-1.97747e+07,3.38294e+08,-8.99588e+09,-1.00236e+08,-5.94829e+08,-4.37373e+08,0.000924837,0.000149809,-2.02335e-23
0,1.92492e+09,3.73232e+07,2.92402e+08,-3.64822e+09,-5.03723e+08,-4.54827e+08,-9.44114e+08,0.00110504,0.00016786,-8.44998e-24
0,2.27394e+09,-3.73265e+06,3.34787e+08,-2.34165e+09,-4.45384e+08,7.50984e+06,-2.85784e+07,0.00093849,0.000138172,-4.18095e-26
0,1.82514e+09,1.09975e+07,2.82181e+08,3.12688e+09,1.66399e+09,1.42228e+07,-1.1788e+09,0.000976877,0.000151032,5.86898e-24
0,2.02158e+09,4.55896e+06,3.40153e+08,7.59544e+08,1.46354e+07,4.2034e+07,-6.09448e+08,0.000981504,0.000165149,1.00787e-26
0,2.23239e+09,2.52128e+06,3.28766e+08,1.69962e+09,-1.18488e+09,2.642e+08,-6.05464e+08,0.00100119,0.000147447,8.51674e-25
0,2.28558e+09,-1.96696e+07,3.28716e+08,5.30938e+09,8.14691e+08,1.69608e+07,2.55812e+08,0.000913027,0.000131313,-1.85203e-24
0,1.88151e+09,2.18717e+07,2.97395e+08,-7.96799e+08,8.14503e+08,-6.17897e+08,-1.44504e+09,0.00102493,0.000162002,-3.41615e-26
0,1.8655e+09,-6.72902e+07,2.68051e+08,1.36225e+09,-3.89793e+09,-2.05693e+08,-8.7861e+08,0.00109142,0.000156825,4.53539e-23
0,1.87939e+09,4.60956e+07,2.92293e+08,-7.7838e+09,-2.05555e+09,-2.7681e+08,-1.12409e+09,0.0011304,0.000175807,-2.10807e-22
0,1.8527e+09,8.44116e+06,3.22798e+08,-1.6639e+09,-2.12709e+08,-5.55723e+08,-1.03522e+09,0.00097687,0.000170201,-6.95382e-27
0,2.09251e+09,-1.06795e+07,2.93673e+08,-2.02591e+09,5.55477e+08,2.43743e+08,-6.70227e+08,0.000938971,0.000131779,-2.92412e-25
0,1.68829e+09,-8.75241e+07,2.97501e+08,-1.0748e+10,-1.67498e+09,-7.11234e+08,-2.38534e+08,0.000986008,0.000173749,1.13249e-23
0,1.86547e+09,-2.37528e+07,2.94791e+08,-2.55522e+09,4.94963e+08,2.07674e+08,-1.47875e+09,0.0010319,0.000163065,-3.45998e-24
0,1.92833e+09,7.35202e+06,3.06798e+08,2.12259e+09,-4.07314e+08,7.09976e+07,-1.23264e+09,0.00102237,0.000162659,1.53775e-24
0,1.82787e+09,-3.12559e+07,2.52907e+08,-6.52623e+09,-2.05333e+09,8.33953e+07,-1.71221e+09,0.00119087,0.000164772,-3.33989e-22
0,2.04942e+09,6.11499e+07,3.15512e+08,1.09086e+10,6.86176e+08,-4.08883e+07,-7.15451e+08,0.000932997,0.000143636,7.18598e-23
0,2.1078e+09,-5.0155e+06,3.40487e+08,4.10377e+09,3.57331e+08,1.1976e+07,-3.0726e+08,0.000896617,0.000144837,1.19456e-24
0,2.11783e+09,2.54436e+07,3.28965e+08,7.23689e+09,-1.52773e+08,2.90984e+08,-6.95094e+08,0.000932244,0.000144806,1.67022e-23
0,2.18138e+09,-3.60965e+06,3.24284e+08,-2.2208e+09,-9.23259e+08,2.04934e+08,-7.28825e+08,0.000997146,0.000148236,-1.22339e-24
0,1.99438e+09,-2.57646e+06,2.97569e+08,1.53943e+10,-1.12924e+09,1.31782e+08,-1.87005e+08,0.000981273,0.00014641,7.27186e-23
0,1.82547e+09,3.41787e+07,2.58501e+08,2.74705e+09,7.43709e+07,-3.17928e+08,-1.33232e+09,0.00108781,0.000154043,5.96657e-24
0,1.93321e+09,-5.79151e+07,3.24638e+08,-3.86e+09,-1.44604e+09,-7.64525e+08,-5.10271e+07,0.000955177,0.0001604,4.28435e-24
0,2.13569e+09,4.94644e+06,3.32223e+08,-1.75033e+09,2.10378e+08,2.73676e+08,-4.71219e+08,0.000906148,0.000140958,-1.03935e-25
0,2.02661e+09,-1.12994e+07,3.11901e+08,-2.54079e+09,-9.69597e+08,2.2236e+08,-1.0932e+09,0.00103854,0.000159834,-3.87518e-24
0,2.09648e+09,2.45867e+07,2.9974e+08,5.87057e+08,-4.93674e+08,-2.62233e+08,-8.8476e+08,0.00100059,0.000143057,-4.74249e-26
0,2.2493e+09,2.3406e+07,3.1565e+08,7.43585e+09,-1.96841e+09,-4.92441e+06,-6.43319e+08,0.00100715,0.000141336,3.11698e-23
0,2.08699e+09,-3.02401e+07,3.20169e+08,-5.05658e+09,-5.56909e+08,-2.29718e+08,-1.00734e+09,0.00100262,0.000153814,-1.23798e-23
0,2.07984e+09,6.852e+07,3.11012e+08,1.07054e+10,1.68622e+08,-3.2126e+07,-8.07795e+08,0.000959125,0.000143424,8.21057e-23
0,2.07604e+09,1.07993e+07,3.23939e+08,-8.60586e+08,-1.08032e+08,-1.72842e+07,-8.98862e+08,0.000978588,0.000152696,2.06461e-27
0,2.07015e+09,-7.92476e+06,3.25151e+08,-3.9151e+09,-1.23595e+08,1.98958e+08,-7.94163e+08,0.000983484,0.000154473,-4.49694e-24
0,1.846e+09,-5.37927e+07,3.2228e+08,-1.10671e+09,-1.42114e+08,-5.17117e+08,-2.19589e+08,0.000940204,0.000164144,6.87061e-26
0,1.83376e+09,1.61504e+07,2.95572e+08,-3.00385e+09,-9.13184e+08,-3.49304e+08,-1.06392e+09,0.000998817,0.000160993,-5.65906e-24
0,2.01286e+09,3.88182e+07,2.89116e+08,3.08681e+09,-4.11707e+08,-1.12642e+07,-1.12473e+09,0.00103022,0.000147975,4.35276e-24
0,2.20635e+09,1.77641e+07,3.37303e+08,3.70136e+09,-2.17282e+08,3.40609e+08,-4.27349e+08,0.000917998,0.000140342,8.75946e-25
0,2.04661e+09,7.17886e+07,3.08273e+08,1.05175e+10,2.68585e+07,9.90513e+07,-9.30787e+08,0.000984056,0.000148224,1.10509e-22
0,1.87577e+09,-229530,2.98429e+08,-5.00468e+09,-1.66425e+09,-2.83359e+08,-9.63645e+08,0.00101183,0.000160978,-3.13353e-23
0,2.07164e+09,-3.21026e+06,3.32729e+08,-1.08905e+09,-4.16278e+08,-1.69792e+08,-7.97378e+08,0.00100332,0.000161145,-1.04427e-25
0,1.89096e+09,-2.85694e+07,3.09097e+08,-7.67857e+09,-9.83622e+08,-7.37402e+08,-1.11202e+09,0.00102656,0.000167802,-7.03344e-23
0,2.00827e+09,-879966,3.08167e+08,-2.16221e+09,-4.6278e+08,-7.64861e+08,-1.16188e+09,0.00103765,0.000159227,1.98507e-25
0,1.85287e+09,-3.10893e+07,3.21254e+08,1.73489e+09,1.02958e+09,-2.5586e+08,-2.29005e+08,0.000941938,0.000163315,-3.58691e-25
0,2.15466e+09,3.09141e+07,2.9007e+08,-6.06985e+09,-3.83922e+08,1.11002e+08,2.40521e+08,0.000991006,0.000133414,4.04003e-24
0,2.1026e+09,7.81045e+07,3.06989e+08,1.34457e+10,1.29447e+08,-2.33083e+08,-7.55939e+08,0.000963029,0.000140607,1.4632e-22
0,2.10365e+09,-2.05534e+07,3.22813e+08,8.51747e+07,3.67244e+07,-3.033e+08,-6.44611e+08,0.000933315,0.000143221,6.44566e-28
0,1.79156e+09,-2.75045e+06,2.63755e+08,2.65839e+08,-5.36641e+08,-1.95011e+08,-1.45213e+09,0.00112128,0.000165076,-6.27563e-25
0,1.94146e+09,1.63176e+07,2.8943e+08,-2.12669e+09,5.89791e+08,-7.83925e+07,-1.10481e+09,0.000999324,0.000148977,-1.43535e-24
0,1.97988e+09,1.34355e+07,3.13543e+08,4.88079e+09,-4.09597e+08,-1.40361e+08,-7.10422e+08,0.000964009,0.000152665,9.49333e-24
0,1.92628e+09,-954234,3.03308e+08,2.12261e+10,9.62869e+08,7.46502e+08,1.9334e+08,0.00104295,0.00016422,-1.58738e-22
0,1.808e+09,-1.9902e+07,3.19849e+08,-2.43594e+09,-2.90699e+08,3.6294e+08,-1.6969e+08,0.00100298,0.000177434,-8.00931e-25
0,1.99124e+09,-5.34355e+07,3.08497e+08,-8.69541e+09,-3.57446e+08,-4.49229e+08,-1.16113e+09,0.00101388,0.000157077,-9.70474e-23
0,1.92716e+09,-1.01733e+07,2.9883e+08,-3.71317e+08,-1.37762e+08,1.93493e+08,-1.31952e+09,0.00102958,0.00015965,1.66936e-25
0,1.57623e+09,-1.21777e+08,2.4471e+08,8.6123e+09,4.51652e+07,6.71018e+08,-7.62796e+08,0.00111738,0.000173474,3.45111e-22
0,1.95408e+09,-1.34945e+07,3.08994e+08,-4.26582e+09,1.23675e+08,2.59834e+08,-1.19457e+09,0.00100595,0.000159068,-1.20394e-23
0,2.08595e+09,5.57689e+07,3.15932e+08,9.88187e+09,1.71675e+08,5.49502e+07,-8.4862e+08,0.000951365,0.000144091,6.44288e-23
0,1.67594e+09,7.64795e+07,2.50239e+08,-4.0085e+09,-1.03185e+09,-4.91456e+08,3.80562e+08,0.00107492,0.0001605,2.14132e-23
0,2.06735e+09,-3.2153e+07,3.30647e+08,-5.68437e+09,2.55815e+08,-3.38179e+08,-7.19481e+08,0.000951874,0.00015224,-1.14676e-23
0,2.2414e+09,3.74518e+06,3.21023e+08,3.35988e+09,-1.429e+09,-7.61136e+07,-5.39508e+08,0.000968392,0.000138697,3.18378e-24
0,1.88134e+09,1.21118e+08,2.8771e+08,4.83745e+09,-3.23787e+07,-6.25082e+08,-7.11574e+08,0.000999545,0.000152859,1.28989e-23
0,2.07691e+09,1.494e+07,3.3288e+08,5.76078e+09,6.148e+08,4.23672e+08,-6.39757e+08,0.000919873,0.000147435,1.02333e-23
0,1.76774e+09,-8.88707e+06,2.5567e+08,4.71515e+08,-1.31829e+08,2.08272e+08,-1.42416e+09,0.00110301,0.00015953,-4.26475e-25
0,1.99288e+09,-3.55741e+07,3.26183e+08,-3.15807e+09,9.46421e+08,-1.68251e+08,-7.72926e+08,0.000940167,0.000153881,-2.7245e-24
0,2.10379e+09,-3.4164e+06,3.10279e+08,-5.0789e+09,-1.24548e+09,3.81734e+08,-8.08289e+08,0.000989686,0.000145965,-1.52699e-23
0,2.04849e+09,1.86963e+06,3.17267e+08,1.88383e+08,-8.51552e+08,4.55062e+07,-1.24453e+09,0.0010412,0.000161259,1.20846e-25
0,2.00398e+09,-5.13455e+07,3.17032e+08,-9.33769e+09,3.70323e+07,-3.08673e+08,-1.04404e+09,0.000987653,0.000156247,-9.76703e-23
0,1.94257e+09,-3.01616e+07,2.85604e+08,1.88672e+10,8.56389e+08,2.67343e+08,4.68493e+08,0.00111714,0.000164246,-7.38578e-22
0,1.85646e+09,-6.96778e+07,2.61171e+08,-4.45044e+09,4.02461e+07,5.55649e+08,-1.38714e+09,0.00110162,0.000154978,-3.06912e-23
0,1.97672e+09,-2.37365e+07,3.28118e+08,-4.4242e+09,7.16905e+08,-6.3487e+07,-8.0381e+08,0.000925398,0.000153607,-6.49742e-24
0,2.0527e+09,1.15369e+07,3.26523e+08,1.74368e+09,4.68559e+08,1.32545e+07,-7.4257e+08,0.000930342,0.00014799,2.88573e-25
0,2.26293e+09,2.28376e+06,3.16366e+08,2.70298e+09,-1.6753e+09,-2.15563e+08,-2.35586e+08,0.000932537,0.000130372,1.80929e-24
0,2.01313e+09,4.84063e+06,3.26847e+08,-3.33688e+08,2.72565e+08,2.21035e+07,-8.56413e+08,0.000953408,0.000154793,1.17787e-26
0,2.15905e+09,2.05151e+07,3.37839e+08,6.00878e+09,-1.19791e+08,4.61791e+08,-5.03355e+08,0.000943764,0.000147676,6.36246e-24
0,2.13464e+09,-3.31173e+07,3.047e+08,-6.59207e+09,-1.21225e+09,-3.23735e+08,-9.35356e+08,0.00100285,0.000143147,-2.38314e-23
0,1.78363e+09,2.16975e+07,2.59484e+08,6.86801e+08,6.07057e+07,1.56485e+07,-1.44362e+09,0.00111712,0.000162519,-6.14006e-25
0,2.01972e+09,4.61319e+06,3.40804e+08,6.8745e+07,-2.0228e+07,-1.53907e+07,-5.63662e+08,0.00098906,0.000166892,-1.3989e-27
0,1.9574e+09,3.73689e+07,3.14862e+08,9.74099e+08,9.1599e+08,-4.64541e+08,-1.04316e+09,0.000992285,0.000159616,2.13449e-26
0,1.91528e+09,-4.30575e+07,3.04047e+08,-3.31923e+09,7.46475e+08,5.28894e+08,-1.05209e+09,0.000967459,0.000153582,-3.41402e-24
0,1.97448e+09,3.15717e+06,3.04355e+08,3.35277e+09,-2.22458e+09,2.02428e+08,-9.79858e+08,0.00106471,0.000164119,2.78559e-23
0,1.92387e+09,1.28448e+06,2.98804e+08,-1.12967e+09,-5.13654e+08,-2.32441e+08,-1.23927e+09,0.00104206,0.000161848,-2.29167e-25
0,1.98712e+09,-9.11467e+06,3.12638e+08,-9.50415e+08,-5.17179e+08,3.15705e+08,-9.58373e+08,0.00100022,0.000157368,1.30787e-26
0,1.94982e+09,1.06904e+07,3.29157e+08,-2.42229e+09,1.03196e+09,1.15469e+08,-7.57207e+08,0.000919515,0.000155227,-7.74359e-25
0,1.94437e+09,2.74759e+07,2.91089e+08,6.5208e+09,1.51884e+08,1.91797e+08,-1.09404e+09,0.00101734,0.000152305,4.67916e-23
0,2.13013e+09,1.27936e+07,3.34914e+08,9.1105e+08,-5.30382e+07,2.01729e+08,-6.06677e+08,0.000944941,0.00014857,1.07918e-26
0,2.25166e+09,1.00003e+07,3.11678e+08,-3.157e+09,6.12726e+08,-4.09632e+07,2.20493e+08,0.00094709,0.000131098,4.43372e-25
0,1.88978e+09,-3.76444e+07,2.92859e+08,2.26092e+09,-3.1825e+09,-4.66487e+07,-9.37497e+08,0.00106764,0.000165452,4.92066e-23
0,2.154e+09,1.59755e+07,3.35978e+08,6.28894e+09,-4.78725e+07,4.206e+08,-5.28315e+08,0.000927905,0.000144734,7.47486e-24
0,1.89337e+09,1.01845e+07,2.97866e+08,4.94091e+09,7.72274e+08,-5.09206e+08,-8.88158e+08,0.00102362,0.000161037,1.48974e-23
0,2.15761e+09,1.69e+07,3.0329e+08,3.76745e+09,-2.61839e+09,2.43549e+08,-9.12675e+08,0.0010857,0.000152614,3.15337e-23
0,2.04897e+09,3.50951e+07,3.33885e+08,4.80865e+09,5.88035e+08,5.20273e+08,-6.49572e+08,0.000957794,0.000156075,8.52896e-24
0,2.20052e+09,-9.89261e+06,3.22807e+08,-4.59688e+09,-1.11022e+09,2.74389e+08,-5.50682e+08,0.000950954,0.000139501,-5.34577e-24
0,1.98212e+09,3.91347e+06,2.93866e+08,3.64916e+09,3.51427e+08,2.12961e+08,-1.07002e+09,0.00099955,0.000148192,6.6967e-24
0,1.8423e+09,-2.39707e+07,2.93536e+08,5.83024e+08,8.65465e+08,3.11616e+08,-1.46349e+09,0.00102535,0.000163371,-7.58175e-26
0,1.96626e+09,-6.39743e+06,3.15584e+08,-2.07678e+09,-2.29392e+08,5.41576e+08,-9.72593e+08,0.00100652,0.000161547,-8.49425e-25
0,1.91946e+09,-3.88793e+07,3.15308e+08,2.89791e+09,-1.73905e+09,4.79968e+08,-2.35958e+08,0.000943611,0.000155006,2.64861e-24
0,2.27495e+09,3.48266e+07,3.15537e+08,5.85291e+09,-2.00411e+08,3.61808e+07,-3.12508e+08,0.001002,0.000138978,4.11344e-24
0,1.94168e+09,2.76254e+07,2.6971e+08,1.1196e+09,-8.31118e+08,-9.58505e+08,-9.4991e+07,0.00104364,0.000144967,-8.52876e-26
0,2.06533e+09,3.49196e+07,3.06358e+08,2.47318e+09,-8.58538e+08,1.38139e+08,-1.15346e+09,0.00102337,0.000151801,2.62089e-24
0,1.83244e+09,-6.70941e+07,2.92457e+08,1.23173e+09,-2.99868e+09,-1.25592e+08,-7.87398e+08,0.00107759,0.000171983,2.21111e-23
0,1.90647e+09,-1.64197e+07,3.13936e+08,-3.22175e+09,3.48849e+08,-8.07666e+07,-1.36684e+09,0.000998261,0.000164382,-6.22878e-24
0,1.9721e+09,6.52113e+07,3.15404e+08,7.906e+09,1.62784e+09,-2.64128e+08,-9.53231e+08,0.000942263,0.000150699,3.78124e-23
0,2.02907e+09,4.19165e+07,3.30164e+08,4.87208e+09,9.00471e+08,2.21392e+08,-6.43854e+08,0.000975731,0.000158768,9.12107e-24
0,1.67654e+09,3.3974e+06,2.40468e+08,-5.92029e+08,8.55887e+08,-1.85915e+08,-1.5632e+09,0.00110302,0.000158207,3.50876e-25
0,1.98008e+09,5.87738e+07,3.17179e+08,5.65945e+09,7.14104e+08,-1.9654e+08,-8.77001e+08,0.000954197,0.000152848,1.51262e-23
0,1.92435e+09,2.73184e+07,3.18815e+08,3.17886e+08,1.33321e+09,-1.9169e+08,-9.56701e+08,0.000966133,0.000160063,-7.15912e-27
0,1.96666e+09,-7.55715e+07,2.86323e+08,-9.3017e+09,6.6022e+08,5.59827e+08,-1.0539e+09,0.00100253,0.000145957,-1.03453e-22
0,2.08798e+09,5.9917e+06,3.22104e+08,5.76689e+08,-4.47011e+08,-6.50713e+08,-7.60716e+08,0.00100915,0.000155678,-1.2111e-25
0,2.00003e+09,-2.32296e+06,3.30405e+08,-1.44675e+09,3.13741e+08,-1.89228e+08,-7.9249e+08,0.000945068,0.000156126,-2.10223e-25
0,1.7456e+09,-7.75978e+07,2.93563e+08,9.28679e+08,-1.72633e+09,2.59907e+08,-6.91723e+08,0.00107407,0.00018063,7.53531e-24
0,1.75924e+09,-1.99757e+06,3.06489e+08,2.50806e+08,1.68365e+09,4.15959e+08,-1.23223e+09,0.000976339,0.000170094,-1.00073e-26
0,1.8849e+09,6.0233e+06,3.22297e+08,-2.95245e+09,-9.61297e+08,1.07804e+08,2.39336e+08,0.000975386,0.00016678,6.75212e-26
0,2.08427e+09,8.26582e+06,3.31977e+08,1.13909e+09,1.50752e+08,1.12442e+08,-7.04076e+08,0.000936814,0.000149213,5.29478e-26
0,1.81727e+09,-4.4298e+06,3.03933e+08,-3.19287e+08,2.26588e+09,8.72545e+07,-1.12591e+09,0.000946442,0.000158289,2.41952e-25
0,2.03907e+09,-2.59175e+07,2.989e+08,-5.26063e+09,-1.69251e+09,3.02985e+08,-1.09443e+09,0.00108312,0.000158771,-4.69006e-23
0,2.261e+09,1.62673e+07,3.10376e+08,-3.16221e+09,-1.67606e+09,-9.62618e+07,-2.97727e+08,0.00100587,0.00013808,-3.05055e-24
0,1.92483e+09,-4.95829e+07,2.67995e+08,7.45483e+09,-5.73543e+08,8.24236e+07,6.14919e+08,0.000960522,0.000133734,-3.25155e-23
0,2.00407e+09,9.17141e+06,2.82747e+08,3.20211e+09,-8.31624e+08,2.2315e+08,-1.19939e+09,0.00104373,0.000147256,6.23327e-24
0,2.15049e+09,-6.91035e+06,2.90127e+08,-6.06465e+09,-2.93607e+09,-5.94824e+08,-1.01557e+09,0.00109519,0.000147755,-7.24842e-23
0,2.022e+09,3.02995e+06,3.26508e+08,-2.19338e+08,5.74382e+08,-8.17869e+07,-8.45524e+08,0.000925875,0.000149508,2.0505e-27
0,1.84726e+09,-1.31804e+07,2.98251e+08,-9.67734e+08,-8.36801e+07,2.52688e+08,-1.31629e+09,0.00102426,0.000165374,2.68267e-25
0,1.65886e+09,-7.10553e+07,2.87107e+08,3.04428e+09,1.11635e+08,6.52325e+08,-8.79792e+08,0.00107327,0.000185756,9.88103e-24
0,2.07935e+09,2.86597e+07,3.3299e+08,3.2242e+09,2.82478e+08,4.19118e+08,-6.94415e+08,0.000960389,0.000153798,2.18239e-24
0,1.79763e+09,6.19415e+06,2.95572e+08,3.7143e+09,2.27613e+09,1.34711e+08,-1.25917e+09,0.000986499,0.000162203,1.0873e-23
0,2.04721e+09,6.03481e+06,3.09586e+08,-3.17551e+09,-2.5223e+09,-1.10687e+08,3.30938e+08,0.000869231,0.000131448,-3.66465e-24
0,2.01375e+09,1.17299e+07,3.13509e+08,2.13008e+09,-8.22273e+08,-1.82453e+07,-1.01095e+09,0.0010275,0.000159966,1.98564e-24
0,1.8437e+09,-1.25436e+06,3.02437e+08,2.66396e+09,2.58824e+09,-1.20401e+07,-1.01319e+09,0.000952023,0.000156168,-3.25661e-24
0,1.97092e+09,3.71883e+07,2.85109e+08,6.06594e+09,3.89362e+08,-4.78188e+08,-9.92236e+08,0.00110094,0.000159259,4.27264e-23
0,2.01742e+09,2.82832e+07,3.2058e+08,7.78647e+09,-3.47566e+07,-7.91847e+07,-7.6133e+08,0.000989286,0.000157203,4.04195e-23
0,2.16072e+09,-569499,3.07868e+08,1.08078e+10,-1.83365e+09,-3.57612e+08,-2.14596e+08,0.000956838,0.000136334,4.31302e-23
0,2.11842e+09,1.68772e+07,3.35251e+08,2.56688e+09,-7.58257e+07,2.43345e+08,-6.12696e+08,0.000981201,0.00015528,7.75386e-25
0,1.63035e+09,-6.35315e+07,2.87519e+08,4.55316e+09,1.87463e+09,7.17689e+08,-9.15437e+08,0.00108139,0.000190708,8.63625e-23
0,1.94236e+09,-4.98354e+06,3.30284e+08,-2.81952e+09,3.32169e+08,-8.83262e+07,-9.38465e+08,0.000984403,0.00016739,-2.67788e-24
0,2.21854e+09,2.74434e+07,3.2031e+08,3.36475e+09,-1.26858e+09,-3.13669e+08,-7.7862e+08,0.00103538,0.000149486,5.29948e-24
0,1.90976e+09,4.9615e+07,3.05572e+08,5.184e+09,7.66019e+08,-6.85231e+08,-1.23298e+09,0.00100835,0.000161342,2.11598e-23
0,2.0695e+09,-4.37164e+07,3.09606e+08,-3.23448e+09,-9.28495e+08,-3.03771e+06,-1.06861e+09,0.00103658,0.000155076,-5.83562e-24
0,2.18318e+09,-2.02209e+07,3.18068e+08,-6.43387e+09,-1.33005e+09,-2.45862e+08,-7.1487e+08,0.000980533,0.000142854,-1.47808e-23
0,1.86922e+09,-3.3862e+07,2.48111e+08,-1.45071e+08,-3.672e+08,2.57737e+08,-1.30062e+09,0.00109587,0.000145461,2.78082e-25
0,2.00812e+09,-7.39762e+06,3.00883e+08,9.88812e+09,1.29405e+09,3.03322e+08,-5.85412e+08,0.00104076,0.00015594,1.00262e-22
0,1.86633e+09,2.20575e+07,2.83977e+08,-7.15636e+08,-2.82022e+09,2.73861e+07,-4.4902e+08,0.00107762,0.000163968,-9.62782e-24
0,2.02664e+09,5.64151e+06,3.20535e+08,7.27873e+08,-1.09899e+08,-4.23659e+08,-9.00761e+08,0.000983193,0.000155502,-5.42512e-26
0,2.02255e+09,1.47903e+07,3.10125e+08,2.16166e+09,-7.29792e+08,-1.1495e+08,-1.11522e+09,0.00100771,0.000154515,1.70756e-24
0,1.85063e+09,8.69657e+07,2.89802e+08,-5.80845e+09,-2.50089e+09,-2.1801e+08,-9.16592e+08,0.00110631,0.000173243,-1.26936e-22
0,1.8781e+09,-2.07822e+07,3.11753e+08,-1.55028e+09,7.06867e+08,1.82783e+08,-1.33776e+09,0.000996466,0.000165408,-4.24566e-25
0,1.94252e+09,3.59051e+07,2.98185e+08,7.31965e+09,7.19692e+08,-1.63585e+08,-1.17344e+09,0.000978117,0.000150145,5.66518e-23
0,1.77957e+09,6.41634e+06,2.77162e+08,7.86877e+09,-3.24753e+07,8.94777e+07,-1.19352e+09,0.00097332,0.000151591,1.11082e-22
0,1.98568e+09,2.07106e+07,3.13138e+08,2.64461e+09,5.44568e+08,-3.76196e+08,-9.48911e+08,0.000960488,0.000151467,1.3392e-24
0,1.82636e+09,2.493e+07,2.88447e+08,1.20798e+10,-5.82887e+08,6.35789e+08,1.64515e+08,0.00095092,0.000150184,-7.10559e-23
0,1.98766e+09,-8.03459e+07,3.0547e+08,-1.01894e+10,8.52397e+08,2.03417e+08,-9.66247e+08,0.0010064,0.000154667,-1.28951e-22
0,1.93579e+09,8.64221e+07,2.85318e+08,-1.23464e+10,-1.56221e+09,1.46287e+08,4.76091e+08,0.00100144,0.000147603,1.09971e-22
0,1.97658e+09,-5.27963e+07,3.09557e+08,-3.31467e+09,2.64314e+08,8.17692e+07,-1.01124e+09,0.00102084,0.000159876,-4.89056e-24
0,2.12555e+09,9.72979e+06,3.16513e+08,2.41954e+09,-7.08236e+08,-4.99888e+08,-8.43995e+08,0.000995622,0.000148257,1.38239e-24
0,2.06859e+09,3.33257e+07,3.08827e+08,4.76087e+09,1.0385e+09,-4.12853e+08,-6.68907e+08,0.000912995,0.000136304,2.99596e-24
0,2.12825e+09,-3.97063e+06,3.32677e+08,-1.06889e+09,-4.15592e+08,-2.79106e+08,-7.09123e+08,0.000987662,0.000154386,-5.43221e-26
0,2.26893e+09,2.62124e+07,3.12068e+08,2.88051e+09,-1.04828e+09,-2.79766e+08,-3.54191e+08,0.00094186,0.000129543,1.10115e-24
0,2.08759e+09,-1.4195e+07,3.06607e+08,1.04203e+07,-1.0139e+09,-3.7479e+08,-1.08018e+09,0.00103519,0.00015204,-5.63142e-25
0,2.11369e+09,1.03576e+07,3.33924e+08,1.52684e+09,-8.36862e+07,1.68648e+08,-6.61762e+08,0.000952672,0.000150505,1.29849e-25
0,2.08904e+09,-3.11193e+07,3.14156e+08,-6.39124e+09,-1.2094e+09,-1.88551e+08,-9.65311e+08,0.00102366,0.000153942,-3.03878e-23
0,1.93569e+09,-4.57203e+07,2.91388e+08,-2.69566e+09,8.35646e+06,4.57258e+08,-1.27411e+09,0.00105248,0.000158435,-3.31381e-24
0,2.04751e+09,-5.67145e+07,3.09368e+08,-4.05628e+09,3.32949e+08,2.44926e+08,-9.23554e+08,0.00100967,0.000152556,-6.44682e-24
0,1.99335e+09,4.41099e+07,3.16857e+08,5.58311e+09,6.22087e+08,-3.38056e+08,-8.35111e+08,0.000963186,0.000153105,1.32702e-23
0,1.96793e+09,3.20351e+07,3.01545e+08,-2.74805e+09,4.47264e+06,-7.099e+08,-1.12357e+09,0.00100738,0.00015436,-1.97529e-24
0,2.09561e+09,-1.64573e+07,2.74081e+08,4.96456e+09,5.86222e+08,7.96017e+08,3.15744e+08,0.00105259,0.000137666,8.33799e-25
0,2.09788e+09,-1.77093e+07,3.29728e+08,-2.25891e+09,-2.57599e+08,-4.57835e+08,-7.88048e+08,0.000972238,0.000152809,-4.20229e-25
0,2.12325e+09,6.55549e+06,3.07536e+08,5.241e+08,-1.65627e+09,-5.92075e+08,-1.02349e+09,0.001052,0.000152374,-1.49166e-24
0,2.08485e+09,-6.02062e+06,2.92601e+08,-8.55463e+09,-1.69558e+09,-2.33567e+08,-7.69411e+08,0.00108851,0.000152768,-8.26068e-23
0,2.14391e+09,-1.95047e+07,3.02906e+08,5.55119e+09,-4.06467e+08,5.11788e+08,-7.79123e+08,0.00100022,0.000141318,9.53716e-24
0,2.05229e+09,-7.45144e+07,3.09195e+08,-8.56067e+09,8.51517e+08,2.08935e+08,-8.80612e+08,0.000945512,0.000142449,-4.26946e-23
0,1.98394e+09,-8.57066e+06,3.16842e+08,1.40865e+09,-4.74964e+08,-1.30478e+08,-1.10753e+09,0.000986694,0.000157578,2.80317e-25
0,1.91775e+09,-1.07893e+07,3.2161e+08,-7.07055e+09,1.40875e+09,-5.82248e+08,-7.49682e+08,0.000955152,0.000160181,-4.79822e-23
0,1.98268e+09,5.58935e+07,3.10586e+08,8.30622e+09,9.34063e+08,1.3411e+08,-8.26263e+08,0.000936524,0.000146707,4.69955e-23
0,1.84961e+09,2.10231e+07,3.19094e+08,8.08127e+08,1.17447e+09,-1.35354e+08,-1.16995e+09,0.000993584,0.000171413,6.35889e-26
0,1.86963e+09,-7.09148e+07,2.84484e+08,-9.89717e+09,-6.82189e+08,1.77052e+08,-1.26952e+09,0.00106708,0.000162367,-3.0669e-22
0,2.14844e+09,-1.76874e+07,3.33688e+08,-3.43131e+09,-2.85326e+08,-4.549e+08,-6.24991e+08,0.00096434,0.000149777,-1.3182e-24
0,2.12249e+09,1.88008e+07,3.29453e+08,6.78937e+09,1.6046e+08,3.75751e+08,-6.7913e+08,0.000937815,0.000145568,1.468e-23
0,1.77931e+09,-3.72315e+07,2.96473e+08,2.79222e+09,-5.53393e+06,-1.02096e+07,-7.6556e+08,0.00107137,0.000178515,4.87988e-24
0,2.07985e+09,-2.17324e+07,2.81919e+08,-4.01402e+09,8.58438e+08,2.3584e+08,-5.53788e+08,0.000942259,0.000127721,-1.98485e-24
0,1.89194e+09,3.2947e+07,3.05348e+08,5.01867e+08,7.63707e+08,-3.83253e+08,-1.21569e+09,0.000971861,0.000156852,-1.3236e-26
0,2.04285e+09,-1.26119e+07,3.1769e+08,-2.75073e+09,-7.41902e+08,-5.91245e+06,-9.49776e+08,0.00100554,0.000156375,-2.76338e-24
0,2.01847e+09,3.79418e+07,2.99953e+08,1.02916e+09,-8.93603e+08,8.96314e+07,-1.22363e+09,0.00104325,0.000155031,6.90156e-25
0,1.92713e+09,-3.81597e+07,2.78816e+08,1.44469e+10,-1.40656e+09,2.19748e+08,3.028e+08,0.00109302,0.000158137,-2.47885e-22
0,2.0815e+09,-5.04866e+07,2.97828e+08,-6.14625e+09,-5.7462e+08,5.60293e+08,-8.38813e+08,0.000971666,0.000139029,-1.97034e-23
0,2.13757e+09,-3.55217e+07,3.15048e+08,-7.97545e+09,-1.0726e+09,-4.53328e+08,-8.46242e+08,0.00100653,0.000148348,-3.37844e-23
0,1.88349e+09,-8.34757e+07,2.82541e+08,-9.40451e+09,-1.64714e+08,6.29352e+08,-1.15217e+09,0.00103881,0.000155832,-1.95172e-22
0,2.26819e+09,4.15194e+07,3.17161e+08,2.53219e+09,-6.54974e+08,-1.89154e+06,-2.40453e+08,0.000947289,0.00013246,3.09845e-25
0,2.06827e+09,-4.76237e+07,3.1135e+08,-7.86451e+09,-3.90651e+08,-1.30755e+07,-9.49705e+08,0.00103466,0.000155754,-5.74767e-23
0,2.0388e+09,-5.10464e+06,3.21762e+08,-3.79389e+09,-9.49216e+08,-3.61254e+08,-6.81934e+08,0.000977072,0.000154201,-3.37901e-24
0,1.8565e+09,2.76887e+07,3.1619e+08,3.07534e+09,1.4746e+09,-4.54676e+08,-1.08344e+09,0.00100195,0.000170648,2.6093e-24
0,1.9481e+09,2.29678e+07,3.29042e+08,1.77646e+09,1.11627e+09,-5.44464e+07,-8.32025e+08,0.000935003,0.000157926,3.75496e-25
0,1.81261e+09,3.35204e+07,3.03115e+08,1.88413e+08,7.94344e+08,-4.59795e+08,-1.57675e+09,0.00101951,0.000170488,7.96195e-26
0,1.82219e+09,2.26371e+07,2.99475e+08,7.5676e+09,1.77391e+09,2.62872e+08,-1.23758e+09,0.000952871,0.000156603,9.5302e-23
0,1.99809e+09,3.97209e+06,3.40528e+08,5.80509e+08,2.03725e+07,3.05367e+07,-5.92416e+08,0.000990175,0.000168753,-6.32952e-28
0,2.10007e+09,-1.16753e+07,3.14514e+08,4.96428e+08,-1.67398e+09,-1.55503e+08,-7.15411e+08,0.000996608,0.000149256,3.04291e-25
0,1.91231e+09,-2.97059e+07,2.96671e+08,-1.1704e+10,-9.82883e+08,4.30015e+08,-7.21113e+08,0.000996624,0.000154614,-2.0782e-22
0,1.93567e+09,-7.47639e+07,2.96873e+08,-1.00433e+10,-3.86561e+08,4.80886e+08,-1.00253e+09,0.00102819,0.000157693,-1.78336e-22
0,2.1788e+09,-1.96082e+07,3.35955e+08,-5.86598e+09,-3.28603e+08,-5.28347e+08,-4.95604e+08,0.000940444,0.00014501,-4.62399e-24
0,1.99363e+09,4.24606e+06,3.22118e+08,-3.23809e+09,-8.58631e+08,3.90382e+07,-6.44381e+08,0.000972459,0.000157124,-3.37097e-24
0,1.94463e+09,1.33225e+06,3.07308e+08,-6.58558e+09,-6.2744e+08,-2.47828e+08,-1.04085e+09,0.00100949,0.000159528,-4.21349e-23
0,1.76348e+09,-7.90275e+06,2.74718e+08,4.6229e+09,6.70135e+08,5.14148e+08,-1.228e+09,0.00114001,0.000177593,6.31103e-23
0,2.02337e+09,-6.80607e+07,3.18558e+08,-7.56227e+09,1.15149e+09,8.40827e+07,-7.47061e+08,0.000932118,0.000146752,-2.51462e-23
0,1.91398e+09,3.6419e+07,3.02725e+08,4.19465e+09,3.04784e+08,-4.2229e+08,-1.10499e+09,0.000987305,0.000156157,1.01372e-23
0,2.11858e+09,-1.06621e+07,3.16797e+08,-2.89592e+09,-1.63619e+09,4.19356e+08,-6.94384e+08,0.00100604,0.000150436,-5.59234e-24
0,1.77764e+09,-502294,2.75336e+08,-1.54788e+10,-3.01097e+09,-2.31185e+08,-6.68506e+08,0.00103961,0.000161025,-8.51696e-22
0,1.81157e+09,1.7431e+07,3.00244e+08,-5.23175e+09,5.1068e+08,-5.30557e+08,-1.09667e+09,0.000987397,0.000163648,-3.36299e-23
0,1.82548e+09,-5.43232e+07,3.03151e+08,4.8923e+09,-1.53803e+09,-3.15727e+07,-7.06489e+08,0.000989626,0.000164344,2.69386e-23
0,1.92427e+09,-5.52639e+07,2.93445e+08,-5.83512e+09,1.45751e+09,5.71331e+08,-1.10185e+09,0.000951874,0.000145158,-1.67241e-23
0,1.99304e+09,-8.90996e+06,2.63794e+08,4.41745e+09,-1.6367e+08,7.82909e+07,6.94586e+08,0.00105647,0.000139832,-9.92896e-24
0,1.83495e+09,6.32259e+07,2.90215e+08,8.98268e+09,3.28558e+08,2.14042e+08,-7.67524e+08,0.00108235,0.000171185,1.62994e-22
0,1.97068e+09,1.1417e+07,3.09022e+08,2.57827e+09,-5.80392e+08,-2.93258e+08,-1.24606e+09,0.00103838,0.000162829,3.38247e-24
0,2.04271e+09,-4.58791e+07,3.20553e+08,-8.15367e+09,5.72865e+07,-7.25498e+07,-7.91956e+08,0.000967911,0.00015189,-4.07065e-23
0,2.08819e+09,2.32204e+07,3.24349e+08,3.73771e+09,-4.17946e+08,2.37189e+08,-8.98232e+08,0.000991787,0.00015405,4.03373e-24
0,1.80622e+09,2.88561e+06,3.03723e+08,-8.2872e+09,6.66496e+08,-4.252e+08,-7.89672e+08,0.000973889,0.000163764,-9.29706e-23
0,1.82726e+09,-3.23616e+07,3.09247e+08,-4.85486e+09,1.74386e+08,2.23628e+08,-1.21754e+09,0.00101817,0.000172315,-2.74592e-23
0,1.96629e+09,6.80841e+07,2.83413e+08,7.20343e+09,-5.41715e+08,-5.65745e+08,-1.16357e+09,0.00104285,0.000150313,7.77934e-23
0,2.00821e+09,9.21496e+07,3.11717e+08,8.76755e+09,2.29129e+09,-3.59579e+08,-6.89151e+08,0.000901411,0.000139918,1.27656e-23
0,1.93411e+09,2.84918e+07,2.84362e+08,8.82588e+09,1.17885e+09,5.77563e+07,-9.21311e+08,0.000957292,0.000140745,7.69339e-23
0,2.00084e+09,-4.50377e+06,2.66298e+08,-7.42871e+09,3.51034e+08,4.523e+08,5.76728e+08,0.000964691,0.000128393,2.68344e-23
0,2.31615e+09,1.33147e+07,3.25005e+08,2.56654e+09,-9.46315e+08,-6.90935e+07,-2.33966e+08,0.000941617,0.000132129,4.80982e-25
0,2.29136e+09,2.46093e+07,3.29029e+08,-4.03854e+09,3.31478e+08,2.4091e+08,2.01784e+08,0.00089592,0.00012865,6.24035e-25
0,1.97393e+09,3.11851e+07,3.14437e+08,3.51462e+09,2.06503e+08,-4.01405e+08,-1.01916e+09,0.000980233,0.000156146,4.47868e-24
0,2.04096e+09,4.80343e+07,3.10967e+08,7.5003e+09,-9.31353e+08,2.65196e+08,-1.26975e+09,0.00106138,0.000161715,7.82219e-23
0,1.92169e+09,-5.21139e+07,3.21905e+08,-6.61447e+09,1.06793e+09,6.29336e+07,-7.74777e+08,0.000931715,0.000156073,-2.29188e-23
0,1.78817e+09,9.03753e+06,2.99216e+08,-4.79929e+09,7.37642e+08,-5.06876e+08,-7.69753e+08,0.000946019,0.000158298,-1.88337e-23
0,2.12381e+09,-2.15005e+06,3.08591e+08,4.31196e+08,-1.40722e+09,-1.20512e+08,-9.14855e+08,0.00103888,0.00015095,1.99599e-25
0,1.69929e+09,3.76848e+07,2.76297e+08,-1.29932e+10,-2.63464e+09,4.75834e+07,-1.10014e+09,0.00116995,0.000190228,-1.99657e-21
0,1.7976e+09,-4.32598e+07,3.11936e+08,-2.92019e+09,9.3119e+08,1.59216e+08,-1.14225e+09,0.00100183,0.000173846,-5.2556e-24
0,2.29646e+09,2.72292e+07,3.17605e+08,5.8992e+09,-1.69705e+09,-2.25795e+08,-5.13566e+08,0.000980102,0.00013555,1.24271e-23
0,1.91391e+09,-1.8215e+07,2.98558e+08,1.10852e+09,-2.17039e+08,4.92919e+08,-1.1779e+09,0.00101205,0.000157873,-2.3688e-25
0,1.84431e+09,-3.43062e+07,2.83503e+08,1.73414e+09,2.25738e+09,4.57794e+07,-9.96391e+08,0.0011673,0.000179435,-3.86856e-24
0,1.93883e+09,-5.05371e+07,2.99546e+08,1.63112e+09,-1.18787e+09,1.49021e+08,-5.59473e+08,0.000990391,0.000153014,1.57866e-24
0,2.12337e+09,-1.25862e+07,3.0657e+08,-1.64794e+09,-1.63422e+09,-1.67584e+08,-9.04672e+08,0.00103301,0.000149144,-3.44585e-24
0,1.68135e+09,9.17653e+07,2.90858e+08,-5.78848e+09,-1.65315e+09,-3.3946e+08,-1.15377e+09,0.00112882,0.000195276,-1.47097e-22
0,2.05761e+09,7.38841e+07,3.10467e+08,1.24994e+10,3.69108e+08,-4.40557e+07,-7.44001e+08,0.000975601,0.000147206,1.38289e-22
0,2.00257e+09,1.50294e+06,3.1984e+08,-7.50124e+08,-9.50544e+08,-2.95446e+08,-9.52436e+08,0.00104982,0.000167673,-7.71747e-25
0,1.60073e+09,3.45662e+06,2.83547e+08,-1.10917e+10,-1.99499e+09,-2.09472e+08,-1.09606e+09,0.00109245,0.000193513,-9.78695e-22
0,1.84047e+09,-3.32861e+07,3.09137e+08,7.3574e+09,6.94048e+08,3.11781e+08,-5.18397e+08,0.00105345,0.000176945,5.97289e-23
0,2.31155e+09,1.54147e+07,3.1788e+08,2.38143e+09,-2.01687e+09,-2.17025e+08,-5.14118e+08,0.000992579,0.000136498,3.39931e-24
0,2.0715e+09,3.06348e+07,3.1101e+08,7.45665e+09,-1.34632e+09,-2.67149e+08,-6.69204e+08,0.00100036,0.000150191,4.08751e-23
0,1.86618e+09,-3.06672e+07,3.0065e+08,1.98176e+09,2.70282e+08,6.98408e+08,-1.17414e+09,0.00100957,0.000162646,1.06803e-24
0,1.88838e+09,-2.5402e+06,3.07015e+08,-8.4574e+08,4.7439e+08,-3.75717e+08,-7.2781e+08,0.000943951,0.000153468,-9.67218e-26
0,2.06952e+09,-265381,3.07577e+08,-8.34725e+08,-1.413e+09,-5.55935e+08,-1.22154e+09,0.0010753,0.000159813,-3.09624e-24
0,2.00214e+09,-3.21649e+07,3.2193e+08,1.50947e+09,2.4225e+08,4.45536e+08,-6.43558e+08,0.000976938,0.000157085,2.69114e-25
0,1.99876e+09,1.17722e+07,2.76471e+08,1.68183e+09,-1.67848e+09,1.98299e+08,-1.2482e+09,0.00107604,0.000148839,7.42914e-24
0,1.95639e+09,-4.19182e+06,3.15281e+08,-1.62935e+09,-5.70498e+08,-2.0727e+08,-1.10745e+09,0.00103373,0.00016659,-7.40385e-25
0,1.89285e+09,1.83687e+06,3.24681e+08,2.63003e+09,2.26331e+07,-4.91846e+07,-8.22455e+08,0.000984781,0.00016892,2.05325e-24
0,1.88709e+09,-2.12976e+07,2.9347e+08,2.46554e+09,9.00946e+08,4.29171e+08,-1.10948e+09,0.000978942,0.000152239,3.65143e-24
0,1.6871e+09,8.20668e+07,2.98643e+08,-4.52668e+09,-1.82898e+09,-4.23192e+08,-1.22747e+09,0.00111095,0.000196654,-8.82835e-23
0,2.16571e+09,3.15888e+07,2.95072e+08,3.41514e+09,-2.22834e+09,-9.06315e+07,-9.38259e+08,0.0010446,0.000142324,1.65414e-23
0,2.06707e+09,-4.71606e+07,3.11076e+08,-5.26298e+09,-2.09989e+08,-1.74467e+08,-8.27078e+08,0.000994658,0.000149687,-1.18392e-23
0,2.02114e+09,2.46781e+07,2.97326e+08,2.03381e+09,1.36292e+09,3.70869e+08,6.69231e+08,0.00104472,0.000153687,-2.91752e-24
0,1.87384e+09,-1.49379e+07,2.96219e+08,4.6268e+09,1.9525e+09,3.97576e+08,-9.40225e+08,0.000939371,0.000148497,1.57517e-23
0,2.17379e+09,-2.47007e+07,3.37035e+08,-2.79096e+09,6.03646e+08,-9.11658e+07,-3.69949e+08,0.000882213,0.000136783,-4.02445e-25
0,1.90309e+09,3.25979e+07,3.19575e+08,3.59849e+09,1.73942e+09,-2.54177e+08,-7.35705e+08,0.000922516,0.000154913,5.37001e-25
0,2.01312e+09,-3.16979e+07,3.06845e+08,2.04171e+09,-1.45858e+08,8.60147e+08,-9.82824e+08,0.00103507,0.000157768,-2.62663e-25
0,2.2464e+09,-1.24575e+07,3.09622e+08,4.02829e+09,9.72305e+08,7.61601e+07,3.10233e+08,0.000945853,0.000130367,-1.46681e-24
0,1.97888e+09,-1.21228e+07,3.25514e+08,3.37316e+09,-7.70474e+08,-9.86557e+07,-5.66548e+08,0.00100731,0.000165696,4.0467e-24
0,1.91901e+09,938772,3.0181e+08,3.60783e+08,-6.10596e+07,459409,-1.23016e+09,0.000990781,0.000155824,-8.93107e-26
0,2.03323e+09,-1.02512e+07,3.07499e+08,2.13066e+09,3.6883e+08,2.30744e+08,-8.27317e+08,0.000943544,0.000142699,7.20506e-25
0,2.11451e+09,3.26132e+07,2.90698e+08,-7.23292e+09,3.16829e+08,1.27927e+08,6.23454e+08,0.000984905,0.000135402,2.12038e-23
0,2.0178e+09,-3.16417e+06,3.19285e+08,-2.56822e+09,-9.23324e+08,-1.36329e+08,-9.32643e+08,0.00104347,0.000165113,-3.29668e-24
0,2.00445e+09,3.02694e+06,3.41484e+08,-1.8439e+08,-3.59519e+07,-3.73244e+07,-5.11863e+08,0.000996374,0.000169745,2.49753e-27
0,1.85198e+09,1.67356e+07,2.79578e+08,-9.0097e+08,-7.87389e+07,-2.4856e+08,-1.73783e+09,0.00107404,0.000162139,9.59122e-25
0,2.03538e+09,-1.24296e+07,3.24893e+08,1.65794e+09,1.39231e+09,3.2826e+08,-6.91335e+08,0.000897515,0.000143264,3.09081e-25
0,1.96748e+09,-4.39929e+06,3.13763e+08,2.54699e+09,-1.33157e+09,-1.52927e+08,-8.51113e+08,0.00100698,0.000160589,5.12697e-24
0,1.99161e+09,5.09414e+06,3.01265e+08,5.15506e+09,1.16059e+09,4.37563e+08,-1.01611e+09,0.00095292,0.000144146,1.83843e-23
0,2.13665e+09,2.37896e+07,3.08622e+08,7.09927e+09,-7.52529e+08,-6.69858e+07,-7.37692e+08,0.000971047,0.00014026,2.19565e-23
0,2.18661e+09,5.23268e+07,3.19772e+08,4.73524e+08,-1.70542e+09,-4.42691e+07,-1.98594e+08,0.00094617,0.000138369,2.88571e-25
0,2.09769e+09,4.52574e+07,3.08012e+08,-6.79355e+09,-1.43197e+09,5.78105e+07,3.36496e+08,0.000898652,0.000131953,3.94908e-24
0,1.89319e+09,1.80233e+07,2.95352e+08,6.99371e+09,2.21839e+09,8.1342e+07,-9.03478e+08,0.000953393,0.000148737,3.5047e-23
0,2.09057e+09,-3.58789e+07,3.13762e+08,-5.99744e+09,-4.14009e+08,2.39311e+08,-7.6382e+08,0.00097991,0.000147069,-1.57463e-23
0,2.01342e+09,-1.46514e+07,3.05437e+08,1.90074e+09,8.81594e+08,-2.11922e+08,-6.43866e+08,0.000953319,0.000144619,2.32578e-25
0,1.89322e+09,-3.14934e+07,2.9916e+08,-6.00655e+09,6.61894e+08,4.49425e+08,-1.06158e+09,0.000966355,0.0001527,-2.72579e-23
0,1.9887e+09,1.70692e+07,2.81573e+08,6.31163e+09,7.84479e+08,-2.64737e+08,-9.82295e+08,0.000987414,0.000139804,2.68352e-23
0,1.94937e+09,-2.23624e+07,3.13072e+08,-4.96661e+09,-1.20448e+09,-6.27919e+08,-1.02883e+09,0.00102795,0.00016509,-1.53277e-23
0,1.93415e+09,-6.71818e+07,3.13053e+08,-9.82216e+09,3.78049e+08,-3.89078e+08,-1.16655e+09,0.00101762,0.000164707,-1.8288e-22
0,2.05414e+09,4.13556e+07,3.00852e+08,4.84613e+09,-1.37719e+09,-9.91409e+06,-1.08461e+09,0.00103065,0.00015095,2.20281e-23
0,2.00402e+09,2.60543e+06,3.39343e+08,-3.79857e+08,-5.53233e+07,-5.37424e+07,-6.78356e+08,0.000995664,0.000168597,9.47163e-27
0,1.65843e+09,-7.51816e+06,3.02962e+08,-5.16991e+08,-1.42801e+09,-6.22925e+08,-1.46339e+09,0.00107714,0.000196771,-1.08528e-23
0,2.11944e+09,1.34799e+07,3.26703e+08,5.39915e+09,7.06716e+08,5.20213e+08,-5.73593e+08,0.000908378,0.000140023,7.29106e-24
0,1.95981e+09,-3.44267e+07,2.97099e+08,4.94815e+09,2.4063e+09,5.21324e+08,-5.78808e+08,0.00102815,0.000155864,1.24847e-23
0,2.07433e+09,-1.42132e+07,3.20941e+08,-6.59765e+09,-6.97409e+08,2.00364e+08,-7.24774e+08,0.000976903,0.000151146,-2.15759e-23
0,2.08699e+09,-2.70363e+07,3.03469e+08,2.53724e+09,-3.47387e+08,3.4927e+08,-9.13551e+08,0.000990971,0.000144097,1.02915e-24
0,1.81719e+09,-2.21519e+07,2.74734e+08,-9.57584e+08,3.02079e+08,8.2194e+08,-1.51635e+09,0.00107249,0.000162146,5.26134e-25
0,2.13267e+09,3.37413e+07,3.21553e+08,5.74221e+08,8.60952e+08,4.75048e+08,1.33424e+08,0.000939765,0.000141693,-4.71213e-26
0,1.75356e+09,2.00599e+07,2.71077e+08,-8.86389e+09,-2.36743e+07,-1.9908e+08,-1.16823e+09,0.00110845,0.000171351,-3.21758e-22
0,1.88336e+09,3.53009e+07,3.05978e+08,1.44573e+10,1.28013e+09,5.69488e+07,2.92292e+07,0.00106594,0.000173177,-2.44742e-23
0,2.27492e+09,-2.26875e+07,3.12223e+08,-5.05514e+09,-2.2807e+09,1.36037e+08,-6.21774e+08,0.00101838,0.000139769,-1.88837e-23
0,1.89547e+09,-1.80404e+07,3.03568e+08,4.28869e+09,-6.93313e+08,2.00341e+08,-9.47332e+08,0.00103375,0.000165559,1.38991e-23
0,1.95169e+09,-2.14026e+07,3.15283e+08,-5.06808e+09,-1.13383e+09,-2.70461e+08,-8.9427e+08,0.00102188,0.000165077,-1.91358e-23
0,1.94221e+09,-2.35481e+07,3.13812e+08,-5.3844e+09,-2.76727e+08,-4.72637e+06,-1.11073e+09,0.00100475,0.000162343,-2.48261e-23
0,1.9536e+09,-6.83406e+07,3.18756e+08,-1.0168e+10,1.10376e+09,-1.96617e+08,-9.79839e+08,0.000986973,0.000161038,-1.44589e-22
0,2.02556e+09,4.41827e+06,3.2535e+08,2.10381e+09,3.03006e+08,1.36369e+08,-8.40685e+08,0.000947784,0.000152235,6.66743e-25
0,2.20442e+09,-4.45245e+07,3.09274e+08,-8.24204e+09,-1.95425e+09,1.65924e+08,-6.15477e+08,0.000993694,0.000139412,-4.32125e-23
0,1.96195e+09,7.19061e+07,3.18558e+08,6.23991e+09,1.82748e+09,2.05539e+06,-7.85988e+08,0.000925029,0.000150195,1.50354e-23
0,1.90163e+09,-2.78293e+07,3.15998e+08,-4.4471e+09,2.02774e+08,1.00194e+07,-1.04691e+09,0.000990169,0.000164538,-1.33741e-23
0,2.30092e+09,9.58212e+06,3.29421e+08,3.76126e+09,-7.63774e+08,-1.92852e+08,-2.46427e+08,0.00091258,0.000130653,9.07049e-25
0,1.67267e+09,-2.95301e+07,2.76784e+08,6.02736e+09,-1.52926e+07,4.48754e+07,-1.10138e+09,0.000998979,0.000165306,7.08208e-23
0,1.94372e+09,1.81136e+07,3.06679e+08,6.03587e+09,1.38083e+08,4.35998e+07,-1.05616e+09,0.000976332,0.000154045,2.89168e-23
0,1.99202e+09,-3.60303e+07,3.05221e+08,-3.71885e+09,-5.94329e+07,3.22359e+08,-1.198e+09,0.00102646,0.000157276,-7.92424e-24
0,2.28225e+09,2.26595e+07,3.20674e+08,6.68798e+09,-1.66412e+09,-2.55791e+07,-5.21828e+08,0.000982554,0.000138057,1.48397e-23
0,1.78785e+09,2.30157e+07,2.77383e+08,2.19939e+09,8.52348e+08,-6.05999e+08,-1.79988e+09,0.00108262,0.000167967,1.99505e-24
0,2.07572e+09,3.47737e+07,3.12473e+08,1.67493e+09,-4.68814e+08,8.0331e+07,-1.10188e+09,0.00100355,0.000151071,4.64109e-25
0,2.21605e+09,-2.46391e+06,3.18243e+08,1.56374e+09,-1.23162e+09,-1.56874e+08,-6.69874e+08,0.000973453,0.000139796,7.64182e-25
0,2.15346e+09,1.74127e+07,3.15023e+08,1.01207e+09,-1.06102e+09,1.08367e+08,-8.08499e+08,0.00100123,0.000146467,5.41084e-25
0,1.67408e+09,-2.96937e+07,2.61987e+08,3.32019e+09,8.0112e+08,2.75094e+08,-1.16041e+09,0.00106069,0.000165994,1.99422e-23
0,2.23057e+09,-2.45898e+07,3.2477e+08,-5.64718e+09,-6.45594e+08,7.35389e+07,-4.36948e+08,0.00102162,0.000148747,-7.13941e-24
0,2.04495e+09,-7.9503e+07,3.02963e+08,-9.71543e+09,-1.78537e+09,7.59762e+07,-5.49465e+08,0.000967288,0.000143305,-6.62439e-23
0,1.86018e+09,-6.28295e+07,3.01066e+08,3.52004e+09,-1.02028e+09,2.79905e+08,-6.09009e+08,0.00103244,0.000167097,6.17509e-24
0,2.1587e+09,3.0828e+07,2.97766e+08,7.03083e+08,1.64791e+09,4.90954e+08,4.05594e+08,0.000979911,0.000135167,-1.17049e-24
0,2.02243e+09,2.41725e+07,3.11298e+08,2.92104e+09,-7.05767e+08,-3.32584e+08,-7.31592e+08,0.000987025,0.000151925,2.76259e-24
0,1.86481e+09,-3.0136e+07,3.29457e+08,-7.27845e+09,7.30306e+08,-2.70197e+08,-8.87565e+08,0.000940617,0.00016618,-4.88555e-23
0,2.07905e+09,4.97952e+07,3.02678e+08,-1.84663e+10,1.23857e+08,-1.89208e+07,2.95479e+08,0.00102654,0.000149448,2.18113e-22
0,2.07167e+09,3.54265e+07,3.05604e+08,6.30882e+09,-4.69818e+08,1.35955e+08,-1.002e+09,0.0010017,0.000147766,2.5673e-23
0,2.02895e+09,-1.3078e+07,3.02037e+08,-8.87602e+08,-1.51493e+09,5.27237e+08,-1.15866e+09,0.00108219,0.000161099,8.03358e-25
0,1.55906e+09,-2.7298e+07,2.41663e+08,-9.71704e+09,-2.37492e+09,-3.25043e+08,9.23178e+08,0.0012224,0.000189479,1.13382e-21
0,2.05376e+09,-1.6549e+07,3.32623e+08,8.5916e+08,-6.78457e+08,8.20103e+07,6.69528e+06,0.000850327,0.000137717,2.1999e-26
0,2.2174e+09,-2.93653e+07,3.26284e+08,9.19304e+09,5.44327e+08,1.70614e+08,2.99616e+08,0.000920558,0.000135458,-1.05302e-23
0,1.96619e+09,-4.48205e+07,3.08544e+08,-3.97031e+09,-8.29997e+08,-4.49367e+08,-1.27163e+09,0.00110233,0.000172982,-1.46655e-23
0,1.98965e+09,3.34702e+07,3.25204e+08,9.86323e+09,1.02364e+09,3.49042e+08,1.39974e+08,0.000985351,0.000161054,-5.83035e-24
0,2.2729e+09,3.88008e+07,3.17982e+08,4.13367e+09,-6.26855e+08,-4.1122e+07,-3.44693e+08,0.000959825,0.000134281,1.56364e-24
0,1.7857e+09,-2.67991e+07,3.1343e+08,-3.99169e+09,-8.90875e+08,4.58409e+08,-6.14734e+08,0.00112274,0.000197065,-2.38743e-23
0,2.19164e+09,2.8587e+07,2.97469e+08,-7.10632e+09,1.65121e+09,-4.18885e+07,3.16158e+08,0.000991712,0.000134604,1.4098e-23
0,1.90853e+09,5.4171e+07,2.78521e+08,8.3666e+09,2.16881e+08,-6.55572e+08,-1.00422e+09,0.00106425,0.00015531,1.17602e-22
0,2.07505e+09,2.7755e+07,3.31536e+08,3.03225e+09,8.07612e+07,4.35373e+08,-6.9943e+08,0.000950028,0.000151789,1.48114e-24
0,2.1197e+09,-1.49698e+07,3.05976e+08,1.2753e+10,-9.81116e+08,-3.13724e+07,-1.24405e+08,0.000976731,0.00014099,2.50529e-23
0,2.1516e+09,1.91145e+07,3.31953e+08,1.80446e+09,-3.88038e+08,2.71019e+08,-6.96078e+08,0.000976053,0.000150587,2.2798e-25
0,1.98074e+09,-4.43715e+07,3.21476e+08,-3.7599e+09,6.83297e+08,1.03438e+07,-7.89871e+08,0.000977052,0.000158577,-4.85887e-24
0,2.16762e+09,2.59671e+07,3.10064e+08,3.79907e+09,-1.57879e+09,1.52257e+08,-9.32394e+08,0.00104007,0.000148775,9.91569e-24
0,1.93603e+09,2.35407e+07,3.05691e+08,7.38531e+09,-4.72471e+07,1.95793e+08,-1.05446e+09,0.00101063,0.000159573,6.4137e-23
0,2.20282e+09,1.45116e+07,3.18858e+08,3.31376e+08,1.2455e+09,-8.31307e+07,4.75754e+08,0.000971146,0.000140573,-7.27437e-26
0,2.1939e+09,-3.0901e+07,3.24019e+08,-1.04576e+10,-9.70506e+08,-1.73392e+08,-6.32081e+08,0.000986673,0.000145723,-5.16401e-23
0,1.79331e+09,-1.51988e+07,2.71517e+08,5.72377e+08,4.23939e+08,3.13104e+08,-1.6681e+09,0.00106311,0.00016096,-7.62534e-25
0,2.0629e+09,1.68923e+07,2.97901e+08,-1.59424e+09,-2.19006e+09,-3.94961e+07,-1.01152e+09,0.00107595,0.000155377,-9.43435e-24
0,1.83246e+09,-1.17452e+07,2.58959e+08,-1.12101e+09,-1.9166e+09,-3.08814e+08,2.83292e+08,0.00100752,0.000142381,-2.63807e-24
0,1.86407e+09,1.08971e+07,3.04858e+08,-3.94772e+08,1.92037e+09,-2.05478e+08,-1.13644e+09,0.000991412,0.00016214,2.5791e-25
0,1.93143e+09,1.12199e+07,2.90254e+08,-8.861e+08,6.83403e+08,3.0529e+07,-1.13638e+09,0.000996831,0.000149803,-4.39119e-26
0,1.99303e+09,2.53943e+07,3.25001e+08,9.14318e+09,-1.49451e+08,2.05048e+08,1.17165e+08,0.00101313,0.000165209,-1.32307e-23
0,1.9675e+09,3.75373e+06,3.22138e+08,3.95843e+09,3.24803e+08,-1.50025e+08,-8.87041e+08,0.000943406,0.000154463,5.14946e-24
0,2.06781e+09,-2.42034e+07,3.11381e+08,-3.53238e+08,2.15584e+08,-8.49964e+07,-7.6277e+08,0.00107904,0.000162487,1.63026e-26
0,1.99922e+09,2.2589e+06,3.40617e+08,-6.22281e+08,4.99746e+07,-1.06519e+08,-5.82887e+08,0.000986487,0.000168072,-1.16707e-27
0,1.89127e+09,5.18665e+07,2.74831e+08,7.3779e+09,1.21463e+08,-7.19337e+08,-1.07179e+09,0.00109473,0.000159081,1.03658e-22
0,1.76793e+09,-9.49953e+07,2.94197e+08,-1.93021e+09,1.13069e+09,8.06006e+08,-4.81281e+08,0.000907119,0.000150951,3.38607e-25
0,1.78672e+09,1.83674e+07,2.8438e+08,3.37197e+08,-1.63129e+08,-3.82976e+08,-1.4922e+09,0.0010521,0.000167456,-4.49407e-25
0,2.11861e+09,-1.07719e+07,3.23373e+08,-3.95396e+09,-8.82502e+08,-4.48015e+07,-6.02409e+08,0.000965333,0.000147344,-3.59208e-24
0,2.13451e+09,2.38892e+06,3.18746e+08,-3.05831e+09,-1.13994e+09,3.24022e+08,-6.98536e+08,0.000984048,0.000146948,-3.35218e-24
0,2.00236e+09,-4.73545e+07,3.21222e+08,-2.84439e+09,1.01874e+09,1.74539e+08,-7.63752e+08,0.00095914,0.000153867,-1.32137e-24
0,1.74264e+09,-1.46492e+07,3.03825e+08,2.75013e+09,1.30141e+09,4.97562e+08,-1.2181e+09,0.000984699,0.00017168,9.89734e-24
0,1.85297e+09,-2.29975e+07,2.8692e+08,3.806e+09,2.65873e+09,4.36335e+08,-8.84675e+08,0.00107316,0.000166172,6.28011e-24
0,2.29084e+09,2.25692e+07,3.32131e+08,-3.68156e+09,2.33244e+08,1.73125e+08,1.30034e+08,0.000888969,0.000128885,2.84596e-25
0,1.95915e+09,-1.41371e+07,3.14123e+08,-1.74394e+09,-1.73054e+09,3.64703e+08,7.75877e+07,0.00105602,0.000169318,-2.71634e-24
0,1.98664e+09,-8.56699e+06,2.97754e+08,-3.30334e+09,-1.48571e+09,-8.34445e+08,-1.42458e+09,0.00110656,0.000165848,-1.093e-23
0,1.92826e+09,1.49182e+07,3.22376e+08,8.8313e+09,-9.5144e+08,1.96657e+08,3.25819e+08,0.00102735,0.000171758,-4.49753e-23
0,1.94587e+09,-3.73756e+07,2.91499e+08,6.87556e+09,-2.17326e+07,3.8621e+07,-8.54464e+08,0.00113577,0.000170143,7.40599e-23
0,1.78531e+09,4.50543e+07,2.84081e+08,-8.56977e+09,-2.828e+09,-6.38774e+07,-1.04376e+09,0.00112011,0.000178233,-4.73258e-22
0,1.96765e+09,2.17803e+07,3.11864e+08,5.80924e+09,-6.2181e+08,436240,-1.06132e+09,0.00100268,0.00015892,2.90072e-23
0,1.89158e+09,1.71188e+07,2.85182e+08,7.44062e+09,2.74512e+08,2.26874e+08,-1.33586e+09,0.00101742,0.00015339,9.79027e-23
0,2.3167e+09,1.36021e+07,3.33561e+08,-2.08239e+09,4.72596e+08,1.46356e+08,1.21092e+08,0.000902232,0.000129904,8.55538e-26
0,1.84151e+09,-1.52827e+07,2.85141e+08,7.34429e+08,-8.07553e+07,-1.08302e+07,-1.50893e+09,0.00106947,0.000165598,-5.04395e-25
0,1.9916e+09,-2.47399e+07,3.27847e+08,-2.11756e+09,8.94859e+08,2.82449e+08,-6.24677e+08,0.000948709,0.000156172,-2.71929e-25
0,1.97976e+09,-4.88689e+07,3.15224e+08,-8.85838e+09,-1.71677e+08,-2.88331e+08,-9.3232e+08,0.00103442,0.000164703,-9.77233e-23
0,1.9292e+09,-4.03808e+07,2.95089e+08,-3.75974e+09,5.02262e+08,5.66065e+08,-1.34931e+09,0.00103284,0.000157982,-9.30425e-24
0,1.97538e+09,-3.35101e+07,3.09628e+08,-2.85351e+09,6.21477e+08,3.2723e+07,-9.76359e+08,0.000957584,0.000150095,-2.29158e-24
0,2.05205e+09,-1.26748e+07,3.0433e+08,-8.72382e+08,-2.26661e+08,-3.37006e+08,-1.07052e+09,0.00100808,0.000149503,6.23687e-26
0,1.7781e+09,3.99987e+07,3.04986e+08,2.72027e+09,1.14665e+09,-5.90833e+08,-1.30022e+09,0.000993831,0.000170465,2.96885e-24
0,2.14549e+09,-3.40891e+07,3.08473e+08,6.57431e+09,-1.87078e+09,-1.28705e+08,4.23584e+07,0.000935594,0.000134517,6.22803e-24
0,2.14819e+09,-1.03906e+07,3.036e+08,-1.58608e+08,1.49808e+08,4.2183e+08,-1.21874e+08,0.000910093,0.000128622,2.4982e-28
0,2.05766e+09,1.909e+07,3.21275e+08,7.98846e+09,1.37054e+08,4.91863e+08,-9.01129e+08,0.000970663,0.000151555,4.32525e-23
0,2.00106e+09,-1.34183e+07,3.07422e+08,1.06888e+09,-2.2365e+08,2.4033e+08,-9.13528e+08,0.00100981,0.000155138,2.73255e-26
0,2.01252e+09,-3.16298e+06,3.24747e+08,-3.36053e+09,3.05507e+08,-1.69888e+08,-9.57009e+08,0.00095899,0.000154746,-3.50533e-24
0,2.14234e+09,7.70723e+06,2.9719e+08,-1.13094e+10,-1.0068e+08,-4.24909e+08,1.52426e+08,0.00102229,0.000141813,2.34729e-23
0,2.29513e+09,2.06396e+07,3.33062e+08,-3.96426e+09,6.60427e+07,1.53876e+08,1.20965e+08,0.000896662,0.00013012,2.89276e-25
0,1.84677e+09,-7.31257e+06,2.83604e+08,5.22201e+08,9.84145e+07,2.84481e+08,-1.65149e+09,0.00106591,0.000163689,-6.47264e-25
0,2.09441e+09,4.07983e+07,3.21196e+08,-7.9792e+09,-1.43434e+09,-1.53108e+08,9.76224e+07,0.000923003,0.00014155,3.30066e-24
0,1.97548e+09,2.76595e+07,2.9127e+08,4.25014e+09,3.58636e+08,4.51044e+07,-1.1821e+09,0.00101551,0.000149729,1.23645e-23
0,1.88607e+09,3.56e+07,3.08051e+08,4.07444e+09,9.99471e+08,-2.8593e+08,-1.16601e+09,0.000973232,0.000158957,9.52926e-24
0,2.02188e+09,-2.35554e+07,3.06794e+08,-8.86003e+09,-1.44065e+09,-5.75396e+08,-1.18462e+09,0.00105619,0.000160263,-1.10844e-22
0,1.83387e+09,-5.11073e+07,3.03491e+08,-4.68739e+09,-4.31854e+08,4.68106e+08,-9.0007e+08,0.00106137,0.000175648,-2.58514e-23
0,1.94798e+09,6.01535e+07,2.75253e+08,1.09724e+10,2.75314e+08,-2.71834e+08,-1.27615e+09,0.00104725,0.000147978,2.94096e-22
0,1.93528e+09,1.23132e+07,3.26314e+08,-4.15102e+09,-6.27197e+08,2.09955e+08,6.11706e+08,0.000910772,0.000153568,3.44342e-24
0,1.94551e+09,3.17573e+06,2.90952e+08,1.50307e+09,-6.55809e+08,2.17485e+08,-1.39909e+09,0.001078,0.000161214,9.21067e-25
0,1.97428e+09,-1.0602e+07,3.02644e+08,1.06217e+09,4.91529e+08,6.15068e+08,-1.00333e+09,0.00100271,0.00015371,1.73984e-25
0,1.84674e+09,-2.94345e+07,3.02007e+08,-4.2793e+09,7.86708e+08,2.65555e+08,-1.31915e+09,0.00100156,0.000163791,-1.66665e-23
0,2.14134e+09,-1.64518e+07,3.05681e+08,3.59266e+09,-3.1464e+09,-5.43632e+06,-8.67929e+08,0.00109849,0.000156812,5.03273e-23
0,2.21749e+09,1.05757e+07,3.20739e+08,-6.43268e+09,-2.60979e+08,-6.23206e+07,3.60022e+08,0.000928965,0.000134366,5.04794e-24
0,2.06212e+09,6.18269e+06,3.28295e+08,-6.99417e+08,8.23837e+07,4.85458e+07,-8.24015e+08,0.000953575,0.000151811,8.52671e-27
0,1.90699e+09,-4.02439e+07,3.15212e+08,-2.47534e+09,1.38395e+09,1.43602e+08,-1.13515e+09,0.000997161,0.000164824,-2.07141e-24
0,2.13451e+09,-2.30565e+07,3.30827e+08,-2.64977e+09,1.7965e+08,-1.38876e+08,-4.72228e+08,0.000947144,0.000146798,-6.26022e-25
0,2.06092e+09,-593368,3.11042e+08,2.56984e+09,-1.42077e+09,2.89452e+08,-1.09576e+09,0.00105861,0.000159769,6.28968e-24
0,1.90511e+09,6.50676e+07,3.0537e+08,6.34097e+09,1.38253e+09,-4.21098e+08,-1.08605e+09,0.00099821,0.000160003,3.32036e-23
0,1.80688e+09,3.37822e+07,2.43753e+08,5.91543e+08,1.53906e+08,-4.28182e+07,-1.29573e+09,0.00114159,0.000154003,-3.83624e-25
0,2.02744e+09,4.39012e+07,3.06193e+08,2.3348e+09,2.622e+08,-3.8786e+08,-9.88686e+08,0.000992231,0.000149851,9.87945e-25
0,2.1523e+09,-1.63416e+07,2.92431e+08,-2.75712e+08,-2.55498e+08,-2.70495e+08,3.06796e+08,0.000924442,0.000125603,2.13049e-27
0,1.86297e+09,-4.94275e+07,2.52974e+08,8.72913e+09,-2.12026e+08,2.03417e+08,8.28652e+08,0.00100704,0.000136747,-1.02714e-22
0,2.32812e+09,8.74637e+06,3.3031e+08,1.96642e+09,-1.16228e+09,-7.71931e+07,-2.78199e+08,0.00092129,0.000130711,4.21459e-25
0,2.07299e+09,-5.40733e+07,2.97579e+08,-3.54419e+08,-3.84544e+09,-1.2744e+08,-7.62667e+08,0.00109578,0.0001573,-1.37076e-23
0,1.92608e+09,-3.57489e+06,3.0351e+08,1.16694e+09,1.05698e+09,7.97003e+08,-1.03724e+09,0.00100045,0.00015765,1.21545e-24
0,2.01299e+09,1.73365e+07,3.1813e+08,5.96108e+09,3.67358e+08,2.80383e+08,-1.07414e+09,0.000972683,0.000153721,2.44944e-23
0,2.06599e+09,-3.19049e+07,3.15792e+08,-5.94528e+09,-6.37378e+08,-3.97626e+08,-8.37846e+08,0.000966378,0.000147713,-1.34638e-23
0,1.89654e+09,5.33167e+07,2.85817e+08,7.64825e+09,-5.64078e+08,-7.12367e+08,-1.37062e+09,0.00106849,0.000161026,1.46389e-22
0,2.06875e+09,1.06486e+06,3.31164e+08,-4.66025e+08,3.91481e+07,8.08168e+07,-7.6132e+08,0.000958067,0.000153367,1.1045e-26
0,2.06948e+09,-9.45027e+06,3.14545e+08,-1.36326e+08,-1.56433e+09,5.27783e+08,-9.87213e+08,0.00107121,0.000162816,2.03113e-24
0,2.10134e+09,2.59142e+07,3.30763e+08,4.31496e+09,-4.28158e+08,4.2135e+08,-8.29305e+08,0.00102481,0.000161311,5.90346e-24
0,1.92464e+09,35309,3.02268e+08,-2.96955e+09,-4.92466e+08,-1.48304e+07,-1.51703e+09,0.00106941,0.000167952,-7.04087e-24
0,2.00007e+09,-7.96915e+07,2.98316e+08,-4.32313e+09,-2.95595e+09,-1.67443e+08,-6.16382e+08,0.00109437,0.000163229,-6.48839e-23
0,1.85378e+09,-3.99279e+07,2.90743e+08,9.84404e+08,1.26227e+09,1.02111e+09,-1.25382e+09,0.00099929,0.000156727,1.86023e-24
0,1.9348e+09,839173,2.97906e+08,1.50964e+10,4.37273e+08,-7.27274e+07,-1.8449e+08,0.000957575,0.00014744,7.27097e-23
0,1.97391e+09,5.28792e+06,3.06347e+08,2.78318e+09,-8.94368e+08,-1.08535e+08,-1.27379e+09,0.00104971,0.000162913,5.91879e-24
0,1.96151e+09,2.72473e+07,2.93533e+08,5.37852e+09,-4.47519e+08,-3.67919e+08,-1.25183e+09,0.00103596,0.000155027,3.24788e-23
0,2.10447e+09,1.28065e+07,3.28189e+08,2.20146e+09,-1.95907e+08,-4.2655e+08,-6.86189e+08,0.000967523,0.000150884,5.49925e-25
0,1.84653e+09,-3.7537e+07,3.00156e+08,-6.79966e+09,-3.13651e+06,2.59812e+08,-1.31544e+09,0.00106974,0.000173888,-1.03472e-22
0,1.85526e+09,2.65467e+07,2.75764e+08,-6.96179e+09,-1.40604e+09,3.45197e+08,-1.28591e+09,0.00119298,0.000177324,-2.4669e-22
0,2.01185e+09,-7.70498e+06,3.2124e+08,3.68511e+09,8.26846e+08,3.22154e+08,-8.59578e+08,0.000953925,0.000152317,5.25274e-24
0,2.01959e+09,1.0798e+07,3.13906e+08,8.39543e+08,-2.53884e+08,4.63514e+08,-9.93072e+08,0.0010297,0.000160047,-1.146e-25
0,1.96941e+09,1.95074e+07,3.32315e+08,-1.17017e+09,9.7171e+07,-1.07618e+08,-8.26163e+08,0.00100085,0.000168881,-9.32912e-26
0,2.04107e+09,-1.92186e+07,3.22345e+08,-4.92901e+09,1.17447e+07,-5.68906e+07,-6.37969e+08,0.000915548,0.000144592,-5.45795e-24
0,1.806e+09,-1.5785e+07,2.86514e+08,-8.37277e+08,1.21127e+09,3.72632e+08,-1.51803e+09,0.00101899,0.000161658,-9.89592e-27
0,2.08573e+09,3.00818e+07,3.21509e+08,4.43542e+09,-7.13244e+08,2.82846e+08,-1.06911e+09,0.00103051,0.00015885,1.00796e-23
0,1.93283e+09,2.749e+07,2.74418e+08,-1.99816e+08,-1.78162e+09,-8.78375e+07,-1.65505e+09,0.00113734,0.000161476,-2.82543e-24
0,1.89027e+09,4.58302e+06,2.88956e+08,-1.70779e+09,8.82977e+08,-1.1437e+08,-1.38215e+09,0.0010377,0.000158627,-1.27203e-24
0,2.06489e+09,3.41569e+07,3.26779e+08,8.02477e+09,4.89065e+08,2.70037e+08,-8.3465e+08,0.000940199,0.000148791,3.56426e-23
0,1.81598e+09,-9.06571e+07,2.96828e+08,-5.8168e+09,1.66416e+08,1.17972e+08,-6.65375e+08,0.00105381,0.000172249,-3.35474e-23
0,1.96854e+09,-1.95675e+07,2.9891e+08,2.72388e+09,2.05669e+09,-1.23302e+08,-4.39202e+08,0.000976939,0.000148342,-3.22409e-24
0,2.16185e+09,1.43538e+07,3.18733e+08,3.51492e+09,-4.64062e+06,-1.15229e+08,-5.76436e+08,0.000925716,0.000136483,1.39923e-24
0,1.89491e+09,-3.31518e+07,3.12053e+08,3.6079e+09,-1.97838e+09,6.08149e+07,-7.65758e+08,0.00099926,0.000164558,1.9654e-23
0,1.95876e+09,8.17336e+06,3.28742e+08,-9.83284e+08,-8.64456e+07,-3.55044e+08,-9.72944e+08,0.000998495,0.000167579,6.44895e-26
0,1.92918e+09,1.75034e+07,3.06522e+08,-1.49845e+08,4.59643e+07,4.71517e+08,-1.19542e+09,0.001023,0.000162543,6.79482e-27
0,2.02847e+09,2.67631e+06,3.41444e+08,-3.14842e+08,-4.94381e+07,-8.52909e+07,-5.09799e+08,0.00098269,0.000165412,2.85581e-27
0,2.0159e+09,1.76844e+07,3.25169e+08,2.03004e+09,5.55907e+08,8.23034e+07,-9.16131e+08,0.000951461,0.000153473,7.20057e-25
0,1.91121e+09,1.3614e+07,3.14202e+08,-2.39091e+09,3.1318e+08,-1.89902e+08,-1.35456e+09,0.00101661,0.000167131,-2.38517e-24
0,1.91713e+09,-2.11296e+07,2.53327e+08,-4.59796e+09,-1.94034e+09,2.23559e+08,-1.1851e+09,0.00117716,0.000155548,-8.64674e-23
0,2.03156e+09,-3.23235e+07,2.86267e+08,-3.05501e+09,-2.31881e+09,-3.98503e+06,-1.24354e+09,0.00109818,0.000154744,-3.0856e-23
0,2.19578e+09,-2.0106e+07,3.25796e+08,1.78659e+09,-5.17837e+08,1.29881e+08,-2.56173e+08,0.000902837,0.000133957,7.75945e-26
0,2.14996e+09,-2.00459e+07,3.1662e+08,-5.48286e+09,-1.94119e+09,-2.2073e+08,-9.62253e+08,0.00106404,0.000156698,-3.10927e-23
0,1.74417e+09,-8.02936e+07,2.96468e+08,-3.50667e+09,2.60561e+09,-1.2897e+08,-6.59525e+08,0.00101886,0.000173182,1.09209e-23
0,1.97543e+09,-919783,3.3227e+08,-5.29046e+08,-1.83884e+08,-4.92762e+08,-8.32973e+08,0.000992437,0.000166929,8.37514e-26
0,2.0654e+09,8.46693e+06,3.09503e+08,3.13712e+09,-1.08634e+09,4.26002e+08,-1.16138e+09,0.00105287,0.000157775,5.38525e-24
0,1.77546e+09,-1.23796e+07,2.82765e+08,-1.0655e+09,4.03641e+08,-1.78085e+08,-1.60481e+09,0.0010279,0.000163706,5.00909e-25
0,2.06682e+09,3.17695e+07,3.04331e+08,8.38626e+09,4.15315e+08,-9.20115e+06,-9.24357e+08,0.00095771,0.000141019,4.61919e-23
0,1.91631e+09,8.98617e+06,3.12732e+08,3.70821e+08,-7.729e+07,3.3295e+08,-1.15254e+09,0.00102301,0.000166949,-1.12665e-25
0,2.13665e+09,2.19013e+07,3.29567e+08,2.79015e+09,-3.95647e+08,2.93816e+08,-7.64974e+08,0.000981615,0.000151409,1.08686e-24
0,2.31026e+09,-1.6963e+06,3.29043e+08,2.84166e+09,-3.74713e+07,-1.5262e+08,-1.06917e+08,0.000897493,0.000127827,9.0417e-26
0,1.73951e+09,-3.32925e+07,2.82393e+08,-6.80919e+09,-1.02621e+09,1.98768e+08,-1.23687e+09,0.00106479,0.000172857,-1.51782e-22
0,2.0635e+09,3.16529e+06,3.27338e+08,-3.55571e+09,-3.7602e+08,-3.50534e+08,-7.09581e+08,0.000947084,0.000150239,-2.07891e-24
0,1.94399e+09,-1.49646e+07,2.76661e+08,-4.90958e+08,2.87309e+08,-5.51347e+08,1.76651e+08,0.000919606,0.000130874,-4.63651e-26
0,1.91821e+09,3.60882e+07,2.99324e+08,3.12149e+09,2.63703e+08,-7.8347e+07,-1.24569e+09,0.0010219,0.000159461,5.4866e-24
0,1.89189e+09,-2.62281e+07,3.13181e+08,-4.27866e+09,3.78111e+08,4.43046e+07,-1.23015e+09,0.00102384,0.000169485,-1.65786e-23
0,1.95269e+09,-4.16435e+07,2.97658e+08,-1.6466e+09,9.41289e+08,-5.55595e+07,-1.15832e+09,0.00102179,0.000155756,-8.41831e-25
0,1.96673e+09,-3.31248e+07,2.94993e+08,-1.89208e+09,-1.43436e+09,4.37498e+07,-1.06383e+09,0.00105061,0.000157583,-4.86772e-24
0,2.00324e+09,7.01519e+06,3.31865e+08,3.33666e+09,-5.70466e+08,-2.94428e+08,-6.91343e+08,0.000959489,0.000158953,3.16282e-24
0,1.87688e+09,39105.1,3.238e+08,1.16882e+09,9.52978e+06,4.07074e+07,-1.1244e+09,0.00101304,0.000174771,2.34206e-26
0,2.05514e+09,-1.94366e+07,3.29037e+08,-4.73638e+09,-5.78898e+08,-4.70762e+08,-9.1734e+08,0.00102923,0.000164785,-9.65299e-24
0,1.92885e+09,-6.44271e+06,3.06669e+08,3.84413e+09,-2.31671e+08,4.65687e+08,-1.37287e+09,0.00105175,0.000167219,1.15875e-23
0,2.10232e+09,772769,3.41176e+08,-2.28032e+09,-3.13666e+08,-5.6773e+08,-2.36549e+08,0.000989925,0.00016065,1.57886e-25
0,1.88424e+09,4.47314e+07,2.97193e+08,3.43285e+09,3.4867e+08,-4.95481e+08,-1.25034e+09,0.00103459,0.000163181,7.63329e-24
0,1.77451e+09,-9.06904e+06,2.94235e+08,6.52033e+09,1.56881e+09,-2.38218e+08,-1.05349e+09,0.00104003,0.00017245,6.63072e-23
0,1.70067e+09,-4.75737e+07,2.98856e+08,-7.32682e+08,-4.08751e+08,7.04948e+07,-1.44276e+09,0.00110311,0.000193849,5.86097e-25
0,1.96576e+09,-5.9326e+06,2.95294e+08,5.08848e+09,1.02341e+09,2.52778e+07,-8.23206e+08,0.000944363,0.000141861,1.1248e-23
0,2.32843e+09,2.90601e+06,3.42051e+08,-2.67639e+08,-2.13859e+08,-5.39428e+07,-6.36392e+07,0.000885401,0.000130067,-2.42992e-28
0,2.08323e+09,3.62867e+07,3.21151e+08,2.77582e+09,-2.56426e+08,1.4765e+08,-1.03987e+09,0.000997777,0.000153818,1.89614e-24
0,1.88294e+09,1.15187e+07,2.93014e+08,-8.14271e+09,-1.45985e+09,8.74809e+07,-8.93266e+08,0.00102347,0.000159266,-1.13145e-22
0,1.9387e+09,-4.73627e+06,3.20468e+08,1.77317e+09,-7.42374e+07,1.00822e+08,-1.20498e+09,0.00102346,0.000169178,5.8098e-25
0,1.94265e+09,2.3196e+07,2.88854e+08,-7.93637e+09,-3.00004e+09,-4.66644e+07,-8.95294e+08,0.00108021,0.000160617,-2.21525e-22
0,2.1133e+09,3.74615e+07,2.77802e+08,-1.93449e+09,-1.00031e+08,4.14569e+08,2.5275e+08,0.000943675,0.00012405,9.29433e-26
0,2.29483e+09,1.33898e+06,3.23612e+08,3.35636e+08,3.10335e+08,2.10342e+07,3.03563e+07,0.000885022,0.000124804,-8.16022e-28
0,1.69682e+09,-4.64441e+07,2.91156e+08,5.74939e+08,6.19876e+08,3.12015e+08,-1.61651e+09,0.00109992,0.000188734,-8.30215e-25
0,1.99356e+09,-8.83338e+07,2.98592e+08,-1.36035e+10,1.44004e+08,7.0837e+07,-9.34908e+08,0.00101017,0.000151302,-3.12329e-22
0,1.99077e+09,-3.02961e+07,3.29375e+08,-5.2557e+09,2.68133e+06,-5.55339e+08,-8.97747e+08,0.000990339,0.000163852,-1.48676e-23
0,2.03194e+09,4.50209e+06,3.29249e+08,6.31254e+09,-6.17079e+08,3.45836e+08,-6.80338e+08,0.000995471,0.000161303,1.67207e-23
0,1.97826e+09,-5.42665e+07,3.17721e+08,-1.04527e+10,3.21034e+08,6.21969e+07,-9.13563e+08,0.00096661,0.000155243,-1.14864e-22
0,1.93165e+09,-9.62359e+07,2.8105e+08,-1.41832e+10,1.85847e+08,8.40375e+07,-9.83113e+08,0.00105051,0.000152847,-5.29614e-22
0,2.00802e+09,1.79099e+06,3.26851e+08,1.11053e+09,-3.94171e+08,1.60511e+08,-1.01698e+09,0.0010357,0.000168583,1.25985e-25
0,1.91548e+09,1.67351e+07,3.23341e+08,6.43006e+08,2.66012e+08,-1.27611e+08,-1.16601e+09,0.00100281,0.000169279,-8.66396e-26
0,2.16608e+09,-1.93249e+07,3.13673e+08,-6.66456e+09,-1.49784e+09,-3.95335e+08,-8.87248e+08,0.00100892,0.000146103,-2.29105e-23
0,2.18974e+09,-1.3241e+07,3.3572e+08,-5.247e+09,-7.51591e+08,-4.65152e+08,-5.8723e+08,0.000981699,0.000150509,-4.27287e-24
0,1.82093e+09,-2.33122e+06,2.97755e+08,-1.69655e+09,1.47861e+09,-5.8573e+07,-1.4408e+09,0.00101259,0.000165577,-1.65888e-24
0,2.03433e+09,3.26361e+07,3.08058e+08,7.23759e+09,-1.68923e+09,-3.48314e+08,-8.95254e+08,0.00101108,0.000153107,6.41901e-23
0,2.10898e+09,-1.23512e+07,3.31724e+08,-4.18952e+09,-5.10776e+08,-3.50104e+08,-7.44502e+08,0.000987616,0.000155344,-4.06763e-24
0,1.97076e+09,5.15398e+07,3.02359e+08,7.09107e+09,3.29163e+08,-6.74233e+07,-8.86404e+08,0.000971343,0.000149026,3.59871e-23
0,1.83516e+09,7.2884e+06,3.00855e+08,1.15024e+10,2.64088e+08,5.80679e+08,-2.18457e+08,0.0010137,0.000166185,8.16568e-23
0,1.61268e+09,-6.12825e+07,2.8054e+08,5.79782e+09,-1.21152e+09,6.24173e+07,-9.21095e+08,0.00103801,0.000180571,9.38156e-23
0,2.25978e+09,-1.19136e+07,3.29719e+08,-1.9038e+09,-1.22094e+09,-3.49479e+07,-6.81391e+08,0.000985678,0.000143818,-1.0615e-24
0,1.80563e+09,-3.98908e+07,3.02961e+08,1.07306e+09,5.74484e+08,1.34782e+08,-1.34599e+09,0.00111879,0.000187719,6.75316e-26
0,2.00573e+09,-2.70415e+07,3.27253e+08,-5.27408e+09,1.18157e+08,-3.15942e+08,-9.32109e+08,0.000974411,0.000158984,-1.45649e-23
0,1.99878e+09,-7.35814e+07,3.04022e+08,-9.01809e+09,3.06239e+08,-3.7863e+07,-7.62641e+08,0.00101168,0.000153879,-7.43505e-23
0,1.9423e+09,-7.25875e+07,3.10082e+08,-9.4794e+09,1.07021e+09,3.8361e+07,-1.1334e+09,0.000982915,0.000156919,-1.26689e-22
0,1.95246e+09,-9.57876e+07,2.86412e+08,-1.55974e+10,6.55005e+08,1.85989e+08,-8.48302e+08,0.00102392,0.000150202,-4.96533e-22
0,2.02454e+09,-1.40022e+07,3.09338e+08,6.69572e+09,6.98122e+08,5.72877e+08,-9.29326e+08,0.000953663,0.000145715,3.10769e-23
0,2.19403e+09,-5.86748e+07,3.0075e+08,-6.12291e+09,7.19887e+07,7.82559e+08,-3.03111e+08,0.000913694,0.000125246,-3.08132e-24
0,2.02478e+09,-4.81231e+07,3.17754e+08,-3.5873e+09,1.17496e+08,-4.1944e+08,-9.8299e+08,0.000990819,0.000155492,-4.75467e-24
0,2.18657e+09,2.6239e+06,3.20624e+08,-8.61425e+07,-1.69606e+09,1.02763e+06,-9.37822e+08,0.00103946,0.00015242,-1.38978e-25
0,2.13126e+09,-2.07261e+07,3.32939e+08,-6.72663e+09,-4.1393e+08,-3.90172e+08,-6.8204e+08,0.000959736,0.000149927,-1.35272e-23
0,2.32648e+09,9.97319e+06,3.30391e+08,2.22653e+09,-1.12405e+09,-8.70244e+07,-2.77088e+08,0.0009206,0.000130737,4.82273e-25
0,1.90054e+09,6.95241e+07,2.72017e+08,5.28542e+09,5.82447e+08,-8.3675e+08,-1.29559e+09,0.00107074,0.00015325,3.26074e-23
0,1.93061e+09,-5.42103e+07,2.58106e+08,6.10044e+09,-1.03368e+08,-2.38047e+08,8.57301e+08,0.00105724,0.000141344,-3.69533e-23
0,2.117e+09,7.2894e+07,2.90563e+08,1.17232e+09,7.88023e+08,9.26363e+08,4.48854e+08,0.00112513,0.000154427,9.53064e-25
0,2.01905e+09,2.71273e+06,3.40427e+08,-4.29622e+08,6.2195e+07,-7.64649e+07,-5.8641e+08,0.000974219,0.00016426,4.45948e-27
0,1.99312e+09,-4.12388e+07,3.04217e+08,-3.66234e+09,-1.05938e+09,7.23716e+07,-1.35234e+09,0.00105481,0.000160999,-1.39996e-23
0,2.16727e+09,2.66862e+07,2.98478e+08,5.82701e+08,4.25548e+08,-1.41671e+08,-2.7002e+08,0.000934767,0.000128737,-6.69322e-29
0,2.09957e+09,4.86585e+06,3.316e+08,3.35947e+09,4.5722e+08,1.77855e+08,-4.29948e+08,0.000941564,0.000148708,1.39365e-24
0,1.95117e+09,-1.0061e+07,3.32733e+08,-3.06474e+09,3.67211e+08,-2.60883e+08,-7.61241e+08,0.000946288,0.000161371,-2.55779e-24
0,1.9443e+09,2.50537e+06,3.29603e+08,-4.11499e+09,4.89591e+08,-9.45627e+07,-8.72202e+08,0.000956082,0.000162077,-7.13064e-24
0,1.95031e+09,1.43815e+07,3.05555e+08,5.20869e+09,7.07422e+08,-1.04953e+08,-7.30281e+08,0.00113955,0.000178533,2.64951e-23
0,1.93451e+09,4.90376e+07,2.73842e+08,9.35513e+09,1.99813e+09,-3.44639e+08,-8.38939e+08,0.000946307,0.000133956,5.13601e-23
0,1.95505e+09,-7.14393e+06,3.31962e+08,-5.57537e+09,5.07979e+08,-2.01207e+08,-7.24056e+08,0.000923663,0.000156836,-1.26871e-23
0,2.00032e+09,-1.74503e+07,3.18226e+08,-1.40166e+09,-3.9729e+08,-1.6292e+07,-1.23021e+09,0.0010316,0.000164115,-2.59947e-25
0,1.82881e+09,-2.79714e+07,3.08286e+08,-8.10143e+07,5.45498e+08,-3.85872e+07,-1.23365e+09,0.00111701,0.000188297,4.01622e-26
0,2.14157e+09,-1.7289e+07,3.30316e+08,-7.03519e+08,-6.70438e+08,-2.7844e+08,-6.25907e+08,0.0010274,0.000158467,-1.35693e-25
0,1.76623e+09,4.93597e+07,2.85484e+08,2.94183e+09,1.68213e+09,-6.43403e+08,-1.52609e+09,0.00102501,0.000165677,4.38868e-24
0,2.23897e+09,-2.94182e+06,3.21583e+08,1.66146e+09,7.94421e+07,1.05442e+08,-3.01465e+08,0.000901852,0.000129533,5.95782e-26
0,2.08549e+09,-8.22204e+07,3.125e+08,-1.05596e+10,1.30819e+09,3.83441e+08,-6.39853e+08,0.000907579,0.000135996,-3.62121e-23
0,2.1011e+09,9.03306e+07,3.06052e+08,-6.3878e+09,5.32887e+08,4.39862e+07,1.96381e+08,0.000930068,0.000135476,3.86994e-24
0,1.9228e+09,-3.51032e+07,3.10801e+08,-6.53938e+08,-1.35478e+09,-1.03639e+08,-6.45879e+08,0.000948214,0.000153269,-8.1796e-25
0,1.94752e+09,9.72465e+06,3.29139e+08,1.389e+09,-1.57888e+08,-2.58089e+08,-9.83602e+08,0.00101682,0.000171847,1.83912e-25
0,1.83856e+09,-4.06569e+07,3.07065e+08,-6.59278e+09,1.80228e+09,3.60217e+08,-1.13928e+09,0.000960504,0.000160418,-3.65951e-23
0,1.87409e+09,1.3941e+07,3.07866e+08,3.24979e+09,7.63103e+08,-5.87887e+07,-6.75679e+08,0.00112942,0.000185535,6.9137e-24
0,2.24294e+09,-4.39173e+07,3.15701e+08,-4.48455e+09,-1.93494e+08,5.732e+08,-3.29748e+08,0.00091455,0.000128726,-1.5092e-24
0,2.20682e+09,4.59681e+07,3.21798e+08,-6.10609e+09,-7.60953e+08,2.57025e+08,2.49586e+08,0.000913684,0.000133233,1.64378e-24
0,1.93144e+09,1.98507e+07,3.19331e+08,1.78719e+09,-3.81028e+07,-2.42894e+07,-1.27604e+09,0.00101867,0.000168419,5.84499e-25
0,1.86955e+09,-3.17203e+07,3.14587e+08,-1.20246e+09,9.41566e+08,-9.25666e+07,-1.02212e+09,0.00111064,0.000186886,-6.38719e-25
0,2.15261e+09,-2.94618e+07,3.3569e+08,-9.8955e+09,-1.4031e+08,-4.29624e+08,-5.35654e+08,0.000937734,0.000146235,-3.1104e-23
0,1.90983e+09,-5.53014e+07,3.05003e+08,1.85634e+09,-1.50796e+09,1.22642e+08,-5.40453e+08,0.000948754,0.000151518,2.76493e-24
0,2.09185e+09,-3.70455e+07,3.21123e+08,-3.55552e+09,2.07964e+08,1.76048e+08,-8.30776e+08,0.000974332,0.000149571,-2.99412e-24
0,1.9052e+09,3.23837e+07,3.02742e+08,5.77664e+09,-1.26264e+09,5.90883e+08,-1.00461e+09,0.00107934,0.00017151,3.57301e-23
0,1.70382e+09,4.80431e+07,2.51015e+08,2.32557e+09,1.06902e+09,-1.15881e+09,-1.48419e+09,0.00109703,0.00016162,1.55398e-24
0,1.73236e+09,-5.39625e+06,2.70182e+08,1.23292e+10,2.06844e+09,-1.57188e+07,-9.03667e+08,0.00121812,0.00018998,1.09644e-21
0,2.03964e+09,-1.5399e+07,3.07986e+08,-3.27534e+09,1.48406e+08,-4.11858e+07,-9.88033e+08,0.000995086,0.000150258,-3.52927e-24
0,1.97562e+09,-1.43254e+07,3.32636e+08,-4.77186e+09,4.2508e+08,-3.52563e+08,-5.60316e+08,0.000933901,0.000157241,-6.75185e-24
0,2.26791e+09,-6.52916e+06,3.02716e+08,-7.71388e+08,-4.38053e+08,5.30136e+07,-1.7894e+08,0.000945866,0.000126252,-1.48991e-26
0,2.0677e+09,647460,3.28703e+08,-3.11346e+08,1.36212e+06,-3.99011e+07,-8.08955e+08,0.000953702,0.000151611,1.18402e-26
0,2.23125e+09,4.66982e+07,3.12923e+08,9.0239e+09,-9.6646e+08,-3.55078e+08,-5.99783e+08,0.000973229,0.000136491,3.42982e-23
0,2.05227e+09,-6.74831e+07,3.1353e+08,-9.35802e+09,-1.89086e+07,6.14709e+07,-1.04114e+09,0.00100709,0.000153855,-9.59362e-23
0,1.85412e+09,-2.27203e+07,3.17839e+08,-9.50107e+09,1.28083e+09,-3.85829e+08,-1.31167e+08,0.000905538,0.00015523,-2.45719e-23
0,1.98256e+09,-2.90533e+07,3.17715e+08,4.15621e+08,-1.42069e+09,1.61256e+08,-5.29891e+08,0.000987517,0.000158255,7.42977e-25
0,2.25348e+09,-9.81274e+06,3.23406e+08,8.76768e+08,-3.09576e+07,8.7494e+07,-2.68897e+08,0.000911601,0.000130827,6.60031e-27
0,1.93623e+09,3.22565e+07,2.83859e+08,-8.73666e+08,-2.36758e+07,-9.13878e+07,-1.37384e+09,0.00105935,0.000155305,2.69196e-25
0,1.88542e+09,2.34196e+07,2.91339e+08,9.76179e+09,3.02877e+08,1.04532e+08,-1.14083e+09,0.000998788,0.000154335,1.76566e-22
0,1.71022e+09,4.37518e+07,2.47228e+08,3.93702e+09,9.53475e+08,-1.05836e+09,-1.43476e+09,0.00111451,0.000161112,2.09408e-23
0,1.85938e+09,1.30731e+07,3.0952e+08,-3.85794e+09,1.36496e+09,-4.18084e+08,-1.34737e+09,0.000986649,0.000164242,-1.77941e-23
0,2.13761e+09,-1.98157e+07,2.89841e+08,-9.31617e+08,-9.84799e+08,-6.69815e+07,-2.48291e+08,0.000919282,0.000124647,-1.61181e-25
0,1.98298e+09,-3.24034e+07,3.13803e+08,-2.87439e+09,4.20037e+08,-4.20289e+07,-1.17321e+09,0.000987269,0.000156233,-3.05675e-24
0,2.22155e+09,1.2694e+07,3.08716e+08,6.02363e+09,-2.32811e+09,-4.37248e+08,-5.52368e+08,0.000990937,0.000137705,2.78283e-23
0,1.92357e+09,1.43644e+07,3.21692e+08,8.23298e+08,5.14536e+07,-1.28613e+08,-1.21259e+09,0.00101156,0.00016917,-1.30422e-25
0,2.03058e+09,5.05461e+06,3.41433e+08,1.40194e+08,2.46385e+07,-3.94015e+07,-5.03329e+08,0.000973013,0.000163608,-1.61633e-27
0,1.98761e+09,7.14926e+07,3.05035e+08,-3.6184e+09,-2.38792e+09,-1.01877e+08,-5.93703e+08,0.00102094,0.000156683,-2.27378e-23
0,1.94526e+09,-2.5014e+07,3.13292e+08,-6.62418e+09,4.34483e+08,-2.41332e+08,-1.0498e+09,0.00108684,0.000175041,-6.83365e-23
0,1.92377e+09,2.92115e+07,3.11432e+08,5.39374e+09,4.68401e+08,-2.64649e+08,-1.12968e+09,0.00098341,0.0001592,2.25542e-23
0,2.02708e+09,1.0175e+07,2.87292e+08,9.4864e+08,-1.77094e+09,-5.13461e+08,-1.33462e+09,0.0010958,0.000155305,-9.41562e-25
0,1.88594e+09,3.06327e+07,2.63237e+08,5.25375e+09,-4.62954e+08,8.08498e+07,-1.26745e+09,0.00104604,0.000146004,3.68351e-23
0,2.03865e+09,2.86045e+07,2.92059e+08,3.02811e+09,-2.09787e+09,2.71852e+08,-1.27378e+09,0.00108494,0.00015543,2.31999e-23
0,1.86461e+09,-4.02701e+06,2.99044e+08,7.66863e+09,2.2152e+09,6.19277e+08,-6.7152e+08,0.00098836,0.000158512,7.97118e-23
0,2.01899e+09,4.03553e+07,3.12596e+08,5.41613e+09,7.87049e+08,-2.89191e+08,-8.32991e+08,0.000926869,0.000143506,9.2392e-24
0,2.03484e+09,-105614,3.24869e+08,7.5252e+08,-9.35852e+08,-1.61525e+08,-1.11639e+09,0.00105213,0.000167975,1.56947e-25
0,2.05831e+09,1.05537e+07,3.26802e+08,-3.98857e+09,-1.70676e+08,8.62651e+07,-6.05523e+08,0.000946479,0.000150274,-3.15622e-24
0,2.1558e+09,-2.7211e+07,3.37348e+08,-6.19325e+09,2.34954e+08,-4.6233e+08,-4.69791e+08,0.000924929,0.000144737,-7.19551e-24
0,1.90745e+09,2.5407e+07,3.26631e+08,1.96735e+09,4.07659e+08,1.44791e+08,-1.10123e+09,0.00101562,0.000173915,1.2211e-24
0,1.87714e+09,3.91178e+07,2.61241e+08,2.67934e+09,-2.20807e+09,-7.80703e+08,-1.43892e+09,0.00116819,0.000162577,2.91061e-23
0,1.90523e+09,-2.56043e+07,3.20099e+08,2.0978e+09,5.6914e+08,-1.80033e+08,-5.02666e+08,0.00100905,0.000169531,5.66632e-25
0,1.84726e+09,4.13315e+07,2.90636e+08,-4.69138e+09,-1.45162e+09,2.41389e+08,-1.13841e+09,0.00113113,0.000177965,-6.40293e-23
0,2.25825e+09,-2.39672e+06,3.16992e+08,1.04888e+10,9.0332e+07,2.98865e+06,2.19814e+06,0.000984626,0.000138213,-1.55268e-25
0,1.97999e+09,1.34593e+07,3.03916e+08,6.76431e+09,2.46283e+09,7.77016e+08,-5.67882e+08,0.00100614,0.000154436,4.61771e-23
0,1.9379e+09,3.65743e+07,3.1622e+08,2.39963e+09,4.00373e+08,-5.73587e+08,-1.01839e+09,0.0010111,0.000164987,1.29026e-24
0,1.74263e+09,4.12312e+07,2.94192e+08,-4.73204e+09,-1.68951e+09,3.49502e+08,-1.12181e+09,0.00110032,0.000185757,-8.89055e-23
0,1.88761e+09,4.43124e+07,3.13982e+08,2.32164e+09,9.47031e+08,-2.05751e+08,-1.3099e+09,0.00102544,0.00017057,2.36737e-24
0,2.08169e+09,1.55373e+07,2.97795e+08,2.06713e+09,-2.08034e+09,4.3385e+08,-1.0937e+09,0.0010651,0.000152367,1.15598e-23
0,2.04205e+09,1.3526e+07,3.27885e+08,2.88114e+09,6.65432e+07,2.28295e+08,-8.95881e+08,0.000963485,0.000154704,1.81183e-24
0,1.9992e+09,3.25829e+07,3.05375e+08,8.11573e+09,-4.53681e+08,-9.4179e+07,-1.20109e+09,0.00101644,0.00015526,8.73963e-23
0,1.98169e+09,-5.7432e+06,3.24297e+08,-1.1259e+10,-1.92581e+08,-6.85629e+08,-5.61195e+08,0.0010225,0.000167328,-1.07412e-22
0,2.05833e+09,1.41953e+07,3.29413e+08,4.05303e+09,1.88942e+08,1.86805e+08,-7.76434e+08,0.0009345,0.000149556,3.98189e-24
0,2.0062e+09,-3.35593e+06,3.12545e+08,6.63908e+09,1.1787e+09,7.29404e+08,-8.70102e+08,0.00093497,0.000145659,3.36346e-23
0,1.8414e+09,-5.07618e+06,2.80741e+08,1.78979e+09,1.05164e+09,7.84485e+07,-1.45175e+09,0.00104994,0.000160075,1.94776e-24
0,2.22646e+09,4.81513e+07,3.20697e+08,-5.46419e+09,-4.95091e+08,4.73145e+08,2.52347e+08,0.000904506,0.000130284,9.92937e-25
0,2.02351e+09,7.4517e+06,3.14824e+08,6.72602e+09,9.43772e+08,1.41061e+08,-5.05577e+08,0.0010592,0.000164793,2.66115e-23
0,2.26033e+09,1.72596e+07,3.29508e+08,3.0746e+08,-1.38158e+09,-2.46392e+08,-2.03835e+08,0.000922523,0.000134484,-2.64823e-26
0,2.16852e+09,4.16115e+07,2.98091e+08,1.58833e+10,-3.53354e+08,-1.04915e+08,-4.78424e+08,0.00110168,0.000151441,2.63563e-22
0,1.853e+09,4.22587e+07,3.15476e+08,3.43241e+09,4.28408e+08,-4.68286e+08,-1.04514e+09,0.001006,0.000171273,6.1459e-24
0,1.94055e+09,4.65737e+07,2.83646e+08,1.03117e+10,1.63468e+07,-4.55302e+08,-1.21045e+09,0.00102025,0.000149128,2.08769e-22
0,2.04379e+09,-7.8451e+07,3.20305e+08,-7.60847e+09,2.08341e+09,1.25603e+08,-6.51695e+08,0.000883463,0.000138457,-1.0221e-23
0,1.94299e+09,-1.5355e+07,2.95349e+08,-4.83881e+09,-1.06186e+09,4.95321e+07,-1.27958e+09,0.0010421,0.000158407,-3.01921e-23
0,1.86535e+09,4.26122e+07,3.12628e+08,2.88778e+09,8.8918e+08,-5.40294e+08,-1.23731e+09,0.00103629,0.000173679,3.85981e-24
0,2.10767e+09,2.39338e+07,3.13988e+08,5.5444e+09,-4.70138e+08,1.01524e+08,-7.33265e+08,0.000956239,0.000142455,9.39268e-24
0,1.89353e+09,-8.49154e+06,3.21782e+08,-1.02293e+10,5.13721e+07,-6.02041e+08,-6.906e+08,0.000975451,0.000165766,-1.07208e-22
0,1.98296e+09,-2.64938e+06,3.22406e+08,1.0112e+09,5.04765e+08,5.99962e+07,-1.04021e+09,0.000967996,0.000157384,6.07296e-26
0,2.32016e+09,9.57831e+06,3.20171e+08,2.90442e+09,-1.63968e+09,-1.19881e+08,-3.24512e+08,0.000948477,0.000130885,1.97824e-24
0,2.03495e+09,-7.28566e+07,2.86676e+08,-1.25171e+10,-1.41041e+09,-3.60089e+08,-3.14661e+08,0.00103998,0.000146508,-6.4253e-23
0,1.9819e+09,1.25018e+07,3.29802e+08,2.3473e+09,4.41714e+08,1.57433e+08,-6.97785e+08,0.000926132,0.000154114,8.86743e-25
0,1.87961e+09,8.72826e+06,2.65777e+08,2.65196e+09,-4.3181e+08,4.70134e+08,-1.48815e+09,0.00111738,0.000157998,4.46435e-24
0,1.9733e+09,-5.71201e+07,2.77217e+08,-1.02539e+10,-2.41588e+09,-4.89121e+07,-1.31558e+09,0.00115494,0.000162251,-5.18564e-22
0,1.99175e+09,5.69998e+07,2.87276e+08,8.27168e+09,-1.02832e+08,-3.15259e+08,-9.03263e+08,0.000995961,0.00014365,6.36842e-23
0,1.86775e+09,6.1384e+07,3.126e+08,1.52732e+10,1.35051e+09,-2.75087e+06,-2.49322e+08,0.00101116,0.000169235,1.54598e-22
0,1.79054e+09,17862.7,3.03787e+08,-1.63902e+09,-7.58546e+08,6.78497e+07,-1.3888e+09,0.0010809,0.000183388,-2.15596e-24
0,1.84626e+09,-4.43098e+07,2.82445e+08,-4.21181e+09,4.964e+08,6.94304e+08,-1.56457e+09,0.00104996,0.000160625,-2.0108e-23
0,1.97007e+09,6.17211e+06,3.2303e+08,5.455e+08,2.6974e+08,7.74709e+07,-1.10515e+09,0.000992454,0.000162731,-6.20379e-26
0,2.00983e+09,-2.71552e+06,3.03459e+08,2.09777e+09,-3.18931e+08,-3.23743e+08,-7.8276e+08,0.000986096,0.000148888,7.9527e-25
0,1.81867e+09,2.39351e+07,3.23476e+08,-7.00878e+09,-3.20816e+08,-3.08866e+08,-5.86634e+08,0.000935868,0.000166457,-2.67597e-23
0,2.09856e+09,-4.60504e+07,3.13189e+08,7.41373e+09,-5.98393e+07,1.00208e+08,7.94131e+08,0.000942353,0.000140637,-2.34269e-23
0,2.04482e+09,2.87638e+07,3.138e+08,3.70591e+09,-1.26507e+09,2.96822e+08,-1.0975e+09,0.00109162,0.000167521,1.25913e-23
0,1.99685e+09,-2.59175e+07,3.25263e+08,-6.56464e+09,-3.65131e+08,6.43919e+07,-9.94144e+08,0.000988544,0.000161022,-3.33989e-23
0,1.9207e+09,-9.48154e+07,2.72059e+08,-1.24913e+10,-9.19353e+08,3.67289e+08,-1.25016e+09,0.00109465,0.000155053,-6.27536e-22
0,1.93801e+09,2.6337e+07,3.1428e+08,3.10068e+09,-1.41669e+09,-3.64742e+08,-1.1082e+09,0.00108594,0.000176102,1.49353e-23
0,1.78288e+09,-3.65001e+07,2.92048e+08,1.67183e+10,-7.5936e+08,2.12327e+08,1.70945e+07,0.000966314,0.000158289,-3.81801e-23
0,2.03382e+09,5.07616e+06,3.41642e+08,-1.19288e+08,-9.58287e+06,-4.53681e+07,-4.85084e+08,0.000975351,0.00016384,1.31296e-27
0,2.13269e+09,-3.41603e+06,3.21489e+08,1.90082e+09,-1.54041e+09,4.49762e+08,-3.02518e+08,0.00102932,0.000155164,1.59077e-24
0,2.03722e+09,8.14081e+07,3.16986e+08,1.00702e+10,2.14021e+09,-2.17765e+08,-5.54161e+08,0.000900011,0.000140039,2.08982e-23
0,1.84416e+09,-5.36858e+07,2.91724e+08,-4.66942e+09,7.02309e+08,7.66141e+08,-1.35982e+09,0.00102256,0.000161757,-2.07579e-23
0,2.08973e+09,3.01227e+07,3.25204e+08,7.32015e+09,-6.88061e+07,3.79063e+08,-7.77066e+08,0.000950636,0.000147938,2.29363e-23
0,2.16403e+09,7.98495e+06,3.37626e+08,1.32789e+09,-4.95709e+08,3.11767e+08,-5.22318e+08,0.000977627,0.000152527,6.53837e-26
0,1.88853e+09,1.71404e+07,3.00629e+08,2.34322e+09,-4.01404e+08,-3.57497e+08,-1.5186e+09,0.00106619,0.000169724,2.80803e-24
0,2.08221e+09,1.07761e+07,3.1078e+08,-1.49385e+08,-1.75493e+09,7.12597e+07,-1.17625e+09,0.00110431,0.000164823,3.75652e-26
0,1.96392e+09,3.17215e+07,3.04867e+08,4.24769e+09,-8.91005e+08,-3.87635e+08,-1.25863e+09,0.00104463,0.000162163,1.96074e-23
0,2.11801e+09,2.67721e+07,3.20601e+08,5.0065e+09,-8.43003e+08,2.57823e+08,-9.9334e+08,0.00101431,0.000153536,1.20356e-23
0,1.87937e+09,-3.44476e+07,3.168e+08,-3.08814e+09,8.00863e+08,2.45725e+08,-1.24768e+09,0.00103861,0.000175075,-6.11848e-24
0,1.83721e+09,-2.87737e+07,2.94699e+08,4.16749e+09,-2.15569e+09,1.21976e+08,-7.62129e+08,0.00101687,0.000163111,3.5976e-23
0,1.93071e+09,-1.07431e+08,2.80178e+08,-1.41132e+10,2.34725e+08,4.91385e+08,-1.15391e+09,0.00105755,0.000153469,-6.2109e-22
0,2.01873e+09,5.48056e+07,2.73548e+08,4.24048e+09,-1.37779e+09,-3.8881e+08,-1.24729e+09,0.00108872,0.000147527,2.73184e-23
0,2.12061e+09,7.40959e+07,3.13277e+08,1.121e+10,9.29833e+08,-4.16898e+08,-5.65699e+08,0.000937712,0.000138528,4.42769e-23
0,2.10639e+09,1.29364e+07,3.31353e+08,1.72289e+09,-4.45742e+08,1.60398e+08,-8.55154e+08,0.000997486,0.000156913,3.77298e-25
0,1.81082e+09,-5.76971e+07,2.87019e+08,6.87497e+08,-3.13345e+08,3.13902e+08,-1.54069e+09,0.00106967,0.000169545,-3.88205e-25
0,1.82405e+09,-3.61531e+07,2.91653e+08,6.0158e+09,-1.52338e+09,3.21165e+08,-8.06158e+08,0.00103406,0.000165339,4.59351e-23
0,1.88356e+09,-2.1239e+07,3.09775e+08,2.59486e+09,-1.62118e+09,-1.7903e+08,-7.70275e+08,0.000963089,0.000158393,6.99874e-24
0,1.95998e+09,-1.81521e+06,3.1126e+08,-4.13435e+09,-1.06729e+09,5.17258e+07,-1.23795e+09,0.00109082,0.000173231,-2.32854e-23
0,1.88566e+09,6.36751e+06,3.2633e+08,1.09894e+09,1.06417e+09,-1.78719e+08,-1.02006e+09,0.000934567,0.000161735,9.20152e-26
0,1.89255e+09,5.2382e+07,3.07348e+08,-4.53112e+09,-1.16947e+09,-7.76984e+07,-8.88736e+08,0.00103255,0.000167685,-2.04592e-23
0,2.20366e+09,5.64562e+07,3.01676e+08,1.14121e+10,5.8515e+06,-2.98565e+08,-5.00609e+08,0.00100043,0.000136956,5.71173e-23
0,1.9911e+09,-3.88083e+07,2.8425e+08,-2.13233e+09,-8.2903e+08,-3.49634e+08,7.78603e+08,0.00107286,0.000153162,2.21922e-24
0,2.1543e+09,6.09596e+07,3.13469e+08,1.07461e+10,-1.42574e+08,-2.71792e+08,-5.90219e+08,0.000970385,0.0001412,5.50351e-23
0,1.87799e+09,-9.60485e+07,2.96782e+08,-1.4133e+10,7.59396e+08,2.86667e+08,-9.96545e+08,0.00099369,0.000157034,-4.45044e-22
0,1.69121e+09,-9.2877e+06,2.45332e+08,-1.50669e+09,9.57619e+08,1.92858e+08,-1.70714e+09,0.00109639,0.000159046,-8.54381e-25
0,1.94355e+09,3.44809e+07,3.12936e+08,5.68463e+09,1.36384e+09,-3.44854e+08,-1.00122e+09,0.000961529,0.000154818,1.6495e-23
0,1.92411e+09,-1.14274e+06,2.89215e+08,1.83828e+10,1.79364e+09,2.61863e+08,2.24259e+07,0.00111068,0.000166947,3.32804e-23
0,1.99691e+09,4.60927e+06,2.81871e+08,6.57547e+09,-3.32892e+09,-1.14016e+08,-9.34952e+08,0.00107766,0.000152117,1.78808e-22
0,1.88849e+09,-3.00321e+07,2.98989e+08,-3.04392e+09,6.2594e+08,1.89432e+08,-1.48784e+09,0.0010234,0.000162026,-6.1064e-24
0,2.02493e+09,-7.30601e+06,3.16179e+08,3.38724e+07,-1.25245e+09,-4.69153e+08,-1.06515e+09,0.00108663,0.000169669,-1.54432e-24
0,1.89748e+09,-7.82482e+06,3.15078e+08,2.93541e+09,-2.9685e+08,2.11027e+08,-1.11214e+09,0.000992171,0.000164751,3.62179e-24
0,1.80633e+09,-3.91342e+07,2.91988e+08,6.17136e+09,-3.65717e+08,4.45751e+08,-8.6049e+08,0.00105291,0.000170201,4.76592e-23
0,1.86119e+09,-1.14512e+07,3.02896e+08,-4.69607e+09,-5.19963e+07,5.03552e+06,-1.48037e+09,0.00106268,0.000172944,-3.3532e-23
0,1.962e+09,2.68432e+07,3.00989e+08,-8.56034e+09,-8.535e+08,-8.57608e+06,-7.86316e+08,0.0010565,0.000162077,-9.28832e-23
0,2.0288e+09,5.65596e+06,3.42441e+08,1.69947e+08,8.38788e+06,-1.51852e+07,-4.0871e+08,0.000974698,0.000164519,-9.80309e-28
0,2.15298e+09,1.46538e+07,3.29175e+08,1.42265e+09,-5.88711e+08,3.13481e+08,-7.50093e+08,0.00100011,0.00015291,1.91398e-25
0,1.94414e+09,-4.75214e+06,3.06366e+08,-3.02083e+09,-1.40643e+09,-8.43979e+07,-1.3873e+09,0.0010942,0.000172429,-1.60631e-23
0,2.06854e+09,-1.68785e+07,3.2855e+08,-3.84816e+09,-1.97474e+07,-1.7752e+08,-8.51532e+08,0.000958405,0.000152225,-3.9005e-24
0,2.0699e+09,-1.97506e+07,3.15115e+08,-3.16801e+09,-1.50553e+09,-4.85554e+08,-1.06068e+09,0.00107415,0.000163524,-8.57475e-24
0,1.83832e+09,-8.24904e+07,3.06171e+08,-1.11715e+10,1.10754e+09,4.29476e+08,-8.5041e+08,0.000958784,0.000159684,-1.56482e-22
0,2.07601e+09,-9.90886e+06,3.33723e+08,-1.87236e+09,-2.93713e+08,-2.92271e+08,-8.05531e+08,0.00099519,0.000159979,-3.51559e-25
0,1.91747e+09,-4.95896e+07,3.06046e+08,-2.12137e+09,1.09393e+09,3.53247e+08,-1.23592e+09,0.000990434,0.000158083,-1.05588e-24
0,1.82506e+09,2.17945e+07,2.89621e+08,2.30154e+09,2.01028e+09,-2.62062e+07,-1.2739e+09,0.000971575,0.00015418,1.39976e-24
0,1.87568e+09,-3.49481e+07,2.93324e+08,9.13803e+08,-1.18392e+09,7.58953e+07,-1.33469e+09,0.00109479,0.000171206,2.28448e-24
0,2.03592e+09,5.41234e+06,3.40559e+08,1.73848e+08,-1.57007e+07,-4.31121e+07,-5.68846e+08,0.000976178,0.000163291,-3.04677e-27
0,2.0043e+09,-1.43586e+07,3.22297e+08,-1.61882e+09,-3.23659e+08,-8.19946e+06,-1.07967e+09,0.00101518,0.000163244,-4.26176e-25
0,1.93787e+09,-6.19071e+07,2.88716e+08,-1.02286e+10,-9.87908e+08,-667238,-1.3117e+09,0.00109584,0.000163265,-3.32942e-22
0,2.20989e+09,-3.64092e+07,3.14346e+08,-9.16412e+09,-6.54086e+08,1.44422e+08,-5.30213e+08,0.000972229,0.000138295,-2.90342e-23
0,2.09345e+09,4.16276e+07,3.25074e+08,8.28877e+09,4.91043e+08,2.45384e+08,-7.58542e+08,0.000931863,0.000144701,3.1882e-23
0,1.80467e+09,-2.08613e+07,2.818e+08,7.40291e+09,2.24905e+09,7.19574e+08,-1.04223e+09,0.00109119,0.00017039,2.14521e-22
0,1.80465e+09,2.76155e+07,2.90678e+08,6.2877e+09,1.6954e+09,-8.52197e+07,-1.26722e+09,0.000973498,0.000156803,5.35126e-23
0,1.95139e+09,4.70316e+07,3.02834e+08,5.21955e+09,2.67047e+08,-5.84475e+08,-1.06147e+09,0.000996835,0.000154697,1.81809e-23
0,1.97515e+09,-1.42275e+07,3.00812e+08,-1.3962e+09,-1.54254e+09,3.56149e+08,-1.30857e+09,0.00109727,0.000167112,-2.44092e-24
0,2.21604e+09,-1.20883e+07,2.89975e+08,7.6505e+09,-7.10156e+08,-4.95008e+08,-1.40893e+08,0.000995815,0.000130305,8.98983e-24
0,1.82053e+09,9.08848e+07,2.87599e+08,2.33007e+09,-1.123e+09,-3.94852e+08,-1.0547e+09,0.00109559,0.000173077,7.62815e-24
0,2.15967e+09,-3.12506e+07,3.18751e+08,-1.03688e+10,-1.67569e+09,-4.42007e+08,-8.70245e+08,0.00105388,0.000155545,-9.80808e-23
0,1.93165e+09,2.97764e+07,3.18146e+08,-7.68499e+09,-1.9593e+09,2.04662e+07,-4.5505e+08,0.000982813,0.00016187,-5.01965e-23
0,2.19171e+09,2.00522e+07,3.06665e+08,2.3611e+09,-1.9923e+09,-1.61379e+08,-7.83574e+08,0.00101551,0.000142091,5.60783e-24
0,1.80242e+09,-5.22486e+07,3.04643e+08,8.04557e+09,1.13363e+08,9.7185e+07,-5.37716e+08,0.00102323,0.000172945,6.62737e-23
0,2.26729e+09,9.66348e+06,3.0196e+08,-5.59161e+09,-2.25754e+09,-1.00482e+08,-5.35395e+08,0.0010413,0.000138682,-2.04626e-23
0,1.91989e+09,-8.27137e+07,2.99753e+08,-1.30314e+10,5.97103e+08,-5.45997e+07,-1.04526e+09,0.00104678,0.000163435,-4.4789e-22
0,2.32671e+09,9.90727e+06,3.29981e+08,2.24734e+09,-1.16849e+09,-8.5371e+07,-2.87052e+08,0.000924976,0.000131183,5.46915e-25
0,1.73415e+09,-1.1149e+06,2.73209e+08,-3.95352e+08,4.01208e+08,-7.12801e+07,-1.71947e+09,0.00109812,0.000173006,7.20233e-25
0,1.76895e+09,-1.7447e+07,2.9921e+08,-7.32105e+08,1.43575e+09,1.82092e+08,-1.42458e+09,0.00100094,0.000169305,-5.44998e-26
0,2.0198e+09,-2.212e+07,3.2418e+08,-1.91178e+09,2.64073e+06,8.4214e+07,-1.00891e+09,0.00100173,0.000160779,-6.05522e-25
0,2.09029e+09,1.0879e+07,3.309e+08,6.04595e+09,-6.25331e+08,1.70955e+08,-7.69719e+08,0.00100066,0.000158407,1.64507e-23
0,2.16866e+09,4.69772e+07,3.22484e+08,6.89589e+09,2.16679e+08,1.29262e+07,-4.57926e+08,0.000915352,0.000136115,8.04882e-24
0,2.08504e+09,-3.16684e+07,3.26989e+08,-1.99622e+09,-2.03254e+08,-4.59387e+08,-6.40106e+08,0.00102325,0.000160471,-2.66128e-25
0,2.12181e+09,-1.81184e+07,3.28489e+08,-3.55584e+09,-7.20427e+08,-2.88904e+08,-8.66201e+08,0.00100671,0.000155855,-3.42547e-24
0,1.84305e+09,-7.35341e+06,3.06362e+08,5.53801e+07,2.4421e+08,-4.06011e+08,-1.28311e+09,0.000987136,0.000164087,5.5609e-26
0,1.85132e+09,2.82475e+07,3.00095e+08,7.14936e+09,2.08011e+09,-4.48315e+07,-1.32084e+09,0.000975792,0.000158174,7.25833e-23
0,2.05896e+09,-6.688e+07,3.11521e+08,-1.26e+10,-1.29794e+09,-6.00215e+08,-8.59843e+08,0.00100794,0.000152501,-1.58952e-22
0,1.78294e+09,-1.87631e+07,3.00117e+08,-2.22675e+09,9.78823e+08,4.34144e+08,-1.58657e+09,0.00103433,0.000174106,-2.42821e-24
0,2.03802e+09,-2.80976e+07,3.23691e+08,-6.23675e+09,3.70277e+08,-3.10128e+08,-8.85299e+08,0.000963692,0.000153059,-2.12858e-23
0,1.94798e+09,3.79172e+07,3.16563e+08,-1.68883e+09,1.43901e+09,-5.73548e+08,-1.04869e+09,0.000962795,0.000156463,-1.67456e-24
0,1.99177e+09,-9.07051e+06,3.14857e+08,-9.61001e+08,3.86777e+08,-1.47033e+08,-1.15039e+09,0.000979182,0.000154788,3.00603e-27
0,1.65947e+09,-7.1374e+07,2.56712e+08,3.14785e+09,3.46961e+07,6.36053e+08,-1.05705e+09,0.00108608,0.000168012,1.22777e-23
0,2.15352e+09,-2.12576e+07,3.3249e+08,-5.76612e+09,-5.47823e+08,-3.67684e+08,-7.20771e+08,0.000998034,0.00015409,-1.01027e-23
0,2.16355e+09,355551,3.33845e+08,3.70569e+09,-7.67715e+08,6.66342e+07,-6.40182e+08,0.00101719,0.000156956,3.42179e-24
0,1.89646e+09,-7.76017e+07,3.0981e+08,-1.17408e+10,-4.20465e+08,-6.69332e+08,-7.79845e+08,0.000959314,0.000156716,-1.48585e-22
0,1.88241e+09,-7.80683e+07,3.06888e+08,-1.19671e+10,7.28493e+08,1.80757e+08,-9.17057e+08,0.000989683,0.000161348,-2.43395e-22
0,2.23577e+09,4.87068e+07,3.12407e+08,-4.83069e+09,-1.2576e+09,2.36275e+08,3.10057e+07,0.00095843,0.000133923,-1.88254e-24
0,1.72369e+09,-7.9885e+06,2.97577e+08,-5.98144e+08,1.97378e+09,2.80926e+08,-1.5341e+09,0.00102477,0.000176916,8.93069e-26
0,2.15925e+09,-851660,3.34893e+08,-1.14149e+09,-1.10115e+08,-3.30717e+08,-5.59656e+08,0.00094408,0.000146424,-1.41072e-26
0,1.97304e+09,5.69458e+07,2.94461e+08,7.25882e+09,-1.99258e+07,-2.92761e+08,-1.3214e+09,0.00105371,0.000157257,8.46398e-23
0,2.0845e+09,381472,3.41893e+08,-7.18423e+08,-1.51662e+08,-2.2899e+08,-4.53042e+08,0.000980215,0.000160772,-1.02617e-27
0,2.05303e+09,-2.37194e+07,3.04842e+08,-4.21178e+09,-2.25007e+08,2.04713e+08,-9.84983e+08,0.00100943,0.000149884,-8.25312e-24
0,1.9698e+09,-4.05628e+07,3.10639e+08,-2.87571e+09,8.25941e+08,-3.25535e+08,-9.97878e+08,0.00107795,0.000169994,-6.03992e-24
0,1.86464e+09,388121,2.81241e+08,3.74777e+09,-1.49393e+09,-5.37504e+08,-9.58044e+08,0.00103843,0.000156625,2.22198e-23
0,2.09489e+09,4.62659e+07,3.14208e+08,4.40928e+09,-3.3876e+08,5.13932e+07,-1.01551e+09,0.000988515,0.000148266,7.7989e-24
0,1.96868e+09,-1.52654e+07,2.90365e+08,-8.71785e+08,-1.73333e+09,-5.69925e+08,-1.26042e+09,0.00107897,0.00015914,-7.30636e-24
0,1.82e+09,4.92115e+07,2.6431e+08,1.03539e+10,1.45769e+09,-4.00696e+08,-1.18799e+09,0.000998057,0.000144943,2.25414e-22
0,1.92679e+09,8.94232e+06,3.23059e+08,-1.23596e+09,6.63446e+08,-5.53414e+07,4.84611e+08,0.00108593,0.000182074,5.10159e-25
0,1.95289e+09,-7.90369e+07,3.04494e+08,-6.41423e+09,9.0358e+08,1.88713e+08,-1.13163e+09,0.00102622,0.000160008,-4.44115e-23
0,2.29345e+09,2.6744e+07,3.24481e+08,3.52898e+09,-1.09717e+09,-3.71434e+07,-3.75134e+08,0.000946562,0.000133921,1.51482e-24
0,2.04591e+09,-2.15896e+07,3.06972e+08,3.0819e+09,1.37205e+09,-6.71298e+07,-4.17345e+08,0.00111667,0.000167547,2.05274e-25
0,2.186e+09,-8.50582e+06,3.34432e+08,-1.62378e+09,-8.90299e+08,-4.99596e+07,-5.85611e+08,0.00101882,0.000155868,-5.84395e-25
0,1.68592e+09,3.21895e+06,2.89151e+08,5.18244e+09,-5.73622e+08,-1.02468e+09,-1.0541e+09,0.00102671,0.000176089,5.32286e-23
0,1.98391e+09,2.45714e+07,2.97288e+08,4.43097e+09,-1.21158e+09,2.58517e+08,-1.28332e+09,0.00107394,0.000160929,2.36282e-23
0,1.80998e+09,-6.20703e+07,3.13865e+08,-8.54106e+09,1.2375e+09,-2.17052e+08,-7.55909e+08,0.000941459,0.000163256,-7.99982e-23
0,2.17619e+09,2.2815e+07,3.11445e+08,4.69704e+09,-1.42417e+09,-2.88194e+08,-9.94447e+08,0.00105773,0.000151376,1.84029e-23
0,2.07694e+09,-6.11032e+07,3.11735e+08,-8.01017e+09,-6.54677e+07,3.40368e+07,-9.88169e+08,0.00102117,0.00015327,-5.75373e-23
0,1.86105e+09,-617529,2.96929e+08,2.76725e+09,7.44451e+08,-1.8751e+08,-1.35469e+09,0.00105827,0.000168846,5.41466e-24
0,1.77668e+09,-5.30863e+07,3.0187e+08,1.38268e+10,-3.02384e+08,6.4136e+08,-4.201e+08,0.000960875,0.000163259,1.8192e-22
0,2.15588e+09,-5.41022e+06,2.82881e+08,-1.84763e+09,8.78604e+08,2.42786e+08,-2.31063e+08,0.000957573,0.000125647,1.05919e-25
0,2.06665e+09,-1.81184e+07,3.1006e+08,-6.21422e+08,1.64367e+09,-2.51589e+08,-3.01235e+08,0.00110453,0.000165713,9.21284e-25
0,1.97129e+09,-1.18422e+07,3.15745e+08,4.02348e+08,1.035e+09,-4.67677e+08,-9.10112e+08,0.000947109,0.000151701,3.01687e-28
0,1.74284e+09,-1.53865e+06,2.54345e+08,3.49262e+08,8.46393e+08,-8.3856e+07,-1.62704e+09,0.00108342,0.000158112,-1.97773e-25
0,2.13347e+09,-4.06441e+07,3.23558e+08,-6.03955e+09,-8.27246e+08,-3.38887e+08,-7.68471e+08,0.000975905,0.000148004,-1.19506e-23
0,1.64514e+09,-2.12921e+07,2.8086e+08,7.78074e+09,-9.29619e+08,-7.40808e+08,-1.06069e+09,0.00104356,0.000178158,2.4884e-22
0,2.05002e+09,2.56009e+07,3.21711e+08,1.88453e+09,-2.71038e+08,-7.39959e+08,-7.65966e+08,0.000989649,0.000155306,3.21292e-25
0,1.96961e+09,-2.72075e+07,3.3331e+08,-6.32271e+09,4.54144e+08,-2.80076e+08,-7.19559e+08,0.000928328,0.000157098,-1.82969e-23
0,2.24745e+09,3.19328e+07,3.2856e+08,1.65246e+09,-1.24902e+09,-6.79011e+07,-7.77429e+07,0.00088901,0.000129967,2.93646e-25
0,2.1214e+09,-4.6805e+07,3.23202e+08,-1.02224e+10,-3.08673e+08,-3.63579e+08,-8.1777e+08,0.00100548,0.000153188,-7.94378e-23
0,2.15654e+09,-5.45934e+07,2.9303e+08,-9.40274e+09,-2.55106e+09,-1.43451e+08,-9.62544e+08,0.00106244,0.000144364,-1.38569e-22
0,1.98892e+09,-5.59621e+07,3.19666e+08,-2.0915e+09,-1.20818e+09,-6.56713e+08,-4.72271e+08,0.000966282,0.000155305,-3.24997e-25
0,1.85089e+09,-1.89535e+07,3.01112e+08,1.69471e+10,2.76098e+08,8.22368e+08,-4.33259e+08,0.0010159,0.000165271,4.59892e-22
0,1.93169e+09,1.51171e+07,3.02908e+08,2.74268e+09,-1.31917e+09,-2.61536e+08,-1.3837e+09,0.00109228,0.00017128,1.19701e-23
0,2.24763e+09,1.02276e+07,3.16437e+08,8.79211e+09,-3.96648e+08,-3.42478e+08,-2.21475e+08,0.000944919,0.000133032,9.49309e-24
0,2.29643e+09,2.96594e+07,3.17964e+08,6.15247e+09,-1.54714e+09,-2.71635e+08,-4.72744e+08,0.000964745,0.000133578,1.11875e-23
0,2.02993e+09,7.09955e+06,2.92497e+08,-4.45136e+09,-2.16669e+08,6.0729e+07,-1.12009e+09,0.000996618,0.000143605,-1.0722e-23
0,2.08905e+09,1.47065e+07,3.30076e+08,5.39645e+08,-4.71231e+07,-4.64077e+08,-6.425e+08,0.000948902,0.00014993,-1.28505e-26
0,2.01857e+09,-5.37332e+07,3.06528e+08,-9.46369e+09,7.62724e+08,3.90839e+08,-7.89851e+08,0.000938959,0.000142585,-5.16135e-23
0,1.81906e+09,-2.97197e+07,3.11948e+08,6.74112e+09,-2.89192e+08,1.61023e+08,-6.73466e+08,0.00103203,0.000176981,4.67476e-23
0,2.02276e+09,-3.2182e+06,3.38129e+08,-3.11286e+09,1.34173e+08,-2.56104e+08,-4.30375e+08,0.000895855,0.000149753,-9.31994e-25
0,1.97431e+09,1.91375e+07,2.80951e+08,-4.75113e+09,-3.46586e+08,3.27191e+08,1.00945e+09,0.00113085,0.000160924,2.38547e-23
0,2.00864e+09,-3.66108e+07,2.99778e+08,-2.75156e+09,-1.33983e+09,5.05662e+07,-1.26032e+09,0.00108212,0.0001615,-9.57364e-24
0,2.1996e+09,-1.93084e+07,3.02108e+08,1.36742e+09,-1.64022e+09,-3.6391e+08,-4.11765e+08,0.000999393,0.000137263,9.02241e-25
0,1.90576e+09,-4.69026e+06,2.41973e+08,-6.28812e+09,3.84232e+07,-5.47125e+08,7.03703e+08,0.00111059,0.000141011,4.45402e-23
0,1.97425e+09,-3.08126e+07,2.91377e+08,1.47696e+09,-9.5142e+08,-2.35458e+08,-8.44071e+08,0.00111046,0.000163891,1.45134e-24
0,2.03548e+09,5.89327e+07,2.69768e+08,5.12818e+09,-2.10978e+09,-4.77847e+08,-1.31712e+09,0.00112748,0.000149427,7.8836e-23
0,2.3005e+09,2.23574e+07,3.14189e+08,1.17961e+09,1.77072e+08,6.49427e+07,-7.64433e+07,0.000962406,0.00013144,8.82803e-27
0,2.17753e+09,-3.09962e+07,3.10405e+08,-9.65141e+09,-1.84474e+09,-3.99915e+08,-9.48327e+08,0.00103665,0.000147773,-8.29554e-23
0,2.01788e+09,-4.45078e+06,3.26644e+08,-1.37248e+09,-3.76049e+08,-2.76448e+08,-9.76777e+08,0.00100735,0.000163065,-1.65581e-25
0,1.98927e+09,-4.37855e+07,3.00857e+08,-2.72491e+08,-2.45131e+09,-7.86227e+08,-8.70053e+08,0.00106873,0.000161634,-1.2202e-23
0,2.04361e+09,-1.00916e+08,2.96852e+08,-1.06673e+10,1.3506e+09,7.26608e+08,-7.84821e+08,0.000936695,0.000136063,-5.16367e-23
0,1.85412e+09,2.03716e+07,3.00229e+08,-1.00324e+10,-6.03995e+08,-1.06682e+08,-8.96545e+08,0.0010484,0.000169763,-2.06373e-22
0,1.75695e+09,1.97705e+07,2.95523e+08,-9.13158e+09,-1.95178e+09,-1.22899e+08,-7.52813e+08,0.00102909,0.000173095,-2.00471e-22
0,2.30829e+09,1.39381e+07,3.32705e+08,9.07624e+08,-8.32988e+08,-1.23251e+08,-1.64867e+08,0.000914477,0.000131808,5.29528e-26
0,2.0322e+09,-5.51751e+07,2.97543e+08,-4.81315e+09,-8.90526e+08,2.08339e+08,-1.20432e+09,0.00105964,0.000155146,-2.3912e-23
0,2.0805e+09,-2.91356e+06,3.43297e+08,-4.58801e+09,2.41718e+06,-3.24373e+08,-2.94284e+08,0.000933531,0.000154039,-2.03091e-24
0,1.8744e+09,-5.4731e+06,2.44737e+08,-7.54827e+09,-3.10119e+08,-5.77979e+08,7.03818e+08,0.00106679,0.000139289,7.90572e-23
0,1.97259e+09,-2.04516e+07,3.13784e+08,1.77849e+09,5.964e+08,-1.0978e+08,-6.12305e+08,0.000968257,0.000154023,3.25875e-25
0,1.95164e+09,-3.17015e+07,3.1753e+08,6.21701e+09,1.28723e+08,-1.47957e+08,-2.92268e+08,0.00108491,0.000176514,1.44219e-23
0,2.14884e+09,-8.29383e+06,3.20053e+08,-3.13093e+09,-1.26425e+09,-4.47808e+08,-7.31165e+08,0.000975289,0.000145262,-2.18393e-24
0,1.77497e+09,-5.05985e+06,2.83634e+08,-1.64093e+09,4.3997e+08,8.31564e+07,-1.68084e+09,0.00109811,0.000175475,-2.91449e-25
0,2.16478e+09,-2.09574e+07,3.22785e+08,-2.80479e+09,-8.17602e+08,-4.59391e+08,-6.32387e+08,0.000946978,0.000141202,-5.75702e-25
0,1.82967e+09,-2.25557e+07,2.69944e+08,1.03478e+10,4.18855e+08,5.34795e+07,-1.1429e+09,0.00119919,0.000176926,6.10883e-22
0,2.29794e+09,2.69173e+07,3.22997e+08,6.0788e+09,-1.32297e+09,-1.84861e+08,-4.69169e+08,0.000959805,0.000134909,8.68135e-24
0,1.92624e+09,-3.72651e+06,3.02675e+08,-4.08145e+09,-1.36397e+09,1.63857e+08,-1.42357e+09,0.00109323,0.000171783,-3.36309e-23
0,2.10185e+09,-5.737e+07,3.05728e+08,-8.26385e+09,-7.98203e+08,2.15631e+08,-1.01136e+09,0.00105152,0.00015295,-7.73672e-23
0,1.88162e+09,-7.62011e+07,3.17235e+08,-2.49048e+09,-5.77441e+08,-5.92133e+08,-2.12264e+08,0.000889559,0.000149977,4.73172e-25
0,1.96581e+09,-5.07912e+07,3.02843e+08,-2.81396e+09,-1.42606e+09,-3.6867e+08,-6.24017e+08,0.00105481,0.0001625,-5.36074e-24
0,2.03477e+09,-1.14503e+06,3.44008e+08,-2.30468e+09,6.82397e+07,-1.25597e+08,-1.97705e+08,0.000916771,0.000154994,-1.88365e-25
0,1.937e+09,-4.80899e+07,2.80968e+08,-8.84169e+09,-1.64589e+09,-2.01886e+07,-1.47324e+09,0.00113165,0.000164149,-3.1795e-22
0,2.09207e+09,-5.69059e+07,3.14787e+08,-1.21145e+10,-3.83315e+08,-2.08937e+07,-8.65911e+08,0.0010226,0.000153868,-1.71229e-22
0,2.00545e+09,1.10181e+07,3.29674e+08,2.64882e+08,1.4876e+08,2.25543e+07,-6.58979e+08,0.000919253,0.000151115,-4.51488e-27
0,1.84653e+09,-4.01392e+07,3.16523e+08,-4.32845e+09,2.56896e+08,2.10395e+08,-7.88773e+08,0.000975963,0.000167295,-9.77196e-24
0,2.01724e+09,1.65185e+07,2.96521e+08,5.02043e+09,1.64943e+09,-5.71873e+08,-7.46084e+08,0.000936366,0.000137639,1.7886e-24
0,1.97394e+09,1.12651e+07,3.22814e+08,1.52731e+09,1.62935e+08,1.12426e+07,-7.63861e+08,0.000959518,0.000156918,2.31333e-25
0,2.00678e+09,2.47808e+06,3.24969e+08,-1.17284e+09,5.62103e+06,-2.46873e+08,-9.63483e+08,0.000988652,0.000160098,-3.18614e-26
0,1.8832e+09,-4.20389e+07,2.55967e+08,1.11077e+09,2.23742e+09,6.88846e+08,-5.32822e+08,0.00101641,0.000138152,-2.76319e-24
0,2.07018e+09,-7.01416e+06,3.29091e+08,-2.57883e+09,-1.28465e+09,7.58621e+07,-2.00843e+08,0.000983145,0.000156288,-1.74902e-24
0,1.89033e+09,1.05683e+06,3.20102e+08,-5.51316e+09,-5.51789e+08,-3.48629e+08,-8.23269e+08,0.00096414,0.000163264,-1.66249e-23
0,2.22054e+09,5.66056e+07,3.08367e+08,3.62037e+09,-2.19392e+09,1.27599e+08,-3.41748e+08,0.000955218,0.000132651,6.12443e-24
0,1.88687e+09,-6.04987e+07,3.11296e+08,-1.08353e+10,1.07899e+09,2.37296e+08,-1.0319e+09,0.000962214,0.000158746,-1.68909e-22
0,1.85131e+09,594155,2.93512e+08,-1.44532e+09,-5.10101e+08,-3.14003e+08,-1.59047e+09,0.00109225,0.000173168,-2.91576e-25
0,1.71782e+09,3.33121e+07,2.72423e+08,5.42659e+09,8.07926e+08,-4.33831e+08,-1.272e+09,0.00099215,0.000157342,4.37585e-23
0,2.30778e+09,1.44437e+07,3.31645e+08,1.92937e+09,-4.58786e+08,-1.82217e+08,-1.86533e+08,0.000903599,0.000129853,9.40331e-26
0,1.93626e+09,5.01515e+07,2.78665e+08,1.68615e+10,1.45078e+09,2.88146e+08,6.4276e+07,0.00107784,0.000155123,-1.1055e-23
0,2.01815e+09,1.16744e+07,3.28696e+08,4.64899e+09,8.43513e+08,2.14948e+08,-8.56348e+08,0.000928424,0.000151212,8.10515e-24
0,1.84479e+09,-4.96574e+07,3.03079e+08,-4.82701e+09,6.15893e+08,4.49883e+08,-1.40656e+09,0.00103374,0.000169833,-2.89419e-23
0,1.73294e+09,-4.14648e+07,3.07771e+08,-6.93455e+09,2.73386e+09,2.6294e+08,-1.0604e+09,0.000918782,0.000163176,-2.26889e-23
0,2.32429e+09,1.16779e+07,3.29736e+08,2.60889e+09,-1.13567e+09,-9.94034e+07,-2.88814e+08,0.000922446,0.000130863,6.71388e-25
0,1.76473e+09,1.3567e+07,2.96121e+08,-7.73319e+08,2.95287e+08,-3.28144e+08,-1.62676e+09,0.00106992,0.000179531,9.73641e-25
0,1.83568e+09,8.65376e+07,2.84234e+08,8.44645e+09,1.34484e+09,-8.09773e+08,-1.35692e+09,0.00100633,0.000155818,1.20022e-22
0,1.95194e+09,4.40285e+07,3.10121e+08,1.34293e+10,2.39117e+09,2.7156e+08,-3.88956e+08,0.000947734,0.000150574,1.10127e-22
0,2.0848e+09,-2.70462e+07,3.28143e+08,-3.16434e+09,-7.92685e+06,7.07523e+07,-7.55458e+08,0.000992682,0.000156246,-2.20789e-24
0,1.83254e+09,-4.55337e+07,2.98695e+08,-3.02605e+09,1.30435e+09,5.50457e+08,-1.43918e+09,0.00101467,0.000165385,-4.79108e-24
0,1.92188e+09,3.63885e+07,3.19726e+08,4.49928e+08,1.16935e+09,-1.93843e+08,-1.00338e+09,0.000976481,0.000162448,-1.64805e-27
0,2.2382e+09,2.78168e+06,3.29796e+08,3.03414e+09,-5.97931e+08,-3.77378e+08,-1.92819e+08,0.000895807,0.000131996,4.68913e-25
0,2.1385e+09,7.69612e+06,3.3567e+08,4.53592e+09,-5.65859e+07,-1.25232e+08,-5.13815e+08,0.000917848,0.00014407,2.77664e-24
0,1.86536e+09,6.40646e+07,2.89403e+08,9.9273e+09,1.68083e+08,-5.55481e+08,-1.38304e+09,0.0010376,0.00016098,2.75102e-22
0,2.01927e+09,3.59723e+07,2.94278e+08,3.26406e+09,8.55915e+08,1.90216e+07,-8.22472e+08,0.00101186,0.000147463,3.67974e-24
0,1.96503e+09,1.72292e+07,2.75947e+08,-1.1388e+10,-1.06089e+09,1.21217e+08,-1.43854e+08,0.000980947,0.000137753,-3.63943e-23
0,2.07491e+09,4.62036e+06,3.09066e+08,5.20267e+09,-4.05194e+08,1.61862e+08,-9.32482e+08,0.000974159,0.000145105,1.13583e-23
0,1.82603e+09,-4.9592e+07,2.95745e+08,-1.09092e+10,1.17842e+09,-1.01197e+08,-1.27559e+09,0.000995985,0.00016131,-3.28014e-22
0,2.0687e+09,2.5666e+06,3.43155e+08,3.37551e+09,1.47485e+08,2.08027e+08,-3.12262e+08,0.000925264,0.000153482,9.30143e-25
0,2.27919e+09,2.00606e+07,3.22334e+08,-9.37384e+08,3.17858e+06,1.39234e+08,2.12204e+07,0.00095556,0.00013514,8.94988e-28
0,2.27152e+09,-4.94431e+06,3.3272e+08,-1.9044e+09,-1.22071e+09,-6.19986e+07,-6.01574e+08,0.000986339,0.000144473,-9.66491e-25
0,1.82052e+09,-2.77383e+07,3.05815e+08,-1.49094e+09,1.6942e+09,5.99802e+08,-1.35698e+09,0.00100499,0.00016882,-4.21644e-27
0,2.00119e+09,9.15625e+06,3.13392e+08,1.91748e+09,6.2955e+08,-5.27044e+08,-9.43203e+08,0.000963902,0.00015095,3.29425e-25
0,2.11665e+09,-2.34736e+07,3.04367e+08,5.79319e+09,-3.08094e+08,4.76634e+08,-7.242e+08,0.000988048,0.000142078,1.06627e-23
0,2.28979e+09,-4.21174e+06,3.25621e+08,3.42245e+09,-1.39386e+09,-2.52333e+08,-2.26417e+08,0.000917092,0.000130415,1.63999e-24
0,2.06382e+09,3.43281e+07,3.32608e+08,4.29713e+09,3.08818e+08,4.40079e+08,-7.68213e+08,0.000971175,0.000156516,6.15745e-24
0,1.96938e+09,4.73321e+07,3.14009e+08,6.55215e+09,7.05997e+08,-7.73712e+07,-1.06139e+09,0.000961811,0.000153357,3.21787e-23
0,1.79873e+09,-8.84955e+06,2.72416e+08,-1.18226e+09,1.48395e+08,-2.12145e+08,-1.64092e+09,0.00107817,0.000163287,8.39267e-25
0,2.01184e+09,4.99259e+07,2.81826e+08,6.50323e+09,-1.53901e+09,-2.19548e+07,-1.36837e+09,0.00109431,0.000153295,9.02225e-23
0,2.09653e+09,-1.49651e+07,3.04488e+08,-3.46874e+09,-2.41816e+09,-2.30762e+08,1.83347e+08,0.000941104,0.000136681,-4.72882e-24
0,1.70137e+09,3.59244e+07,2.98347e+08,-7.34775e+09,-1.7471e+09,-454107,-8.57167e+08,0.0010376,0.00018195,-1.59055e-22
0,2.10909e+09,3.76364e+07,3.11067e+08,9.52244e+09,9.11695e+08,3.10164e+08,-4.44241e+08,0.00107635,0.00015875,6.36204e-23
0,2.07842e+09,1.09077e+07,3.06243e+08,1.35553e+09,-6.38771e+08,-5.41829e+08,-1.01238e+09,0.00101072,0.000148923,5.13071e-26
0,2.2295e+09,9.46403e+06,3.39285e+08,9.75042e+08,-3.66358e+08,2.00646e+08,-3.76176e+08,0.000936284,0.000142484,1.60281e-26
0,2.05127e+09,-2.89051e+07,3.34622e+08,-4.1522e+09,3.71727e+08,-2.7792e+08,-6.17951e+08,0.000944991,0.000154155,-4.09505e-24
0,1.7768e+09,2.76801e+07,2.98008e+08,2.11209e+09,2.13275e+09,-3.4699e+08,-1.53567e+09,0.00100076,0.00016785,6.64808e-25
0,2.11223e+09,6.93272e+06,3.41934e+08,4.33026e+09,1.29383e+07,3.32637e+08,-4.16313e+08,0.000945206,0.000153013,2.37881e-24
0,2.11619e+09,-6.96238e+06,2.88987e+08,4.32791e+09,1.16214e+09,-3.14353e+08,8.6573e+08,0.00101948,0.00013922,-1.12337e-23
0,1.96484e+09,-2.05941e+07,3.07726e+08,7.95607e+09,-1.98461e+09,2.11071e+08,-5.85761e+08,0.000980854,0.000153617,4.91917e-23
0,1.93662e+09,3.85328e+07,3.04581e+08,-2.89549e+09,-1.50572e+09,1.17976e+08,-1.0848e+09,0.0010361,0.000162952,-1.1252e-23
0,1.99991e+09,-2.13787e+07,3.13784e+08,4.33124e+09,1.3522e+09,6.72726e+08,-9.1911e+08,0.00093826,0.000147212,1.21452e-23
0,1.92652e+09,-7.15858e+06,3.04564e+08,-2.40884e+09,-2.2556e+09,5.88796e+08,-3.92281e+08,0.00110043,0.000173968,-1.4469e-23
0,1.96922e+09,4.29569e+07,2.8918e+08,1.08058e+10,4.91705e+08,2.58197e+08,-9.77258e+08,0.000994388,0.000146026,1.67115e-22
0,1.80919e+09,1.78369e+07,3.05008e+08,-1.27255e+10,-7.90316e+08,-2.79302e+08,-7.15911e+08,0.000986369,0.000166291,-2.67371e-22
0,2.15989e+09,1.03173e+07,3.18937e+08,1.20348e+09,-1.42784e+09,2.99555e+08,-8.27527e+08,0.00103035,0.000152146,1.69708e-24
0,2.09442e+09,-1.98216e+07,3.36445e+08,-7.88385e+09,7.8042e+06,-3.79428e+08,-5.34654e+08,0.000932216,0.00014975,-1.81337e-23
0,1.90411e+09,1.77142e+07,2.90982e+08,8.11331e+09,7.17431e+08,2.30455e+08,-1.097e+09,0.000997249,0.000152398,9.70849e-23
0,2.10944e+09,2.42331e+07,3.33538e+08,2.71904e+08,2.58602e+08,2.51951e+08,-5.80574e+08,0.000927944,0.000146724,-2.2752e-27
0,2.02839e+09,2.70488e+07,2.89443e+08,1.8171e+09,-2.34984e+09,1.03143e+08,-1.42702e+09,0.00112513,0.000160552,2.12139e-23
0,2.16839e+09,2.44962e+07,3.15289e+08,-3.98464e+09,-2.05476e+09,1.24897e+07,-5.74603e+08,0.00103778,0.000150896,-1.35005e-23
0,2.02389e+09,-1.93461e+07,3.1402e+08,-2.27384e+09,6.73104e+08,2.88077e+08,-9.42531e+08,0.000930834,0.000144425,-6.5549e-25
0,2.08917e+09,1.68135e+07,3.11774e+08,-2.23923e+09,-1.06478e+09,6.01691e+08,-7.67672e+08,0.000980862,0.000146378,-1.46246e-24
0,2.04433e+09,3.61027e+07,3.29187e+08,7.17686e+08,8.82541e+08,5.61538e+07,-6.36301e+08,0.000931027,0.000149918,1.61576e-26
0,2.07333e+09,1.6802e+07,3.15956e+08,7.87789e+09,1.86633e+09,7.38606e+08,-4.16797e+08,0.00098119,0.000149524,4.06111e-23
0,2.03835e+09,-2.04617e+07,3.0974e+08,-4.89569e+09,-1.97672e+09,-2.16516e+08,-1.1897e+09,0.00113902,0.000173082,-5.52975e-23
0,2.1451e+09,3.89611e+07,3.10381e+08,3.86462e+09,-9.53438e+08,-4.09558e+08,-9.69485e+08,0.00105332,0.000152408,8.82142e-24
0,2.13056e+09,-1.49775e+07,3.21987e+08,-3.16491e+09,-8.24117e+08,-5.16558e+08,-7.03055e+08,0.000961153,0.000145257,-9.68585e-25
0,1.82149e+09,8.05397e+07,3.09654e+08,5.39521e+09,1.85183e+09,-6.11632e+08,-1.09924e+09,0.00100618,0.000171052,1.56305e-23
0,1.89565e+09,-1.7205e+07,3.26676e+08,-5.4923e+09,-6.80368e+08,-6.00522e+08,-8.75623e+08,0.00099741,0.000171883,-1.66792e-23
0,2.02629e+09,6.41214e+07,2.983e+08,4.91457e+08,-1.22959e+09,2.45901e+08,-6.99676e+08,0.00107623,0.000158437,1.03161e-24
0,1.80033e+09,1.16512e+07,3.03168e+08,9.49633e+09,-1.19578e+09,-2.74644e+07,-8.88265e+08,0.000972118,0.000163701,1.52597e-22
0,2.02468e+09,4.08074e+07,3.06078e+08,8.77921e+09,-1.36153e+08,6.46197e+07,-1.04571e+09,0.000988946,0.000149503,7.73975e-23
0,1.98798e+09,-4.83478e+07,3.05695e+08,-8.22175e+09,-1.25214e+09,-3.01862e+08,-1.27334e+09,0.00109872,0.000168952,-1.43181e-22
0,1.76849e+09,3.6783e+06,2.83315e+08,1.65085e+09,-6.14643e+07,5.83061e+06,-1.62384e+09,0.00108292,0.000173484,9.23041e-26
0,2.164e+09,-1.98238e+07,3.10463e+08,-4.40842e+09,-1.37064e+09,-1.74343e+08,-7.85181e+08,0.000985622,0.000141404,-7.47154e-24
0,2.3251e+09,6.11531e+06,3.40565e+08,-1.32825e+09,9.80343e+07,4.49224e+07,3.11212e+07,0.000873909,0.000128004,2.93672e-27
0,2.02848e+09,4.08699e+07,3.29469e+08,4.8738e+09,5.73986e+08,4.20429e+08,-8.05328e+08,0.000977723,0.000158804,1.15276e-23
0,2.22122e+09,3.98154e+07,3.18649e+08,-3.8589e+09,4.34368e+08,1.42403e+08,1.13871e+08,0.000961965,0.000138,6.03314e-25
0,1.77118e+09,8.72269e+07,2.96913e+08,6.73517e+09,1.87562e+09,-1.09645e+09,-1.33879e+09,0.0010154,0.000170218,4.3541e-23
0,1.90914e+09,-3.49396e+07,2.73448e+08,-7.43488e+09,-1.00114e+09,-5.5203e+08,7.43774e+08,0.00102868,0.000147339,7.35161e-23
0,2.05422e+09,1.24635e+07,2.97705e+08,4.05849e+09,-2.50552e+09,3.29327e+08,-1.03508e+09,0.00110162,0.00015965,4.49573e-23
0,1.83498e+09,2.39907e+07,2.85604e+08,5.66126e+09,1.08002e+09,-2.8797e+08,-1.15129e+09,0.000966573,0.000150441,2.92458e-23
0,2.05867e+09,-4.27093e+07,3.18842e+08,-8.23993e+09,-3.12604e+08,-4.57645e+07,-8.42169e+08,0.000993281,0.000153837,-4.87224e-23
0,2.06983e+09,1.17167e+06,3.10633e+08,-7.84354e+08,-1.32207e+09,-7.59751e+08,-1.07818e+09,0.00105791,0.000158767,-2.14332e-24
0,1.80095e+09,2.23452e+07,2.76916e+08,2.03652e+09,-2.20715e+08,3.76266e+07,-1.62628e+09,0.0010915,0.000167829,1.78849e-24
0,1.95806e+09,-1.89874e+07,2.84012e+08,7.96041e+08,-3.69213e+08,7.36928e+08,-1.18111e+09,0.00101732,0.00014756,-4.06546e-25
0,2.09965e+09,3.38597e+07,2.96028e+08,3.66204e+09,-1.60286e+09,1.38459e+08,-1.06072e+09,0.00103707,0.000146215,1.20762e-23
0,2.12561e+09,-2.27053e+07,3.31435e+08,-5.41757e+09,-5.20039e+08,-3.83562e+08,-8.16668e+08,0.00100512,0.000156724,-1.04878e-23
0,1.80624e+09,-574509,3.00643e+08,1.00692e+10,-1.4808e+09,2.06172e+08,-6.25213e+08,0.000998321,0.000166168,1.33935e-22
0,1.85175e+09,-4.77331e+07,2.94463e+08,-5.04373e+09,-3.43673e+08,3.06887e+08,-1.58759e+09,0.00109456,0.000174055,-5.49884e-23
0,2.05619e+09,-1.65132e+07,2.94501e+08,1.61335e+08,-2.68528e+09,2.70845e+08,-1.06576e+09,0.00110574,0.000158372,7.19357e-24
0,1.98905e+09,-5.26979e+07,3.06441e+08,-1.19225e+10,-5.48092e+07,-1.68398e+08,-1.14079e+09,0.0010454,0.000161058,-3.06483e-22
0,1.90546e+09,5.80732e+07,2.99992e+08,-4.84539e+09,-8.90836e+08,7.41084e+07,-8.91134e+08,0.00108301,0.000170508,-2.82074e-23
0,2.03042e+09,6.71253e+07,3.13749e+08,-1.23666e+10,-1.25589e+09,-1.67619e+07,3.71581e+08,0.00092684,0.000143219,5.42654e-23
0,1.77765e+09,2.46582e+07,2.79009e+08,2.02566e+09,-1.45981e+07,-1.52487e+08,-1.68724e+09,0.00110571,0.000173545,1.51738e-24
0,1.96014e+09,-1.45335e+07,2.99294e+08,8.47753e+08,3.53651e+08,3.28799e+08,-7.91293e+08,0.00107899,0.000164751,7.7034e-26
0,1.94485e+09,7.16615e+07,3.07821e+08,-4.80574e+09,-1.99195e+09,3.22907e+07,-6.27903e+08,0.00101973,0.000161398,-2.90789e-23
0,1.93456e+09,-1.14332e+07,3.02593e+08,1.28125e+10,-2.15069e+09,6.75675e+08,-6.11853e+08,0.00109321,0.000170993,2.02074e-22
0,2.01864e+09,-4.57017e+07,3.24368e+08,-8.77344e+09,7.84071e+08,-2.26942e+08,-8.18866e+08,0.000928334,0.000149171,-4.89625e-23
0,2.03291e+09,-4.23921e+07,3.01915e+08,-8.09608e+09,-6.56951e+08,-4.77849e+08,-1.03153e+09,0.000998335,0.000148266,-5.50018e-23
0,1.94913e+09,6.31823e+07,2.90144e+08,8.10697e+09,-6.73671e+08,-1.04366e+09,-1.29544e+09,0.00109195,0.000162546,1.67214e-22
0,1.86156e+09,-4.74364e+07,3.0068e+08,-5.86294e+09,5.49859e+07,3.8341e+08,-1.46741e+09,0.00108612,0.00017543,-7.35244e-23
0,2.00395e+09,-5.50037e+07,2.92011e+08,-3.57654e+09,-2.72757e+09,7.79315e+07,-9.52389e+08,0.00110901,0.000161602,-5.41437e-23
0,1.85939e+09,4.03885e+07,3.02415e+08,-3.79842e+09,-1.81405e+09,8.35906e+07,-1.02836e+09,0.00103825,0.000168863,-3.01075e-23
0,1.87497e+09,-3.67479e+07,3.00503e+08,-1.11343e+10,9.28384e+08,-1.93641e+08,-1.25586e+09,0.00100232,0.000160643,-3.13881e-22
0,1.94953e+09,-318071,3.24088e+08,-2.26714e+09,5.21539e+08,1.05498e+08,-1.07425e+09,0.000981519,0.000163166,-1.32651e-24
0,1.99782e+09,3.33659e+07,3.00532e+08,8.45503e+09,-8.00817e+08,-7.84808e+07,-1.10937e+09,0.00100943,0.000151849,9.19559e-23
0,2.24292e+09,2.0012e+07,3.08495e+08,2.54966e+09,-4.62427e+08,-2.21514e+08,-3.06729e+08,0.000932092,0.000128201,3.66463e-25
0,1.87333e+09,-3.01395e+07,3.14035e+08,-3.47766e+09,2.46102e+09,2.0921e+07,-7.94887e+08,0.000915691,0.000153501,2.5872e-24
0,2.00071e+09,2.36126e+07,3.21514e+08,6.51192e+09,-6.94225e+08,-9.76777e+07,-4.64647e+08,0.000983725,0.000158085,1.65985e-23
0,2.0463e+09,3.37984e+07,2.89126e+08,4.85652e+09,-2.06057e+09,-8.68366e+08,-1.25025e+09,0.00110693,0.000156401,5.75245e-23
0,2.08289e+09,-2.81721e+07,3.15467e+08,-8.35627e+09,-1.28516e+09,-7.98069e+08,-8.97533e+08,0.00101787,0.000154163,-3.69955e-23
0,1.71697e+09,-1.78074e+07,2.92451e+08,-7.9556e+09,2.77056e+09,-6.10901e+08,-1.30258e+09,0.000957414,0.000163076,-1.91505e-22
0,1.82791e+09,5.32326e+07,3.09555e+08,4.10848e+09,1.18716e+09,-2.80338e+08,-1.38195e+09,0.00100833,0.000170759,1.62185e-23
0,1.8199e+09,1.40512e+07,3.10883e+08,-3.18001e+08,1.88238e+09,-1.34156e+08,-1.34198e+09,0.000960601,0.000164094,8.63651e-26
0,2.02395e+09,4.13247e+07,3.16145e+08,-2.92491e+09,-1.42313e+09,2.30852e+08,-7.04547e+08,0.00103155,0.000161131,-6.65396e-24
0,1.89049e+09,2.81116e+06,2.98472e+08,4.42485e+09,1.08985e+09,4.67336e+08,-1.16935e+09,0.00098163,0.00015498,2.02533e-23
0,2.10392e+09,2.84935e+06,3.15947e+08,4.01145e+09,-9.84981e+08,-2.45806e+08,-8.35909e+08,0.000995259,0.000149458,7.23443e-24
0,1.9303e+09,-2.86581e+07,2.96793e+08,-3.17381e+09,-4.42809e+08,4.00607e+08,-1.32498e+09,0.00105975,0.000162941,-7.69626e-24
0,1.78651e+09,1.77622e+07,2.67539e+08,2.60582e+09,-3.80567e+07,1.97727e+08,-1.69569e+09,0.00111641,0.000167189,6.35253e-24
0,2.01226e+09,-8.08122e+06,3.10245e+08,-1.58688e+09,-1.25858e+09,3.00317e+08,-1.16344e+09,0.00108492,0.000167271,-2.194e-24
0,2.12581e+09,1.54539e+07,2.92407e+08,4.73087e+08,-2.92659e+09,-7.0802e+08,-1.14501e+09,0.00112813,0.000155175,-1.10553e-23
0,1.85653e+09,-6.34987e+07,3.26565e+08,-5.30287e+09,-7.8246e+08,-6.25717e+08,-3.20767e+08,0.000918112,0.000161496,-4.57818e-25
0,1.97409e+09,-1.78408e+07,3.16356e+08,-8.38702e+09,-8.30963e+08,-3.89191e+08,-8.68786e+08,0.00098661,0.000158108,-5.69281e-23
0,1.87043e+09,5.33846e+06,2.89504e+08,5.76025e+09,-2.81817e+07,4.96354e+08,-1.15194e+09,0.00116547,0.000180391,7.68744e-23
0,1.89741e+09,-1.89796e+06,2.7194e+08,1.01301e+10,-2.20533e+09,8.45469e+07,-8.50317e+08,0.00107341,0.000153842,2.70573e-22
0,1.90233e+09,7.80476e+06,3.09051e+08,-4.20579e+09,-1.77921e+09,-2.739e+08,-1.02956e+09,0.00103559,0.000168242,-2.7095e-23
0,2.04919e+09,-1.3118e+06,2.61928e+08,3.12984e+09,1.708e+09,1.50345e+08,6.08137e+08,0.00111914,0.000143049,-1.1952e-23
0,2.06534e+09,5.49049e+06,2.93796e+08,6.01071e+09,8.44954e+07,-8.25784e+07,-6.58896e+08,0.00115282,0.00016399,3.04789e-23
0,1.82542e+09,3.22793e+07,3.08196e+08,2.72698e+09,2.283e+09,-3.45429e+08,-1.26375e+09,0.000968313,0.000163486,-5.0035e-25
0,2.06639e+09,1.44259e+07,3.25385e+08,4.44125e+09,9.14609e+07,6.80915e+07,-8.58663e+08,0.000968081,0.00015244,6.57311e-24
0,2.05315e+09,1.93484e+07,3.13717e+08,-1.62807e+08,-1.99029e+09,-5.94176e+08,1.72597e+08,0.000898346,0.000137266,-7.71325e-25
0,1.72368e+09,-8.21859e+07,2.85319e+08,-1.56093e+09,4.76909e+08,9.19558e+08,-9.99346e+08,0.00102515,0.000169691,-1.14142e-25
0,2.14741e+09,-1.0104e+07,3.14425e+08,2.14802e+09,-1.19239e+09,-1.61563e+08,-8.05777e+08,0.00099362,0.000145487,1.81318e-24
0,1.69803e+09,-4.3814e+06,2.87398e+08,-1.99798e+09,2.29687e+09,-3.30346e+08,-1.6485e+09,0.00102448,0.000173397,-5.78517e-24
0,1.97337e+09,-1.50179e+07,2.9513e+08,2.79314e+09,-2.59155e+08,1.48914e+08,-1.04253e+09,0.00105977,0.000158496,3.4361e-24
0,1.86602e+09,-3.72501e+07,2.98185e+08,-3.48884e+09,5.0288e+08,4.28705e+08,-1.32856e+09,0.00104258,0.000166602,-9.34395e-24
0,1.79677e+09,1.74742e+07,2.75773e+08,2.11048e+09,-2.42743e+08,1.62875e+08,-1.75103e+09,0.00113576,0.000174319,2.17671e-24
0,2.24749e+09,3.23843e+07,3.15125e+08,7.21934e+09,1.0579e+09,-1.31398e+08,-1.8774e+08,0.000956823,0.000134158,2.08909e-24
0,1.90611e+09,-9.83411e+06,3.01283e+08,-2.75534e+09,-2.04371e+08,1.73221e+08,-1.38647e+09,0.00106238,0.000167922,-4.79646e-24
0,2.13635e+09,3.28235e+07,3.26014e+08,8.49e+09,-5.81449e+08,2.71411e+08,-8.12811e+08,0.000971398,0.000148238,3.62459e-23
0,2.09112e+09,-9.30299e+06,2.92547e+08,3.11471e+08,-4.85895e+07,-1.69991e+08,-7.08309e+08,0.00116313,0.000162722,-2.41744e-26
0,1.9833e+09,1.32078e+07,3.05643e+08,6.08204e+09,-2.1742e+08,4.02303e+08,-1.03911e+09,0.000987549,0.00015219,2.62206e-23
0,2.19789e+09,-1.62425e+07,3.17791e+08,-1.75753e+08,-1.31893e+09,-1.02912e+08,-7.1017e+08,0.000998047,0.000144307,-2.34638e-25
0,1.81562e+09,-3.14876e+07,3.05433e+08,-7.34275e+08,1.27542e+09,3.59857e+08,-1.43107e+09,0.000996046,0.00016756,-1.21631e-26
0,1.9032e+09,-3.42007e+07,2.69643e+08,9.80149e+08,1.24883e+08,4.7761e+08,-1.34878e+09,0.00116887,0.000165604,-7.56114e-25
0,1.98995e+09,-1.32377e+07,3.04293e+08,5.51219e+09,-8.16944e+08,2.2697e+08,-1.07134e+09,0.00101407,0.000155067,2.38108e-23
0,2.31593e+09,9.26592e+06,3.28452e+08,2.37428e+09,-1.01246e+09,-4.84519e+07,-2.86761e+08,0.000924596,0.000131129,4.60348e-25
0,2.0517e+09,-1.03678e+07,3.06256e+08,9.38627e+08,-9.31133e+08,-2.71251e+08,-9.09833e+08,0.00107646,0.000160682,2.22562e-25
0,1.93749e+09,3.45076e+07,2.96901e+08,2.09796e+09,-8.04906e+08,4.42663e+08,-1.34371e+09,0.00109721,0.000168136,2.59298e-24
0,2.02677e+09,2.97211e+07,3.00124e+08,5.7761e+09,-1.11198e+09,-4.51493e+08,-1.29113e+09,0.00107946,0.000159846,5.30736e-23
0,2.17129e+09,1.58357e+06,3.05401e+08,4.74372e+09,-6.50698e+08,-2.55319e+08,-6.0895e+07,0.000960854,0.000135148,1.3043e-24
0,2.26762e+09,1.89597e+07,3.04418e+08,3.69079e+09,-1.31092e+09,-2.01734e+08,-3.18771e+08,0.000955059,0.000128213,2.43925e-24
0,1.76106e+09,-6.3768e+06,2.93382e+08,-1.86985e+09,1.6646e+09,-3.10255e+08,-1.45473e+09,0.00103086,0.000171735,-4.27191e-24
0,2.09723e+09,1.42835e+07,3.12161e+08,5.87862e+09,-1.15877e+09,5.02266e+08,-9.04678e+08,0.00102227,0.000152159,1.66469e-23
0,2.14436e+09,-1.38913e+07,3.32449e+08,-4.24108e+09,-6.0388e+08,-3.17293e+08,-7.46429e+08,0.00098901,0.00015333,-4.05773e-24
0,2.03753e+09,-2.38433e+07,2.95343e+08,-1.09812e+10,-2.87028e+09,-6.45962e+08,-9.98193e+08,0.00111017,0.00016092,-2.72389e-22
0,1.89409e+09,4.35401e+07,2.42486e+08,-4.99751e+09,3.14609e+08,1.19529e+08,1.07342e+09,0.00110963,0.000142057,3.64186e-23
0,1.84103e+09,-5.70281e+07,3.00361e+08,3.0642e+08,1.06754e+09,4.95897e+08,-7.69117e+08,0.00106688,0.00017406,1.20859e-25
0,1.88968e+09,3.42133e+07,2.83408e+08,6.00782e+08,-2.55537e+08,5.68375e+06,-1.45929e+09,0.00110331,0.00016547,-3.6574e-25
0,1.98595e+09,-1.29187e+07,2.56839e+08,-1.44833e+10,-4.83085e+08,-7.44591e+08,4.39349e+08,0.0011765,0.000152155,4.59403e-22
0,1.9579e+09,-2.6105e+07,2.7042e+08,-1.9367e+09,-2.2619e+09,-5.43971e+08,4.2639e+08,0.000991522,0.000136946,-2.63726e-24
0,1.69061e+09,4.74758e+06,2.5031e+08,1.11918e+09,5.97399e+08,1.14251e+08,-1.85781e+09,0.00111854,0.000165611,-1.48273e-24
0,2.07074e+09,3.113e+07,3.09647e+08,4.80955e+09,-5.75533e+08,-5.20418e+08,-1.06549e+09,0.00102789,0.000153706,1.56592e-23
0,2.13141e+09,-1.53936e+07,3.34637e+08,-5.64194e+09,-7.81216e+08,-4.96983e+08,-6.09144e+08,0.000982267,0.000154218,-6.27416e-24
0,2.08921e+09,563427,3.20428e+08,3.77553e+09,-1.52773e+09,6.93349e+08,-6.29619e+08,0.001055,0.000161807,3.15106e-24
0,1.84398e+09,2.1035e+07,2.88541e+08,-1.17437e+09,1.27783e+09,-4.36217e+08,-1.39868e+09,0.00102988,0.000161153,-1.16099e-24
0,1.88294e+09,-3.10857e+06,2.99606e+08,1.51388e+09,1.06817e+09,-2.58451e+08,-1.21571e+09,0.00104969,0.000167023,5.37001e-25
0,2.05763e+09,-2.1173e+07,3.23351e+08,4.18843e+09,1.23468e+09,6.79171e+08,-7.00981e+08,0.000930012,0.000146149,7.70438e-24
0,2.17241e+09,5.44369e+07,3.21157e+08,-8.77481e+09,-7.52345e+08,2.12947e+08,3.6799e+08,0.000908594,0.000134322,1.07814e-23
0,2.18441e+09,1.01824e+07,3.3252e+08,5.29313e+08,-8.18885e+08,1.63373e+08,-6.54325e+08,0.000989693,0.000150655,1.42946e-25
0,2.18583e+09,1.828e+07,3.21138e+08,1.12872e+09,-1.35921e+09,-3.94952e+08,-8.8267e+06,0.000912735,0.000134097,1.82101e-25
0,1.78657e+09,-4.8621e+07,2.99197e+08,1.4864e+09,2.07272e+09,5.45305e+08,-9.11215e+08,0.00105222,0.000176214,2.18427e-25
0,1.92723e+09,-3.49653e+07,2.94718e+08,-1.27533e+10,-2.20764e+09,-1.81847e+08,-9.86032e+08,0.00107748,0.000164771,-5.02723e-22
0,1.97686e+09,-1.69157e+07,2.81908e+08,-6.32032e+08,-3.05462e+07,-1.05972e+08,-1.29382e+09,0.00104513,0.000149039,1.74917e-25
0,2.04273e+09,-5.25565e+07,3.21658e+08,-6.52531e+09,4.92662e+08,-2.45382e+08,-8.91864e+08,0.000976954,0.000153836,-2.61566e-23
0,2.12188e+09,-2.03483e+06,3.16258e+08,-4.62351e+09,-9.17183e+08,2.96652e+08,-7.71925e+08,0.000981936,0.000146354,-8.68963e-24
0,2.09443e+09,-1.90702e+07,2.99885e+08,6.87582e+09,-3.21889e+08,6.35582e+08,-9.18886e+08,0.00100537,0.000143951,2.58914e-23
0,1.79763e+09,1.93754e+07,2.82062e+08,-6.57387e+08,2.90152e+08,3.9058e+07,-1.55722e+09,0.00110612,0.000173559,6.26812e-25
0,1.75284e+09,4.27306e+07,3.02357e+08,9.40584e+09,-1.60076e+08,2.17276e+08,1.1494e+08,0.00101785,0.000175576,-2.77694e-23
0,2.03693e+09,-4.41822e+07,3.07224e+08,-5.25894e+09,-4.58891e+08,-5.04592e+08,-9.10172e+08,0.00103772,0.000156517,-1.46595e-23
0,2.15772e+09,-5.4963e+06,3.32324e+08,4.24115e+09,3.71328e+08,5.55497e+08,-5.09518e+08,0.000948395,0.000146068,3.33466e-24
0,1.9938e+09,3.72093e+07,3.02908e+08,5.28531e+09,3.53677e+08,-3.39522e+08,-8.99691e+08,0.000959915,0.000145835,1.24187e-23
0,1.76762e+09,1.4381e+07,2.35227e+08,6.1087e+09,1.70415e+09,4.82447e+06,-1.13464e+09,0.00119137,0.000158542,1.39396e-22
0,2.28127e+09,3.64619e+07,3.17845e+08,2.02629e+09,-3.84429e+08,6.22748e+07,-1.95759e+08,0.000930438,0.000129636,7.79087e-26
0,1.98745e+09,1.33815e+07,3.10281e+08,6.35191e+08,-1.60402e+08,-4.7379e+08,-1.01442e+09,0.00106337,0.000166014,-1.53467e-25
0,1.8234e+09,-4.80232e+07,3.02646e+08,2.17004e+09,2.48066e+09,6.17373e+08,-7.4406e+08,0.00105471,0.00017506,-2.61329e-24
0,2.13558e+09,-2.81848e+07,3.03973e+08,-6.365e+09,-2.04606e+09,-3.82867e+08,-1.09885e+09,0.001077,0.000153297,-5.02127e-23
0,1.91795e+09,-1.24015e+07,3.22119e+08,7.64853e+08,1.90747e+08,8.26498e+07,-1.20901e+09,0.00101388,0.00017028,-1.2479e-25
0,1.79872e+09,2.53216e+07,2.8821e+08,6.28541e+09,5.23729e+08,-6.2177e+08,-1.0761e+09,0.000953306,0.000152749,3.75964e-23
0,1.91539e+09,7.83409e+06,3.06402e+08,-4.79846e+09,-9.91943e+08,-4.60651e+07,-8.98335e+08,0.00102237,0.000163547,-1.99493e-23
0,2.2815e+09,-2.46663e+07,3.18568e+08,-2.06259e+09,-6.18061e+08,4.03249e+08,-1.91926e+08,0.000907399,0.000126701,-1.79021e-25
0,2.14752e+09,2.01479e+07,3.35441e+08,2.76425e+09,-1.70091e+08,3.69593e+08,-6.2581e+08,0.000957105,0.000149499,7.18354e-25
0,1.5888e+09,5.81258e+07,2.8794e+08,7.62378e+09,3.43277e+08,1.76867e+08,-4.34763e+07,0.00103014,0.000186693,1.36586e-23
0,2.0439e+09,-4.79186e+06,3.37269e+08,-7.05073e+09,-1.51518e+07,-2.40184e+08,-5.31746e+08,0.00095415,0.000157447,-1.63255e-23
0,2.07331e+09,1.05186e+07,3.16786e+08,-2.67174e+09,-1.09816e+08,-3.4344e+08,-9.60696e+08,0.000986299,0.000150699,-1.38066e-24
0,2.02362e+09,7.66928e+07,3.04248e+08,1.1511e+10,5.66624e+08,-3.38092e+08,-8.12218e+08,0.000950172,0.000142856,1.06137e-22
0,2.13865e+09,2.55875e+06,2.80004e+08,-3.82409e+09,1.25761e+08,2.026e+07,3.06824e+08,0.00106114,0.00013893,2.07211e-24
0,2.01924e+09,-3.02663e+07,3.36415e+08,-4.82649e+09,1.09527e+08,-2.47126e+08,-5.06374e+08,0.000916711,0.000152729,-4.47388e-24
0,1.94125e+09,5.16139e+07,3.07496e+08,2.27639e+09,5.88808e+08,-1.7589e+08,-1.3585e+09,0.00103135,0.000163367,1.8871e-24
0,2.12293e+09,-3.04905e+07,3.36862e+08,-8.8579e+09,1.22011e+08,-6.04795e+08,-5.29252e+08,0.000930438,0.00014764,-2.46531e-23
0,1.98713e+09,-2.09652e+07,2.99522e+08,4.49843e+07,1.81113e+08,-2.71757e+08,-1.13776e+09,0.00102896,0.000155096,1.49237e-26
0,2.05398e+09,-248754,3.42602e+08,-9.83325e+07,1.22286e+07,-8.29039e+06,-4.04009e+08,0.000963511,0.000160713,5.57386e-28
0,2.08833e+09,-1.10724e+07,3.03443e+08,-4.99052e+09,-1.67614e+09,-6.82313e+08,-1.17812e+09,0.0010489,0.00015241,-1.83354e-23
0,1.93005e+09,2.7266e+07,3.08245e+08,1.17821e+10,5.03291e+07,5.46283e+07,2.93251e+08,0.00104159,0.000166351,-8.75555e-23
0,1.7601e+09,-9.41405e+06,2.72425e+08,2.56514e+09,9.15346e+08,3.37044e+08,-1.70174e+09,0.00109602,0.00016964,1.07577e-23
0,2.26844e+09,2.42795e+07,3.17462e+08,3.01168e+09,-5.05967e+08,-3.11745e+08,-3.01195e+08,0.000924496,0.00012938,5.62924e-25
0,1.99884e+09,1.20346e+07,2.8207e+08,6.60154e+09,1.52457e+09,-2.4162e+08,-7.41231e+08,0.000953504,0.000134555,1.51211e-23
0,1.75783e+09,-1.64178e+07,2.51018e+08,-1.77224e+09,-2.53214e+08,2.15723e+08,-1.80773e+09,0.00112893,0.000161211,1.93743e-25
0,1.94524e+09,3.96387e+06,3.29912e+08,-5.62993e+09,9.09387e+08,-4.04804e+08,-7.64333e+08,0.000933325,0.000158291,-1.7704e-23
0,2.15858e+09,450344,3.20342e+08,-4.25616e+09,-2.04643e+09,-4.23195e+08,-6.97661e+08,0.00103211,0.000153169,-1.23533e-23
0,1.91844e+09,-1.44195e+07,2.95796e+08,-1.17798e+08,2.50507e+08,5.93705e+08,-1.3851e+09,0.00102619,0.000158223,-1.04531e-25
0,1.7369e+09,4.64506e+07,2.85675e+08,1.16065e+10,1.67589e+09,-2.8189e+08,-3.45567e+08,0.0010916,0.000179539,1.11447e-22
0,1.99474e+09,-3.16359e+07,3.00445e+08,-3.3754e+09,-2.05977e+08,-1.10251e+08,-1.00472e+09,0.00105895,0.000159497,-5.87799e-24
0,2.04352e+09,-4.81394e+07,3.06616e+08,-8.55445e+09,-5.52213e+08,-4.82236e+08,-1.03169e+09,0.00100121,0.000150224,-6.52442e-23
0,1.91184e+09,7.86592e+06,3.2944e+08,-2.87933e+09,1.15876e+09,-5.86619e+08,-7.1325e+08,0.000921799,0.000158841,-3.85419e-24
0,1.79876e+09,4.53711e+07,2.89959e+08,-6.58575e+09,-4.60516e+08,-7.7719e+08,-1.06467e+09,0.00107813,0.000173794,-7.19398e-23
0,1.97213e+09,-4.87535e+07,3.03162e+08,-4.89714e+09,5.39663e+08,-2.02145e+08,-9.25969e+08,0.00104119,0.000160056,-1.8897e-23
0,2.09392e+09,6.97341e+07,2.87498e+08,6.98082e+09,-5.12978e+08,-5.21933e+08,-8.40075e+08,0.000986852,0.000135496,2.93573e-23
0,2.09099e+09,5.51574e+07,3.01875e+08,1.2581e+10,8.43443e+08,3.98941e+08,-4.20961e+08,0.00106044,0.000153095,1.34308e-22
0,1.8368e+09,-2.82512e+07,3.17936e+08,2.93701e+09,-9.38894e+08,5.07231e+08,-9.6169e+08,0.0010242,0.000177281,4.28299e-24
0,1.87713e+09,-3.26606e+07,3.04147e+08,-1.15065e+10,2.837e+08,-1.17566e+08,-1.06881e+09,0.000969597,0.000157102,-2.39682e-22
0,2.06356e+09,-1.14552e+07,3.10715e+08,-7.52985e+09,-6.58458e+08,2.14965e+08,-9.82401e+08,0.00100075,0.000150685,-4.79384e-23
0,1.92801e+09,-1.33963e+07,3.18793e+08,-8.39908e+09,1.3178e+08,-1.24311e+08,-4.42841e+08,0.000955057,0.000157917,-3.16406e-23
0,2.17778e+09,-5.30563e+06,3.22757e+08,-7.49133e+09,-1.70779e+09,-7.18971e+08,-7.20695e+08,0.00103127,0.000152839,-1.77692e-23
0,2.04382e+09,5.76594e+06,3.27623e+08,-8.83743e+09,-1.60322e+09,-8.37126e+08,-2.02234e+08,0.00102271,0.00016394,1.77688e-23
0,2.22855e+09,1.2579e+07,3.14134e+08,-5.58934e+09,-5.4459e+08,-5.51821e+07,1.11959e+08,0.000945166,0.00013323,1.16054e-24
0,2.10774e+09,-2.24034e+07,2.86052e+08,-1.32562e+09,2.86364e+08,5.13991e+08,-3.97479e+08,0.00092977,0.000126184,-2.10422e-26
0,1.98127e+09,-2.08487e+07,3.10567e+08,-8.13635e+09,1.68123e+08,1.30631e+08,-1.00903e+09,0.000986835,0.000154688,-6.51313e-23
0,1.7594e+09,-9.70185e+06,2.73283e+08,1.07621e+10,-1.84261e+09,6.78974e+08,-8.23802e+08,0.00107863,0.000167541,2.66201e-22
0,2.13602e+09,2.84606e+06,3.0592e+08,-2.1971e+08,-1.92195e+09,2.8467e+08,-8.49467e+08,0.00103477,0.000148199,8.05083e-25
0,2.08928e+09,-4.95433e+07,3.24655e+08,-6.98833e+09,4.57743e+08,-1.60351e+08,-7.78131e+08,0.000969283,0.000150618,-2.36544e-23
0,1.81256e+09,1.18668e+07,2.93585e+08,2.75328e+09,-5.27883e+08,-1.23155e+08,-1.70907e+09,0.00111753,0.000181009,9.56318e-24
0,1.94991e+09,3.48836e+07,3.22309e+08,1.93429e+09,8.00558e+08,-3.32319e+08,-9.36376e+08,0.000974186,0.000161027,5.1312e-25
0,1.83404e+09,5.554e+07,2.69108e+08,-5.48377e+09,-2.85537e+09,8.20996e+08,7.87508e+08,0.000952479,0.000139757,-2.31506e-23
0,1.84406e+09,3.06846e+07,2.95826e+08,4.50863e+09,5.00575e+08,-4.67044e+08,-1.53693e+09,0.00105014,0.000168464,2.72251e-23
0,2.12157e+09,2.89183e+07,2.92706e+08,3.65693e+09,-1.87607e+09,-2.61795e+07,-1.00966e+09,0.00104447,0.000144103,1.5455e-23
0,1.9534e+09,-5.67698e+06,3.27341e+08,-9.03472e+09,-1.69918e+09,-3.60741e+08,-5.81974e+07,0.000993297,0.000166452,2.82048e-24
0,1.7984e+09,2.51622e+07,3.02063e+08,-1.20959e+09,-5.73023e+08,-9.627e+07,-9.55071e+08,0.000967882,0.000162567,-4.15414e-25
0,2.10227e+09,1.33516e+06,2.981e+08,-3.38395e+09,-4.3601e+08,-1.92042e+08,5.64902e+08,0.00113814,0.000161387,4.61331e-24
0,2.04775e+09,-2.52744e+07,2.83675e+08,-3.92364e+09,4.22045e+08,-2.37466e+08,2.16639e+08,0.000966613,0.000133905,8.30299e-25
0,1.84601e+09,-5.40701e+07,2.70272e+08,-3.79891e+09,-4.94374e+08,1.67146e+08,-1.68638e+09,0.00111846,0.000163752,-2.65904e-23
0,1.92247e+09,1.02466e+07,3.04791e+08,1.2835e+09,-1.72806e+09,-1.31558e+08,-1.47399e+09,0.00114601,0.000181691,6.93191e-24
0,2.03972e+09,8.26939e+06,3.24623e+08,4.3322e+09,2.00164e+08,2.71959e+06,-8.89798e+08,0.000954437,0.0001519,6.25598e-24
0,1.95176e+09,1.32414e+07,2.962e+08,1.15217e+10,5.13409e+08,4.80552e+08,-1.18423e+09,0.00101456,0.00015397,2.87899e-22
0,1.91248e+09,-3.11566e+07,3.16516e+08,2.93607e+09,-1.69609e+09,5.70941e+08,-8.55209e+08,0.00103722,0.00017166,9.48486e-24
0,1.7557e+09,-7.77896e+07,2.63627e+08,-8.77606e+08,-2.01058e+09,-5.7175e+08,8.17049e+08,0.00127924,0.000192084,-3.42798e-24
0,1.76049e+09,2.24811e+07,3.04537e+08,5.65734e+09,1.7112e+09,7.75268e+07,-1.21352e+09,0.0010567,0.000182792,7.04598e-23
0,1.80624e+09,-1.48817e+07,3.2401e+08,-7.45032e+09,-1.49994e+09,8.1551e+07,3.65808e+07,0.000962464,0.00017265,-9.0145e-24
0,1.98059e+09,3.49817e+07,3.01815e+08,4.44233e+09,1.3784e+08,-4.25933e+08,-1.03762e+09,0.000977803,0.000149004,9.52495e-24
0,1.90068e+09,5.60849e+07,3.13253e+08,-3.84681e+09,-3.44391e+08,-2.16111e+07,-7.85821e+08,0.00104717,0.000172585,-8.9232e-24
0,2.11928e+09,-3.1123e+07,3.34769e+08,-8.47057e+09,2.88614e+08,-4.81359e+08,-5.16491e+08,0.000937896,0.000148154,-2.3335e-23
0,1.92239e+09,5.00343e+07,3.15259e+08,5.50618e+09,8.51998e+08,-5.42069e+08,-9.77304e+08,0.000989052,0.000162198,1.79323e-23
0,1.92211e+09,1.03964e+07,3.0789e+08,-1.29729e+09,-1.61389e+09,1.5752e+07,-1.40093e+09,0.00115475,0.000184972,-7.52259e-24
0,1.89358e+09,-1.88007e+06,2.96187e+08,1.13863e+09,-1.79153e+09,8.33745e+08,-9.24616e+08,0.00112456,0.0001759,1.06545e-23
0,2.15605e+09,-9.3067e+06,3.1235e+08,8.80993e+08,-3.75148e+08,1.46331e+08,3.57398e+08,0.000912404,0.000132181,-2.14637e-26
0,1.64245e+09,-1.71792e+07,3.17956e+08,-4.24716e+09,-1.02306e+09,1.5427e+08,1.1672e+08,0.00093374,0.000180759,-1.4682e-24
0,1.88172e+09,-2.02503e+07,3.03074e+08,-3.35956e+09,-4.42405e+08,-8.11943e+07,-1.16936e+09,0.00100718,0.000162218,-7.16602e-24
0,2.02922e+09,-3.70237e+07,3.34721e+08,-7.33221e+09,6.506e+08,-5.47544e+08,-5.85298e+08,0.000904431,0.000149186,-2.0611e-23
0,1.95197e+09,2.53664e+07,3.0417e+08,1.83396e+09,-1.19358e+09,-3.43179e+08,-1.37044e+09,0.0010865,0.000169305,3.11742e-24
0,1.85227e+09,-3.17727e+07,2.93444e+08,-4.45501e+09,3.67065e+08,2.78235e+08,-1.01586e+09,0.000993483,0.000157391,-1.42607e-23
0,2.30093e+09,2.60338e+07,3.22605e+08,5.3789e+09,-1.22913e+09,-2.27289e+08,-3.92638e+08,0.000942093,0.000132087,5.06513e-24
0,1.95785e+09,6.06896e+07,2.98677e+08,1.03487e+10,7.29864e+08,-5.3023e+08,-1.04572e+09,0.000969725,0.000147935,1.235e-22
0,2.07133e+09,-4.42637e+07,3.02343e+08,-6.35885e+09,-1.18727e+09,5.54456e+07,-1.02443e+09,0.00104397,0.000152384,-4.06178e-23
0,1.81798e+09,6.9023e+06,2.97178e+08,-3.22534e+09,-6.93367e+08,-6.74381e+07,-1.70882e+09,0.0011325,0.000185126,-1.89698e-23
0,2.03268e+09,1.95412e+07,3.06052e+08,-6.39728e+09,-2.13142e+09,-1.5868e+08,-7.88747e+08,0.00106712,0.000160672,-5.75309e-23
0,2.04371e+09,1.13624e+07,3.06059e+08,5.50951e+09,2.78433e+08,1.55211e+08,-9.31809e+08,0.000956733,0.000143277,1.4035e-23
0,2.00932e+09,4.46703e+07,3.08643e+08,5.59667e+09,-1.28842e+08,-6.78378e+08,-9.98591e+08,0.00101701,0.000156219,2.24164e-23
0,1.80343e+09,5.17899e+07,2.70823e+08,-6.81433e+09,-2.62761e+09,-3.71506e+08,-1.30179e+09,0.00115683,0.000173724,-3.11954e-22
0,1.98208e+09,-2.17703e+07,3.3672e+08,-5.03489e+09,8.85672e+08,-2.27592e+08,-5.06164e+08,0.000884769,0.000150306,-5.61498e-24
0,2.11916e+09,1.65993e+07,3.32695e+08,2.79172e+09,-5.52e+08,4.42814e+08,-6.90224e+08,0.000985233,0.000154676,7.82528e-25
0,2.25773e+09,6.30167e+06,3.18335e+08,1.96738e+09,-2.38975e+09,-4.69629e+07,-8.57018e+08,0.0010968,0.000154646,9.25963e-24
0,1.72947e+09,-1.65419e+06,3.03511e+08,3.54343e+09,1.75129e+09,-9.89757e+07,-1.21377e+09,0.00104533,0.000183448,1.38843e-23
0,2.10556e+09,2.89926e+07,3.06201e+08,3.52463e+09,-1.16732e+09,-5.28233e+08,-9.88357e+08,0.00103657,0.000150743,8.17936e-24
0,2.16814e+09,-9.08182e+06,2.82961e+08,2.21038e+09,-1.59552e+09,3.93121e+07,-2.82509e+08,0.000971441,0.000126782,1.83706e-24
0,1.98017e+09,-6.9831e+07,3.0274e+08,-1.14611e+10,-2.13009e+08,-3.54294e+08,-1.19287e+09,0.00102814,0.000157188,-2.62954e-22
0,2.02025e+09,5.54444e+07,3.17024e+08,7.86756e+09,2.69301e+08,2.67161e+07,-8.10289e+08,0.00093824,0.000147232,3.39471e-23
0,2.14373e+09,1.9266e+07,3.37741e+08,5.55686e+09,1.13223e+08,3.39475e+08,-4.70547e+08,0.000909732,0.000143326,4.58579e-24
0,1.8294e+09,1.53656e+07,2.94101e+08,-8.97e+09,-1.60658e+09,1.66708e+08,-8.71443e+08,0.00102151,0.000164221,-1.76881e-22
0,2.19433e+09,3.44918e+06,3.24147e+08,-7.67963e+09,7.96175e+08,2.43446e+08,1.09099e+08,0.000904172,0.000133564,4.28936e-24
0,1.82495e+09,-4.04557e+07,2.90982e+08,-3.61589e+09,1.02427e+09,3.14801e+08,-1.44477e+09,0.00101215,0.000161384,-1.13849e-23
0,1.78809e+09,1.42461e+07,3.17619e+08,-2.64525e+09,2.23531e+08,-6.42176e+08,-1.13189e+09,0.000981245,0.000174299,-3.48362e-24
0,2.17593e+09,-2.43168e+07,3.23318e+08,-3.40508e+09,-6.05553e+08,5.31913e+07,-7.79757e+08,0.00100013,0.000148607,-2.82945e-24
0,1.88376e+09,-3.57086e+07,2.89077e+08,8.56683e+09,-2.47467e+09,-2.21982e+08,-7.31755e+08,0.00101697,0.000156062,1.70307e-22
0,2.12612e+09,1.20568e+07,3.08965e+08,9.51008e+08,-1.52049e+09,-5.43573e+08,-9.40666e+08,0.00104483,0.000151834,-2.51095e-25
0,2.09264e+09,-1.25536e+07,3.08165e+08,5.15986e+09,-4.30252e+08,5.29849e+08,-7.96416e+08,0.000987297,0.00014539,7.95688e-24
0,2.04279e+09,-4.38279e+07,3.10294e+08,-1.05277e+10,4.05263e+08,-7.52445e+07,-8.04055e+08,0.000989198,0.000150256,-1.00709e-22
0,2.03521e+09,-1.45013e+07,3.09291e+08,-4.97374e+09,-1.87337e+09,-1.6745e+08,-1.22284e+09,0.00110089,0.000167302,-4.71285e-23
0,1.99764e+09,-3.64838e+06,2.96845e+08,1.06139e+10,7.18571e+08,3.96783e+08,-8.65407e+08,0.0010049,0.000149326,1.46053e-22
0,2.05693e+09,2.7435e+07,3.17199e+08,5.38131e+09,-8.82322e+08,4.77859e+08,-8.56352e+08,0.0010229,0.000157741,1.28079e-23
0,1.85559e+09,-3.28865e+07,3.15181e+08,-6.00974e+09,5.48195e+08,5.18751e+07,-9.8696e+08,0.000980201,0.000166492,-3.43445e-23
0,2.0309e+09,-8.01943e+06,3.12385e+08,-3.75215e+08,-9.10963e+08,3.15959e+08,-9.81429e+08,0.0010164,0.000156338,2.4569e-25
0,2.17463e+09,3.98525e+07,3.06214e+08,-5.98328e+09,-2.72096e+08,3.63134e+08,3.69918e+08,0.00095314,0.000134213,4.46335e-24
0,1.82051e+09,-2.31212e+07,2.46955e+08,-2.29914e+09,3.08081e+08,2.1511e+08,-1.58433e+09,0.00107766,0.000146187,-2.90764e-24
0,1.97177e+09,2.65477e+07,3.14015e+08,6.2789e+09,5.44251e+08,1.44086e+08,-1.02745e+09,0.000956239,0.000152286,2.79501e-23
0,2.19003e+09,-285243,2.89941e+08,-3.9736e+09,8.24075e+08,-2.83223e+08,3.99234e+08,0.00101799,0.000134773,1.7738e-24
0,1.80027e+09,-3.19711e+07,2.89355e+08,5.8033e+09,5.37287e+08,2.16414e+08,-7.673e+08,0.00100629,0.00016174,3.52238e-23
0,2.01811e+09,5.88897e+07,2.92198e+08,-1.46822e+10,-2.8148e+08,-1.5197e+08,2.72204e+08,0.00105343,0.000152524,1.37881e-22
0,2.11982e+09,3.07125e+06,3.14845e+08,4.06608e+09,-9.97295e+08,4.34193e+08,-7.69661e+08,0.0010038,0.000149089,4.10868e-24
0,1.90874e+09,-1.07877e+07,2.74141e+08,1.46015e+09,-8.24248e+08,7.95486e+08,-1.42231e+09,0.00106956,0.000153616,1.41377e-25
0,1.96999e+09,-8.189e+06,3.05453e+08,-7.9349e+09,-8.13453e+08,1.04517e+08,-1.24135e+09,0.00104639,0.000162246,-1.09479e-22
0,2.14735e+09,2.4382e+07,3.01658e+08,5.12951e+09,-2.45781e+09,1.3047e+08,-1.03984e+09,0.00107882,0.000151551,4.71676e-23
0,2.07875e+09,6.13772e+07,2.9737e+08,5.36015e+09,1.40922e+08,-4.55855e+08,-7.43956e+08,0.000948846,0.000135734,8.37416e-24
0,1.9896e+09,-3.30366e+07,3.13231e+08,-9.98113e+09,3.24269e+08,-1.36733e+08,-8.19508e+08,0.00096192,0.000151439,-8.71089e-23
0,1.99382e+09,-3.89834e+07,3.05296e+08,-7.49552e+09,-1.26251e+09,-2.28344e+08,-1.29668e+09,0.00107042,0.000163904,-9.97045e-23
0,2.15318e+09,-2.29812e+07,3.34078e+08,-7.64149e+09,-5.18722e+08,-5.61918e+08,-5.93252e+08,0.000974581,0.000151211,-1.57021e-23
0,1.93122e+09,-4.23354e+07,3.1397e+08,-4.47424e+09,1.08587e+09,3.63613e+08,-1.04672e+09,0.000978018,0.000159002,-9.58815e-24
0,2.09991e+09,1.93128e+07,3.15787e+08,3.32227e+09,-1.4045e+09,3.92383e+08,-9.06813e+08,0.00104237,0.000156752,6.2119e-24
0,2.00929e+09,-1.21205e+07,3.24309e+08,-2.80783e+09,-2.37328e+08,1.02675e+08,-9.81563e+08,0.000982282,0.000158545,-2.22887e-24
0,1.73946e+09,-4.45526e+07,2.52471e+08,-3.10763e+09,3.7535e+08,4.37816e+08,-1.53234e+09,0.00106013,0.000153871,-1.0479e-23
0,1.95153e+09,1.14195e+07,3.12829e+08,5.23734e+09,6.40121e+08,-3.09551e+07,-7.30492e+08,0.00113044,0.000181208,2.69297e-23
0,2.16633e+09,2.0946e+07,2.78646e+08,2.49205e+09,-9.19662e+08,-1.86673e+08,-4.5834e+08,0.000986721,0.000126918,1.19775e-24
0,1.80929e+09,2.49244e+07,2.71823e+08,1.82157e+10,5.17019e+08,4.44742e+08,-5.5255e+08,0.00105798,0.000158949,9.77324e-22
0,1.83238e+09,6.35436e+07,2.84629e+08,7.38095e+09,-2.87046e+08,-3.27516e+08,-1.08856e+09,0.0010287,0.000159791,9.84857e-23
0,1.96619e+09,5.72034e+07,2.96533e+08,-1.49075e+10,-1.50575e+09,-2.10045e+08,2.71861e+08,0.000991917,0.000149597,1.3607e-22
0,1.86188e+09,-1.74815e+07,2.9145e+08,-6.69205e+09,1.59697e+09,-4.14657e+08,-1.14348e+09,0.000955897,0.000149632,-6.17138e-23
0,1.85366e+09,-3.09614e+07,3.14212e+08,-7.56715e+09,1.29161e+09,-2.3155e+08,-8.80814e+08,0.000924494,0.00015671,-5.31457e-23
0,1.98123e+09,-5.3348e+07,3.09754e+08,-9.26096e+09,-6.4743e+08,-3.13654e+08,-1.16644e+09,0.00104503,0.000163385,-1.42623e-22
0,1.90882e+09,3.80785e+07,3.10433e+08,2.42321e+09,3.85745e+08,-2.68167e+08,-1.20013e+09,0.00100615,0.000163631,1.96801e-24
0,2.04748e+09,-5.29371e+07,3.25766e+08,-7.57183e+09,-5.97809e+08,-8.4649e+08,-6.05294e+08,0.000940289,0.000149605,-1.25227e-23
0,1.92255e+09,1.25691e+07,3.05344e+08,6.9754e+09,1.90262e+09,6.78517e+08,-1.06892e+09,0.000931358,0.00014792,5.89511e-23
0,2.1306e+09,2.33044e+07,3.32553e+08,2.28046e+09,-5.45491e+07,3.43128e+08,-6.61386e+08,0.000941045,0.000146883,4.20518e-25
0,2.09596e+09,3.24797e+06,3.17584e+08,2.30178e+08,-1.48825e+09,3.49617e+08,-8.70485e+08,0.00105805,0.000160318,1.40557e-24
0,2.02809e+09,8.28471e+07,2.93395e+08,8.09558e+09,1.83545e+08,-5.90469e+08,-1.18509e+09,0.00101937,0.000147468,7.55327e-23
0,1.93522e+09,-3.42456e+07,3.19017e+08,-3.87835e+09,1.20987e+09,4.981e+08,-9.01199e+08,0.000971747,0.000160191,-3.63702e-24
0,1.89979e+09,4.19874e+07,2.96825e+08,-4.08365e+09,1.81553e+07,-8.3041e+08,-9.30583e+08,0.00111574,0.000174324,-1.45921e-23
0,2.04645e+09,2.48043e+07,3.03512e+08,6.35102e+09,-8.40077e+08,4.9668e+08,-1.00725e+09,0.00102058,0.000151364,2.63079e-23
0,1.91148e+09,-4.22947e+07,3.12837e+08,3.25699e+09,-1.10588e+09,-6.69282e+07,-8.23229e+08,0.00100521,0.000164515,7.50817e-24
0,2.08215e+09,2.69841e+07,3.06387e+08,4.51846e+08,-4.1475e+08,-2.85614e+07,-9.18746e+08,0.0010149,0.000149342,-4.92529e-27
0,2.08196e+09,-8.11995e+06,3.12222e+08,-7.44892e+09,-1.25565e+09,-2.73093e+08,-8.36956e+08,0.00101506,0.000152224,-3.77161e-23
0,2.06788e+09,3.1118e+06,3.43335e+08,-7.54634e+08,8.30407e+07,-9.4372e+07,-3.07172e+08,0.000945276,0.000156947,-9.83005e-27
0,2.27395e+09,3.7873e+07,3.16183e+08,1.34425e+09,4.01298e+08,-1.12668e+07,-1.30755e+08,0.000951806,0.000132344,1.04123e-26
0,1.89519e+09,-5.09954e+07,2.87411e+08,4.70784e+09,3.04391e+08,2.06194e+08,-7.46012e+08,0.00111909,0.000169714,2.3159e-23
0,2.06799e+09,2.27991e+07,3.01164e+08,4.57352e+09,-1.04076e+09,4.31454e+08,-1.07525e+09,0.00103521,0.000150758,1.16729e-23
0,1.88069e+09,-6.44222e+07,3.20566e+08,-4.95686e+09,-7.80329e+08,-4.97182e+08,-3.77023e+08,0.000900131,0.000153428,-1.93247e-24
0,2.03828e+09,-4.12207e+07,3.23277e+08,-4.67803e+09,5.66712e+08,6.56736e+07,-8.14777e+08,0.000961894,0.00015256,-7.5304e-24
0,2.22309e+09,3.83031e+07,3.03585e+08,7.86256e+09,-1.43914e+09,-1.41914e+08,-5.51631e+08,0.000983539,0.000134312,2.53886e-23
0,1.82924e+09,3.24358e+07,2.94779e+08,-5.33648e+09,-3.56602e+08,-6.23296e+08,-1.09707e+09,0.001086,0.000175006,-3.91682e-23
0,2.3003e+09,2.80687e+07,3.16717e+08,5.05143e+09,-8.74907e+08,-1.17837e+08,-3.96789e+08,0.000970922,0.000133682,3.70521e-24
0,2.06377e+09,4.40059e+06,3.44031e+08,-2.92621e+08,7.22189e+07,-5.4383e+07,-2.05357e+08,0.000943296,0.000157248,-3.14549e-28
0,2.09466e+09,2.06306e+07,3.13025e+08,2.9488e+09,-1.09836e+09,2.22081e+08,-1.09932e+09,0.00103244,0.000154287,4.5952e-24
0,2.07665e+09,-1.03817e+07,3.02355e+08,4.97694e+09,-3.73686e+08,-3.9379e+08,-4.76621e+08,0.00109115,0.000158869,1.08359e-23
0,1.93042e+09,-3.98195e+07,3.07424e+08,4.00394e+08,1.31092e+09,4.97284e+08,-1.08992e+09,0.000979792,0.000156034,1.19372e-25
0,2.06743e+09,-6.20674e+07,3.01638e+08,-1.01011e+10,-1.06893e+09,3.69272e+07,-1.04174e+09,0.0010394,0.000151648,-1.45742e-22
0,2.0153e+09,-5.10564e+07,2.92104e+08,1.45342e+09,7.7217e+08,2.78284e+08,-6.13465e+08,0.00113835,0.000164996,8.02229e-25
0,2.09944e+09,1.02133e+07,3.04888e+08,2.12274e+09,-1.50919e+09,3.99284e+08,-1.06492e+09,0.00106147,0.000154149,4.87974e-24
0,1.98964e+09,-2.44087e+07,2.81255e+08,-1.02323e+09,-1.83968e+08,2.94805e+08,-1.34295e+09,0.00109423,0.00015468,2.95792e-25
0,1.71041e+09,3.76087e+07,3.0696e+08,1.9332e+09,1.53095e+09,-4.28526e+08,-1.53187e+09,0.0010553,0.000189391,1.86731e-24
0,1.80065e+09,1.8388e+07,2.97362e+08,-6.05374e+09,8.96572e+08,-4.71937e+08,-1.01401e+09,0.000971938,0.000160508,-5.03012e-23
0,1.80526e+09,-3.70037e+07,2.97199e+08,5.09922e+09,-1.06052e+09,3.32891e+08,-8.58204e+08,0.00103965,0.000171156,2.75244e-23
0,2.0984e+09,4.70742e+07,3.13486e+08,8.46909e+09,-2.89785e+08,3.75024e+07,-7.99742e+08,0.000955041,0.000142677,3.75918e-23
0,1.82769e+09,4.12722e+07,2.94393e+08,-4.71604e+09,-1.20788e+09,-5.42073e+08,-9.95688e+08,0.00108535,0.000174821,-2.59143e-23
0,1.98704e+09,-1.05671e+07,3.1776e+08,1.36562e+09,4.40962e+08,2.85984e+08,-1.10314e+09,0.000969068,0.00015497,2.27962e-25
0,2.01516e+09,2.21992e+07,2.91123e+08,5.48903e+09,-1.94971e+09,5.91182e+08,-1.21253e+09,0.00108083,0.000156143,4.39006e-23
0,1.58878e+09,4.49504e+07,2.78873e+08,-8.02133e+09,-8.6415e+08,-3.77624e+08,-1.31492e+09,0.00108389,0.000190252,-3.69637e-22
0,2.25485e+09,2.57292e+06,3.23032e+08,-4.12378e+09,7.98756e+08,4.59126e+08,6.97152e+07,0.000904259,0.000129545,9.71604e-25
0,1.87795e+09,-3.57848e+07,3.11949e+08,-2.02338e+09,2.60718e+08,3.43769e+08,-1.16362e+09,0.00101592,0.000168756,-1.03416e-24
0,1.85473e+09,-4.47095e+07,3.07829e+08,-7.1026e+09,2.10707e+09,3.62936e+08,-1.07043e+09,0.000933183,0.00015488,-3.07669e-23
0,2.07663e+09,-4.38507e+07,2.92681e+08,-3.42599e+09,1.12549e+09,2.31035e+08,-5.45562e+08,0.00114301,0.000161096,-2.1682e-24
0,1.91914e+09,4.38984e+07,3.11117e+08,3.76867e+09,1.09464e+09,-3.01213e+08,-1.0535e+09,0.000960112,0.000155646,5.44713e-24
0,1.78615e+09,1.20334e+07,2.70811e+08,2.78121e+09,8.71253e+08,1.60464e+08,-1.6328e+09,0.00107188,0.000162516,1.01813e-23
0,1.83342e+09,4.41453e+07,3.10748e+08,3.62858e+09,5.17598e+08,-4.75971e+08,-1.28841e+09,0.00109665,0.000185872,1.43145e-23
0,2.19864e+09,2.83878e+06,3.28717e+08,-1.82097e+08,-1.35212e+09,1.23588e+08,-7.90199e+08,0.00101738,0.000152108,5.92584e-26
0,1.91238e+09,2.96852e+07,2.88795e+08,3.22128e+09,-1.00175e+09,-4.00409e+08,-1.57182e+09,0.00108422,0.000163731,1.43207e-23
0,2.30572e+09,1.78856e+07,3.32691e+08,-2.97684e+09,3.48002e+08,1.68287e+08,1.5195e+08,0.000896541,0.000129361,2.03296e-25
0,2.06738e+09,6.01653e+06,3.42767e+08,7.50353e+08,6.21491e+07,3.97747e+06,-3.61965e+08,0.000943836,0.000156486,9.55646e-27
0,1.90505e+09,7.89094e+06,3.10442e+08,-4.84919e+09,-9.74231e+08,-1.55768e+08,-9.46997e+08,0.0011178,0.000182154,-3.22276e-23
0,2.11528e+09,-2.3458e+07,3.37837e+08,-4.75149e+09,1.63051e+08,-5.4762e+08,-4.86409e+08,0.000925177,0.000147762,-3.65126e-24
0,1.74482e+09,3.17398e+07,2.94956e+08,-2.42089e+09,-1.8728e+09,-4.07064e+08,-9.89111e+08,0.00104976,0.000177458,-2.13813e-23
0,1.99754e+09,-4.30029e+06,3.07882e+08,3.16654e+09,-1.27574e+09,-6.09237e+07,-1.25978e+09,0.0010685,0.000164688,1.17364e-23
0,1.84899e+09,-1.65431e+07,3.20505e+08,7.81928e+09,2.7567e+08,9.78794e+08,4.42886e+08,0.000951985,0.000165018,-2.01382e-23
0,1.68903e+09,3.8514e+06,2.86523e+08,5.28374e+09,2.42024e+09,3.39634e+08,-1.13237e+09,0.00104819,0.000177812,6.86381e-23
0,1.96886e+09,440446,3.22162e+08,1.32656e+09,1.4983e+08,1.40282e+08,-1.07663e+09,0.000989379,0.000161891,1.20015e-25
0,2.01122e+09,-6.94928e+07,3.07368e+08,-1.16684e+10,9.45182e+08,3.39776e+08,-8.90105e+08,0.000960135,0.000146734,-1.27624e-22
0,2.24585e+09,1.33101e+07,3.28248e+08,-4.11562e+09,2.382e+08,3.65575e+08,8.04819e+07,0.000885632,0.000129442,3.54671e-25
0,2.23762e+09,-2.62911e+07,3.0158e+08,-5.42759e+09,-1.58467e+09,1.84134e+08,-5.46816e+08,0.000993946,0.000133961,-1.18905e-23
0,1.84672e+09,5.1428e+07,2.70246e+08,1.02948e+10,7.87663e+08,-5.40393e+08,-1.40765e+09,0.00103185,0.000151,3.02972e-22
0,1.89322e+09,2.01744e+07,3.11156e+08,2.15834e+09,-4.61053e+08,-7.63814e+08,-1.24935e+09,0.00111277,0.000182888,1.64237e-24
0,2.2805e+09,2.72747e+07,3.30678e+08,-4.404e+09,-8.17072e+06,2.33245e+08,1.71833e+08,0.000884317,0.000128228,5.06312e-25
0,1.78049e+09,1.90524e+07,2.7414e+08,4.03124e+09,1.69969e+09,-3.40762e+08,-1.4071e+09,0.000994105,0.000153061,1.41378e-23
0,2.01203e+09,2.97355e+07,3.08887e+08,4.83845e+09,3.58615e+07,-4.73583e+08,-1.09038e+09,0.000996551,0.000152991,1.34759e-23
0,2.30234e+09,2.28348e+07,3.23992e+08,4.96415e+09,-6.89938e+08,-1.3127e+08,-3.51475e+08,0.00094666,0.000133217,2.56183e-24
0,1.82554e+09,-8.36195e+06,2.98206e+08,-1.73548e+09,-1.007e+09,-1.85016e+08,-1.19145e+09,0.00104141,0.000170116,-3.27203e-24
0,1.92072e+09,7.56209e+06,3.09069e+08,-6.60815e+09,-1.49014e+09,-2.3365e+08,-9.97639e+08,0.00110055,0.000177092,-8.03982e-23
0,1.92762e+09,-2.92295e+07,3.14323e+08,6.67288e+08,8.7814e+08,4.68368e+08,-1.14061e+09,0.00100059,0.000163158,1.4724e-25
0,1.91331e+09,-5.31215e+06,3.0333e+08,9.08772e+07,5.00971e+08,-7.06551e+06,-1.31892e+09,0.0010118,0.000160408,-2.20194e-26
0,1.99927e+09,3.75485e+07,2.96326e+08,9.76395e+09,-4.38191e+08,1.17571e+08,-9.66987e+08,0.00100449,0.000148883,1.13105e-22
0,1.81341e+09,-3.65034e+07,2.9466e+08,-5.0008e+09,3.37915e+08,-3.42096e+07,-1.5277e+09,0.00102287,0.000166206,-4.02563e-23
0,1.9187e+09,6.86985e+07,2.84239e+08,9.49704e+09,1.11339e+09,-7.50825e+08,-1.03472e+09,0.000965923,0.000143094,8.77657e-23
0,2.2637e+09,2.63651e+07,3.2752e+08,-5.2564e+09,-2.40591e+08,1.79382e+08,1.56421e+08,0.000899808,0.000130187,7.65279e-25
0,1.85671e+09,-3.82624e+07,3.11893e+08,-8.79803e+09,1.90636e+09,6.26471e+07,-9.78103e+08,0.000914972,0.000153699,-7.00563e-23
0,1.94754e+09,-3.80719e+06,3.08883e+08,-1.87877e+08,-1.0428e+09,-8.2652e+08,-1.28218e+09,0.0011018,0.000174747,-2.36428e-24
0,2.25158e+09,-2.42801e+06,3.17726e+08,-4.45645e+08,-3.62398e+08,-2.89595e+07,3.36619e+07,0.000882042,0.000124467,-1.10334e-27
0,1.86417e+09,-3.34996e+07,2.84071e+08,-1.26235e+09,-6.13942e+08,7.76175e+08,-1.55577e+09,0.00110452,0.000168311,2.13374e-24
0,1.88457e+09,-1.24801e+07,2.97852e+08,7.19173e+09,1.17665e+09,5.56494e+08,-9.04466e+08,0.00113373,0.000179183,1.40605e-22
0,1.84044e+09,-1.13756e+07,2.97119e+08,4.27059e+09,8.78293e+08,4.07963e+08,-9.89228e+08,0.000980852,0.000158348,1.68838e-23
0,2.03546e+09,-1.37414e+07,2.84237e+08,7.93477e+09,8.71267e+08,6.65401e+08,6.7077e+08,0.000994842,0.000138922,-2.4918e-23
0,2.23538e+09,-1.30153e+07,3.21256e+08,-3.27802e+09,-1.76412e+09,3.27832e+07,-7.0921e+08,0.00102587,0.000147433,-6.69893e-24
0,1.97839e+09,-1.62174e+07,3.25771e+08,-5.04626e+09,1.53919e+07,-2.46883e+06,-9.84904e+08,0.000977707,0.000160994,-1.43549e-23
0,1.71427e+09,4.64411e+06,3.08268e+08,-1.35767e+09,1.5105e+08,-5.99067e+08,-1.49982e+09,0.00102624,0.000184543,9.19195e-25
0,2.11707e+09,-1.6416e+07,3.01579e+08,-9.95942e+09,-6.10294e+08,1.1289e+08,-1.86667e+08,0.000955143,0.000136061,-1.57599e-23
0,1.80791e+09,-4.24476e+07,2.95894e+08,-2.19104e+09,1.16831e+09,5.87267e+08,-1.46343e+09,0.00101151,0.000165551,-1.4974e-24
0,2.06829e+09,3.53271e+07,3.06873e+08,6.23883e+09,-7.30948e+08,-5.5011e+08,-9.22855e+08,0.0010285,0.000152599,3.2123e-23
0,1.99926e+09,-9.27945e+06,3.22375e+08,7.43257e+08,2.0777e+08,2.89152e+08,-1.05387e+09,0.000979825,0.000157994,-6.03373e-26
0,2.24874e+09,5.77863e+06,3.02287e+08,2.86681e+09,-9.91436e+08,-1.03989e+07,-3.03318e+08,0.000949938,0.000127695,8.29626e-25
0,2.3253e+09,9.8154e+06,3.24089e+08,2.53683e+09,-7.15279e+08,-9.28416e+07,-2.47289e+08,0.000939243,0.000130907,3.35813e-25
0,2.10496e+09,-1.47102e+07,3.09979e+08,-4.94924e+09,-1.94277e+09,-6.02521e+08,-1.17839e+09,0.00110326,0.000162468,-3.04536e-23
0,1.98864e+09,7.89661e+06,3.20165e+08,3.84406e+08,-3.10183e+08,3.03436e+08,-1.12913e+09,0.00100632,0.000162014,-9.64192e-27
0,1.73624e+09,3.10416e+07,2.46229e+08,5.24523e+09,6.63567e+08,-5.2715e+08,-1.663e+09,0.00111385,0.000157963,8.48532e-23
0,1.78166e+09,-4.67889e+07,2.85561e+08,-1.7091e+09,6.00727e+08,1.00405e+09,-1.5851e+09,0.00109054,0.000174789,2.85918e-25
0,2.08867e+09,-4.89929e+07,3.11977e+08,-6.57941e+09,-8.80069e+08,-1.26925e+08,-1.04458e+09,0.0010445,0.000156014,-3.76286e-23
0,1.96486e+09,1.52554e+07,3.07114e+08,-1.23791e+10,-1.10059e+09,-3.5615e+08,6.12909e+08,0.000950356,0.000148544,1.42086e-22
0,1.80038e+09,-2.37777e+07,3.01909e+08,-4.36433e+09,-1.15901e+09,-2.61357e+08,-1.22615e+09,0.00103209,0.000173073,-2.81378e-23
0,1.97899e+09,1.63077e+07,3.31733e+08,-2.27906e+09,1.40184e+09,-1.73149e+08,-6.05229e+08,0.000880215,0.000147548,-4.1921e-25
0,1.91375e+09,-1.58737e+07,3.02217e+08,-1.57285e+09,-1.43026e+09,4.78308e+07,-1.44933e+09,0.00110983,0.000175262,-5.98313e-24
0,2.11615e+09,1.0565e+07,3.05182e+08,3.31489e+09,-1.42665e+09,-5.046e+08,-9.1936e+08,0.00103342,0.000149036,7.98268e-24
0,2.19973e+09,3.88525e+06,3.15197e+08,-4.60514e+08,-1.79992e+09,-3.4661e+08,-8.64289e+08,0.00102948,0.000147513,-1.8748e-24
0,1.99102e+09,-3.32176e+07,3.04471e+08,-8.02639e+09,-1.0635e+09,-3.57614e+08,-1.31242e+09,0.00105921,0.000161977,-1.08682e-22
0,2.03455e+09,4.67763e+07,2.84919e+08,4.79551e+09,-2.46335e+09,4.5191e+07,-1.47079e+09,0.00114206,0.000159935,9.27389e-23
0,1.80693e+09,1.73682e+07,3.18702e+08,-8.9214e+08,-1.76119e+08,-2.05098e+08,-1.06285e+08,0.00104614,0.000184516,1.1098e-26
0,1.93361e+09,-1.75876e+07,3.04139e+08,-2.65076e+08,2.87748e+07,5.08125e+08,-1.18669e+09,0.00101768,0.000160071,4.7842e-26
0,2.1461e+09,-4.99398e+07,3.1637e+08,-1.03671e+10,-7.22551e+08,-1.26757e+08,-8.33187e+08,0.00103211,0.00015215,-9.40259e-23
0,1.98702e+09,3.15908e+07,2.88958e+08,6.35684e+09,-1.20656e+09,-1.56248e+08,-1.3422e+09,0.00106621,0.000155051,7.2323e-23
0,2.07188e+09,-3.39431e+07,3.20023e+08,-8.90218e+09,-3.69211e+08,4.81314e+07,-7.88506e+08,0.000978413,0.000151126,-5.25822e-23
0,2.13969e+09,-4.7012e+06,3.06786e+08,4.38332e+09,-1.16064e+09,2.64125e+08,-8.26826e+08,0.00101367,0.000145339,7.49213e-24
0,1.95697e+09,-2.31055e+07,3.09669e+08,8.13394e+08,-7.40004e+08,1.3185e+08,-1.15982e+09,0.00103705,0.000164102,3.85243e-25
0,2.20816e+09,4.58409e+06,3.09318e+08,-2.48988e+08,-2.10831e+09,-3.8413e+08,-7.85917e+08,0.0010496,0.000147028,-2.55937e-24
0,1.8903e+09,3.81647e+06,3.14222e+08,8.89443e+08,3.87725e+08,-2.94248e+08,-1.28483e+09,0.00101832,0.000169273,-1.17576e-25
0,2.02785e+09,-1.06091e+07,3.39576e+08,-5.65561e+08,-2.68537e+08,5.14966e+07,-3.43044e+08,0.000987214,0.000165315,-1.06205e-26
0,1.83036e+09,-1.29323e+07,3.00742e+08,-7.28045e+09,3.81528e+08,-3.83877e+08,-1.36968e+09,0.00101973,0.000167549,-1.14689e-22
0,1.89069e+09,-7.58422e+06,2.94931e+08,-3.29648e+09,-6.73854e+08,3.20557e+08,-1.57435e+09,0.00109747,0.000171196,-1.41251e-23
0,1.90465e+09,-2.50703e+07,3.1182e+08,-7.31876e+09,1.17815e+09,1.24969e+08,-9.92704e+08,0.000938806,0.000153697,-4.24942e-23
0,2.1165e+09,-4.09735e+07,3.18833e+08,-1.30544e+10,-3.03784e+08,-2.23657e+08,-8.19879e+08,0.000995045,0.000149895,-1.63823e-22
0,2.05608e+09,3.36644e+07,2.83837e+08,2.78529e+09,-1.89864e+09,7.87363e+07,-1.18942e+09,0.00107186,0.000147967,1.47083e-23
0,1.81726e+09,-2.59925e+06,2.74312e+08,-5.7155e+08,8.57407e+08,-1.58603e+08,-1.63885e+09,0.00108927,0.000164424,3.03282e-25
0,1.80957e+09,1.33087e+07,3.07397e+08,7.00647e+08,4.17125e+08,-8.35501e+07,-1.61761e+09,0.00103782,0.000176298,-4.54292e-25
0,1.93785e+09,1.45824e+06,3.14615e+08,1.25358e+09,2.2362e+08,-1.26327e+08,-1.25064e+09,0.00102351,0.000166169,2.14394e-26
0,2.11002e+09,2.79457e+06,3.42815e+08,2.87667e+07,-1.27337e+08,-1.58655e+08,-3.57834e+08,0.000964764,0.000156745,-9.47487e-28
0,2.13506e+09,7.50056e+06,3.09872e+08,5.54257e+09,-1.34717e+09,-2.89858e+08,-8.30502e+08,0.00100411,0.000145732,1.9882e-23
0,2.17619e+09,-1.57626e+07,3.09629e+08,-5.36772e+09,-1.98647e+09,-3.71574e+08,-7.77146e+08,0.00103397,0.000147114,-1.87291e-23
0,1.92479e+09,2.94431e+07,2.73808e+08,1.48522e+09,-9.51147e+08,1.3958e+08,-1.41828e+09,0.00109056,0.000155136,2.27398e-24
0,1.83123e+09,2.86612e+07,3.17321e+08,4.06527e+09,1.41043e+09,9.69236e+07,-1.19001e+09,0.00100012,0.000173304,1.67354e-23
0,1.8867e+09,-2.8514e+07,3.0061e+08,-4.83206e+09,-5.65748e+08,2.57033e+08,-1.4709e+09,0.00109903,0.000175109,-4.42958e-23
0,1.9412e+09,-2.10966e+07,2.88489e+08,-1.77363e+09,-1.66226e+09,-2.90641e+08,-1.54539e+09,0.00116612,0.000173301,-1.53501e-23
0,1.75571e+09,-9.10809e+06,3.04997e+08,-3.95396e+09,2.8422e+09,3.49098e+07,-1.08501e+09,0.000906693,0.000157508,2.82739e-24
0,1.7646e+09,-8.64463e+07,3.00431e+08,4.54709e+08,-9.51624e+07,-1.14438e+08,-8.60072e+08,0.00100789,0.000171598,-5.73469e-26
0,1.85997e+09,-2.1917e+07,3.0869e+08,-1.17143e+10,1.88983e+09,-3.99283e+08,-9.83303e+08,0.000939407,0.000155909,-2.4445e-22
0,1.94628e+09,1.7133e+07,3.0797e+08,1.20297e+09,1.78405e+08,-8.04861e+07,-1.32671e+09,0.00102745,0.000162579,-6.36244e-26
0,1.87812e+09,-2.18386e+07,3.00103e+08,4.64474e+09,-2.37207e+09,3.52854e+08,-1.02906e+09,0.00103097,0.000164738,5.32702e-23
0,1.99692e+09,-3.9469e+06,3.3132e+08,8.96062e+08,-3.00541e+07,3.89201e+08,-8.43137e+08,0.000986741,0.000163715,-4.7406e-26
0,2.11068e+09,2.5669e+06,3.24001e+08,-1.25088e+10,-1.40346e+09,-7.13004e+08,-9.72741e+07,0.001016,0.000155962,2.61788e-23
0,2.07967e+09,-2.92122e+07,3.07478e+08,-7.5512e+09,-1.28148e+09,-8.17621e+07,-8.40474e+08,0.000999204,0.000147732,-4.13168e-23
0,1.91144e+09,3.58815e+07,3.07542e+08,5.51451e+09,9.60056e+08,-4.38629e+08,-1.22069e+09,0.00103243,0.000166114,3.07809e-23
0,1.97318e+09,4.37714e+06,2.95724e+08,2.85286e+08,-1.25547e+08,-2.22838e+08,-1.20885e+09,0.00102992,0.000154356,-9.79701e-26
0,1.90231e+09,-3.91195e+07,2.98745e+08,-8.85725e+09,-1.52645e+09,-8.08116e+07,-1.49553e+09,0.00114003,0.000179033,-3.52076e-22
0,1.94664e+09,2.34265e+07,3.12697e+08,2.19914e+09,7.21991e+08,-1.94152e+08,-1.02162e+09,0.000960607,0.000154306,9.9335e-25
0,2.21255e+09,2.54287e+07,2.81788e+08,-6.10961e+09,1.36094e+09,-4.84055e+07,5.23283e+08,0.00108727,0.000138474,1.83645e-23
0,1.62607e+09,781742,2.8417e+08,-5.35612e+09,8.43545e+07,5.6111e+08,-1.09228e+09,0.0010108,0.000176645,-5.66963e-23
0,1.85871e+09,-6.05981e+07,2.82473e+08,-5.43901e+08,-1.41497e+08,-3.13613e+08,-1.27711e+09,0.00107451,0.000163296,2.57324e-25
0,2.09229e+09,-4.00082e+07,3.0164e+08,-8.68144e+09,-2.08112e+09,-1.52723e+08,-1.14505e+09,0.00108965,0.000157093,-1.46603e-22
0,1.77703e+09,3.89244e+07,2.81614e+08,-4.63218e+09,-3.85513e+08,-6.688e+08,-1.29026e+09,0.00114003,0.000180666,-4.04833e-23
0,1.7547e+09,-5.04877e+07,3.02042e+08,-2.53535e+09,8.02591e+08,3.20606e+08,-1.14848e+09,0.000978084,0.00016836,-2.87681e-24
0,2.01684e+09,386359,3.24364e+08,-1.29466e+10,-1.26794e+09,-7.94051e+08,-5.23036e+07,0.000970464,0.000156078,4.09421e-23
0,2.13873e+09,-2.20899e+07,3.19877e+08,-8.58977e+09,-1.14053e+09,1.20254e+08,-7.41203e+08,0.00100461,0.000150254,-4.97942e-23
0,1.78091e+09,-4.5486e+07,3.0009e+08,-9.12004e+09,-1.26469e+08,-9.10123e+07,-1.5256e+09,0.0010968,0.000184815,-3.9777e-22
0,1.66808e+09,-6.72229e+06,2.92166e+08,-2.53105e+09,9.05859e+07,6.01213e+08,-1.01736e+09,0.00100864,0.000176665,-3.58015e-24
0,2.11903e+09,3.47072e+07,3.18448e+08,8.42469e+09,-1.09196e+09,2.53351e+08,-8.29876e+08,0.000989409,0.000148689,4.23906e-23
0,1.95759e+09,-5.48926e+07,2.65998e+08,-1.0117e+10,-1.33813e+09,1.68754e+08,-1.30181e+09,0.00109455,0.000148728,-3.29233e-22
0,1.90466e+09,8.12485e+06,3.10462e+08,2.53023e+09,-2.65621e+08,-8.44678e+07,-1.56095e+09,0.00108784,0.00017732,4.05704e-24
0,1.92673e+09,2.89335e+06,3.24753e+08,3.08265e+09,-1.31393e+09,-2.63791e+08,-6.62277e+08,0.000956354,0.000161195,5.6479e-24
0,2.11659e+09,-2.20667e+06,3.10224e+08,-4.25437e+09,-1.41299e+09,3.05132e+08,-8.30779e+08,0.00100177,0.000146828,-1.13455e-23
0,1.96036e+09,-7.27539e+07,2.9989e+08,-5.98834e+09,8.11997e+08,3.41787e+08,-1.29489e+09,0.0010337,0.000158132,-3.99536e-23
0,2.05214e+09,-1.91592e+07,3.28018e+08,-3.97542e+09,-2.59473e+08,-1.18909e+08,-5.74004e+08,0.00100611,0.000160819,-3.88928e-24
0,1.9839e+09,-1.08747e+07,3.25335e+08,-1.21807e+10,-8.28504e+08,-4.99493e+08,-4.32651e+07,0.000941943,0.000154467,1.02255e-23
0,1.98918e+09,4.73404e+07,3.11156e+08,-7.97175e+09,-1.58607e+09,1.84047e+08,-5.51016e+08,0.00102166,0.000159813,-6.05085e-23
0,2.02654e+09,-3.22199e+07,3.16186e+08,-9.13247e+09,-2.25488e+08,2.22289e+08,-8.70421e+08,0.000975846,0.000152254,-6.92781e-23
0,1.69361e+09,-2.07154e+07,2.35541e+08,-1.79511e+09,-1.22665e+09,-9.38519e+08,1.0227e+09,0.00110619,0.000153845,1.17824e-23
0,1.83318e+09,-3.10729e+07,3.00826e+08,5.99262e+09,4.31955e+08,7.65712e+07,-7.15967e+08,0.00106874,0.00017538,4.22639e-23
0,1.83369e+09,2.93228e+06,2.9673e+08,-1.09444e+10,-2.13146e+09,-1.35637e+08,-9.54948e+08,0.00106148,0.000171771,-3.8949e-22
0,1.86238e+09,-3.85477e+07,2.98447e+08,-5.93611e+09,1.90149e+08,3.46237e+08,-1.39754e+09,0.00103368,0.000165647,-5.65055e-23
0,2.16316e+09,2.57933e+07,3.01328e+08,4.70011e+09,1.9321e+08,-4.27478e+08,-3.45167e+08,0.000918065,0.000127886,1.67474e-24
0,1.75298e+09,2.71509e+07,2.58945e+08,1.06407e+09,1.58181e+09,-7.28848e+07,-1.60454e+09,0.00107439,0.000158706,5.41352e-25
0,1.96279e+09,-1.77962e+07,3.32295e+08,1.62137e+09,2.79006e+08,4.46517e+07,-8.57919e+08,0.000995909,0.000168604,3.99534e-25
0,1.95886e+09,3.47705e+06,3.21112e+08,-2.20997e+08,-3.5227e+08,-3.61859e+07,-1.11946e+09,0.00102572,0.000168144,1.68967e-26
0,2.09507e+09,-1.18455e+07,3.05118e+08,-1.73983e+09,-1.2961e+09,-4.52687e+08,-1.13632e+09,0.00106257,0.000154748,-2.88563e-24
0,1.88105e+09,-8.99111e+06,2.9596e+08,1.21725e+09,8.54209e+08,3.24665e+08,-1.16577e+09,0.00101129,0.000159114,5.62643e-25
0,1.93332e+09,-1.04424e+07,3.17562e+08,1.19294e+09,-3.65794e+08,-3.16864e+08,-1.39017e+09,0.00108745,0.000178621,-2.87984e-25
0,1.96844e+09,-1.54199e+07,3.24362e+08,-4.18548e+09,3.23835e+08,1.13276e+08,-7.49387e+08,0.000991076,0.00016331,-6.72486e-24
0,1.8675e+09,-4.97421e+07,2.93184e+08,-1.65399e+09,-2.54348e+09,-5.39152e+08,-7.68441e+08,0.00106647,0.000167428,-2.57069e-23
0,1.70654e+09,-4.55248e+06,2.93711e+08,6.86386e+09,1.98132e+09,7.52704e+07,-1.25178e+09,0.00107731,0.000185416,1.63184e-22
0,2.17172e+09,1.96852e+07,2.99052e+08,1.25236e+09,5.74727e+08,-2.4994e+08,-2.06475e+08,0.000906232,0.000124791,-1.22135e-26
0,2.01088e+09,1.84001e+07,3.14051e+08,5.86777e+09,-2.3229e+08,-5.28072e+07,-9.77717e+08,0.000995909,0.000155536,2.31534e-23
0,1.95984e+09,-4.57883e+07,3.18474e+08,-8.37897e+09,5.59216e+08,1.33119e+08,-8.3608e+08,0.000953721,0.00015498,-5.18552e-23
0,1.74397e+09,-2.28909e+07,2.8426e+08,-6.05039e+09,2.06263e+09,-3.3499e+08,-1.56978e+09,0.00104353,0.00017009,-1.28866e-22
0,1.74053e+09,4.62056e+07,2.90371e+08,-2.57503e+09,-2.40067e+09,-4.1013e+08,-1.13283e+09,0.00110853,0.000184935,-6.12898e-23
0,2.10289e+09,-2.59271e+06,3.42685e+08,-3.60826e+09,-2.76516e+07,-2.41489e+08,-3.54967e+08,0.000933993,0.000152203,-1.10542e-24
0,2.04269e+09,2.89732e+07,3.1847e+08,8.39708e+09,-5.0185e+08,4.32795e+08,-8.26684e+08,0.000969529,0.000151157,4.22402e-23
0,1.91808e+09,1.76217e+07,3.13832e+08,-3.99671e+08,-1.46481e+08,4.60394e+07,-1.27151e+09,0.00102306,0.000167392,1.28875e-25
0,1.9601e+09,-5.30745e+07,3.01799e+08,-1.3187e+10,1.06539e+09,-5.14818e+08,-8.97119e+08,0.000982178,0.000151228,-2.97629e-22
0,2.03997e+09,-5.10352e+07,3.22883e+08,-8.43383e+09,-1.52405e+08,-5.65127e+08,-7.1738e+08,0.000999426,0.000158188,-4.52661e-23
0,2.27196e+09,4.25724e+07,3.09502e+08,3.18569e+09,-6.6975e+08,1.96159e+07,-3.11763e+08,0.000976435,0.000133017,7.54575e-25
0,1.72988e+09,-1.91883e+07,2.96952e+08,7.99014e+09,6.09687e+07,-1.11652e+08,-9.01788e+08,0.00102479,0.000175917,1.32124e-22
0,1.95113e+09,5.64154e+06,2.98295e+08,1.70485e+09,2.20687e+08,2.82044e+08,-1.13713e+09,0.00102244,0.000156313,5.43896e-25
0,1.94206e+09,-1.49834e+07,3.26279e+08,-3.45554e+09,7.20537e+08,-2.75177e+06,-6.73165e+08,0.000984829,0.000165457,-3.73312e-24
0,1.74433e+09,-2.36028e+07,2.92357e+08,-4.34781e+09,1.74825e+09,-5.89167e+08,-1.4411e+09,0.00102953,0.000172553,-5.2807e-23
0,1.81776e+09,8.33319e+06,2.9088e+08,-3.12093e+09,-2.01922e+09,-3.98705e+08,-1.31484e+09,0.0011036,0.0001766,-4.26489e-23
0,1.87463e+09,2.15015e+07,2.58293e+08,-3.47363e+09,-1.39222e+09,-9.48816e+08,1.53864e+08,0.00104506,0.000143992,1.30344e-23
0,2.2405e+09,2.61756e+07,3.21842e+08,9.09238e+09,8.2365e+08,-3.68189e+07,-8.07829e+07,0.00095315,0.000136917,2.48799e-24
0,1.87202e+09,2.02618e+07,3.15985e+08,3.206e+08,1.65483e+08,1.01336e+06,-1.27323e+09,0.00102173,0.000172461,-1.14245e-25
0,2.07369e+09,-967318,3.43593e+08,-2.86833e+09,3.85328e+07,-1.66023e+08,-2.65934e+08,0.000924262,0.000153143,-4.45727e-25
0,1.92024e+09,2.7085e+07,3.10781e+08,9.31543e+09,-4.05115e+08,1.32572e+08,-1.03496e+09,0.0010101,0.00016348,1.31738e-22
0,1.91473e+09,-1.27954e+07,3.02598e+08,2.9773e+09,1.24051e+08,5.13398e+08,-1.38364e+09,0.00103906,0.000164211,5.1208e-24
0,2.20378e+09,2.93516e+07,2.82164e+08,-5.97987e+08,1.14271e+09,4.93483e+08,2.85318e+08,0.000963864,0.000123409,-6.32126e-26
0,2.04195e+09,7.49519e+07,3.04925e+08,-2.11519e+09,-2.46908e+09,-5.25937e+08,4.31509e+06,0.00097803,0.000146049,-6.04684e-24
0,1.76339e+09,-3.35794e+07,2.98743e+08,1.01703e+10,-3.66283e+08,-1.14366e+08,-6.90779e+08,0.00105413,0.000178584,2.25784e-22
0,1.98924e+09,-2.18889e+07,3.11684e+08,-3.22622e+09,-1.1686e+09,-7.93827e+07,-1.37956e+09,0.00107519,0.000168466,-1.20063e-23
0,1.93877e+09,-7.4999e+07,3.17012e+08,-7.52665e+09,-1.01817e+09,-1.0536e+09,-6.18832e+08,0.000960643,0.000157077,-5.63756e-24
0,2.28664e+09,2.06354e+07,3.10846e+08,2.37453e+09,1.55141e+07,-3.51754e+07,-5.28087e+07,0.000983121,0.000133645,4.09772e-26
0,1.79922e+09,-3.50777e+07,3.01555e+08,-9.39346e+09,1.8515e+09,-5.90885e+08,-8.34835e+08,0.000923779,0.000154828,-1.37454e-22
0,2.05678e+09,-3.24904e+07,2.96553e+08,3.0793e+09,-4.16225e+08,2.39134e+08,-9.34099e+08,0.00102892,0.000148353,2.93761e-24
0,1.97846e+09,3.27316e+07,2.88764e+08,2.14016e+09,7.4122e+08,-5.24259e+08,-1.29046e+09,0.00100713,0.000146995,8.56177e-25
0,1.79909e+09,-1.98097e+07,2.95733e+08,-3.07408e+09,-7.80027e+08,-7.49551e+07,-1.46381e+09,0.00108944,0.000179082,-1.40309e-23
0,1.83828e+09,-3.3194e+07,2.931e+08,-2.68561e+09,1.46696e+09,-3.53613e+08,-1.3509e+09,0.00101858,0.000162404,-8.12358e-24
0,1.90588e+09,-3.82534e+07,3.11248e+08,-2.76819e+09,6.52551e+08,2.87634e+08,-1.22166e+09,0.00100181,0.000163605,-3.14366e-24
0,1.74207e+09,3.35748e+07,2.63971e+08,2.43919e+09,4.47002e+08,-6.04023e+08,-1.76986e+09,0.00110365,0.000167234,3.69793e-24
0,1.98383e+09,-1.03727e+07,3.09762e+08,-5.57736e+09,-9.21892e+08,-1.50848e+07,-1.11437e+09,0.00101799,0.000158952,-2.97537e-23
0,2.25844e+09,3.56982e+07,3.05747e+08,-2.79034e+09,-5.93648e+08,1.4021e+08,-2.29863e+07,0.000977946,0.000132394,-2.06429e-25
0,1.92646e+09,-3.41383e+07,3.12274e+08,4.87123e+09,-9.51643e+08,4.73675e+08,-5.05528e+08,0.00100638,0.000163132,5.5036e-24
0,1.94758e+09,3.54002e+07,3.0735e+08,9.36825e+09,-5.98765e+08,3.68119e+08,-1.13124e+09,0.00102667,0.000162019,1.41144e-22
0,2.04341e+09,-6.37745e+06,3.15345e+08,1.63338e+09,1.38891e+09,-3.05467e+08,-2.60421e+08,0.00109731,0.000169341,-1.05613e-24
0,2.14248e+09,1.05464e+07,2.99547e+08,5.33358e+09,3.90408e+08,6.81321e+08,3.70973e+08,0.000946141,0.000132283,-1.75717e-24
0,1.83981e+09,-3.90257e+07,3.20057e+08,-8.40845e+09,1.13109e+09,-5.7749e+08,-1.04964e+09,0.000942861,0.000164022,-1.09269e-22
0,2.03149e+09,-2.24951e+07,2.48615e+08,-2.91593e+09,-6.07835e+08,-3.62061e+08,4.67574e+08,0.00107302,0.000131316,2.95948e-24
0,2.14912e+09,-1.71758e+07,3.36799e+08,-4.44638e+09,-3.30727e+08,-4.53497e+08,-5.59504e+08,0.00095091,0.000149022,-2.54094e-24
0,1.91602e+09,6.25871e+06,3.25162e+08,1.89005e+08,-1.67635e+08,-2.73743e+07,-1.0415e+09,0.00103805,0.000176163,-3.88866e-26
0,1.78879e+09,-5.91939e+07,3.15383e+08,-4.50589e+09,-4.85019e+08,-5.23788e+08,-4.38265e+08,0.000922905,0.000162718,-3.18124e-24
0,1.9411e+09,-3.64268e+07,3.21435e+08,-2.16459e+09,4.89921e+08,-3.02202e+07,-1.06844e+09,0.00099473,0.000164721,-1.34932e-24
0,1.94623e+09,1.63837e+07,3.01082e+08,-2.07977e+09,1.80503e+08,5.68092e+07,-1.31991e+09,0.0010325,0.000159728,-1.21415e-24
0,1.95728e+09,-2.0775e+07,3.23126e+08,2.86871e+09,1.13691e+09,3.76389e+08,-6.62674e+08,0.000912617,0.000150664,2.30096e-24
0,1.85411e+09,-4.30818e+07,3.0242e+08,-3.36156e+09,-2.49539e+08,1.82641e+08,-1.31804e+09,0.00108255,0.000176573,-1.19206e-23
0,2.06078e+09,2.60837e+07,3.12719e+08,8.26787e+09,-1.78265e+09,5.3545e+08,-1.00195e+09,0.00107934,0.000163788,8.25234e-23
0,1.72718e+09,-1.94432e+07,2.71334e+08,5.14559e+07,1.87625e+09,2.19092e+08,-1.25292e+09,0.000981222,0.000154147,-1.24132e-25
0,1.85105e+09,3.47268e+06,3.18369e+08,6.81992e+08,2.86941e+08,1.23628e+08,-1.28315e+09,0.00102675,0.000176594,-1.95627e-25
0,2.03626e+09,-2.56081e+07,3.19526e+08,-1.63269e+09,-7.20151e+08,-2.01221e+08,-1.15849e+09,0.00105385,0.000165368,-9.63828e-25
0,2.12068e+09,4.55538e+07,3.10368e+08,8.53501e+09,-1.07345e+09,1.88293e+08,-9.23132e+08,0.00100287,0.000146774,5.40207e-23
0,1.8585e+09,3.50828e+07,3.00361e+08,1.73111e+10,1.83896e+09,1.95479e+08,-3.36623e+08,0.00097693,0.000157886,3.07717e-22
0,2.18722e+09,-1.80993e+07,3.39089e+08,-5.68208e+09,-1.36156e+08,-4.39728e+08,-4.45347e+08,0.000941934,0.00014603,-4.33444e-24
0,1.87098e+09,1.55151e+07,3.10963e+08,-4.29163e+09,5.73082e+08,-5.08962e+08,-1.207e+09,0.00103941,0.000172753,-2.26093e-23
0,2.00124e+09,3.09874e+07,3.00422e+08,1.40964e+09,2.05481e+08,-4.22621e+06,-1.10482e+09,0.00102413,0.00015374,1.91405e-25
0,2.28723e+09,2.65596e+07,3.25664e+08,5.06418e+09,-8.53722e+08,-1.72982e+08,-3.81975e+08,0.000927903,0.000132118,3.05989e-24
0,1.95282e+09,1.99966e+07,2.9401e+08,8.7499e+08,-5.83344e+08,-3.54421e+08,-1.21495e+09,0.00103879,0.000156397,-2.4751e-25
0,1.87238e+09,-4.25504e+07,3.02801e+08,-3.5043e+09,-1.9027e+08,2.62599e+08,-1.28677e+09,0.00106161,0.000171684,-1.14396e-23
0,2.09749e+09,1.92848e+07,3.21188e+08,-2.1604e+08,-1.11055e+09,6.02046e+07,-9.29827e+08,0.00105001,0.000160788,-4.26062e-26
0,2.11324e+09,1.19488e+07,3.09821e+08,4.07169e+09,-2.15246e+09,4.82045e+08,-1.09437e+09,0.00110276,0.000161675,2.73338e-23
0,2.05844e+09,-7.47892e+06,3.25141e+08,4.98547e+09,7.73762e+08,6.1269e+08,-6.21522e+08,0.000927781,0.000146548,8.74447e-24
0,2.04628e+09,2.24655e+07,3.06585e+08,-2.49781e+09,-5.93365e+08,1.57513e+08,-1.07635e+09,0.00101541,0.000152134,-2.17887e-24
0,2.03087e+09,7.31318e+06,3.36072e+08,4.29681e+09,4.2745e+08,3.11154e+08,-6.08148e+08,0.000933698,0.00015451,4.57678e-24
0,2.07677e+09,-2.86327e+07,3.25725e+08,-3.84568e+09,-6.00177e+08,-3.4596e+08,-9.5529e+08,0.00104335,0.000163642,-5.86024e-24
0,1.90522e+09,2.58248e+06,3.07672e+08,7.43595e+09,1.15475e+09,4.54019e+08,-1.1201e+09,0.000992598,0.000160294,8.49129e-23
0,1.87698e+09,-8.95826e+06,3.23275e+08,1.61962e+09,2.91101e+08,1.59093e+08,-1.14087e+09,0.00103349,0.000177999,6.1167e-25
0,2.12611e+09,-6.43979e+06,3.20297e+08,-5.40703e+09,-1.28383e+09,-7.12498e+08,-7.48712e+08,0.00101574,0.00015302,-6.0577e-24
0,2.109e+09,1.29424e+07,3.10143e+08,-8.10962e+08,-9.78723e+08,-6.74515e+08,-1.04768e+09,0.00104074,0.000153048,-6.49415e-25
0,1.68429e+09,4.3627e+07,3.01999e+08,-2.74435e+09,2.16794e+09,-7.56866e+08,-1.30555e+09,0.0010064,0.000180452,-1.97619e-23
0,1.911e+09,9.37509e+06,2.95015e+08,4.24328e+08,-4.01331e+08,-1.00739e+08,-1.26454e+09,0.00104043,0.000160619,-1.50192e-25
0,2.10841e+09,3.82166e+07,2.97631e+08,2.31948e+09,-2.09854e+09,-3.54957e+07,1.03738e+08,0.000961963,0.000135794,3.05878e-24
0,1.98121e+09,1.50881e+07,3.32286e+08,5.62121e+09,7.46685e+08,3.2073e+08,-7.96288e+08,0.000933324,0.000156536,1.53439e-23
0,1.9597e+09,-3.64672e+07,3.13176e+08,2.8169e+09,1.58813e+09,-1.62263e+08,-5.42243e+08,0.0010622,0.000169748,-7.59065e-25
0,1.67278e+09,1.14858e+07,2.85484e+08,7.7119e+09,1.02828e+09,2.19626e+07,-1.22159e+09,0.000994593,0.000169741,1.67451e-22
0,2.06499e+09,-3.31108e+07,3.25101e+08,-3.65866e+09,-1.31921e+08,-9.06825e+07,-8.95641e+08,0.000978413,0.000154036,-3.90417e-24
0,2.09517e+09,-7.31309e+06,3.11032e+08,-1.95083e+09,-1.83585e+09,3.97181e+08,-1.08841e+09,0.00111833,0.000166018,-6.39165e-24
0,2.1102e+09,1.14478e+07,3.32622e+08,5.46788e+09,1.61152e+08,6.18253e+08,-5.39923e+08,0.000947585,0.000149364,6.93671e-24
0,1.91902e+09,-2.39416e+07,3.13002e+08,-4.6401e+09,-5.89033e+08,3.69555e+08,-1.12238e+09,0.00106564,0.000173812,-2.55281e-23
0,1.9507e+09,-3.05139e+07,2.90821e+08,-3.39236e+08,6.38578e+08,-3.89014e+07,-1.25437e+09,0.00101649,0.000151545,4.55472e-26
0,1.93987e+09,1.97389e+07,3.08847e+08,8.24901e+09,4.57307e+08,1.65489e+08,-1.22129e+09,0.00100547,0.00016008,1.033e-22
0,2.02091e+09,-2.22171e+07,3.14149e+08,7.32363e+08,3.43894e+07,8.93987e+07,-8.79308e+08,0.000981001,0.000152496,-1.80414e-26
0,1.6915e+09,2.24398e+07,2.62372e+08,-1.9182e+07,1.53621e+08,-4.68646e+08,-1.94669e+09,0.00113154,0.000175515,6.46952e-25
0,1.56744e+09,-1.02902e+07,2.78055e+08,6.86648e+09,5.04668e+07,7.6395e+08,1.40201e+08,0.000942963,0.000167276,-1.16113e-23
0,1.8758e+09,-4.93521e+06,2.95561e+08,1.26375e+09,4.4101e+08,3.74375e+08,-1.4115e+09,0.00101793,0.00016039,1.57064e-26
0,2.00876e+09,1.17661e+07,3.36982e+08,-4.46126e+09,1.07124e+09,-4.31134e+08,-4.45893e+08,0.00088816,0.000148995,-4.49586e-24
0,1.88432e+09,-8.90837e+06,2.92985e+08,1.57579e+09,7.16065e+08,3.75129e+07,-1.27868e+09,0.00102621,0.00015956,7.33308e-25
0,2.08272e+09,1.94943e+07,3.36012e+08,6.77077e+09,1.65963e+08,4.52703e+08,-6.48515e+08,0.000961784,0.000155167,1.7526e-23
0,1.85404e+09,-3.78369e+07,3.08327e+08,-4.3763e+09,3.40033e+08,4.14372e+08,-1.28475e+09,0.00104024,0.000172992,-2.02459e-23
0,1.83614e+09,-2.35315e+06,2.50371e+08,-8.67254e+09,-1.10973e+09,-3.64611e+08,1.04224e+09,0.00106723,0.000145524,2.05683e-22
0,1.89038e+09,166159,3.01641e+08,1.62462e+09,2.17185e+08,8.03984e+07,-1.52738e+09,0.00103747,0.000165546,2.17295e-25
0,2.03031e+09,4.1095e+07,3.16051e+08,8.0867e+09,-2.48511e+08,2.77663e+08,-1.14929e+09,0.00103951,0.000161818,8.17933e-23
0,1.90344e+09,-2.55815e+07,3.12346e+08,-6.53392e+09,3.66366e+08,1.79791e+08,-1.22146e+09,0.000989682,0.000162403,-4.90647e-23
0,1.62809e+09,2.22229e+06,2.7561e+08,1.32765e+10,1.79789e+06,2.97304e+08,2.07354e+08,0.000984651,0.000166686,-1.56679e-22
0,1.947e+09,7.44728e+06,3.27831e+08,-5.76375e+09,-1.51636e+09,-3.86309e+08,-2.02043e+08,0.00097569,0.000164285,-3.16545e-24
0,1.94511e+09,4.20187e+07,3.29008e+08,-1.58579e+09,1.93291e+09,-5.13685e+08,-4.84949e+08,0.000879147,0.000148705,4.819e-25
0,2.08295e+09,6.61824e+06,3.22e+08,-5.87117e+09,-1.31186e+09,-6.72571e+08,-7.1403e+08,0.00101459,0.000156844,-8.98491e-24
0,2.04688e+09,-2.72131e+07,3.272e+08,-5.98977e+09,-5.56273e+08,-5.49272e+08,-8.31262e+08,0.000987939,0.000157925,-1.46332e-23
0,2.30619e+09,2.0304e+07,3.29893e+08,-3.78656e+09,5.49202e+08,1.92486e+08,1.70771e+08,0.000900508,0.000128815,5.43014e-25
0,1.88798e+09,-3.73595e+07,2.9409e+08,-5.92022e+09,2.11974e+08,3.40638e+08,-1.53103e+09,0.001059,0.000164961,-6.39998e-23
0,1.85331e+09,2.00997e+07,2.94615e+08,-9.24811e+09,-1.52325e+09,-5.14847e+07,-1.07418e+09,0.00111375,0.000177049,-2.99047e-22
0,2.08359e+09,6.1688e+07,3.19035e+08,-1.04188e+10,-1.48728e+09,4.76903e+07,3.5589e+08,0.000907028,0.000138883,2.09763e-23
0,2.31951e+09,1.39594e+07,3.30186e+08,3.16808e+09,-1.03893e+09,-1.06967e+08,-2.97486e+08,0.000926627,0.000131907,8.96631e-25
0,1.92695e+09,-2.6282e+07,3.05143e+08,4.02219e+09,1.04871e+09,7.01459e+08,-1.15716e+09,0.000967602,0.000153225,1.49016e-23
0,1.99739e+09,-1.61239e+07,3.01698e+08,-2.73542e+09,-7.50217e+08,4.84373e+08,-1.2916e+09,0.00104867,0.000158399,-4.40472e-24
0,1.92489e+09,1.58621e+06,3.2852e+08,-4.45049e+09,-1.33456e+09,3.74767e+07,-1.61988e+08,0.000967825,0.000165178,-5.37939e-24
0,2.1045e+09,3.46528e+07,3.15939e+08,5.10861e+09,-1.19196e+09,1.57568e+08,-1.1402e+09,0.00107902,0.000161989,2.46001e-23
0,1.82086e+09,-5.47444e+06,2.76432e+08,1.75743e+10,1.81241e+08,-1.19082e+08,2.20262e+08,0.0010689,0.000162274,-3.38937e-22
0,1.84807e+09,-6.63691e+07,2.87517e+08,3.01636e+09,-1.60712e+09,3.35262e+08,-8.70482e+08,0.00105611,0.000164306,1.41643e-23
0,1.68688e+09,2.00983e+07,2.5664e+08,1.31547e+10,-1.22207e+09,-1.99526e+08,-9.76811e+08,0.00105128,0.00015994,9.15485e-22
0,2.1088e+09,-9.23623e+06,2.89739e+08,-8.20792e+09,-1.34572e+08,-8.07908e+07,-4.3799e+08,0.000983013,0.000135061,-2.108e-23
0,2.05059e+09,6.36485e+07,2.96272e+08,1.14274e+10,-5.86517e+08,-7.79808e+07,-7.49618e+08,0.000977196,0.000141187,1.12513e-22
0,2.12061e+09,2.57336e+07,3.25624e+08,4.17258e+09,-6.29379e+08,2.25932e+08,-9.88331e+08,0.00100243,0.000153926,6.32198e-24
0,2.2882e+09,2.58046e+07,3.29893e+08,-4.72349e+09,2.06381e+08,2.19534e+08,1.70771e+08,0.000893486,0.000128815,7.54685e-25
0,2.22366e+09,-3.38294e+06,3.34459e+08,-1.30771e+09,-9.10241e+08,-9.76704e+07,-5.78838e+08,0.00098539,0.000148211,-3.37436e-25
0,1.66157e+09,-6.46176e+06,2.66871e+08,4.85376e+09,9.0649e+08,-2.8813e+08,-1.46324e+09,0.00100709,0.000161753,4.73141e-23
0,1.8035e+09,2.55981e+07,2.98297e+08,-9.49635e+09,-2.15198e+09,-3.3104e+07,-9.49376e+08,0.00107984,0.000178604,-3.39219e-22
0,2.10477e+09,-3.57739e+07,3.34262e+08,-6.75311e+09,2.40456e+08,-5.17808e+08,-5.92997e+08,0.000934277,0.000148374,-1.36511e-23
0,1.98157e+09,4.5238e+07,3.07233e+08,6.82233e+09,3.86012e+08,-5.00142e+08,-9.47184e+08,0.000955192,0.000148098,2.80553e-23
0,1.95458e+09,1.84131e+07,3.07334e+08,-3.45813e+09,1.33521e+08,-5.98509e+08,-1.11114e+09,0.000991484,0.000155898,-5.44174e-24
0,1.98493e+09,-3.72211e+07,3.16352e+08,-2.70724e+09,2.10356e+08,3.4226e+08,-1.09078e+09,0.00102848,0.000163916,-2.46194e-24
0,2.12619e+09,1.39982e+07,3.10183e+08,2.79117e+08,-1.86926e+09,-6.66797e+07,-1.22644e+09,0.00109647,0.00015996,4.6332e-25
0,2.10052e+09,8.71854e+06,3.27403e+08,-3.55076e+09,-3.09435e+08,1.36288e+08,-8.29611e+08,0.000975463,0.000152043,-3.22419e-24
0,1.87717e+09,-1.99681e+07,2.81911e+08,-5.25936e+09,-1.4137e+09,-4.32121e+08,-1.75168e+09,0.0011413,0.000171399,-8.80855e-23
0,1.77148e+09,4.41618e+07,2.69526e+08,1.65178e+10,-1.73973e+08,2.18012e+08,3.61254e+08,0.00107677,0.000163829,-5.50502e-22
0,1.99056e+09,5.8401e+06,3.06004e+08,-5.36615e+08,-1.43287e+08,1.51116e+08,-1.35479e+09,0.0010377,0.000159522,1.93071e-25
0,1.80714e+09,-4.87374e+07,3.01528e+08,-3.43001e+09,1.98645e+09,2.2271e+08,-1.39082e+09,0.00100992,0.000168509,-7.79219e-24
0,2.11784e+09,-1.9932e+07,3.17003e+08,-6.00849e+09,-1.45253e+09,-6.00446e+08,-8.81887e+08,0.00103417,0.000154797,-1.68152e-23
0,2.18312e+09,3.97205e+07,3.04475e+08,-2.27245e+09,-6.92711e+08,1.10189e+08,1.10731e+08,0.00090648,0.000126425,-4.21643e-26
0,2.0508e+09,-1.694e+06,3.14381e+08,-4.15729e+09,-1.37152e+09,-1.02931e+08,-1.24412e+09,0.0010853,0.000166373,-2.10974e-23
0,1.79618e+09,3.04798e+07,2.64871e+08,1.7103e+10,3.73697e+08,1.90562e+08,2.88893e+08,0.00113663,0.000167611,-5.61905e-22
0,1.82643e+09,-3.19876e+07,3.11859e+08,-2.25413e+09,1.67412e+09,1.09801e+08,-1.23076e+09,0.000999581,0.000170677,-1.87423e-24
0,2.03487e+09,-1.68998e+07,3.38709e+08,-8.64513e+09,2.51217e+08,-4.89097e+08,-4.81446e+08,0.000929598,0.000154734,-2.69215e-23
0,1.9459e+09,5.81609e+06,3.08316e+08,-1.11587e+09,-8.22276e+07,-2.01168e+08,-1.37729e+09,0.00104903,0.000166212,2.11028e-25
0,1.74494e+09,2.52746e+07,2.98041e+08,1.18041e+10,2.06399e+09,3.9576e+08,-1.10732e+09,0.00103629,0.000177002,6.26741e-22
0,1.73919e+09,-3.31346e+07,3.08424e+08,-3.63193e+09,-2.89965e+08,-2.08661e+08,-1.15409e+09,0.00101191,0.00017945,-1.2822e-23
0,2.13806e+09,1.43061e+07,3.26821e+08,3.84252e+09,-1.07851e+09,3.29733e+08,-9.57444e+08,0.00103563,0.000158304,6.18681e-24
0,2.04112e+09,-3.05893e+07,3.19691e+08,-8.07545e+09,-7.8477e+08,-5.59222e+08,-7.91123e+08,0.000989558,0.00015499,-3.54688e-23
0,1.81902e+09,1.50562e+07,2.78781e+08,-1.01566e+10,-1.47842e+09,2.35496e+08,-1.16437e+09,0.00110251,0.000168969,-4.71339e-22
0,1.72753e+09,3.06787e+07,2.35242e+08,1.30498e+10,7.65611e+08,1.62964e+08,-1.21851e+09,0.00123752,0.000168516,2.086e-21
0,1.85335e+09,-5.42295e+07,3.00979e+08,4.3378e+09,2.16758e+08,3.03285e+08,-6.93456e+08,0.00109513,0.000177846,1.69499e-23
0,2.30301e+09,2.33622e+07,3.26268e+08,4.29786e+09,-6.95355e+08,-1.53448e+08,-2.70785e+08,0.000936409,0.000132662,1.38292e-24
0,1.80053e+09,6.94379e+07,2.95415e+08,-3.45533e+09,-2.05871e+09,-2.01264e+08,-1.14676e+09,0.0010821,0.000177542,-4.65502e-23
0,1.95364e+09,-1.02044e+07,3.40399e+08,-5.86918e+09,4.89043e+08,-4.13143e+08,-4.07456e+08,0.000901804,0.000157129,-8.79883e-24
0,2.04318e+09,-4.64282e+07,3.22833e+08,-4.99213e+09,3.88424e+08,-1.88481e+08,-9.94013e+08,0.000989477,0.000156343,-1.3393e-23
0,2.04347e+09,-4.74942e+07,3.06545e+08,-1.45954e+08,-8.96104e+08,5.06071e+08,-1.27147e+08,0.00117215,0.000175837,2.42056e-25
0,1.9537e+09,-6.61249e+06,3.13312e+08,4.06283e+08,5.17657e+08,1.08512e+08,-1.24963e+09,0.00101019,0.000162003,-7.10127e-26
0,1.9687e+09,-1.93232e+06,3.28617e+08,-8.88274e+08,2.96434e+07,-1.91918e+08,-1.06312e+09,0.000994359,0.000165979,5.75182e-26
0,2.14453e+09,-3.77408e+07,3.36071e+08,-6.7682e+09,7.7207e+08,-3.81217e+08,-4.27229e+08,0.00088203,0.000138224,-8.21946e-24
0,2.04587e+09,-1.13683e+07,3.32226e+08,-3.17574e+09,3.59909e+08,-1.18323e+07,-7.01145e+08,0.000936165,0.000152023,-1.77015e-24
0,1.98751e+09,-2.66276e+07,3.17306e+08,-7.69558e+09,-2.24998e+08,-1.62856e+08,-8.65581e+08,0.000962884,0.000153724,-4.09388e-23
0,1.97006e+09,6.9202e+07,2.83574e+08,5.85855e+09,-5.16322e+08,-3.24608e+08,-1.07471e+09,0.00105876,0.0001524,4.08315e-23
0,1.73163e+09,-5.63538e+07,3.07029e+08,-1.25553e+09,3.36784e+08,6.06013e+07,-1.08451e+09,0.00100275,0.000177793,-2.19985e-25
0,1.70607e+09,2.59381e+07,2.35256e+08,1.00912e+10,7.14294e+08,3.47891e+08,-1.34905e+09,0.00129778,0.000178955,1.4781e-21
0,2.06088e+09,3.87074e+07,3.21121e+08,9.43422e+09,-6.97271e+08,3.29739e+08,-7.5112e+08,0.000979471,0.000152619,5.59444e-23
0,1.82426e+09,2.48167e+07,2.77268e+08,9.00337e+09,-9.52896e+08,4.59629e+08,-1.19222e+09,0.00113409,0.000172369,2.90081e-22
0,1.83187e+09,5.27174e+07,2.89208e+08,9.21179e+09,1.25417e+09,-2.31905e+08,-1.39003e+09,0.000996828,0.000157375,1.93432e-22
0,1.69534e+09,-4.00459e+07,2.7317e+08,-5.11607e+09,2.10519e+09,-2.8037e+08,-1.62458e+09,0.00103521,0.000166804,-8.82105e-23
0,2.04117e+09,-3.91824e+06,2.90971e+08,3.56961e+08,-1.70488e+09,7.15972e+08,-1.12242e+09,0.00106265,0.000151481,4.61887e-24
0,1.85794e+09,9.46528e+07,2.95301e+08,-1.47607e+09,-1.73682e+09,-3.89319e+08,-7.4831e+08,0.00105504,0.000167688,-7.58832e-24
0,1.7413e+09,-7.19858e+07,3.00027e+08,1.98111e+09,1.42891e+08,9.94579e+07,-1.0142e+09,0.00100568,0.000173279,1.54766e-24
0,1.95285e+09,-1.81481e+07,3.18929e+08,-6.3838e+09,7.62364e+07,-7.76618e+06,-8.17093e+08,0.000949849,0.000155124,-2.2785e-23
0,1.99901e+09,2.99531e+07,3.19075e+08,6.43739e+09,6.95144e+08,2.47674e+08,-9.78803e+08,0.000933807,0.000149051,2.50675e-23
0,1.87138e+09,1.12344e+07,3.1236e+08,-6.97126e+08,6.46794e+08,-4.51223e+08,-1.45125e+09,0.00101281,0.000169053,1.93772e-25
0,1.92563e+09,2.03648e+07,3.20536e+08,3.49587e+08,-6.59925e+07,-3.59679e+08,-1.21277e+09,0.00101935,0.000169679,-1.22064e-25
0,2.24669e+09,3.07652e+07,2.87659e+08,3.11251e+09,-2.04464e+09,-3.25188e+08,-3.32733e+08,0.00098739,0.000126422,5.24882e-24
0,1.9375e+09,-2.82233e+07,3.21726e+08,-4.18758e+09,1.40304e+08,-5.60466e+08,-1.06726e+09,0.00100884,0.00016752,-1.13368e-23
0,1.63876e+09,-1.99828e+07,2.74513e+08,-2.86484e+09,2.47884e+09,-1.79126e+08,-1.4723e+09,0.00101481,0.000169994,-9.66203e-24
0,1.97205e+09,2.8105e+07,3.00895e+08,1.16866e+10,3.74022e+08,5.2046e+08,-1.15949e+09,0.00101339,0.000154623,2.74095e-22
0,1.81817e+09,-1.13558e+07,3.06087e+08,-2.01808e+09,9.09947e+08,-8.0021e+07,-1.47698e+09,0.00100659,0.000169459,-2.25362e-24
0,2.05907e+09,-2.65359e+07,3.26458e+08,-5.27251e+09,-5.58487e+08,-2.49406e+08,-1.01283e+09,0.00101952,0.000161641,-1.63162e-23
0,1.77472e+09,-6.66064e+07,3.07035e+08,3.80203e+09,3.23627e+08,2.05129e+07,-7.58518e+08,0.00101173,0.000175033,9.86491e-24
0,2.12764e+09,2.80533e+07,3.17114e+08,7.10746e+09,-1.40088e+09,4.86286e+08,-8.92811e+08,0.00102443,0.000152687,2.89966e-23
0,1.90402e+09,4.19798e+07,3.00229e+08,-7.84875e+09,-2.56498e+09,1.35976e+08,-9.12203e+08,0.00108309,0.000170782,-2.12153e-22
0,1.84202e+09,4.03999e+07,3.0149e+08,9.83466e+08,1.45506e+09,-6.87799e+08,-1.44675e+09,0.00100477,0.000164454,6.91661e-27
0,1.984e+09,1.8557e+07,3.24431e+08,-3.57227e+09,8.33614e+08,-4.36428e+08,-9.11092e+08,0.00095592,0.000156316,-5.92015e-24
0,2.13681e+09,1.90102e+07,3.17312e+08,4.19111e+09,-1.5422e+09,-2.46223e+08,-6.2839e+08,0.000995315,0.000147802,9.35458e-24
0,2.30117e+09,2.06833e+07,3.31391e+08,4.14102e+09,-5.23184e+08,-1.56093e+08,-2.47375e+08,0.000903773,0.000130152,8.67266e-25
0,1.96426e+09,4.35655e+06,3.01247e+08,2.64873e+09,-8.79479e+08,1.30862e+08,-1.08268e+09,0.00103214,0.000158294,4.09016e-24
0,1.98546e+09,-2.20942e+06,3.31992e+08,-9.63079e+08,-7.61254e+07,-1.87275e+08,-9.4609e+08,0.000993761,0.000166168,9.29298e-27
0,1.93003e+09,-1.874e+07,3.08768e+08,4.27093e+09,1.55208e+09,7.18305e+08,-1.11069e+09,0.000952397,0.000152366,1.84291e-23
0,1.91109e+09,2.33884e+07,3.03802e+08,-1.8162e+09,-1.59819e+09,-9.27599e+08,-1.0511e+09,0.00103705,0.000164858,-4.66249e-24
0,2.01757e+09,-3.31445e+07,3.30914e+08,-5.98841e+09,-2.46216e+06,-4.22843e+08,-8.70443e+08,0.000990833,0.000162513,-2.05597e-23
0,2.01011e+09,-5.08187e+07,3.20366e+08,-7.61999e+09,4.38744e+08,-1.88805e+08,-8.39501e+08,0.00100194,0.000159687,-4.7231e-23
0,1.93842e+09,-2.76145e+06,3.10906e+08,-5.21772e+08,-7.88955e+08,-1.07523e+08,-1.45277e+09,0.00105788,0.000169675,-3.25847e-25
0,1.95762e+09,1.36308e+07,3.25895e+08,8.00851e+09,1.9806e+08,2.61985e+08,-1.04258e+09,0.000984878,0.000163957,6.91118e-23
0,1.75326e+09,-1.31705e+07,2.6688e+08,1.07812e+09,7.20753e+08,6.39065e+08,-1.50409e+09,0.00122159,0.00018595,2.56792e-25
0,1.89818e+09,-1.10339e+07,2.95703e+08,2.78178e+09,-1.82198e+08,2.07673e+08,-1.21662e+09,0.00101604,0.000158282,3.56783e-24
0,1.91641e+09,-4.91326e+07,2.90567e+08,-2.12505e+09,6.67742e+07,9.34173e+08,-1.31197e+09,0.00103299,0.000156623,-4.90006e-25
0,1.95766e+09,-4.7816e+06,3.04024e+08,-2.27057e+09,4.02664e+07,-2.8965e+07,-1.24378e+09,0.000997159,0.000154859,-1.40035e-24
0,2.06983e+09,6.99604e+06,3.17381e+08,1.2411e+09,-1.27249e+09,6.29626e+08,-9.85815e+08,0.0010519,0.000161295,1.85129e-24
0,1.94267e+09,-3.3135e+07,2.78388e+08,-9.05936e+08,-1.31149e+09,4.03081e+08,-1.29584e+09,0.00108549,0.000155554,3.58577e-25
0,1.89927e+09,-1.7769e+07,2.98923e+08,6.33102e+09,1.51523e+08,2.02118e+08,-1.01586e+09,0.00109299,0.000172023,6.42758e-23
0,2.07097e+09,-3.73757e+07,3.29894e+08,-6.63304e+09,8.1574e+07,-3.12636e+08,-8.41161e+08,0.000977453,0.000155702,-2.28211e-23
0,1.86845e+09,2.34908e+07,3.11862e+08,-3.33144e+08,5.2615e+08,-5.90211e+08,-1.41432e+09,0.00100232,0.000167297,2.86188e-25
0,1.98589e+09,5.96768e+07,3.16743e+08,5.8479e+09,8.02982e+08,1.89442e+08,-1.10821e+09,0.000993506,0.000158461,2.95866e-23
0,2.12454e+09,2.04127e+07,3.13215e+08,4.24357e+09,-2.11023e+09,2.74902e+08,-1.14729e+09,0.00110716,0.000163225,3.19538e-23
0,1.78997e+09,-4.98436e+06,2.60931e+08,-1.30925e+10,2.2603e+09,1.17138e+08,2.70501e+08,0.00114199,0.000166472,4.61685e-22
0,2.05018e+09,2.82577e+07,2.9512e+08,2.70436e+09,-2.03109e+09,2.00222e+08,-1.30809e+09,0.00110111,0.000158504,1.9982e-23
0,2.01024e+09,2.46289e+07,3.31163e+08,8.35399e+09,-3.66485e+08,6.51311e+08,-8.74639e+08,0.00100819,0.000166087,5.60173e-23
0,1.98984e+09,-1.87542e+07,2.99811e+08,2.73243e+09,-2.24988e+08,5.00616e+08,-1.11504e+09,0.00103512,0.000155963,2.13164e-24
0,2.02139e+09,4.19142e+07,3.05533e+08,2.71185e+08,5.12944e+07,5.38914e+07,-9.73658e+08,0.00099575,0.000150508,-2.75761e-26
0,2.08335e+09,-2.84505e+07,3.34905e+08,-7.34583e+09,9.68224e+07,-4.3065e+08,-6.58306e+08,0.000962987,0.000154803,-2.22568e-23
0,1.99765e+09,4.88673e+07,3.23213e+08,6.51161e+09,1.09743e+09,2.51598e+08,-9.03142e+08,0.000996128,0.00016117,3.51848e-23
0,2.3045e+09,4.59573e+06,3.17992e+08,5.27639e+09,5.70127e+07,-9.61351e+07,-1.33101e+08,0.000976958,0.000134808,1.04527e-24
0,2.03624e+09,2.24881e+07,3.30476e+08,4.43028e+09,3.84187e+08,2.4086e+08,-8.34783e+08,0.000943034,0.000153052,6.51784e-24
0,1.99365e+09,-3.81203e+07,3.27603e+08,-6.8351e+09,-4.98105e+07,-7.09104e+08,-8.71554e+08,0.000982883,0.00016151,-3.00895e-23
0,1.69626e+09,6.07658e+07,2.62527e+08,6.24851e+09,1.23368e+09,-7.80443e+08,-1.35783e+09,0.00105759,0.000163681,8.68156e-23
0,2.14663e+09,-1.82629e+07,3.04707e+08,-5.97283e+09,-1.70767e+09,-1.55175e+08,-9.84619e+08,0.00102929,0.000146104,-2.94524e-23
0,2.00766e+09,1.84251e+07,3.16888e+08,2.16479e+09,-8.94109e+08,-5.21824e+08,-1.05463e+09,0.00105413,0.000166383,2.17513e-24
0,1.88311e+09,4.35885e+06,3.09638e+08,9.82747e+08,7.70928e+08,2.16294e+08,-1.37414e+09,0.00100541,0.000165318,1.00889e-25
0,2.15799e+09,1.43162e+07,3.38503e+08,5.24691e+09,-2.42507e+08,3.73853e+08,-4.92247e+08,0.000938216,0.000147168,3.82137e-24
0,2.03906e+09,-2.40379e+07,3.25874e+08,-5.41491e+09,-8.6045e+08,-3.77588e+08,-1.05563e+09,0.0010523,0.000168174,-2.18385e-23
0,2.071e+09,-1.65415e+07,3.30056e+08,-1.91218e+09,-2.52827e+08,-2.27736e+08,-9.29932e+08,0.000990102,0.000157793,-4.51433e-25
0,2.24493e+09,3.82316e+06,2.95431e+08,-1.57766e+09,1.52881e+09,-3.44251e+07,3.2865e+08,0.000983098,0.000129375,1.04861e-24
0,2.07042e+09,6.65856e+06,3.0363e+08,8.42454e+08,-9.6304e+08,4.11651e+08,-1.0692e+09,0.0010456,0.000153339,7.95613e-25
0,1.98034e+09,-4.68047e+07,3.12168e+08,3.41435e+08,-2.3194e+09,-4.97161e+08,-8.11933e+08,0.00104176,0.000164217,-3.38356e-24
0,1.9824e+09,-3.11487e+07,3.15979e+08,-4.1474e+09,-2.92987e+08,3.60255e+08,-1.09509e+09,0.0010476,0.00016698,-1.25814e-23
0,2.06807e+09,-3.30993e+07,3.36013e+08,-8.52193e+09,2.47251e+08,-8.24157e+08,-5.60482e+08,0.000926432,0.000150523,-2.80684e-23
0,2.0632e+09,2.7388e+07,3.21694e+08,5.40906e+09,-9.63849e+08,5.32334e+08,-1.18032e+09,0.00105545,0.000164565,2.1347e-23
0,2.15226e+09,1.15448e+07,3.39717e+08,4.71641e+09,-2.76782e+08,4.91223e+08,-4.46886e+08,0.000949021,0.000149795,2.31153e-24
0,1.91822e+09,-1.43823e+07,2.98354e+08,-3.68411e+09,-1.27802e+09,2.37773e+08,-1.44515e+09,0.00111554,0.000173508,-2.81543e-23
0,1.79966e+09,2.6091e+07,3.0566e+08,-6.50411e+09,-9.45187e+08,-2.6779e+08,-1.21982e+09,0.0011255,0.000191158,-1.23625e-22
0,1.55101e+09,2.41763e+07,2.15242e+08,-8.65525e+09,-1.0629e+09,2.72172e+08,-1.44044e+09,0.00123417,0.000171272,-1.3066e-21
0,1.95183e+09,3.4906e+07,3.13023e+08,1.04956e+10,1.33245e+08,1.90215e+08,-9.41802e+08,0.000979567,0.000157097,1.38583e-22
0,1.93389e+09,-6.06799e+07,2.88588e+08,-4.3679e+09,1.59307e+07,7.9154e+08,-1.27724e+09,0.00104838,0.000156446,-1.64237e-23
0,1.74525e+09,6.79484e+06,2.85482e+08,-2.49656e+09,-4.48178e+08,-6.75772e+08,-1.31882e+09,0.00108549,0.000177561,-2.08377e-24
0,1.91685e+09,6.19362e+07,3.0671e+08,1.08457e+10,1.06736e+08,-6.92528e+08,-9.54723e+08,0.00101696,0.00016272,1.97031e-22
0,1.901e+09,-4.78358e+07,3.18975e+08,-4.65857e+09,6.55339e+08,1.40264e+08,-1.01762e+09,0.00102046,0.000171226,-1.70432e-23
0,1.74019e+09,8.26696e+07,2.88653e+08,6.41873e+09,1.90573e+09,-5.7025e+08,-1.59362e+09,0.00103246,0.000171258,8.74741e-23
0,1.81552e+09,-5.58847e+07,3.12656e+08,1.17777e+08,-1.74721e+09,-1.78414e+08,-6.53269e+08,0.00101729,0.000175189,-7.63559e-25
0,2.09346e+09,-1.66773e+07,3.36224e+08,-8.92643e+09,1.82824e+08,-5.39441e+08,-5.76861e+08,0.0009603,0.000154231,-3.49972e-23
0,1.90656e+09,2.42256e+07,3.18735e+08,7.95085e+08,6.47812e+07,-2.94022e+08,-1.29292e+09,0.00100982,0.00016882,-1.97595e-25
0,2.02138e+09,-7.88574e+06,3.38431e+08,-4.04605e+09,5.8088e+08,-2.36932e+08,-4.88488e+08,0.000920374,0.000154095,-3.09383e-24
0,1.82951e+09,-3.37499e+07,2.90914e+08,-4.42681e+09,-2.77126e+08,3.17975e+08,-1.59718e+09,0.00108345,0.000172282,-3.60803e-23
0,1.94765e+09,-2.98077e+07,3.1758e+08,-3.80579e+08,2.45185e+08,7.03655e+07,-1.20394e+09,0.00102571,0.00016725,7.93551e-26
0,1.95897e+09,3.34693e+07,3.02189e+08,-4.43877e+08,-3.22798e+08,-6.12953e+08,-1.25922e+09,0.00104661,0.000161449,1.66961e-25
0,1.94194e+09,-4.97409e+07,2.9853e+08,-4.99063e+09,-1.77721e+07,7.04365e+08,-1.20571e+09,0.00104323,0.000160374,-2.3919e-23
0,1.95832e+09,6.07627e+07,3.03344e+08,1.02772e+10,-5.11464e+08,-4.0514e+08,-1.05972e+09,0.0010335,0.00016009,1.97035e-22
0,2.07217e+09,-8.98403e+06,3.31986e+08,-2.13534e+09,-1.48145e+08,-1.04747e+08,-8.33645e+08,0.000971341,0.00015562,-6.12109e-25
0,1.62806e+09,-1.76863e+06,2.79568e+08,-6.60225e+08,4.14008e+08,-9.14295e+08,-1.28607e+09,0.00107803,0.000185118,1.44351e-24
0,2.20873e+09,3.3e+06,3.39881e+08,2.06684e+09,-5.86516e+08,2.73763e+08,-4.32217e+08,0.000975189,0.000150063,2.04523e-25
0,2.27455e+09,-2.5305e+07,3.12567e+08,2.26504e+09,4.95732e+08,-4.0467e+08,4.87346e+07,0.000900235,0.00012371,-1.18719e-25
0,1.965e+09,-6.70241e+06,3.32289e+08,-7.7689e+09,7.74488e+08,-4.68106e+08,-7.54564e+08,0.000927601,0.000156861,-3.97193e-23
0,1.70751e+09,7.7881e+07,2.85612e+08,8.98974e+09,1.5491e+09,-7.62602e+08,-1.59513e+09,0.00106208,0.000177651,3.33422e-22
0,1.75442e+09,7.90149e+07,2.91384e+08,5.44255e+09,1.42905e+09,-5.71264e+08,-1.57726e+09,0.00103798,0.000172393,5.44744e-23
0,1.74063e+09,-2.63014e+07,2.90348e+08,-3.70889e+09,1.06138e+09,4.30757e+08,-1.64336e+09,0.00106148,0.000177062,-2.08172e-23
0,1.85017e+09,-3.98816e+07,3.16886e+08,-2.19854e+09,1.5344e+09,4.38364e+08,-1.10784e+09,0.000987346,0.000169107,-5.19349e-25
0,1.98123e+09,3.35017e+07,2.68712e+08,3.80917e+09,-2.93341e+08,-1.20611e+08,-1.05791e+09,0.00103133,0.000139879,8.6035e-24
0,1.7077e+09,2.36503e+07,3.15216e+08,-4.36182e+09,-1.55649e+09,-2.71521e+08,-9.37319e+08,0.00105979,0.000195623,-4.29084e-23
0,1.63651e+09,-5.99442e+06,2.76822e+08,9.17674e+08,6.1834e+08,-8.60396e+08,-1.2681e+09,0.00108493,0.00018352,-1.48988e-25
0,1.81215e+09,7.97839e+07,3.10513e+08,-4.55516e+09,-3.66769e+07,-8.23862e+08,-5.96017e+08,0.000948189,0.000162473,-7.31054e-24
0,2.1515e+09,2.06492e+07,3.29548e+08,3.47247e+09,-7.26997e+08,2.20346e+08,-8.74218e+08,0.000998809,0.000152989,3.10369e-24
0,1.94444e+09,2.42774e+07,3.27456e+08,-9.43735e+08,1.69843e+09,-5.2631e+08,-6.63585e+08,0.000903062,0.000152082,1.15516e-25
0,1.92962e+09,7.70967e+06,2.77822e+08,-1.19717e+10,8.14024e+08,-6.73639e+08,1.82902e+08,0.00101727,0.000146463,1.08329e-23
0,1.75013e+09,3.90227e+07,2.99097e+08,-5.54877e+09,-3.67012e+08,-1.02395e+08,-1.37115e+09,0.00115033,0.000196591,-1.07986e-22
0,1.82141e+09,-2.90325e+07,2.92807e+08,4.00651e+09,-1.76074e+08,6.33254e+08,-1.10691e+09,0.00104758,0.000168408,1.35096e-23
0,2.05466e+09,-3.21668e+07,3.19214e+08,-2.04385e+09,-2.90991e+08,-8.55371e+07,-1.13819e+09,0.00102715,0.00015958,-8.9388e-25
0,2.01333e+09,-1.93711e+07,3.29591e+08,-2.71867e+09,-6.28739e+08,-8.03806e+07,-1.01434e+09,0.00107539,0.000176047,-3.71017e-24
0,1.99073e+09,-1.17115e+07,3.08244e+08,2.16377e+09,-3.92251e+08,5.67295e+08,-1.13245e+09,0.00100322,0.000155339,4.57072e-25
0,1.73599e+09,1.81498e+06,3.23219e+08,-2.91701e+09,6.66425e+08,-2.42592e+08,-3.91472e+08,0.00094276,0.000175529,-2.63172e-24
0,1.90814e+09,-4.75365e+06,3.33763e+08,-4.75837e+09,1.06486e+09,-5.16138e+08,-7.15951e+08,0.000906968,0.000158643,-1.14743e-23
0,2.18863e+09,1.80657e+07,3.17837e+08,5.81117e+09,-1.98289e+09,1.71737e+08,-8.33422e+08,0.0010792,0.000156724,3.25359e-23
0,1.85515e+09,5.1611e+06,3.06958e+08,-4.46467e+09,1.71956e+09,-5.68398e+08,-1.21598e+09,0.000957873,0.000158492,-2.50679e-23
0,2.05263e+09,1.39535e+07,3.04264e+08,2.03184e+09,-8.52896e+08,-4.56643e+08,-1.22254e+09,0.00106022,0.000157158,1.62197e-24
0,1.74234e+09,6.21478e+06,3.1546e+08,-2.95518e+09,-7.25797e+08,-1.91777e+08,-1.27553e+09,0.00105241,0.000190545,-1.03254e-23
0,1.84692e+09,-2.34225e+07,2.9067e+08,-2.85756e+09,9.9765e+08,2.18939e+08,-1.47816e+09,0.001013,0.000159427,-5.40293e-24
0,1.66423e+09,-2.68118e+07,2.72131e+08,3.08434e+09,3.71012e+08,-5.01272e+08,-1.2138e+09,0.00109322,0.000178761,1.247e-23
0,1.84731e+09,6.47854e+07,3.15274e+08,-1.60073e+09,2.03402e+08,-9.67329e+08,-6.79747e+08,0.000949535,0.000162054,-2.67993e-25
0,1.63608e+09,-1.69927e+07,2.53621e+08,-5.15196e+09,-9.29655e+08,-3.2512e+08,-1.81431e+09,0.00114663,0.000177747,-1.53107e-22
0,1.70576e+09,3.91121e+07,3.07273e+08,-4.82258e+09,-8.44904e+08,-1.96554e+08,-1.25418e+09,0.00112264,0.00020223,-6.85819e-23
0,2.12464e+09,7.5432e+06,3.19045e+08,1.509e+09,-1.82846e+09,2.54559e+08,-8.22449e+08,0.00108624,0.000163114,5.32109e-24
0,2.04047e+09,-2.52906e+07,3.26343e+08,-4.10539e+09,-6.85955e+07,-2.28389e+08,-9.70866e+08,0.00100602,0.000160898,-7.22499e-24
0,1.9595e+09,-3.42709e+07,2.76371e+08,1.09903e+10,1.10217e+09,7.6916e+08,6.76303e+08,0.000991098,0.000139786,-7.85776e-23
0,1.88063e+09,5.46586e+07,3.16479e+08,3.66233e+09,2.26623e+09,-7.74519e+08,-6.82896e+08,0.000901981,0.000151789,-4.96587e-24
0,1.65113e+09,-2.50533e+07,2.69569e+08,4.7352e+09,4.33605e+08,-5.76164e+08,-1.06417e+09,0.00110359,0.000180176,4.91276e-23
0,2.0812e+09,3.65112e+07,2.91909e+08,5.11938e+09,-2.17769e+09,-9.71657e+07,-1.22833e+09,0.00109348,0.000153371,5.74936e-23
0,1.81963e+09,6.66288e+07,2.79009e+08,1.74699e+09,1.03151e+09,-1.23036e+09,-1.38098e+09,0.00105919,0.00016241,7.08085e-26
0,1.91117e+09,-5.66152e+06,3.26631e+08,1.86584e+09,2.42207e+08,1.84399e+08,-1.77619e+08,0.000975406,0.000166703,2.32042e-25
0,1.78672e+09,7.78807e+06,2.8005e+08,-3.33751e+08,1.21461e+09,-4.12411e+08,-1.63675e+09,0.00106875,0.000167515,3.68958e-26
0,2.00667e+09,2.67993e+07,2.8656e+08,5.71404e+09,-2.15002e+09,-7.49466e+08,-1.35991e+09,0.00117493,0.000167785,1.39922e-22
0,2.05346e+09,-1.7425e+07,3.05844e+08,2.09989e+09,-6.60432e+08,8.23643e+07,-9.90162e+08,0.00102329,0.00015241,1.31334e-24
0,1.85985e+09,1.84246e+07,2.39066e+08,8.06913e+09,2.31779e+09,1.17906e+09,9.21572e+08,0.00112476,0.000144577,-4.83595e-23
0,1.80154e+09,5.20168e+07,3.06646e+08,3.25369e+09,1.22706e+09,-6.49812e+08,-1.46712e+09,0.00102487,0.000174448,6.78723e-24
0,1.98164e+09,3.63265e+07,2.88759e+08,7.0077e+09,-1.64549e+09,-7.47602e+08,-1.36477e+09,0.00114655,0.000167071,1.78505e-22
0,2.08453e+09,-8.34593e+06,3.30322e+08,-1.2738e+09,-4.33452e+08,-1.21502e+08,-9.13018e+08,0.00101183,0.000160338,-1.83728e-25
0,2.16346e+09,-2.36491e+07,3.36136e+08,-5.58724e+09,-2.30689e+08,-4.06013e+08,-5.92338e+08,0.00095524,0.000148415,-6.12174e-24
0,1.83545e+09,-1.94746e+07,3.15521e+08,-1.26069e+09,5.54845e+08,2.9719e+07,-1.48642e+09,0.00105364,0.000181124,-2.52008e-26
0,2.31314e+09,1.20392e+07,3.3608e+08,-1.28126e+09,-3.95277e+06,1.82927e+08,4.28545e+06,0.000869511,0.000126333,1.77071e-28
0,1.99491e+09,-4.29112e+07,3.14497e+08,-6.65806e+09,-1.76926e+08,-9.14828e+06,-1.313e+09,0.00102681,0.000161877,-5.39235e-23
0,1.92003e+09,-6.58067e+07,3.07684e+08,-4.76409e+09,1.53888e+09,5.19994e+08,-1.09037e+09,0.000975811,0.000156373,-9.11962e-24
0,2.03506e+09,-6.64581e+06,3.31682e+08,-3.05295e+09,4.32987e+08,-1.37986e+08,-8.08077e+08,0.000942905,0.000153678,-2.04381e-24
0,1.99092e+09,-1.20486e+07,2.65589e+08,-1.48122e+09,-1.40898e+09,1.38208e+08,-1.15455e+09,0.00110356,0.000147215,-3.57196e-24
0,1.75732e+09,5.59442e+07,2.7881e+08,2.88106e+09,5.94751e+08,-9.46624e+08,-1.42954e+09,0.00106631,0.000169177,4.98078e-24
0,2.00851e+09,499834,3.31909e+08,-2.61024e+09,6.45702e+07,-3.01577e+08,-8.93386e+08,0.000980348,0.000162004,-1.53197e-24
0,1.70079e+09,-5.51693e+07,2.62783e+08,7.15674e+09,-5.14719e+08,-5.31037e+08,-7.57589e+08,0.00113143,0.000174813,1.62154e-22
0,1.91902e+09,-5.41151e+06,3.18253e+08,-3.47414e+09,2.81467e+08,5.53604e+07,-1.04403e+09,0.000976496,0.000161943,-5.45569e-24
0,1.73389e+09,2.66011e+07,3.06306e+08,-4.52787e+09,-8.61845e+08,-5.44523e+08,-1.5771e+09,0.00109639,0.000193687,-4.67611e-23
0,2.00627e+09,-9.39818e+06,3.1409e+08,-4.37962e+09,-1.12467e+09,1.46435e+08,-1.08034e+09,0.00107419,0.000168168,-2.14369e-23
0,1.90247e+09,9.69761e+06,2.99002e+08,3.54098e+09,1.11527e+09,5.10127e+08,-1.28124e+09,0.000998209,0.000156884,1.28247e-23
0,2.221e+09,-1.25309e+07,3.01015e+08,-4.15183e+07,-3.05685e+07,-1.80454e+08,5.44367e+07,0.000907476,0.000122992,-2.43455e-30
0,1.93141e+09,-1.69286e+07,3.04068e+08,-4.43533e+09,-4.3595e+08,-2.9517e+08,-1.28693e+09,0.00101968,0.000160531,-1.60406e-23
0,2.0343e+09,1.56658e+07,2.93109e+08,3.23793e+09,-2.23442e+09,-7.35635e+08,-1.25946e+09,0.0011645,0.000167784,3.31095e-23
0,1.86993e+09,4.29182e+07,3.09926e+08,4.87978e+09,4.34064e+08,-5.68176e+08,-1.35358e+09,0.00105064,0.000174136,2.89134e-23
0,1.87633e+09,-1.93378e+07,3.21635e+08,-1.02116e+09,7.20968e+08,-2.5687e+07,-1.2972e+09,0.00105181,0.000180298,-1.09006e-25
0,2.24809e+09,1.64308e+07,3.06443e+08,5.90609e+09,-6.45036e+08,-5.38619e+08,-2.49692e+08,0.000945378,0.000128867,4.43702e-24
0,1.67244e+09,-2.30586e+07,2.39223e+08,-1.93853e+09,1.17728e+09,2.27715e+08,-1.78348e+09,0.00110861,0.000158573,-3.83439e-24
0,1.96024e+09,-6.80408e+06,2.77008e+08,-4.05511e+09,-1.93215e+09,-2.98605e+07,-1.4656e+09,0.00112133,0.000158458,-5.12343e-23
0,1.93072e+09,-2.49215e+07,2.93893e+08,4.14198e+08,1.93887e+08,-2.76638e+08,-1.32069e+09,0.0010651,0.000162128,-1.37548e-25
0,1.87671e+09,-5.20986e+07,2.7292e+08,6.06502e+09,-8.71673e+08,-5.18117e+08,-6.46719e+08,0.00116756,0.000169792,7.27699e-23
0,1.8305e+09,-1.27348e+07,3.20491e+08,-1.91172e+09,-1.06517e+08,1.4797e+08,-8.4229e+08,0.000967678,0.000169425,-7.93716e-25
0,1.99703e+09,8.66362e+07,3.03301e+08,9.59334e+09,1.17379e+09,-6.83733e+08,-8.39468e+08,0.000965038,0.000146566,5.65103e-23
0,1.84272e+09,3.58037e+07,2.73614e+08,3.80921e+09,-5.48289e+08,-3.86327e+08,-1.4623e+09,0.00108053,0.000160441,2.15579e-23
0,1.96764e+09,-1.13114e+07,3.25689e+08,-1.66813e+09,8.77697e+07,-3.76263e+08,-1.10075e+09,0.00105437,0.000174521,-4.13553e-25
0,2.09117e+09,-2.69458e+07,3.08281e+08,1.52494e+09,-4.31125e+08,-4.04604e+06,-8.20068e+08,0.000982381,0.000144823,2.75717e-25
0,1.91514e+09,-4.16897e+07,2.92306e+08,-5.06624e+09,5.04106e+08,1.96824e+08,-1.42791e+09,0.00101454,0.000154848,-2.7956e-23
0,1.91534e+09,2.6469e+07,3.1842e+08,1.36355e+09,5.16446e+08,-2.43513e+08,-1.27264e+09,0.000999546,0.000166172,1.39226e-25
0,2.1282e+09,-1.98048e+07,3.36764e+08,-5.72012e+09,5.11235e+08,-4.54129e+08,-5.03839e+08,0.000909441,0.000143909,-6.7813e-24
0,2.01454e+09,-1.39007e+07,3.35714e+08,-4.64228e+09,2.50951e+08,-5.08419e+08,-6.64868e+08,0.000970459,0.000161723,-7.58654e-24
0,1.92918e+09,2.2427e+07,3.32045e+08,7.98257e+08,1.19695e+09,2.76059e+07,-7.77279e+08,0.000924437,0.000159112,-1.78967e-28
0,2.25127e+09,2.93366e+07,3.28028e+08,5.88645e+09,-5.342e+08,-1.78699e+07,-4.65574e+08,0.00093044,0.000135573,4.79768e-24
0,1.96348e+09,-2.82239e+07,2.75537e+08,3.51584e+09,-1.05329e+09,-9.03256e+08,-5.37389e+08,0.0011938,0.000167527,1.52017e-23
0,1.9401e+09,-5.63906e+07,2.67956e+08,-5.09215e+09,-2.78306e+09,2.8823e+08,-1.08071e+09,0.00108078,0.000149271,-1.07719e-22
0,1.82021e+09,5.52329e+07,2.99345e+08,4.4066e+09,6.10977e+08,-6.06558e+08,-1.51305e+09,0.00106544,0.000175218,2.68881e-23
0,1.91902e+09,-2.68961e+07,3.1998e+08,-3.47868e+09,1.01759e+09,-1.83098e+08,-1.1906e+09,0.000978012,0.000163076,-7.81578e-24
0,2.07879e+09,-8.26461e+06,3.26317e+08,-4.11425e+09,-7.95263e+08,-4.72604e+08,-1.06905e+09,0.00106051,0.000166474,-8.14586e-24
0,1.92015e+09,-3.39847e+07,3.21885e+08,-5.57357e+08,-3.20823e+07,-2.13819e+08,-8.60813e+08,0.000943315,0.000158133,3.24417e-26
0,1.73648e+09,2.05283e+07,3.05118e+08,6.89173e+08,6.18798e+08,-5.1264e+08,-1.82618e+09,0.00107451,0.000188802,-5.88884e-25
0,2.04455e+09,1.2404e+07,3.33365e+08,-4.40214e+09,1.28755e+09,-4.29426e+08,-5.40987e+08,0.000890536,0.000145202,-4.69685e-24
0,2.10819e+09,1.59665e+07,3.18017e+08,2.74338e+09,-1.42899e+09,-3.52367e+08,-8.79102e+08,0.00101262,0.000152752,4.79017e-24
0,1.90084e+09,4.40967e+07,3.20654e+08,3.40652e+09,1.7826e+09,-3.04208e+08,-9.25649e+08,0.000930623,0.000156988,1.13314e-24
0,2.0995e+09,1.89e+07,3.2824e+08,5.89567e+09,-2.77299e+08,5.51774e+07,-7.92534e+08,0.000947084,0.000148069,1.18942e-23
0,2.00582e+09,5.77911e+06,3.33275e+08,-1.87069e+09,1.89219e+08,-2.13658e+08,-8.3294e+08,0.000968638,0.000160943,-5.00131e-25
0,1.87322e+09,-4.73353e+07,2.74161e+08,-8.74842e+09,-1.12285e+08,3.51551e+08,-1.10076e+09,0.00104676,0.000153201,-1.59197e-22
0,1.97648e+09,1.50739e+07,3.03747e+08,-1.78515e+09,-1.51909e+09,-9.82993e+07,-1.26129e+09,0.00105813,0.000162614,-5.89347e-24
0,2.04733e+09,-2.63979e+06,3.12781e+08,-3.9209e+09,-7.39355e+08,3.33556e+08,-1.02949e+09,0.00101675,0.000155334,-8.88162e-24
0,1.78725e+09,7.43139e+07,2.94495e+08,5.2622e+09,1.09262e+09,-7.79704e+08,-1.53586e+09,0.00107841,0.000177697,4.98515e-23
0,1.89993e+09,2.03985e+07,3.10556e+08,7.30737e+09,-5.09817e+08,2.12073e+08,-9.48512e+08,0.00100777,0.000164727,5.92205e-23
0,1.97518e+09,-1.78789e+07,3.27685e+08,-2.70019e+09,5.90869e+08,-2.82634e+08,-9.71463e+08,0.00097729,0.000162134,-2.60905e-24
0,1.70859e+09,-7.59845e+07,2.60907e+08,-4.35589e+09,-1.93865e+09,2.4418e+08,-1.23492e+09,0.00106942,0.000163303,-8.7133e-23
0,1.85426e+09,2.56519e+07,2.84213e+08,9.55661e+08,1.1856e+09,-3.21675e+08,-1.51912e+09,0.00103366,0.000158435,4.95673e-26
0,2.1745e+09,3.98401e+07,3.27082e+08,8.6638e+09,-4.40023e+08,2.45674e+08,-7.56506e+08,0.000969035,0.000145759,3.28314e-23
0,1.86494e+09,4.28251e+07,3.15443e+08,-1.58271e+09,2.05572e+09,-6.16589e+08,-1.05992e+09,0.000939331,0.000158882,-1.07596e-24
0,2.08019e+09,4.67002e+06,3.25834e+08,-7.64703e+08,-8.18683e+08,-3.66369e+08,-1.02613e+09,0.00102978,0.000161301,-4.21457e-25
0,1.7645e+09,7.6346e+06,2.70164e+08,-8.51999e+07,6.03088e+08,-9.00218e+07,-1.84098e+09,0.00111112,0.000170124,2.56553e-25
0,1.74164e+09,-1.41662e+07,2.70128e+08,-3.32985e+09,1.07792e+09,-3.11108e+07,-1.55937e+09,0.00105834,0.000164147,-1.84947e-23
0,1.82501e+09,-7.82525e+06,2.7405e+08,4.65786e+09,-8.47204e+08,6.0854e+08,-1.53577e+09,0.00110907,0.000166541,3.86698e-23
0,1.94317e+09,1.14519e+07,3.10745e+08,7.48512e+09,-8.74049e+08,2.62102e+08,-9.88103e+08,0.001021,0.000163274,6.30621e-23
0,1.73011e+09,-7.06308e+07,2.72427e+08,-2.69505e+09,-1.22296e+09,9.10849e+08,-1.06177e+09,0.00107046,0.000168556,-1.0131e-23
0,2.03457e+09,7.38114e+06,3.30103e+08,-1.09075e+09,-9.92125e+08,-6.57606e+08,-6.83751e+08,0.00098531,0.000159864,-3.22758e-25
0,1.87587e+09,-1.09451e+07,3.08197e+08,-6.14637e+09,1.16182e+09,-6.37245e+08,-1.42429e+09,0.000988268,0.000162368,-6.8147e-23
0,2.16891e+09,-3.01578e+07,2.9388e+08,-5.09279e+09,-1.27037e+08,4.63325e+08,-1.82672e+08,0.00100821,0.000136608,-2.37603e-24
0,2.01466e+09,4.00578e+07,2.96569e+08,1.11175e+09,6.20835e+08,-2.437e+08,-9.54364e+08,0.000967633,0.000142441,5.99996e-26
0,1.98975e+09,-3.19584e+07,2.849e+08,-1.06712e+10,1.24749e+09,2.11191e+07,-5.45912e+08,0.00111544,0.000159714,-1.41398e-22
0,1.82128e+09,6.3856e+07,3.11517e+08,1.44963e+09,2.21598e+09,-6.48911e+08,-1.0616e+09,0.000944606,0.000161568,-8.64599e-25
0,1.78367e+09,2.6062e+07,2.88882e+08,1.93215e+09,5.87471e+08,-5.70483e+08,-1.97537e+09,0.00108965,0.00017648,-1.35045e-25
0,2.0701e+09,1.12784e+07,3.14073e+08,6.7584e+09,-1.7978e+09,4.66328e+08,-8.01432e+08,0.00106387,0.000161409,3.68528e-23
0,2.06835e+09,3.86226e+07,3.26504e+08,3.96549e+09,2.89352e+08,3.24171e+08,-8.59034e+08,0.000972038,0.000153443,5.10488e-24
0,1.98777e+09,4.40831e+07,3.21975e+08,9.28823e+09,5.99789e+07,1.13076e+08,-7.75527e+08,0.000997008,0.000161493,7.85583e-23
0,2.14919e+09,5.75549e+06,3.01831e+08,-2.16552e+09,-2.41044e+09,-1.21012e+08,-8.78572e+08,0.00103743,0.000145696,-1.112e-23
0,1.83877e+09,5.48945e+07,3.13724e+08,4.57959e+09,1.38676e+09,-5.45525e+08,-9.98389e+08,0.000963415,0.000164374,8.36079e-24
0,1.81016e+09,4.97392e+07,2.87029e+08,3.23104e+09,-6.60988e+08,-7.48927e+08,-1.64814e+09,0.0011273,0.000178751,1.63473e-23
0,1.8403e+09,2.35456e+07,2.93654e+08,3.38672e+09,1.62895e+09,-1.83035e+08,-1.27157e+09,0.00099902,0.000159412,7.15679e-24
0,1.84609e+09,-4.65256e+07,3.14315e+08,5.32748e+09,-1.2245e+09,-1.62672e+08,-3.34842e+08,0.00096701,0.000164643,1.457e-23
0,1.68213e+09,2.99997e+07,2.46204e+08,1.25502e+09,1.45023e+09,-5.27134e+08,-1.84108e+09,0.00110259,0.00016138,2.31723e-25
0,2.14184e+09,-1.35311e+07,3.36338e+08,-6.31242e+09,-5.2338e+08,-6.47527e+08,-6.21582e+08,0.00100173,0.000157304,-9.54864e-24
0,2.08928e+09,3.50526e+07,3.28561e+08,3.36817e+09,-7.49759e+07,2.61035e+08,-8.70546e+08,0.00100567,0.000158153,3.07431e-24
0,2.26085e+09,-1.05447e+07,3.34178e+08,-5.63046e+09,-8.15146e+08,-2.83591e+08,-3.73156e+08,0.000938621,0.000138738,-2.60494e-24
0,1.94786e+09,3.1361e+07,2.92093e+08,3.92519e+09,-5.90268e+08,-4.6586e+08,-1.43005e+09,0.00107483,0.000161177,1.75216e-23
0,1.82375e+09,3.54993e+07,2.6901e+08,6.14877e+09,7.37738e+08,-3.35916e+08,-1.40176e+09,0.00103644,0.000152878,6.88702e-23
0,2.04714e+09,3.01414e+07,3.20419e+08,8.46309e+09,-7.71575e+08,-4.23341e+07,-8.55733e+08,0.00102215,0.000159987,6.71285e-23
0,1.84952e+09,1.57611e+07,2.65403e+08,-9.69348e+09,2.22793e+09,-1.88616e+08,-5.9894e+08,0.00103274,0.000148196,-1.16088e-22
0,2.00773e+09,3.71788e+06,3.35523e+08,2.03128e+08,3.33068e+07,-6.29649e+07,-7.2882e+08,0.000959201,0.000160297,-7.0217e-27
0,1.84451e+09,3.12131e+07,2.91406e+08,2.50071e+09,-1.35792e+09,-5.5337e+08,-1.58633e+09,0.00114889,0.000181508,1.3198e-23
0,1.89929e+09,4.88991e+07,2.99325e+08,-4.28571e+09,-1.50071e+09,-2.02597e+08,-1.2092e+09,0.0010931,0.000172271,-3.51738e-23
0,1.52211e+09,-1.16238e+08,2.67438e+08,2.43084e+09,1.12547e+09,8.20079e+08,-8.50279e+08,0.00107537,0.000188946,2.50575e-23
0,1.77874e+09,7.61354e+07,3.10077e+08,6.06028e+08,1.67442e+09,-1.00336e+09,-8.24763e+08,0.000986836,0.000172029,2.85317e-25
0,1.70877e+09,9.67738e+06,2.73263e+08,3.57461e+09,1.73508e+09,-1.48149e+08,-1.43981e+09,0.001066,0.000170473,2.07557e-23
0,1.5391e+09,1.72904e+07,2.72664e+08,1.31888e+09,1.33032e+09,-3.81225e+08,-1.01576e+09,0.00106913,0.000189405,1.24115e-25
0,2.20263e+09,-1.78518e+07,3.32929e+08,-4.88523e+09,-7.58785e+08,-4.18594e+08,-6.40468e+08,0.000971888,0.000146902,-3.77209e-24
0,1.85025e+09,-1.22046e+07,2.59679e+08,8.49827e+09,5.94327e+08,4.33394e+08,3.99557e+08,0.000968119,0.000135874,-2.96482e-23
0,1.88178e+09,-2.85872e+07,3.10855e+08,-2.19418e+08,-9.41288e+08,7.02328e+08,-7.57913e+08,0.00100089,0.000165338,7.26081e-25
0,1.82447e+09,1.30456e+06,2.76991e+08,5.23724e+08,-1.36713e+09,9.12953e+08,-1.70252e+09,0.00112334,0.000170545,9.93479e-24
0,1.9245e+09,9.21285e+06,3.25367e+08,2.78508e+09,6.18866e+08,1.08856e+08,-1.05013e+09,0.000958958,0.000162127,2.83215e-24
0,2.04247e+09,6.05686e+06,3.05883e+08,6.26178e+08,-9.86073e+08,5.64601e+08,-1.1952e+09,0.00105207,0.000157559,1.02122e-24
0,2.11416e+09,-3.22391e+07,2.79415e+08,1.93957e+09,-1.97594e+09,-2.89129e+08,-3.43665e+08,0.000960982,0.000127007,2.75218e-24
0,2.15858e+09,1.76143e+07,3.22708e+08,5.55215e+09,-1.5065e+09,-9.11469e+07,-7.18093e+08,0.00105621,0.000157904,2.20028e-23
0,1.61047e+09,-8.50767e+07,2.70794e+08,6.92145e+09,2.32676e+09,7.8884e+08,-8.37798e+08,0.00110607,0.00018598,3.03792e-22
0,1.81721e+09,2.75011e+07,3.07337e+08,-2.47185e+08,1.26343e+08,-5.92099e+08,-1.71792e+09,0.00109958,0.000185968,9.01441e-25
0,1.90569e+09,4.75631e+06,2.8222e+08,3.84316e+09,-2.78429e+08,-3.12007e+08,-1.33284e+09,0.00109869,0.000162709,1.75988e-23
0,1.8566e+09,2.14617e+07,3.07978e+08,2.20801e+09,2.47173e+09,2.23023e+06,-1.09097e+09,0.000950936,0.000157744,-1.91893e-24
0,1.51708e+09,3.55504e+07,2.73054e+08,4.84325e+09,2.0966e+09,-3.30227e+08,-1.0709e+09,0.00107303,0.000193131,3.76002e-23
0,1.90823e+09,-2.99797e+07,3.10848e+08,1.09314e+10,5.52408e+08,3.35523e+08,-3.72233e+08,0.00105001,0.000171045,1.1196e-22
0,2.09847e+09,-3.30367e+07,3.32652e+08,-9.24151e+09,-1.81718e+08,-7.79944e+08,-6.91276e+08,0.000948885,0.000150418,-3.69462e-23
0,1.75336e+09,2.71235e+07,2.60085e+08,6.87362e+09,-1.03435e+09,1.32326e+09,1.06432e+09,0.00102693,0.00015233,-1.59385e-22
0,1.73445e+09,-7.31264e+06,2.59308e+08,-3.83204e+09,-2.23816e+09,-9.6672e+08,7.65073e+08,0.000956494,0.000143001,2.55543e-23
0,1.77028e+09,4.16338e+06,2.71355e+08,-1.36437e+09,-1.19311e+09,-1.56164e+08,-1.7842e+09,0.00112953,0.000173139,-6.46489e-24
0,1.90059e+09,-5.90599e+07,3.09213e+08,-1.13639e+10,-7.0277e+08,3.32869e+08,-5.46073e+08,0.0010311,0.000167753,-1.68974e-22
0,2.01689e+09,-1.97606e+07,2.8814e+08,5.97894e+09,-1.92134e+09,1.19423e+08,-1.40948e+08,0.000937728,0.000133967,8.82456e-24
0,1.87495e+09,4.37982e+07,3.08294e+08,2.65559e+09,9.65424e+08,-4.9896e+08,-1.17724e+09,0.00100084,0.000164566,2.24972e-24
0,2.06963e+09,5.60008e+06,3.31652e+08,1.79027e+09,-2.22927e+08,-1.66767e+07,-8.2684e+08,0.000974952,0.000156233,3.72491e-25
0,2.16156e+09,-6.83449e+06,3.21229e+08,-8.76097e+08,-1.73941e+09,-3.46544e+08,-7.94015e+08,0.00105036,0.000156095,-2.62451e-24
0,1.74896e+09,-6.78894e+07,2.82231e+08,7.46623e+09,2.6452e+09,6.02749e+08,-6.61327e+08,0.00113582,0.000183289,1.78955e-22
0,2.06307e+09,1.11382e+07,2.98141e+08,2.11394e+08,-2.18575e+09,-6.15827e+08,-1.13733e+09,0.00112889,0.00016314,-7.08646e-24
0,1.9425e+09,3.08687e+07,3.05685e+08,6.80443e+09,-9.0449e+08,1.07314e+08,-1.22054e+09,0.0010339,0.000162702,6.65896e-23
0,1.94505e+09,3.03968e+07,2.77058e+08,6.99343e+09,-9.05699e+08,2.20087e+08,-1.37421e+09,0.00108647,0.00015476,9.92941e-23
0,1.94831e+09,4.2825e+06,2.95558e+08,-8.56151e+08,-1.54339e+09,-1.86293e+08,-1.42534e+09,0.00109301,0.00016581,-4.4345e-24
0,2.2929e+09,2.759e+07,3.24305e+08,6.33841e+09,-1.1865e+09,-1.60033e+08,-4.76882e+08,0.000956334,0.000135263,8.81663e-24
0,1.74625e+09,4.24192e+07,2.50544e+08,2.71665e+09,4.31027e+08,-8.28872e+08,-1.83543e+09,0.00114354,0.00016407,5.99896e-24
0,1.82333e+09,-6.57609e+06,2.84299e+08,1.56946e+09,1.38348e+09,6.22314e+08,-1.4984e+09,0.00100834,0.000157224,3.0257e-24
0,1.99694e+09,-1.09301e+07,2.68029e+08,5.48643e+09,-3.82667e+08,5.36106e+08,6.04688e+08,0.000978244,0.0001313,-1.33986e-23
0,1.92448e+09,2.07999e+07,3.07614e+08,4.43293e+09,-1.17811e+09,2.6231e+06,-1.23043e+09,0.00106147,0.000169667,2.777e-23
0,1.83134e+09,-5.32847e+06,2.37567e+08,1.66245e+10,3.04433e+08,-3.32474e+08,2.23456e+08,0.00112947,0.000146518,-3.95394e-22
0,2.06632e+09,-1.53634e+07,3.28155e+08,-4.94169e+09,-6.81118e+08,-6.17712e+08,-9.03712e+08,0.00100446,0.00015952,-7.96626e-24
0,1.85509e+09,3.98902e+07,3.08827e+08,4.29214e+09,5.67211e+08,-6.04401e+08,-1.11628e+09,0.00101077,0.000168268,1.28543e-23
0,1.8377e+09,3.22079e+07,2.68866e+08,5.11848e+09,8.46968e+08,-2.17798e+08,-1.22462e+09,0.00101661,0.000148736,3.06729e-23
0,2.26463e+09,1.88609e+07,3.20242e+08,6.34777e+09,-1.89596e+09,1.55775e+07,-5.66507e+08,0.00099659,0.000140928,1.75603e-23
0,1.75125e+09,-6.20948e+07,2.7977e+08,-2.37421e+09,1.39168e+09,1.37985e+09,-1.71913e+09,0.00110727,0.000176892,-1.01129e-24
0,2.16447e+09,1.42245e+06,3.41731e+08,1.98823e+09,-2.46194e+08,3.06513e+07,-2.15046e+07,0.00100709,0.000159002,1.26774e-26
0,1.97706e+09,-3.39287e+07,3.0354e+08,4.37419e+09,-2.59831e+08,4.41964e+08,-9.13518e+08,0.00102626,0.000157562,9.65789e-24
0,2.21046e+09,5.46793e+07,3.01959e+08,-9.9081e+08,-9.04013e+08,1.10692e+08,-6.77224e+07,0.000998974,0.000136464,-1.23734e-25
0,1.82441e+09,3.99005e+07,2.89738e+08,-6.25878e+08,-1.33744e+06,-1.25107e+09,-1.72324e+09,0.00110582,0.000175617,4.77648e-24
0,1.8109e+09,-3.77585e+07,3.01785e+08,-1.81789e+09,1.51703e+09,5.90627e+08,-1.44803e+09,0.00102108,0.000170162,-5.62302e-25
0,2.03367e+09,3.90293e+07,3.1531e+08,5.71355e+09,1.07738e+08,-5.30999e+08,-9.83471e+08,0.00100609,0.000155989,2.0061e-23
0,1.9838e+09,-2.61495e+07,3.29704e+08,-4.12521e+09,-4.0659e+08,-3.21736e+08,-9.28528e+08,0.00102275,0.000169979,-8.16173e-24
0,2.09052e+09,-1.76697e+07,2.67032e+08,1.75459e+09,-2.60599e+07,-9.93498e+07,3.36791e+08,0.000966302,0.00012343,-1.44834e-25
0,2.18087e+09,-2.5555e+07,3.20433e+08,-8.59367e+09,-1.47699e+09,-1.19301e+08,-7.83573e+08,0.00102558,0.000150687,-5.1046e-23
0,1.83157e+09,3.29736e+07,2.60732e+08,7.01058e+09,1.05676e+09,-2.90157e+08,-1.21329e+09,0.00104138,0.000148245,8.88599e-23
0,1.84342e+09,-2.1738e+07,3.10517e+08,-8.97427e+08,1.20013e+09,5.90652e+08,-1.27009e+09,0.00102458,0.000172587,-9.04298e-27
0,2.1955e+09,-9.08019e+06,3.27305e+08,-2.01646e+09,-1.17826e+09,-4.76602e+07,-8.27379e+08,0.00100821,0.000150305,-1.56316e-24
0,1.92848e+09,2.42542e+07,3.05251e+08,-6.22208e+09,-1.47467e+09,-1.36577e+08,-6.66842e+08,0.00114341,0.000180986,-5.97505e-23
0,2.06715e+09,4.75036e+06,2.90776e+08,1.33172e+09,-2.2606e+09,-7.45461e+08,-8.58588e+08,0.0010627,0.000149484,1.20449e-25
0,2.04439e+09,1.27355e+07,3.01613e+08,3.3776e+09,-1.14725e+09,-4.20696e+08,-1.10779e+09,0.00104025,0.00015347,9.07893e-24
0,2.03125e+09,1.2444e+07,3.08941e+08,4.37585e+09,-1.69716e+09,5.14273e+08,-1.1833e+09,0.00109012,0.0001658,2.38805e-23
0,1.95347e+09,3.6961e+07,3.20749e+08,1.57239e+09,9.54429e+08,-3.91808e+06,-1.1256e+09,0.000976955,0.000160411,5.26681e-25
0,1.81112e+09,-6.10223e+07,2.8473e+08,-1.71161e+09,-5.11595e+08,3.67032e+08,-1.46361e+09,0.00113863,0.000179006,-9.23608e-25
0,2.11446e+09,-4.21106e+07,3.18118e+08,-1.08038e+10,-7.37301e+08,-1.26684e+08,-8.5134e+08,0.000995791,0.000149815,-9.79752e-23
0,1.89778e+09,-1.65904e+07,2.99988e+08,-4.25132e+09,-9.21809e+08,1.23798e+08,-1.40929e+09,0.00108764,0.000171927,-3.01787e-23
0,2.11689e+09,-5.25546e+07,2.98207e+08,-1.109e+10,-1.76271e+09,-1.53523e+08,-9.42088e+08,0.0010485,0.000147702,-1.66584e-22
0,2.23582e+09,1.78093e+07,3.00213e+08,1.87068e+09,-7.99053e+08,-2.30031e+08,-3.18176e+08,0.000948392,0.000127344,3.17538e-25
0,1.87099e+09,4.46465e+07,3.15124e+08,4.21333e+09,-7.21631e+08,7.58672e+08,-6.22767e+08,0.000987897,0.000166388,1.66126e-24
0,1.89884e+09,-1.39184e+07,2.58977e+08,-2.35363e+09,-2.13827e+09,-5.16407e+08,-1.5989e+09,0.00117135,0.000159757,-4.44478e-23
0,1.96868e+09,2.02566e+07,3.05855e+08,4.00027e+09,4.60749e+07,3.90238e+08,-1.39536e+09,0.00105175,0.000163401,1.33546e-23
0,1.96024e+09,1.02959e+07,3.01399e+08,-3.16073e+09,-1.59759e+09,-9.98702e+08,-1.41496e+09,0.00111731,0.000171795,-9.66793e-24
0,2.0631e+09,-1.51298e+06,3.12569e+08,1.1644e+09,-1.85427e+09,6.03612e+08,-1.09796e+09,0.00111421,0.000168808,8.29143e-24
0,2.28185e+09,-2.36365e+07,3.20248e+08,-7.18481e+09,-1.75033e+09,-9.83064e+06,-5.66891e+08,0.000996652,0.000139876,-2.04128e-23
0,2.04394e+09,-5.47352e+07,3.20295e+08,-1.15232e+10,1.48912e+08,-3.1872e+08,-7.94773e+08,0.000964178,0.000151091,-1.14726e-22
0,2.15001e+09,-2.03158e+07,3.36939e+08,-7.09017e+09,-3.28234e+08,-6.61984e+08,-5.08052e+08,0.000947743,0.000148526,-9.19212e-24
0,1.89883e+09,-7.14527e+07,2.83095e+08,-3.16438e+09,-3.41771e+08,5.04751e+08,-1.35179e+09,0.00113229,0.000168812,-1.08642e-23
0,2.02185e+09,-5.31161e+07,2.9002e+08,-8.91885e+09,-1.99768e+09,1.61809e+08,-1.32693e+09,0.00112241,0.000161001,-2.67242e-22
0,2.08697e+09,-6.41411e+07,3.01423e+08,-1.39565e+10,-1.08666e+09,-1.65244e+08,-8.75589e+08,0.0010229,0.000147739,-2.65181e-22
0,2.04599e+09,-3.51148e+07,3.15121e+08,8.174e+08,5.64741e+08,2.1562e+08,-9.1915e+08,0.000961803,0.000148136,4.70512e-26
0,2.25605e+09,-2.41407e+07,3.20992e+08,-4.99266e+09,-1.53802e+09,-2.54783e+07,-6.12948e+08,0.00104567,0.000148779,-1.11881e-23
0,2.17812e+09,-826067,3.14815e+08,-3.40369e+09,-1.7961e+09,-5.44019e+08,-9.06531e+08,0.00102954,0.000148804,-7.09815e-24
0,1.99188e+09,-5.53197e+07,2.61455e+08,-4.87009e+09,-1.37308e+09,5.4209e+08,-1.43304e+09,0.00110187,0.000144632,-4.85748e-23
0,2.05261e+09,1.67425e+07,2.74212e+08,-4.86069e+08,-2.46178e+08,-1.77738e+08,2.424e+08,0.000932855,0.000124622,5.56701e-27
0,1.99681e+09,2.88821e+07,3.19277e+08,4.63828e+09,-1.32101e+09,8.10581e+08,-5.5203e+08,0.00101326,0.000162014,-8.69608e-26
0,1.68851e+09,-6.6019e+07,2.50263e+08,4.92576e+09,-8.99723e+07,-5.62808e+06,3.61192e+08,0.000943143,0.000139788,-9.33757e-24
0,1.81988e+09,2.13754e+07,2.83522e+08,3.28364e+09,3.66148e+06,-6.16903e+07,-1.59494e+09,0.00109817,0.000171087,1.3788e-23
0,2.16028e+09,-1.67297e+06,3.14217e+08,-1.4487e+09,-1.9332e+09,-3.7687e+08,-7.84559e+08,0.00107284,0.000156047,-5.27487e-24
0,2.0213e+09,-4.54449e+07,3.28036e+08,-7.48508e+09,1.98889e+07,-5.00954e+08,-9.12198e+08,0.000978552,0.000158809,-3.9717e-23
0,2.05072e+09,-2.05981e+07,3.08842e+08,-3.2266e+09,-1.59188e+09,5.58972e+08,-1.21517e+09,0.00111361,0.000167712,-1.61651e-23
0,1.87347e+09,4.58767e+07,3.12302e+08,4.68303e+09,1.25765e+09,-4.5669e+08,-1.21316e+09,0.000993699,0.000165647,1.51904e-23
0,2.00972e+09,1.63133e+07,3.01688e+08,-7.33205e+09,-1.35584e+09,-1.82804e+08,-9.97997e+08,0.00115392,0.000173221,-1.05929e-22
0,1.69294e+09,6.0685e+06,2.54264e+08,6.43554e+08,-2.19875e+09,-1.48211e+08,-1.03651e+09,0.00106943,0.000160618,5.18468e-24
0,1.84394e+09,-6.27754e+06,3.11457e+08,2.08126e+08,6.58287e+08,-5.75705e+07,-1.52304e+09,0.00101512,0.000171461,-7.04538e-26
0,1.89432e+09,-2.90327e+07,2.76845e+08,-6.149e+09,-1.86021e+09,7.03159e+07,-6.73598e+08,0.000999326,0.000146046,-4.72001e-23
0,1.80504e+09,-5.9211e+07,2.89836e+08,-5.86475e+09,-2.465e+08,2.44563e+07,-1.11818e+09,0.00108784,0.000174674,-6.97403e-23
0,2.22265e+09,-3.89134e+07,3.19365e+08,-9.94341e+09,-1.05048e+09,-7.91474e+07,-6.46254e+08,0.00102433,0.000147182,-5.42616e-23
0,2.01919e+09,2.51216e+07,3.2242e+08,3.86928e+09,-1.34866e+09,3.64144e+08,-6.85943e+08,0.00101482,0.000162045,6.48081e-24
0,2.27048e+09,3.58457e+07,3.13172e+08,-7.13457e+09,1.00372e+09,3.04174e+08,2.69268e+08,0.000943931,0.000130198,7.87979e-24
0,2.03076e+09,-2.57167e+07,3.28648e+08,-4.46308e+09,4.37232e+08,-2.65752e+08,-8.59025e+08,0.000951353,0.000153962,-7.39018e-24
0,1.94232e+09,-5.91883e+06,2.8874e+08,1.23461e+09,-8.90157e+08,4.76933e+07,-1.4064e+09,0.00113922,0.000169353,1.53581e-24
0,2.08165e+09,7.27227e+07,3.0251e+08,-8.7201e+09,-1.52538e+09,4.40784e+08,3.81199e+08,0.00091141,0.000132448,4.89672e-24
0,1.67437e+09,6.4626e+07,2.43757e+08,-5.83816e+09,8.99661e+08,4.61833e+08,6.34293e+08,0.000957975,0.000139464,4.24435e-23
0,1.98492e+09,-5.41202e+07,3.04466e+08,-6.28654e+09,1.41135e+08,2.2299e+08,-1.20227e+09,0.00104767,0.000160702,-4.64907e-23
0,1.34303e+09,-1.93462e+07,2.63604e+08,-2.83993e+09,-7.50555e+08,-7.22088e+08,-1.29669e+09,0.000959594,0.000188345,-8.62667e-24
0,2.26273e+09,-4.14841e+07,3.04101e+08,-5.08661e+09,-1.13321e+09,6.16187e+08,-2.68052e+08,0.000932984,0.000125389,-4.36491e-24
0,1.98146e+09,-7.18922e+07,2.65887e+08,-1.03963e+10,-1.23875e+09,2.00437e+08,-1.30049e+09,0.00111016,0.00014897,-3.5582e-22
0,2.13413e+09,-3.08748e+07,3.10507e+08,-7.58056e+09,-1.69266e+09,-4.03288e+08,-8.27036e+08,0.00103511,0.000150605,-3.89431e-23
0,1.93866e+09,-1.01833e+08,2.96392e+08,-1.35039e+10,1.05466e+09,2.71636e+08,-1.11144e+09,0.00102205,0.000156256,-4.20768e-22
0,1.91736e+09,-3.94186e+07,3.09013e+08,-6.36097e+09,-8.78458e+08,-2.46765e+08,-8.55199e+08,0.00100135,0.000161384,-3.26187e-23
0,2.13328e+09,-5.24375e+07,3.21133e+08,-1.34948e+10,1.52253e+08,-2.9643e+08,-6.0336e+08,0.00098605,0.000148435,-1.26917e-22
0,1.87271e+09,-6.38845e+07,2.96094e+08,-6.9114e+09,8.1131e+07,5.21941e+08,-1.36974e+09,0.00105359,0.000166583,-9.52116e-23
0,1.29989e+09,-6.24612e+07,2.57379e+08,-4.27231e+09,3.76802e+08,8.19963e+07,-1.10062e+09,0.000963913,0.000190855,-7.17509e-23
0,1.91967e+09,-4.18115e+07,2.86707e+08,-2.59328e+09,-3.20167e+08,9.24973e+07,-1.42171e+09,0.00110959,0.000165719,-4.86203e-24
0,2.30983e+09,-1.08665e+07,3.33088e+08,-8.4136e+08,-5.31544e+08,1.36674e+08,-2.67696e+08,0.000907317,0.000130839,-2.03746e-26
0,2.01552e+09,-4.09155e+07,3.03022e+08,-9.33258e+09,-1.20967e+09,-1.90075e+08,-7.59116e+08,0.000988799,0.00014866,-7.00733e-23
0,2.13413e+09,4.76386e+06,3.34438e+08,-9.58432e+09,-1.0767e+09,-8.68263e+08,-1.85068e+08,0.000980209,0.000153608,9.2584e-24
0,9.49482e+08,-2.21462e+07,2.06758e+08,-2.03181e+09,-9.11425e+08,9.15363e+07,-9.04239e+08,0.000868571,0.000189139,-3.5387e-23
0,1.768e+09,9.65463e+07,2.70938e+08,-5.27859e+09,-2.73387e+09,-5.79072e+08,-9.07769e+08,0.00116377,0.000178342,-1.71803e-22
0,1.72358e+09,-8.83154e+07,2.90182e+08,-1.06615e+10,1.27844e+09,1.88946e+08,-1.00567e+09,0.000946517,0.000159356,-2.26813e-22
0,2.27952e+09,-7.82391e+06,3.37582e+08,-4.6101e+09,-8.2851e+08,-2.67587e+08,-4.4033e+08,0.000963612,0.000142705,-1.99607e-24
0,1.26899e+09,-1.19383e+07,2.43935e+08,6.08716e+07,-6.23411e+08,3.11664e+08,-1.89553e+08,0.00078296,0.000150506,1.1877e-25
0,1.29653e+09,495107,2.72674e+08,-1.4273e+08,-7.78129e+08,3.98227e+07,-9.57762e+08,0.000900149,0.000189311,1.25655e-26
0,1.83479e+09,3.75047e+07,3.1353e+08,3.62575e+09,7.72559e+08,-2.69391e+08,-1.45716e+09,0.00103681,0.00017717,1.30259e-23
0,1.62051e+09,-3.17416e+07,3.05832e+08,-7.96625e+09,2.43564e+07,-8.09967e+08,-8.2088e+08,0.000956799,0.000180573,-1.15202e-22
0,1.05105e+09,3.71116e+07,2.41847e+08,-6.83345e+09,5.97038e+08,-1.67288e+08,5.18844e+08,0.00087696,0.000201788,2.53446e-22
0,1.97053e+09,-3.71264e+07,3.18911e+08,-4.62766e+09,-4.3527e+08,-4.07383e+08,-1.25485e+09,0.00104313,0.000168819,-1.73343e-23
0,9.88647e+08,-5.37084e+07,2.39553e+08,-2.66579e+09,8.11963e+08,4.2724e+07,-9.09626e+08,0.000866056,0.000209849,-3.39213e-23
0,2.27969e+09,7.09945e+06,3.14187e+08,-2.40418e+09,1.56381e+09,3.3847e+08,1.21162e+08,0.000913763,0.000125935,1.00905e-24
0,1.99232e+09,-6.88835e+07,3.11538e+08,-8.10176e+09,7.81874e+08,-1.18372e+08,-1.09815e+09,0.000986053,0.000154189,-7.12942e-23
0,1.18642e+09,5.8757e+07,2.15847e+08,-8.13226e+09,-1.24164e+09,7.80381e+06,9.21644e+07,0.000917316,0.000166889,2.21198e-23
0,2.0881e+09,1.94285e+07,3.13736e+08,2.08484e+09,-1.12811e+09,-6.17187e+08,-9.33788e+08,0.00104957,0.000157697,1.79886e-24
0,2.04381e+09,-6.70535e+07,3.16343e+08,-7.60744e+09,7.66731e+08,3.99094e+07,-7.81759e+08,0.000976285,0.000151111,-3.37135e-23
0,1.5494e+09,-4.37973e+07,2.78836e+08,-8.21475e+09,-5.65829e+08,-1.45254e+08,-6.89851e+08,0.000903107,0.000162527,-9.98246e-23
0,2.15246e+09,3.00746e+06,3.35632e+08,-1.10861e+10,-9.55375e+08,-7.86723e+08,-1.26608e+08,0.000958449,0.00014945,8.56238e-24
0,1.91276e+09,-2.10943e+07,3.26356e+08,-9.51105e+09,-2.1509e+08,-1.03121e+09,-7.43491e+08,0.00097845,0.000166944,-7.55739e-23
0,2.09187e+09,-5.1431e+07,3.31402e+08,-7.38603e+09,1.05666e+09,-3.59156e+08,-6.05746e+08,0.000901001,0.00014274,-1.81603e-23
0,1.35388e+09,-7.21304e+07,2.7202e+08,-7.42816e+09,1.24088e+09,1.09675e+08,-8.28557e+08,0.000856645,0.000172117,-1.27136e-22
0,1.17997e+09,-5.72068e+07,2.63041e+08,-2.6429e+09,1.0977e+09,3.3983e+08,-1.10112e+09,0.000877032,0.000195509,-1.22217e-23
0,1.56797e+09,-9.35548e+07,2.40712e+08,-9.18497e+09,6.74147e+08,9.27643e+08,-7.24866e+08,0.000921109,0.000141407,-1.1689e-22
0,1.24405e+09,-2.66738e+07,2.76972e+08,-5.46272e+09,-6.64794e+07,-6.04351e+08,-7.58161e+08,0.000862573,0.000192041,-7.18187e-23
0,1.02863e+09,-1.75652e+07,2.64836e+08,-1.17648e+09,6.22869e+08,-2.18697e+08,-1.25393e+08,0.000686085,0.000176642,-2.5108e-25
0,1.97466e+09,-5.69909e+07,2.95427e+08,-5.67757e+09,1.34722e+08,1.00029e+08,-1.11894e+09,0.00107899,0.000161426,-3.81381e-23
0,1.37621e+09,-3.51695e+07,2.30854e+08,2.17402e+10,-1.4353e+09,-3.08747e+08,-8.85164e+08,0.00118859,0.000199381,1.90789e-20
0,2.11248e+09,-6.30558e+07,3.18739e+08,-8.04636e+09,8.06566e+08,2.02831e+08,-6.68997e+08,0.000961406,0.000145061,-2.47826e-23
0,1.45407e+09,1.38481e+07,2.50221e+08,2.31721e+10,-7.74304e+08,-6.98936e+08,7.39016e+07,0.00130012,0.000223729,-1.81546e-22
0,9.6471e+08,-158338,2.39876e+08,-1.07395e+09,-1.1288e+09,-5.23512e+08,-3.3858e+08,0.000844924,0.000210091,-7.7387e-24
0,1.27078e+09,6.04479e+07,2.5034e+08,-1.91297e+09,-2.67921e+09,-7.86543e+08,-8.27446e+08,0.00102003,0.000200944,-1.87e-22
0,1.53518e+09,-8.12898e+07,2.0887e+08,2.41162e+10,-7.12959e+08,5.1598e+08,-7.75597e+08,0.00139502,0.000189801,2.53557e-20
0,1.3584e+09,-2.7645e+07,2.55889e+08,2.1092e+10,-6.45998e+08,-4.80632e+08,-7.44594e+08,0.00114953,0.000216542,1.28319e-20
0,1.49986e+09,1.63219e+07,2.80369e+08,2.53487e+08,-1.12062e+09,-5.14424e+08,-7.78529e+08,0.000953369,0.000178214,-1.95684e-24
0,2.05904e+09,-3.95721e+07,3.30919e+08,-8.84265e+09,7.71191e+08,-5.47015e+08,-4.9898e+08,0.000940436,0.000151143,-3.58588e-23
0,2.0477e+09,-4.61064e+07,3.20538e+08,-8.94493e+09,9.04223e+08,5.11359e+07,-4.98805e+08,0.000932545,0.000145976,-2.68462e-23
0,1.42464e+09,-3.83906e+06,2.66844e+08,2.44822e+10,-2.14007e+08,-2.31843e+08,6.45923e+06,0.000924301,0.000173128,-3.11384e-24
0,2.06942e+09,1.56132e+06,3.1652e+08,-2.77889e+08,-1.26941e+09,-4.48399e+08,-1.25277e+09,0.00108656,0.000166191,-1.88775e-24
0,1.12982e+09,-2.04123e+07,2.57998e+08,7.4516e+09,-9.06277e+07,-6.73045e+08,-5.27004e+08,0.000899593,0.000205424,2.8212e-22
0,1.23662e+09,-1.61573e+07,2.40379e+08,1.68921e+10,-1.09791e+09,-5.52221e+08,-3.71126e+08,0.00104634,0.000203393,4.04462e-21
0,2.07373e+09,-4.00382e+07,3.30024e+08,-9.68169e+09,-2.09183e+08,-6.74366e+08,-8.22427e+08,0.000990526,0.000157638,-6.82169e-23
0,1.47489e+09,-718463,3.02349e+08,-2.1136e+09,3.04393e+08,-4.89079e+08,-1.90124e+08,0.000795099,0.000162993,-8.12227e-25
0,1.51731e+09,-2.87471e+07,2.79339e+08,-6.37022e+09,-8.6316e+08,-4.16996e+08,-1.04333e+09,0.000951414,0.000175156,-9.15357e-23
0,1.44497e+09,-1.55659e+07,2.61582e+08,2.37676e+10,-3.45992e+08,-4.87556e+08,-4.94655e+08,0.00116525,0.000210944,9.42654e-21
0,1.25934e+09,-1.75445e+07,2.76034e+08,-1.37544e+09,4.05138e+08,-6.04384e+08,-6.38373e+08,0.000844376,0.000185079,-1.70636e-24
0,9.92093e+08,-4.80949e+06,2.22795e+08,3.16444e+09,-1.72154e+09,-6.46899e+08,-1.06091e+09,0.000944124,0.000212023,2.61156e-22
0,1.75809e+09,-4.06015e+07,3.08075e+08,-8.21897e+09,1.18807e+08,-4.415e+08,-8.48169e+08,0.000927793,0.00016258,-7.75482e-23
0,1.1523e+09,-381804,2.4579e+08,5.16586e+09,-8.96018e+08,-4.81097e+08,-8.39301e+08,0.000925889,0.000197496,2.03897e-22
0,1.69586e+09,-1.44256e+07,2.64015e+08,2.70183e+10,-2.42491e+08,-6.93566e+08,-3.42155e+08,0.00132632,0.000206484,8.29378e-21
0,1.43129e+09,-3.37361e+07,2.91172e+08,-6.46211e+09,3.49327e+08,-4.66497e+08,-7.02703e+08,0.000856269,0.000174194,-6.40015e-23
0,1.54913e+09,2.24401e+07,2.86863e+08,1.45364e+10,8.62475e+08,-3.90141e+08,-1.63042e+08,0.00089198,0.000165173,7.20991e-23
0,1.30112e+09,-8.56358e+06,2.71468e+08,1.97348e+09,-6.90076e+08,-5.15502e+08,-1.06033e+09,0.000954665,0.000199184,6.55365e-24
0,1.86782e+09,-4.5846e+07,2.49839e+08,2.33439e+10,-4.90597e+08,-2.33179e+08,-7.2859e+08,0.00141496,0.000189265,9.43787e-21
0,1.55197e+09,-1.05563e+07,2.65409e+08,8.56922e+09,-9.57075e+08,-7.46134e+08,-5.38743e+08,0.00111681,0.00019099,3.73905e-22
0,1.80443e+09,3.23075e+07,2.54179e+08,2.08938e+10,4.16519e+08,-2.18091e+08,6.39762e+08,0.00135367,0.000190684,-5.65909e-21
0,1.61535e+09,8.07708e+07,2.35102e+08,1.06057e+10,-9.89005e+08,6.88216e+08,6.9158e+08,0.0011819,0.000172017,-8.99064e-22
0,1.36962e+09,-1.75542e+07,2.64206e+08,1.27122e+10,-1.18627e+09,-5.23723e+08,-8.24946e+08,0.00106755,0.000205934,2.34205e-21
0,1.73507e+09,-3.73519e+07,2.66337e+08,1.09337e+10,-3.57961e+08,-6.02724e+08,-5.65785e+08,0.00118614,0.000182075,4.79576e-22
0,2.26685e+09,2.14891e+06,2.91849e+08,-1.49721e+10,9.14651e+07,5.94376e+07,-774610,0.00113284,0.00014585,1.30896e-25
0,2.26962e+09,-663627,2.97098e+08,-1.47992e+10,5.67455e+07,-6.06169e+06,-2.43607e+07,0.00111574,0.000146053,-9.09379e-24
