0,1.7766e+09,-1.5189e+08,2.76157e+08,-1.05713e+10,2.70949e+09,1.23649e+09,-5.09398e+08,0.00104899,0.000163057,1.58315e-22
0,1.70808e+09,-1.22943e+08,2.91581e+08,-5.80123e+09,3.63472e+09,4.59322e+08,-5.04381e+07,0.00097927,0.000167168,1.52235e-22
0,1.74511e+09,-8.01133e+07,3.05185e+08,-1.42062e+08,2.80143e+09,2.87785e+08,2.80005e+08,0.000954438,0.000166912,-3.07898e-24
0,1.98656e+09,-4.0326e+06,3.23784e+08,2.95663e+09,-6.14867e+07,3.75823e+08,7.31043e+08,0.00100026,0.000163029,-2.26641e-24
0,1.78891e+09,6.1302e+07,2.91572e+08,2.16198e+08,6.42414e+08,-2.62504e+08,-6.01858e+08,0.000921516,0.000150197,4.78229e-30
0,1.9785e+09,-1.03549e+06,3.26871e+08,2.842e+09,9.61404e+06,3.24678e+08,6.15326e+08,0.00100975,0.000166822,-1.76965e-24
0,1.88963e+09,4.52344e+07,2.94223e+08,6.31014e+09,-2.79989e+08,-2.49655e+08,-6.06579e+08,0.000937872,0.000146031,1.91573e-23
0,1.98821e+09,-1.40055e+06,3.24164e+08,2.49228e+09,8.09764e+07,2.98378e+08,7.28616e+08,0.00101867,0.000166087,-1.31523e-24
0,2.20147e+09,3.59363e+07,3.06432e+08,6.09667e+09,-1.23666e+09,-1.50436e+08,-5.90373e+08,0.00100389,0.000139736,1.4965e-23
0,1.9668e+09,-912229,3.27047e+08,2.01202e+09,1.89514e+07,2.71699e+08,6.20521e+08,0.00102141,0.000169844,-6.34505e-25
0,1.96485e+09,2.72656e+07,2.9378e+08,-7.94288e+08,2.63449e+08,-9.70548e+07,-8.83486e+08,0.000979224,0.000146411,-2.71237e-27
0,1.88228e+09,1.07625e+07,3.25572e+08,2.50233e+09,4.15661e+08,3.70156e+08,5.08396e+08,0.00103218,0.000178532,-9.25644e-25
0,1.83435e+09,-5.27482e+07,2.9879e+08,1.53236e+10,-1.1664e+09,5.284e+08,2.62303e+08,0.000984144,0.000160303,-2.43763e-22
0,2.00447e+09,8.32228e+07,3.07026e+08,9.85085e+09,1.42003e+09,-1.53092e+08,-6.55037e+08,0.000924601,0.000141621,4.54902e-23
0,1.93396e+09,940949,3.22131e+08,2.47258e+09,-8.74618e+07,9.06104e+07,7.358e+08,0.00106872,0.000178012,-2.11834e-24
0,2.11325e+09,5.39004e+07,3.06748e+08,1.05879e+10,-6.80853e+08,6.39285e+06,-6.6732e+08,0.000989446,0.000143622,7.23628e-23
0,1.95293e+09,2.04182e+06,3.2495e+08,6.04159e+08,-2.5636e+08,-1.12472e+08,5.93685e+08,0.00107318,0.000178567,-6.38768e-27
0,2.19201e+09,-1.53414e+07,3.08929e+08,-1.67846e+09,-1.48769e+09,6.67558e+07,-6.92943e+08,0.00100179,0.000141187,-1.66167e-24
0,1.96032e+09,-947742,3.25085e+08,-1.39124e+09,-2.86568e+08,-2.48934e+08,5.94363e+08,0.00106768,0.000177057,3.50829e-25
0,2.07377e+09,-6.58921e+07,3.02522e+08,-4.5777e+09,-1.07011e+09,-1.17913e+08,-6.34411e+08,0.000967221,0.000141098,-6.49017e-24
0,2.22134e+09,-2.16305e+07,3.08479e+08,-4.16817e+09,-1.93338e+09,-2.06475e+07,-6.83506e+08,0.00101853,0.000141443,-1.12745e-23
0,2.10135e+09,6.46045e+07,2.74893e+08,7.79138e+09,-1.79396e+09,4.43051e+08,-2.61421e+08,0.00110778,0.000144917,1.30764e-23
0,2.17685e+09,4.48385e+07,3.2249e+08,1.26053e+10,-5.26858e+08,2.52715e+08,-5.99465e+08,0.000973558,0.000144228,8.16555e-23
0,2.035e+09,-5.96351e+07,2.98571e+08,-2.2402e+09,-1.2226e+09,-4.26224e+08,-3.93807e+08,0.000953543,0.000139901,-8.00719e-25
0,2.11107e+09,5.5176e+07,2.75648e+08,2.48015e+09,-3.03519e+09,5.66217e+08,-2.53213e+08,0.00111936,0.000146158,2.80118e-23
0,2.33164e+09,4.83559e+06,3.30202e+08,1.02105e+09,-1.24755e+09,-5.09474e+07,-2.85045e+08,0.000921581,0.000130512,2.05784e-25
0,2.30263e+09,5.83509e+06,3.20856e+08,4.46994e+09,-1.58739e+09,-2.27261e+08,-3.47642e+08,0.000945374,0.000131731,4.36569e-24
0,2.12949e+09,4.34939e+07,3.29901e+08,9.53529e+09,1.70705e+07,4.8292e+08,-7.5511e+08,0.000960217,0.000148757,4.83032e-23
0,2.07221e+09,6.85274e+07,3.05479e+08,1.44928e+10,-7.39286e+08,2.28387e+08,-9.33444e+08,0.00101995,0.000150359,3.18139e-22
0,2.33046e+09,6.38644e+06,3.30914e+08,1.49877e+09,-1.17544e+09,-5.38158e+07,-2.77212e+08,0.000921797,0.00013089,2.8984e-25
0,2.20058e+09,4.14821e+07,3.25223e+08,8.39905e+09,-2.93517e+08,7.41004e+07,-5.61383e+08,0.000940864,0.00013905,1.87486e-23
0,2.15248e+09,-4.41145e+07,3.15963e+08,4.21251e+09,-2.63375e+09,-3.09544e+08,-8.66537e+06,0.000905231,0.000132879,9.23488e-24
0,2.12404e+09,2.51795e+07,3.39901e+08,8.61942e+09,3.47896e+08,7.67358e+08,-3.76874e+08,0.000909646,0.000145567,1.76228e-23
0,2.00922e+09,-3.44108e+07,2.9544e+08,-5.81138e+09,1.20353e+09,-5.93014e+07,-7.65389e+08,0.000939787,0.000138188,-1.3788e-23
0,2.16821e+09,3.28222e+07,3.31869e+08,8.17499e+09,-3.89901e+08,4.2767e+08,-7.30265e+08,0.000986935,0.000151062,2.81147e-23
0,2.11843e+09,5.80406e+07,3.24328e+08,1.10792e+10,3.50511e+08,2.68607e+08,-7.67054e+08,0.000943469,0.000144444,7.53275e-23
0,2.03597e+09,6.69553e+07,3.01521e+08,1.28995e+10,-9.01822e+08,3.28303e+08,-1.05785e+09,0.00105615,0.000156413,3.23211e-22
0,1.98333e+09,1.03006e+08,3.04948e+08,1.37528e+10,1.86284e+09,-2.57743e+08,-8.81248e+08,0.000939349,0.00014443,1.87597e-22
0,2.20387e+09,3.57005e+07,3.24034e+08,6.62836e+09,-6.8694e+08,1.0497e+08,-6.23254e+08,0.000957582,0.000140793,1.11792e-23
0,2.19091e+09,4.03881e+07,3.26867e+08,7.81711e+09,-2.15298e+08,1.23855e+08,-6.07188e+08,0.000939185,0.000140119,1.64382e-23
0,2.13434e+09,4.01621e+06,3.26574e+08,9.65256e+09,-7.62897e+08,1.18361e+08,-3.48164e+08,0.00091209,0.000139558,1.71868e-23
0,2.09134e+09,8.20145e+07,2.8775e+08,7.00489e+09,-7.40722e+07,-8.21232e+08,-9.45911e+08,0.000999761,0.000137559,3.13327e-23
0,1.99712e+09,1.65106e+06,3.12422e+08,8.91566e+09,-1.87164e+09,1.32483e+08,-4.30616e+08,0.000926101,0.000144876,3.4699e-23
0,2.02968e+09,1.78372e+07,2.84454e+08,-6.34965e+09,-3.10295e+09,6.97844e+08,-3.83442e+08,0.00109393,0.000153311,-1.22389e-22
0,2.05937e+09,4.2224e+07,3.08769e+08,1.81851e+10,1.12364e+09,1.87603e+08,-3.56646e+08,0.00097904,0.000146791,2.26268e-22
0,2.14135e+09,4.42592e+07,3.28493e+08,9.84694e+09,-9.19319e+07,4.04366e+08,-7.49345e+08,0.00095605,0.000146663,4.94013e-23
0,1.96879e+09,1.0709e+08,2.92508e+08,1.31756e+10,1.0751e+09,-4.53842e+08,-9.8123e+08,0.000973819,0.000144683,2.36763e-22
0,2.10131e+09,6.75517e+07,3.13323e+08,1.3485e+10,-1.9423e+08,1.03334e+08,-8.87572e+08,0.000986594,0.000147109,1.96874e-22
0,2.05035e+09,9.33357e+07,2.96067e+08,1.35114e+10,1.32852e+08,-4.06381e+08,-1.01782e+09,0.00099977,0.000144365,2.71529e-22
0,2.21048e+09,3.30946e+07,3.24726e+08,9.28873e+09,-9.74227e+08,2.68089e+08,-6.25869e+08,0.000968651,0.000142297,2.98746e-23
0,2.33409e+09,201822,3.37768e+08,3.71319e+07,-2.81671e+08,-2.09847e+06,-5.46223e+07,0.000883583,0.000127864,6.0349e-29
0,2.12078e+09,5.71343e+07,3.178e+08,1.22872e+10,-2.68526e+08,2.5163e+08,-7.5458e+08,0.000966705,0.000144861,1.07329e-22
0,2.10777e+09,5.1155e+07,3.24058e+08,1.02277e+10,-2.15314e+08,4.09222e+08,-8.90749e+08,0.000982523,0.000151058,8.03733e-23
0,2.10705e+09,4.70645e+07,2.89127e+08,7.39309e+09,-2.02525e+09,-6.57541e+07,-1.20636e+09,0.00108392,0.000148734,1.04363e-22
0,2.03413e+09,-3.76883e+07,2.89937e+08,-8.72696e+09,-2.49792e+09,1.82278e+08,-3.98793e+08,0.00108665,0.000154886,-1.20009e-22
0,2.26858e+09,-1.90687e+07,3.11209e+08,4.71114e+09,-1.70763e+09,-4.68834e+08,-2.08676e+08,0.00094246,0.000129289,5.49917e-24
0,2.11948e+09,4.49628e+07,3.26844e+08,9.36085e+09,-2.10214e+07,3.8107e+08,-8.0207e+08,0.00095737,0.000147635,4.86986e-23
0,2.09561e+09,7.9711e+07,3.01182e+08,1.38219e+10,-4.73071e+08,-2.34227e+08,-9.49553e+08,0.00100637,0.000144636,2.62136e-22
0,2.32127e+09,1.15655e+07,3.33725e+08,2.68291e+09,-7.55992e+08,-7.6653e+07,-2.23776e+08,0.000901153,0.000129557,3.04846e-25
0,2.16879e+09,2.12661e+07,3.29807e+08,3.13709e+09,-8.57965e+08,2.04972e+08,-8.44164e+08,0.00101819,0.000154835,2.6704e-24
0,2.1659e+09,2.79813e+07,3.33875e+08,5.7764e+09,-1.5031e+08,3.76607e+08,-5.53475e+08,0.00096042,0.000148049,6.73337e-24
0,2.18225e+09,6.6981e+06,3.41499e+08,6.77344e+09,-1.72022e+07,6.75191e+08,-1.35361e+08,0.000902011,0.000141155,1.87152e-24
0,2.08999e+09,7.16355e+07,3.13458e+08,1.12607e+10,2.31241e+08,-770337,-9.26625e+08,0.000964982,0.000144729,1.10413e-22
0,2.00378e+09,1.25359e+07,3.14119e+08,1.06864e+10,-3.67862e+08,3.24037e+08,-4.69814e+08,0.000939689,0.000147309,4.81412e-23
0,2.04121e+09,9.09701e+07,2.94519e+08,1.47919e+10,-3.02084e+08,-2.33964e+08,-1.03889e+09,0.00101629,0.000146636,4.15206e-22
0,2.17633e+09,3.18959e+07,3.27009e+08,7.74624e+09,-8.27243e+08,3.92679e+08,-7.16365e+08,0.000968724,0.000145558,1.99479e-23
0,2.18502e+09,2.7964e+07,3.31797e+08,9.15072e+09,-3.54948e+08,3.52112e+08,-5.81496e+08,0.000945548,0.000143582,2.49505e-23
0,2.32687e+09,7.77533e+06,3.3407e+08,1.50883e+09,-8.46735e+08,-7.69067e+07,-2.20747e+08,0.000910117,0.000130666,1.26792e-25
0,2.1371e+09,5.35018e+07,3.12076e+08,8.16092e+09,-4.86749e+08,6.33845e+06,-8.15924e+08,0.000976552,0.000142603,3.54667e-23
0,1.96016e+09,3.77401e+07,2.90704e+08,-3.30619e+08,-1.93424e+09,2.13298e+08,-7.41616e+08,0.00112609,0.000167007,3.5926e-25
0,2.041e+09,7.0731e+07,3.07137e+08,1.01697e+10,-8.16859e+07,1.73772e+08,-1.03876e+09,0.000992581,0.000149367,1.17072e-22
0,2.15947e+09,3.5868e+07,3.33337e+08,5.64046e+09,3.66532e+08,3.21724e+08,-5.39932e+08,0.000909901,0.000140453,5.75119e-24
0,1.96656e+09,4.29254e+07,2.78881e+08,1.33991e+09,-2.0633e+09,-5.50825e+07,-8.48352e+08,0.001136,0.000161098,9.5046e-24
0,2.02951e+09,6.44819e+07,3.17861e+08,6.54412e+09,9.08689e+08,-3.80021e+07,-9.66904e+08,0.000998305,0.000156354,3.06989e-23
0,1.80792e+09,-2.94788e+07,2.62511e+08,1.23786e+10,1.77297e+09,-4.42531e+08,-5.42943e+08,0.000986377,0.000143222,1.19427e-22
0,2.07255e+09,4.62968e+07,3.10987e+08,7.94452e+09,-1.32927e+09,2.58613e+08,-1.13035e+09,0.0010953,0.00016435,9.48507e-23
0,2.07522e+09,5.08221e+07,3.05461e+08,7.1137e+09,-1.10451e+09,5.62799e+07,-1.15896e+09,0.00106684,0.000157034,6.41701e-23
0,2.00905e+09,6.84932e+07,3.10039e+08,6.79334e+09,7.45728e+08,-1.50764e+08,-1.14787e+09,0.00099873,0.000154125,4.14849e-23
0,2.00584e+09,8.13728e+07,3.05723e+08,-3.34872e+09,-7.50462e+08,2.77274e+08,-5.29499e+08,0.00106454,0.000162253,-5.00079e-24
0,1.48919e+09,-4.43706e+06,2.41923e+08,5.0448e+09,-1.32392e+09,3.1034e+08,2.42396e+08,0.000948427,0.000154075,-1.99517e-23
0,1.7477e+09,-1.41696e+07,2.9084e+08,1.08565e+10,-5.42934e+08,4.35798e+08,-3.925e+08,0.00102191,0.000170058,1.1385e-22
0,2.13827e+09,1.83222e+07,2.68903e+08,1.14202e+10,2.32413e+09,3.40699e+08,4.18622e+08,0.0012715,0.0001599,-2.00587e-22
0,2.11869e+09,3.25571e+07,3.01248e+08,-9.54368e+09,-2.5514e+09,-4.94575e+06,-6.25926e+08,0.00111607,0.000158689,-1.57762e-22
0,1.94442e+09,6.67874e+07,3.01541e+08,3.09863e+09,9.31506e+08,-4.73292e+07,-1.04601e+09,0.0010029,0.00015553,4.34406e-24
0,2.09657e+09,2.50603e+07,3.06523e+08,2.96031e+09,-2.17102e+09,9.40134e+07,-1.22668e+09,0.00111863,0.000163546,2.41362e-23
0,2.09919e+09,3.25211e+07,2.99915e+08,2.89981e+09,-2.1083e+09,1.85955e+07,-1.19044e+09,0.00109163,0.000155963,1.8983e-23
0,2.19572e+09,-8.79954e+06,3.27919e+08,-4.67979e+09,-1.05464e+09,-2.5225e+08,-6.43957e+08,0.000988284,0.000147595,-5.03021e-24
0,2.22291e+09,-589277,3.28316e+08,-2.02362e+09,-1.20516e+09,-1.71312e+08,-6.85596e+08,0.000989523,0.000146149,-1.20677e-24
0,2.03924e+09,-5.70698e+07,2.98881e+08,-1.171e+10,-1.23273e+09,7.1407e+07,-1.19257e+09,0.00109991,0.000161208,-3.71887e-22
0,2.09537e+09,-8.07562e+06,3.16407e+08,1.24412e+10,4.6312e+07,4.23016e+08,-3.42348e+07,0.000961299,0.000145159,6.13085e-24
0,2.19416e+09,-6.96838e+06,2.95068e+08,-1.75364e+09,-3.28796e+09,-5.84305e+07,-1.02892e+09,0.00112631,0.000151465,-2.78928e-23
0,1.96838e+09,5.84975e+06,3.22273e+08,-3.29332e+09,5.33752e+07,-3.05317e+08,-1.15076e+09,0.000999661,0.00016367,-4.80631e-24
0,2.27528e+09,2.41258e+06,3.31728e+08,1.03633e+09,-1.17005e+09,-2.06086e+06,-5.88944e+08,0.00098773,0.000144008,3.85806e-25
0,2.04987e+09,1.67339e+07,3.2678e+08,3.06982e+08,-7.80595e+08,2.54818e+08,-1.00748e+09,0.0010409,0.000165934,2.96893e-25
0,2.16968e+09,7.63072e+06,3.41285e+08,4.65085e+09,-2.42876e+08,5.904e+08,-2.82327e+08,0.000950366,0.00014949,9.98081e-25
0,1.99504e+09,5.94286e+07,3.04944e+08,5.13699e+09,-7.05113e+07,-1.78713e+08,-1.23948e+09,0.00102969,0.00015739,2.32359e-23
0,2.08162e+09,5.61632e+07,2.82121e+08,-2.03403e+09,-2.05382e+09,-3.80771e+08,-1.00314e+09,0.0011678,0.000158271,-1.66036e-23
0,1.82523e+09,8.01228e+07,3.03804e+08,7.64198e+09,2.15246e+09,-7.01015e+08,-7.91144e+08,0.000903307,0.000150353,7.46323e-24
0,2.15517e+09,2.99767e+06,3.20619e+08,6.5754e+09,-1.54849e+08,1.94266e+08,-4.96575e+08,0.00105133,0.000156404,1.50472e-23
0,2.05848e+09,1.69525e+07,2.96024e+08,1.4678e+09,-2.6949e+09,3.72436e+08,-1.23086e+09,0.00113985,0.000163917,2.77579e-23
0,1.68572e+09,-1.10636e+07,2.8914e+08,1.19345e+10,9.03361e+08,3.30444e+08,-2.89159e+08,0.00106856,0.000183282,2.51892e-22
0,2.16074e+09,-3.39626e+07,2.95066e+08,-7.81725e+09,-2.83073e+09,-4.51051e+07,-1.02901e+09,0.00110919,0.000151468,-1.44442e-22
0,1.81949e+09,-1.1771e+07,3.02766e+08,-3.20436e+09,1.24596e+08,8.69746e+07,-1.41679e+09,0.0010418,0.000173358,-9.19184e-24
0,1.98691e+09,8.38489e+06,3.0716e+08,-3.10897e+09,-1.57276e+09,4.32773e+07,-1.32617e+09,0.00111548,0.000172444,-1.9535e-23
0,1.96629e+09,3.86839e+07,2.69307e+08,1.33852e+10,6.00721e+08,-5.77074e+08,-6.45451e+08,0.00107484,0.000147211,2.67227e-22
0,2.02468e+09,-2.00938e+07,3.08701e+08,4.3413e+08,-2.09512e+09,1.18258e+08,-7.67154e+08,0.00103208,0.000157361,2.48967e-24
0,2.08791e+09,8.79773e+07,2.72054e+08,-8.46366e+09,-2.31136e+09,1.39548e+08,-9.84497e+07,0.0011597,0.000151108,-7.26228e-23
0,2.10824e+09,-1.89018e+07,3.06001e+08,1.49577e+09,-2.35328e+09,2.55817e+08,-9.4535e+08,0.00109381,0.000158761,1.17559e-23
0,1.5742e+09,-5.50612e+07,2.8243e+08,1.65875e+09,-1.78248e+09,-6.98745e+07,-6.55883e+08,0.0010643,0.000190949,1.71721e-23
0,2.02232e+09,-5.80895e+06,2.97206e+08,-3.20049e+09,-2.53659e+09,4.10612e+08,-1.24674e+09,0.00115619,0.000169918,-4.73774e-23
0,1.90698e+09,6.68364e+07,2.9483e+08,3.49708e+09,5.338e+08,-9.75227e+08,-1.31417e+09,0.00105002,0.000162339,6.37227e-24
0,1.97034e+09,-2.99247e+07,3.21717e+08,6.60686e+09,-1.80152e+09,2.73917e+08,-2.49952e+08,0.000950501,0.000155198,1.05626e-23
0,1.91115e+09,3.69161e+07,2.96523e+08,2.77898e+09,-5.12965e+07,-7.01774e+07,-1.19112e+09,0.00105663,0.00016394,4.32025e-24
0,1.96748e+09,1.88839e+07,2.94865e+08,-2.8669e+09,-7.95729e+08,-2.48838e+08,-1.4197e+09,0.00108342,0.000162371,-6.52521e-24
0,1.9165e+09,5.33622e+07,3.06876e+08,2.38579e+09,1.02978e+09,-1.34509e+08,-1.2959e+09,0.00101582,0.000162657,2.4755e-24
0,1.59645e+09,2.42436e+07,2.66136e+08,-1.54024e+09,-1.29388e+09,-3.83205e+07,-1.02554e+09,0.00112286,0.000187186,-1.17836e-23
0,1.83799e+09,-8.56836e+07,2.69726e+08,1.35916e+10,6.76959e+08,-2.62087e+08,-1.36607e+07,0.00105792,0.00015525,-1.72475e-23
0,1.90566e+09,-9.14584e+07,3.06221e+08,-1.2664e+10,1.76287e+09,6.81789e+07,-9.85932e+08,0.000978132,0.000157176,-2.72286e-22
0,2.05364e+09,7.62258e+07,2.82299e+08,-1.24169e+10,-3.40794e+09,-5.45004e+07,-1.35496e+08,0.00110745,0.000152233,-2.2277e-22
0,1.89857e+09,5.42829e+07,2.98037e+08,2.90367e+09,5.3451e+08,-6.2412e+08,-1.4415e+09,0.00103919,0.000163132,4.07312e-24
0,2.25192e+09,4.50516e+07,3.13818e+08,8.57927e+09,-1.09559e+09,-3.46318e+08,-5.38662e+08,0.000962017,0.000134062,2.56396e-23
0,1.84164e+09,-859598,2.9541e+08,-4.74761e+09,-5.1915e+08,-1.28959e+08,-1.59528e+09,0.00108497,0.000174035,-4.38933e-23
0,1.89913e+09,1.79308e+07,2.98722e+08,1.77813e+10,-1.62422e+08,5.38307e+08,-3.66731e+08,0.000988367,0.000155465,3.00516e-22
0,1.82278e+09,2.37358e+07,2.96962e+08,2.65832e+09,8.67385e+07,5.12874e+07,-1.26268e+09,0.00105882,0.000172499,4.89219e-24
0,1.92821e+09,1.98087e+07,2.32742e+08,7.02561e+09,-2.12823e+08,-4.1252e+08,-6.66539e+08,0.00118735,0.000143317,8.45867e-23
0,1.85929e+09,-1.56037e+07,3.01705e+08,-6.21771e+09,-6.1467e+08,5.07991e+07,-1.3693e+09,0.00106239,0.000172392,-8.01188e-23
0,1.95247e+09,-8.28516e+07,2.89393e+08,-1.13429e+10,2.05861e+08,5.55757e+08,-1.09806e+09,0.00100107,0.000148378,-2.17993e-22
0,1.89908e+09,3.88647e+07,3.06373e+08,2.84418e+09,7.48061e+08,-4.02942e+08,-1.28545e+09,0.00103569,0.000167086,3.96561e-24
0,2.04158e+09,362926,3.34387e+08,-5.16168e+09,8.42092e+07,-3.40622e+07,-6.47282e+08,0.000945776,0.000154907,-7.50159e-24
0,1.9092e+09,-1.45989e+07,3.22459e+08,-3.90044e+09,1.39624e+09,1.21943e+08,-8.19856e+08,0.000896025,0.000151336,-3.343e-24
0,1.83937e+09,-8.18547e+07,3.07004e+08,-1.053e+10,-5.98319e+08,-8.9803e+08,-6.57525e+08,0.000938545,0.00015665,-7.62322e-23
0,1.92718e+09,1.73839e+07,3.25752e+08,-2.0142e+09,-9.97169e+08,-3.78704e+08,-9.10915e+08,0.00101032,0.000170774,-1.92257e-24
0,1.80102e+09,1.8695e+07,3.05765e+08,-3.19129e+08,1.2522e+09,-3.99301e+08,-1.51908e+09,0.00101138,0.000171706,-4.46765e-26
0,2.18401e+09,1.50338e+07,2.83029e+08,5.2259e+09,6.86614e+07,-4.63437e+08,-9.53876e+07,0.000991101,0.000128438,8.57979e-25
0,2.1046e+09,-1.898e+07,3.35471e+08,-6.8313e+09,7.00584e+07,-2.93057e+08,-5.14315e+08,0.000922077,0.000146978,-1.06714e-23
0,1.75302e+09,2.89034e+06,2.91342e+08,4.49831e+09,-9.06734e+08,-4.91635e+08,-1.23116e+09,0.00106742,0.000177399,4.54232e-23
0,1.95888e+09,2.98609e+07,2.93421e+08,1.79653e+10,4.51241e+08,3.37504e+08,-4.19154e+08,0.00107163,0.00016052,5.05835e-22
0,1.98392e+09,2.54095e+06,3.33765e+08,-7.29506e+08,8.43423e+07,-2.3616e+08,-7.76642e+08,0.000967875,0.000162831,1.29533e-26
0,1.93591e+09,-9.03391e+07,2.93493e+08,-1.12217e+10,1.11965e+09,7.95787e+08,-1.02597e+09,0.000979265,0.000148461,-1.50775e-22
0,1.84082e+09,-8.45727e+07,3.01462e+08,-1.68316e+09,-9.43076e+08,-3.64532e+08,-4.8412e+08,0.00100997,0.000165398,-8.98805e-25
0,2.303e+09,2.61103e+07,3.20057e+08,5.62141e+09,-1.53248e+09,-2.25243e+08,-4.52609e+08,0.000960604,0.000133499,8.28067e-24
0,2.06501e+09,-2.96385e+06,3.39383e+08,5.61379e+08,-7.223e+07,1.97601e+08,-5.00305e+08,0.00097226,0.00015979,-2.61161e-27
0,1.76857e+09,-6.23312e+07,2.86607e+08,-6.23645e+09,4.61028e+08,6.35493e+08,-1.58498e+09,0.00106319,0.000172295,-1.02715e-22
0,1.80365e+09,-5.03037e+07,2.95697e+08,6.18188e+09,2.04016e+09,3.14712e+08,-6.91153e+08,0.00112852,0.000185014,7.13755e-23
0,1.82869e+09,2.75622e+07,2.82524e+08,-8.14235e+09,-1.64618e+09,-3.94861e+07,-1.20897e+09,0.00109257,0.000168797,-2.37337e-22
0,1.97081e+09,-7.67422e+07,3.10576e+08,-9.29446e+09,1.1769e+09,-3.10432e+08,-7.9329e+08,0.00101831,0.000160474,-1.07749e-22
0,1.83375e+09,-6.53542e+06,2.67786e+08,-2.48696e+09,1.04576e+09,-3.19319e+08,-1.46279e+09,0.00102809,0.000150135,-6.08679e-24
0,1.86385e+09,-3.74397e+07,3.04962e+08,3.78577e+09,-1.66392e+09,2.85937e+08,-1.07444e+09,0.00103989,0.000170146,2.341e-23
0,2.02766e+09,2.14079e+07,2.96092e+08,1.00354e+09,-1.93918e+09,-9.05648e+08,-1.17647e+09,0.00109957,0.000160567,-4.64103e-24
0,1.66228e+09,-6.21009e+06,2.91214e+08,-4.71548e+09,-4.06386e+07,-2.73889e+08,-1.48871e+09,0.00101226,0.000177337,-4.62847e-23
0,1.77207e+09,-8.86433e+07,3.01257e+08,-4.07034e+08,-3.27424e+07,7.03248e+07,-3.65169e+08,0.000992035,0.000168649,-6.708e-28
0,1.98159e+09,-8.78701e+06,2.90868e+08,2.97919e+09,-7.45833e+08,1.48641e+08,-1.30346e+09,0.0010714,0.000157265,6.41271e-24
0,2.26647e+09,3.82271e+07,3.17402e+08,7.82106e+08,-9.49284e+08,6.08806e+07,-2.48084e+08,0.000954128,0.000133619,1.10663e-25
0,1.88303e+09,1.28095e+07,3.09033e+08,9.27794e+09,1.62574e+09,-1.59458e+08,-5.88254e+08,0.00103208,0.00016938,7.2656e-23
0,1.85266e+09,-4.09626e+07,3.09369e+08,-4.65303e+09,6.04993e+08,2.71304e+07,-1.34004e+09,0.00104069,0.000173781,-2.85334e-23
0,1.99059e+09,-7.64495e+07,3.11112e+08,-9.30229e+09,1.72653e+09,-1.31108e+07,-7.54153e+08,0.000989027,0.000154576,-6.97463e-23
0,2.22246e+09,-7.53008e+06,2.92833e+08,-4.33655e+09,-1.95673e+09,-7.55471e+07,-5.61677e+08,0.00104105,0.00013717,-1.19196e-23
0,1.83543e+09,4.55185e+07,2.40421e+08,8.46171e+08,-5.1275e+08,-5.63612e+08,-9.66937e+08,0.00117483,0.00015389,-6.73962e-25
0,1.84665e+09,3.08773e+07,2.93004e+08,5.09228e+09,7.81508e+08,-3.13488e+08,-1.5284e+09,0.00104201,0.000165334,3.9922e-23
0,1.99819e+09,1.91972e+07,3.00899e+08,2.16689e+09,-1.55766e+09,-5.07467e+08,-1.30689e+09,0.00110094,0.000165786,6.23034e-24
0,2.13809e+09,-1.638e+07,2.92151e+08,-1.45728e+09,-3.12181e+09,-4.48425e+08,-7.84584e+08,0.001045,0.00014279,-1.91694e-23
0,1.94811e+09,-4.85831e+07,2.67971e+08,1.07272e+10,5.41208e+07,-3.67399e+08,5.12037e+08,0.00117714,0.000161921,-2.04562e-22
0,2.04274e+09,-7.16674e+06,3.40788e+08,3.68231e+08,1.09337e+08,1.36065e+08,-3.72832e+08,0.000970594,0.000161923,2.1708e-28
0,1.9436e+09,-2.61439e+07,2.77417e+08,-8.81002e+08,-5.72842e+08,-1.72553e+08,6.22373e+08,0.00108602,0.000155012,1.51384e-25
0,1.82906e+09,-2.60974e+07,3.04252e+08,-3.46568e+09,1.03799e+09,1.35671e+08,-1.4249e+09,0.00102127,0.000169881,-1.14205e-23
0,1.99841e+09,5.80597e+06,3.20565e+08,2.57841e+08,2.12366e+08,-5.66952e+07,-1.11819e+09,0.000972233,0.000155956,-3.06832e-26
0,1.99489e+09,-3.83187e+07,3.17111e+08,-3.32216e+09,-9.36315e+08,-6.92748e+08,-9.71011e+08,0.000988556,0.000157143,-2.02267e-24
0,2.22087e+09,-3.50685e+07,3.06801e+08,1.4342e+09,-5.92585e+08,-1.19661e+08,-5.97341e+07,0.000913508,0.000126196,5.35347e-26
0,1.97937e+09,-4.50675e+07,3.18747e+08,-9.17713e+09,1.66985e+09,-3.18435e+07,-6.37366e+08,0.000969368,0.000156102,-5.26294e-23
0,1.94107e+09,2.56122e+07,3.01926e+08,5.40178e+09,-3.37701e+08,-2.43288e+08,-1.38765e+09,0.00107131,0.000166639,4.33883e-23
0,1.90245e+09,2.70231e+07,3.04585e+08,3.98839e+09,-1.97109e+07,-2.11295e+08,-1.44557e+09,0.00105267,0.000168534,1.64063e-23
0,1.81347e+09,1.76142e+07,2.24852e+08,-1.78932e+09,-8.88476e+08,-3.43103e+08,-9.22376e+08,0.001197,0.000148416,-4.2505e-24
0,2.09604e+09,6.92321e+07,3.16737e+08,8.65085e+09,1.09453e+09,-2.80015e+08,-5.33488e+08,0.00090694,0.00013705,1.65484e-23
0,1.9908e+09,-2.35444e+07,2.94707e+08,1.9295e+09,-1.04189e+09,-2.05521e+08,-1.08275e+09,0.00113894,0.000168602,3.74099e-24
0,2.18556e+09,5.59351e+07,3.11695e+08,3.90543e+09,-2.13641e+09,1.1499e+08,-2.61863e+08,0.00094473,0.000134733,5.9146e-24
0,1.87291e+09,-3.27412e+07,3.06397e+08,4.93721e+09,1.38718e+09,3.82643e+08,-4.73219e+08,0.00104275,0.000170586,1.84479e-23
0,2.00139e+09,2535.02,2.98065e+08,-6.36153e+09,-2.13306e+09,-5.339e+08,-1.05108e+09,0.00109397,0.000162923,-6.71619e-23
0,2.20898e+09,-7.9092e+06,3.17248e+08,3.91946e+09,-2.31939e+09,-2.7252e+08,-1.54006e+08,0.000920054,0.000132136,6.53295e-24
0,2.06832e+09,-1.74852e+07,2.74627e+08,1.12242e+10,-2.78568e+09,-4.07662e+08,-2.10118e+07,0.00102027,0.000135469,1.04221e-22
0,1.78974e+09,-2.14999e+07,2.95242e+08,3.53079e+08,1.70742e+09,1.86566e+08,-1.47824e+09,0.000999997,0.000164963,2.8041e-26
0,1.81645e+09,-5.8303e+06,3.06367e+08,-2.04713e+09,1.62194e+09,1.00208e+08,-1.36043e+09,0.00101292,0.000170841,-1.96925e-24
0,1.77964e+09,-5.54478e+07,2.91446e+08,-6.28323e+08,1.61549e+09,8.76591e+08,-1.56361e+09,0.00101128,0.000165614,6.87545e-27
0,2.11577e+09,-2.87516e+07,3.11672e+08,-5.19711e+09,-1.75615e+09,-2.95671e+08,-1.02971e+09,0.00106894,0.000157464,-2.74282e-23
0,1.76748e+09,1.69323e+07,2.36861e+08,-3.54867e+09,-2.06602e+08,-2.21993e+08,-1.08572e+09,0.00114897,0.000153974,-1.96013e-23
0,1.74841e+09,2.68569e+06,2.87008e+08,3.75973e+09,2.00228e+09,-2.91633e+08,-1.38608e+09,0.00107105,0.000175817,1.5287e-23
0,1.9193e+09,-2.18117e+07,3.0703e+08,4.51607e+09,1.63799e+09,3.22259e+07,-5.64952e+08,0.00107116,0.000171353,7.61236e-24
0,2.01396e+09,-2.85728e+07,3.22871e+08,-3.12935e+09,-6.52003e+08,-5.03732e+08,-8.13397e+08,0.00103003,0.000165131,-2.12605e-24
0,1.88179e+09,5.73545e+06,2.90012e+08,-7.24406e+09,-9.8577e+08,-4.92741e+08,-1.20517e+09,0.00105192,0.000162117,-8.68769e-23
0,1.88336e+09,-2.67078e+07,3.04474e+08,1.50554e+09,1.21793e+09,3.04003e+08,-1.28489e+09,0.00101331,0.000163817,1.33153e-24
0,1.89781e+09,2.43824e+06,3.18202e+08,-5.90151e+08,-1.08504e+08,-3.78219e+08,-1.18571e+09,0.00101519,0.000170215,1.84253e-25
0,2.16717e+09,4.00599e+07,3.24457e+08,-1.02662e+10,-1.54699e+08,-1.36393e+08,3.10175e+08,0.000932968,0.000139679,2.02354e-23
0,2.02314e+09,-2.60405e+07,3.13595e+08,-3.24122e+09,-4.42125e+08,-2.57491e+08,-1.27383e+09,0.00101845,0.000157864,-4.60559e-24
0,2.16039e+09,-3.26188e+07,3.17673e+08,-1.00162e+10,-1.72503e+09,-3.71644e+08,-8.54691e+08,0.00105447,0.000155053,-9.23542e-23
0,1.91059e+09,2.98138e+07,3.08338e+08,1.86712e+09,-1.20402e+09,-1.01994e+08,-1.27322e+09,0.00109595,0.000176869,4.99465e-24
0,2.01386e+09,-4.26048e+07,3.04375e+08,-8.46967e+09,-1.67371e+09,-3.49377e+08,-1.08961e+09,0.00105088,0.00015883,-1.05476e-22
0,1.82161e+09,1.8835e+07,2.81468e+08,-6.73245e+09,-1.34191e+08,-5.33613e+08,-1.22758e+09,0.00104583,0.000161597,-8.58945e-23
0,1.87732e+09,-593006,3.07864e+08,3.89028e+09,2.40342e+09,2.18668e+08,-5.6729e+08,0.00106326,0.000174364,-3.75522e-24
0,1.82285e+09,-3.87395e+07,3.21559e+08,-6.22589e+08,-7.68953e+08,-1.9627e+08,-3.59538e+08,0.000948642,0.000167345,-1.92814e-25
0,1.97542e+09,5.12963e+07,3.11057e+08,1.27149e+10,-5.188e+08,5.35907e+08,-5.05682e+08,0.000996068,0.000156845,1.1673e-22
0,1.92275e+09,612686,3.12117e+08,2.74664e+08,4.16134e+08,-6.28367e+08,-1.25356e+09,0.0010215,0.000165818,4.91588e-26
0,2.00908e+09,4.33862e+07,3.0254e+08,6.38653e+09,-4.83087e+08,3.78465e+07,-9.98575e+08,0.000975702,0.000146927,2.78247e-23
0,1.93592e+09,2.47536e+06,3.1227e+08,1.45985e+09,-1.10818e+09,4.11743e+07,-1.26086e+09,0.00107482,0.000173372,2.57464e-24
0,1.9903e+09,1.67426e+07,3.29358e+08,1.24126e+09,1.4729e+08,1.4318e+08,-9.41743e+08,0.000979043,0.000162014,9.63568e-26
0,2.13757e+09,-4.55957e+07,3.15815e+08,-1.35486e+10,-1.18052e+09,-1.89855e+08,-8.70789e+08,0.00102293,0.000151132,-2.13355e-22
0,1.92645e+09,-1.00379e+07,3.08488e+08,2.40069e+09,1.0055e+08,2.24792e+08,-1.45142e+09,0.00104443,0.000167247,2.36531e-24
0,2.07407e+09,-8.87281e+06,3.15907e+08,4.13615e+08,-8.02234e+08,-2.43566e+08,-1.07821e+09,0.00103075,0.000156996,-1.52551e-25
0,1.9541e+09,1.61838e+07,3.16284e+08,4.64924e+09,1.45005e+09,-8.72556e+07,-7.09464e+08,0.00090173,0.000145951,4.54699e-24
0,1.93682e+09,-6.01218e+06,3.1869e+08,1.35977e+10,9.62817e+08,5.01291e+08,-6.64411e+07,0.00100139,0.000164771,6.373e-23
0,2.32501e+09,4.44007e+06,3.33591e+08,1.36293e+09,-8.01458e+08,-1.11351e+07,-2.13093e+08,0.000907805,0.000130251,9.11287e-26
0,2.04517e+09,4.09579e+06,3.20059e+08,-5.42384e+08,-4.35543e+08,-5.89051e+08,-1.00766e+09,0.00103384,0.000161792,4.70741e-26
0,1.99285e+09,5.00593e+07,2.90179e+08,1.2212e+10,-5.6112e+08,-9.89539e+07,-1.15063e+09,0.00103352,0.000150491,3.17849e-22
0,1.98452e+09,-3.3966e+06,3.1283e+08,-2.5444e+09,-1.86233e+09,-9.14393e+07,-1.11816e+09,0.00112313,0.000177044,-1.81719e-23
0,1.71538e+09,1.08652e+07,2.7487e+08,1.94393e+10,-1.31638e+07,4.21069e+06,-6.08093e+08,0.00105672,0.000169327,1.58359e-21
0,2.01582e+09,-881039,2.81538e+08,-5.98422e+09,-2.96701e+09,-2.86469e+08,2.06795e+08,0.00098872,0.000138089,-1.76148e-23
0,1.81409e+09,1.33512e+07,2.48206e+08,-2.17876e+08,-5.45709e+08,8.38789e+07,-1.08878e+09,0.00112045,0.000153301,1.27744e-25
0,1.92572e+09,2.45852e+06,3.16245e+08,4.47958e+08,-1.19699e+09,2.57029e+08,-1.14365e+09,0.00108187,0.000177666,1.70775e-24
0,2.10188e+09,3.42699e+07,3.23452e+08,6.80186e+09,-4.51221e+07,3.00202e+06,-5.74414e+08,0.000937733,0.000144305,1.26892e-23
0,1.71152e+09,-3.52726e+06,2.9503e+08,-1.34161e+10,-9.01724e+08,-2.22151e+08,-7.0446e+08,0.000998534,0.000172126,-4.4003e-22
0,1.92389e+09,-4.91258e+07,3.1748e+08,-1.35626e+10,6.4879e+08,-1.7482e+08,-8.79545e+08,0.000963298,0.000158963,-2.8396e-22
0,2.05219e+09,5.37645e+07,3.0513e+08,1.30048e+10,-2.55145e+08,-9.93001e+07,-9.09256e+08,0.000995923,0.000148079,2.15887e-22
0,1.94217e+09,-5.11113e+07,3.0883e+08,-8.9482e+09,-3.16031e+08,2.47656e+08,-9.73966e+08,0.00100416,0.000159674,-1.04716e-22
0,1.84463e+09,8.22389e+06,2.84567e+08,-8.9491e+09,-1.83671e+09,2.53341e+08,-1.20815e+09,0.00115198,0.000177714,-4.41137e-22
0,2.00047e+09,-2.8491e+07,3.29538e+08,-8.13733e+09,4.85475e+08,-7.82802e+08,-5.88035e+08,0.000961744,0.000158428,-4.08923e-23
0,2.07103e+09,-2.94711e+07,3.32273e+08,-7.26173e+09,-2.70519e+08,-7.42938e+08,-7.56239e+08,0.000967756,0.000155265,-2.14085e-23
0,2.04129e+09,-3.13443e+06,3.42091e+08,-1.85486e+08,1.67198e+07,1.82847e+07,-4.49408e+08,0.000972131,0.000162915,1.3553e-27
0,2.15643e+09,5.42182e+07,3.1037e+08,8.50182e+09,1.58897e+08,-3.41469e+08,-5.77743e+08,0.000944801,0.000135983,2.20348e-23
0,1.91053e+09,1.65285e+06,3.22344e+08,-1.48909e+09,4.49736e+06,-1.43937e+08,-1.0877e+09,0.00100174,0.000169012,-2.49031e-25
0,2.19945e+09,5.57162e+07,3.13248e+08,-5.49475e+09,-1.18049e+09,-1.36493e+08,-1.49235e+07,0.0010055,0.000143204,-4.99561e-25
0,1.81909e+09,-5.73282e+07,3.09716e+08,-7.47795e+09,7.61779e+08,4.13312e+08,-9.66652e+08,0.000971653,0.000165432,-6.13524e-23
0,1.75166e+09,-8.68815e+06,2.90019e+08,-9.03441e+09,-1.6352e+09,1.16239e+08,-1.14451e+09,0.00110071,0.000182243,-4.0479e-22
0,1.93064e+09,3.13551e+06,2.82814e+08,1.0073e+10,-2.72318e+09,-4.67311e+08,-8.48017e+08,0.00105349,0.000154323,3.3973e-22
0,1.80898e+09,-2.52584e+07,3.00596e+08,-4.21595e+09,-3.7393e+08,4.30016e+07,-1.49799e+09,0.00106537,0.000177031,-2.88513e-23
0,2.25692e+09,-8.39065e+06,3.26399e+08,-7.2782e+08,5.76394e+08,1.42733e+08,-1.02527e+08,0.000872249,0.000126146,6.85166e-27
0,2.14444e+09,8.35764e+06,3.1183e+08,5.79899e+09,-1.40897e+09,-2.25878e+08,-8.09179e+08,0.00100509,0.000146154,2.16568e-23
0,1.9512e+09,-2.15176e+07,3.09279e+08,-2.44977e+09,-1.10077e+09,2.38825e+08,-1.33659e+09,0.00108352,0.000171746,-6.52345e-24
0,1.69162e+09,2.04178e+07,2.76753e+08,1.96011e+09,-9.95516e+07,-1.43094e+08,-1.44152e+09,0.00108357,0.000177275,2.13376e-24
0,2.14536e+09,-2.10148e+07,3.31305e+08,-7.91664e+09,-7.06911e+08,-5.9861e+08,-6.85098e+08,0.00100553,0.000155282,-2.31058e-23
0,1.68079e+09,1.34231e+06,2.82017e+08,-6.50755e+09,-9.8662e+08,2.69771e+08,-1.16144e+09,0.00103079,0.000172955,-1.28476e-22
0,1.86851e+09,5.24106e+06,3.19288e+08,-1.47936e+08,6.55553e+08,-9.86627e+06,-1.20739e+09,0.000991873,0.00016949,1.9394e-26
0,1.97443e+09,9.21118e+06,3.29966e+08,2.62303e+09,-5.19617e+06,7.93429e+07,-9.61173e+08,0.00100137,0.000167348,2.00808e-24
0,1.75969e+09,1.47067e+07,2.89217e+08,5.81587e+09,1.84799e+09,-6.33447e+08,-1.00499e+09,0.000976194,0.000160444,1.67967e-23
0,1.98628e+09,-1.05989e+07,3.26856e+08,-1.91195e+09,-5.53976e+08,1.20636e+08,-1.02476e+09,0.00104611,0.000172145,-1.23516e-24
0,1.99298e+09,943273,3.20566e+08,-5.24145e+09,-4.59292e+08,-4.57469e+08,-9.5119e+08,0.000988343,0.000158973,-1.36889e-23
0,2.0989e+09,7.51371e+06,3.15993e+08,1.76438e+08,-1.42682e+09,3.1948e+08,-9.3651e+08,0.00105444,0.000158747,1.16277e-24
0,2.23487e+09,-618949,3.15693e+08,2.94939e+09,-1.75474e+09,-4.11793e+07,-7.18065e+08,0.00102061,0.00014417,5.50301e-24
0,1.74902e+09,-2.10528e+07,2.69901e+08,9.39418e+09,-2.6311e+09,-1.89159e+08,-8.58932e+08,0.0010518,0.00016231,4.16344e-22
0,2.1082e+09,-2.99931e+07,3.29303e+08,-9.52452e+09,-5.29848e+08,-6.80353e+08,-7.22782e+08,0.000978053,0.000152773,-4.37214e-23
0,2.07368e+09,2.30223e+07,2.8655e+08,2.25895e+09,-2.48095e+09,1.30986e+08,-1.31279e+09,0.00112466,0.000155411,2.66677e-23
0,1.89053e+09,4.90063e+07,2.84434e+08,-4.16468e+09,-2.06462e+09,-6.82202e+08,-6.25952e+08,0.00109234,0.000164344,-2.0123e-23
0,2.06743e+09,3.98862e+07,3.30867e+08,5.26758e+09,-8.88591e+08,3.37598e+08,-4.00277e+08,0.000933827,0.000149448,3.23542e-24
0,1.77591e+09,-2.85858e+07,2.94668e+08,-7.14233e+09,-1.04015e+09,1.58241e+08,-1.15753e+09,0.00104199,0.000172892,-1.32028e-22
0,2.06101e+09,-7.83499e+06,3.3237e+08,-7.31831e+09,2.75651e+08,-4.47917e+08,-4.96138e+08,0.000922688,0.000148798,-1.54039e-23
0,2.11884e+09,2.95319e+07,2.98574e+08,3.38204e+09,-1.95215e+09,1.43758e+08,-1.05375e+09,0.00105204,0.000148247,1.50624e-23
0,1.72707e+09,-2.11218e+07,2.67837e+08,9.82795e+09,-1.92695e+09,4.47394e+08,-8.67156e+08,0.00109536,0.000169871,3.26006e-22
0,2.17999e+09,1.90386e+07,3.3646e+08,5.20475e+09,-7.62184e+08,2.74175e+08,-4.0545e+08,0.000956012,0.000147551,3.02655e-24
0,2.11409e+09,-2.03308e+07,3.32875e+08,-1.03055e+10,-4.34974e+08,-6.39787e+08,-5.74327e+08,0.00095589,0.00015051,-3.96833e-23
0,1.83704e+09,4.05931e+07,3.01236e+08,2.16861e+09,1.48278e+09,-4.51361e+08,-1.40906e+09,0.00100871,0.000165407,1.35782e-24
0,1.97576e+09,-3.85788e+07,2.95095e+08,1.61002e+09,6.13687e+07,2.63264e+08,-1.07354e+09,0.00100366,0.000149904,3.01599e-25
0,1.84001e+09,-1.64195e+07,2.94293e+08,-1.80964e+09,6.82933e+08,3.41131e+08,-1.60699e+09,0.00101614,0.000162522,-6.43402e-25
0,1.94275e+09,-3.39154e+07,3.15473e+08,3.54487e+08,1.17134e+09,3.1361e+08,-9.07689e+08,0.000948974,0.000154099,2.49948e-26
0,1.85282e+09,-4.86392e+07,2.97987e+08,-2.77845e+09,7.60232e+08,4.83491e+08,-1.40817e+09,0.00103546,0.000166532,-4.14683e-24
0,2.00153e+09,2.73866e+07,3.15887e+08,3.05703e+09,-3.40081e+08,3.46363e+08,-9.33144e+08,0.000987474,0.000155846,2.42968e-24
0,2.17845e+09,-8.93898e+06,3.12636e+08,-6.58393e+09,-1.48674e+09,9.07244e+07,-7.39322e+08,0.00100386,0.000144067,-2.4838e-23
0,1.85044e+09,3.95734e+07,3.00053e+08,-4.25787e+09,-9.71301e+08,-1.16607e+08,-1.03036e+09,0.00108953,0.00017667,-2.54123e-23
0,2.25426e+09,2.05722e+07,3.13576e+08,6.40033e+09,-1.76234e+09,-4.22442e+08,-3.87165e+08,0.000939828,0.000130733,1.32262e-23
0,1.70472e+09,-2.3651e+07,2.63242e+08,9.80858e+09,-8.03595e+08,7.82018e+08,-9.52916e+08,0.00114729,0.000177163,3.84017e-22
0,1.89682e+09,-1.21229e+07,2.26866e+08,-1.251e+09,-1.62085e+09,2.30092e+08,-9.35784e+08,0.00118896,0.000142203,-5.56478e-24
0,1.8677e+09,-3.64607e+07,3.01345e+08,-2.55135e+09,8.06451e+08,5.16471e+08,-1.46528e+09,0.00102764,0.000165804,-2.76472e-24
0,1.85205e+09,-3.80254e+07,2.94715e+08,-1.54223e+09,1.01537e+09,6.30566e+08,-1.41588e+09,0.00102383,0.000162921,-2.3913e-25
0,1.79746e+09,-5.11626e+07,2.88768e+08,-2.64758e+09,-2.54331e+09,-6.23651e+08,-4.32503e+08,0.00102793,0.000165141,-2.61357e-23
0,1.99711e+09,1.13114e+07,3.12777e+08,3.12308e+09,-5.30287e+08,2.33178e+08,-1.03531e+09,0.000997635,0.000156245,3.47242e-24
0,1.87823e+09,3.95005e+07,3.04024e+08,-4.84947e+09,-1.71502e+09,4.32822e+07,-9.05872e+08,0.00108375,0.000175423,-4.88594e-23
0,1.99191e+09,-5.65027e+07,3.16097e+08,-8.14069e+09,3.12111e+08,-2.20452e+08,-9.26814e+08,0.000995185,0.000157926,-6.33136e-23
0,2.03669e+09,-5.28508e+07,3.18638e+08,-5.70614e+09,4.37982e+08,5.37688e+06,-9.77596e+08,0.00100415,0.000157098,-2.07796e-23
0,2.2256e+09,-2.16044e+07,3.13624e+08,-6.65886e+09,-1.51299e+09,-1.53748e+08,-5.93516e+08,0.00098236,0.000138431,-1.45784e-23
0,1.97136e+09,-6.34534e+06,2.92873e+08,4.49637e+09,1.71065e+09,-1.78053e+08,-9.75748e+08,0.000976601,0.000145087,7.2885e-24
0,1.81464e+09,-1.93248e+07,2.43469e+08,-3.21214e+09,-7.1568e+08,3.16915e+08,-1.12059e+09,0.00113465,0.000152236,-1.64019e-23
0,2.1094e+09,-1.77049e+07,3.26218e+08,4.76885e+08,4.38668e+08,1.60594e+08,-6.76543e+08,0.00096692,0.000149534,6.05526e-27
0,1.68073e+09,-1.06265e+07,2.49834e+08,1.00945e+10,1.06021e+09,7.20171e+08,-1.11853e+09,0.0012002,0.000178405,1.03977e-21
0,2.19218e+09,1.31813e+07,3.25787e+08,-8.36793e+07,-7.69917e+08,7.0753e+07,-7.68706e+08,0.000970196,0.000144184,1.58968e-26
0,1.91282e+09,-8.32583e+07,2.89148e+08,-1.00427e+10,6.49573e+07,2.47608e+08,-1.3415e+09,0.00105926,0.000160121,-2.76572e-22
0,2.04427e+09,-1.84925e+06,3.41261e+08,3.0459e+08,-2.10732e+07,3.60549e+07,-5.20098e+08,0.000972138,0.000162284,-2.74334e-27
0,1.90222e+09,-1.48216e+07,3.08576e+08,-1.21549e+09,4.80108e+08,3.31035e+08,-1.31371e+09,0.00102971,0.000167038,6.09629e-27
0,2.01107e+09,6.77365e+07,2.62196e+08,4.0953e+08,-3.4448e+08,-1.73857e+08,-6.19699e+08,0.00107471,0.000140117,-1.82387e-26
0,1.79551e+09,7.45433e+07,2.94525e+08,8.8559e+09,7.81665e+07,-5.50867e+08,-1.01376e+09,0.000982251,0.000161122,1.32957e-22
0,2.01775e+09,1.72381e+07,3.32338e+08,6.3191e+09,4.44757e+08,-3.02373e+07,-6.79989e+08,0.000938012,0.000154498,1.47147e-23
0,1.99464e+09,1.70351e+07,3.32412e+08,6.28903e+09,6.62708e+08,3.83221e+08,-6.74576e+08,0.000908361,0.00015138,1.56513e-23
0,1.92197e+09,-1.64701e+07,3.09907e+08,-1.1523e+10,-2.8732e+09,-7.23752e+08,-4.36187e+08,0.000980261,0.000158062,-6.37736e-23
0,1.72089e+09,6.11176e+07,2.76603e+08,-8.05078e+09,-2.01577e+09,-2.52953e+08,-1.2285e+09,0.00108754,0.000174802,-3.17412e-22
0,2.06751e+09,-2.22239e+07,3.23751e+08,-1.92782e+09,-7.204e+08,-2.16289e+08,-1.0856e+09,0.00102557,0.000160593,-1.08973e-24
0,2.03931e+09,-4.06333e+06,3.15309e+08,2.25359e+09,-6.45641e+08,3.86214e+08,-9.67709e+08,0.00101372,0.000156736,1.04653e-24
0,1.946e+09,-4.25239e+07,2.95024e+08,-5.03035e+09,-4.54291e+08,3.73391e+08,-1.30661e+09,0.00104601,0.000158581,-2.9966e-23
0,1.65618e+09,-3.08739e+07,2.83979e+08,8.22766e+08,2.79911e+08,-2.98378e+08,-1.1817e+09,0.000982103,0.000168397,-1.66913e-25
0,1.70173e+09,-1.76741e+07,2.50157e+08,8.31575e+09,2.08388e+09,6.7541e+08,-1.16036e+09,0.00124488,0.000182999,7.98862e-22
0,2.33397e+09,-82368.4,3.45029e+08,-2.58299e+07,-4.47173e+07,-2.15169e+06,-1.82904e+07,0.000859963,0.000127128,-2.3153e-31
0,2.00859e+09,-7.79245e+07,2.95289e+08,-4.86562e+09,8.47972e+08,3.58698e+08,-9.08938e+08,0.000951641,0.000139904,-8.06904e-24
0,2.11841e+09,-2.33404e+07,3.29559e+08,-4.15091e+09,-7.40006e+08,-3.36689e+08,-8.90887e+08,0.00102061,0.000158775,-5.79669e-24
0,2.06075e+09,-5.83684e+06,3.0512e+08,3.98676e+08,-1.0127e+09,-4.76001e+08,-1.14889e+09,0.0010529,0.000155896,-7.11202e-25
0,1.98197e+09,9.26474e+06,3.12997e+08,3.43577e+09,-1.52441e+09,4.68684e+08,-6.43091e+08,0.00106856,0.00016875,7.41964e-24
0,2.01656e+09,-4.05453e+07,3.23112e+08,1.4329e+08,-1.36816e+09,-4.6141e+08,-4.61893e+08,0.000947809,0.000151867,-4.5964e-25
0,2.05603e+09,3.04802e+07,3.28201e+08,7.01025e+09,3.7927e+08,1.69957e+08,-7.74266e+08,0.000951698,0.000151918,2.33341e-23
0,2.11998e+09,2.60574e+07,3.32117e+08,7.79385e+09,-1.91247e+08,4.65149e+08,-6.41975e+08,0.000942794,0.000147699,1.95613e-23
0,2.10715e+09,-3.04757e+07,3.33694e+08,-8.80479e+09,1.9679e+08,-4.48337e+08,-5.43809e+08,0.000973694,0.000154196,-3.28538e-23
0,1.98036e+09,-1.96525e+07,3.19326e+08,-1.91466e+09,2.11737e+08,-7.29425e+07,-1.17992e+09,0.00102427,0.000165161,-8.15305e-25
0,1.80646e+09,-1.27834e+07,2.41792e+08,-1.607e+09,2.53853e+08,5.77497e+08,-1.05896e+09,0.00112298,0.000150309,-4.7793e-25
0,2.07787e+09,-1.79125e+07,3.16751e+08,-6.55709e+09,-1.02597e+09,3.71376e+08,-8.47643e+08,0.000996824,0.000151956,-3.09187e-23
0,2.18918e+09,6.02843e+07,3.14462e+08,1.42016e+09,4.78689e+07,-9.92055e+07,-1.44977e+08,0.00095649,0.000137394,2.4297e-26
0,2.05167e+09,-2.07048e+06,3.42761e+08,-299387,-2.28549e+07,-8.39571e+06,-3.59573e+08,0.000973912,0.000162706,-6.74427e-30
0,1.83273e+09,-577815,3.10085e+08,-2.4075e+09,-5.49723e+08,-5.82584e+07,-1.23649e+09,0.00104221,0.000176335,-3.78048e-24
0,2.1786e+09,1.76955e+07,3.17121e+08,5.19902e+08,-1.48868e+09,-1.2295e+08,-6.87098e+08,0.00100516,0.000146314,2.68191e-25
0,2.04122e+09,4.95572e+07,3.26224e+08,7.02896e+09,7.63125e+08,1.96907e+08,-8.10415e+08,0.000964562,0.000154155,2.86752e-23
0,1.98505e+09,-4.10885e+07,3.20637e+08,9.62242e+08,-1.74121e+09,-7.48075e+07,-3.63576e+08,0.00094926,0.00015333,1.21938e-24
0,2.16861e+09,1.81621e+07,3.34692e+08,7.06806e+09,-5.55221e+08,4.92527e+08,-5.75636e+08,0.000965402,0.000148995,1.11299e-23
0,2.0331e+09,4.8094e+07,3.10246e+08,6.87019e+09,-1.26826e+09,1.63073e+08,-8.67567e+08,0.00099186,0.000151355,3.3746e-23
0,2.04563e+09,-2.65416e+07,3.35747e+08,-8.73751e+09,1.7788e+08,-7.13556e+08,-6.46169e+08,0.000944116,0.000154957,-3.8024e-23
0,1.802e+09,3.40365e+07,2.9323e+08,1.97476e+09,1.72618e+09,-2.4796e+08,-1.52813e+09,0.00101849,0.000165733,1.63655e-24
0,1.83481e+09,-5.64647e+06,2.38884e+08,-2.77436e+09,-8.6648e+08,5.38058e+08,-9.24511e+08,0.00115251,0.000150052,-1.07588e-23
0,2.01015e+09,-7.17845e+07,3.14031e+08,-1.28099e+10,7.06729e+08,-1.89402e+08,-8.51529e+08,0.000981807,0.00015338,-2.06358e-22
0,1.96906e+09,-1.9785e+07,3.12198e+08,-6.38269e+09,1.56713e+07,4.63508e+08,-1.0217e+09,0.000974066,0.00015444,-3.01124e-23
0,1.87184e+09,-1.33782e+07,3.11202e+08,9.61342e+08,5.05496e+08,2.88263e+08,-1.43767e+09,0.00102048,0.00016966,-1.693e-25
0,1.66572e+09,-1.61916e+07,2.82258e+08,1.66557e+09,-2.07393e+09,4.35455e+08,-8.14125e+08,0.00105617,0.000178968,2.45167e-23
0,1.9734e+09,-1.56702e+07,3.11912e+08,1.45434e+09,5.21789e+08,6.97274e+08,-1.10764e+09,0.00101401,0.000160272,5.60403e-25
0,2.05754e+09,7.88866e+07,3.11647e+08,1.28221e+10,8.8083e+08,-1.26455e+08,-7.21672e+08,0.000949135,0.000143762,1.22507e-22
0,1.92704e+09,-3.05174e+07,3.20195e+08,1.92825e+09,-9.1101e+08,9.74773e+07,-3.4523e+08,0.000953888,0.000158497,7.46137e-25
0,1.97983e+09,6.84179e+07,3.20111e+08,6.78151e+09,1.46842e+09,8.78673e+07,-9.07885e+08,0.000978649,0.000158233,3.4582e-23
0,1.84834e+09,5.35965e+07,2.97606e+08,-4.5923e+09,-2.07898e+09,2.07678e+08,-1.04426e+09,0.00107402,0.00017293,-6.68473e-23
0,2.08707e+09,-1.33726e+07,3.13051e+08,-6.58736e+09,-1.44788e+09,-4.44914e+08,-9.60817e+08,0.00102813,0.000154216,-3.0208e-23
0,2.03944e+09,-2.21374e+07,3.37844e+08,-7.45691e+09,5.52363e+08,-6.29241e+08,-5.40055e+08,0.000919846,0.000152377,-2.14312e-23
0,1.94709e+09,-6.3543e+07,3.20095e+08,-1.2135e+10,1.0468e+09,-4.363e+08,-7.50146e+08,0.000942877,0.000155006,-1.64939e-22
0,1.89626e+09,4.01809e+07,2.99801e+08,3.27721e+09,7.14543e+08,-4.82375e+08,-1.36297e+09,0.00105057,0.000166095,7.02987e-24
0,1.99646e+09,8.02956e+07,3.00606e+08,1.15846e+10,1.92919e+09,-8.12668e+08,-7.79593e+08,0.000941479,0.000141758,5.45177e-23
0,1.98912e+09,-4.39861e+06,3.28252e+08,-1.21421e+09,5.19098e+08,-2.30561e+08,-8.67072e+08,0.000942849,0.000155592,-1.71217e-25
0,2.07804e+09,2.59996e+07,2.83339e+08,5.58905e+09,-2.41215e+09,3.30112e+08,-1.09595e+09,0.00107865,0.000147074,5.89976e-23
0,1.93802e+09,3.9749e+06,2.90724e+08,3.75883e+09,6.21781e+08,9.00762e+07,-1.22659e+09,0.000991036,0.000148666,8.95972e-24
0,1.81371e+09,1.70801e+06,2.93559e+08,-1.31532e+09,1.8425e+09,-1.24168e+08,-1.34323e+09,0.000999917,0.000161842,-5.24044e-25
0,1.96237e+09,8.89358e+07,3.0694e+08,1.26503e+10,1.16278e+09,5.31235e+07,-8.88363e+08,0.000964975,0.000150935,2.09912e-22
0,1.77524e+09,2.87919e+07,2.7351e+08,1.97947e+10,1.15169e+09,3.8545e+08,1.82911e+08,0.0010386,0.000160017,-2.60973e-22
0,1.97232e+09,7.62015e+07,3.10691e+08,7.0079e+09,1.06692e+09,-1.9719e+08,-1.06118e+09,0.00100645,0.000158542,4.6376e-23
0,1.9189e+09,8.92989e+06,3.18421e+08,-3.02456e+09,-2.5403e+08,-5.451e+08,-1.19723e+09,0.00102476,0.000170048,-3.59676e-24
0,2.03352e+09,-3.24048e+07,3.27962e+08,-8.76775e+09,4.69273e+08,-2.13367e+08,-8.51809e+08,0.000948832,0.000153026,-5.26339e-23
0,1.96428e+09,-4.92036e+06,3.11691e+08,-6.70217e+09,-5.22224e+08,-3.89704e+08,-1.03157e+09,0.00100125,0.000158877,-3.83003e-23
0,1.8283e+09,-5.48808e+07,3.09189e+08,7.00416e+08,-4.145e+07,5.8889e+07,-1.03985e+09,0.0010236,0.000173104,-9.46174e-26
0,2.15837e+09,6.85003e+07,3.03138e+08,1.15726e+10,-3.21402e+08,-7.00901e+08,-6.68104e+08,0.000984257,0.000138237,8.70415e-23
0,2.18395e+09,2.70505e+07,3.20711e+08,-2.0847e+09,-1.97954e+09,-2.48487e+08,-1.78715e+08,0.000942366,0.000138385,-2.21951e-24
0,2.14045e+09,6.44546e+06,3.26171e+08,1.29094e+09,-8.34549e+08,2.39468e+08,-8.72352e+08,0.000999292,0.000152276,4.43421e-25
0,2.01368e+09,5.58211e+07,3.13223e+08,6.34764e+09,-3.99439e+07,-2.25736e+08,-1.02096e+09,0.00104531,0.000162596,3.8361e-23
0,1.94774e+09,8.64094e+06,3.1945e+08,-5.03026e+07,-2.39728e+07,-3.41854e+08,-1.25113e+09,0.00101807,0.000166975,2.8729e-26
0,1.73475e+09,1.4171e+07,2.98397e+08,-9.52129e+09,-1.21375e+08,-6.20969e+07,-1.121e+09,0.00107701,0.000185257,-3.51428e-22
0,2.1508e+09,5.13195e+07,3.09504e+08,9.99674e+09,-5.96775e+08,-1.4422e+08,-7.74918e+08,0.000963355,0.000138629,5.81304e-23
0,1.93094e+09,2.46113e+06,2.67529e+08,2.03062e+10,6.7499e+08,-1.02031e+08,1.04781e+08,0.00114042,0.000158004,-2.80789e-22
0,2.0611e+09,-1.73766e+07,3.0469e+08,5.63449e+09,-4.58017e+08,-2.40594e+08,-6.47035e+08,0.00113502,0.000167788,2.55631e-23
0,1.89412e+09,-9.66928e+06,3.15209e+08,1.68141e+09,3.4257e+08,3.38988e+08,-1.37089e+09,0.00102327,0.000170287,5.54637e-25
0,1.98922e+09,-1.35374e+07,3.23306e+08,-6.21628e+08,-2.56837e+08,-2.6392e+07,-1.1085e+09,0.00102244,0.000166176,5.66985e-26
0,1.99247e+09,-6.44734e+06,3.03526e+08,7.75029e+08,-6.89227e+08,-6.21534e+08,-1.21538e+09,0.00105955,0.000161408,-7.00028e-25
0,2.16426e+09,-7.74846e+06,2.87969e+08,5.98399e+09,-1.66127e+09,-3.60281e+08,-5.64409e+07,0.00102201,0.000135985,1.13764e-23
0,1.93725e+09,4.27838e+07,2.93939e+08,1.12231e+10,3.59281e+08,-1.44859e+08,-1.01088e+09,0.000981015,0.000148849,1.86614e-22
0,2.10144e+09,6.98526e+07,2.99896e+08,9.39698e+09,-7.87171e+08,-3.66682e+08,-8.22396e+08,0.00100898,0.000143992,7.81906e-23
0,2.32566e+09,1.05344e+07,3.30709e+08,2.43706e+09,-1.09147e+09,-8.36379e+07,-2.76544e+08,0.000920442,0.000130887,5.31691e-25
0,1.56336e+09,1.70117e+07,2.38554e+08,1.05492e+10,2.55512e+09,2.43519e+08,-1.25818e+09,0.00113669,0.000173449,1.28094e-21
0,2.00362e+09,2.37072e+07,3.01225e+08,-2.35293e+09,-1.62636e+07,-8.85985e+07,-1.20162e+09,0.00103579,0.000155721,-1.69622e-24
0,2.02731e+09,-1.61788e+07,3.07662e+08,5.09763e+08,2.74424e+08,-1.93852e+08,-9.76281e+08,0.00101609,0.0001542,-2.94565e-26
0,1.92108e+09,5.23945e+07,3.15199e+08,4.8542e+09,1.43219e+09,-6.79392e+08,-8.73261e+08,0.000953454,0.000156437,4.68942e-24
0,2.32372e+09,1.12035e+07,3.31833e+08,2.35464e+09,-8.78628e+08,-1.04298e+08,-2.204e+08,0.000905842,0.000129357,2.9858e-25
0,1.95216e+09,2.39739e+07,3.2784e+08,5.19058e+09,3.09226e+08,2.488e+08,-7.49251e+08,0.000946753,0.000158995,1.17453e-23
0,1.88805e+09,-5.34346e+07,2.82199e+08,-1.64291e+09,-3.6875e+08,9.85785e+08,-1.36789e+09,0.0010921,0.000163232,9.85917e-25
0,2.28496e+09,1.02164e+07,3.2077e+08,4.31866e+09,-1.33109e+09,-1.57658e+08,-3.79592e+08,0.000946678,0.000132897,3.33799e-24
0,1.98787e+09,-1.61055e+07,3.29765e+08,-5.49953e+09,-4.49432e+08,-7.77054e+08,-8.75692e+08,0.000994312,0.000164945,-1.21352e-23
0,1.85593e+09,-3.91811e+07,3.09225e+08,2.25771e+09,-9.25013e+08,2.11325e+08,-9.96458e+08,0.00105773,0.000176234,4.05317e-24
0,1.97597e+09,-3.39783e+07,3.18687e+08,6.35631e+08,-8.42999e+08,5.30518e+07,-9.51014e+08,0.00105493,0.000170141,3.6618e-25
0,1.81015e+09,-1.58502e+07,2.18586e+08,1.37135e+09,-9.94939e+08,2.16338e+08,-6.63594e+08,0.0012036,0.000145341,3.4944e-24
0,2.00536e+09,-9.53967e+06,3.26039e+08,-2.78143e+09,-9.10836e+08,4.78538e+08,-4.17033e+08,0.00107885,0.000175404,-3.56672e-24
0,2.01057e+09,7.66224e+06,3.36214e+08,1.84807e+09,-3.60594e+07,452967,-5.5538e+08,0.000981226,0.000164084,3.53582e-25
0,2.07228e+09,2.84635e+07,2.81101e+08,8.02714e+09,-2.57841e+09,-2.99921e+08,-1.05169e+09,0.0011122,0.000150867,1.93075e-22
0,1.93236e+09,5.16739e+07,3.10171e+08,6.45847e+09,9.4682e+08,-4.37464e+08,-9.80248e+08,0.00096609,0.000155071,2.69292e-23
0,1.91597e+09,-2.77767e+06,3.24848e+08,-9.85115e+08,7.56621e+08,1.65579e+08,-1.05129e+09,0.000963986,0.000163441,-6.32239e-26
0,1.92364e+09,6.77457e+06,3.01555e+08,1.58522e+09,-1.01849e+09,-3.52448e+08,-1.37251e+09,0.00105676,0.00016566,1.25658e-24
0,2.11533e+09,-1.53198e+07,3.15535e+08,-6.58422e+09,-1.5824e+09,-7.6121e+08,-8.87743e+08,0.0010544,0.00015728,-1.98171e-23
0,2.20626e+09,4.83177e+07,3.16704e+08,-3.27107e+09,-1.61827e+09,-625613,-4.14782e+07,0.00093877,0.000134758,-1.68596e-24
0,1.94462e+09,4.27928e+07,3.07401e+08,6.52182e+09,1.3252e+09,-2.32606e+08,-1.12604e+09,0.000970665,0.000153441,3.39219e-23
0,2.14234e+09,-2.65373e+07,3.23079e+08,-5.68424e+09,-1.00929e+09,-2.29461e+08,-9.91288e+08,0.00101522,0.000153102,-1.74933e-23
0,2.05316e+09,5.11571e+07,2.86456e+08,3.59215e+09,-1.64344e+09,-3.84281e+08,-1.09916e+09,0.00106511,0.000148604,1.70845e-23
0,1.95025e+09,-1.38443e+07,3.16987e+08,-3.19069e+09,-3.02467e+08,5.22656e+07,-1.37824e+09,0.0010378,0.00016868,-6.50223e-24
0,1.98982e+09,5.64685e+07,3.12103e+08,7.74942e+09,2.01612e+08,-1.81574e+08,-9.111e+08,0.000995305,0.000156114,5.15978e-23
0,2.01748e+09,-3.12555e+07,3.11794e+08,-8.33387e+09,-9.15773e+08,-5.65291e+08,-9.86985e+08,0.00101311,0.000156572,-6.01793e-23
0,2.15995e+09,-1.09281e+07,3.1813e+08,-5.9937e+09,-1.38113e+09,-4.30123e+08,-8.56078e+08,0.00100822,0.000148497,-1.54152e-23
0,1.97601e+09,7.99427e+06,3.39986e+08,5.53498e+09,3.85797e+08,3.97664e+08,-3.97653e+08,0.00089952,0.000154768,6.45353e-24
0,1.65562e+09,7.78304e+07,2.6985e+08,-7.04675e+09,-1.49385e+09,-5.41423e+08,-1.16061e+09,0.00118527,0.000193189,-2.75813e-22
0,1.89737e+09,-1.22296e+07,2.97336e+08,-1.99728e+09,1.28702e+07,7.04272e+07,-1.43044e+09,0.00103914,0.000162843,-1.08525e-24
0,1.85926e+09,-2.58123e+07,3.14929e+08,-2.234e+09,1.73662e+08,-2.63557e+07,-1.28045e+09,0.00100746,0.000170647,-1.84402e-24
0,2.08872e+09,2.94333e+07,2.87453e+08,5.1894e+09,-2.25358e+09,2.51667e+08,-1.12868e+09,0.0010787,0.000148452,4.79387e-23
0,2.10363e+09,1.42653e+07,3.09216e+08,1.39258e+08,-1.21965e+09,2.26301e+08,-1.10417e+09,0.00102713,0.000150979,5.90383e-25
0,1.94214e+09,-2.01635e+07,2.9753e+08,4.88077e+09,1.35418e+09,7.2685e+08,-1.08946e+09,0.000967581,0.000148231,2.5629e-23
0,1.99423e+09,8.03183e+06,3.185e+08,5.88049e+06,-4.57094e+08,-8.89938e+06,-1.24185e+09,0.00102186,0.000163201,-5.76287e-27
0,1.87648e+09,-6.14624e+07,2.97926e+08,-2.73949e+09,2.92445e+08,-4.84618e+08,-9.75155e+08,0.000986206,0.000156578,-3.23572e-24
0,2.0833e+09,1.88656e+07,3.0951e+08,6.7161e+09,-2.21645e+08,2.32556e+08,-9.40075e+08,0.00101044,0.000150118,2.91998e-23
0,1.54364e+09,4.92702e+07,2.6285e+08,-5.22099e+09,-1.30474e+09,-7.56398e+08,-1.37604e+09,0.00113382,0.000193066,-1.23219e-22
0,1.80516e+09,-1.21322e+07,3.14376e+08,-8.13982e+08,1.42608e+09,2.08252e+08,-1.31269e+09,0.000991766,0.00017272,-4.67783e-26
0,2.02604e+09,-4.0362e+07,3.26516e+08,-6.21725e+09,5.23804e+08,-5.51434e+08,-6.73884e+08,0.0010245,0.000165108,-2.60972e-23
0,1.82989e+09,-2.93829e+07,2.13733e+08,-3.14091e+09,-6.24392e+08,1.28208e+08,-8.68925e+07,0.00119754,0.000139874,-3.16137e-24
0,1.99748e+09,-5.51059e+07,3.12628e+08,7.88864e+08,8.89784e+08,-2.6064e+08,-5.00612e+08,0.00108889,0.000170424,-3.43106e-26
0,1.99686e+09,8.34438e+07,3.01825e+08,9.31218e+09,6.07912e+08,-4.72738e+08,-1.09157e+09,0.00104195,0.00015749,1.24194e-22
0,1.53882e+09,2.72706e+07,2.73726e+08,-2.44201e+09,-3.69249e+08,-6.85892e+08,-1.51605e+09,0.00110604,0.000196744,-3.37031e-24
0,1.92044e+09,-4.71165e+07,2.66275e+08,-5.37531e+09,1.14051e+09,6.79528e+08,-1.1099e+09,0.000991167,0.000137428,-1.66306e-23
0,1.92462e+09,-8.59197e+06,3.04934e+08,-2.21631e+09,-6.94305e+08,1.51492e+08,-1.29009e+09,0.00104704,0.000165891,-2.82471e-24
0,2.08437e+09,-3.51081e+07,3.35327e+08,-8.37179e+09,3.57774e+08,-6.43442e+08,-6.04246e+08,0.000938726,0.000151019,-2.9893e-23
0,2.04994e+09,-2.16169e+07,3.36566e+08,-6.53501e+09,1.35882e+08,-5.68724e+08,-5.52239e+08,0.000920908,0.000151197,-1.17935e-23
0,2.18469e+09,-1.45872e+07,2.88071e+08,-2.21981e+09,-4.62509e+08,2.73786e+08,-3.30393e+08,0.000950436,0.000125323,-3.42348e-25
0,2.09364e+09,3.2625e+07,3.30591e+08,7.48588e+09,-3.86886e+07,5.35641e+08,-7.83874e+08,0.000957151,0.000151137,2.52434e-23
0,2.09589e+09,-7.25906e+07,2.85699e+08,-1.18993e+10,-1.07811e+09,2.61938e+08,-9.25234e+08,0.00108584,0.000148016,-2.57801e-22
0,2.01443e+09,3.6162e+07,3.03533e+08,-9.0215e+09,-3.10175e+09,-2.36593e+07,-5.5823e+08,0.00106143,0.000159935,-1.74973e-22
0,2.13901e+09,-3.00239e+07,3.08606e+08,2.89186e+09,-3.08073e+08,3.81655e+08,-6.93625e+08,0.000990257,0.00014287,1.03524e-24
0,2.20555e+09,3.432e+07,3.15083e+08,-1.09109e+10,-4.17735e+08,8.41035e+07,1.17872e+08,0.000959575,0.000137084,8.71707e-24
0,2.00122e+09,8.70586e+07,2.98088e+08,1.20024e+10,3.65738e+08,-5.61711e+08,-1.0501e+09,0.000992829,0.000147885,2.06016e-22
0,2.02808e+09,-8.11638e+06,3.28147e+08,7.79878e+08,-2.03625e+08,-2.86436e+08,-9.56979e+08,0.000997477,0.000161393,-5.2422e-26
0,2.04302e+09,4.64948e+07,3.23271e+08,8.38347e+09,5.25785e+08,3.8809e+08,-8.89382e+08,0.00095316,0.00015082,4.9993e-23
0,1.96204e+09,-4.54838e+06,3.1064e+08,6.69824e+07,1.73334e+08,-4.91617e+08,-1.30749e+09,0.00102597,0.000162437,6.06492e-26
0,2.02015e+09,3.11175e+07,3.04201e+08,4.20127e+09,-1.29536e+09,1.08811e+08,-1.1597e+09,0.00105623,0.00015905,1.8247e-23
0,2.31919e+09,-8.66807e+06,3.35008e+08,-7.67849e+08,-3.7042e+08,1.55948e+08,-8.84688e+07,0.000879928,0.000127106,-5.33519e-27
0,2.03717e+09,-5.48283e+07,2.93772e+08,-6.75608e+09,-1.15088e+09,3.81958e+08,-1.18766e+09,0.0010827,0.000156132,-7.63959e-23
0,2.21205e+09,-9.86796e+06,3.28167e+08,4.42907e+08,-7.16714e+08,6.34926e+07,-6.63664e+08,0.00101334,0.000150334,7.49295e-26
0,1.81802e+09,-4.75834e+07,3.07243e+08,1.84834e+09,-1.43408e+09,-2.45624e+08,-4.06687e+08,0.00097848,0.000165362,3.06989e-24
0,2.12969e+09,3.29608e+07,3.27e+08,8.18319e+09,-2.89036e+08,3.55713e+08,-8.06226e+08,0.000988252,0.000151739,3.57041e-23
0,1.8878e+09,-5.21755e+07,3.01267e+08,3.76654e+09,-1.77749e+09,-1.75881e+08,-8.77358e+08,0.00102379,0.000163384,2.31089e-23
0,1.86219e+09,6.35299e+06,2.75582e+08,-5.19566e+09,-2.07723e+09,-3.40557e+08,3.56862e+08,0.000910681,0.00013477,4.33792e-24
0,1.97947e+09,-7.61742e+07,2.98453e+08,-8.88926e+09,6.74928e+07,2.49795e+08,-1.1371e+09,0.00104873,0.000158122,-1.30273e-22
0,2.08128e+09,1.27431e+07,3.12371e+08,-8.02227e+08,-8.36916e+08,2.04542e+08,-1.09159e+09,0.00105238,0.000157947,-6.38569e-26
0,1.90419e+09,-4.0271e+07,2.76739e+08,-3.73253e+09,-2.81325e+08,7.56695e+08,-1.33553e+09,0.00104403,0.000151731,-1.15914e-23
0,1.88449e+09,6.03071e+07,2.99768e+08,-1.25447e+10,-1.70853e+09,1.64418e+08,-6.47802e+08,0.00110791,0.000176236,-4.48249e-22
0,1.93704e+09,-1.52388e+07,3.22404e+08,-1.58585e+09,4.30074e+08,-2.11636e+08,-1.10166e+09,0.00100086,0.000166585,-5.14701e-25
0,1.84442e+09,3.81445e+07,3.21757e+08,-3.86927e+09,2.46742e+09,-4.68473e+08,-4.95142e+08,0.00095983,0.000167441,4.04077e-25
0,1.90156e+09,3.98348e+07,3.06074e+08,4.35702e+09,1.11589e+08,-6.25746e+07,-1.3689e+09,0.00103745,0.000166988,1.96905e-23
0,2.00854e+09,6.9367e+06,3.11229e+08,1.62e+09,-1.52102e+09,-1.013e+07,-1.02714e+09,0.00108838,0.000168647,4.74298e-24
0,1.88914e+09,-4.87669e+06,3.16469e+08,-1.01389e+10,6.47895e+07,-1.79461e+08,-1.15359e+08,0.000864169,0.000144765,-9.92045e-24
0,1.67098e+09,3.08888e+07,2.46429e+08,1.35613e+09,8.79217e+08,-2.03575e+08,-1.69027e+09,0.00112247,0.000165537,2.8592e-25
0,1.66871e+09,-894153,2.45181e+08,-1.36328e+10,-1.02262e+09,9.31915e+07,-1.28258e+09,0.00116388,0.000171007,-2.21531e-21
0,1.96253e+09,37044.1,3.15493e+08,3.01199e+08,-6.47398e+07,1.39759e+08,-1.28913e+09,0.00101849,0.000163731,-8.88887e-26
0,1.88404e+09,3.42244e+07,2.94614e+08,2.40353e+09,-1.16236e+09,-2.65641e+08,-1.3854e+09,0.00109368,0.000171023,8.29504e-24
0,1.80787e+09,1.84266e+07,2.82005e+08,-1.37156e+09,1.24454e+09,-6.94105e+07,-1.39701e+09,0.0010317,0.000160932,-9.64516e-25
0,2.13345e+09,6.2352e+06,3.18854e+08,-2.09111e+09,-9.56331e+08,3.51555e+08,-7.68282e+08,0.000978918,0.000146304,-1.11179e-24
0,2.13592e+09,-1.62966e+07,3.34261e+08,-2.69636e+09,-4.40849e+08,-4.71271e+08,-6.73961e+08,0.000986674,0.00015441,-5.95462e-25
0,1.93051e+09,-1.52381e+07,3.18311e+08,-9.39284e+08,6.65571e+08,-2.72944e+07,-1.19404e+09,0.000989741,0.000163192,-5.10357e-26
0,2.01739e+09,1.11458e+07,3.03149e+08,-9.62265e+09,-2.42111e+09,-1.6839e+08,-7.18587e+08,0.00104077,0.000156394,-1.35308e-22
0,2.04609e+09,-5.12157e+07,3.27464e+08,-5.68315e+09,1.25218e+09,-2.39355e+08,-3.50282e+08,0.000851336,0.000136251,-4.06811e-24
0,2.10453e+09,2.88651e+07,3.08405e+08,-7.19244e+09,-1.86019e+09,-8.73673e+07,-1.12961e+08,0.00094022,0.000137783,-8.47803e-24
0,1.8063e+09,-4.32293e+07,2.95256e+08,4.32471e+09,-7.46689e+08,3.29557e+08,-8.83435e+08,0.00104979,0.000171598,1.67437e-23
0,1.90987e+09,-5.06906e+07,3.02267e+08,-2.37558e+09,-1.94983e+09,-2.029e+08,-7.13036e+08,0.00098002,0.000155104,-9.04206e-24
0,2.06545e+09,-7.28315e+07,3.09356e+08,-1.20436e+10,3.98356e+08,1.71908e+08,-8.72503e+08,0.00100764,0.000150921,-1.64686e-22
0,2.29219e+09,1.85316e+07,3.35882e+08,-3.84017e+09,-3.88246e+07,9.26248e+07,1.20363e+08,0.000884783,0.00012965,2.27867e-25
0,1.9492e+09,-7.6785e+06,2.97877e+08,-9.78175e+08,-9.04296e+08,3.67782e+08,-1.31638e+09,0.00104961,0.000160401,2.41542e-25
0,2.1809e+09,-1.6217e+07,3.33733e+08,-4.84788e+09,-8.25599e+08,-3.51247e+08,-6.36802e+08,0.000979159,0.000149836,-4.39405e-24
0,2.11225e+09,2.45727e+07,3.19392e+08,2.28044e+09,-7.45114e+08,9.18142e+07,-1.02659e+09,0.00102175,0.000154498,1.58082e-24
0,2.0675e+09,1.16518e+07,3.19796e+08,1.28755e+09,-6.72928e+08,2.80198e+08,-1.12599e+09,0.00100853,0.000155997,3.72171e-25
0,1.98717e+09,-6.4017e+07,3.19161e+08,-8.26941e+09,1.03354e+09,4.45134e+07,-8.23463e+08,0.000942399,0.00015136,-4.36809e-23
0,1.95322e+09,5.3821e+06,3.25891e+08,-7.60325e+07,2.34754e+08,4.3779e+07,-1.03974e+09,0.000992505,0.000165597,7.34947e-27
0,1.86524e+09,-2.11543e+07,3.23773e+08,1.45938e+09,6.80189e+08,5.58559e+08,-7.25815e+08,0.000928138,0.000161108,6.88717e-25
0,1.6412e+09,4.23506e+07,3.1989e+08,-3.45967e+09,-1.19121e+09,-1.19754e+08,-5.20845e+08,0.000978033,0.000190631,-1.08639e-23
0,2.0264e+09,-1.78931e+07,3.25564e+08,-5.84315e+09,-2.33488e+08,-6.47562e+08,-8.92357e+08,0.000982223,0.000157805,-1.59784e-23
0,2.07624e+09,-1.35163e+07,3.36447e+08,-3.2769e+09,-1.33492e+08,-1.32795e+08,-5.17822e+08,0.000978643,0.000158585,-1.59928e-24
0,2.02374e+09,2.32733e+07,2.97919e+08,1.41475e+09,-1.97474e+09,1.33804e+08,-1.32917e+09,0.00110022,0.000161965,9.66455e-24
0,2.03971e+09,-6.28026e+07,3.2004e+08,-1.33308e+10,5.77671e+08,-3.65292e+08,-7.39499e+08,0.000968751,0.000152002,-1.80376e-22
0,1.7604e+09,-1.52209e+07,2.90975e+08,3.68913e+09,9.48333e+08,1.26641e+08,-1.25755e+09,0.00105327,0.000174093,2.05507e-23
0,2.00025e+09,-5.57516e+07,3.24252e+08,-7.27774e+09,1.23333e+09,1.51602e+08,-6.58625e+08,0.000927798,0.000150401,-1.87004e-23
0,2.08375e+09,-1.66622e+07,3.3588e+08,-5.98468e+09,-5.0988e+08,-9.0244e+07,-5.48813e+08,0.000957015,0.000154262,-9.46345e-24
0,1.85662e+09,6.53232e+07,3.15786e+08,4.47592e+09,2.12629e+08,-5.04166e+07,-3.29512e+08,0.000981576,0.000166953,4.76835e-24
0,2.11916e+09,-1.95126e+07,3.10574e+08,9.75061e+09,-2.03529e+09,-2.64767e+08,-1.50643e+08,0.000939072,0.000137626,3.1422e-23
0,1.74465e+09,7.91616e+06,2.37069e+08,-4.08808e+08,-1.34675e+09,2.68232e+08,-1.46728e+09,0.00112615,0.000153024,2.04538e-24
0,1.76868e+09,1.39692e+07,3.24685e+08,-7.63497e+08,-5.03485e+08,-2.17414e+08,-7.9869e+08,0.000991996,0.000182106,-1.69413e-25
0,2.29376e+09,2.0489e+07,3.18457e+08,1.90562e+09,-1.39425e+09,2.98998e+07,-2.77271e+08,0.000944274,0.000131099,7.17394e-25
0,1.80867e+09,-4.55087e+06,3.22854e+08,2.14396e+09,7.41178e+08,1.48514e+08,-1.1915e+09,0.000998107,0.000178165,2.47113e-24
0,2.13167e+09,-4.18807e+06,3.00666e+08,6.8135e+09,-6.68068e+08,3.20656e+08,-7.7389e+08,0.00100814,0.000142195,2.07922e-23
0,2.02415e+09,-1.33426e+07,2.84402e+08,8.87459e+09,-3.15884e+09,-1.46704e+08,-4.63559e+07,0.000953922,0.00013403,6.46953e-23
0,1.89291e+09,-2.04407e+07,2.95481e+08,-1.02098e+09,-1.46146e+09,2.38748e+08,-1.35089e+09,0.001093,0.000170616,-1.6161e-24
0,1.9291e+09,-1.00012e+07,3.05754e+08,2.17619e+09,-6.99827e+08,1.62824e+08,-1.41367e+09,0.00107627,0.000170585,2.991e-24
0,2.04912e+09,-4.92135e+06,2.98905e+08,-4.8462e+08,-3.18646e+08,-9.09106e+07,-1.1631e+09,0.00105007,0.000153174,3.96922e-26
0,2.00812e+09,-1.36411e+06,3.30904e+08,5.1548e+07,-7.44314e+07,-2.06358e+08,-8.79276e+08,0.000996551,0.000164215,-7.85823e-27
0,1.66397e+09,2.54061e+06,2.73301e+08,-2.47905e+09,3.28777e+08,-2.25894e+08,-1.57353e+09,0.00105269,0.0001729,-6.50785e-24
0,1.98072e+09,-7.94198e+06,3.38582e+08,7.04892e+09,4.04629e+08,6.49486e+08,-3.95712e+08,0.000925052,0.000158127,1.61369e-23
0,1.88911e+09,-1.1982e+07,2.98442e+08,4.37562e+09,-3.7333e+07,9.91657e+07,-1.15426e+09,0.00106524,0.000168287,2.04399e-23
0,1.93808e+09,-1.96277e+06,3.21817e+08,-3.76843e+08,1.60172e+08,1.13063e+08,-1.13443e+09,0.000996396,0.000165451,6.10571e-26
0,1.9839e+09,-2.35011e+06,3.03286e+08,-1.14586e+08,9.56188e+07,-1.62415e+08,5.22346e+08,0.00105811,0.000161757,-1.50155e-27
0,1.91491e+09,-906536,3.33134e+08,3.93109e+08,-2.50205e+08,-2.09976e+08,-6.86801e+08,0.00101046,0.000175788,-2.92435e-26
0,2.24895e+09,4.33872e+06,3.11621e+08,3.98405e+09,-1.85435e+09,1.43777e+08,-6.8022e+08,0.00103056,0.000142797,9.04076e-24
0,2.03018e+09,2.6761e+07,3.12947e+08,8.3266e+09,6.00963e+08,5.96355e+08,-9.8015e+08,0.000962351,0.000148343,6.12251e-23
0,1.82326e+09,-5.75286e+07,2.93421e+08,-2.79815e+09,-2.25837e+08,5.32834e+08,-1.30195e+09,0.00102103,0.000164317,-4.68604e-24
0,1.97389e+09,-7.98325e+07,3.15524e+08,-8.46266e+09,4.19791e+08,-3.27268e+08,-5.84127e+08,0.00092751,0.000148261,-3.51763e-23
0,1.94599e+09,-209757,3.12413e+08,-1.96644e+09,1.65697e+08,-2.16905e+08,-1.28458e+09,0.00100309,0.000161039,-8.42268e-25
0,2.02809e+09,4.73547e+06,3.34135e+08,-2.06234e+08,-1.40423e+08,2.98356e+07,-7.48163e+08,0.000999164,0.000164616,9.2225e-27
0,1.50557e+09,8.18347e+07,1.93757e+08,4.71746e+09,1.76763e+09,-1.40127e+08,-4.42056e+08,0.00110313,0.000141965,-7.97324e-25
0,1.74022e+09,-2.71772e+06,2.77473e+08,-9.4503e+08,5.45495e+08,-1.78887e+08,-1.59532e+09,0.00107192,0.000170915,5.55926e-25
0,1.93642e+09,5.99528e+07,3.10524e+08,5.97283e+09,-1.22116e+09,-1.92606e+08,-8.25515e+08,0.000997007,0.00015988,3.42186e-23
0,1.8741e+09,4.84286e+07,2.89214e+08,6.78861e+09,-1.71809e+08,-7.07103e+08,-1.35898e+09,0.00101958,0.000157343,7.79245e-23
0,1.91944e+09,-4.22832e+07,3.08815e+08,-5.95477e+09,-1.0264e+09,-3.0657e+08,-1.15582e+09,0.00107995,0.000173751,-5.29926e-23
0,2.09887e+09,97618.7,3.099e+08,1.3604e+09,-1.92912e+09,-1.98551e+08,-1.00997e+09,0.00108746,0.000160564,4.10588e-24
0,1.90082e+09,-1.56839e+07,2.36231e+08,-9.10002e+09,-8.62219e+08,-9.32428e+08,6.79583e+08,0.0012898,0.000160294,4.23965e-22
0,1.95664e+09,-1.26192e+07,3.27144e+08,-1.96245e+07,2.08342e+08,2.76608e+07,-1.06472e+09,0.000996326,0.000166583,1.1828e-27
0,1.93237e+09,-7.39309e+06,3.11027e+08,-1.91877e+08,-1.00988e+09,2.83187e+08,-1.2581e+09,0.00108916,0.000175307,8.29682e-25
0,2.07272e+09,5.09354e+07,3.18484e+08,1.22155e+10,-1.10455e+08,2.12416e+08,-8.80178e+08,0.000974937,0.000149805,1.45898e-22
0,2.10788e+09,-1.49639e+07,3.22401e+08,-1.11549e+09,-9.37182e+08,-1.93618e+08,-1.03071e+09,0.00104682,0.000160112,-7.3783e-25
0,2.03517e+09,4.73581e+07,3.23937e+08,9.742e+09,5.09435e+08,4.17248e+08,-9.31881e+08,0.000976536,0.000155435,9.35044e-23
0,2.03971e+09,-9.3843e+06,3.35558e+08,-1.8555e+09,2.91131e+08,-2.91427e+08,-3.18808e+08,0.000942473,0.000155048,-2.56271e-25
0,1.88499e+09,-1.93218e+07,2.63016e+08,-3.60291e+09,-1.14435e+09,-8.10474e+06,-1.63705e+09,0.00115296,0.000160875,-3.2388e-23
0,1.99625e+09,-6.10999e+07,3.08259e+08,-7.87124e+09,-3.54322e+08,-2.17086e+07,-1.11407e+09,0.00105329,0.000162649,-8.75197e-23
0,1.9098e+09,-5.61824e+07,2.89583e+08,-3.78801e+09,-1.25517e+08,8.68323e+08,-1.36714e+09,0.00105433,0.000159868,-1.16967e-23
0,1.89934e+09,-1.41273e+07,3.17106e+08,4.67011e+09,3.49383e+08,2.58309e+08,-9.31279e+08,0.000946156,0.000157966,1.20079e-23
0,1.94082e+09,-1.48854e+07,3.10405e+08,-1.38043e+09,-8.36996e+08,1.28668e+08,-1.3425e+09,0.00107953,0.000172654,-9.77589e-25
0,2.05093e+09,7.03988e+07,2.89449e+08,-1.59665e+10,-6.11882e+08,9.00162e+07,5.12567e+08,0.0010425,0.000147129,2.77461e-22
0,1.98779e+09,-3.75705e+07,3.08696e+08,-6.14798e+09,-3.25373e+08,-4.14292e+08,-1.09781e+09,0.000989338,0.000153641,-2.80134e-23
0,2.06043e+09,1.4041e+07,3.05222e+08,-5.58027e+09,-6.26812e+08,4.82709e+07,-9.51746e+08,0.00101097,0.000149761,-1.95765e-23
0,2.0945e+09,5.06147e+07,2.84886e+08,1.04696e+10,-2.53235e+09,-1.73213e+08,-1.02214e+09,0.00115665,0.000157324,3.75877e-22
0,2.07236e+09,-2.34717e+07,3.26783e+08,-3.58256e+09,-4.93104e+08,-4.29189e+08,-9.26362e+08,0.00102759,0.000162037,-3.84985e-24
0,2.07721e+09,3.55672e+07,3.27525e+08,9.08646e+09,-1.29849e+08,5.06299e+08,-8.61084e+08,0.00100698,0.000158775,6.6014e-23
0,1.94218e+09,-7.79819e+06,3.1328e+08,1.50935e+09,1.06122e+08,1.65895e+08,-1.32964e+09,0.00101014,0.000162939,1.49102e-25
0,1.80661e+09,-4.67048e+07,2.52887e+08,-4.93773e+09,-3.77805e+08,4.41196e+08,-1.59428e+09,0.00111979,0.000156746,-6.57487e-23
0,2.03666e+09,2.04682e+07,3.21268e+08,4.58053e+09,1.14372e+09,-3.10067e+08,-6.53177e+08,0.000920479,0.000145199,2.98415e-24
0,1.89491e+09,-1.8993e+07,3.13289e+08,6.97929e+09,-6.57783e+08,-6.33115e+06,-9.15893e+08,0.000956557,0.00015815,4.18087e-23
0,2.09403e+09,-2.94192e+06,3.40557e+08,-1.58007e+09,-3.05509e+07,-1.73171e+08,-3.18114e+08,0.000938005,0.00015255,-8.00872e-26
0,1.96544e+09,-1.59874e+07,3.13193e+08,-3.81841e+09,-8.86706e+08,3.55057e+08,-1.18931e+09,0.00108829,0.000173418,-1.69624e-23
0,1.95546e+09,2.69288e+07,3.09805e+08,6.81804e+09,-9.41378e+07,-2.90583e+08,-9.00785e+08,0.00100932,0.000159907,4.14107e-23
0,2.12846e+09,-1.63947e+07,3.24119e+08,-3.3536e+09,-9.41866e+08,-2.01062e+08,-9.33077e+08,0.000996721,0.000151779,-3.6772e-24
0,2.01921e+09,-1.48258e+07,3.22315e+08,-1.50908e+08,-3.51029e+08,1.39633e+08,-1.12222e+09,0.00100308,0.000160116,5.52661e-26
0,2.10912e+09,5.75415e+06,3.18993e+08,2.51386e+08,-1.22677e+09,2.68505e+08,-1.06875e+09,0.00102678,0.000155295,7.31965e-25
0,1.85832e+09,3.16756e+07,2.71344e+08,3.7124e+09,9.10852e+07,-1.76808e+08,-1.45438e+09,0.00107713,0.000157277,1.62553e-23
0,2.24332e+09,-7.95182e+06,3.20113e+08,-2.42339e+09,-2.07313e+09,1.25574e+07,-7.85973e+08,0.00105905,0.000151122,-7.27545e-24
0,2.05708e+09,-6.44454e+07,3.15477e+08,-1.09024e+10,7.21165e+07,-1.39211e+08,-9.28106e+08,0.00100361,0.000153915,-1.32371e-22
0,1.76749e+09,-7.71511e+07,2.99096e+08,4.74368e+09,-8.08822e+08,-1.41653e+07,-7.4849e+08,0.0010369,0.000175465,2.51762e-23
0,1.97168e+09,-3.20626e+07,3.14978e+08,8.25147e+09,-1.54641e+09,1.99411e+07,-6.73388e+08,0.000982291,0.000156922,5.77994e-23
0,1.73792e+09,-4.18467e+07,2.59912e+08,-4.34414e+09,8.15503e+08,5.1164e+08,-1.70062e+09,0.00109232,0.00016336,-4.13239e-23
0,1.88087e+09,311129,3.25814e+08,-6.09228e+08,5.43363e+08,-4.84709e+07,-1.07469e+09,0.00097409,0.000168737,1.81397e-26
0,2.0122e+09,-2.32798e+07,3.05972e+08,-7.80814e+09,-6.40913e+08,2.05499e+08,-1.07327e+09,0.00101772,0.000154752,-7.10031e-23
0,1.84907e+09,1.12632e+07,3.23609e+08,1.8137e+09,7.51762e+08,1.16518e+08,-1.17041e+09,0.00099041,0.000173334,1.23017e-24
0,1.95281e+09,2.28411e+07,2.75077e+08,-4.72544e+08,-2.67935e+09,3.55876e+08,-1.20483e+09,0.00115982,0.000163374,3.98602e-24
0,1.98989e+09,-968845,2.94871e+08,4.08254e+09,-3.02081e+09,-1.14508e+08,-1.16307e+09,0.00112676,0.000166969,9.91414e-23
0,1.82953e+09,9.87902e+07,2.98281e+08,1.10562e+10,1.0582e+09,-2.66189e+08,-9.60085e+08,0.000960459,0.00015659,1.90861e-22
0,2.06822e+09,-1.78233e+07,2.66362e+08,-3.69471e+09,1.00055e+09,-4.73308e+08,6.80093e+08,0.00108613,0.000139881,4.08779e-24
0,1.95228e+09,-896631,2.86992e+08,-4.76548e+09,5.13607e+08,-8.76528e+07,-1.2457e+09,0.000996258,0.000146453,-1.82687e-23
0,2.15259e+09,2.23221e+07,3.1509e+08,3.65038e+09,-1.76884e+09,1.80185e+08,-1.03356e+09,0.00105623,0.000154607,1.31025e-23
0,2.12969e+09,2.53213e+07,3.23904e+08,6.28845e+09,1.16835e+08,-3.57386e+08,-5.24624e+08,0.000942289,0.000143313,8.41491e-24
0,2.31247e+09,1.98329e+07,3.25405e+08,4.39821e+09,-1.27261e+09,-1.61771e+08,-3.65983e+08,0.000940087,0.000132287,2.93913e-24
0,1.9624e+09,3.30505e+07,3.15907e+08,5.79068e+09,-5.30197e+08,3.70094e+08,-1.15822e+09,0.00104393,0.000168052,3.40376e-23
0,1.97243e+09,-7.50031e+07,3.14916e+08,-1.00567e+10,1.16787e+09,4.15871e+06,-9.28469e+08,0.000953448,0.000152227,-9.93425e-23
0,1.90666e+09,-3.92576e+07,3.10994e+08,-5.13871e+09,1.66511e+08,2.55043e+08,-1.33635e+09,0.0010575,0.000172489,-3.47323e-23
0,1.84782e+09,-6.62689e+07,3.05726e+08,5.50625e+09,-1.15216e+08,1.4392e+07,-5.7825e+08,0.00105814,0.000175072,2.35131e-23
0,1.95246e+09,-3.5665e+07,2.94094e+08,5.46624e+08,-3.39713e+09,-3.30328e+08,-1.04087e+09,0.00114188,0.000171998,-1.13508e-24
0,2.17022e+09,-2.8057e+07,3.21392e+08,-9.18695e+09,-1.37838e+09,-1.57212e+08,-7.49359e+08,0.00103964,0.000153962,-6.15781e-23
0,1.97616e+09,8.03597e+07,3.03479e+08,1.35793e+10,-3.70865e+08,-1.19989e+07,-9.37299e+08,0.00101899,0.000156487,3.41922e-22
0,2.08409e+09,-3.67834e+06,3.40676e+08,-6.88583e+08,1.61514e+07,-2.48749e+07,-3.00928e+08,0.000930025,0.000152026,-5.64611e-27
0,2.03549e+09,1.72706e+07,3.01321e+08,1.19565e+10,5.68419e+08,-2.86495e+08,-6.58821e+08,0.00101375,0.000150069,1.29613e-22
0,1.99634e+09,-1.20018e+07,3.26347e+08,4.08366e+08,-1.62143e+08,1.10414e+08,-1.05581e+09,0.00102339,0.000167297,-4.59713e-26
0,1.86065e+09,5.06113e+07,2.26684e+08,-8.52858e+09,-6.14879e+08,1.65213e+08,4.65313e+08,0.00105866,0.000128977,6.3611e-23
0,1.79562e+09,8.11824e+07,2.86943e+08,-4.78411e+09,-2.26649e+09,-9.28272e+07,-9.22139e+08,0.0010902,0.000174215,-8.84057e-23
0,1.84106e+09,-2.78599e+07,3.05004e+08,-2.15909e+09,1.53664e+09,5.31591e+08,-1.35512e+09,0.000995021,0.000164843,-8.92864e-25
0,1.91818e+09,-5.45024e+06,2.89492e+08,4.98686e+09,2.86438e+08,8.39242e+07,-1.05638e+09,0.000986814,0.00014893,1.84342e-23
0,1.89852e+09,-6.16411e+07,3.19167e+08,-7.57497e+09,1.8237e+09,3.41512e+08,-8.14953e+08,0.000919007,0.000154498,-2.35873e-23
0,2.29361e+09,2.67109e+07,3.08982e+08,6.404e+09,-2.4652e+08,-1.36482e+08,-3.18961e+08,0.00101411,0.000136615,5.9444e-24
0,2.01233e+09,-3.80246e+07,3.17867e+08,-1.09923e+10,-4.78162e+07,-5.94818e+07,-9.08352e+08,0.000986695,0.000155858,-1.35717e-22
0,1.73877e+09,-7.6892e+06,2.75197e+08,-1.81742e+09,7.47054e+08,-6.30985e+07,-1.7111e+09,0.00107499,0.00017014,-1.87464e-24
0,2.03136e+09,-1.83115e+07,2.74599e+08,-3.30284e+09,9.25142e+08,2.7035e+08,1.39775e+08,0.000917342,0.000124006,1.3069e-24
0,2.06098e+09,-4.21956e+07,3.23905e+08,-4.98651e+09,-1.23358e+07,-2.05688e+08,-9.92455e+08,0.000976976,0.000153542,-1.12346e-23
0,1.75843e+09,-4.11846e+06,2.73669e+08,1.57578e+09,6.33628e+08,2.86783e+08,-1.6088e+09,0.00108099,0.000168238,9.3294e-25
0,1.56694e+09,-2.23959e+07,1.89507e+08,-1.01271e+09,-1.5374e+08,1.67222e+07,-7.20627e+08,0.00117561,0.000142179,-4.08619e-25
0,1.96985e+09,-2.91689e+06,3.32356e+08,1.64905e+09,-1.61092e+08,5.77522e+07,-8.52596e+08,0.000996442,0.000168121,3.78574e-25
0,2.02232e+09,-1.47531e+06,3.20853e+08,-4.20684e+09,-1.01301e+09,1.16235e+08,-9.68535e+08,0.00105837,0.000167917,-1.47518e-23
0,1.89858e+09,-3.34978e+07,3.01098e+08,6.72811e+09,-8.55793e+08,4.42156e+08,-6.17347e+08,0.00105248,0.000166915,3.04807e-23
0,2.07117e+09,-8.78239e+06,3.37891e+08,1.05012e+08,6.30079e+07,1.83452e+08,-2.00898e+08,0.000932151,0.000152071,-2.07148e-28
0,1.98049e+09,2.64285e+07,2.85622e+08,6.05904e+09,-1.10443e+08,-3.00609e+08,-9.66698e+08,0.00100825,0.000145408,2.89225e-23
0,1.94008e+09,-2.96524e+07,2.92777e+08,4.27273e+09,1.76051e+09,7.84064e+07,-7.77512e+08,0.00112239,0.00016938,1.30337e-23
0,1.83904e+09,5.45744e+07,3.08582e+08,6.3306e+09,1.50532e+09,-3.635e+08,-1.34579e+09,0.00103348,0.000173414,6.25684e-23
0,2.00922e+09,-1.458e+07,3.10143e+08,7.88633e+08,-1.14489e+09,-7.67453e+07,-1.26654e+09,0.00108724,0.000167826,7.2342e-25
0,2.04381e+09,-4.35682e+07,2.94781e+08,7.20079e+09,-2.6789e+09,4.11305e+08,1.72245e+07,0.000969388,0.000139816,9.57448e-24
0,1.8617e+09,-2.2888e+07,3.08327e+08,-2.33771e+09,1.08377e+09,3.01268e+08,-1.42956e+09,0.00100438,0.000166341,-2.28164e-24
0,1.83096e+09,2.35779e+07,2.98727e+08,-9.47012e+09,-1.93571e+09,-4.71554e+08,-9.10585e+08,0.00104397,0.000170327,-1.7985e-22
0,2.17399e+09,2.07016e+07,3.22543e+08,2.76336e+09,-1.07739e+09,1.04789e+08,-6.21197e+08,0.000973092,0.000144372,1.68662e-24
0,1.91216e+09,-1.82988e+07,3.18592e+08,-1.71361e+09,5.80602e+08,-5.09079e+06,-1.23718e+09,0.00099257,0.000165376,-6.74728e-25
0,1.89356e+09,-2.77768e+06,3.13023e+08,-4.90819e+09,-2.5309e+07,-4.08837e+07,-1.23404e+09,0.00103207,0.000170612,-2.62826e-23
0,1.74502e+09,-1.03014e+08,2.82017e+08,-1.24812e+09,-7.36063e+08,-9.49836e+07,-9.04158e+08,0.00110705,0.000178913,-1.56977e-24
0,1.96708e+09,1.32063e+07,3.31564e+08,-2.11266e+09,9.39714e+08,5.56169e+07,-7.51698e+08,0.000925661,0.000156026,-5.74043e-25
0,2.29189e+09,2.89219e+07,3.22721e+08,5.75839e+09,-1.04797e+09,-2.49489e+08,-3.91121e+08,0.000940339,0.000132409,5.43119e-24
0,2.07139e+09,6.87727e+07,3.18924e+08,4.96501e+09,1.67037e+09,-2.81859e+08,-6.03013e+08,0.000901552,0.000138809,1.33965e-24
0,1.72719e+09,1.90316e+07,2.89055e+08,3.13265e+08,4.39124e+08,-6.64598e+08,-1.44668e+09,0.00105155,0.000175982,1.11972e-25
0,2.0737e+09,2.99111e+07,2.92493e+08,4.05738e+09,-1.09775e+09,-2.87548e+08,-9.66783e+08,0.00105364,0.000148614,1.27755e-23
0,1.97675e+09,-1.33385e+07,3.13235e+08,-4.36911e+09,6.33114e+07,2.73939e+07,-1.29836e+09,0.00100809,0.000159741,-1.36161e-23
0,2.12137e+09,1.54192e+07,3.21993e+08,1.31007e+09,-1.06506e+09,2.10965e+08,-6.5368e+08,0.000979767,0.000148715,6.29514e-25
0,2.04146e+09,2.25431e+07,2.88874e+08,2.56199e+09,-2.06745e+09,2.82589e+08,-1.3056e+09,0.0010815,0.000153036,1.82476e-23
0,1.95502e+09,-1.44146e+07,3.2521e+08,-1.25018e+09,7.12892e+07,-1.38693e+08,-1.0874e+09,0.00100718,0.000167542,-6.95952e-26
0,2.09548e+09,-857822,3.42305e+08,1.28896e+09,-4.83661e+07,1.93314e+08,-2.76641e+08,0.00093464,0.000152677,3.28535e-26
0,1.91226e+09,1.91212e+07,2.99128e+08,6.26655e+09,-465519,1.34398e+08,-1.23084e+09,0.00100131,0.000156631,4.57846e-23
0,1.79036e+09,-9.65951e+07,2.88096e+08,-1.73024e+09,2.98921e+08,9.23306e+07,-7.68663e+08,0.00110661,0.00017807,-1.16311e-24
0,1.88427e+09,-1.90215e+07,3.16528e+08,-4.29657e+09,1.62735e+08,-8.87191e+07,-1.12794e+09,0.00102497,0.000172178,-1.60634e-23
0,2.11379e+09,6.01412e+07,2.94032e+08,5.59877e+09,-8.39924e+08,-2.6447e+08,-8.82783e+08,0.000995327,0.000138452,1.70515e-23
0,2.0769e+09,8.81058e+06,2.89139e+08,8.33141e+09,-1.59448e+09,-4.13793e+08,-2.68075e+06,0.00100966,0.000140561,2.04492e-23
0,1.87907e+09,6.70477e+07,3.01806e+08,-4.34285e+09,-1.80276e+09,-5.64119e+07,-8.02373e+08,0.00103574,0.000166355,-2.94029e-23
0,2.04256e+09,2.06295e+07,3.07321e+08,3.51691e+09,-1.2971e+09,-5.06972e+08,-1.23722e+09,0.00109435,0.000164655,1.52998e-23
0,2.048e+09,6.6244e+07,3.16124e+08,7.85536e+09,8.3664e+08,6.70772e+06,-6.22092e+08,0.000919474,0.000141928,2.20173e-23
0,1.76009e+09,2.53168e+07,2.61192e+08,6.46474e+08,3.35784e+08,-3.89651e+08,-1.71601e+09,0.00111021,0.000164752,-8.21638e-25
0,2.09216e+09,-1.21801e+06,3.42334e+08,1.58745e+09,-3.59724e+07,2.28833e+08,-2.7577e+08,0.000938355,0.000153541,6.65936e-26
0,1.92526e+09,3.73151e+07,3.18119e+08,2.74343e+09,9.62222e+08,-1.34812e+08,-1.12773e+09,0.00101093,0.00016704,3.23409e-24
0,2.14188e+09,-3.02112e+07,3.37159e+08,-7.96174e+09,1.71578e+08,-5.21236e+08,-5.14626e+08,0.000933092,0.00014688,-1.72417e-23
0,1.88082e+09,-2.32008e+07,3.05436e+08,3.18504e+09,1.96684e+09,1.55643e+08,-6.39876e+08,0.0010969,0.000178132,9.45637e-25
0,1.85128e+09,-2.7712e+06,2.65019e+08,1.66013e+09,-5.79101e+08,-7.82147e+07,-1.49368e+09,0.0010863,0.000155508,1.15571e-24
0,2.0424e+09,1.83162e+07,2.77115e+08,-5.88135e+09,-8.74092e+08,-3.14278e+07,3.57586e+08,0.000961408,0.000130445,6.68354e-24
0,1.8606e+09,-2.10983e+07,3.24376e+08,-8.09472e+09,-2.83694e+07,-7.95301e+08,-8.87449e+08,0.000952882,0.000166125,-6.27478e-23
0,1.94491e+09,-5.26075e+06,2.88964e+08,6.45927e+09,3.18128e+08,7.70743e+08,-1.19099e+09,0.00101055,0.000150142,5.07546e-23
0,1.83919e+09,-3.00037e+06,2.84352e+08,3.43028e+09,-5.55516e+08,-6.2911e+07,-1.40777e+09,0.00108092,0.000167119,1.50414e-23
0,1.87508e+09,1.26667e+07,3.26461e+08,-1.81347e+08,4.50922e+08,-1.03294e+08,-1.06467e+09,0.000997638,0.000173694,3.03267e-26
0,1.82703e+09,-2.2724e+07,3.17111e+08,-1.90957e+09,8.20764e+08,1.59645e+08,-1.1128e+09,0.000996583,0.000172974,-1.15436e-24
0,2.10478e+09,-2.88175e+07,3.39404e+08,-7.46441e+09,4.98988e+08,-7.08448e+08,-4.11161e+08,0.000908177,0.000146447,-1.41687e-23
0,1.93193e+09,-5.06059e+06,3.20963e+08,2.70647e+08,4.58343e+08,-9.2905e+07,-1.191e+09,0.000987007,0.000163978,-3.12543e-26
0,1.87776e+09,-7.53365e+07,2.89566e+08,-2.28163e+09,2.79697e+09,1.93838e+08,-6.424e+08,0.00109686,0.000169145,1.58097e-23
0,1.90439e+09,-2.84347e+06,3.09835e+08,2.28076e+09,2.01343e+09,2.79291e+08,-5.09045e+08,0.00109834,0.000178694,-2.66198e-24
0,1.82963e+09,8.14367e+07,2.84734e+08,1.11287e+10,1.3049e+09,-6.60023e+08,-1.34652e+09,0.00100279,0.000156058,3.07398e-22
0,2.05354e+09,-1.36988e+07,3.11765e+08,9.5363e+08,-1.06694e+09,-2.12941e+08,-9.47819e+08,0.00101567,0.000154197,3.45192e-25
0,2.07825e+09,2.6129e+07,3.10074e+08,6.28661e+09,-1.62164e+09,4.79244e+08,-1.12824e+09,0.00107623,0.000160573,4.26987e-23
0,2.29793e+09,2.73756e+07,3.20806e+08,5.7379e+09,-1.3142e+09,-2.34735e+08,-4.07247e+08,0.000950093,0.000132639,6.74722e-24
0,2.09245e+09,-2.26454e+06,3.42351e+08,1.93318e+09,-1.28832e+06,2.63047e+08,-2.73088e+08,0.000945939,0.000154767,1.36644e-25
0,2.0574e+09,-6.1427e+07,3.14145e+08,-1.08045e+10,-2.87359e+07,-3.49719e+08,-9.50901e+08,0.00100663,0.000153703,-1.32628e-22
0,1.59512e+09,3.87593e+06,1.87319e+08,5.80479e+08,5.31311e+08,1.33746e+07,-1.03253e+09,0.0012161,0.000142809,-1.04818e-25
0,2.03603e+09,-2.03899e+07,3.13118e+08,-3.57053e+09,-1.72811e+09,4.00784e+07,1.06246e+08,0.00105173,0.000161744,-4.51168e-24
0,1.97969e+09,1.80021e+07,2.97876e+08,6.42884e+09,-3.3841e+08,7.03756e+08,-1.1903e+09,0.00103483,0.000155708,4.08499e-23
0,1.91071e+09,4.01299e+07,3.15163e+08,5.80122e+09,6.21861e+08,-1.78149e+08,-8.96889e+08,0.000954172,0.000157387,2.02738e-23
0,2.02461e+09,-2.20999e+07,2.8935e+08,-4.52577e+09,-1.68243e+09,2.25371e+07,-1.29409e+09,0.00106008,0.000151503,-3.21571e-23
0,1.75155e+09,1.62769e+07,3.18501e+08,1.32705e+09,7.31885e+08,-4.00592e+08,-1.00396e+09,0.000980993,0.000178383,1.98761e-25
0,1.82848e+09,-2.46308e+07,3.13163e+08,4.44616e+08,1.21705e+09,2.27043e+08,-1.20474e+09,0.000987728,0.000169167,6.7791e-26
0,1.86649e+09,-5.20809e+07,2.95432e+08,-3.54708e+09,-9.79458e+07,6.2493e+08,-1.41827e+09,0.00107856,0.000170717,-1.26985e-23
0,1.83629e+09,4.04863e+07,3.12252e+08,3.01216e+09,1.27938e+09,-4.47121e+08,-1.15666e+09,0.00098485,0.000167469,3.24735e-24
0,2.16398e+09,-5.84446e+07,2.90456e+08,-5.63158e+09,2.24721e+08,8.29063e+08,-3.36352e+08,0.000924216,0.000124051,-2.47895e-24
0,1.86559e+09,2.2853e+07,3.24145e+08,2.05601e+09,5.90617e+08,2.0521e+08,-1.17325e+09,0.000999644,0.000173688,1.76056e-24
0,2.00607e+09,-1.724e+07,3.10172e+08,6.86861e+08,-1.11152e+09,-4.16684e+06,-8.91118e+08,0.0010142,0.000156812,5.16365e-25
0,2.05646e+09,1.48809e+07,3.12395e+08,1.76008e+09,-5.31759e+08,-5.09377e+08,-1.10259e+09,0.0010489,0.000159337,5.12216e-25
0,2.10815e+09,1.25592e+07,3.06368e+08,2.54266e+09,-2.04708e+09,4.04134e+08,-1.19701e+09,0.00109371,0.000158944,1.50522e-23
0,1.84993e+09,-8.38975e+06,3.16537e+08,9.79144e+09,-1.28674e+09,2.78065e+08,-6.08672e+08,0.00093559,0.000160087,7.06864e-23
0,1.97994e+09,-4.1982e+07,2.52925e+08,-3.0344e+09,-1.36309e+09,2.76331e+08,-1.17994e+09,0.00110562,0.000141236,-1.38621e-23
0,2.04645e+09,-4.66705e+07,3.21296e+08,-1.14347e+10,2.41926e+08,-3.86567e+08,-7.92023e+08,0.000976796,0.000153358,-1.20378e-22
0,1.79744e+09,-2.95578e+07,2.9153e+08,-2.11347e+09,6.23725e+08,1.53476e+08,-1.25836e+09,0.00102801,0.000166735,-2.10021e-24
0,2.25132e+09,1.74549e+07,3.07991e+08,-6.18998e+08,3.69608e+08,2.44034e+08,1.0514e+08,0.000904211,0.0001237,3.42315e-27
0,1.82049e+09,-3.53198e+07,2.99425e+08,-3.79159e+09,5.50844e+08,7.9103e+08,-1.34303e+09,0.00106764,0.000175599,-1.33775e-23
0,2.16099e+09,-1.61509e+07,3.31091e+08,-5.06436e+09,-9.79298e+08,-3.83181e+08,-7.2003e+08,0.00100171,0.000153475,-6.83093e-24
0,1.81545e+09,3.75945e+07,3.10102e+08,3.76368e+09,1.39774e+09,-2.75967e+08,-1.388e+09,0.0010014,0.000171053,1.20079e-23
0,2.06327e+09,2.47658e+06,3.15293e+08,-2.41469e+08,-6.61917e+08,-6.75754e+08,-1.00386e+09,0.00104815,0.00016017,-2.53261e-25
0,2.08098e+09,-9.59619e+06,3.09112e+08,-2.38417e+09,-1.71884e+09,3.51836e+08,-1.20056e+09,0.00110243,0.000163758,-8.81314e-24
0,1.85265e+09,1.73336e+06,3.0074e+08,1.38972e+09,1.2744e+09,9.34041e+07,-1.03775e+09,0.000943711,0.000153192,4.43389e-25
0,1.9286e+09,-1.36926e+07,3.23666e+08,1.96525e+09,5.27841e+08,2.97655e+08,-9.30948e+08,0.000999332,0.000167713,1.23021e-24
0,1.8608e+09,-8.5967e+06,3.13693e+08,1.22279e+10,-1.65037e+09,6.33394e+08,-5.80056e+08,0.00097279,0.000163992,1.11532e-22
0,1.80035e+09,-3.57856e+07,2.89202e+08,-1.29227e+07,1.19592e+09,2.80595e+08,-1.25203e+09,0.00100764,0.000161865,3.86792e-27
0,2.06234e+09,2.04338e+07,3.1762e+08,6.76763e+09,-4.89219e+08,1.19735e+08,-1.07584e+09,0.000993016,0.000152934,3.35042e-23
0,1.83435e+09,5.88374e+07,3.02121e+08,-5.89156e+09,-2.11193e+09,-8.19662e+07,-8.69961e+08,0.00102993,0.00016963,-7.57919e-23
0,2.09691e+09,5.30597e+06,3.17432e+08,-1.20421e+09,-1.1551e+09,4.96482e+08,-8.92764e+08,0.00100912,0.000152761,-1.84531e-25
0,1.90596e+09,4.48957e+07,3.12274e+08,5.2597e+09,7.36203e+08,-3.72894e+08,-1.20748e+09,0.00103406,0.000169421,2.83082e-23
0,2.07589e+09,2.63171e+07,3.13217e+08,8.42111e+09,-1.03041e+09,1.47946e+08,-9.35898e+08,0.00100308,0.000151348,5.9344e-23
0,1.80277e+09,-3.61159e+07,2.91722e+08,1.08902e+09,-1.78218e+09,-1.26319e+08,-1.18992e+09,0.00109396,0.000177023,6.24714e-24
0,2.09127e+09,-1.62489e+07,3.41837e+08,-3.67097e+09,7.00097e+08,-3.59498e+08,-2.73807e+08,0.000856868,0.000140063,-1.11519e-24
0,1.85922e+09,-4.79026e+06,2.60751e+08,8.42056e+08,-5.08568e+08,-3.83059e+07,-1.42101e+09,0.00110812,0.000155411,-1.81337e-25
0,2.01715e+09,-8.60873e+06,3.11774e+08,-8.84652e+09,1.52248e+09,-2.36742e+08,-1.54297e+08,0.00104506,0.000161527,-2.1023e-23
0,1.67087e+09,9.53684e+06,2.8664e+08,9.64576e+09,2.06431e+08,-2.96233e+08,-1.12672e+09,0.00103798,0.000178067,3.62645e-22
0,1.82295e+09,1.18659e+07,2.46445e+08,3.18278e+09,-7.86492e+08,-4.19486e+08,-1.40732e+09,0.001164,0.000157362,2.0613e-23
0,1.88384e+09,-8.60277e+06,3.13849e+08,1.37828e+10,-1.07581e+09,8.56063e+08,-5.56456e+08,0.00102674,0.000171055,1.75684e-22
0,2.10552e+09,-1.50484e+06,3.42834e+08,1.0442e+09,-8.0058e+07,1.52533e+08,-3.57657e+08,0.000959713,0.000156267,2.31084e-26
0,1.7926e+09,-1.00045e+07,2.9264e+08,1.36361e+09,1.27843e+09,4.6375e+08,-1.20383e+09,0.0010033,0.000163789,1.68148e-24
0,1.90175e+09,1.95806e+07,3.23027e+08,2.82062e+09,3.79724e+08,9.84492e+07,-1.13417e+09,0.00100047,0.000169938,3.74072e-24
0,2.09481e+09,-5.93187e+06,3.11818e+08,6.25582e+08,-1.83303e+09,2.25628e+08,-6.88157e+08,0.00106234,0.000158132,2.53795e-24
0,1.88442e+09,-3.34074e+07,3.15421e+08,2.47085e+09,-1.63896e+09,-3.03355e+08,-7.61044e+08,0.000991183,0.000165908,7.28551e-24
0,1.78577e+09,-2.82017e+07,2.89475e+08,-3.5825e+08,1.26864e+09,-1.39986e+08,-1.34397e+09,0.00100706,0.000163245,-3.3642e-26
0,1.78577e+09,-5.08805e+06,2.78842e+08,-7.20709e+07,1.59897e+09,-2.15637e+08,-1.59484e+09,0.00104953,0.000163881,-1.07086e-26
0,1.96009e+09,-1.79355e+07,3.01725e+08,-4.89056e+09,-7.43873e+08,3.98462e+08,-1.36959e+09,0.00107226,0.000165058,-3.40469e-23
0,1.95362e+09,3.39258e+07,2.45591e+08,-5.22349e+08,-2.24054e+09,-2.93865e+08,-1.24707e+09,0.00120496,0.000151476,-1.54252e-23
0,1.91624e+09,4.41099e+07,3.19947e+08,3.47891e+09,8.98164e+08,-6.48244e+07,-1.07268e+09,0.00101476,0.00016943,7.12682e-24
0,1.80336e+09,-1.91247e+07,2.5679e+08,6.79322e+09,-3.41589e+09,-1.07019e+08,-1.12736e+09,0.00112904,0.00016077,4.53799e-22
0,2.13944e+09,-2.28007e+07,3.17403e+08,-7.46503e+09,-1.3752e+09,-6.32709e+08,-8.46328e+08,0.00101957,0.000151261,-2.51624e-23
0,2.00487e+09,-3.25218e+07,3.34779e+08,-8.55711e+09,2.01897e+08,-5.61229e+08,-6.0556e+08,0.000927792,0.000154925,-3.40535e-23
0,1.74815e+09,-1.63199e+07,2.90328e+08,-3.39531e+09,1.64399e+09,-9.71649e+07,-1.54069e+09,0.00103671,0.000172174,-1.93111e-23
0,2.03158e+09,-7.0584e+07,2.97679e+08,-1.29465e+10,-7.0541e+08,-1.57429e+08,-1.0697e+09,0.00102311,0.000149912,-2.95155e-22
0,1.73306e+09,2.9357e+06,2.85339e+08,4.33986e+09,-8.23838e+08,-6.68994e+08,-1.17224e+09,0.00100464,0.000165408,2.97455e-23
0,1.72429e+09,-8.62204e+07,2.7455e+08,1.5044e+09,-2.29514e+09,-1.12012e+08,-8.87129e+08,0.00110846,0.000176495,2.33074e-23
0,1.83172e+09,1.23733e+07,2.93995e+08,9.57352e+09,2.10086e+08,1.08746e+08,-7.15733e+08,0.000999067,0.000160352,1.21908e-22
0,1.82208e+09,3.91287e+07,2.48217e+08,-2.77196e+09,-1.59387e+09,-5.03842e+08,-1.47289e+09,0.00117714,0.000160359,-3.12401e-23
0,1.88549e+09,3.93193e+07,2.97491e+08,1.12837e+10,1.12638e+09,2.41124e+08,-9.84475e+08,0.00111746,0.000176313,4.44547e-22
0,1.79146e+09,-2.00212e+07,2.71394e+08,1.64567e+08,1.15181e+09,2.93329e+08,-1.44722e+09,0.00101559,0.000153855,-1.35568e-26
0,2.24172e+09,-2.17176e+07,2.96067e+08,-1.12816e+09,-1.97261e+09,2.51733e+08,-5.42087e+08,0.000983032,0.00012983,-1.08202e-24
0,2.05583e+09,-2.27798e+07,3.02423e+08,-1.12775e+09,-7.62388e+08,1.30068e+08,-9.81864e+08,0.000995621,0.000146461,-2.78144e-25
0,2.13223e+09,-1.16469e+06,2.66079e+08,5.74303e+09,1.35609e+09,3.77304e+08,4.44361e+08,0.00102743,0.000128212,-7.55733e-24
0,2.02292e+09,4.77581e+06,3.03792e+08,2.31634e+09,-1.07182e+09,-2.34609e+08,-1.28854e+09,0.00107662,0.000161681,4.38187e-24
0,2.22184e+09,-4.31735e+06,3.28792e+08,-2.0007e+09,-1.52102e+09,2.73863e+07,-8.02912e+08,0.00102854,0.000152205,-2.58778e-24
0,1.69487e+09,-9.13422e+07,2.29321e+08,-5.30132e+08,-4.49309e+08,-4.17966e+08,1.27267e+08,0.00118983,0.000160988,2.43221e-25
0,1.99532e+09,-3.05225e+07,3.37093e+08,-6.39915e+09,5.85553e+08,-4.00613e+08,-4.9634e+08,0.000908026,0.000153404,-1.25629e-23
0,2.2945e+09,2.07576e+07,3.32337e+08,4.17004e+09,-4.36903e+08,-1.50979e+08,-2.61823e+08,0.000908275,0.000131555,9.04258e-25
0,1.64775e+09,-9.75416e+07,2.67453e+08,3.38047e+09,-7.40356e+08,3.01751e+08,-8.8927e+08,0.00111604,0.000181149,1.79518e-23
0,1.98106e+09,6.89741e+07,3.08893e+08,5.33429e+09,1.30626e+09,1.69353e+08,-2.37777e+08,0.000939905,0.000146552,3.65075e-24
0,1.94373e+09,4.83551e+07,3.01458e+08,7.06392e+09,1.04436e+09,-5.97778e+08,-9.09877e+08,0.000955625,0.000148211,2.70658e-23
0,2.09237e+09,-2.78801e+06,3.41693e+08,-2.02937e+08,-4.97142e+07,4.01621e+07,-4.63776e+08,0.000962724,0.000157217,1.4382e-27
0,1.92517e+09,-2.37269e+07,2.95938e+08,6.63985e+08,7.19393e+08,-2.2778e+08,-1.25464e+09,0.00105867,0.000162739,-3.97851e-26
0,1.67699e+09,2.02105e+07,2.92197e+08,1.8615e+09,-1.23511e+09,4.806e+08,-3.01732e+08,0.00110036,0.000191725,2.65716e-24
0,1.98398e+09,1.61622e+06,3.26642e+08,-6.80644e+08,-2.39967e+08,-2.49304e+08,-9.987e+08,0.000999069,0.000164486,3.42426e-26
0,1.94849e+09,5.4267e+07,2.79882e+08,3.44796e+09,-3.29492e+08,-2.98299e+08,-1.2597e+09,0.00107465,0.000154363,9.69478e-24
0,1.96005e+09,-8.0556e+07,2.70961e+08,-8.67698e+09,-4.15888e+08,2.67632e+08,-1.12594e+09,0.00105616,0.000146006,-1.3633e-22
0,1.99515e+09,1.49067e+07,3.01178e+08,1.5346e+09,-4.87739e+08,-4.61735e+08,-1.3291e+09,0.0010527,0.00015891,8.45208e-26
0,1.99083e+09,4.65439e+07,3.02722e+08,7.5013e+09,3.15515e+08,-2.25883e+08,-8.93785e+08,0.000966688,0.000146993,3.89984e-23
0,1.68449e+09,-1.00718e+08,2.74118e+08,4.15548e+09,4.78701e+08,4.46168e+08,-7.75694e+08,0.00112899,0.000183722,3.59615e-23
0,1.81123e+09,-6.08258e+07,3.01761e+08,-3.1398e+09,1.97972e+09,3.79621e+08,-1.37515e+09,0.000987973,0.000164602,-3.54912e-24
0,2.05626e+09,7.59863e+07,2.97472e+08,-8.55853e+09,-2.60769e+09,1.00233e+07,2.5891e+08,0.000983845,0.000142329,-1.01763e-23
0,2.09187e+09,-2.39072e+07,3.13066e+08,-3.89778e+09,-1.52283e+09,2.65639e+08,-9.88957e+08,0.00106168,0.00015889,-1.57212e-23
0,1.74605e+09,3.84555e+06,3.00098e+08,1.57952e+09,1.68091e+09,-5.32841e+07,-1.38448e+09,0.00101399,0.000174277,1.10349e-24
0,1.86879e+09,-3.46124e+07,3.07455e+08,6.71882e+09,6.84414e+08,1.35526e+08,-8.46748e+08,0.00105553,0.000173657,6.18944e-23
0,2.24616e+09,-2.8486e+06,3.15708e+08,3.36581e+09,-5.47292e+08,1.03679e+08,-4.35662e+08,0.000940587,0.000132203,8.66404e-25
0,2.08289e+09,-3.24681e+06,3.43127e+08,-7.17315e+08,1.05954e+07,-5.11503e+07,-3.35639e+08,0.000960281,0.000158193,-7.96869e-27
0,2.03785e+09,-4.98106e+07,3.00269e+08,8.46153e+09,-2.74813e+09,3.4718e+07,9.53537e+07,0.000944422,0.000139157,2.19378e-23
0,1.8512e+09,8.22171e+07,2.81941e+08,1.14504e+10,8.34032e+08,-6.17256e+08,-1.26288e+09,0.00100671,0.000153324,3.22071e-22
0,2.28091e+09,3.31412e+07,3.18119e+08,6.95483e+09,-1.30153e+09,-2.88185e+08,-4.86012e+08,0.000966594,0.000134811,1.40026e-23
0,1.70455e+09,-4.52036e+07,2.31483e+08,-4.24298e+09,-2.51537e+08,7.26759e+08,-1.38033e+09,0.00113351,0.000153935,-4.81812e-23
0,1.78831e+09,5.32234e+07,3.04512e+08,3.46295e+09,1.20232e+09,-4.34708e+08,-1.24118e+09,0.00103118,0.000175588,8.90269e-24
0,1.93069e+09,-4.50314e+07,3.03526e+08,-4.76993e+09,-1.1191e+09,2.38392e+08,-1.09374e+09,0.00102724,0.000161493,-2.6791e-23
0,1.94106e+09,5.30223e+07,2.96658e+08,8.49565e+09,2.58583e+08,4.20365e+07,-9.93511e+08,0.000991552,0.000151542,8.41202e-23
0,2.0638e+09,-2.76052e+07,3.14618e+08,-5.67215e+09,-1.17265e+09,-6.33176e+08,-9.77849e+08,0.00105946,0.000161511,-1.83819e-23
0,2.03045e+09,2.58964e+06,3.10751e+08,1.89807e+09,-1.32057e+09,3.04867e+08,-1.13516e+09,0.00105602,0.000161618,3.92064e-24
0,1.75704e+09,-1.84471e+07,2.68475e+08,1.10874e+10,-1.69426e+09,9.99779e+07,-8.86069e+08,0.00113271,0.000173077,5.93219e-22
0,1.7452e+09,-7.84961e+07,2.70488e+08,2.73233e+09,4.99613e+08,7.29444e+08,-1.09832e+09,0.00121368,0.000188108,1.78393e-23
0,1.97919e+09,-1.63446e+07,3.09445e+08,3.95529e+09,5.76581e+08,1.73643e+08,-1.12885e+09,0.000997017,0.000155883,9.30509e-24
0,1.74851e+09,-340074,3.04739e+08,2.89666e+09,2.5152e+08,8.65809e+07,-4.44125e+08,0.00112317,0.000195751,4.91793e-24
0,2.00886e+09,797340,2.9394e+08,6.38822e+09,-5.66338e+08,-4.13363e+08,-7.66511e+08,0.00112365,0.000164414,4.93661e-23
0,1.91608e+09,-8.66634e+06,3.25989e+08,-7.26853e+09,6.48939e+08,-1.68868e+08,-1.00547e+09,0.000963584,0.000163938,-5.16551e-23
0,1.91059e+09,4.29285e+07,2.89965e+08,-1.44948e+09,-8.93393e+07,-6.21023e+08,-1.3746e+09,0.00103418,0.000156954,5.29613e-25
0,1.9258e+09,-1.42736e+07,2.8335e+08,5.60226e+09,1.21744e+08,5.75498e+08,-1.35418e+09,0.00104358,0.000153545,4.18963e-23
0,2.01009e+09,-2.67286e+07,3.02036e+08,-1.63301e+09,3.44933e+08,5.78813e+08,-9.87268e+08,0.000994065,0.000149368,-1.79051e-25
0,1.90901e+09,8.44737e+07,2.95104e+08,-8.07728e+09,-2.17742e+09,1.73322e+08,-7.56336e+08,0.0011141,0.000172222,-1.92042e-22
0,2.06114e+09,-2.67719e+07,3.14529e+08,4.03226e+09,7.03816e+08,3.6809e+06,-5.72583e+08,0.00109291,0.000166779,6.29233e-24
0,2.09023e+09,-2.98964e+07,3.18413e+08,-8.17758e+09,-1.06752e+09,-6.79622e+08,-8.09201e+08,0.0010437,0.000158991,-3.82334e-23
0,2.27618e+09,3.8786e+07,3.16135e+08,7.9359e+09,-1.33664e+09,-3.23448e+08,-5.17395e+08,0.00097142,0.000134919,2.19081e-23
0,1.83042e+09,-6.77048e+07,3.01134e+08,-4.41627e+09,-5.22162e+08,1.56508e+08,-1.02427e+09,0.00101165,0.000166434,-1.89727e-23
0,2.06391e+09,-1.37395e+07,3.31938e+08,-7.48416e+09,-3.67017e+08,-5.39201e+08,-2.4045e+08,0.000879666,0.000141476,-3.51718e-24
0,1.74682e+09,7.32982e+06,2.5831e+08,7.60479e+09,8.56563e+08,-2.0348e+08,1.03988e+09,0.0011649,0.000172259,-2.64593e-22
0,2.12753e+09,4.80515e+07,3.20394e+08,8.51263e+09,3.91153e+07,-1.89322e+07,-8.44737e+08,0.000957225,0.000144153,3.80415e-23
0,2.0374e+09,-9.26459e+06,3.14583e+08,-7.18418e+08,-1.53821e+09,1.44265e+08,-1.04625e+09,0.00106994,0.000165203,-9.36529e-25
0,2.32231e+09,1.1739e+07,3.32068e+08,2.74431e+09,-9.97693e+08,-7.99492e+07,-3.02774e+08,0.000923946,0.000132115,6.13742e-25
0,1.72483e+09,-5.82045e+06,3.09565e+08,3.35073e+09,1.53151e+09,4.05204e+07,-5.44363e+08,0.00111142,0.000199472,4.73247e-24
0,2.01717e+09,6.28876e+07,3.21839e+08,1.13284e+10,9.95153e+08,2.43495e+08,-6.22269e+08,0.000931853,0.000148677,8.38608e-23
0,2.06935e+09,-1.77236e+07,3.33316e+08,-4.60497e+09,-4.09933e+08,-6.02887e+08,-7.61737e+08,0.000984423,0.000158564,-5.01915e-24
0,1.75241e+09,7.03512e+06,3.22475e+08,-4.16341e+09,1.92098e+09,-4.33612e+08,-1.09186e+09,0.000925887,0.00017038,-1.86142e-23
0,1.95093e+09,1.41771e+07,3.15892e+08,3.84549e+09,5.64892e+08,-1.78239e+08,-1.09834e+09,0.000990661,0.000160407,7.51583e-24
0,2.05602e+09,-1.94933e+07,2.98781e+08,5.20992e+09,-2.92813e+09,-8.56516e+08,-2.32569e+08,0.000998606,0.000145118,4.22354e-23
0,2.0357e+09,-4.31218e+07,2.99534e+08,-5.67968e+09,-6.98934e+08,-2.70105e+08,-1.19676e+09,0.00102346,0.000150594,-2.6189e-23
0,1.64936e+09,-6.65056e+07,2.67743e+08,-4.24566e+09,-1.58824e+08,5.03306e+08,-1.33003e+09,0.00115426,0.000187374,-6.11922e-23
0,2.08033e+09,-4.37301e+06,3.42175e+08,-1.04755e+09,2.37344e+07,-1.01928e+08,-4.23404e+08,0.000953726,0.00015687,-3.25355e-26
0,1.96869e+09,-7.90215e+07,2.91028e+08,-8.32134e+09,1.40976e+09,6.9342e+08,-7.36539e+08,0.000926599,0.000136977,-2.15575e-23
0,2.10435e+09,-2.09212e+07,3.19336e+08,-2.5614e+09,9.82116e+08,-3.61727e+08,-3.84979e+08,0.00108398,0.000164494,-1.83176e-24
0,2.02737e+09,-1.13944e+07,3.2351e+08,-3.26853e+09,-3.19008e+08,-2.93543e+08,-1.09407e+09,0.00100208,0.000159903,-3.68695e-24
0,1.84747e+09,5.00029e+07,2.67128e+08,6.01637e+09,-2.66634e+08,-4.61276e+08,-1.50426e+09,0.00111542,0.00016128,1.00767e-22
0,1.93697e+09,2.21314e+07,2.86869e+08,2.12582e+09,-8.024e+08,-9.44252e+08,-1.3127e+09,0.00108762,0.00016108,7.00976e-25
0,2.03135e+09,1.70032e+07,2.89229e+08,-5.78391e+09,-1.97508e+08,-4.09184e+08,3.03647e+08,0.00093397,0.000132981,5.5131e-24
0,2.16857e+09,-9.26076e+06,3.17868e+08,-2.22559e+09,-1.7344e+09,3.71111e+07,-6.42707e+08,0.00112803,0.000165347,-6.4673e-24
0,2.00333e+09,2.15677e+07,3.30305e+08,6.58098e+09,1.0283e+09,2.19276e+08,-6.93474e+08,0.000905923,0.000149367,1.71064e-23
0,1.84552e+09,3.58354e+07,2.85774e+08,8.51242e+09,-1.1125e+09,4.57788e+08,-9.16278e+08,0.00114246,0.000176908,1.77933e-22
0,1.7424e+09,-8.60209e+07,2.9515e+08,2.78319e+09,3.4387e+08,3.30469e+08,-7.29826e+08,0.000989047,0.000167537,4.16826e-24
0,2.10462e+09,-7.25783e+07,3.08031e+08,-1.2668e+10,-1.50487e+08,6.50478e+07,-8.22136e+08,0.000957612,0.000140155,-1.30242e-22
0,2.08742e+09,-4.49287e+06,3.42492e+08,-1.09366e+09,2.45297e+07,-1.18188e+08,-3.92173e+08,0.000949079,0.00015572,-3.42044e-26
0,2.05417e+09,3.0991e+07,2.72463e+08,3.48279e+09,-2.68898e+09,1.04932e+08,-1.24768e+09,0.00111598,0.000148022,5.25721e-23
0,2.04483e+09,8.11839e+07,2.9021e+08,9.379e+09,-8.41337e+08,-4.11901e+08,-9.07908e+08,0.000993662,0.000141025,9.18556e-23
0,2.05801e+09,3.49265e+07,3.28877e+08,8.21045e+09,4.93171e+08,3.02414e+08,-7.10467e+08,0.000925608,0.000147915,3.11633e-23
0,1.80979e+09,3.24967e+07,2.93969e+08,8.1853e+09,2.79373e+09,1.19779e+08,-9.96964e+08,0.000933051,0.000151558,6.38727e-23
0,1.80154e+09,9.50388e+06,2.94488e+08,-1.37949e+08,1.64758e+09,-3.85711e+07,-1.39223e+09,0.00101716,0.000166269,1.05603e-26
0,1.86139e+09,-4.44955e+06,2.39023e+08,-1.09258e+09,-8.29628e+08,5.26832e+08,-1.04429e+09,0.00114462,0.000146982,3.89676e-25
0,1.94643e+09,2.42122e+07,2.837e+08,6.68585e+09,-1.98206e+09,1.66626e+08,-1.26182e+09,0.00111807,0.000162964,1.32688e-22
0,1.95616e+09,-8.90243e+06,3.27997e+08,-6.23851e+09,-1.29916e+09,-2.65368e+08,-2.00902e+08,0.00100636,0.000168739,-5.87199e-24
0,1.8795e+09,2.74427e+07,3.17129e+08,6.40979e+09,5.9581e+08,-1.44624e+08,-1.02529e+09,0.000967389,0.000163228,3.71189e-23
0,1.77513e+09,3.42722e+07,2.99688e+08,-6.81427e+09,-9.75118e+08,2.23463e+07,-1.02418e+09,0.0011603,0.000195888,-1.68014e-22
0,2.09046e+09,3.77824e+07,3.14646e+08,5.66751e+09,1.20531e+09,6.21476e+07,-5.98572e+08,0.00090851,0.000136745,6.81825e-24
0,2.02857e+09,4.77863e+07,3.28569e+08,8.80371e+09,5.88346e+08,5.36387e+08,-7.67907e+08,0.000941381,0.000152476,5.16443e-23
0,1.86859e+09,5.62325e+06,3.28372e+08,-3.61763e+09,-5.72395e+08,-7.65674e+08,-9.08677e+08,0.000999772,0.000175693,-2.79211e-24
0,2.02641e+09,3.21974e+07,3.04575e+08,1.06408e+09,-8.87781e+08,-2.82684e+08,-1.18765e+09,0.00105007,0.000157827,1.63344e-25
0,1.92477e+09,7.48017e+07,2.95115e+08,4.48625e+09,9.05514e+08,-3.8111e+08,-1.35126e+09,0.00100684,0.000154374,1.5581e-23
0,1.99434e+09,-1.51241e+07,3.37213e+08,-6.25259e+09,3.72749e+08,-3.82874e+08,-5.69788e+08,0.000913507,0.000154461,-1.25954e-23
0,2.05097e+09,-4.68101e+07,3.11087e+08,-1.21666e+10,-8.69806e+08,-1.48057e+08,-1.0847e+09,0.00103718,0.000157316,-2.54785e-22
0,1.85391e+09,2.97265e+07,3.19203e+08,-1.33728e+09,1.71389e+09,-5.02031e+08,-1.09784e+09,0.000946821,0.000163022,-9.30309e-25
0,1.9586e+09,2.48157e+07,3.1092e+08,4.92561e+09,-5.95956e+07,1.13061e+08,-1.10437e+09,0.000996562,0.000158201,1.70112e-23
0,2.09952e+09,-3.17301e+06,3.43896e+08,-8.65626e+08,-1.01306e+07,-1.01048e+08,-2.35673e+08,0.000943902,0.000154609,-9.71068e-27
0,1.90631e+09,-1.83222e+07,3.27762e+08,-4.61334e+09,-1.01149e+09,-8.82409e+07,-8.2576e+07,0.000989414,0.000170116,-1.99097e-24
0,1.96986e+09,-1.08167e+06,3.38481e+08,-4.09198e+09,5.00909e+08,-8.92468e+07,-4.9647e+08,0.000904131,0.000155357,-2.95863e-24
0,2.14457e+09,5.02926e+07,3.04305e+08,1.01571e+10,-8.44774e+08,-1.75097e+08,-8.4233e+08,0.00102264,0.000145107,9.36229e-23
0,1.80653e+09,1.28997e+07,3.13978e+08,5.06059e+09,1.63092e+09,3.65395e+08,-1.10717e+09,0.000933805,0.000162297,2.76351e-23
0,1.74531e+09,2.77068e+07,2.96255e+08,-7.18893e+09,-2.17116e+09,-1.65208e+08,-1.09943e+09,0.00111335,0.000188984,-2.57953e-22
0,1.93669e+09,2.06249e+06,2.91721e+08,7.92492e+08,-8.35911e+06,-2.27569e+08,-1.29394e+09,0.00104032,0.000156702,-2.16336e-25
0,1.88248e+09,-1.93744e+07,2.70355e+08,-2.29141e+09,-1.49819e+09,2.61592e+08,-1.63682e+09,0.00113834,0.000163484,-1.38711e-23
0,1.99163e+09,-2.19029e+07,2.80707e+08,1.24224e+09,-2.13821e+09,7.16097e+08,-1.32287e+09,0.00112867,0.000159078,1.87973e-23
0,1.8554e+09,-5.29386e+06,2.71349e+08,2.99847e+09,-3.30836e+08,4.12908e+08,-1.5523e+09,0.00106786,0.000156173,6.68459e-24
0,1.95205e+09,1.19098e+07,3.15637e+08,4.97018e+09,-1.0163e+08,1.27254e+08,-1.11154e+09,0.00101088,0.000163454,1.91582e-23
0,2.03744e+09,-3.87492e+07,2.96177e+08,-9.00983e+09,-1.7065e+09,1.19008e+08,-9.54012e+08,0.00103143,0.000149936,-1.19437e-22
0,1.85951e+09,988638,2.96887e+08,7.09888e+09,2.50994e+09,-4.79534e+06,-7.82508e+08,0.00107555,0.00017172,4.02176e-23
0,1.88739e+09,2.06823e+07,3.18917e+08,7.97656e+09,1.44324e+09,6.07256e+08,-1.07406e+09,0.000958905,0.000162028,9.806e-23
0,1.89411e+09,-1.31649e+07,3.18729e+08,-1.8007e+09,-1.24451e+09,-5.36492e+08,2.74255e+08,0.000891161,0.000149959,5.03666e-25
0,1.9245e+09,-8.86791e+07,2.86598e+08,-9.84178e+09,-2.18084e+07,4.60133e+08,-1.32002e+09,0.00107542,0.000160152,-2.68153e-22
0,1.68711e+09,-1.52337e+07,2.73845e+08,1.99345e+10,2.99607e+08,1.2149e+08,1.6548e+08,0.000984102,0.000159736,-3.42691e-22
0,1.90974e+09,2.22887e+07,3.12622e+08,8.0452e+09,-5.97768e+08,4.22138e+08,-1.08024e+09,0.00099996,0.000163692,8.00039e-23
0,2.30434e+09,2.10534e+07,3.28139e+08,4.54228e+09,-9.61178e+08,-1.56457e+08,-3.489e+08,0.000937646,0.000133521,2.35384e-24
0,2.06347e+09,-1.51908e+07,3.34783e+08,-5.02104e+09,-4.42325e+08,-6.73275e+08,-7.09483e+08,0.000988154,0.000160321,-5.83425e-24
0,1.99781e+09,2.5528e+06,3.21643e+08,4.59184e+09,-3.09128e+08,1.38842e+08,-1.00788e+09,0.00102342,0.000164768,1.29182e-23
0,2.16944e+09,2.01996e+07,3.29473e+08,5.80884e+09,-1.01422e+09,2.22507e+08,-7.67583e+08,0.00103048,0.0001565,1.45612e-23
0,1.92105e+09,3.87072e+07,2.88241e+08,-9.62777e+09,4.59768e+08,1.8984e+08,3.85248e+08,0.00110841,0.00016631,9.46961e-23
0,1.77262e+09,-1.04806e+07,2.29406e+08,-4.42123e+09,2.82086e+08,7.70957e+08,-9.04115e+08,0.00111231,0.000143951,-2.36933e-23
0,1.79376e+09,-1.78386e+07,3.03339e+08,-5.01309e+09,-1.19526e+09,-1.71592e+08,-1.39582e+09,0.00106932,0.000180832,-5.91129e-23
0,1.99762e+09,4.65224e+07,3.1468e+08,4.26543e+09,2.13723e+08,-5.27871e+08,-9.63156e+08,0.000997285,0.0001571,7.905e-24
0,1.96401e+09,3.31715e+07,3.16067e+08,-1.41625e+10,-2.53684e+09,-5.17157e+08,-3.79199e+08,0.00102221,0.000164503,-1.25794e-22
0,1.82757e+09,-4.95896e+07,2.87521e+08,1.4626e+09,-2.08236e+09,1.07116e+08,-9.77567e+08,0.00109383,0.000172085,1.57505e-23
0,2.08427e+09,-3.08904e+06,3.43203e+08,-3.91342e+08,2.70058e+07,-3.17048e+07,-3.18075e+08,0.000937134,0.000154312,-4.83149e-28
0,2.19241e+09,4.42464e+06,3.26088e+08,9.90019e+08,-1.48802e+09,-8.46165e+07,-8.50325e+08,0.00104139,0.000154892,1.02134e-24
0,1.9342e+09,-6.17011e+07,2.77752e+08,-3.4347e+09,-3.75406e+08,1.32595e+09,-1.35767e+09,0.00110203,0.000158253,-7.83972e-24
0,2.13184e+09,2.98676e+07,3.275e+08,7.02763e+09,-7.98891e+08,3.22583e+08,-9.38324e+08,0.00104057,0.000159856,3.30373e-23
0,2.11682e+09,8.57274e+07,2.82652e+08,-8.93524e+09,-1.05455e+09,4.56151e+08,2.73909e+08,0.00103561,0.000138281,8.75262e-24
0,1.85836e+09,2.51771e+07,3.05905e+08,-1.65184e+09,8.74546e+08,-2.99329e+08,-5.31552e+08,0.000909424,0.000149701,-5.14795e-25
0,1.96652e+09,-8.21785e+07,3.0394e+08,-1.32096e+10,8.34429e+08,2.60711e+08,-1.00946e+09,0.00101201,0.000156413,-3.19586e-22
0,1.85856e+09,-4.28169e+07,3.1137e+08,-5.10121e+09,-2.81155e+08,-5.83638e+07,-1.35087e+09,0.00106184,0.000177893,-4.07487e-23
0,1.89303e+09,-1.41924e+07,2.97014e+08,-3.02434e+08,1.92857e+08,2.15553e+08,-1.3987e+09,0.00102479,0.000160788,1.10944e-25
0,1.90815e+09,1.79964e+07,3.24487e+08,-1.32676e+10,-1.81743e+09,-7.28463e+08,-3.55916e+08,0.0009734,0.00016553,-3.72626e-23
0,1.92154e+09,1.02057e+07,2.83546e+08,3.53068e+09,-7.76844e+08,1.88676e+08,-1.50443e+09,0.00106324,0.000156893,1.30162e-23
0,2.09936e+09,-9.58754e+06,3.04146e+08,1.51393e+10,-1.91171e+08,-4.48229e+06,-2.37119e+06,0.000980649,0.000142072,8.03479e-25
0,2.163e+09,-6.03266e+06,3.17065e+08,2.62702e+09,-1.93064e+09,2.95848e+08,-8.78099e+08,0.0010937,0.00016032,1.00444e-23
0,1.65395e+09,-8.60237e+07,2.72276e+08,-4.87713e+09,1.43291e+08,4.51731e+08,-1.49874e+09,0.0010651,0.000175338,-6.65481e-23
0,1.8436e+09,5.54103e+07,2.87915e+08,3.08673e+09,3.20156e+08,-7.94709e+08,-1.36895e+09,0.00105989,0.000165524,5.93777e-24
0,1.92213e+09,-6.97015e+07,2.86455e+08,-5.63845e+09,2.2887e+08,1.16917e+09,-1.31831e+09,0.00109486,0.000163167,-4.3912e-23
0,2.02287e+09,1.91115e+07,3.07509e+08,5.28957e+08,-2.34111e+08,2.83816e+07,-1.20519e+09,0.00104787,0.000159294,-8.88737e-26
0,2.14134e+09,-1.26163e+07,3.4037e+08,-6.74793e+09,-7.03403e+07,-5.37841e+08,-4.12702e+08,0.000951733,0.00015128,-8.17499e-24
0,1.85488e+09,-5.73973e+07,3.03625e+08,-1.117e+10,1.5854e+09,8.58892e+07,-1.13232e+09,0.000965576,0.000158055,-2.32082e-22
0,2.08417e+09,-2.72101e+06,3.44087e+08,1.31714e+08,2.47366e+07,3.19794e+07,-1.9732e+08,0.000936786,0.000154659,-4.52818e-29
0,2.31328e+09,6.38798e+06,3.31526e+08,1.44744e+09,-7.89656e+08,-3.30179e+07,-2.40579e+08,0.000903589,0.000129497,1.03975e-25
0,2.0308e+09,-2.0848e+07,3.01358e+08,-1.20168e+09,-1.73405e+09,5.8404e+08,-1.27029e+09,0.00112328,0.000166688,2.64635e-25
0,1.89365e+09,1.78473e+07,2.98946e+08,1.70145e+10,6.99873e+08,6.22591e+08,-4.68313e+07,0.000990675,0.000156395,9.80172e-23
0,1.93629e+09,1.04892e+07,3.04511e+08,3.72315e+09,1.98661e+09,4.40875e+08,-1.00068e+09,0.000936283,0.000147245,7.85706e-24
0,2.04163e+09,5.90752e+06,2.85415e+08,1.10247e+10,1.01786e+09,2.31939e+08,-4.6634e+07,0.00103565,0.000144781,1.74421e-23
0,1.79947e+09,-9.57436e+06,2.88591e+08,1.20488e+09,-1.95943e+09,3.34439e+08,-1.02387e+09,0.00106063,0.000170099,1.28567e-23
0,2.11662e+09,8.0959e+07,3.04671e+08,9.96901e+09,7.74269e+08,-6.98694e+08,-5.32342e+08,0.0009351,0.000134601,2.55413e-23
0,2.14898e+09,-1.87143e+07,3.29492e+08,-5.65495e+09,-1.0377e+09,-4.85601e+08,-7.63592e+08,0.00101756,0.000156018,-1.01717e-23
0,1.94467e+09,6.93111e+07,2.87157e+08,5.38709e+09,-3.87728e+08,-5.14514e+08,-1.08959e+09,0.0010452,0.000154338,3.1429e-23
0,1.68241e+09,-9.96859e+07,2.77504e+08,-3.57185e+09,-5.70544e+08,3.26253e+08,-1.21771e+09,0.00106852,0.000176246,-2.3729e-23
0,2.059e+09,-4.99112e+06,3.373e+08,-6.67676e+09,3.55372e+08,-4.37757e+08,-5.57969e+08,0.000928515,0.000152107,-1.3957e-23
0,1.93802e+09,-2.80891e+07,2.96013e+08,-3.42111e+09,-2.13837e+09,3.50299e+08,-1.3582e+09,0.00110615,0.000168953,-4.08442e-23
0,1.76968e+09,-4.31999e+07,3.04277e+08,-6.78948e+09,2.59214e+09,-1.864e+08,-1.06087e+09,0.000926795,0.000159352,-4.71134e-23
0,1.8811e+09,-5.21041e+07,3.04196e+08,-5.51702e+09,9.60512e+08,4.36812e+08,-1.38614e+09,0.00101982,0.000164916,-3.61656e-23
0,1.92912e+09,-1.71619e+06,2.85907e+08,1.75024e+10,-2.31157e+08,2.00163e+08,7.7617e+07,0.00106281,0.000157515,-9.32389e-23
0,1.81545e+09,6.53726e+06,2.63536e+08,3.78338e+09,-1.86601e+09,8.17364e+08,4.05856e+08,0.00129159,0.000187491,-5.26203e-23
0,1.68633e+09,-1.04042e+08,2.82556e+08,-2.75014e+09,-1.15261e+09,1.20195e+08,-9.17432e+08,0.00107051,0.000179371,-1.50207e-23
0,2.04118e+09,686981,3.27563e+08,4.19449e+09,-8.59277e+07,-2.12983e+08,-8.37457e+08,0.00096496,0.000154854,5.64645e-24
0,2.30865e+09,-4.25213e+06,3.31647e+08,-1.41989e+09,-8.00017e+08,-3.62433e+07,-2.45764e+08,0.000912992,0.000131155,-1.05078e-25
0,1.87385e+09,2.49329e+07,3.3086e+08,-3.99665e+09,1.56355e+09,-4.49984e+08,-6.48642e+08,0.000892674,0.000157617,-6.58057e-24
0,1.95188e+09,-5.04475e+07,3.01225e+08,-7.02069e+09,-1.15111e+08,4.53014e+08,-1.35352e+09,0.00105293,0.000162494,-8.26236e-23
0,2.08911e+09,1.00936e+07,3.12906e+08,1.21847e+09,-1.55097e+09,-1.93315e+08,-1.00243e+09,0.0010377,0.000155428,1.62695e-24
0,2.13045e+09,-3.55048e+07,3.26547e+08,-9.05263e+09,-5.11765e+08,-3.43582e+08,-7.99883e+08,0.000986506,0.000151208,-4.67152e-23
0,1.83216e+09,-6.14729e+07,2.9349e+08,-5.2069e+09,-1.77313e+09,1.46218e+08,-1.28193e+09,0.00109695,0.000175719,-9.33212e-23
0,2.09356e+09,2.59165e+07,3.28995e+08,7.80714e+09,-2.9694e+08,3.50576e+08,-8.35152e+08,0.000962749,0.000151293,3.0613e-23
0,2.08315e+09,-1.65899e+06,3.43435e+08,9.92518e+08,4.98499e+07,1.29911e+08,-2.89787e+08,0.000940162,0.000154998,2.01176e-26
0,1.89408e+09,4.41976e+07,2.78908e+08,3.71827e+09,-8.64802e+08,-2.9166e+08,-1.23751e+09,0.00106459,0.000156764,1.70821e-23
0,1.91143e+09,-2.7458e+07,2.95842e+08,-1.92404e+09,-6.33148e+08,3.02428e+08,-1.47337e+09,0.00107696,0.000166687,-1.58797e-24
0,1.64796e+09,-9.36962e+07,2.85591e+08,3.53813e+07,-1.06182e+09,1.36301e+08,-8.76909e+08,0.00106462,0.000184498,8.00622e-25
0,2.05507e+09,-3.02771e+07,3.2266e+08,-7.34015e+09,-6.58463e+08,-5.38242e+08,-1.07531e+09,0.00101567,0.000159467,-4.25306e-23
0,1.88562e+09,3.84708e+07,2.99697e+08,6.56557e+09,4.47812e+07,-3.40533e+08,-1.21974e+09,0.00100709,0.000160065,5.71818e-23
0,1.94017e+09,839365,3.29762e+08,4.29204e+09,7.04214e+07,9.69625e+07,-8.27388e+08,0.000951214,0.000161674,7.17431e-24
0,2.06147e+09,-5.77491e+07,2.76855e+08,-7.41057e+09,-1.8924e+08,5.49283e+08,-9.65934e+08,0.00101242,0.000135968,-4.51869e-23
0,1.99764e+09,-1.12748e+07,3.12894e+08,-1.40625e+09,-5.7219e+08,3.9892e+08,-1.08745e+09,0.00103959,0.000162832,-2.23109e-25
0,2.07501e+09,3.44241e+07,3.22632e+08,5.95606e+09,1.38672e+08,-3.90039e+07,-7.79991e+08,0.00100477,0.000156226,1.72112e-23
0,1.97833e+09,-1.0998e+06,3.10749e+08,-2.39344e+09,2.07874e+08,-2.16397e+08,-1.20218e+09,0.00102695,0.00016131,-1.96178e-24
0,1.91958e+09,3.07495e+07,3.21736e+08,8.09968e+09,8.59365e+08,4.09139e+08,-1.12424e+09,0.000963052,0.000161415,8.48469e-23
0,2.0335e+09,-3.90524e+07,3.30028e+08,-9.30707e+09,1.37563e+08,-2.38456e+08,-6.97012e+08,0.000951072,0.000154355,-5.07474e-23
0,1.96534e+09,-2.75621e+07,2.9405e+08,-2.89257e+09,-6.01099e+08,4.58637e+08,-1.4373e+09,0.00107382,0.000160662,-6.05277e-24
0,2.01662e+09,6.93141e+07,2.98048e+08,1.00925e+10,5.23159e+08,-1.52058e+08,-9.07587e+08,0.000979889,0.000144823,9.8154e-23
0,1.63663e+09,-9.65088e+07,2.91025e+08,1.81216e+09,-2.31242e+08,9.17443e+07,-6.86315e+08,0.00106995,0.000190258,1.68767e-24
0,1.89418e+09,1.9688e+07,2.97846e+08,7.49059e+09,-5.29592e+08,-1.38119e+08,-1.09362e+09,0.00102591,0.000161317,8.75769e-23
0,2.04936e+09,-4.43822e+06,3.27923e+08,4.99093e+09,-2.34749e+08,3.14747e+08,-8.5281e+08,0.000972297,0.000155579,9.27518e-24
0,2.03569e+09,-2.78637e+07,3.26888e+08,-8.05119e+09,-2.15033e+08,-5.72343e+08,-9.49389e+08,0.000989148,0.000158836,-4.92954e-23
0,1.89573e+09,4.46411e+07,2.86694e+08,1.05048e+10,1.23835e+09,1.23225e+08,-1.21803e+09,0.000980404,0.000148269,2.16504e-22
0,2.04734e+09,3.76444e+07,3.20238e+08,8.93473e+09,-2.81634e+08,3.04086e+08,-1.10554e+09,0.00100316,0.00015691,8.52868e-23
0,1.79143e+09,3.90358e+07,2.71456e+08,-3.207e+09,1.20307e+09,-3.93289e+07,-6.49988e+08,0.00119774,0.000181493,-1.06257e-23
0,1.73221e+09,1.55029e+07,2.44855e+08,2.8443e+09,-2.83203e+08,1.41425e+08,-1.17915e+09,0.00111625,0.000157786,9.94929e-24
0,2.04e+09,4.47506e+07,3.17078e+08,3.28002e+09,2.68425e+08,9.58569e+07,-1.00836e+09,0.000986429,0.000153321,3.54786e-24
0,2.00116e+09,-9.70248e+06,2.92931e+08,-1.15334e+09,-2.05427e+09,5.76853e+07,-1.2311e+09,0.00111668,0.00016346,-7.42003e-24
0,1.87676e+09,4.08301e+07,3.02169e+08,2.0265e+10,1.287e+09,4.53843e+08,-3.29273e+08,0.000958719,0.000154359,4.77649e-22
0,2.06628e+09,-6.54931e+06,3.31582e+08,4.58818e+09,-2.63717e+08,5.26782e+08,-7.33572e+08,0.000980528,0.000157349,5.42943e-24
0,2.0627e+09,5.00598e+07,2.88838e+08,-1.3562e+10,-2.03536e+09,2.31361e+08,1.02362e+08,0.0010493,0.000146933,-2.75419e-23
0,2.08913e+09,4.96627e+07,3.0863e+08,1.06879e+10,-9.76613e+08,5.72257e+07,-8.31246e+08,0.00102857,0.000151951,1.19787e-22
0,1.83887e+09,-5.36847e+07,3.06633e+08,-2.86651e+09,1.1907e+09,3.07192e+08,-1.26389e+09,0.000982478,0.000163829,-3.75794e-24
0,1.81364e+09,-2.43608e+07,3.16418e+08,-1.71076e+09,1.35328e+09,1.48793e+08,-1.30763e+09,0.000966203,0.00016857,-8.44587e-25
0,1.67652e+09,-1.12641e+08,2.86473e+08,2.47942e+09,5.59753e+08,5.08198e+08,-9.51428e+08,0.00105789,0.000180766,7.6521e-24
0,2.09116e+09,318801,3.42559e+08,1.38192e+09,2.24675e+06,1.49412e+08,-3.83609e+08,0.000950061,0.000155633,6.95683e-26
0,2.14596e+09,-4.75384e+07,2.98453e+08,2.54114e+09,-2.03596e+08,-3.54111e+08,3.17341e+08,0.000912869,0.000126959,-2.15996e-25
0,2.32234e+09,1.05694e+07,3.29297e+08,1.97789e+09,-1.05968e+09,-1.0551e+08,-2.66167e+08,0.000920479,0.00013052,3.54987e-25
0,1.99458e+09,3.24581e+07,3.04953e+08,-1.12169e+10,-1.75063e+09,-5.7509e+08,2.41799e+08,0.00094003,0.000143722,6.10102e-23
0,1.92675e+09,-3.45597e+07,3.02854e+08,-5.92574e+09,-1.55965e+08,3.26858e+08,-1.36262e+09,0.00105731,0.000166192,-5.39651e-23
0,2.2315e+09,2.35292e+07,2.92212e+08,7.5434e+09,3.39083e+08,-1.91954e+08,2.30316e+07,0.00107913,0.00014131,-2.22604e-24
0,2.10765e+09,-1.09593e+07,3.0139e+08,3.53434e+09,-1.73006e+09,-1.12615e+08,-8.99502e+08,0.00109508,0.000156594,1.5899e-23
0,1.78271e+09,-2.79635e+07,3.08973e+08,-1.71668e+09,1.7086e+09,4.00734e+08,-1.29865e+09,0.000985866,0.000170867,-2.25651e-25
0,2.09484e+09,-934211,3.43667e+08,1.27344e+09,-1.02012e+07,1.10544e+08,-2.63585e+08,0.000953595,0.000156441,3.9238e-26
0,2.06985e+09,-401130,2.66626e+08,-1.39308e+10,1.02106e+09,1.32893e+08,2.75291e+07,0.00108758,0.000140096,2.9208e-23
0,2.034e+09,4.44116e+07,2.8332e+08,8.21614e+09,4.68616e+08,6.47528e+07,-6.34895e+08,0.000980475,0.000136572,3.72654e-23
0,2.05428e+09,9.00728e+06,3.33848e+08,3.60503e+09,-6.12793e+08,7.34161e+08,-6.9506e+08,0.00100315,0.000163025,9.03065e-25
0,1.86107e+09,-5.8971e+06,2.69277e+08,1.5529e+09,-2.88485e+08,5.72957e+08,-1.44662e+09,0.00111401,0.000161185,-6.61836e-25
0,2.07105e+09,1.36583e+07,3.26262e+08,2.2637e+08,-5.5502e+08,2.10805e+08,-1.03798e+09,0.00101991,0.000160671,9.57301e-26
0,1.89635e+09,-2.78887e+07,3.04227e+08,-8.16449e+08,-1.3113e+09,8.26527e+08,-5.12609e+08,0.00112987,0.000181262,1.52728e-24
0,2.29659e+09,2.78538e+07,3.22258e+08,5.63025e+09,-1.18409e+09,-2.46291e+08,-4.05592e+08,0.00094655,0.00013282,5.85425e-24
0,1.95277e+09,8.27348e+06,3.01937e+08,1.54131e+09,-4.13529e+08,-2.7161e+08,-1.32701e+09,0.00101983,0.000157685,2.56007e-25
0,1.84165e+09,-5.87474e+07,2.90852e+08,-5.06955e+09,4.19961e+08,5.89235e+08,-1.30044e+09,0.00104928,0.000165712,-3.37065e-23
0,1.86347e+09,-5.74575e+07,3.0867e+08,-6.18921e+09,7.16065e+08,1.35386e+08,-1.21791e+09,0.00102183,0.000169259,-5.42625e-23
0,1.90162e+09,3.9877e+07,3.19136e+08,1.23728e+10,-2.50719e+08,2.44787e+08,-5.09752e+08,0.000986086,0.000165488,1.40241e-22
0,2.04442e+09,-3.61914e+07,3.11477e+08,-7.90291e+09,-2.75091e+08,2.1854e+08,-9.87393e+08,0.0010003,0.0001524,-5.5086e-23
0,2.07602e+09,2.34057e+07,3.22271e+08,6.65828e+09,-1.89096e+08,4.34007e+08,-8.85432e+08,0.000954632,0.000148193,1.98928e-23
0,1.87684e+09,888570,2.89907e+08,2.03867e+09,4.8571e+08,6.39895e+08,-1.34112e+09,0.00107886,0.000166647,2.47522e-24
0,1.93596e+09,5.67077e+07,2.9525e+08,9.19919e+09,6.98034e+08,-6.01689e+08,-1.05482e+09,0.000973937,0.000148534,9.21897e-23
0,1.77642e+09,3.92092e+07,2.62825e+08,1.20722e+09,2.76336e+08,-6.49379e+07,-1.57209e+09,0.00109759,0.000162391,-5.56052e-25
0,2.02252e+09,3.89878e+07,2.92093e+08,3.6993e+09,-1.5536e+09,3.26499e+08,-1.12873e+09,0.00105328,0.000152116,1.45058e-23
0,1.88886e+09,1.86325e+07,2.69741e+08,2.61657e+09,-1.30477e+09,-4.27508e+07,-1.21732e+09,0.00105107,0.0001501,9.60496e-24
0,1.90666e+09,3.35643e+06,3.20405e+08,-3.32606e+07,4.45431e+08,-1.70964e+08,-1.11243e+09,0.000982775,0.000165151,1.98034e-26
0,1.88722e+09,-5.22675e+06,2.8793e+08,-8.54729e+09,-9.91146e+08,-2.60985e+08,-1.70795e+08,0.00089654,0.000136783,-6.58978e-24
0,2.10042e+09,-1.05991e+06,3.42792e+08,5.79107e+08,-6.10936e+07,6.45483e+07,-3.64306e+08,0.000958306,0.000156397,3.14616e-27
0,2.08102e+09,1.74368e+07,3.04538e+08,1.80409e+09,-1.99986e+09,2.56402e+08,-1.27188e+09,0.0011099,0.000162423,1.20123e-23
0,1.98576e+09,7.18152e+07,2.96855e+08,1.03459e+10,-7.9147e+07,-3.76978e+08,-1.04646e+09,0.00100497,0.000150234,1.52912e-22
0,1.8483e+09,-3.44087e+07,3.16643e+08,2.46277e+09,-7.87707e+08,-2.7053e+08,-6.65093e+08,0.000984335,0.000168632,2.75144e-24
0,2.10867e+09,-3.43634e+07,3.0616e+08,-8.39654e+09,-1.39086e+09,-5.03531e+08,-7.68108e+08,0.00108458,0.000157471,-5.35305e-23
0,1.86734e+09,1.19319e+07,3.33703e+08,1.63464e+09,-2.50367e+08,9.0976e+07,1.14424e+07,0.000947813,0.00016938,-2.71244e-26
0,2.08353e+09,-3.90574e+07,3.23308e+08,-2.35034e+09,-7.58431e+07,-1.12516e+08,-7.3888e+08,0.000956079,0.000148358,-6.89373e-25
0,2.12364e+09,3.86122e+07,3.09976e+08,9.80286e+09,-1.61963e+09,1.70709e+08,-9.71501e+08,0.00103409,0.00015094,1.08044e-22
0,1.94929e+09,-1.46965e+07,3.32456e+08,-2.19586e+09,3.56036e+07,-3.01177e+08,-9.05893e+08,0.000997046,0.000170048,-1.05758e-24
0,2.03992e+09,-6.29042e+06,3.07895e+08,-3.06736e+09,-1.75603e+09,2.43273e+08,-1.26762e+09,0.00111549,0.000168366,-1.90442e-23
0,2.0272e+09,-1.05056e+07,3.18424e+08,2.35341e+09,-1.84972e+08,-1.40865e+08,-1.1451e+09,0.00101463,0.000159373,1.48106e-24
0,2.02272e+09,-8.57426e+06,3.29842e+08,-2.89755e+07,-1.77342e+08,-1.28314e+08,-8.97251e+08,0.00101824,0.000166042,-6.97411e-27
0,1.98748e+09,-5.49134e+07,3.03275e+08,-1.04727e+10,-2.72879e+08,-4.79357e+08,-8.63544e+08,0.00103111,0.000157339,-1.40503e-22
0,1.6918e+09,-6.56499e+07,2.86095e+08,4.88616e+09,-1.77782e+09,-9.50322e+07,-1.05941e+09,0.00107057,0.000181041,9.30216e-23
0,1.96535e+09,-5.1144e+07,2.69018e+08,3.70578e+08,-2.09187e+09,4.12094e+08,-1.10959e+09,0.00107994,0.000147823,7.27179e-24
0,1.79805e+09,-2.56774e+07,2.71861e+08,1.08005e+09,-3.27535e+08,2.25984e+08,-1.64333e+09,0.00112251,0.000169721,-7.21343e-25
0,2.01293e+09,-4.93189e+07,3.19493e+08,-4.97358e+09,6.55746e+08,-2.19403e+07,-9.13057e+08,0.000984961,0.000156333,-1.2642e-23
0,1.8988e+09,7.46003e+06,2.83816e+08,-2.30114e+09,-1.98737e+08,4.42635e+08,-1.2616e+09,0.00103883,0.000155275,-1.95931e-24
0,1.84978e+09,1.97849e+07,3.2118e+08,7.69486e+09,4.17466e+08,-3.50887e+08,-7.26163e+08,0.000966344,0.000167788,4.73221e-23
0,2.04289e+09,-3.73084e+07,3.2337e+08,-2.99784e+09,-1.21382e+08,-5.83417e+07,-1.0397e+09,0.00101671,0.000160935,-3.00289e-24
0,1.98684e+09,-1.74764e+07,3.35999e+08,-1.82849e+09,9.11901e+07,-3.65555e+08,-7.14098e+08,0.000991495,0.000167674,-4.43041e-25
0,2.13162e+09,-4.1787e+07,3.27917e+08,-3.09708e+09,4.3138e+08,-2.64148e+07,-6.4969e+08,0.000947928,0.000145824,-1.34989e-24
0,2.18231e+09,2.34266e+07,3.09657e+08,6.417e+09,-2.19784e+09,2.07659e+08,-9.70044e+08,0.00105898,0.000150263,4.62521e-23
0,2.10228e+09,-1.71582e+06,3.41606e+08,-2.3358e+08,-8.76452e+07,2.13761e+07,-4.65234e+08,0.000959725,0.000155948,1.29895e-27
0,1.90005e+09,-1.47603e+07,2.98964e+08,-5.28096e+09,-6.75292e+08,2.3775e+08,-1.51077e+09,0.0010858,0.000170844,-5.53581e-23
0,2.12862e+09,-8.95356e+06,3.26363e+08,2.64113e+08,-7.63684e+08,-2.16759e+08,-9.0901e+08,0.0010234,0.000156909,-9.55574e-26
0,2.06476e+09,-1.58862e+07,3.28783e+08,-1.47053e+09,-4.44765e+08,-3.40364e+08,-9.51802e+08,0.00101382,0.000161436,-1.92141e-25
0,2.09093e+09,1.69235e+07,3.26932e+08,5.30743e+09,8.56331e+08,3.03244e+08,-7.03642e+08,0.000912949,0.000142746,8.14592e-24
0,1.85048e+09,-4.81051e+07,2.97357e+08,-9.53443e+09,3.38064e+08,-3.64957e+08,-8.59681e+08,0.000996533,0.000160134,-1.40217e-22
0,1.94095e+09,-2.95722e+06,3.0119e+08,1.70835e+09,1.7628e+09,-1.81779e+08,-9.31545e+08,0.000956076,0.000148361,-2.71386e-25
0,1.91809e+09,-2.83416e+07,2.72988e+08,-3.05259e+08,-1.10014e+09,2.64423e+08,-1.51831e+09,0.00112892,0.000160672,1.28617e-24
0,2.25974e+09,-1.67426e+07,3.09013e+08,-3.90402e+09,-1.95768e+09,-6.52079e+06,-6.14651e+08,0.00099278,0.00013576,-7.95484e-24
0,1.93024e+09,5.70716e+06,2.98856e+08,3.78421e+09,-3.26461e+08,-1.05392e+07,-1.33983e+09,0.00102785,0.00015914,1.12184e-23
0,2.09112e+09,-3.35636e+07,2.96328e+08,-1.23856e+09,7.18056e+08,8.03275e+08,3.63422e+07,0.000926637,0.000131311,2.38763e-26
0,2.04934e+09,-4.91449e+07,3.21019e+08,-4.01045e+09,2.62833e+08,-8.94836e+07,-1.02539e+09,0.000996764,0.000156138,-6.92131e-24
0,1.83422e+09,-4.11506e+07,3.03576e+08,8.71565e+09,-1.57461e+08,2.24171e+08,-6.0296e+08,0.00104297,0.000172619,9.23832e-23
0,1.71014e+09,-2.03799e+07,2.56069e+08,-5.72671e+09,4.55265e+08,2.12617e+08,-1.35546e+09,0.00111166,0.000166456,-1.08839e-22
0,1.86151e+09,1.988e+07,2.86053e+08,-3.01466e+08,-3.30301e+08,9.60952e+08,-9.49522e+08,0.00113411,0.000174275,1.24229e-25
0,1.96577e+09,2.53325e+07,2.94078e+08,7.06352e+09,7.00462e+07,-1.66867e+08,-1.10627e+09,0.000976318,0.000146057,4.57108e-23
0,1.91094e+09,-4.48225e+07,2.93523e+08,-3.18461e+09,2.62216e+08,4.90692e+08,-1.30557e+09,0.00104028,0.000159788,-5.87991e-24
0,1.97679e+09,9.47855e+07,2.846e+08,-7.40712e+09,-3.34299e+09,-6.93773e+08,-1.9635e+08,0.00110549,0.000159158,-6.78868e-23
0,1.85916e+09,3.75799e+07,3.12554e+08,-7.26356e+09,-1.94399e+09,-3.73597e+08,-8.77744e+08,0.00107753,0.000181149,-1.04103e-22
0,1.85555e+09,4.56472e+07,2.44598e+08,-4.62176e+09,2.92493e+09,-3.75593e+07,8.40014e+08,0.00114716,0.000151218,1.47625e-22
0,2.16178e+09,-3.06026e+07,2.85848e+08,5.39389e+09,1.31675e+09,-3.09928e+08,4.99565e+08,0.00103192,0.000136449,-1.41991e-23
0,2.1431e+09,-1.44675e+07,3.34205e+08,-4.10319e+09,-6.64813e+08,-4.30918e+08,-7.20553e+08,0.00101065,0.000157605,-3.43246e-24
0,2.00185e+09,-3.86975e+07,2.85896e+08,-3.69509e+09,-1.49164e+09,2.23261e+08,-1.38879e+09,0.00113495,0.000162088,-2.85771e-23
0,2.18658e+09,-8.33722e+06,3.25067e+08,-1.31085e+09,-1.25233e+09,2.96908e+07,-9.07866e+08,0.00103205,0.000153429,-1.07491e-24
0,2.11848e+09,7.05662e+07,3.11483e+08,-2.79783e+09,8.84562e+08,2.10048e+07,-8.04416e+07,0.000924195,0.000135886,1.25044e-25
0,2.01208e+09,-7.32937e+06,3.11082e+08,-2.03916e+09,-8.1313e+08,2.60814e+08,-1.21767e+09,0.00104835,0.000162083,-1.94846e-24
0,2.01192e+09,4.70698e+07,3.00426e+08,8.45933e+09,-2.28665e+08,2.75705e+07,-1.11595e+09,0.000991112,0.000147996,7.70672e-23
0,2.10017e+09,-4.19615e+07,3.29205e+08,-5.54095e+09,2.75673e+08,-3.23011e+08,-7.95978e+08,0.000981178,0.000153802,-1.25591e-23
0,2.12363e+09,-2.06359e+07,3.31082e+08,-3.17509e+09,3.3005e+08,2.75016e+08,-5.14786e+08,0.000930272,0.000145033,-8.85255e-25
0,1.54687e+09,7.12068e+07,2.55257e+08,-2.18019e+09,3.16496e+08,-8.47959e+08,-1.20873e+09,0.00102992,0.000169952,-4.66469e-24
0,2.26216e+09,3.55525e+07,3.20867e+08,6.74255e+09,-1.01505e+09,-1.7272e+08,-5.02404e+08,0.000958102,0.000135898,1.08433e-23
0,1.95957e+09,-4.50468e+07,3.01986e+08,-4.20202e+09,1.18065e+08,5.71569e+08,-1.14966e+09,0.00104229,0.000160626,-1.23199e-23
0,1.9296e+09,4.13605e+07,2.76809e+08,9.84071e+08,-8.21176e+08,-2.94241e+08,-1.34468e+09,0.00109494,0.000157074,-1.58854e-25
0,2.08195e+09,-2.83305e+07,3.37064e+08,-7.53083e+09,1.37899e+08,-7.75867e+08,-5.4748e+08,0.000941196,0.000152378,-1.86498e-23
0,1.84428e+09,1.56904e+07,3.20299e+08,-7.05669e+09,-1.53763e+09,-7.40082e+08,-8.17875e+08,0.00104472,0.000181438,-4.13065e-23
0,2.11484e+09,-1.26991e+07,3.25695e+08,-4.86971e+09,-8.64538e+08,-1.93964e+08,-8.68141e+08,0.000995111,0.000153252,-9.31505e-24
0,2.12441e+09,-2.15094e+07,3.3253e+08,-4.79361e+09,-4.58406e+08,-4.0464e+08,-7.79009e+08,0.000980503,0.000153477,-5.92277e-24
0,2.1072e+09,-4.48957e+06,3.43168e+08,-1.43884e+09,-4.00904e+07,-1.67491e+08,-3.21637e+08,0.000954228,0.0001554,-6.25597e-26
0,2.05008e+09,1.92412e+07,2.86646e+08,-3.51346e+08,-1.36893e+09,-7.15122e+07,4.03085e+08,0.0010418,0.000145667,-1.67539e-25
0,1.9048e+09,-3.33935e+07,3.01542e+08,1.135e+09,5.52951e+08,5.88772e+08,-1.20079e+09,0.00101861,0.000161252,2.17182e-25
0,1.90168e+09,-5.44062e+07,2.99366e+08,6.43555e+09,9.28126e+08,3.06976e+07,-5.91827e+08,0.00118424,0.000186425,5.97544e-23
0,1.67825e+09,3.60532e+07,2.60769e+08,1.00997e+09,-4.78198e+08,-6.84164e+08,-1.14843e+09,0.00103418,0.000160691,-9.65333e-25
0,1.84245e+09,5.55239e+07,2.93971e+08,4.72163e+09,1.4696e+09,-4.7086e+08,-1.50748e+09,0.00101272,0.000161584,2.34256e-23
0,1.71259e+09,3.15945e+07,2.5246e+08,-8.92318e+09,-2.05001e+09,3.14326e+08,-1.32691e+09,0.0011593,0.000170897,-7.63417e-22
0,2.06581e+09,-2.92046e+07,3.35372e+08,-6.93712e+09,4.68544e+08,-5.09624e+08,-5.9871e+08,0.000919525,0.000149279,-1.64953e-23
0,2.05338e+09,-3.51905e+07,3.30117e+08,-6.6508e+09,-5.08985e+08,-7.31233e+08,-6.39162e+08,0.00096238,0.00015472,-1.12766e-23
0,2.09171e+09,-2.75904e+07,3.30677e+08,-6.60796e+09,2.27573e+08,-2.2562e+08,-7.48689e+08,0.000955503,0.000151055,-1.7523e-23
0,2.27131e+09,-2.1358e+07,3.26951e+08,6.4542e+08,-3.91468e+08,-3.04966e+08,3.85362e+07,0.000870579,0.000125318,1.89731e-27
0,1.85156e+09,4.67999e+07,2.96821e+08,-3.51229e+09,-2.80985e+09,1.55605e+08,-1.18482e+09,0.00111846,0.000179299,-9.44108e-23
0,2.00779e+09,-3.17205e+07,3.00873e+08,-5.99685e+09,-8.01202e+08,4.67838e+08,-1.27031e+09,0.0010474,0.000156955,-4.74894e-23
0,1.91612e+09,-2.62117e+07,3.07135e+08,-4.29998e+09,1.45839e+08,2.74126e+08,-1.25907e+09,0.00101871,0.000163289,-1.51e-23
0,1.81563e+09,2.9946e+06,2.70389e+08,2.24082e+09,-4.74171e+08,-3.78766e+08,-1.22335e+09,0.00106315,0.000158328,3.09996e-24
0,2.06495e+09,-1.3963e+07,3.3885e+08,-5.79775e+09,3.45216e+08,-2.46883e+08,-4.70642e+08,0.000909117,0.000149182,-6.64529e-24
0,1.86599e+09,4.50047e+07,2.96522e+08,6.03241e+09,9.38721e+08,-6.17586e+08,-1.44872e+09,0.00103385,0.000164287,5.28225e-23
0,2.0875e+09,2.772e+07,3.28238e+08,2.03916e+09,-4.99542e+06,2.33629e+08,-8.6034e+08,0.000961648,0.000151209,4.70683e-25
0,1.85862e+09,-4.75695e+07,2.89322e+08,3.75494e+09,5.95161e+08,6.37463e+08,-1.10595e+09,0.00111009,0.000172802,2.19891e-23
0,1.93269e+09,3.36579e+07,2.92145e+08,2.09439e+09,-5.28083e+08,2.79459e+08,-1.4816e+09,0.0010633,0.000160728,1.71663e-24
0,2.28239e+09,2.67072e+07,3.30293e+08,-5.64115e+09,2.41352e+08,1.52067e+08,2.30607e+08,0.000908192,0.000131428,1.79238e-24
0,2.02658e+09,-4.1755e+07,3.19465e+08,-5.29446e+09,-3.57867e+08,-3.01928e+08,-1.01479e+09,0.00102119,0.000160977,-1.77451e-23
0,1.89805e+09,-6.29067e+07,2.833e+08,-8.90911e+09,4.98651e+08,5.92949e+08,-1.29088e+09,0.00102954,0.000153668,-1.55453e-22
0,1.68444e+09,4.89073e+07,2.54874e+08,9.61384e+08,1.95116e+09,-2.47468e+07,-1.38575e+09,0.00107111,0.000162071,-1.98403e-25
0,2.0288e+09,-5.62294e+06,3.32607e+08,-6.07752e+09,5.94994e+08,-1.24298e+08,-7.0376e+08,0.000938422,0.000153847,-1.40739e-23
0,1.91343e+09,-1.06638e+07,3.25489e+08,-3.97193e+09,1.12351e+07,-4.95181e+08,-1.03237e+09,0.000996118,0.000169448,-8.77487e-24
0,1.92155e+09,-3.93755e+07,3.26218e+08,-5.60693e+09,-1.02033e+09,-4.33984e+08,-3.94644e+08,0.000933475,0.000158474,-4.42716e-24
0,2.00435e+09,-4.47901e+07,3.21048e+08,-6.69701e+09,6.8793e+08,-2.021e+08,-9.95907e+08,0.000953661,0.000152753,-3.08801e-23
0,2.09521e+09,1.10296e+07,3.1054e+08,3.02532e+09,-1.87763e+09,4.79216e+08,-1.11495e+09,0.0010817,0.000160324,1.33302e-23
0,1.84576e+09,-1.10674e+07,2.69609e+08,-2.79942e+08,-3.25192e+08,2.49364e+08,-1.40716e+09,0.00108867,0.000159021,3.89647e-25
0,2.12492e+09,-7.23715e+06,3.42544e+08,-2.25554e+09,-1.28666e+07,-2.66971e+08,-3.70693e+08,0.000941408,0.000151758,-2.65048e-25
0,2.06585e+09,1.27965e+07,3.12051e+08,4.037e+09,-1.16819e+09,1.21961e+08,-9.59733e+08,0.00101526,0.000153356,9.48006e-24
0,2.01983e+09,-7.81978e+06,3.1002e+08,-3.62568e+08,-7.69246e+08,2.54383e+08,-1.19963e+09,0.00102654,0.000157561,2.41469e-25
0,2.06636e+09,-1.12738e+07,3.02297e+08,-2.26896e+09,-1.36388e+09,4.37182e+08,-1.17023e+09,0.00104072,0.000152251,-3.83065e-24
0,1.68869e+09,-8.90015e+06,2.80034e+08,8.72411e+09,5.66978e+08,5.70665e+08,-5.25721e+08,0.00100992,0.000167474,1.31045e-22
0,1.88838e+09,1.43185e+07,3.05158e+08,-9.36646e+08,1.33283e+09,-1.61381e+07,-1.3678e+09,0.000990967,0.000160138,-1.87333e-25
0,2.04662e+09,-1.54326e+07,3.36722e+08,-4.84153e+09,3.95665e+08,-1.70244e+08,-5.90668e+08,0.000921905,0.000151677,-5.3109e-24
0,1.81806e+09,-4.42801e+07,3.00117e+08,-5.76176e+09,7.44375e+08,2.28554e+08,-1.67057e+09,0.00106106,0.000175155,-7.78053e-23
0,1.58199e+09,-2.43823e+07,2.78552e+08,-1.06605e+10,-4.87174e+08,1.85816e+08,-9.8356e+08,0.00104431,0.00018388,-6.11503e-22
0,2.10838e+09,608430,3.06185e+08,-5.81881e+08,-1.60233e+09,-5.37294e+08,-1.15729e+09,0.00108886,0.000158128,-3.64334e-24
0,2.17349e+09,8.55929e+06,3.21276e+08,1.01542e+09,-7.17021e+08,-2.08871e+08,-3.7306e+08,0.000930995,0.000137616,7.99632e-26
0,2.12191e+09,-5.1745e+06,3.43791e+08,-2.3688e+09,3.87678e+07,-2.44398e+08,-2.42886e+08,0.000929556,0.000150606,-2.11645e-25
0,1.95255e+09,-1.36717e+07,3.27004e+08,-3.04059e+09,1.63412e+08,-2.39495e+08,-1.02849e+09,0.000982056,0.00016447,-3.40359e-24
0,1.85003e+09,-4.33342e+07,3.02797e+08,-5.26012e+09,1.10055e+08,6.88385e+07,-1.42672e+09,0.00107236,0.000175515,-5.02415e-23
0,1.84977e+09,-2.39893e+07,3.14195e+08,3.74623e+09,1.59431e+08,3.59704e+08,-8.0862e+08,0.00100557,0.000170803,8.03493e-24
0,1.9452e+09,2.83659e+07,2.75168e+08,2.76408e+09,-1.33363e+09,6.06618e+06,-1.33113e+09,0.00111017,0.000157045,1.3157e-23
0,2.066e+09,-5.35528e+07,3.26319e+08,-8.07042e+09,6.57638e+08,-4.48672e+08,-7.48299e+08,0.000950693,0.00015016,-3.74401e-23
0,1.53093e+09,-3.93645e+07,2.81834e+08,-5.11485e+09,-1.80666e+09,-2.09892e+08,-6.27881e+08,0.000989734,0.000182203,-6.71161e-23
0,1.7688e+09,-3.17044e+07,2.77648e+08,-1.15155e+09,2.35331e+08,5.07997e+08,-1.44789e+09,0.00108525,0.000170351,5.45941e-25
0,1.80319e+09,-5.69001e+07,3.11205e+08,1.45241e+09,-3.70856e+08,5.22067e+08,-8.30733e+08,0.000965833,0.000166689,-5.11775e-26
0,1.69331e+09,-7.90661e+07,2.73287e+08,4.01799e+09,-1.49646e+09,-2.22855e+08,-1.08214e+09,0.00107255,0.000173102,5.23566e-23
0,1.93259e+09,900095,2.72549e+08,-3.31596e+09,-1.2005e+09,-2.77303e+08,-1.13155e+09,0.00109177,0.000153969,-1.2836e-23
0,1.92474e+09,-5.02947e+07,3.11785e+08,-6.52548e+09,3.16713e+08,-2.38109e+07,-1.25335e+09,0.00106508,0.00017253,-7.02328e-23
0,1.96474e+09,1.53757e+07,3.3112e+08,2.50564e+09,4.15388e+08,3.22949e+07,-9.2129e+08,0.000970793,0.000163609,1.60346e-24
0,1.84984e+09,-3.33497e+07,3.04481e+08,-3.68994e+09,4.33458e+08,4.69693e+08,-1.42179e+09,0.00104842,0.000172568,-1.26944e-23
0,2.11832e+09,-3.4809e+07,3.33391e+08,-8.53289e+09,2.36532e+08,-4.08172e+08,-5.2481e+08,0.000939987,0.000147939,-2.38232e-23
0,1.78027e+09,3.69181e+06,2.64862e+08,6.04838e+09,-2.50367e+09,2.59836e+08,2.8277e+08,0.000955648,0.000142178,4.9158e-24
0,2.06652e+09,-1.76702e+07,3.16693e+08,-3.24157e+09,-7.86549e+08,3.05145e+08,-1.06987e+09,0.00102295,0.000156767,-5.33593e-24
0,1.80052e+09,-4.78227e+07,2.80923e+08,-7.51398e+08,5.05868e+08,6.4624e+08,-1.41426e+09,0.00106833,0.000166685,1.98217e-25
0,2.09568e+09,-1.72867e+07,3.14647e+08,-2.84771e+09,-1.18369e+09,4.86144e+08,-8.97112e+08,0.00102418,0.000153771,-4.39276e-24
0,1.90223e+09,1.06906e+07,3.11149e+08,5.06213e+09,1.06682e+09,-2.49526e+08,-7.53184e+08,0.00103797,0.000169782,1.49295e-23
0,1.69906e+09,-7.92509e+07,2.72715e+08,5.88574e+09,-1.85248e+09,2.08791e+08,-9.28437e+08,0.00108797,0.00017463,1.20931e-22
0,2.12787e+09,-2.9016e+06,3.4458e+08,-1.88945e+09,3.55919e+07,-2.01822e+08,-1.22666e+08,0.000920684,0.000149093,-5.38884e-26
0,1.97083e+09,1.01107e+07,3.16251e+08,1.9131e+09,9.95847e+06,-6.54316e+08,-1.08599e+09,0.00102067,0.000163783,4.5986e-25
0,1.89279e+09,-3.22173e+07,3.06392e+08,-1.06878e+09,9.50547e+08,3.71088e+08,-1.3582e+09,0.000998479,0.000161627,-4.5613e-26
0,2.07063e+09,5.22775e+07,3.13145e+08,5.30264e+09,-2.41671e+08,3.33437e+08,-6.80828e+08,0.000960562,0.000145267,7.89676e-24
0,2.32292e+09,1.18041e+07,3.319e+08,2.73448e+09,-9.49893e+08,-8.74059e+07,-2.62669e+08,0.00091636,0.00013093,5.08838e-25
0,2.29485e+09,1.95398e+07,3.34237e+08,-4.62125e+09,1.40477e+08,8.05625e+07,1.56528e+08,0.000902506,0.000131446,6.08919e-25
0,1.96609e+09,-5.36063e+07,3.16478e+08,-8.05534e+09,2.75183e+08,-3.50822e+08,-1.10915e+09,0.00102118,0.000164376,-8.88008e-23
0,1.91565e+09,-9.94196e+06,3.27563e+08,-3.08821e+09,-8.55378e+07,-2.99813e+08,-1.11991e+09,0.0010283,0.000175832,-4.80634e-24
0,1.9555e+09,-6.87984e+07,3.01875e+08,-9.26287e+09,-1.83752e+09,-7.89591e+08,-8.96295e+08,0.00100366,0.000154937,-6.8523e-23
0,2.07327e+09,-3.61461e+07,3.16253e+08,-5.34539e+09,-6.49215e+08,3.78502e+08,-8.46387e+08,0.00102137,0.000155798,-1.73358e-23
0,1.94346e+09,1.02992e+07,2.96521e+08,1.19684e+10,1.32871e+09,-2.42311e+08,-8.61557e+08,0.00104249,0.000159056,2.36872e-22
0,1.89844e+09,-2.183e+07,3.28725e+08,8.11492e+09,8.70655e+08,3.4233e+08,1.07683e+08,0.000963285,0.000166798,-9.1727e-25
0,1.70235e+09,-6.41462e+07,2.82514e+08,6.71313e+09,-1.30806e+09,2.08542e+08,-8.34922e+08,0.00111423,0.000184912,1.30361e-22
0,1.91357e+09,4.08209e+07,3.1409e+08,-1.22158e+10,-5.72197e+08,3.71085e+07,7.97612e+06,0.00101521,0.000166636,1.05962e-25
0,1.77197e+09,-5.82928e+07,2.70129e+08,-6.69917e+09,-1.02011e+09,-6.56483e+08,1.51763e+07,0.000944494,0.000143984,1.67263e-23
0,2.14516e+09,-3.43901e+06,3.44207e+08,-1.57187e+09,3.34551e+07,-1.90296e+08,-1.90858e+08,0.000917467,0.000147215,-4.32072e-26
0,1.99588e+09,1.67278e+07,3.34554e+08,7.36424e+09,3.79362e+08,2.61634e+08,-6.66998e+08,0.000932258,0.000156267,2.50595e-23
0,1.97325e+09,1.09766e+07,3.39179e+08,3.42452e+09,2.6142e+08,8.17821e+07,-4.57448e+08,0.000935134,0.000160739,1.81632e-24
0,1.95507e+09,-3.12718e+06,3.09851e+08,4.01232e+09,1.05855e+09,-4.44362e+08,-7.50662e+08,0.00105684,0.000167493,5.15359e-24
0,1.92046e+09,3.3934e+07,3.19797e+08,9.95583e+07,1.27602e+09,-2.82213e+08,-1.08707e+09,0.000964411,0.000160595,1.74679e-27
0,1.77857e+09,3.13879e+07,2.82753e+08,5.34908e+09,1.81605e+09,-6.81733e+08,-1.22385e+09,0.000973616,0.000154783,1.77441e-23
0,1.85953e+09,-3.83028e+07,3.0973e+08,-5.31642e+08,1.33058e+09,4.67175e+08,-1.33351e+09,0.00102061,0.000169997,-7.41354e-29
0,2.15155e+09,-1.64521e+07,3.15735e+08,3.2114e+09,-6.04087e+08,1.29419e+06,-7.07955e+08,0.000970375,0.0001424,1.95512e-24
0,2.08613e+09,-3.06852e+07,3.12166e+08,-8.94641e+09,-1.41666e+09,-5.57062e+08,-9.24646e+08,0.00102394,0.000153222,-6.23147e-23
0,1.75864e+09,1.42731e+07,3.02571e+08,7.08754e+09,2.34506e+09,-7.61676e+07,-1.03427e+09,0.0010036,0.000172667,6.60837e-23
0,1.99679e+09,5.53927e+07,3.11006e+08,1.21882e+10,5.93498e+08,-2.47519e+08,-9.05645e+08,0.000976676,0.00015212,1.76089e-22
0,1.66086e+09,-9.12027e+07,2.92014e+08,5.7068e+09,2.45108e+08,4.72536e+08,-6.12829e+08,0.00101351,0.000178196,4.19027e-23
0,1.94293e+09,3.51938e+07,3.19625e+08,2.44326e+09,6.47647e+08,-1.94609e+08,-1.18994e+09,0.000988648,0.000162639,1.83613e-24
0,1.70256e+09,-4.89416e+07,2.85908e+08,7.30303e+09,-4.52347e+08,1.14413e+08,-8.93231e+08,0.00114173,0.000191729,1.84192e-22
0,1.84267e+09,-3.46815e+06,3.30206e+08,-1.95e+09,3.20111e+08,-1.37447e+08,-1.02463e+09,0.00100711,0.000180473,-1.24403e-24
0,2.07561e+09,5.48373e+07,3.1025e+08,9.11089e+09,-4.16537e+08,-9.58049e+07,-7.38296e+08,0.000961801,0.000143764,4.86171e-23
0,1.87893e+09,-4.90552e+06,2.94662e+08,-1.72078e+09,-1.3816e+08,3.21493e+08,-1.44969e+09,0.00104646,0.000164111,-3.30894e-25
0,2.11603e+09,2.44831e+07,3.34156e+08,8.09319e+09,-4.12555e+08,3.96817e+08,-6.53973e+08,0.000961705,0.000151869,2.41088e-23
0,1.79732e+09,-2.16213e+07,2.6135e+08,1.36284e+10,-1.90454e+09,4.24105e+08,2.20911e+08,0.00104702,0.000152249,-2.34402e-22
0,2.25607e+09,-7.70509e+06,3.21384e+08,1.1963e+09,-1.36751e+09,8.32876e+06,-5.42433e+08,0.000985603,0.000140402,6.7292e-25
0,1.98006e+09,8.27524e+06,3.13486e+08,3.0462e+09,9.36559e+08,-1.59988e+08,-6.32606e+08,0.00106156,0.000168068,2.36184e-24
0,1.95742e+09,-1.11313e+07,2.85661e+08,2.24345e+10,-3.08151e+08,2.9125e+08,-4.06384e+07,0.00106365,0.000155227,6.08685e-23
0,1.71587e+09,-4.15932e+07,2.75204e+08,-1.50907e+08,-9.912e+08,7.86469e+08,-1.4324e+09,0.00110981,0.000177999,5.11962e-24
0,2.32719e+09,9.27765e+06,3.31233e+08,2.15836e+09,-1.08145e+09,-7.3848e+07,-2.70462e+08,0.000919853,0.000130924,4.15958e-25
0,1.92854e+09,-6.31035e+07,3.16052e+08,-4.43019e+09,1.28707e+09,3.25421e+08,-8.72153e+08,0.000968552,0.000158728,-6.52835e-24
0,2.32371e+09,5.908e+06,3.2134e+08,1.2851e+09,-1.52801e+09,-4.90574e+07,-2.6607e+08,0.000935664,0.000129391,4.96324e-25
0,1.87e+09,-2.95916e+07,3.18907e+08,-2.07377e+09,1.65233e+09,2.64915e+08,-1.07491e+09,0.000953493,0.000162608,-3.12934e-25
0,1.79566e+09,-5.35182e+07,2.81999e+08,7.12671e+09,5.07084e+08,2.02484e+08,-9.428e+08,0.00118864,0.00018667,1.80102e-22
0,2.11644e+09,-2.86947e+07,3.12673e+08,-4.93784e+09,-1.11616e+09,-4.54979e+08,-9.57545e+08,0.00100108,0.000147894,-9.61055e-24
0,2.13979e+09,-2.29629e+06,3.44298e+08,-9.31326e+08,6.36978e+07,-1.20459e+08,-1.77984e+08,0.000910304,0.00014647,-8.77222e-27
0,2.28306e+09,3.03086e+07,3.12366e+08,8.1177e+09,-1.14619e+09,-3.19685e+08,-4.32765e+08,0.000983506,0.000134562,1.97126e-23
0,2.20562e+09,107831,2.94189e+08,-5.2867e+08,-6.06672e+08,3.14663e+07,-3.80691e+08,0.000963005,0.000128447,-2.81251e-26
0,2.01638e+09,1.6474e+07,3.24622e+08,6.98895e+09,2.73318e+08,1.54423e+08,-9.67655e+08,0.000950354,0.000153,3.08066e-23
0,2.1578e+09,1.71039e+07,3.36041e+08,6.77159e+09,-5.97205e+08,4.56732e+08,-6.01607e+08,0.000983549,0.000153172,1.16739e-23
0,1.78429e+09,2.67262e+07,3.23541e+08,3.52339e+08,1.1851e+09,-1.28502e+08,-1.17374e+09,0.000998626,0.000181078,2.82073e-27
0,1.9884e+09,-1.85059e+07,3.20075e+08,-5.80373e+08,4.47024e+07,-6.56197e+07,-1.15778e+09,0.000998174,0.000160677,8.76071e-26
0,2.14922e+09,-1.47046e+06,3.44737e+08,-6.18998e+08,3.99533e+07,-1.2275e+08,-9.09765e+07,0.0009098,0.000145933,-1.43962e-27
0,2.06384e+09,-3.52128e+07,3.30066e+08,-9.42594e+09,2.952e+08,-5.37337e+08,-7.94397e+08,0.000951428,0.00015216,-5.85001e-23
0,1.88064e+09,1.76655e+07,3.24354e+08,1.29357e+09,1.55914e+08,1.96061e+08,-1.2003e+09,0.00103697,0.000178846,7.56152e-26
0,1.8699e+09,-4.65395e+07,2.86715e+08,4.57237e+09,6.35264e+08,1.94296e+08,-7.45338e+08,0.00120805,0.000185233,3.56321e-23
0,1.66832e+09,-4.49358e+07,2.73204e+08,2.26687e+09,1.77355e+08,1.08125e+09,-1.57558e+09,0.00110428,0.000180836,-7.04853e-25
0,1.81988e+09,4.38634e+07,3.12161e+08,-5.38914e+09,-3.06384e+08,-1.74064e+08,-1.046e+09,0.0010436,0.000179007,-3.8263e-23
0,2.24921e+09,-1.68215e+07,3.23172e+08,-5.54395e+09,-1.43723e+09,1.18684e+08,-5.22837e+08,0.000968252,0.000139121,-8.9977e-24
0,2.05955e+09,1.67611e+07,3.15142e+08,3.43375e+09,-2.65607e+08,-5.65979e+08,-9.76283e+08,0.000999527,0.000152942,4.01833e-24
0,1.90096e+09,-3.09729e+07,3.07021e+08,1.0299e+10,1.35015e+09,5.48128e+08,-2.0898e+08,0.00111374,0.000179878,1.23043e-22
0,2.31014e+09,1.20894e+07,3.25303e+08,2.21455e+09,-9.88357e+08,-1.30409e+08,-2.64702e+08,0.000920427,0.00012961,3.96459e-25
0,2.20807e+09,9.77642e+06,3.21644e+08,-6.30864e+09,3.94961e+08,3.71329e+08,4.16081e+07,0.000913788,0.000133109,1.29486e-24
0,1.78758e+09,4.30315e+07,3.10111e+08,3.80683e+09,1.43235e+09,-4.08647e+08,-1.3274e+09,0.00101371,0.00017586,1.18344e-23
0,2.04199e+09,5.76889e+07,3.02201e+08,9.71497e+09,-9.92967e+08,5.71265e+07,-1.16743e+09,0.00105668,0.000156381,1.62074e-22
0,2.26451e+09,-1.90811e+07,2.93927e+08,1.12946e+09,1.47662e+09,-2.37121e+08,2.11878e+08,0.000957412,0.00012427,-3.74999e-25
0,1.89498e+09,2.97786e+06,3.19221e+08,1.51662e+09,-5.72899e+07,2.89467e+07,-1.34567e+09,0.00104785,0.000176517,2.09271e-25
0,2.04225e+09,2.2568e+07,3.12991e+08,1.87883e+09,-5.20057e+08,-6.7806e+08,-1.12732e+09,0.00103577,0.00015874,4.65477e-25
0,1.89179e+09,-4.68664e+07,2.99009e+08,3.94619e+09,-1.97041e+09,2.93994e+07,-6.58044e+08,0.00101901,0.00016106,2.32856e-23
0,1.75124e+09,3.67061e+07,3.15115e+08,-3.14712e+09,-4.6306e+08,-4.67706e+08,-1.00745e+09,0.00101844,0.000183256,-5.71456e-24
0,1.63659e+09,-3.60124e+07,2.74263e+08,3.73735e+09,1.58967e+09,9.91237e+08,-1.55189e+09,0.00110726,0.000185558,9.44468e-23
0,2.05081e+09,-4.3681e+06,3.29367e+08,-6.04157e+09,-1.19014e+09,-2.32854e+08,-2.9557e+08,0.000993723,0.000159595,-6.60167e-24
0,1.91385e+09,-6.51753e+06,3.09749e+08,8.07544e+09,1.76738e+09,7.54838e+08,-1.15442e+08,0.00113514,0.000183718,8.21554e-23
0,1.86372e+09,-3.22107e+07,3.01351e+08,-2.53462e+09,6.37067e+08,4.81725e+08,-1.3822e+09,0.00102538,0.000165798,-2.67575e-24
0,2.06502e+09,-2.17204e+07,3.29743e+08,-4.42647e+09,1.74454e+08,-4.31615e+07,-8.09403e+08,0.000949109,0.000151554,-5.62419e-24
0,2.22351e+09,-907801,3.29635e+08,-8.85465e+08,-1.24677e+09,-1.26962e+07,-7.90135e+08,0.00101508,0.000150486,-5.52435e-25
0,2.10855e+09,4.05645e+07,2.98994e+08,6.42589e+09,-1.90215e+09,1.37928e+06,-1.20022e+09,0.00108327,0.000153608,6.86127e-23
0,1.91322e+09,3.49714e+07,3.31087e+08,6.07783e+09,8.9201e+07,2.06059e+08,-6.9938e+08,0.000926486,0.000160331,1.66852e-23
0,2.09219e+09,1.30094e+06,3.06181e+08,-1.42272e+10,-1.0564e+09,-4.7905e+08,-4.69444e+08,0.00107398,0.000157171,-1.53523e-22
0,2.02442e+09,-3.92192e+06,3.30977e+08,-5.26141e+08,8.60012e+07,-1.20547e+08,-8.64457e+08,0.000971089,0.000158766,2.36963e-26
0,2.19032e+09,-920996,3.44507e+08,-3.52732e+08,5.36979e+06,-8.09288e+07,-1.42645e+08,0.000909632,0.000143073,-2.13544e-28
0,1.89985e+09,3.11762e+07,3.13361e+08,5.39251e+09,2.82826e+08,-4.42359e+08,-1.13427e+09,0.00105615,0.0001742,3.37446e-23
0,1.9002e+09,-8.02481e+06,3.24339e+08,1.49437e+09,4.65107e+06,-1.20942e+08,-1.19804e+09,0.00104672,0.000178662,2.74565e-25
0,2.01263e+09,-1.54195e+06,3.31444e+08,-1.68126e+09,-1.47664e+07,-4.28677e+07,-8.50976e+08,0.000984793,0.000162178,-3.36217e-25
0,2.03165e+09,-1.00569e+07,3.29523e+08,-6.53502e+09,-1.0637e+09,-2.59035e+08,-2.04828e+08,0.000985538,0.00015985,-4.32797e-24
0,1.70274e+09,-5.94546e+06,2.78748e+08,5.14607e+09,2.16111e+09,2.67235e+08,-1.42909e+09,0.00113893,0.000186449,1.21627e-22
0,1.95615e+09,2.25553e+07,2.95703e+08,1.0665e+09,-1.19752e+09,4.22267e+08,-1.18782e+09,0.00106152,0.000160466,2.48077e-24
0,2.07031e+09,1.96561e+07,3.27345e+08,1.29795e+09,-4.70701e+08,3.30924e+08,-9.75619e+08,0.00100179,0.000158398,1.37029e-25
0,2.04263e+09,2.77398e+07,3.28392e+08,7.95941e+09,-5.60303e+07,4.86988e+08,-8.58405e+08,0.000961837,0.000154634,3.86196e-23
0,2.13873e+09,2.87756e+07,3.33518e+08,5.64174e+09,-6.44838e+07,2.94916e+08,-5.33907e+08,0.00092191,0.000143765,5.49167e-24
0,1.74623e+09,-3.23199e+06,2.5731e+08,5.42812e+09,-1.98885e+09,-2.54558e+08,-1.13546e+09,0.00106213,0.000156507,1.18838e-22
0,1.95111e+09,5.97474e+07,2.97464e+08,2.29999e+09,5.2993e+08,-6.81255e+08,-1.1649e+09,0.00100765,0.000153626,9.86868e-25
0,1.99137e+09,5.53846e+06,3.33019e+08,5.48597e+08,3.10211e+08,-2.07454e+07,-8.11195e+08,0.000964817,0.000161348,-6.8645e-27
0,1.90254e+09,3.89556e+07,3.08274e+08,-6.1865e+09,-1.40277e+09,1.83833e+08,-9.37444e+08,0.00106652,0.000172812,-6.82708e-23
0,2.07812e+09,7.22503e+07,3.12278e+08,1.11568e+10,5.00939e+08,-1.24617e+08,-6.74589e+08,0.000940272,0.000141294,6.92629e-23
0,1.95794e+09,9.22634e+06,3.19289e+08,3.84072e+09,6.17586e+08,3.6743e+08,-9.0748e+08,0.000934273,0.000152356,6.05772e-24
0,1.91715e+09,-2.32107e+06,2.95489e+08,-6.0733e+08,-1.11183e+09,4.86921e+08,-1.22916e+09,0.00107899,0.000166305,1.2511e-24
0,2.10886e+09,2.55277e+07,3.31406e+08,7.65559e+09,-4.0737e+08,6.05142e+08,-7.79413e+08,0.000989791,0.000155545,2.6763e-23
0,1.9467e+09,9.04367e+06,3.23607e+08,4.85593e+08,-2.0492e+08,-1.08291e+08,-1.10281e+09,0.00101053,0.000167984,-8.588e-26
0,1.78451e+09,-4.84788e+07,2.99828e+08,6.08073e+09,6.00526e+08,7.526e+08,-5.62053e+08,0.00105065,0.000176527,5.18924e-23
0,2.07428e+09,-1.46818e+07,3.18211e+08,-6.15495e+09,-1.16681e+09,-6.96331e+08,-9.43245e+08,0.00100679,0.00015445,-1.56665e-23
0,1.83304e+09,2.93429e+07,3.13322e+08,-5.52235e+09,-1.52713e+09,-5.96519e+07,-8.79004e+08,0.00103312,0.000176592,-4.79089e-23
0,2.04159e+09,7.48569e+07,3.09069e+08,1.15092e+10,3.35144e+08,-1.18497e+07,-7.91698e+08,0.000964979,0.000146085,1.13415e-22
0,1.97431e+09,1.27198e+07,3.07502e+08,2.22694e+09,-1.14706e+09,1.38352e+06,-1.31923e+09,0.00106738,0.000166247,5.13253e-24
0,2.20076e+09,-247982,3.44891e+08,-9.14893e+08,-1.436e+06,-1.03226e+08,-6.78097e+07,0.000905739,0.000141943,-2.31673e-27
0,1.86996e+09,-2.42826e+07,2.92162e+08,-8.09552e+08,-5.17469e+08,5.35888e+08,-1.32405e+09,0.00106101,0.000165772,7.91807e-25
0,1.99806e+09,-2.59102e+07,3.26628e+08,-7.36278e+09,6.93492e+08,-4.03145e+08,-9.07053e+08,0.000938228,0.000153374,-3.72978e-23
0,1.82415e+09,4.12243e+07,3.04023e+08,-6.49391e+09,-1.27908e+09,2.87974e+06,-1.00436e+09,0.00106226,0.000177043,-8.78797e-23
0,2.1563e+09,-3.22065e+07,2.6451e+08,-1.26273e+09,-1.54793e+09,4.69053e+08,-4.49652e+08,0.00101117,0.000124038,-6.02036e-25
0,2.00562e+09,-2.33474e+07,3.26173e+08,-3.44724e+09,-2.77237e+08,-5.37048e+08,-7.96658e+08,0.00096401,0.000156777,-2.30621e-24
0,2.06766e+09,-5.56689e+06,3.32364e+08,-2.88392e+09,-2.54461e+08,-1.48409e+08,-7.97343e+08,0.000989676,0.000159084,-1.72152e-24
0,2.1223e+09,-1.0527e+07,3.36254e+08,-9.01423e+08,2.47886e+08,-2.14445e+08,-5.62972e+08,0.000931283,0.000147551,-2.72826e-26
0,1.93443e+09,2.06587e+07,2.72411e+08,7.56598e+09,1.96401e+09,-5.1041e+07,-6.50641e+08,0.0009752,0.00013733,2.67707e-23
0,1.87154e+09,1.59625e+06,3.06479e+08,7.62274e+08,4.70185e+08,1.29293e+08,-1.49142e+09,0.00101687,0.000166521,-2.61638e-25
0,2.28946e+09,2.74799e+07,3.2569e+08,5.50753e+09,-8.13842e+08,-2.12528e+08,-3.74944e+08,0.000937461,0.00013336,3.9565e-24
0,2.12548e+09,-2.75577e+07,3.23296e+08,-6.18506e+09,-1.16123e+09,-4.05629e+08,-1.0366e+09,0.00104439,0.000158857,-2.58745e-23
0,1.867e+09,2.2404e+07,3.10528e+08,-3.40118e+09,-1.57161e+09,3.85138e+07,-7.60878e+08,0.00100493,0.000167145,-1.35677e-23
0,2.21055e+09,-684502,3.44611e+08,-1.14812e+09,-1.82424e+07,-9.66707e+07,-1.25734e+08,0.000904601,0.000141022,-8.06986e-27
0,2.00609e+09,6.96541e+06,3.2847e+08,1.19845e+09,1.60463e+08,-6.73049e+07,-9.48004e+08,0.000974511,0.000159563,7.05913e-26
0,1.94496e+09,5.10295e+06,3.38546e+08,6.66152e+09,4.58413e+08,4.97486e+08,-4.14832e+08,0.000915528,0.00015936,1.43765e-23
0,1.91748e+09,1.80797e+07,3.03815e+08,-6.8196e+09,-1.61699e+09,-2.73794e+07,-9.74359e+08,0.00110458,0.000175016,-1.03314e-22
0,1.81311e+09,-3.43885e+07,2.92724e+08,-9.62997e+08,4.01096e+08,1.02027e+09,-1.34099e+09,0.00105481,0.000170298,1.94462e-25
0,1.73539e+09,5.28368e+07,2.69404e+08,-9.08064e+09,1.23512e+08,1.63964e+08,-8.33488e+08,0.0011235,0.000174414,-2.79206e-22
0,2.02284e+09,6.75122e+07,3.09964e+08,6.16328e+09,7.52767e+08,-1.83745e+08,-9.76882e+08,0.000965905,0.000148008,2.11023e-23
0,2.00729e+09,4.1765e+07,2.66497e+08,7.27542e+09,4.1571e+08,-2.36461e+07,-5.27875e+08,0.00101919,0.000135312,2.72129e-23
0,1.89616e+09,-3.25537e+07,2.92005e+08,-6.53247e+09,-2.97871e+08,2.6154e+08,-1.52506e+09,0.00107265,0.000165187,-9.53293e-23
0,2.07362e+09,1.54156e+07,3.2417e+08,3.14523e+09,-6.98268e+08,3.29181e+08,-1.05942e+09,0.00103073,0.000161134,3.50606e-24
0,1.86779e+09,1.1107e+07,3.15968e+08,2.09545e+09,6.08991e+08,-6.33624e+07,-1.3922e+09,0.0010025,0.000169588,1.60582e-24
0,2.10492e+09,-4.62484e+07,3.19445e+08,-9.11268e+09,-7.0131e+08,-3.84084e+08,-1.05478e+09,0.00101682,0.000154314,-7.71463e-23
0,1.90132e+09,5.06535e+06,3.18045e+08,-3.07323e+08,9.73655e+07,-3.04611e+08,-1.30948e+09,0.00101789,0.000170268,1.6265e-25
0,2.21086e+09,1.71135e+06,3.43915e+08,-1.33075e+09,5.16801e+07,-1.98729e+08,-6.38217e+07,0.000902031,0.000140317,-9.55913e-27
0,1.97314e+09,1.16371e+06,3.34494e+08,-4.95267e+09,-8.79421e+08,-1.53598e+08,-8.19315e+07,0.000978811,0.000165932,-8.90174e-25
0,2.10431e+09,2.5194e+07,3.26246e+08,3.26766e+09,-5.03202e+08,2.96969e+08,-9.57499e+08,0.000995521,0.000154343,2.66654e-24
0,2.01766e+09,6.942e+07,2.82762e+08,6.99582e+09,1.51054e+08,-1.17652e+08,-6.47355e+08,0.00101514,0.000142265,2.80244e-23
0,1.62648e+09,-4.12559e+07,2.20775e+08,1.4671e+10,-3.08708e+08,3.32053e+08,-1.01474e+09,0.00120609,0.000163712,2.79859e-21
0,1.95191e+09,-3.59933e+06,3.26962e+08,-8.10388e+08,-3.35346e+08,-1.40352e+08,-1.08707e+09,0.00101217,0.000169546,6.26467e-28
0,1.93471e+09,-2.16701e+07,3.10498e+08,-1.56831e+09,-9.85939e+08,9.90654e+07,-1.28e+09,0.0010756,0.000172621,-2.03526e-24
0,2.06058e+09,5.99254e+06,3.33016e+08,5.61513e+09,6.73896e+08,2.5375e+08,-6.01646e+08,0.000906984,0.00014658,8.15871e-24
0,2.05769e+09,-4.77394e+07,3.24973e+08,-1.03941e+10,-4.22621e+06,-5.65072e+08,-9.28099e+08,0.000979884,0.000154754,-1.00254e-22
0,2.04822e+09,1.15297e+07,3.05395e+08,8.10593e+09,8.62559e+08,9.48071e+07,-8.83775e+08,0.000965584,0.000143971,4.53588e-23
0,1.73131e+09,-1.59533e+07,2.64239e+08,1.89843e+10,6.1468e+08,-6.23744e+07,1.54717e+08,0.00105093,0.000160397,-3.66486e-22
0,2.14996e+09,-1.43921e+07,3.34957e+08,-4.48375e+09,-1.3487e+08,-3.74305e+07,-5.81331e+08,0.0009458,0.000147353,-3.38563e-24
0,1.85077e+09,2.49252e+07,3.21372e+08,8.32451e+08,1.87162e+09,-1.83535e+08,-1.02698e+09,0.000937477,0.000162786,-2.685e-25
0,2.09932e+09,4.72606e+07,3.19909e+08,8.84784e+09,-1.79793e+08,2.34721e+08,-9.33834e+08,0.00097027,0.000147857,5.30485e-23
0,1.92736e+09,2.82533e+06,3.22288e+08,-9.37359e+08,-1.95517e+08,-2.80144e+08,-1.19294e+09,0.00101378,0.000169521,1.14202e-25
0,1.94009e+09,-2.36022e+07,3.14781e+08,-2.81279e+09,-1.01222e+09,2.20267e+08,-1.11502e+09,0.00107716,0.00017477,-7.89818e-24
0,1.78832e+09,1.48874e+07,2.71021e+08,1.76635e+10,7.5135e+07,6.0758e+08,2.92438e+08,0.00112996,0.000171246,-6.28353e-22
0,1.94452e+09,-3.6463e+07,3.01476e+08,1.09053e+09,3.87289e+08,7.39924e+08,-1.27257e+09,0.00106806,0.000165591,-2.40565e-25
0,2.15022e+09,1.27931e+07,3.32675e+08,6.36021e+09,6.73134e+07,3.28156e+08,-5.62471e+08,0.000927318,0.000143472,8.67562e-24
0,1.6724e+09,9.62963e+07,2.99359e+08,-4.18205e+09,-1.14589e+09,-1.70547e+08,-8.15871e+08,0.00103583,0.000185413,-2.70786e-23
0,1.89433e+09,5.59936e+07,3.03813e+08,-9.61543e+09,-3.74077e+09,-4.96359e+08,-6.10889e+08,0.00113557,0.000182123,-4.10447e-22
0,1.83718e+09,-523946,3.13608e+08,2.08178e+09,4.61401e+08,2.11649e+08,-1.42622e+09,0.00102394,0.000174788,1.96998e-24
0,2.20579e+09,860547,3.43925e+08,-1.22746e+09,3.72911e+06,-1.95024e+08,-6.14969e+07,0.00089474,0.000139507,-4.75857e-27
0,1.99856e+09,-6.60031e+06,3.37554e+08,-2.10987e+08,3.34165e+08,1.0955e+08,-4.9591e+08,0.000899732,0.000151964,1.84072e-28
0,1.94967e+09,2.04076e+07,2.70603e+08,2.47472e+09,-1.25705e+09,-4.63081e+08,-1.29405e+09,0.00109283,0.000151679,7.33905e-24
0,1.88066e+09,3.85848e+07,3.153e+08,3.9249e+09,1.4293e+09,-2.71867e+08,-1.04703e+09,0.000953875,0.000159921,6.01664e-24
0,2.00405e+09,1.97544e+06,3.12749e+08,2.84198e+09,2.33562e+09,3.81408e+08,-5.33859e+08,0.000886632,0.000138367,-1.17957e-24
0,2.01043e+09,-4.78033e+06,3.27499e+08,-1.35091e+09,-2.64384e+08,-7.90843e+07,-1.04989e+09,0.00102394,0.000166799,-1.81604e-25
0,1.8192e+09,-2.96056e+07,3.11428e+08,-4.25537e+07,-6.9299e+08,-1.01488e+08,-1.12229e+09,0.000994567,0.000170259,-1.41463e-25
0,1.98706e+09,4.84177e+07,3.08862e+08,2.34286e+09,6.71992e+08,-5.8626e+08,-1.12275e+09,0.000990547,0.000153967,9.35536e-25
0,1.89954e+09,1.42482e+07,3.1453e+08,3.76182e+09,1.88018e+08,1.14242e+07,-1.41918e+09,0.00102877,0.000170346,1.21883e-23
0,1.83865e+09,-4.45479e+07,3.09711e+08,-3.46056e+09,1.20301e+08,9.00224e+07,-1.23813e+09,0.00101507,0.000170983,-9.12544e-24
0,1.68653e+09,8.47167e+07,3.06806e+08,-1.37023e+09,-7.54726e+08,-7.80317e+08,-8.89403e+08,0.00102704,0.000186834,6.30367e-25
0,2.11844e+09,-4.66804e+07,3.21944e+08,-4.24033e+09,3.67353e+08,1.912e+08,-7.81371e+08,0.000984952,0.000149685,-4.75389e-24
0,2.13384e+09,-2.68373e+06,2.79193e+08,-1.75495e+09,-2.56503e+09,-3.86957e+08,-9.73834e+08,0.00107145,0.000140189,-1.52395e-23
0,2.06914e+09,-2.07261e+07,3.11408e+08,-1.73324e+09,-1.15477e+09,4.75125e+07,-1.20037e+09,0.00107902,0.000162394,-2.53832e-24
0,1.81948e+09,1.07106e+07,3.0832e+08,-1.00992e+10,-3.56897e+09,-9.38253e+08,-4.93423e+08,0.00108809,0.000184382,-1.66328e-22
0,1.72059e+09,-7.52259e+07,2.98416e+08,8.51015e+08,-5.29694e+08,4.50609e+08,-9.61525e+08,0.000991902,0.000172034,1.22909e-25
0,2.00261e+09,-4.10377e+07,3.275e+08,-4.1591e+09,-9.34998e+08,-6.98458e+08,-7.29111e+08,0.000996666,0.000162991,-2.42527e-24
0,1.80145e+09,6.72723e+07,2.95132e+08,-5.74777e+09,-1.63311e+09,2.20454e+08,-1.00314e+09,0.00108668,0.000178031,-9.76228e-23
0,1.93568e+09,9.2621e+06,3.07566e+08,2.36296e+09,-4.02547e+08,-8.33022e+07,-1.1987e+09,0.00100651,0.000159928,2.07363e-24
0,1.99811e+09,6.52429e+07,3.097e+08,5.71486e+09,2.54748e+09,-1.45669e+08,-6.41501e+08,0.000897493,0.000139108,-2.1994e-24
0,1.92373e+09,2.65469e+07,3.17654e+08,6.14577e+09,-9.67361e+07,1.36215e+06,-8.02762e+08,0.000983772,0.000162444,2.56433e-23
0,2.28332e+09,5.6716e+06,3.16893e+08,-6.1793e+08,-2.17952e+09,-2.23764e+08,-7.08167e+08,0.00101096,0.000140307,-2.04599e-24
0,2.07352e+09,-7.02322e+06,3.35934e+08,-3.82688e+09,-5.00887e+08,-3.37007e+08,-6.82086e+08,0.00102579,0.000166189,-3.66551e-24
0,1.97345e+09,-2.86714e+07,3.2667e+08,-1.53795e+08,1.62496e+08,2.98071e+08,-6.1381e+08,0.000953062,0.000157763,-7.08795e-28
0,2.23266e+09,42484.7,3.4394e+08,-1.0964e+09,-4.83573e+07,-1.81323e+08,-5.31463e+07,0.000891862,0.000137391,-8.74029e-28
0,1.92662e+09,-6.12203e+07,3.24042e+08,-3.35535e+09,-1.13038e+09,-9.0508e+08,-4.59822e+08,0.000971917,0.000163469,2.58393e-24
0,1.89219e+09,-3.4367e+07,3.0768e+08,-3.30633e+09,3.50876e+08,1.88726e+08,-1.35254e+09,0.00104656,0.000170176,-8.25693e-24
0,2.0701e+09,-3.69867e+07,3.1642e+08,-6.52613e+09,-1.04146e+09,-3.54198e+08,-1.15556e+09,0.00105504,0.000161265,-4.13199e-23
0,1.61382e+09,-1.02871e+08,2.68475e+08,-5.27389e+09,-1.58945e+09,1.0856e+08,-1.11266e+09,0.00102281,0.000170155,-1.03325e-22
0,1.8845e+09,3.211e+06,3.01857e+08,2.68367e+09,-1.60474e+08,1.07237e+08,-1.5663e+09,0.00103532,0.000165837,3.98616e-24
0,1.89586e+09,2.49491e+07,3.04034e+08,3.04576e+09,5.01377e+08,-4.22637e+08,-1.37316e+09,0.00101231,0.000162342,4.75258e-24
0,2.02717e+09,8.40025e+07,3.07783e+08,8.07764e+09,1.96572e+09,-5.21411e+08,-7.00223e+08,0.000929254,0.000141088,1.08558e-23
0,1.81349e+09,-7.57149e+07,3.04547e+08,-1.47267e+08,2.79625e+08,3.10293e+08,-9.93698e+08,0.000993766,0.000166888,-5.82558e-27
0,2.02546e+09,-2.10458e+07,3.33194e+08,-5.07804e+09,-2.6057e+08,-6.45532e+08,-8.12591e+08,0.00100154,0.000164757,-9.8328e-24
0,2.24391e+09,-2.08072e+06,3.44686e+08,-1.33911e+09,-1.38912e+07,-2.03597e+08,-9.10789e+07,0.000887928,0.000136394,-7.02314e-27
0,2.0802e+09,1.2749e+07,3.13022e+08,1.05171e+09,-1.15982e+09,2.05163e+08,-1.22173e+09,0.00103908,0.000156357,1.33193e-24
0,1.75006e+09,-4.21978e+07,3.14462e+08,5.67506e+09,-9.34814e+08,2.59476e+08,-5.42527e+08,0.00103861,0.000186624,2.67726e-23
0,2.04294e+09,-3.36459e+07,3.34e+08,-7.47135e+09,7.90448e+07,-2.94794e+08,-6.30926e+08,0.000934919,0.00015285,-2.12178e-23
0,2.03678e+09,-4.67995e+07,3.21941e+08,-8.78076e+09,-2.30934e+08,-4.58896e+08,-1.01413e+09,0.00101811,0.000160926,-8.0713e-23
0,2.0403e+09,-3.45101e+07,3.21887e+08,-3.48652e+09,-3.43852e+08,-3.84966e+08,-1.08004e+09,0.00103577,0.000163408,-4.86287e-24
0,2.0257e+09,7.15858e+06,3.15184e+08,-4.17221e+08,-1.14481e+09,-7.61215e+08,-1.07028e+09,0.00106023,0.000164964,-1.57898e-24
0,1.95396e+09,-1.39276e+07,3.09685e+08,4.59514e+09,1.34834e+09,7.4121e+08,-9.93053e+08,0.000938445,0.000148735,1.74675e-23
0,2.0217e+09,6.04167e+06,3.17666e+08,2.43484e+09,-6.07951e+08,-5.54315e+08,-9.30869e+08,0.0010189,0.000160098,1.88447e-24
0,1.96402e+09,8.05315e+07,3.00941e+08,1.16202e+10,4.66755e+08,-4.49184e+08,-1.04888e+09,0.000993072,0.000152165,2.05239e-22
0,2.08775e+09,1.96884e+07,3.26492e+08,2.86136e+09,-3.3538e+08,3.58119e+08,-8.69179e+08,0.000976359,0.000152688,1.36811e-24
0,2.05118e+09,-2.23002e+07,3.36388e+08,-5.70624e+09,-5.83618e+07,-7.33867e+08,-6.40331e+08,0.000984415,0.000161442,-1.07792e-23
0,1.99492e+09,-3.01949e+07,2.79743e+08,-1.58275e+09,-1.63071e+09,5.70722e+08,-1.20124e+09,0.0011056,0.000155036,-2.08511e-24
0,2.06352e+09,-8.0898e+06,3.18935e+08,-2.11711e+09,-1.07698e+09,-2.71085e+08,-1.21445e+09,0.00105775,0.000163485,-2.96657e-24
0,1.74013e+09,-2.8124e+07,3.07239e+08,7.83314e+09,6.24457e+08,9.38827e+07,-8.20164e+08,0.00106981,0.000188887,1.42084e-22
0,1.73726e+09,-7.6225e+06,3.03852e+08,6.42828e+09,1.9008e+09,-5.09602e+07,-9.54558e+08,0.00105344,0.00018425,7.0369e-23
0,1.79709e+09,4.71671e+07,3.11713e+08,-6.04199e+09,-1.16584e+09,-1.16655e+08,-8.29192e+08,0.00108544,0.000188274,-6.5906e-23
0,2.0525e+09,-3.19594e+07,3.37198e+08,-5.72983e+09,3.34378e+08,-2.80778e+08,-4.54463e+08,0.000918754,0.000150938,-6.8243e-24
0,2.03679e+09,5.97827e+07,3.04373e+08,1.15958e+10,-6.20164e+08,-2.11473e+08,-1.03563e+09,0.00103187,0.0001542,2.22874e-22
0,1.83459e+09,-2.39081e+07,3.15355e+08,1.25817e+09,7.72237e+08,-1.6018e+08,-5.73396e+08,0.000966089,0.000166065,8.95964e-26
0,2.0153e+09,-5.28409e+07,3.19144e+08,-9.47599e+09,3.25678e+08,-1.33273e+08,-1.00812e+09,0.000985906,0.000156129,-9.66079e-23
0,1.86813e+09,5.05369e+07,2.38159e+08,2.80196e+09,-9.24152e+08,-3.88944e+08,-9.40187e+08,0.00110521,0.000140898,8.97897e-24
0,1.84365e+09,-2.41148e+07,3.09384e+08,-1.56304e+08,1.59078e+09,3.97261e+08,-1.29523e+09,0.00100541,0.000168718,-1.27165e-26
0,1.93882e+09,-3.09796e+06,3.02252e+08,-1.58824e+09,3.74567e+07,1.24232e+08,-1.25172e+09,0.0010032,0.000156394,-2.68764e-25
0,2.13557e+09,-7.04891e+06,3.15887e+08,2.95914e+09,-1.52298e+09,-6.72138e+07,-8.03126e+08,0.0010518,0.000155579,6.67654e-24
0,2.12566e+09,-1.22668e+07,3.25386e+08,-5.09744e+09,-1.26407e+09,-3.47486e+08,-1.01344e+09,0.00105662,0.000161742,-1.70058e-23
0,1.92619e+09,-3.06881e+06,3.27933e+08,-5.74184e+09,-1.16258e+09,-9.73761e+06,-2.6004e+08,0.000986165,0.000167895,-1.01547e-23
0,2.01057e+09,-4.14806e+07,2.98961e+08,-7.65764e+09,-5.75492e+08,2.44923e+08,-1.16615e+09,0.00100038,0.000148751,-6.63174e-23
0,2.1276e+09,-2.03986e+07,3.38851e+08,-7.81803e+09,-1.29785e+08,-7.36599e+08,-4.79596e+08,0.000957735,0.000152533,-1.4873e-23
0,1.76554e+09,3.13311e+07,3.12774e+08,-5.08138e+09,-9.57474e+08,-5.03623e+08,-1.10372e+09,0.00105478,0.000186859,-3.61647e-23
0,1.93059e+09,-4.9506e+06,3.05126e+08,1.00004e+09,-3.93838e+08,2.11246e+08,-1.53312e+09,0.00107057,0.000169202,-1.90521e-25
0,2.11177e+09,-2.29769e+07,3.29279e+08,-8.28535e+09,-8.20276e+08,-5.51888e+08,-8.96787e+08,0.0010381,0.000161866,-4.81194e-23
0,1.92824e+09,-2.21195e+07,3.26634e+08,-8.2906e+09,4.47626e+08,8.15708e+06,-8.83394e+08,0.000955358,0.000161833,-5.96934e-23
0,2.0574e+09,-3.31833e+07,3.09549e+08,-1.91146e+09,-8.41133e+08,1.27276e+08,-1.30016e+09,0.00105366,0.00015853,-1.67178e-24
0,1.83594e+09,-5.42685e+07,3.03238e+08,4.41569e+09,-2.15755e+08,1.87553e+08,-6.49564e+08,0.00104315,0.000172294,1.24146e-23
0,2.18366e+09,-1.471e+07,3.19374e+08,-4.62002e+09,-1.59607e+09,-4.28963e+08,-7.75713e+08,0.00102005,0.000149188,-8.57573e-24
0,2.02073e+09,-2.9132e+07,3.1658e+08,-6.77198e+09,-8.56621e+08,-5.99901e+08,-9.94005e+08,0.00101132,0.000158439,-3.00391e-23
0,2.08334e+09,3.3458e+06,3.23978e+08,2.80642e+09,-1.76307e+08,3.2271e+08,-8.88756e+08,0.000968382,0.000150592,1.35583e-24
0,1.8023e+09,-3.08004e+06,3.0056e+08,4.06233e+09,2.37455e+09,5.77225e+08,-1.19329e+09,0.000945275,0.000157639,1.96505e-23
0,1.89563e+09,4.74711e+07,2.97456e+08,6.43847e+09,-3.25502e+08,-3.96439e+08,-1.38162e+09,0.00107699,0.000168997,8.6194e-23
0,2.10174e+09,4.71986e+07,3.16307e+08,9.98306e+09,-2.76703e+08,-1.36529e+08,-8.06428e+08,0.00097249,0.000146357,6.87001e-23
0,2.10912e+09,-2.64053e+07,3.37904e+08,-7.97006e+09,3.96394e+07,-7.7881e+08,-5.05905e+08,0.000931024,0.000149161,-1.70539e-23
0,1.78805e+09,3.21863e+07,3.20989e+08,-3.96235e+09,-7.45256e+08,-4.19269e+08,-1.07003e+09,0.00104617,0.000187808,-1.50177e-23
0,2.02576e+09,-3.79203e+07,3.25355e+08,-9.70167e+09,-2.531e+08,-5.13607e+08,-1.00861e+09,0.00100248,0.000161007,-1.02705e-22
0,2.13969e+09,1.32408e+07,3.3107e+08,6.98113e+09,-3.99628e+08,3.02714e+08,-6.11491e+08,0.000946894,0.000146511,1.28518e-23
0,2.31549e+09,1.15346e+07,3.25324e+08,2.68445e+09,-1.22782e+09,-9.81008e+07,-3.24137e+08,0.00093314,0.000131106,9.17312e-25
0,1.9718e+09,-2.22001e+07,3.20395e+08,-6.62238e+09,-6.05205e+08,-3.03009e+08,-9.07168e+08,0.000990701,0.000160978,-3.08953e-23
0,2.00426e+09,2.82148e+07,3.23974e+08,3.70004e+09,-5.13705e+07,5.50754e+08,-9.96013e+08,0.000994493,0.000160753,5.01694e-24
0,1.90052e+09,-2.41601e+07,3.26846e+08,-1.60632e+09,2.47507e+08,-1.33092e+06,-1.06839e+09,0.000997268,0.000171508,-4.35675e-25
0,1.83478e+09,-1.46978e+07,3.06387e+08,7.22291e+08,-1.36978e+09,-3.13671e+08,-1.12401e+09,0.00101054,0.000168748,-5.89361e-26
0,1.95137e+09,3.25409e+07,3.02374e+08,5.49495e+09,-1.06553e+09,-3.14578e+08,-1.27686e+09,0.00110543,0.000171291,5.99887e-23
0,1.91648e+09,-2.59734e+07,3.16861e+08,3.75048e+09,-8.51438e+08,6.12906e+08,-8.29798e+08,0.000984749,0.000162813,3.40417e-24
0,2.01918e+09,-3.0198e+07,3.1322e+08,-4.9292e+09,-2.15092e+08,1.66326e+08,-1.02528e+09,0.00101786,0.000157893,-1.56425e-23
0,2.03222e+09,6.44828e+07,3.08704e+08,-3.15995e+09,-3.61648e+09,-1.04102e+07,1.34409e+08,0.000934527,0.000141959,-2.28889e-23
0,2.05901e+09,3.11763e+07,2.91194e+08,4.22565e+09,-2.2084e+09,1.57509e+08,-1.26861e+09,0.00109443,0.000154779,4.22084e-23
0,2.12611e+09,-3.62465e+07,3.18485e+08,-5.90989e+09,-6.62351e+08,-3.15914e+08,-6.57089e+08,0.00102561,0.000153633,-1.23349e-23
0,2.04185e+09,1.64772e+07,2.99172e+08,2.37752e+09,-1.43959e+09,-2.52178e+08,-9.64511e+08,0.00100264,0.000146907,4.28145e-24
0,2.28794e+09,3.07851e+07,3.21567e+08,6.32203e+09,-1.10892e+09,-2.49937e+08,-4.22973e+08,0.000950085,0.000133533,7.98763e-24
0,2.0785e+09,-4.76763e+07,3.07688e+08,9.25046e+09,-2.231e+09,-4.05479e+07,7.35893e+07,0.000940393,0.00013921,1.20417e-23
0,2.10279e+09,-2.04098e+07,3.40558e+08,-7.75694e+09,-1.89602e+07,-5.14618e+08,-3.32036e+08,0.000908222,0.000147091,-9.05182e-24
0,2.12035e+09,-3.74846e+07,2.86169e+08,-3.43662e+09,-1.12183e+09,2.1434e+08,-4.58754e+08,0.000945446,0.0001276,-2.77945e-24
0,1.93763e+09,-3.95182e+07,3.09378e+08,-4.33928e+09,5.93546e+08,2.02093e+08,-1.12722e+09,0.000989298,0.000157959,-1.14639e-23
0,1.69537e+09,-6.09645e+07,2.68257e+08,6.30168e+09,9.77229e+08,9.96422e+08,-9.95184e+08,0.00107343,0.000169848,1.56282e-22
0,2.10441e+09,-1.76457e+07,3.39124e+08,6.23068e+09,-3.37643e+08,7.19739e+08,2.17974e+08,0.000963362,0.000155245,-6.88217e-24
0,2.31465e+09,1.13772e+07,3.26774e+08,2.61463e+09,-1.07377e+09,-9.00968e+07,-2.86026e+08,0.000926055,0.000130737,6.31752e-25
0,1.79508e+09,-2.13173e+06,2.95312e+08,-2.9385e+08,7.11092e+08,1.69807e+08,-1.70789e+09,0.00104089,0.000171238,1.42355e-25
0,2.14303e+09,-6.09253e+07,3.10672e+08,-8.95391e+09,-1.97376e+08,1.37548e+08,-6.93718e+08,0.000941558,0.000136497,-3.28604e-23
0,2.00975e+09,6.5771e+07,3.01876e+08,8.09472e+09,1.30845e+08,-2.57988e+08,-1.15152e+09,0.00102811,0.000154427,8.28059e-23
0,2.10841e+09,5.05239e+06,3.31408e+08,8.24071e+08,-1.63583e+08,2.95395e+08,-7.61556e+08,0.000988877,0.000155435,-1.28306e-26
0,1.82565e+09,-8.97898e+06,3.17032e+08,-8.04689e+08,2.47172e+08,-2.05542e+08,-1.46011e+09,0.00102506,0.000178007,4.00895e-25
0,1.93678e+09,-5.34636e+07,3.13768e+08,-3.26684e+09,1.23792e+09,2.49922e+08,-1.00509e+09,0.000972298,0.000157517,-3.24525e-24
0,1.94996e+09,-1.69156e+06,3.22618e+08,1.77358e+09,-1.15894e+08,3.4406e+08,-1.11585e+09,0.00101739,0.000168326,4.17213e-25
0,1.98506e+09,-5.55167e+07,3.21288e+08,-1.0165e+10,7.24838e+08,-4.36156e+08,-1.04649e+09,0.000968263,0.000156716,-1.32181e-22
0,1.75868e+09,-1.22646e+07,2.8311e+08,-1.46278e+10,-1.36841e+09,1.73138e+08,-1.83105e+08,0.000941727,0.000151598,-1.42564e-22
0,1.89834e+09,-8.82259e+06,2.54324e+08,-3.14808e+09,-9.61708e+08,6.65768e+08,-1.06847e+09,0.00110925,0.000148608,-1.21267e-23
0,1.93492e+09,-3.87477e+06,3.22983e+08,2.52653e+08,3.07242e+08,2.12828e+07,-1.13906e+09,0.00100553,0.000167846,-4.5586e-26
0,2.05999e+09,-3.35012e+07,2.94173e+08,-4.28789e+09,-2.15156e+09,-1.63081e+08,-1.25349e+09,0.00109177,0.000155908,-4.03671e-23
0,2.0423e+09,5.25832e+07,3.04569e+08,7.01036e+09,-7.38116e+08,-2.09958e+08,-1.13351e+09,0.00106212,0.000158394,6.35729e-23
0,1.8762e+09,1.56104e+07,3.01847e+08,5.60278e+09,2.70018e+09,4.34758e+08,-1.05742e+09,0.000929381,0.000149521,2.42976e-23
0,1.8182e+09,2.3643e+07,3.07244e+08,6.06209e+09,1.6794e+09,-4.64409e+07,-1.05104e+09,0.00102403,0.000173043,4.87766e-23
0,2.14662e+09,56896.4,3.17415e+08,3.22676e+09,6.09802e+08,-2.75683e+08,-5.19794e+08,0.000907702,0.00013422,6.85103e-25
0,1.89175e+09,-3.81285e+06,3.15849e+08,2.16644e+09,3.97388e+08,2.93349e+08,-1.31407e+09,0.00101286,0.000169108,1.85549e-24
0,2.07155e+09,2.3602e+07,3.04942e+08,6.16276e+08,-1.23255e+09,9.94693e+07,-1.12783e+09,0.00102869,0.000151428,8.08449e-25
0,2.09906e+09,3.52284e+06,3.37681e+08,-1.17723e+09,-3.49219e+08,1.768e+08,-5.46848e+08,0.000998699,0.000160663,-9.92585e-26
0,1.9713e+09,-6.58039e+07,2.99803e+08,-7.99043e+09,-6.1889e+08,2.35053e+07,-1.23408e+09,0.00106736,0.000162328,-1.17699e-22
0,1.85427e+09,2.49554e+07,3.14147e+08,9.91252e+09,7.10211e+08,-1.31791e+07,-9.50557e+08,0.000976784,0.000165485,1.49551e-22
0,1.78574e+09,-4.43396e+07,3.02992e+08,9.64446e+09,-5.44559e+08,-9.99136e+06,-6.48884e+08,0.00108853,0.000184694,1.98498e-22
0,2.06964e+09,3.93206e+06,3.16543e+08,2.52472e+09,-8.3636e+08,5.67104e+08,-1.02363e+09,0.00101008,0.000154487,1.17359e-24
0,1.97147e+09,-7.16517e+07,3.01916e+08,-9.26691e+09,3.86043e+07,2.72692e+08,-1.14773e+09,0.00103967,0.000159218,-1.45946e-22
0,1.93763e+09,-332526,2.80505e+08,7.67803e+09,1.05713e+09,3.52045e+08,-8.81942e+08,0.00117422,0.000169987,1.52953e-22
0,1.86535e+09,-3.08393e+07,3.07263e+08,9.10995e+09,4.28961e+06,7.87455e+07,-5.00377e+08,0.00111839,0.000184223,1.16884e-22
0,2.16732e+09,3.87357e+07,3.1945e+08,5.17548e+09,-5.13807e+08,-1.79997e+08,-4.58589e+08,0.00094442,0.000139202,4.5748e-24
0,1.92402e+09,4.52297e+07,2.96168e+08,-5.90271e+09,-1.33593e+09,-3.44172e+07,-6.53063e+08,0.00119239,0.000183546,-6.477e-23
0,2.01192e+09,-3.63882e+07,3.14708e+08,-4.86871e+09,-4.80132e+08,-3.77551e+08,-1.23127e+09,0.0010525,0.000164634,-1.91454e-23
0,2.31594e+09,1.38187e+07,3.23475e+08,3.00948e+09,-1.40596e+09,-1.19278e+08,-3.49516e+08,0.000941615,0.000131518,1.55422e-24
0,2.19781e+09,-1.50425e+07,3.32823e+08,-4.7008e+09,-8.29207e+08,-3.10323e+08,-6.0123e+08,0.00096619,0.000146314,-3.54426e-24
0,1.92176e+09,3.6303e+07,3.12253e+08,2.82022e+09,1.16277e+09,-3.59604e+08,-1.2207e+09,0.0010178,0.000165374,3.08936e-24
0,2.14608e+09,3.43989e+07,3.21079e+08,6.96228e+09,-3.67539e+08,-1.39954e+08,-7.89205e+08,0.00101318,0.000151584,2.55642e-23
0,1.96628e+09,-27465,2.9884e+08,-8.87511e+08,-1.25117e+09,-1.32876e+08,-1.34238e+09,0.00106852,0.000162397,-2.01492e-24
0,2.05253e+09,2.61544e+07,3.10634e+08,1.04875e+10,-9.46705e+08,3.68946e+08,-1.04684e+09,0.00102309,0.000154837,1.37712e-22
0,2.31114e+09,1.59964e+07,3.28704e+08,-3.02048e+09,7.45102e+08,1.35943e+08,1.94735e+08,0.000923806,0.000131389,4.51051e-25
0,1.94221e+09,-6.37197e+07,3.07417e+08,-9.38622e+09,3.62355e+08,3.73211e+08,-1.07484e+09,0.00101106,0.000160033,-1.2897e-22
0,1.8559e+09,2.95683e+07,3.02934e+08,-7.89325e+09,-1.64699e+09,-7.84964e+07,-9.3649e+08,0.0011006,0.000179647,-1.65037e-22
0,1.84761e+09,-6.53343e+07,2.97664e+08,-9.56618e+09,6.88301e+08,4.60378e+08,-1.22104e+09,0.000996817,0.000160594,-1.7848e-22
0,1.8996e+09,-3.96073e+07,2.95177e+08,-2.46209e+09,3.47098e+08,1.01006e+09,-1.20826e+09,0.00101643,0.000157942,-1.14165e-24
0,2.28291e+09,1.06259e+06,3.11589e+08,1.04333e+09,-1.13512e+09,2.00043e+07,-2.46015e+08,0.000932451,0.000127268,1.98286e-25
0,2.01328e+09,-4.27479e+07,3.18867e+08,-1.48355e+09,-7.78667e+08,-1.53586e+08,-1.02843e+09,0.00103541,0.00016399,-8.65623e-25
0,1.95837e+09,-2.31672e+07,3.24011e+08,-2.59672e+09,5.08913e+08,-2.15075e+08,-1.05827e+09,0.000959571,0.00015876,-2.1462e-24
0,1.72525e+09,1.64088e+07,2.98869e+08,6.0671e+09,1.43818e+08,3.28807e+08,-1.21194e+09,0.00102573,0.000177689,7.82816e-23
0,1.91387e+09,5.89215e+07,2.83343e+08,-6.48688e+09,-1.64508e+09,-6.91877e+07,-9.13389e+08,0.00111736,0.000165422,-9.16251e-23
0,2.23093e+09,-8.938e+06,3.15072e+08,4.43252e+09,-1.48308e+09,2.52437e+08,-2.70116e+08,0.00095187,0.000134432,2.1956e-24
0,1.95939e+09,5.67145e+07,2.91369e+08,-3.43856e+09,-1.48149e+09,2.51439e+08,-9.80255e+08,0.0011243,0.000167189,-2.11845e-23
0,1.82367e+09,-3.34751e+07,2.4939e+08,1.38595e+09,4.27075e+08,3.65275e+08,-8.14687e+08,0.00101155,0.000138331,5.57601e-25
0,1.80207e+09,-4.91788e+07,3.00471e+08,-7.64172e+09,1.31111e+09,5.52468e+08,-1.17712e+09,0.00098006,0.000163412,-7.75996e-23
0,1.82325e+09,-5.96166e+07,2.99134e+08,-1.80953e+09,9.28304e+08,1.23647e+09,-1.14059e+09,0.00100414,0.000164746,-7.78304e-26
0,1.90749e+09,-5.00906e+07,3.10902e+08,-8.12655e+09,7.59093e+08,2.88733e+08,-1.12956e+09,0.000980245,0.000159771,-8.03845e-23
0,2.31538e+09,1.73559e+07,3.24837e+08,4.00916e+09,-1.51471e+09,-1.30575e+08,-4.45549e+08,0.000959924,0.000134673,3.6781e-24
0,2.16033e+09,-4.73741e+07,3.09755e+08,-1.79252e+09,5.86546e+08,2.3257e+08,-6.04496e+07,0.000871939,0.000125021,4.98055e-26
0,1.97422e+09,-2.82299e+06,3.18369e+08,5.22533e+09,1.38503e+09,6.1234e+08,-9.03141e+08,0.000937223,0.000151139,1.97515e-23
0,2.2752e+09,2.69805e+07,3.29066e+08,-5.74684e+09,1.0647e+08,1.51069e+08,1.93018e+08,0.000905875,0.000131019,1.52392e-24
0,2.01311e+09,-4.51318e+07,3.19023e+08,-6.44994e+09,-2.08158e+06,-1.02119e+08,-8.50265e+08,0.00101667,0.000161115,-2.94341e-23
0,1.73897e+09,9.869e+06,3.00404e+08,8.53131e+09,3.29174e+08,2.04005e+08,-1.15031e+09,0.00106783,0.000184465,2.5069e-22
0,2.0539e+09,-1.25202e+06,3.02303e+08,8.8506e+08,-7.31888e+08,-5.01476e+08,-1.20501e+09,0.00103704,0.000152637,-3.64232e-25
0,1.80784e+09,8.8829e+07,2.83991e+08,1.14178e+10,1.94906e+09,-6.85684e+08,-1.26288e+09,0.000979661,0.000153893,2.56557e-22
0,1.99378e+09,-5.50961e+07,2.99514e+08,-8.75977e+09,-2.5337e+07,2.06737e+08,-1.16777e+09,0.000990289,0.000148765,-9.32082e-23
0,1.87901e+09,2.08648e+07,3.00821e+08,2.72686e+09,1.44579e+09,3.03722e+08,-1.31617e+09,0.000999077,0.000159948,6.37517e-24
0,2.0734e+09,4.82452e+06,3.26843e+08,5.9539e+09,5.00302e+08,5.78668e+08,-7.43339e+08,0.000961488,0.000151565,1.61735e-23
0,1.60923e+09,4.47209e+07,2.84287e+08,-4.57797e+09,-1.74042e+09,-2.57067e+08,-1.07344e+09,0.00103333,0.000182549,-7.35784e-23
0,1.81706e+09,-3.66441e+07,3.08056e+08,-4.89205e+09,2.38348e+09,1.3915e+08,-1.13107e+09,0.000946577,0.000160479,-1.01184e-23
0,2.01196e+09,-6.0019e+07,3.16984e+08,-6.66599e+09,7.60341e+08,-1.29512e+07,-8.83097e+08,0.000989851,0.000155951,-3.02827e-23
0,2.15552e+09,-1.75112e+07,3.12319e+08,-5.10247e+09,-1.66414e+09,-1.40591e+08,-9.03312e+08,0.00100786,0.000146031,-1.6682e-23
0,2.07109e+09,1.14337e+07,3.10668e+08,5.10309e+08,-1.70922e+09,4.76946e+08,-1.17211e+09,0.00107522,0.000161285,4.0624e-24
0,1.96767e+09,8.22744e+07,2.90831e+08,1.37756e+10,-1.76242e+08,-4.4296e+08,-1.13845e+09,0.00104435,0.00015436,5.03654e-22
0,2.01714e+09,5.57473e+07,3.22772e+08,1.23035e+10,1.7611e+08,6.86453e+08,-9.72067e+08,0.000968136,0.000154916,1.87811e-22
0,2.0508e+09,-1.07243e+07,3.34154e+08,-4.99639e+09,6.81878e+08,-1.31626e+08,-5.64115e+08,0.000897335,0.00014621,-4.94978e-24
0,2.06425e+09,2.30467e+07,3.28577e+08,4.38315e+09,-3.79516e+08,-6.81178e+07,-6.5777e+08,0.000945229,0.000150457,4.60517e-24
0,1.95364e+09,-3.11666e+07,3.06102e+08,-3.90883e+09,-1.02827e+09,-8.20693e+07,-1.14619e+09,0.00105968,0.000166034,-1.54665e-23
0,1.78031e+09,2.99634e+07,2.88113e+08,8.35786e+09,9.2455e+08,-2.46938e+08,-1.40399e+09,0.00113045,0.000182943,3.16451e-22
0,1.87397e+09,-3.40026e+07,3.14985e+08,-3.94159e+09,-1.56467e+08,-1.14788e+08,-1.22842e+09,0.00102062,0.00017155,-1.29044e-23
0,1.89828e+09,-2.15665e+07,3.11583e+08,4.91508e+09,9.70119e+08,9.43566e+08,-1.14548e+09,0.00101377,0.0001664,3.69689e-23
0,2.06941e+09,-5.71956e+07,3.24468e+08,-8.48353e+09,6.09652e+08,-4.54518e+08,-7.46451e+08,0.000982445,0.00015404,-4.99465e-23
0,2.05466e+09,1.82122e+07,3.30458e+08,2.91412e+09,2.22786e+08,-1.70898e+08,-7.36631e+08,0.000975818,0.000156944,1.57634e-24
0,2.0832e+09,3.82825e+07,3.26537e+08,1.19607e+10,-7.57112e+08,7.71447e+08,-9.08106e+08,0.00101448,0.000159017,1.39625e-22
0,2.11871e+09,6.07438e+07,3.17464e+08,7.44535e+09,9.73032e+08,-3.84027e+08,-5.11377e+08,0.000904289,0.000135497,8.49114e-24
0,1.71353e+09,7.94273e+06,2.89096e+08,-5.62397e+09,-3.64946e+08,-1.49508e+08,-1.41905e+09,0.00104443,0.00017621,-7.8948e-23
0,1.79716e+09,-3.08824e+07,2.93015e+08,-4.16139e+09,9.22155e+08,4.35326e+08,-6.4536e+08,0.000927096,0.000151156,-4.04269e-24
0,1.96627e+09,-2.57215e+07,3.05355e+08,-4.50761e+09,-7.93323e+08,2.99202e+08,-1.16814e+09,0.00104413,0.000162149,-2.07341e-23
0,2.11172e+09,1.95597e+07,3.37134e+08,3.38626e+09,-1.98686e+08,4.66237e+08,-5.96921e+08,0.000988875,0.000157873,1.56387e-24
0,2.08823e+09,3.31333e+07,3.19605e+08,6.61019e+09,-2.99066e+08,-7.01496e+07,-9.13734e+08,0.000958352,0.000146677,2.14455e-23
0,2.0576e+09,-4.66154e+07,3.26873e+08,-6.87562e+09,6.72405e+08,-3.48625e+08,-6.39829e+08,0.000951259,0.000151118,-2.05281e-23
0,1.80845e+09,-2.49258e+06,2.92731e+08,-1.36916e+09,8.20748e+07,-3.35976e+08,-1.22936e+09,0.0010556,0.000170868,-3.0452e-26
0,1.90697e+09,4.03515e+07,2.95343e+08,1.29313e+10,1.35294e+09,-2.89527e+07,-4.34381e+08,0.00102221,0.000158315,1.56764e-22
0,2.13302e+09,-2.30177e+07,3.12851e+08,-6.88711e+09,-1.36759e+09,-4.76944e+08,-9.31691e+08,0.0010117,0.000148387,-2.58932e-23
0,1.79632e+09,6.79135e+07,2.8862e+08,-1.88057e+09,4.78574e+08,-8.0367e+08,-1.14213e+09,0.00107356,0.000172492,-2.53615e-24
0,2.14856e+09,1.57954e+07,3.28776e+08,1.69101e+09,-5.3038e+08,-2.27131e+08,-7.3748e+08,0.000993399,0.000152012,3.77166e-25
0,2.03522e+09,2.7641e+07,3.35182e+08,2.22395e+09,3.54654e+08,3.75378e+08,-6.24545e+08,0.000992099,0.00016339,9.54534e-25
0,2.18694e+09,5.09769e+07,3.17057e+08,7.5747e+09,-1.18255e+08,-2.68808e+08,-5.28617e+08,0.000934428,0.000135471,1.32736e-23
0,1.84038e+09,-2.18967e+07,3.06357e+08,2.45627e+09,2.09995e+09,3.60362e+08,-1.15989e+09,0.000943616,0.000157078,2.88311e-24
0,2.22229e+09,-4.0337e+06,3.40813e+08,3.5212e+09,-5.99291e+07,5.55207e+08,-6.33701e+07,0.000887574,0.000136119,3.59544e-26
0,2.23862e+09,-1.73118e+07,3.07022e+08,-3.36993e+09,-4.36612e+08,2.74301e+08,-2.53343e+08,0.000918511,0.000125972,-6.4094e-25
0,1.92313e+09,-6.1318e+06,3.26991e+08,-3.18028e+09,-4.22772e+08,-2.85957e+08,-4.08025e+08,0.000977715,0.000166241,-1.30969e-24
0,1.93669e+09,-3.12431e+07,2.91868e+08,-1.63134e+09,2.0031e+08,1.08585e+08,-1.22949e+09,0.00106039,0.000159806,-4.66703e-25
0,1.90845e+09,3.64966e+06,3.04524e+08,3.55366e+09,-8.29076e+07,-1.48104e+08,-1.42707e+09,0.00104465,0.000166692,1.0584e-23
0,1.90331e+09,-2.92136e+07,2.96246e+08,1.00762e+07,6.72349e+08,5.98803e+08,-1.40499e+09,0.00103737,0.000161465,-1.6045e-25
0,1.73797e+09,1.3771e+07,2.88447e+08,-8.62343e+09,-1.43951e+09,3.26487e+07,-1.03766e+09,0.00109488,0.000181715,-3.06561e-22
0,1.9315e+09,-3.58352e+07,3.07854e+08,-5.88585e+09,-2.32872e+08,4.03733e+08,-1.10914e+09,0.00103593,0.000165112,-3.98099e-23
0,1.84487e+09,6.27216e+07,2.90817e+08,-1.28398e+09,-8.12123e+08,-6.21726e+08,-1.03623e+09,0.00109061,0.00017192,-6.94776e-25
0,2.11456e+09,-3.44219e+07,3.326e+08,-7.10096e+09,1.61106e+08,-4.04604e+08,-5.98046e+08,0.000932918,0.000146739,-1.48234e-23
0,2.26576e+09,-1.04024e+07,3.21652e+08,-3.95597e+08,-2.58088e+08,1.89725e+08,-2.43142e+08,0.000904102,0.000128348,-1.79806e-28
0,2.10518e+09,1.38641e+07,2.84448e+08,9.57163e+08,-2.82188e+09,6.50997e+07,-1.17776e+09,0.00110838,0.000149763,1.25648e-23
0,2.3233e+09,1.15313e+07,3.27732e+08,2.66491e+09,-1.27778e+09,-9.36937e+07,-3.12358e+08,0.000931786,0.000131441,9.32728e-25
0,2.16431e+09,4.24953e+06,3.31758e+08,-7.74874e+08,-6.75575e+08,-3.62527e+08,-6.49377e+08,0.000993705,0.000152321,-1.09016e-25
0,1.8678e+09,-4.23313e+07,3.067e+08,-5.86881e+09,3.58174e+08,3.70645e+08,-1.39506e+09,0.00103794,0.000170433,-5.38035e-23
0,1.86637e+09,-7.66383e+07,3.12428e+08,-1.54794e+09,-2.61685e+08,-3.39454e+08,-8.24917e+08,0.000987286,0.00016527,-2.26645e-25
0,2.01871e+09,1.21207e+06,2.92946e+08,8.68545e+08,-8.76263e+08,4.48119e+08,-1.00042e+09,0.00100387,0.000145676,5.3025e-25
0,2.21114e+09,-6.58541e+06,2.87353e+08,5.45781e+08,-9.44269e+08,1.9048e+08,-2.81943e+08,0.000961902,0.000125006,1.16069e-25
0,2.0013e+09,1.70572e+07,2.73272e+08,2.05994e+09,-1.60418e+09,-5.7413e+08,-1.04111e+09,0.00111371,0.000152074,5.41794e-24
0,1.98809e+09,-4.60172e+07,2.97047e+08,-3.51024e+09,4.07896e+08,1.48267e+08,-1.05101e+09,0.00105557,0.000157717,-6.84176e-24
0,2.10429e+09,2.12398e+07,3.31327e+08,1.23051e+09,-3.26665e+08,2.72422e+08,-8.05551e+08,0.000988508,0.000155644,6.83248e-26
0,1.79986e+09,-5.29275e+07,3.06559e+08,-3.97773e+09,1.26276e+09,5.45196e+08,-1.19299e+09,0.000993307,0.000169184,-9.5921e-24
0,1.90726e+09,4.97649e+07,2.97796e+08,7.91772e+09,6.1901e+08,-8.28253e+08,-1.10284e+09,0.000992527,0.000154972,6.86063e-23
0,2.04322e+09,-1.4756e+07,3.36075e+08,-5.6657e+09,3.64778e+08,7.80294e+07,-4.86728e+08,0.000909506,0.000149598,-5.99116e-24
0,1.96193e+09,-2.40521e+07,3.07613e+08,6.51364e+09,-1.6239e+09,-3.67244e+08,-8.00116e+08,0.000974921,0.000152859,4.48235e-23
0,1.98966e+09,2.46004e+07,3.07583e+08,1.2175e+09,-7.37016e+08,2.51855e+08,-1.40587e+09,0.00107468,0.000166136,7.17645e-25
0,2.02212e+09,3.94448e+07,3.17439e+08,5.12538e+09,-4.50896e+08,5.15068e+08,-1.12938e+09,0.000998841,0.000156801,1.45631e-23
0,2.20396e+09,-8.68848e+06,3.40754e+08,3.34946e+09,2.1235e+08,5.73482e+08,-6.88733e+07,0.000904501,0.000139844,3.68593e-25
0,1.84554e+09,-2.32072e+07,2.98257e+08,5.66687e+07,1.12207e+09,4.57407e+07,-1.49172e+09,0.0010183,0.000164566,-1.00023e-26
0,1.87283e+09,-5.68515e+07,3.06938e+08,-1.67566e+09,1.53442e+09,6.91329e+08,-1.14207e+09,0.000988579,0.000162018,4.84376e-26
0,1.87691e+09,2.85896e+07,3.11845e+08,2.00024e+09,4.44407e+08,-5.39558e+08,-1.20626e+09,0.000998392,0.000165881,7.45398e-25
0,2.05869e+09,-3.86767e+07,3.10077e+08,-6.63959e+09,-2.89465e+08,-3.08469e+08,-8.74881e+08,0.00103226,0.000155479,-3.03187e-23
0,1.89132e+09,-3.74408e+07,3.07426e+08,-5.13354e+09,-5.22819e+08,-8.43447e+07,-1.05049e+09,0.00102768,0.000167044,-2.62709e-23
0,1.9593e+09,4.95522e+06,3.0723e+08,-7.41837e+08,-6.55138e+08,2.51672e+07,-1.35869e+09,0.00105776,0.000165863,-4.25531e-26
0,1.84284e+09,2.67658e+07,3e+08,-2.28982e+09,-2.08923e+09,-4.24252e+08,-9.18857e+08,0.00107359,0.000174772,-2.19479e-23
0,1.98274e+09,-3.16537e+06,3.26586e+08,-2.34281e+09,3.78662e+07,-1.02037e+08,-8.18689e+08,0.000945947,0.000155811,-9.14609e-25
0,1.94636e+09,-928607,2.93942e+08,9.80872e+08,-5.72902e+08,1.70165e+08,-1.55285e+09,0.00106643,0.000161054,8.84345e-26
0,1.99505e+09,-1.77942e+07,3.06992e+08,-2.0688e+09,-8.14581e+08,2.63519e+08,-1.29147e+09,0.00103727,0.000159611,-2.01611e-24
0,2.13634e+09,-3.66009e+07,3.16651e+08,-1.83223e+09,1.24988e+09,2.25902e+08,-3.26143e+08,0.000904005,0.000133993,2.14848e-25
0,1.97754e+09,-4.95538e+07,3.17189e+08,-1.57141e+09,1.11417e+09,4.88793e+08,-8.79192e+08,0.00099565,0.000159699,-6.88893e-26
0,1.91105e+09,-5.97911e+07,3.05683e+08,2.44825e+09,-9.97624e+07,-2.79047e+07,-6.10404e+08,0.00102574,0.000164072,1.51306e-24
0,2.04758e+09,-3.80743e+07,3.15537e+08,-8.01421e+09,-5.17741e+08,-5.82466e+08,-8.94885e+08,0.00100146,0.000154327,-4.36784e-23
0,2.00254e+09,-4.17809e+07,3.19782e+08,-6.31806e+09,-3.19245e+08,-2.96244e+08,-9.82085e+08,0.00102407,0.000163531,-3.22303e-23
0,1.85698e+09,-5.47922e+07,2.81498e+08,-7.06503e+09,-3.06017e+08,4.30326e+08,-1.44931e+09,0.00107416,0.000162831,-1.30449e-22
0,1.93496e+09,-2.95083e+07,3.17686e+08,-2.07584e+08,7.30072e+08,2.01187e+08,-1.17764e+09,0.000996232,0.000163564,3.09776e-27
0,2.26779e+09,-1.6259e+07,3.19091e+08,-2.76515e+08,-1.03425e+09,1.59331e+08,-3.44919e+08,0.000938496,0.000132052,1.17436e-27
0,1.96943e+09,7.96695e+06,3.00045e+08,-1.26888e+10,-2.0966e+09,-4.54664e+08,-1.32449e+08,0.000946425,0.000144189,-4.68737e-24
0,1.84197e+09,3.87411e+06,2.91192e+08,-2.08114e+09,-1.04484e+08,-5.56958e+08,-1.24522e+09,0.00105261,0.000166404,-8.66958e-25
0,2.05907e+09,3.95997e+07,3.14782e+08,8.70083e+09,-2.98945e+08,-5.30558e+07,-8.6474e+08,0.000962486,0.000147141,5.087e-23
0,2.00111e+09,-1.01069e+07,3.00311e+08,9.94358e+09,1.34333e+09,-1.57119e+07,-6.6858e+08,0.00105528,0.000158367,1.03738e-22
0,1.98273e+09,-3.47979e+07,3.00631e+08,1.29478e+09,1.82563e+08,9.63321e+08,-1.07263e+09,0.00102063,0.000154752,-3.84319e-25
0,2.23637e+09,-7.22461e+06,3.02075e+08,9.0093e+09,-1.79623e+09,-5.51282e+08,-3.15701e+08,0.000997469,0.000134732,3.94905e-23
0,2.20626e+09,1.509e+06,3.44025e+08,2.03027e+09,-1.23414e+08,2.89345e+08,-2.00266e+08,0.000922556,0.000143856,5.15914e-26
0,2.03156e+09,-3.09523e+07,3.21211e+08,-8.42082e+09,-8.47035e+08,-5.04606e+08,-7.36544e+08,0.000983647,0.000155525,-3.79107e-23
0,1.79995e+09,2.0996e+07,2.85025e+08,7.3401e+09,2.35485e+09,2.45574e+08,-1.20143e+09,0.000947313,0.000150009,8.29061e-23
0,1.87744e+09,-2.16903e+07,2.64059e+08,4.18348e+08,1.26021e+08,2.2441e+08,-1.2716e+09,0.00108507,0.000152613,-2.39578e-25
0,2.11365e+09,-1.15549e+07,3.09562e+08,-5.45308e+09,-2.03749e+09,9.45757e+07,-5.52563e+08,0.00099788,0.000146148,-2.16811e-23
0,2.31126e+09,1.97792e+07,3.11213e+08,3.22994e+08,-1.13802e+09,6.83048e+07,-2.41885e+08,0.000970681,0.000130703,8.70858e-26
0,1.68482e+09,-5.01444e+07,2.78333e+08,2.00075e+09,-6.09666e+08,8.56086e+07,-1.41429e+09,0.00105466,0.000174231,3.7005e-24
0,1.97448e+09,-7.03098e+06,3.2698e+08,-2.14255e+09,4.11493e+08,-2.29227e+08,-9.34511e+08,0.000961719,0.000159263,-1.02393e-24
0,2.08456e+09,2.57076e+07,2.98393e+08,4.79242e+09,-2.41433e+09,1.21729e+08,-1.11284e+09,0.00109223,0.000156347,5.26763e-23
0,1.97496e+09,-3.85522e+07,2.4018e+08,5.24705e+09,-1.8813e+09,9.18812e+06,3.67794e+08,0.00105637,0.000128468,-8.40584e-25
0,1.88881e+09,1.85321e+07,2.62745e+08,-1.20707e+09,-6.063e+08,3.47891e+08,-1.21152e+09,0.00109912,0.000152894,-2.19277e-26
0,2.06855e+09,-2.89394e+07,3.11048e+08,-6.12531e+09,-1.40117e+09,1.21295e+08,-5.8047e+08,0.000972147,0.000146182,-1.86225e-23
0,2.07903e+09,-4.3777e+07,3.2317e+08,-7.73439e+09,-3.97694e+08,-2.97614e+08,-1.00649e+09,0.00100868,0.000156792,-4.71116e-23
0,1.9257e+09,-2.02931e+07,3.1895e+08,2.6397e+09,-2.1408e+08,1.31053e+08,-3.71919e+08,0.00103234,0.000170985,1.10204e-24
0,1.85521e+09,2.36275e+06,2.80571e+08,-2.93118e+08,5.04378e+08,-1.93301e+08,-1.26269e+09,0.00102808,0.000155481,1.06565e-25
0,1.92779e+09,-806741,3.1574e+08,-1.51864e+09,-3.96439e+08,-8.47166e+07,-1.32257e+09,0.00102142,0.000167292,-3.7564e-25
0,1.88577e+09,5.4199e+07,2.97151e+08,6.34002e+09,2.57722e+08,-5.55168e+08,-1.27557e+09,0.00105223,0.000165805,6.32505e-23
0,1.99601e+09,-1.93138e+07,3.09911e+08,-3.03986e+09,-8.53547e+08,-1.12279e+08,-1.27071e+09,0.00105375,0.000163611,-6.55688e-24
0,2.03909e+09,-3.76888e+06,3.31926e+08,-2.51695e+09,-1.71366e+08,4.52283e+06,-8.11978e+08,0.000978934,0.000159352,-1.20546e-24
0,2.04831e+09,-5.70115e+07,3.2102e+08,-8.77334e+09,5.69238e+08,-9.53587e+07,-8.6178e+08,0.000961793,0.000150737,-5.41475e-23
0,1.72063e+09,-6.49632e+06,2.74591e+08,-1.06516e+10,4.46838e+08,-4.2078e+08,-1.22398e+09,0.00105425,0.000168246,-5.27539e-22
0,1.77185e+09,1.31841e+07,2.64823e+08,-6.67154e+08,3.38276e+08,2.07586e+08,-1.39497e+09,0.00107393,0.000160511,3.3817e-25
0,1.96125e+09,-2.60331e+07,3.16057e+08,-9.8109e+08,-5.60013e+08,-5.27265e+07,-1.18426e+09,0.00107895,0.000173874,-2.19982e-25
0,1.84946e+09,-8.51511e+06,3.16062e+08,5.4353e+09,1.65636e+09,8.55715e+08,-9.86683e+08,0.000926578,0.000158347,3.80418e-23
0,2.01406e+09,-2.3144e+07,3.19289e+08,2.22914e+09,1.46475e+09,-1.0417e+08,-2.17311e+08,0.001029,0.000163128,-1.37551e-24
0,2.04183e+09,-1.56438e+07,3.271e+08,-3.01998e+09,-1.46274e+08,-2.75664e+08,-9.63932e+08,0.000990881,0.000158739,-2.38819e-24
0,2.27101e+09,220536,3.2028e+08,-5.47252e+07,-2.0769e+09,6.05456e+07,-6.963e+08,0.00103138,0.000145456,1.11749e-25
0,2.03866e+09,6.50405e+07,3.15777e+08,9.01962e+09,-7.06972e+08,-9.27038e+06,-6.40018e+08,0.000945357,0.00014643,4.1498e-23
0,1.94634e+09,-2.1091e+07,3.06613e+08,2.13455e+09,1.14034e+08,2.66769e+08,-1.42227e+09,0.00104075,0.000163953,1.30645e-24
0,1.93862e+09,4.43583e+07,2.99671e+08,5.99127e+09,-4.09237e+08,-5.07695e+08,-1.19518e+09,0.00108201,0.000167258,5.70095e-23
0,1.95619e+09,-2.36562e+07,3.15531e+08,2.04701e+09,4.13631e+08,-2.06586e+08,-4.9511e+08,0.00105685,0.000170469,5.96737e-25
0,2.00573e+09,-2.85128e+07,3.13085e+08,-3.47646e+09,-3.82307e+08,2.77095e+08,-1.1234e+09,0.00101728,0.000158793,-6.18245e-24
0,2.23613e+09,516754,3.20008e+08,7.11817e+09,-7.31905e+08,-8.90387e+07,-2.21154e+08,0.000949223,0.000135841,5.36129e-24
0,2.30027e+09,2.35244e+07,3.24383e+08,3.75175e+09,-8.53701e+08,-2.81985e+08,-2.8305e+08,0.000923276,0.0001302,1.224e-24
0,1.8293e+09,-5.52142e+07,3.06434e+08,-4.06289e+09,1.09473e+09,3.03976e+08,-1.22629e+09,0.000988995,0.00016567,-1.23052e-23
0,1.99605e+09,-3.85869e+06,3.15871e+08,8.11994e+09,1.07885e+09,8.34397e+08,-9.12321e+08,0.000961557,0.000152165,7.13605e-23
0,1.98419e+09,-4.22078e+07,3.13829e+08,-3.5466e+09,-3.70712e+08,-2.71631e+08,-1.16932e+09,0.00106213,0.000167991,-7.71978e-24
0,1.94374e+09,-2.50749e+07,3.18804e+08,5.95262e+08,9.76789e+08,-4.20716e+08,-4.02654e+08,0.00104197,0.0001709,-1.34368e-26
0,2.14192e+09,2.60385e+07,3.32256e+08,8.54926e+09,-5.213e+08,4.6468e+08,-6.96772e+08,0.000964245,0.000149575,2.79419e-23
0,1.92067e+09,-4.98185e+07,2.9689e+08,2.4059e+09,-6.21851e+07,-2.4809e+08,-1.03654e+09,0.0011293,0.000174563,3.23718e-24
0,2.20423e+09,2.00198e+07,3.3183e+08,-5.41348e+09,-4.26638e+06,-6.16897e+07,8.73662e+07,0.000887556,0.000133615,5.87474e-25
0,2.11955e+09,2.37216e+07,2.99336e+08,4.29887e+09,-2.2239e+09,1.90166e+08,-1.12506e+09,0.00106295,0.000150116,3.01604e-23
0,2.08942e+09,6.07886e+06,3.25504e+08,8.07087e+09,2.04109e+08,7.62403e+08,-7.42116e+08,0.000987556,0.000153848,3.89334e-23
0,2.11223e+09,1.73168e+07,3.21062e+08,1.39407e+09,-4.2233e+08,-4.75456e+08,-7.95583e+08,0.000985805,0.000149844,1.14314e-25
0,2.13749e+09,-2.80438e+06,3.44044e+08,7.02263e+08,-1.39166e+07,1.42792e+08,-2.08977e+08,0.000930529,0.000149775,3.24618e-27
0,1.81443e+09,-4.56899e+06,3.18848e+08,4.55544e+08,8.85213e+08,-1.61117e+08,-1.01672e+09,0.000941722,0.000165488,2.54634e-27
0,2.03245e+09,-3.47245e+07,3.22561e+08,-5.42237e+09,-5.0655e+08,-5.21887e+08,-9.15533e+08,0.00104843,0.000166392,-1.69913e-23
0,1.79848e+09,-3.36016e+07,2.81804e+08,-4.56419e+09,6.12346e+08,-3.54448e+08,-1.00247e+09,0.000998771,0.000156497,-2.27355e-23
0,1.94193e+09,-3.8098e+06,3.23027e+08,-5.89609e+09,1.35729e+09,-1.55581e+08,-9.10126e+08,0.000924077,0.000153714,-2.00029e-23
0,1.88254e+09,-3.52138e+07,3.09256e+08,-3.39979e+09,8.14478e+08,-3.55539e+07,-1.27827e+09,0.00100667,0.000165371,-8.58643e-24
0,1.91828e+09,2.14338e+06,2.36184e+08,-1.33532e+09,-1.32234e+09,3.0565e+08,-9.25242e+08,0.00114873,0.000141434,-2.67006e-24
0,2.07623e+09,-3.78587e+07,3.15827e+08,-3.09379e+09,-4.09294e+08,-1.00603e+08,-1.14848e+09,0.00103978,0.000158167,-3.83837e-24
0,1.81739e+09,3.35992e+07,2.86934e+08,6.19279e+09,1.9688e+09,-3.21658e+07,-1.20549e+09,0.000957698,0.000151204,4.23613e-23
0,1.71771e+09,-6.40925e+07,2.70915e+08,3.13466e+09,-6.89203e+08,9.98418e+08,-1.06152e+09,0.0010562,0.000166582,-1.84912e-24
0,1.91188e+09,-5.71078e+07,3.18499e+08,-1.33906e+09,1.3004e+09,4.7382e+08,-7.79064e+08,0.000977985,0.000162922,1.0897e-25
0,2.1185e+09,2.76331e+07,3.05895e+08,-9.34548e+09,-2.70495e+09,7.89611e+07,-4.86736e+08,0.00106393,0.000153623,-1.16844e-22
0,2.09768e+09,-3.31925e+07,2.9382e+08,-4.02744e+09,-1.9887e+09,-1.22649e+08,-1.11266e+09,0.00106666,0.000149406,-2.41901e-23
0,2.0687e+09,-2.26195e+07,3.33649e+08,-5.12104e+09,-7.89923e+07,-2.84516e+08,-6.90809e+08,0.000965134,0.000155661,-7.8101e-24
0,1.93053e+09,-1.80335e+07,3.18651e+08,-1.88335e+09,3.68064e+08,-7.49101e+07,-1.21408e+09,0.000997653,0.000164672,-8.40321e-25
0,2.27237e+09,4.12602e+06,3.22518e+08,1.34004e+09,-1.93506e+09,7.07856e+07,-6.74486e+08,0.00102225,0.000145089,2.41367e-24
0,1.97743e+09,-6.92012e+07,2.95633e+08,-7.83202e+09,1.10374e+08,-2.53134e+07,-1.01572e+09,0.00100245,0.00014987,-6.43565e-23
0,1.96851e+09,3.10167e+07,3.13902e+08,-5.32173e+09,-1.08453e+09,-1.22735e+08,-8.52116e+08,0.00100847,0.000160813,-2.03498e-23
0,1.86725e+09,1.31296e+07,3.22481e+08,-2.59912e+09,1.80587e+09,-3.83118e+08,-9.07399e+08,0.000909514,0.000157077,-2.42311e-24
0,2.00064e+09,-3.78495e+07,3.20939e+08,-2.83493e+09,9.79827e+08,2.69633e+08,-9.28977e+08,0.000976156,0.000156593,-1.70267e-24
0,2.07283e+09,-4.99954e+07,3.19808e+08,-1.17924e+10,-1.10087e+08,-9.94149e+07,-7.31386e+08,0.000958285,0.00014785,-1.00543e-22
0,1.91748e+09,6.52032e+07,3.13642e+08,-8.9417e+09,-1.39277e+09,-7.44949e+08,1.37143e+08,0.000906097,0.00014821,3.22187e-23
0,1.81886e+09,4.45782e+07,2.77644e+08,7.8433e+09,1.39582e+09,-3.32432e+08,-1.19887e+09,0.000985484,0.000150432,9.25898e-23
0,2.33031e+09,5.69976e+06,3.34863e+08,1.33308e+09,-8.86254e+08,-4.42099e+07,-2.33609e+08,0.000911723,0.000131014,1.16324e-25
0,2.06088e+09,2.667e+07,3.28411e+08,4.93528e+09,-2.9232e+08,5.00564e+08,-8.97239e+08,0.00102233,0.000162912,1.07862e-23
0,1.93745e+09,-3.32977e+07,2.9542e+08,-3.89669e+09,3.02783e+08,-2.13242e+08,-9.39954e+08,0.00100821,0.000153731,-8.52432e-24
0,1.86162e+09,-8.78156e+06,2.95917e+08,-5.06339e+09,1.55289e+09,-3.46356e+08,-1.25801e+09,0.000992406,0.000157749,-3.5487e-23
0,2.04672e+09,-3.44497e+07,3.29674e+08,-1.2984e+09,5.11897e+08,2.1717e+08,-4.48585e+08,0.000985546,0.000158746,-5.30672e-26
0,1.87539e+09,-1.2973e+07,3.12426e+08,-1.51767e+09,1.53654e+09,1.39745e+08,-1.17102e+09,0.000984791,0.000164059,-3.19133e-25
0,2.10173e+09,-3.91797e+07,3.19231e+08,-9.01293e+09,-4.22976e+08,-1.60926e+08,-9.99442e+08,0.00100555,0.000152733,-7.13426e-23
0,2.04091e+09,7.11583e+06,3.25183e+08,5.66002e+09,6.23889e+08,6.21578e+08,-7.87558e+08,0.000931623,0.000148437,1.44934e-23
0,1.93619e+09,-3.85424e+07,2.98835e+08,-3.34894e+09,-3.64331e+08,3.06265e+08,-1.34208e+09,0.00105945,0.000163517,-8.90056e-24
0,2.25392e+09,-1.28817e+07,3.29689e+08,-3.92421e+09,-1.40592e+09,-7.30875e+07,-7.32881e+08,0.00100673,0.000147258,-5.54988e-24
0,2.04924e+09,-5.46562e+06,2.81448e+08,-1.94046e+09,-1.77104e+09,-1.94341e+08,4.18768e+08,0.000973533,0.000133708,-8.01011e-25
0,2.23489e+09,-2.23693e+07,3.25235e+08,-8.27137e+09,-1.3682e+09,-1.95667e+08,-5.86861e+08,0.00101299,0.000147417,-2.63998e-23
0,2.08615e+09,-4.79058e+06,2.72094e+08,-3.35044e+09,1.71351e+08,-3.56693e+07,-5.4028e+08,0.000960912,0.000125331,-1.66854e-24
0,2.16708e+09,-3.5051e+07,3.33005e+08,-2.46965e+09,9.45656e+08,4.36975e+07,-3.36745e+08,0.000878113,0.000134936,-1.02414e-25
0,1.95049e+09,-8.3854e+07,3.03209e+08,-6.06248e+09,-6.88493e+08,-2.54718e+08,-5.91981e+08,0.000939589,0.000146062,-1.23326e-23
0,2.07504e+09,-1.61471e+07,3.21415e+08,-4.61544e+09,-2.90335e+08,-4.52753e+08,-7.42673e+08,0.000946467,0.000146604,-4.75924e-24
0,1.97141e+09,-3.05095e+07,3.14786e+08,-2.68467e+09,2.35828e+08,-7.32387e+06,-1.17454e+09,0.000982022,0.000156805,-2.3144e-24
0,1.9172e+09,-5.75533e+07,3.01617e+08,-1.06582e+10,-2.68354e+08,1.8855e+08,-1.02193e+09,0.00100609,0.000158279,-1.98012e-22
0,1.88056e+09,5.84954e+06,2.90491e+08,-7.63454e+09,-8.47888e+08,5.47544e+08,-1.11029e+09,0.00110546,0.000170761,-1.59629e-22
0,1.73769e+09,-1.94233e+07,2.94307e+08,1.16132e+10,-3.35306e+08,-1.12385e+07,-7.72075e+08,0.00103138,0.000174682,3.5631e-22
0,2.09504e+09,-8.3408e+06,3.14715e+08,-1.23324e+09,-1.11042e+09,-6.04522e+07,-1.18143e+09,0.00104915,0.000157601,-1.21602e-24
0,1.89131e+09,-4.00422e+07,3.17732e+08,-9.48025e+09,2.69425e+08,-8.61427e+07,-7.92022e+08,0.000937671,0.000157525,-8.11813e-23
0,1.98341e+09,-5.35158e+07,3.04121e+08,-4.98172e+09,-1.05405e+07,3.38268e+08,-1.18469e+09,0.00105617,0.000161945,-2.33722e-23
0,2.05879e+09,-3.83688e+07,3.0601e+08,-3.77076e+09,5.84917e+07,-2.73969e+06,-7.5076e+08,0.000961569,0.000142923,-3.43956e-24
0,2.11206e+09,-4.62219e+06,3.43878e+08,9.07287e+08,-5.2057e+07,1.09219e+08,-2.31598e+08,0.000935991,0.000152395,9.52351e-27
0,1.78307e+09,1.14974e+07,2.29063e+08,-1.18425e+09,2.91668e+08,4.01114e+08,-9.20094e+08,0.00111207,0.000142863,-1.2879e-25
0,2.16184e+09,-3.43536e+07,3.25672e+08,-6.02213e+09,-5.88526e+08,-1.0146e+08,-8.26108e+08,0.00098124,0.00014782,-1.3727e-23
0,1.80699e+09,-9.16028e+06,2.79423e+08,7.3928e+09,2.29829e+09,4.28348e+08,-1.02438e+09,0.00114945,0.000177744,2.15798e-22
0,2.1264e+09,-4.14551e+07,3.23867e+08,-1.15224e+10,-3.8684e+08,-2.80446e+08,-6.52569e+08,0.000966223,0.000147163,-7.38442e-23
0,2.12509e+09,1.4058e+07,2.9989e+08,1.91459e+09,-2.1354e+09,1.37885e+08,-1.04574e+09,0.00105644,0.000149084,9.09945e-24
0,1.89268e+09,-6.72681e+07,3.04936e+08,-9.5443e+09,3.27307e+08,2.65643e+08,-9.09789e+08,0.000986201,0.00015889,-1.17034e-22
0,1.99336e+09,3.29525e+07,3.16894e+08,-1.12459e+10,-1.90898e+09,-9.43226e+07,-9.63492e+07,0.000913989,0.000145301,-1.92946e-23
0,2.04468e+09,-1.8257e+07,3.32746e+08,-3.57237e+09,907905,-3.58505e+08,-7.81559e+08,0.000964213,0.000156913,-3.05884e-24
0,2.10659e+09,2.76715e+07,3.22722e+08,7.3874e+09,-8.29201e+08,9.58639e+07,-6.91609e+08,0.000971128,0.000148774,2.35187e-23
0,2.04742e+09,-2.24057e+07,3.36295e+08,-2.26176e+09,3.8409e+08,-1.62941e+08,-5.436e+08,0.000919103,0.000150966,-5.25789e-25
0,2.30522e+09,1.28139e+07,3.223e+08,3.10745e+09,-1.22281e+09,-9.23799e+07,-3.46982e+08,0.000939462,0.000131349,1.29059e-24
0,2.06659e+09,3.83498e+07,2.86159e+08,4.99405e+09,-2.22831e+09,3.82639e+07,-1.21441e+09,0.00108742,0.000150574,5.4811e-23
0,1.89022e+09,-5.22194e+06,2.86644e+08,5.50567e+09,1.84136e+09,3.59684e+08,-8.36464e+08,0.00118013,0.000178962,6.7904e-23
0,1.8512e+09,2.1866e+07,2.90123e+08,7.39859e+09,1.05416e+09,-6.96031e+07,-1.14934e+09,0.000978131,0.000153294,7.46747e-23
0,2.08923e+09,-1.51173e+07,3.31369e+08,-3.60902e+09,-7.67133e+07,-2.50914e+08,-7.53945e+08,0.000957921,0.000151934,-2.64136e-24
0,2.11371e+09,-4.70327e+06,3.43235e+08,8.9546e+08,-7.32066e+07,1.52957e+08,-3.01244e+08,0.000939892,0.000152624,9.98269e-27
0,1.84968e+09,6.81526e+07,3.00101e+08,2.78275e+09,1.32959e+09,-6.78371e+08,-1.35376e+09,0.00100495,0.000163048,2.42926e-24
0,1.94124e+09,-4.22587e+07,3.22583e+08,-9.44736e+09,1.19069e+09,-1.55107e+08,-7.33931e+08,0.000913057,0.000151726,-6.1063e-23
0,2.07851e+09,-2.61791e+07,3.13631e+08,-8.05035e+09,1.19638e+09,3.76881e+08,-1.59174e+08,0.00088368,0.000133341,9.8776e-25
0,2.16788e+09,5.16964e+07,3.20084e+08,5.46657e+09,-2.31731e+08,-5.62826e+08,-3.61069e+08,0.000916969,0.000135389,3.61257e-24
0,2.05851e+09,-5.41134e+07,3.13335e+08,-8.60543e+09,-1.45295e+08,-4.77047e+07,-1.02573e+09,0.00102242,0.000155627,-7.77891e-23
0,1.90326e+09,-2.47296e+07,3.28204e+08,-7.07583e+09,1.34467e+09,-2.83668e+08,-8.61287e+08,0.000906154,0.00015626,-3.51746e-23
0,2.01684e+09,4.46684e+07,3.23404e+08,5.3162e+09,3.93979e+08,3.61204e+08,-1.03024e+09,0.000993573,0.000159321,1.88286e-23
0,2.11565e+09,-6.07207e+06,3.44143e+08,7.79017e+08,-6.14416e+07,1.122e+08,-1.78106e+08,0.000942471,0.000153307,4.2631e-27
0,1.87889e+09,9.12894e+07,2.90933e+08,1.18465e+10,1.21991e+09,-6.17834e+08,-1.19334e+09,0.000983925,0.000152354,2.65155e-22
0,2.03168e+09,-2.64678e+07,2.97391e+08,9.48208e+09,-9.82049e+08,4.37617e+07,-3.76058e+08,0.00116525,0.000170566,8.36333e-23
0,2.24703e+09,4.11249e+07,3.19384e+08,5.13045e+09,-4.14776e+08,-4.06754e+08,-4.34477e+08,0.000939513,0.000133539,3.57866e-24
0,1.83516e+09,9.99597e+07,2.8916e+08,-6.96099e+08,-6.43656e+08,-4.50494e+08,-9.49519e+08,0.0010412,0.000164058,-3.30487e-25
0,2.18269e+09,3.20559e+07,3.24846e+08,2.21446e+09,-1.20709e+09,-4.28441e+08,-6.08817e+07,0.000895374,0.000133257,5.31068e-25
0,1.76561e+09,-2.93941e+07,3.13769e+08,-5.52005e+08,4.6393e+08,1.87488e+08,-1.06163e+09,0.00100867,0.000179253,4.94167e-26
0,2.12797e+09,-3.46864e+06,3.43068e+08,-3.28301e+09,6.1182e+07,-6.18402e+08,-4.95231e+07,0.000938176,0.000151251,-2.17871e-25
0,2.07107e+09,-3.99286e+07,3.30989e+08,-6.11663e+09,7.79907e+08,-7.26593e+07,-6.44104e+08,0.000908578,0.000145205,-9.98339e-24
0,1.92901e+09,-3.87381e+07,3.04305e+08,-4.94322e+09,-5.07479e+08,2.828e+08,-1.14436e+09,0.00102498,0.000161692,-2.42864e-23
0,1.95598e+09,-6.42345e+06,3.23429e+08,3.62404e+08,3.13324e+08,5.99281e+07,-1.07212e+09,0.000977744,0.000161674,-4.12578e-26
0,2.12064e+09,1.48936e+07,3.18457e+08,3.39162e+09,-1.36044e+09,4.39443e+08,-8.54835e+08,0.00101108,0.000151833,4.44081e-24
0,1.92599e+09,-6.40374e+07,3.14256e+08,-6.85815e+09,-9.25718e+08,-5.31087e+08,-7.59692e+08,0.000959639,0.000156581,-2.2767e-23
0,2.13453e+09,-3.18386e+07,3.21118e+08,-7.25323e+09,-3.57783e+08,1.51045e+08,-5.2377e+08,0.000924808,0.000139128,-1.27472e-23
0,2.13884e+09,-3.26306e+07,3.34045e+08,-6.8085e+08,-5.69795e+08,-4.75129e+08,-1.56333e+08,0.0009103,0.000142171,2.01303e-26
0,2.11268e+09,-1.71143e+07,3.38687e+08,-5.22674e+09,-7.42769e+07,-6.33324e+08,-4.45013e+08,0.000926043,0.000148455,-3.57854e-24
0,2.12251e+09,-6.52755e+06,3.43678e+08,4.05885e+08,-5.71778e+07,7.91501e+07,-2.45415e+08,0.00094625,0.000153218,5.26423e-28
0,1.91726e+09,-4.89034e+07,3.12905e+08,-6.00234e+09,1.7712e+09,2.78184e+08,-1.04366e+09,0.000941232,0.000153613,-1.84854e-23
0,1.98554e+09,2.54204e+07,2.94421e+08,4.68707e+09,-1.79507e+09,-5.55223e+08,-1.02973e+09,0.00105131,0.000155892,3.7433e-23
0,2.1957e+09,1.11456e+07,3.20682e+08,3.31636e+09,-1.76624e+09,-4.13126e+08,-8.70768e+07,0.000908442,0.000132678,2.58074e-24
0,1.92121e+09,-2.61272e+07,3.19297e+08,4.67166e+08,5.20962e+08,3.52177e+08,-1.18778e+09,0.00102121,0.000169721,-8.95406e-26
0,2.09663e+09,4.04579e+07,2.92996e+08,7.05832e+09,-1.96657e+09,4.0247e+07,-1.15223e+09,0.00107019,0.000149555,8.12741e-23
0,2.16496e+09,-1.14674e+07,3.40221e+08,-3.69982e+09,-2.76152e+08,-2.51227e+08,-3.69575e+08,0.000927746,0.000145794,-8.99794e-25
0,1.98709e+09,-6.17145e+07,2.98901e+08,-8.31663e+09,-8.56753e+08,7.0878e+07,-1.21417e+09,0.0010735,0.000161478,-1.33948e-22
0,1.85709e+09,5.11417e+07,3.07861e+08,8.45832e+09,-3.15974e+08,-2.23228e+08,-1.27738e+09,0.00106783,0.000177021,1.9394e-22
0,1.96474e+09,4.2859e+06,3.32584e+08,2.94254e+09,3.96837e+08,9.12818e+07,-6.73551e+08,0.000923678,0.000156357,1.63255e-24
0,2.10398e+09,1.24522e+07,3.31662e+08,4.78446e+09,4.67551e+08,2.92066e+08,-6.45213e+08,0.000915483,0.000144313,5.00039e-24
0,1.98013e+09,3.98804e+06,3.28555e+08,1.75668e+09,9.52808e+07,2.2839e+08,-9.38526e+08,0.000985546,0.000163528,4.40787e-25
0,1.56991e+09,5.00508e+07,2.75551e+08,9.48308e+09,-2.0161e+09,-4.28787e+08,-9.86579e+08,0.00100963,0.00017721,5.65888e-22
0,1.80975e+09,5.57336e+07,2.34232e+08,-3.2914e+08,7.62522e+06,3.61267e+08,-9.84468e+08,0.00111578,0.000144413,1.08696e-25
0,1.90761e+09,5.65758e+07,3.01539e+08,7.83184e+09,-7.33998e+08,-7.08173e+07,-1.42909e+09,0.00109104,0.000172462,1.70488e-22
0,2.14997e+09,-1.55686e+07,3.39144e+08,-3.99238e+09,-1.60241e+08,-1.1371e+08,-4.07674e+08,0.000918602,0.000144904,-1.41601e-24
0,2.14827e+09,3.91688e+07,2.93274e+08,-5.70673e+09,1.05997e+06,1.89159e+08,3.4929e+08,0.00100218,0.000136814,5.69875e-24
0,1.9446e+09,3.65429e+07,3.00101e+08,4.60239e+09,-5.03519e+07,-8.45944e+08,-1.36218e+09,0.00105556,0.000162899,2.09144e-23
0,2.03086e+09,-7.34562e+07,3.06242e+08,-1.15628e+10,8.36722e+07,1.01947e+08,-1.0064e+09,0.00104036,0.000156881,-2.17407e-22
0,1.90752e+09,1.00083e+07,3.30589e+08,6.15545e+09,8.03519e+08,4.28189e+08,-7.71474e+08,0.000920436,0.00015952,2.32209e-23
0,2.12448e+09,-7.86328e+06,3.43155e+08,-3.37886e+08,-1.6707e+07,-1.55523e+07,-3.04799e+08,0.000946445,0.000152874,-1.53406e-28
0,2.0301e+09,1.67044e+07,2.97541e+08,4.66326e+08,-1.8607e+09,-7.46596e+08,-1.11421e+09,0.00106961,0.000156767,-4.16155e-24
0,1.84335e+09,-3.38445e+07,3.15213e+08,2.92799e+09,-1.72758e+08,-9.18408e+06,-6.67013e+07,0.000885795,0.000151471,1.80525e-25
0,1.92024e+09,-6.33399e+06,3.25212e+08,5.88645e+08,1.67658e+08,1.36602e+08,-1.17188e+09,0.00102473,0.000173548,-1.26965e-25
0,1.98617e+09,8.01717e+06,3.1086e+08,5.03909e+09,5.56284e+08,-3.21786e+08,-7.53059e+08,0.000944086,0.000147761,8.04961e-24
0,1.88548e+09,5.17908e+07,3.09888e+08,7.02729e+09,2.54168e+09,-3.45499e+07,-8.81572e+08,0.000912618,0.000149993,1.89398e-23
0,2.05436e+09,1.73024e+07,3.31254e+08,4.52122e+09,6.38695e+08,1.58783e+08,-7.10718e+08,0.000925587,0.000149246,5.35065e-24
0,1.86e+09,-1.74605e+07,3.13994e+08,-2.67885e+09,2.12293e+09,5.64838e+07,-5.13456e+08,0.000871911,0.000147191,2.23739e-24
0,2.10507e+09,3.80565e+07,3.24505e+08,9.02102e+09,-3.43524e+08,3.61033e+08,-5.98433e+08,0.000941609,0.000145153,2.90408e-23
0,2.12259e+09,-2.15366e+07,3.07806e+08,-4.00679e+09,-2.06933e+09,-1.28914e+08,-1.03984e+09,0.0011074,0.000160589,-2.79473e-23
0,2.0171e+09,2.12324e+07,3.05641e+08,3.46291e+09,-7.24625e+08,-7.61883e+08,-1.24047e+09,0.00106929,0.000162025,8.97714e-24
0,2.08216e+09,-9.08662e+06,3.39536e+08,-3.23134e+09,3.27451e+08,-7.1396e+07,-3.93304e+08,0.000904134,0.000147437,-8.6457e-25
0,1.7298e+09,4.74849e+07,2.829e+08,-8.53207e+09,-8.30272e+08,-2.53494e+08,-1.17111e+09,0.00111142,0.000181767,-3.04815e-22
0,1.86071e+09,5.80355e+07,2.96605e+08,5.71506e+09,-5.01354e+08,-8.51771e+07,-1.53644e+09,0.00112286,0.000178989,8.88209e-23
0,2.00773e+09,1.84833e+07,2.83541e+08,2.41737e+09,-2.2538e+09,2.85694e+08,-1.41577e+09,0.00112556,0.000158957,2.91585e-23
0,1.83607e+09,-7.92667e+07,3.04571e+08,-2.01757e+09,-4.70257e+08,4.89105e+08,-7.29007e+08,0.000982097,0.000162912,-1.10961e-24
0,2.04358e+09,2.33181e+07,2.75404e+08,1.52916e+10,1.32434e+09,4.75724e+08,2.30354e+08,0.00109276,0.000147267,-7.78745e-23
0,2.12452e+09,-8.54952e+06,3.42352e+08,-7.41289e+08,7.26418e+06,-4.3762e+07,-3.76243e+08,0.000943958,0.000152112,-7.80029e-27
0,1.99654e+09,-1.01685e+07,3.15477e+08,2.41028e+09,1.27565e+08,2.90993e+08,-1.19737e+09,0.00099422,0.000157098,1.54971e-24
0,1.93057e+09,-3.56236e+07,3.14938e+08,-2.61673e+09,2.82464e+08,3.95296e+08,-1.05205e+09,0.000999934,0.000163121,-2.04705e-24
0,2.00992e+09,1.38603e+07,3.12486e+08,5.64328e+09,2.50015e+08,1.85853e+08,-7.74457e+08,0.000946551,0.000147162,1.31061e-23
0,1.77458e+09,-6.41098e+06,3.09272e+08,7.30006e+09,1.25341e+09,3.76224e+07,-9.28817e+07,0.000903107,0.000157393,2.45739e-24
0,2.01451e+09,-7.24183e+07,3.12119e+08,-1.24619e+10,5.70864e+08,-7.903e+07,-9.23941e+08,0.000974635,0.000151006,-1.91483e-22
0,2.09529e+09,-1.11129e+07,3.34358e+08,-3.49991e+09,7.59826e+08,-1.94432e+08,-5.28707e+08,0.000882117,0.000140765,-1.48607e-24
0,1.9212e+09,6.75065e+07,3.13788e+08,9.55295e+09,1.71596e+09,1.11371e+08,-8.93368e+08,0.000943216,0.000154055,9.16961e-23
0,2.06441e+09,-4.86795e+07,3.04607e+08,-7.95826e+09,-1.31626e+09,-1.63251e+08,-1.09233e+09,0.00107122,0.00015806,-8.76064e-23
0,1.91047e+09,2.27326e+07,2.86021e+08,1.34116e+10,-1.44509e+09,1.65378e+08,-1.19629e+09,0.00117822,0.000176394,1.04054e-21
0,1.74161e+09,-8.30146e+07,3.05572e+08,8.96123e+08,1.27585e+09,3.7975e+08,-6.55264e+08,0.000965343,0.000169373,1.76893e-25
0,1.82208e+09,4.70289e+07,2.81345e+08,4.07755e+09,-5.27203e+08,-6.36875e+08,-1.68924e+09,0.0011358,0.000175377,3.81261e-23
0,2.17576e+09,1.09672e+07,3.36463e+08,6.21262e+08,-3.54185e+08,1.77318e+08,-5.71402e+08,0.000959417,0.000148365,1.4092e-26
0,2.23338e+09,1.93845e+07,3.35282e+08,6.99266e+09,-5.22705e+08,1.61262e+08,-4.71992e+08,0.000941855,0.000141394,8.13114e-24
0,2.13373e+09,2.51188e+07,3.01389e+08,-1.60716e+10,1.42329e+09,-4.41677e+08,7.46298e+08,0.00111683,0.000157752,4.31263e-22
0,2.11534e+09,-3.27625e+07,2.94937e+08,-8.06689e+09,-1.91088e+09,-1.25873e+08,-1.03821e+09,0.00104113,0.000145162,-8.06065e-23
0,2.07015e+09,3.04444e+07,3.14503e+08,8.95627e+09,-7.54171e+08,9.37583e+07,-9.07196e+08,0.000984367,0.000149548,6.31661e-23
0,2.22996e+09,3.99314e+07,3.24464e+08,-7.24842e+09,-9.79586e+08,1.56051e+08,7.13828e+07,0.000956832,0.000139221,-4.46959e-25
0,1.9981e+09,-2.74053e+06,3.28793e+08,-7.55752e+08,-5.31847e+08,2.04705e+08,-1.06165e+09,0.00105199,0.000173107,5.67396e-26
0,2.06033e+09,4.59008e+07,3.1545e+08,6.71589e+09,-4.61834e+08,2.99875e+08,-7.34789e+08,0.000978573,0.000149826,1.96422e-23
0,2.1598e+09,-5.35381e+07,3.01416e+08,-1.24955e+10,-1.91861e+09,1.90394e+08,-8.52519e+08,0.00106289,0.000148335,-2.43171e-22
0,1.87177e+09,-4.13922e+07,2.9388e+08,-1.06078e+10,-2.75444e+08,4.9394e+08,-3.31833e+08,0.000946885,0.000148667,-5.77844e-23
0,2.19044e+09,3.78169e+07,2.85163e+08,9.00059e+09,5.05895e+08,5.2041e+08,1.61784e+08,0.0011235,0.000146263,-6.94339e-24
0,1.9495e+09,3.09992e+07,2.69483e+08,4.34356e+09,-1.60464e+09,8.60565e+07,-1.21908e+09,0.00113451,0.000156826,4.37541e-23
0,1.90963e+09,2.60775e+07,2.86299e+08,2.4161e+09,-1.38568e+09,-4.50473e+08,-1.56655e+09,0.00116857,0.000175196,1.24804e-23
0,2.10678e+09,-2.28101e+07,3.02674e+08,-5.58029e+09,-2.03628e+09,-6.3769e+08,-1.10902e+09,0.00104921,0.000150736,-2.89329e-23
0,1.8702e+09,4.35124e+07,2.78699e+08,9.01885e+09,-1.4577e+08,-1.3361e+08,-1.29203e+09,0.00121831,0.000181554,4.37836e-22
0,2.12147e+09,3.13072e+07,3.23188e+08,7.66708e+09,-9.09722e+08,4.24842e+08,-9.89053e+08,0.00101529,0.00015467,3.9437e-23
0,1.99329e+09,7.94006e+07,3.11084e+08,5.9596e+09,1.54864e+09,-3.30146e+08,-9.68057e+08,0.000964791,0.00015057,1.56021e-23
0,1.98451e+09,-4.56847e+07,3.04577e+08,-1.06714e+10,1.62662e+08,2.29326e+08,-1.05743e+09,0.0010141,0.000155642,-1.7553e-22
0,1.92025e+09,1.15383e+07,2.89677e+08,-5.42172e+09,-2.69334e+09,-3.03375e+08,3.27533e+08,0.000905009,0.000136524,-5.12348e-24
0,1.95983e+09,-1.34324e+07,3.32062e+08,-2.00258e+09,-1.46263e+08,-1.34053e+08,-9.47869e+08,0.00104376,0.000176847,-9.83078e-25
0,1.93041e+09,-6.3847e+07,2.95418e+08,-6.77894e+09,-7.27341e+08,4.85356e+07,-1.36299e+09,0.00109876,0.000168147,-1.03129e-22
0,2.09951e+09,2.43938e+07,3.09418e+08,7.34789e+09,-1.19156e+09,2.36969e+08,-9.11859e+08,0.00101313,0.000149311,3.80396e-23
0,2.07029e+09,-7.96457e+07,3.00874e+08,-1.46853e+10,-3.37557e+08,2.51056e+08,-8.65707e+08,0.00100864,0.000146585,-3.06095e-22
0,1.80594e+09,-1.03698e+07,3.03405e+08,6.50437e+09,2.53605e+09,4.36258e+08,-7.44158e+08,0.000981507,0.000164897,4.35588e-23
0,1.88341e+09,3.13683e+07,2.67279e+08,1.22708e+09,-1.7426e+09,2.27042e+08,-1.35042e+09,0.00112578,0.000159762,1.10222e-23
0,2.31603e+09,1.59389e+07,3.29948e+08,2.50394e+09,-7.39132e+08,-6.96806e+07,-2.38754e+08,0.000915016,0.000130356,2.87817e-25
0,1.85404e+09,-9.6148e+06,2.91812e+08,-3.57973e+09,-6.37074e+08,-4.624e+08,-1.2867e+09,0.00105644,0.000166276,-1.06871e-23
0,2.02262e+09,-4.60742e+07,3.20806e+08,-7.40586e+08,9.89191e+08,1.9606e+08,-8.43119e+08,0.000970901,0.000153994,-8.00066e-27
0,1.85841e+09,-9.0513e+06,2.97043e+08,-9.33338e+09,1.26543e+09,1.86447e+07,-1.17501e+09,0.000979278,0.000156525,-1.54207e-22
0,1.99207e+09,-7.573e+07,2.95551e+08,-8.83608e+09,-3.6307e+08,2.90155e+08,-1.24979e+09,0.00107254,0.000159126,-1.57388e-22
0,1.97216e+09,2.56617e+07,3.13171e+08,8.19261e+09,-6.55598e+07,-1.03725e+08,-1.07168e+09,0.000986565,0.000156662,7.27222e-23
0,2.12864e+09,-5.44704e+06,3.43334e+08,-1.5743e+09,1.07804e+08,-1.32119e+08,-2.93824e+08,0.000933213,0.000150521,-7.87779e-26
0,1.90719e+09,-1.07825e+08,3.01451e+08,-1.35207e+10,2.0695e+09,1.99291e+08,-8.48875e+08,0.000937009,0.000148104,-2.03651e-22
0,1.94032e+09,-9.85995e+06,3.2228e+08,6.88468e+08,-2.8315e+08,2.48422e+08,-1.06856e+09,0.00100069,0.000166212,-3.67395e-26
0,1.89871e+09,-6.08601e+07,2.80176e+08,-5.2534e+09,-2.93505e+09,-4.82933e+08,-1.27007e+09,0.00115637,0.000170635,-1.81582e-22
0,2.11613e+09,3.15543e+07,3.30908e+08,6.38592e+09,-4.86122e+06,3.11545e+08,-6.96555e+08,0.000945877,0.000147911,1.26826e-23
0,2.11892e+09,4.7339e+07,3.14779e+08,9.76335e+09,-1.10026e+08,-3.11229e+08,-6.40905e+08,0.000957881,0.000142299,4.54236e-23
0,1.84609e+09,-1.28302e+07,2.9519e+08,-3.17962e+09,1.21488e+08,-2.59926e+08,-1.37393e+09,0.00104745,0.000167487,-8.50074e-24
0,2.32955e+09,6.69753e+06,3.33558e+08,1.63856e+09,-9.77973e+08,-4.50509e+07,-2.56213e+08,0.000915851,0.000131137,2.06676e-25
0,2.09349e+09,-8.14449e+06,3.35346e+08,-2.41569e+09,-5.08948e+07,-2.77401e+08,-6.49933e+08,0.000944535,0.000151301,-5.85923e-25
0,1.9824e+09,4.64768e+07,3.13642e+08,-4.75162e+09,-1.37043e+09,1.19502e+08,-7.49852e+08,0.00103332,0.000163485,-2.0187e-23
0,2.06374e+09,5.45117e+06,3.34536e+08,5.04587e+09,4.49156e+08,1.47498e+08,-5.61097e+08,0.000919255,0.000149013,5.41221e-24
0,2.15477e+09,2.85313e+07,3.25888e+08,1.01955e+09,-8.19129e+07,-7.92913e+07,-7.4736e+08,0.000965802,0.000146068,2.69982e-26
0,2.0393e+09,-6.84895e+07,3.06207e+08,-1.21015e+10,-2.13044e+08,2.40378e+07,-1.04421e+09,0.00104979,0.00015763,-2.66205e-22
0,2.05271e+09,4.22906e+07,2.76103e+08,4.50141e+09,-1.68227e+09,-8.58756e+08,-1.14148e+09,0.00107589,0.000144715,3.11591e-23
0,2.00891e+09,-4.20676e+07,3.22392e+08,-3.55037e+09,-1.4248e+08,-3.64459e+08,-1.09496e+09,0.00101036,0.000162144,-5.25109e-24
0,2.27591e+09,2.15035e+07,3.29123e+08,-8.69625e+08,-4.71472e+08,3.15069e+08,1.46619e+07,0.00086942,0.000125728,-6.86835e-27
0,2.17507e+09,1.47138e+06,3.16125e+08,4.76552e+08,-1.88069e+09,2.85774e+08,-9.04577e+08,0.00106759,0.000155164,2.51636e-24
0,2.27887e+09,7.67504e+06,3.10504e+08,2.32781e+09,-1.2598e+09,-6.15824e+06,-3.26609e+08,0.000947853,0.000129148,8.48176e-25
0,2.17201e+09,-3.69557e+07,2.97754e+08,1.72333e+09,-3.23764e+07,-3.45823e+08,3.53125e+08,0.000918214,0.000125875,-8.01415e-26
0,2.06685e+09,1.17954e+07,3.31575e+08,5.84982e+09,3.35676e+08,2.93462e+08,-6.04231e+08,0.000926463,0.000148628,9.45398e-24
0,1.88747e+09,4.79338e+07,3.00824e+08,2.11906e+09,1.10588e+09,-2.62375e+08,-1.4577e+09,0.00103552,0.000165041,1.87482e-24
0,1.68736e+09,-1.10438e+08,2.78253e+08,-5.51788e+09,-1.1795e+09,-3.14783e+07,-9.99135e+08,0.00109807,0.000181076,-9.36261e-23
0,2.0184e+09,1.25316e+07,2.97327e+08,1.98415e+09,-1.27136e+09,-3.18256e+08,-7.62983e+08,0.00109021,0.000160597,3.40367e-24
0,2.10494e+09,5.19776e+07,3.1638e+08,1.05818e+10,4.07926e+06,-1.63523e+08,-6.44298e+08,0.000952783,0.000143206,5.77495e-23
0,2.06391e+09,7.39889e+06,3.13796e+08,-2.69757e+09,2.60668e+07,-7.84661e+07,-1.02033e+09,0.000974396,0.000148147,-1.60976e-24
0,2.05996e+09,-7.71824e+06,2.90277e+08,5.46292e+09,-9.33582e+08,1.13096e+08,5.50594e+08,0.000943581,0.000132964,-7.86551e-24
0,2.03669e+09,-7.54744e+07,3.20105e+08,-8.7337e+09,2.0875e+09,9.00283e+07,-5.10536e+08,0.000884268,0.000138979,-1.21887e-23
0,1.99791e+09,9.17105e+06,3.05755e+08,2.75154e+09,-1.14317e+09,-4.3435e+08,-1.20495e+09,0.0010344,0.000158303,5.89491e-24
0,1.84075e+09,5.97438e+06,2.48909e+08,3.03373e+08,-7.58965e+08,-1.40036e+08,-1.24164e+09,0.00111317,0.000150525,-2.95318e-25
0,2.1006e+09,1.97912e+07,3.35562e+08,6.61838e+09,-6.74822e+06,4.72292e+08,-5.29334e+08,0.000940276,0.000150205,1.07493e-23
0,1.93354e+09,-7.51025e+07,3.07145e+08,-1.23194e+10,1.20254e+09,-3.62051e+07,-1.0373e+09,0.000977034,0.000155203,-2.58042e-22
0,2.04238e+09,-2.25812e+07,3.08505e+08,-1.17375e+09,-4.75159e+08,1.86466e+08,-1.08635e+09,0.00104932,0.000158501,-1.2306e-25
0,2.09308e+09,3.19214e+07,3.16864e+08,7.15348e+09,-1.36984e+09,4.19301e+08,-1.00305e+09,0.00105732,0.000160064,4.52718e-23
0,1.69978e+09,-8.85816e+07,2.79512e+08,-3.56341e+09,1.29686e+08,1.86374e+08,-1.04696e+09,0.00108494,0.000178407,-1.79313e-23
0,1.97895e+09,6.29909e+07,3.20888e+08,5.32713e+09,1.27979e+09,6.87604e+07,-8.38604e+08,0.000980332,0.000158961,1.56111e-23
0,2.12033e+09,334779,3.44255e+08,-1.02898e+09,1.38987e+08,-1.2341e+08,-1.84211e+08,0.000923344,0.000149913,-1.61987e-26
0,1.90833e+09,6.23052e+06,3.06231e+08,6.21443e+08,-5.30492e+08,-1.17216e+08,-1.2238e+09,0.00104531,0.000167742,-1.12781e-25
0,2.2749e+09,2.58646e+07,3.32077e+08,-5.36334e+09,-7.62234e+07,1.41442e+08,1.65639e+08,0.000902239,0.000131704,9.65854e-25
0,2.00594e+09,-2.793e+07,2.99447e+08,-3.3193e+08,-4.95785e+08,2.96849e+08,-1.04115e+09,0.000995607,0.000148625,1.3013e-25
0,2.17863e+09,1.56649e+07,3.11949e+08,2.83718e+09,-1.78093e+09,8.76302e+07,-7.5784e+08,0.00100148,0.000143399,5.54574e-24
0,2.02367e+09,-3.55711e+07,3.29499e+08,-2.8427e+09,1.45357e+08,-4.60834e+08,-7.56732e+08,0.000997212,0.000162368,-1.96067e-24
0,1.80513e+09,-5.62493e+07,3.07982e+08,-8.81574e+09,2.48375e+09,-4.75885e+07,-1.0083e+09,0.000925381,0.000157884,-8.54187e-23
0,1.94592e+09,-2.56093e+07,3.11273e+08,-7.86632e+09,1.28932e+08,1.68379e+08,-1.11818e+09,0.00101556,0.000162451,-8.19512e-23
0,1.69703e+09,-5.65402e+07,2.82421e+08,-2.05433e+09,1.31492e+09,-4.60163e+08,-1.00263e+09,0.00107944,0.000179642,-7.39747e-24
0,2.2423e+09,-1.02737e+07,3.20692e+08,1.21583e+09,-1.00116e+09,-1.94053e+08,-3.7602e+08,0.000922304,0.000131907,1.82863e-25
0,2.18483e+09,-1.07561e+07,3.39495e+08,-3.15701e+09,-1.73593e+08,-3.93213e+08,-4.20653e+08,0.000924664,0.000143681,-5.41924e-25
0,1.82845e+09,-4.0802e+07,3.17158e+08,-1.09647e+09,-3.206e+07,2.59366e+08,-7.82052e+08,0.00097257,0.000168699,-6.20575e-26
0,1.97887e+09,3.61785e+06,3.1095e+08,-2.77891e+08,-1.42884e+09,-1.66035e+08,-1.08243e+09,0.00106839,0.000167882,-1.36665e-24
0,2.12832e+09,-4.95922e+06,2.76048e+08,-5.05886e+09,-3.1128e+09,-4.99814e+08,-1.04262e+09,0.00111978,0.000145239,-8.38436e-23
0,2.263e+09,2.83988e+07,3.26065e+08,-5.8911e+09,6.36055e+07,1.88791e+08,2.47915e+08,0.000915617,0.000131927,2.23938e-24
0,2.1184e+09,2.26785e+06,3.4344e+08,-2.95217e+08,1.36957e+08,-7.40147e+07,-2.79629e+08,0.00091991,0.000149138,-3.58966e-28
0,2.10539e+09,3.48467e+07,3.14665e+08,7.66634e+09,-1.26359e+09,3.19586e+08,-7.52385e+08,0.000995405,0.00014877,3.02515e-23
0,1.96707e+09,8.53468e+06,3.04887e+08,5.01239e+08,-5.38318e+08,-7.49801e+08,-1.3393e+09,0.00107167,0.000166105,-8.62557e-25
0,2.02565e+09,-1.73189e+07,3.27777e+08,-1.7787e+09,-3.25486e+08,-2.10231e+08,-8.94183e+08,0.000982064,0.000158911,-3.91495e-25
0,1.98755e+09,-4.48542e+07,3.152e+08,-4.36149e+09,9.47913e+08,1.58009e+08,-9.37746e+08,0.000996207,0.000157986,-8.80229e-24
0,2.08091e+09,5.05435e+07,3.06927e+08,8.80901e+09,-8.24879e+08,-1.69224e+08,-7.65783e+08,0.000978533,0.00014433,5.26827e-23
0,2.05375e+09,4.20495e+07,3.18755e+08,8.21447e+09,9.26026e+08,7.3469e+08,-7.22126e+07,0.00100022,0.00015524,2.07642e-23
0,2.16411e+09,1.99732e+07,3.23604e+08,2.14219e+09,-1.48926e+09,3.49259e+08,-7.38498e+08,0.000993746,0.000148597,2.32675e-24
0,2.06166e+09,-4.76967e+06,3.10635e+08,-2.67008e+09,-1.49747e+09,-1.24478e+08,-1.01547e+09,0.0010388,0.000156519,-6.72167e-24
0,2.13024e+09,2.89875e+07,3.11086e+08,5.16447e+09,-1.50861e+09,3.43502e+08,-8.66939e+08,0.00101837,0.000148716,1.41856e-23
0,1.91444e+09,-1.55858e+06,2.95113e+08,5.22666e+09,1.99993e+09,1.79862e+08,-1.05798e+09,0.00095099,0.000146596,1.90721e-23
0,1.71258e+09,-6.76336e+06,2.70903e+08,-7.01817e+09,-2.8952e+07,3.12413e+08,-1.39201e+09,0.00114757,0.000181528,-2.48944e-22
0,2.00122e+09,-2.44938e+07,2.85874e+08,-1.21827e+10,-3.20927e+09,-5.16858e+08,-9.36275e+08,0.00118296,0.000168986,-6.10376e-22
0,1.92903e+09,3.67357e+07,3.12154e+08,-5.90188e+09,-1.51684e+09,-1.67814e+08,-7.92744e+08,0.00101867,0.00016484,-3.43392e-23
0,2.03178e+09,-1.35832e+07,3.26125e+08,-3.53536e+09,4.42051e+08,-2.71451e+07,-8.37224e+08,0.000978379,0.000157042,-3.77902e-24
0,2.09725e+09,3.95637e+07,3.06895e+08,8.04305e+09,-1.37138e+09,1.09292e+08,-8.01087e+08,0.00100514,0.000147085,4.67825e-23
0,1.6844e+09,-1.21895e+07,2.3349e+08,2.04102e+09,1.04102e+09,-3.13577e+08,-1.40791e+09,0.00109884,0.000152321,3.52595e-24
0,1.91464e+09,-582469,2.9958e+08,-4.52458e+09,2.29351e+08,-3.35128e+08,-1.36084e+09,0.00104672,0.000163779,-2.31444e-23
0,1.7527e+09,-1.29468e+07,3.00083e+08,-1.09301e+09,2.86192e+09,1.76976e+08,-1.27386e+09,0.000951651,0.000162934,2.86638e-24
0,1.89147e+09,4.15153e+07,2.95969e+08,-3.26419e+09,-1.08629e+08,-4.04466e+08,-8.4071e+08,0.00104812,0.000164006,-5.0769e-24
0,2.12537e+09,4.73511e+06,3.44099e+08,4.39803e+08,5.83094e+07,1.21763e+07,-2.01375e+08,0.000920435,0.000149019,8.90826e-28
0,2.15938e+09,-2.04295e+07,3.14873e+08,4.64545e+07,-9.66308e+08,-1.89224e+08,-7.11315e+08,0.000966176,0.000140884,-9.80411e-26
0,1.80341e+09,-2.19102e+07,2.36684e+08,-2.28467e+09,-9.44778e+08,-9.33443e+07,9.26795e+08,0.00111081,0.000145786,4.42927e-24
0,1.96109e+09,4.30597e+07,3.13901e+08,6.04289e+09,-1.16464e+08,-2.70375e+08,-1.03864e+09,0.000997316,0.000159635,3.05302e-23
0,1.93108e+09,969013,3.08092e+08,4.39671e+08,-5.3037e+08,-2.49852e+08,-1.2516e+09,0.00101306,0.000161628,-2.33985e-25
0,2.10486e+09,-1.75895e+07,2.9248e+08,6.51648e+09,-3.62263e+08,4.59193e+08,-8.47068e+08,0.00101118,0.000140509,2.10867e-23
0,2.05859e+09,-1.68612e+07,3.06893e+08,-7.57841e+08,-3.58228e+08,6.40133e+08,-9.56457e+08,0.00100406,0.000149684,1.61954e-25
0,2.32578e+09,1.07118e+07,3.28957e+08,2.52461e+09,-1.23617e+09,-8.29938e+07,-3.03179e+08,0.00092718,0.00013114,7.63011e-25
0,2.15489e+09,5.54272e+06,3.12535e+08,1.25187e+09,-1.84869e+09,3.38324e+08,-8.58372e+08,0.00104458,0.0001515,3.88624e-24
0,1.66608e+09,2.76278e+07,2.70168e+08,-6.04254e+09,-8.92099e+08,8.5145e+06,-1.46536e+09,0.00110577,0.000179309,-1.72411e-22
0,2.06765e+09,1.14735e+07,3.37042e+08,-1.77215e+09,5.633e+08,-3.70206e+08,-4.49815e+08,0.000897722,0.000146335,-3.05938e-25
0,2.05911e+09,-6.88731e+06,2.58293e+08,-3.59351e+09,1.64701e+09,2.89365e+08,-3.08698e+08,0.000986691,0.00012377,2.24099e-24
0,2.03572e+09,-1.91074e+07,2.98247e+08,-4.85071e+09,-1.32634e+09,-1.69329e+08,-1.2328e+09,0.00103581,0.000151752,-2.35612e-23
0,2.06746e+09,-387127,3.12281e+08,-6.09559e+09,-2.49291e+08,3.27088e+07,-9.79303e+08,0.000998014,0.000150746,-2.28799e-23
0,2.11894e+09,-2.5477e+07,3.35207e+08,-4.81136e+09,-1.03812e+08,-4.85511e+08,-6.13639e+08,0.000959052,0.000151718,-4.6306e-24
0,1.80947e+09,3.00162e+07,2.91992e+08,4.35295e+08,5.49223e+08,-1.5604e+08,-1.2379e+09,0.00103799,0.000167498,-7.66031e-26
0,1.76833e+09,-2.78631e+07,2.37148e+08,-2.50512e+09,1.85047e+08,2.49601e+07,8.42188e+08,0.00110361,0.000148003,4.56696e-24
0,2.11215e+09,6.39008e+07,3.23102e+08,-8.76667e+09,-1.72595e+09,1.91195e+08,3.84637e+08,0.0008869,0.000135672,6.64487e-24
0,1.77214e+09,1.09283e+07,2.92938e+08,-1.00888e+10,-1.98181e+09,8.06279e+07,-8.25218e+08,0.00101364,0.000167557,-2.79427e-22
0,1.65566e+09,4.43743e+07,2.76432e+08,-4.50695e+09,-1.37044e+09,-2.12858e+07,-1.44241e+09,0.00109047,0.000182067,-8.78694e-23
0,2.05456e+09,9.16002e+06,3.39895e+08,3.45255e+08,2.69093e+08,-5.13608e+07,-3.11683e+08,0.000894506,0.000147982,5.01938e-28
0,1.90475e+09,-2.30441e+07,2.9008e+08,-3.80777e+09,7.65422e+08,-3.31411e+06,-1.35559e+09,0.00101254,0.000154203,-1.20764e-23
0,2.04025e+09,-462738,3.25664e+08,1.09811e+09,-2.01821e+08,8.34503e+07,-8.52735e+08,0.000963643,0.000153816,5.13176e-26
0,2.05071e+09,-4.21032e+07,3.11718e+08,-9.92691e+09,-5.84121e+08,1.13297e+08,-9.43219e+08,0.0010064,0.000152978,-1.07739e-22
0,1.94961e+09,-4.12202e+07,3.10462e+08,-5.31996e+09,5.45283e+08,6.37434e+08,-9.21943e+08,0.00096959,0.0001544,-1.32738e-23
0,1.95248e+09,1.2148e+07,2.77541e+08,5.84898e+08,-1.30442e+09,5.7922e+08,5.42801e+08,0.00093115,0.000132361,-2.62214e-26
0,1.8197e+09,-2.19786e+06,3.28826e+08,7.04916e+09,1.37409e+08,6.21728e+08,2.21817e+08,0.000931804,0.00016838,-8.55907e-24
0,1.72135e+09,-9.32754e+07,2.79024e+08,-7.39862e+09,1.67042e+09,8.99445e+08,-1.08929e+09,0.000956044,0.000154971,-4.71959e-23
0,2.11215e+09,9.0614e+06,3.4327e+08,1.25152e+09,1.22018e+08,1.04572e+08,-1.64009e+08,0.000923941,0.00015016,2.45913e-26
0,2.02127e+09,1.34173e+07,3.12939e+08,-7.56266e+08,5.10813e+08,-3.34196e+08,-1.01906e+09,0.000984422,0.000152411,-2.02251e-26
0,1.57227e+09,-7.73958e+07,2.89365e+08,-1.28184e+10,-7.44113e+08,-6.41819e+08,-1.6018e+08,0.00102012,0.000187746,-4.15122e-23
0,1.79703e+09,4.61974e+06,2.84336e+08,2.51281e+09,5.98839e+08,-1.53909e+08,-1.21635e+09,0.00105774,0.000167362,4.33647e-24
0,2.15911e+09,3.98023e+07,3.27235e+08,6.20907e+09,1.60895e+08,1.23185e+08,-4.26354e+08,0.000901632,0.000136651,5.28224e-24
0,2.27738e+09,1.10351e+07,3.14539e+08,2.3341e+09,-9.13926e+08,-1.11509e+08,-3.12452e+08,0.000935779,0.000129244,4.83402e-25
0,1.89446e+09,-5.47552e+07,3.12389e+08,-3.42443e+09,1.62084e+09,7.18952e+08,-8.89286e+08,0.000951748,0.00015694,-4.62866e-26
0,2.05331e+09,1.56996e+07,3.15397e+08,5.8897e+09,-1.23033e+09,2.20305e+08,-1.00716e+09,0.00104336,0.000160265,3.0009e-23
0,2.28137e+09,3.01873e+07,3.2049e+08,4.34792e+09,3.32762e+07,2.26178e+08,-1.90161e+08,0.000987524,0.000138729,9.69168e-25
0,2.01406e+09,-4.17392e+06,3.2884e+08,-1.09724e+09,-1.43118e+08,-2.02136e+08,-9.09063e+08,0.000976924,0.000159505,-2.75563e-26
0,1.96736e+09,6.24787e+07,2.97221e+08,5.19945e+09,1.80391e+07,-3.12373e+08,-1.16542e+09,0.0010241,0.000154717,2.34683e-23
0,2.1231e+09,6.00941e+06,3.08522e+08,-4.54043e+09,-1.37278e+09,1.81329e+08,-9.01233e+08,0.00102087,0.000148349,-1.4147e-23
0,1.84449e+09,-1.62466e+07,2.85922e+08,3.63484e+09,4.79856e+08,-7.4028e+07,-1.23447e+09,0.00105711,0.000163867,1.32024e-23
0,1.93167e+09,6.41825e+07,3.04223e+08,1.06257e+10,4.23817e+08,-4.76536e+07,-1.09404e+09,0.000970717,0.000152881,1.6619e-22
0,1.71435e+09,-1.7551e+07,2.04744e+08,3.421e+09,-1.49305e+08,-1.24472e+08,-1.0526e+09,0.00118973,0.000142089,2.49688e-23
0,1.94931e+09,-1.86186e+07,3.03236e+08,-6.66565e+08,-1.14192e+09,-1.69962e+08,-1.07672e+09,0.00103137,0.000160441,-1.10548e-24
0,1.96917e+09,-4.19347e+06,3.11785e+08,5.80757e+08,-8.78583e+08,4.38293e+08,-1.15874e+09,0.00103757,0.000164281,7.60591e-25
0,1.78046e+09,-6.12709e+07,2.77085e+08,2.52969e+09,-2.34198e+09,6.17012e+08,-9.35042e+08,0.00101171,0.000157447,2.78351e-23
0,2.01797e+09,5.48283e+06,3.28183e+08,-5.07473e+09,1.06555e+09,-2.02377e+08,-7.31898e+08,0.000908944,0.000147822,-8.26962e-24
0,1.95533e+09,4.534e+07,3.11296e+08,-6.77512e+09,-1.35774e+09,-1.5561e+07,-6.5944e+08,0.00100746,0.000160392,-3.76325e-23
0,1.88682e+09,-4.49658e+07,3.14603e+08,-1.60798e+09,9.08855e+08,4.9143e+08,-1.02049e+09,0.000956152,0.000159426,-2.1194e-25
0,1.79122e+09,-2.78613e+07,2.76817e+08,-1.42068e+09,5.01348e+08,2.96412e+08,-1.77147e+09,0.00108402,0.000167526,5.50021e-25
0,2.10712e+09,3.75028e+06,3.28559e+08,1.48274e+09,-5.54073e+08,3.11882e+08,-7.6634e+08,0.000973338,0.00015177,1.88263e-25
0,1.82462e+09,-6.2574e+07,3.09805e+08,-2.23453e+09,-2.85069e+09,-6.47367e+08,4.21914e+08,0.00102252,0.000173615,-1.41712e-23
0,1.97285e+09,-2.41814e+07,2.9035e+08,2.49322e+09,-1.57635e+08,7.08143e+07,-1.00097e+09,0.00108522,0.000159714,2.61983e-24
0,2.1098e+09,6.76653e+06,3.42325e+08,1.80206e+09,-7.9192e+07,1.49483e+08,-2.84392e+08,0.000934174,0.000151574,9.98979e-26
0,1.80665e+09,-2.38372e+07,2.70335e+08,-5.67547e+09,-6.62341e+08,-3.54495e+08,1.24287e+08,0.000897842,0.000134347,5.51345e-24
0,2.0309e+09,4.36556e+06,3.34974e+08,-1.7939e+09,1.47886e+08,-2.79268e+07,-4.92849e+08,0.000950684,0.000156805,-2.44044e-25
0,1.8675e+09,-3.64437e+07,2.96889e+08,-1.61594e+09,1.31484e+09,6.8432e+08,-1.30205e+09,0.000983344,0.000156329,-1.66676e-25
0,2.02353e+09,1.16542e+07,3.17164e+08,2.02282e+09,-6.18294e+08,-2.60905e+08,-1.04493e+09,0.00100777,0.000157955,1.16302e-24
0,2.0822e+09,383299,3.16564e+08,3.68991e+08,-1.71467e+09,3.37629e+08,-9.78421e+08,0.00106538,0.000161973,2.54435e-24
0,2.10379e+09,-9.31225e+06,3.20493e+08,-2.19844e+09,-1.72684e+08,-4.48027e+08,-8.11151e+08,0.000981028,0.000149451,-4.41601e-25
0,1.91532e+09,-1.92979e+07,3.19469e+08,1.05948e+09,1.27588e+09,5.17806e+08,-9.75306e+08,0.000940152,0.000156814,5.09745e-25
0,2.10044e+09,-4.94917e+07,3.22967e+08,-5.75853e+09,4.7289e+08,710437,-7.26301e+08,0.000956694,0.000147103,-1.08237e-23
0,1.72888e+09,-4.2771e+06,3.00326e+08,8.58409e+08,3.22268e+09,1.99796e+08,-1.05581e+09,0.000919735,0.000159769,-6.23748e-24
0,1.98998e+09,4.5195e+06,3.32055e+08,-6.72022e+08,3.57276e+08,-2.43735e+07,-6.44268e+08,0.000941891,0.000157167,-1.23573e-26
0,2.08716e+09,2.86522e+07,3.20497e+08,9.28512e+09,-8.07575e+08,5.50279e+08,-4.47437e+08,0.000989715,0.000151977,2.34449e-23
0,1.98902e+09,-7.53306e+06,3.10844e+08,-2.06934e+09,-1.0467e+09,3.44023e+08,-1.17908e+09,0.00105373,0.000164677,-2.82351e-24
0,1.63963e+09,-1.07532e+08,2.84476e+08,3.99495e+09,-5.96286e+08,9.89005e+08,-7.3354e+08,0.00102833,0.000178416,-3.19844e-25
0,1.90851e+09,1.75267e+07,3.15357e+08,3.29341e+09,-4.68606e+08,-9.00311e+07,-1.04223e+09,0.00103413,0.000170877,6.98202e-24
0,2.14403e+09,1.43453e+07,2.98041e+08,-7.23208e+09,-2.94945e+09,61829.5,-1.10738e+08,0.000977463,0.000135877,-3.41839e-23
0,2.0833e+09,3.39581e+07,3.03502e+08,-6.0752e+09,-2.29592e+09,1.52609e+08,-6.19716e+08,0.00112634,0.000164089,-6.86949e-23
0,2.12094e+09,-1.05436e+07,3.39009e+08,-4.28983e+09,-3.06419e+08,-5.3461e+08,-4.58627e+08,0.000970767,0.000155166,-1.89749e-24
0,1.93613e+09,-770619,3.14361e+08,-5.2925e+09,-2.47243e+09,-5.182e+08,5.0515e+08,0.000896352,0.000145537,6.4536e-24
0,2.10478e+09,2.70341e+06,3.43088e+08,1.93842e+09,-1.43923e+08,2.00574e+08,-2.01755e+08,0.000941788,0.000153516,7.55557e-26
0,2.04847e+09,1.00867e+07,3.34595e+08,2.86303e+09,2.56465e+07,1.53231e+08,-6.85494e+08,0.000952912,0.000155647,1.31809e-24
0,1.97481e+09,6.70909e+06,3.33872e+08,8.49194e+08,3.06783e+08,1.68384e+07,-5.62029e+08,0.000935913,0.000158231,2.76704e-26
0,2.14724e+09,1.42011e+06,3.39085e+08,2.45908e+09,-3.39898e+08,2.76686e+08,-3.1798e+08,0.000919921,0.000145271,1.69207e-25
0,2.07541e+09,1.89961e+07,3.0012e+08,4.52279e+09,8.23579e+08,1.34918e+08,-6.95049e+08,0.00095688,0.000138372,5.9318e-24
0,2.12526e+09,-2.5638e+07,3.0669e+08,-5.45958e+09,-1.61862e+09,-4.71114e+08,-8.95984e+08,0.00107598,0.000155271,-2.09141e-23
0,2.05316e+09,3.04609e+07,3.04784e+08,-1.05426e+10,-2.98052e+09,8.32645e+07,-5.15056e+08,0.00110484,0.00016401,-2.48591e-22
0,2.00596e+09,-2.12834e+07,3.06651e+08,-1.41629e+09,-1.85537e+08,2.46979e+08,-1.0669e+09,0.00100514,0.000153656,-1.53277e-25
0,1.98399e+09,-1.02477e+07,3.28555e+08,3.00746e+09,4.8266e+08,5.19081e+08,-7.51126e+08,0.000971052,0.000160809,3.06907e-24
0,1.96314e+09,7.14302e+06,3.14118e+08,2.65794e+08,-3.24615e+08,1.03503e+08,-1.14518e+09,0.00100095,0.00016016,-9.86726e-27
0,2.07084e+09,5.39039e+07,3.0689e+08,-8.6849e+09,-8.57502e+08,-1.12915e+08,4.64796e+08,0.000916833,0.000135871,2.2035e-23
0,1.87444e+09,-1.89651e+06,2.91972e+08,1.31399e+09,5.70771e+08,-2.1991e+08,-1.38486e+09,0.00104458,0.000162708,1.08783e-25
0,2.17898e+09,-1.99925e+07,3.24078e+08,-4.78996e+09,-7.35891e+08,-3.9669e+08,-6.5212e+08,0.000955899,0.00014217,-3.6267e-24
0,2.05379e+09,5.83796e+06,3.36864e+08,3.01837e+09,-5.45366e+07,1.77873e+08,-6.00215e+08,0.000958349,0.000157189,1.36332e-24
0,1.90609e+09,-8.43287e+06,3.13319e+08,-1.69858e+09,-5.27949e+08,-2.4261e+07,-1.38127e+09,0.0010595,0.000174159,-1.01382e-24
0,2.06532e+09,2.16945e+07,2.89109e+08,1.84158e+09,-1.90892e+09,2.87655e+08,-1.2408e+09,0.00107067,0.000149875,9.44666e-24
0,2.06173e+09,-4.99696e+07,3.04664e+08,-8.61168e+09,-7.89291e+08,-4.03133e+08,-9.32285e+08,0.00103567,0.000153041,-6.8206e-23
0,1.89822e+09,-4.0017e+07,2.63208e+08,-1.55406e+09,-1.28591e+09,4.49426e+08,-1.42378e+09,0.00116639,0.000161732,-2.36405e-24
0,1.7311e+09,-1.73256e+07,2.85268e+08,8.62403e+09,3.00396e+09,4.1813e+08,-1.001e+09,0.00103135,0.000169956,2.06522e-22
0,1.98573e+09,4.26041e+07,3.12204e+08,6.68643e+09,-1.12192e+08,4.46329e+08,-9.86137e+08,0.000993379,0.000156183,3.47242e-23
0,2.04728e+09,1.47005e+07,3.35721e+08,2.74475e+09,-3.07534e+08,2.62064e+08,-4.81212e+08,0.000947857,0.000155433,6.6833e-25
0,2.21225e+09,1.20456e+07,2.98121e+08,-4.19467e+09,6.83138e+08,-3.60043e+07,3.44967e+08,0.000957843,0.000129078,1.74929e-24
0,1.89559e+09,-2.72895e+07,2.8189e+08,1.04203e+10,4.3931e+08,7.1352e+08,-9.14673e+08,0.0011351,0.000168798,3.48565e-22
0,2.12832e+09,-1.22496e+07,3.38017e+08,-5.12163e+09,-3.26442e+08,-5.87019e+08,-4.87895e+08,0.000956207,0.000151864,-3.29297e-24
0,1.94509e+09,-2.5225e+06,2.8318e+08,2.38641e+09,-6.65572e+08,2.87842e+08,-1.38474e+09,0.00105478,0.000153562,2.9449e-24
0,2.10672e+09,2.05343e+07,3.01877e+08,-7.59627e+09,-2.88133e+09,-1.46142e+08,-7.90503e+08,0.00113287,0.000162332,-1.43282e-22
0,2.02526e+09,-6.38865e+06,3.07322e+08,8.6513e+09,2.10425e+09,1.3841e+08,-4.38787e+08,0.000983039,0.00014917,2.55915e-23
0,2.01712e+09,-1.71271e+07,3.34299e+08,-4.75898e+09,5.98228e+08,-1.75712e+08,-6.32186e+08,0.000904595,0.00014992,-5.47954e-24
0,2.19839e+09,-5.61767e+07,2.94145e+08,-4.75168e+09,-2.90332e+08,8.07304e+08,-3.08002e+08,0.000927889,0.000124152,-2.23214e-24
0,1.90694e+09,-2.52526e+07,3.14797e+08,3.91528e+09,-1.25172e+09,5.49435e+08,-9.17281e+08,0.00100146,0.000165322,7.8767e-24
0,1.95575e+09,-1.6904e+07,3.15452e+08,5.07182e+08,5.25549e+08,2.41275e+08,-1.13473e+09,0.000974956,0.000157255,-3.9878e-26
0,2.12754e+09,7.83027e+06,3.30865e+08,2.49125e+09,-2.13194e+08,4.43005e+08,-6.06087e+08,0.000932944,0.000145087,3.77911e-25
0,1.94458e+09,-2.98546e+07,2.94694e+08,-1.86858e+09,2.74043e+08,5.76826e+08,-1.36006e+09,0.00101953,0.000154505,-3.837e-25
0,1.99984e+09,-3.70002e+07,3.05934e+08,-9.6455e+09,-6.60084e+07,-3.20244e+08,-8.8479e+08,0.00100337,0.000153495,-9.90022e-23
0,2.01268e+09,7.90168e+06,3.28619e+08,-3.7706e+09,8.46016e+08,-1.54112e+08,-7.63343e+08,0.000922016,0.000150542,-3.76632e-24
0,1.96323e+09,3.34594e+06,3.24306e+08,3.44212e+09,-3.39825e+08,1.70795e+08,-1.00437e+09,0.000980356,0.000161945,4.55451e-24
0,2.13909e+09,6.44501e+07,2.96952e+08,-1.07263e+09,-1.86419e+09,4.41874e+07,-1.59094e+08,0.000943817,0.000131022,-1.01122e-24
0,2.10457e+09,-3.10136e+06,3.42229e+08,1.46673e+09,-2.07414e+08,1.56277e+08,-2.95045e+08,0.000954724,0.00015525,5.45442e-26
0,2.04384e+09,2.94114e+07,3.13411e+08,8.34232e+09,1.46718e+09,1.75172e+08,-3.88764e+08,0.000998894,0.000153175,2.76844e-23
0,1.89012e+09,-2.16498e+06,3.13693e+08,2.8059e+09,-8.56852e+08,3.26274e+08,-1.23615e+09,0.0010441,0.000173284,5.64366e-24
0,2.06707e+09,-2.52151e+07,3.10509e+08,-5.1013e+09,-4.19653e+08,2.8264e+08,-9.98762e+08,0.000999158,0.000150091,-1.44943e-23
0,1.99422e+09,1.16e+07,3.04115e+08,4.99983e+09,2.58995e+08,3.93117e+08,-7.87677e+08,0.000990693,0.000151079,1.25267e-23
0,2.14175e+09,-1.11023e+07,3.40031e+08,-6.24552e+09,-8.94232e+07,-4.79445e+08,-3.77649e+08,0.000937173,0.000148788,-5.4049e-24
0,2.00786e+09,-3.42527e+07,2.97587e+08,-1.09865e+08,1.67094e+08,-4.12663e+07,-1.16896e+09,0.00104631,0.000155074,2.84843e-26
0,1.95864e+09,-5.62845e+07,3.12961e+08,-1.20989e+10,-3.15943e+08,-4.48285e+08,-9.07397e+08,0.000981521,0.000156833,-1.9329e-22
0,2.13706e+09,4.53189e+06,3.41984e+08,1.68876e+09,-1.13179e+08,3.37518e+08,-2.44747e+08,0.000971491,0.000155463,4.33973e-26
0,2.31079e+09,1.95426e+07,3.2718e+08,4.52643e+09,-1.12781e+09,-1.3521e+08,-3.46785e+08,0.000934968,0.00013238,2.54571e-24
0,2.20003e+09,1.53762e+07,3.16016e+08,3.53586e+09,-1.66597e+09,-1.87674e+08,-8.355e+08,0.00101158,0.000145305,7.9343e-24
0,1.82034e+09,6.77529e+07,2.90007e+08,7.45874e+09,1.36086e+09,-1.65825e+08,-1.33258e+09,0.00100579,0.000160237,1.06313e-22
0,1.97959e+09,-6.73695e+06,3.07764e+08,-1.7421e+09,-4.08977e+08,3.06239e+08,-1.25516e+09,0.00102262,0.000158985,-5.47076e-25
0,2.3145e+09,1.27194e+07,3.08648e+08,2.60471e+09,-2.21764e+09,-1.39867e+08,-3.3197e+08,0.000966072,0.00012883,3.79578e-24
0,2.00125e+09,6.01272e+07,3.1549e+08,5.08272e+09,9.76315e+08,-7.00471e+07,-1.02755e+09,0.000976534,0.000153947,1.43475e-23
0,2.10816e+09,1.42347e+07,3.10661e+08,4.09612e+09,-9.3908e+08,2.07987e+08,-7.57442e+08,0.0010137,0.00014938,5.7256e-24
0,2.02417e+09,-7.14204e+06,3.40031e+08,2.36632e+09,3.84157e+07,2.1195e+08,-6.7265e+07,0.000986597,0.000165734,1.13401e-25
0,1.92213e+09,-6.06751e+07,3.14064e+08,-1.125e+10,1.38946e+09,-9.4042e+07,-1.00971e+09,0.000951899,0.000155535,-1.76535e-22
0,2.0014e+09,-2.09443e+06,3.12754e+08,3.61562e+09,-4.51591e+08,1.70149e+08,-1.20061e+09,0.00102418,0.000160046,7.12355e-24
0,1.78058e+09,6.2866e+07,2.9285e+08,8.6497e+09,1.60884e+09,-5.35605e+08,-1.26364e+09,0.00096994,0.000159525,1.21683e-22
0,1.86671e+09,-2.99361e+07,2.90349e+08,-2.58177e+09,2.26632e+08,3.14364e+08,-1.54346e+09,0.0010605,0.000164951,-3.74214e-24
0,1.72702e+09,1.36046e+07,2.99072e+08,-5.78111e+08,1.58738e+09,-3.81829e+08,-1.7062e+09,0.00102193,0.00017697,-3.82563e-25
0,1.86951e+09,-3.58551e+07,2.92158e+08,-1.03434e+09,-2.07387e+08,6.2426e+08,-1.39839e+09,0.00106045,0.000165722,7.10007e-25
0,2.07296e+09,-1.66415e+07,3.14316e+08,1.77864e+08,-1.50851e+09,5.51988e+08,-1.12466e+09,0.0010791,0.00016362,2.71686e-24
0,1.96342e+09,-3.80182e+06,3.34462e+08,-3.45332e+09,7.79318e+08,-3.25199e+08,-6.6643e+08,0.000893557,0.000152215,-2.92193e-24
0,2.09604e+09,2.40031e+07,3.18764e+08,7.01788e+09,-7.3213e+08,1.0328e+08,-8.19806e+08,0.000975678,0.00014838,2.47479e-23
0,2.08808e+09,1.06996e+07,3.14597e+08,2.28308e+09,-1.37845e+09,2.38422e+08,-7.29566e+08,0.0010257,0.000154535,3.09556e-24
0,2.01199e+09,-1.89634e+07,3.1917e+08,2.2945e+09,-2.2481e+08,-8.39887e+06,-1.12676e+09,0.00102461,0.000162538,1.47845e-24
0,1.69039e+09,-9.36429e+06,2.3031e+08,-7.23897e+09,1.86522e+09,5.04411e+08,-1.21704e+09,0.00109074,0.000148609,-1.40217e-22
0,2.04921e+09,-1.17751e+07,3.03008e+08,-3.42346e+09,-9.6251e+08,-1.91823e+08,-1.11983e+09,0.00103132,0.000152497,-6.66514e-24
0,1.57144e+09,-9.84684e+07,2.92161e+08,-4.66871e+09,-7.83756e+08,1.00934e+08,-7.42903e+08,0.000969898,0.000180322,-3.18373e-23
0,1.72018e+09,2.68286e+07,3.01308e+08,6.66266e+09,2.26769e+09,-6.02669e+07,-1.21396e+09,0.00103399,0.000181114,9.38538e-23
0,1.90357e+09,4.61532e+07,3.12721e+08,2.87567e+09,1.57089e+09,-4.90162e+08,-1.10695e+09,0.000964325,0.000158421,1.2027e-24
0,1.85449e+09,-1.63219e+07,3.22939e+08,6.29879e+09,-3.94706e+08,5.45048e+08,-7.66263e+08,0.00101353,0.000176495,3.07726e-23
0,1.8378e+09,2.87567e+07,3.02364e+08,1.34126e+09,1.08729e+09,-6.18438e+08,-1.46219e+09,0.0010472,0.000172291,1.23398e-25
0,1.92802e+09,-2.02327e+07,3.16705e+08,4.12909e+08,5.83401e+08,3.56805e+08,-1.1675e+09,0.00100159,0.000164526,-5.74945e-26
0,1.99547e+09,5.5683e+06,3.1826e+08,1.96643e+09,-4.29537e+07,4.66022e+08,-1.11401e+09,0.000989459,0.00015781,4.60047e-25
0,2.12361e+09,-1.24976e+07,3.23166e+08,5.25341e+08,1.08884e+06,2.93524e+08,-7.87929e+08,0.00095673,0.000145593,-2.14948e-26
0,2.09424e+09,-8.09071e+06,3.41467e+08,3.67792e+07,-1.33322e+08,1.25454e+08,-3.54062e+08,0.000960412,0.000156596,6.36069e-28
0,1.98712e+09,2.11699e+07,3.10383e+08,-2.36457e+09,-1.24018e+08,-2.63913e+08,-1.04719e+09,0.00100121,0.000156387,-1.31877e-24
0,1.63912e+09,-1.02965e+08,2.95413e+08,-5.59288e+08,7.84388e+08,6.07625e+08,-6.66928e+08,0.00099005,0.000178434,-6.11046e-28
0,2.20132e+09,-1.18255e+07,3.11607e+08,-5.94713e+08,-9.20204e+08,-1.19569e+08,9.08944e+07,0.000875752,0.000123967,-3.31664e-26
0,1.93969e+09,3.59448e+07,3.10665e+08,6.4033e+09,-8.04022e+07,-4.04043e+08,-1.11369e+09,0.00103863,0.00016635,4.99575e-23
0,2.00096e+09,-1.66178e+07,3.27086e+08,4.38634e+08,4.43044e+06,-6.17223e+06,-9.78931e+08,0.00100977,0.000165061,-4.30476e-26
0,1.99359e+09,-2.13167e+07,3.18173e+08,6.96987e+07,-2.41952e+08,-1.82976e+07,-8.88319e+08,0.000968379,0.000154551,-5.69966e-27
0,1.88986e+09,-2.16783e+07,3.00081e+08,-4.2198e+08,-4.30947e+08,6.42112e+08,-1.29489e+09,0.00106978,0.000169864,6.67093e-25
0,1.94103e+09,-4.55153e+07,3.04523e+08,-3.67156e+09,3.95408e+08,5.81154e+08,-1.35102e+09,0.00103559,0.000162471,-8.51374e-24
0,1.95676e+09,-3.53512e+07,3.09308e+08,2.24884e+09,-2.12926e+08,5.05831e+08,-1.06931e+09,0.00100458,0.000158795,8.18696e-25
0,1.84278e+09,1.97383e+07,3.05976e+08,1.83252e+09,6.07889e+08,-4.54463e+08,-1.37688e+09,0.00105572,0.000175291,8.08391e-25
0,1.9624e+09,-4.1134e+06,2.88735e+08,-5.70587e+07,-1.09461e+09,2.61409e+08,-1.39204e+09,0.00108562,0.000159731,1.0274e-24
0,1.77797e+09,-1.03822e+07,2.65394e+08,-3.6352e+09,1.33544e+09,-1.66628e+08,-1.25781e+09,0.00103092,0.000153884,-1.82437e-23
0,1.75402e+09,9.64987e+07,2.75527e+08,-1.81294e+09,1.26095e+07,-1.03592e+09,-9.54009e+08,0.00116729,0.000183361,1.72021e-24
0,1.8577e+09,1.08313e+07,3.02321e+08,7.48362e+09,1.14768e+08,-1.16375e+08,-9.80178e+08,0.0010789,0.00017558,1.06138e-22
0,1.82537e+09,9.2129e+06,3.01154e+08,2.02266e+09,4.36735e+08,-3.99127e+08,-1.48561e+09,0.00104956,0.000173159,1.25536e-24
0,2.20473e+09,2.19938e+06,2.84145e+08,1.65678e+09,-1.2756e+09,1.2088e+07,-4.03533e+08,0.000985068,0.000126955,8.45316e-25
0,2.00525e+09,1.94351e+07,3.10854e+08,5.35558e+09,2.85909e+08,-2.33164e+08,-7.85764e+08,0.00115183,0.000178557,2.82695e-23
0,2.07441e+09,1.74837e+07,3.19883e+08,2.90723e+09,-4.83125e+08,-3.86075e+08,-9.12556e+08,0.00100432,0.00015487,2.56559e-24
0,1.9775e+09,2.5441e+07,3.08881e+08,5.20144e+09,-8.85827e+08,-1.45085e+08,-1.15466e+09,0.00107044,0.0001672,3.41564e-23
0,2.10993e+09,1.34324e+07,3.32378e+08,7.24745e+09,-2.03224e+08,2.30973e+08,-7.17803e+08,0.000960866,0.000151366,2.05849e-23
0,1.80809e+09,2.30056e+07,2.89456e+08,1.22478e+10,-9.54677e+08,2.15058e+08,-1.03032e+09,0.00117385,0.000187921,8.49055e-22
0,2.17875e+09,-1.48148e+07,3.28848e+08,-6.84774e+09,-8.55917e+08,-2.51382e+08,-7.41368e+08,0.00101015,0.000152466,-1.91216e-23
0,1.86397e+09,-2.21991e+07,3.13507e+08,2.69706e+08,5.96122e+07,1.93495e+08,-1.39979e+09,0.00103694,0.000174406,-1.75994e-25
0,2.04283e+09,-4.06545e+06,3.1947e+08,-2.10043e+09,-1.33272e+08,-1.90774e+08,-1.03931e+09,0.0010065,0.000157403,-7.95656e-25
0,2.08238e+09,1.2804e+07,3.35021e+08,6.93209e+08,1.22688e+08,1.01435e+08,-6.65305e+08,0.000944271,0.000151918,2.50839e-27
0,1.90758e+09,-8.74318e+06,3.03451e+08,1.17262e+09,5.11922e+08,6.10742e+08,-1.20078e+09,0.000984753,0.000156651,1.6329e-25
0,2.05092e+09,-2.9649e+06,3.13606e+08,-1.63692e+09,-7.87846e+08,4.07207e+08,-1.08962e+09,0.00102298,0.000156424,-6.05946e-25
0,1.82126e+09,1.82081e+07,3.05811e+08,3.23979e+09,2.58198e+08,-2.423e+08,-1.4121e+09,0.00105334,0.000176868,9.70643e-24
0,2.06624e+09,-1.07486e+07,3.40657e+08,-5.047e+08,1.70413e+08,9.7176e+07,-4.08503e+08,0.000955471,0.000157527,-1.73827e-27
0,1.92634e+09,2.10819e+07,3.14443e+08,8.39722e+09,-3.3884e+08,3.99649e+08,-1.03093e+09,0.000985041,0.000160792,7.97022e-23
0,2.05302e+09,1.01569e+07,3.07289e+08,2.37754e+09,-1.57661e+09,-1.98668e+08,-1.16343e+09,0.00108413,0.000162269,7.92502e-24
0,1.71024e+09,3.59613e+07,2.76469e+08,9.33627e+09,1.78249e+08,-1.31287e+07,-1.35056e+09,0.00119552,0.000193261,7.18783e-22
0,1.92051e+09,-2.41857e+07,3.21777e+08,4.0048e+08,-9.05982e+07,1.72234e+08,-1.1867e+09,0.00104184,0.000174557,-1.07896e-25
0,2.15326e+09,-2.63318e+07,3.2549e+08,-2.36008e+09,-8.55942e+08,-5.33891e+07,-7.56685e+08,0.00102657,0.000155178,-1.51249e-24
0,2.02e+09,-1.13827e+07,3.26124e+08,9.81925e+08,-3.7936e+08,2.50807e+08,-1.02013e+09,0.00102118,0.000164867,4.84898e-26
0,1.97994e+09,-5.03012e+06,3.16568e+08,-7.78639e+09,7.21556e+08,-3.5227e+08,-1.00179e+09,0.000972005,0.000155412,-5.91851e-23
0,1.83123e+09,2.34064e+07,2.85264e+08,7.43129e+08,-1.95878e+09,-5.07076e+08,-1.04937e+09,0.00103359,0.00016101,-1.69732e-24
0,2.29197e+09,-7.22488e+06,3.15289e+08,5.5468e+09,-1.24625e+09,-3.11261e+08,-2.47568e+08,0.000957341,0.000131694,5.03248e-24
0,1.71841e+09,6.5978e+07,2.89187e+08,-6.08053e+09,-1.89702e+09,8.76275e+07,-1.10961e+09,0.00110325,0.000185663,-1.78999e-22
0,1.98894e+09,2.13098e+07,2.81969e+08,6.09088e+09,-3.07968e+07,4.74627e+08,-3.79437e+08,0.000958017,0.000135817,8.49252e-24
0,1.84149e+09,-2.75142e+07,3.0617e+08,-3.77426e+09,1.48367e+09,7.90615e+07,-1.45722e+09,0.000985178,0.000163798,-1.28723e-23
0,2.21918e+09,1.49596e+07,3.0917e+08,-4.23043e+08,-2.94641e+08,2.61192e+08,1.24007e+08,0.000900349,0.000125434,-2.21626e-28
0,1.72549e+09,2.06814e+07,2.99252e+08,1.53502e+09,6.12827e+08,-2.29623e+08,-1.1622e+09,0.0010035,0.000174037,5.99125e-25
0,1.99215e+09,7.47192e+06,3.07399e+08,1.16286e+08,-1.1854e+09,-2.40069e+08,-1.18236e+09,0.00108182,0.000166931,-7.53263e-25
0,1.90194e+09,-2.75688e+07,3.00269e+08,-3.46338e+09,-1.14552e+09,1.34218e+08,-1.42854e+09,0.00108052,0.000170587,-1.91587e-23
0,2.19081e+09,1.43201e+07,3.12186e+08,7.82424e+09,-1.68324e+09,9.11444e+07,-7.52091e+08,0.00102731,0.00014639,4.12904e-23
0,2.08438e+09,-1.54255e+07,3.25403e+08,-3.32725e+09,-1.42153e+08,-3.53759e+08,-8.73295e+08,0.000995592,0.000155427,-2.69394e-24
0,1.70565e+09,6.0627e+07,2.74516e+08,-1.80803e+09,-3.82196e+09,-5.39463e+08,-9.31714e+08,0.00113232,0.000182241,-1.97885e-22
0,2.01957e+09,1.94637e+07,3.15213e+08,-5.01088e+08,-5.95768e+08,-1.75661e+08,-1.0792e+09,0.00101025,0.000157678,-1.21399e-25
0,2.10307e+09,1.04697e+07,3.34285e+08,5.77082e+09,-5.28919e+07,5.78752e+07,-6.83084e+08,0.000955867,0.000151936,1.00181e-23
0,2.10443e+09,2.7838e+07,3.29451e+08,4.02835e+09,-3.52521e+08,4.2297e+08,-8.48629e+08,0.000994836,0.000155743,4.19867e-24
0,1.85433e+09,6.09139e+06,2.86203e+08,1.35266e+09,-1.07698e+09,-6.24911e+07,-1.19935e+09,0.00103842,0.000160274,1.96738e-24
0,1.79158e+09,7.23487e+06,2.74522e+08,2.87416e+09,1.83541e+08,-2.98064e+08,-1.30984e+09,0.00104194,0.000159656,6.16639e-24
0,2.25478e+09,-2.19606e+07,3.27179e+08,-4.10947e+09,-9.05086e+08,-9.42231e+07,-5.06919e+08,0.000972463,0.000141109,-2.49449e-24
0,1.84338e+09,1.43149e+07,3.13305e+08,-4.5642e+09,1.87994e+09,-6.21929e+08,-1.09446e+09,0.000934808,0.000158882,-2.36436e-23
0,1.93664e+09,1.13338e+07,3.10734e+08,2.01634e+09,-1.3008e+09,-1.78866e+08,-1.26148e+09,0.00108693,0.000174398,5.7082e-24
0,2.06693e+09,-5.34542e+06,3.41578e+08,-1.17464e+08,9.44181e+07,4.96838e+07,-4.68349e+08,0.000954311,0.000157708,7.06982e-28
0,2.18965e+09,1.42042e+07,3.33629e+08,5.46205e+09,-6.3087e+08,1.05164e+08,-6.45269e+08,0.000971143,0.00014797,7.18501e-24
0,1.99003e+09,-2.2977e+07,2.85975e+08,-4.9587e+09,-4.7628e+07,3.65525e+07,-1.19488e+09,0.0010151,0.000145874,-1.8975e-23
0,2.13632e+09,-1.80059e+07,3.24493e+08,-5.20933e+09,-5.87185e+08,-3.84273e+08,-8.3219e+08,0.000992891,0.000150814,-8.6226e-24
0,1.92544e+09,-2.98163e+07,3.16294e+08,1.09579e+09,7.35675e+08,5.78114e+08,-9.88094e+08,0.000974113,0.000160018,4.18228e-25
0,1.81655e+09,1.31077e+07,2.79793e+08,-2.41156e+09,-3.18824e+09,-4.81444e+08,-1.08954e+09,0.0011216,0.000172753,-1.04896e-22
0,2.11318e+09,1.2049e+07,3.368e+08,5.35689e+09,-2.16381e+08,3.06165e+08,-5.87408e+08,0.000962336,0.000153378,6.47116e-24
0,1.8688e+09,-1.31146e+07,2.91817e+08,5.1964e+09,6.53474e+08,2.35011e+08,-1.26813e+09,0.00101078,0.000157835,3.42854e-23
0,2.07568e+09,1.20211e+07,3.34551e+08,1.22111e+09,-5.41667e+07,3.34235e+07,-7.20204e+08,0.000968979,0.000156177,7.58257e-26
0,2.08741e+09,1.0343e+07,2.63297e+08,-1.95514e+09,-8.75965e+07,647874,3.43154e+08,0.000966322,0.000121888,2.12418e-25
0,1.91829e+09,1.77115e+07,2.94012e+08,-2.07897e+09,-1.66344e+08,-3.61407e+08,-1.31504e+09,0.00105982,0.000162436,-1.12436e-24
0,1.9614e+09,-1.63822e+07,3.2351e+08,-2.40866e+08,3.384e+07,1.20674e+08,-1.14006e+09,0.00101306,0.000167092,4.89944e-26
0,2.05987e+09,-4.59597e+06,3.42982e+08,1.00386e+08,1.07588e+08,2.78013e+07,-3.34526e+08,0.000953365,0.000158742,-2.47239e-28
0,1.80777e+09,-2.68339e+07,3.10284e+08,2.81693e+09,1.3538e+09,7.54067e+08,-1.21312e+09,0.000986564,0.000169333,1.14283e-23
0,2.20825e+09,-3.37313e+07,3.27179e+08,-6.93456e+09,-2.6582e+08,-1.95539e+08,-5.06919e+08,0.000952393,0.000141109,-9.60412e-24
0,2.2384e+09,1.73974e+07,2.93177e+08,3.59545e+09,-1.33468e+09,-1.86161e+08,-3.35676e+08,0.000970439,0.000127104,2.78607e-24
0,2.12907e+09,1.88016e+07,3.36773e+08,4.95097e+09,-3.21326e+08,5.11181e+08,-5.87662e+08,0.000971007,0.000153593,4.32603e-24
0,2.04167e+09,-1.29902e+07,3.31337e+08,-5.85758e+09,8.12053e+08,-3.13363e+08,-5.50137e+08,0.00098334,0.000159583,-1.42782e-23
0,1.9502e+09,2.05599e+06,3.16819e+08,9.70673e+07,-3.6022e+08,2.93802e+08,-1.29717e+09,0.00104729,0.000170137,1.02303e-25
0,2.19407e+09,-2.07712e+07,2.87929e+08,-3.3062e+09,-6.62458e+08,2.72849e+08,-3.02431e+08,0.000948544,0.000124478,-1.10854e-24
0,1.90531e+09,3.27267e+07,2.91184e+08,7.17589e+09,3.3479e+08,3.88231e+07,-1.42064e+09,0.00105874,0.000161805,1.07911e-22
0,2.24113e+09,4.89845e+06,3.04825e+08,-6.5347e+09,1.16794e+08,6.11137e+08,4.23619e+07,0.000927424,0.000126142,9.25687e-25
0,2.00234e+09,-2.79639e+07,3.19973e+08,-5.77026e+08,6.28492e+07,9.48366e+07,-1.15881e+09,0.00101246,0.00016179,8.81003e-26
0,1.90215e+09,1.7001e+07,3.07758e+08,-7.77476e+09,-1.17615e+09,-4.45113e+08,-8.95151e+08,0.0011059,0.000178929,-9.71493e-23
0,2.00686e+09,-3.38185e+06,3.33111e+08,-5.63582e+09,9.26531e+08,-4.28435e+08,-4.40441e+08,0.00096774,0.000160632,-1.2293e-23
0,2.13367e+09,2.0511e+07,3.33407e+08,3.67325e+09,-4.90354e+08,4.13922e+08,-7.28295e+08,0.000987366,0.000154286,2.26864e-24
0,2.06179e+09,-3.24291e+06,3.42087e+08,3.93814e+08,1.11721e+08,5.66156e+07,-4.3466e+08,0.000953868,0.000158264,-3.5112e-29
0,1.8957e+09,1.8292e+07,3.02851e+08,4.39233e+09,1.6841e+09,6.55683e+08,-1.1004e+09,0.000968763,0.000154767,2.27235e-23
0,2.26552e+09,-3.05403e+07,3.15166e+08,-7.87254e+09,-2.00234e+09,6.78253e+07,-7.39927e+08,0.00101991,0.000141883,-4.26017e-23
0,1.94339e+09,-2.45796e+07,2.57018e+08,-3.57953e+09,1.74239e+09,4.06966e+08,-7.13605e+08,0.000955722,0.000126396,4.0382e-25
0,2.01969e+09,-1.57831e+07,3.20795e+08,6.64488e+08,-1.8619e+08,-3.12126e+08,-9.2822e+08,0.00100903,0.000160268,-6.28774e-26
0,1.80687e+09,-1.54336e+07,2.79349e+08,-3.81114e+08,5.56676e+07,2.66188e+08,-1.6403e+09,0.00105173,0.000162602,4.13057e-25
0,1.92685e+09,3.64853e+07,2.95902e+08,1.90358e+09,3.44188e+08,1.07275e+08,-1.38152e+09,0.0010733,0.000164824,1.18491e-24
0,1.97507e+09,-6.75816e+07,2.83608e+08,-6.32651e+09,-9.6178e+08,3.93427e+08,-1.17669e+09,0.00108008,0.000155093,-6.86697e-23
0,1.76532e+09,1.22505e+07,2.79848e+08,2.14361e+08,1.62227e+09,-1.84473e+08,-1.51925e+09,0.00104263,0.000165283,-3.79421e-28
0,1.83135e+09,1.90151e+07,3.06713e+08,-8.23119e+09,-1.94934e+09,-3.17649e+08,-7.19912e+08,0.00107759,0.000180475,-1.30788e-22
0,2.00844e+09,-2.3735e+07,3.27469e+08,-1.16654e+09,-2.04201e+08,2.89797e+08,-9.30804e+08,0.00100834,0.000164407,-4.74667e-26
0,2.25849e+09,1.30625e+07,3.18898e+08,-1.68571e+09,-2.46924e+08,1.86265e+08,4.16671e+07,0.000884374,0.000124874,-5.5101e-27
0,1.74395e+09,-2.10935e+07,2.76512e+08,7.54444e+09,6.28098e+07,2.59947e+06,4.24481e+08,0.000939704,0.000148995,-3.30177e-23
0,2.16526e+09,8.28054e+06,3.35958e+08,1.56662e+09,-6.80095e+08,2.38672e+08,-6.34322e+08,0.00100379,0.000155747,2.97279e-25
0,1.94575e+09,-5.08014e+06,2.88437e+08,-3.45904e+09,-4.58644e+08,-6.9012e+07,-1.33213e+09,0.00104463,0.000154855,-8.84721e-24
0,2.10908e+09,-2.49757e+07,3.25681e+08,-5.10729e+09,-6.21018e+08,-3.38676e+08,-9.4469e+08,0.00100357,0.00015497,-1.07992e-23
0,1.85153e+09,-1.47394e+07,3.02876e+08,-2.98848e+09,-4.85193e+08,1.69892e+08,-1.54091e+09,0.00107285,0.000175499,-9.06477e-24
0,1.74152e+09,2.57462e+07,2.83277e+08,2.74321e+09,1.7183e+09,-1.72348e+08,-4.75332e+08,0.00121694,0.000197948,-7.58261e-24
0,2.27745e+09,-9.24599e+06,3.34455e+08,-4.76557e+09,-1.08819e+09,-1.88098e+08,-5.76996e+08,0.000984917,0.00014464,-4.23053e-24
0,2.19023e+09,-7.02183e+06,3.13139e+08,1.07783e+08,-2.00399e+09,1.27169e+07,-9.18666e+08,0.00106371,0.000152079,3.77964e-25
0,1.99184e+09,2.73059e+07,3.17604e+08,5.96275e+09,2.9891e+08,-5.35927e+07,-1.03515e+09,0.00105525,0.000168263,3.54708e-23
0,2.06548e+09,-1.99422e+06,3.43429e+08,6.16231e+08,5.14258e+07,6.66571e+07,-2.88608e+08,0.000955778,0.000158918,4.72215e-27
0,1.89139e+09,3.17247e+07,2.69231e+08,1.54072e+09,-4.12242e+08,-1.39323e+08,-1.25976e+09,0.00107404,0.000152885,5.86464e-25
0,2.23484e+09,-6.09921e+06,3.10184e+08,1.64173e+08,-1.24351e+09,8.39803e+06,-5.97569e+08,0.000974579,0.000135266,7.3133e-26
0,2.08459e+09,3.7895e+06,3.30244e+08,1.77374e+09,-3.69552e+08,-4.65114e+07,-8.54883e+08,0.000977878,0.000154917,4.11563e-25
0,1.94907e+09,2.50086e+07,3.13818e+08,-1.94027e+09,1.15447e+09,-7.32255e+08,-8.49664e+08,0.000929316,0.000149628,-1.99069e-24
0,1.98361e+09,-5.04984e+07,3.13114e+08,-4.27042e+09,3.2717e+08,-1.18208e+08,-1.26807e+09,0.00102774,0.00016223,-1.39474e-23
0,2.237e+09,-1.37278e+07,3.17722e+08,-4.79771e+09,-2.19682e+09,-9.35519e+07,-8.21911e+08,0.00106992,0.000151961,-2.37956e-23
0,1.8134e+09,2.58932e+07,3.07525e+08,-1.81919e+09,-3.38477e+08,6.92163e+08,7.06096e+08,0.000921997,0.000156357,2.35849e-25
0,2.04133e+09,-2.5784e+06,2.95264e+08,1.37945e+09,-1.77843e+09,-4.07425e+08,-1.39026e+09,0.00109577,0.000158495,2.33879e-24
0,1.73918e+09,2.93868e+07,2.65949e+08,4.99074e+09,2.4766e+09,-4.41723e+08,-1.49582e+09,0.00104793,0.000160246,2.7357e-23
0,1.85355e+09,7.6865e+07,2.8903e+08,-7.45232e+09,-1.54387e+09,-2.6455e+08,-1.11879e+09,0.00112434,0.000175321,-1.64575e-22
0,1.9211e+09,-3.23046e+07,2.82835e+08,-1.25244e+09,2.67665e+08,-5.30348e+07,-1.47396e+09,0.00107129,0.000157722,1.66436e-25
0,1.95652e+09,1.70132e+07,3.08528e+08,3.2719e+09,-4.0539e+08,-1.81536e+08,-1.13735e+09,0.00104144,0.000164226,6.58445e-24
0,2.02211e+09,-2.13266e+07,3.35425e+08,-5.83308e+09,1.85209e+08,-4.57678e+08,-6.40693e+08,0.000956172,0.000158609,-1.26216e-23
0,1.82319e+09,1.7229e+07,1.88887e+08,-4.44726e+08,-3.89038e+08,-2.73191e+08,-5.82629e+08,0.00114589,0.000118717,-7.38439e-26
0,2.02451e+09,-4.84966e+07,3.21349e+08,-5.21553e+09,4.68773e+08,-2.93087e+08,-1.05148e+09,0.00101103,0.000160481,-1.94517e-23
0,1.67804e+09,-7.79028e+07,2.87837e+08,-2.81206e+09,-2.69825e+09,-7.63123e+08,-7.55356e+08,0.00101458,0.000174032,-5.2618e-23
0,2.14897e+09,-1.3933e+07,3.35958e+08,-4.91731e+09,-5.4757e+08,-3.90407e+08,-6.34282e+08,0.000996218,0.000155743,-5.13061e-24
0,2.04227e+09,7.38814e+07,2.92317e+08,-1.42421e+10,-7.56424e+08,1.65038e+08,5.76409e+08,0.00101422,0.000145169,1.92026e-22
0,2.12411e+09,3.318e+06,3.22754e+08,4.94711e+09,-9.67352e+08,-1.51808e+08,-7.6161e+08,0.000979808,0.000148879,9.86719e-24
0,1.78709e+09,4.03272e+07,2.73993e+08,-2.47322e+09,2.61341e+08,-4.26328e+08,-6.5403e+08,0.00124046,0.000190185,-7.23222e-24
0,1.91812e+09,-5.09953e+07,3.06529e+08,-3.34495e+09,2.42112e+08,3.12146e+08,-1.35214e+09,0.00105221,0.000168151,-7.94609e-24
0,1.96083e+09,7.18644e+06,2.35903e+08,4.08983e+08,1.77598e+08,5.43836e+07,-7.40269e+08,0.00102973,0.000123885,-1.55102e-26
0,1.87648e+09,-7.402e+07,2.85711e+08,-1.78144e+10,6.25658e+08,1.9452e+07,-9.21908e+08,0.00106818,0.000162641,-1.24257e-21
0,1.89603e+09,9.51327e+07,3.00472e+08,-1.663e+10,-2.49481e+09,3.64786e+07,5.32447e+08,0.000933875,0.000147995,2.34338e-22
0,2.17131e+09,-1.51743e+07,3.31824e+08,-5.35848e+09,-4.21715e+08,-5.80554e+08,-4.38348e+08,0.000983647,0.000150323,-3.13982e-24
0,2.11547e+09,758859,3.36081e+08,9.19079e+08,-4.58961e+08,5.61015e+07,-6.52137e+08,0.000986987,0.000156801,7.28524e-26
0,1.8972e+09,7.4069e+07,2.87902e+08,5.31741e+09,8.3495e+08,-1.07084e+09,-1.34339e+09,0.00105514,0.000160118,2.74306e-23
0,2.04503e+09,-8.10049e+07,3.09003e+08,-1.33591e+10,5.49165e+08,6.57246e+07,-8.79382e+08,0.000970869,0.000146698,-2.00106e-22
0,1.82627e+09,-8.79864e+06,2.88367e+08,-2.92268e+08,6.12784e+08,1.30292e+08,-1.63732e+09,0.00105766,0.000167005,1.58813e-25
0,2.12582e+09,-5.21599e+07,3.16088e+08,-1.31426e+10,-8.68659e+08,-2.76154e+08,-8.62458e+08,0.00100959,0.000150115,-1.79961e-22
0,1.84284e+09,-3.44799e+07,2.95001e+08,-6.53112e+07,7.16432e+08,1.59164e+08,-1.11227e+09,0.00104808,0.000167776,-6.73579e-27
0,1.89554e+09,-1.11941e+07,3.2226e+08,-2.71907e+08,5.68101e+08,3.27688e+08,-1.1164e+09,0.000991104,0.000168497,2.30659e-27
0,1.97306e+09,2.99364e+07,3.31021e+08,2.43776e+09,1.54648e+08,1.91332e+08,-5.16649e+08,0.000945852,0.000158686,7.77451e-25
0,1.89413e+09,1.21638e+07,3.2725e+08,-2.76262e+09,1.23961e+09,-2.53809e+08,-8.36207e+08,0.000923982,0.000159637,-2.66297e-24
0,2.24804e+09,-4.06027e+07,3.12534e+08,-3.81594e+09,-3.38827e+08,5.28217e+08,-2.2949e+08,0.00090743,0.000126156,-7.83106e-25
0,2.05969e+09,801568,3.41964e+08,4.71489e+08,4.21076e+07,4.5609e+07,-3.80058e+08,0.000959876,0.000159365,1.27728e-27
0,2.1394e+09,-3.38135e+07,3.10246e+08,-1.0393e+10,-2.06144e+09,-4.74827e+08,-1.06068e+09,0.00107551,0.000155965,-1.50913e-22
0,2.10189e+09,-9.56372e+06,3.19078e+08,-3.14046e+09,-1.06268e+09,-5.67658e+08,-6.31266e+08,0.000984141,0.000149397,-1.00609e-24
0,1.929e+09,-3.30131e+07,3.01995e+08,-3.86369e+08,1.23467e+08,1.80177e+07,-9.63887e+08,0.00104544,0.000163669,5.07531e-26
0,1.67747e+09,-1.10136e+08,2.96828e+08,1.81687e+09,-3.83145e+08,-3.6957e+08,-4.0301e+08,0.000995057,0.000176076,9.38029e-25
0,2.1277e+09,-4.38903e+07,3.24739e+08,-9.43183e+09,-2.29704e+08,-4.16671e+08,-8.64143e+08,0.000978544,0.000149349,-5.66742e-23
0,2.08494e+09,3.6094e+07,2.84215e+08,2.62133e+09,-2.33295e+09,-7.60609e+08,-1.23975e+09,0.00112226,0.000152985,1.49838e-23
0,2.0014e+09,-5.4505e+07,2.80083e+08,-3.5477e+09,-7.29721e+08,5.06026e+08,-1.08651e+09,0.00106754,0.000149395,-9.80888e-24
0,1.65162e+09,-5.46197e+06,2.59075e+08,-1.69995e+08,1.32249e+09,3.08759e+08,-1.56321e+09,0.00109428,0.00017165,-1.51402e-26
0,2.07689e+09,-2.71664e+07,3.12599e+08,-5.516e+08,-6.97681e+08,-2.32384e+08,-9.88106e+08,0.00103425,0.000155669,-2.17366e-25
0,2.11083e+09,-3.13022e+07,3.10374e+08,-8.76201e+09,-1.39299e+09,-5.94483e+08,-1.04819e+09,0.00104302,0.000153364,-6.86919e-23
0,1.80969e+09,4.31429e+07,3.20456e+08,6.11393e+08,1.82559e+09,-9.09315e+07,-7.82949e+08,0.000919521,0.000162827,-3.21394e-25
0,2.09785e+09,-1.69731e+07,3.19763e+08,-3.91657e+09,-1.00314e+09,-5.65273e+08,-5.59936e+08,0.000968638,0.000147644,-1.2727e-24
0,2.07267e+09,-4.94865e+07,3.13419e+08,-1.37694e+10,-1.18481e+09,-6.34328e+08,-9.79229e+08,0.00103575,0.000156621,-2.70747e-22
0,2.11505e+09,-3.57479e+07,3.33318e+08,-6.63589e+09,2.00665e+08,-5.4781e+08,-6.39938e+08,0.000931065,0.000146729,-1.31311e-23
0,1.96755e+09,-2.46062e+07,3.10412e+08,-3.50483e+09,5.58056e+08,3.2221e+08,-1.24786e+09,0.00102339,0.000161455,-6.59292e-24
0,2.08546e+09,-1.70993e+07,3.12658e+08,-2.35289e+09,-1.23023e+09,-2.47838e+08,-8.73117e+08,0.00104663,0.000156913,-3.22858e-24
0,1.85371e+09,2.12091e+07,3.26379e+08,1.05312e+08,-6.22974e+08,-4.52139e+08,-1.10556e+09,0.00104243,0.000183538,-5.0493e-25
0,2.19468e+09,-1.58393e+07,3.20866e+08,-3.40637e+09,-1.3989e+09,-3.01746e+08,-7.69636e+08,0.00104284,0.000152466,-4.91195e-24
0,2.00964e+09,3.29747e+07,3.33804e+08,5.91262e+09,-1.02316e+09,5.6625e+08,-1.93993e+08,0.000968748,0.00016091,-1.586e-24
0,2.09938e+09,-1.14744e+07,3.36567e+08,-3.19696e+09,-6.1192e+08,2.02352e+07,-5.68764e+08,0.000981514,0.000157354,-1.95e-24
0,2.03622e+09,1.13979e+07,2.87028e+08,1.16967e+09,-1.98089e+09,-9.1883e+08,-1.18623e+09,0.001095,0.000154353,-3.89247e-24
0,2.24816e+09,-2.87883e+07,3.22893e+08,-8.05176e+09,-1.45451e+09,-2.42371e+07,-6.64573e+08,0.000988881,0.000142028,-2.77697e-23
0,2.14593e+09,-2.54496e+07,3.21174e+08,-4.84548e+09,-8.44256e+08,-3.34026e+08,-5.27747e+08,0.000951984,0.00014248,-3.34209e-24
0,2.23054e+09,4.21747e+06,3.20084e+08,2.026e+09,-1.54449e+09,-1.1923e+08,-5.38634e+08,0.000989653,0.000142016,1.82028e-24
0,1.77699e+09,-5.39035e+06,2.89099e+08,2.77935e+09,3.06217e+08,1.3107e+08,-1.70135e+09,0.00107249,0.000174484,7.86252e-24
0,2.04988e+09,-3.89866e+06,3.30212e+08,-5.01347e+09,-7.67372e+08,-4.62377e+08,-5.67428e+08,0.00108024,0.000174014,-7.83315e-24
0,1.86072e+09,-5.71169e+07,2.91685e+08,9.88933e+09,4.85554e+08,1.69716e+08,-1.40167e+08,0.00110307,0.000172917,4.66005e-23
0,2.07742e+09,-5.89272e+07,3.04939e+08,-9.42916e+09,-8.39905e+08,-9.8214e+07,-8.91689e+08,0.000999662,0.000146738,-7.71825e-23
0,2.11454e+09,-1.98758e+07,3.09011e+08,-6.16129e+08,-6.02616e+08,-1.9792e+08,-9.95038e+08,0.00101414,0.000148202,-1.16927e-25
0,2.19005e+09,-3.49651e+07,3.20294e+08,-1.10006e+10,-1.41266e+09,-3.81906e+08,-7.66724e+08,0.00100789,0.000147404,-7.61753e-23
0,1.85623e+09,9.60901e+06,2.87132e+08,-1.31825e+10,-1.53761e+09,1.16978e+08,-6.073e+08,0.00108707,0.000168153,-4.49182e-22
0,1.87687e+09,-7.35334e+06,3.3176e+08,-3.33537e+09,3.59971e+08,-2.02918e+08,-9.42074e+08,0.000992002,0.000175349,-5.83106e-24
0,2.13656e+09,-6.01603e+06,3.41647e+08,-8.85965e+08,-1.67303e+08,-2.30852e+08,-4.37301e+08,0.000970149,0.000155132,-7.41112e-27
0,1.69437e+09,9.9658e+06,2.63324e+08,1.40941e+09,4.27785e+08,4.36388e+07,-1.65493e+09,0.00111055,0.000172592,-3.26438e-25
0,2.2179e+09,5.63092e+07,3.07683e+08,9.23938e+09,-1.26978e+09,-3.79763e+08,-6.91781e+08,0.000990207,0.000137368,5.08466e-23
0,2.23667e+09,263460,3.34734e+08,1.84266e+09,-1.10705e+09,8.02541e+07,-6.39177e+08,0.0010135,0.000151678,9.66787e-25
0,2.11381e+09,-4.50108e+07,3.17183e+08,-9.40222e+09,-8.02523e+08,-3.47421e+08,-8.29963e+08,0.000993164,0.000149027,-5.76169e-23
0,2.03044e+09,-1.73877e+06,3.31076e+08,-3.97707e+09,-9.51904e+08,-6.06037e+08,-9.47146e+08,0.00105593,0.000172177,-5.87618e-24
0,2.06487e+09,5.14542e+07,3.13581e+08,-1.20579e+10,-4.29448e+08,-4.21636e+08,7.48987e+08,0.00101356,0.000153923,1.58515e-22
0,1.83249e+09,3.17577e+06,3.26046e+08,-1.40445e+09,8.24244e+08,-2.18903e+07,-1.1566e+09,0.000981917,0.000174708,-5.07242e-25
0,2.1598e+09,-6.11727e+06,3.42476e+08,-2.31769e+09,-1.53035e+08,-4.02892e+08,-2.9926e+08,0.000966026,0.000153181,-1.44701e-25
0,2.00651e+09,-2.89617e+07,3.2237e+08,-1.04136e+09,4.18619e+08,3.69101e+07,-9.79707e+08,0.000960074,0.000154248,-4.75955e-26
0,2.05226e+09,-4.87118e+07,2.96985e+08,-1.36001e+10,-2.12353e+09,-5.54647e+08,-9.5434e+08,0.00106247,0.000153751,-3.18062e-22
0,2.22698e+09,-3.03352e+07,3.195e+08,-5.01464e+09,-1.02261e+09,1.35795e+06,-5.24949e+08,0.000958699,0.000137542,-5.00031e-24
0,2.03764e+09,-3.50458e+07,3.19832e+08,-1.03794e+10,-9.80198e+08,-5.5595e+08,-8.82374e+08,0.00102065,0.000160204,-1.04289e-22
0,2.11931e+09,-5.02329e+07,2.92758e+08,-1.03184e+10,-1.97519e+09,-2.16707e+08,-9.22301e+08,0.00103923,0.000143559,-1.29569e-22
0,2.11568e+09,1.70429e+06,3.18281e+08,4.84891e+09,-9.84572e+08,-2.48453e+08,-7.59203e+08,0.00101802,0.00015315,1.20757e-23
0,2.00012e+09,-3.69539e+07,2.99555e+08,2.44222e+09,2.47749e+09,-6.12557e+08,1.83802e+08,0.00111837,0.000167497,-1.48185e-23
0,2.02929e+09,-2.35366e+07,2.96921e+08,-5.87527e+08,-1.60317e+09,3.38153e+07,-1.39404e+09,0.00110839,0.000162177,-1.63998e-24
0,1.87313e+09,1.89572e+06,3.31546e+08,8.1944e+08,3.37058e+08,-496140,-9.33423e+08,0.000990533,0.000175326,7.43596e-27
0,2.18877e+09,-3.17551e+07,3.14838e+08,-6.6233e+09,-1.15185e+09,-2.45022e+08,-7.88979e+08,0.00099204,0.000142697,-1.75443e-23
0,2.13926e+09,-1.48844e+07,3.1686e+08,2.06675e+09,-1.0319e+09,-2.39746e+08,-7.6615e+08,0.00101061,0.000149688,1.43621e-24
0,2.07573e+09,-5.61941e+07,3.3016e+08,-6.68066e+09,1.69636e+09,-2.08475e+08,-4.59179e+08,0.00086573,0.000137701,-7.36217e-24
0,1.83149e+09,6.57885e+06,2.66368e+08,4.00139e+09,-1.11062e+09,5.10899e+08,-1.69373e+09,0.00113669,0.000165318,3.61271e-23
0,1.91357e+09,-5.28218e+07,3.1389e+08,-1.0867e+10,1.47993e+07,-4.80706e+08,-7.29722e+08,0.000944451,0.000154922,-1.08867e-22
0,2.18699e+09,-1.21763e+07,3.4264e+08,-5.69816e+09,-9.01943e+07,-5.85492e+08,-3.11253e+08,0.000937519,0.000146883,-2.85407e-24
0,2.02949e+09,-5.58145e+07,3.22667e+08,-1.04686e+10,2.54624e+08,-4.56524e+08,-7.64929e+08,0.000950439,0.000151109,-8.20376e-23
0,2.11009e+09,-3.39512e+07,3.29721e+08,-9.19648e+09,-4.93493e+08,-6.45363e+08,-9.01796e+08,0.000998639,0.000156047,-5.71169e-23
0,2.17189e+09,-4.36999e+07,3.22819e+08,-8.17646e+09,-5.80015e+08,-1.73796e+08,-8.38551e+08,0.000973207,0.000144653,-3.19794e-23
0,1.93148e+09,6.61098e+06,3.31126e+08,2.32994e+09,2.07699e+08,1.73056e+07,-9.4306e+08,0.00100836,0.000172869,1.59286e-24
0,2.18441e+09,-1.8973e+07,3.35728e+08,-2.50285e+09,-9.67983e+07,-2.14541e+08,-5.0161e+08,0.000959269,0.000147432,-4.55154e-25
0,1.9767e+09,-8.40162e+07,3.15949e+08,-9.74989e+09,2.35806e+09,6.41453e+07,-5.19789e+08,0.000877408,0.000140242,-1.84817e-23
0,2.12033e+09,-5.53693e+07,3.0099e+08,-1.04255e+10,-1.65203e+09,3.15576e+07,-1.1248e+09,0.0010679,0.000151593,-1.89959e-22
0,2.29311e+09,-1.75381e+07,3.1993e+08,-5.09659e+09,-1.99839e+09,-4.06758e+07,-5.99085e+08,0.00100087,0.000139639,-1.21234e-23
0,2.17147e+09,-1.81341e+07,3.18364e+08,-1.30292e+10,-1.65832e+09,-5.39085e+08,-4.84057e+08,0.00101462,0.000148755,-6.70775e-23
0,2.04677e+09,-7.19226e+07,3.07321e+08,-1.28665e+10,-3.09353e+08,-1.53459e+08,-1.08792e+09,0.00102528,0.000153945,-2.87723e-22
0,2.18842e+09,-9.82436e+06,3.43263e+08,-6.92374e+09,6.24167e+06,-6.63714e+08,-1.77554e+08,0.00090876,0.000142543,-2.8588e-24
0,2.16778e+09,-4.64557e+07,3.1831e+08,-4.74747e+09,6.33689e+07,1.28247e+08,-6.7528e+08,0.000934834,0.000137268,-4.18573e-24
0,2.10047e+09,-1.11795e+07,3.26465e+08,4.1381e+08,-6.27456e+08,-2.32911e+08,-9.79862e+08,0.00102421,0.000159188,-8.77759e-26
0,1.89759e+09,-5.32029e+07,2.86957e+08,-5.15869e+09,-9.09243e+08,6.67562e+08,-1.52771e+09,0.00113629,0.000171831,-7.23463e-23
0,2.01329e+09,-5.64112e+07,3.25816e+08,-7.9019e+09,1.72541e+09,-2.63285e+08,-3.39717e+08,0.000883181,0.000142927,-1.28512e-23
0,2.139e+09,-3.24467e+07,3.37205e+08,-7.59324e+09,8.30792e+08,-4.51897e+08,-3.18442e+08,0.000888508,0.00014007,-1.02164e-23
0,2.08421e+09,-4.38188e+07,3.31101e+08,-5.86276e+09,1.46718e+09,-1.91519e+08,-2.48481e+08,0.000871742,0.000138487,-2.6544e-24
0,2.18982e+09,-1.81876e+07,3.26594e+08,-4.54824e+09,-1.2174e+09,-3.17248e+08,-8.6153e+08,0.00101637,0.000151583,-7.60967e-24
0,2.15901e+09,-2.33597e+07,3.37807e+08,-4.58251e+09,8.26717e+08,-2.87183e+08,-1.21459e+08,0.00086671,0.000135609,-1.00231e-24
0,1.87055e+09,-3.81229e+07,2.76965e+08,-6.97227e+09,2.0148e+08,1.22939e+08,-1.45612e+09,0.00108012,0.000159929,-1.20511e-22
0,1.70148e+09,-4.15786e+07,2.76323e+08,-5.08804e+09,1.87388e+09,9.78559e+07,-1.51746e+09,0.0010311,0.000167452,-5.97037e-23
0,1.6594e+09,-4.94543e+06,2.75622e+08,5.5726e+08,1.07524e+09,-2.98657e+08,-1.40641e+09,0.00100311,0.000166615,-2.18141e-26
0,1.14504e+09,2.07877e+06,2.28194e+08,3.54624e+10,7.04827e+06,8.71827e+07,-5.53892e+07,0.000986119,0.000196523,4.68518e-21
0,1.46229e+09,-3.1498e+06,2.39813e+08,2.28925e+10,-1.23049e+09,-1.03002e+08,-8.6885e+08,0.00111252,0.00018245,1.09906e-20
0,2.02885e+09,-5.55437e+07,2.44036e+08,1.1003e+10,-1.20037e+09,2.21585e+08,-6.93882e+08,0.00143066,0.000172085,6.22719e-22
