0,7.67119e+08,-1.06829e+06,2.28921e+08,7.93509e+09,-3.41194e+08,4.25516e+07,-8.06988e+07,0.000655963,0.00019575,7.02266e-23
0,1.96203e+09,-6.75419e+07,3.14804e+08,-2.25828e+09,2.19063e+09,-2.3697e+07,-5.24972e+08,0.000856948,0.000137495,1.54598e-24
0,2.1042e+09,3.01755e+07,3.09275e+08,1.74393e+09,1.06001e+09,-5.91243e+08,-1.66201e+08,0.00090439,0.000132927,-2.07395e-25
0,1.89441e+09,9.08192e+07,2.25985e+08,7.2708e+09,1.92735e+09,-1.18488e+09,-3.35666e+08,0.00102954,0.000122814,-3.6736e-23
0,1.18087e+09,-6.12177e+06,2.3067e+08,-3.64884e+10,2.68371e+08,-9.67105e+07,-7.41621e+07,0.00100538,0.00019639,-6.63177e-21
0,2.33414e+09,-2865.79,3.45115e+08,-5.16321e+06,-2.68136e+07,-246536,-1.17196e+07,0.000858008,0.000126861,-9.44301e-33
0,2.07139e+09,8.9354e+07,3.01152e+08,1.1989e+10,1.01872e+09,-6.04487e+08,-6.10655e+08,0.000943332,0.000137148,6.26958e-23
0,2.19387e+09,4.64542e+07,3.08682e+08,8.17177e+09,-9.85666e+08,-2.01563e+08,-5.45508e+08,0.000963174,0.000135521,2.35478e-23
0,2.13445e+09,7.00349e+07,2.98394e+08,1.22289e+10,-6.30978e+08,-4.19578e+08,-6.35563e+08,0.000994909,0.000139088,1.12664e-22
0,2.26522e+09,1.85646e+06,3.03078e+08,-1.04359e+09,-2.54605e+09,-1.78473e+08,-6.04647e+08,0.00101612,0.000135953,-4.25756e-24
0,2.23e+09,-2.91523e+07,3.025e+08,-5.89667e+09,-2.02743e+09,1.91835e+08,-5.69959e+08,0.0010175,0.000138024,-2.25637e-23
0,2.16088e+09,7.34522e+07,2.75442e+08,-8.01084e+09,-1.56522e+09,2.22669e+08,1.23382e+08,0.00113615,0.000144822,-8.38186e-24
0,2.01721e+09,6.95862e+07,2.75388e+08,-1.2658e+10,-2.81447e+09,3.91718e+08,1.59536e+08,0.00108867,0.000148625,-1.22365e-22
0,2.08011e+09,-5.31541e+07,3.07415e+08,-7.3069e+09,2.42259e+08,2.36899e+08,-6.39902e+08,0.000930535,0.000137522,-1.71269e-23
0,2.11525e+09,4.22724e+07,3.33683e+08,1.08837e+10,6.21346e+08,5.86995e+08,-5.32858e+08,0.000924419,0.000145828,5.25811e-23
0,2.01928e+09,-1.08497e+07,2.74336e+08,1.42898e+09,-2.99528e+09,4.05138e+08,-1.93153e+07,0.00103991,0.000141281,1.42611e-23
0,2.1153e+09,7.33889e+07,3.04158e+08,8.88695e+09,3.2436e+08,-5.30416e+08,-6.47069e+08,0.000934097,0.000134313,2.76939e-23
0,1.93582e+09,-5.10021e+07,2.8869e+08,-7.50716e+09,2.32444e+08,3.86403e+08,-8.0906e+08,0.000967057,0.000144218,-4.01876e-23
0,2.11395e+09,5.95716e+07,3.21152e+08,1.00576e+10,6.64002e+08,3.64786e+07,-5.82213e+08,0.000927456,0.000140899,3.89862e-23
0,2.3318e+09,4.53772e+06,3.35141e+08,1.08155e+09,-8.26046e+08,-3.55453e+07,-1.92121e+08,0.000901688,0.000129596,6.51666e-26
0,2.00541e+09,-6.97866e+06,2.72217e+08,-5.68164e+08,-2.60553e+09,6.63744e+08,4.01594e+07,0.00105857,0.000143692,2.37078e-24
0,2.09919e+09,8.17519e+07,3.05153e+08,1.02214e+10,4.7156e+08,-4.39058e+08,-8.64155e+08,0.000958217,0.000139293,6.78311e-23
0,2.04389e+09,7.28534e+07,3.02072e+08,1.18568e+10,3.02056e+08,-5.02473e+08,-8.00706e+08,0.00094972,0.000140362,1.09604e-22
0,1.98947e+09,7.98569e+07,3.00775e+08,1.10008e+10,1.50119e+08,6.21368e+07,-1.02131e+09,0.00100327,0.000151678,1.76367e-22
0,2.13399e+09,5.19482e+07,3.1619e+08,9.02885e+09,-4.32919e+08,7.23862e+07,-7.58096e+08,0.000973202,0.000144198,4.35247e-23
0,1.89447e+09,2.81302e+07,2.6211e+08,1.14823e+10,1.93816e+09,-6.49067e+08,-4.57752e+08,0.000992055,0.000137256,2.25044e-23
0,2.19886e+09,2.6967e+07,3.25323e+08,1.8037e+09,9.27414e+08,7.37416e+08,3.59159e+07,0.000934173,0.000138212,4.5526e-25
0,2.17371e+09,4.23216e+07,3.27553e+08,8.26279e+09,1.05392e+07,1.66801e+08,-5.60389e+08,0.000927729,0.000139798,1.78239e-23
0,2.18896e+09,3.71942e+07,3.31208e+08,8.41891e+09,-7.82448e+07,2.66481e+08,-5.88152e+08,0.000932614,0.000141112,1.92931e-23
0,2.12229e+09,3.43821e+07,3.36741e+08,9.71308e+09,3.48224e+08,6.85562e+08,-5.0399e+08,0.000915949,0.000145333,3.185e-23
0,2.19226e+09,3.5729e+07,3.23754e+08,7.7391e+09,-6.71762e+08,2.23856e+08,-6.2015e+08,0.000950773,0.000140411,1.64611e-23
0,2.11093e+09,7.31248e+07,3.10088e+08,1.07496e+10,3.83297e+08,-2.72096e+08,-7.03882e+08,0.000944013,0.000138672,5.98649e-23
0,2.19058e+09,3.17321e+07,3.31928e+08,6.68653e+09,-2.28376e+08,3.0646e+08,-5.69994e+08,0.000931455,0.000141139,8.82257e-24
0,2.32812e+09,7.50569e+06,3.33474e+08,1.66575e+09,-9.3384e+08,-6.52016e+07,-2.47446e+08,0.000911562,0.00013057,1.88385e-25
0,2.17736e+09,3.11016e+07,3.27417e+08,1.13974e+09,3.65022e+08,8.18579e+08,3.83776e+07,0.000935292,0.000140643,1.89343e-25
0,2.29167e+09,2.11348e+07,3.2321e+08,6.81926e+09,-1.62179e+09,4.63929e+07,-5.25429e+08,0.000978809,0.000138049,1.37857e-23
0,2.09924e+09,6.83463e+07,3.2024e+08,8.47321e+09,1.25683e+09,-1.55485e+08,-6.31318e+08,0.000910697,0.000138927,2.04622e-23
0,1.5745e+09,8.88876e+06,2.75997e+08,3.18071e+09,-1.42964e+09,-8.72069e+08,-8.14423e+07,0.00101975,0.000178754,1.53649e-23
0,2.21449e+09,3.35534e+07,3.29508e+08,8.89351e+09,-6.46593e+08,2.50608e+08,-6.66077e+08,0.00095778,0.000142514,2.64667e-23
0,2.13444e+09,6.98799e+07,3.05248e+08,1.24154e+10,-5.11726e+08,-2.32322e+08,-8.08218e+08,0.0009817,0.000140393,1.3189e-22
0,1.57909e+09,2.37054e+07,1.0507e+08,-2.52357e+09,-6.09441e+07,2.68143e+08,1.08249e+07,0.00133318,8.87077e-05,-1.40035e-25
0,1.9912e+09,2.22445e+07,2.49863e+08,1.03518e+10,5.51624e+06,-4.57713e+08,-1.97956e+08,0.00111854,0.000140358,4.86677e-23
0,2.15351e+09,4.11067e+07,3.19064e+08,5.68856e+09,-3.78049e+08,1.63322e+08,-7.04311e+08,0.000950645,0.000140848,8.2839e-24
0,2.12631e+09,6.2819e+07,3.08523e+08,1.18578e+10,-5.1555e+08,-7.13127e+07,-7.4687e+08,0.000974116,0.000141342,1.02161e-22
0,2.09042e+09,2.61583e+07,3.15019e+08,1.6281e+09,-1.0814e+09,-4.76656e+07,-1.06102e+09,0.00102408,0.000154324,1.40823e-24
0,2.20939e+09,2.2537e+07,3.3641e+08,3.60319e+09,1.43193e+07,2.75024e+08,-3.91894e+08,0.000894149,0.000136147,7.79764e-25
0,2.02462e+09,3.0337e+07,2.94732e+08,3.1744e+09,-1.61012e+09,1.20784e+08,-1.23774e+09,0.00108254,0.00015759,1.55323e-23
0,2.26575e+09,8.77871e+06,3.38981e+08,2.67588e+09,-6.38523e+08,1.48234e+08,-3.94531e+08,0.000970884,0.000145255,4.64939e-25
0,1.90571e+09,3.48841e+07,3.15505e+08,5.64881e+09,1.98393e+09,-1.39383e+08,-7.639e+08,0.000880915,0.000145842,6.22288e-24
0,2.04261e+09,1.45227e+07,3.19794e+08,9.24756e+09,-8.73464e+08,3.35714e+08,-4.9399e+08,0.000929388,0.000145506,2.58662e-23
0,2.16768e+09,2.81028e+07,3.24903e+08,4.27433e+09,-7.44022e+08,2.1714e+08,-7.01887e+08,0.000964983,0.000144637,3.68084e-24
0,1.99404e+09,5.97076e+07,3.02653e+08,5.30092e+09,-4.83924e+08,-1.22647e+08,-1.28316e+09,0.00105947,0.000160805,3.21509e-23
0,2.21977e+09,2.9634e+07,3.30105e+08,5.25882e+09,-3.59845e+08,1.41826e+08,-5.02746e+08,0.000922991,0.000137259,3.45295e-24
0,2.17078e+09,2.71927e+07,3.31275e+08,4.77782e+09,-3.27774e+08,2.42482e+08,-6.76284e+08,0.000969572,0.000147963,4.78519e-24
0,2.29597e+09,2.00585e+07,3.24591e+08,6.12881e+09,-1.56576e+09,2.45802e+07,-5.25305e+08,0.000975323,0.000137886,1.03415e-23
0,2.10366e+09,5.16827e+07,3.25006e+08,-1.21778e+08,-9.65268e+08,9.18707e+08,-3.04556e+07,0.000934752,0.000144415,4.71706e-26
0,2.10438e+09,4.98353e+07,3.23928e+08,9.59807e+09,1.05339e+08,2.1158e+08,-6.26493e+08,0.000953779,0.000146816,4.26401e-23
0,2.16237e+09,1.80387e+07,3.21542e+08,2.75439e+09,-9.92478e+08,3.125e+08,-7.88508e+08,0.000990823,0.000147335,1.65192e-24
0,1.88056e+09,-5.17457e+07,2.69846e+08,1.48552e+10,-8.68199e+08,1.08198e+08,8.11792e+07,0.00100525,0.000144246,-5.45176e-23
0,1.84158e+09,3.07703e+07,2.90115e+08,5.91591e+09,2.56682e+09,3.02995e+08,-9.19075e+08,0.000919446,0.000144845,2.17681e-23
0,2.06602e+09,5.01532e+07,3.16076e+08,1.06722e+10,-6.53057e+08,4.32743e+08,-8.79547e+08,0.00102438,0.000156717,1.16486e-22
0,2.11034e+09,1.72011e+07,3.04765e+08,-7.60854e+09,-2.11059e+09,-3.535e+07,-7.32746e+08,0.00105737,0.0001527,-6.64416e-23
0,2.18162e+09,1.66017e+07,3.1703e+08,-1.48539e+09,-9.46865e+08,2.82882e+07,-7.20415e+08,0.000987262,0.000143468,-5.42832e-25
0,2.10014e+09,7.60071e+06,3.1009e+08,3.41802e+08,-1.29972e+09,1.82648e+06,-1.00038e+09,0.00104364,0.000154095,3.59819e-25
0,2.12327e+09,3.89441e+07,3.05256e+08,5.49897e+09,-1.54485e+09,-1.70601e+07,-9.85613e+08,0.00104528,0.000150276,2.77406e-23
0,2.11128e+09,3.79449e+07,3.26113e+08,3.80875e+09,-5.0869e+07,1.66662e+08,-8.87223e+08,0.000986781,0.00015242,4.07873e-24
0,1.91276e+09,-1.14526e+07,2.95511e+08,-2.15392e+09,-8.51641e+08,-6.17249e+06,-1.32712e+09,0.00108251,0.000167241,-3.97306e-24
0,2.21081e+09,2.63789e+07,3.2697e+08,8.21466e+09,-9.58338e+08,2.3108e+08,-4.62606e+08,0.000967614,0.000143106,1.50251e-23
0,1.8916e+09,2.38418e+07,3.05363e+08,8.70097e+08,-1.00153e+09,-2.26892e+08,-1.42195e+09,0.00108465,0.000175096,6.58141e-27
0,2.15286e+09,2.44838e+07,3.02863e+08,4.04952e+09,-2.18239e+09,3.95394e+07,-1.07612e+09,0.00107548,0.000151297,2.62915e-23
0,2.08093e+09,1.99047e+07,3.27732e+08,-2.31807e+09,1.59722e+08,-1.16848e+08,-8.16273e+08,0.000959648,0.000151138,-7.72612e-25
0,2.11859e+09,2.45713e+07,3.34438e+08,4.98091e+09,5.29422e+07,4.74913e+08,-5.75141e+08,0.000927424,0.000146402,4.52101e-24
0,2.02811e+09,1.21109e+07,3.2379e+08,4.75293e+09,-5.93258e+08,1.96324e+08,-6.10879e+08,0.000940996,0.000150231,5.26028e-24
0,1.88213e+09,4.24811e+07,2.5011e+08,3.33711e+09,-8.71392e+08,-4.35223e+08,-8.60468e+08,0.00113191,0.000150416,1.43143e-23
0,2.13183e+09,1.90216e+07,3.00713e+08,4.39626e+09,-2.16447e+09,2.42027e+08,-1.03866e+09,0.00106361,0.000150032,2.69746e-23
0,2.24526e+09,-4.86739e+06,3.26651e+08,-4.08086e+09,-1.42037e+09,6.52727e+07,-5.31568e+08,0.000978991,0.000142428,-4.75497e-24
0,2.20726e+09,-1.97448e+06,3.36072e+08,-2.59616e+09,-7.16377e+08,-2.50051e+08,-5.34111e+08,0.000985904,0.000150112,-6.54577e-25
0,2.02472e+09,-2.27416e+07,2.93796e+08,-4.18266e+09,-8.57213e+08,3.01915e+08,-1.2911e+09,0.00108272,0.000157107,-1.91262e-23
0,1.93794e+09,-2.05357e+06,3.277e+08,-1.97146e+09,-3.34366e+08,-3.34423e+08,-1.00073e+09,0.00101106,0.000170967,-7.07913e-25
0,2.32285e+09,8.74223e+06,3.37585e+08,1.85122e+09,-4.70596e+08,-6.23879e+07,-1.64626e+08,0.000889004,0.000129201,6.1332e-26
0,2.03167e+09,-9.59581e+06,3.20219e+08,-1.94649e+09,-2.81628e+08,3.23009e+08,-9.41597e+08,0.000994385,0.000156729,-6.33985e-25
0,2.08945e+09,-1.84455e+06,3.25814e+08,-2.40538e+09,-5.65495e+08,3.63518e+07,-7.63268e+08,0.000978456,0.000152573,-1.1182e-24
0,1.90725e+09,5.38286e+06,3.09101e+08,-1.83416e+08,-1.0687e+09,-1.48629e+08,-1.36347e+09,0.00109002,0.000176655,-8.75295e-25
0,2.05297e+09,8.48435e+07,3.1135e+08,9.42313e+09,1.61336e+09,-3.4254e+08,-6.88239e+08,0.000915552,0.000138851,2.87029e-23
0,1.85797e+09,1.11902e+07,2.34019e+08,9.41723e+08,-1.29269e+09,-4.2226e+08,-8.1111e+08,0.00116288,0.000146469,3.76613e-25
0,1.91388e+09,-1.46362e+07,3.09568e+08,-3.34922e+09,4.01123e+08,2.16705e+07,-1.07495e+09,0.00100922,0.00016324,-6.07457e-24
0,2.041e+09,6.54613e+07,3.14508e+08,2.28784e+08,9.50169e+07,2.54947e+08,-5.89121e+08,0.00101627,0.000156602,-1.01628e-26
0,2.06176e+09,9.55733e+06,3.21168e+08,6.79323e+09,-2.26035e+08,4.30258e+08,-6.27721e+08,0.00104298,0.000162468,2.36444e-23
0,2.01184e+09,-5.21405e+07,3.01651e+08,1.38926e+10,-4.39378e+08,2.4534e+08,4.47022e+08,0.00097828,0.000146681,-1.37248e-22
0,2.17005e+09,-1.40211e+07,3.33851e+08,-5.03474e+09,-6.2725e+08,-4.56342e+08,-6.0968e+08,0.00096932,0.000149125,-3.99489e-24
0,2.0844e+09,-1.19452e+07,3.3083e+08,3.94368e+09,-1.05106e+09,6.36549e+07,-2.48531e+08,0.000970603,0.000154052,2.16244e-24
0,2.14379e+09,2.23801e+07,3.1694e+08,3.68996e+09,-1.41799e+09,-1.3721e+08,-8.51137e+08,0.00103375,0.000152831,8.82918e-24
0,1.87999e+09,-1.29155e+07,2.97542e+08,-5.97287e+09,1.3703e+08,1.83599e+08,-1.44012e+09,0.00105495,0.000166965,-6.37014e-23
0,2.06404e+09,1.42586e+07,3.24827e+08,-1.7482e+08,-4.9286e+08,-2.19391e+08,-1.01795e+09,0.00101438,0.000159637,-7.2864e-26
0,1.97918e+09,-3.88093e+06,3.17768e+08,-1.20313e+09,1.3928e+08,2.3108e+08,-9.99653e+08,0.000996281,0.000159959,-5.36295e-26
0,1.91313e+09,-3.21566e+07,3.1775e+08,-7.60756e+09,1.45683e+09,-2.56561e+08,-8.39528e+08,0.000930741,0.000154586,-4.64817e-23
0,2.07636e+09,-3.37427e+07,3.11108e+08,-7.11894e+09,-1.43734e+09,-2.88147e+08,-9.291e+08,0.00103519,0.000155106,-4.31066e-23
0,2.1126e+09,-4.23321e+07,3.03578e+08,-6.18576e+09,-1.52583e+09,1.56639e+08,-1.01877e+09,0.00106084,0.000152442,-4.38718e-23
0,2.0647e+09,-1.49694e+07,3.35389e+08,-5.38117e+09,-1.02618e+07,-4.6352e+08,-5.86789e+08,0.000935418,0.000151949,-6.69694e-24
0,2.02229e+09,3.31664e+07,3.29628e+08,-6.54795e+07,-4.04459e+08,6.14233e+08,1.71613e+08,0.00100941,0.000164531,-1.49505e-26
0,2.09067e+09,-4.50672e+07,3.07209e+08,-9.04215e+09,-1.34844e+09,-1.66032e+08,-1.05038e+09,0.00104765,0.000153944,-1.02163e-22
0,2.32298e+09,6.92768e+06,3.35525e+08,-3.2133e+07,-5.63186e+08,-1.15041e+08,-1.06871e+08,0.000907243,0.00013104,-3.53669e-27
0,1.74131e+09,-492051,2.28185e+08,-4.43318e+06,4.44751e+08,-2.85835e+08,-1.00413e+08,0.00110856,0.000145268,7.69894e-27
0,1.96015e+09,1.37318e+06,2.98536e+08,2.72384e+08,4.80544e+08,1.29689e+08,-1.14133e+09,0.00100299,0.000152759,-4.19626e-26
0,2.21177e+09,-8.97057e+06,3.24252e+08,-2.98887e+09,-1.42082e+09,8.89851e+07,-6.04119e+08,0.000972677,0.000142597,-2.97035e-24
0,2.11453e+09,4.77142e+07,3.30539e+08,1.93474e+09,1.72141e+09,-8.76105e+07,-2.95499e+08,0.00085233,0.000133234,-5.61919e-25
0,2.09633e+09,-4.6036e+07,3.14417e+08,-9.31757e+09,-7.78882e+08,-1.9278e+08,-8.60501e+08,0.00101812,0.000152702,-7.27512e-23
0,1.97922e+09,-1.74797e+07,3.00638e+08,-2.9508e+09,-1.00185e+09,1.85024e+08,-1.48065e+09,0.00108475,0.00016477,-9.48495e-24
0,1.94476e+09,-1.49999e+07,3.16859e+08,1.46971e+09,9.5788e+08,4.82285e+08,-1.07058e+09,0.000980185,0.000159702,9.45557e-25
0,2.13029e+09,1.62437e+06,3.43886e+08,1.88423e+07,-4.03885e+07,-1.12464e+07,-2.5116e+08,0.000942464,0.000152139,-2.63066e-29
0,2.31965e+09,8.08654e+06,3.35806e+08,-7.23104e+08,4.82262e+08,1.29233e+08,1.25574e+08,0.000897615,0.000129944,9.17853e-27
0,2.15437e+09,-1.62677e+07,3.02022e+08,-3.75149e+09,-1.54048e+09,-4.20545e+07,-8.18445e+08,0.00100558,0.000140973,-7.86181e-24
0,2.02686e+09,-5.84406e+06,3.36312e+08,-4.31682e+09,3.63468e+08,-1.57881e+08,-5.54416e+08,0.000922494,0.000153068,-3.72282e-24
0,1.88917e+09,3.55844e+07,3.12266e+08,5.79325e+08,1.22962e+09,-3.74631e+08,-1.28925e+09,0.000990754,0.000163765,1.75469e-27
0,2.00332e+09,-2.19153e+07,3.25419e+08,-2.49079e+09,4.97431e+08,1.07541e+08,-7.84394e+08,0.000941488,0.000152935,-9.89666e-25
0,2.00361e+09,9.20335e+06,3.293e+08,4.69428e+09,1.16488e+08,2.56292e+08,-8.62312e+08,0.000963989,0.000158435,9.03969e-24
0,1.87624e+09,-2.69673e+07,3.22705e+08,2.29517e+09,1.29324e+09,4.66565e+08,-7.6508e+08,0.000935334,0.000160873,2.35268e-24
0,2.24095e+09,2.97838e+07,3.06483e+08,6.35563e+09,-1.99379e+08,-1.35522e+08,-1.19201e+08,0.00101134,0.000138315,2.53623e-24
0,2.04585e+09,-7.23395e+07,3.08511e+08,-1.00924e+10,3.51569e+08,1.37094e+08,-9.06963e+08,0.00100204,0.000151106,-1.02886e-22
0,1.8668e+09,-3.13892e+07,3.03548e+08,-1.82056e+09,8.69909e+08,1.16259e+08,-1.35714e+09,0.00101498,0.000165039,-1.12992e-24
0,2.07455e+09,5.64487e+07,3.18897e+08,-1.05978e+10,-8.91334e+08,-1.38193e+08,3.80473e+08,0.000934332,0.000143624,3.62569e-23
0,2.25214e+09,3.33653e+07,3.26112e+08,-5.89596e+09,-4.52598e+08,2.20623e+08,1.1588e+08,0.000911248,0.00013195,5.79348e-25
0,2.0237e+09,1.09559e+07,2.99568e+08,-4.70081e+08,-5.36561e+08,-3.04002e+07,-1.18494e+09,0.00102268,0.000151387,-1.29814e-26
0,1.84225e+09,3.46981e+07,3.16577e+08,2.1704e+09,-1.33955e+09,-1.82585e+08,-8.33987e+08,0.000986667,0.000169551,4.70768e-24
0,1.97762e+09,9.42576e+06,3.19552e+08,1.64107e+09,4.85335e+08,3.07202e+08,-1.03774e+09,0.000986485,0.0001594,5.68223e-25
0,1.81204e+09,-2.23135e+07,3.02937e+08,9.09175e+09,6.79183e+08,2.90671e+08,-7.0046e+08,0.00101527,0.000169733,1.27414e-22
0,2.09243e+09,-4.92985e+07,3.19895e+08,-1.23752e+10,7.64572e+07,-2.31225e+08,-7.1249e+08,0.000979607,0.000149765,-1.21717e-22
0,2.04701e+09,332717,3.29299e+08,-8.48972e+08,-3.52741e+08,-3.60657e+08,-9.09861e+08,0.00100084,0.000161003,6.33332e-27
0,2.06045e+09,-6.44334e+07,3.08737e+08,-1.14702e+10,2.95868e+08,1.66119e+08,-8.95724e+08,0.000970338,0.000145395,-1.22855e-22
0,2.18859e+09,5.23303e+07,3.10812e+08,-5.23879e+09,-8.43309e+08,4.79353e+08,2.21142e+08,0.000912338,0.000129566,8.82146e-27
0,2.14697e+09,-5.16507e+07,2.79018e+08,4.77384e+09,4.15519e+08,-6.0663e+08,4.46763e+08,0.00106842,0.000138851,-7.37154e-24
0,2.20144e+09,-8.33306e+06,3.35915e+08,-2.46902e+09,-5.46429e+08,-3.06416e+08,-5.03861e+08,0.000945613,0.00014429,-3.21312e-25
0,1.94021e+09,-9.82326e+06,3.26193e+08,4.86144e+09,7.9688e+08,3.61376e+08,-7.5558e+08,0.00094236,0.000158432,1.17684e-23
0,2.09985e+09,634860,3.35086e+08,1.30491e+09,-3.77369e+08,-1.29035e+08,-7.1293e+08,0.00100193,0.000159883,1.6163e-25
0,2.14205e+09,3.15536e+07,3.05425e+08,3.25047e+09,-1.56919e+09,-1.91619e+08,-9.3339e+08,0.00102982,0.000146837,8.15838e-24
0,2.15061e+09,-6.52273e+06,2.8145e+08,-1.27763e+09,1.52985e+08,-1.83396e+08,3.51356e+08,0.000986523,0.000129106,4.14434e-26
0,1.97759e+09,-4.28429e+07,3.08223e+08,-9.85165e+09,9.64471e+08,3.35042e+08,-9.2886e+08,0.000965794,0.000150527,-8.85965e-23
0,1.83509e+09,3.97347e+07,2.68485e+08,-9.74568e+08,-1.12726e+08,-5.84568e+08,-1.28977e+09,0.00109277,0.00015988,8.21289e-25
0,1.90174e+09,5.87241e+07,3.02501e+08,5.8099e+09,8.43857e+08,-6.1372e+08,-1.34592e+09,0.00102868,0.000163627,3.88488e-23
0,1.82758e+09,5.3028e+06,3.22706e+08,-4.16686e+08,5.60276e+08,-2.10017e+08,-1.11946e+09,0.00100254,0.000177023,5.26656e-26
0,2.12874e+09,1.60308e+07,3.2351e+08,3.50485e+09,-5.95644e+08,-1.42371e+07,-9.23565e+08,0.00101002,0.000153496,4.05686e-24
0,2.03258e+09,1.39792e+07,3.35915e+08,6.40467e+09,-2.17538e+07,4.09819e+08,-6.45105e+08,0.000963924,0.000159303,1.57708e-23
0,1.84278e+09,-1.01194e+07,3.01195e+08,-1.49661e+09,1.23914e+09,-2.45432e+08,-1.37367e+09,0.00103307,0.00016885,-1.51504e-24
0,2.00939e+09,-2.24365e+07,3.08492e+08,8.6199e+09,6.21014e+08,1.87714e+08,-5.08796e+08,0.00107972,0.000165763,6.31315e-23
0,2.16591e+09,-5.31636e+06,3.33311e+08,-1.28775e+09,-7.40061e+08,-2.12014e+08,-7.50586e+08,0.00100779,0.000155089,-3.08204e-25
0,2.02831e+09,-1.26951e+07,3.07199e+08,-1.72454e+09,-4.58296e+07,-5.29371e+07,-1.02134e+09,0.000992001,0.000150245,-3.78618e-25
0,1.76068e+09,3.27606e+07,2.70325e+08,-5.15616e+08,1.92733e+08,-7.35354e+08,-1.40842e+09,0.00107777,0.000165474,1.1809e-24
0,2.0182e+09,9.07549e+06,3.29518e+08,-1.32777e+09,2.94908e+07,-3.28048e+08,-8.91555e+08,0.000981896,0.000160318,-8.3075e-26
0,2.00574e+09,-2.92009e+06,3.32976e+08,2.05191e+09,3.13039e+08,9.14185e+07,-7.39377e+08,0.000941678,0.000156329,5.67341e-25
0,2.13399e+09,-1.51714e+07,3.36011e+08,-4.14227e+09,-4.17017e+08,-5.24876e+08,-6.45363e+08,0.000989451,0.000155796,-2.63951e-24
0,2.12445e+09,-1.98824e+07,3.26165e+08,-6.34515e+08,-9.79999e+08,-1.82744e+08,-7.48342e+08,0.00103505,0.000158911,-4.03781e-25
0,2.06532e+09,4.14387e+06,3.35506e+08,-1.82258e+09,5.6281e+08,-1.78546e+08,-5.00299e+08,0.000903752,0.000146813,-2.65076e-25
0,1.97062e+09,2.19539e+07,2.79998e+08,-3.14241e+09,-1.25157e+09,-4.72393e+08,-1.0927e+09,0.00108776,0.000154555,-8.67176e-24
0,2.03101e+09,-7.83309e+06,3.15093e+08,-3.36222e+09,-1.01331e+09,-8.80795e+07,-9.14794e+08,0.00102375,0.000158825,-6.03939e-24
0,2.04054e+09,2.73279e+07,3.1002e+08,8.46463e+09,-1.19862e+08,3.62888e+06,-8.432e+08,0.000952728,0.000144748,4.49587e-23
0,2.13348e+09,1.48618e+07,3.30447e+08,3.0576e+09,-6.84707e+08,3.68568e+08,-8.44895e+08,0.00100754,0.000156054,1.84628e-24
0,1.96325e+09,-3.06312e+06,3.24976e+08,3.47564e+08,-1.89456e+08,-2.58926e+08,-1.12743e+09,0.00101046,0.000167261,-1.00776e-25
0,2.03619e+09,2.35135e+07,3.24821e+08,-6.40585e+08,1.78683e+08,-8.13458e+07,-9.19591e+08,0.00100773,0.000160757,2.62713e-26
0,1.96735e+09,2.62223e+07,3.10383e+08,2.29703e+09,-2.18399e+08,-2.21767e+06,-1.32969e+09,0.00102415,0.000161578,1.71345e-24
0,2.12856e+09,-1.77244e+07,3.34303e+08,-5.78176e+09,-3.3819e+08,-3.72361e+08,-6.87881e+08,0.000970635,0.000152444,-9.24718e-24
0,1.87438e+09,7.6939e+07,3.00044e+08,1.09122e+10,1.34057e+09,-4.25107e+08,-9.2767e+08,0.000945716,0.000151386,1.31524e-22
0,1.88462e+09,1.62886e+06,3.09206e+08,-1.67247e+09,1.02155e+08,-3.98342e+08,-1.3712e+09,0.00103219,0.00016935,-2.43055e-25
0,2.02904e+09,-688394,3.17321e+08,-2.21774e+09,-4.14354e+08,-1.50867e+08,-9.30997e+08,0.000983924,0.000153876,-9.52872e-25
0,1.97562e+09,3.82676e+07,2.94787e+08,3.96491e+09,-1.39158e+09,-5.62369e+08,-1.47155e+09,0.00109346,0.000163159,2.85209e-23
0,1.92823e+09,6.25943e+06,3.09397e+08,3.50797e+09,1.1234e+09,6.92266e+07,-1.017e+09,0.000936758,0.000150309,5.05534e-24
0,1.9149e+09,-1.4823e+06,2.65865e+08,-5.68415e+08,-5.95888e+08,-1.56661e+08,-1.13188e+09,0.00107933,0.000149854,-2.14411e-25
0,1.98987e+09,-2.22317e+07,3.11228e+08,7.05208e+07,4.07508e+08,7.89359e+07,-1.08028e+09,0.00100213,0.00015674,-1.34937e-26
0,2.03471e+09,-141026,3.34044e+08,-5.85842e+09,3.14459e+08,-3.18251e+08,-6.8245e+08,0.000948333,0.00015569,-1.28733e-23
0,2.00174e+09,1.53164e+07,3.02926e+08,-7.06824e+09,-2.50015e+09,-5.35227e+08,-7.74426e+08,0.00107979,0.000163405,-7.3034e-23
0,2.05548e+09,-2.29314e+06,2.84908e+08,9.95408e+08,1.51293e+07,5.10076e+08,4.82003e+08,0.000941328,0.000130476,1.48992e-26
0,1.83509e+09,2.55026e+07,3.17922e+08,6.95726e+09,-7.00223e+08,-3.69188e+08,8.61619e+06,0.000995,0.00017238,6.57966e-24
0,2.22386e+09,9.94319e+06,3.1396e+08,4.26587e+09,-1.88382e+09,-1.4728e+08,-5.69106e+08,0.000982512,0.000138709,9.10527e-24
0,2.05883e+09,-2.8895e+07,3.16116e+08,-5.73043e+09,-1.61087e+08,1.14308e+08,-9.33325e+08,0.000999628,0.000153484,-1.86615e-23
0,2.03571e+09,1.45261e+07,3.21032e+08,7.34239e+09,9.5573e+07,1.86968e+08,-9.87251e+08,0.000962507,0.000151788,3.64951e-23
0,2.00972e+09,6.25579e+06,3.30673e+08,-3.55786e+09,7.11898e+07,-1.71262e+08,-8.32625e+08,0.000965599,0.000158877,-3.65689e-24
0,2.0044e+09,-5.11732e+06,3.0758e+08,-2.602e+09,-1.40344e+08,-5.37944e+08,-1.14189e+09,0.00100318,0.000153941,-1.46169e-24
0,2.05021e+09,5.15475e+07,3.03469e+08,1.2896e+10,-1.11977e+09,1.55896e+08,-8.49439e+08,0.00104271,0.000154341,2.45451e-22
0,2.02967e+09,-2.09878e+07,3.28004e+08,-6.92306e+08,-8.46079e+08,-6.2047e+07,-7.71019e+08,0.00101124,0.000163421,-2.74972e-25
0,2.01097e+09,-3.56622e+07,3.18456e+08,-6.11573e+09,2.32201e+06,1.76644e+08,-9.25344e+08,0.000986911,0.000156287,-2.34873e-23
0,1.87978e+09,-1.14903e+07,2.88974e+08,4.79485e+09,1.50726e+09,3.23469e+08,-1.06353e+09,0.00095067,0.000146144,1.98164e-23
0,1.7641e+09,2.82049e+07,3.087e+08,1.55756e+09,1.24904e+09,-3.86595e+08,-1.33343e+09,0.00100823,0.000176431,5.47091e-25
0,2.01325e+09,1.27356e+07,3.28285e+08,2.84427e+09,4.41958e+08,1.64246e+08,-9.02893e+08,0.000962318,0.000156917,2.13632e-24
0,2.09925e+09,318348,3.16982e+08,5.7701e+09,-9.8984e+07,1.29204e+08,-8.02205e+08,0.000971716,0.000146727,1.27286e-23
0,1.94392e+09,5.27469e+06,3.1017e+08,-1.52012e+09,5.70243e+08,-3.80126e+08,-1.2755e+09,0.000985403,0.00015723,-4.95085e-25
0,1.8522e+09,7.39426e+06,2.7356e+08,-2.04904e+09,-5.70254e+08,-1.74873e+08,-1.33105e+09,0.00109772,0.000162127,-2.74251e-24
0,2.16245e+09,1.01392e+07,3.13927e+08,1.33705e+09,-1.7181e+09,4.10522e+08,-6.26752e+08,0.000993622,0.000144246,2.1968e-24
0,2.08336e+09,-2.32123e+07,3.20819e+08,1.35607e+08,1.5526e+08,2.80599e+08,7.00208e+08,0.00103146,0.000158836,2.05707e-27
0,1.95646e+09,-3.45066e+07,3.27092e+08,-1.12903e+09,-6.78739e+08,-3.56557e+08,-6.4731e+08,0.000997666,0.000166795,-2.31483e-25
0,2.05059e+09,2.8493e+07,3.07984e+08,8.90062e+07,-3.19741e+08,1.81653e+08,-9.4759e+08,0.00100634,0.000151145,2.32294e-26
0,1.84924e+09,3.83711e+07,3.00813e+08,3.20132e+09,8.38226e+08,-4.94223e+08,-1.31868e+09,0.00103133,0.000167765,6.35678e-24
0,1.89941e+09,-4.8178e+07,2.97091e+08,-6.41204e+09,-6.47335e+08,-4.04081e+07,-1.04167e+09,0.000988253,0.000154575,-4.21192e-23
0,1.96452e+09,2.37977e+06,3.27331e+08,-1.1907e+09,1.41665e+08,2.81631e+07,-1.00242e+09,0.00102267,0.000170399,-8.37708e-26
0,2.17356e+09,5.67687e+07,3.14533e+08,9.75541e+09,-3.12927e+08,-2.08749e+08,-6.37734e+08,0.000959421,0.000138837,4.0809e-23
0,1.95097e+09,-2.00575e+07,2.65969e+08,-2.10664e+09,2.06911e+09,2.97512e+08,-7.52853e+08,0.000951035,0.000129651,1.54575e-24
0,2.25239e+09,1.02418e+07,3.12969e+08,-2.55803e+09,-2.73712e+08,-7.95699e+07,2.57835e+07,0.000959551,0.000133329,4.43807e-26
0,1.98429e+09,3.28069e+07,3.26244e+08,3.6318e+09,1.01517e+09,2.0535e+08,-9.24989e+08,0.000968834,0.00015929,5.88078e-24
0,2.0401e+09,-1.08195e+06,3.18873e+08,-1.54715e+09,-2.38399e+08,2.75798e+08,-9.13236e+08,0.000978303,0.000152911,-2.29197e-25
0,2.00704e+09,-4.18747e+07,3.02646e+08,-3.98007e+09,-3.01012e+09,-6.81094e+08,-1.04061e+09,0.0010916,0.000164605,-6.69507e-23
0,1.97028e+09,6.33461e+07,2.91716e+08,8.00342e+09,9.79271e+08,-1.80548e+08,-1.00966e+09,0.000989573,0.000146514,6.1919e-23
0,1.82723e+09,-3.1984e+07,2.7012e+08,-1.83099e+09,-4.51135e+07,1.61715e+08,-1.34085e+09,0.00106912,0.000158049,-1.00664e-24
0,1.92718e+09,2.78856e+07,3.06343e+08,3.55774e+09,-2.226e+08,-5.48612e+08,-1.15316e+09,0.00105829,0.000168224,9.28036e-24
0,2.03801e+09,3.94844e+07,2.90173e+08,7.13399e+09,-1.66282e+09,2.35873e+08,-1.13554e+09,0.00107172,0.000152592,7.69795e-23
0,2.09743e+09,1.4893e+07,3.02336e+08,-1.21768e+09,-6.58568e+08,2.17862e+08,-8.13715e+08,0.000992391,0.000143049,-2.05915e-25
0,2.04201e+09,7.37386e+07,3.061e+08,1.10084e+10,3.13307e+08,-1.64781e+08,-1.03542e+09,0.000970375,0.00014546,1.3112e-22
0,1.97516e+09,5.17053e+06,3.23096e+08,-1.60511e+09,-2.86267e+06,-1.21832e+08,-1.11729e+09,0.00102606,0.000167842,-3.4744e-25
0,2.14841e+09,4.57626e+07,2.98287e+08,9.70645e+09,-9.3394e+08,-3.29794e+08,-7.74265e+08,0.00100177,0.000139088,7.18763e-23
0,2.0182e+09,-5.91789e+07,3.03966e+08,-6.55298e+09,-3.24339e+09,-5.88047e+08,-7.63746e+08,0.00108814,0.000163888,-1.11484e-22
0,1.85997e+09,-4.38445e+07,3.20491e+08,1.60919e+09,-7.61088e+08,-2.26215e+06,-5.25481e+08,0.000996495,0.000171706,8.5622e-25
0,2.08969e+09,1.78898e+07,3.19464e+08,1.46993e+09,-8.98688e+08,3.78231e+08,-8.20618e+08,0.000997691,0.000152523,5.7306e-25
0,2.09712e+09,5.07074e+07,3.06032e+08,7.13066e+09,-7.24048e+08,-5.48347e+07,-1.00886e+09,0.00100165,0.00014617,3.78551e-23
0,1.89005e+09,4.61596e+07,3.17223e+08,5.47599e+09,1.08211e+09,-5.07759e+08,-9.41072e+08,0.000965888,0.000162113,1.5308e-23
0,2.09458e+09,-2.09226e+07,3.21187e+08,-3.34607e+09,-3.29298e+08,-9.37356e+07,-9.71093e+08,0.000987143,0.000151371,-3.12345e-24
0,2.01121e+09,4.01769e+07,3.15956e+08,4.03267e+09,6.33591e+08,-3.55159e+08,-1.02197e+09,0.000997095,0.000156641,6.60497e-24
0,2.0415e+09,1.80171e+07,2.86845e+08,4.10865e+09,-1.969e+09,3.31769e+08,-1.18036e+09,0.00108185,0.000152007,2.89785e-23
0,1.86905e+09,-2.06193e+07,2.7633e+08,-1.9852e+09,-2.48412e+08,4.2449e+08,-1.24841e+09,0.00107507,0.000158944,-1.34418e-24
0,1.9251e+09,-6.21223e+06,2.99427e+08,1.17575e+09,-1.4123e+09,-4.56984e+08,-8.75863e+08,0.000989765,0.000153947,5.46724e-25
0,1.90194e+09,1.13523e+07,2.94126e+08,-4.62764e+07,5.06454e+08,-3.12731e+07,-1.17773e+09,0.00101244,0.000156569,1.14415e-26
0,2.01172e+09,4.20973e+07,3.08197e+08,9.45596e+09,8.67813e+06,-2.28015e+08,-9.1575e+08,0.000965777,0.000147958,7.80506e-23
0,2.08704e+09,-4.29019e+07,3.29654e+08,-3.58425e+09,8.0145e+08,-1.43872e+08,-6.13503e+08,0.000928056,0.000146589,-2.26891e-24
0,2.00715e+09,2.48773e+07,3.08753e+08,3.15763e+08,-4.70311e+07,-5.65677e+08,-1.16834e+09,0.00101564,0.000156232,-6.74603e-26
0,1.95928e+09,-1.57331e+06,2.70134e+08,-6.39826e+09,-1.55159e+09,-3.89753e+08,-7.12149e+08,0.00101839,0.000140409,-2.86014e-23
0,2.05028e+09,2.58657e+07,3.19214e+08,3.56556e+09,6.57912e+07,-4.47516e+08,-9.32465e+08,0.00101168,0.000157511,4.30529e-24
0,1.88464e+09,-7.72947e+07,3.02451e+08,-8.42423e+09,-1.54283e+09,-1.91749e+08,-7.529e+08,0.00105396,0.000169143,-1.07601e-22
0,1.94664e+09,-2.03352e+06,2.87128e+08,1.45096e+09,-1.54834e+09,6.64698e+08,-1.29579e+09,0.00108884,0.000160603,7.22665e-24
0,1.91616e+09,-8.7155e+06,3.13825e+08,1.93616e+09,1.11707e+09,1.31351e+08,-1.06573e+09,0.000964401,0.000157948,1.22552e-24
0,2.0201e+09,636047,3.16469e+08,-1.03889e+09,-7.03186e+08,-2.43228e+08,-9.17115e+08,0.000990692,0.000155202,-3.03074e-25
0,1.79151e+09,-3.04674e+06,2.94746e+08,1.86344e+09,1.19097e+09,2.90028e+08,-1.28456e+09,0.000998085,0.000164208,2.65814e-24
0,2.08449e+09,-1.47042e+07,3.04463e+08,-2.5822e+09,-1.64842e+09,-4.11115e+08,-1.07375e+09,0.00106184,0.000155094,-7.72729e-24
0,1.82007e+09,1.03306e+07,3.12093e+08,-8.55724e+08,9.71643e+08,-3.39796e+08,-1.40336e+09,0.000991829,0.000170072,-2.01942e-25
0,2.00415e+09,9.36406e+06,3.34256e+08,1.31032e+09,2.8386e+08,1.07141e+08,-4.1271e+08,0.000968019,0.000161448,1.12444e-25
0,1.78344e+09,-6.94308e+07,3.02247e+08,-7.87363e+09,2.71138e+08,-2.08446e+08,-7.96301e+08,0.00102555,0.000173805,-9.9593e-23
0,1.88694e+09,-2.92692e+07,3.20031e+08,4.59815e+09,7.76113e+08,-5.23696e+07,-5.44607e+08,0.00102334,0.000173562,9.36349e-24
0,2.14719e+09,-2.27253e+07,2.82795e+08,2.15752e+09,1.51205e+09,-2.48967e+08,8.80649e+08,0.00108047,0.000142303,-4.21261e-24
0,2.30724e+09,1.80705e+07,3.31553e+08,3.93836e+09,-7.15161e+08,-1.1455e+08,-2.85265e+08,0.000911104,0.000130927,9.69584e-25
0,1.96435e+09,3.14659e+07,2.85735e+08,1.04572e+09,-6.39722e+08,-1.59081e+08,-1.23369e+09,0.00106628,0.000155101,1.24257e-25
0,2.29594e+09,2.10736e+07,3.30873e+08,-4.72332e+09,4.1151e+08,1.12473e+08,1.9631e+08,0.000919947,0.000132576,1.01817e-24
0,1.91408e+09,-8.11028e+06,3.18358e+08,-3.73688e+08,-1.38247e+08,5.25967e+08,-9.56061e+08,0.000999136,0.000166181,8.19524e-26
0,2.10831e+09,1.7441e+07,2.95384e+08,3.3691e+09,-1.81892e+09,-4.1548e+08,-8.15209e+08,0.00105657,0.00014803,1.26315e-23
0,2.15454e+09,2.76024e+06,3.1654e+08,3.92062e+09,-8.74706e+08,-2.95004e+08,-6.64978e+08,0.000957287,0.000140642,4.00667e-24
0,2.14707e+09,1.69462e+06,3.18792e+08,-1.66185e+09,-1.17085e+09,-5.52749e+08,-8.85774e+08,0.00102263,0.000151838,-1.11191e-24
0,1.93539e+09,-3.66212e+07,2.85633e+08,-7.01515e+08,-6.56679e+08,8.15019e+08,-1.33806e+09,0.00109396,0.000161451,1.47636e-24
0,2.21203e+09,-2.07075e+07,3.38386e+08,-5.34341e+09,-6.62029e+07,-3.26024e+08,-3.88848e+08,0.000922407,0.000141106,-2.83857e-24
0,2.03804e+09,3.63774e+07,3.12276e+08,2.56901e+09,-7.11938e+08,1.668e+08,-1.23993e+09,0.00104754,0.000160507,3.04738e-24
0,2.00052e+09,-2.52e+07,3.18127e+08,4.29521e+09,9.4545e+08,-9.67007e+07,-5.6305e+08,0.00105157,0.000167223,6.13427e-24
0,2.12509e+09,-2.56664e+06,3.37829e+08,1.023e+09,3.65791e+08,-51287.3,-1.6071e+08,0.000937129,0.000148977,8.91268e-27
0,1.71789e+09,-4.2487e+07,2.91778e+08,5.73553e+09,-7.71161e+07,-2.2397e+08,-8.08495e+08,0.00101745,0.000172811,4.3859e-23
0,2.00382e+09,2.2135e+07,2.85779e+08,-1.02096e+09,-1.27162e+09,2.43229e+07,-1.15e+09,0.00106159,0.000151401,-1.52102e-24
0,2.10582e+09,5.3887e+07,3.19939e+08,7.78504e+09,4.69149e+08,4.96528e+07,-5.10244e+08,0.00090676,0.000137765,1.45064e-23
0,2.13888e+09,-9.24382e+06,3.13596e+08,2.4159e+08,-1.39797e+09,-3.76142e+08,-9.21484e+08,0.00100717,0.000147668,-5.5614e-25
0,1.93287e+09,-4.28188e+07,2.74427e+08,1.1686e+09,-5.42823e+08,3.74056e+08,-1.062e+09,0.00107396,0.000152479,2.65432e-25
0,2.1461e+09,-2.88401e+07,3.36748e+08,-5.30392e+09,4.06768e+08,-3.32785e+08,-4.46543e+08,0.000899995,0.00014122,-4.08302e-24
0,2.10111e+09,2.32119e+07,3.2386e+08,4.08975e+09,-5.53745e+08,1.1119e+08,-9.35972e+08,0.00100607,0.000155074,6.30171e-24
0,2.05159e+09,-1.05885e+07,3.18374e+08,1.84328e+09,-1.02503e+07,-1.03685e+08,-8.45136e+08,0.000963293,0.000149488,3.77892e-25
0,2.10164e+09,-4.57784e+07,3.09755e+08,-9.66454e+09,-1.02242e+09,-3.25938e+08,-8.76815e+08,0.00102077,0.000150449,-7.9283e-23
0,2.02674e+09,-3.48466e+06,3.0751e+08,2.83497e+09,-1.0163e+09,6.37736e+07,-1.09451e+09,0.0010468,0.000158827,5.29002e-24
0,2.03685e+09,1.43519e+06,2.97974e+08,1.02647e+09,1.03079e+09,-1.38579e+07,-7.54253e+08,0.000937105,0.000137091,4.56461e-26
0,2.16093e+09,8.30762e+06,3.10207e+08,3.22252e+07,-1.9855e+09,2.31213e+08,-8.74019e+08,0.00103912,0.000149168,1.22959e-24
0,2.1069e+09,-1.49188e+07,3.23015e+08,1.37086e+09,7.84171e+08,-2.23901e+08,-3.36972e+08,0.00105957,0.000162445,-3.90815e-26
0,2.27167e+09,2.79157e+07,3.18961e+08,-7.13531e+09,-4.41004e+08,9.4668e+07,1.8641e+07,0.000986322,0.000138488,-3.48303e-26
0,2.27672e+09,2.42509e+07,3.06798e+08,7.77509e+08,1.59889e+07,5.74236e+07,7.20982e+07,0.000992014,0.000133679,-1.95782e-27
0,1.97627e+09,2.26562e+07,2.93211e+08,6.72977e+09,4.28089e+08,1.2941e+08,-1.02719e+09,0.000984282,0.000146034,3.87282e-23
0,2.06311e+09,-6.55416e+07,3.08217e+08,-1.07193e+10,-9.05112e+07,-1.50335e+08,-8.60463e+08,0.000981371,0.000146611,-1.0207e-22
0,2.08763e+09,-1.33403e+07,3.38433e+08,-3.69772e+09,6.58807e+08,-1.98672e+07,-3.9437e+08,0.000882671,0.000143093,-1.08284e-24
0,2.29911e+09,1.79625e+07,3.34221e+08,-3.10816e+09,-3.02088e+07,1.59967e+08,8.1759e+07,0.000892317,0.000129716,8.13359e-26
0,2.00247e+09,5.4505e+06,3.12519e+08,1.31227e+09,-1.0141e+09,-4.77003e+08,-1.11446e+09,0.00102132,0.000159394,2.25331e-25
0,2.15465e+09,248309,3.27539e+08,-5.72676e+09,-1.26284e+09,-7.49934e+08,-5.25438e+08,0.0010029,0.000152456,-1.72187e-24
0,1.96567e+09,578073,3.25507e+08,-1.31069e+09,2.75675e+08,-7.63088e+07,-8.23893e+08,0.000989516,0.00016386,-1.80543e-25
0,2.08082e+09,-7.57017e+06,3.30331e+08,-1.13215e+09,2.96948e+07,-1.84751e+08,-7.50952e+08,0.000946073,0.000150189,-4.16502e-26
0,2.00799e+09,-1.15765e+07,3.01671e+08,2.15852e+09,1.13801e+09,-6.50921e+07,-7.71791e+08,0.000943603,0.000141763,5.42173e-25
0,1.80451e+09,-1.28018e+07,2.84899e+08,4.87617e+07,5.54747e+08,2.43971e+08,-1.4221e+09,0.00103994,0.000164187,-1.06043e-25
0,2.00115e+09,-1.92124e+07,3.14912e+08,-7.29967e+08,-2.72342e+08,3.07335e+08,-9.25819e+08,0.00098939,0.000155696,5.82174e-26
0,1.90438e+09,-2.55497e+07,3.04705e+08,-4.1761e+09,3.56117e+08,1.66051e+08,-1.32716e+09,0.0010076,0.000161219,-1.41801e-23
0,1.98991e+09,5.38155e+06,3.08364e+08,6.66361e+08,-3.32794e+08,-7.23734e+08,-1.19133e+09,0.00103202,0.000159926,-3.7245e-25
0,2.06687e+09,-601071,3.19795e+08,1.17398e+10,-9.09233e+08,5.05937e+08,1.4018e+08,0.000989282,0.000153066,-4.20065e-23
0,1.90041e+09,-5.35815e+07,2.89455e+08,-4.36923e+09,1.47978e+08,8.52725e+08,-1.34402e+09,0.00104869,0.000159728,-1.77189e-23
0,2.12739e+09,-1.58044e+07,3.2643e+08,-7.67338e+09,-1.06559e+09,-7.81446e+08,-5.92094e+08,0.000977114,0.00014993,-9.76004e-24
0,2.10323e+09,-1.12014e+07,3.33892e+08,-1.23087e+09,-5.37847e+07,-2.73807e+08,-6.34711e+08,0.000942787,0.000149669,-4.30885e-26
0,2.1239e+09,1.43401e+07,3.17339e+08,-1.43745e+09,-7.16731e+08,2.33458e+08,-7.17463e+08,0.000968326,0.000144681,-2.98852e-25
0,2.09631e+09,-2.15307e+07,3.20108e+08,-1.76254e+09,-1.23498e+09,-3.18852e+08,-8.48921e+08,0.00104332,0.000159315,-2.02226e-24
0,2.0381e+09,-4.10386e+06,3.22248e+08,4.88953e+08,-5.83331e+08,-2.81915e+07,-1.05129e+09,0.00101295,0.000160158,1.83286e-26
0,1.89089e+09,-1.65413e+07,3.13457e+08,-3.82402e+09,-1.79262e+08,-2.08162e+08,-1.34561e+09,0.0010295,0.000170663,-1.22887e-23
0,2.10494e+09,1.78437e+07,3.24097e+08,8.60837e+09,-1.12096e+09,5.77621e+08,-3.84287e+08,0.000992159,0.000152762,1.1019e-23
0,2.0132e+09,-4.03235e+06,3.17938e+08,-5.54917e+09,-6.82637e+08,-8.98942e+07,-8.21245e+08,0.000990722,0.000156461,-1.63485e-23
0,1.92169e+09,2.6478e+07,3.02096e+08,1.84908e+09,9.33825e+08,-4.28555e+07,-1.26654e+09,0.000994304,0.000156308,1.03456e-24
0,2.30704e+09,2.45266e+07,3.19358e+08,3.17878e+09,-5.41247e+08,-3.12307e+07,-3.09012e+08,0.00095805,0.00013262,6.00998e-25
0,2.10476e+09,-4.9849e+07,2.96916e+08,-8.26256e+09,-6.24146e+08,-1.24459e+08,-7.27677e+08,0.00102201,0.000144174,-4.34152e-23
0,1.95032e+09,-5.04459e+07,3.01777e+08,-6.65517e+09,-1.27018e+09,1.37148e+08,-9.42982e+08,0.00100056,0.000154819,-4.96565e-23
0,2.12558e+09,4.31772e+06,2.85939e+08,6.96935e+09,1.07393e+09,5.431e+08,4.63755e+08,0.000980722,0.00013193,-7.28641e-24
0,2.0785e+09,-2.36755e+07,2.99177e+08,2.76402e+09,4.77541e+08,-1.91651e+08,-5.11952e+08,0.00112415,0.000161809,1.6365e-24
0,2.13466e+09,-2.95381e+07,3.18699e+08,-4.50543e+09,-1.32633e+09,-2.75459e+08,-8.25186e+08,0.0010314,0.000153985,-9.76625e-24
0,1.98193e+09,4.73993e+07,3.16426e+08,6.29352e+08,9.28715e+08,-1.06148e+08,-1.0058e+09,0.000971392,0.000155088,1.60448e-26
0,2.00381e+09,-3.95276e+07,2.96636e+08,-6.43794e+09,5.83773e+06,4.43695e+08,-8.37524e+08,0.00102955,0.00015241,-3.09908e-23
0,2.32065e+09,-7.70554e+06,3.37236e+08,-6.88382e+08,-2.70273e+08,1.34888e+08,-8.19299e+07,0.000877379,0.0001275,-2.5693e-27
0,1.98629e+09,1.37903e+07,2.91468e+08,-1.88282e+09,3.75176e+08,-1.02044e+08,6.23432e+08,0.00101061,0.000148296,5.48738e-25
0,1.69776e+09,-5.09154e+07,2.79803e+08,1.77179e+09,-1.08798e+08,4.28306e+08,-9.89606e+08,0.00100158,0.000165068,6.36132e-25
0,1.91438e+09,-5.01533e+07,2.99257e+08,-2.31776e+09,3.93465e+08,6.99367e+08,-1.31444e+09,0.00102322,0.000159952,-1.2567e-24
0,2.08881e+09,-2.22359e+07,3.11945e+08,-4.97496e+09,-1.44439e+09,-3.48861e+08,-9.51577e+08,0.00100591,0.000150224,-1.41435e-23
0,2.22785e+09,5.40821e+07,2.97388e+08,-4.91722e+09,2.04377e+09,-7.88051e+07,1.78265e+08,0.000999394,0.000133406,7.73245e-24
0,1.96117e+09,-2.19898e+07,3.19547e+08,-1.84736e+08,-4.19368e+08,-1.68687e+08,-9.06485e+08,0.0009643,0.00015712,-3.53244e-26
0,2.18572e+09,469459,2.99817e+08,2.25078e+08,-2.21612e+09,1.87061e+08,-9.12323e+08,0.00103745,0.000142308,1.89757e-24
0,2.19672e+09,-4.28174e+07,3.17402e+08,-1.0469e+10,-1.25674e+09,-5.68913e+07,-7.50644e+08,0.00100468,0.000145165,-7.30534e-23
0,1.8217e+09,2.12677e+06,2.82145e+08,-1.91518e+09,6.80501e+08,-1.85406e+08,-1.45977e+09,0.00103309,0.000160005,-1.90211e-24
0,1.97007e+09,-2.13889e+07,3.12274e+08,2.45215e+09,5.30623e+08,5.02461e+08,-1.0894e+09,0.000985704,0.000156243,2.36422e-24
0,1.9812e+09,-4.63415e+07,3.18547e+08,-1.03547e+10,1.53851e+09,-4.85602e+08,-4.11772e+08,0.000929043,0.000149376,-6.06523e-23
0,2.12667e+09,-2.15697e+07,3.24079e+08,-6.09376e+09,-1.13798e+09,4.5721e+07,-7.64195e+08,0.00102261,0.000155833,-2.17349e-23
0,1.97785e+09,2.64881e+07,2.96672e+08,3.02343e+09,-1.7996e+07,-2.89127e+08,-1.23703e+09,0.00103485,0.000155223,4.34185e-24
0,1.92237e+09,2.89097e+07,3.08449e+08,1.09966e+09,7.91852e+08,-3.77945e+08,-1.22715e+09,0.00100806,0.000161746,4.80285e-26
0,2.13036e+09,2.99543e+06,3.06919e+08,2.94908e+08,-1.07765e+09,2.383e+08,-8.34748e+08,0.000985713,0.00014201,3.37598e-25
0,1.83866e+09,-5.45807e+07,3.03661e+08,3.93155e+09,-1.27301e+09,2.33457e+08,-8.44691e+08,0.000988876,0.000163316,1.24729e-23
0,1.9097e+09,-1.53832e+07,3.16588e+08,-1.93835e+09,3.26571e+08,-5.43336e+07,-1.27418e+09,0.00100199,0.000166108,-9.64855e-25
0,2.06834e+09,-5.34197e+07,3.14295e+08,-1.15363e+10,-1.58621e+08,2.79459e+08,-8.21619e+08,0.000964463,0.000146555,-1.12025e-22
0,2.07846e+09,1.96917e+07,3.07347e+08,1.57722e+09,-8.8788e+08,-1.14955e+08,-8.85107e+08,0.000985726,0.000145761,7.22463e-25
0,1.78654e+09,-8.29002e+07,3.02421e+08,1.56657e+09,1.12997e+09,4.95709e+08,-6.13048e+08,0.000968972,0.000164025,1.31317e-24
0,2.09182e+09,-3.52923e+07,3.21185e+08,-7.95201e+09,-5.5928e+08,1.7572e+07,-8.5639e+08,0.00100347,0.000154076,-4.43656e-23
0,2.1426e+09,7.17166e+07,3.12004e+08,5.67931e+09,1.08676e+09,-2.31675e+08,-4.27486e+08,0.000936054,0.000136308,3.14606e-24
0,1.90187e+09,3.25939e+06,2.96882e+08,-7.98415e+08,2.1245e+08,-1.94673e+08,-1.2856e+09,0.00104717,0.000163464,2.17532e-25
0,2.0715e+09,8.35185e+06,3.31396e+08,9.59285e+08,-7.80564e+07,2.26313e+08,-7.111e+08,0.000942149,0.000150724,1.03836e-26
0,1.9395e+09,6.52492e+07,2.97232e+08,-6.48893e+08,-7.30534e+08,5.08236e+08,-9.09266e+08,0.00109115,0.000167221,4.46432e-25
0,1.95586e+09,-6.23242e+07,3.16266e+08,-1.0256e+10,9.76387e+08,3.0468e+08,-8.23519e+08,0.000932721,0.000150822,-7.86363e-23
0,1.79925e+09,-5.99201e+07,3.0342e+08,4.87444e+09,1.98289e+09,4.57593e+08,-6.69858e+08,0.000973065,0.000164094,2.01975e-23
0,1.97324e+09,-3.90554e+07,3.22188e+08,-8.21383e+09,5.66967e+08,-7.56021e+07,-8.69987e+08,0.000969571,0.00015831,-5.6058e-23
0,2.09092e+09,-5.28323e+07,3.22049e+08,-2.48317e+09,-1.39247e+09,-4.43828e+08,-4.42731e+08,0.000972902,0.000149849,-1.3959e-24
0,1.96987e+09,-4.47519e+07,3.0759e+08,-5.54326e+09,-1.91804e+08,3.5428e+08,-1.03685e+09,0.00100343,0.000156684,-2.39052e-23
0,1.79098e+09,-4.75984e+07,2.85933e+08,9.11816e+09,-2.50126e+08,2.6554e+08,-5.93843e+08,0.00107868,0.000172213,1.36632e-22
0,2.12728e+09,2.97256e+07,3.34274e+08,5.1988e+09,2.78284e+08,3.47561e+08,-5.51588e+08,0.000909982,0.000142992,4.86377e-24
0,1.94933e+09,8.28648e+06,3.06953e+08,4.05367e+09,4.156e+06,-3.35849e+07,-1.24143e+09,0.00100077,0.000157587,1.06873e-23
0,1.76301e+09,-1.83602e+06,2.76476e+08,-1.32809e+08,1.60081e+09,5.10856e+07,-1.48048e+09,0.00101395,0.000159007,1.19973e-27
0,2.02022e+09,484899,3.09977e+08,6.13e+08,-6.194e+08,-2.57201e+08,-1.10498e+09,0.00103434,0.000158706,-1.34958e-25
0,1.83611e+09,-1.81791e+07,3.10723e+08,-5.2733e+08,1.38896e+09,3.45442e+08,-1.34782e+09,0.000986909,0.000167013,-9.78688e-28
0,1.97823e+09,-5.46341e+06,3.17676e+08,6.11248e+09,9.17011e+08,5.67044e+08,-9.20526e+08,0.000970585,0.000155862,3.1167e-23
0,1.72428e+09,1.99531e+07,2.97993e+08,7.49452e+09,2.49428e+09,-2.20429e+08,-1.00322e+09,0.00103054,0.0001781,7.25331e-23
0,1.83003e+09,3.88539e+07,2.87762e+08,6.51836e+09,2.80396e+09,-1.78278e+08,-1.05261e+09,0.000921848,0.000144956,1.32385e-23
0,1.98598e+09,2.28642e+07,3.15799e+08,7.33185e+08,7.93912e+08,-3.01426e+08,-1.01377e+09,0.000991207,0.000157616,7.57645e-27
0,2.13715e+09,2.03939e+06,3.44216e+08,-5.27605e+08,-6.14326e+07,-2.95229e+07,-1.59916e+08,0.000931125,0.00014997,-1.31101e-27
0,2.25156e+09,7.5184e+06,3.069e+08,-9.34814e+08,6.37012e+08,4.29452e+07,1.81415e+08,0.000916558,0.000124932,3.76377e-26
0,1.88399e+09,7.8818e+06,3.00651e+08,1.61576e+07,1.61713e+09,5.53003e+08,-1.19897e+09,0.000975611,0.00015569,-5.34157e-27
0,2.12166e+09,4.24234e+07,2.88454e+08,-5.3457e+09,-1.30164e+09,8.84989e+07,2.26897e+08,0.000995387,0.00013533,7.27811e-25
0,1.94198e+09,2.09634e+07,2.90604e+08,2.38836e+09,6.35076e+08,-1.19609e+07,-1.05254e+09,0.000988622,0.00014794,1.81177e-24
0,2.06099e+09,-3.39305e+07,3.21097e+08,-3.58346e+09,-2.64146e+08,-2.23921e+08,-1.00264e+09,0.000991386,0.000154456,-4.17818e-24
0,2.01749e+09,6.70492e+06,3.28244e+08,6.49103e+09,1.86134e+08,3.13407e+08,-8.18949e+08,0.000982228,0.000159808,2.48688e-23
0,2.32876e+09,8.02972e+06,3.3174e+08,1.87278e+09,-1.05046e+09,-6.46155e+07,-2.51029e+08,0.00091474,0.000130308,2.92966e-25
0,1.93427e+09,2.34298e+07,3.27252e+08,1.82627e+09,-3.98787e+08,-4.01759e+08,-7.12429e+08,0.000934186,0.000158051,4.59927e-25
0,2.32213e+09,1.11035e+07,3.33638e+08,2.68518e+09,-8.11866e+08,-6.80322e+07,-2.43499e+08,0.000910721,0.00013085,3.63129e-25
0,1.95896e+09,-4.68872e+07,3.12911e+08,1.84676e+08,4.57891e+08,1.53488e+08,-4.27512e+08,0.00095871,0.000153138,1.98862e-27
0,1.82252e+09,-2.57955e+07,2.65415e+08,1.65783e+09,-1.52057e+09,-1.18025e+08,5.53385e+08,0.00107506,0.000156563,1.10339e-24
0,1.88449e+09,-3.83998e+06,2.89885e+08,-2.92464e+08,-5.6327e+08,-4.07819e+08,-1.33324e+09,0.00104317,0.000160468,-3.28744e-25
0,2.18836e+09,4.32451e+07,3.21844e+08,-4.664e+08,-2.20629e+09,-8.5479e+07,-7.76367e+07,0.000922452,0.000135666,-7.09735e-25
0,1.93877e+09,2.59832e+07,3.14733e+08,7.3912e+08,3.25118e+08,-1.25155e+08,-1.00272e+09,0.000992242,0.000161077,-2.48508e-26
0,1.7982e+09,1.1927e+07,2.98954e+08,-4.30036e+09,-6.95101e+08,-1.04471e+08,-1.34987e+09,0.00104686,0.000174042,-2.79706e-23
0,1.87358e+09,-4.31146e+07,3.14873e+08,4.41034e+09,-9.59031e+08,4.88591e+08,-4.40477e+08,0.000948027,0.000159325,2.39793e-24
0,2.15128e+09,6.90978e+06,3.33274e+08,4.53077e+09,4.7331e+08,5.24094e+08,-4.61459e+08,0.000905521,0.000140282,3.17522e-24
0,2.06816e+09,4.57473e+06,3.1616e+08,5.6557e+09,9.01521e+08,5.0479e+07,-5.24604e+08,0.00105923,0.000161925,1.37348e-23
0,1.98307e+09,2.25714e+07,3.14942e+08,2.76955e+09,8.85204e+08,-2.96504e+08,-9.20494e+08,0.000954486,0.000151587,1.45757e-24
0,2.08516e+09,-4.2128e+07,3.01236e+08,-2.89727e+09,-5.50277e+08,6.99742e+07,-1.01357e+09,0.00100791,0.000145609,-2.73011e-24
0,1.91359e+09,-1.81096e+07,3.15984e+08,-2.07715e+09,4.14321e+08,5.34231e+08,-1.01338e+09,0.000972437,0.000160575,-6.60574e-25
0,2.15084e+09,1.11249e+07,3.40341e+08,3.92827e+09,-1.63962e+08,5.31266e+08,-3.58631e+08,0.000948599,0.000150103,1.01994e-24
0,2.05827e+09,3.2268e+07,3.26086e+08,6.01303e+09,-1.58263e+08,3.54024e+08,-9.57907e+08,0.00100229,0.00015879,2.13134e-23
0,1.83959e+09,3.8077e+07,3.03894e+08,3.85173e+09,1.59457e+09,-3.64571e+08,-1.36991e+09,0.00100764,0.000166459,1.07107e-23
0,2.04473e+09,8.51325e+07,3.01374e+08,1.27962e+10,3.80425e+08,-2.45651e+08,-1.02613e+09,0.000991916,0.000146199,2.25035e-22
0,1.90581e+09,2.0772e+07,2.9349e+08,-2.41627e+08,-6.81652e+08,-3.18053e+08,-1.30301e+09,0.00105123,0.000161886,-4.60456e-25
0,2.13087e+09,368768,3.43724e+08,-5.77177e+08,-8.13384e+06,-6.57301e+07,-2.66289e+08,0.000928319,0.000149744,-2.36325e-27
0,2.08024e+09,-8.13934e+06,2.95812e+08,4.4607e+09,1.01627e+09,4.92513e+08,-3.5189e+08,0.000951641,0.000135324,4.92785e-24
0,1.8672e+09,2.77722e+06,3.05241e+08,1.47993e+09,-5.31026e+08,-2.96969e+08,-1.04667e+09,0.000992378,0.000162229,4.37416e-25
0,2.12803e+09,-1.13156e+07,3.08185e+08,-6.692e+08,-2.74901e+09,-5.03123e+08,-3.21829e+08,0.000990741,0.000143481,-5.76934e-24
0,2.0454e+09,-6.25435e+06,3.13885e+08,-6.12665e+08,-6.65621e+08,1.15109e+07,-1.07018e+09,0.00101799,0.000156221,-8.14516e-26
0,1.78162e+09,4.29225e+07,2.79678e+08,4.57687e+09,1.40483e+09,-9.27959e+07,-9.64065e+08,0.000957285,0.000150274,1.45414e-23
0,2.11673e+09,2.98521e+07,3.21672e+08,4.41622e+09,-8.24593e+08,2.07714e+08,-1.03112e+09,0.00102916,0.000156399,9.60578e-24
0,2.04218e+09,2.499e+07,3.35533e+08,3.33241e+09,3.62821e+08,5.75916e+08,-5.97612e+08,0.000948196,0.00015579,2.52064e-24
0,1.88179e+09,2.9241e+07,3.08116e+08,5.40374e+09,1.05989e+09,-3.73475e+08,-1.26996e+09,0.00102559,0.000167926,3.20914e-23
0,2.05843e+09,934430,3.00171e+08,2.17767e+09,-7.11493e+08,1.79269e+06,-9.39931e+08,0.00103853,0.000151444,1.64338e-24
0,1.8834e+09,-3.55377e+06,2.96436e+08,9.76116e+08,-4.9666e+08,-2.17348e+08,-1.36209e+09,0.00105961,0.000166776,-2.41184e-25
0,1.908e+09,-1.35886e+07,3.08007e+08,3.28837e+09,-5.30503e+08,-5.03362e+08,-9.55552e+08,0.00101249,0.000163447,6.23514e-24
0,1.93763e+09,5.23185e+06,2.90731e+08,6.59186e+09,1.81152e+09,3.00079e+08,-1.0189e+09,0.000958158,0.000143766,4.10637e-23
0,1.92832e+09,2.0847e+07,3.24053e+08,5.24969e+09,1.48451e+08,-1.31118e+08,-6.65641e+08,0.000964774,0.000162129,1.16946e-23
0,1.94254e+09,7.28666e+06,3.27591e+08,3.455e+08,-1.27223e+08,-3.66598e+08,-6.21393e+08,0.000916387,0.00015454,-1.39347e-26
0,1.98131e+09,3.03572e+07,3.12466e+08,5.41935e+09,-4.4604e+06,-3.52002e+08,-1.06895e+09,0.00105426,0.000166264,2.75685e-23
0,2.09951e+09,1.46984e+06,2.60339e+08,7.01763e+08,5.35918e+08,-1.73676e+08,3.87956e+08,0.00112273,0.000139219,-6.34408e-26
0,2.14827e+09,3.39815e+07,3.14909e+08,7.05254e+09,-1.72802e+09,1.85755e+08,-9.53427e+08,0.00108173,0.000158569,5.40098e-23
0,2.25149e+09,-931370,3.36588e+08,-4.63569e+08,-8.05638e+08,-6.28378e+07,-5.35435e+08,0.000974121,0.000145627,-7.1445e-26
0,1.9038e+09,2.83239e+06,2.91948e+08,-1.07779e+09,-6.87919e+08,1.74694e+08,-1.3039e+09,0.00104675,0.000160519,-1.38487e-25
0,1.89002e+09,1.37188e+07,3.00037e+08,1.03455e+09,-3.73965e+08,-3.1236e+07,-1.32984e+09,0.00106428,0.000168952,-7.82459e-26
0,2.04939e+09,-3.10237e+07,3.3283e+08,-6.65151e+09,6.14818e+08,-3.46252e+08,-6.29837e+08,0.000919911,0.000149397,-1.56756e-23
0,1.89481e+09,-3.29008e+07,2.98238e+08,-4.78009e+08,7.08863e+08,1.36081e+08,-1.46854e+09,0.00102522,0.000161367,9.90928e-26
0,2.30223e+09,-487118,3.25088e+08,2.83799e+09,-1.2466e+09,-8.63699e+07,-2.20148e+08,0.000926155,0.000130778,8.70148e-25
0,2.04464e+09,-3.30411e+07,3.20104e+08,2.81444e+09,7.00789e+08,4.1945e+08,-8.69445e+08,0.000977217,0.000152991,2.69121e-24
0,1.84947e+09,6.35779e+06,2.91405e+08,6.55579e+09,-8.51628e+08,-6.13344e+08,-1.25435e+09,0.00101809,0.000160411,8.21195e-23
0,2.03459e+09,3.31565e+07,2.98571e+08,6.93478e+09,-1.84647e+09,2.71084e+08,-8.6954e+08,0.00107554,0.000157832,6.04614e-23
0,2.02273e+09,1.52637e+07,3.21251e+08,9.99526e+09,6.50638e+08,2.71481e+08,-4.5862e+08,0.00093769,0.000148925,4.38573e-23
0,1.99229e+09,3.78906e+07,2.8932e+08,3.51259e+09,-1.01006e+09,7.94419e+07,-1.25248e+09,0.00104909,0.000152348,1.07086e-23
0,1.92881e+09,1.31576e+07,3.0539e+08,3.5764e+09,-1.45619e+09,-4.09914e+08,-9.6581e+08,0.00105653,0.000167281,1.79224e-23
0,2.08164e+09,-1.59121e+07,3.17234e+08,8.4837e+09,8.37068e+08,1.3655e+08,-3.31129e+08,0.00106719,0.000162636,3.16e-23
0,2.1013e+09,2.97183e+07,3.33153e+08,3.87006e+09,2.30708e+08,2.75197e+08,-6.6258e+08,0.000953855,0.00015123,3.10093e-24
0,2.08194e+09,2.98457e+07,3.06423e+08,1.72219e+09,-1.66877e+09,2.63225e+07,-1.18608e+09,0.0010929,0.000160855,5.88743e-24
0,2.03002e+09,-1.11969e+06,3.2695e+08,-3.56121e+09,-3.94236e+08,-2.15542e+08,-9.97265e+08,0.00102574,0.000165203,-5.26234e-24
0,2.18468e+09,-4.44898e+07,3.19806e+08,-1.00673e+10,-6.91423e+08,-1.38305e+08,-6.14259e+08,0.000947336,0.000138677,-3.74203e-23
0,2.14364e+09,-1.672e+07,3.26209e+08,1.74561e+09,-3.57726e+08,5.93209e+07,-8.01729e+08,0.000986783,0.000150164,3.24539e-25
0,2.02736e+09,3.31199e+07,3.18185e+08,1.03577e+10,1.28006e+09,2.66328e+08,-5.24163e+08,0.000964119,0.000151314,6.59497e-23
0,2.30847e+09,2.07035e+07,3.27163e+08,4.62178e+09,-1.04162e+09,-1.5362e+08,-3.28558e+08,0.000928292,0.00013156,2.36541e-24
0,2.16091e+09,-3.09873e+07,3.08371e+08,-4.5662e+09,-1.03831e+09,-1.25814e+07,-7.7686e+08,0.00102483,0.000146247,-8.90815e-24
0,2.0092e+09,-3.20368e+07,3.1271e+08,-6.79726e+09,-6.45343e+07,-1.47012e+08,-1.05944e+09,0.000997372,0.00015523,-3.89334e-23
0,1.92415e+09,-1.05389e+07,2.8364e+08,-4.95184e+08,-6.94692e+08,-8.23951e+07,-1.38147e+09,0.00105842,0.000156022,-1.7164e-25
0,2.12016e+09,-2.18196e+07,3.14763e+08,-2.16414e+09,-9.37338e+08,-5.88461e+08,-6.31247e+08,0.00103993,0.00015439,-3.26647e-25
0,2.01697e+09,4.09465e+07,3.30125e+08,3.68908e+09,8.31838e+08,1.86614e+08,-7.62172e+08,0.000957326,0.000156689,4.3273e-24
0,1.87594e+09,-8.7761e+06,3.04829e+08,3.47037e+09,-1.47805e+09,-5.6947e+08,-8.50811e+08,0.00107141,0.000174097,1.94899e-23
0,1.98287e+09,-8.09979e+06,3.29623e+08,-4.1421e+09,-5.2861e+07,-4.64232e+08,-9.13695e+08,0.00100849,0.000167647,-7.85234e-24
0,1.86376e+09,5.36484e+07,3.03087e+08,5.96627e+09,1.5332e+09,-4.88799e+08,-1.26594e+09,0.000978202,0.000159076,3.10023e-23
0,2.23973e+09,-8.26642e+06,3.33585e+08,-1.11498e+09,-9.23534e+08,-8.25905e+07,-6.03768e+08,0.000995564,0.000148279,-2.95806e-25
0,1.92455e+09,5.21245e+07,3.00272e+08,-4.72292e+09,-6.32707e+08,-9.94549e+07,-8.12977e+08,0.00105948,0.000165302,-1.73936e-23
0,2.10122e+09,4.0573e+07,3.24208e+08,3.02865e+09,8.23965e+08,-1.72534e+08,-6.96023e+08,0.000942208,0.000145378,1.12887e-24
0,2.07632e+09,549674,3.10413e+08,-3.59051e+09,-1.92643e+09,-6.57333e+07,-1.13096e+09,0.0011032,0.000164931,-2.40733e-23
0,2.01528e+09,3.78649e+07,3.11228e+08,6.07781e+09,-6.96109e+08,2.11147e+08,-1.06392e+09,0.00101817,0.000157241,3.00326e-23
0,1.92868e+09,-3.69124e+07,3.16123e+08,-5.74799e+09,-3.81033e+07,-1.69103e+07,-7.22613e+08,0.00107232,0.000175759,-2.86914e-23
0,1.98523e+09,1.17061e+06,3.34652e+08,-4.73807e+09,4.68182e+08,-1.9036e+08,-6.33946e+08,0.000919263,0.000154961,-6.24845e-24
0,2.19194e+09,-3.73537e+07,3.2754e+08,2.10567e+09,-1.08658e+09,-1.74433e+08,1.88978e+08,0.000860055,0.000128518,1.46571e-25
0,2.30833e+09,9.56092e+06,3.13625e+08,3.37595e+09,4.63526e+08,1.13195e+08,9.261e+07,0.00100742,0.000136874,-1.61784e-25
0,1.96358e+09,-1.59781e+07,3.01781e+08,2.07419e+09,-1.31032e+09,-4.99726e+08,-8.94783e+08,0.00108645,0.000166976,4.0536e-24
0,2.2156e+09,-1.78556e+07,3.33589e+08,-4.18541e+09,-6.77057e+08,-2.59966e+08,-6.03272e+08,0.000984549,0.000148237,-2.72247e-24
0,2.03433e+09,1.89381e+07,3.14096e+08,4.74092e+09,-1.18734e+09,2.20972e+08,-1.0292e+09,0.00104201,0.000160884,1.75951e-23
0,1.92979e+09,-1.47975e+07,3.08942e+08,-6.2525e+09,-1.29719e+09,5.45946e+07,-1.23294e+09,0.00107421,0.000171972,-7.75152e-23
0,1.90681e+09,-2.79494e+07,2.98794e+08,5.77204e+09,-1.9303e+09,-6.14758e+07,-8.2365e+08,0.00108601,0.000170176,7.19596e-23
0,1.86397e+09,2.88347e+07,2.9365e+08,-7.13166e+09,-1.46376e+09,5.11286e+07,-1.05472e+09,0.00111317,0.000175368,-1.44955e-22
0,2.03331e+09,-4.86567e+07,3.06208e+08,-7.39195e+09,9.79074e+07,2.40077e+08,-9.17032e+08,0.00094884,0.000142891,-3.18795e-23
0,1.90373e+09,-3.48439e+07,2.93745e+08,-1.9303e+09,-2.76502e+08,6.45673e+08,-1.31597e+09,0.0010501,0.000162031,-5.69333e-25
0,1.87164e+09,-5.73512e+07,2.81484e+08,-2.67838e+09,6.96094e+08,5.8963e+08,-1.2447e+09,0.00100814,0.000151619,-2.5068e-24
0,1.98898e+09,5.77294e+07,2.8799e+08,5.1798e+09,-8.4013e+08,-5.26023e+08,-1.32422e+09,0.00107504,0.000155657,3.8723e-23
0,2.15784e+09,2.20525e+07,3.14242e+08,7.01184e+09,1.03026e+08,3.70706e+07,-6.07268e+08,0.00104743,0.000152535,2.24692e-23
0,2.01688e+09,-1.2737e+07,3.31038e+08,-4.9068e+09,-8.20431e+07,-3.92019e+08,-8.29152e+08,0.000990747,0.000162615,-1.03704e-23
0,2.11783e+09,-6.45423e+07,3.00661e+08,-5.33269e+09,2.86856e+08,2.75578e+08,-6.48344e+08,0.000976774,0.000138669,-7.56928e-24
0,1.93317e+09,-7.33797e+06,3.07429e+08,-1.48831e+09,-2.51736e+08,-6.26205e+07,-1.42157e+09,0.00102073,0.000162326,-1.40138e-25
0,2.19646e+09,-2.77589e+07,3.31423e+08,-6.39177e+09,-4.73127e+08,-3.1044e+08,-6.37944e+08,0.000968459,0.000146131,-9.90243e-24
0,1.87489e+09,2.36329e+07,2.9962e+08,-8.41941e+09,-2.33317e+09,3.52436e+06,-8.84903e+08,0.00109015,0.000174213,-2.2844e-22
0,2.17681e+09,4.6352e+07,3.23917e+08,-2.28638e+09,-1.53676e+09,1.74084e+08,1.2787e+08,0.000872868,0.000129886,-6.22585e-25
0,2.0142e+09,3.69988e+07,3.10519e+08,5.27339e+09,2.82789e+07,-6.49882e+08,-1.07977e+09,0.000997243,0.00015374,1.71338e-23
0,1.98969e+09,-8.75829e+06,3.28688e+08,-4.66581e+09,-8.69536e+07,-2.97845e+08,-9.17149e+08,0.000976326,0.000161285,-9.85873e-24
0,1.59095e+09,1.27398e+07,2.32583e+08,4.61386e+09,2.54904e+09,-5.04804e+08,-1.31402e+09,0.00105097,0.000153643,1.02395e-23
0,1.79082e+09,-3.85406e+07,3.11293e+08,-4.34696e+09,2.24088e+07,1.57912e+08,-1.2287e+09,0.00103281,0.000179531,-2.3559e-23
0,2.16628e+09,-2.15341e+07,3.34497e+08,-7.89181e+09,-1.95494e+08,-2.32089e+08,-5.51804e+08,0.000952163,0.000147024,-1.71192e-23
0,2.12088e+09,-2.9893e+07,2.86959e+08,6.45398e+09,1.09188e+09,4.37905e+08,4.35439e+08,0.000976813,0.000132165,-6.37529e-24
0,1.99237e+09,4.29586e+07,3.18997e+08,4.55934e+09,3.83839e+08,-2.73289e+08,-8.54867e+08,0.000974853,0.000156083,8.17002e-24
0,2.12259e+09,2.24833e+07,2.98939e+08,3.04264e+09,-1.78598e+09,-6.08754e+08,-1.06821e+09,0.00106978,0.000150664,1.06361e-23
0,2.00479e+09,-5.95635e+06,3.11262e+08,-3.52369e+09,-1.5126e+09,-3.18934e+08,-9.02663e+08,0.00101082,0.000156938,-9.01503e-24
0,2.00822e+09,-1.59569e+07,3.32295e+08,-4.13388e+09,-7.59241e+06,-4.22556e+08,-7.78995e+08,0.00096715,0.000160032,-5.28923e-24
0,2.06464e+09,4.53717e+07,3.09656e+08,-3.49116e+09,-1.3272e+09,4.52388e+08,-4.64442e+08,0.00104006,0.000155989,-7.03876e-24
0,1.98064e+09,3.23907e+07,3.18192e+08,4.70952e+09,4.89107e+08,-2.56365e+08,-8.81692e+08,0.000976549,0.000156884,9.62173e-24
0,1.9359e+09,-5.77171e+07,2.86505e+08,-3.57661e+09,8.28884e+07,4.66238e+08,-1.28379e+09,0.00103845,0.000153686,-8.45098e-24
0,2.15898e+09,-5.09169e+06,3.10459e+08,-5.19289e+09,-4.5312e+08,-2.98532e+08,-6.4781e+08,0.00105125,0.000151169,-8.72173e-24
0,1.82908e+09,-3.12022e+06,2.72163e+08,1.66946e+09,9.31119e+08,-1.72805e+08,-1.19112e+09,0.00113542,0.000168949,1.46864e-24
0,2.25982e+09,3.71273e+07,3.2199e+08,-7.38382e+09,9.24118e+07,1.30097e+08,2.51036e+08,0.000955595,0.000136158,5.55994e-24
0,1.97954e+09,-1.03287e+07,3.06821e+08,-1.7243e+09,-5.66729e+08,4.14922e+08,-1.25743e+09,0.00104821,0.000162469,-6.08981e-25
0,1.88633e+09,4.10891e+07,2.83707e+08,9.84743e+09,1.41886e+09,-5.13734e+07,-1.06318e+09,0.000966386,0.000145346,1.39664e-22
0,1.79629e+09,3.93075e+07,2.98708e+08,-4.18043e+09,-1.47562e+09,1.64714e+08,-1.06441e+09,0.00104238,0.000173338,-3.56263e-23
0,2.14143e+09,451679,3.44342e+08,1.85024e+08,-5.07373e+06,1.3661e+07,-1.89806e+08,0.000926274,0.000148945,-4.91346e-30
0,1.83144e+09,-3.26038e+07,3.10635e+08,-5.93234e+09,1.30047e+08,-1.37234e+08,-1.18657e+09,0.00100883,0.000171111,-4.8616e-23
0,1.83873e+09,-3.82657e+07,3.00888e+08,-4.38433e+09,6.44288e+08,5.44064e+08,-1.40789e+09,0.00101673,0.000166376,-1.89889e-23
0,1.86951e+09,-1.76695e+07,2.91364e+08,-6.96016e+08,7.87117e+08,4.47732e+08,-1.30239e+09,0.000995393,0.000155133,3.22272e-26
0,2.32696e+09,9.4817e+06,3.31071e+08,2.15906e+09,-1.07908e+09,-8.01406e+07,-2.67427e+08,0.000919418,0.000130811,4.13427e-25
0,1.81661e+09,-3.88296e+07,3.01453e+08,-3.64362e+08,1.01526e+09,6.40356e+08,-1.40367e+09,0.00100773,0.000167225,-2.79023e-26
0,1.86771e+09,2.1825e+07,2.61216e+08,2.42962e+09,-7.60051e+07,-4.54746e+08,-1.50501e+09,0.00107453,0.000150283,2.90648e-24
0,2.22911e+09,-3.195e+07,3.09852e+08,-4.20203e+08,2.7209e+07,4.48005e+08,-2.31371e+08,0.000920866,0.000128003,1.57575e-28
0,2.05272e+09,2.07668e+07,3.25625e+08,4.83809e+09,-2.77745e+08,-5.01449e+08,-5.16149e+08,0.00100669,0.000159693,7.30919e-24
0,2.18399e+09,-9.75069e+06,3.14421e+08,-4.1157e+09,-1.87476e+09,-4.20072e+08,-8.59361e+08,0.00101051,0.00014548,-9.82994e-24
0,2.03835e+09,-2.95412e+07,3.19419e+08,-4.75058e+09,-2.06414e+08,-1.92926e+08,-8.35233e+08,0.000991542,0.000155379,-9.16522e-24
0,2.03642e+09,-1.72539e+06,3.36099e+08,-9.96192e+08,1.56038e+08,-8.78819e+07,-6.19284e+08,0.000947176,0.000156325,-3.80947e-26
0,1.70841e+09,2.53938e+07,2.12852e+08,4.78647e+09,2.01941e+08,-2.52556e+08,-1.11852e+09,0.0011826,0.00014734,7.15391e-23
0,2.07354e+09,1.79994e+07,3.18115e+08,2.90323e+09,-1.0975e+09,-4.82527e+07,-8.7644e+08,0.00101419,0.000155593,4.14513e-24
0,2.18717e+09,2.93354e+07,3.22294e+08,5.81778e+09,-2.38928e+08,5.78326e+07,-6.11646e+08,0.000953015,0.000140433,7.44124e-24
0,2.01189e+09,-2.21665e+07,3.06089e+08,-8.347e+09,-1.20081e+09,-5.05056e+08,-1.00758e+09,0.00101713,0.000154745,-6.6358e-23
0,1.89734e+09,-4.8189e+07,3.1677e+08,-4.33766e+09,1.47255e+09,1.9619e+08,-1.05621e+09,0.000981501,0.000163867,-1.00711e-23
0,2.02205e+09,-3.31876e+06,3.25781e+08,-1.10066e+09,-2.14762e+08,3.48458e+07,-1.01759e+09,0.00101562,0.000163632,-4.61953e-26
0,1.88732e+09,-4.16717e+07,3.11066e+08,-3.09796e+09,1.19109e+09,3.13759e+08,-1.17599e+09,0.0010004,0.000164885,-4.22943e-24
0,1.87146e+09,-798262,3.12508e+08,-4.36338e+09,-3.50892e+08,-2.45131e+06,-9.2909e+08,0.000977972,0.000163308,-1.17711e-23
0,2.12224e+09,1.71751e+07,2.87954e+08,-4.11607e+09,2.6415e+08,2.12775e+08,5.27628e+08,0.00100658,0.000136577,3.74197e-24
0,2.22379e+09,-9.44429e+06,3.16704e+08,-1.01911e+09,-1.63879e+09,-1.41651e+08,-7.60743e+08,0.00100301,0.000142845,-1.38832e-24
0,2.0213e+09,4.40808e+07,3.06286e+08,1.00716e+10,-2.265e+08,-1.4376e+08,-1.00897e+09,0.000990659,0.000150113,1.16634e-22
0,2.01668e+09,-1.22844e+07,3.08309e+08,-8.7191e+09,-1.01524e+09,-3.41695e+08,-9.52118e+08,0.00100933,0.000154305,-7.32459e-23
0,1.92716e+09,-3.48296e+07,3.19736e+08,-2.84362e+09,1.04145e+09,1.10875e+08,-1.02133e+09,0.000972685,0.000161379,-2.72386e-24
0,2.02187e+09,-2.24615e+07,3.11945e+08,-9.83923e+09,-1.00706e+09,-4.44767e+08,-2.96559e+08,0.000959623,0.000148055,-1.63379e-23
0,1.96575e+09,-2.17457e+07,3.12958e+08,-1.66896e+08,3.43348e+07,2.83771e+08,-1.27685e+09,0.0010225,0.000162788,4.40419e-26
0,2.06759e+09,-2.32001e+06,3.26455e+08,2.19952e+09,7.17751e+08,3.59066e+08,-6.35411e+08,0.000910316,0.000143732,7.40335e-25
0,1.83358e+09,8.83553e+06,2.85173e+08,2.33149e+08,1.55293e+09,5.09894e+06,-1.33857e+09,0.000990861,0.000154106,-5.6075e-27
0,1.95841e+09,-2.155e+07,3.16859e+08,1.08396e+09,-4.53303e+07,3.73838e+08,-1.18996e+09,0.00101093,0.000163563,-1.46365e-25
0,2.11267e+09,2.52614e+07,2.96364e+08,3.29868e+09,-2.23654e+09,5.80636e+07,-1.12107e+09,0.00108174,0.000151745,2.3207e-23
0,1.96686e+09,-2.33826e+07,3.07173e+08,1.21416e+09,-1.33732e+08,3.21581e+08,-1.27396e+09,0.00103249,0.00016125,-1.20324e-25
0,2.05718e+09,5.26169e+07,3.08611e+08,9.85532e+09,-6.56744e+08,6.10168e+07,-9.99945e+08,0.00101641,0.000152479,1.12362e-22
0,1.85891e+09,-2.61755e+07,2.86599e+08,-4.38061e+09,-9.60614e+08,3.56737e+07,-1.54122e+09,0.00111583,0.000172034,-4.40304e-23
0,1.98524e+09,2.2087e+06,3.15963e+08,-4.65625e+09,5.59107e+08,1.03072e+08,-8.871e+08,0.000961606,0.000153045,-9.05006e-24
0,2.05986e+09,-1.22263e+07,3.32453e+08,-2.83853e+09,-1.93477e+08,-2.27064e+08,-7.3916e+08,0.00098459,0.000158908,-1.45411e-24
0,1.89237e+09,-1.08581e+07,3.01896e+08,3.57317e+08,1.07295e+09,2.868e+08,-1.42293e+09,0.00100663,0.000160591,-2.37602e-27
0,2.11092e+09,-6.6849e+06,3.18334e+08,-2.22193e+08,-1.40775e+09,1.16106e+08,-8.62488e+08,0.00102592,0.000154712,3.04505e-26
0,1.95669e+09,-2.9538e+07,2.98245e+08,-1.13336e+09,3.68199e+07,2.70678e+08,-1.22147e+09,0.00100204,0.000152734,7.29564e-26
0,2.30342e+09,1.28343e+06,3.33201e+08,-6.17065e+08,-1.14933e+08,1.49753e+08,-5.83861e+06,0.000869357,0.000125757,-4.19907e-28
0,1.94462e+09,-9.65862e+06,3.21867e+08,-1.43226e+09,3.91963e+08,-4.11288e+07,-1.14553e+09,0.000984405,0.000162936,-2.48052e-25
0,1.95151e+09,2.56039e+07,3.239e+08,1.01576e+09,1.48633e+09,-3.24001e+08,-8.39668e+08,0.000924519,0.000153446,-9.90786e-26
0,2.12498e+09,-3.8165e+07,3.19631e+08,-7.54534e+09,-7.37051e+08,-8.82933e+07,-7.09268e+08,0.000965907,0.000145288,-2.37246e-23
0,1.6675e+09,-1.8412e+07,1.94136e+08,-1.75659e+09,-1.62086e+08,-6.90858e+07,-9.99444e+08,0.00121987,0.000142023,-3.12153e-24
0,1.72104e+09,-3.36789e+07,2.86498e+08,-4.01362e+09,4.63596e+08,6.64061e+08,-1.53625e+09,0.00107437,0.000178847,-2.70726e-23
0,1.96004e+09,5.48551e+06,3.26629e+08,-9.22551e+08,3.30056e+08,9.20874e+07,-1.04587e+09,0.000987772,0.000164606,3.15959e-27
0,1.98304e+09,-2.35702e+07,3.18474e+08,-4.94379e+09,1.09055e+08,-8.86671e+07,-1.173e+09,0.000988112,0.00015869,-1.65272e-23
0,2.08789e+09,2.86865e+07,3.29627e+08,5.31808e+09,-1.08369e+08,4.55126e+08,-5.13195e+08,0.00092047,0.00014532,4.65713e-24
0,2.14662e+09,-7.41612e+06,3.13689e+08,4.40397e+09,-1.07414e+09,-7.42465e+07,-7.41494e+08,0.000986134,0.000144105,7.15288e-24
0,1.87563e+09,2.62679e+07,2.90269e+08,-5.1212e+09,-1.21012e+09,2.04455e+08,-9.60662e+08,0.00109388,0.000169286,-4.8065e-23
0,2.00559e+09,-2.06853e+07,3.17447e+08,3.16466e+08,8.1832e+08,6.5584e+07,-9.6336e+08,0.000956531,0.000151401,2.84871e-27
0,2.20545e+09,1.0322e+07,3.05458e+08,1.77002e+09,-2.49282e+09,2.03071e+07,-9.7884e+08,0.00107167,0.000148428,9.99611e-24
0,2.21009e+09,1.72096e+07,3.34089e+08,6.24887e+09,-2.83697e+08,9.09781e+07,-4.91921e+08,0.000927867,0.000140261,6.11319e-24
0,1.9944e+09,2.82977e+07,3.13866e+08,6.75494e+08,1.30674e+08,2.28674e+08,-1.01821e+09,0.000974679,0.000153389,-5.53752e-26
0,2.13939e+09,2.41104e+07,3.34318e+08,4.10184e+09,-1.95678e+07,3.68761e+08,-5.97779e+08,0.000949081,0.000148311,2.67327e-24
0,1.99075e+09,-8.96863e+06,3.28274e+08,-3.68938e+09,4.92879e+08,-2.26827e+08,-9.13502e+08,0.000956763,0.00015777,-5.04386e-24
0,2.044e+09,-6.27588e+07,2.9263e+08,-8.58594e+09,-1.04361e+09,1.82531e+08,-1.12193e+09,0.00103988,0.000148875,-1.07113e-22
0,2.02746e+09,-3.83756e+07,3.171e+08,-2.33389e+09,5.51177e+07,-677462,-1.14377e+09,0.00101063,0.000158065,-1.36298e-24
0,2.11015e+09,4.32723e+07,2.99377e+08,-5.75474e+09,-9.4222e+08,2.17482e+08,4.48516e+08,0.000930242,0.000131978,4.20571e-24
0,2.20788e+09,1.91062e+07,3.36565e+08,5.1636e+09,-4.00485e+08,3.71344e+08,-5.06122e+08,0.000949022,0.000144667,3.31582e-24
0,2.0056e+09,-5.1049e+07,3.16103e+08,-5.00871e+09,1.46779e+08,-3.29767e+07,-1.05735e+09,0.00100473,0.000158356,-1.61027e-23
0,2.00737e+09,1.06507e+06,3.32742e+08,-4.37006e+08,1.15186e+08,-9.54006e+07,5.81794e+08,0.00100707,0.000166933,-3.47443e-27
0,1.82622e+09,1.41319e+07,3.09092e+08,4.29462e+09,1.86149e+09,3.28935e+08,-8.96593e+08,0.000948701,0.00016057,1.34373e-23
0,1.78196e+09,-4.28807e+07,2.98139e+08,-2.69123e+09,-3.1339e+08,1.8651e+08,-1.25416e+09,0.00108749,0.000181947,-6.98563e-24
0,1.98632e+09,1.99949e+07,3.12772e+08,8.56831e+07,2.31503e+08,-5.85514e+08,-1.12556e+09,0.00104318,0.000164262,7.47979e-26
0,2.02038e+09,-2.87821e+07,3.14116e+08,-4.93473e+09,8.07001e+07,2.92001e+08,-1.00379e+09,0.000993591,0.000154477,-1.3007e-23
0,1.91537e+09,-3.19512e+06,2.97724e+08,-5.52087e+07,7.30899e+08,1.84951e+08,-1.26424e+09,0.000988793,0.000153698,-1.09657e-26
0,1.86235e+09,2.64178e+07,2.94203e+08,3.31873e+09,7.48772e+08,-2.25154e+08,-1.40989e+09,0.00102282,0.000161579,8.39828e-24
0,1.94695e+09,5.20517e+07,3.15257e+08,5.71128e+09,9.41867e+08,-3.22778e+08,-9.25157e+08,0.000966831,0.000156552,1.74274e-23
0,2.32962e+09,2.89881e+06,3.41805e+08,6.36603e+08,-3.88102e+08,1.31834e+07,-1.1797e+08,0.000881798,0.000129379,4.20091e-27
0,1.94905e+09,2.59157e+06,3.29726e+08,-5.80301e+08,2.4563e+08,-1.25851e+07,-9.45711e+08,0.000990495,0.000167564,3.05653e-26
0,1.99902e+09,-4.48378e+06,3.09561e+08,-1.42709e+09,-8.72665e+07,-6.35907e+08,-1.17167e+09,0.00103481,0.000160247,2.86338e-25
0,2.15306e+09,1.59397e+07,3.3637e+08,2.32979e+09,-2.67861e+08,3.45856e+08,-5.70351e+08,0.000964602,0.000150699,3.49256e-25
0,1.72902e+09,-4.56144e+07,2.22413e+08,-4.31251e+09,-5.12421e+08,4.30464e+08,-1.17012e+09,0.00116892,0.000150364,-5.511e-23
0,1.91386e+09,7.40751e+07,2.83671e+08,1.20867e+10,-2.20259e+08,-6.38368e+08,-1.04309e+09,0.0010066,0.000149198,3.01041e-22
0,2.12313e+09,-4.27547e+07,3.12827e+08,-1.07215e+10,-1.29979e+09,-2.64108e+08,-9.17229e+08,0.00103753,0.000152872,-1.22374e-22
0,2.14245e+09,-2.35573e+07,3.30922e+08,-5.8022e+09,-5.43295e+08,-1.19777e+08,-7.44285e+08,0.000993842,0.000153508,-1.21976e-23
0,2.28571e+09,2.53584e+07,3.29079e+08,-5.38349e+09,6.77643e+07,1.41584e+08,1.42908e+08,0.000918365,0.000132219,9.64942e-25
0,2.22619e+09,-1.73524e+07,3.17708e+08,-6.35622e+09,-1.51937e+09,1.63975e+08,-6.32333e+08,0.000984059,0.000140439,-1.74223e-23
0,1.96761e+09,-1.57792e+07,2.99773e+08,-4.16674e+09,5.05e+08,4.17888e+08,-1.13232e+09,0.000983002,0.000149764,-8.39639e-24
0,2.09354e+09,2.5165e+06,3.17222e+08,-3.04086e+09,-9.46033e+08,-6.98437e+08,-9.41793e+08,0.00104101,0.000157738,-1.37348e-24
0,1.91875e+09,728195,3.25097e+08,6.67404e+08,4.17131e+08,-7.16479e+07,-1.10125e+09,0.000984798,0.000166856,-3.9543e-26
0,2.1225e+09,1.25167e+06,3.44612e+08,7.06748e+08,9.50487e+06,5.45167e+07,-1.3694e+08,0.00092978,0.000150961,3.00172e-27
0,1.84659e+09,5.9087e+06,3.02602e+08,-5.01924e+09,-1.72309e+09,1.38325e+08,-1.05764e+09,0.0010402,0.000170459,-5.39168e-23
0,1.89877e+09,-6.61634e+07,2.93077e+08,6.26481e+09,-1.32475e+09,2.89327e+08,-6.48163e+08,0.000983947,0.000151873,2.42447e-23
0,1.9938e+09,2.91843e+07,3.13666e+08,1.14753e+09,8.09622e+08,-2.31554e+08,-1.06085e+09,0.000955641,0.000150342,8.12625e-26
0,2.02733e+09,-2.13957e+07,3.2838e+08,-6.51081e+09,-1.86364e+08,2.99768e+07,-8.72418e+08,0.000969841,0.000157092,-2.38325e-23
0,1.96165e+09,-1.84891e+07,3.13369e+08,4.58782e+09,1.44808e+09,7.25723e+08,-8.29746e+08,0.000921962,0.000147281,1.4195e-23
0,2.02087e+09,-5.31225e+07,3.19298e+08,-1.2296e+10,-1.00424e+08,-6.23802e+08,-7.958e+08,0.000986849,0.000155922,-1.589e-22
0,2.25403e+09,-6.50355e+06,3.34602e+08,-3.3957e+09,-8.68374e+08,-4.70377e+07,-4.63336e+08,0.000943525,0.000140063,-1.26283e-24
0,1.97217e+09,-6.28317e+07,3.09815e+08,-5.07987e+09,6.21342e+08,-9.40855e+07,-9.24891e+08,0.00105616,0.000165915,-2.19846e-23
0,2.05548e+09,-7.54666e+07,3.13619e+08,-1.19835e+10,7.91221e+08,-1.80391e+07,-7.90646e+08,0.000940339,0.000143475,-1.09549e-22
0,2.08946e+09,-1.46782e+07,3.28854e+08,-2.33608e+09,-3.09347e+08,-2.65914e+08,-8.06706e+08,0.000964658,0.000151824,-6.66468e-25
0,1.96021e+09,8.59012e+06,3.30161e+08,1.46061e+09,7.51413e+07,8.45896e+07,-9.365e+08,0.000992264,0.000167129,2.31505e-25
0,2.02838e+09,1.72353e+07,3.30526e+08,6.74812e+08,3.15842e+08,5.79116e+06,-7.76541e+08,0.000938165,0.000152875,3.23897e-27
0,2.14384e+09,658552,3.19776e+08,4.08357e+09,-1.2679e+09,-2.18064e+08,-8.00799e+08,0.00101767,0.000151796,8.99009e-24
0,1.87936e+09,-4.03521e+07,3.04343e+08,5.7724e+09,-2.36016e+09,1.86407e+08,-7.9911e+08,0.000994616,0.000161068,5.73662e-23
0,1.84203e+09,4.3164e+07,3.09907e+08,4.35033e+09,9.0892e+08,-3.42414e+08,-1.06962e+09,0.000965998,0.000162521,1.12985e-23
0,1.96133e+09,-2.01851e+06,3.11935e+08,1.84737e+08,1.25419e+09,-1.62889e+08,-1.00723e+09,0.000964044,0.000153324,-2.61452e-28
0,2.12988e+09,4.45409e+07,3.18871e+08,6.03521e+09,3.2851e+08,3.04151e+08,-4.36932e+08,0.000941685,0.000140983,7.24836e-24
0,1.86461e+09,3.04686e+07,2.98222e+08,2.87641e+09,-3.60322e+07,-2.02727e+08,-1.45372e+09,0.00104,0.000166335,5.48273e-24
0,1.91446e+09,-2.00503e+07,3.29415e+08,-5.02424e+09,6.70567e+08,-7.38097e+07,-8.81976e+08,0.000945009,0.000162604,-1.34967e-23
0,2.01569e+09,-2.0616e+07,3.18707e+08,-6.20418e+09,-8.42405e+08,-8.68472e+08,-9.04577e+08,0.000992806,0.000156976,-1.31973e-23
0,2.00453e+09,-6.35492e+07,3.17464e+08,-1.18935e+10,6.49504e+08,-1.82489e+08,-7.95759e+08,0.000952871,0.000150909,-1.34868e-22
0,1.56729e+09,-1.8578e+07,2.77956e+08,-5.90523e+09,1.08672e+09,-1.89642e+08,-1.1263e+09,0.00112793,0.000200035,-1.96237e-22
0,1.94988e+09,-2.94234e+07,3.0279e+08,-1.7486e+09,2.73213e+08,-3.68238e+07,-1.23553e+09,0.000992548,0.00015413,-5.16688e-25
0,2.25664e+09,-5.9108e+06,3.20265e+08,-6.92803e+08,-1.97366e+09,-9.4833e+07,-7.08248e+08,0.00102563,0.000145559,-1.5555e-24
0,2.01801e+09,-5.29367e+07,2.75525e+08,-6.44604e+09,-4.45018e+08,7.75728e+08,-9.38297e+08,0.0010148,0.000138554,-3.49872e-23
0,2.00215e+09,-3.08361e+07,3.34551e+08,5.87316e+09,1.87746e+08,8.57562e+08,2.65805e+08,0.000949148,0.000158599,-2.72187e-24
0,2.03356e+09,-1.36434e+06,3.40452e+08,-2.58312e+09,-2.70545e+08,-1.07907e+08,1.65302e+08,0.000951962,0.000159374,3.09952e-25
0,2.15645e+09,-1.26956e+06,3.19606e+08,-7.0235e+08,-1.7584e+09,-4.30734e+08,-7.43613e+08,0.00102551,0.000151989,-2.27147e-24
0,1.96531e+09,1.43599e+07,3.22043e+08,-1.76687e+09,9.45189e+08,-2.81323e+08,-9.71279e+08,0.000943414,0.000154591,-8.41061e-25
0,2.0144e+09,-4.61446e+06,3.2748e+08,1.58205e+09,-2.84037e+08,1.63642e+07,-1.01125e+09,0.00100401,0.000163222,3.46271e-25
0,1.9239e+09,2.3519e+07,2.92807e+08,6.96606e+09,3.5593e+08,2.21339e+08,-7.15864e+08,0.00104054,0.000158365,4.66737e-23
0,2.05853e+09,1.91564e+07,3.28049e+08,7.40983e+09,4.72175e+08,5.15918e+08,-7.17633e+08,0.00092284,0.000147065,2.40926e-23
0,2.06339e+09,2.74024e+07,2.81232e+08,1.46433e+09,-2.48933e+09,-5.30806e+07,-1.35916e+09,0.00112194,0.000152916,1.47658e-23
0,1.97742e+09,7.70098e+06,3.31113e+08,2.57569e+09,7.96871e+07,2.40451e+08,-7.88646e+08,0.00095162,0.000159346,1.2701e-24
0,2.11544e+09,1.17424e+07,3.23829e+08,2.01563e+09,-4.46858e+08,-4.89861e+08,-7.42444e+08,0.000989173,0.000151422,5.55135e-25
0,1.91687e+09,-4.60649e+07,3.01539e+08,-2.3624e+09,6.39366e+08,5.52142e+08,-1.26892e+09,0.000994615,0.000156461,-1.35088e-24
0,2.14367e+09,856795,3.43924e+08,3.20085e+08,-4.3923e+07,1.25746e+06,-2.43811e+08,0.00093717,0.000150357,2.46492e-28
0,2.22536e+09,-3.33172e+07,3.18436e+08,-7.85632e+09,-1.4425e+09,-1.10808e+08,-7.25375e+08,0.00100184,0.000143357,-2.98156e-23
0,1.8643e+09,-2.75638e+07,2.31494e+08,-2.91085e+09,-8.39839e+08,1.39473e+08,-8.85145e+08,0.00113726,0.000141216,-1.02114e-23
0,2.14359e+09,1.68481e+07,2.95076e+08,3.72187e+08,8.81624e+08,-1.55936e+08,-3.15474e+08,0.000906282,0.000124755,-6.75332e-27
0,1.72235e+09,-6.09089e+06,2.97362e+08,7.79194e+09,1.54712e+09,2.499e+08,-9.97605e+08,0.00103773,0.000179163,1.7007e-22
0,2.07381e+09,2.75326e+07,3.2284e+08,3.08163e+09,-3.21604e+08,-1.96199e+08,-8.52919e+08,0.000995682,0.000155003,2.56078e-24
0,1.94689e+09,9.14739e+06,2.52224e+08,6.6378e+09,-2.21229e+09,-1.70837e+08,3.58106e+08,0.00103179,0.000133671,8.04987e-24
0,2.06266e+09,-5.24866e+06,3.08425e+08,5.89888e+09,-1.00946e+09,-4.90197e+08,-8.90047e+08,0.001056,0.000157902,3.39352e-23
0,2.19283e+09,-2.13878e+07,3.22374e+08,-7.5923e+09,-1.54152e+09,-4.00785e+08,-6.33699e+08,0.00101112,0.000148648,-2.11176e-23
0,2.16686e+09,-4.46502e+07,3.20463e+08,-1.04243e+10,-7.2422e+08,-2.16865e+08,-6.87982e+08,0.0009788,0.000144758,-5.5796e-23
0,1.95856e+09,1.15144e+07,3.23116e+08,9.70066e+08,1.18807e+09,9.31126e+07,-9.56917e+08,0.000932721,0.000153877,1.01161e-25
0,1.84489e+09,-1.5472e+07,2.85224e+08,-3.22678e+09,4.53641e+07,1.84331e+07,-1.57325e+09,0.00105193,0.00016263,-9.71459e-24
0,2.06602e+09,1.75305e+07,3.1539e+08,3.57216e+09,-6.43334e+08,2.6053e+08,-1.11214e+09,0.00101115,0.000154358,5.15899e-24
0,2.20606e+09,1.05647e+07,3.18832e+08,-3.57559e+09,-1.87979e+09,2.36764e+08,-4.43812e+08,0.000976405,0.000141115,-6.23135e-24
0,2.03957e+09,7.15027e+06,3.12091e+08,2.98246e+09,-3.53439e+08,2.11569e+07,-1.04447e+09,0.000994848,0.00015223,2.82508e-24
0,2.14436e+09,-3.2341e+07,3.24414e+08,-1.05595e+10,-9.06704e+08,-4.71033e+08,-5.58439e+08,0.000978561,0.000148044,-4.18579e-23
0,2.013e+09,-5.28065e+07,3.19001e+08,-2.30749e+09,-1.92285e+09,-5.86389e+08,-6.67644e+08,0.000999244,0.00015835,-6.01914e-24
0,2.03976e+09,4.29821e+06,3.08419e+08,8.03545e+08,-1.72951e+08,-5.18184e+08,-1.00399e+09,0.00100189,0.000151489,-1.06648e-25
0,1.95592e+09,-5.28934e+07,3.01032e+08,-1.09969e+10,-1.22626e+09,-3.53657e+08,-1.21208e+09,0.00110743,0.000170443,-3.55645e-22
0,2.32641e+09,9.41093e+06,3.30892e+08,2.11967e+09,-1.00936e+09,-7.27729e+07,-2.55256e+08,0.000915987,0.000130283,3.39574e-25
0,2.11529e+09,595239,3.2815e+08,9.20752e+08,-4.2991e+08,-4.5927e+08,-6.74934e+08,0.000962293,0.000149283,-9.72113e-27
0,2.07392e+09,2.82598e+06,3.22511e+08,-3.19964e+09,-7.94442e+08,-8.12077e+07,-7.92923e+08,0.00097543,0.000151687,-2.83037e-24
0,2.31952e+09,9.65321e+06,3.28564e+08,3.01228e+09,-1.23136e+09,-7.23848e+07,-2.85899e+08,0.000932837,0.000132138,1.03488e-24
0,2.17342e+09,1.25124e+07,3.29696e+08,2.44501e+09,-8.3452e+08,2.89914e+08,-7.6084e+08,0.000989554,0.00015011,9.92702e-25
0,2.11699e+09,1.00512e+06,3.30817e+08,3.50983e+09,-6.07662e+08,3.47976e+07,-7.5392e+08,0.0010052,0.00015708,3.3704e-24
0,2.14745e+09,5.64685e+06,3.14701e+08,-6.28198e+08,-8.70754e+08,-4.1957e+08,-8.41265e+08,0.00101565,0.00014884,-3.28662e-25
0,2.01849e+09,-3.7e+07,2.90082e+08,2.81223e+09,-1.21113e+09,1.26562e+07,3.81894e+08,0.000900446,0.000129405,-2.40679e-25
0,2.33213e+09,-1.24779e+06,3.42466e+08,1.62265e+08,5.8958e+07,-1.94815e+07,-1.48392e+07,0.000863329,0.000126777,-1.24012e-30
0,2.00354e+09,3.00563e+07,3.20187e+08,2.04773e+09,-2.71078e+08,-7.43507e+07,-1.00461e+09,0.000999597,0.000159746,8.88896e-25
0,2.14268e+09,-125187,3.44507e+08,-1.01573e+09,-9.389e+06,-9.7147e+07,-1.59458e+08,0.000934636,0.000150274,-9.78072e-27
0,1.99852e+09,-699087,3.0017e+08,3.8942e+09,6.98595e+08,-3.73756e+07,-8.57562e+08,0.00117396,0.000176324,1.37762e-23
0,1.83753e+09,8.14571e+06,3.00264e+08,1.35062e+09,1.96121e+09,1.87964e+08,-1.32708e+09,0.000974634,0.000159261,4.00336e-25
0,2.16356e+09,3.9736e+07,3.29888e+08,5.19989e+08,1.24391e+09,-1.93223e+08,-3.36461e+08,0.000869866,0.000132633,-2.77346e-26
0,2.02372e+09,2.15999e+07,3.21453e+08,5.59341e+09,1.34852e+08,2.14691e+08,-1.02107e+09,0.000970704,0.00015419,1.77806e-23
0,2.0988e+09,2.80428e+07,3.13172e+08,1.01689e+10,-9.33015e+08,1.22877e+08,-8.29666e+08,0.000991356,0.000147925,8.17692e-23
0,2.1374e+09,-3.36542e+07,3.11581e+08,-7.75888e+09,-8.35709e+08,-5.58628e+08,-7.19547e+08,0.00104052,0.000151682,-2.78853e-23
0,1.88367e+09,-2.17842e+07,2.68361e+08,-6.40521e+09,6.48096e+08,7.38417e+08,-9.07677e+08,0.00103133,0.000146931,-3.59728e-23
0,2.14101e+09,-8.2971e+06,3.28189e+08,1.50494e+09,-7.78768e+08,-1.15444e+08,-8.05467e+08,0.0010063,0.000154252,4.93955e-25
0,2.32028e+09,-437926,3.40009e+08,1.1797e+08,-1.10747e+08,3.56864e+07,-8.44926e+07,0.000874496,0.000128147,2.68011e-29
0,2.12059e+09,-882645,3.29544e+08,5.08667e+09,5.09544e+08,1.09479e+08,-5.72709e+08,0.000912545,0.000141812,4.70772e-24
0,2.1487e+09,-2.85826e+07,3.14659e+08,-1.0569e+10,-8.45051e+08,-4.44943e+08,-5.741e+08,0.00102635,0.000150301,-5.60261e-23
0,2.12544e+09,1.49691e+07,3.26529e+08,-4.37931e+08,-3.88869e+08,1.61469e+08,-8.01225e+08,0.00100172,0.000153893,2.04974e-26
0,1.98184e+09,3.93076e+07,3.16253e+08,6.57467e+09,6.38708e+08,-6.37911e+07,-9.83547e+08,0.00097836,0.000156122,3.1959e-23
0,1.97225e+09,-8.77433e+07,3.04863e+08,-1.33974e+10,9.59933e+08,1.61814e+07,-9.96712e+08,0.00100005,0.000154585,-3.20235e-22
0,2.21512e+09,-9.26651e+06,3.32528e+08,-1.40034e+09,-9.32578e+08,-1.35161e+08,-6.43259e+08,0.00101233,0.000151969,-4.79282e-25
0,1.95383e+09,1.37823e+07,2.92248e+08,3.13883e+09,-7.31921e+07,-8.72944e+07,-1.06102e+09,0.00101013,0.000151092,4.31379e-24
0,2.13185e+09,-570144,3.43821e+08,-1.13952e+09,580492,-1.21119e+08,-2.55371e+08,0.000929427,0.000149896,-2.17668e-26
0,2.09639e+09,2.38034e+06,3.33327e+08,5.61822e+09,4.72052e+08,3.3345e+08,-5.91305e+08,0.000918883,0.000146103,7.78556e-24
0,2.00532e+09,-3.24616e+07,3.2313e+08,-5.87525e+09,1.00487e+09,2.05583e+08,-6.66763e+08,0.00090376,0.000145629,-8.41054e-24
0,2.11891e+09,4.92044e+07,3.01414e+08,1.28936e+10,6.11634e+08,1.20683e+08,-4.90868e+08,0.00103375,0.00014705,1.20398e-22
0,1.90835e+09,-4.38983e+07,3.16219e+08,4.73058e+07,4.98729e+08,-2.23116e+08,-5.76541e+08,0.000991655,0.00016432,7.15455e-30
0,1.99072e+09,-4.14201e+07,2.90212e+08,-3.24944e+09,-7.66768e+07,-3.28707e+07,-1.22197e+09,0.00103333,0.000150641,-5.42452e-24
0,2.09425e+09,-6.97046e+06,3.17503e+08,-1.36686e+09,-8.04889e+08,1.73294e+08,-1.09675e+09,0.00102291,0.000155081,-4.77707e-25
0,2.14404e+09,5.96322e+07,3.11524e+08,1.01381e+10,-1.39336e+08,-1.75729e+08,-6.02432e+08,0.000946796,0.000137567,4.24937e-23
0,1.91279e+09,-3.97434e+07,3.16903e+08,1.02465e+09,-1.02426e+09,-8.17433e+07,-3.8289e+08,0.000945451,0.000156638,4.14194e-25
0,2.07905e+09,2.96258e+07,3.14901e+08,5.88696e+09,-4.05485e+08,-1.17175e+08,-9.75539e+08,0.00100583,0.000152347,2.13534e-23
0,1.96325e+09,-6.80925e+07,3.11926e+08,-1.26e+10,9.39816e+08,-2.1266e+08,-9.60584e+08,0.00095823,0.000152246,-2.2362e-22
0,2.0197e+09,3.06538e+07,3.11027e+08,1.53909e+09,-3.25614e+08,-3.54237e+08,-1.05919e+09,0.00103453,0.000159315,2.76475e-25
0,2.2447e+09,1.42184e+07,3.3249e+08,4.50736e+09,-5.8551e+08,1.88857e+08,-4.50595e+08,0.000934322,0.000138394,1.8773e-24
0,2.12668e+09,2.74541e+07,3.32266e+08,6.07916e+09,1.94931e+08,4.5296e+08,-6.35555e+08,0.000932698,0.000145722,9.75675e-24
0,2.06698e+09,-4.68991e+07,3.09751e+08,5.41259e+09,-3.96364e+07,3.95709e+08,-7.94877e+08,0.000973056,0.000145819,1.10676e-23
0,2.02602e+09,2.11855e+07,3.17116e+08,4.93251e+09,-5.01214e+08,-8.7068e+06,-9.84736e+08,0.00100944,0.000158,1.45725e-23
0,2.10001e+09,-4.73044e+07,3.15565e+08,-7.4754e+09,-1.76745e+08,-3.46399e+08,-7.39417e+08,0.000945612,0.000142095,-2.17204e-23
0,1.80449e+09,-4.40585e+07,3.08685e+08,-9.43472e+09,2.34899e+09,-3.69664e+08,-1.01472e+09,0.000909478,0.000155579,-1.29827e-22
0,1.99399e+09,-1.8096e+07,3.20559e+08,-2.38275e+09,4.42729e+08,-7.11244e+07,-1.05313e+09,0.00096423,0.000155012,-1.37714e-24
0,2.05432e+09,-2.83219e+07,3.16502e+08,-4.91279e+09,-8.89135e+07,1.21329e+08,-9.95439e+08,0.000975247,0.000150253,-1.0976e-23
0,2.16985e+09,2.43065e+07,3.34934e+08,5.55691e+09,-2.13722e+08,4.3691e+08,-5.86918e+08,0.000954812,0.000147383,5.8267e-24
0,1.9634e+09,4.05356e+07,2.92299e+08,-2.58097e+09,-3.69531e+08,-2.62485e+08,-7.75182e+08,0.0010689,0.000159132,-2.06456e-24
0,2.15056e+09,1.54417e+07,3.23062e+08,1.06534e+09,-1.10241e+09,1.18473e+08,-9.87061e+08,0.00102244,0.000153594,7.7452e-25
0,2.04644e+09,2.43485e+07,3.02652e+08,-1.88809e+09,-3.79433e+08,7.16417e+07,-1.0273e+09,0.00102355,0.000151374,-7.49966e-25
0,1.91321e+09,8.15662e+06,3.03661e+08,1.93258e+09,2.7534e+08,-1.94932e+08,-1.27009e+09,0.00100826,0.00016003,8.28865e-25
0,1.94042e+09,9.14215e+06,2.94504e+08,4.78392e+09,-1.65944e+09,5.5372e+07,-9.46929e+08,0.00101146,0.000153513,2.71125e-23
0,2.01154e+09,6.26956e+07,2.96702e+08,-3.92141e+09,-1.47502e+09,-5.85461e+07,-6.89372e+08,0.00107548,0.000158633,-1.40117e-23
0,1.81247e+09,5.86408e+07,2.73501e+08,-6.52054e+09,-1.88883e+08,-6.14954e+08,-1.11485e+09,0.00112127,0.0001692,-9.96743e-23
0,2.02391e+09,1.35955e+07,3.19405e+08,3.71998e+09,-9.3221e+08,-3.64808e+07,-9.40228e+08,0.00102631,0.000161967,8.24391e-24
0,2.32285e+09,1.02928e+07,3.31635e+08,2.01907e+09,-1.12217e+09,-3.41445e+07,-2.77884e+08,0.000920532,0.000131425,4.02528e-25
0,1.95838e+09,-2.84873e+07,3.22544e+08,-4.18842e+09,3.44967e+08,-2.71154e+08,-1.08526e+09,0.000976649,0.000160854,-9.8769e-24
0,1.88339e+09,-1.27519e+07,3.18954e+08,-3.99247e+09,7.66351e+08,-2.63989e+08,-1.09297e+09,0.000950978,0.000161049,-1.02947e-23
0,2.08847e+09,-1.61929e+07,3.14717e+08,-3.64677e+09,-8.51065e+08,-4.40971e+08,-8.98345e+08,0.00102743,0.000154826,-4.04635e-24
0,1.96149e+09,-5.78181e+07,3.04186e+08,1.58079e+09,-1.6239e+09,3.54437e+07,-6.85246e+08,0.000949337,0.000147222,2.63147e-24
0,2.1457e+09,2.5649e+07,3.37163e+08,5.23852e+09,4.66185e+08,3.81176e+08,-4.60702e+08,0.000897735,0.000141065,4.20302e-24
0,2.13389e+09,1.53261e+07,3.33173e+08,2.73773e+09,-4.84488e+08,3.48439e+08,-7.11921e+08,0.000981496,0.000153245,8.8497e-25
0,2.05444e+09,-4.60137e+07,3.16265e+08,-8.98866e+09,-1.75895e+08,-5.89891e+08,-8.1774e+08,0.000966839,0.000148837,-5.11061e-23
0,2.27642e+09,-1.49735e+07,3.33466e+08,-4.6078e+09,-8.29692e+08,-2.71163e+08,-4.73199e+08,0.000993695,0.000145563,-2.54544e-24
0,2.16005e+09,1.21896e+07,3.25836e+08,5.11327e+08,-6.73103e+08,1.49126e+08,-6.92698e+08,0.000954203,0.000143938,7.5236e-26
0,1.97733e+09,1.5366e+07,2.86475e+08,4.43996e+09,-1.9484e+09,-2.4447e+07,-8.4802e+08,0.00102038,0.000147831,2.6602e-23
0,1.88913e+09,3.4672e+06,2.89987e+08,-2.70475e+09,5.58426e+08,-4.22991e+07,-1.19903e+09,0.00102762,0.000157742,-4.12308e-24
0,2.00155e+09,1.61963e+06,3.27395e+08,1.19129e+08,2.95395e+08,-3.60127e+07,-8.82703e+08,0.000960761,0.000157153,-4.95326e-27
0,2.20362e+09,-1.89601e+07,3.29219e+08,-7.31454e+09,-4.07263e+08,-2.77709e+08,-5.63428e+08,0.000980799,0.000146531,-1.4114e-23
0,2.17685e+09,3.23413e+07,3.22815e+08,4.05852e+09,-6.68866e+07,-2.25879e+07,-4.32388e+08,0.000905819,0.000134328,1.43086e-24
0,2.19225e+09,-3.79559e+06,2.94967e+08,-5.12291e+09,1.12591e+09,-3.49836e+08,4.03187e+08,0.00103906,0.000139805,4.10732e-24
0,1.96132e+09,2.15382e+07,2.87949e+08,-7.72915e+09,-7.69786e+08,2.0355e+08,-8.878e+08,0.00106609,0.000156518,-8.5081e-23
0,1.96769e+09,-4.85221e+07,2.93913e+08,1.19928e+09,-2.18428e+09,2.41523e+08,-8.22881e+08,0.00107374,0.000160385,9.81335e-24
0,1.94047e+09,-1.70008e+07,3.2771e+08,-5.68251e+09,3.85857e+08,-3.8232e+08,-9.77749e+08,0.000963375,0.000162697,-2.28626e-23
0,2.2788e+09,2.64761e+07,3.10708e+08,-2.95836e+09,-3.58551e+07,8.86791e+07,-2.6655e+07,0.000969816,0.000132232,-4.28522e-26
0,1.9814e+09,3.19884e+07,3.03819e+08,-4.89631e+08,-1.31086e+08,-3.42853e+08,-1.18896e+09,0.0010418,0.000159745,1.30326e-25
0,1.82045e+09,5.33672e+07,2.65541e+08,2.60681e+09,1.31042e+08,4.74696e+08,-1.13358e+09,0.00103072,0.000150347,3.66999e-24
0,1.86706e+09,2.81184e+07,3.02562e+08,2.40915e+09,-4.8451e+07,-8.70499e+07,-1.34727e+09,0.00102724,0.000166467,2.60994e-24
0,2.09506e+09,3.64644e+07,3.16474e+08,5.96114e+09,-5.98713e+08,2.55555e+08,-6.65222e+08,0.000952533,0.000143887,9.96059e-24
0,2.08255e+09,-1.26923e+07,3.31629e+08,-8.34708e+09,2.51776e+08,-2.43969e+08,-6.00052e+08,0.000951865,0.000151577,-2.87668e-23
0,1.89479e+09,2.85771e+06,3.08595e+08,-4.01312e+09,-1.33292e+09,-4.68263e+08,-9.71618e+08,0.0010224,0.000166513,-1.25296e-23
0,1.99792e+09,-1.7802e+07,3.15326e+08,-5.26364e+09,3.80599e+07,4.62604e+07,-8.6993e+08,0.000975548,0.000153968,-1.36834e-23
0,2.00601e+09,1.07926e+07,3.27708e+08,1.26311e+09,3.55561e+08,5.95183e+07,-8.53945e+08,0.000950484,0.000155274,1.25459e-25
0,1.72287e+09,4.67257e+07,2.89891e+08,-4.17605e+09,-9.76027e+08,-7.66584e+08,-1.07999e+09,0.00104619,0.000176033,-1.31366e-23
0,1.95024e+09,6.8216e+07,3.03265e+08,9.3144e+09,1.08215e+09,-2.87085e+08,-9.42308e+08,0.000947603,0.000147353,7.39734e-23
0,2.09233e+09,-3.05926e+07,3.33894e+08,-5.59719e+09,2.46034e+08,-5.51923e+08,-6.2789e+08,0.000937718,0.000149641,-8.75885e-24
0,2.05704e+09,5.47002e+07,3.21481e+08,5.53152e+09,4.39991e+08,-1.00763e+08,-6.41978e+08,0.000906781,0.000141714,6.94373e-24
0,1.97022e+09,2.279e+07,3.30224e+08,2.43687e+09,6.78367e+08,1.36828e+08,-7.36687e+08,0.000961935,0.000161228,1.37407e-24
0,2.1547e+09,2.70585e+07,3.33836e+08,3.69105e+09,-8.25961e+06,2.29954e+08,-6.19573e+08,0.000947716,0.000146833,1.96318e-24
0,1.95516e+09,-7.00845e+06,3.26184e+08,-6.88908e+08,4.55013e+08,-6.32241e+07,-1.01866e+09,0.000960939,0.000160316,8.78732e-27
0,2.05888e+09,8.43872e+06,3.25052e+08,1.64478e+09,-4.18724e+07,1.13151e+08,-8.80581e+08,0.000963967,0.00015219,2.4416e-25
0,2.12806e+09,3.18261e+07,3.03547e+08,3.63846e+09,-8.19078e+08,3.98278e+07,-7.74916e+08,0.000997286,0.000142253,3.99784e-24
0,2.11774e+09,-2.68313e+07,3.37404e+08,-5.14765e+09,3.71764e+08,-5.88509e+08,-4.80552e+08,0.000920256,0.000146618,-5.22458e-24
0,2.0507e+09,-3.40366e+07,3.14931e+08,6.09568e+09,-2.14461e+08,3.65306e+08,-2.85697e+08,0.00103835,0.000159462,7.24896e-24
0,1.81463e+09,-4.81939e+06,2.58325e+08,7.42025e+09,1.11511e+09,2.10259e+08,-1.05395e+09,0.00109413,0.000155758,1.49951e-22
0,2.21354e+09,5.02542e+07,3.19551e+08,-2.03775e+09,-1.12368e+09,2.49487e+08,1.17612e+08,0.000908136,0.000131101,-2.67889e-25
0,2.07789e+09,-2.32111e+07,3.23281e+08,-2.31277e+08,1.78374e+08,1.2705e+08,-8.1056e+08,0.000946873,0.000147316,6.06682e-27
0,2.077e+09,3.19215e+07,3.19691e+08,9.7293e+09,-4.2554e+08,1.95473e+08,-6.26934e+08,0.000954907,0.000146979,4.55837e-23
0,1.96235e+09,-1.42339e+07,3.08507e+08,-5.03855e+08,-3.76312e+08,-4.73779e+07,-1.02888e+09,0.00100274,0.000157644,8.02422e-27
0,1.89414e+09,2.35059e+07,3.18087e+08,3.14923e+09,1.67213e+09,-8.02353e+07,-9.98552e+08,0.000922495,0.000154917,2.33613e-24
0,2.32141e+09,1.26153e+07,3.31831e+08,2.95745e+09,-9.46434e+08,-8.73436e+07,-2.75209e+08,0.000918787,0.000131335,6.18208e-25
0,1.95702e+09,-2.1825e+06,3.32426e+08,-1.8729e+09,5.03069e+08,-1.38924e+08,-8.10173e+08,0.00094132,0.000159896,-5.90971e-25
0,2.04665e+09,3.81728e+07,3.08227e+08,4.59874e+09,-1.26753e+09,1.80052e+08,-1.24675e+09,0.00108485,0.000163379,2.45746e-23
0,2.0634e+09,-3.4595e+07,3.01399e+08,-5.0689e+09,-5.50204e+08,-2.2557e+08,-1.04652e+09,0.00102069,0.000149091,-1.50069e-23
0,2.01584e+09,-2.37387e+07,3.16745e+08,-6.56672e+09,-1.00716e+09,-3.11123e+08,-7.33109e+08,0.000977172,0.000153541,-2.03429e-23
0,2.32081e+09,1.47015e+07,3.25786e+08,3.11955e+09,-1.34804e+09,-1.39951e+08,-3.29986e+08,0.000932007,0.000130832,1.42776e-24
0,1.79392e+09,-3.49297e+07,2.81962e+08,4.29685e+09,2.62664e+09,3.77592e+08,-1.05538e+09,0.00106532,0.000167443,2.13929e-23
0,2.00147e+09,1.48028e+06,3.18862e+08,-2.40313e+09,-5.56514e+08,2.10823e+08,-9.36347e+08,0.000997706,0.000158948,-1.79331e-24
0,2.10481e+09,3.38078e+07,3.18737e+08,8.61572e+09,-8.56333e+08,4.69369e+08,-6.92499e+08,0.000975684,0.000147751,3.10995e-23
0,1.85783e+09,-1.49883e+07,2.96468e+08,4.8145e+07,-2.3918e+08,2.19193e+08,-1.44963e+09,0.00105042,0.000167623,6.09082e-26
0,2.05468e+09,3.3462e+07,3.01037e+08,-7.59121e+09,-3.10728e+09,1.72531e+08,-5.67089e+08,0.00105112,0.000154002,-1.25196e-22
0,2.13318e+09,1.93775e+07,3.12145e+08,2.86765e+09,-6.53995e+08,-3.57798e+08,-8.97762e+08,0.00100631,0.000147252,2.41375e-24
0,1.93451e+09,2.51433e+06,2.67666e+08,4.86057e+09,-3.21232e+08,-1.20966e+08,-9.1841e+08,0.00117266,0.000162254,3.45886e-23
0,1.77367e+09,-328925,2.82386e+08,2.73804e+09,3.42343e+08,8.58176e+07,-1.3992e+09,0.00102857,0.000163759,5.99878e-24
0,2.13906e+09,5.26886e+07,3.21132e+08,8.52425e+09,1.71148e+08,1.39504e+07,-6.79976e+08,0.00093607,0.00014053,2.69249e-23
0,2.10125e+09,-1.05302e+07,3.36677e+08,-5.15556e+09,2.81111e+08,-1.28346e+08,-5.02018e+08,0.000898781,0.000144009,-4.08991e-24
0,1.9242e+09,2.87328e+07,3.25846e+08,1.14607e+09,1.22866e+09,-1.48035e+08,-9.3161e+08,0.00096103,0.000162742,6.21733e-26
0,2.05524e+09,1.43381e+07,3.21298e+08,2.62341e+09,4.45129e+07,-9.66947e+07,-9.56048e+08,0.000974137,0.000152287,1.42025e-24
0,2.00761e+09,7.92748e+07,3.12774e+08,8.90417e+09,1.97735e+09,-2.25445e+08,-5.01927e+08,0.000890368,0.000138714,1.16305e-23
0,2.12754e+09,1.93498e+07,3.18022e+08,7.51526e+09,-1.34089e+09,5.24715e+08,-6.84274e+08,0.0010058,0.000150347,2.07601e-23
0,1.869e+09,-7.2284e+06,3.00137e+08,4.66534e+07,7.15748e+07,3.52358e+08,-1.40665e+09,0.00105602,0.000169583,-9.19192e-26
0,2.13021e+09,3.68503e+06,3.1521e+08,8.27929e+08,-7.46588e+08,-4.48748e+08,-8.65149e+08,0.00100741,0.000149067,-8.52587e-26
0,2.13021e+09,2.66905e+07,3.33519e+08,3.34844e+09,-1.86506e+08,3.07084e+08,-6.72057e+08,0.00096648,0.000151318,1.66466e-24
0,2.07303e+09,1.66207e+07,3.31844e+08,1.08795e+09,-5.16973e+07,-1.17387e+08,-7.67741e+08,0.000961222,0.000153869,4.08267e-26
0,1.77938e+09,4.31061e+07,2.7681e+08,2.66582e+09,-6.38164e+08,1.19276e+08,-3.58947e+08,0.00111482,0.000173428,2.95223e-24
0,2.18146e+09,3.17188e+07,3.16851e+08,6.0593e+09,-5.85233e+08,-1.48979e+08,-7.7921e+08,0.000991378,0.000143995,1.44301e-23
0,1.94936e+09,3.27141e+07,3.17771e+08,2.70224e+09,1.14073e+09,-4.29878e+08,-1.01067e+09,0.000972863,0.000158589,1.34578e-24
0,2.08784e+09,-8.53932e+06,3.2936e+08,5.97853e+08,2.76262e+07,1.14969e+08,-7.47049e+08,0.000943695,0.000148869,-8.20213e-27
0,1.80603e+09,1.70276e+07,2.92074e+08,4.62941e+09,3.34031e+09,2.54699e+08,-7.77174e+08,0.00106211,0.000171765,-2.99151e-23
0,2.12482e+09,-2.04253e+07,3.20281e+08,-2.25814e+09,-1.18506e+09,-9.24397e+07,-7.68395e+08,0.00100684,0.000151764,-2.10623e-24
0,2.07123e+09,-2.90345e+06,3.02431e+08,-2.40784e+09,-1.64356e+09,3.00629e+08,-1.02505e+09,0.00103981,0.000151828,-6.18756e-24
0,2.06381e+09,7.47508e+07,3.08472e+08,1.34135e+10,7.68137e+08,-2.43057e+08,-5.36156e+08,0.000953217,0.000142475,1.00393e-22
0,2.02778e+09,-3.25055e+07,3.2977e+08,-6.28421e+09,5.63926e+08,1.45903e+07,-5.87344e+08,0.000924191,0.000150298,-1.1389e-23
0,1.88708e+09,2.27145e+07,2.92255e+08,1.42562e+09,1.14463e+09,-2.62407e+08,-6.50614e+08,0.000927425,0.000143632,-3.49963e-26
0,1.97611e+09,-3.91807e+07,3.23054e+08,-2.94401e+09,4.16952e+08,8.98496e+07,-7.90545e+08,0.000986266,0.000161235,-2.29777e-24
0,1.94399e+09,-2.7743e+07,3.14824e+08,-5.40259e+09,3.04068e+08,-769808,-7.95204e+08,0.000955091,0.000154675,-1.41512e-23
0,2.13562e+09,5.58447e+06,3.15921e+08,3.61629e+09,-1.41891e+09,4.7426e+08,-7.89088e+08,0.00102552,0.000151705,4.84179e-24
0,1.97324e+09,4.64221e+07,3.19342e+08,3.52384e+09,8.47807e+08,-2.24065e+08,-9.64491e+08,0.000988335,0.000159948,4.46203e-24
0,2.31052e+09,1.53275e+07,3.34679e+08,3.30957e+09,-4.76848e+08,-9.57772e+07,-2.07045e+08,0.000894211,0.000129527,3.47088e-25
0,2.13309e+09,-3.78054e+07,3.07918e+08,2.41322e+09,4.9119e+08,-1.76538e+08,8.03913e+08,0.0010683,0.000154212,-1.60224e-24
0,2.15688e+09,369089,3.4446e+08,5.65334e+07,-1.38838e+07,1.08539e+07,-1.71988e+08,0.000924012,0.000147567,-1.39056e-29
0,1.85791e+09,-513722,2.78313e+08,4.81084e+09,8.66467e+08,1.17687e+08,-1.25543e+09,0.00101802,0.000152499,2.85958e-23
0,2.01088e+09,1.02921e+07,3.27178e+08,4.19272e+09,1.34413e+08,-1.31948e+07,-9.60276e+08,0.000968014,0.0001575,6.94554e-24
0,1.82884e+09,-3.5933e+07,2.62215e+08,-4.23967e+09,-6.08142e+08,4.43056e+08,-1.47644e+09,0.00106231,0.000152311,-2.97385e-23
0,1.89509e+09,-2.2182e+07,2.96617e+08,-3.75011e+08,3.45136e+08,2.80371e+08,-1.42021e+09,0.00104865,0.000164133,1.18269e-25
0,2.07487e+09,3.92498e+06,3.1226e+08,1.46254e+09,-9.28648e+08,5.07703e+08,-9.42584e+08,0.00102202,0.00015381,6.70668e-25
0,2.31905e+09,1.191e+07,3.34563e+08,2.41605e+09,-6.3873e+08,-9.93742e+07,-2.04683e+08,0.000902274,0.000130169,1.998e-25
0,2.00002e+09,-4.67225e+07,3.25278e+08,-2.74723e+09,9.6125e+08,3.31451e+07,-6.25886e+08,0.000972625,0.000158185,-1.25016e-24
0,1.75218e+09,-5.84487e+06,2.75231e+08,9.08466e+08,5.92298e+08,2.14331e+08,-1.46798e+09,0.00104598,0.000164302,-2.34044e-25
0,2.18525e+09,-2.96285e+07,3.13895e+08,-6.47533e+09,-1.15111e+09,-2.4955e+08,-7.38301e+08,0.000982916,0.000141189,-1.47138e-23
0,2.0361e+09,-3.58029e+07,3.0093e+08,8.89786e+09,3.10591e+08,4.33862e+08,-6.53501e+08,0.00104686,0.000154723,7.05349e-23
0,1.81889e+09,-9.07518e+07,3.04995e+08,-7.51022e+09,-8.86457e+08,-2.80077e+08,-5.81478e+08,0.000933428,0.000156519,-3.14566e-23
0,2.09748e+09,6.14266e+07,3.10971e+08,1.02205e+10,-1.02297e+09,1.12555e+08,-8.43632e+08,0.00100116,0.000148431,8.99352e-23
0,2.05168e+09,-1.47344e+07,3.13157e+08,-8.86387e+08,-5.85096e+08,4.67218e+08,-9.45526e+08,0.00103161,0.00015746,1.29611e-25
0,1.97491e+09,2.86855e+07,3.12083e+08,3.74132e+09,7.76737e+06,-4.34285e+08,-1.15914e+09,0.00101228,0.000159965,7.43218e-24
0,2.19077e+09,-1.9807e+07,3.1135e+08,-5.35471e+09,-1.28473e+09,-3.24851e+08,-7.86664e+08,0.000988048,0.00014042,-9.3551e-24
0,2.03733e+09,7.09541e+07,2.90501e+08,8.08105e+09,3.98719e+07,-3.1478e+08,-9.06471e+08,0.00099633,0.000142066,5.23635e-23
0,2.24169e+09,-245608,3.23125e+08,-3.57567e+08,-1.6383e+09,-6.095e+06,-7.35381e+08,0.00100359,0.000144662,-3.82591e-25
0,2.17334e+09,-6.12975e+06,3.37927e+08,-3.28058e+09,-5.98076e+08,-4.57975e+08,-5.03072e+08,0.000959293,0.000149158,-5.96098e-25
0,2.20538e+09,-1.71829e+07,3.34282e+08,-3.59944e+09,-4.05379e+08,-1.57836e+08,-5.64469e+08,0.000950056,0.000144006,-1.45231e-24
0,2.00404e+09,1.31795e+07,3.20867e+08,2.64158e+09,-3.0374e+08,-7.34943e+07,-1.07856e+09,0.000997042,0.000159636,2.1668e-24
0,1.9619e+09,2.65406e+07,3.1569e+08,3.30556e+09,-1.29951e+08,-4.65468e+08,-1.02391e+09,0.000992436,0.000159693,4.35214e-24
0,2.08936e+09,4.16288e+07,3.06971e+08,5.31355e+09,-7.78642e+08,7.99693e+07,-7.75104e+08,0.000983255,0.000144461,1.11949e-23
0,1.998e+09,-2.09047e+07,3.34433e+08,-9.94902e+09,8.79325e+07,-4.45644e+08,-5.59176e+07,0.00095105,0.000159191,-6.59063e-24
0,2.01441e+09,-4.32081e+07,3.16841e+08,-8.606e+09,6.86722e+08,1.88849e+08,-8.47376e+08,0.000941413,0.000148072,-4.55919e-23
0,1.90711e+09,-5.75532e+07,3.03536e+08,-2.02412e+09,6.22524e+08,6.00397e+08,-1.10845e+09,0.00100251,0.00015956,-6.60347e-25
0,2.18614e+09,-2.41728e+07,3.30752e+08,-4.34504e+09,-4.63796e+08,-1.49163e+08,-6.70627e+08,0.000972848,0.000147187,-3.65271e-24
0,1.67055e+09,-3.14855e+07,2.64473e+08,5.1452e+09,-6.63231e+08,3.73695e+07,-1.13834e+09,0.00105113,0.00016641,6.17059e-23
0,1.85445e+09,3.71934e+06,2.83186e+08,-6.682e+09,-1.63068e+09,1.57451e+08,-8.46895e+08,0.00106205,0.000162182,-9.34869e-23
0,2.00081e+09,1.80024e+07,3.24434e+08,3.64363e+09,-3.51985e+07,1.61746e+08,-1.06061e+09,0.000989825,0.000160501,5.50369e-24
0,2.07034e+09,4.18781e+07,3.01289e+08,3.96946e+09,-4.22612e+08,-1.11669e+08,-8.56634e+08,0.000987772,0.000143747,5.46396e-24
0,1.73415e+09,4.42475e+07,2.64235e+08,-4.32887e+09,-1.95519e+09,-4.59657e+08,-7.31566e+08,0.00105896,0.000161355,-3.87764e-23
0,1.67554e+09,-3.04089e+07,2.69041e+08,7.31604e+09,-1.47577e+09,1.35426e+08,-1.098e+09,0.00107529,0.00017266,2.13372e-22
0,1.98707e+09,1.89593e+07,2.94934e+08,3.23947e+09,-1.25322e+09,-1.74224e+07,-1.30198e+09,0.00106894,0.00015866,1.26117e-23
0,2.07717e+09,3.73994e+07,3.15945e+08,4.86967e+09,-1.09005e+09,2.46691e+08,-9.90948e+08,0.00106095,0.000161375,1.68219e-23
0,1.99461e+09,-2.1808e+07,3.06164e+08,-6.05825e+08,3.22245e+08,4.17998e+08,-1.1459e+09,0.00100258,0.000153892,5.36044e-26
0,1.88885e+09,-2.60991e+07,2.79067e+08,-3.14604e+09,-6.43656e+07,5.30577e+06,-1.51792e+09,0.00104333,0.000154145,-7.47212e-24
0,1.97804e+09,4.25452e+07,2.95249e+08,3.22309e+09,-1.33264e+08,8.99222e+06,-9.98731e+08,0.000999224,0.000149147,3.99774e-24
0,2.0059e+09,-2.82881e+07,2.92853e+08,-2.65924e+09,-3.02974e+08,-1.55539e+07,-1.26602e+09,0.00104785,0.000152982,-3.02138e-24
0,2.00878e+09,1.29759e+07,3.34244e+08,-3.69992e+09,6.67305e+08,-2.41504e+08,-6.73609e+08,0.000920787,0.000153211,-3.33283e-24
0,2.13075e+09,-6.60829e+07,2.89133e+08,6.60336e+09,-7.95965e+08,-2.52529e+08,2.6287e+07,0.00100845,0.000136841,2.16165e-24
0,2.04452e+09,1.60725e+07,3.18412e+08,8.57269e+08,-1.15333e+09,-2.62104e+08,-9.8067e+08,0.00103412,0.000161053,2.44701e-25
0,2.06317e+09,8.30511e+06,3.15934e+08,9.23013e+08,-1.86556e+09,9.32953e+07,-9.06153e+08,0.00108416,0.000166018,3.87742e-24
0,1.79577e+09,-3.47471e+07,2.77189e+08,8.95029e+09,-1.48001e+09,2.99532e+08,-9.9557e+08,0.00114801,0.000177203,3.04734e-22
0,1.9932e+09,6.11696e+07,3.1235e+08,1.18104e+10,3.54389e+08,2.76805e+08,-1.00096e+09,0.000973672,0.000152582,1.87e-22
0,2.30528e+09,1.34627e+07,3.26886e+08,-2.61619e+09,5.57099e+08,1.09069e+08,1.42504e+08,0.000915921,0.000129877,1.91667e-25
0,2.2329e+09,-1.50837e+07,3.40514e+08,-5.63094e+09,-1.51619e+08,-3.82339e+08,-3.19145e+08,0.000910861,0.000138905,-2.25406e-24
0,2.07171e+09,-1.71394e+07,3.35388e+08,-4.74872e+09,4.48246e+08,-1.98006e+08,-5.94648e+08,0.000920038,0.000148944,-4.81547e-24
0,1.88546e+09,1.16924e+07,3.07183e+08,-4.60055e+07,1.38641e+09,9.09919e+07,-1.12558e+09,0.00099764,0.000162537,-2.20634e-27
0,1.7396e+09,3.57514e+07,2.60728e+08,-5.29072e+09,-9.40593e+08,-5.74797e+08,-1.09136e+09,0.00105205,0.000157679,-4.00072e-23
0,1.65011e+09,1.59796e+07,2.82808e+08,2.76053e+09,-2.32192e+09,-1.91777e+08,-7.30337e+08,0.00107133,0.000183612,5.17574e-23
0,2.21877e+09,-456629,3.21345e+08,-3.4012e+09,-1.01709e+09,-7.29713e+07,1.31385e+08,0.000905953,0.000131209,8.61092e-26
0,2.12803e+09,-4.31801e+07,3.27756e+08,-8.40066e+09,2.82305e+08,-1.16185e+08,-6.1895e+08,0.000926197,0.000142652,-2.32853e-23
0,2.30544e+09,4.64328e+06,3.11173e+08,4.95302e+09,-1.01948e+08,-4.50101e+07,-4.26531e+07,0.000999621,0.000134922,3.38967e-25
0,1.97379e+09,-2.27496e+07,3.11556e+08,-2.34916e+09,-2.17853e+09,-1.02257e+08,-8.45231e+08,0.00108054,0.00017056,-1.73899e-23
0,2.12924e+09,4.85966e+06,3.25534e+08,-2.60197e+09,-1.57058e+09,-1.97517e+08,-6.51605e+08,0.0010533,0.000161037,-4.80626e-24
0,1.69905e+09,-3.76535e+07,2.88372e+08,2.47263e+09,-1.85846e+09,1.56535e+06,-7.45877e+08,0.00102844,0.000174552,1.9862e-23
0,1.97786e+09,3.64188e+07,3.01317e+08,5.46923e+09,-5.6853e+08,-3.44231e+08,-1.13026e+09,0.00105393,0.000160561,3.37914e-23
0,2.27259e+09,-2.72983e+06,3.17464e+08,8.01264e+09,-2.55389e+08,-2.56913e+08,-5.4365e+07,0.000941726,0.000131552,1.95764e-24
0,1.95297e+09,-1.78831e+07,2.96841e+08,-4.2552e+09,-1.00803e+09,2.24019e+08,-1.34879e+09,0.00107987,0.000164133,-2.60713e-23
0,2.09275e+09,-4.33501e+07,3.19697e+08,-3.36734e+09,-1.97809e+09,-5.29607e+08,-6.80804e+08,0.000994123,0.000151867,-7.38528e-24
0,1.91049e+09,-6.12213e+06,3.03148e+08,1.44739e+09,1.22238e+09,-1.30599e+08,-1.14743e+09,0.00100169,0.000158944,4.02954e-25
0,1.9723e+09,3.38747e+06,3.26778e+08,-9.7319e+08,-7.87822e+07,8.41249e+07,-1.05993e+09,0.00100562,0.000166616,2.65268e-26
0,2.01932e+09,-3.79103e+07,2.99365e+08,1.15522e+10,6.81353e+08,7.00995e+08,-5.3141e+08,0.00102359,0.000151748,1.37136e-22
0,1.96283e+09,-1.89287e+07,2.64306e+08,-4.13904e+08,-9.19222e+08,-8.33999e+07,-1.13038e+09,0.0010762,0.000144916,-4.37931e-25
0,2.11515e+09,3.65901e+06,3.29395e+08,5.80858e+09,1.08517e+08,2.58749e+08,-7.20016e+08,0.000945438,0.000147235,1.00831e-23
0,1.96431e+09,-3.94445e+07,3.09611e+08,-4.19753e+09,-1.52931e+09,-3.02368e+08,-9.43177e+08,0.00107022,0.000168686,-1.98349e-23
0,1.85368e+09,-1.78851e+07,3.18357e+08,-1.70958e+09,1.15781e+09,1.46042e+08,-1.1741e+09,0.000967961,0.000166241,-6.99427e-25
0,2.20665e+09,-8.0887e+06,3.21205e+08,-2.94762e+09,-8.91491e+08,-1.27215e+08,2.05967e+08,0.000886905,0.0001291,2.32691e-25
0,2.0044e+09,2.35269e+07,3.03933e+08,4.16711e+09,-1.12932e+09,-2.67552e+08,-1.05526e+09,0.00107608,0.000163169,1.94164e-23
0,2.02327e+09,2.22539e+06,3.20729e+08,-5.30054e+09,-8.58962e+08,-1.31694e+08,-9.02041e+08,0.00102707,0.000162811,-1.8678e-23
0,2.10785e+09,3.74588e+07,3.18257e+08,8.93273e+09,-1.20447e+09,3.89291e+08,-9.31884e+08,0.00107009,0.000161569,8.15682e-23
0,1.98861e+09,-7.17303e+07,3.12416e+08,-3.46843e+09,-2.18034e+09,-4.01564e+08,-5.64821e+08,0.000977472,0.000153563,-1.17315e-23
0,1.94504e+09,-7.75629e+07,2.78082e+08,-2.31519e+09,6.5839e+08,1.83728e+08,-8.88361e+08,0.00118624,0.000169596,-3.01306e-24
0,2.20076e+09,1.29976e+07,3.35191e+08,4.82083e+09,-5.4209e+08,2.50977e+08,-5.69072e+08,0.000963685,0.000146776,3.62509e-24
0,2.00996e+09,-2.9949e+07,3.02784e+08,1.70396e+09,2.546e+08,-1.32526e+08,-9.89708e+08,0.00100311,0.00015111,4.00852e-25
0,1.98472e+09,-5.5823e+07,3.10438e+08,-7.4923e+09,3.06984e+08,-2.31116e+08,-1.01927e+09,0.000970017,0.000151724,-4.83907e-23
0,2.27486e+09,1.83714e+07,3.2727e+08,3.08378e+09,-1.01575e+09,-3.63111e+06,-3.66844e+08,0.000926611,0.000133306,9.26394e-25
0,1.91206e+09,-6.78154e+07,3.15067e+08,-2.66808e+09,-1.09551e+09,-2.70966e+08,-4.94416e+08,0.000963722,0.000158801,-1.96229e-24
0,1.96328e+09,-5.53697e+07,3.11946e+08,-6.03926e+09,-4.78032e+08,-4.99199e+08,-8.03267e+08,0.00104691,0.000166344,-2.50402e-23
0,2.015e+09,-1.46283e+07,3.0188e+08,-1.2012e+09,-4.52509e+08,-3.72714e+08,-1.1882e+09,0.00103438,0.000154967,-7.62131e-26
0,2.18454e+09,-4.03183e+07,3.12181e+08,5.20574e+09,1.1392e+09,3.73435e+08,-3.03802e+07,0.00105815,0.000151215,2.94347e-24
0,2.04052e+09,3.37516e+07,3.12519e+08,4.53255e+09,-1.26669e+09,3.6075e+08,-1.17287e+09,0.00108305,0.000165876,2.00618e-23
0,1.78364e+09,-5.80092e+07,3.17967e+08,4.29626e+09,4.18243e+08,-1.39479e+08,-5.73595e+07,0.00103505,0.000184518,2.71985e-25
0,1.85934e+09,1.31342e+07,3.1296e+08,-4.74402e+09,5.15767e+08,-4.27984e+08,-9.94873e+08,0.000996421,0.000167715,-2.10084e-23
0,1.90699e+09,2.61225e+07,3.21302e+08,9.43342e+08,7.30959e+08,1.00286e+08,-1.21877e+09,0.00100047,0.000168566,9.08435e-26
0,1.89018e+09,2.42983e+07,2.80287e+08,-1.92878e+10,-6.3652e+08,-6.39631e+08,3.35366e+08,0.00103715,0.000153796,5.73076e-22
0,2.30243e+09,2.41731e+07,3.23284e+08,5.36241e+09,-1.38493e+09,-1.76497e+08,-4.68095e+08,0.000959933,0.000134784,6.62792e-24
0,1.90813e+09,1.17954e+07,2.7809e+08,1.33971e+09,4.86496e+08,4.95067e+07,-1.15859e+09,0.00102438,0.000149292,2.83793e-25
0,1.86338e+09,-2.53722e+07,2.95525e+08,-4.41061e+09,8.56341e+08,4.90466e+08,-1.39098e+09,0.0010277,0.000162989,-1.88468e-23
0,1.98699e+09,-6.26504e+07,3.12923e+08,-7.15076e+09,2.72454e+08,-4.48464e+08,-7.40002e+08,0.00102542,0.000161489,-4.19235e-23
0,2.09115e+09,-4.27517e+07,2.97902e+08,-3.29825e+09,-6.78845e+08,-1.11974e+08,-6.92463e+08,0.00112983,0.000160954,-4.90984e-24
0,1.98996e+09,1.09512e+07,3.16715e+08,5.39657e+09,2.35063e+09,5.72632e+08,-7.12547e+08,0.00090101,0.000143402,1.2376e-23
0,1.79425e+09,5.60391e+06,2.58222e+08,2.70096e+09,2.84239e+08,3.58629e+08,-1.32564e+09,0.00107809,0.000155155,6.76652e-24
0,2.15035e+09,2.012e+07,3.34027e+08,2.32417e+09,-2.13221e+08,2.80595e+08,-6.35515e+08,0.000976247,0.000151646,4.75467e-25
0,2.07751e+09,-2.90371e+07,2.98188e+08,-3.06009e+09,-1.53086e+09,-4.69554e+07,-1.09605e+09,0.00104589,0.000150119,-9.35224e-24
0,1.86535e+09,4.2784e+07,3.06713e+08,1.79598e+09,1.36379e+09,-4.26511e+08,-1.38289e+09,0.00100535,0.000165306,6.54036e-25
0,1.98217e+09,5.26596e+06,3.3573e+08,1.03442e+09,639798,3.17031e+08,-6.36206e+08,0.000985432,0.000166908,2.42587e-26
0,1.77102e+09,3.95856e+07,2.97082e+08,1.55088e+10,2.47866e+09,2.12811e+08,-7.51459e+08,0.00100329,0.000168299,6.82383e-22
0,2.06428e+09,5.07408e+07,2.84168e+08,-1.23851e+10,-5.79684e+08,5.30283e+08,3.36699e+08,0.000979027,0.000134772,4.85271e-23
0,2.3293e+09,6.66786e+06,3.34117e+08,1.60331e+09,-9.01231e+08,-4.82464e+07,-2.3181e+08,0.000909478,0.000130456,1.5731e-25
0,2.16994e+09,-5.68586e+06,3.13236e+08,-2.91684e+09,-1.46484e+08,3.90001e+08,-3.82675e+08,0.00107107,0.000154612,-1.17264e-24
0,1.88522e+09,-1.58548e+07,3.02436e+08,-1.41263e+10,1.17157e+09,4.11586e+08,-4.08122e+08,0.000959961,0.000154001,-1.16899e-22
0,1.90643e+09,1.61044e+07,3.24209e+08,-1.7388e+09,-6.81064e+07,-3.27328e+08,-7.00857e+08,0.000923127,0.000156988,-2.57373e-25
0,2.2834e+09,2.77165e+07,3.29023e+08,-4.80415e+09,1.43791e+08,2.37073e+08,1.79825e+08,0.000894317,0.000128865,8.10084e-25
0,2.10271e+09,1.13703e+07,3.3681e+08,3.71991e+09,-1.1111e+08,1.05464e+08,-5.92732e+08,0.000948756,0.000151971,2.18853e-24
0,1.99486e+09,5.33844e+06,3.33816e+08,1.16515e+09,-2.02826e+08,1.87461e+08,-7.54454e+08,0.000993765,0.000166295,7.53732e-26
0,2.00977e+09,-7.15319e+07,3.13622e+08,-7.64297e+09,1.46115e+09,-2.22082e+08,-6.66617e+08,0.00098075,0.000153044,-3.75401e-23
0,2.03014e+09,-4.84531e+07,3.05498e+08,-9.86168e+08,-2.14887e+09,-2.1929e+08,-5.40747e+08,0.00101375,0.00015255,-4.39683e-24
0,2.05351e+09,5.07483e+07,2.99423e+08,7.7026e+09,-3.32416e+07,1.98751e+08,-6.87871e+08,0.000957945,0.000139678,2.73928e-23
0,2.31793e+09,1.76551e+07,3.20947e+08,2.98063e+09,-8.52578e+08,-6.26022e+07,-2.32646e+08,0.000970195,0.000134336,6.42142e-25
0,1.83325e+09,-9.67688e+06,3.03866e+08,-1.97042e+08,1.32715e+09,-1.0977e+08,-1.12902e+09,0.00097175,0.00016107,1.28365e-27
0,2.23705e+09,1.08465e+07,3.03266e+08,-3.76121e+09,-1.35123e+09,-1.52251e+07,2.14377e+07,0.000949317,0.000128695,-8.92069e-25
0,1.91442e+09,-2.55797e+07,3.00319e+08,-3.7314e+09,-7.45222e+08,1.04189e+08,-1.5325e+09,0.00107319,0.000168354,-1.78211e-23
0,1.98242e+09,2.25565e+07,2.74296e+08,-5.87581e+08,-1.25325e+09,-4.00233e+08,-1.20937e+09,0.00108328,0.000149888,-2.34423e-24
0,2.15527e+09,2.99899e+07,3.06074e+08,-6.37887e+09,-1.08656e+09,2.23768e+08,3.32061e+08,0.000910902,0.000129359,2.67339e-24
0,1.97513e+09,-118691,3.35956e+08,1.30596e+09,-7.17724e+07,7.4654e+07,-6.56719e+08,0.000990878,0.000168542,1.36021e-25
0,2.08466e+09,1.17804e+07,3.36892e+08,5.0866e+09,1.75067e+08,1.91307e+08,-5.59165e+08,0.000922005,0.000149001,5.10227e-24
0,1.99965e+09,-3.14133e+07,3.12087e+08,-7.46428e+09,-1.96094e+08,-3.64074e+08,-9.75858e+08,0.000973206,0.000151889,-4.19451e-23
0,1.88679e+09,-3.62567e+06,2.91092e+08,6.70127e+08,3.96369e+08,2.29116e+08,-1.31241e+09,0.00103019,0.000158937,-1.87735e-25
0,2.02428e+09,-6.20488e+07,3.15837e+08,-7.83995e+09,1.3329e+09,-2.8556e+08,-4.03366e+08,0.000950986,0.000148377,-2.26264e-23
0,2.19991e+09,-9.94942e+06,3.32445e+08,3.03442e+09,-2.9592e+08,3.6898e+08,2.92669e+07,0.000883926,0.000133577,-1.84965e-25
0,1.92189e+09,-3.64883e+07,3.09143e+08,-3.61829e+08,9.27588e+08,6.40309e+07,-1.20834e+09,0.00100744,0.00016205,5.79912e-27
0,2.15291e+09,1.56387e+06,3.44738e+08,-7.95401e+07,1.97842e+07,-9.7766e+06,-1.16708e+08,0.000914701,0.000146468,3.41924e-30
0,2.16419e+09,8.75248e+06,3.33831e+08,2.96744e+09,-4.94551e+08,1.60254e+08,-6.91504e+08,0.00097094,0.00014977,1.24729e-24
0,2.09921e+09,4.6144e+07,3.20314e+08,5.29309e+09,-3.56075e+07,-1.13815e+08,-7.15342e+08,0.00097682,0.000149051,9.10502e-24
0,2.12322e+09,-2.03902e+07,3.28049e+08,-4.56085e+09,-4.24825e+08,-3.7065e+08,-7.99458e+08,0.000970707,0.00014998,-5.09937e-24
0,1.96845e+09,-6.50302e+07,3.03402e+08,-1.0222e+10,8.59963e+08,7.91763e+07,-9.36074e+08,0.000968969,0.00014935,-1.13116e-22
0,1.8056e+09,-5.13953e+06,2.55878e+08,1.05632e+09,-3.71025e+07,2.55532e+08,-1.37999e+09,0.00107427,0.000152238,-4.37419e-25
0,2.31622e+09,206786,3.18186e+08,4.81226e+09,7.38949e+07,-4.31315e+06,1.49078e+07,0.000984974,0.000135309,-9.39245e-26
0,1.965e+09,1.99585e+07,3.09564e+08,4.87209e+09,-7.14964e+08,-3.22982e+08,-1.22551e+09,0.00105765,0.000166621,2.8085e-23
0,2.13348e+09,3.43906e+07,3.26118e+08,7.24269e+09,-2.81475e+08,2.41103e+08,-6.24187e+08,0.000939482,0.000143607,1.48847e-23
0,2.0529e+09,2.48406e+07,3.27893e+08,3.95672e+09,2.3647e+08,1.32675e+08,-8.06031e+08,0.000954088,0.000152389,4.30687e-24
0,1.93466e+09,-2.90786e+07,3.10188e+08,2.51944e+09,-1.25672e+09,-6.57168e+07,-1.05868e+09,0.000998398,0.000160075,5.3744e-24
0,1.82624e+09,5.74609e+07,2.99894e+08,-5.55121e+09,-1.91583e+09,1.47876e+08,-8.14256e+08,0.00100674,0.000165321,-5.74915e-23
0,2.15596e+09,1.74332e+06,3.4417e+08,1.54278e+08,1.56727e+07,4.67225e+06,-2.04171e+08,0.000915159,0.000146093,-3.00793e-29
0,1.8557e+09,-2.61942e+07,2.97239e+08,-8.22131e+09,2.11331e+09,1.22012e+08,-9.34969e+08,0.000939537,0.000150492,-5.46422e-23
0,2.12415e+09,3.06962e+06,3.31271e+08,4.07883e+09,-8.65706e+08,2.50155e+08,-5.26981e+08,0.000952575,0.000148559,2.46335e-24
0,2.23769e+09,2.85738e+07,3.26518e+08,5.3312e+09,-3.73446e+08,-4.63754e+07,-3.96081e+08,0.00092177,0.000134502,2.96657e-24
0,1.97431e+09,1.3716e+07,3.18312e+08,4.45756e+09,-4.89728e+08,-1.39961e+08,-9.57716e+08,0.00100451,0.000161954,1.20267e-23
0,2.02394e+09,-2.3598e+07,3.12999e+08,1.24113e+09,-1.72584e+09,8.31581e+08,-3.16394e+08,0.0010901,0.000168582,2.74051e-24
0,2.08387e+09,2.54459e+06,3.364e+08,3.51469e+09,-5.04103e+08,2.27839e+08,-2.63913e+08,0.000973941,0.000157223,7.3392e-25
0,2.25842e+09,2.30834e+07,3.26481e+08,1.6604e+09,-1.79148e+09,-3.16058e+06,-1.79478e+08,0.000915912,0.000132406,9.98576e-25
0,2.03963e+09,3.47482e+06,3.17337e+08,-3.85253e+08,-1.55096e+09,-3.03916e+08,-9.47549e+08,0.00108117,0.000168215,-2.21595e-24
0,2.08421e+09,8.87675e+06,3.17755e+08,3.51296e+09,-1.12677e+09,-3.84468e+07,-9.31118e+08,0.00102079,0.000155628,6.88153e-24
0,1.93144e+09,2.159e+07,3.01913e+08,4.88913e+09,2.40593e+09,-3.50963e+08,-7.96031e+08,0.000895304,0.00013995,-2.14062e-24
0,2.02991e+09,2.59798e+07,3.23588e+08,-1.85904e+09,6.49216e+08,-2.06758e+08,-9.03008e+08,0.000965304,0.000153879,-6.80857e-25
0,2.0354e+09,-1.59487e+07,2.97216e+08,-5.21172e+09,-1.98037e+09,5.87585e+07,4.09337e+08,0.000971907,0.000141921,-6.65023e-25
0,2.15417e+09,2.00008e+06,3.44086e+08,3.98914e+08,8.72566e+06,2.14468e+07,-2.14496e+08,0.000915661,0.000146258,5.3571e-28
0,1.8624e+09,4.06025e+06,2.86949e+08,-2.52014e+08,-1.78366e+08,-3.52759e+08,-1.41619e+09,0.00105077,0.000161897,1.14998e-25
0,1.75499e+09,1.23675e+07,2.59189e+08,2.29462e+09,1.134e+09,1.97528e+08,-1.48709e+09,0.00105087,0.0001552,6.33071e-24
0,2.06779e+09,1.38387e+07,3.15365e+08,2.35275e+09,-1.17533e+09,-3.20119e+08,-9.00489e+08,0.00101785,0.000155236,2.96357e-24
0,2.14246e+09,1.24245e+07,3.35334e+08,5.25456e+09,-3.17093e+08,3.26531e+08,-4.56404e+08,0.000923646,0.000144568,3.36485e-24
0,2.09994e+09,-3.72228e+07,3.07943e+08,-2.20528e+09,1.88606e+08,-8.46689e+07,-5.7306e+08,0.000924522,0.000135575,-4.00452e-25
0,1.86834e+09,-2.9864e+07,3.14164e+08,-2.89226e+09,1.11383e+09,4.24637e+08,-1.17834e+09,0.00100477,0.000168952,-3.26943e-24
0,1.93904e+09,-8.05667e+06,3.13383e+08,-2.082e+09,-1.07481e+09,-2.26681e+08,-1.13557e+09,0.00105424,0.000170384,-3.77176e-24
0,2.1547e+09,-1.89645e+07,3.38867e+08,-5.81993e+09,-7.05994e+06,-6.02485e+08,-4.00406e+08,0.000916428,0.000144126,-4.19318e-24
0,2.0502e+09,-3.16087e+07,3.25992e+08,-6.83107e+09,-2.89508e+08,-4.0833e+08,-8.9236e+08,0.000967962,0.00015391,-2.44157e-23
0,2.10596e+09,6.54762e+06,3.20335e+08,1.07571e+09,-1.3533e+09,6.25814e+07,-8.53424e+08,0.00103167,0.000156926,1.31664e-24
0,2.15771e+09,1.28009e+07,3.28827e+08,3.97658e+09,-1.0032e+09,4.66013e+08,-6.61976e+08,0.000998342,0.000152144,2.61326e-24
0,1.80171e+09,7.7399e+06,2.89351e+08,7.33178e+08,6.12267e+08,-2.48271e+08,-1.49104e+09,0.00103553,0.000166304,-2.16119e-25
0,2.15637e+09,2.03522e+06,3.44035e+08,5.25741e+08,-636126,3.64171e+07,-2.20654e+08,0.000916854,0.000146278,1.44045e-27
0,1.76172e+09,-4.80399e+06,2.46855e+08,-5.88024e+08,8.73472e+08,9.44303e+07,-1.40635e+09,0.00108338,0.000151805,8.80731e-26
0,1.73807e+09,-6.91145e+07,2.95633e+08,8.17251e+09,-1.54643e+09,2.43813e+08,-6.32043e+08,0.00103033,0.000175251,1.06803e-22
0,2.30036e+09,1.22134e+06,3.32295e+08,8.10913e+08,-6.3291e+08,1.34803e+07,-1.94084e+08,0.000897639,0.000129667,2.52571e-26
0,1.95448e+09,-8.38783e+06,3.16058e+08,-2.71397e+09,-1.06458e+09,-7.20215e+07,-1.0176e+09,0.00105654,0.000170852,-6.0173e-24
0,2.06156e+09,-2.8691e+07,3.30411e+08,-6.83723e+09,-1.23743e+08,-2.94593e+08,-7.57975e+08,0.000954882,0.000153041,-1.98427e-23
0,2.13982e+09,-9.65278e+06,3.40816e+08,-5.53399e+09,-8.04753e+07,-2.7775e+08,-2.88468e+08,0.000904031,0.000143988,-2.48492e-24
0,1.85076e+09,3.80698e+07,3.08788e+08,4.88421e+09,4.09979e+08,-6.96435e+08,-9.00224e+08,0.000941326,0.000157055,1.12002e-23
0,2.02201e+09,6.01397e+07,3.04859e+08,9.02818e+09,9.69976e+08,-4.11685e+07,-7.6365e+08,0.000935956,0.000141114,4.68519e-23
0,2.15086e+09,-1.44717e+07,3.3106e+08,-2.33982e+09,-6.87693e+08,-8.14157e+07,-7.69271e+08,0.000991328,0.000152585,-1.01497e-24
0,1.94518e+09,-1.82437e+07,3.22547e+08,2.90712e+09,-1.14129e+08,3.12802e+08,-6.22813e+08,0.000978566,0.000162265,1.68294e-24
0,1.95713e+09,-2.27291e+07,2.94079e+08,-2.20327e+09,-3.31769e+08,5.46526e+08,-1.1824e+09,0.00100981,0.000151734,-1.21742e-24
0,2.15898e+09,2.16109e+06,3.43969e+08,5.67086e+08,-4.05708e+06,5.99435e+07,-2.283e+08,0.000918516,0.000146338,1.84825e-27
0,1.90174e+09,-5.51453e+06,3.22866e+08,6.45165e+09,-8.9826e+07,1.66373e+08,-7.70964e+08,0.000994814,0.000168893,3.16269e-23
0,1.93756e+09,-757007,3.01112e+08,-1.91151e+10,-1.13517e+09,-3.44231e+08,-5.48692e+08,0.00103605,0.00016101,-6.08726e-22
0,1.91661e+09,-1.50861e+07,3.31069e+08,-1.24264e+09,2.15189e+07,-2.22394e+08,-9.34111e+08,0.00100304,0.000173261,-9.53491e-26
0,1.84857e+09,3.46527e+07,3.04672e+08,-6.28072e+08,9.40956e+08,-1.37608e+08,-1.20838e+09,0.000998952,0.000164643,-5.73504e-26
0,1.95661e+09,-3.04261e+06,3.10755e+08,-3.83332e+09,-8.82934e+08,2.7933e+08,-1.19865e+09,0.00104693,0.000166277,-1.43958e-23
0,2.05823e+09,6.33434e+07,3.01057e+08,-2.71558e+09,-9.84644e+08,1.46907e+08,-5.6823e+08,0.00103373,0.000151204,-2.84729e-24
0,1.80307e+09,5.19797e+07,2.97895e+08,6.58931e+09,4.55216e+08,-6.15477e+08,-1.07567e+09,0.000960686,0.00015872,4.55984e-23
0,2.18614e+09,-6.08233e+06,3.23638e+08,-3.95427e+08,-6.54506e+08,1.71919e+08,-5.5151e+08,0.000941843,0.000139432,1.07356e-27
0,2.18858e+09,-1.31368e+06,2.9443e+08,-1.73089e+09,2.86059e+08,-8.04491e+07,4.23348e+08,0.000959952,0.000129143,1.37573e-25
0,2.29196e+09,3.23607e+07,3.13433e+08,6.63364e+09,-1.85609e+09,-3.12783e+08,-5.45235e+08,0.000987385,0.000135028,2.01107e-23
0,1.8704e+09,8.69532e+06,2.91574e+08,1.87425e+10,-4.49852e+08,7.98359e+08,2.06842e+08,0.00107376,0.000167386,-4.40038e-22
0,2.08799e+09,-744700,3.33007e+08,-3.63671e+08,-1.38242e+08,-5.45111e+08,-6.04289e+08,0.000960963,0.000153261,4.05035e-26
0,2.02193e+09,4.26159e+07,3.11261e+08,-9.64584e+09,-1.487e+09,-1.74542e+08,3.26455e+08,0.000897019,0.00013809,2.22636e-23
0,2.18599e+09,1.37534e+07,3.32083e+08,5.04853e+09,-6.52971e+08,3.4e+08,-5.94601e+08,0.00097805,0.000148579,4.49736e-24
0,2.01649e+09,-1.04506e+06,3.28872e+08,-7.27588e+08,-2.25839e+08,3.69376e+08,-7.90968e+08,0.00100464,0.000163848,4.08905e-26
0,1.85567e+09,1.62327e+07,2.6466e+08,2.36929e+09,-2.37562e+08,1.94971e+08,-1.38796e+09,0.0010733,0.000153077,3.05613e-24
0,1.92315e+09,-2.13051e+07,3.06333e+08,-4.08545e+09,-4.08497e+08,2.19739e+08,-1.3065e+09,0.00103551,0.000164944,-1.55139e-23
0,1.90143e+09,1.98716e+07,2.83053e+08,1.21261e+09,-1.43617e+08,-1.22915e+08,-1.40722e+09,0.00105169,0.000156557,-1.85073e-25
0,2.01244e+09,-6.70569e+06,3.10754e+08,-7.07135e+07,-8.90876e+08,3.76917e+08,-9.98365e+08,0.00101182,0.000156241,4.14608e-25
0,2.31359e+09,1.48033e+07,3.34152e+08,2.90922e+09,-4.93848e+08,-1.27103e+08,-1.82182e+08,0.000892114,0.000128848,2.35389e-25
0,2.06196e+09,3.15464e+07,2.95989e+08,3.57086e+09,1.30977e+08,3.56758e+07,-7.98551e+08,0.000959974,0.000137802,3.0479e-24
0,2.21523e+09,4.70313e+06,3.293e+08,2.50959e+09,-9.86506e+08,1.56994e+08,-6.5151e+08,0.000990365,0.000147221,1.21539e-24
0,1.97431e+09,-8.56251e+06,3.24073e+08,-9.19629e+08,1.26707e+08,1.95605e+08,-9.64372e+08,0.00100024,0.000164184,1.46793e-26
0,2.29552e+09,1.20309e+07,3.28325e+08,-4.09638e+09,2.88878e+08,-5.74554e+06,1.18551e+08,0.000924647,0.000132251,3.55377e-25
0,1.95494e+09,-4.9233e+07,2.7276e+08,-4.31385e+09,-9.20436e+08,8.79607e+07,-1.20616e+09,0.00107894,0.000150537,-2.30077e-23
0,2.1228e+09,-1.33334e+07,3.27222e+08,2.47649e+09,-2.61722e+08,-1.36063e+08,-5.37195e+08,0.00104888,0.000161681,1.01109e-24
0,1.89999e+09,-4.29949e+07,3.10346e+08,-3.98725e+09,2.14959e+08,1.2642e+08,-1.20836e+09,0.00101991,0.000166592,-1.22639e-23
0,2.31655e+09,1.3321e+07,3.34151e+08,3.07295e+09,-7.02714e+08,-7.89606e+07,-2.57785e+08,0.000910488,0.000131334,4.52376e-25
0,2.09696e+09,-2.56479e+07,3.37803e+08,-7.29289e+09,-1.62342e+07,-7.24656e+08,-5.04194e+08,0.000941924,0.000151736,-1.36199e-23
0,2.0677e+09,-2.71336e+07,3.14669e+08,-2.08512e+09,-7.75797e+08,3.44848e+08,-8.93422e+08,0.00102332,0.000155732,-1.36887e-24
0,2.15405e+09,2.84205e+07,3.07694e+08,4.63597e+09,-1.58597e+09,1.24346e+07,-9.45529e+08,0.0010227,0.000146088,1.53875e-23
0,2.32101e+09,1.037e+07,3.33967e+08,2.38005e+09,-6.34512e+08,-7.83e+07,-1.77468e+08,0.000890791,0.000128175,1.59524e-25
0,2.08785e+09,-1.45963e+07,3.25471e+08,2.67945e+09,6.74068e+08,-1.4398e+08,-4.68051e+08,0.00102009,0.00015902,7.64279e-25
0,2.31419e+09,1.3839e+07,3.32316e+08,2.40304e+09,-6.28069e+08,-1.29864e+08,-1.87707e+08,0.000909766,0.000130642,2.02555e-25
0,2.0613e+09,4.94859e+07,3.14075e+08,-4.332e+09,-1.5901e+09,4.06678e+08,-4.53049e+08,0.00101992,0.000155402,-1.26961e-23
0,1.98513e+09,-1.97877e+07,2.95625e+08,8.81182e+08,1.02906e+09,2.66491e+08,-1.08211e+09,0.00102069,0.000152002,2.25655e-25
0,1.83462e+09,1.56706e+06,2.95505e+08,1.65449e+09,5.74983e+08,-3.68504e+07,-1.31884e+09,0.00102855,0.000165671,7.91545e-25
0,2.29075e+09,7.93491e+06,3.24165e+08,1.12727e+08,2.22105e+08,1.26459e+08,5.01983e+07,0.000883199,0.000124982,-1.4715e-28
0,2.09165e+09,-3.35891e+07,3.16848e+08,-3.53252e+09,-3.52359e+08,-1.12436e+08,-1.06704e+09,0.000994373,0.00015063,-4.17403e-24
0,2.17412e+09,-2.23894e+07,3.3132e+08,-1.57291e+09,-1.05793e+09,-2.9752e+08,-3.99512e+08,0.000985596,0.000150198,-4.44453e-25
0,1.86413e+09,7.43198e+07,2.91237e+08,7.79477e+09,-1.04438e+08,6.49512e+07,-1.1573e+09,0.00108054,0.000168814,1.40029e-22
0,1.99476e+09,3.25934e+07,3.0697e+08,-6.21602e+09,-2.06171e+09,1.03261e+08,-6.47778e+08,0.00106932,0.000164556,-5.90081e-23
0,2.08394e+09,4.01354e+07,3.03068e+08,6.64761e+09,-6.10595e+08,-2.11981e+08,-9.2219e+08,0.00100076,0.00014554,2.96197e-23
0,2.02316e+09,1.79875e+07,3.25847e+08,-1.62853e+09,2.64111e+08,-2.33922e+08,-7.69948e+08,0.000940957,0.000151549,-2.74591e-25
0,2.1025e+09,2.78318e+07,2.99979e+08,2.35554e+09,-1.87214e+09,-4.32542e+07,-1.15378e+09,0.00106475,0.000151915,9.32774e-24
0,1.92485e+09,-1.33007e+07,3.14275e+08,1.47913e+09,1.1311e+09,3.67892e+08,-1.19424e+09,0.00097938,0.000159906,9.90573e-25
0,2.02968e+09,7.48628e+07,3.17955e+08,9.59645e+09,1.2923e+09,1.08539e+08,-7.53998e+08,0.000920883,0.000144259,5.35496e-23
0,1.79892e+09,-3.16634e+07,2.63443e+08,-2.34128e+09,1.03039e+08,4.53616e+08,-1.49356e+09,0.00107228,0.00015703,-2.81895e-24
0,2.03868e+09,-7.00144e+07,3.07545e+08,-1.38795e+09,-1.73086e+09,-8.01785e+07,-5.22827e+08,0.000972176,0.000146658,-2.30006e-24
0,1.96884e+09,-4.87214e+07,2.8859e+08,-3.23145e+09,-7.39937e+08,1.51926e+08,-1.2479e+09,0.0010553,0.000154684,-8.25816e-24
0,2.05729e+09,1.92001e+06,3.15482e+08,-7.4048e+08,-1.05148e+09,4.21512e+08,-7.10794e+08,0.00105729,0.000162134,9.72351e-26
0,1.80842e+09,-1.01662e+06,2.95447e+08,1.03063e+09,2.50473e+09,1.51254e+07,-1.27099e+09,0.000979506,0.000160024,-1.58693e-24
0,1.8803e+09,-3.40155e+06,3.02674e+08,2.1799e+09,9.79262e+08,3.99892e+08,-1.31378e+09,0.000985289,0.000158603,2.99568e-24
0,2.00109e+09,-7.67334e+07,2.92678e+08,-1.12535e+10,-2.75452e+08,3.95028e+07,-9.65364e+08,0.00100913,0.000147595,-1.79068e-22
0,2.15115e+09,-1.77431e+07,3.16244e+08,-3.89168e+09,-1.58561e+09,-1.65754e+08,-8.62484e+08,0.00103663,0.000152398,-9.99438e-24
0,2.10573e+09,1.7847e+07,3.17995e+08,2.95827e+09,9.89529e+07,1.05506e+08,-7.16365e+08,0.000948143,0.000143183,1.31217e-24
0,2.32932e+09,3.52185e+06,3.42398e+08,-5.41552e+08,9.55927e+06,5.06266e+07,-8.30401e+06,0.000861579,0.000126648,-2.59369e-29
0,1.76492e+09,-1.10812e+07,2.65253e+08,-1.15358e+09,1.01448e+09,2.94377e+08,-1.49869e+09,0.0010646,0.000160001,-1.66819e-25
0,1.98012e+09,4.59481e+07,2.64938e+08,4.98941e+09,-1.65746e+09,-4.13448e+08,-1.17551e+09,0.00108568,0.000145264,5.06193e-23
0,1.91335e+09,4.57535e+07,3.04267e+08,8.82733e+09,1.26799e+09,-2.74603e+08,-9.84264e+08,0.00093577,0.000148809,6.67383e-23
0,2.1456e+09,1.0721e+06,3.44343e+08,2.12144e+08,7.60308e+06,2.21887e+07,-1.86473e+08,0.000923856,0.000148268,2.13471e-29
0,1.98398e+09,-5.30086e+06,3.04381e+08,2.89493e+09,-1.17333e+09,-6.76095e+06,-1.13436e+09,0.0010631,0.0001631,8.17826e-24
0,2.1169e+09,-3.86571e+07,3.36509e+08,-6.51053e+09,8.48545e+08,-4.98748e+08,-4.54342e+08,0.000878145,0.000139593,-8.99486e-24
0,1.82755e+09,-1.95482e+07,3.20218e+08,-4.35417e+09,-2.96235e+06,2.0683e+07,-8.58352e+08,0.0009806,0.000171818,-1.21153e-23
0,1.99602e+09,3.6324e+06,3.21619e+08,3.02689e+09,3.38311e+08,4.65303e+08,-7.38984e+08,0.000944799,0.000152236,2.27044e-24
0,2.13995e+09,5.00192e+07,3.16243e+08,1.02771e+10,-5.91613e+08,6.39567e+07,-8.1101e+08,0.000968543,0.000143132,6.65364e-23
0,1.96012e+09,-5.06303e+07,3.16578e+08,-4.881e+08,4.00257e+08,4.38329e+07,-4.24625e+08,0.000953549,0.000154007,-4.09153e-27
0,2.04691e+09,-5.75419e+07,2.61858e+08,1.91953e+10,-1.108e+08,-6.25779e+08,3.74554e+08,0.00111098,0.000142126,-4.83884e-22
0,2.06508e+09,-3.33078e+07,3.13319e+08,-5.87742e+09,-6.99211e+08,-5.54839e+08,-9.50147e+08,0.000985235,0.000149482,-1.47922e-23
0,1.8295e+09,-5.51506e+07,3.16228e+08,3.85621e+08,-1.0505e+09,-1.86115e+08,-5.50488e+08,0.00095784,0.000165562,1.08717e-26
0,2.04637e+09,-2.97804e+07,3.31932e+08,-4.10892e+09,-3.22206e+08,8.0985e+07,-6.21457e+08,0.000953397,0.000154646,-3.89376e-24
0,1.94355e+09,2.58104e+07,2.90722e+08,-5.81208e+09,-1.7739e+09,1.43726e+07,-1.32034e+09,0.00111528,0.000166826,-9.58228e-23
0,2.03789e+09,-1.79304e+07,3.14789e+08,-4.93139e+09,2.35848e+08,3.16677e+08,-9.09909e+08,0.000951477,0.000146973,-8.88006e-24
0,2.14464e+09,-7.36504e+06,3.3402e+08,-2.78988e+09,-7.15221e+08,-2.74001e+08,-7.55376e+08,0.00101354,0.000157855,-1.48256e-24
0,1.90541e+09,-3.81743e+07,3.25447e+08,-2.54643e+09,9.70564e+08,1.55412e+08,-8.36868e+08,0.000981977,0.000167723,-1.59449e-24
0,1.91972e+09,-2.97117e+07,3.03767e+08,-5.39976e+09,-5.58919e+08,4.76106e+07,-1.25038e+09,0.00104295,0.000165032,-3.72012e-23
0,1.93382e+09,-5.42621e+07,3.14974e+08,-1.14533e+10,-3.62205e+08,-5.83729e+07,-4.91176e+08,0.000980381,0.000159682,-9.79861e-23
0,2.1631e+09,-4.19714e+07,3.2077e+08,-1.02084e+10,-6.29605e+08,-1.70014e+08,-6.79077e+08,0.000993384,0.00014731,-5.70249e-23
0,1.89349e+09,5.21663e+07,3.02412e+08,5.65862e+09,5.35542e+08,-5.89927e+08,-1.30643e+09,0.00102188,0.000163206,3.62123e-23
0,2.05936e+09,6.2758e+07,3.20498e+08,8.0414e+09,1.217e+09,-1.31758e+08,-7.20499e+08,0.000942397,0.000146666,2.71423e-23
0,1.95214e+09,-1.23491e+07,3.07565e+08,9.70461e+08,-1.04999e+09,3.50155e+07,-1.20481e+09,0.00106117,0.00016719,1.13209e-24
0,1.94282e+09,-3.41546e+07,2.74744e+08,-3.33791e+09,-6.51761e+08,-894231,-1.25607e+09,0.00108202,0.000153015,-1.01327e-23
0,1.92228e+09,-4.33495e+07,3.05988e+08,-6.01354e+09,-2.69127e+07,2.17749e+08,-1.17372e+09,0.00103489,0.000164733,-4.43425e-23
0,1.93896e+09,-2.22967e+07,3.35705e+08,-1.77298e+09,-8.57485e+07,-3.22231e+07,1.76293e+08,0.000935426,0.000161957,1.04895e-25
0,2.04906e+09,2.9297e+06,3.1404e+08,2.17112e+09,-7.87695e+08,2.00253e+08,-1.24879e+09,0.00103479,0.000158593,1.92827e-24
0,2.28447e+09,2.70566e+07,3.28399e+08,-4.40698e+09,1.05436e+08,2.35871e+08,1.55325e+08,0.000897277,0.000128986,5.41928e-25
0,1.74071e+09,-1.47305e+07,2.76308e+08,3.44265e+09,1.92258e+09,3.1421e+08,-1.37809e+09,0.000978187,0.000155271,1.66876e-23
0,1.88234e+09,-6.90555e+07,3.09135e+08,-7.20623e+09,2.88848e+08,-3.99612e+07,-8.71574e+08,0.000952781,0.000156474,-4.31125e-23
0,1.98891e+09,-2.28533e+07,3.10642e+08,-7.45751e+08,-1.44566e+09,-3.40601e+07,-1.04452e+09,0.00106857,0.000166896,-1.75422e-24
0,2.05367e+09,-3.96519e+07,3.2141e+08,-1.10178e+10,6.09324e+07,-7.26334e+07,-7.14317e+08,0.000948361,0.000148423,-8.00467e-23
0,1.93542e+09,-5.35682e+07,2.81196e+08,-4.19072e+09,-9.57995e+07,-2.08397e+07,-1.23258e+09,0.00106463,0.000154679,-1.67032e-23
0,1.69169e+09,7.05678e+07,2.7416e+08,-9.22178e+09,-2.67116e+09,-8.97182e+07,-1.10426e+09,0.00116077,0.000188118,-8.3396e-22
0,2.06412e+09,3.69105e+07,3.17789e+08,5.72964e+09,-9.05674e+08,-2.93455e+08,-8.64826e+08,0.00107974,0.000166234,3.12541e-23
0,1.88738e+09,-3.3116e+07,2.92224e+08,-9.20743e+08,5.5507e+08,3.49777e+08,-1.28868e+09,0.00101744,0.000157531,7.00006e-26
0,2.05885e+09,3.30549e+07,3.07031e+08,3.93621e+09,-1.30637e+09,2.36586e+07,-1.20572e+09,0.00106062,0.000158167,1.5616e-23
0,1.98142e+09,-3.201e+06,3.22003e+08,-6.49045e+08,7.20321e+07,1.38133e+08,-1.10745e+09,0.000992212,0.000161246,7.29451e-26
0,2.1043e+09,2.4782e+07,3.11081e+08,6.49295e+09,-8.6421e+08,2.43922e+08,-8.78085e+08,0.000996959,0.000147381,2.18927e-23
0,1.86728e+09,-7.33981e+06,3.12795e+08,6.84584e+09,1.32809e+09,2.29718e+08,-7.01651e+08,0.000995511,0.000166762,4.49276e-23
0,2.03532e+09,-6.34893e+06,2.95021e+08,-6.8862e+08,5.31926e+08,5.08632e+08,-3.26469e+08,0.000900266,0.000130494,9.75547e-28
0,2.11133e+09,2.49081e+07,3.0681e+08,4.09632e+09,-1.96978e+09,2.28539e+08,-9.84892e+08,0.00106602,0.00015491,2.08994e-23
0,2.2147e+09,5.38863e+07,2.9148e+08,-4.46478e+09,3.84473e+08,4.28274e+08,3.59316e+08,0.00103567,0.000136306,3.57276e-24
0,2.15196e+09,1.23456e+07,3.19217e+08,6.62247e+08,-1.35634e+09,2.32323e+08,-9.21038e+08,0.00103389,0.000153365,1.06955e-24
0,1.88034e+09,-4.04803e+07,3.19645e+08,-7.66804e+09,1.54535e+09,-1.31162e+08,-7.87171e+08,0.000900841,0.000153137,-3.77711e-23
0,1.96515e+09,3.48785e+07,2.98764e+08,6.44206e+09,3.29916e+08,-2.99082e+08,-1.11161e+09,0.0009935,0.000151043,3.66406e-23
0,2.09039e+09,5.52373e+07,3.13593e+08,6.33252e+09,9.88349e+06,-2.10255e+08,-8.25904e+08,0.000994165,0.000149141,1.99761e-23
0,1.77166e+09,-2.59187e+07,2.93762e+08,9.31844e+08,1.50392e+09,4.59353e+08,-1.34553e+09,0.000992167,0.000164512,8.57441e-25
0,1.75995e+09,-2.30915e+07,2.59541e+08,7.94447e+08,-2.44252e+07,7.85263e+08,-1.48462e+09,0.0011316,0.000166877,-2.41109e-24
0,1.80257e+09,-2.22031e+07,3.00418e+08,-3.6441e+09,1.82101e+09,4.19407e+08,-1.22498e+09,0.000989961,0.000164988,-5.55384e-24
0,2.04408e+09,-2.05864e+07,3.3813e+08,-6.21706e+09,-2.63044e+08,-4.05454e+08,-4.97116e+08,0.000944461,0.000156232,-8.77087e-24
0,1.91377e+09,2.64856e+07,3.01241e+08,1.38753e+09,-1.06795e+09,-5.12828e+08,-1.19579e+09,0.00106083,0.000166982,3.6211e-25
0,1.99871e+09,-3.93112e+07,3.22126e+08,-6.84127e+09,-1.00249e+08,-5.39196e+08,-1.05304e+09,0.00101074,0.000162897,-4.15613e-23
0,1.84476e+09,-7.40056e+07,2.83803e+08,-3.78333e+08,-2.29691e+09,7.60666e+06,-9.48198e+08,0.00105845,0.000162835,-3.48989e-24
0,1.70515e+09,-4.03131e+06,2.64692e+08,1.02804e+09,3.44338e+08,5.69881e+08,-1.55632e+09,0.00113613,0.000176363,-1.67865e-24
0,2.05833e+09,-1.97661e+07,3.37215e+08,-5.42861e+09,-2.27734e+08,-2.08614e+08,-5.35572e+08,0.000938019,0.000153675,-6.33623e-24
0,2.07042e+09,-3.8539e+07,3.17761e+08,-5.43327e+09,-6.52359e+08,-2.2966e+08,-1.13387e+09,0.00101952,0.000156473,-1.97857e-23
0,1.73311e+09,9.97636e+06,2.79917e+08,1.35044e+09,-9.55934e+08,-1.02042e+09,-1.22595e+09,0.0010352,0.000167196,-2.66106e-24
0,2.32894e+09,7.0052e+06,3.34123e+08,1.71215e+09,-9.343e+08,-4.58917e+07,-2.54344e+08,0.000914407,0.000131186,1.99831e-25
0,2.04332e+09,-3.99363e+06,3.19283e+08,-4.74769e+09,-5.81351e+08,1.29504e+08,-9.96899e+08,0.00102283,0.000159824,-1.41639e-23
0,1.99577e+09,1.76273e+07,3.09182e+08,4.44091e+09,2.00765e+08,-7.51702e+08,-4.06636e+08,0.00102967,0.000159515,3.88982e-24
0,1.94708e+09,4.95851e+06,3.09982e+08,8.04055e+09,1.14015e+09,5.40716e+08,-1.00334e+09,0.000961493,0.000153073,7.63257e-23
0,1.97257e+09,5.42278e+06,3.03598e+08,-1.50545e+09,-7.00599e+08,2.11398e+07,-1.3727e+09,0.00106248,0.000163526,-8.65374e-25
0,1.87583e+09,-1.33433e+07,2.88392e+08,4.65185e+09,-2.13964e+09,-4.68386e+07,-1.19583e+09,0.00104928,0.000161318,6.19819e-23
0,2.14206e+09,1.47172e+06,3.44673e+08,9.38019e+07,1.40671e+07,5.68776e+06,-1.25726e+08,0.000925934,0.000148989,-4.70729e-30
0,1.69745e+09,-1.14171e+07,2.99054e+08,-5.50583e+09,-2.10934e+09,-4.06131e+08,-1.11232e+09,0.00107545,0.000189472,-1.21213e-22
0,2.1284e+09,-5.77093e+07,3.01908e+08,-9.54651e+09,-8.147e+08,9.36792e+07,-7.61574e+08,0.000994333,0.000141043,-6.25647e-23
0,1.93406e+09,4.99044e+07,2.99955e+08,-1.84466e+09,-1.24657e+09,-2.44006e+08,-1.04514e+09,0.00102959,0.000159679,-3.59559e-24
0,1.92282e+09,2.27698e+07,3.29867e+08,1.09652e+09,2.57491e+07,-2.81921e+08,-7.27408e+08,0.000928465,0.000159282,3.96081e-26
0,2.20814e+09,-3.21236e+07,3.15911e+08,1.6831e+09,-5.26887e+08,1.25387e+08,-2.63017e+08,0.000912976,0.000130616,7.43324e-26
0,2.06295e+09,-2.08303e+07,3.39273e+08,-4.86739e+09,1.12301e+07,-2.27865e+08,-4.14115e+08,0.000929289,0.000152831,-3.50816e-24
0,2.0266e+09,1.69338e+07,3.11425e+08,8.60216e+09,1.19796e+08,3.62618e+08,-9.68141e+08,0.000986616,0.000151612,6.73582e-23
0,2.06419e+09,-1.59008e+07,3.03161e+08,-6.4499e+07,-9.82887e+08,3.82846e+08,-1.03415e+09,0.00100953,0.000148266,4.64111e-25
0,2.00818e+09,-1.16793e+07,3.20012e+08,1.23054e+09,1.51551e+08,8.60879e+07,-1.10897e+09,0.000989691,0.000157711,5.50985e-26
0,2.0433e+09,-3.54887e+07,3.04622e+08,-6.50156e+09,-1.29911e+09,1.01402e+08,-1.06661e+09,0.00105284,0.000156961,-5.26836e-23
0,1.82641e+09,-4.63857e+06,2.45859e+08,1.65266e+09,1.22316e+08,8.76062e+06,-1.39344e+09,0.00111133,0.000149599,6.40206e-25
0,1.99176e+09,2.89486e+07,2.86556e+08,3.34705e+09,-4.20173e+08,-1.24006e+08,-1.20665e+09,0.0010424,0.000149971,6.7578e-24
0,2.0946e+09,-1.97829e+07,3.37809e+08,-1.06618e+10,-2.60838e+08,-9.11749e+08,-4.86805e+08,0.000966502,0.000155874,-4.02751e-23
0,1.69081e+09,-6.79297e+07,2.92096e+08,-3.3892e+09,-1.63046e+09,-3.58706e+08,-1.19764e+09,0.00105805,0.000182783,-3.4644e-23
0,2.29694e+09,2.24946e+07,3.26775e+08,-4.04065e+09,5.16875e+08,1.96903e+08,1.63755e+08,0.00089756,0.000127692,6.0959e-25
0,2.10836e+09,-1.5578e+07,3.07661e+08,-2.7628e+09,-1.37572e+09,-2.78351e+08,-9.71538e+08,0.00101854,0.000148629,-4.48586e-24
0,1.86006e+09,4.59033e+07,2.54464e+08,-8.04683e+09,-1.8759e+09,-4.48574e+07,4.67688e+08,0.000964086,0.000131891,2.87821e-23
0,2.12453e+09,-2.1347e+07,3.05436e+08,-4.84245e+09,5.84233e+08,-3.17393e+08,1.00981e+08,0.000956057,0.000137449,-5.98004e-26
0,1.8672e+09,-1.94362e+07,3.20898e+08,-3.56065e+09,7.352e+08,-1.82747e+08,-9.91183e+08,0.000984867,0.00016926,-8.07155e-24
0,2.13383e+09,3.93708e+07,3.13236e+08,8.81925e+09,4.46262e+07,-1.48247e+08,-6.6703e+08,0.000958797,0.000140747,3.31961e-23
0,2.14734e+09,2.38322e+07,3.058e+08,3.63432e+09,-2.0752e+09,-4.87827e+06,-1.08194e+09,0.00107314,0.000152825,2.03484e-23
0,2.08809e+09,1.02607e+07,3.40215e+08,3.07391e+09,-3.18579e+08,-6.66261e+07,-3.51572e+08,0.000951662,0.000155056,8.76134e-25
0,2.14566e+09,1.40519e+06,3.44055e+08,4.76217e+07,907113,-1.60336e+07,-2.2307e+08,0.000926597,0.000148579,-3.05624e-29
0,1.72337e+09,-2.43483e+07,2.76071e+08,6.8378e+09,-1.55822e+09,-3.91355e+07,-1.00799e+09,0.0010911,0.000174786,1.727e-22
0,1.80712e+09,-1.49356e+07,2.97354e+08,6.66684e+09,-3.23127e+08,-2.21066e+08,-8.69062e+08,0.0010157,0.000167128,5.90459e-23
0,1.66397e+09,-8.27348e+07,2.80745e+08,4.69556e+09,2.13781e+09,8.42721e+08,-8.84309e+08,0.00105101,0.000177328,8.07749e-23
0,1.84728e+09,-2.26551e+07,2.77223e+08,-5.98948e+08,-1.234e+08,-1.39497e+08,3.82981e+08,0.0009895,0.000148496,1.16566e-26
0,1.90325e+09,-3.13608e+07,2.46673e+08,-3.28202e+08,-6.08382e+07,5.72976e+08,-1.25311e+09,0.00111061,0.000143942,1.90719e-25
0,2.00932e+09,-3.28264e+07,3.36059e+08,-9.70319e+09,1.91958e+08,-9.21108e+08,-5.7311e+08,0.000925989,0.000154872,-4.71426e-23
0,1.66666e+09,-8.83995e+07,2.94551e+08,-1.72116e+09,-5.59708e+08,1.12147e+08,-1.07483e+09,0.001046,0.000184861,-2.18223e-24
0,2.07831e+09,-1.13642e+07,3.09598e+08,4.12373e+09,-3.99452e+08,4.11105e+07,-8.92453e+08,0.000975165,0.000145266,5.56258e-24
0,2.07462e+09,-3.02091e+07,3.32767e+08,-9.59899e+09,3.89021e+07,-3.78631e+08,-7.06062e+08,0.000950809,0.000152508,-5.03479e-23
0,1.90945e+09,-2.59844e+07,3.06173e+08,-3.35473e+09,4.78223e+08,2.07365e+08,-1.39415e+09,0.00103869,0.00016655,-8.144e-24
0,1.77139e+09,-5.0337e+07,2.74321e+08,3.30844e+09,4.74111e+07,2.24195e+08,-1.20407e+09,0.00109478,0.000169539,1.35546e-23
0,2.13367e+09,9.92178e+06,3.36118e+08,2.48028e+09,-2.09387e+08,2.17204e+08,-6.18442e+08,0.000963543,0.000151787,5.98574e-25
0,1.83284e+09,-1.89622e+06,2.50381e+08,-7.00195e+08,4.34352e+08,2.62833e+08,-1.36987e+09,0.0010987,0.000150091,2.52756e-25
0,2.04624e+09,-9.76632e+06,3.07121e+08,6.74764e+09,1.12235e+09,-1.11996e+08,-4.99262e+08,0.0010179,0.000152777,1.57925e-23
0,1.71122e+09,-8.13262e+07,2.89714e+08,3.06219e+09,6.56677e+08,6.71568e+08,-1.10414e+09,0.0010626,0.0001799,1.59379e-23
0,2.09706e+09,4.76756e+07,3.09474e+08,-2.00834e+09,-1.62974e+09,3.13816e+08,-5.26161e+08,0.00103674,0.000152997,-3.16241e-24
0,2.15639e+09,928850,3.44631e+08,-2.21679e+08,-2.45853e+07,-4.92567e+07,-1.35362e+08,0.000927108,0.000148169,-3.29795e-29
0,1.98352e+09,-4.27315e+07,3.10112e+08,-4.54542e+09,3.10227e+08,5.40273e+08,-1.00824e+09,0.000983847,0.000153818,-9.55479e-24
0,2.03157e+09,2.95476e+07,3.04714e+08,6.79856e+09,-1.02334e+08,5.11605e+08,-1.0037e+09,0.00099284,0.000148916,3.2886e-23
0,1.96162e+09,5.7024e+06,3.1856e+08,7.71376e+08,4.23699e+08,-5.76173e+07,-1.15829e+09,0.000987488,0.000160364,-4.00191e-26
0,1.87401e+09,3.81271e+06,2.65384e+08,2.20915e+10,3.44785e+08,-7.88397e+07,6.49701e+07,0.00109841,0.000155549,-2.05385e-22
0,2.03064e+09,3.60539e+07,2.7549e+08,-2.42795e+09,-7.27244e+08,7.94462e+07,4.56472e+08,0.000986791,0.000133875,5.66853e-25
0,2.0489e+09,75870.2,3.22531e+08,-3.22689e+08,-6.86562e+08,2.8941e+07,-1.05542e+09,0.0010132,0.000159494,-2.01097e-26
0,2.29857e+09,2.72362e+06,3.23404e+08,1.63085e+09,-1.2e+09,-5.94997e+07,-3.24921e+08,0.000930794,0.00013096,4.05235e-25
0,1.93533e+09,-4.09611e+07,3.05921e+08,1.29824e+10,-2.54921e+09,1.81797e+08,9.93925e+07,0.00093771,0.000148226,-4.80176e-24
0,2.03866e+09,3.63042e+07,2.9682e+08,3.68257e+09,-7.86026e+08,5.29334e+07,-1.24766e+09,0.00104203,0.000151715,9.20844e-24
0,1.90364e+09,1.88129e+07,3.20641e+08,2.59817e+08,1.00096e+09,-3.15757e+08,-1.00753e+09,0.000961926,0.000162023,-1.97255e-29
0,2.08262e+09,6.0385e+07,3.17625e+08,-7.76361e+08,-2.68155e+09,-2.38098e+08,-1.45746e+08,0.000936855,0.000142882,-3.37198e-24
0,1.97226e+09,-2.10944e+07,3.09711e+08,-5.06912e+09,-1.04969e+09,-8.6309e+07,-1.18697e+09,0.00105449,0.00016559,-3.00151e-23
0,1.86039e+09,2.32965e+06,2.90693e+08,-7.26221e+08,1.31238e+09,-2.6064e+08,-1.30308e+09,0.000983242,0.000153636,-2.07692e-25
0,2.1979e+09,1.70973e+07,3.31106e+08,5.2392e+09,-6.85744e+08,1.8363e+08,-5.18255e+08,0.000935912,0.000140992,3.92947e-24
0,2.11189e+09,2.73892e+07,3.12612e+08,5.64679e+09,-1.30088e+09,4.47186e+08,-9.52757e+08,0.00102971,0.000152422,1.75801e-23
0,2.00554e+09,5.44112e+07,3.17925e+08,1.20646e+10,1.53784e+09,2.07303e+08,-4.15126e+08,0.00092651,0.000146873,6.88568e-23
0,2.15083e+09,720166,3.43994e+08,-4.16522e+08,-2.21347e+07,-4.87516e+07,-2.29043e+08,0.000924828,0.000147913,-6.1532e-28
0,1.95352e+09,2.67e+07,2.8509e+08,3.97276e+09,-8.01184e+08,-1.81062e+08,-1.33267e+09,0.00108981,0.000159043,1.99295e-23
0,2.06278e+09,-4.36162e+06,3.27978e+08,3.02609e+09,8.94111e+08,2.96833e+08,-7.47236e+08,0.000916451,0.000145714,1.98563e-24
0,1.94365e+09,3.68928e+07,3.03349e+08,-7.67148e+09,-1.18354e+09,1.70991e+08,-7.82578e+08,0.00104106,0.00016248,-7.61083e-23
0,2.30549e+09,1.59503e+07,3.18549e+08,-1.66359e+09,1.20837e+09,1.21058e+08,2.21115e+08,0.000963744,0.00013316,4.39797e-25
0,1.95675e+09,3.99221e+07,2.53762e+08,-5.24237e+09,-2.79842e+08,3.7147e+07,9.35319e+08,0.00108415,0.000140598,2.72613e-23
0,1.84273e+09,-2.73367e+07,2.65993e+08,-2.92759e+09,-2.75081e+08,5.25297e+07,-1.38249e+09,0.00110508,0.000159514,-8.74909e-24
0,2.26236e+09,3.70047e+07,2.99426e+08,-6.6873e+09,1.25468e+09,2.20716e+08,3.22245e+08,0.00102274,0.000135362,1.24697e-23
0,2.17519e+09,-4.64993e+07,2.86041e+08,-1.35184e+09,-1.52099e+09,7.69581e+08,-5.90978e+08,0.00101792,0.000133858,-7.95033e-26
0,2.32829e+09,8.6704e+06,3.29412e+08,1.95024e+09,-1.25368e+09,-7.76324e+07,-3.00536e+08,0.0009267,0.000131112,5.16772e-25
0,2.02999e+09,-2.47698e+07,3.32776e+08,-5.23593e+09,-1.72906e+08,-7.07026e+08,-8.15272e+08,0.000996773,0.000163401,-1.08529e-23
0,1.9218e+09,-5.9465e+06,2.73978e+08,3.91929e+09,9.68237e+08,4.46968e+07,-1.10042e+09,0.00115695,0.000164938,2.15245e-23
0,2.32012e+09,1.46791e+07,3.26631e+08,2.99282e+09,-1.01035e+09,-9.09638e+07,-3.04084e+08,0.000935264,0.000131668,8.02631e-25
0,2.03593e+09,-1.64174e+07,3.12488e+08,-6.40144e+09,1.9282e+08,2.91979e+08,-7.61302e+08,0.000946991,0.00014535,-1.65364e-23
0,2.00279e+09,-4.67053e+07,3.12158e+08,-6.41841e+09,-2.7885e+08,1.32353e+08,-1.06788e+09,0.00102532,0.000159808,-3.942e-23
0,1.96449e+09,1.21916e+07,3.22962e+08,-1.21566e+09,2.29185e+08,-1.58846e+07,-1.07337e+09,0.000992978,0.000163246,-8.03926e-26
0,2.30143e+09,1.1135e+07,3.35873e+08,-1.58282e+09,2.16673e+08,1.11653e+08,1.84903e+08,0.000899493,0.000131273,3.39848e-26
0,1.97598e+09,-2.91679e+06,2.90122e+08,2.50711e+09,-2.33334e+09,-2.95901e+08,-8.87286e+08,0.00103588,0.000152092,1.58964e-23
0,2.00039e+09,1.14633e+07,3.23048e+08,-2.64745e+09,7.67075e+08,-3.49069e+08,-9.56407e+08,0.00094635,0.000152828,-2.24528e-24
0,1.93782e+09,-4.83824e+07,3.20775e+08,-1.75126e+09,-6.84482e+08,1.93709e+08,-5.7246e+08,0.000954011,0.000157921,-6.37445e-25
0,2.04927e+09,-2.3324e+07,3.31698e+08,-5.60875e+09,-3.84671e+08,-5.14629e+08,-7.83903e+08,0.000991119,0.000160424,-1.19648e-23
0,2.1799e+09,-1.54822e+07,3.37218e+08,2.95364e+09,7.82184e+07,2.60801e+08,4.13237e+08,0.000967025,0.000149593,-6.58552e-25
0,2.12994e+09,-3.86025e+07,3.17357e+08,-9.89458e+09,-2.16375e+08,3.84324e+07,-7.01848e+08,0.000951572,0.000141782,-4.8411e-23
0,2.01059e+09,-2.18989e+07,3.15297e+08,-3.34603e+09,-4.48022e+08,-1.17281e+08,-9.55352e+08,0.000989081,0.000155106,-3.88165e-24
0,2.27137e+09,2.90096e+07,3.21827e+08,-6.26403e+09,3.09684e+08,1.72346e+08,2.12162e+08,0.000935498,0.00013255,2.77912e-24
0,2.01631e+09,-5.03894e+07,3.17261e+08,-7.67494e+09,-2.40237e+08,-9.94423e+07,-8.90551e+08,0.0010123,0.000159282,-5.02885e-23
0,1.91219e+09,-1.15426e+07,3.0841e+08,4.06704e+09,-9.26279e+08,-4.42368e+08,-8.29678e+08,0.000984992,0.000158866,1.14841e-23
0,2.19531e+09,2.81901e+07,3.12275e+08,-6.63967e+09,5.71735e+08,4.8893e+08,2.37986e+08,0.000916664,0.000130392,5.26524e-24
0,2.15389e+09,1.35318e+07,3.39761e+08,3.4065e+09,-1.13543e+08,4.2753e+08,-4.2526e+08,0.000945517,0.000149149,8.90401e-25
0,1.9068e+09,2.16551e+07,3.08976e+08,4.06876e+09,8.26041e+07,-5.05301e+07,-1.24716e+09,0.000995701,0.000161342,1.18013e-23
0,2.02114e+09,5.20125e+07,2.90042e+08,-6.84472e+09,-1.33183e+09,2.44966e+08,5.30688e+08,0.000935002,0.000134177,9.61949e-24
0,1.99411e+09,-3.04335e+07,3.03528e+08,-4.05188e+09,-5.45451e+08,9.50559e+07,-1.30393e+09,0.00104908,0.000159682,-1.37903e-23
0,1.96107e+09,-2.26924e+07,3.09908e+08,-4.45526e+09,-1.43476e+08,3.90141e+08,-1.16488e+09,0.0010374,0.000163941,-1.6003e-23
0,2.23511e+09,1.36623e+07,3.05347e+08,6.03104e+07,-7.16944e+08,-1.36533e+08,-3.68165e+08,0.000941612,0.000128637,-1.42078e-26
0,1.89725e+09,-2.90441e+07,2.77987e+08,-2.04785e+09,-7.67526e+08,2.33128e+08,-1.45568e+09,0.00105927,0.000155205,-2.59761e-24
0,2.2767e+09,1.18376e+07,3.24211e+08,-4.54206e+08,-3.22038e+08,-1.64516e+08,-2.55047e+08,0.000902431,0.00012851,-2.47171e-27
0,2.01284e+09,3.80222e+06,3.29537e+08,-6.29714e+09,5.3884e+08,-5.18133e+08,-7.40333e+08,0.000952685,0.000155971,-2.08363e-23
0,1.94788e+09,3.71135e+07,3.0112e+08,-7.23409e+09,-1.70417e+09,-3.46229e+08,5.63608e+08,0.000927962,0.000143452,2.68827e-23
0,2.10125e+09,1.90483e+06,3.27195e+08,3.63476e+08,-4.83057e+08,4.04504e+08,-7.59232e+08,0.000968382,0.000150791,3.95402e-26
0,2.05606e+09,2.76929e+07,2.84548e+08,-5.17185e+09,-1.20887e+09,1.11437e+08,2.33785e+08,0.000939655,0.000130043,7.41152e-25
0,2.18143e+09,1.08155e+07,3.38194e+08,2.32421e+09,-4.10211e+08,2.71688e+08,-5.01377e+08,0.000960026,0.000148836,3.07573e-25
0,2.00036e+09,-3.46408e+07,3.22345e+08,-2.31902e+09,9.52127e+08,1.32749e+08,-8.70049e+08,0.000961012,0.000154861,-9.10558e-25
0,1.8528e+09,-7.45348e+06,3.21061e+08,-4.38009e+08,4.44608e+08,5.71892e+07,-1.059e+09,0.000969936,0.000168075,3.45268e-26
0,1.89118e+09,-9.62585e+07,3.10402e+08,-4.41329e+09,2.3827e+08,-1.56995e+08,-5.57163e+08,0.000948122,0.000155617,-6.28031e-24
0,1.93012e+09,3.32189e+07,3.05058e+08,4.9445e+09,2.10669e+08,-3.00899e+08,-1.24838e+09,0.00101533,0.000160474,2.19963e-23
0,2.11918e+09,2.98644e+07,3.29057e+08,8.18208e+09,-1.51238e+08,4.65077e+08,-7.41702e+08,0.00095654,0.000148527,2.87566e-23
0,2.18002e+09,3.92549e+06,3.39709e+08,3.6527e+08,-4.00398e+08,1.05168e+08,-4.36317e+08,0.000965918,0.000150517,1.15196e-26
0,1.96764e+09,1.94069e+07,3.14687e+08,6.27386e+09,1.75798e+08,-4.33541e+08,-8.30715e+08,0.00098021,0.000156766,2.34965e-23
0,1.81282e+09,3.51621e+06,2.65253e+08,5.95262e+09,7.95828e+08,1.23355e+08,-1.01622e+09,0.00106822,0.000156303,6.3705e-23
0,1.68394e+09,-1.47725e+07,2.52485e+08,-9.23362e+08,1.46762e+09,2.49327e+08,-1.50161e+09,0.00103573,0.000155294,-1.64755e-25
0,1.94234e+09,-4.12879e+07,3.14519e+08,-1.06611e+10,1.07253e+09,2.03446e+08,-3.84532e+08,0.000969587,0.000157003,-4.72884e-23
0,1.97964e+09,-3.33199e+06,3.0904e+08,6.28427e+09,7.75609e+08,7.29844e+08,-9.82308e+08,0.000963504,0.000150412,3.45163e-23
0,2.05978e+09,6.03825e+07,2.96664e+08,1.09864e+10,1.46561e+08,2.67459e+08,-7.35525e+08,0.00102531,0.000147672,1.20353e-22
0,2.11823e+09,-3.53366e+07,3.34329e+08,-7.26805e+09,3.11067e+08,-5.2563e+08,-5.9596e+08,0.000930469,0.00014686,-1.66218e-23
0,2.06433e+09,5.87623e+06,3.13901e+08,2.34189e+09,-1.52431e+09,1.50619e+08,-1.07527e+09,0.00104002,0.000158145,5.87315e-24
0,2.0524e+09,-2.21573e+07,3.24403e+08,4.01003e+09,7.8624e+08,1.51394e+08,-4.5151e+08,0.000981887,0.000155197,3.43051e-24
0,2.01559e+09,5.04409e+07,3.27251e+08,3.01338e+09,1.8796e+09,-4.42985e+07,-5.93227e+08,0.000878133,0.000142574,-4.5641e-25
0,2.21603e+09,5.42361e+07,3.16292e+08,-4.078e+09,-9.07173e+08,1.00682e+08,1.34644e+08,0.00093082,0.000132855,1.04802e-26
0,2.16161e+09,1.9829e+07,3.32329e+08,7.06237e+09,-6.12508e+08,5.07177e+08,-6.64415e+08,0.000979678,0.000150617,1.41366e-23
0,1.86606e+09,-1.85437e+07,3.12201e+08,-1.74189e+09,4.19987e+08,4.1287e+07,-1.27955e+09,0.00100351,0.000167892,-7.03725e-25
0,2.3008e+09,1.45651e+07,3.32314e+08,3.87731e+09,-6.87228e+08,-1.35685e+08,-2.43151e+08,0.000905881,0.00013084,8.17231e-25
0,1.8845e+09,-2.9047e+07,3.15926e+08,-5.88528e+08,1.0212e+09,3.14103e+08,-1.11256e+09,0.000985411,0.000165198,-3.44175e-27
0,2.31158e+09,8.62463e+06,3.271e+08,3.22812e+09,-2.26971e+08,-1.52127e+08,-1.35114e+08,0.000919759,0.00013015,2.24085e-25
0,2.05482e+09,1.14159e+07,3.36943e+08,-6.32188e+08,2.13037e+08,6.71921e+07,-5.84736e+08,0.000952309,0.000156157,-4.02178e-27
0,2.01798e+09,-2.22511e+07,3.08166e+08,4.14858e+09,-3.92309e+08,-5.36883e+07,-7.2455e+08,0.00106564,0.000162734,8.70562e-24
0,1.96806e+09,-9.6786e+06,3.34682e+08,3.57845e+09,-6.66015e+07,832362,5.18453e+08,0.000994815,0.000169175,-3.07338e-24
0,1.74033e+09,6.04572e+07,2.61409e+08,-6.28658e+09,1.12315e+09,-4.58517e+08,-1.0735e+09,0.00105086,0.000157846,-1.06757e-22
0,1.81827e+09,-4.55746e+07,2.97416e+08,-4.93403e+09,3.68366e+08,5.14034e+08,-1.3586e+09,0.00103161,0.000168741,-3.23495e-23
0,2.05876e+09,-1.84328e+07,3.18844e+08,6.66146e+08,4.48713e+08,3.76051e+08,-9.16314e+08,0.000961599,0.000148925,7.95191e-27
0,2.19285e+09,-1.50512e+07,3.35557e+08,-5.8456e+09,-5.27487e+08,-3.58362e+08,-5.50899e+08,0.00095969,0.000146855,-5.84462e-24
0,2.04059e+09,-1.0134e+06,3.15634e+08,3.55618e+09,-6.12872e+08,7.49609e+07,-1.09374e+09,0.00100666,0.000155708,5.73525e-24
0,2.02924e+09,3.25724e+07,3.0747e+08,7.50904e+09,7.40966e+08,-3.48638e+08,-8.40631e+08,0.000945917,0.000143325,2.76252e-23
0,1.84777e+09,3.835e+07,2.90733e+08,4.28078e+09,-3.0815e+08,-5.17259e+08,-9.15106e+08,0.000969128,0.000152485,1.15951e-23
0,1.94932e+09,-1.0579e+07,3.1607e+08,1.85588e+09,1.63128e+09,-2.37473e+08,-4.83337e+08,0.000952895,0.000154506,-8.62278e-25
0,2.15374e+09,134586,3.44472e+08,1.52865e+08,4.1939e+06,-2.9244e+07,-1.67056e+08,0.000920546,0.000147233,-9.56499e-30
0,2.06365e+09,3.37259e+07,3.15206e+08,4.32285e+09,-6.45085e+08,4.1444e+08,-1.09129e+09,0.00101297,0.000154723,8.27332e-24
0,2.06202e+09,2.70809e+07,3.29256e+08,3.81853e+09,-3.12846e+08,5.48895e+08,-8.56697e+08,0.000997209,0.000159231,3.61144e-24
0,1.94826e+09,1.74324e+07,3.02214e+08,3.63412e+09,-7.66117e+08,-8.2259e+07,-1.31741e+09,0.0010535,0.000163418,1.25909e-23
0,2.15978e+09,-2.98445e+06,3.19038e+08,1.04577e+09,-1.14061e+09,-4.80235e+08,-5.98935e+08,0.00102029,0.000150715,1.18661e-25
0,2.07821e+09,-2.16846e+07,3.26059e+08,-2.40558e+09,-4.38175e+08,-1.71277e+08,-9.42054e+08,0.0010147,0.000159201,-1.28066e-24
0,1.99417e+09,-1.2863e+07,3.17202e+08,-2.23813e+09,-7.54734e+08,5.52812e+08,-1.07867e+09,0.00104274,0.000165863,-2.00659e-24
0,1.84978e+09,-1.35741e+07,2.63544e+08,1.25713e+09,3.30427e+08,4.4507e+08,-1.31892e+09,0.00107298,0.000152871,-4.78593e-26
0,1.92762e+09,8.4759e+07,3.12325e+08,9.87605e+09,1.72028e+09,-1.00357e+08,-7.96157e+08,0.000954325,0.000154626,8.1125e-23
0,2.31199e+09,1.17387e+07,3.35012e+08,-2.18015e+09,6.95034e+07,1.22405e+08,4.4696e+07,0.000884745,0.000128201,1.86899e-26
0,2.04544e+09,-1.39403e+07,3.24654e+08,-1.6524e+09,-4.28623e+08,-4.82795e+07,-1.06001e+09,0.0010099,0.000160292,-4.67739e-25
0,1.85811e+09,8.48014e+07,2.63269e+08,1.48129e+09,-9.68326e+07,-8.53847e+07,-1.19172e+09,0.00109788,0.000155555,4.00028e-25
0,1.87822e+09,-4.38118e+07,3.03402e+08,-2.25163e+09,-6.50606e+06,4.15224e+08,-1.18166e+09,0.00101131,0.000163364,-1.55383e-24
0,1.89547e+09,-1.18682e+07,3.16889e+08,-2.93439e+09,2.4686e+08,4.13444e+08,-1.10637e+09,0.00103219,0.000172565,-4.07194e-24
0,2.2307e+09,3.56813e+07,3.21257e+08,-5.55499e+09,-6.00698e+08,2.93977e+08,1.69088e+08,0.000952266,0.000137142,7.23961e-25
0,1.92456e+09,-1.1948e+06,3.27595e+08,-1.57077e+08,1.07954e+09,-3.57555e+08,-7.58671e+08,0.000891246,0.000151706,-2.398e-27
0,2.18271e+09,3.48826e+06,3.03886e+08,-9.83349e+08,3.89006e+08,6.79784e+07,-2.88265e+08,0.000906328,0.000126183,-9.58103e-27
0,2.13777e+09,2.15905e+07,3.25693e+08,7.22154e+09,-7.03659e+08,3.26022e+08,-5.94693e+08,0.000946677,0.000144228,1.32423e-23
0,2.10996e+09,8.90686e+06,3.12422e+08,4.74896e+09,-8.5581e+08,-3.74422e+08,-7.95373e+08,0.000971127,0.000143795,9.19677e-24
0,2.2966e+09,-2.53733e+06,3.14481e+08,5.85766e+09,2.01899e+08,-2.8378e+08,-2.89343e+07,0.000949615,0.000130034,1.76469e-26
0,1.99175e+09,2.72158e+07,3.19045e+08,1.9273e+09,4.64357e+08,-3.02271e+08,-9.0253e+08,0.000957145,0.000153319,4.43413e-25
0,1.84173e+09,5.92596e+07,2.98409e+08,3.70368e+09,-8.34661e+08,-3.80571e+08,-7.46408e+08,0.00103909,0.000168359,1.22305e-23
0,2.07417e+09,-480369,3.15649e+08,2.3991e+09,-1.48971e+09,-5.67598e+08,-6.86153e+08,0.000995262,0.00015146,3.12179e-24
0,2.01743e+09,-5.3475e+06,3.30398e+08,-1.58411e+09,3.49101e+08,3.75555e+06,-8.37811e+08,0.000944833,0.000154737,-2.46973e-25
0,2.14202e+09,-1.03871e+07,3.20024e+08,-4.08486e+09,-1.00569e+09,1.077e+08,-5.38424e+08,0.00100513,0.000150169,-5.03551e-24
0,2.02477e+09,-5.59874e+07,3.20103e+08,-4.40055e+09,-1.12039e+09,-6.9844e+07,-7.00246e+08,0.000991716,0.000156784,-8.81543e-24
0,1.82186e+09,-1.36553e+07,3.01532e+08,-4.44128e+09,-4.71223e+07,2.85572e+08,-8.77308e+08,0.000962865,0.000159362,-1.21448e-23
0,2.06377e+09,3.99748e+07,3.29424e+08,4.05259e+09,-5.17346e+08,1.44216e+08,-4.84786e+08,0.000933,0.000148928,2.31609e-24
0,2.12077e+09,1.45755e+07,3.00281e+08,4.8976e+09,-1.41399e+09,3.10743e+08,-9.41401e+08,0.0010358,0.000146659,1.46753e-23
0,1.74e+09,-5.08165e+06,3.01408e+08,-5.96021e+08,2.10988e+09,9.08166e+07,-1.37095e+09,0.00100143,0.000173471,3.48616e-25
0,2.14141e+09,-2.59381e+07,3.38108e+08,-5.20204e+09,3.01592e+08,-3.9316e+08,-3.96355e+08,0.000890778,0.000140645,-3.28206e-24
0,1.93123e+09,4.67261e+07,3.15738e+08,3.22277e+09,1.04987e+09,-3.50552e+08,-9.63747e+08,0.000955381,0.000156196,2.61012e-24
0,2.08407e+09,-4.31337e+07,3.26585e+08,-6.68955e+09,7.47149e+07,-4.35642e+08,-8.36919e+08,0.000967448,0.000151604,-2.14081e-23
0,1.97236e+09,-1.45534e+07,3.1068e+08,-8.47361e+08,-3.04658e+08,2.53211e+08,-1.31879e+09,0.00103195,0.000162549,2.32482e-25
0,2.03597e+09,-9.27916e+06,3.26065e+08,-1.11498e+09,-5.01491e+08,-1.64999e+08,-1.00427e+09,0.00103052,0.000165041,-1.91952e-25
0,2.17906e+09,6.69772e+06,3.08676e+08,-3.83554e+08,-1.66371e+09,4.00564e+07,-7.83008e+08,0.000999417,0.000141573,-3.825e-25
0,1.92575e+09,-1.8138e+07,3.02362e+08,-3.67462e+09,-4.76581e+08,1.66751e+08,-1.31039e+09,0.00104269,0.000163714,-1.16544e-23
0,1.83159e+09,-493223,2.95257e+08,-2.21834e+08,-1.46896e+08,-7.70829e+07,-1.36224e+09,0.00102735,0.000165611,1.01544e-25
0,1.94871e+09,-5.66946e+07,3.17649e+08,-3.76334e+09,-4.50549e+08,2.93392e+08,-7.30606e+08,0.000972606,0.00015854,-5.37455e-24
0,1.72699e+09,-3.83734e+06,3.05182e+08,2.64958e+09,2.24218e+09,1.72859e+08,-1.28107e+09,0.00100298,0.000177239,4.64837e-24
0,2.11145e+09,-4.44035e+07,3.26096e+08,-7.26948e+09,1.75691e+08,-2.35248e+08,-7.70997e+08,0.000949161,0.00014659,-2.19751e-23
0,1.9536e+09,1.03004e+07,3.15715e+08,-1.77851e+09,8.59269e+08,-2.82213e+08,-1.14451e+09,0.000969985,0.000156756,-1.02794e-24
0,1.9053e+09,3.84328e+07,2.8661e+08,2.31617e+09,2.95428e+08,-1.74842e+08,-1.15568e+09,0.00104717,0.000157523,2.11375e-24
0,2.02061e+09,-2.87352e+07,3.21983e+08,-2.39161e+09,-2.06588e+08,-3.30806e+08,-1.08095e+09,0.00101305,0.00016143,-1.27125e-24
0,1.73299e+09,-1.1625e+07,2.5911e+08,1.08975e+09,-5.21196e+08,2.98166e+08,-1.37284e+09,0.00107154,0.000160212,2.84659e-25
0,1.88257e+09,7.67419e+07,2.84202e+08,9.19419e+09,1.84798e+08,-6.23078e+08,-1.28294e+09,0.00101994,0.000153975,1.75646e-22
0,1.94009e+09,-3.79567e+07,2.67715e+08,-2.09426e+09,-6.91553e+08,1.14368e+08,-1.2144e+09,0.00107973,0.000148993,-2.65031e-24
0,2.26801e+09,-8.68898e+06,3.18982e+08,-4.9702e+09,-1.45541e+09,-1.33414e+08,-5.76292e+08,0.00098799,0.000138955,-6.63423e-24
0,1.98342e+09,-3.70691e+07,3.22091e+08,-2.85116e+09,9.10059e+07,1.06408e+08,-6.06865e+08,0.000977394,0.000158721,-1.53414e-24
0,1.89784e+09,-8.25433e+06,2.53585e+08,-6.81071e+09,-1.60588e+08,-2.40006e+08,2.70753e+08,0.000984629,0.000131564,1.36687e-23
0,1.92143e+09,-1.78395e+07,3.06331e+08,-3.81524e+09,-4.77684e+07,3.30837e+08,-1.24113e+09,0.00103748,0.000165404,-1.1143e-23
0,2.04531e+09,-2.7942e+07,3.31459e+08,-6.83709e+09,2.44177e+08,-1.16529e+08,-6.75678e+08,0.000927709,0.000150342,-1.67707e-23
0,2.1751e+09,2.10622e+07,2.91888e+08,-3.95226e+09,-2.71305e+08,-1.03949e+08,2.75769e+08,0.000970961,0.000130298,1.30328e-24
0,1.82647e+09,-5.85816e+07,2.98855e+08,4.69954e+09,-5.3223e+08,3.15603e+08,-7.74755e+08,0.00100611,0.000164624,1.41584e-23
0,1.97218e+09,4.45935e+07,3.09839e+08,6.11764e+09,1.3512e+08,-4.82611e+08,-9.79672e+08,0.00100348,0.000157652,2.84857e-23
0,2.00939e+09,6.57508e+07,3.17045e+08,6.63084e+09,1.03358e+09,4.49714e+06,-8.91324e+08,0.000964684,0.00015221,2.65319e-23
0,1.92639e+09,2.10504e+07,3.02288e+08,4.28132e+09,9.66055e+07,9.44462e+07,-1.38016e+09,0.0010379,0.000162866,1.77111e-23
0,2.14996e+09,-3.73285e+07,3.05772e+08,-6.8297e+09,-1.66193e+09,6.59178e+07,-9.24253e+08,0.00103549,0.000147269,-4.32082e-23
0,2.09906e+09,-4.76366e+07,2.67602e+08,5.14531e+09,-1.55759e+08,-8.02207e+08,4.96618e+08,0.00111031,0.000141549,-9.22872e-24
0,1.8546e+09,-3.87662e+07,3.10298e+08,1.29044e+09,5.51557e+08,5.18905e+08,-9.24655e+08,0.000959589,0.000160552,4.58621e-25
0,2.0761e+09,3.94389e+07,3.3368e+08,4.50772e+09,7.69701e+08,2.82065e+08,-5.82057e+08,0.000939808,0.00015105,5.11287e-24
0,2.03892e+09,474637,3.35286e+08,-1.10943e+09,7.80872e+07,6.32697e+07,-6.75112e+08,0.000946391,0.000155627,-4.94308e-26
0,2.08507e+09,-3.13279e+07,3.2819e+08,-4.16048e+09,-9.78058e+07,-4.02901e+08,-8.53903e+08,0.000999378,0.000157302,-5.54653e-24
0,2.08271e+09,4.22229e+07,3.20332e+08,9.5983e+09,1.06249e+08,2.13953e+08,-7.08088e+08,0.000953874,0.000146711,5.06635e-23
0,1.87905e+09,-3.55738e+06,2.99336e+08,1.35894e+09,1.33532e+07,1.84088e+08,-1.33916e+09,0.00102279,0.000162932,-1.89298e-26
0,2.11141e+09,5.04997e+06,3.16533e+08,2.84455e+09,-9.87399e+08,4.77309e+08,-9.331e+08,0.00100879,0.000151234,1.99198e-24
0,2.05249e+09,3.07637e+07,2.97026e+08,-9.17922e+09,9.23025e+08,2.62485e+08,3.92047e+08,0.00104783,0.000151637,5.30015e-23
0,1.85551e+09,7.38225e+06,2.97119e+08,-3.38313e+09,8.47594e+08,1.16972e+08,-1.38431e+09,0.00102437,0.00016403,-9.70809e-24
0,2.05179e+09,-2.22536e+07,3.25913e+08,-4.018e+09,-3.67964e+08,-3.30877e+08,-1.02378e+09,0.00100941,0.000160338,-6.51824e-24
0,2.24091e+09,-3.69095e+07,3.17272e+08,-9.00643e+09,-1.31298e+09,9.00082e+07,-5.60111e+08,0.000967467,0.000136976,-3.00755e-23
0,2.08419e+09,4.30533e+07,3.17544e+08,8.76109e+09,-2.1803e+08,3.20876e+08,-8.01734e+08,0.000971044,0.000147947,4.53561e-23
0,2.15455e+09,396018,3.44833e+08,-5.33174e+08,6.82312e+06,-4.52834e+07,-9.51831e+07,0.000916663,0.00014671,-7.77664e-28
0,1.79602e+09,4.15326e+07,2.64994e+08,-7.31444e+09,-9.89307e+08,-3.77792e+08,-9.50467e+08,0.00105805,0.00015611,-9.5088e-23
0,2.12386e+09,-3.37148e+07,3.29077e+08,-6.26919e+09,-1.97767e+08,-4.37094e+08,-7.57967e+08,0.000974127,0.000150935,-1.38358e-23
0,2.0489e+09,3.64411e+07,3.03715e+08,-4.7388e+08,-1.73842e+09,3.27798e+08,-1.08942e+09,0.00110321,0.000163533,8.25666e-25
0,2.0278e+09,1.68149e+07,3.17598e+08,7.24227e+08,1.0137e+08,-4.94582e+08,-9.53451e+08,0.000994938,0.000155829,-4.78305e-26
0,1.76482e+09,-4.51092e+06,2.91585e+08,-1.22142e+09,1.98224e+09,-2.59372e+08,-1.38484e+09,0.001009,0.000166709,-6.4353e-25
0,2.06481e+09,-2.75215e+07,3.30356e+08,-4.98588e+09,-1.11059e+08,-4.69287e+08,-8.68598e+08,0.000993876,0.000159013,-1.00272e-23
0,2.08114e+09,4.87144e+06,3.25403e+08,-4.49157e+07,-9.01837e+08,2.02763e+08,-8.60057e+08,0.00106813,0.00016701,2.20518e-25
0,2.19741e+09,1.36295e+07,3.16822e+08,-6.13735e+09,-1.97319e+09,-1.13531e+08,-4.48142e+08,0.00102292,0.000147485,-1.81046e-23
0,2.15234e+09,533544,3.44358e+08,-3.19464e+08,2.01129e+07,-3.0106e+07,-1.81314e+08,0.000915647,0.000146497,-2.27396e-28
0,2.04957e+09,4.82496e+07,3.14755e+08,8.01358e+09,-2.31837e+08,4.30706e+08,-9.07241e+08,0.0009988,0.000153387,4.80531e-23
0,1.68877e+09,5.10293e+06,2.6214e+08,9.9755e+08,1.22214e+09,-7.02152e+07,-1.64322e+09,0.00108409,0.000168278,3.09307e-25
0,2.02466e+09,1.8452e+07,3.0677e+08,-3.73062e+09,-1.8884e+09,2.09453e+08,-1.08107e+09,0.00110606,0.000167586,-2.89099e-23
0,2.26009e+09,2.51188e+07,3.18817e+08,2.42678e+09,-9.39684e+08,-1.70311e+08,-2.1847e+08,0.000954314,0.000134619,5.52217e-25
0,2.02709e+09,-8.62715e+06,3.1449e+08,1.13135e+09,-1.05869e+09,-2.39439e+08,-1.16797e+09,0.00107809,0.000167259,6.2228e-25
0,1.91109e+09,1.3889e+07,2.80626e+08,9.30366e+07,-1.73198e+09,3.38084e+08,-1.52175e+09,0.00113234,0.000166273,5.84758e-24
0,1.96725e+09,1.46325e+07,3.1961e+08,9.38647e+08,4.60989e+07,-4.05927e+08,-9.19284e+08,0.000986783,0.000160318,-3.05277e-26
0,1.93249e+09,-4.28099e+07,3.15877e+08,-1.21468e+09,1.88909e+09,4.99931e+08,-6.55779e+08,0.00089557,0.000146386,3.92286e-25
0,2.07548e+09,-1.43493e+07,3.34442e+08,-7.37789e+09,-2.51188e+08,-1.27819e+08,-6.10974e+08,0.000952164,0.000153431,-1.94435e-23
0,1.89631e+09,-2.53488e+07,2.67756e+08,-2.78842e+09,4.84225e+08,1.94684e+07,-1.09509e+09,0.00103613,0.000146299,-4.16573e-24
0,1.99243e+09,-2.82562e+07,3.1083e+08,3.79484e+09,1.15211e+09,-1.14273e+08,-5.80728e+08,0.0010946,0.000170765,4.57544e-24
0,2.09337e+09,-6.40037e+07,3.16032e+08,-1.17169e+10,6.29699e+08,-7.54926e+06,-6.70083e+08,0.000944061,0.000142523,-8.05708e-23
0,1.79397e+09,3.96384e+06,2.72353e+08,1.98002e+09,3.46445e+08,1.04639e+08,-1.52296e+09,0.00111163,0.000168764,2.18109e-24
0,1.98366e+09,1.36024e+07,2.98688e+08,2.85477e+09,-1.18897e+09,-3.72243e+07,-1.22932e+09,0.00104109,0.000156761,7.65179e-24
0,2.07816e+09,-8.78522e+06,3.30718e+08,1.14538e+09,-3.84198e+08,-1.06946e+08,-7.00837e+08,0.000953772,0.000151783,9.00952e-26
0,1.77969e+09,-3.43899e+07,2.99421e+08,6.61523e+09,-3.57751e+08,3.89963e+08,-8.17355e+08,0.00101782,0.000171241,5.21668e-23
0,1.89956e+09,6.63021e+07,3.13383e+08,5.43399e+09,1.21038e+09,-4.13601e+08,-9.94172e+08,0.000966335,0.000159422,1.61134e-23
0,2.18075e+09,-1.71289e+07,3.02544e+08,-3.84961e+08,3.34135e+08,2.81734e+08,-3.89444e+08,0.000924943,0.000128321,-2.9913e-29
0,2.29448e+09,1.83064e+07,3.19331e+08,-3.85247e+09,8.9476e+08,1.69215e+08,1.71584e+08,0.000911391,0.000126842,8.89464e-25
0,1.97816e+09,-6.8573e+07,2.78262e+08,-5.1118e+09,-1.81397e+09,8.56206e+07,-1.10145e+09,0.00104344,0.000146778,-4.32173e-23
0,2.15578e+09,819806,3.44799e+08,-1.43934e+08,1.1632e+07,-2.68374e+07,-1.02776e+08,0.00091515,0.00014637,-7.68441e-30
0,1.97597e+09,1.07128e+07,3.07092e+08,1.63286e+09,-6.14417e+08,-2.60216e+08,-1.20872e+09,0.00102084,0.000158652,6.36331e-25
0,2.12936e+09,8.24071e+06,3.33323e+08,3.47706e+09,-2.14729e+07,1.02514e+08,-6.30591e+08,0.000933792,0.000146173,1.65343e-24
0,2.29042e+09,2.81597e+07,3.2233e+08,5.5073e+09,-1.04106e+09,-2.09968e+08,-4.08345e+08,0.000948209,0.000133441,5.07373e-24
0,1.92965e+09,-1.30291e+07,3.13738e+08,1.70824e+09,1.01275e+09,7.1349e+08,-1.14109e+09,0.000991744,0.000161246,2.07571e-24
0,2.03637e+09,-4.85316e+07,3.22387e+08,-7.0321e+09,8.17397e+08,1.76507e+08,-5.60281e+08,0.000891674,0.000141165,-1.11479e-23
0,1.85039e+09,-665839,2.747e+08,-2.36559e+09,-9.50936e+07,-1.41599e+07,-1.18075e+09,0.00103629,0.000153842,-2.59997e-24
0,1.93106e+09,-1.16013e+07,3.25603e+08,-5.88406e+09,9.88209e+08,-3.38923e+08,-9.8033e+08,0.000937181,0.000158021,-2.5476e-23
0,2.14029e+09,-1.61338e+07,3.22289e+08,-5.39336e+09,-1.62535e+09,-4.42073e+08,-8.49272e+08,0.00107277,0.00016154,-1.89199e-23
0,1.84142e+09,-3.95196e+07,2.82788e+08,-3.89813e+09,-8.83516e+08,6.40461e+08,-1.57495e+09,0.00113458,0.000174239,-3.51096e-23
0,2.05725e+09,-1.09173e+07,3.23002e+08,-1.035e+10,-9.57486e+08,-4.65562e+08,-4.82447e+08,0.000944467,0.000148287,-3.33345e-23
0,2.32479e+09,2.09312e+06,3.38935e+08,-1.76311e+08,4.13633e+07,3.14614e+07,-2.7071e+07,0.0008759,0.000127699,-1.54308e-30
0,2.0873e+09,-2.35476e+06,3.11102e+08,-1.16843e+08,-1.13585e+09,-5.21499e+08,-9.92916e+08,0.00103082,0.000153639,-8.96695e-25
0,2.02408e+09,2.7857e+07,3.07425e+08,3.28558e+09,-7.27086e+08,3.11015e+08,-1.18638e+09,0.00104337,0.00015847,5.50384e-24
0,2.11612e+09,1.08203e+07,3.34565e+08,3.48726e+09,1.4689e+08,3.20688e+08,-6.24838e+08,0.000937741,0.00014826,1.85041e-24
0,2.2027e+09,2.4126e+07,3.1971e+08,9.90776e+09,5.39997e+08,-3.83122e+07,-2.73956e+08,0.000975127,0.000141534,1.76454e-23
0,1.7869e+09,2.34791e+07,2.07623e+08,-1.03225e+10,-1.21755e+09,-4.65445e+08,6.25528e+08,0.0013748,0.000159741,9.38038e-22
0,1.77298e+09,1.35628e+07,2.62537e+08,2.46556e+09,7.73707e+08,-3.57727e+07,-1.23232e+09,0.00102522,0.000151812,4.27838e-24
0,1.94193e+09,2.15e+07,3.18612e+08,2.26418e+09,1.0429e+09,2.98689e+08,-1.06965e+09,0.00100292,0.000164549,2.62234e-24
0,1.82073e+09,-3.34487e+07,3.07433e+08,-5.2138e+09,3.66958e+08,-7.84061e+07,-1.37181e+09,0.00103211,0.000174274,-4.34416e-23
0,2.14091e+09,1.13643e+07,3.1531e+08,5.71624e+09,-9.02334e+08,4.95828e+07,-7.63667e+08,0.000972605,0.000143244,1.19996e-23
0,2.14942e+09,1.40358e+06,3.44261e+08,2.15848e+08,2.80427e+07,2.24772e+07,-1.92951e+08,0.000914304,0.000146439,2.60175e-29
0,1.81458e+09,-6.92793e+07,2.7896e+08,-4.17016e+09,1.11716e+08,6.78748e+08,-1.58011e+09,0.00110126,0.000169299,-2.89709e-23
0,2.0053e+09,-2.33016e+06,3.10039e+08,1.73142e+09,-7.56474e+08,-3.88826e+08,-1.03474e+09,0.000995348,0.00015389,7.34631e-25
0,1.55892e+09,5.3121e+07,2.66766e+08,7.15269e+09,-6.16128e+08,1.50369e+08,8.22959e+08,0.0010909,0.000186678,-2.11388e-22
0,2.06863e+09,5.32785e+07,3.23275e+08,6.06174e+09,8.97253e+08,-2.96772e+07,-6.92467e+08,0.000940936,0.000147045,1.17363e-23
0,1.75722e+09,-1.28508e+06,2.58669e+08,-6.07327e+08,3.27739e+08,2.0448e+07,-1.64757e+09,0.00110942,0.000163311,8.18766e-25
0,2.00825e+09,4.09335e+07,3.02885e+08,5.99272e+09,-7.21278e+08,-5.04208e+08,-1.11714e+09,0.00103518,0.000156126,3.95019e-23
0,2.02284e+09,-3.3448e+07,3.06746e+08,-3.16013e+09,-1.12392e+09,2.2561e+08,-1.1262e+09,0.00106219,0.000161072,-8.88958e-24
0,1.96123e+09,3.43677e+07,3.106e+08,2.33944e+09,7.86419e+08,-4.49012e+08,-1.1719e+09,0.00102074,0.000161655,1.37116e-24
0,1.92807e+09,-5.10277e+07,3.12249e+08,4.78162e+09,-1.3649e+09,-1.42554e+08,-4.40228e+08,0.000958615,0.000155246,1.14642e-23
0,2.28109e+09,-2.06523e+07,3.18129e+08,5.98496e+09,-1.48903e+08,-8.59088e+07,7.62007e+07,0.000951879,0.000132753,-7.58111e-25
0,2.08727e+09,4.98504e+07,3.10664e+08,1.45087e+10,9.93562e+08,-1.96862e+08,-5.02639e+08,0.00101673,0.000151328,1.54181e-22
0,1.96455e+09,-4.6891e+07,3.0452e+08,-8.71947e+09,-3.54324e+07,9.48684e+07,-1.21809e+09,0.000990087,0.000153471,-1.03032e-22
0,2.01709e+09,-8.31894e+06,3.11882e+08,-1.5213e+09,-8.10449e+08,2.21393e+07,-1.08052e+09,0.00101999,0.000157711,-8.82144e-25
0,2.15958e+09,1.20431e+06,3.44731e+08,4.99201e+08,639586,3.41649e+07,-1.16065e+08,0.000917111,0.000146397,7.43862e-28
0,2.11149e+09,2.51802e+07,3.34711e+08,2.08646e+09,1.06917e+08,3.13717e+08,-6.59145e+08,0.000961347,0.000152392,4.33055e-25
0,1.73614e+09,-8.36321e+06,2.77317e+08,1.69046e+10,-1.31338e+08,3.02159e+08,-1.63839e+08,0.00106555,0.000170202,2.63207e-22
0,1.9428e+09,2.2027e+07,3.14046e+08,2.25618e+09,5.25637e+08,-5.46011e+08,-1.11605e+09,0.00102314,0.000165388,1.13525e-24
0,2.28632e+09,2.75261e+07,3.26206e+08,5.73625e+09,-9.20482e+08,-1.89109e+08,-4.405e+08,0.00095491,0.000136244,5.73756e-24
0,2.05631e+09,6.52199e+07,3.05757e+08,8.80798e+09,8.61641e+08,-2.99233e+08,-7.25322e+08,0.000936752,0.000139288,3.4339e-23
0,1.75264e+09,-4.80326e+07,2.94226e+08,5.20191e+09,1.04492e+09,4.57185e+08,-9.20983e+08,0.00100487,0.000168693,4.26496e-23
0,2.08336e+09,-2.68249e+07,3.18113e+08,-6.65457e+09,-8.80873e+08,-5.24802e+08,-7.92798e+08,0.000992456,0.00015154,-1.76141e-23
0,1.93885e+09,1.48637e+07,2.78177e+08,1.67572e+09,-6.88472e+08,2.61301e+07,-1.11282e+09,0.00104161,0.000149444,1.19704e-24
0,1.92192e+09,-4.08309e+07,2.89521e+08,-4.68552e+09,-3.09175e+08,6.08315e+08,-1.45029e+09,0.00106362,0.000160225,-2.86255e-23
0,1.85247e+09,-3.5046e+07,3.16375e+08,-2.05839e+09,1.39391e+09,3.21806e+08,-1.03759e+09,0.000994428,0.000169835,-6.36143e-25
0,1.8062e+09,-2.3436e+07,2.91537e+08,4.52385e+09,-5.22659e+08,6.54903e+08,-1.27123e+09,0.00103826,0.000167585,2.06e-23
0,1.77764e+09,-7.36937e+06,2.62135e+08,-8.54053e+08,2.72794e+08,3.71967e+08,-1.61711e+09,0.00110081,0.000162328,8.22491e-25
0,2.30365e+09,1.84932e+07,3.26879e+08,3.00183e+09,-1.22825e+09,-2.13237e+08,-4.26433e+08,0.000965635,0.00013702,1.65712e-24
0,1.86666e+09,2.56554e+06,2.6706e+08,2.90285e+09,-2.11124e+08,1.37497e+08,-1.23374e+09,0.00103891,0.000148636,5.21821e-24
0,2.17031e+09,987619,3.44209e+08,3.44993e+08,-2.0844e+07,1.61729e+07,-1.97837e+08,0.000919542,0.000145839,2.95384e-28
0,2.09879e+09,-5.54203e+07,3.1317e+08,-8.39511e+09,-2.855e+08,1.92855e+08,-8.87425e+08,0.00102639,0.000153152,-5.94641e-23
0,2.27332e+09,2.23782e+07,3.06049e+08,1.24203e+09,-2.61387e+09,1.34533e+08,-3.25182e+08,0.000959265,0.000129142,3.22738e-24
0,2.21142e+09,6.1967e+06,3.20101e+08,-4.91498e+09,-6.36278e+08,-9.71002e+06,-2.6862e+08,0.000997923,0.000144449,-2.65713e-24
0,1.92542e+09,-1.7229e+07,3.25418e+08,-1.25977e+09,6.87071e+08,2.7103e+08,-7.91073e+08,0.00100166,0.000169291,-1.2557e-25
0,2.07415e+09,-1.02131e+07,3.23743e+08,-7.54501e+09,-1.09094e+09,-7.86914e+06,-6.08915e+08,0.000985518,0.000153824,-2.85215e-23
0,2.18004e+09,1.83227e+07,2.91103e+08,-4.45144e+09,1.38409e+08,-2.02287e+07,2.20545e+08,0.00102088,0.00013632,1.74013e-24
0,2.07035e+09,111202,3.06229e+08,-8.49693e+08,-9.03558e+08,-3.58746e+08,-1.12786e+09,0.00103413,0.000152961,-6.45787e-25
0,2.15048e+09,-2.80214e+07,3.03704e+08,-5.3309e+09,-1.99298e+09,-2.0905e+08,-9.67607e+08,0.0010422,0.000147187,-2.77539e-23
0,1.89579e+09,-1.65216e+06,3.09803e+08,7.41168e+09,1.48261e+09,-2.72139e+07,-4.24735e+08,0.00101767,0.000166305,2.46659e-23
0,2.07169e+09,2.07507e+07,3.18499e+08,-4.72679e+09,-1.23283e+09,-1.9816e+07,-5.14785e+08,0.000979847,0.00015064,-7.6779e-24
0,1.9966e+09,2.99572e+07,2.95723e+08,-4.24928e+08,3.86218e+08,-2.19052e+08,-1.10548e+09,0.00100374,0.000148667,5.71441e-26
0,2.08442e+09,2.41305e+07,3.30946e+08,8.12595e+09,2.20207e+08,4.30102e+08,-7.30744e+08,0.000947286,0.000150402,3.15544e-23
0,2.07886e+09,6.51198e+06,3.17843e+08,2.28903e+09,-8.25438e+08,-2.53771e+08,-9.09662e+08,0.000986803,0.000150875,1.57683e-24
0,2.1658e+09,829283,3.44688e+08,2.29147e+08,-1.21183e+07,2.41961e+07,-1.2491e+08,0.000919786,0.000146384,5.39334e-29
0,1.9495e+09,-2.78832e+07,3.15651e+08,-5.0629e+09,-3.05148e+08,3.62562e+08,-9.44936e+08,0.000999173,0.00016178,-1.76831e-23
0,2.05791e+09,-2.41613e+07,3.15571e+08,-4.34969e+09,-4.92538e+08,3.12527e+08,-9.03549e+08,0.00100048,0.000153419,-8.75372e-24
0,2.23912e+09,-2.91173e+06,3.16267e+08,8.47269e+09,-1.08999e+09,-4.15614e+08,-2.16785e+08,0.000938823,0.000132605,1.27111e-23
0,1.94657e+09,-3.59712e+07,3.14802e+08,-4.79562e+09,1.74071e+08,1.45058e+08,-1.19562e+09,0.00103028,0.000166618,-2.03071e-23
0,1.96017e+09,-1.39958e+07,3.24458e+08,-2.18741e+09,-6.08622e+08,-2.67811e+08,-9.79764e+08,0.00100252,0.000165942,-1.30908e-24
0,1.79943e+09,-3.27557e+07,3.15869e+08,-3.53866e+09,7.96359e+08,4.14026e+08,-9.85252e+08,0.000970011,0.000170274,-5.83704e-24
0,2.18685e+09,-2.03077e+06,3.19619e+08,1.74351e+09,-1.17713e+09,-3.13895e+08,-6.14136e+08,0.00096664,0.00014128,7.70817e-25
0,1.75011e+09,1.70737e+07,2.8975e+08,4.88754e+09,1.65001e+09,-8.74927e+07,-1.43024e+09,0.00109138,0.00018069,5.87563e-23
0,1.96743e+09,4.2588e+07,3.2023e+08,1.04264e+10,3.5844e+08,-5.4768e+07,-7.52287e+07,0.000921916,0.000150056,7.07303e-24
0,1.90875e+09,-2.04543e+07,3.13875e+08,-4.35328e+09,7.96695e+08,3.16817e+08,-1.00164e+09,0.00097295,0.000159992,-9.44319e-24
0,2.08301e+09,7.0217e+07,3.07354e+08,1.06495e+10,5.73375e+08,-2.96375e+08,-6.81998e+08,0.000936456,0.000138177,5.63386e-23
0,2.27972e+09,-3.56088e+06,3.1706e+08,6.30943e+09,-9.74948e+08,-3.65363e+08,-2.31664e+08,0.000955771,0.000132927,5.67897e-24
0,2.00189e+09,3.52972e+07,2.71543e+08,4.18542e+09,-1.13682e+09,-2.45854e+08,-1.04552e+09,0.00107135,0.000145321,1.92092e-23
0,2.06727e+09,-1.25526e+07,3.31485e+08,-2.61213e+09,3.60917e+07,-2.40157e+08,-7.59444e+08,0.000940665,0.000150835,-9.54494e-25
0,1.95015e+09,-6.49042e+07,3.22683e+08,-8.09351e+09,1.72848e+09,7.48672e+07,-7.30051e+08,0.00091467,0.000151347,-2.98335e-23
0,1.88522e+09,-4.54249e+06,2.77936e+08,-2.30864e+09,-1.6178e+09,1.84185e+08,-1.62499e+09,0.00111848,0.000164896,-1.56917e-23
0,1.98829e+09,-5.52181e+06,3.18175e+08,-3.28418e+09,-5.7813e+08,-4.06841e+08,-8.98455e+08,0.00101082,0.000161756,-3.26166e-24
0,2.1608e+09,835148,3.44095e+08,4.10145e+07,-1.35115e+07,-3.30157e+06,-2.12903e+08,0.000919752,0.000146465,-2.141e-29
0,2.23751e+09,2.68064e+07,3.20354e+08,7.5921e+09,-1.43282e+09,837567,-6.5389e+08,0.000984329,0.000140931,2.36659e-23
0,2.13796e+09,2.78694e+07,3.19826e+08,7.91806e+09,-5.96997e+08,-1.19464e+08,-5.14329e+08,0.000932695,0.000139526,1.73533e-23
0,1.94391e+09,-4.37197e+07,3.23584e+08,-4.71534e+09,5.92429e+08,-3.20324e+08,-1.02445e+09,0.00100267,0.000166905,-1.72674e-23
0,1.97503e+09,-4.0444e+07,3.09109e+08,-8.26212e+09,-6.41333e+08,2.11305e+08,-8.862e+08,0.00099626,0.000155923,-6.94826e-23
0,2.0037e+09,2.32083e+07,3.10216e+08,7.18618e+09,1.65225e+09,9.26811e+07,-3.94218e+08,0.0010769,0.000166728,2.29194e-23
0,2.00352e+09,-3.62946e+07,2.70103e+08,-3.61714e+09,-1.2842e+09,2.43023e+08,-1.11836e+09,0.00107941,0.00014552,-1.59359e-23
0,2.06715e+09,5.88693e+06,3.20812e+08,-5.21612e+08,-7.66989e+08,4.74507e+07,-8.57851e+08,0.000994652,0.000154366,-8.11244e-26
0,1.9407e+09,-3.78243e+07,3.27491e+08,-5.97398e+09,1.73093e+09,8.20419e+07,-5.98375e+08,0.000899921,0.000151861,-7.04503e-24
0,2.22341e+09,-5.47479e+06,3.20843e+08,-2.77412e+09,-7.84543e+08,-1.04925e+08,1.55936e+08,0.000887008,0.000127998,1.36332e-25
0,2.0273e+09,1.19495e+06,3.25647e+08,3.0059e+09,4.83727e+08,1.01895e+08,-9.08771e+08,0.000940241,0.000151032,2.14395e-24
0,2.29795e+09,4.77208e+06,3.19679e+08,1.67737e+09,-1.01946e+09,-7.49066e+06,-2.43785e+08,0.000921882,0.000128247,2.4868e-25
0,1.89334e+09,-3.93251e+07,2.97239e+08,1.45964e+09,-5.05199e+08,4.9543e+07,-7.09432e+08,0.00093942,0.000147481,3.35153e-25
0,2.13845e+09,-2.9949e+07,3.1932e+08,-2.29198e+09,1.51061e+09,4.7394e+07,-2.77316e+08,0.000863141,0.000128887,3.82237e-25
0,2.0415e+09,-1.14282e+07,3.05062e+08,5.39534e+08,-8.77769e+06,-4.4659e+07,-9.81915e+08,0.00100473,0.000150136,-4.16129e-26
0,1.87827e+09,9.8467e+06,3.27475e+08,1.35575e+09,3.72572e+08,-3.14138e+08,-7.96632e+08,0.000915951,0.000159695,1.12644e-25
0,2.08508e+09,3.01068e+07,3.17908e+08,3.10263e+09,-7.08271e+08,1.66931e+08,-1.12764e+09,0.00101566,0.000154856,3.70784e-24
0,2.09665e+09,-747091,3.16907e+08,-3.50316e+09,-4.49659e+08,2.16738e+08,-6.76922e+08,0.000947056,0.000143146,-2.44876e-24
0,2.16077e+09,907607,3.44023e+08,-1.5864e+08,-5.08905e+06,9.18609e+06,-2.21869e+08,0.000920179,0.000146504,4.79963e-29
0,1.92612e+09,1.86065e+07,3.12491e+08,5.8777e+09,4.8348e+08,-1.16175e+08,-9.90187e+08,0.00100024,0.000162277,2.90541e-23
0,1.95566e+09,2.43542e+07,3.00871e+08,2.02544e+09,9.19015e+08,-1.23805e+08,-1.02973e+09,0.00098321,0.000151263,9.20268e-25
0,1.85345e+09,-1.52574e+07,2.88378e+08,-2.39344e+09,-1.49424e+08,4.50039e+08,-1.2723e+09,0.00102361,0.000159264,-2.35737e-24
0,2.09853e+09,-2.40038e+06,3.39709e+08,-1.78949e+09,-1.08836e+08,-4.34079e+07,-4.42872e+08,0.000931018,0.000150713,-1.62756e-25
0,2.01505e+09,-2.03674e+07,3.2494e+08,-4.98659e+09,1.49589e+08,-1.23673e+08,-9.6001e+08,0.000976996,0.000157547,-1.24434e-23
0,1.9725e+09,-7.651e+07,2.91975e+08,-7.58227e+09,-7.02398e+07,2.65851e+08,-1.34444e+09,0.00105358,0.000155954,-9.88745e-23
0,2.11236e+09,-1.40797e+07,3.26556e+08,-4.86055e+09,-8.02228e+08,9.93902e+07,-5.89345e+08,0.00100721,0.000155708,-8.09463e-24
0,2.14172e+09,4.53708e+07,2.91972e+08,6.62939e+09,-1.93376e+09,-2.59659e+08,-9.02333e+08,0.00104394,0.000142316,5.15997e-23
0,2.27749e+09,3.20762e+07,3.23789e+08,-4.71132e+09,3.47841e+08,3.39227e+08,2.50276e+08,0.000909496,0.000129302,1.34773e-24
0,2.14901e+09,712186,3.44576e+08,-1.25726e+08,8.08558e+06,-1.30989e+07,-1.46716e+08,0.000918571,0.000147285,6.4e-30
0,1.83e+09,-8.25581e+06,2.50872e+08,1.87282e+09,4.2698e+08,1.14392e+08,-1.25037e+09,0.00107981,0.000148029,1.69527e-24
0,1.92091e+09,-3.55372e+07,3.17407e+08,5.57858e+09,-6.22767e+08,1.9992e+08,-5.65935e+08,0.00102687,0.000169677,1.59388e-23
0,2.05208e+09,-1.80787e+06,3.23838e+08,6.32042e+09,8.62197e+08,7.55937e+08,-7.10658e+08,0.000937688,0.000147976,2.14061e-23
0,1.89794e+09,1.42158e+07,3.00126e+08,-1.2689e+09,6.2901e+08,-4.69562e+08,-1.11195e+09,0.000979943,0.000154961,-4.22438e-25
0,2.03722e+09,3.97597e+07,2.9945e+08,-4.14309e+08,-3.55455e+07,-4.05932e+08,-9.67886e+08,0.00100735,0.00014807,7.31367e-26
0,1.88459e+09,-2.75514e+07,2.74924e+08,-4.31296e+09,8.84856e+08,1.76118e+07,-1.13631e+09,0.00101696,0.000148354,-1.63816e-23
0,1.96397e+09,-1.4043e+07,3.22942e+08,-5.08422e+09,7.26989e+07,2.1793e+08,-7.92077e+08,0.000976562,0.000160579,-1.21553e-23
0,2.24465e+09,1.68458e+07,3.23178e+08,-5.16078e+09,-1.60134e+08,-2.20824e+06,2.40523e+08,0.000910128,0.000131037,1.44962e-24
0,2.13217e+09,6.18208e+07,3.20428e+08,-8.79522e+09,-1.26273e+09,2.3244e+08,3.76089e+08,0.000893211,0.000134234,8.84672e-24
0,2.1513e+09,-2.45325e+07,3.13974e+08,1.48708e+09,-1.08695e+09,-1.26074e+08,2.61477e+08,0.00105014,0.000153264,2.33574e-25
0,2.08292e+09,1.0122e+07,3.09178e+08,4.29723e+09,9.17287e+08,-2.51657e+07,-5.72826e+08,0.000920472,0.00013663,2.89665e-24
0,1.88021e+09,2.53111e+07,2.99768e+08,-8.66509e+09,-2.40751e+09,-3.8134e+08,5.87119e+08,0.000887111,0.000141435,4.12304e-23
0,2.08769e+09,-7.406e+06,3.21709e+08,-2.51701e+09,-1.1926e+09,-3.5041e+08,-7.40749e+08,0.000995473,0.0001534,-2.06179e-24
0,1.91168e+09,-3.24749e+07,3.19942e+08,5.26591e+09,6.27275e+07,2.29705e+08,-4.87036e+08,0.00103596,0.00017338,1.33507e-23
0,2.13837e+09,2.29295e+07,3.35622e+08,3.35675e+09,-1.2201e+08,3.76977e+08,-6.41859e+08,0.000966091,0.00015163,1.55604e-24
0,2.15798e+09,550509,3.43956e+08,-2.50307e+07,2.15784e+06,1.61665e+06,-2.29894e+08,0.000919414,0.000146544,1.68431e-29
0,2.12278e+09,1.98864e+07,3.23233e+08,-1.54839e+10,-8.8872e+08,-3.45801e+08,-6.9632e+07,0.0009618,0.000146452,-3.98752e-24
0,1.78759e+09,1.63673e+07,2.83327e+08,3.77152e+09,1.09774e+09,-2.36452e+08,-1.06803e+09,0.000964524,0.000152874,8.581e-24
0,2.13383e+09,-5.54166e+06,3.14579e+08,-9.46993e+07,-8.24569e+08,5.29058e+08,-7.23104e+08,0.000968023,0.00014271,1.93723e-25
0,2.30054e+09,1.8241e+07,3.30795e+08,4.02998e+09,-7.14891e+08,-1.5105e+08,-2.85304e+08,0.000913691,0.00013138,1.09732e-24
0,2.25067e+09,-1.5666e+06,3.36578e+08,-1.80444e+09,-8.90365e+08,-1.00087e+08,-5.5422e+08,0.000979365,0.00014646,-4.63783e-25
0,2.09061e+09,-3.28921e+07,2.8941e+08,-3.23165e+08,-7.79778e+08,3.0578e+08,-1.00715e+09,0.00101514,0.000140528,1.85017e-25
0,1.9849e+09,-1.16562e+07,3.3066e+08,-1.98841e+09,6.7682e+08,-1.81893e+08,-8.18868e+08,0.000941228,0.000156797,-7.58722e-25
0,1.74501e+09,-4.82812e+06,3.18221e+08,-2.43535e+09,1.46751e+09,2.25787e+08,-8.94829e+08,0.000935788,0.000170651,-8.91646e-25
0,2.07198e+09,-2.95841e+07,3.1313e+08,5.45737e+09,1.04995e+08,-6.0345e+07,-4.83223e+08,0.00101236,0.000152994,8.62318e-24
0,1.91576e+09,2.41059e+07,3.00233e+08,-1.88e+09,1.16772e+08,-3.54638e+08,-9.76493e+08,0.00102294,0.000160314,-7.91031e-25
0,1.96758e+09,-1.07002e+07,3.2387e+08,-1.1597e+09,-1.17215e+08,-2.84152e+07,-1.14581e+09,0.00100925,0.000166126,-1.41473e-26
0,1.97452e+09,5.55746e+07,3.00954e+08,-6.27492e+09,-2.07065e+09,2.32423e+08,-6.23318e+08,0.00108828,0.000165874,-7.23927e-23
0,2.25293e+09,-1.56934e+07,3.24667e+08,-2.1084e+08,-3.05387e+08,-1.412e+08,1.52434e+08,0.000878795,0.000126642,2.84971e-28
0,1.93016e+09,-3.08299e+07,2.86183e+08,-9.16546e+07,1.17083e+09,3.7681e+08,-1.24348e+09,0.00103348,0.000153233,2.97546e-27
0,1.95335e+09,5.11421e+06,3.10375e+08,5.69149e+09,-5.23239e+08,1.76473e+08,-1.00145e+09,0.00102073,0.000162187,2.73965e-23
0,1.93727e+09,-1.7738e+07,2.84685e+08,8.1237e+09,-569396,2.60846e+08,-2.89091e+08,0.00106479,0.000156472,3.09529e-23
0,1.99958e+09,-4.35951e+07,3.13735e+08,-9.48496e+09,-5.75357e+07,3.50307e+07,-1.11986e+09,0.000985997,0.000154703,-1.09949e-22
0,1.91644e+09,1.17562e+07,3.04674e+08,-6.80812e+09,-9.77685e+08,-2.45485e+08,-1.03766e+09,0.00110541,0.000175738,-8.13718e-23
0,1.90727e+09,8.65522e+07,2.99049e+08,1.04341e+10,1.96576e+09,-6.24026e+08,-1.06303e+09,0.000932909,0.000146275,8.97644e-23
0,1.76712e+09,3.79273e+06,3.07762e+08,3.0219e+09,2.31291e+09,1.02247e+08,-9.61441e+08,0.000942413,0.00016413,2.12037e-25
0,2.26109e+09,-9.84726e+06,3.2466e+08,-2.53321e+08,-1.42682e+08,-8.35501e+07,1.52432e+08,0.000881993,0.000126642,1.99983e-28
0,1.82107e+09,-7.22278e+07,3.00645e+08,9.21128e+09,-5.39868e+08,2.9269e+08,-4.01576e+08,0.000939929,0.000155175,4.04429e-23
0,1.99383e+09,3.28245e+07,3.03488e+08,9.12765e+09,6.90483e+08,-7.55812e+08,-6.56514e+08,0.00105807,0.000161053,6.39373e-23
0,2.01731e+09,-1.72655e+07,3.14121e+08,3.91418e+09,8.81731e+08,1.32651e+08,-6.74632e+08,0.00108333,0.000168689,8.15299e-24
0,2.05579e+09,-3.04256e+07,3.14687e+08,-2.09836e+09,2.481e+08,5.69101e+08,-7.72666e+08,0.000968275,0.000148218,-3.93286e-25
0,2.18896e+09,2.13523e+07,2.97754e+08,1.66969e+09,-8.55738e+08,6.81942e+07,1.24732e+08,0.000968419,0.000131729,4.24044e-26
0,2.15831e+09,2.5016e+07,3.22035e+08,3.87642e+09,-9.30248e+08,1.13568e+08,-9.37037e+08,0.00100634,0.000150154,5.55172e-24
0,2.01258e+09,-5.98179e+06,3.31504e+08,-1.72195e+09,1.04652e+09,-1.76225e+08,-6.965e+08,0.000894322,0.000147309,-3.30859e-25
0,2.06686e+09,-3.28287e+07,3.04892e+08,-1.58193e+08,9.16855e+07,2.09604e+07,-8.5948e+08,0.000979078,0.000144428,8.65587e-27
0,2.05404e+09,-1.27546e+07,3.2154e+08,-5.77669e+09,-6.82114e+08,9.83823e+07,-7.60177e+08,0.000973962,0.000152464,-1.53161e-23
0,2.02586e+09,4.93413e+06,3.098e+08,4.5311e+09,-1.1276e+09,3.38154e+08,-9.64987e+08,0.0010344,0.000158183,1.27273e-23
0,2.26672e+09,-3.59482e+06,3.27066e+08,1.5278e+09,-1.33038e+09,-3.55444e+08,-1.67023e+08,0.000930908,0.000134321,3.65689e-25
0,2.09718e+09,-1.16893e+07,3.41185e+08,-4.75213e+09,-3.523e+08,-2.63397e+08,-3.07183e+08,0.000949142,0.000154414,-2.01958e-24
0,2.26772e+09,7.4089e+06,3.15524e+08,8.97038e+08,-1.29259e+09,1.07868e+08,-2.26518e+08,0.000935716,0.000130193,2.67037e-25
0,1.90903e+09,-2.19127e+07,2.56556e+08,6.3638e+08,-5.5895e+08,4.44111e+08,-1.12936e+09,0.00106048,0.000142519,1.90532e-25
0,1.84732e+09,-7.65926e+06,2.6975e+08,-5.26908e+08,8.38387e+07,2.34329e+08,-1.38284e+09,0.00105271,0.000153719,2.80358e-25
0,1.92156e+09,4.90017e+06,3.10764e+08,6.28393e+09,1.17894e+09,1.04144e+08,-8.58243e+08,0.000975724,0.000157799,3.04756e-23
0,1.86997e+09,-3.89276e+07,3.09192e+08,1.10728e+10,-6.83145e+08,4.53547e+08,-2.60318e+08,0.000966611,0.000159826,3.5402e-23
0,2.09509e+09,5.28609e+06,2.64999e+08,-1.31803e+09,5.22347e+08,-3.91918e+07,4.63429e+08,0.00101364,0.000128211,1.85491e-25
0,1.96092e+09,-5.14309e+07,3.06749e+08,-6.42444e+09,-1.50518e+09,-1.71527e+08,-7.54226e+08,0.000989176,0.000154738,-3.18541e-23
0,2.01915e+09,-8.69141e+06,3.37112e+08,-4.00339e+09,2.97641e+08,-4.13837e+08,-4.57972e+08,0.000928471,0.000155015,-2.9169e-24
0,1.97394e+09,-1.66571e+07,3.28041e+08,-6.02812e+09,-8.88185e+08,-3.19874e+08,-5.61123e+07,0.000975989,0.000162195,1.43673e-24
0,1.98897e+09,-2.09167e+07,2.86421e+08,6.95295e+08,-7.45004e+07,6.58855e+07,-9.97538e+08,0.00100933,0.000145348,-4.62999e-26
0,1.99278e+09,-2.24954e+07,3.10981e+08,-1.96361e+08,1.09302e+09,6.65031e+08,-9.19471e+08,0.000942181,0.000147031,1.16608e-26
0,2.00954e+09,5.35079e+06,3.2909e+08,-1.40542e+09,1.51623e+08,-1.1987e+08,-9.43671e+08,0.000966058,0.000158205,-1.59447e-25
0,2.07546e+09,2.97445e+07,3.11179e+08,2.68337e+09,-7.9249e+08,2.50856e+08,-7.02892e+08,0.000974689,0.000146137,1.34267e-24
0,2.09559e+09,1.73808e+07,3.20316e+08,6.4743e+09,-2.09046e+08,-7.40055e+07,-6.44659e+08,0.00101414,0.000155013,1.86521e-23
0,2.09121e+09,-3.45242e+07,3.0006e+08,-5.81445e+09,-9.7228e+08,-2.49666e+08,-1.04855e+09,0.00101521,0.000145668,-2.18319e-23
0,2.05638e+09,-2.5655e+06,3.31187e+08,-2.42955e+09,2.2197e+08,-8.20401e+07,-7.61965e+08,0.000937259,0.000150949,-8.15351e-25
0,2.0889e+09,3.51441e+07,2.924e+08,5.59803e+09,-1.63759e+09,1.36724e+08,-1.04907e+09,0.00103906,0.000145446,3.12336e-23
0,1.92495e+09,9.72855e+06,2.76764e+08,4.49407e+09,9.12672e+08,-4.52872e+08,-1.01854e+09,0.00100629,0.000144682,1.08441e-23
0,1.96673e+09,6.19013e+07,2.96054e+08,1.07806e+10,4.17536e+08,-4.11986e+08,-1.02686e+09,0.000977008,0.00014707,1.47436e-22
0,1.99585e+09,1.11228e+07,3.32941e+08,-2.49072e+09,1.05635e+09,-4.28274e+08,-4.50482e+08,0.000921101,0.000153654,-1.25574e-24
0,1.78193e+09,-2.11846e+07,3.05392e+08,-3.94617e+09,-1.07954e+09,-3.99896e+08,-1.09259e+09,0.0010114,0.000173336,-1.56539e-23
0,1.90954e+09,-1.17768e+07,3.18523e+08,-7.34819e+08,6.3959e+08,-1.07888e+07,-1.29189e+09,0.000986773,0.0001646,4.2589e-26
0,1.78124e+09,-5.90387e+07,3.08961e+08,-3.0565e+09,-1.87353e+09,-4.11337e+08,-5.90897e+08,0.000979531,0.000169902,-1.22103e-23
0,2.08294e+09,-1.0799e+07,3.21943e+08,-9.8666e+08,-1.2629e+09,1.29079e+08,-6.40094e+08,0.000978061,0.000151171,-5.39854e-25
0,2.02658e+09,-1.53641e+07,3.10838e+08,8.77079e+08,-1.2216e+09,4.93613e+08,-1.07617e+09,0.00104427,0.000160171,1.78158e-24
0,2.02532e+09,1.38638e+07,2.5529e+08,-9.35136e+08,-9.91615e+08,1.63424e+08,3.32202e+08,0.000948762,0.000119591,-6.94786e-26
0,1.99825e+09,6.91298e+07,3.00985e+08,9.1712e+09,-6.50804e+08,1.57692e+08,-1.32536e+09,0.00105,0.000158154,1.59432e-22
0,2.07733e+09,1.63292e+07,2.87742e+08,3.36176e+09,-9.62424e+08,-5.68645e+08,-8.70033e+08,0.00102089,0.000141409,5.70346e-24
0,2.06279e+09,5.2349e+07,3.21167e+08,4.70646e+09,8.75181e+08,-1.41025e+08,-6.72279e+08,0.000919951,0.000143232,4.35616e-24
0,2.30374e+09,2.45103e+07,3.23783e+08,5.43609e+09,-1.26252e+09,-1.86513e+08,-4.06809e+08,0.000944485,0.000132745,5.31471e-24
0,2.16973e+09,-1.29134e+07,3.19946e+08,-1.07346e+09,-1.2543e+09,-3.52541e+08,-7.7407e+08,0.00101222,0.000149262,-9.72399e-25
0,2.11064e+09,1.53955e+07,2.91584e+08,1.82612e+09,-1.85925e+09,-7.68583e+08,-8.49891e+08,0.00103447,0.000142911,1.69403e-24
0,1.94472e+09,-3.10302e+07,3.20661e+08,2.34276e+08,1.32449e+09,5.65795e+08,-7.77372e+08,0.000919021,0.000151535,7.47799e-27
0,2.09918e+09,-3.06465e+07,3.02959e+08,-3.32298e+09,-1.64577e+09,1.71426e+08,-1.05867e+09,0.00107014,0.000154446,-1.30885e-23
0,1.70513e+09,-7.78335e+07,2.62259e+08,2.41194e+09,-1.24852e+09,1.0513e+08,-1.00901e+09,0.00103787,0.000159631,1.06534e-23
0,1.84663e+09,3.84062e+07,3.07754e+08,5.62115e+09,1.94971e+09,-5.63564e+08,-9.19908e+08,0.000928468,0.000154736,6.32851e-24
0,2.02876e+09,-7809.22,3.04628e+08,2.60729e+08,-4.61492e+08,-5.24052e+08,-1.16321e+09,0.00101704,0.000152713,-2.43752e-25
0,1.83036e+09,-8.58978e+07,3.06618e+08,1.77826e+09,-5.15334e+08,1.55003e+08,-4.7495e+08,0.000990486,0.000165925,5.41043e-25
0,2.05301e+09,1.28843e+07,3.33369e+08,1.73346e+09,8.92398e+07,-2.92801e+08,-7.10195e+08,0.000976471,0.00015856,2.62091e-25
0,1.7925e+09,-8.43229e+07,3.01686e+08,6.69868e+08,-5.60792e+08,-1.72647e+08,-8.39445e+08,0.00100205,0.000168649,1.82474e-26
0,1.95582e+09,-6.3334e+07,2.72473e+08,-4.29056e+09,-6.67798e+08,7.42597e+08,-1.11281e+09,0.00109788,0.00015295,-2.18367e-23
0,1.96534e+09,4.81599e+06,3.27909e+08,1.8042e+09,6.27475e+08,3.26041e+08,-8.30623e+08,0.00095038,0.000158567,7.34809e-25
0,1.78422e+09,2.97266e+07,3.17816e+08,-3.12643e+09,-1.72418e+08,7.72167e+07,-3.3701e+08,0.000981459,0.000174824,-2.14503e-24
0,1.93007e+09,3.81218e+07,3.0792e+08,7.69859e+09,8.30123e+08,-3.96768e+08,-8.73212e+08,0.000949987,0.000151559,3.95946e-23
0,1.95904e+09,-5.14658e+07,3.11798e+08,-3.71786e+09,1.39556e+08,6.01001e+08,-1.07697e+09,0.0010286,0.000163711,-7.15414e-24
0,2.14473e+09,9.80037e+06,3.31599e+08,6.58979e+08,-5.11583e+08,-2.9248e+08,-7.22989e+08,0.000988896,0.000152894,-1.68032e-26
0,1.9432e+09,4.55027e+07,3.2879e+08,4.03226e+09,1.34301e+09,1.12726e+08,-7.38142e+08,0.000928174,0.000157047,5.05848e-24
0,2.13873e+09,1.96335e+07,2.96268e+08,3.41741e+09,-2.57644e+09,2.13321e+07,-1.18064e+09,0.00109802,0.000152103,3.41133e-23
0,1.76117e+09,-7.94401e+07,3.06353e+08,2.53812e+09,6.62755e+07,1.04896e+08,-6.26651e+08,0.000993332,0.000172789,2.22062e-24
0,2.1256e+09,1.20121e+07,2.91206e+08,1.03351e+09,-1.52422e+09,-1.96757e+08,-9.0369e+08,0.00103589,0.000141916,1.02211e-24
0,2.0844e+09,-3.19238e+07,3.15163e+08,-5.61653e+09,-7.04067e+08,2.19801e+08,-8.40035e+08,0.00097363,0.000147214,-1.49597e-23
0,1.98283e+09,-9.45464e+06,3.26754e+08,-2.42168e+08,1.20572e+08,-1.19453e+08,-1.07395e+09,0.000993841,0.000163777,4.08257e-26
0,1.99057e+09,-7.469e+06,3.00068e+08,2.33136e+09,4.80868e+08,5.82704e+08,-1.06556e+09,0.000993404,0.000149751,1.9546e-24
0,2.0675e+09,-5.5427e+07,3.0907e+08,-8.622e+09,-2.67738e+08,2.90304e+08,-9.12164e+08,0.00102431,0.000153124,-7.09265e-23
0,2.14538e+09,-2.31692e+07,2.97681e+08,-7.69818e+09,-2.59054e+09,-2.60832e+07,-7.42948e+08,0.00104663,0.000145225,-7.83417e-23
0,2.02256e+09,3.03442e+07,3.15725e+08,4.39893e+09,7.29581e+08,-1.6157e+08,-7.85347e+08,0.00092864,0.000144962,4.91399e-24
0,1.88999e+09,2.36759e+07,3.21398e+08,5.5101e+09,9.00143e+08,3.65582e+08,-7.1902e+08,0.000927002,0.000157639,1.72839e-23
0,1.75873e+09,4.53348e+07,3.09377e+08,1.00341e+09,5.70797e+08,-3.6426e+07,-3.69644e+08,0.000996404,0.000175277,5.9499e-26
0,2.16597e+09,408186,3.34329e+08,-1.63127e+09,-5.7373e+08,-4.01732e+08,-6.24944e+08,0.000986793,0.000152317,-1.1765e-25
0,1.68645e+09,-5.97294e+07,2.82055e+08,7.03005e+09,-2.17091e+08,4.84399e+08,-8.13997e+08,0.00108531,0.000181517,1.14042e-22
0,1.8875e+09,-4.23589e+06,2.965e+08,1.5236e+08,-1.19818e+09,1.99066e+08,-1.73054e+09,0.00111853,0.000175706,2.00734e-24
0,2.32228e+09,1.04688e+07,3.33575e+08,2.03771e+09,-7.3733e+08,-9.85317e+07,-2.13571e+08,0.000906255,0.000130175,1.71631e-25
0,2.01554e+09,4.76422e+06,3.15521e+08,3.09167e+09,-1.17919e+09,-2.57573e+08,-7.06656e+08,0.000962235,0.000150632,4.23696e-24
0,2.06261e+09,-5.69969e+07,3.13241e+08,1.74549e+09,1.18171e+09,-1.8934e+08,-2.83966e+08,0.00104204,0.00015825,-4.40739e-25
0,2.13494e+09,3.41903e+07,2.92637e+08,-6.75022e+09,-4.66314e+08,1.13181e+08,3.47817e+08,0.000967792,0.000132655,7.64116e-24
0,1.95519e+09,3.15056e+07,3.14737e+08,8.44094e+09,5.00028e+08,-4.19896e+07,-7.47385e+08,0.000965994,0.000155501,5.22966e-23
0,1.98598e+09,-3.81416e+07,3.10237e+08,-8.77494e+09,3.18945e+08,2.60571e+08,-9.63554e+08,0.000988903,0.00015448,-7.65969e-23
0,1.87878e+09,-6.60085e+07,2.85779e+08,-8.29323e+09,6.62498e+08,5.58754e+08,-1.12394e+09,0.000999187,0.000151985,-9.56798e-23
0,1.98606e+09,-3.31577e+07,3.08469e+08,5.27356e+09,-2.513e+07,2.11446e+08,-6.28828e+08,0.00107489,0.000166948,1.67151e-23
0,2.10519e+09,-2.83255e+07,3.08936e+08,-6.77591e+09,-1.95044e+09,-2.51714e+08,-1.07678e+09,0.00109436,0.000160598,-6.82846e-23
0,1.90615e+09,5.96666e+07,3.06565e+08,3.24844e+09,-1.42744e+09,-2.43159e+08,-3.78361e+08,0.000957785,0.00015404,5.76599e-24
0,2.1454e+09,845778,3.44414e+08,1.78351e+08,1.49452e+07,3.74173e+07,-1.78216e+08,0.000922192,0.000148045,-5.70309e-30
0,2.30455e+09,2.02558e+07,3.17818e+08,4.28957e+09,-3.92948e+08,-6.21781e+07,-2.68495e+08,0.000962475,0.000132734,1.19072e-24
0,2.01083e+09,-2.33333e+07,3.13143e+08,-3.15455e+09,7.65772e+07,4.54128e+08,-1.15343e+09,0.000997383,0.000155321,-3.45287e-24
0,1.89794e+09,5.49164e+07,2.9108e+08,2.98419e+09,5.52882e+08,-6e+08,-1.25818e+09,0.00101638,0.000155878,3.74422e-24
0,1.77941e+09,5.47329e+06,2.85615e+08,1.22761e+10,2.95808e+09,7.11038e+08,-9.37099e+08,0.00102651,0.000164766,6.16e-22
0,2.04441e+09,-4.70989e+06,2.74022e+08,-2.9435e+08,-9.54459e+08,2.7466e+08,4.4799e+08,0.000938372,0.000125775,1.92475e-27
0,2.31048e+09,2.01849e+07,3.26337e+08,4.38542e+09,-1.18392e+09,-1.62237e+08,-3.69524e+08,0.000938401,0.000132542,2.69997e-24
0,1.93396e+09,-3.69384e+07,3.15e+08,-8.05958e+09,7.65714e+08,-1.7246e+08,-9.1287e+08,0.000964267,0.000157058,-6.20787e-23
0,2.03206e+09,-8.98888e+06,3.11532e+08,3.25141e+08,-3.35462e+08,2.86378e+08,-1.06783e+09,0.00100117,0.000153488,1.23976e-26
0,2.30077e+09,2.66347e+07,3.19769e+08,5.53735e+09,-1.44799e+09,-2.44216e+08,-4.24303e+08,0.000950791,0.000132144,7.01975e-24
0,2.02598e+09,-5.56378e+07,3.05102e+08,-9.64338e+09,-1.00875e+09,-2.40891e+08,-1.13501e+09,0.00104962,0.000158067,-1.47378e-22
0,1.87824e+09,-3.86456e+07,3.04593e+08,-2.52688e+09,-2.53061e+08,3.38429e+08,-1.64241e+09,0.00110331,0.000178923,-4.2502e-24
0,2.06989e+09,-4.16185e+06,3.28734e+08,1.86086e+09,-2.96312e+08,9.29013e+06,-8.85911e+08,0.000987256,0.000156793,4.86579e-25
0,1.91882e+09,3.31054e+07,3.22172e+08,-1.26201e+09,1.14639e+09,-4.95772e+08,-8.94969e+08,0.000940316,0.00015788,-6.39164e-25
0,1.95401e+09,3.84734e+07,3.12962e+08,7.41444e+09,-2.98377e+07,-1.01248e+08,-1.15214e+09,0.00100161,0.000160422,6.49036e-23
0,1.88435e+09,1.30081e+07,3.23562e+08,-3.37255e+08,8.37813e+08,-1.12669e+08,-1.1624e+09,0.000969592,0.000166489,6.78333e-27
0,1.75967e+09,-1.48883e+07,2.89957e+08,-1.06448e+10,-2.77682e+09,-1.20775e+09,5.81547e+08,0.000992155,0.000163487,3.92615e-22
0,2.28957e+09,3.02985e+06,3.24755e+08,2.32105e+09,-7.96239e+08,9.33265e+07,-3.0455e+08,0.000920601,0.000130579,2.68291e-25
0,2.04586e+09,-6.89645e+07,2.96121e+08,-6.24666e+09,-4.19887e+07,4.15892e+08,-8.41435e+08,0.000993511,0.000143803,-2.16644e-23
0,1.99838e+09,-1.74226e+07,2.87366e+08,2.31681e+09,7.42976e+08,5.58031e+07,-7.27493e+08,0.00120235,0.000172896,3.06844e-24
0,1.86163e+09,2.51425e+07,2.6685e+08,1.23092e+10,-5.6506e+08,-2.32375e+08,-8.66379e+08,0.00109816,0.000157412,4.79244e-22
0,1.92487e+09,-3.7704e+07,3.18275e+08,-4.88457e+09,-3.22219e+08,-8.88095e+07,-1.34735e+09,0.00108802,0.000179904,-3.35614e-23
0,2.09891e+09,1.34142e+07,3.11562e+08,3.76615e+09,-7.77238e+08,5.43618e+07,-7.88332e+08,0.000960939,0.000142642,3.83119e-24
0,2.32214e+09,7.56135e+06,3.21643e+08,2.49843e+09,-7.73938e+08,-7.50542e+07,-2.258e+08,0.000945739,0.000130996,3.43449e-25
0,2.15737e+09,-3.14551e+06,3.15027e+08,2.79851e+09,-1.14433e+09,-3.62995e+08,-7.13686e+08,0.00103859,0.000151658,3.4367e-24
0,2.0286e+09,-4.81807e+07,3.03379e+08,3.81442e+09,-1.8785e+09,2.51871e+08,-4.1389e+08,0.00100956,0.000150981,8.99428e-24
0,1.9986e+09,-5.55592e+07,3.12595e+08,-1.0657e+10,9.64329e+07,1.8391e+08,-9.87482e+08,0.00100293,0.000156865,-1.49984e-22
0,2.07332e+09,-2.20313e+07,3.18187e+08,-3.23158e+09,1.59135e+09,-5.08297e+08,-2.50748e+08,0.00105399,0.000161753,-2.36387e-24
0,1.86986e+09,1.69724e+06,2.79245e+08,-1.47105e+09,2.10858e+09,-2.93717e+08,-1.04085e+09,0.000966648,0.000144359,3.3752e-25
0,1.94656e+09,1.43566e+07,3.1515e+08,3.96106e+09,9.85004e+08,2.62457e+08,-1.13055e+09,0.000941139,0.000152372,8.75605e-24
0,1.82651e+09,9.42859e+06,3.21746e+08,5.9736e+08,1.61092e+09,6.12638e+07,-1.10218e+09,0.000962611,0.000169567,-6.33797e-26
0,2.2086e+09,2.28744e+07,3.07461e+08,-3.45569e+09,-3.88131e+08,-3.78194e+08,-3.80894e+08,0.000970426,0.000135094,-6.35939e-25
0,2.2179e+09,4.34443e+07,3.15952e+08,-6.10293e+09,-3.86148e+08,5.11642e+08,2.51568e+08,0.000923963,0.000131624,1.87779e-24
0,2.01847e+09,1.90932e+06,3.27236e+08,2.827e+08,3.70308e+07,6.43345e+07,-9.71365e+08,0.000989796,0.000160466,-2.78281e-26
0,2.03135e+09,2.28239e+07,2.99322e+08,6.92186e+09,-8.24505e+08,4.80516e+08,-1.10099e+09,0.00102769,0.000151432,4.14886e-23
0,2.0928e+09,-1.56541e+07,3.22213e+08,-3.0084e+09,-4.38859e+08,9.07736e+07,-9.44694e+08,0.00100201,0.000154272,-2.62228e-24
0,1.94057e+09,-3.91643e+07,3.16535e+08,-1.0404e+10,5.67836e+08,-1.47825e+08,-8.76982e+08,0.000976845,0.000159337,-1.30965e-22
0,1.86488e+09,6.35391e+07,3.11839e+08,-6.31048e+09,-2.47694e+09,-2.49999e+07,-4.78797e+08,0.00101562,0.000169828,-6.92143e-23
0,1.98924e+09,2.13499e+06,2.86309e+08,1.18114e+09,-1.66663e+09,5.17539e+08,1.47028e+08,0.00121198,0.000174439,2.66612e-24
0,2.0516e+09,3.93812e+07,2.99345e+08,1.6274e+09,-3.45863e+08,-3.60786e+08,-9.26089e+08,0.00100704,0.000146935,3.26876e-25
0,1.78662e+09,2.41356e+07,3.11023e+08,3.26789e+09,1.52408e+09,-2.35065e+08,-1.10132e+09,0.000964641,0.000167929,4.72579e-24
0,1.7416e+09,-4.25132e+07,3.08885e+08,7.71058e+09,1.16625e+09,8.72688e+08,-6.44743e+08,0.000913443,0.000162006,7.95704e-23
0,1.77865e+09,-1.58679e+07,2.92856e+08,1.84474e+10,6.47651e+07,8.09989e+08,1.22899e+07,0.00101034,0.000166353,-4.33964e-24
0,2.03211e+09,1.80855e+07,3.12493e+08,4.55184e+09,-1.24344e+09,-3.30126e+07,-1.1868e+09,0.00106886,0.000164366,2.39377e-23
0,2.11408e+09,-2.87649e+07,2.98355e+08,-3.05568e+09,-1.81052e+09,1.48001e+07,-9.75941e+08,0.00104419,0.000147364,-1.0667e-23
0,1.99885e+09,-6.38351e+07,3.09272e+08,-8.36245e+09,4.34732e+07,-3.74587e+07,-1.34428e+09,0.00104178,0.000161189,-1.17858e-22
0,2.16815e+09,6.70068e+07,3.10165e+08,9.11776e+09,2.37053e+08,-5.24968e+08,-5.52771e+08,0.000938498,0.000134257,2.34944e-23
0,1.97401e+09,5.38415e+06,3.26486e+08,5.87109e+08,6.59444e+07,-2.04276e+08,-1.04271e+09,0.000995981,0.000164728,-6.18825e-26
0,1.89703e+09,3.38297e+07,3.15831e+08,6.01696e+09,5.74285e+08,-2.46783e+08,-9.02845e+08,0.00100503,0.000167325,3.00956e-23
0,1.81245e+09,5.66187e+06,3.14796e+08,1.16532e+10,8.67884e+08,8.26921e+08,-6.70316e+08,0.000946742,0.000164435,2.14377e-22
0,2.09542e+09,-2.74474e+07,3.15772e+08,-5.74041e+09,-5.50424e+08,-2.06494e+08,-6.87311e+08,0.00101097,0.00015235,-1.27151e-23
0,2.17915e+09,-1.63419e+07,2.98475e+08,-1.6291e+09,4.42992e+07,1.37582e+08,-2.4659e+08,0.000912783,0.000125022,-5.06677e-26
0,1.90063e+09,2.84024e+07,2.98795e+08,-5.45843e+09,-1.26205e+09,3.87943e+08,-9.64975e+08,0.00103639,0.000162929,-4.3842e-23
0,1.85882e+09,3.09209e+06,2.54949e+08,6.4239e+09,2.68618e+08,1.46777e+08,-1.14322e+09,0.00124058,0.000170154,1.58547e-22
0,2.03569e+09,-2.38046e+07,3.21192e+08,3.70462e+09,1.28054e+09,7.32541e+08,-6.78928e+08,0.000913797,0.000144179,5.83078e-24
0,2.29263e+09,1.92231e+07,3.32622e+08,4.89459e+09,-4.05101e+08,-4.38724e+07,-2.47731e+08,0.000912599,0.000132402,1.25709e-24
0,1.98932e+09,-6.49022e+07,3.0199e+08,-5.70758e+08,2.07987e+09,1.8408e+08,-4.71201e+08,0.00101594,0.000154226,5.52112e-25
0,2.21695e+09,-4.37689e+07,3.22563e+08,-7.09599e+09,-5.58228e+07,2.06479e+08,-3.91241e+08,0.00091254,0.000132773,-6.64932e-24
0,1.90389e+09,3.32906e+07,2.84144e+08,4.14138e+09,5.68911e+08,-5.43805e+08,-1.06679e+09,0.000985619,0.000147098,8.64885e-24
0,2.09267e+09,-2.27834e+07,3.2557e+08,1.31501e+08,3.3335e+08,-2.00065e+08,-6.61553e+08,0.000914607,0.000142291,2.20049e-28
0,1.89008e+09,3.07103e+07,2.81066e+08,5.53654e+08,6.14531e+08,-1.99617e+08,-1.08882e+09,0.00103245,0.000153531,-2.37294e-26
0,1.98667e+09,3.37107e+07,3.02554e+08,5.50194e+09,-7.47367e+08,-4.08986e+08,-1.03362e+09,0.00101951,0.000155263,2.82388e-23
0,2.01272e+09,67776.9,3.28004e+08,-8.219e+08,6.36927e+07,7.44097e+06,-9.55905e+08,0.000987682,0.000160958,2.02573e-26
0,2.21508e+09,7.7694e+06,3.31903e+08,1.49801e+09,-1.05923e+09,2.78489e+07,-7.60552e+08,0.00102224,0.000153171,7.85174e-25
0,1.98224e+09,1.83907e+07,3.27464e+08,1.49849e+09,2.24463e+08,-3.57764e+07,-1.01091e+09,0.00100052,0.000165285,2.6289e-25
0,2.31577e+09,1.28553e+07,3.34338e+08,3.0034e+09,-6.97812e+08,-7.29683e+07,-2.57899e+08,0.00091601,0.000132249,4.36453e-25
0,2.03305e+09,-1.96538e+07,3.05293e+08,-5.4217e+09,-1.19504e+09,4.74257e+08,-1.14758e+09,0.0010657,0.000160032,-3.92908e-23
0,1.99072e+09,1.06886e+07,3.1227e+08,5.50149e+09,-4.02376e+08,-5.01264e+08,-9.98429e+08,0.00104396,0.000163759,2.76381e-23
0,1.92955e+09,-9.03701e+06,3.04147e+08,-3.69566e+09,-6.5642e+08,1.29431e+08,-1.42821e+09,0.00105914,0.000166948,-1.4373e-23
0,1.9703e+09,-7.28552e+06,3.31403e+08,-1.85403e+09,-1.41225e+08,-3.04375e+08,-8.45034e+08,0.000967266,0.000162693,-3.89216e-25
0,1.93691e+09,2.10463e+07,2.98981e+08,4.89001e+09,-6.57764e+08,-1.88884e+08,-1.15527e+09,0.00101183,0.000156185,2.24216e-23
0,1.84817e+09,2.50329e+07,3.08299e+08,2.88842e+09,1.28892e+09,-2.46602e+08,-1.23088e+09,0.00096647,0.000161219,3.4977e-24
0,1.81773e+09,-1.51981e+07,2.85223e+08,-4.5508e+09,1.76905e+09,1.2808e+08,-1.12792e+09,0.000976902,0.000153287,-1.51198e-23
0,2.21126e+09,-2.92603e+06,3.34637e+08,-2.34625e+09,-9.34799e+08,-1.99651e+08,-6.73564e+08,0.00102048,0.000154433,-1.13694e-24
0,2.00393e+09,-4.01126e+07,3.08121e+08,1.81234e+08,3.47917e+08,6.71054e+08,-9.90355e+08,0.0009852,0.000151483,-8.51944e-26
0,2.02778e+09,2.05433e+07,3.18762e+08,1.1882e+10,5.84374e+08,6.86637e+08,-5.72821e+08,0.00108412,0.000170421,1.99367e-22
0,2.32018e+09,6.65977e+06,3.32665e+08,1.03029e+09,-8.55773e+08,-8.23336e+07,-2.47606e+08,0.000923473,0.000132407,8.12984e-26
0,1.90946e+09,-4.19964e+07,3.29147e+08,-9.29914e+09,9.52178e+08,-4.38701e+08,-9.14394e+08,0.000939331,0.000161919,-9.78405e-23
0,1.90188e+09,3.64811e+07,3.15548e+08,1.88243e+09,9.18235e+08,-2.56286e+08,-1.27821e+09,0.000996793,0.000165382,8.79519e-25
0,1.87271e+09,2.54357e+06,3.06731e+08,-1.59656e+10,-7.44057e+08,-4.11194e+08,-6.00465e+08,0.00100144,0.000164026,-3.88294e-22
0,2.08971e+09,5.3675e+06,3.16143e+08,3.85295e+09,-8.77366e+08,-4.60448e+08,-8.29996e+08,0.00106167,0.000160614,8.99002e-24
0,1.97229e+09,1.48079e+07,2.99547e+08,5.22663e+09,-9.53714e+08,-5.47875e+07,-1.12598e+09,0.0010322,0.000156768,2.85655e-23
0,1.83274e+09,6.24087e+07,2.97674e+08,-4.16008e+09,-2.20893e+09,4.56862e+07,-1.07761e+09,0.00107762,0.000175028,-6.45173e-23
0,1.99991e+09,6.1762e+07,3.18166e+08,6.52013e+09,1.32928e+09,8.08052e+07,-8.27254e+08,0.000955848,0.000152066,2.36852e-23
0,2.1879e+09,-1.20688e+07,3.3181e+08,4.95342e+08,2.99418e+07,2.72107e+07,5.33164e+08,0.000930298,0.000141086,5.5802e-28
0,2.118e+09,-1.06043e+07,3.16303e+08,-5.81891e+09,1.49785e+09,-1.64592e+08,-2.09247e+08,0.000993477,0.000148366,-3.2163e-24
0,1.98235e+09,6.38688e+06,3.29731e+08,-9.29243e+08,2.31944e+08,-4.87828e+08,-4.97435e+08,0.000901776,0.000149995,-4.27306e-26
0,2.11249e+09,-2.80147e+07,3.29475e+08,-4.28206e+09,-3.09603e+08,-3.24861e+08,-8.00975e+08,0.000990616,0.000154502,-4.96655e-24
0,2.16054e+09,3.34459e+07,2.86452e+08,2.87546e+09,-2.58317e+09,-5.26396e+08,-8.40868e+08,0.00107153,0.000142067,1.66509e-23
0,2.02755e+09,-3.61329e+06,3.25744e+08,-1.24026e+08,-2.64038e+08,3.52667e+07,-9.98862e+08,0.000988574,0.000158823,1.49818e-26
0,2.30592e+09,4.15778e+06,3.20739e+08,1.55469e+09,-1.20803e+09,5.71924e+06,-2.793e+08,0.000930878,0.000129479,3.5996e-25
0,1.99819e+09,3.19448e+07,3.07752e+08,6.64752e+09,2.2512e+08,-5.20146e+08,-8.88988e+08,0.000958301,0.000147593,2.43184e-23
0,1.92614e+09,4.1853e+07,3.13228e+08,3.51711e+09,6.17319e+08,-4.85792e+08,-1.18641e+09,0.00101603,0.000165226,6.24056e-24
0,1.85587e+09,3.12296e+07,3.21908e+08,7.88863e+09,7.35095e+08,1.02218e+08,-3.03661e+08,0.00100455,0.000174243,2.98756e-23
0,1.88633e+09,-4.31972e+06,2.85406e+08,2.97113e+09,2.88548e+07,2.94855e+08,-1.18582e+09,0.00106195,0.000160675,5.74869e-24
0,2.17568e+09,-1.04379e+07,3.16169e+08,-3.37558e+09,-1.51059e+09,-4.70493e+08,-7.71759e+08,0.00106045,0.000154105,-5.1623e-24
0,1.9092e+09,2.96081e+07,3.15741e+08,6.33363e+09,3.45518e+08,1.92378e+08,-1.04188e+09,0.00100712,0.000166556,4.36299e-23
0,1.96052e+09,-1.31667e+07,3.28752e+08,-5.93117e+09,3.44961e+08,-3.65787e+08,-9.30853e+08,0.000954734,0.000160095,-2.22931e-23
0,2.13197e+09,1.26243e+06,3.44695e+08,2.14385e+08,1.11711e+07,4.77399e+07,-1.20738e+08,0.000926268,0.000149758,4.38955e-29
0,1.80113e+09,-6.24879e+07,3.04302e+08,-4.01219e+09,2.10052e+09,5.1106e+08,-1.23821e+09,0.000972199,0.000164254,-4.23392e-24
0,1.64541e+09,4.73434e+07,2.8827e+08,-1.24157e+09,-8.22447e+08,-3.33311e+07,-1.13217e+09,0.00101424,0.000177692,-1.69958e-24
0,2.03053e+09,-2.13599e+07,3.36369e+08,-2.92821e+09,-7.71783e+07,-3.38784e+08,-6.30267e+08,0.000958351,0.000158756,-1.27821e-24
0,1.88996e+09,-4.74335e+07,3.12112e+08,-3.59174e+09,3.73761e+08,2.93437e+08,-1.24323e+09,0.00102868,0.000169879,-9.12927e-24
0,2.1482e+09,1.34069e+07,3.37545e+08,3.93962e+08,-4.60712e+08,-1.05096e+08,-2.00951e+08,0.000913459,0.000143531,4.61112e-27
0,1.84551e+09,-2.27518e+06,2.96718e+08,2.55133e+09,-5.11503e+08,2.58331e+08,-1.10825e+09,0.00106935,0.000171929,3.95581e-24
0,2.0957e+09,3.31932e+06,3.30547e+08,-4.99563e+08,2.95183e+07,3.464e+08,-6.25323e+08,0.000925017,0.0001459,6.27929e-27
0,2.13108e+09,-1.68449e+07,3.18439e+08,-7.1787e+09,-1.24055e+09,-5.45239e+08,-6.9107e+08,0.00104043,0.000155468,-2.05776e-23
0,2.06665e+09,4.46122e+06,3.06137e+08,-6.72273e+08,-1.93442e+09,4.38361e+08,-9.78044e+08,0.00108246,0.000160346,7.68175e-25
0,2.20536e+09,-3.5792e+07,2.96572e+08,-4.74334e+09,-6.49399e+07,6.86644e+08,-1.68339e+08,0.000915413,0.000123103,-9.4286e-25
0,2.18233e+09,5.90511e+06,3.07468e+08,-2.58359e+09,5.09157e+07,4.77627e+07,4.33567e+08,0.000961742,0.0001355,4.86268e-25
0,1.93743e+09,4.33713e+07,3.07138e+08,3.67776e+09,1.11409e+09,2.05507e+06,-9.83745e+08,0.000983306,0.000155882,6.57727e-24
0,2.05477e+09,2.14074e+07,3.10992e+08,3.47167e+08,-1.99734e+09,-6.1016e+08,-5.56682e+08,0.000983845,0.000148906,-1.58546e-24
0,1.71731e+09,5.28371e+07,2.41161e+08,-1.01434e+10,-1.29284e+08,-3.65874e+08,-1.04582e+09,0.00111889,0.000157126,-4.9809e-22
0,1.85239e+09,-4.52612e+07,3.13356e+08,-2.46121e+09,1.81868e+09,4.79994e+08,-1.05356e+09,0.000970324,0.000164143,2.14113e-25
0,1.97411e+09,-1.60716e+07,3.15497e+08,8.17786e+08,9.51365e+08,1.63284e+08,-6.27505e+08,0.000917294,0.000146599,4.15311e-26
0,1.90845e+09,3.61982e+07,2.80193e+08,6.3493e+09,8.02233e+08,-1.05079e+08,-1.36193e+09,0.0010146,0.00014896,5.65063e-23
0,2.17997e+09,2.13636e+07,3.37943e+08,4.09955e+08,2.23357e+08,1.24468e+07,-3.52237e+08,0.000917364,0.000142211,1.06148e-27
0,1.96512e+09,-4.4522e+06,3.22401e+08,-5.15911e+08,-6.81003e+08,-1.33589e+08,-1.26109e+09,0.00105266,0.000172702,-2.19289e-25
0,2.13254e+09,1.57618e+06,3.44064e+08,3.48847e+08,1.24478e+07,3.502e+07,-2.24899e+08,0.000928272,0.000149767,3.40066e-28
0,2.00695e+09,-1.78797e+06,3.24955e+08,1.75431e+09,-7.0285e+08,1.5587e+08,-8.85323e+08,0.000992987,0.000160779,7.8187e-25
0,2.00067e+09,2.43604e+07,3.1578e+08,2.26352e+09,-9.5654e+08,-2.54238e+08,-1.11935e+09,0.00105839,0.000167054,3.32642e-24
0,1.99551e+09,-2.75938e+07,3.31423e+08,-6.63837e+09,3.5949e+08,-2.40038e+08,-7.63393e+08,0.000926615,0.000153896,-2.01229e-23
0,1.8616e+09,1.86842e+07,2.72966e+08,6.17388e+07,-5.39555e+08,1.14634e+08,-1.39036e+09,0.00107112,0.000157058,1.52991e-25
0,2.03464e+09,-7.3347e+07,2.82225e+08,-1.05511e+10,-1.09606e+09,2.55413e+08,-8.54667e+08,0.00102569,0.000142273,-1.48677e-22
0,2.05298e+09,-30202.5,3.13798e+08,2.59529e+09,-1.14041e+09,-2.79468e+08,-1.03278e+09,0.00103283,0.000157868,4.30292e-24
0,2.03347e+09,-4.16688e+07,3.26312e+08,-4.1739e+09,3.46073e+08,-1.3285e+08,-8.08373e+08,0.00100889,0.000161897,-7.18971e-24
0,2.09541e+09,2.01155e+07,3.07925e+08,4.54683e+09,-2.20046e+09,3.93833e+08,-7.81647e+08,0.00107743,0.000158331,2.55516e-23
0,1.95342e+09,-4.14333e+06,3.02675e+08,3.80711e+08,-1.51541e+09,2.04317e+08,-1.24519e+09,0.00107228,0.000166145,2.3782e-24
0,2.01308e+09,2.65018e+07,3.04682e+08,3.36335e+09,-2.21669e+08,-5.14857e+08,-1.01908e+09,0.00103678,0.000156917,5.15905e-24
0,1.96632e+09,-1.74785e+07,3.04326e+08,4.08229e+09,5.86495e+08,2.24185e+08,-9.72691e+08,0.000972797,0.00015056,8.4768e-24
0,1.6925e+09,2.84964e+07,2.83695e+08,-2.81367e+09,-1.64658e+09,-4.42998e+07,-1.01367e+09,0.00108989,0.000182686,-2.99916e-23
0,2.05985e+09,-1.14382e+07,3.28412e+08,-1.14192e+09,-1.23528e+08,-1.84309e+08,-8.97525e+08,0.000989097,0.000157696,-4.05853e-26
0,1.95064e+09,-2.62707e+06,2.96756e+08,1.64358e+09,-4.56093e+08,4.39829e+08,-1.36272e+09,0.00105167,0.000159993,2.63783e-25
0,2.07475e+09,-3.61694e+07,3.3011e+08,-5.6461e+09,-6.90594e+07,-4.49184e+08,-8.17119e+08,0.000993988,0.000158152,-1.39056e-23
0,1.74769e+09,2.25845e+07,3.15409e+08,4.36182e+09,2.3022e+06,6.97368e+08,4.76381e+08,0.00089715,0.00016191,-5.07367e-24
0,2.09111e+09,-1.19039e+07,3.35883e+08,-5.28239e+09,-6.31775e+08,-4.11835e+08,-7.00099e+08,0.00105527,0.000169503,-1.08099e-23
0,2.1038e+09,3.74981e+06,3.07458e+08,6.93793e+08,-2.28071e+09,3.10212e+08,-8.6162e+08,0.00108053,0.000157914,6.32313e-24
0,1.94033e+09,-5.57718e+06,3.05397e+08,-7.76158e+08,-1.24427e+09,4.21073e+08,-1.23302e+09,0.00108039,0.000170047,6.88462e-25
0,2.14609e+09,-2.49393e+07,3.38361e+08,-4.4623e+09,1.64605e+08,-4.6815e+08,-4.52342e+08,0.000928335,0.000146365,-2.67069e-24
0,1.81772e+09,-2.82411e+07,2.77977e+08,-1.46042e+09,1.20569e+09,4.76671e+08,-1.45532e+09,0.000997157,0.000152491,-2.95396e-25
0,1.95775e+09,2.14424e+07,2.99518e+08,4.67177e+09,-1.12316e+09,6.39769e+07,-1.39073e+09,0.00108408,0.000165854,3.40503e-23
0,2.12497e+09,917417,3.44587e+08,5.43504e+08,2.80885e+06,3.63168e+07,-1.40687e+08,0.000929537,0.000150734,1.33619e-27
0,2.06794e+09,1.00829e+07,3.06461e+08,-1.02895e+09,-6.66562e+08,2.96984e+08,-7.71936e+08,0.000994077,0.000147319,-9.80945e-26
0,2.00462e+09,1.95386e+07,3.3138e+08,4.99258e+09,6.88621e+08,2.69057e+08,-8.18863e+08,0.000927072,0.000153252,9.83057e-24
0,1.97235e+09,-8.22591e+06,3.22076e+08,-1.7371e+09,-9.8153e+08,-5.21611e+08,-9.31349e+08,0.00104586,0.000170784,-1.28097e-24
0,2.16364e+09,2.89339e+07,2.87946e+08,-4.08834e+09,-7.27778e+08,1.5191e+07,1.74275e+08,0.00100231,0.000133392,7.95958e-25
0,1.87824e+09,3.32681e+07,3.15348e+08,-8.10139e+09,-5.87337e+08,-4.0639e+08,-6.48584e+08,0.00105791,0.000177619,-6.75597e-23
0,2.03588e+09,-1.44848e+07,3.07215e+08,-2.93907e+09,-2.07411e+09,3.88012e+08,-8.42574e+08,0.00108261,0.000163366,-1.67013e-23
0,2.04981e+09,-2.40119e+07,3.33527e+08,-7.68054e+09,-4.81944e+08,-7.13668e+08,-8.19375e+08,0.00102918,0.000167459,-3.72615e-23
0,2.01264e+09,-2.01215e+07,3.02632e+08,-2.81812e+09,-1.37403e+09,4.91663e+08,-1.22879e+09,0.00108978,0.000163865,-9.59305e-24
0,2.10727e+09,-1.83213e+07,3.29343e+08,3.12214e+08,-6.80148e+08,-8.69043e+07,-6.3386e+08,0.0010162,0.000158821,1.14825e-26
0,2.11633e+09,7.18273e+06,3.35011e+08,2.41141e+09,7.16396e+08,1.91234e+08,-4.50186e+08,0.000890113,0.000140903,4.5382e-25
0,2.07768e+09,-8.57272e+06,3.14218e+08,-1.90246e+09,-1.03243e+09,-5.87685e+07,-9.94175e+08,0.00102642,0.00015523,-1.79367e-24
0,2.05903e+09,1.60906e+07,3.31172e+08,3.42663e+09,5.92594e+08,5.09966e+08,-6.97102e+08,0.000934497,0.000150303,3.07858e-24
0,2.05786e+09,2.90484e+07,3.31566e+08,-1.06934e+08,4.22553e+08,-3.05799e+08,-5.1279e+08,0.000913256,0.000147146,-1.21275e-27
0,1.71249e+09,1.56709e+07,2.57932e+08,1.47211e+08,8.92708e+08,-3.93453e+08,-1.49514e+09,0.00103977,0.000156608,7.52382e-26
0,2.01142e+09,-2.80345e+07,3.36341e+08,-8.39359e+09,2.4164e+07,-9.80964e+08,-6.69872e+08,0.000994689,0.000166327,-4.52298e-23
0,2.20462e+09,-1.81401e+06,3.36678e+08,-2.31324e+09,-7.40477e+08,1.11098e+08,-4.25237e+08,0.00093534,0.00014284,-5.17318e-25
0,1.95715e+09,-1.27817e+07,3.18946e+08,-2.23741e+09,-7.08302e+08,-6.16041e+07,-1.04218e+09,0.00102807,0.000167539,-2.22722e-24
0,1.91026e+09,-4.11009e+07,3.06002e+08,-4.74987e+09,-5.51316e+08,5.37947e+08,-1.21315e+09,0.00107223,0.000171758,-3.04778e-23
0,1.95911e+09,-1.1062e+07,3.17578e+08,-4.87671e+09,9.8742e+08,5.44487e+07,-1.07707e+09,0.000950036,0.000154004,-1.29795e-23
0,1.78365e+09,2.3334e+07,2.60271e+08,2.75156e+09,1.31047e+09,1.95376e+08,-1.49994e+09,0.00105422,0.000153832,1.06714e-23
0,2.10463e+09,-2.04925e+07,3.17421e+08,-4.23355e+09,-1.03093e+09,-1.02021e+08,-8.72197e+08,0.00102494,0.000154582,-8.71238e-24
0,2.02668e+09,-2.42929e+07,3.05206e+08,-1.05548e+09,-1.77565e+09,1.07298e+08,-1.13882e+09,0.00111621,0.000168094,-3.76778e-24
0,1.89416e+09,4.56694e+07,3.13268e+08,1.64398e+08,1.76545e+09,-5.95988e+08,-1.11882e+09,0.000957498,0.000158357,9.17504e-26
0,2.09184e+09,-5.7153e+06,3.08844e+08,-2.86026e+09,-1.31448e+09,-3.51968e+08,-8.03437e+08,0.00102719,0.000151657,-3.79177e-24
0,1.85477e+09,4.5025e+07,2.83507e+08,-2.18654e+10,-2.56526e+09,-1.70098e+08,-1.48785e+08,0.00114392,0.000174852,-6.18018e-22
0,2.16065e+09,326230,3.43997e+08,1.66328e+08,-6.97027e+07,-3.42812e+07,-2.28653e+08,0.000935983,0.000149018,-5.47985e-29
0,1.92373e+09,-2.60669e+07,2.98673e+08,-3.31279e+09,2.50839e+08,1.98572e+08,-1.41102e+09,0.00104197,0.000161773,-7.64376e-24
0,2.18613e+09,-3.0021e+07,3.3358e+08,-6.25212e+09,4.25371e+08,-2.20136e+08,-4.23774e+08,0.000896854,0.000136851,-5.34272e-24
0,2.0515e+09,-2.588e+06,3.11374e+08,5.89821e+09,-8.55009e+08,-1.06392e+08,-1.02975e+09,0.00100132,0.000151979,2.58769e-23
0,2.11621e+09,-4.26335e+07,3.23798e+08,-3.72002e+09,-2.93995e+08,-2.62289e+08,-6.64415e+08,0.000992024,0.000151788,-2.71212e-24
0,1.95218e+09,-4.33313e+07,3.01512e+08,-4.0832e+09,-2.87187e+08,6.67833e+08,-1.1118e+09,0.00102628,0.000158507,-1.14947e-23
0,2.10698e+09,2.17807e+07,3.17124e+08,6.25698e+09,-1.0704e+09,-2.56846e+07,-7.53158e+08,0.000982222,0.000147835,1.90471e-23
0,2.01574e+09,-6.81459e+06,3.24258e+08,-3.78044e+09,-9.47559e+08,1.55668e+08,-8.54103e+08,0.00103725,0.000166855,-9.10192e-24
0,2.1696e+09,-2.64271e+07,3.1838e+08,-7.49246e+09,-1.1721e+09,-2.7011e+07,-7.98542e+08,0.00101608,0.000149105,-3.38674e-23
0,1.83368e+09,2.30477e+07,3.3004e+08,-5.12803e+09,-8.41923e+08,-7.95951e+08,-5.71825e+08,0.000979301,0.000176262,-2.75015e-24
0,2.00174e+09,-3.29206e+07,3.29598e+08,-8.05558e+09,3.94536e+08,-3.5199e+08,-8.67967e+08,0.000952361,0.000156812,-4.65508e-23
0,2.10136e+09,-3.38012e+07,2.84108e+08,8.95112e+09,4.6126e+08,-1.7202e+08,6.57878e+08,0.00102976,0.000139225,-5.56516e-23
0,1.95259e+09,-8.92693e+06,2.97903e+08,-4.29027e+09,8.16238e+08,-7.15794e+07,-1.0978e+09,0.000959791,0.000146433,-1.0217e-23
0,2.12683e+09,2.47426e+07,3.31641e+08,4.71934e+09,-4.58137e+08,3.26447e+08,-8.12851e+08,0.000998935,0.000155766,6.78817e-24
0,1.88123e+09,-5.28785e+07,3.06194e+08,-3.59722e+09,8.79078e+08,6.58904e+08,-1.20662e+09,0.00103281,0.000168103,-7.03111e-24
0,1.97734e+09,2.9366e+07,2.96107e+08,-3.03871e+08,-2.44957e+08,-2.39254e+08,-1.12081e+09,0.00102962,0.000154185,2.13206e-26
0,1.96064e+09,-1.37743e+07,3.00158e+08,1.75853e+09,1.13993e+08,4.14173e+08,-1.35083e+09,0.00102033,0.000156205,3.26156e-25
0,2.19701e+09,3.70954e+07,2.94177e+08,-6.78021e+09,1.00117e+09,2.97964e+08,3.93176e+08,0.00101352,0.000135708,1.49539e-23
0,1.68839e+09,1.75133e+06,2.92549e+08,-1.78392e+10,-1.66774e+09,-6.35297e+08,-3.35605e+08,0.00098019,0.000169838,-2.74466e-22
0,2.1509e+09,510701,3.44556e+08,-6.29071e+08,-2.54445e+07,-6.46481e+07,-1.45962e+08,0.000932551,0.000149386,-1.90696e-27
0,2.06158e+09,1.72131e+07,3.31164e+08,4.53865e+09,-1.89273e+07,2.88957e+08,-8.46523e+08,0.000974541,0.000156546,7.08346e-24
0,1.83188e+09,1.71798e+07,3.34123e+08,-2.86678e+09,-6.25304e+08,-6.30592e+08,-5.12932e+08,0.000960628,0.000175212,1.95622e-26
0,2.02076e+09,6.32265e+06,3.30758e+08,7.0344e+09,3.52571e+08,4.06796e+08,-7.94623e+08,0.000945783,0.000154806,2.65366e-23
0,2.181e+09,8.85982e+06,3.31978e+08,2.19722e+09,-6.3326e+08,-2.82457e+08,-4.18302e+08,0.000940024,0.000143084,4.56382e-25
0,1.93903e+09,-2.64942e+07,3.20712e+08,-4.59632e+09,-2.63642e+08,4.5735e+07,-1.0172e+09,0.00101604,0.000168052,-1.51282e-23
0,1.93929e+09,2.09192e+07,2.82157e+08,2.49772e+09,-1.10155e+09,6.36623e+07,-1.39326e+09,0.00109342,0.000159087,7.79171e-24
0,1.99745e+09,5.19937e+07,3.16656e+08,4.23971e+09,2.58207e+08,-4.42062e+08,-9.16695e+08,0.00100558,0.000159416,7.80198e-24
0,1.79748e+09,2.74635e+07,2.71256e+08,3.5526e+09,-3.48526e+08,-2.16013e+08,-1.66912e+09,0.00110419,0.000166632,2.15472e-23
0,2.12882e+09,1.96096e+07,3.13456e+08,3.4135e+09,-1.02878e+09,3.08447e+08,-8.35298e+08,0.00101411,0.000149321,3.62849e-24
0,1.95197e+09,-2.03413e+07,2.85679e+08,-1.67568e+09,1.35107e+09,8.46958e+08,-5.07042e+08,0.000916789,0.000134176,2.34912e-25
0,1.97214e+09,-8.46892e+07,2.91749e+08,-8.68915e+09,3.15489e+08,3.62307e+08,-1.15552e+09,0.00102746,0.000151998,-1.10502e-22
0,2.04989e+09,2.12294e+07,3.3916e+08,1.13237e+09,7.06948e+08,2.89526e+08,-4.47587e+07,0.000909368,0.000150458,2.04798e-26
0,1.89281e+09,1.23027e+07,2.88074e+08,7.39793e+09,1.14468e+09,3.92053e+08,-1.16996e+09,0.00100458,0.000152891,9.28538e-23
0,1.79488e+09,-1.01844e+08,3.02062e+08,-1.73221e+09,4.20299e+08,3.62665e+08,-7.32084e+08,0.000982666,0.000165374,-4.51821e-25
0,1.78381e+09,-1.81914e+07,3.0357e+08,-1.44121e+10,-4.886e+08,-2.62483e+08,-3.32084e+08,0.000914018,0.000155548,-1.29522e-22
0,2.10379e+09,-3.30719e+07,2.58827e+08,8.16996e+08,6.62375e+08,-6.5516e+08,5.73863e+08,0.0010618,0.000130632,1.29163e-25
0,2.29893e+09,2.16159e+07,3.16784e+08,2.79904e+09,-1.26315e+09,-2.91688e+08,-2.89817e+08,0.000938757,0.000129357,1.16005e-24
0,1.94385e+09,8.87236e+06,2.82284e+08,-4.09855e+09,-1.20107e+09,-1.21794e+07,8.46789e+08,0.00103454,0.000150236,9.79779e-24
0,1.91369e+09,-3.55476e+07,3.2396e+08,-3.73342e+09,3.59852e+08,4.05596e+07,-8.85112e+08,0.000996639,0.000168717,-6.71296e-24
0,1.90591e+09,-3.31017e+07,3.08941e+08,-6.96306e+08,8.36787e+08,5.02813e+08,-1.28022e+09,0.00101478,0.000164492,2.08664e-26
0,1.96711e+09,-2.76105e+07,3.18791e+08,-6.89446e+09,-6.82755e+07,-3.80366e+08,-1.17642e+09,0.00100139,0.000162286,-5.01572e-23
0,2.14036e+09,6.7085e+06,3.12375e+08,8.67864e+08,-1.12421e+09,2.65404e+08,-8.88845e+08,0.00101857,0.000148655,7.46272e-25
0,2.29856e+09,2.60519e+07,3.17373e+08,6.49813e+08,-9.51101e+07,3.39705e+07,-7.40905e+07,0.000952026,0.000131451,8.80666e-28
0,1.9553e+09,8.60457e+06,3.31703e+08,7.01284e+08,9.07077e+07,-6.40733e+07,-8.68178e+08,0.000979256,0.000166124,-1.8788e-26
0,1.70142e+09,1.29329e+07,2.60011e+08,-6.1264e+09,-3.50941e+09,-4.79301e+07,7.6866e+08,0.000946677,0.000144672,-3.54561e-23
0,2.13283e+09,-296489,3.43827e+08,-9.51949e+08,1.49973e+07,-5.90581e+07,-2.50069e+08,0.000926627,0.000149379,-1.24433e-26
0,2.18479e+09,6.57091e+06,3.18e+08,-2.9397e+08,-1.58708e+08,7.18044e+07,3.80731e+08,0.000979151,0.000142517,-1.37122e-28
0,2.12584e+09,-1.19058e+07,3.31327e+08,-3.06302e+09,-7.74195e+08,-3.78174e+08,-8.39892e+08,0.00100674,0.000156908,-1.95157e-24
0,1.78711e+09,2.16072e+06,2.99536e+08,2.45236e+09,4.11524e+07,-4.45757e+07,-1.35503e+09,0.00101354,0.000169879,3.25248e-24
0,2.07147e+09,3.78492e+07,3.28811e+08,7.49584e+09,-3.62982e+07,5.56718e+08,-8.82649e+08,0.000998364,0.000158473,3.706e-23
0,2.08329e+09,-5.24176e+06,3.14034e+08,-1.49539e+09,-1.20375e+09,4.0642e+08,-8.75793e+08,0.00102305,0.000154214,-8.79134e-25
0,1.76418e+09,-7.46797e+06,3.04842e+08,1.39437e+08,2.98117e+09,4.67828e+07,-9.79446e+08,0.000905043,0.000156387,-7.87248e-25
0,1.97565e+09,2.13043e+07,3.08137e+08,-2.24717e+09,-6.27982e+07,1.61167e+08,-1.22598e+09,0.00102723,0.000160215,-1.47173e-24
0,1.87691e+09,1.59845e+07,2.78703e+08,6.32591e+09,5.35032e+08,-1.11115e+08,-1.28399e+09,0.00105052,0.000155992,6.80224e-23
0,2.18618e+09,-3.59661e+07,2.99802e+08,-3.88003e+09,1.20655e+08,4.69992e+08,-3.42475e+08,0.000919891,0.000126149,-9.02955e-25
0,2.08725e+09,2.82195e+07,3.17923e+08,4.08673e+09,2.79999e+08,-6.22665e+08,-6.3462e+08,0.00093119,0.000141836,2.38805e-24
0,1.81138e+09,193321,2.60146e+08,-2.23065e+09,1.62806e+07,2.10297e+07,-1.59381e+09,0.00109243,0.000156891,-2.76199e-24
0,1.96722e+09,2.84593e+07,3.19497e+08,3.43533e+08,9.15473e+08,-4.93426e+08,-1.05639e+09,0.000978934,0.000158989,1.01827e-27
0,1.85657e+09,-3.02473e+07,3.11778e+08,6.31376e+09,-1.03451e+08,4.64799e+08,-6.69244e+08,0.00102504,0.000172139,3.22778e-23
0,2.03826e+09,4.62338e+06,3.26538e+08,5.26749e+09,6.57516e+08,1.95973e+08,-7.82568e+08,0.000935133,0.000149812,1.01836e-23
0,2.1352e+09,2.09456e+07,3.32074e+08,5.59581e+09,-5.55012e+08,3.68126e+08,-7.81986e+08,0.00102911,0.000160051,1.22492e-23
0,1.90592e+09,2.2114e+07,3.053e+08,-2.46709e+09,7.33231e+08,-2.02238e+08,-1.24311e+09,0.00102453,0.000164114,-3.51641e-24
0,2.07298e+09,2.75683e+07,2.97769e+08,6.0927e+09,-1.63219e+09,-5.27895e+07,-1.22787e+09,0.0010688,0.000153526,5.6321e-23
0,2.01341e+09,3.34646e+07,3.09573e+08,3.0282e+09,-1.07637e+09,-2.95506e+08,-1.12897e+09,0.00103998,0.000159902,7.0703e-24
0,2.02858e+09,2.17537e+07,3.26574e+08,5.65861e+09,-7.51876e+07,7.82782e+07,-9.54947e+08,0.000978836,0.000157579,1.75284e-23
0,2.10036e+09,-151495,3.27555e+08,-1.19168e+09,-2.63507e+07,8.85919e+07,-6.06068e+08,0.000920356,0.000143531,-4.856e-26
0,1.86022e+09,6.08852e+06,3.09114e+08,1.62544e+09,2.0464e+09,1.82687e+08,-1.1747e+09,0.000965904,0.000160505,1.73292e-25
0,1.80623e+09,-2.55973e+07,2.67941e+08,-1.60126e+08,-8.91133e+08,4.42465e+08,-1.75513e+09,0.00112508,0.000166898,3.00528e-24
0,2.12337e+09,486825,3.44445e+08,-6.52283e+08,3.50707e+07,-5.49447e+07,-1.63971e+08,0.000921552,0.000149491,-2.75575e-27
0,2.30108e+09,1.39467e+07,3.33075e+08,-4.00572e+09,-3.78851e+08,5.02437e+07,-6.14172e+07,0.000923183,0.000133628,-2.23208e-25
0,1.97011e+09,-5.56927e+06,3.17758e+08,-1.63237e+08,-1.34396e+08,2.1486e+08,-1.26075e+09,0.00101565,0.000163814,7.01432e-26
0,2.01793e+09,1.13976e+07,3.22097e+08,6.46842e+09,8.5298e+08,3.10194e+08,-8.75279e+08,0.000936859,0.000149539,2.34388e-23
0,1.97762e+09,2.20291e+07,3.11238e+08,2.03135e+09,-1.31223e+09,-2.46054e+08,-1.12774e+09,0.00104588,0.000164601,4.05301e-24
0,2.26775e+09,-1.53548e+07,3.18251e+08,1.37376e+09,-3.31111e+08,-2.68436e+08,3.81834e+07,0.000888034,0.000124625,1.09145e-26
0,2.17126e+09,2.87925e+06,3.28812e+08,2.44341e+08,-1.08103e+09,-6.54448e+07,-8.82517e+08,0.00104649,0.000158479,4.20813e-26
0,1.98185e+09,-2.00255e+06,3.414e+08,4.95237e+09,2.80047e+06,2.78194e+08,1.64539e+08,0.000931031,0.000160383,-1.80328e-24
0,1.84626e+09,2.80025e+07,2.85034e+08,9.44538e+09,1.07429e+09,1.2935e+08,-1.16262e+09,0.000992943,0.000153295,1.83058e-22
0,2.01338e+09,2.59732e+06,3.25049e+08,2.92841e+09,-1.23847e+08,-1.10131e+08,-1.03742e+09,0.00100525,0.000162292,2.86639e-24
0,2.10556e+09,2.74649e+07,3.27557e+08,7.04071e+09,2.26991e+08,3.51876e+08,-7.71536e+08,0.000961965,0.00014965,2.2107e-23
0,2.03514e+09,5.66385e+06,3.26914e+08,-6.19742e+09,5.91739e+08,-7.34397e+08,-7.03468e+08,0.000940324,0.000151048,-1.8726e-23
0,2.05121e+09,-3.01753e+07,3.16758e+08,-1.52832e+09,-4.74433e+08,-4.86608e+08,-8.86234e+08,0.00106672,0.000164727,-9.81185e-26
0,1.86156e+09,3.29811e+07,3.16839e+08,1.23015e+09,1.71426e+09,-4.09389e+08,-1.10716e+09,0.000945625,0.000160946,-1.58369e-25
0,2.15534e+09,-1.31655e+07,3.25056e+08,-3.53455e+09,-1.13132e+09,-2.83509e+08,-9.69345e+08,0.00103881,0.000156668,-5.44337e-24
0,2.0939e+09,-1.08041e+07,3.01525e+08,-4.13306e+09,-2.14623e+08,-3.82623e+08,4.7299e+08,0.000960511,0.000138315,3.02556e-24
0,2.03918e+09,1.87114e+07,3.2231e+08,6.45173e+09,3.17618e+08,1.21522e+08,-9.37412e+08,0.000947358,0.000149738,2.18608e-23
0,2.13313e+09,-4.45993e+07,3.0855e+08,6.4371e+09,-8.92432e+07,-6.07858e+08,3.59937e+08,0.000900599,0.000130269,-4.71262e-24
0,2.12898e+09,1.30123e+07,3.2981e+08,3.1979e+09,-8.35455e+08,2.61955e+08,-8.7414e+08,0.00101964,0.000157956,2.97208e-24
0,2.25757e+09,-9.02036e+06,3.18382e+08,-8.03676e+08,-3.75923e+08,7.18914e+07,-3.43769e+08,0.000938373,0.000132338,-1.71572e-26
0,2.31557e+09,1.62744e+07,3.2964e+08,3.64981e+09,-9.97196e+08,-1.22963e+08,-2.99548e+08,0.000924912,0.000131669,1.17431e-24
0,1.85673e+09,-3.88305e+07,3.11972e+08,-5.66573e+08,9.78752e+08,6.57227e+08,-1.06769e+09,0.000984629,0.00016544,-3.94625e-28
0,2.10881e+09,-70092.9,3.3047e+08,1.67212e+09,-5.82099e+08,-1.31511e+08,-8.28079e+08,0.00101836,0.000159586,5.26217e-25
0,2.14352e+09,-2.91439e+07,3.07754e+08,-7.89321e+09,-2.11344e+09,-1.75228e+08,-1.06648e+09,0.00108827,0.000156248,-9.64535e-23
0,1.95981e+09,-3.03783e+07,2.89954e+08,-4.46283e+08,-1.7042e+09,-1.40333e+07,-1.06849e+09,0.0010725,0.000158675,-1.69995e-24
0,1.98846e+09,2.65761e+07,3.24064e+08,-4.73615e+09,9.4323e+08,-6.96714e+08,-6.71981e+08,0.000929668,0.00015151,-1.10311e-23
0,1.85104e+09,-1.2993e+07,3.01112e+08,2.49683e+09,-1.39243e+09,-9.00669e+08,-8.25336e+08,0.000983542,0.000159995,4.09683e-24
0,1.98738e+09,-1.95704e+07,3.17064e+08,4.88911e+09,1.24031e+09,1.23825e+08,-5.13737e+08,0.00108732,0.00017347,1.24568e-23
0,2.07985e+09,4.20871e+07,3.03037e+08,6.69275e+09,-5.98417e+08,-1.73069e+08,-7.71362e+08,0.000983099,0.000143239,2.3478e-23
0,2.09902e+09,-2.69381e+07,3.28807e+08,-6.54137e+09,-5.3252e+08,-5.97763e+08,-8.82761e+08,0.00101174,0.000158488,-2.04135e-23
0,1.86719e+09,5.78307e+07,3.09615e+08,6.78987e+09,1.02502e+09,-2.72559e+08,-1.18638e+09,0.00100745,0.000167054,6.09948e-23
0,1.83794e+09,2.76916e+06,3.0635e+08,4.89423e+09,9.50566e+08,7.06305e+07,-1.28061e+09,0.00101784,0.000169654,3.19361e-23
0,1.85192e+09,2.81003e+07,3.19658e+08,-3.29819e+09,-7.09165e+08,-2.55777e+08,-7.38801e+08,0.000997511,0.00017218,-4.52862e-24
0,2.00857e+09,-3.25738e+06,3.14979e+08,-2.90321e+09,-1.35385e+09,6.94659e+07,-1.00025e+09,0.00105641,0.000165664,-8.46936e-24
0,1.94424e+09,-4.25117e+07,2.85228e+08,-2.30512e+09,-8.66815e+08,9.08459e+07,-1.34675e+09,0.00107482,0.000157681,-4.29406e-24
0,2.17578e+09,3.02591e+06,3.33129e+08,1.74523e+08,-9.49011e+08,1.3967e+08,-7.53864e+08,0.00103316,0.000158185,1.62717e-25
0,2.25482e+09,1.24487e+06,3.23248e+08,1.07596e+09,-1.49988e+09,-1.33211e+08,-6.05803e+08,0.000985968,0.000141347,6.40663e-25
0,2.05856e+09,-1.5084e+07,3.20747e+08,-1.49836e+09,-5.44222e+08,-1.07712e+08,-1.12663e+09,0.00102765,0.00016012,-4.47198e-25
0,1.87475e+09,-4.95186e+07,2.93661e+08,-6.7907e+09,-5.13301e+08,3.20318e+08,-1.54205e+09,0.00108631,0.00017016,-1.26342e-22
0,1.99596e+09,2.05997e+06,2.65376e+08,7.34863e+09,6.77002e+08,7.39742e+08,6.26762e+08,0.00104427,0.000138843,-2.4149e-23
0,2.11228e+09,-1.80535e+07,2.69789e+08,-3.289e+09,5.67833e+08,-3.89143e+08,4.55907e+08,0.00101681,0.000129872,9.88002e-25
0,2.12323e+09,-1.33441e+07,3.27397e+08,-1.66917e+09,-6.61271e+08,-2.35595e+08,-8.87228e+08,0.00101268,0.000156154,-4.9597e-25
0,1.92595e+09,5.87739e+06,3.15048e+08,5.7056e+09,9.01606e+07,2.21028e+07,-1.08006e+09,0.00103925,0.000170002,3.54546e-23
0,1.78125e+09,-3.04781e+07,3.19749e+08,2.79287e+09,1.47103e+09,8.06775e+08,-8.3861e+08,0.00097304,0.000174669,1.03712e-23
0,1.95935e+09,1.08832e+07,3.04884e+08,-3.68931e+09,-2.90455e+08,1.06135e+08,-1.19813e+09,0.0010445,0.000162529,-9.63576e-24
0,2.02477e+09,-2.65241e+07,3.28469e+08,-7.34194e+09,1.43386e+08,-4.3884e+08,-8.88879e+08,0.000974334,0.000158062,-3.65766e-23
0,1.9504e+09,-652682,3.09294e+08,-4.15967e+09,8.54385e+08,-2.83432e+08,-1.0004e+09,0.00102263,0.000162168,-1.34787e-23
0,1.91261e+09,5.01609e+07,3.02907e+08,7.31887e+09,1.47743e+08,-4.54477e+08,-9.04023e+08,0.000977019,0.000154734,4.67623e-23
0,2.12486e+09,2.41599e+07,3.21967e+08,7.29214e+08,-7.12008e+08,8.14756e+06,-9.34792e+08,0.00099965,0.000151471,1.26065e-25
0,2.08305e+09,3.43344e+07,2.93858e+08,7.72079e+09,-2.34943e+09,3.41356e+08,-1.18772e+09,0.00109433,0.000154378,1.21045e-22
0,2.2293e+09,-6.24703e+06,3.05185e+08,-5.10135e+08,-9.73935e+07,6.2072e+07,-1.58799e+08,0.000914014,0.000125126,-1.10651e-27
0,2.02057e+09,2.68233e+06,2.60679e+08,6.00077e+09,9.76943e+07,4.41374e+08,5.69316e+08,0.0010536,0.000135927,-1.7673e-23
0,2.04483e+09,-9.70777e+06,3.30104e+08,-2.93338e+09,-1.62976e+08,-1.78009e+08,-8.32692e+08,0.000991636,0.000160083,-1.98973e-24
0,1.96196e+09,2.41604e+07,3.19847e+08,5.00559e+09,-8.03535e+08,3.94876e+07,-9.99288e+08,0.00105154,0.000171425,2.35421e-23
0,1.76053e+09,-1.19061e+07,2.98098e+08,-8.85618e+09,1.6088e+09,-2.40324e+08,-1.24072e+09,0.000984048,0.000166622,-2.07401e-22
0,2.04865e+09,-6.11987e+07,2.96541e+08,-8.39934e+09,-9.18343e+08,2.88611e+08,-8.25941e+08,0.00106503,0.000154162,-8.55801e-23
0,2.02242e+09,-4.70536e+06,3.20136e+08,-4.3337e+09,-8.23528e+07,-2.27352e+08,-1.14119e+09,0.00101055,0.000159964,-1.05492e-23
0,1.94187e+09,-8.81876e+06,3.05515e+08,-4.87341e+09,-1.31912e+07,-3.24645e+07,-1.17166e+09,0.00104736,0.000164782,-2.33206e-23
0,2.03209e+09,4.57257e+07,3.18484e+08,3.94508e+09,2.15287e+08,2.08314e+08,-1.09208e+09,0.000995499,0.000156022,7.23142e-24
0,2.09008e+09,4.00915e+06,3.14477e+08,1.88788e+09,-6.6695e+08,-6.15612e+08,-9.10933e+08,0.000995896,0.000149844,5.41753e-25
0,1.96085e+09,2.03142e+06,3.2701e+08,-5.8757e+09,8.23462e+08,-5.73771e+08,-8.05817e+08,0.000946777,0.000157893,-2.28247e-23
0,2.06395e+09,5.66348e+06,3.13733e+08,-2.45465e+09,1.67042e+08,-1.87017e+08,-8.26033e+08,0.000957373,0.000145526,-9.76627e-25
0,1.82154e+09,3.93468e+07,3.01489e+08,5.23714e+09,-4.74077e+08,-3.17234e+08,-1.28052e+09,0.0010633,0.000175991,5.04726e-23
0,1.99403e+09,1.91201e+07,3.09674e+08,6.39719e+09,-3.17388e+08,4.29557e+08,-1.31439e+09,0.00102711,0.000159511,4.49183e-23
0,2.01152e+09,2.09498e+07,3.17085e+08,3.63823e+09,-1.39795e+09,8.88847e+07,-1.07986e+09,0.00106716,0.000168221,1.46842e-23
0,2.07452e+09,-871883,3.30501e+08,4.768e+09,1.29171e+08,2.87096e+08,-6.98621e+08,0.000936448,0.00014919,5.71252e-24
0,2.09144e+09,-4.43659e+06,3.19707e+08,-4.08416e+09,-5.37147e+08,-5.88818e+07,-1.01296e+09,0.000995921,0.000152241,-6.67606e-24
0,1.87031e+09,-2.71568e+07,3.04177e+08,6.8281e+09,-1.05934e+09,-2.30294e+08,-4.1928e+08,0.00106302,0.000172885,4.47598e-23
0,1.91535e+09,3.37867e+07,3.22729e+08,3.68102e+08,9.10763e+08,-2.27869e+08,-9.40736e+08,0.000998797,0.000168293,4.07684e-28
0,1.6954e+09,-2.22644e+07,2.70219e+08,-3.60129e+09,2.48951e+09,9.80125e+07,-1.52459e+09,0.00101023,0.000161015,-1.23025e-23
0,1.77063e+09,-670809,3.02078e+08,-3.86689e+09,1.1596e+09,-2.57706e+08,-1.13285e+09,0.000985999,0.000168217,-1.70997e-23
0,2.20244e+09,-1.98867e+07,3.11058e+08,-2.33057e+09,-1.21724e+09,1.66087e+08,-6.53579e+08,0.000974449,0.000137625,-1.58682e-24
0,2.02484e+09,-7.00322e+07,3.10899e+08,-9.49729e+09,6.8297e+08,-1.43557e+08,-9.1259e+08,0.000990468,0.000152079,-9.04477e-23
0,2.19142e+09,-1.87443e+07,3.31539e+08,-3.13082e+09,-8.08256e+08,-1.69513e+08,-7.34318e+08,0.000995207,0.000150564,-1.96282e-24
0,2.1323e+09,2.64719e+07,3.0265e+08,5.36437e+09,-2.10893e+09,8.00414e+07,-9.64937e+08,0.00104358,0.000148122,3.40894e-23
0,1.73211e+09,1.2072e+07,2.85067e+08,6.61121e+09,-1.26072e+09,-4.48641e+08,-1.28442e+09,0.00107501,0.000176922,1.74103e-22
0,1.97937e+09,5.76197e+06,3.19896e+08,8.19781e+08,-1.61386e+09,4.03601e+08,-9.85436e+08,0.00107898,0.000174379,4.37331e-24
0,2.23897e+09,-4.37981e+07,3.07501e+08,-4.27332e+09,-5.24656e+08,5.57537e+08,-2.76848e+08,0.00091613,0.000125822,-1.57225e-24
0,2.04552e+09,1.64902e+07,2.81903e+08,-1.79372e+09,1.0064e+09,-2.54274e+07,-6.81473e+08,0.000949927,0.000130914,-3.16751e-25
0,1.94451e+09,-4.27618e+07,2.88601e+08,-3.91257e+09,-1.44782e+09,6.65049e+08,-1.39767e+09,0.00110424,0.00016389,-3.11374e-23
0,1.82265e+09,-3.73018e+07,3.00731e+08,-4.1487e+08,1.5321e+09,3.64438e+08,-1.2747e+09,0.00098979,0.000163312,1.66899e-27
0,1.98769e+09,350073,3.07863e+08,1.76663e+08,-1.35378e+08,-4.26466e+08,-1.22955e+09,0.00101226,0.000156783,-7.51464e-26
0,2.00782e+09,-1.60682e+06,3.24828e+08,-1.54386e+09,-2.12627e+08,-1.95684e+08,-1.01183e+09,0.000987377,0.00015974,-2.27828e-25
0,2.02764e+09,4.28206e+07,3.1846e+08,-5.94981e+09,-1.31605e+09,2.63219e+07,-4.92467e+08,0.00103157,0.000162017,-2.02676e-23
0,1.91382e+09,1.23165e+07,3.27742e+08,1.69605e+09,9.87625e+06,2.12842e+08,-1.03546e+09,0.00101733,0.000174217,4.96936e-25
0,1.94015e+09,3.09786e+07,3.09933e+08,-7.91207e+09,-9.9595e+08,6.04343e+07,-6.15881e+08,0.00105887,0.000169152,-6.66177e-23
0,2.16179e+09,-1.12222e+07,3.22802e+08,-5.39334e+09,-1.30402e+09,-6.85453e+08,-6.21245e+08,0.000988238,0.000147566,-3.42658e-24
0,2.0488e+09,1.48094e+06,3.24337e+08,-2.43887e+09,-8.01083e+06,-7.5623e+08,-7.91956e+08,0.000972162,0.000153899,-5.87391e-25
0,1.95467e+09,-7.62417e+06,3.14042e+08,-1.3867e+09,-1.08596e+09,3.15322e+08,-1.235e+09,0.00108637,0.000174539,-1.1675e-24
0,2.25809e+09,1.6967e+07,3.15221e+08,4.71381e+09,-1.1919e+09,-9.89001e+07,-1.40558e+08,0.000953072,0.000133045,2.16349e-24
0,2.04218e+09,-3.33309e+07,2.99748e+08,-1.94277e+09,2.57471e+08,4.87376e+07,-3.26572e+08,0.00110337,0.000161951,-4.13906e-25
0,1.97652e+09,-1.16886e+07,2.99075e+08,-4.63827e+09,1.05489e+09,2.84011e+08,-8.62861e+08,0.000943533,0.00014277,-6.70889e-24
0,2.05667e+09,-6.75058e+06,3.39078e+08,-2.22156e+09,-7.41185e+07,-4.14439e+08,-4.25663e+08,0.00098257,0.000161994,-3.33292e-25
0,2.0644e+09,4.47736e+07,3.10236e+08,9.04369e+09,-1.06531e+09,1.88165e+08,-8.8541e+08,0.000997464,0.000149898,6.82517e-23
0,1.83812e+09,-9.72928e+06,2.80176e+08,7.49673e+09,-1.69991e+09,6.38638e+07,-1.26209e+09,0.00115184,0.00017557,2.53729e-22
0,1.91103e+09,5.0417e+06,3.23223e+08,2.29698e+09,-3.9008e+07,2.8645e+07,-1.20882e+09,0.00102253,0.000172946,1.85703e-24
0,1.78654e+09,-2.19311e+07,3.02198e+08,4.18457e+09,-5.39801e+08,6.69085e+08,-1.35107e+09,0.00105631,0.000178678,1.87541e-23
0,2.04204e+09,2.39707e+07,3.22384e+08,-2.26062e+09,1.04428e+08,-6.97529e+08,-6.96805e+08,0.000968062,0.000152831,-6.12469e-25
0,2.22257e+09,625055,3.34281e+08,-1.51974e+08,-7.21382e+08,8.70163e+07,-6.04726e+08,0.000975195,0.000146672,6.86719e-27
0,1.75105e+09,-3.3347e+07,2.95548e+08,-4.76014e+09,-2.30446e+08,-4.83405e+08,7.25625e+08,0.000979207,0.000165273,1.82438e-23
0,1.7477e+09,4.63203e+07,2.72294e+08,6.06677e+09,1.17843e+09,-7.12774e+08,-1.42057e+09,0.001047,0.000163124,7.1502e-23
0,2.07955e+09,-1.15282e+07,3.05201e+08,-3.9006e+09,-1.59813e+09,2.29024e+08,-1.09238e+09,0.00106755,0.000156677,-1.86023e-23
0,1.62412e+09,-4.22016e+07,2.75005e+08,-9.98732e+08,5.13434e+08,8.72497e+08,-1.24765e+09,0.00104348,0.000176687,2.0449e-25
0,1.94354e+09,-3.52724e+07,3.18087e+08,-3.97941e+09,-4.88468e+08,-1.10652e+08,-1.09626e+09,0.00107578,0.000176066,-1.35964e-23
0,1.90406e+09,-1.27849e+07,3.2727e+08,-4.78541e+09,1.23149e+09,-1.54239e+08,-9.51805e+08,0.000923651,0.000158758,-1.25236e-23
0,2.04275e+09,2.10895e+07,2.90305e+08,-4.74444e+09,-1.48774e+09,2.59166e+08,4.76858e+08,0.000983821,0.000139816,1.20865e-24
0,1.84996e+09,3.9208e+07,2.69095e+08,4.98792e+09,2.22644e+09,-3.84894e+07,1.04118e+09,0.00120677,0.000175537,-1.48563e-22
0,2.00447e+09,-1.01778e+07,3.06029e+08,-1.78375e+09,-8.54905e+08,-2.41845e+08,-8.01664e+08,0.00100341,0.000153195,-9.90658e-25
0,2.06902e+09,1.78578e+06,3.22755e+08,3.53897e+09,-4.5009e+08,-4.32234e+08,-6.11977e+08,0.0009646,0.000150472,2.8311e-24
0,2.0103e+09,-1.35068e+07,3.16139e+08,2.29705e+08,-7.08292e+08,-1.41106e+08,-1.12259e+09,0.00101622,0.000159811,-1.01913e-25
0,1.89899e+09,1.84841e+07,2.44412e+08,-5.9595e+09,-1.31089e+09,1.44788e+08,4.62561e+08,0.00107463,0.000138311,1.52421e-23
0,1.82581e+09,4.70482e+06,3.27143e+08,-4.54157e+09,-7.3494e+08,-3.62233e+08,-6.04443e+08,0.000962195,0.000172404,-7.27776e-24
0,1.99089e+09,-130732,3.29812e+08,2.09772e+09,-5.48066e+08,1.80998e+08,-9.81181e+08,0.00104419,0.000172982,1.35861e-24
0,2.09132e+09,-2.5656e+07,3.302e+08,-4.33198e+09,-2.40013e+08,-4.39047e+08,-7.85726e+08,0.000953439,0.000150539,-4.21614e-24
0,1.99419e+09,-1.23386e+07,3.30121e+08,8.53612e+08,3.8691e+08,8.87059e+07,-8.08749e+08,0.000941299,0.000155824,2.98353e-26
0,2.08837e+09,-9.25676e+06,3.35475e+08,-4.93559e+09,-6.5642e+08,-4.96881e+08,-5.56309e+08,0.000951607,0.000152866,-3.36081e-24
0,1.91661e+09,4.64914e+07,3.07516e+08,-2.7176e+08,1.20813e+09,-9.3892e+08,-9.25852e+08,0.000949096,0.00015228,-2.93585e-25
0,2.00024e+09,2.35586e+07,3.03825e+08,5.21285e+09,-4.99646e+08,-2.09598e+08,-1.20039e+09,0.00101536,0.000154227,2.33453e-23
0,1.92836e+09,1.43423e+07,2.95725e+08,8.02537e+09,1.04573e+09,-2.06353e+07,-1.0269e+09,0.00096331,0.000147729,6.55319e-23
0,1.72594e+09,4.56353e+07,2.92373e+08,5.59341e+09,1.80563e+09,-3.06807e+08,-1.44074e+09,0.00109507,0.000185505,8.22335e-23
0,2.05386e+09,-2.89825e+06,3.29504e+08,-2.41034e+09,1.99355e+08,-5.60276e+07,-7.99848e+08,0.000953511,0.000152973,-8.91307e-25
0,2.14646e+09,8.63694e+06,2.92066e+08,8.72891e+09,-1.2254e+08,4.50412e+07,4.7137e+08,0.00102832,0.000139922,-3.16959e-23
0,2.04366e+09,-222973,3.21113e+08,3.5028e+09,-1.6703e+08,2.54722e+07,-6.77582e+08,0.00095187,0.000149564,2.46454e-24
0,1.95613e+09,3.17188e+06,3.14238e+08,1.85315e+08,-4.60501e+08,1.89567e+08,-1.12946e+09,0.00100496,0.000161441,7.11256e-26
0,1.748e+09,-4.43605e+07,2.77161e+08,-3.35938e+09,4.09681e+08,-3.32273e+07,-1.19363e+09,0.000995037,0.000157772,-9.92872e-24
0,1.84746e+09,5.26692e+07,2.62302e+08,7.18981e+09,3.38419e+08,-6.04907e+08,-1.34531e+09,0.00106742,0.000151553,1.15703e-22
0,1.98206e+09,1.95822e+07,3.27502e+08,3.71101e+09,1.33982e+08,4.36763e+08,-6.61302e+08,0.000975068,0.000161113,3.95252e-24
0,1.75229e+09,-6.0682e+07,2.86607e+08,4.86621e+09,1.4171e+09,4.17581e+08,-1.18312e+09,0.00110552,0.00018082,7.25839e-23
0,1.97299e+09,-827046,3.32847e+08,6.65278e+08,-3.38596e+08,7.19986e+06,-8.583e+08,0.00104352,0.000176045,1.44367e-26
0,2.11253e+09,1.29956e+06,3.03126e+08,-7.95929e+08,-1.44822e+09,3.57738e+08,-1.10551e+09,0.00106186,0.000152366,2.83281e-26
0,2.00163e+09,-2.7217e+07,3.27381e+08,-1.51262e+09,-3.08502e+08,-4.11691e+08,-6.48519e+08,0.000941283,0.000153953,-5.0556e-26
0,2.2179e+09,-4.66699e+06,3.21982e+08,-3.1348e+09,-1.91433e+09,1.07107e+08,-6.06426e+08,0.000999211,0.00014506,-6.27559e-24
0,1.9417e+09,-1.89272e+07,3.16726e+08,9.04577e+07,5.47964e+08,2.03178e+08,-1.12465e+09,0.000965242,0.000157448,-2.18228e-26
0,1.80311e+09,6.06611e+07,3.1626e+08,5.45604e+09,5.12515e+08,1.12589e+08,-2.06783e+08,0.000972601,0.000170591,6.98928e-24
0,2.02976e+09,3.01455e+07,3.26426e+08,3.61421e+09,-5.22097e+08,3.33134e+08,-7.41572e+08,0.000994149,0.000159879,3.21461e-24
0,1.93171e+09,-8.01524e+06,2.91549e+08,-4.49908e+09,1.02354e+09,-9.38955e+07,-1.27702e+09,0.00098901,0.000149269,-1.70616e-23
0,2.05288e+09,4.94769e+07,3.11683e+08,4.02467e+09,2.90372e+08,1.85079e+07,-8.22752e+08,0.000971744,0.000147537,4.97088e-24
0,2.00404e+09,-1.2398e+07,3.17553e+08,-1.99931e+09,-3.18045e+08,1.26469e+08,-1.08911e+09,0.00100692,0.000159553,-8.95918e-25
0,2.0139e+09,-105741,3.33481e+08,-3.69304e+09,4.0345e+08,4.73405e+07,-7.26317e+08,0.000930623,0.000154102,-2.96841e-24
0,2.04722e+09,-3.49172e+06,3.06866e+08,-1.41196e+09,-7.51031e+08,-1.94833e+08,-1.33485e+09,0.00105307,0.000157848,-7.67348e-25
0,1.94003e+09,2.74463e+07,3.27666e+08,3.49402e+09,-4.58933e+08,4.00652e+08,-7.59506e+08,0.000991523,0.000167466,3.38881e-24
0,2.08005e+09,1.83732e+07,2.74063e+08,3.19663e+09,-2.75086e+09,-1.97806e+08,-1.14732e+09,0.0011286,0.000148702,4.48533e-23
0,2.01271e+09,2.56284e+06,3.35754e+08,-3.01619e+09,4.83138e+08,-1.18195e+08,-6.31686e+08,0.000923866,0.000154117,-1.53434e-24
0,1.88295e+09,1.06864e+06,2.61999e+08,-1.8958e+09,-1.29824e+09,-1.24837e+08,5.48511e+08,0.00100866,0.000140347,3.61187e-25
0,2.06364e+09,1.50488e+06,3.30039e+08,3.79057e+09,1.33743e+08,4.20835e+08,-8.12642e+08,0.000959732,0.000153491,3.78838e-24
0,2.19953e+09,2.03697e+07,3.10953e+08,2.98067e+09,-1.98016e+09,-2.32501e+06,-9.00097e+08,0.00103833,0.000146792,9.3323e-24
0,2.20868e+09,-7.47215e+06,2.78919e+08,-5.38526e+08,-1.57009e+09,1.3495e+08,-3.40716e+08,0.000988818,0.000124871,-2.39707e-25
0,1.74429e+09,-4.11405e+07,2.92231e+08,6.07725e+09,9.58293e+08,2.17757e+08,-9.52703e+08,0.00103586,0.000173544,7.02562e-23
0,1.92147e+09,611660,3.06478e+08,6.65212e+09,8.05503e+08,4.4763e+08,-9.98226e+08,0.000967131,0.00015426,4.43874e-23
0,1.91713e+09,4.29188e+07,2.93512e+08,6.92207e+08,-3.16377e+08,-7.30059e+07,-1.24009e+09,0.00106787,0.00016349,-1.63267e-25
0,1.91334e+09,-2.93484e+07,3.21241e+08,2.3868e+09,-6.06981e+08,-5.43994e+07,-4.11841e+08,0.000944505,0.000158578,9.39718e-25
0,2.25753e+09,1.55015e+07,3.16705e+08,-3.30801e+09,6.86486e+07,1.21951e+08,1.20008e+08,0.000899478,0.000126187,1.84079e-25
0,1.89776e+09,-6.33009e+07,2.33593e+08,-2.20718e+09,-7.43278e+08,-6.60431e+08,5.27424e+08,0.00126132,0.000155255,8.13356e-24
0,2.24508e+09,2.02706e+07,2.9818e+08,-8.27778e+08,-7.43739e+08,2.0533e+08,-2.00452e+08,0.000961475,0.000127699,-4.69645e-26
0,2.06297e+09,8.59599e+06,3.31768e+08,5.55106e+09,-1.29491e+08,1.20445e+08,-7.77212e+08,0.000968167,0.000155701,1.174e-23
0,2.0252e+09,6.21222e+06,3.28221e+08,3.87276e+09,-5.8576e+08,3.63317e+08,-8.32454e+08,0.00101573,0.000164618,5.0099e-24
0,1.83817e+09,6.67112e+07,3.03595e+08,9.95725e+08,-1.18224e+09,1.19387e+08,-4.61153e+08,0.00101974,0.000168423,1.29673e-24
0,2.03486e+09,-2.03412e+07,3.22846e+08,-2.85171e+09,-7.40859e+07,1.51385e+08,-9.60632e+08,0.0010074,0.000159832,-2.35839e-24
0,2.07422e+09,-2.84127e+06,3.09053e+08,6.28204e+08,-7.77424e+08,3.49194e+08,-1.13096e+09,0.00103028,0.000153509,3.72731e-25
0,1.97145e+09,3.36391e+07,2.96187e+08,7.45461e+09,-1.28797e+09,2.06907e+08,-1.10933e+09,0.00103571,0.000155604,7.66724e-23
0,1.82838e+09,2.46861e+06,2.83935e+08,1.31384e+10,-4.86422e+08,1.0011e+08,6.32034e+08,0.00110712,0.000171928,-4.74832e-22
0,1.76464e+09,1.26815e+07,2.88545e+08,-6.21022e+08,1.4177e+09,-2.84216e+08,-1.43685e+09,0.00100727,0.000164703,-2.54757e-25
0,2.10858e+09,-6.61558e+06,3.31488e+08,1.91783e+09,-4.11524e+08,4.39951e+08,-7.41009e+08,0.00103601,0.00016287,2.50436e-25
0,1.74926e+09,6.07091e+07,2.94645e+08,2.10812e+09,-3.04073e+09,-1.16243e+07,-5.03326e+08,0.00100302,0.000168948,3.75749e-23
0,2.05505e+09,3.10263e+06,3.36894e+08,1.45572e+09,-1.57409e+08,3.65215e+08,-6.47853e+08,0.000987259,0.000161846,8.02084e-26
0,1.82247e+09,-4.74867e+06,2.45847e+08,-2.91224e+09,-6.82796e+07,-2.06461e+08,-1.28875e+09,0.00110066,0.000148476,-7.97519e-24
0,1.99515e+09,3.47147e+06,3.20965e+08,6.60408e+08,4.472e+08,1.47902e+08,-1.08475e+09,0.000978379,0.000157394,-2.53931e-26
0,2.04551e+09,-4.59951e+07,3.22301e+08,-9.0461e+09,1.02386e+08,-6.07308e+08,-9.88961e+08,0.000988147,0.000155697,-7.68727e-23
0,2.13212e+09,-4.07123e+07,3.10768e+08,-8.77258e+09,-1.26804e+09,-1.07156e+08,-9.14249e+08,0.00101103,0.000147362,-6.27671e-23
0,1.71782e+09,1.15772e+07,2.96877e+08,4.5977e+09,-3.92209e+09,-2.12848e+08,-3.60974e+08,0.00100742,0.000174104,1.85417e-22
0,2.06039e+09,3.63346e+07,3.24416e+08,3.89449e+09,-1.90625e+07,2.41996e+08,-9.66753e+08,0.000988008,0.000155566,5.34243e-24
0,2.09778e+09,-1.166e+07,3.11034e+08,2.66219e+09,-3.52514e+08,-2.09528e+08,-5.18641e+08,0.00110097,0.000163239,1.77662e-24
0,2.10616e+09,3.81168e+07,3.01741e+08,3.6885e+09,-1.11103e+09,-1.47566e+08,-1.00134e+09,0.00104412,0.000149587,8.87252e-24
0,2.00564e+09,1.37542e+06,3.3303e+08,1.10926e+09,1.14634e+08,2.09881e+08,-8.40604e+08,0.000985984,0.00016372,5.40569e-26
0,1.92865e+09,-3.21657e+07,3.14822e+08,-2.2398e+09,6.46088e+08,2.98041e+08,-1.14014e+09,0.00100222,0.000163597,-1.33746e-24
0,1.89056e+09,-6.66135e+06,3.03439e+08,3.547e+09,2.62882e+08,3.91212e+08,-1.22826e+09,0.000999199,0.000160374,8.47285e-24
0,2.00808e+09,-1.10423e+07,3.2059e+08,7.94728e+09,5.15909e+08,9.39204e+07,-3.93149e+08,0.000996116,0.00015903,2.48079e-23
0,2.19124e+09,-3.73835e+07,3.1786e+08,6.37866e+09,-1.7984e+09,-2.77702e+08,4.43791e+07,0.000915027,0.000132733,5.64585e-24
0,2.04793e+09,-1.45797e+07,3.17388e+08,-3.29549e+09,-4.95598e+08,-4.71181e+07,-1.21573e+09,0.00102786,0.000159298,-5.18998e-24
0,1.80712e+09,-4.32036e+07,2.9985e+08,2.75185e+08,5.31936e+07,-1.13765e+08,-1.18386e+09,0.00105078,0.000174352,-1.10515e-25
0,1.9942e+09,-9.53335e+06,3.1964e+08,-9.74591e+08,8.88672e+08,1.21223e+08,-1.02862e+09,0.000977556,0.000156687,-7.12242e-26
0,1.95269e+09,-3.41842e+07,3.20216e+08,2.64733e+08,1.77848e+09,4.04909e+08,-7.63852e+08,0.000896698,0.000147047,-2.13969e-25
0,1.8379e+09,-1.57146e+07,3.06858e+08,-5.46967e+08,1.70269e+09,3.29264e+08,-1.30359e+09,0.000977587,0.000163219,2.51358e-26
0,1.91371e+09,-1.45344e+07,3.12422e+08,3.17002e+09,-7.96812e+08,7.61629e+08,-8.41347e+08,0.00108445,0.00017704,1.06562e-24
0,1.98559e+09,1.49037e+07,3.00682e+08,3.56388e+09,-6.4428e+08,-8.59216e+08,-8.87111e+08,0.00103275,0.000156392,6.98698e-24
0,2.1002e+09,-1.15873e+06,3.34184e+08,2.33077e+09,1.23204e+08,-1.23984e+08,-6.05208e+08,0.000927004,0.000147505,4.64183e-25
0,2.32459e+09,1.06148e+07,3.32007e+08,2.45063e+09,-8.98455e+08,-6.35532e+07,-2.6513e+08,0.000920374,0.000131451,3.78318e-25
0,1.98903e+09,4.14098e+07,2.90234e+08,4.71013e+08,-2.22214e+08,-3.48775e+08,-1.20455e+09,0.00104786,0.000152901,-1.91153e-25
0,1.78463e+09,-3.17318e+07,2.9896e+08,8.42732e+09,-2.62055e+09,3.12135e+08,-6.06592e+08,0.00105409,0.00017658,1.74365e-22
0,1.78808e+09,5.7568e+07,2.91089e+08,-1.97158e+09,-8.61822e+08,-5.147e+08,-1.33152e+09,0.00117254,0.000190883,-4.68045e-24
0,2.01798e+09,1.27687e+07,3.29662e+08,8.82444e+08,2.18794e+08,1.0026e+08,-8.61139e+08,0.000982297,0.000160471,1.42793e-26
0,2.03146e+09,2.53525e+07,3.30958e+08,4.94196e+09,4.38454e+08,3.16167e+08,-8.11484e+08,0.000939367,0.000153038,9.04583e-24
0,1.63484e+09,-7.62843e+06,2.2533e+08,-2.69725e+09,1.05186e+09,-1.83974e+08,-1.26641e+09,0.00113568,0.000156531,-1.86765e-23
0,1.81479e+09,1.83258e+07,3.08582e+08,1.17068e+09,1.56804e+09,1.42464e+08,-1.15489e+09,0.000978136,0.000166319,3.54356e-25
0,2.08606e+09,-3.22048e+06,3.07326e+08,9.10918e+08,-1.39182e+09,-5.49942e+08,-8.06368e+08,0.00102672,0.000151261,-2.17425e-25
0,1.83873e+09,1.59262e+07,3.07888e+08,-7.24321e+09,-3.42755e+08,3.56684e+08,-4.01326e+08,0.0010982,0.000183889,-5.16086e-23
0,2.01303e+09,8.68237e+06,3.30598e+08,1.17723e+09,2.12399e+07,2.36858e+08,-9.33285e+08,0.000991546,0.000162841,4.34939e-26
0,2.08593e+09,-5.64968e+07,3.21793e+08,-1.17239e+10,4.35191e+08,-2.63835e+08,-6.35426e+08,0.000940699,0.00014512,-7.9923e-23
0,2.01667e+09,2.01581e+07,2.818e+08,3.01181e+09,-9.34724e+08,1.51497e+08,-1.26376e+09,0.0010804,0.000150971,7.21552e-24
0,2.10168e+09,-1.03241e+07,3.12038e+08,1.09346e+09,-1.7196e+09,-4.05415e+08,-8.57866e+08,0.00107534,0.000159656,9.28632e-25
0,2.07038e+09,4.2871e+06,3.32719e+08,-9.75239e+08,-4.146e+08,-3.55978e+07,-7.94269e+08,0.00102675,0.000165004,-9.63443e-26
0,1.91705e+09,1.22741e+07,2.87331e+08,-8.11984e+08,-3.95383e+08,-3.60074e+08,-1.21799e+09,0.00105677,0.000158391,4.56693e-26
0,2.10327e+09,-2.77122e+07,3.11132e+08,-3.59306e+09,-1.84908e+09,6.34235e+07,-9.28378e+08,0.0010651,0.000157557,-1.61802e-23
0,1.92701e+09,-7.47755e+06,3.17185e+08,5.40557e+09,-5.57259e+08,6.67243e+08,-9.91173e+08,0.00103336,0.000170092,1.98576e-23
0,2.09756e+09,1.66394e+07,3.35892e+08,6.02312e+09,-2.27907e+08,3.59533e+08,-6.45319e+08,0.000975511,0.000156213,1.12038e-23
0,1.5438e+09,8.81886e+06,2.25076e+08,5.91983e+08,1.58971e+09,-1.12796e+08,-1.3659e+09,0.00110243,0.000160728,1.86215e-26
0,1.95444e+09,3.65658e+07,2.91517e+08,1.52868e+09,-1.12701e+09,-7.91448e+08,-4.58362e+08,0.000992239,0.000147998,3.24202e-25
0,2.06504e+09,-2.59951e+07,3.23511e+08,-4.78096e+09,5.22634e+07,-4.556e+08,-9.78816e+08,0.000989396,0.000155,-1.02318e-23
0,2.26676e+09,-818165,3.37065e+08,-1.5446e+08,-7.4073e+08,-8.48061e+07,-4.18063e+08,0.000945921,0.000140658,-2.34092e-26
0,1.89399e+09,4.31319e+07,3.12957e+08,4.12038e+09,8.10476e+08,-5.88282e+08,-9.88361e+08,0.000980214,0.000161967,7.00609e-24
0,1.94457e+09,7.24363e+06,3.13531e+08,3.80358e+09,-4.88868e+08,-2.0117e+08,-9.66822e+08,0.00104003,0.000167688,9.81394e-24
0,2.1036e+09,3.36948e+07,3.23106e+08,2.64773e+09,-2.42493e+08,-2.8729e+08,-8.89814e+08,0.00101475,0.000155862,1.61918e-24
0,1.64589e+09,1.29904e+07,3.03426e+08,-1.9434e+09,-1.14658e+08,2.18882e+08,-1.05349e+09,0.00100694,0.000185634,-1.84987e-24
0,2.03203e+09,-1.68867e+07,3.29403e+08,-3.33468e+09,-2.7705e+08,-4.93196e+08,-9.14549e+08,0.001008,0.000163403,-2.92408e-24
0,2.04989e+09,-2.49951e+06,3.22602e+08,3.85812e+09,-1.30748e+09,7.18474e+08,-8.80946e+08,0.00106787,0.000168056,4.78551e-24
0,1.64683e+09,2.29772e+07,2.2802e+08,2.91361e+09,8.0024e+08,-2.8726e+08,-1.29442e+09,0.00111706,0.000154668,1.40696e-23
0,2.04677e+09,2.53799e+07,2.90979e+08,1.14749e+09,-1.49602e+09,-8.13807e+08,-4.93656e+08,0.00101502,0.0001443,-3.06008e-25
0,1.90879e+09,-3.29587e+07,2.9937e+08,3.43919e+09,7.91396e+08,5.26658e+07,-7.11704e+08,0.00115807,0.000181629,9.9972e-24
0,2.07956e+09,-5.41169e+07,3.11887e+08,-7.25909e+09,-7.25567e+08,2.52454e+07,-9.24294e+08,0.00102245,0.000153344,-4.21407e-23
0,1.91239e+09,2.9336e+07,3.1975e+08,3.42703e+09,8.34045e+08,-1.03642e+08,-1.11685e+09,0.00100011,0.000167218,6.45018e-24
0,2.239e+09,-2.96449e+07,3.20728e+08,-5.75745e+09,-1.21288e+09,-3.14666e+07,-6.33976e+08,0.000982102,0.000140682,-9.91923e-24
0,1.60196e+09,6.14016e+07,2.66331e+08,8.45519e+07,-1.71915e+08,-8.61951e+08,-1.72509e+09,0.00111491,0.000185358,8.75517e-26
0,2.19857e+09,1.44739e+07,3.36331e+08,5.60177e+09,-6.03992e+08,2.68693e+08,-5.13223e+08,0.000976199,0.000149336,5.40239e-24
0,1.77474e+09,-1.14854e+07,2.40241e+08,3.28478e+09,-8.73389e+08,9.62927e+07,-1.29519e+09,0.00116797,0.000158105,2.52144e-23
0,2.10556e+09,-4.65894e+07,3.1248e+08,-8.90949e+09,-9.68117e+08,-4.04022e+08,-7.76604e+08,0.00102569,0.000152219,-5.25547e-23
0,2.09834e+09,-6.26316e+07,3.13293e+08,-9.91501e+09,-1.99231e+08,9.81555e+07,-7.81695e+08,0.00101041,0.000150859,-7.90802e-23
0,2.00324e+09,-5.64441e+07,2.85308e+08,-6.34481e+09,-4.72883e+08,2.59069e+08,-1.26628e+09,0.00106497,0.000151676,-5.57481e-23
0,2.31355e+09,1.76205e+07,3.27452e+08,3.25515e+09,-1.13483e+09,-2.61373e+07,-3.32555e+08,0.000937168,0.000132644,1.12477e-24
0,2.21741e+09,-1.30358e+06,3.3853e+08,-1.1752e+09,-7.33619e+08,-1.11509e+08,-5.03153e+08,0.00101016,0.000154221,-1.95843e-25
0,1.80344e+09,-8.89803e+06,3.16942e+08,2.525e+09,4.79109e+07,8.5131e+07,-1.07164e+09,0.00100885,0.000177299,3.10565e-24
0,2.05016e+09,1.01872e+07,2.91323e+08,-1.92521e+09,-1.67714e+09,-4.66248e+08,-5.01149e+08,0.00099255,0.000141039,-2.8323e-24
0,2.06517e+09,-2.24912e+07,3.3399e+08,-4.70503e+09,-1.0383e+08,-6.72275e+08,-6.91702e+08,0.000980221,0.000158527,-5.76711e-24
0,2.15611e+09,-6.94421e+07,2.92169e+08,-6.0306e+09,-1.22301e+08,8.85015e+08,-4.48611e+08,0.000940163,0.000127399,-6.35257e-24
0,1.96569e+09,-1.17506e+07,3.17823e+08,-2.89005e+08,-6.45545e+08,6.79006e+08,-1.13354e+09,0.00107876,0.00017442,7.03684e-25
0,2.25385e+09,-2.18325e+07,3.31503e+08,-5.91285e+09,-6.64435e+08,-1.52852e+08,-4.93338e+08,0.000931139,0.000136955,-4.69833e-24
0,2.2211e+09,6.02746e+06,3.34162e+08,2.68354e+09,-9.34804e+08,2.43014e+07,-5.8657e+08,0.00098627,0.000148383,1.3093e-24
0,1.86102e+09,5.8171e+06,3.17274e+08,-1.67646e+09,-4.80384e+08,-7.87152e+08,-7.34891e+08,0.000969409,0.000165268,6.43502e-25
0,1.75725e+09,-3.8389e+06,2.66855e+08,1.92533e+09,-3.32635e+08,-3.22883e+08,-1.81033e+09,0.00114747,0.000174254,5.58272e-25
0,2.03864e+09,-2.1681e+06,3.12659e+08,5.50972e+09,-1.51902e+09,-4.51914e+08,-6.21957e+08,0.0010536,0.000161586,3.04258e-23
0,1.77587e+09,7.35731e+06,3.10548e+08,2.45373e+09,-4.12088e+08,-4.20223e+08,-8.51983e+08,0.000990317,0.000173178,2.76432e-24
0,1.54477e+09,-1.48591e+07,2.24925e+08,4.69312e+09,-1.11748e+09,3.44414e+07,-1.06453e+09,0.00109255,0.00015908,9.49535e-23
0,1.80499e+09,-8.17688e+06,3.1556e+08,-3.17287e+09,-5.37331e+08,-3.38875e+08,-6.13771e+08,0.000944713,0.000165161,-2.32688e-24
0,2.11576e+09,-1.93714e+07,3.36812e+08,-8.40615e+09,-1.00657e+08,-8.26261e+08,-4.68789e+08,0.00093253,0.000148452,-1.6497e-23
0,1.62678e+09,-2.55332e+07,2.86947e+08,-2.20659e+08,-7.18299e+08,-2.37172e+08,-9.14327e+08,0.000972392,0.00017152,-4.62016e-25
0,1.57842e+09,-5.18585e+07,2.86115e+08,-7.33695e+09,5.52121e+08,8.49022e+07,-6.28234e+08,0.000907799,0.000164554,-6.05501e-23
0,1.91171e+09,-1.85792e+07,3.18413e+08,-1.16144e+10,7.10068e+08,-4.34391e+08,-1.45963e+08,0.000892434,0.000148643,-3.15657e-23
0,2.03793e+09,-8.64711e+06,3.12933e+08,-1.32175e+10,-4.86806e+07,-9.5123e+07,-3.31252e+08,0.000946903,0.000145401,-6.59964e-23
0,2.15698e+09,-1.94984e+07,3.34891e+08,-6.33616e+09,-5.6543e+08,-5.75171e+08,-5.9894e+08,0.00096672,0.000150092,-7.7867e-24
0,1.5042e+09,5.47163e+07,2.65561e+08,-6.88376e+09,3.34438e+08,2.3203e+08,5.07587e+08,0.000947044,0.000167198,6.9624e-23
0,1.81488e+09,-7.79906e+07,2.8003e+08,-7.82601e+09,1.87557e+06,3.71952e+08,-1.05421e+09,0.000981325,0.000151415,-9.10888e-23
0,2.11425e+09,-4.01808e+07,3.06605e+08,-6.21476e+09,-1.30798e+09,-2.74625e+08,-8.18049e+08,0.000996899,0.000144569,-1.91272e-23
0,2.03917e+09,7.15247e+06,3.2203e+08,2.41324e+09,-8.8275e+08,2.02999e+08,-1.19635e+09,0.00105505,0.000166616,3.1171e-24
0,1.86116e+09,-818970,3.17574e+08,1.21551e+08,-6.40252e+08,-1.50874e+08,-5.23206e+08,0.000934023,0.000159375,-3.40269e-26
0,1.93279e+09,-5.19502e+07,3.14039e+08,-2.98384e+09,5.54449e+08,2.36858e+08,-1.24826e+09,0.00105727,0.000171785,-5.17185e-24
0,1.65174e+09,6.49267e+06,3.15488e+08,-5.29807e+09,-1.51311e+08,-8.56969e+08,-6.93786e+07,0.000846959,0.000161772,7.42675e-25
0,1.60111e+09,-5.86006e+07,2.82035e+08,3.00202e+09,1.17029e+09,1.43744e+07,-5.89779e+08,0.000938387,0.000165296,3.71554e-24
0,1.71576e+09,-9.90891e+06,3.09057e+08,-5.5341e+09,-7.2293e+07,-1.80827e+08,4.11041e+07,0.000819353,0.000147589,8.16964e-25
0,1.59563e+09,-1.46901e+07,2.71357e+08,-1.58082e+08,-2.26624e+09,-2.29507e+08,-1.28152e+09,0.00111254,0.000189201,-1.70158e-23
0,1.60633e+09,-4.7883e+06,2.85422e+08,9.31846e+09,-9.40978e+08,-5.30725e+08,-5.77066e+08,0.000983724,0.000174793,2.07703e-22
0,1.67794e+09,-5.07463e+07,2.96191e+08,-1.92928e+09,8.58297e+08,3.14867e+08,-1.24047e+09,0.000996875,0.000175969,-1.61222e-24
0,1.27752e+09,7.627e+07,2.50414e+08,1.59354e+09,-1.23826e+09,1.71296e+08,4.70456e+08,0.000915377,0.000179428,-5.07186e-25
0,1.56687e+09,-1.93368e+07,2.70981e+08,9.33577e+09,-4.63848e+08,-2.4857e+08,-6.63044e+08,0.00103304,0.000178658,2.83842e-22
0,1.57689e+09,-1.99815e+07,2.88633e+08,8.26035e+09,-4.88729e+07,-4.49893e+08,-6.50129e+08,0.000963673,0.00017639,1.24467e-22
0,1.601e+09,-2.46451e+07,2.5314e+08,1.14538e+10,-1.08712e+09,3.4993e+08,-3.12732e+08,0.000934227,0.000147713,9.56865e-23
0,1.47907e+09,-929835,2.98806e+08,-2.41428e+09,-4.02089e+08,-3.08252e+08,1.33521e+08,0.000764458,0.000154438,6.41051e-25
0,1.49583e+09,-1.38568e+07,2.66572e+08,1.15008e+10,-9.71937e+08,-3.32656e+08,-8.99464e+08,0.0010278,0.000183165,9.33992e-22
0,1.56416e+09,-1.29295e+07,2.73281e+08,9.61802e+09,-1.1491e+09,-3.2708e+08,-4.81468e+08,0.00103799,0.000181352,2.9225e-22
0,1.51292e+09,1.47752e+07,2.18047e+08,-1.3055e+09,1.47117e+09,1.43425e+08,4.57125e+08,0.000939601,0.000135418,4.26776e-24
0,1.32446e+09,4.73264e+07,2.57592e+08,6.00947e+09,-6.87651e+08,-1.74096e+08,4.05215e+08,0.000996079,0.000193725,-7.18578e-23
0,1.46998e+09,-1.10358e+07,2.19727e+08,1.32342e+10,-1.86179e+09,4.9248e+07,-8.22796e+08,0.00113843,0.000170168,2.38161e-21
0,1.49221e+09,-1.24156e+07,2.82772e+08,-6.70313e+08,-7.99972e+08,7.79854e+07,-1.20318e+09,0.000972604,0.000184307,-3.43798e-25
0,1.37972e+09,-3.91802e+07,2.70455e+08,8.8539e+09,9.45052e+08,-3.51593e+08,-4.27792e+08,0.000915531,0.000179464,1.12318e-22
0,1.46092e+09,-2.72094e+07,2.89506e+08,-5.60356e+08,1.26351e+08,-1.53388e+06,-9.40922e+08,0.000952902,0.000188834,1.31499e-25
0,1.49086e+09,-3.56874e+07,2.54017e+08,3.26908e+09,-2.25392e+09,-1.72351e+08,-1.24543e+09,0.00113367,0.000193159,1.73567e-22
0,1.63305e+09,-5.49137e+07,2.69209e+08,1.98818e+09,-5.56437e+08,4.35876e+08,-5.18527e+08,0.000907991,0.000149683,2.83208e-25
0,1.36694e+09,-1.35876e+07,2.71943e+08,1.01174e+10,-7.21587e+07,-4.09648e+08,-4.87358e+08,0.000941685,0.000187341,3.16254e-22
0,1.55595e+09,-1.54489e+07,2.86346e+08,6.80537e+09,-5.33333e+08,-1.86109e+08,-4.69812e+08,0.000953632,0.000175499,5.69332e-23
0,1.49676e+09,-2.09399e+07,2.59232e+08,1.33302e+10,-6.1712e+08,-3.58323e+08,-5.18198e+08,0.00108879,0.000188573,1.09821e-21
0,1.35108e+09,-8.47406e+06,2.75636e+08,4.53444e+09,-3.46956e+08,-6.34571e+08,4.43574e+06,0.00093127,0.00018999,6.19114e-24
0,1.36357e+09,-1.85092e+07,2.55354e+08,9.92792e+09,-8.71192e+08,-4.48269e+08,-3.98449e+08,0.00104282,0.000195287,5.36283e-22
0,1.6495e+09,-2.50531e+07,2.59247e+08,1.97811e+10,-1.05197e+09,-4.38265e+08,-7.2587e+08,0.00120441,0.000189294,5.15501e-21
0,1.58852e+09,-6.5223e+06,2.58105e+08,1.94897e+10,-1.44741e+08,3.63207e+08,-2.56155e+08,0.000960142,0.000156005,5.91259e-22
0,1.41888e+09,-1.90022e+07,2.81363e+08,4.84331e+09,-3.32622e+08,-4.05175e+08,-8.06912e+08,0.000994454,0.000197199,6.52156e-23
0,1.33315e+09,-3.47795e+07,2.75283e+08,5.20528e+09,-2.28929e+08,-2.85057e+08,-9.84148e+08,0.00099134,0.000204702,1.25518e-22
0,1.56584e+09,7.69191e+06,2.67946e+08,1.66375e+09,-7.82731e+08,-3.26024e+08,-1.71524e+08,0.00107985,0.000184784,2.181e-24
0,1.64475e+09,-1.80853e+07,2.81429e+08,1.503e+10,-2.85316e+08,-4.80732e+08,-3.6667e+08,0.0010593,0.000181255,5.89295e-22
0,1.77457e+09,2.72955e+07,2.68625e+08,1.68653e+10,-6.33179e+08,-4.14501e+08,1.36589e+08,0.00119534,0.000180945,-2.4149e-22
0,1.51655e+09,-8.03174e+07,2.39064e+08,1.11519e+10,-1.33435e+09,1.06761e+08,-1.02587e+09,0.00123471,0.000194636,2.10719e-21
0,1.5369e+09,-3.55015e+07,2.74623e+08,1.27459e+10,-3.50778e+08,-4.74462e+08,-8.26078e+08,0.00109385,0.000195456,1.29732e-21
0,1.78346e+09,-3.99171e+07,2.53646e+08,1.80558e+10,-7.00408e+08,-2.24714e+06,-4.63497e+08,0.00127697,0.000181612,2.07213e-21
0,1.8015e+09,-3.0366e+07,2.80485e+08,1.53171e+10,-2.3504e+08,-7.04269e+08,-5.65047e+08,0.00121379,0.000188981,1.17903e-21
0,1.8477e+09,-4.09542e+07,2.75868e+08,1.49566e+10,-4.54338e+08,-4.31924e+08,-7.82371e+08,0.00123554,0.000184471,1.46397e-21
0,2.22867e+09,6.12171e+06,2.99815e+08,-1.48539e+10,-1.21957e+08,-2.34314e+07,3.56164e+07,0.00107688,0.000144869,1.24946e-23
