0,2.00607e+09,4.08655e+07,3.06494e+08,5.22253e+09,-1.09064e+09,2.14148e+08,-5.36544e+08,0.000933666,0.000142649,6.98143e-24
0,2.1325e+09,4.34542e+07,3.02343e+08,4.71938e+09,-5.56548e+08,-9.44873e+07,-6.6825e+08,0.000987737,0.00014004,6.51888e-24
0,1.73053e+09,3.86839e+07,2.69709e+08,4.46763e+09,2.39542e+09,-4.42196e+07,-1.19618e+09,0.000983933,0.000153349,1.48329e-23
0,2.21797e+09,-2.47695e+07,2.92364e+08,-3.4018e+09,-2.69514e+09,1.43103e+08,-8.37287e+08,0.00103806,0.000136834,-2.01126e-23
0,1.85865e+09,-8.75612e+07,2.99395e+08,-8.51343e+09,-2.33638e+08,6.60927e+08,-4.87038e+08,0.000998705,0.000160873,-5.79801e-23
0,2.18961e+09,3.12269e+07,3.26676e+08,8.15292e+09,-6.71345e+08,3.27718e+08,-5.00722e+08,0.000948861,0.000141564,1.4235e-23
0,2.14796e+09,8.55614e+06,3.1652e+08,9.43235e+09,3.0079e+08,1.65344e+08,-1.58571e+08,0.000950573,0.000140075,9.95001e-24
0,2.29699e+09,6.25307e+06,3.26669e+08,2.15165e+09,-1.14796e+09,-2.37022e+08,-2.23316e+08,0.000914337,0.000130034,4.79416e-25
0,2.2533e+09,-1.54411e+07,3.24139e+08,3.3986e+09,-1.51489e+09,-9.40755e+07,-1.31552e+08,0.000916976,0.000131908,1.5787e-24
0,1.97614e+09,3.4526e+07,3.17231e+08,1.05423e+10,1.44382e+09,5.1579e+08,-1.0214e+08,0.000916467,0.000147121,2.84237e-23
0,2.09531e+09,5.10904e+07,3.09534e+08,1.50997e+10,1.47476e+09,3.60664e+08,-3.75001e+08,0.00100628,0.000148654,1.64275e-22
0,1.98939e+09,-1.33561e+07,3.16309e+08,-2.19445e+09,-3.22387e+08,5.09905e+07,-1.11809e+09,0.00101031,0.000160638,-1.3196e-24
0,2.15543e+09,3.64541e+07,3.23861e+08,8.47601e+09,1.80387e+08,8.40182e+07,-1.87071e+08,0.000916023,0.000137636,6.49969e-24
0,2.24269e+09,3.92144e+07,3.20936e+08,9.01405e+09,-1.07114e+09,-2.39856e+07,-6.61405e+08,0.000965583,0.000138178,3.13932e-23
0,2.13532e+09,2.43667e+07,3.38421e+08,9.41283e+09,1.31324e+08,7.30493e+08,-4.04886e+08,0.000914759,0.000144977,2.07981e-23
0,2.0754e+09,-3.69472e+07,3.32608e+08,1.08534e+10,-4.01323e+08,7.94281e+08,5.03543e+08,0.000934157,0.00014971,-5.63502e-23
0,2.16014e+09,-2.67468e+07,3.12501e+08,4.42699e+09,-2.59682e+09,-3.79776e+08,-9.54991e+07,0.000918672,0.000132901,1.10588e-23
0,2.14547e+09,2.66536e+07,3.38909e+08,9.28855e+09,2.93705e+08,6.9051e+08,-4.07227e+08,0.000927379,0.000146493,2.30042e-23
0,2.02518e+09,6.06903e+07,3.06685e+08,1.51733e+10,2.15097e+09,2.92915e+08,-4.16108e+08,0.000976094,0.000147816,1.75095e-22
0,1.9595e+09,9.48999e+06,2.92051e+08,2.20871e+10,-6.09274e+08,4.7362e+08,-4.34211e+08,0.00107178,0.000159742,8.32488e-22
0,2.1216e+09,6.57794e+07,3.08102e+08,1.38173e+10,-7.47287e+08,2.23624e+07,-8.65874e+08,0.00100583,0.000146068,2.20081e-22
0,2.0836e+09,6.70592e+07,3.18706e+08,1.03805e+10,5.6419e+08,1.53008e+08,-8.67723e+08,0.000942688,0.000144193,7.5581e-23
0,2.09301e+09,7.00136e+07,3.18115e+08,9.01887e+09,1.08841e+09,-1.38729e+08,-7.30167e+08,0.00093552,0.000142189,3.54133e-23
0,2.0389e+09,-7.16954e+07,2.97738e+08,1.26778e+10,-2.16257e+09,-3.31409e+08,2.64885e+08,0.000961038,0.000140339,-8.46777e-25
0,2.16191e+09,-1.16111e+07,3.17831e+08,7.44711e+09,-8.81669e+08,1.49087e+08,-1.43531e+08,0.000943596,0.000138722,3.13918e-24
0,2.29029e+09,1.93063e+07,3.25541e+08,7.35572e+09,-1.56765e+09,1.25555e+08,-5.3886e+08,0.000991694,0.000140959,1.63528e-23
0,2.051e+09,7.63135e+07,3.09685e+08,1.20535e+10,3.08191e+08,1.23183e+07,-8.37993e+08,0.000960696,0.000145057,1.32062e-22
0,2.27175e+09,-8.04292e+06,3.26167e+08,2.63114e+09,-1.63205e+09,-2.69884e+08,-1.97013e+08,0.000912427,0.000131002,1.39751e-24
0,2.09107e+09,4.50042e+07,3.09962e+08,5.67295e+09,-3.69135e+08,-6.673e+07,-7.54813e+08,0.000950048,0.000140827,1.08302e-23
0,2.14128e+09,3.95723e+07,3.29952e+08,9.77445e+09,2.83403e+07,3.84756e+08,-6.37299e+08,0.000940541,0.000144929,3.8792e-23
0,2.11863e+09,6.87533e+07,3.12456e+08,9.40397e+09,7.61476e+08,-3.01461e+08,-5.74451e+08,0.000933375,0.000137654,2.77862e-23
0,1.98083e+09,-1.48338e+07,3.16938e+08,-2.41484e+09,-1.40737e+08,7.13302e+07,-1.10426e+09,0.00100431,0.000160692,-1.6818e-24
0,2.20393e+09,5.04612e+07,3.11067e+08,8.62199e+09,-9.33751e+08,-2.5516e+08,-5.72587e+08,0.000952581,0.000134449,2.65358e-23
0,2.26794e+09,3.31143e+07,3.14851e+08,6.62846e+09,-8.98636e+08,-3.56374e+08,-4.03394e+08,0.000962025,0.000133555,9.24678e-24
0,2.08224e+09,6.14956e+07,3.22157e+08,8.89426e+09,6.14942e+08,2.26264e+08,-8.53471e+08,0.000940672,0.000145537,4.764e-23
0,1.98243e+09,2.54813e+07,2.94468e+08,1.20785e+10,-1.91376e+09,-3.50707e+08,-7.81671e+08,0.000974448,0.000144744,2.18493e-22
0,2.27903e+09,1.4492e+07,3.21428e+08,7.33823e+09,-1.7551e+09,3.89717e+06,-5.00057e+08,0.000984274,0.000138819,1.8568e-23
0,2.11174e+09,6.58998e+07,3.11883e+08,1.11024e+10,5.87868e+07,-5.68764e+07,-7.04771e+08,0.000949928,0.000140295,7.06812e-23
0,2.14478e+09,6.86994e+07,2.89658e+08,7.2881e+09,-9.54935e+08,-6.46875e+08,-8.31431e+08,0.000998993,0.000134916,3.64451e-23
0,2.13612e+09,3.3922e+07,3.33779e+08,7.78899e+09,-3.43949e+06,5.5683e+08,-6.05448e+08,0.000932748,0.000145746,1.77396e-23
0,2.23347e+09,2.70292e+07,3.1449e+08,1.16141e+10,-4.02876e+08,-2.90928e+06,-3.42729e+08,0.0010178,0.000143315,4.248e-23
0,2.00599e+09,7.1201e+07,2.91328e+08,1.22405e+10,-6.28389e+08,-4.013e+08,-9.38299e+08,0.00100219,0.000145547,2.2773e-22
0,1.90162e+09,1.62351e+07,2.6366e+08,1.56831e+10,5.84206e+08,-4.72259e+07,-2.72832e+08,0.00105775,0.000146657,2.1937e-22
0,2.16035e+09,5.25382e+07,3.18745e+08,9.11685e+09,-2.37907e+08,-1.26791e+07,-7.44268e+08,0.000962984,0.000142082,3.95869e-23
0,1.88146e+09,4.77192e+06,3.08002e+08,1.46931e+10,-9.22303e+08,4.96533e+08,-4.58581e+08,0.000942226,0.000154246,1.47922e-22
0,2.13769e+09,5.23268e+07,3.18105e+08,1.19281e+10,-7.24805e+08,2.70652e+08,-9.22222e+08,0.000994497,0.000147989,1.30209e-22
0,2.12622e+09,5.29626e+07,3.16191e+08,1.19287e+10,-7.80031e+08,3.33457e+08,-8.67504e+08,0.000990112,0.00014724,1.20536e-22
0,2.10343e+09,1.18685e+07,3.17933e+08,1.18698e+10,1.93528e+08,6.7618e+08,-1.49564e+08,0.000996935,0.000150686,2.95964e-23
0,2.12964e+09,4.40296e+07,3.1649e+08,1.04568e+10,-7.83112e+08,4.02232e+08,-8.31672e+08,0.000992129,0.000147442,7.52816e-23
0,2.0674e+09,3.07051e+07,3.18886e+08,9.09602e+09,-6.80452e+08,1.26197e+08,-7.28402e+08,0.000950398,0.000146594,4.41726e-23
0,2.06241e+09,8.31906e+07,3.05647e+08,1.33231e+10,2.702e+08,-1.48973e+08,-9.94483e+08,0.000992043,0.00014702,2.38896e-22
0,2.15912e+09,2.48513e+07,3.33755e+08,8.98349e+09,-5.25561e+08,6.07592e+08,-6.13037e+08,0.000962954,0.000148853,2.51488e-23
0,2.07672e+09,7.50637e+07,3.06852e+08,9.00266e+09,6.15159e+08,-2.89204e+08,-7.03134e+08,0.00094494,0.000139623,3.67334e-23
0,2.3264e+09,5.00146e+06,3.27803e+08,1.43036e+09,-1.20874e+09,-9.57423e+06,-2.34403e+08,0.000919743,0.000129597,2.7766e-25
0,2.16385e+09,2.64619e+07,3.19637e+08,7.77654e+09,-1.2137e+09,4.45984e+08,-8.38673e+08,0.00102103,0.000150822,3.17612e-23
0,2.05612e+09,1.06966e+07,3.18787e+08,8.83398e+09,-1.32889e+09,2.02614e+08,-6.65077e+08,0.000974204,0.000151043,4.44144e-23
0,2.04472e+09,7.51977e+07,3.02918e+08,8.96155e+09,3.64276e+08,-1.67255e+08,-8.60177e+08,0.00097248,0.000144069,5.84851e-23
0,2.23131e+09,-3.00078e+06,3.22997e+08,-3.93704e+09,-1.45214e+09,1.11292e+08,-6.48727e+08,0.000987579,0.000142959,-5.68282e-24
0,2.16569e+09,-3.35449e+06,3.32652e+08,-5.41069e+08,-1.16766e+09,3.26787e+08,-5.29506e+08,0.000994812,0.000152804,3.2829e-26
0,2.00254e+09,8.8429e+07,3.05527e+08,7.37155e+09,1.36947e+09,-5.34179e+08,-9.62224e+08,0.000993096,0.000151517,3.27426e-23
0,2.11905e+09,3.90261e+07,2.94165e+08,5.21672e+09,-2.13368e+09,-3.98611e+07,-1.15894e+09,0.0010817,0.000150161,4.77444e-23
0,2.02076e+09,4.6778e+07,3.05203e+08,1.00183e+09,-5.56679e+08,1.50096e+08,-6.94523e+08,0.00108679,0.000164142,2.45366e-25
0,2.04308e+09,-5.15931e+07,2.59063e+08,1.42986e+09,-1.52074e+08,-5.4041e+08,6.65525e+08,0.00110297,0.000139857,-1.51566e-25
0,2.08986e+09,2.21748e+07,3.09212e+08,-7.02546e+07,-2.52839e+08,4.2684e+07,-7.78397e+08,0.000982481,0.000145366,5.0234e-27
0,2.0135e+09,6.31079e+07,3.13405e+08,5.4872e+09,5.83741e+08,-5.66017e+07,-1.14854e+09,0.00101653,0.000158225,2.39754e-23
0,2.27874e+09,2.06903e+07,2.84394e+08,-2.15779e+09,2.22245e+09,1.00371e+07,3.33965e+08,0.0010553,0.000131704,5.21417e-24
0,2.33397e+09,153264,3.4477e+08,1.04235e+08,-1.06701e+08,4.1773e+06,-4.53719e+07,0.000867669,0.00012817,1.33881e-29
0,2.16568e+09,4.12204e+07,2.99067e+08,6.81686e+09,-1.74589e+09,-1.56339e+08,-9.19472e+08,0.00103067,0.000142329,4.35439e-23
0,2.20901e+09,1.14223e+07,3.16981e+08,1.00369e+10,-4.82783e+08,-1.81596e+07,-2.18893e+08,0.000948711,0.000136135,1.3304e-23
0,2.01053e+09,7.83045e+07,2.79962e+08,-6.32764e+08,-1.32237e+09,-2.02428e+08,-9.4266e+08,0.00111675,0.000155505,-1.95313e-24
0,1.97258e+09,6.69471e+07,2.79499e+08,-6.50809e+08,-1.53604e+09,-2.06415e+08,-1.05523e+09,0.001162,0.000164646,-4.16697e-24
0,2.1133e+09,2.83455e+07,3.1239e+08,3.93674e+09,-1.37228e+09,3.24454e+08,-1.09843e+09,0.00105598,0.000156095,1.10939e-23
0,2.04252e+09,4.45049e+07,3.16709e+08,5.22364e+09,4.81398e+07,2.43922e+08,-1.10069e+09,0.00100258,0.000155458,1.70869e-23
0,2.12299e+09,2.4917e+07,2.96886e+08,3.2998e+09,-2.2368e+09,-6.83377e+06,-8.28233e+08,0.00104259,0.0001458,1.63199e-23
0,2.1024e+09,2.21611e+07,3.34205e+08,3.77388e+09,-2.26185e+08,4.73703e+08,-7.13915e+08,0.000988337,0.00015711,2.75677e-24
0,2.25351e+09,-5.8043e+06,3.22064e+08,-2.06526e+09,-2.04347e+09,-5.85883e+07,-8.85143e+08,0.00104967,0.000150015,-5.78433e-24
0,2.06632e+09,1.78379e+07,3.1021e+08,2.35142e+09,-9.79774e+08,4.64095e+08,-1.11519e+09,0.00104106,0.000156291,2.13856e-24
0,1.994e+09,7.13203e+07,2.97648e+08,6.5769e+09,-2.24207e+08,-2.14045e+08,-1.27982e+09,0.00106871,0.000159528,6.29947e-23
0,1.99991e+09,5.82616e+07,3.12307e+08,4.44101e+09,4.44542e+08,-2.38629e+08,-1.15566e+09,0.00103866,0.000162198,1.36517e-23
0,2.04569e+09,1.55996e+07,3.03846e+08,1.22165e+10,3.53551e+08,3.42145e+08,-6.60832e+08,0.00112208,0.000166662,2.49759e-22
0,1.97039e+09,1.45661e+07,3.04371e+08,4.79899e+09,-1.07092e+09,-2.48712e+08,-1.01757e+09,0.00100985,0.000155993,2.0959e-23
0,2.16267e+09,-5.61282e+06,3.27091e+08,-2.8935e+08,-7.49225e+08,3.8805e+08,-3.31745e+08,0.000977254,0.000147804,4.61787e-26
0,2.01503e+09,1.15691e+07,2.87207e+08,2.99723e+09,-1.961e+09,5.63046e+07,-1.21182e+09,0.00112373,0.000160167,2.47277e-23
0,1.88296e+09,3.31533e+07,2.25776e+08,9.09747e+09,-4.28947e+08,-6.44341e+08,-6.25153e+08,0.00129468,0.000155238,3.22493e-22
0,2.32963e+09,3.79671e+06,3.36995e+08,-5.77338e+08,3.4239e+08,5.64503e+07,4.29285e+06,0.000872465,0.000126207,1.67344e-27
0,2.02598e+09,-1.15224e+07,2.86634e+08,4.20104e+09,-3.18781e+09,-2.73907e+08,-1.00109e+09,0.00110096,0.000155763,8.79432e-23
0,2.26575e+09,5.53187e+06,3.18585e+08,7.44109e+09,-6.78127e+08,-1.64362e+07,-2.19046e+08,0.000974357,0.000137003,5.81674e-24
0,2.18574e+09,-4.27288e+07,3.00143e+08,-1.3874e+09,6.88321e+08,-1.43411e+08,1.38624e+08,0.000942063,0.000129363,6.19115e-26
0,1.92947e+09,2.07068e+07,2.99022e+08,-3.38643e+09,-5.24447e+08,-2.07421e+08,-1.36137e+09,0.0010655,0.000165128,-9.33294e-24
0,2.03986e+09,-1.04408e+07,2.98878e+08,-1.42242e+09,-9.52771e+08,1.44414e+08,-1.06384e+09,0.00110009,0.000161185,-1.24775e-24
0,1.85801e+09,5.87385e+07,2.54488e+08,1.78791e+09,-2.0972e+09,-7.39717e+08,-9.2481e+08,0.00112594,0.000154218,6.31443e-24
0,1.91142e+09,-2.70805e+07,3.06253e+08,5.60771e+09,-1.29424e+09,2.17316e+08,-6.14294e+08,0.00103341,0.000165576,2.2652e-23
0,2.0881e+09,2.21573e+07,3.07234e+08,3.33263e+08,-9.8216e+08,-3.36496e+08,-9.7866e+08,0.00102716,0.000151132,-2.93679e-25
0,1.99575e+09,1.51355e+07,3.11553e+08,4.69295e+09,-1.01596e+09,6.16438e+08,-9.08258e+08,0.00107065,0.000167137,1.10386e-23
0,2.26155e+09,-220188,3.1325e+08,-2.46534e+09,3.26014e+08,-1.48259e+08,1.24879e+08,0.000928911,0.000128664,5.39296e-26
0,2.2822e+09,3.52225e+07,3.18392e+08,-1.50401e+09,-2.95741e+08,-9.06447e+06,-1.90734e+07,0.000946266,0.000132015,-6.49941e-27
0,1.75258e+09,4.58185e+07,2.18256e+08,3.55499e+09,-2.98219e+08,-5.38718e+08,-6.53515e+08,0.00129019,0.000160672,2.70753e-23
0,2.0491e+09,3.6815e+07,2.88753e+08,-4.31815e+09,-1.6357e+09,1.3464e+08,-5.74042e+08,0.00113059,0.000159319,-2.2765e-23
0,1.94793e+09,2.87671e+07,3.07213e+08,-6.1674e+09,-2.12044e+09,-3.23925e+08,-6.67622e+08,0.00105963,0.000167117,-4.87322e-23
0,2.02146e+09,-3.21074e+07,2.94655e+08,-8.01459e+09,-1.00043e+09,-2.50958e+08,-2.4892e+08,0.000963345,0.00014042,-9.77242e-24
0,1.73086e+09,7.72787e+06,2.88555e+08,6.63884e+09,2.12327e+09,2.21778e+08,-1.06067e+09,0.00105829,0.000176429,1.14299e-22
0,1.88386e+09,3.71043e+07,3.22854e+08,-3.01383e+09,1.34668e+09,-5.83973e+08,1.81363e+08,0.000958285,0.00016423,-4.11397e-25
0,1.89494e+09,2.23816e+06,2.95744e+08,-3.89034e+09,4.58884e+08,-1.27067e+06,-1.18778e+09,0.00107786,0.000168221,-1.56261e-23
0,2.06918e+09,-4.31536e+07,3.06628e+08,-9.95993e+09,-1.46006e+09,-2.01824e+08,-1.10254e+09,0.00107498,0.0001593,-1.69756e-22
0,1.81435e+09,5.60018e+07,2.76365e+08,-6.96438e+09,-1.42356e+09,-2.99573e+08,-1.39377e+09,0.00116041,0.000176756,-2.10227e-22
0,2.03523e+09,2.41442e+06,3.18673e+08,6.88566e+08,7.68336e+07,-1.67734e+07,-1e+09,0.00099324,0.00015552,-3.87058e-26
0,2.08817e+09,-8.95664e+06,3.03196e+08,-1.42954e+10,-8.78411e+08,-1.98971e+08,-1.38466e+08,0.000984617,0.000142964,-2.97028e-23
0,2.04028e+09,3.1603e+07,2.95727e+08,1.58142e+09,-1.87949e+09,-9.57375e+08,-1.08329e+09,0.00107475,0.000155779,-1.08124e-24
0,2.15546e+09,-3.0869e+07,3.08713e+08,-7.36098e+09,-1.79064e+09,-5.51924e+07,-8.47953e+08,0.00106294,0.000152239,-5.41269e-23
0,2.12278e+09,-3.95693e+07,2.88015e+08,-1.12956e+09,5.11826e+08,-4.1328e+08,2.16088e+08,0.000942571,0.000127887,-3.69444e-26
0,1.59247e+09,6.13396e+07,1.98235e+08,9.24485e+08,-1.83189e+08,-6.10939e+08,-8.13952e+08,0.00130712,0.000162714,-8.05517e-25
0,1.91656e+09,9.43114e+06,3.15359e+08,-6.4129e+09,-1.6975e+09,-6.80257e+08,-6.5165e+08,0.00102096,0.000167993,-1.8456e-23
0,2.03037e+09,-3.0835e+07,3.23341e+08,-1.08102e+10,-5.88152e+07,-3.51371e+08,-9.50802e+08,0.00097906,0.000155918,-1.23101e-22
0,1.84744e+09,4.71848e+07,3.05015e+08,2.38581e+09,3.60299e+08,-5.99702e+08,-1.4176e+09,0.00105393,0.000174005,2.21577e-24
0,1.95406e+09,-9.1078e+06,3.08238e+08,-4.82111e+09,-2.00408e+08,3.32161e+07,-1.33751e+09,0.00105283,0.000166076,-2.5352e-23
0,1.96103e+09,-2.81452e+07,3.10306e+08,-4.98306e+09,1.53991e+09,5.05537e+08,-2.7473e+08,0.000923296,0.000146099,3.40793e-24
0,1.80998e+09,-9.66186e+06,2.72426e+08,-6.38025e+09,-1.34527e+09,-3.49219e+08,7.70757e+08,0.00115115,0.000173264,1.05891e-22
0,1.80387e+09,-3.03825e+07,2.94488e+08,-7.969e+09,-1.52369e+09,-3.36037e+08,-1.22756e+09,0.00105688,0.000172539,-1.74888e-22
0,1.98294e+09,2.57812e+06,3.13761e+08,-1.31905e+09,6.44048e+07,-4.25785e+07,-1.2523e+09,0.000990151,0.000156671,-3.69838e-26
0,1.86722e+09,3.0779e+07,2.84306e+08,-6.66008e+08,-7.48701e+08,-5.8179e+08,-1.52864e+09,0.00111451,0.000169696,-1.0456e-24
0,1.9505e+09,-8.64812e+06,3.21027e+08,-1.77873e+09,-2.47235e+08,9.73915e+07,-1.14753e+09,0.00103602,0.000170516,-7.11272e-25
0,1.61961e+09,-4.02414e+07,2.73575e+08,1.43806e+09,-1.81489e+08,4.18871e+08,-1.24978e+09,0.00107889,0.00018224,-1.80798e-25
0,1.99465e+09,-2.37213e+06,3.18447e+08,-1.95275e+09,-1.07479e+08,-3.13755e+07,-1.18117e+09,0.00101993,0.000162833,-7.87512e-25
0,1.73778e+09,-4.09305e+07,2.99262e+08,6.19578e+09,-8.32882e+08,-1.21465e+07,-7.61756e+08,0.00104156,0.000179367,6.07956e-23
0,1.80571e+09,-3.7044e+07,2.91898e+08,-4.49792e+09,3.80806e+08,2.83802e+08,-1.36858e+09,0.00107439,0.000173678,-3.23108e-23
0,1.79059e+09,4.44388e+07,2.75057e+08,-2.07305e+09,-5.59752e+07,1.13188e+08,-1.12841e+09,0.00108463,0.000166612,-2.30192e-24
0,1.87064e+09,3.01354e+07,3.08265e+08,3.05301e+09,-2.42293e+08,-6.23003e+08,-1.34046e+09,0.00106847,0.000176074,7.05738e-24
0,1.79945e+09,-1.99643e+07,3.09108e+08,-3.25066e+09,4.31931e+08,-1.01391e+08,-1.13445e+09,0.00102079,0.000175351,-8.70796e-24
0,2.05587e+09,-5.64609e+07,3.11354e+08,-1.13404e+10,-4.04439e+08,-2.2558e+08,-8.045e+08,0.00101224,0.000153301,-1.31461e-22
0,2.06762e+09,1.21757e+07,3.04127e+08,-1.77085e+09,-2.33946e+09,-8.27676e+08,-9.12348e+08,0.00109025,0.000160365,-1.52363e-23
0,2.29136e+09,2.50177e+07,3.23594e+08,-1.69613e+09,-8.96349e+08,-1.49344e+07,-1.09464e+08,0.000950814,0.000134277,-1.64631e-25
0,1.774e+09,-3.53624e+07,2.74469e+08,4.00887e+09,1.03876e+09,4.60324e+08,-1.04831e+09,0.00101803,0.000157507,2.32295e-23
0,1.87551e+09,1.93063e+07,2.88795e+08,1.14377e+09,-7.54072e+08,1.32079e+08,-1.45269e+09,0.00105463,0.000162395,7.55086e-25
0,1.67428e+09,-2.94099e+06,2.67026e+08,-5.89554e+09,-1.21815e+09,-3.79144e+08,8.60684e+08,0.001111,0.000177191,1.16295e-22
0,1.94296e+09,-1.30991e+07,2.87633e+08,1.86294e+09,1.93869e+09,3.14179e+07,-9.58668e+08,0.00094274,0.000139562,-2.12981e-25
0,2.10881e+09,5.13059e+07,3.22638e+08,7.521e+09,3.2486e+08,2.52422e+08,-5.39073e+08,0.000913659,0.000139785,1.4838e-23
0,1.92671e+09,-1.67615e+06,3.20687e+08,-1.91032e+09,4.23493e+08,-2.10344e+08,-1.16082e+09,0.0010051,0.000167291,-1.04277e-24
0,2.25474e+09,-3.60578e+07,3.20022e+08,7.49623e+09,6.25285e+08,-1.8642e+08,3.08215e+08,0.000920848,0.000130699,-7.00505e-24
0,1.89754e+09,-4.7737e+07,3.06739e+08,-8.6903e+09,1.01168e+09,1.12648e+08,-1.071e+09,0.000978587,0.00015819,-9.88305e-23
0,1.85273e+09,-3.98114e+07,2.97682e+08,-4.47793e+09,6.51387e+08,4.76627e+08,-1.2636e+09,0.00107354,0.000172488,-2.37774e-23
0,1.82844e+09,-2.39717e+07,2.85279e+08,-1.16423e+09,7.72028e+08,2.36161e+08,-1.60859e+09,0.00103691,0.000161782,9.14035e-26
0,1.86287e+09,-2.72234e+07,2.88058e+08,-2.4637e+09,1.71776e+09,-6.22386e+07,-1.15582e+09,0.00104418,0.000161462,-3.45783e-24
0,2.29351e+09,3.02144e+07,3.10543e+08,-1.38063e+08,-9.80173e+08,1.03844e+08,-2.16987e+08,0.000982906,0.000133087,5.33308e-27
0,1.82171e+09,1.73529e+06,2.98387e+08,-1.61375e+09,1.68299e+09,2.70298e+07,-1.32892e+09,0.00101473,0.000166208,-9.23155e-25
0,1.61491e+09,-553052,1.89287e+08,-1.44766e+09,-1.21281e+09,-2.21315e+08,-9.19515e+08,0.00134074,0.000157151,-2.19406e-23
0,2.09319e+09,-6.94237e+07,3.11236e+08,-1.26996e+10,3.87203e+08,1.2489e+08,-7.27452e+08,0.000979233,0.000145602,-1.31251e-22
0,2.26961e+09,1.3206e+07,2.8825e+08,8.90889e+09,6.88815e+08,-2.01992e+08,-3.38063e+07,0.00107023,0.000135924,-1.21159e-24
0,1.97064e+09,-2.08758e+07,3.11212e+08,4.14399e+09,1.246e+09,-1.67664e+08,-4.74612e+08,0.00109802,0.000173405,3.60084e-24
0,2.04367e+09,-3.48348e+07,3.18478e+08,-8.55027e+09,3.42438e+08,-3.84607e+08,-8.11392e+08,0.000975361,0.000151997,-5.2758e-23
0,1.87211e+09,4.93226e+07,2.8444e+08,7.41685e+09,1.49271e+09,-3.01979e+08,-1.1616e+09,0.000991157,0.000150591,6.65469e-23
0,1.85718e+09,-9.44868e+07,2.94842e+08,-6.97301e+09,-2.78982e+08,-3.05765e+08,-4.63672e+08,0.000995109,0.000157982,-2.53018e-23
0,1.97562e+09,-4.82017e+06,3.00043e+08,-5.37252e+09,-1.6948e+09,-3.88626e+08,-1.04919e+09,0.00104712,0.000159029,-3.41303e-23
0,1.81267e+09,1.06343e+06,2.96762e+08,-3.39331e+08,2.2598e+09,1.99975e+07,-1.25345e+09,0.0010151,0.000166187,3.99168e-25
0,1.87074e+09,-6.33832e+06,2.9772e+08,-1.4068e+09,1.29129e+09,8.27966e+06,-1.07858e+09,0.00103041,0.000163985,-5.49203e-25
0,1.52356e+09,-9.16371e+06,1.8995e+08,-1.14427e+09,-3.45809e+08,-2.80386e+08,-1.08962e+09,0.0012994,0.000162003,-6.51643e-25
0,1.886e+09,-2.83332e+07,3.13028e+08,-1.64559e+09,1.21994e+09,-3.7207e+07,-1.24539e+09,0.000997773,0.000165605,-9.81803e-25
0,2.25092e+09,2.63351e+07,3.0963e+08,-6.05958e+09,-1.68334e+09,2.48826e+08,-1.83317e+08,0.000965407,0.000132799,-8.46683e-24
0,1.80307e+09,-8.02307e+06,2.6393e+08,-9.61922e+07,1.27971e+09,-1.61737e+08,-1.61182e+09,0.0010834,0.000158586,3.00158e-26
0,1.82073e+09,3.07258e+07,3.02445e+08,1.60738e+09,-4.01374e+08,-4.10476e+08,-1.47198e+09,0.0010665,0.000177158,8.79823e-26
0,2.03277e+09,-3.89689e+07,3.17771e+08,-4.11767e+09,-9.99085e+07,-1.2461e+08,-1.13414e+09,0.00101255,0.000158287,-8.8912e-24
0,2.00493e+09,9.12565e+06,3.03094e+08,1.11072e+10,3.01928e+08,7.84756e+08,-4.46096e+07,0.00100961,0.000152628,2.07451e-23
0,1.98007e+09,-3.38498e+07,3.09742e+08,-6.12747e+09,-9.11324e+08,-4.00733e+08,-1.34742e+09,0.00106128,0.000166016,-4.94688e-23
0,2.01957e+09,3.88637e+07,3.03391e+08,8.42143e+09,3.03087e+08,-1.49533e+08,-1.02425e+09,0.000973427,0.000146233,6.18934e-23
0,1.88446e+09,2.37861e+07,3.18653e+08,-1.27324e+08,5.32966e+08,-3.29563e+07,-1.22529e+09,0.000998261,0.000168801,2.69979e-26
0,1.81519e+09,2.38269e+07,3.02173e+08,7.94353e+09,2.07964e+09,-3.15912e+08,-4.92771e+08,0.00110953,0.000184703,1.47071e-23
0,1.90216e+09,3.02411e+07,2.90181e+08,2.33485e+09,1.07819e+09,-3.44366e+08,-1.23015e+09,0.00100724,0.000153657,1.69298e-24
0,1.88192e+09,4.80214e+07,2.95032e+08,6.31041e+09,6.82886e+08,-3.65263e+08,-9.08346e+08,0.000948431,0.000148688,2.58671e-23
0,1.83476e+09,-2.08097e+07,2.82323e+08,-2.47917e+09,-1.54262e+08,-126712,-1.5228e+09,0.00106926,0.000164532,-3.96259e-24
0,2.044e+09,-4.36689e+07,3.20534e+08,-9.94562e+09,-2.4136e+08,-2.96412e+08,-9.25923e+08,0.000978014,0.00015337,-8.83004e-23
0,1.84464e+09,-1.49028e+07,3.03495e+08,-4.77172e+09,7.09595e+08,3.21843e+08,-1.28642e+09,0.00104588,0.000172077,-2.81984e-23
0,2.07345e+09,4.9339e+07,3.17025e+08,1.06207e+10,5.28373e+08,2.12803e+08,-3.99028e+08,0.00100079,0.000153018,5.41528e-23
0,1.61957e+09,-1.05465e+08,2.84744e+08,-3.61909e+09,1.64294e+09,-2.40502e+08,2.22739e+08,0.00108363,0.000190519,1.9024e-23
0,2.08464e+09,-1.95058e+06,3.26871e+08,-7.20026e+08,-3.40604e+08,-5.18761e+08,-8.11351e+08,0.000996505,0.000156252,6.2869e-26
0,1.86621e+09,3.55795e+07,3.03559e+08,2.10097e+09,-7.38858e+08,-2.40463e+08,-1.40154e+09,0.00109001,0.000177302,3.44282e-24
0,1.87481e+09,-1.42635e+07,2.90015e+08,8.78548e+08,5.76877e+08,1.21681e+08,-1.43644e+09,0.00108826,0.000168344,-1.88062e-25
0,1.82136e+09,3.32385e+07,3.16948e+08,1.45036e+09,1.07705e+09,-2.58542e+08,-1.22779e+09,0.000993833,0.000172944,4.16404e-25
0,1.99741e+09,5.19952e+06,3.22108e+08,-1.84292e+08,-6.63963e+07,-3.13151e+07,-9.98725e+08,0.000990868,0.00015979,2.02624e-26
0,1.94404e+09,3.30592e+07,2.93455e+08,3.01725e+08,-9.6645e+08,3.36422e+07,-1.433e+09,0.00107885,0.000162853,3.06712e-25
0,1.8383e+09,-1.90026e+07,2.51533e+08,2.43617e+10,-9.82922e+08,-1.41612e+08,2.51488e+08,0.00116454,0.000159343,-1.37202e-21
0,2.03491e+09,6.26212e+07,3.06371e+08,-3.88961e+09,-1.51616e+09,2.68954e+08,5.89796e+08,0.00090321,0.000135985,4.93033e-25
0,2.32853e+09,5.20821e+06,3.34871e+08,1.40914e+09,-7.88833e+08,-2.28407e+07,-2.02679e+08,0.00090268,0.000129817,8.83291e-26
0,1.84206e+09,3.21698e+07,3.04722e+08,2.80422e+09,1.85852e+08,-6.16593e+08,-1.37036e+09,0.001031,0.000170553,4.05599e-24
0,1.98984e+09,-1.64209e+07,3.06535e+08,-1.89654e+09,-4.4112e+08,-2.31897e+07,-1.41666e+09,0.00104446,0.000160899,-9.80851e-25
0,1.94624e+09,-3.20161e+07,2.89492e+08,-5.95403e+08,1.29564e+08,1.44494e+08,-1.36047e+09,0.00108963,0.000162076,2.51438e-25
0,1.93531e+09,6.40984e+07,3.06761e+08,6.62705e+09,-2.08631e+08,-3.19103e+08,-8.24907e+08,0.000959125,0.000152028,2.90973e-23
0,1.92154e+09,9.59421e+06,3.05047e+08,-5.24277e+08,-1.19404e+09,-2.89073e+08,-1.3409e+09,0.00111446,0.000176922,-2.48041e-24
0,1.87375e+09,2.98819e+07,2.92948e+08,-4.25556e+08,-3.81442e+08,9.79006e+07,-1.18507e+09,0.00102295,0.000159931,1.21188e-25
0,2.10978e+09,-9.26916e+06,3.33856e+08,-4.68595e+09,-6.40128e+08,-6.22704e+08,-7.36309e+08,0.000998488,0.000158003,-4.25342e-24
0,1.50975e+09,1.13477e+07,1.79905e+08,-4.5346e+08,-6.25148e+07,-1.48458e+07,-8.97083e+08,0.0012815,0.000152706,4.17801e-25
0,2.07263e+09,3.98645e+07,2.9315e+08,2.51396e+09,-1.99192e+09,-3.77566e+06,-1.20226e+09,0.00107917,0.000152636,1.38316e-23
0,1.77218e+09,3.31151e+07,2.81515e+08,-7.92738e+09,-8.20419e+08,-4.82933e+08,-1.22816e+09,0.00111902,0.00017776,-2.16586e-22
0,2.0414e+09,-2.99719e+07,3.3014e+08,-6.8543e+09,2.40216e+08,-2.37797e+08,-8.09596e+08,0.000952601,0.000154057,-2.34933e-23
0,1.90575e+09,7.5613e+06,2.6683e+08,-1.15513e+10,-1.12813e+09,-3.3942e+08,6.50205e+06,0.0010116,0.000141638,2.32771e-23
0,1.9941e+09,-4.76958e+07,3.26664e+08,-1.03605e+10,2.86435e+08,-7.42238e+08,-9.30492e+08,0.000969945,0.000158892,-1.18711e-22
0,1.85207e+09,3.65187e+06,2.97602e+08,-1.4392e+09,-6.34418e+08,-1.97507e+08,-1.51509e+09,0.00109077,0.000175271,-9.43893e-25
0,1.94934e+09,2.79471e+07,3.01468e+08,1.32538e+08,-1.38034e+09,1.39161e+08,-1.06812e+09,0.00103354,0.000159838,7.95307e-25
0,2.11563e+09,-4.26763e+07,2.99245e+08,5.3903e+09,-6.36003e+07,1.17323e+08,-1.90222e+08,0.000982686,0.000138996,2.51232e-24
0,2.21339e+09,-13954.9,3.0266e+08,-2.29977e+09,-1.81175e+09,-1.22268e+08,-6.48252e+08,0.00100021,0.00013677,-3.71948e-24
0,1.9762e+09,3.31179e+06,3.21104e+08,4.34706e+08,3.93366e+07,9.13016e+06,-1.04551e+09,0.000988805,0.000160666,-5.14149e-26
0,1.87037e+09,-2.36254e+07,2.99751e+08,-4.2138e+09,-3.3568e+08,-1.06909e+08,-1.40932e+09,0.00105436,0.000168975,-2.14242e-23
0,1.92809e+09,7.83489e+07,3.0307e+08,9.1384e+09,1.36419e+09,-4.78053e+08,-9.38856e+08,0.000932587,0.00014659,5.91272e-23
0,1.76318e+09,-4.46623e+07,2.91404e+08,9.76971e+08,-1.70457e+09,-1.06158e+08,-9.42011e+08,0.00100148,0.000165516,3.39139e-24
0,1.99225e+09,3.67885e+06,3.18656e+08,-3.87894e+09,2.76418e+08,-5.01617e+08,-9.07942e+08,0.000958579,0.000153322,-5.74135e-24
0,2.02561e+09,1.46161e+07,3.07218e+08,3.36866e+09,-1.16504e+09,-8.56046e+07,-1.12918e+09,0.00105781,0.000160435,1.02573e-23
0,1.9647e+09,-1.03954e+06,3.05893e+08,-1.77686e+09,-8.82193e+08,-1.15163e+08,-1.4999e+09,0.00107651,0.000167606,-2.29323e-24
0,1.52307e+09,7.41812e+06,1.78269e+08,1.91199e+08,-1.22773e+08,-4.95188e+08,-1.03714e+09,0.00131487,0.0001539,-6.11719e-25
0,2.04542e+09,2.01995e+07,3.04485e+08,5.13714e+09,-4.76862e+08,-6.13231e+08,-9.09363e+08,0.00099127,0.000147562,1.44506e-23
0,1.84409e+09,1.02522e+07,2.985e+08,-1.92476e+09,-3.04828e+08,2.57952e+06,-1.49127e+09,0.00109508,0.00017726,-1.52437e-24
0,2.05765e+09,-5.39658e+07,2.97248e+08,-8.00088e+09,-1.1035e+09,-1.85116e+08,-1.1802e+09,0.0010445,0.000150888,-8.20285e-23
0,2.20473e+09,-1.92377e+07,3.25047e+08,-8.38098e+09,-1.25488e+09,-2.51951e+08,-6.32843e+08,0.00103587,0.000152721,-3.2994e-23
0,2.031e+09,2.52668e+07,2.99482e+08,-2.2158e+08,-1.8904e+09,-3.61364e+08,-1.06154e+09,0.00106058,0.000156389,-3.45301e-24
0,1.92856e+09,2.66241e+07,3.07151e+08,3.22654e+09,-3.77268e+08,-3.33128e+08,-1.28469e+09,0.00103794,0.000165306,7.09039e-24
0,2.1568e+09,2.82272e+07,2.99744e+08,4.18769e+09,-2.01729e+09,-4.82138e+07,-9.97316e+08,0.00105122,0.000146094,2.10303e-23
0,2.2034e+09,-2.77399e+07,3.03444e+08,5.65248e+09,2.02792e+09,4.11926e+08,3.14116e+08,0.000971642,0.000133811,-6.228e-24
0,1.95904e+09,-3.6088e+07,3.0436e+08,-5.62337e+09,-6.69432e+08,-3.23588e+08,-1.40634e+09,0.00105369,0.000163703,-4.06359e-23
0,2.02743e+09,1.13026e+07,3.1516e+08,-5.3214e+08,-1.45132e+09,-8.34351e+08,-7.41199e+08,0.00108531,0.000168709,-2.57338e-24
0,2.02361e+09,-4.35858e+07,3.20008e+08,-7.16014e+09,-2.66453e+08,-5.10255e+08,-1.08739e+09,0.000998037,0.000157827,-4.22853e-23
0,1.97674e+09,4.67994e+06,3.15958e+08,8.60462e+08,5.4588e+07,2.14543e+07,-1.13485e+09,0.000990731,0.000158356,-6.69057e-26
0,2.00755e+09,-1.24876e+06,3.35178e+08,-4.85339e+09,6.01876e+06,-1.81124e+08,-6.67689e+08,0.000951301,0.000158828,-7.13354e-24
0,2.15137e+09,-2.89622e+07,3.04762e+08,1.21269e+10,7.89343e+08,-2.23171e+07,1.815e+08,0.000976464,0.000138326,-2.67627e-23
0,2.11788e+09,3.06398e+07,3.18749e+08,4.60867e+09,-1.3007e+09,2.17998e+08,-8.90011e+08,0.00104593,0.000157416,1.27654e-23
0,2.07765e+09,-1.63652e+06,3.40115e+08,4.76821e+08,1.01147e+08,1.60459e+08,-3.1265e+08,0.000949958,0.00015551,2.11087e-27
0,2.08152e+09,-3.67558e+07,3.22867e+08,-1.11699e+10,-5.86406e+08,-2.61726e+08,-7.14969e+08,0.000991995,0.00015387,-9.283e-23
0,1.82546e+09,-8.10695e+06,2.82786e+08,4.58225e+09,1.47298e+09,3.81916e+08,-1.16835e+09,0.000975403,0.000151102,2.60683e-23
0,1.95688e+09,9.25464e+06,3.11516e+08,-2.39534e+09,-1.06558e+09,-4.466e+08,-9.24968e+08,0.001057,0.000168264,-3.089e-24
0,1.90271e+09,1.7093e+07,3.12435e+08,1.01078e+09,-7.10449e+08,2.41063e+08,-1.04665e+09,0.00106628,0.00017509,6.22606e-25
0,1.97344e+09,3.56832e+06,3.20527e+08,1.19636e+09,3.84356e+07,6.75264e+07,-1.07399e+09,0.000992492,0.0001612,4.48375e-26
0,1.91671e+09,2.35553e+07,3.108e+08,-4.54328e+09,4.6713e+07,1.05472e+08,-8.64776e+08,0.00107891,0.000174949,-1.7581e-23
0,2.00486e+09,8.39135e+06,3.1052e+08,-2.8663e+08,-8.21105e+08,1.54284e+08,-1.13827e+09,0.00104429,0.000161743,1.35886e-25
0,1.98943e+09,-3.79688e+07,3.11426e+08,-7.85551e+09,-1.10506e+09,-4.46022e+08,-1.07606e+09,0.00105766,0.000165567,-7.88114e-23
0,1.99317e+09,2.02309e+06,2.99203e+08,-4.02606e+09,-1.24469e+09,-3.15256e+07,-1.09503e+09,0.00107105,0.000160781,-1.80811e-23
0,1.82159e+09,-2.29494e+07,2.78785e+08,-1.34188e+09,4.11478e+08,2.1914e+07,-1.68265e+09,0.00106455,0.000162923,3.7462e-25
0,1.86093e+09,4.4929e+06,3.0729e+08,7.27832e+08,-4.61407e+08,2.70534e+07,-1.23229e+09,0.00106059,0.000175133,-2.09161e-26
0,1.81921e+09,85834.5,3.01466e+08,-3.17259e+09,-1.21886e+09,-3.78526e+08,-1.24078e+09,0.00105603,0.000174998,-1.36279e-23
0,1.87973e+09,-5.02083e+07,3.24613e+08,-8.81968e+09,5.64332e+08,-3.04428e+08,-6.56478e+08,0.00092966,0.000160544,-5.81732e-23
0,2.13939e+09,9.02311e+06,3.12771e+08,9.85646e+09,2.52453e+08,4.56175e+06,-4.788e+08,0.00102426,0.000149744,4.61138e-23
0,1.63977e+09,-2.81873e+07,1.7957e+08,-1.62351e+09,-5.5109e+08,-1.51156e+07,-8.62219e+08,0.0013157,0.000144082,-5.91915e-24
0,1.98817e+09,-4.11994e+07,3.17614e+08,-5.76406e+09,-5.45988e+08,-5.02163e+08,-1.20796e+09,0.00102065,0.000163052,-2.76597e-23
0,1.89341e+09,8.3469e+06,3.04409e+08,-5.86166e+09,-1.10719e+09,5.54345e+06,-8.55692e+08,0.00106572,0.000171339,-4.60033e-23
0,1.94889e+09,6.91434e+06,2.77276e+08,-3.38257e+09,2.77597e+08,-4.12044e+08,-1.19446e+09,0.0010066,0.000143213,-6.42259e-24
0,1.74037e+09,5.09678e+07,3.03107e+08,6.86876e+08,-2.02179e+08,1.96027e+08,-3.25851e+08,0.00104414,0.000181851,9.44897e-27
0,1.78841e+09,5.90907e+07,2.90653e+08,-6.00757e+09,-1.32938e+09,1.05265e+08,-9.09867e+08,0.00114441,0.00018599,-1.12571e-22
0,1.98553e+09,4.30022e+06,3.2043e+08,1.45583e+09,-2.09998e+07,1.10741e+08,-1.08292e+09,0.000999182,0.000161251,1.83972e-25
0,2.09696e+09,-6.79043e+07,3.09912e+08,-1.17925e+10,-5.85761e+07,-7.02392e+07,-8.20518e+08,0.000963347,0.000142374,-1.09458e-22
0,2.13866e+09,6.83065e+06,3.11813e+08,6.96513e+09,-1.12152e+09,9.20517e+06,-7.99848e+08,0.000998821,0.000145627,2.71951e-23
0,2.08081e+09,-4.37244e+07,3.09478e+08,-8.40074e+09,-1.09897e+09,-1.83738e+08,-9.5396e+08,0.00103151,0.000153416,-6.78603e-23
0,2.00877e+09,-2.26335e+07,2.96297e+08,-6.01242e+09,-8.05904e+08,7.12967e+07,-1.16908e+09,0.00105734,0.00015596,-4.36015e-23
0,1.7746e+09,-3.29357e+07,3.00811e+08,-1.8917e+09,1.39291e+09,3.09393e+08,-1.42051e+09,0.001005,0.000170357,-1.32509e-24
0,1.90221e+09,-6.4501e+06,3.10983e+08,6.27077e+08,-5.6444e+08,1.32855e+08,-1.1115e+09,0.00107063,0.000175032,1.72727e-25
0,2.16512e+09,-3.36265e+07,3.0718e+08,4.04216e+09,7.9549e+08,1.79408e+08,-2.27088e+08,0.000941636,0.000133597,1.24633e-24
0,2.05914e+09,-1.84973e+07,3.10454e+08,-2.35631e+09,-1.08676e+09,-5.71573e+07,-1.10079e+09,0.00103991,0.000156786,-3.45301e-24
0,2.26198e+09,2.54183e+07,3.2196e+08,5.6529e+09,-1.33404e+09,-6.12653e+07,-4.61481e+08,0.000958385,0.000136412,7.12311e-24
0,2.04696e+09,-1.17602e+07,3.34928e+08,-8.01949e+09,2.49489e+08,-3.03136e+08,-6.23374e+08,0.000935505,0.000153069,-2.66785e-23
0,2.06065e+09,8.15e+07,2.99009e+08,7.65219e+09,5.85713e+08,-4.19042e+08,-9.2423e+08,0.00097256,0.000141122,3.46842e-23
0,1.84324e+09,-3.50888e+07,3.03709e+08,9.64177e+09,3.22048e+08,3.99445e+08,-7.36486e+08,0.00110534,0.000182126,2.15028e-22
0,2.02837e+09,3.72304e+07,2.96084e+08,6.06948e+09,-1.51593e+09,2.12069e+08,-1.22967e+09,0.00106822,0.00015593,5.27586e-23
0,1.96361e+09,5.33216e+06,3.13872e+08,-3.01505e+09,-8.70439e+08,2.51307e+07,-1.13047e+09,0.00103932,0.00016613,-6.42555e-24
0,2.21511e+09,143519,3.1486e+08,4.59873e+09,-1.60448e+09,6.26971e+07,-6.9997e+08,0.00101775,0.000144665,1.01851e-23
0,2.0205e+09,-4.33675e+07,3.19472e+08,-1.14599e+10,-2.33628e+08,-2.29342e+08,-8.33425e+08,0.00100121,0.000158307,-1.46548e-22
0,1.81786e+09,-3.26559e+07,3.07248e+08,-1.96377e+08,1.40279e+09,5.91268e+08,-1.2696e+09,0.00100774,0.000170325,1.78162e-26
0,2.18711e+09,2.36049e+07,3.26012e+08,6.12152e+09,-4.8916e+08,-1.85922e+08,-6.55219e+08,0.000956039,0.000142508,1.03254e-23
0,1.95191e+09,-5.12225e+07,2.97579e+08,-7.8423e+09,3.43467e+08,1.8922e+08,-1.15307e+09,0.00103252,0.000157412,-8.85389e-23
0,2.31878e+09,-4.10326e+06,3.00965e+08,8.26193e+08,-5.35087e+08,-1.33465e+07,-1.22905e+08,0.000995047,0.000129152,2.40389e-26
0,2.01732e+09,2.00263e+07,2.98993e+08,2.38229e+07,-1.73786e+09,3.17112e+08,-1.04425e+09,0.00106968,0.000158541,2.17617e-24
0,1.87809e+09,-2.67234e+07,3.09444e+08,-1.20369e+09,4.28317e+08,2.53371e+08,-1.25022e+09,0.00102426,0.000168763,-2.77946e-26
0,1.98177e+09,-4.40374e+07,3.23997e+08,-8.31679e+09,4.44662e+08,-7.32604e+08,-9.39124e+08,0.000952983,0.000155802,-6.20208e-23
0,2.05293e+09,3.13021e+07,2.99844e+08,7.42358e+09,-1.33917e+09,3.15288e+08,-1.14695e+09,0.00104753,0.000152998,6.48712e-23
0,1.82632e+09,-1.35593e+07,3.07558e+08,-3.07867e+09,-1.43641e+09,-1.82858e+08,-5.9487e+08,0.00101399,0.000170759,-8.64653e-24
0,2.01373e+09,8.6157e+07,2.84822e+08,-2.82819e+08,-9.00291e+08,-4.86545e+07,-7.84702e+08,0.00110657,0.000156514,-2.38586e-25
0,1.93307e+09,-4.78841e+07,3.1846e+08,-1.01466e+10,6.02306e+08,-1.18444e+08,-9.24806e+08,0.000960122,0.000158173,-1.19209e-22
0,1.90033e+09,1.32953e+07,2.92486e+08,-1.69203e+08,-3.12231e+08,1.21659e+08,-1.51145e+09,0.00106599,0.00016407,1.94721e-25
0,1.83632e+09,3.17171e+07,3.08487e+08,3.06243e+09,6.40807e+08,-4.25787e+08,-6.86412e+08,0.0010569,0.000177551,3.27809e-24
0,1.8217e+09,-3.0482e+07,2.98819e+08,-3.60971e+08,5.86887e+08,4.64822e+08,-1.38323e+09,0.00101715,0.000166845,1.21367e-26
0,1.88965e+09,4.85651e+07,2.94139e+08,4.43182e+09,1.32752e+09,-3.78624e+08,-1.04028e+09,0.000951556,0.000148117,8.11848e-24
0,2.0337e+09,-1.98105e+07,3.02847e+08,-8.3488e+08,-1.69725e+09,1.79727e+08,-1.19755e+09,0.00109905,0.000163663,-1.60561e-24
0,2.10365e+09,-5.39599e+07,3.21134e+08,-1.23229e+10,2.17774e+08,-2.48013e+08,-6.64288e+08,0.0009679,0.000147755,-1.04287e-22
0,2.24251e+09,3.8238e+07,3.23067e+08,-4.96697e+09,-1.99271e+08,3.06138e+08,2.26435e+08,0.000898258,0.000129407,9.67914e-25
0,2.2211e+09,2.94153e+07,3.08277e+08,-5.715e+09,4.09984e+08,1.29722e+08,2.85375e+08,0.000930331,0.000129125,3.07181e-24
0,1.99768e+09,-4.12486e+07,3.06639e+08,-4.89935e+09,-9.1908e+08,-1.92417e+08,-1.28665e+09,0.00104386,0.000160231,-2.37746e-23
0,1.65549e+09,-4.23448e+07,1.99495e+08,-1.58841e+09,-1.33614e+08,-5.75149e+07,-9.93217e+08,0.00124344,0.000149841,-2.35893e-24
0,1.96007e+09,3.14446e+07,3.24544e+08,6.52139e+09,1.17838e+09,9.30767e+07,-9.05719e+08,0.000916591,0.000151767,2.35995e-23
0,1.9796e+09,-3.1641e+07,3.21531e+08,-3.26954e+09,-4.14133e+08,-5.71295e+08,-4.94126e+08,0.00101374,0.000164653,-9.18468e-25
0,1.97921e+09,-2.84878e+07,3.24761e+08,-9.75671e+09,8.39274e+08,-3.76854e+08,-9.40427e+08,0.00094566,0.00015517,-9.62768e-23
0,1.84797e+09,-4.8549e+07,3.17106e+08,-6.75088e+09,1.90522e+09,-2.47826e+08,-8.53399e+08,0.000918915,0.000157683,-3.58088e-23
0,2.17384e+09,-1.56145e+07,3.14739e+08,-7.19236e+09,-1.25947e+09,1.8727e+08,-7.39507e+08,0.000992309,0.000143671,-2.83522e-23
0,2.01602e+09,-4.81079e+07,2.99488e+08,-3.70217e+09,-1.02044e+09,1.82154e+08,-1.22265e+09,0.00107176,0.000159214,-1.37494e-23
0,1.78516e+09,-1.18671e+07,3.03285e+08,-4.0043e+09,1.00199e+09,9.81348e+07,-1.40023e+09,0.000984034,0.000167179,-1.69228e-23
0,2.04055e+09,4.30356e+07,3.2088e+08,1.10115e+10,-3.81356e+08,3.66115e+08,-9.76515e+08,0.000985688,0.000155001,1.3062e-22
0,1.99848e+09,1.50871e+07,3.22043e+08,4.13859e+09,7.05899e+08,2.24042e+08,-9.69627e+08,0.000941884,0.000151779,7.10803e-24
0,2.26235e+09,4.92819e+06,3.31456e+08,-1.67214e+09,-1.04354e+09,-1.39616e+08,-5.49789e+08,0.000973935,0.000142691,-5.1541e-25
0,1.73991e+09,-3.43693e+07,2.21005e+08,-2.95319e+09,-9.29239e+08,1.58727e+08,-1.02125e+09,0.00122426,0.000155507,-2.57077e-23
0,1.71748e+09,-4.83732e+07,2.8257e+08,-1.49782e+09,-1.30975e+09,-1.35559e+08,-1.36569e+09,0.00104439,0.00017183,-6.75303e-24
0,1.99323e+09,6.17724e+06,3.15833e+08,-6.79525e+08,-6.16967e+07,1.73311e+08,-1.22869e+09,0.00102662,0.000162671,1.4103e-25
0,2.15845e+09,-8.51425e+06,2.77651e+08,-5.30787e+09,-7.28704e+08,1.51063e+08,-1.92373e+08,0.0010243,0.000131759,-4.12959e-24
0,1.89113e+09,2.00297e+07,3.22829e+08,1.93032e+09,1.14133e+08,2.67139e+08,-1.24752e+09,0.00102323,0.000174673,9.41288e-25
0,2.07319e+09,6.01422e+06,3.40752e+08,7.63348e+07,1.68507e+08,-5.11312e+07,-2.63065e+08,0.000958077,0.000157471,-1.39134e-29
0,1.88191e+09,-4.42009e+07,3.12191e+08,-3.7253e+09,1.14155e+09,2.56684e+08,-1.13143e+09,0.000979177,0.000162437,-7.18787e-24
0,2.23579e+09,-1.04295e+07,3.16868e+08,-8.13628e+09,-7.00156e+07,1.20872e+08,3.70433e+06,0.000930911,0.000131933,1.79056e-26
0,2.10141e+09,-5.83994e+07,3.06098e+08,-7.6367e+09,-6.06872e+08,3.2242e+08,-1.02474e+09,0.00106369,0.00015494,-6.48229e-23
0,2.0774e+09,-4.1945e+07,3.0386e+08,-5.74717e+09,-1.3384e+09,1.43479e+08,-1.14893e+09,0.00107203,0.000156806,-4.19472e-23
0,2.118e+09,-5.06085e+06,3.08518e+08,-5.77536e+09,7.94042e+08,2.09138e+08,1.61861e+08,0.000899228,0.000130986,2.9558e-24
0,2.02539e+09,-7.71342e+06,3.23869e+08,-3.24948e+09,-2.43743e+08,-1.25988e+08,-8.67308e+08,0.00097824,0.000156425,-2.85559e-24
0,1.77896e+09,-9.00739e+06,2.8893e+08,3.00379e+08,9.9193e+08,4.02231e+08,-1.58654e+09,0.0010356,0.000168197,-1.62132e-25
0,1.90876e+09,2.13279e+07,3.12822e+08,6.53303e+09,1.87337e+09,7.816e+07,-9.27916e+08,0.000917763,0.00015041,2.57112e-23
0,1.79755e+09,8.7448e+06,2.78384e+08,4.16475e+09,1.2712e+09,-1.34225e+08,-1.24178e+09,0.00100657,0.000155887,1.78612e-23
0,1.85151e+09,-1.50096e+07,3.04685e+08,2.01453e+08,6.23812e+08,5.74054e+08,-1.42973e+09,0.00103287,0.000169969,-2.62767e-25
0,1.92528e+09,3.04123e+06,3.40579e+08,3.14657e+08,2.23472e+08,1.66019e+07,-1.49524e+07,0.000902951,0.000159731,-4.64729e-28
0,1.80998e+09,-5.00732e+07,2.93239e+08,-1.36939e+09,1.35992e+09,1.00005e+09,-1.34563e+09,0.00101797,0.000164924,-1.38755e-26
0,1.96283e+09,3.011e+07,3.03009e+08,-1.51337e+10,-2.5716e+09,-4.41946e+08,-5.87988e+08,0.00105014,0.000162115,-3.38024e-22
0,2.13594e+09,-3.00354e+07,3.09867e+08,-8.25589e+09,-7.13436e+08,-5.36616e+07,6.68748e+07,0.000909421,0.000131932,2.25854e-24
0,1.80377e+09,2.34438e+07,3.01375e+08,-4.69699e+09,-1.24224e+09,-3.35162e+08,-1.06764e+09,0.00104918,0.000175299,-3.18006e-23
0,2.03012e+09,3.12525e+07,3.2802e+08,7.85613e+09,-3.37987e+08,7.25585e+08,-8.96474e+08,0.00103229,0.000166794,4.99256e-23
0,2.05869e+09,-2.79362e+07,3.28803e+08,-6.79264e+09,2.97997e+08,-4.44306e+08,-4.55443e+08,0.00097284,0.000155377,-1.52175e-23
0,1.90639e+09,-2.99605e+06,3.2574e+08,-1.90642e+09,3.88731e+08,-2.18666e+08,-9.13361e+08,0.000952505,0.000162752,-7.78908e-25
0,1.81434e+09,2.34967e+07,2.93954e+08,-8.57102e+08,9.48539e+08,-4.71105e+08,-1.39608e+09,0.00104212,0.000168841,-3.30465e-25
0,2.04619e+09,3.31278e+07,3.13846e+08,8.63514e+09,6.7713e+08,6.07769e+07,-8.36816e+08,0.000951308,0.000145912,4.75757e-23
0,2.02093e+09,-4.48544e+07,3.30213e+08,-9.45256e+09,4.10432e+08,-8.21234e+08,-6.80015e+08,0.000956295,0.000156255,-6.32226e-23
0,2.17836e+09,2.01327e+07,3.11333e+08,-5.72131e+09,-3.70728e+08,-1.39301e+08,2.09136e+08,0.000927087,0.0001325,2.47249e-24
0,2.28948e+09,9.97614e+06,3.34741e+08,1.19018e+09,2.6232e+08,-9.95695e+07,-1.29132e+08,0.000873706,0.000127743,3.4893e-27
0,2.07107e+09,4.34282e+07,2.95776e+08,6.54432e+09,-1.41303e+09,5.61564e+07,-1.10602e+09,0.00104859,0.000149753,4.95731e-23
0,2.0307e+09,1.52399e+07,3.38815e+08,4.50519e+08,4.41592e+08,-3.29466e+07,-4.96389e+08,0.00095418,0.000159202,3.23887e-27
0,1.66385e+09,-7.66804e+07,2.90674e+08,4.05185e+09,-4.84571e+08,5.67239e+08,-9.57245e+08,0.00104313,0.000182234,1.69702e-23
0,2.07347e+09,-4.55557e+07,3.09983e+08,-1.26736e+10,-1.04062e+07,-3.55436e+08,-9.43465e+08,0.00101041,0.000151055,-2.0921e-22
0,2.24114e+09,1.05122e+07,3.26817e+08,2.36879e+09,-1.44474e+09,-1.65175e+07,-7.77819e+08,0.00100641,0.000146761,2.56307e-24
0,2.3336e+09,-620801,3.43318e+08,1.04054e+08,1.54968e+07,-9.70976e+06,-2.7135e+07,0.000867486,0.000127624,7.11175e-31
0,1.96981e+09,5.02268e+07,3.17993e+08,6.25941e+09,1.57366e+08,5.11728e+08,-1.18929e+09,0.00104861,0.00016928,4.89572e-23
0,2.07975e+09,3.05567e+07,3.2026e+08,3.82846e+09,-1.32927e+08,2.35479e+08,-1.01736e+09,0.000991838,0.000152732,5.05017e-24
0,2.11111e+09,4.63811e+07,3.20119e+08,8.52801e+09,-2.37385e+08,1.55848e+08,-7.77194e+08,0.000976952,0.00014814,3.99528e-23
0,1.85658e+09,8.8983e+06,3.20847e+08,2.38921e+09,1.49416e+08,1.99789e+08,-1.34637e+09,0.00103869,0.000179503,2.80545e-24
0,1.85794e+09,-1.41075e+07,3.11072e+08,2.88538e+09,1.09485e+09,4.28681e+08,-1.17342e+09,0.000987927,0.000165407,7.0617e-24
0,1.74602e+09,3.74945e+07,3.06995e+08,3.01968e+09,1.31342e+09,-4.12364e+08,-1.32447e+09,0.00099948,0.000175734,5.79425e-24
0,1.91725e+09,9.45697e+07,2.95479e+08,1.0635e+10,1.59262e+09,-7.74894e+08,-9.8396e+08,0.000951125,0.000146583,9.50196e-23
0,2.07363e+09,-6.27597e+07,3.20076e+08,-6.46793e+09,1.38193e+09,1.35619e+08,-4.37205e+08,0.000866012,0.000133673,-3.94469e-24
0,1.89043e+09,-2.37783e+07,3.05905e+08,-9.07391e+09,1.41574e+09,-1.32571e+07,-1.14372e+09,0.000983295,0.000159114,-1.3043e-22
0,1.95267e+09,-3.68102e+06,3.22941e+08,5.04755e+08,5.40845e+08,-1.53818e+08,-1.05276e+09,0.000981151,0.000162267,-1.82355e-26
0,1.64479e+09,-3.76956e+07,1.91466e+08,-1.16775e+08,-6.02331e+07,2.11254e+08,-7.04977e+08,0.00123178,0.000143388,5.52016e-26
0,1.98087e+09,3.61981e+07,3.2078e+08,4.78762e+09,-1.71943e+08,4.1594e+08,-1.15633e+09,0.00108024,0.000174932,2.15223e-23
0,1.85521e+09,-3.71737e+07,3.08669e+08,-3.44229e+09,9.3082e+08,-1.30282e+08,-1.20123e+09,0.00101069,0.000168159,-1.01018e-23
0,1.7521e+09,-6.5208e+07,2.9835e+08,4.1179e+09,-3.99419e+08,3.67722e+08,-1.05551e+09,0.0010006,0.000170383,1.49831e-23
0,1.87542e+09,1.89849e+07,3.13148e+08,2.68739e+09,2.47978e+08,1.86058e+08,-1.52011e+09,0.00105224,0.000175696,4.71704e-24
0,1.8905e+09,1.78862e+07,3.04613e+08,4.45754e+09,1.28882e+09,3.33748e+08,-1.22032e+09,0.000997812,0.000160776,2.22352e-23
0,1.77743e+09,3.3975e+07,3.10613e+08,5.67311e+09,5.47039e+08,-2.69222e+08,-1.13749e+09,0.00102359,0.000178876,4.79254e-23
0,1.99308e+09,3.63876e+07,3.10829e+08,6.89702e+09,5.34993e+08,-6.34892e+08,-8.20772e+08,0.000944355,0.000147276,2.11984e-23
0,1.79023e+09,4.0154e+07,2.89222e+08,3.8162e+09,1.5128e+09,-4.68942e+08,-1.40658e+09,0.00103118,0.000166592,1.29116e-23
0,1.9714e+09,-8.49607e+07,2.85405e+08,-3.69513e+09,-7.37866e+08,4.98157e+08,-1.78e+08,0.00090727,0.000131348,-1.89129e-24
0,1.95682e+09,128368,3.13802e+08,2.00186e+09,-5.85702e+08,2.05352e+08,-1.43014e+09,0.00106231,0.000170356,1.63898e-24
0,1.77216e+09,3.99776e+06,3.06033e+08,-6.72138e+09,2.11294e+09,-4.64588e+08,-1.172e+09,0.000955083,0.000164933,-8.50938e-23
0,2.00665e+09,2.60269e+07,3.21682e+08,-8.97987e+09,-1.14923e+09,-5.15111e+08,-3.59746e+08,0.00102309,0.00016401,-1.94868e-23
0,2.04814e+09,3.02274e+07,2.92572e+08,3.20516e+09,-1.39363e+09,8.97946e+07,-1.18494e+09,0.00105285,0.000150398,1.02647e-23
0,2.11103e+09,4.22768e+06,3.32847e+08,6.51756e+08,-4.51945e+08,1.50698e+08,-6.29035e+08,0.000976815,0.000154015,3.88973e-26
0,2.06628e+09,-1.88211e+07,3.06541e+08,-2.32969e+09,-1.7226e+09,3.52467e+07,-1.03407e+09,0.00109255,0.000162084,-9.14652e-24
0,1.83576e+09,-5.61226e+07,3.07294e+08,5.40582e+09,-2.10847e+09,1.74492e+08,-6.53896e+08,0.00102802,0.000172085,4.93453e-23
0,2.03433e+09,-3.31947e+07,3.06533e+08,-4.08172e+09,-9.79559e+08,-3.38459e+08,-1.21659e+09,0.00106181,0.000159993,-1.25372e-23
0,1.82505e+09,2.16145e+07,3.14994e+08,2.86037e+09,7.67113e+08,1.95324e+08,-1.52922e+09,0.00105436,0.000181977,8.78069e-24
0,2.00587e+09,1.01519e+07,3.08218e+08,2.23504e+08,-1.01385e+09,-1.27015e+08,-1.43203e+09,0.00110907,0.000170417,-3.11018e-25
0,1.93267e+09,3.73656e+07,3.09903e+08,5.15709e+09,7.61751e+08,-1.68572e+08,-1.12614e+09,0.0010208,0.000163686,2.34515e-23
0,1.93567e+09,1.06501e+07,2.98796e+08,4.81222e+09,2.46906e+08,-2.89042e+08,-9.88877e+08,0.00097762,0.000150908,1.32583e-23
0,2.11207e+09,-1.90912e+07,3.32307e+08,-6.15284e+09,-5.65966e+08,-3.82409e+08,-7.06268e+08,0.000969353,0.000152516,-1.1411e-23
0,2.08132e+09,6.88649e+06,3.38737e+08,6.32876e+08,-1.20422e+08,-1.45199e+08,-5.00648e+08,0.00096694,0.00015737,3.35469e-27
0,2.01947e+09,1.0951e+07,3.26564e+08,1.43617e+08,2.03435e+08,2.04643e+08,-8.61555e+08,0.000968433,0.000156603,-1.47708e-26
0,1.84681e+09,2.10909e+07,3.04555e+08,-1.47742e+10,-2.0091e+09,-5.29468e+08,-6.51017e+08,0.00100191,0.000165223,-3.23002e-22
0,2.0615e+09,-4.4255e+07,3.03279e+08,-5.52099e+09,-1.11252e+09,1.23498e+08,-1.07395e+09,0.00106936,0.000157319,-3.31837e-23
0,1.93836e+09,4.46086e+07,3.2361e+08,-8.96601e+09,-8.87702e+08,-1.01856e+08,-4.0368e+08,0.000987244,0.000164821,-3.9689e-23
0,1.94165e+09,9.07679e+07,2.98825e+08,9.88085e+09,1.12396e+09,-6.58373e+08,-9.63398e+08,0.000956282,0.000147174,8.4381e-23
0,1.95521e+09,-2.56279e+07,3.07502e+08,3.43605e+09,7.9868e+08,-3.16013e+08,-6.42759e+08,0.00115974,0.000182396,5.26134e-24
0,1.98148e+09,-2.28073e+07,3.0122e+08,-3.22244e+09,-9.60759e+08,-3.14232e+08,-1.50112e+09,0.00109553,0.000166539,-1.05546e-23
0,1.95197e+09,8.11227e+06,3.37207e+08,3.99898e+09,3.28724e+08,1.73583e+08,-4.78175e+08,0.000931788,0.000160968,3.29928e-24
0,1.9386e+09,8.01328e+06,3.24007e+08,-4.38253e+08,2.27836e+08,-1.33785e+08,-1.12901e+09,0.000990513,0.000165549,7.59546e-26
0,2.03418e+09,7.25627e+07,3.04326e+08,6.095e+09,1.25614e+09,-4.9926e+08,-9.28168e+08,0.000957653,0.000143271,1.34309e-23
0,1.93567e+09,1.17011e+07,3.00561e+08,4.73174e+09,-7.60558e+08,-6.77237e+08,-1.20094e+09,0.0010893,0.000169142,3.28354e-23
0,1.98009e+09,4.15038e+06,3.28069e+08,8.70914e+08,4.13183e+08,7.68455e+07,-8.40807e+08,0.000968544,0.000160472,3.85647e-26
0,1.99588e+09,4.2672e+07,3.03799e+08,3.99605e+09,-7.19604e+08,-4.60321e+07,-1.28118e+09,0.00104814,0.000159541,1.36443e-23
0,1.72938e+09,-3.79729e+07,2.9256e+08,7.759e+09,-6.93919e+08,5.60433e+08,-9.99746e+08,0.00108874,0.000184182,1.54495e-22
0,2.07935e+09,-5.43304e+07,3.08645e+08,-9.21476e+09,-5.03804e+08,1.60723e+08,-9.40886e+08,0.00105115,0.000156025,-9.9857e-23
0,1.86811e+09,8.55749e+07,2.89737e+08,1.05787e+10,1.80926e+09,-8.11162e+08,-1.17332e+09,0.00095906,0.000148747,1.3224e-22
0,1.8425e+09,2.30244e+07,2.92866e+08,3.80499e+09,4.45684e+08,-4.13e+08,-1.72428e+09,0.00108354,0.000172229,1.97371e-23
0,2.0603e+09,-2.4491e+07,3.16383e+08,-2.79828e+09,-6.73488e+08,-1.40325e+08,-1.2649e+09,0.00106313,0.000163256,-3.94799e-24
0,1.80674e+09,-2.04736e+07,2.22996e+08,-5.71277e+09,-2.37936e+08,6.06946e+08,-2.09905e+08,0.00116528,0.000143824,-2.20597e-23
0,1.7812e+09,7.12652e+07,2.98651e+08,1.17159e+09,1.89639e+09,-8.02224e+08,-1.42463e+09,0.0010112,0.000169546,-1.00903e-25
0,1.91353e+09,-5.35338e+07,2.89823e+08,-7.53921e+09,4.20323e+08,4.08925e+08,-1.24988e+09,0.000997554,0.000151089,-7.61372e-23
0,1.82048e+09,5.58396e+07,3.20681e+08,-6.0635e+09,-2.08877e+08,-4.41501e+08,-5.243e+08,0.00095289,0.000167853,-1.6192e-23
0,1.98362e+09,-4.24915e+07,3.09504e+08,-5.66515e+09,-4.05296e+08,-4.37659e+08,-1.34532e+09,0.0010652,0.000166203,-3.796e-23
0,1.96143e+09,2.4739e+07,2.96948e+08,4.60167e+09,-1.21967e+09,-2.38906e+08,-1.22639e+09,0.00105289,0.0001594,2.91265e-23
0,1.88494e+09,-3.26702e+07,2.86999e+08,-3.83707e+09,-8.10171e+08,4.62969e+08,-1.37065e+09,0.00108972,0.000165919,-2.23017e-23
0,2.00099e+09,5.35766e+07,2.80286e+08,3.52467e+09,-1.3524e+09,-3.49069e+08,-1.28724e+09,0.00108824,0.000152434,1.78973e-23
0,2.13474e+09,4.73894e+07,3.17749e+08,7.85621e+09,-3.06226e+08,1.68072e+08,-7.64005e+08,0.000969917,0.000144369,2.77891e-23
0,2.01743e+09,-4.23198e+06,3.25072e+08,1.89301e+09,2.74016e+08,1.81547e+07,-8.92546e+08,0.00097398,0.000156939,5.30686e-25
0,2.07239e+09,1.35138e+07,3.33831e+08,-4.33554e+08,1.78579e+07,-3.229e+08,-4.197e+08,0.000967322,0.000155821,6.71341e-27
0,1.81595e+09,5.71234e+07,2.84921e+08,1.84468e+09,-1.27811e+08,-1.05109e+09,-1.48796e+09,0.00110065,0.00017269,-9.9286e-25
0,2.06068e+09,1.00146e+07,3.11776e+08,6.30052e+09,3.16334e+08,5.973e+07,-9.71473e+08,0.000958027,0.000144947,2.09227e-23
0,2.21774e+09,1.11483e+07,3.09514e+08,1.93887e+09,-1.93293e+09,-5.45338e+07,-8.11809e+08,0.00102428,0.000142951,4.14034e-24
0,2.07404e+09,-5.6548e+07,3.13332e+08,-1.1832e+10,-2.52317e+08,-2.11155e+07,-8.78118e+08,0.00101255,0.000152969,-1.60478e-22
0,2.02488e+09,3.43974e+07,3.06937e+08,2.43456e+09,-3.14019e+08,-3.9631e+08,-1.11896e+09,0.00101699,0.000154159,1.70433e-24
0,1.78029e+09,4.87459e+07,3.02295e+08,3.90157e+09,8.68097e+08,-8.42875e+08,-1.39664e+09,0.00102859,0.000174655,1.27906e-23
0,2.29626e+09,2.86763e+07,3.20826e+08,6.02818e+09,-1.32463e+09,-2.46179e+08,-4.337e+08,0.000955707,0.000133528,8.26839e-24
0,2.26808e+09,-1.51041e+07,3.10073e+08,4.86568e+09,1.57705e+09,-8.79175e+07,3.03488e+08,0.000969783,0.000132581,-5.25933e-24
0,1.82817e+09,-5.96215e+07,2.87358e+08,-4.71706e+09,2.91123e+07,5.87307e+08,-1.33057e+09,0.00107399,0.000168814,-3.40943e-23
0,2.11447e+09,5.89872e+07,3.08958e+08,6.52379e+09,-1.49984e+08,-1.04299e+08,-8.87472e+08,0.00098416,0.000143802,2.13175e-23
0,1.99982e+09,4.37657e+07,3.21341e+08,6.25631e+09,1.63366e+08,1.46758e+08,-6.83435e+08,0.000943774,0.00015165,1.5759e-23
0,2.02008e+09,1.02904e+07,3.21333e+08,1.7904e+09,2.92369e+08,1.6378e+08,-9.85063e+08,0.000976407,0.000155316,4.89016e-25
0,2.01225e+09,-3.68838e+07,3.25002e+08,-8.79278e+09,-1.4086e+08,-7.20049e+08,-9.52728e+08,0.00101827,0.000164463,-7.95978e-23
0,2.09705e+09,-1.93844e+07,3.03735e+08,-3.20875e+09,-1.47272e+09,-6.74271e+08,-9.72951e+08,0.00109765,0.000158983,-5.97956e-24
0,1.9977e+09,-9.83915e+06,3.06161e+08,4.73385e+09,8.18959e+07,3.46285e+08,-1.00369e+09,0.000980495,0.000150268,1.16332e-23
0,1.9033e+09,-5.20299e+07,3.17638e+08,-1.12146e+10,7.56116e+08,-1.91676e+08,-8.88587e+08,0.000957703,0.000159829,-1.68803e-22
0,1.97739e+09,1.00738e+07,3.27636e+08,-3.71331e+08,-5.30984e+07,-1.08481e+08,-1.04445e+09,0.000996275,0.000165074,4.7496e-26
0,2.14299e+09,4.28435e+07,3.09711e+08,4.48102e+09,-8.00638e+08,-5.89102e+07,-9.31967e+08,0.00101372,0.000146506,9.01572e-24
0,2.32345e+09,8.66348e+06,3.30991e+08,2.25175e+09,-9.97228e+08,-5.51805e+07,-2.61142e+08,0.000918457,0.00013084,3.74186e-25
0,2.06074e+09,1.01983e+07,3.02139e+08,3.55042e+08,-1.55797e+09,1.64752e+08,-1.04883e+09,0.00104319,0.00015295,1.33229e-24
0,2.18905e+09,-6.32791e+07,2.85076e+08,1.18776e+09,5.38305e+08,8.01476e+08,3.40081e+07,0.000988816,0.000128772,3.27073e-25
0,1.81663e+09,5.29989e+07,3.06548e+08,7.87465e+09,3.84579e+08,4.0532e+08,6.53197e+07,0.000918843,0.00015505,-1.04676e-25
0,2.10386e+09,-3.56757e+07,3.25039e+08,-1.05501e+10,-6.31565e+08,-4.9729e+08,-9.7535e+08,0.00100856,0.000155819,-1.04583e-22
0,2.03823e+09,-2.15001e+07,3.01816e+08,-4.45074e+09,-1.61813e+09,-5.64627e+08,-1.4075e+09,0.00110063,0.000162979,-2.72275e-23
0,1.99562e+09,2.59705e+07,3.23207e+08,2.04981e+09,4.10729e+08,7.56317e+07,-9.82422e+08,0.000983114,0.000159223,8.82995e-25
0,2.12796e+09,2.38134e+07,3.30777e+08,4.46003e+09,-5.64087e+08,1.0037e+08,-3.14613e+08,0.00106904,0.000166174,3.49037e-24
0,1.96816e+09,5.31344e+07,2.86455e+08,4.9865e+09,-1.01896e+09,-9.31832e+07,-1.3103e+09,0.00108678,0.000158175,3.84506e-23
0,2.07417e+09,1.43407e+07,3.04982e+08,4.46441e+09,-2.72473e+08,4.21995e+08,-9.47445e+08,0.000994622,0.000146247,7.25199e-24
0,1.96136e+09,-6.95433e+06,3.30363e+08,-8.73583e+09,-1.95373e+08,-4.25458e+08,-7.85206e+08,0.000987487,0.000166328,-6.41336e-23
0,1.84649e+09,2.81244e+07,2.87201e+08,2.27787e+09,8.93558e+08,-2.58344e+08,-1.5336e+09,0.00105639,0.00016431,2.90273e-24
0,1.83273e+09,3.23852e+07,2.75076e+08,1.52877e+09,-8.98793e+08,-7.04309e+08,-1.52649e+09,0.0011085,0.000166376,-1.42266e-24
0,1.87763e+09,-2.16655e+07,2.97476e+08,-2.92287e+09,4.47418e+08,5.58738e+08,-1.34246e+09,0.00104777,0.000166,-4.65038e-24
0,1.90959e+09,-2.74931e+07,2.95494e+08,-3.96391e+09,-1.28706e+08,-5.39024e+08,-1.2929e+09,0.00105229,0.000162833,-1.29186e-23
0,2.0132e+09,5.13566e+07,2.78932e+08,2.45105e+09,-1.37966e+09,-4.49239e+08,-1.3465e+09,0.00109255,0.000151375,7.05005e-24
0,1.94178e+09,1.07459e+07,3.14255e+08,7.55902e+09,1.07694e+09,-1.98811e+08,-7.24236e+08,0.000942491,0.000152531,2.96058e-23
0,2.00257e+09,3.49024e+07,2.79454e+08,5.18902e+09,-1.64011e+09,-5.34435e+08,-1.36338e+09,0.0010771,0.000150306,5.54226e-23
0,1.98912e+09,-6.39816e+07,2.89188e+08,-7.21197e+09,-7.49894e+08,2.88273e+08,-1.26736e+09,0.00107334,0.000156047,-9.30461e-23
0,2.08904e+09,3.84309e+07,3.1042e+08,3.24979e+09,-6.67723e+08,2.23221e+08,-9.91886e+08,0.00101466,0.000150774,3.50902e-24
0,2.03079e+09,3.61533e+07,3.02809e+08,6.38792e+09,-1.09196e+09,-1.34304e+08,-1.13904e+09,0.001029,0.000153433,4.60592e-23
0,2.1257e+09,1.14698e+06,3.26629e+08,-1.11514e+10,-1.18118e+09,-7.77877e+08,-8.85045e+07,0.00102108,0.000156896,2.31269e-23
0,2.03601e+09,1.49305e+07,3.00733e+08,-3.73984e+08,-1.53395e+09,-2.7626e+08,-1.17096e+09,0.00104472,0.000154313,-1.97302e-24
0,2.15065e+09,5.25005e+07,3.08283e+08,7.12323e+09,2.1724e+08,-5.44435e+08,-4.97992e+08,0.000931451,0.000133518,9.82261e-24
0,1.97245e+09,1.94721e+07,3.05389e+08,4.67366e+09,-3.61534e+08,-1.62931e+08,-1.05014e+09,0.00100848,0.00015614,1.49565e-23
0,2.08082e+09,-1.60512e+07,3.20495e+08,-9.95813e+09,-1.55588e+09,-8.74664e+08,-8.98143e+08,0.00107772,0.000165994,-8.10136e-23
0,2.00364e+09,8.33658e+06,3.29654e+08,1.89592e+09,3.13166e+07,-1.27248e+08,-8.19656e+08,0.000997127,0.000164055,5.42638e-25
0,2.00791e+09,2.52694e+07,3.15598e+08,-8.62796e+07,-1.18e+09,8.08059e+07,-9.83159e+08,0.00104074,0.00016358,1.17114e-25
0,2.25835e+09,2.05169e+07,3.3756e+08,3.79974e+09,2.14295e+08,3.79043e+07,-2.79508e+08,0.000913365,0.000136522,6.78552e-25
0,1.86665e+09,2.41869e+06,2.9109e+08,-3.70825e+09,6.79158e+08,-7.3621e+08,-1.24942e+09,0.00103405,0.000161253,-1.69396e-23
0,2.28116e+09,1.98562e+06,3.28765e+08,-1.76448e+08,-1.59593e+09,-6.16261e+07,-6.73938e+08,0.000999854,0.000144101,-2.45542e-25
0,1.91118e+09,-4.17694e+06,2.86424e+08,-1.28497e+09,4.55737e+08,1.75603e+08,-1.14289e+09,0.00104531,0.000156658,-1.70877e-25
0,2.04017e+09,200234,3.2733e+08,-7.69728e+08,-2.61777e+08,-4.06133e+07,-4.02872e+08,0.000967622,0.000155248,-2.07664e-26
0,1.93779e+09,-3.06868e+07,3.16661e+08,-1.08994e+10,-7.33273e+08,-6.38562e+08,-1.07642e+09,0.00102642,0.000167731,-2.01867e-22
0,1.99675e+09,-3.03205e+06,3.21608e+08,4.80581e+08,-3.11438e+08,-1.81724e+07,-1.16875e+09,0.00100576,0.000161993,-6.21425e-26
0,2.01142e+09,1.66529e+07,3.26608e+08,1.79213e+09,-2.39758e+08,5.14561e+07,-9.04054e+08,0.000999876,0.000162357,4.99965e-25
0,2.00966e+09,8.39885e+06,3.17934e+08,-1.5329e+09,-1.27254e+09,-7.32443e+06,-9.46193e+08,0.00105206,0.000166439,-2.44476e-24
0,1.83938e+09,4.08517e+06,2.74911e+08,1.37813e+10,3.78974e+08,-2.88301e+08,1.96258e+07,0.0010568,0.000157948,-2.81831e-23
0,1.89925e+09,2.22912e+07,3.15656e+08,7.94973e+09,9.90199e+08,1.97789e+08,-1.13308e+09,0.000956642,0.000158994,7.8678e-23
0,1.84089e+09,-1.17493e+07,2.90356e+08,-2.94759e+09,-2.97418e+08,-9.54615e+08,-1.08475e+09,0.00102402,0.000161515,-6.49748e-25
0,1.9027e+09,5.34075e+07,2.98942e+08,7.35502e+09,9.86585e+08,-5.39604e+08,-1.1463e+09,0.000970185,0.00015243,5.16134e-23
0,2.09337e+09,8.41603e+07,2.9341e+08,-3.16551e+09,6.74548e+08,9.78279e+07,-7.42342e+07,0.000998046,0.000139888,1.05164e-25
0,2.22668e+09,2.35585e+07,3.34709e+08,2.2097e+09,1.3779e+08,3.54228e+06,-3.75722e+08,0.000917488,0.000137915,1.89057e-25
0,1.93425e+09,-4.65676e+07,2.89852e+08,-3.55688e+09,-9.17078e+08,1.34615e+08,-1.35205e+09,0.00109239,0.000163698,-1.65122e-23
0,2.32097e+09,6.19e+06,3.21763e+08,-9.06217e+08,1.131e+09,8.63128e+07,8.01921e+07,0.000902921,0.000125174,9.71562e-26
0,1.834e+09,-4.39825e+07,3.07287e+08,-4.55496e+08,1.29863e+09,5.55364e+08,-1.31991e+09,0.00102464,0.000171679,1.71796e-28
0,1.97935e+09,4.60539e+06,3.07992e+08,-2.27797e+08,-1.65914e+09,-1.36002e+08,-1.25601e+09,0.00110806,0.000172417,-2.12175e-24
0,1.96732e+09,8.61501e+06,3.09044e+08,-5.6692e+08,-8.00305e+08,-8.03879e+08,-1.22268e+09,0.00108971,0.000171182,-5.75104e-25
0,2.10812e+09,-6.145e+07,3.14512e+08,-9.58232e+09,3.86188e+08,1.09567e+08,-6.35967e+08,0.000917833,0.000136932,-3.42361e-23
0,1.84968e+09,-2.62155e+07,3.18566e+08,-9.37839e+09,-1.67731e+08,-4.92778e+08,-1.00585e+09,0.000990841,0.00017065,-1.39406e-22
0,1.86383e+09,-1.49196e+07,2.84675e+08,-8.27938e+08,1.03779e+09,4.27891e+08,-1.27727e+09,0.00102695,0.000156852,-9.78492e-27
0,2.01562e+09,-1.43715e+07,3.13977e+08,-9.77307e+08,6.27225e+08,6.72217e+06,-8.96999e+08,0.000943454,0.000146964,-6.0498e-26
0,2.02199e+09,5.20315e+07,3.0599e+08,9.76368e+09,4.50504e+08,4.07827e+07,-8.54486e+08,0.000988692,0.000149619,8.91964e-23
0,1.92539e+09,3.66249e+07,3.23253e+08,1.60964e+09,6.32099e+08,8.74957e+06,-9.76917e+08,0.000996425,0.000167289,5.47381e-25
0,1.92655e+09,3.90237e+07,3.17093e+08,6.76313e+09,6.79761e+08,-3.68485e+08,-9.07704e+08,0.000952902,0.000156839,2.92359e-23
0,1.76523e+09,-3.461e+07,2.80321e+08,-1.23027e+09,-8.04628e+08,-6.86676e+08,-9.56324e+08,0.00100761,0.000160009,-2.51391e-25
0,1.97055e+09,-5.91668e+06,3.15012e+08,-1.80943e+09,-6.33136e+08,-7.57161e+07,-1.06539e+09,0.00103918,0.000166123,-1.17954e-24
0,1.95699e+09,-3.45355e+06,3.02115e+08,-2.1201e+09,-1.32852e+09,-8.0613e+07,-1.38856e+09,0.00109469,0.000168996,-7.41404e-24
0,1.88047e+09,-3.9666e+07,3.16855e+08,1.03464e+08,1.05542e+09,2.80439e+08,-1.08338e+09,0.00102245,0.00017228,1.08113e-26
0,1.87194e+09,-1.50765e+07,3.07946e+08,-3.29273e+09,4.75122e+08,-1.62933e+08,-1.2278e+09,0.000997491,0.000164093,-7.23111e-24
0,1.89445e+09,-8.62115e+07,2.72919e+08,-4.91976e+09,-8.50703e+08,1.52024e+08,-1.17748e+09,0.00110107,0.000158623,-4.18213e-23
0,2.0323e+09,6.24525e+07,3.21266e+08,2.57079e+09,1.70478e+09,-2.23567e+08,-5.99054e+08,0.000910742,0.00014397,-5.45138e-25
0,1.95774e+09,-4.65006e+07,2.992e+08,-7.19808e+09,-7.84447e+08,-1.38678e+08,-1.318e+09,0.00107257,0.00016392,-9.53309e-23
0,2.17684e+09,-1.64171e+07,3.35932e+08,-8.55971e+09,-6.25838e+08,-4.39874e+08,-5.2107e+08,0.000963438,0.000148679,-1.81054e-23
0,1.92143e+09,-7.59028e+07,3.1214e+08,-1.15049e+10,1.07282e+09,-3.69178e+07,-9.53196e+08,0.000950663,0.000154437,-1.73959e-22
0,1.86669e+09,-1.95746e+07,2.90856e+08,2.61421e+08,9.8088e+08,3.35693e+08,-1.25556e+09,0.00103192,0.000160787,6.33823e-27
0,1.55209e+09,3.53084e+07,2.20737e+08,5.49809e+09,6.46906e+08,-4.23043e+07,-2.47279e+08,0.00111961,0.000159231,2.91477e-23
0,2.01262e+09,-1.66533e+07,3.10382e+08,-2.95213e+09,-4.40927e+08,5.61337e+07,-1.1278e+09,0.00103708,0.000159937,-4.01631e-24
0,2.00771e+09,-9.98554e+06,3.0688e+08,-4.70092e+09,-1.44151e+09,-4.92219e+06,-1.26495e+09,0.00110287,0.000168575,-3.73747e-23
0,2.04845e+09,-4.91166e+07,2.98374e+08,-9.42797e+09,-4.32199e+08,-9.32686e+06,-1.07694e+09,0.00105706,0.000153969,-1.31269e-22
0,1.99861e+09,9.62765e+06,3.23694e+08,1.53076e+09,1.5587e+08,-1.54117e+08,-4.63769e+08,0.00096127,0.000155687,1.41461e-25
0,1.8616e+09,-4.37247e+07,3.08412e+08,-1.18783e+09,-1.39418e+09,-1.2701e+08,-9.21107e+08,0.00101551,0.00016824,-2.95742e-24
0,1.92863e+09,-8.35811e+07,2.80817e+08,-4.90991e+09,-2.41151e+09,1.87936e+08,-9.08363e+08,0.00103164,0.000150212,-5.85463e-23
0,1.85928e+09,4.0502e+07,3.07396e+08,4.0843e+09,8.07598e+08,-7.51783e+08,-1.13747e+09,0.00100906,0.000166828,9.29116e-24
0,1.59868e+09,2.63588e+07,2.15251e+08,8.13809e+09,3.97759e+07,-5.41484e+07,-3.2008e+08,0.00116541,0.000156914,1.41485e-22
0,1.93056e+09,8.85602e+06,3.27407e+08,1.43625e+09,3.12115e+08,5.83846e+07,-1.07575e+09,0.000999759,0.000169551,2.73728e-25
0,1.96193e+09,-1.03799e+06,3.12501e+08,-3.76767e+09,8.58095e+07,2.57207e+08,-1.11155e+09,0.00102791,0.000163728,-8.34158e-24
0,2.03435e+09,-4.53632e+07,3.15082e+08,-1.14199e+10,-6.24268e+08,-3.84574e+08,-9.18247e+08,0.0010553,0.000163447,-1.91288e-22
0,1.95464e+09,5.57168e+07,2.99069e+08,9.97064e+09,8.9796e+07,-2.38927e+08,-1.12036e+09,0.000977913,0.000149625,1.36518e-22
0,2.11979e+09,-2.26216e+07,3.21399e+08,-4.61081e+09,-1.19926e+09,-2.68654e+08,-1.09651e+09,0.00104005,0.000157691,-1.36552e-23
0,2.24722e+09,3.8102e+06,3.30577e+08,9.26677e+08,-1.38254e+09,4.42105e+06,-7.12084e+08,0.00104502,0.000153728,7.80992e-25
0,2.0818e+09,4.51513e+07,2.62625e+08,6.05162e+09,1.14174e+08,-9.16979e+08,-6.21831e+08,0.00105796,0.000133464,1.62364e-23
0,1.79318e+09,-1.93158e+07,2.9901e+08,-8.59954e+08,1.49608e+09,-2.23757e+06,-1.41555e+09,0.000983131,0.000163936,-1.74975e-25
0,1.93472e+09,2.71402e+06,3.03708e+08,4.39224e+09,-4.4834e+08,7.9976e+08,-8.96704e+08,0.00105298,0.000165295,7.72764e-24
0,1.69701e+09,-5.09174e+07,2.86412e+08,-4.77592e+08,-4.32034e+08,4.1359e+08,-1.2421e+09,0.00103464,0.000174621,6.73791e-25
0,1.96968e+09,-5.15771e+07,2.98149e+08,-1.01416e+10,-2.83193e+08,-2.97205e+07,-1.07521e+09,0.0010221,0.000154714,-1.66973e-22
0,1.9757e+09,2.02815e+07,3.00647e+08,4.7036e+09,-6.49711e+08,-7.53568e+08,-1.08871e+09,0.00104082,0.000158384,2.06085e-23
0,2.10486e+09,2.73334e+07,3.34276e+08,1.14494e+09,2.96003e+08,2.4983e+08,-5.79406e+08,0.000951195,0.000151061,7.79037e-26
0,1.96676e+09,3.42158e+06,3.24998e+08,1.47754e+09,1.63769e+08,-4.3516e+07,-9.9198e+08,0.00102713,0.000169729,2.83599e-25
0,1.88039e+09,-8.95505e+06,3.08828e+08,1.03749e+09,1.32195e+08,4.48625e+07,-1.06863e+09,0.00102964,0.000169103,-4.14047e-27
0,1.90959e+09,-3.69616e+07,3.0195e+08,-7.88344e+09,-1.21215e+09,-6.15141e+06,-1.2603e+09,0.00107562,0.00017008,-1.52487e-22
0,1.87292e+09,3.25767e+07,2.95965e+08,-5.52407e+09,-1.44305e+09,3.10449e+08,-1.12302e+09,0.00108483,0.000171429,-7.28597e-23
0,1.99832e+09,3.88514e+07,2.91802e+08,3.31318e+09,-1.15879e+09,-9.40987e+07,-1.32277e+09,0.00107384,0.000156806,1.24869e-23
0,2.0705e+09,2.33884e+06,3.0945e+08,7.71209e+09,-2.12676e+08,6.93929e+07,-9.70707e+08,0.000988595,0.000147752,4.33405e-23
0,1.66539e+09,6.4643e+07,2.9766e+08,-5.21612e+09,-2.06175e+09,-2.26082e+08,-9.3704e+08,0.00110382,0.00019729,-1.29368e-22
0,1.98336e+09,-5.83076e+07,3.16911e+08,-1.28776e+10,6.32073e+07,-4.80423e+08,-9.02158e+08,0.000994456,0.000158899,-2.44035e-22
0,1.8346e+09,-6.34139e+07,2.98504e+08,-8.32691e+09,1.18908e+09,-5.12038e+07,-1.00839e+09,0.000975207,0.000158674,-1.00846e-22
0,1.89877e+09,2.25579e+07,2.93744e+08,3.47576e+09,3.89789e+08,1.50957e+08,-8.01936e+08,0.000960803,0.000148639,4.62272e-24
0,2.06927e+09,1.39657e+07,3.08043e+08,2.35834e+09,-1.15537e+09,-7.03433e+08,-9.90792e+08,0.00106237,0.00015815,2.85381e-24
0,2.18351e+09,6.02347e+07,3.11764e+08,4.71129e+08,9.55827e+08,-2.13405e+07,5.78387e+07,0.000956544,0.000136577,-5.50462e-26
0,1.96932e+09,1.51904e+07,3.1071e+08,1.04489e+09,-5.82002e+08,1.44702e+08,-1.08238e+09,0.00104393,0.000164706,2.9062e-25
0,2.07761e+09,7.34035e+06,3.20365e+08,7.45315e+09,-1.38692e+08,2.80629e+08,-9.1015e+08,0.000969929,0.000149562,3.22112e-23
0,2.03104e+09,6.37034e+07,3.13167e+08,9.86744e+09,4.0738e+07,-2.99917e+08,-9.43375e+07,0.0010157,0.00015661,1.0888e-23
0,1.73281e+09,-5.39149e+07,2.94353e+08,4.81029e+09,4.20642e+08,7.31875e+08,-1.01647e+09,0.00101368,0.000172195,3.5448e-23
0,2.33037e+09,3.50384e+06,3.41513e+08,1.18805e+09,-3.64487e+08,1.32387e+07,-1.32806e+08,0.000880172,0.000128988,1.16972e-26
0,2.06763e+09,3.18788e+07,2.93161e+08,-7.29196e+09,-1.03019e+09,-1.72296e+08,3.33101e+08,0.000930136,0.00013188,1.10438e-23
0,1.96757e+09,6.08963e+07,3.17168e+08,2.38966e+09,2.68438e+09,-5.08586e+08,-6.32162e+08,0.000865408,0.000139502,-3.29332e-24
0,1.99189e+09,3.59458e+07,2.9481e+08,4.00957e+09,-2.52164e+08,1.53461e+08,-8.46038e+08,0.000978902,0.000144883,5.82104e-24
0,1.8865e+09,-7.98978e+07,3.00481e+08,-1.1606e+10,1.48102e+09,1.20111e+08,-7.42383e+08,0.000994141,0.000158347,-1.73396e-22
0,2.06082e+09,1.18092e+07,3.20942e+08,-1.39742e+08,-4.5771e+08,1.67203e+07,-1.02729e+09,0.00100463,0.000156457,9.03734e-27
0,1.94523e+09,-5.52304e+07,2.94787e+08,3.95482e+09,7.59754e+08,2.48579e+08,-6.13234e+08,0.00107117,0.000162328,9.57589e-24
0,1.98325e+09,6.02546e+06,3.23868e+08,2.52062e+08,-1.07631e+08,7.16267e+07,-1.15506e+09,0.00101537,0.000165812,-4.64406e-26
0,1.74527e+09,-2.69195e+06,2.87103e+08,1.11918e+09,1.02643e+09,-3.70672e+08,-1.33018e+09,0.000997578,0.000164105,1.2277e-25
0,1.94462e+09,7.30797e+06,3.07776e+08,-5.55313e+09,3.31203e+08,-1.26485e+08,-1.23818e+09,0.00099885,0.000158088,-2.95991e-23
0,2.26804e+09,3.01432e+07,3.28205e+08,5.20865e+09,-8.014e+08,-1.80008e+08,-3.06032e+08,0.000926428,0.000134062,2.8105e-24
0,1.98475e+09,3.39092e+06,3.16488e+08,-7.20173e+08,-1.04159e+09,-7.06686e+07,-1.01388e+09,0.00105627,0.000168433,-7.5403e-25
0,1.89713e+09,-6.85298e+07,3.20084e+08,-9.91021e+09,1.57882e+09,-3.42944e+08,-7.91106e+08,0.000927668,0.000156517,-1.02055e-22
0,1.88565e+09,2.21677e+07,3.12784e+08,-6.14084e+08,1.03936e+09,-1.10516e+08,-1.23942e+09,0.00101403,0.000168203,-6.14077e-26
0,1.89582e+09,2.71227e+07,2.88517e+08,-1.13255e+09,5.77188e+06,-1.26862e+08,-1.3607e+09,0.00106587,0.000162211,2.1503e-25
0,1.82997e+09,-6.81014e+07,3.04691e+08,-1.02221e+10,1.71337e+09,4.55737e+08,-6.18642e+08,0.000966752,0.000160965,-6.36613e-23
0,2.02587e+09,-4.6479e+07,3.01836e+08,1.61793e+09,7.3678e+08,8.22161e+07,-4.46136e+08,0.00107431,0.000160063,3.55948e-25
0,2.10655e+09,1.84018e+07,3.00974e+08,3.80489e+09,-1.11283e+09,3.43544e+08,-8.06305e+08,0.00100749,0.000143945,4.76843e-24
0,1.99677e+09,-2.98989e+07,3.15796e+08,2.50413e+08,-2.43331e+09,-7.86351e+08,-7.13017e+07,0.000922023,0.000145821,-2.24962e-24
0,2.26581e+09,-2.51093e+07,3.28215e+08,6.79072e+09,6.15401e+08,4.02755e+07,2.82296e+08,0.000915901,0.000132673,-3.89269e-24
0,1.95627e+09,-2.01349e+07,3.10942e+08,-2.28996e+09,-1.09398e+09,-3.02533e+08,-1.15812e+09,0.00107877,0.000171466,-4.78057e-24
0,2.05022e+09,3.0514e+07,3.11439e+08,3.7264e+09,-1.2809e+09,2.74753e+08,-1.17392e+09,0.00110285,0.000167529,1.44718e-23
0,2.01256e+09,-3.22305e+07,3.28687e+08,-8.41002e+09,4.21391e+08,-3.38254e+08,-8.58774e+08,0.000945202,0.000154368,-4.91888e-23
0,2.01479e+09,4.37502e+06,2.81106e+08,1.55461e+09,-1.63585e+09,3.7797e+08,-1.22107e+09,0.00106198,0.000148169,6.16366e-24
0,1.93594e+09,8.08081e+06,3.11647e+08,6.15049e+09,1.36292e+09,5.50437e+08,-1.07114e+09,0.000944861,0.000152104,3.78572e-23
0,1.58052e+09,-9.72106e+07,2.8688e+08,1.77758e+09,1.15409e+09,5.31572e+08,-9.76694e+08,0.000975042,0.00017698,4.75096e-24
0,1.96854e+09,-2.0909e+07,2.85818e+08,-1.91597e+09,-710572,-4.69177e+08,-1.06291e+09,0.00103368,0.000150083,-5.75851e-25
0,1.8003e+09,2.95281e+07,2.85828e+08,-1.35255e+09,7.49784e+08,-1.55707e+08,-1.46204e+09,0.00105701,0.000167817,-5.72003e-25
0,2.08854e+09,-7.81393e+06,3.34209e+08,-2.18182e+09,-4.02016e+08,-5.79249e+08,-5.88775e+08,0.000947963,0.000151693,-3.19203e-26
0,1.93259e+09,-2.84835e+07,3.17541e+08,-5.92817e+09,-9.88344e+08,-8.51635e+08,-1.07737e+09,0.00105316,0.000173042,-2.43521e-23
0,2.02518e+09,-3.979e+07,3.0792e+08,-4.50651e+09,-8.54826e+08,-8.35898e+07,-1.14705e+09,0.00106403,0.000161781,-1.78359e-23
0,2.23592e+09,-1.8836e+07,3.19056e+08,-6.32942e+09,-1.91378e+09,2.00564e+07,-7.43174e+08,0.00101262,0.000144496,-2.51505e-23
0,1.89293e+09,-1.51335e+06,3.0482e+08,-8.24467e+08,2.55091e+07,1.43786e+08,-1.29836e+09,0.0010214,0.000164477,2.05061e-25
0,1.91088e+09,2.21047e+07,3.23049e+08,1.19721e+09,5.47318e+08,7.97269e+07,-1.20069e+09,0.00101109,0.000170933,1.6859e-25
0,1.46724e+09,-1.78791e+07,2.02547e+08,6.13648e+07,1.32566e+09,-2.34523e+08,-4.23016e+08,0.00122393,0.00016896,9.4511e-25
0,2.09703e+09,7.39639e+06,3.16699e+08,6.13433e+08,-1.2706e+09,2.85017e+08,-6.72605e+08,0.000968354,0.000146243,6.36393e-25
0,2.06888e+09,-4.58994e+07,3.13792e+08,-4.77004e+09,-3.01172e+08,-1.49178e+08,-1.09247e+09,0.00102785,0.000155896,-1.33989e-23
0,2.03596e+09,1.06256e+07,3.12706e+08,-3.27358e+09,-2.33844e+09,-5.45268e+08,-9.57569e+06,0.000883243,0.000135658,-3.06355e-24
0,2.15446e+09,-3.72895e+07,3.21225e+08,-3.34571e+09,-2.31906e+09,-3.0112e+08,-5.71862e+08,0.000998977,0.000148946,-1.0649e-23
0,2.28798e+09,-6.85154e+06,3.26496e+08,1.85479e+09,-1.36149e+09,-1.3759e+08,-2.26418e+08,0.000913866,0.000130409,5.42378e-25
0,1.90761e+09,3.07844e+06,3.02445e+08,1.1407e+09,-1.37582e+09,-5.3998e+07,-1.24753e+09,0.00102167,0.000161982,2.18156e-24
0,2.1068e+09,-3.95384e+07,3.16293e+08,-8.31687e+09,-8.98407e+08,-1.40445e+08,-9.23532e+08,0.00105454,0.000158318,-6.64997e-23
0,1.93861e+09,-5.42126e+06,3.26826e+08,2.18746e+08,2.65282e+08,-8.10865e+07,-1.04646e+09,0.00098273,0.000165676,-2.20668e-26
0,2.17223e+09,3.74957e+07,3.10202e+08,-1.80072e+09,-2.02859e+09,1.68285e+07,-2.06786e+07,0.00095194,0.000135941,-1.97452e-24
0,1.83929e+09,4.32006e+07,3.09691e+08,1.88482e+09,1.30531e+09,-2.10351e+08,-1.4266e+09,0.00100988,0.000170039,1.35978e-24
0,2.07743e+09,-654744,3.13985e+08,-2.21834e+08,-1.19089e+09,4.69673e+08,-7.09397e+08,0.000982923,0.00014856,4.33073e-25
0,1.9912e+09,-5.4206e+07,2.73753e+08,-6.77952e+09,-4.13844e+08,7.23086e+08,-1.08528e+09,0.00101285,0.000139248,-4.82784e-23
0,2.05592e+09,5.96026e+07,3.08044e+08,9.41684e+09,6.42035e+08,-4.35008e+08,-7.22813e+08,0.000944357,0.000141496,4.35237e-23
0,1.8529e+09,4.50012e+06,2.93368e+08,-1.90076e+09,-5.38828e+08,1.79808e+08,-1.64593e+09,0.00108892,0.000172407,-1.49632e-24
0,1.60888e+09,2.07117e+07,3.03875e+08,2.41394e+08,1.11219e+09,3.21365e+08,-4.67084e+08,0.00105339,0.000198958,-2.10023e-25
0,2.03349e+09,-6.03916e+07,3.13867e+08,-4.35137e+09,-2.28542e+09,-2.29656e+08,-5.27769e+08,0.000985889,0.000152171,-1.73319e-23
0,2.04489e+09,5.43721e+07,3.15795e+08,9.25036e+09,5.84568e+08,-7.89911e+07,-7.31377e+08,0.000924984,0.000142846,4.29318e-23
0,2.18186e+09,-1.37815e+07,3.37477e+08,-3.29033e+09,-2.31532e+08,-3.60601e+08,-4.46756e+08,0.000932287,0.0001442,-6.89391e-25
0,1.88528e+09,4.00274e+07,3.11258e+08,6.92293e+08,3.11704e+08,-5.16093e+08,-1.13507e+09,0.00103362,0.00017065,-8.96311e-26
0,1.62802e+09,5.75949e+07,2.65182e+08,1.28715e+10,9.27431e+08,-3.6617e+08,2.90956e+08,0.00101974,0.000166102,-3.1111e-22
0,2.18214e+09,4.76247e+06,3.07525e+08,-6.11448e+09,-7.80643e+08,-1.67776e+08,1.95095e+08,0.000951956,0.000134157,3.55111e-24
0,2.02613e+09,-4.61648e+06,3.28493e+08,5.60097e+08,-1.67458e+08,2.65395e+08,-5.22885e+08,0.000992738,0.000160951,-7.57303e-27
0,1.81742e+09,4.31309e+07,3.0934e+08,3.44239e+09,1.27684e+09,-4.90496e+08,-1.35782e+09,0.00102002,0.000173616,7.99435e-24
0,2.30665e+09,2.32922e+07,3.23266e+08,4.95739e+09,-1.2572e+09,-2.04993e+08,-3.57381e+08,0.00093823,0.000131488,3.85867e-24
0,1.93753e+09,-6.35925e+07,3.15635e+08,-4.2661e+09,-1.21463e+09,-1.82205e+08,-4.69398e+08,0.000972314,0.000158395,-6.19924e-24
0,2.18697e+09,-1.4113e+07,3.36608e+08,-3.7769e+09,-2.62757e+08,-3.02041e+08,-4.58216e+08,0.000923518,0.000142143,-1.10019e-24
0,1.8353e+09,4.27476e+07,3.11471e+08,2.23182e+09,3.66213e+08,-6.57448e+08,-1.12933e+09,0.00102999,0.000174802,1.36701e-24
0,2.20607e+09,-1.68275e+07,3.11674e+08,-5.16926e+09,-1.80803e+09,-3.78015e+08,-7.41403e+08,0.00105295,0.00014876,-1.46148e-23
0,1.95824e+09,-4.162e+07,3.19541e+08,-1.10195e+10,-4.90403e+07,-9.89763e+07,-9.18031e+08,0.000994714,0.000162315,-1.6475e-22
0,2.00802e+09,-2.21715e+07,3.1413e+08,6.57272e+09,9.9336e+08,-2.15684e+08,-3.35277e+08,0.00110228,0.000172439,1.248e-23
0,1.90821e+09,-9.48972e+06,3.27929e+08,2.52213e+09,8.84352e+08,5.75859e+08,-2.701e+08,0.000931058,0.000160004,1.73651e-24
0,1.99026e+09,2.49639e+07,2.9725e+08,6.83581e+09,8.04781e+08,7.26721e+07,-8.2363e+08,0.00094851,0.000141662,2.66857e-23
0,1.98323e+09,4.85035e+07,3.17387e+08,2.52038e+09,6.36563e+08,-4.14005e+06,-1.12191e+09,0.00101235,0.000162012,2.2862e-24
0,1.92654e+09,-2.63173e+07,3.32399e+08,-7.53712e+09,5.52808e+08,-4.57518e+08,-7.81529e+08,0.000949788,0.000163873,-4.4092e-23
0,1.93303e+09,3.31488e+07,2.86369e+08,4.03589e+09,-7.36829e+08,-1.43802e+08,-1.5327e+09,0.00109068,0.000161579,2.3408e-23
0,1.93737e+09,4.36127e+06,2.89242e+08,-4.13252e+08,3.52419e+08,-2.88644e+08,-1.09322e+09,0.00101399,0.000151385,8.06306e-26
0,2.02068e+09,-3.27946e+07,2.84246e+08,-2.73442e+09,-4.84139e+08,2.12368e+08,-1.24126e+09,0.00106639,0.000150007,-3.89108e-24
0,1.83373e+09,-2.53094e+07,3.04617e+08,-1.27865e+09,9.49475e+08,3.9105e+08,-1.34899e+09,0.00100346,0.000166693,-1.62422e-25
0,2.10155e+09,-2.57128e+07,3.12362e+08,-8.13998e+09,-1.27842e+09,-3.35304e+08,-7.25749e+08,0.00103065,0.00015319,-4.10847e-23
0,1.79193e+09,-3.45657e+07,3.17998e+08,-8.27237e+09,1.49273e+09,-1.21134e+08,-9.90783e+08,0.000946691,0.000168001,-9.71796e-23
0,1.84928e+09,4.24025e+07,2.86163e+08,5.00941e+09,9.07259e+08,-3.26087e+08,-1.41128e+09,0.0010055,0.000155594,2.88754e-23
0,1.89408e+09,-1.53799e+07,3.34459e+08,-5.32863e+09,9.03093e+08,-2.33466e+08,-6.94965e+08,0.000932127,0.000164596,-1.42586e-23
0,2.23276e+09,-4.04948e+06,3.18926e+08,2.80899e+08,8.33e+08,-3.68749e+07,-1.08825e+08,0.000878731,0.000125517,-8.16991e-27
0,2.01688e+09,3.1869e+07,3.16231e+08,1.16097e+10,3.10888e+08,-1.10119e+08,-7.41928e+08,0.000967763,0.000151738,1.16412e-22
0,1.81122e+09,-1.94281e+07,2.84778e+08,1.03557e+09,9.94626e+08,1.37334e+08,-1.70438e+09,0.00106919,0.000168108,6.15269e-26
0,1.95055e+09,5.34261e+07,2.99583e+08,9.78957e+09,-8.18988e+08,2.09597e+08,-1.16236e+09,0.00103331,0.000158705,1.76535e-22
0,1.74639e+09,-1.18681e+07,2.99263e+08,6.49192e+09,1.03342e+09,1.66005e+08,-1.13483e+09,0.00104693,0.000179403,1.02966e-22
0,1.85966e+09,-1.31539e+07,2.91373e+08,9.36861e+08,7.95469e+08,5.53769e+07,-1.12503e+09,0.000996048,0.000156061,1.33018e-25
0,1.91801e+09,1.53014e+07,3.21858e+08,-8.54352e+08,9.70003e+08,-3.95876e+08,-1.0535e+09,0.000965335,0.000161991,-2.42586e-25
0,1.95457e+09,2.03209e+07,3.13009e+08,2.52956e+09,-8.18401e+08,-5.92551e+08,-1.08281e+09,0.0010519,0.000168454,3.67618e-24
0,1.48701e+09,2.50394e+07,1.77496e+08,3.30584e+09,5.49549e+08,-1.26878e+08,-4.68054e+08,0.0013313,0.00015891,3.37987e-23
0,1.93446e+09,3.16197e+07,3.0778e+08,4.6188e+09,-6.72918e+08,-3.41869e+08,-1.34565e+09,0.00107595,0.000171189,2.98814e-23
0,2.25092e+09,-2.89547e+07,3.22784e+08,7.08602e+09,9.27799e+08,4.03817e+07,3.76591e+08,0.000935345,0.00013413,-7.25012e-24
0,2.04952e+09,4.40733e+07,3.23182e+08,5.26159e+09,-1.13362e+09,3.85032e+08,-6.40097e+08,0.000964361,0.000152067,7.47017e-24
0,2.10728e+09,3.2632e+07,3.08378e+08,6.30812e+09,-1.2785e+09,2.29808e+08,-9.9056e+08,0.0010244,0.000149909,2.88164e-23
0,1.96814e+09,4.15517e+07,3.09788e+08,1.35979e+10,1.42276e+09,1.31992e+08,-3.59091e+08,0.000942014,0.000148274,9.63427e-23
0,1.98557e+09,6.7868e+06,3.08613e+08,1.03357e+09,-1.62236e+09,-5.06842e+08,-1.07573e+09,0.00104832,0.000162937,-5.62496e-26
0,1.95825e+09,8.67424e+07,2.75911e+08,1.04105e+09,-1.37517e+09,-2.92027e+08,-9.39387e+08,0.00109932,0.00015489,1.1548e-24
0,2.09475e+09,3.84421e+07,3.23124e+08,7.8848e+09,-2.6512e+08,6.06459e+07,-8.65403e+08,0.000963972,0.000148697,3.44886e-23
0,1.97976e+09,-2.55497e+06,3.11931e+08,-1.12038e+08,-3.22872e+08,-6.415e+08,-1.1837e+09,0.0010309,0.000162428,-2.04731e-26
0,2.00232e+09,1.00322e+07,3.07803e+08,4.57951e+09,-1.54405e+09,8.74687e+08,-7.60449e+08,0.0010662,0.000163899,3.70194e-24
0,1.81817e+09,1.70305e+07,2.88563e+08,-9.88252e+09,-1.2763e+09,-3.29303e+08,-1.19778e+09,0.0011346,0.000180072,-4.2028e-22
0,1.86769e+09,-7.53837e+06,2.74584e+08,2.74077e+09,-1.17623e+08,3.78013e+08,-1.22784e+09,0.00103129,0.000151618,3.63893e-24
0,2.00154e+09,-1.93898e+07,3.04158e+08,1.43041e+09,6.85062e+08,7.30912e+07,-9.83923e+08,0.000974461,0.000148081,3.15289e-25
0,2.03209e+09,-4.96959e+07,3.09345e+08,-8.61582e+09,-3.77569e+08,-4.15935e+08,-1.04381e+09,0.00100176,0.000152497,-7.22334e-23
0,1.9362e+09,3.7452e+06,3.2193e+08,7.82708e+08,7.12624e+07,2.79141e+07,-1.19617e+09,0.00101998,0.000169591,-1.23043e-25
0,1.78726e+09,-1.68672e+07,2.98181e+08,1.43287e+09,-1.6269e+09,-4.00744e+08,-1.41784e+09,0.00109406,0.00018253,4.02751e-24
0,2.05355e+09,4.58103e+07,3.0996e+08,8.29252e+09,-6.75456e+08,2.8298e+08,-9.60801e+08,0.00100595,0.000151837,5.79892e-23
0,1.97737e+09,6.01628e+07,2.66715e+08,6.30003e+09,-1.13024e+09,-1.54514e+08,-1.35225e+09,0.00110105,0.000148514,8.33673e-23
0,1.8956e+09,3.74897e+06,3.02711e+08,2.41899e+08,-1.48093e+09,-3.25114e+08,-1.07364e+09,0.00104712,0.000167216,-1.32258e-24
0,1.99893e+09,4.54553e+07,2.84763e+08,2.2733e+09,-1.09889e+09,-3.96698e+08,-1.19452e+09,0.00106368,0.000151529,3.86083e-24
0,1.88258e+09,1.99714e+07,3.09971e+08,6.74976e+09,2.01222e+09,2.91944e+07,-1.03977e+09,0.000918454,0.000151226,3.26505e-23
0,2.32497e+09,1.05428e+07,3.3151e+08,2.43173e+09,-1.00326e+09,-8.24273e+07,-2.60055e+08,0.000916165,0.000130633,4.36226e-25
0,1.96872e+09,-6.25421e+06,3.18137e+08,6.75434e+08,-1.89689e+08,-3.11074e+07,-1.25103e+09,0.00102403,0.000165479,-1.32249e-25
0,2.06325e+09,4.76417e+07,3.04076e+08,6.70273e+09,-7.68747e+08,1.53452e+08,-1.07697e+09,0.00102461,0.000151004,3.85227e-23
0,1.51589e+09,-1.27703e+07,1.65109e+08,3.0883e+09,-1.06228e+09,-5.7385e+08,-8.43081e+08,0.00141839,0.00015449,1.20118e-22
0,2.12807e+09,3.25862e+07,2.89908e+08,3.47489e+09,-2.36712e+09,-3.28349e+08,-1.25521e+09,0.00113002,0.000153943,3.41896e-23
0,2.25198e+09,1.91578e+07,3.20597e+08,2.16388e+09,-1.30975e+09,1.92888e+08,-2.3698e+08,0.000918493,0.000130759,5.54294e-25
0,1.85561e+09,-126125,3.00978e+08,1.95187e+09,-2.47443e+08,-6.58069e+08,-1.11711e+09,0.000974581,0.000158076,6.00668e-25
0,2.19413e+09,-1.32967e+07,2.79478e+08,-2.84673e+09,9.28262e+08,-3.55472e+08,2.38909e+08,0.00106233,0.000135315,2.87705e-25
0,1.86199e+09,-8.75331e+06,2.89391e+08,-7.34526e+08,-7.16867e+08,1.54542e+07,-1.73351e+09,0.00108423,0.000168512,2.19157e-25
0,1.97603e+09,898996,2.95895e+08,7.54229e+08,-1.20717e+08,1.86259e+08,-1.17562e+09,0.00102261,0.000153128,-1.08897e-25
0,1.83264e+09,-2.0871e+07,2.98483e+08,2.90715e+08,-1.93771e+09,-4.01898e+08,-9.36594e+08,0.00106489,0.00017344,-3.2331e-24
0,1.92479e+09,-2.03904e+06,3.00092e+08,-1.53052e+09,-7.54924e+08,-1.4275e+08,-1.46339e+09,0.00106471,0.000165998,-1.27126e-24
0,1.8326e+09,5.74698e+07,2.94664e+08,5.7469e+09,1.52999e+09,-5.07398e+08,-1.22464e+09,0.000969775,0.00015593,2.67751e-23
0,2.11803e+09,-2.99422e+07,3.15338e+08,-3.9914e+09,-1.15905e+09,-8.8461e+07,-9.14361e+08,0.00103682,0.000154363,-8.80875e-24
0,1.69036e+09,-5.18298e+07,2.90999e+08,1.26687e+09,-2.48549e+09,-2.88417e+08,-1.02629e+09,0.00110142,0.000189612,1.83134e-23
0,1.47126e+09,1.34865e+07,1.59051e+08,9.14999e+08,-5.92196e+08,-1.03331e+08,-7.21188e+08,0.00140728,0.000152135,3.42152e-24
0,2.10932e+09,3.05061e+07,3.05943e+08,4.12243e+09,-1.51277e+09,1.90425e+08,-1.07558e+09,0.00106096,0.000153885,1.52503e-23
0,2.13106e+09,-2.68225e+06,2.95153e+08,-3.35477e+09,-2.56038e+09,-2.72172e+08,-1.24645e+09,0.00113672,0.000157435,-4.0975e-23
0,2.28358e+09,-8.2527e+06,3.2372e+08,1.99763e+09,-1.70358e+09,-1.88015e+08,-2.42402e+08,0.000919214,0.000130308,1.07088e-24
0,1.66723e+09,2.57673e+07,2.97614e+08,-5.77718e+09,-1.00279e+09,5.52885e+07,-1.14313e+09,0.0010366,0.000185041,-9.21608e-23
0,1.9737e+09,3.05101e+07,3.20502e+08,1.25068e+10,4.09462e+08,-5.68414e+07,-6.23732e+08,0.000959312,0.000155779,1.31129e-22
0,1.73832e+09,-4.34186e+07,2.88832e+08,1.36542e+09,-2.03759e+09,-2.13522e+08,-9.15658e+08,0.00105042,0.000174533,9.71711e-24
0,2.1003e+09,2.31007e+07,3.05234e+08,6.97571e+09,-1.06224e+09,-3.17706e+08,-8.20173e+08,0.00104076,0.000151252,4.18582e-23
0,2.02741e+09,3.71905e+07,3.25904e+08,2.82281e+09,7.48228e+07,4.08597e+08,-9.57089e+08,0.0010017,0.000161022,2.17861e-24
0,2.06653e+09,6.85155e+07,3.15044e+08,1.15625e+10,1.76462e+08,1.03062e+08,-9.33649e+08,0.000995253,0.000151727,1.49422e-22
0,2.1725e+09,2.80187e+07,3.12113e+08,1.84959e+09,-6.29024e+08,-4.60481e+08,-5.623e+08,0.00101675,0.000146072,4.73854e-25
0,1.63105e+09,-6.42808e+07,2.85289e+08,3.07347e+09,-2.00198e+09,-8.48819e+06,-1.02644e+09,0.00111469,0.000194972,6.78281e-23
0,2.01578e+09,1.90853e+07,3.22577e+08,9.20808e+08,-1.81198e+07,1.20816e+08,-1.11217e+09,0.00101245,0.000162019,-5.68833e-26
0,1.47189e+09,3.50554e+07,1.60738e+08,1.68209e+09,-1.00506e+09,-5.05516e+08,-8.57495e+08,0.00142918,0.000156073,2.32865e-23
0,1.8994e+09,1.99708e+07,3.00193e+08,9.27148e+09,7.91592e+08,3.21957e+08,-1.2607e+09,0.000981826,0.000155174,1.5728e-22
0,2.09289e+09,-4.87808e+06,2.67323e+08,5.99572e+08,1.05251e+09,3.91094e+08,2.65196e+07,0.00107171,0.000136888,-2.35477e-25
0,2.0635e+09,-2.5254e+07,3.1961e+08,-7.52313e+09,-8.05788e+08,-7.11629e+08,-8.32612e+08,0.000990226,0.000153373,-2.5254e-23
0,2.03504e+09,-3.03903e+07,3.16564e+08,-3.37566e+09,-3.87897e+08,-2.27032e+08,-1.18734e+09,0.00101575,0.000158007,-4.80846e-24
0,1.87425e+09,6.76587e+06,2.81821e+08,8.34952e+06,1.44667e+07,2.16504e+08,-1.38915e+09,0.00104056,0.000156464,-1.46601e-26
0,1.74537e+09,-5.39972e+07,2.9045e+08,2.10143e+09,-2.10578e+09,2.2109e+08,-7.37141e+08,0.00107587,0.000179036,2.46905e-23
0,1.81351e+09,3.65178e+07,3.10415e+08,6.53311e+09,-9.28427e+08,-2.83195e+08,-1.01375e+09,0.000989939,0.000169446,6.3926e-23
0,2.00662e+09,2.54856e+07,3.16559e+08,6.22458e+09,-4.29967e+07,1.90504e+08,-9.98205e+08,0.000980154,0.000154626,2.59057e-23
0,1.62446e+09,-6.46202e+07,2.89583e+08,4.17992e+09,-8.52108e+08,-2.09034e+07,-9.34461e+08,0.00113112,0.000201637,5.18945e-23
0,1.74368e+09,-3.96436e+07,2.52604e+08,-3.35558e+09,5.99318e+08,1.25016e+08,-1.53929e+09,0.00107607,0.000155888,-1.70638e-23
0,2.09751e+09,3.24145e+07,3.12474e+08,-1.63902e+09,-8.78289e+08,-3.45606e+08,-7.00467e+08,0.00100504,0.000149724,-5.67023e-25
0,1.83093e+09,273373,2.77355e+08,7.29893e+07,-5.57223e+07,-1.66938e+07,-1.74352e+09,0.00107872,0.000163408,-1.11899e-25
0,1.89157e+09,-3.27281e+07,2.81833e+08,-3.73055e+09,2.05128e+08,5.22988e+08,-1.38949e+09,0.00105559,0.000157277,-1.21244e-23
0,1.96734e+09,-5.27124e+07,3.06917e+08,-1.28464e+10,-7.45609e+08,-6.18106e+08,-1.09448e+09,0.00106685,0.000166435,-3.89214e-22
0,2.01278e+09,1.4066e+07,3.08232e+08,6.18683e+09,1.97657e+08,3.08239e+07,-8.0163e+08,0.000942623,0.000144351,1.69244e-23
0,2.14415e+09,-4.90123e+07,3.18231e+08,-9.77467e+09,-3.4822e+08,5.26803e+07,-7.66919e+08,0.000990278,0.000146975,-6.05583e-23
0,2.17899e+09,-4.60274e+07,3.08951e+08,-1.09464e+10,-1.70523e+09,1.49885e+08,-8.40403e+08,0.00104943,0.000148795,-1.4183e-22
0,2.24717e+09,4.71946e+07,2.99141e+08,4.05956e+09,-1.28891e+09,-2.12104e+08,-3.53223e+08,0.00103294,0.000137504,4.73835e-24
0,1.5327e+09,-3.11465e+07,1.71683e+08,-3.08141e+09,-1.57392e+09,-8.93925e+07,-9.2805e+08,0.00144587,0.000161957,-2.04097e-22
0,1.86716e+09,-8.89903e+06,3.10717e+08,-4.23208e+09,-3.8882e+08,-6.15521e+07,-1.33855e+09,0.00106513,0.000177249,-2.25207e-23
0,1.92075e+09,-2.18179e+07,3.11001e+08,-2.13844e+09,-3.10415e+08,-3.04965e+08,-1.41857e+09,0.00108267,0.000175302,-1.59301e-24
0,1.95839e+09,6.05925e+06,2.50133e+08,-4.81418e+09,-1.39727e+09,-1.18285e+08,1.12267e+08,0.00106663,0.000136234,1.22732e-25
0,2.28789e+09,2.19946e+07,3.32074e+08,-4.52571e+09,-5.24024e+07,1.26178e+08,1.09245e+08,0.000906661,0.000131596,3.79851e-25
0,2.04529e+09,-3.90633e+07,3.24218e+08,-1.05632e+10,-1.21717e+08,-7.16732e+07,-7.12771e+08,0.000961972,0.000152491,-7.67464e-23
0,2.01103e+09,2.78655e+07,3.08527e+08,-2.56255e+09,-9.26735e+08,-3.52642e+08,-7.65731e+08,0.00100889,0.000154782,-1.84911e-24
0,1.93306e+09,3.27347e+07,2.87938e+08,3.21738e+09,-1.55553e+08,-2.52232e+08,-1.30677e+09,0.0010574,0.000157504,7.18834e-24
0,1.81273e+09,-3.24017e+07,3.05575e+08,8.24002e+09,-9.16441e+08,1.07909e+07,-5.93856e+08,0.00104999,0.000176997,9.22144e-23
0,2.11293e+09,-6.61653e+07,3.07787e+08,-1.32445e+10,-6.53815e+08,1.51592e+08,-8.64394e+08,0.0010097,0.000147081,-2.06459e-22
0,1.847e+09,-6.72108e+07,3.10293e+08,-1.19943e+10,8.30828e+08,-3.4829e+08,-1.03054e+09,0.000996086,0.000167341,-3.47546e-22
0,1.98219e+09,3.27208e+07,3.26132e+08,4.82648e+09,-5.13578e+08,5.63838e+08,-8.48827e+08,0.00105213,0.000173109,1.16613e-23
0,2.04962e+09,3.09405e+07,3.12225e+08,5.85815e+09,-9.10828e+08,4.15164e+08,-1.13282e+09,0.00105679,0.000160984,2.93116e-23
0,1.6905e+09,-2.75608e+07,2.69019e+08,6.64043e+09,2.37463e+09,9.75721e+07,-1.26989e+09,0.00118976,0.000189334,2.44181e-22
0,1.45624e+09,-5.46766e+07,1.61712e+08,-4.47945e+09,-3.84535e+08,5.66817e+08,-8.25467e+08,0.0014177,0.000157433,-2.78493e-22
0,2.0479e+09,1.98194e+07,3.31603e+08,4.32542e+09,-2.96915e+08,5.04739e+08,-8.04666e+08,0.00100477,0.000162697,5.82281e-24
0,2.26001e+09,4.04354e+07,3.02428e+08,-8.45909e+08,-2.0707e+09,-1.07434e+08,-3.75504e+08,0.00103535,0.000138547,-1.82928e-24
0,2.23199e+09,3.32427e+07,2.91817e+08,3.86757e+09,-1.39331e+09,-5.1688e+06,-2.88416e+08,0.00100292,0.000131125,3.24391e-24
0,1.87659e+09,-2.69434e+07,3.14861e+08,-4.43938e+09,-1.76258e+08,-1.62133e+08,-1.18348e+09,0.00105564,0.000177119,-2.13243e-23
0,1.97532e+09,-5.03648e+07,3.02824e+08,-4.01e+09,-1.2812e+09,-3.86444e+08,-1.25454e+09,0.001075,0.000164801,-1.77693e-23
0,1.88349e+09,1.62859e+07,3.01557e+08,-1.60144e+08,1.13751e+09,-4.36201e+08,-1.41479e+09,0.000989407,0.000158409,-1.77853e-27
0,2.05943e+09,2.23375e+07,3.0002e+08,1.30077e+09,-1.88448e+09,1.12324e+08,-1.21075e+09,0.00106969,0.000155834,5.94268e-24
0,1.9761e+09,-4.88192e+07,3.1608e+08,-3.95463e+09,6.05618e+08,-2.0832e+08,-1.01351e+09,0.00101089,0.000161694,-9.41336e-24
0,2.20623e+09,-1.35909e+07,3.09658e+08,-1.07336e+10,-1.79701e+09,9.70676e+07,-7.12834e+08,0.00104182,0.000146225,-1.06319e-22
0,2.13852e+09,4.67232e+07,3.03945e+08,6.63001e+09,-1.29981e+09,-458513,-1.04351e+09,0.00103092,0.000146523,3.75775e-23
0,1.97439e+09,-8.61638e+06,3.22404e+08,-1.32657e+09,-3.5851e+08,-3.53802e+08,-1.12127e+09,0.00102315,0.000167074,-8.13486e-26
0,1.99819e+09,-8.63417e+07,3.0896e+08,-1.38426e+10,1.00426e+09,4.8342e+07,-8.40107e+08,0.000962262,0.000148785,-2.27863e-22
0,2.03183e+09,3.35759e+07,2.94242e+08,-6.1415e+09,-1.28997e+09,-1.89255e+08,4.3636e+08,0.000914994,0.000132506,8.6015e-24
0,2.09831e+09,-2.40338e+07,3.35919e+08,-8.30554e+09,-1.19674e+08,-6.1368e+08,-5.92896e+08,0.000974425,0.000155996,-2.72078e-23
0,1.97746e+09,2.32285e+07,3.22931e+08,1.00316e+09,3.5204e+08,-4.51725e+08,-5.73965e+08,0.000999405,0.000163209,1.95264e-26
0,1.93955e+09,3.53118e+07,3.19009e+08,3.3768e+09,-5.44187e+08,2.98199e+08,-1.10192e+09,0.00106803,0.000175665,7.2905e-24
0,2.07965e+09,2.44127e+07,3.07782e+08,3.32407e+09,-1.39874e+09,3.09288e+08,-1.20732e+09,0.00107727,0.000159432,1.05476e-23
0,1.83845e+09,-2.8229e+07,2.94307e+08,-2.93708e+09,6.35152e+08,3.62476e+08,-1.48901e+09,0.00103369,0.000165478,-5.88051e-24
0,2.02451e+09,2.67727e+07,3.26141e+08,3.38536e+09,-1.98093e+08,4.299e+08,-1.00018e+09,0.00101772,0.00016395,3.91406e-24
0,1.91162e+09,8.94654e+07,2.74719e+08,-3.61158e+09,-1.4614e+09,-4.17126e+08,-1.06803e+09,0.00110958,0.000159457,-1.92437e-23
0,1.74254e+09,5.33877e+07,2.90322e+08,8.38842e+09,8.94404e+08,-6.437e+08,-1.20556e+09,0.000970437,0.000161683,1.2724e-22
0,2.11033e+09,5.90251e+06,3.15281e+08,1.09571e+09,-1.83447e+09,5.2917e+08,-9.91792e+08,0.00106249,0.000158735,5.05978e-24
0,1.99595e+09,1.40191e+07,2.67384e+08,-5.33175e+09,-1.05971e+09,-1.80771e+08,5.06614e+08,0.000972116,0.000130228,9.81364e-24
0,1.63132e+09,-2.92866e+07,2.70459e+08,2.61775e+09,-1.52728e+09,-8.33539e+08,-1.1425e+09,0.00109067,0.000180823,1.93416e-23
0,1.96198e+09,2.16408e+07,3.0237e+08,-4.66587e+09,-8.17398e+08,-4.81203e+08,7.78061e+07,0.000943216,0.000145364,3.47994e-24
0,1.89271e+09,-1.40983e+07,2.93734e+08,-7.34821e+08,-4.57643e+08,-4.52484e+07,-1.72837e+09,0.00107821,0.000167329,4.60344e-25
0,1.96082e+09,-2.40977e+07,2.77641e+08,1.46291e+09,1.72067e+08,7.92731e+07,-1.11504e+09,0.00106768,0.000151177,3.10521e-25
0,1.97778e+09,-2.64277e+07,3.3367e+08,-7.36325e+09,3.07973e+08,-4.5141e+08,-6.85938e+08,0.000936978,0.000158077,-2.81283e-23
0,2.0133e+09,-2.40264e+07,3.22968e+08,-2.00406e+09,-1.92237e+08,-3.88765e+08,-1.06309e+09,0.00101143,0.00016225,-5.62167e-25
0,1.84205e+09,-7.80909e+07,3.0434e+08,-4.81493e+09,-1.45751e+09,-7.28459e+08,-9.18307e+08,0.00103043,0.000170245,-1.51454e-23
0,1.55555e+09,-6.65991e+07,2.20904e+08,-6.31743e+09,8.20559e+08,6.25974e+08,-1.0758e+09,0.00125698,0.000178504,-2.93321e-22
0,2.09837e+09,-1.00738e+06,3.11901e+08,-1.21569e+09,-1.57245e+09,2.2381e+08,-1.15643e+09,0.0010956,0.00016285,-2.02864e-24
0,1.94207e+09,1.60682e+07,3.13138e+08,1.4401e+09,-1.08891e+09,-5.30826e+07,-1.27293e+09,0.001087,0.000175268,2.29003e-24
0,2.08781e+09,-9.61012e+06,3.17145e+08,-2.31939e+09,-1.54979e+09,4.62503e+08,-9.71129e+08,0.00107412,0.000163163,-5.1881e-24
0,1.74902e+09,4.32107e+07,2.84944e+08,-7.0006e+09,-2.20694e+09,-1.98178e+08,-1.16733e+09,0.00109442,0.000178299,-2.32237e-22
0,2.02784e+09,5.89717e+07,3.05195e+08,3.99606e+09,4.30186e+08,-2.945e+08,-1.10144e+09,0.000998561,0.000150286,7.02156e-24
0,2.11962e+09,-2.85004e+07,3.07914e+08,1.02274e+09,-9.99905e+07,-6.17267e+07,-3.97293e+08,0.0011255,0.000163499,6.47e-26
0,1.9755e+09,-7.63073e+07,2.94558e+08,-5.39546e+09,-1.61565e+09,-2.51538e+08,-8.52943e+08,0.000982284,0.000146464,-2.18626e-23
0,1.98276e+09,-1.32673e+07,3.18876e+08,6.20414e+09,1.20227e+09,6.68118e+08,-8.97155e+08,0.000944014,0.00015182,3.11127e-23
0,1.87945e+09,-2.51019e+07,3.06376e+08,-4.37072e+09,1.26827e+09,2.86633e+08,-1.14666e+09,0.000988128,0.000161078,-1.22352e-23
0,1.97535e+09,-4.45479e+06,3.36476e+08,-5.3689e+09,3.71283e+08,-1.52159e+08,-5.66871e+08,0.000926024,0.000157737,-8.36845e-24
0,1.79594e+09,-2.99982e+06,2.94793e+08,-7.87416e+07,1.91831e+09,-3.08456e+08,-1.37375e+09,0.000999915,0.00016413,1.05458e-25
0,1.96104e+09,-5.77469e+06,3.06001e+08,-5.87166e+08,-1.1582e+09,-1.84141e+08,-1.38673e+09,0.00108902,0.000169931,-1.58004e-24
0,1.99856e+09,-1.82436e+07,3.05843e+08,-5.01217e+09,-9.17075e+08,2.18722e+08,-1.32919e+09,0.00107392,0.000164344,-3.40469e-23
0,2.16488e+09,6.9848e+07,3.11624e+08,4.9663e+09,8.13974e+08,-1.12354e+07,-1.63588e+08,0.00100665,0.000144903,1.35752e-24
0,1.721e+09,-7.43529e+07,2.99165e+08,-1.20076e+09,-7.21691e+08,1.797e+06,-8.27382e+08,0.00100675,0.000175005,-8.7781e-25
0,2.08939e+09,6.52383e+06,3.28588e+08,6.72275e+09,2.89921e+08,6.47193e+08,-7.10917e+08,0.000967692,0.000152184,2.03343e-23
0,1.87745e+09,854931,2.81975e+08,3.48803e+09,-1.38156e+08,4.45425e+08,-1.50607e+09,0.00107728,0.000161798,1.1586e-23
0,1.86892e+09,-4.21262e+07,3.15775e+08,2.85575e+08,-5.83417e+08,5.53933e+08,-2.4937e+08,0.0010224,0.000172745,5.15326e-27
0,1.96881e+09,-1.9169e+07,3.10916e+08,-2.49768e+09,-7.22743e+08,-3.12387e+08,-1.2874e+09,0.00107887,0.000170376,-3.56224e-24
0,1.89022e+09,-2.09749e+07,3.0056e+08,-3.42732e+09,-1.7885e+08,3.05174e+08,-1.40356e+09,0.00105218,0.000167305,-1.01438e-23
0,1.8796e+09,3.06309e+07,3.00148e+08,-1.29529e+10,-1.53572e+09,-4.43948e+08,1.27335e+08,0.000917026,0.000146437,6.1541e-23
0,1.87041e+09,-3.05078e+07,3.0731e+08,-5.86132e+09,3.08446e+08,1.30727e+08,-1.37401e+09,0.00104424,0.000171569,-5.62317e-23
0,1.69278e+09,-1.77699e+07,2.16427e+08,-4.42125e+09,-2.62934e+08,4.67369e+08,-1.0121e+08,0.00127288,0.000162741,-1.38833e-23
0,2.14967e+09,-2.4093e+07,3.29816e+08,-5.72355e+09,-6.69128e+08,-4.58336e+08,-7.51323e+08,0.000987857,0.000151563,-9.13916e-24
0,1.92378e+09,-3.50993e+07,3.03379e+08,-5.6039e+09,2.45916e+07,5.31786e+08,-1.34526e+09,0.00103411,0.000163079,-3.88095e-23
0,2.01362e+09,-2.05142e+07,3.25499e+08,-3.39674e+09,-4.2087e+08,-4.15888e+08,-1.04797e+09,0.00103086,0.000166637,-4.36909e-24
0,2.01209e+09,-3.33458e+07,3.22686e+08,-7.72373e+09,-7.93437e+08,-6.38333e+08,-1.16272e+09,0.00105156,0.000168643,-6.80369e-23
0,2.11177e+09,5.58159e+07,2.85921e+08,-1.93984e+09,-1.94579e+09,-2.41758e+08,-1.56743e+08,0.00103552,0.000140204,-3.70107e-24
0,1.95949e+09,3.36753e+07,3.12829e+08,2.89439e+09,-2.64571e+08,-3.91294e+08,-1.15583e+09,0.00102656,0.000163889,3.83403e-24
0,1.96085e+09,-3.70617e+07,3.04246e+08,-5.76954e+09,-1.41215e+09,-1.0034e+09,-7.35933e+08,0.00104498,0.00016214,-1.24497e-24
0,2.26829e+09,4.29815e+07,3.09924e+08,2.32228e+09,-1.13591e+09,4.73945e+07,-2.48276e+08,0.00100573,0.000137417,7.89065e-25
0,2.11835e+09,1.75191e+07,2.88512e+08,4.1691e+09,-2.73233e+09,2.15211e+08,-1.18911e+09,0.00110484,0.000150475,5.44595e-23
0,1.7671e+09,-4.71123e+07,2.75724e+08,4.77884e+09,-2.03798e+08,7.95874e+07,-9.79411e+08,0.00119967,0.000187187,5.87769e-23
0,1.94427e+09,1.81333e+07,3.16332e+08,1.21039e+09,-1.99077e+08,1.78268e+08,-1.36069e+09,0.00103971,0.000169161,-9.45007e-26
0,2.01125e+09,1.30782e+07,3.35611e+08,1.39736e+09,-6.08545e+07,-1.18753e+08,1.84654e+08,0.00103837,0.000173268,-6.62947e-26
0,2.17222e+09,-1.90394e+07,3.33986e+08,-7.99028e+09,-6.16862e+08,-4.64317e+08,-6.09043e+08,0.000975491,0.000149985,-1.86147e-23
0,2.00752e+09,-3.68508e+07,3.21628e+08,-4.19138e+09,-9.11216e+07,-4.53305e+08,-1.10008e+09,0.001009,0.000161654,-8.98069e-24
0,2.02673e+09,4.8897e+07,3.2538e+08,4.784e+09,6.05357e+08,3.27969e+08,-9.59652e+08,0.000991555,0.000159189,1.31972e-23
0,2.04038e+09,-2.42193e+06,3.24668e+08,-1.74794e+09,-8.27576e+08,-2.24823e+08,-5.53879e+08,0.00100366,0.000159703,-6.18028e-25
0,1.86541e+09,5.07317e+07,3.04517e+08,3.025e+09,7.56998e+08,-7.49784e+08,-1.23627e+09,0.00102436,0.000167221,3.71938e-24
0,1.72104e+09,-5.21757e+07,2.93925e+08,-3.7377e+09,-1.24987e+07,6.43342e+07,-1.05187e+09,0.0009861,0.00016841,-1.24885e-23
0,1.9419e+09,1.16543e+07,3.00012e+08,6.13329e+09,3.77162e+08,7.5824e+08,-1.0915e+09,0.00100444,0.000155179,4.05569e-23
0,2.10556e+09,-9.31352e+06,3.09034e+08,-1.13977e+09,1.04581e+09,6.15652e+08,-3.86288e+08,0.000888977,0.000130475,3.58092e-26
0,1.76421e+09,-3.99751e+07,3.02942e+08,-3.88115e+09,1.20544e+09,2.55593e+08,-1.44633e+09,0.00101503,0.000174297,-1.7789e-23
0,2.02852e+09,-2.87472e+07,3.25564e+08,-3.37965e+09,2.93828e+08,-4.72154e+08,-8.37822e+08,0.000968854,0.000155494,-3.46935e-24
0,1.91185e+09,-3.41737e+06,3.13379e+08,1.79499e+09,1.21699e+09,2.49871e+08,-1.04001e+09,0.000939763,0.000154041,1.05871e-24
0,2.24159e+09,5.47273e+06,3.1782e+08,4.60863e+09,-1.72619e+09,7.92758e+07,-7.29226e+08,0.00101292,0.000143615,1.05833e-23
0,1.90431e+09,-1.0093e+07,3.04336e+08,5.40839e+09,1.16254e+09,3.5047e+08,-1.08143e+09,0.000943019,0.000150708,2.49245e-23
0,2.0419e+09,5.75671e+07,2.80177e+08,-8.07484e+09,-3.12129e+09,4.14219e+08,1.01374e+08,0.000950914,0.000130479,-5.31374e-23
0,1.93916e+09,6.74151e+06,3.34896e+08,4.57657e+08,-3.67623e+08,-2.04779e+08,3.68361e+08,0.00101892,0.000175969,-9.58949e-28
0,1.79249e+09,-1.31606e+07,2.82971e+08,-1.03711e+09,1.33708e+09,9.59354e+07,-1.6248e+09,0.00102151,0.00016126,-2.62237e-25
0,1.96628e+09,4.03479e+07,3.08911e+08,3.66875e+09,-3.72205e+08,-6.43291e+08,-1.08377e+09,0.00105429,0.000165633,9.14179e-24
0,2.01803e+09,-2.39615e+07,2.91766e+08,7.46894e+09,-9.81318e+08,-1.00252e+09,-9.36134e+06,0.000948208,0.000137092,1.26917e-23
0,2.07525e+09,-5.88228e+07,2.97917e+08,-8.57466e+09,-4.53252e+08,1.14229e+08,-1.0905e+09,0.00103654,0.000148804,-8.63161e-23
0,1.94279e+09,-5.31709e+06,2.91228e+08,-2.82696e+08,-5.08809e+07,-2.32006e+07,-1.33353e+09,0.00101851,0.000152677,1.00023e-25
0,2.01723e+09,-1.43404e+06,3.07179e+08,5.34567e+09,-1.98639e+08,7.79298e+08,-1.03965e+09,0.00103554,0.00015769,1.79293e-23
0,2.10659e+09,3.5971e+07,3.20987e+08,7.89063e+09,2.32031e+08,2.11036e+08,-8.46207e+08,0.000957448,0.000145889,3.26218e-23
0,1.77317e+09,2.63929e+07,3.05173e+08,1.77572e+08,1.7107e+09,-4.60097e+08,-1.40003e+09,0.000994855,0.00017122,1.76719e-26
0,2.03125e+09,-9.55578e+06,3.23524e+08,-2.95248e+09,-5.37808e+08,-1.09829e+08,-5.35884e+08,0.000991305,0.000157889,-1.56281e-24
0,1.97508e+09,-3.24806e+07,3.05381e+08,-4.6274e+09,-1.29889e+09,3.91567e+07,-1.35327e+09,0.00110207,0.000170399,-3.82325e-23
0,1.81607e+09,-3.27546e+07,3.00326e+08,-1.34322e+09,1.12922e+09,2.6697e+08,-1.50021e+09,0.00101051,0.00016711,-3.50769e-25
0,1.67902e+09,-2.38157e+07,2.35259e+08,-8.19086e+09,3.5014e+08,4.74871e+08,-2.1849e+07,0.00114904,0.000161001,1.10426e-23
0,2.13438e+09,-3.15792e+07,3.29589e+08,-7.34871e+09,-4.02882e+08,-4.817e+08,-7.56106e+08,0.000974975,0.000150555,-2.08119e-23
0,1.89867e+09,-1.60094e+07,3.22422e+08,-8.18594e+09,8.49524e+08,-2.08119e+08,-1.07353e+09,0.000958187,0.000162714,-8.16947e-23
0,1.83164e+09,4.81579e+07,3.01537e+08,1.38819e+09,4.62359e+08,-7.74067e+08,-1.25272e+09,0.00102868,0.000169348,-5.25541e-26
0,2.13093e+09,-3.81316e+07,2.89579e+08,7.7176e+09,-1.39423e+09,-8.60013e+08,-3.74254e+07,0.000972544,0.000132162,1.75772e-23
0,1.92323e+09,-2.48449e+07,3.13213e+08,-1.74674e+08,6.85868e+08,2.03837e+08,-1.25404e+09,0.000992282,0.000161601,1.81391e-27
0,2.06991e+09,-1.18506e+07,3.09667e+08,2.82104e+09,-3.45027e+08,7.11227e+08,-1.03588e+09,0.0010525,0.000157459,1.14677e-24
0,2.23904e+09,3.98962e+07,3.0327e+08,2.77663e+09,-1.29635e+08,5.70491e+08,2.55074e+07,0.00102722,0.000139133,-2.39175e-25
0,1.98118e+09,-7.94324e+07,2.95718e+08,-1.036e+10,-1.58856e+08,2.94157e+08,-1.17036e+09,0.00104937,0.000156633,-2.16225e-22
0,2.00242e+09,3.19494e+07,3.14075e+08,2.80468e+09,-3.38053e+08,-4.3151e+08,-1.24556e+09,0.00105048,0.000164765,3.66989e-24
0,2.03378e+09,-4.48602e+07,3.03915e+08,-7.12939e+09,-1.1402e+09,1.5046e+08,-1.31006e+09,0.00108844,0.000162649,-9.44127e-23
0,1.91247e+09,-1.62277e+07,3.14613e+08,5.9114e+08,-5.3469e+07,-6.15418e+06,-1.45061e+09,0.00104324,0.000171619,-2.89651e-25
0,1.83252e+09,-2.16115e+07,3.15543e+08,-3.25492e+08,2.11703e+08,-1.26194e+08,-1.08161e+09,0.00100044,0.000172266,7.73734e-26
0,1.97568e+09,1.3356e+06,3.02716e+08,-2.59878e+09,1.14389e+09,-1.86752e+08,-9.71757e+08,0.00093727,0.00014361,-2.06474e-24
0,2.08044e+09,3.29214e+07,3.09774e+08,8.61211e+09,1.38589e+08,-1.41978e+08,-9.29217e+08,0.000967218,0.000144017,5.05946e-23
0,2.00562e+09,3.90563e+07,3.12037e+08,7.84986e+09,6.45738e+08,-1.51043e+07,-1.03263e+09,0.000950509,0.000147882,4.73345e-23
0,1.98994e+09,-8.21139e+06,3.15361e+08,-3.26955e+09,2.55628e+06,-1.08733e+08,-4.5437e+08,0.000987234,0.000156454,-1.86688e-24
0,2.02285e+09,-1.5088e+06,3.06024e+08,9.48693e+08,-1.44128e+08,5.51152e+08,-1.19159e+09,0.00104912,0.000158715,-3.07946e-25
0,2.07519e+09,5.6418e+06,3.1511e+08,-4.57175e+09,-7.84338e+08,2.8197e+08,-9.08575e+08,0.0010043,0.0001525,-1.11316e-23
0,1.99927e+09,7.84395e+06,3.08136e+08,1.0929e+09,-7.94528e+08,-6.59219e+08,-1.31369e+09,0.0010484,0.000161583,-7.54156e-25
0,1.90811e+09,-7.61523e+07,3.00488e+08,-1.04905e+10,6.34282e+08,5.86775e+08,-1.10177e+09,0.00101863,0.000160414,-1.98719e-22
0,1.78746e+09,2.94853e+07,3.04929e+08,-2.67411e+09,-1.70678e+08,-4.69636e+07,2.43857e+08,0.000970163,0.000165503,9.09688e-25
0,1.88811e+09,-1.74534e+07,3.22252e+08,8.24793e+08,-1.02965e+09,-2.59634e+08,-7.88633e+08,0.00101211,0.000172741,2.49302e-25
0,1.72273e+09,6.80525e+06,2.84841e+08,5.729e+08,-9.68107e+08,-1.06586e+09,-1.17576e+09,0.0010249,0.000169461,-3.19004e-24
0,2.12858e+09,2.55493e+07,3.1751e+08,4.95042e+09,-1.26043e+09,4.01002e+08,-9.26712e+08,0.00102575,0.000153005,1.16081e-23
0,1.99354e+09,7.05777e+06,3.12463e+08,-5.59244e+08,4.45947e+07,3.20745e+08,-1.21453e+09,0.00105146,0.000164804,1.40198e-25
0,2.00345e+09,-1.71006e+07,3.19817e+08,-2.60691e+09,2.98333e+08,5.84772e+07,-5.12131e+08,0.000970131,0.000154865,-9.14783e-25
0,2.00148e+09,-6.56445e+06,2.90638e+08,-1.07315e+10,-1.92973e+07,-2.35357e+08,8.73419e+07,0.00106925,0.000155268,1.90458e-23
0,1.9242e+09,2.64096e+07,3.0377e+08,1.89064e+10,1.12894e+09,3.40828e+08,-1.12939e+08,0.000983932,0.000155331,1.59789e-22
0,1.59607e+09,1.1159e+08,2.75506e+08,-3.53801e+08,-7.97786e+08,-1.32389e+09,-1.21218e+09,0.00103839,0.000179242,1.58342e-24
0,1.98533e+09,5.12053e+07,3.14919e+08,3.8423e+09,3.87325e+08,-1.03147e+08,-9.9652e+08,0.00100184,0.000158914,6.8387e-24
0,1.92971e+09,-6.39555e+07,3.07411e+08,-9.59731e+09,5.55679e+08,5.70605e+08,-1.02591e+09,0.000996076,0.000158679,-1.19581e-22
0,1.99072e+09,1.90416e+06,3.16385e+08,2.01208e+08,-7.32018e+08,3.77572e+07,-1.33344e+09,0.00105524,0.000167709,7.879e-26
0,2.10365e+09,-2.57103e+07,3.29922e+08,-3.44492e+09,-2.61476e+08,-3.69881e+08,-8.5842e+08,0.000990375,0.000155323,-2.63522e-24
0,1.95623e+09,-608945,3.11758e+08,-5.159e+08,-2.27766e+08,3.11372e+08,-1.20413e+09,0.00101699,0.000162075,1.76474e-25
0,1.88825e+09,2.0994e+07,3.02293e+08,4.8807e+09,1.27597e+08,-2.90189e+08,-1.38378e+09,0.00103836,0.000166234,2.90572e-23
0,2.14428e+09,4.91522e+07,2.90541e+08,-1.2249e+10,-1.4707e+09,4.64798e+08,4.06032e+07,0.00102119,0.000138368,-2.75341e-23
0,2.07654e+09,3.81715e+07,3.16558e+08,4.19888e+09,-4.60548e+08,-7.77775e+07,-1.13754e+09,0.00103591,0.00015792,1.03016e-23
0,1.6965e+09,-260335,2.8558e+08,3.28105e+09,-1.38511e+09,-8.19253e+08,-8.56576e+08,0.00104798,0.000176411,2.18086e-23
0,1.66316e+09,8.5544e+07,2.72155e+08,2.39067e+09,-4.78532e+08,-1.55317e+09,-1.41407e+09,0.00104332,0.000170726,-1.8978e-24
0,1.92041e+09,3.50959e+07,3.00915e+08,9.43813e+09,1.07007e+09,-1.7555e+07,-6.90816e+08,0.00110335,0.000172888,1.43225e-22
0,1.90147e+09,1.5536e+07,2.96145e+08,-1.43161e+09,6.57087e+08,-3.77447e+08,-1.54657e+09,0.00103195,0.000160722,-3.82546e-25
0,1.98241e+09,-2.022e+07,3.14729e+08,-1.52657e+09,6.97007e+08,1.32402e+08,-4.25906e+08,0.000967193,0.000153552,-8.41471e-26
0,1.89625e+09,-4.60542e+07,3.1413e+08,-8.73606e+09,8.31649e+08,5.92107e+07,-9.36987e+08,0.000977383,0.000161912,-8.92372e-23
0,2.0536e+09,-1.1526e+07,2.99323e+08,-2.74439e+09,-1.52289e+09,-4.93387e+08,-1.08735e+09,0.00105631,0.000153962,-6.9681e-24
0,1.89771e+09,5.44405e+07,3.06981e+08,1.20279e+09,1.02532e+09,-5.18893e+08,-1.30208e+09,0.00101675,0.000164474,7.61782e-26
0,2.00899e+09,1.80999e+07,3.09791e+08,4.49003e+09,-8.3787e+08,-1.86729e+08,-1.19366e+09,0.00106788,0.000164669,2.09107e-23
0,2.26698e+09,1.08326e+07,3.17714e+08,2.49756e+09,-4.95122e+08,-8.36489e+07,-3.11647e+08,0.000928084,0.00013007,3.02936e-25
0,2.08128e+09,-1.66527e+07,3.26577e+08,-3.86573e+09,-1.28212e+09,-8.21981e+08,-7.69781e+08,0.00102691,0.000161135,-1.24279e-24
0,1.92069e+09,-7.25715e+07,3.10977e+08,-9.38122e+09,1.59398e+09,1.49486e+08,-1.00309e+09,0.000964054,0.000156089,-9.59758e-23
0,2.23449e+09,-2.81737e+06,3.22158e+08,1.68482e+08,-1.38379e+08,-1.45952e+08,-3.11395e+08,0.000910611,0.000131287,-5.99508e-28
0,1.81497e+09,5.28883e+07,2.80314e+08,4.02058e+09,-1.12597e+09,-1.06828e+09,-1.47456e+09,0.00107998,0.000166798,3.20231e-23
0,1.81171e+09,8.21952e+07,2.92182e+08,9.07276e+09,-1.08025e+09,5.14864e+08,1.7941e+08,0.000972156,0.000156784,-4.75904e-23
0,1.71945e+09,-5.13749e+07,2.8921e+08,4.89858e+09,-5.28221e+08,8.42937e+07,-9.89297e+08,0.00103469,0.000174034,3.59589e-23
0,1.66757e+09,-6.88183e+06,2.7851e+08,6.53161e+09,-1.08046e+09,-2.40249e+08,-9.04849e+08,0.00107294,0.000179198,1.3728e-22
0,1.90334e+09,-6.02751e+06,3.19889e+08,-3.69086e+09,1.86729e+08,-3.05038e+08,-1.21537e+09,0.00102762,0.000172709,-1.02996e-23
0,2.05668e+09,5.93632e+07,2.88198e+08,1.26145e+10,7.15629e+08,2.58831e+08,-5.43047e+08,0.0010959,0.000153567,2.02751e-22
0,2.01883e+09,-1.5472e+06,3.39147e+08,9.5495e+09,1.8977e+08,5.60902e+08,-1.46517e+08,0.000929731,0.000156188,1.31628e-23
0,2.11621e+09,2.54937e+07,3.14888e+08,3.27041e+09,-1.36186e+09,2.1197e+08,-1.09826e+09,0.00103304,0.000153715,7.18769e-24
0,2.04396e+09,-1.25975e+07,3.26725e+08,-1.11503e+09,2.21717e+08,1.21108e+08,-4.6243e+08,0.000959383,0.000153356,-4.43425e-26
0,2.02984e+09,4.23113e+07,3.14111e+08,1.70589e+09,-1.56356e+08,-1.32917e+08,-1.14627e+09,0.00103053,0.000159472,4.35473e-25
0,1.77166e+09,6.61965e+07,2.88181e+08,1.08819e+10,-1.44781e+09,4.07546e+08,9.76585e+07,0.000983168,0.000159924,-6.06945e-23
0,2.21407e+09,-1.77181e+07,3.37068e+08,-7.85439e+09,-5.68419e+08,-4.66828e+08,-5.36308e+08,0.000971471,0.000147896,-1.35703e-23
0,1.98474e+09,9.61597e+06,3.16955e+08,1.74819e+09,-1.09081e+09,-9.67431e+07,-1.01276e+09,0.00107721,0.000172026,2.61243e-24
0,2.06895e+09,-4.60588e+07,3.21336e+08,-6.28632e+09,-2.33729e+09,-9.2769e+08,-3.82346e+08,0.00100711,0.000156418,2.92123e-25
0,1.8562e+09,-817995,3.22424e+08,-2.60604e+09,6.51235e+08,-2.77267e+08,-1.16847e+09,0.00101043,0.000175512,-4.31399e-24
0,1.94333e+09,-6.05008e+06,3.07854e+08,-1.80043e+09,6.49892e+07,1.46863e+08,-1.26652e+09,0.00103041,0.000163232,-6.01037e-25
0,1.99202e+09,-3.98146e+07,3.14141e+08,-4.4827e+09,-5.56487e+08,-3.48146e+08,-1.27732e+09,0.00102383,0.000161458,-1.41714e-23
0,1.79339e+09,-1.24901e+07,2.8158e+08,8.08997e+09,-1.00623e+09,1.2546e+08,-8.4177e+08,0.00113906,0.000178844,1.87477e-22
0,2.30826e+09,1.25682e+06,3.42319e+08,7.4328e+08,-1.94448e+07,1.35644e+08,8.93157e+06,0.000871754,0.000129282,-2.87796e-28
0,1.80711e+09,4.5008e+06,2.79585e+08,-1.17886e+10,7.37008e+08,-3.72726e+07,6.81357e+08,0.00105283,0.000162888,3.01693e-22
0,2.15207e+09,3.51225e+07,3.02255e+08,-4.96592e+08,1.26486e+09,5.11751e+08,5.62429e+08,0.00101883,0.000143094,-3.06426e-25
0,1.82266e+09,3.43395e+07,2.67447e+08,2.79398e+09,1.68528e+09,-4.43553e+08,-1.1937e+09,0.000983014,0.000144242,1.70601e-24
0,1.87995e+09,4.11502e+07,2.95718e+08,7.35936e+09,-2.92857e+08,-5.49213e+08,-1.29365e+09,0.00105136,0.00016538,1.12801e-22
0,1.8993e+09,-5.7015e+06,3.136e+08,-4.68293e+07,1.66107e+08,1.01928e+08,-1.21031e+09,0.00102457,0.00016917,4.13189e-27
0,1.90937e+09,1.74966e+06,3.1244e+08,3.15934e+08,-8.21959e+08,-7.11731e+07,-1.20448e+09,0.00106275,0.000173902,-2.28636e-26
0,1.71004e+09,4.08022e+07,2.90842e+08,-1.05337e+10,-4.34256e+08,-2.61177e+08,-7.56522e+08,0.0009723,0.000165368,-2.00872e-22
0,1.88433e+09,2.21105e+07,2.91635e+08,1.37497e+10,-7.68768e+08,2.0302e+07,1.21671e+07,0.00104421,0.000161612,-5.91192e-24
0,2.21994e+09,2.25724e+07,3.09301e+08,8.48461e+09,-7.86188e+08,-5.11988e+08,-3.94131e+08,0.000959165,0.000133639,1.97083e-23
0,2.0201e+09,5.79225e+07,3.11496e+08,1.04066e+10,2.72333e+08,2.56742e+08,-1.01472e+09,0.000966506,0.000149034,1.15953e-22
0,1.89373e+09,7.90615e+07,2.99465e+08,-5.79638e+09,-2.02109e+09,-2.32298e+07,-7.75027e+08,0.0010548,0.000166802,-6.33319e-23
0,2.28162e+09,2.54609e+07,3.32144e+08,-4.27884e+09,-4.17437e+07,1.85645e+08,1.61313e+08,0.000886581,0.000129063,4.31018e-25
0,1.76819e+09,-2.28336e+06,2.91396e+08,1.1466e+09,-5.68117e+08,-9.54023e+08,-1.27912e+09,0.00102305,0.000168597,-1.53077e-24
0,2.0862e+09,3.51134e+07,3.09891e+08,7.54556e+09,-4.28813e+08,2.29271e+08,-7.23595e+08,0.000959471,0.000142523,2.41896e-23
0,1.88446e+09,6.90887e+07,2.90263e+08,1.21635e+10,6.00598e+08,-4.52595e+08,-1.29577e+09,0.00101112,0.000155742,3.90686e-22
0,1.85475e+09,2.37539e+07,3.00735e+08,1.42262e+09,2.34431e+08,-7.86668e+08,-1.33648e+09,0.00103239,0.000167395,-2.2477e-25
0,1.90411e+09,-1.61318e+07,3.07754e+08,5.62825e+08,4.67352e+08,1.24565e+08,-1.30899e+09,0.00102037,0.000164919,-1.311e-25
0,2.29991e+09,9.82447e+06,3.38777e+08,-6.54093e+08,-2.43589e+08,1.87136e+08,-1.41329e+07,0.000875937,0.000129026,-1.42496e-27
0,2.03298e+09,-9.93925e+06,3.23654e+08,2.4707e+06,3.08434e+08,1.01214e+08,-3.88368e+08,0.000960389,0.000152896,-4.16248e-29
0,1.89953e+09,6.02816e+07,2.96867e+08,7.60102e+09,2.99513e+08,-7.16101e+07,-1.24071e+09,0.00100625,0.00015726,8.82252e-23
0,1.96347e+09,-6.82551e+07,3.04428e+08,-1.00546e+10,4.62854e+08,-1.55802e+08,-8.28162e+08,0.000975723,0.000151282,-1.04415e-22
0,1.89884e+09,7.38554e+07,2.90708e+08,7.69882e+09,1.64648e+09,-8.10262e+08,-9.82393e+08,0.000944466,0.000144596,2.82237e-23
0,1.96357e+09,2.18655e+07,3.14437e+08,5.91167e+08,-5.4621e+08,-1.39744e+08,-1.33834e+09,0.00103456,0.000165671,-1.69799e-25
0,1.66678e+09,3.72563e+07,2.31363e+08,8.16263e+09,-1.87554e+08,8.57997e+07,-5.35213e+08,0.00120975,0.000167923,2.31252e-22
0,1.87984e+09,5.24207e+07,2.77736e+08,1.78526e+09,-6.03946e+08,-5.53185e+08,-1.60897e+09,0.00111648,0.000164954,5.00996e-26
0,1.8621e+09,6.59293e+07,2.84803e+08,-3.73933e+09,-1.30118e+09,-1.82706e+08,-1.27589e+09,0.00109234,0.00016707,-2.58205e-23
0,1.89107e+09,2.44615e+06,3.13514e+08,-2.12056e+09,4.22224e+08,-4.63221e+08,-1.34769e+09,0.00099759,0.000165386,-1.66297e-24
0,1.87297e+09,-1.91021e+07,3.12266e+08,1.16526e+09,9.04513e+08,3.08019e+08,-1.25265e+09,0.00101059,0.000168488,5.07408e-25
0,1.84291e+09,2.25289e+07,3.35938e+08,1.42516e+09,-4.39265e+08,4.41162e+06,1.05744e+08,0.00101754,0.000185485,-3.31045e-26
0,2.27191e+09,-5.40607e+06,3.18745e+08,6.17515e+09,-1.27093e+09,-3.31851e+08,-2.17731e+08,0.000939229,0.000131772,5.94332e-24
0,1.89457e+09,5.61773e+07,2.91569e+08,9.55591e+09,6.77859e+08,-5.81214e+08,-1.25088e+09,0.000995924,0.00015327,1.56854e-22
0,1.92153e+09,3.26919e+07,2.92507e+08,1.0124e+10,-2.80723e+08,-8.47325e+07,-1.11118e+09,0.00109733,0.000167042,2.79159e-22
0,2.0037e+09,-4.21911e+07,3.20993e+08,-2.84978e+09,7.84542e+08,-1.74373e+08,-8.7981e+08,0.000995471,0.000159474,-2.88273e-24
0,2.21794e+09,2.11987e+07,3.15344e+08,7.87134e+09,-1.88562e+09,-6.83479e+07,-7.26803e+08,0.00101678,0.000144565,4.36415e-23
0,1.90042e+09,-7.85785e+06,3.1494e+08,-7.36718e+08,2.42108e+08,-5.30294e+07,-1.35506e+09,0.00101897,0.000168865,2.07236e-25
0,1.96036e+09,-1.1061e+07,2.97402e+08,-3.41244e+09,-1.00396e+09,2.09228e+08,-1.39223e+09,0.00105156,0.00015953,-1.23704e-23
0,2.11311e+09,-3.2106e+07,3.30034e+08,-9.28542e+09,-1.20214e+08,-3.93462e+08,-8.00773e+08,0.000977659,0.000152695,-5.25701e-23
0,1.94749e+09,3.91025e+07,3.04317e+08,7.26102e+09,1.12826e+09,-4.41174e+08,-1.07361e+09,0.000967492,0.000151181,4.08024e-23
0,1.92281e+09,1.48493e+07,2.8341e+08,3.01843e+09,-1.23108e+09,-1.36959e+07,-1.48402e+09,0.00108801,0.000160367,1.45387e-23
0,2.12636e+09,2.38991e+07,3.04595e+08,-2.25672e+09,-2.19043e+09,1.12722e+08,-8.18476e+08,0.00109789,0.00015727,-1.15696e-23
0,2.07971e+09,6.09647e+06,3.22711e+08,-4.58627e+08,-5.93489e+08,-1.45499e+08,-2.91751e+08,0.000979498,0.00015199,-4.15334e-26
0,1.80532e+09,3.9724e+07,3.094e+08,3.80883e+09,1.47862e+09,-4.5242e+06,-1.35139e+09,0.00100796,0.000172747,1.60849e-23
0,2.0324e+09,-2.96706e+07,3.33215e+08,-9.23829e+09,3.24401e+08,-5.22669e+08,-7.04367e+08,0.000946818,0.000155232,-5.23466e-23
0,1.76386e+09,4.10695e+07,2.36422e+08,6.34829e+09,-7.10642e+08,4.67858e+08,-6.96698e+08,0.00127465,0.000170849,1.10316e-22
0,1.8899e+09,-5.56241e+06,3.02783e+08,-4.21887e+09,-1.82778e+09,-5.98852e+08,-1.36171e+09,0.00114184,0.000182936,-4.86662e-23
0,1.71344e+09,-3.18014e+07,2.95192e+08,7.46311e+09,-1.84497e+09,-1.63003e+08,-7.22796e+08,0.00107726,0.000185592,1.9182e-22
0,2.05656e+09,3.0047e+07,3.05528e+08,6.04088e+09,-1.37153e+09,3.56228e+08,-1.21039e+09,0.00108729,0.00016153,4.55099e-23
0,1.71029e+09,1.92462e+07,2.76537e+08,-4.82101e+09,-9.84967e+08,-1.11473e+08,-1.39567e+09,0.00109851,0.000177618,-7.24409e-23
0,2.14742e+09,3.10975e+06,3.13893e+08,1.1417e+08,-1.78248e+09,1.65951e+08,-1.09238e+09,0.00106715,0.000155987,1.16123e-24
0,2.02104e+09,3.42688e+07,2.88484e+08,3.95301e+09,-2.34451e+09,1.84361e+08,-1.42243e+09,0.00113801,0.00016244,6.03897e-23
0,1.92568e+09,-8.96737e+06,2.96847e+08,3.16004e+09,-1.09257e+09,-3.11469e+08,-1.27505e+09,0.0010482,0.000161581,1.10521e-23
0,1.97064e+09,4.30758e+07,2.83242e+08,3.16002e+09,-1.69951e+09,-4.94265e+07,-1.34215e+09,0.00110343,0.000158597,2.25803e-23
0,1.92092e+09,2.15748e+07,3.24405e+08,2.51258e+09,-3.02819e+08,-2.92641e+08,-1.04767e+09,0.00101749,0.000171833,2.46745e-24
0,2.19731e+09,-2.77746e+07,3.2221e+08,-7.62155e+09,-1.20175e+09,-2.97481e+08,-8.17775e+08,0.000988649,0.000144974,-2.55762e-23
0,1.8307e+09,7.55147e+07,3.00499e+08,5.06025e+09,1.22523e+09,-2.37621e+08,-1.43724e+09,0.0010311,0.000169249,3.71524e-23
0,2.10111e+09,-2.40968e+07,3.04421e+08,1.13124e+10,-6.67543e+08,1.87832e+08,4.50757e+07,0.000973605,0.000141062,-9.29352e-24
0,1.77569e+09,5.92721e+07,2.79801e+08,3.23277e+09,7.04753e+08,-8.61631e+08,-1.54434e+09,0.00104673,0.000164936,7.78455e-24
0,1.8727e+09,-3.24346e+07,3.21011e+08,-4.33889e+09,-9.78325e+06,1.30748e+08,-7.98921e+08,0.00104879,0.000179779,-1.38699e-23
0,1.68393e+09,2.65975e+07,2.66721e+08,-6.03249e+09,-6.8293e+08,-1.03814e+08,-1.24815e+09,0.00106972,0.000169435,-1.11389e-22
0,1.85056e+09,7.00991e+07,2.98931e+08,8.96874e+09,2.00708e+09,-5.19331e+08,-1.08467e+09,0.000948435,0.000153206,7.29069e-23
0,1.95204e+09,3.02053e+07,3.00462e+08,6.92802e+09,-3.33492e+08,-2.19687e+08,-1.04674e+09,0.00103367,0.000159105,5.85401e-23
0,2.09239e+09,8.68356e+07,2.82001e+08,3.6486e+09,-1.09975e+08,8.55362e+07,1.65796e+08,0.00114145,0.000153838,-1.6288e-24
0,2.1043e+09,-5.77083e+06,3.29962e+08,-1.44566e+09,-4.08665e+08,-1.20038e+07,-3.55503e+08,0.00096475,0.000151276,-1.16755e-25
0,2.05852e+09,2.23898e+07,3.00875e+08,2.75952e+09,-1.86948e+09,3.00305e+08,-1.29787e+09,0.00110348,0.000161286,1.68099e-23
0,1.92642e+09,-4.24196e+07,2.98355e+08,-6.87011e+09,-1.21574e+09,-4.04174e+08,-1.41747e+09,0.00110747,0.00017152,-1.09305e-22
0,1.98209e+09,2.14946e+07,3.28485e+08,2.33104e+09,-3.26879e+08,1.10454e+08,-9.75117e+08,0.00103146,0.000170941,1.60796e-24
0,1.82279e+09,-3.11553e+07,2.46628e+08,2.22106e+10,-7.43095e+08,7.33759e+07,3.94044e+08,0.00124024,0.000167806,-2.56268e-21
0,1.97075e+09,-7.32804e+06,3.20049e+08,-1.51171e+09,2.50514e+07,-2.39129e+08,-1.14267e+09,0.000983422,0.000159707,-1.73314e-25
0,2.16618e+09,-8.34888e+06,3.1368e+08,-4.92697e+09,-1.73917e+09,2.75582e+08,-8.17744e+08,0.00102137,0.000147902,-1.90472e-23
0,1.87813e+09,4.75874e+07,3.04168e+08,5.78573e+09,9.86873e+06,-1.81416e+08,-1.37636e+09,0.00107687,0.000174401,6.21078e-23
0,1.94905e+09,-1.34768e+07,3.1927e+08,-2.57117e+09,1.5282e+08,-1.99543e+08,-1.19852e+09,0.00100057,0.000163901,-2.33301e-24
0,2.06397e+09,-5.92074e+07,3.1626e+08,2.67019e+09,-1.03966e+09,-1.802e+08,2.41233e+08,0.000870094,0.000133323,1.35468e-25
0,2.05337e+09,3.48993e+07,2.91042e+08,4.10912e+09,-2.17779e+09,1.20583e+07,-1.32824e+09,0.00110818,0.000157072,4.48127e-23
0,2.02559e+09,4.06667e+07,2.85878e+08,4.69925e+09,-1.71946e+09,4.57566e+07,-1.24276e+09,0.00107403,0.000151581,3.62508e-23
0,1.88839e+09,-2.58299e+07,2.84675e+08,-2.76887e+09,-8.04558e+08,4.85864e+08,-1.55041e+09,0.001102,0.000166126,-8.32101e-24
0,1.99044e+09,-5.86652e+06,3.17285e+08,-5.73618e+08,-5.39827e+08,7.51617e+07,-1.34221e+09,0.00104246,0.000166173,1.09222e-25
0,2.03748e+09,-3.12223e+06,3.05466e+08,-1.19114e+09,-1.85808e+09,3.51568e+08,-1.27813e+09,0.00111542,0.000167227,-2.43421e-24
0,2.096e+09,-2.86175e+07,3.2344e+08,-6.09358e+09,-9.24355e+08,-3.60387e+08,-1.04721e+09,0.00104853,0.000161801,-2.7018e-23
0,1.84675e+09,-3.1883e+07,3.01014e+08,-7.23092e+08,9.47275e+08,5.03068e+08,-1.42821e+09,0.00101427,0.000165322,3.49209e-26
0,1.94676e+09,-8.90278e+06,3.12106e+08,-4.53371e+09,-1.31152e+08,9.7852e+06,-1.26712e+09,0.00103757,0.000166344,-1.87923e-23
0,1.91022e+09,-5.90603e+06,3.09188e+08,-6.3436e+08,5.96763e+08,5.48285e+08,-1.06236e+09,0.00097537,0.000157873,1.26449e-26
0,1.99891e+09,-6.02423e+07,3.07364e+08,-1.12737e+10,-4.94961e+08,-3.46099e+08,-1.16339e+09,0.00106793,0.000164211,-2.76618e-22
0,1.98655e+09,-4.78979e+07,3.15942e+08,-1.18873e+10,-3.34454e+08,-4.30775e+08,-8.73751e+08,0.000995277,0.000158289,-1.75923e-22
0,1.65812e+09,5.73102e+06,2.39873e+08,-6.30877e+09,-6.49313e+08,2.36068e+08,-9.11125e+08,0.00127995,0.000185165,-2.73684e-22
0,1.86182e+09,-5.16431e+07,2.89423e+08,-3.96918e+09,-1.31977e+08,5.75334e+08,-1.49634e+09,0.00109155,0.000169683,-2.14149e-23
0,2.05421e+09,5.75278e+07,2.97854e+08,1.11362e+10,-6.30375e+08,-3.45847e+08,-1.04402e+09,0.00103685,0.00015034,1.99036e-22
0,2.0013e+09,5.42029e+07,2.97804e+08,6.03586e+09,-9.71843e+08,-1.12581e+08,-1.25269e+09,0.001068,0.000158924,5.29243e-23
0,1.69766e+09,-2.4287e+07,2.93721e+08,-2.54918e+09,-4.55716e+08,1.83642e+08,-1.38604e+09,0.00105151,0.000181927,-6.95357e-24
0,1.78751e+09,-5.84315e+07,2.76346e+08,-3.43638e+09,-1.77138e+09,-6.28521e+07,-1.55025e+09,0.00113475,0.00017543,-5.69037e-23
0,1.89622e+09,-3.47267e+07,3.04405e+08,-4.45263e+09,-1.44382e+08,-1.22546e+08,-1.30422e+09,0.00101997,0.000163739,-1.88009e-23
0,1.89568e+09,-1.37037e+07,3.14211e+08,7.35779e+08,4.35822e+08,5.48439e+08,-1.00222e+09,0.000980789,0.000162567,-1.28453e-26
0,1.85133e+09,-2.14191e+07,2.88687e+08,-4.38107e+09,-2.17979e+08,4.11459e+08,-1.61195e+09,0.00107335,0.000167373,-3.0991e-23
0,1.99653e+09,-5.28463e+07,2.91956e+08,3.6901e+09,-3.71048e+08,-1.80723e+08,-3.22361e+08,0.001208,0.000176648,6.23102e-24
0,1.94865e+09,-3.84257e+07,2.96359e+08,-3.94717e+08,-1.59133e+09,-7.16378e+08,2.82231e+07,0.00103644,0.000157626,-1.23723e-24
0,1.97915e+09,-6.43849e+07,3.18235e+08,-1.18673e+10,1.07761e+09,-3.34152e+08,-8.66683e+08,0.000965089,0.00015518,-1.76908e-22
0,1.9565e+09,-6.39826e+07,2.84954e+08,-5.76067e+09,-9.1993e+08,4.62877e+08,-1.33026e+09,0.00109315,0.000159212,-6.40116e-23
0,1.99597e+09,-6.69676e+07,3.10158e+08,-1.30673e+10,-1.09238e+08,-4.054e+08,-1.07647e+09,0.00101575,0.000157839,-3.21533e-22
0,1.79384e+09,5.81837e+07,2.82093e+08,5.20884e+09,1.6715e+09,-5.22317e+08,-1.53578e+09,0.00107458,0.000168984,4.7206e-23
0,2.22151e+09,2.36616e+07,3.14988e+08,8.86183e+09,-1.77174e+09,-2.11215e+07,-7.07251e+08,0.00101269,0.00014359,5.15555e-23
0,2.04402e+09,-1.80626e+07,2.85648e+08,-2.68415e+09,-2.17372e+09,-2.58404e+08,-1.23517e+09,0.00111209,0.000155412,-2.38832e-23
0,1.98844e+09,1.82864e+07,2.96816e+08,5.50627e+09,-1.04018e+09,3.97067e+07,-1.30244e+09,0.00105163,0.000156977,3.9353e-23
0,2.00671e+09,-1.58352e+07,2.77018e+08,-1.42729e+10,-1.30722e+09,-4.8148e+08,-6.76634e+07,0.00106058,0.000146409,2.35408e-23
0,1.97111e+09,-6.17468e+07,3.01762e+08,-7.11022e+09,-4.07651e+07,4.31123e+08,-1.20096e+09,0.00108425,0.00016599,-8.40266e-23
0,1.80756e+09,-5.16032e+07,3.04389e+08,-3.0014e+09,1.19429e+08,-1.84229e+08,-1.212e+09,0.00099257,0.000167147,-5.5474e-24
0,1.83321e+09,4.30082e+06,3.06863e+08,3.15736e+08,2.54175e+08,-6.77165e+08,-1.08786e+09,0.00097643,0.000163445,3.06049e-26
0,1.92085e+09,8.39623e+06,3.40307e+08,5.85884e+09,4.02214e+08,4.48413e+08,-2.63227e+08,0.000912071,0.000161586,7.08196e-24
0,1.96698e+09,-4.94529e+07,2.98398e+08,-7.20128e+09,-1.20566e+09,-1.10723e+08,-1.32984e+09,0.00108936,0.00016526,-1.09938e-22
0,1.94317e+09,7.87459e+07,2.87573e+08,9.50371e+09,2.33039e+09,-6.74112e+08,-8.27036e+08,0.000934714,0.00013833,2.31843e-23
0,2.0246e+09,-4.04761e+07,3.21297e+08,-4.09596e+09,-1.12772e+08,-3.06483e+08,-1.1495e+09,0.00100828,0.00016001,-8.54354e-24
0,1.93394e+09,-7.01134e+07,3.13933e+08,-1.25125e+10,9.70061e+08,-4.50032e+08,-9.65693e+08,0.000966605,0.000156907,-2.62543e-22
0,1.93357e+09,4.90148e+06,3.32234e+08,-2.62361e+08,1.0184e+08,-1.45052e+08,-8.50163e+08,0.000980527,0.000168479,2.36364e-26
0,1.70268e+09,-1.59857e+07,2.96945e+08,-9.57154e+09,6.00871e+08,4.76451e+08,-5.85732e+08,0.000931085,0.00016238,-8.58396e-23
0,2.06111e+09,-9.89491e+06,3.20032e+08,-1.70413e+09,4.58852e+08,-3.05748e+07,-2.90308e+08,0.000950386,0.000147568,-1.25257e-25
0,2.07102e+09,-2.47248e+07,2.94205e+08,-2.12202e+09,-2.23597e+09,-1.51326e+08,-1.33334e+09,0.00110788,0.000157383,-1.84116e-23
0,1.90982e+09,-2.36752e+07,3.26446e+08,-8.88192e+09,7.93765e+08,-6.4417e+08,-9.86761e+08,0.000954053,0.000163076,-1.01823e-22
0,2.02357e+09,-5.38467e+07,3.09494e+08,-6.60181e+09,-9.67763e+07,3.49565e+07,-1.15412e+09,0.00103473,0.000158256,-4.51024e-23
0,2.03288e+09,-8.49815e+06,3.19125e+08,-6.29333e+08,-1.07368e+09,-2.08095e+07,-1.24839e+09,0.00105463,0.000165558,-5.55242e-25
0,1.90002e+09,-3.51536e+07,2.90326e+08,-2.06485e+09,-8.21806e+08,7.1436e+08,-1.45403e+09,0.00110042,0.000168145,-1.40286e-24
0,1.88666e+09,1.07475e+07,2.97817e+08,9.62048e+08,7.14964e+08,-6.17574e+07,-1.47581e+09,0.00101119,0.000159621,-6.19938e-26
0,2.01729e+09,-8.34712e+07,2.99618e+08,-1.25287e+10,2.80794e+08,3.71933e+08,-1.00305e+09,0.00105418,0.000156571,-2.97901e-22
0,1.95657e+09,-6.17804e+07,3.15542e+08,-1.02574e+10,3.27787e+08,-3.30003e+08,-1.00776e+09,0.00103708,0.000167253,-1.86182e-22
0,1.92923e+09,-1.51084e+07,3.28074e+08,-6.78514e+09,1.19702e+09,-5.74878e+08,-8.84128e+08,0.000940261,0.000159896,-4.17272e-23
0,1.50033e+09,2.70085e+07,2.3193e+08,-3.00874e+08,1.90352e+09,-2.22217e+08,-1.08082e+09,0.00118324,0.000182913,1.89094e-24
0,1.93081e+09,-5.96735e+07,2.93078e+08,-1.02029e+10,-5.93294e+08,-8.26354e+06,-1.11677e+09,0.00106588,0.00016179,-2.43365e-22
0,1.97465e+09,-1.03255e+07,2.32142e+08,2.85887e+08,1.50521e+08,-5.36456e+08,7.03206e+08,0.00123979,0.00014575,7.22566e-26
0,1.98084e+09,-4.13914e+07,3.17057e+08,-3.47005e+09,-2.22251e+08,-6.76362e+08,-8.82066e+08,0.00107131,0.000171476,-4.26725e-24
0,2.0958e+09,-1.0915e+07,2.91351e+08,-3.34257e+09,-2.4014e+09,-7.58565e+07,-1.19881e+09,0.00109137,0.000151719,-3.08698e-23
0,1.78722e+09,7.09555e+07,3.10388e+08,-7.25268e+09,-3.46627e+08,3.07651e+08,3.25015e+08,0.000972801,0.000168947,2.06227e-23
0,1.98252e+09,-7.64191e+07,3.0781e+08,-1.32071e+10,7.93997e+08,-2.70926e+07,-9.9114e+08,0.000995669,0.00015459,-2.93084e-22
0,2.05839e+09,5.23532e+07,3.1295e+08,8.64797e+09,1.46294e+08,1.70208e+07,-1.03858e+09,0.000967157,0.000147043,6.07406e-23
0,2.14778e+09,4.19075e+06,3.09868e+08,-4.73321e+09,-1.28725e+09,1.59087e+08,-8.58588e+08,0.00100725,0.000145319,-1.25368e-23
0,1.83269e+09,-7.35756e+07,2.90452e+08,-8.85402e+09,7.92895e+08,4.07612e+08,-1.17804e+09,0.00101156,0.000160316,-1.51631e-22
0,1.93683e+09,-2.13549e+06,3.07651e+08,1.95324e+09,8.47297e+08,4.85756e+08,-1.24216e+09,0.000996462,0.000158281,1.94826e-24
0,1.94098e+09,-3.08377e+07,3.14393e+08,-1.66833e+09,-5.17243e+07,-1.54466e+08,-1.22913e+09,0.00105518,0.000170916,-4.61591e-25
0,1.73585e+09,-5.30002e+07,2.57178e+08,1.15768e+09,2.11096e+09,1.73826e+08,-1.19471e+09,0.00109434,0.000162133,-1.0043e-24
0,2.03665e+09,3.80871e+07,2.94235e+08,-1.57197e+10,-2.26184e+09,-1.82249e+08,3.12754e+07,0.00103214,0.000149114,9.59356e-24
0,1.91393e+09,-2.44072e+07,2.56045e+08,-2.46688e+09,-5.26758e+08,2.63316e+08,-1.27237e+09,0.00111553,0.000149235,-4.68713e-24
0,1.70265e+09,3.98668e+07,2.2419e+08,-1.54081e+10,-2.98532e+09,6.51132e+08,6.41364e+08,0.0011057,0.000145589,2.4776e-22
0,1.94732e+09,5.78957e+07,3.04584e+08,-2.77549e+09,-1.70017e+09,6.6777e+08,-5.99152e+08,0.00106867,0.000167152,-9.79017e-24
0,1.72955e+09,-2.15701e+07,3.05695e+08,8.14178e+09,-1.7799e+08,3.23971e+08,-7.46297e+08,0.00102219,0.00018067,1.11293e-22
0,2.03206e+09,-1.91531e+07,3.36861e+08,-8.6472e+09,2.07725e+08,-4.35959e+08,-6.2488e+08,0.000954526,0.000158235,-3.85723e-23
0,2.012e+09,-6.13245e+07,3.13996e+08,-1.28889e+10,2.11344e+08,-1.7242e+08,-9.52617e+08,0.00100233,0.000156425,-2.51297e-22
0,1.72637e+09,-3.84553e+07,2.72246e+08,4.92934e+09,-9.36645e+08,6.67669e+08,-1.3215e+09,0.00112099,0.000176779,5.23854e-23
0,2.07802e+09,-7.22924e+07,3.01863e+08,-1.14192e+10,-5.08275e+08,3.05932e+07,-1.04361e+09,0.00102632,0.000149088,-1.83279e-22
0,1.77672e+09,7.70327e+06,2.85693e+08,-1.89682e+09,1.137e+09,-9.77565e+07,-1.62107e+09,0.00107849,0.00017342,-3.45778e-24
0,2.10742e+09,-3.50028e+07,3.2808e+08,-7.1806e+09,-5.5506e+08,-4.2897e+08,-8.9798e+08,0.00101485,0.000157991,-3.02615e-23
0,1.88191e+09,-6.07256e+07,2.97672e+08,-8.10111e+09,8.187e+08,5.51744e+08,-1.02532e+09,0.00100518,0.000158994,-7.99513e-23
0,2.05411e+09,-2.56779e+07,3.16273e+08,-3.65329e+09,-9.63484e+08,-2.65132e+08,-1.15388e+09,0.00105861,0.000162995,-8.6759e-24
0,1.99068e+09,-112222,3.1769e+08,3.32751e+09,5.40986e+08,-1.29086e+08,-9.05234e+08,0.000939419,0.00014992,2.82835e-24
0,1.99974e+09,-6.13185e+07,3.21702e+08,-9.16568e+09,9.95473e+08,-2.41186e+08,-8.25484e+08,0.000953392,0.000153374,-6.86976e-23
0,2.00189e+09,-3.63814e+07,3.31028e+08,-9.51336e+09,2.8155e+08,-7.29045e+08,-7.89523e+08,0.000950835,0.000157227,-7.042e-23
0,1.87336e+09,-6.85903e+07,3.10684e+08,-1.09567e+10,2.3353e+09,-1.49268e+08,-9.52486e+08,0.000932515,0.000154651,-1.54192e-22
0,1.73944e+09,1.91754e+07,2.90091e+08,8.00423e+09,7.52505e+08,-7.56234e+08,-9.83969e+08,0.00102915,0.000171634,1.16371e-22
0,1.92542e+09,1.4592e+07,3.10509e+08,2.16608e+09,3.4344e+08,-2.09337e+07,-1.37392e+09,0.000991445,0.000159889,1.32392e-24
0,1.82137e+09,7.35505e+07,2.96271e+08,-2.74663e+09,-1.44245e+09,2.34544e+08,-8.38377e+08,0.00104201,0.000169498,-1.16153e-23
0,2.08632e+09,1.85868e+07,3.18035e+08,8.23889e+09,-4.9554e+07,5.62206e+07,-9.02749e+08,0.000961515,0.000146572,4.14342e-23
0,1.95107e+09,-8.73377e+07,2.84476e+08,-6.65339e+09,7.7131e+08,2.43471e+08,-1.011e+09,0.00103142,0.000150386,-4.50038e-23
0,1.87003e+09,-2.15791e+07,3.33555e+08,-6.27334e+09,6.16626e+07,-5.41051e+08,-4.99986e+08,0.000915543,0.000163304,-1.39972e-23
0,1.71132e+09,928661,2.96743e+08,1.05342e+10,1.21002e+09,3.15663e+08,-1.01921e+09,0.0010611,0.000183994,4.84508e-22
0,1.91396e+09,-6.74371e+07,3.17733e+08,-1.17181e+10,1.35195e+09,-4.24991e+08,-8.6784e+08,0.000947208,0.000157244,-1.94118e-22
0,2.07578e+09,4.69518e+07,2.80804e+08,-7.56945e+09,-4.23932e+08,3.6748e+07,-3.19852e+06,0.00104688,0.000141619,-6.78255e-25
0,1.83395e+09,7.92499e+06,2.51995e+08,-4.38835e+09,-1.39971e+09,-3.51395e+08,-7.09911e+08,0.00120934,0.00016617,-3.641e-23
0,1.93001e+09,464470,3.19292e+08,-1.07946e+09,-6.27286e+06,-1.58888e+08,-1.24459e+09,0.00102481,0.00016954,1.05876e-25
0,1.7803e+09,-3.09032e+07,2.84898e+08,-3.82459e+09,8.91437e+08,5.148e+08,-1.65781e+09,0.00104102,0.000166592,-1.80902e-23
0,2.19828e+09,-1.44838e+07,3.09179e+08,8.0686e+09,8.48489e+08,1.86858e+07,1.52235e+08,0.000955879,0.00013444,-5.55796e-24
0,2.00332e+09,-2.27619e+07,3.155e+08,-5.53062e+09,8.87461e+07,-6.95142e+08,-1.05125e+09,0.00103038,0.000162274,-2.4392e-23
0,2.28133e+09,3.04743e+07,3.27007e+08,6.14128e+09,-5.34202e+08,-2.10947e+08,-3.23916e+08,0.000920044,0.00013188,3.83098e-24
0,2.32491e+09,1.12705e+07,3.29773e+08,2.5261e+09,-1.14255e+09,-9.59163e+07,-2.87414e+08,0.00092157,0.000130718,6.34196e-25
0,2.10775e+09,-1.56534e+07,3.21286e+08,-2.49195e+09,-2.94718e+08,2.38519e+07,-2.14998e+08,0.000946093,0.000144213,-2.69049e-25
0,2.02314e+09,1.0744e+08,2.85683e+08,3.67435e+09,-1.91081e+09,6.12062e+08,8.91541e+07,0.00106691,0.000150656,-1.4929e-24
0,1.96292e+09,5.13796e+06,3.28407e+08,2.2076e+09,2.15124e+08,1.04685e+08,-9.62566e+08,0.00100503,0.000168147,1.2512e-24
0,1.81514e+09,4.74951e+07,3.0105e+08,-1.86634e+09,-1.08349e+09,-5.17329e+07,-9.22979e+08,0.00104313,0.000173007,-3.85902e-24
0,1.95375e+09,1.26059e+07,2.84251e+08,4.16165e+09,-2.77863e+09,-5.28494e+07,-1.2061e+09,0.00109645,0.000159522,8.34666e-23
0,1.93877e+09,-4.10981e+06,3.24164e+08,-9.67725e+08,3.53726e+07,-2.10661e+08,-1.1242e+09,0.00102098,0.00017071,8.31758e-26
0,1.92645e+09,2.25773e+07,3.06893e+08,1.01223e+10,9.91293e+08,9.23837e+07,-5.61135e+08,0.000966325,0.00015394,7.69356e-23
0,1.73213e+09,2.47724e+07,2.92283e+08,1.23008e+10,2.32746e+09,-4.99421e+06,-1.00872e+09,0.00109613,0.000184963,7.10833e-22
0,1.98282e+09,-3.00969e+07,3.13928e+08,-5.90618e+09,5.57904e+08,-7.92509e+08,-9.94032e+08,0.00100382,0.000158929,-3.32076e-23
0,2.00609e+09,-3.96516e+07,2.97145e+08,-1.06925e+10,-1.48531e+09,-1.18651e+08,-1.05811e+09,0.00106513,0.000157769,-2.30714e-22
0,2.05062e+09,1.45285e+07,3.2579e+08,1.71521e+09,-3.12341e+08,9.84246e+07,-1.01133e+09,0.0010246,0.000162783,4.66787e-25
0,1.7966e+09,-3.35278e+07,2.71788e+08,3.34517e+09,1.10634e+09,-2.90861e+08,-9.27129e+08,0.00117771,0.000178162,1.19353e-23
0,2.00511e+09,3.59832e+07,3.12265e+08,1.75153e+09,-1.99459e+08,1.25748e+08,-1.28427e+09,0.00102655,0.000159869,4.60878e-25
0,1.94388e+09,-1.81593e+07,3.22426e+08,-8.40327e+09,1.19099e+09,-3.2371e+08,-9.80533e+08,0.000936231,0.000155291,-6.90384e-23
0,1.90503e+09,-3.36984e+07,2.96409e+08,-1.09487e+09,7.73342e+08,-1.27789e+08,-1.32964e+09,0.00107445,0.000167177,-2.38589e-25
0,2.10615e+09,8.17943e+07,2.90612e+08,-2.27491e+09,-3.04089e+09,3.46692e+08,-8.89822e+07,0.0010668,0.0001472,-1.53781e-23
0,2.11355e+09,4.1376e+06,3.28452e+08,-2.04463e+09,2.23299e+08,-2.33495e+08,-2.7046e+08,0.000922068,0.000143292,-1.91071e-25
0,2.04473e+09,-6.75907e+07,3.07427e+08,-1.14065e+10,3.71967e+08,2.29331e+08,-8.9762e+08,0.000979511,0.000147271,-1.30523e-22
0,1.88153e+09,8.96853e+06,3.36173e+08,6.96551e+09,7.4131e+08,3.78924e+08,-3.0042e+08,0.000892995,0.000159552,1.38204e-23
0,1.9802e+09,-2.76518e+07,3.16266e+08,-6.10038e+09,8.87752e+07,-1.13151e+08,-9.01305e+08,0.000981429,0.000156748,-2.4068e-23
0,1.95903e+09,5.26336e+07,2.98583e+08,7.13495e+09,-8.28565e+08,-3.61865e+08,-8.48722e+08,0.00099086,0.000151021,4.77911e-23
0,2.0971e+09,3.03124e+06,2.99364e+08,3.45657e+09,-7.63273e+08,-4.45052e+08,-7.23062e+08,0.0011287,0.000161124,7.5209e-24
0,1.76344e+09,2.26674e+07,2.85079e+08,1.6224e+09,1.92701e+09,-2.9647e+08,-1.47356e+09,0.00102586,0.000165842,3.46762e-25
0,1.79072e+09,-1.30139e+07,2.64828e+08,-8.44123e+09,-1.37048e+09,7.15423e+07,-5.5588e+08,0.00111783,0.000165315,-1.60088e-22
0,1.78656e+09,-5.13039e+07,2.7772e+08,1.60077e+09,9.16087e+08,-2.96431e+08,-6.5435e+08,0.0011811,0.000183601,4.23892e-25
0,1.88393e+09,2.58235e+07,3.14424e+08,2.19039e+09,7.62427e+08,2.16137e+06,-1.39583e+09,0.00100621,0.000167935,2.10783e-24
0,1.97401e+09,-9.04872e+06,3.21963e+08,-1.85965e+09,-4.07043e+08,-1.30177e+08,-1.14385e+09,0.00102129,0.000166573,-8.18619e-25
0,1.95025e+09,2.10803e+07,3.28273e+08,6.51886e+09,3.71499e+08,3.11825e+08,-8.08599e+08,0.000926173,0.000155897,2.28631e-23
0,2.03469e+09,6.91292e+07,3.01613e+08,9.7188e+09,3.07397e+08,-2.09922e+08,-8.85036e+08,0.000952339,0.00014117,7.0896e-23
0,2.18734e+09,5.31672e+07,3.15348e+08,5.5067e+09,2.85387e+08,-4.11443e+08,-4.73749e+08,0.000920879,0.000132763,3.62465e-24
0,2.24555e+09,5.05699e+07,2.94814e+08,-1.06415e+10,1.03224e+08,3.54466e+08,1.10378e+08,0.00105979,0.000139138,1.35092e-23
0,2.04982e+09,1.15322e+07,3.11968e+08,-1.21406e+09,9.1241e+08,-2.48508e+08,-2.5738e+08,0.000923921,0.000140614,-3.52244e-26
0,1.94937e+09,-2.27145e+06,3.19882e+08,-4.99297e+09,7.18673e+07,-1.53856e+08,-8.22607e+08,0.000976007,0.000160158,-1.26147e-23
0,1.7609e+09,-5.76929e+07,2.94308e+08,6.51303e+09,-1.6197e+09,3.84294e+08,-1.04961e+09,0.00103717,0.000173347,8.87317e-23
0,2.05906e+09,7.76839e+07,3.03022e+08,1.11343e+10,6.82821e+08,-4.86599e+08,-8.52775e+08,0.000953202,0.000140278,8.98814e-23
0,2.22652e+09,2.27274e+07,3.06178e+08,-1.14292e+10,-2.13137e+09,4.25788e+07,-3.09099e+08,0.00105168,0.000144621,-7.18771e-23
0,1.73974e+09,-8.80015e+07,2.79032e+08,1.53161e+09,-1.97282e+09,3.24786e+08,-9.73241e+08,0.0011025,0.000176828,2.14761e-23
0,2.09251e+09,-2.27499e+07,3.01978e+08,-6.48451e+09,-1.64589e+09,-3.41101e+08,-1.19122e+09,0.00104628,0.000150993,-4.58484e-23
0,1.93987e+09,2.43236e+07,3.07261e+08,2.40411e+09,-1.1868e+08,-1.13447e+08,-1.18914e+09,0.00102493,0.000162342,2.08263e-24
0,1.95815e+09,-5.69863e+06,3.12955e+08,-2.43239e+09,-3.47141e+08,-1.24669e+08,-1.32414e+09,0.00101968,0.000162967,-2.16497e-24
0,1.7675e+09,7.85923e+07,3.19568e+08,2.32553e+09,-1.32049e+08,2.26478e+08,-4.09983e+08,0.000908512,0.000164261,6.23224e-25
0,2.31085e+09,1.02401e+06,3.22794e+08,1.15152e+09,-1.22053e+09,6.93614e+07,-2.85354e+08,0.000929948,0.000129901,2.64168e-25
0,1.96623e+09,8.67351e+06,3.39103e+08,3.99076e+09,5.07227e+08,2.70339e+08,-4.03128e+08,0.000908931,0.000156757,2.7575e-24
0,2.17742e+09,-1.16534e+07,2.97372e+08,-9.63228e+09,-9.31304e+08,-2.06735e+08,-6.72867e+08,0.00112127,0.000153133,-8.33655e-23
0,1.83843e+09,-7.61086e+06,3.05514e+08,7.18315e+09,5.95976e+08,8.78852e+07,-6.93139e+08,0.00103111,0.000171351,5.88203e-23
0,1.87742e+09,3.97689e+07,3.16597e+08,9.19118e+09,9.97536e+08,-3.46426e+08,-8.29071e+08,0.000946308,0.00015958,7.27822e-23
0,1.78357e+09,-2.64835e+07,2.95869e+08,1.01957e+10,2.4883e+09,5.71206e+08,-7.73439e+08,0.00099059,0.000164325,2.36987e-22
0,1.76834e+09,-8.84487e+07,2.77372e+08,2.38968e+09,-9.42964e+08,8.98444e+08,-9.1736e+08,0.00112045,0.000175746,-1.95807e-24
0,1.88844e+09,1.89886e+07,3.36579e+08,9.94511e+09,-6.67513e+07,6.08629e+08,-1.10758e+08,0.000931158,0.000165961,1.09717e-23
0,1.96098e+09,1.32386e+07,3.09823e+08,8.32985e+09,-3.36188e+08,1.4956e+08,-1.0656e+09,0.000993584,0.000156981,7.99173e-23
0,1.94668e+09,2.95551e+07,2.92767e+08,2.84542e+09,-6.87174e+08,-7.2953e+08,-1.30635e+09,0.00107927,0.000162315,5.59439e-24
0,1.99195e+09,-2.26397e+07,3.21641e+08,-2.36698e+09,-3.54793e+08,-4.13243e+08,-1.15385e+09,0.00102854,0.00016608,-1.31363e-24
0,2.0903e+09,-2.28996e+07,2.94278e+08,-1.44908e+10,-4.58023e+08,-1.65056e+08,-6.97419e+08,0.00108094,0.000152177,-3.0724e-22
0,1.91882e+09,6.4915e+07,3.19992e+08,6.35227e+09,-7.42629e+08,3.33266e+08,-6.11958e+08,0.000943394,0.000157325,1.53831e-23
0,1.93955e+09,-1.0931e+08,3.03581e+08,-1.1063e+10,2.43542e+09,3.63109e+08,-7.46097e+08,0.000891226,0.000139496,-4.37168e-23
0,2.12153e+09,3.51693e+06,3.16111e+08,3.25088e+08,1.25935e+07,-1.35869e+08,-2.47563e+08,0.000933534,0.000139098,3.26195e-29
0,2.28459e+09,3.27288e+07,3.21875e+08,6.381e+09,-9.04486e+08,-2.88588e+08,-3.71456e+08,0.000934119,0.000131607,6.33841e-24
0,2.08899e+09,-3.14067e+07,3.22883e+08,-4.83203e+09,-5.26529e+08,-2.57071e+08,-9.82702e+08,0.00100093,0.000154707,-1.02102e-23
0,1.81161e+09,6.59814e+07,2.84755e+08,3.37561e+08,6.84493e+07,-4.71418e+08,-9.35692e+08,0.00110573,0.000173803,-6.09132e-26
0,2.13057e+09,-3.7325e+06,3.12681e+08,-1.90348e+09,-2.13804e+09,2.24622e+08,-9.03409e+08,0.00103854,0.000152415,-6.17643e-24
0,1.83765e+09,2.72074e+07,3.12179e+08,1.67006e+09,6.03858e+08,-1.86761e+08,-1.51477e+09,0.00103114,0.000175169,5.72798e-25
0,1.85635e+09,1.57267e+07,3.24631e+08,-6.12847e+09,-8.89848e+08,-4.20252e+08,-2.47977e+08,0.00102232,0.000178779,-4.40267e-24
0,1.79926e+09,-4.85958e+06,2.82238e+08,6.9903e+09,9.85431e+08,-4.29541e+07,-1.21214e+09,0.00112314,0.000176179,1.54187e-22
0,2.08265e+09,4.49716e+07,3.21149e+08,1.15084e+10,-5.0461e+08,2.90466e+08,-8.57126e+08,0.000992817,0.000153095,1.22773e-22
0,2.01384e+09,-2.90234e+07,2.97473e+08,-1.61534e+10,-1.645e+08,-8.48646e+07,-6.49678e+08,0.00103309,0.000152603,-3.8707e-22
0,2.09219e+09,1.5862e+07,3.12046e+08,4.20162e+09,-1.55057e+09,3.03689e+08,-1.05638e+09,0.0010874,0.000162184,1.76561e-23
0,1.83653e+09,7.7388e+07,2.80083e+08,-4.98525e+08,-7.57435e+08,-1.55639e+08,-1.01234e+09,0.00110487,0.0001685,-5.74392e-25
0,2.06427e+09,3.47773e+07,3.29134e+08,7.66641e+09,-7.51177e+08,4.91953e+08,-6.79344e+08,0.000980804,0.000156383,2.35897e-23
0,1.84298e+09,-6.68763e+07,2.80303e+08,8.6203e+08,1.38472e+09,5.74368e+08,-9.6753e+08,0.00115994,0.000176418,1.33312e-24
0,2.12064e+09,5.46732e+07,2.8732e+08,-9.15898e+09,-1.11211e+09,3.98046e+08,2.19893e+08,0.00100066,0.000135577,4.61553e-24
0,2.05447e+09,4.96565e+07,3.21007e+08,8.46944e+09,3.03657e+08,1.76235e+08,-9.25847e+08,0.000953146,0.000148927,4.88878e-23
0,2.31874e+09,8.98873e+06,3.21341e+08,2.19014e+09,-1.44117e+09,-7.31333e+07,-2.62751e+08,0.000931824,0.000129136,8.34624e-25
0,2.0749e+09,1.02218e+07,3.23374e+08,2.28189e+09,-6.03872e+08,4.61578e+08,-9.71587e+08,0.00101026,0.000157449,7.72246e-25
0,1.92427e+09,-2.14286e+06,3.19425e+08,1.81425e+09,2.90669e+08,-1.3161e+08,-1.18007e+09,0.00101047,0.000167737,6.67473e-25
0,2.05219e+09,-2.17911e+07,3.3288e+08,-4.29707e+09,-5.55788e+08,-3.38898e+08,-7.161e+08,0.00101202,0.000164156,-5.50875e-24
0,1.72357e+09,-1.18346e+07,2.57223e+08,9.23494e+09,-3.07408e+09,-5.42414e+08,8.14202e+08,0.00103691,0.000154746,1.4472e-23
0,1.68932e+09,-4.21628e+07,2.96389e+08,1.0526e+10,-2.37683e+08,1.05654e+08,-2.81996e+08,0.00105538,0.000185165,1.22128e-22
0,2.08949e+09,-2.53895e+07,3.18472e+08,3.46931e+08,-1.62866e+09,-8.08476e+08,-3.50622e+08,0.000912877,0.000139137,-6.70831e-25
0,2.16179e+09,2.38922e+07,3.17785e+08,1.17759e+10,3.10602e+08,-5.83228e+07,-4.03942e+08,0.00102805,0.000151125,6.34349e-23
0,1.77501e+09,7.18252e+07,2.73667e+08,5.01399e+09,1.50683e+09,-5.82459e+08,-9.41396e+08,0.000961914,0.000148305,1.06613e-23
0,2.10249e+09,-8.06262e+06,3.1223e+08,8.11884e+08,-3.8991e+07,1.07514e+08,-2.38104e+08,0.000937428,0.000139213,7.0821e-27
0,2.08243e+09,-1.29648e+07,3.36861e+08,7.3991e+09,-1.91611e+08,8.22414e+08,4.43983e+08,0.000991007,0.000160308,-1.99385e-23
0,2.1194e+09,6.25286e+07,3.14777e+08,7.87146e+09,6.33269e+08,-2.07341e+08,-5.85339e+08,0.000927946,0.00013782,1.68441e-23
0,1.8233e+09,5.35922e+06,2.90059e+08,1.51869e+10,-1.45937e+08,3.6363e+08,-3.36318e+08,0.00110612,0.000175967,3.73831e-22
0,2.11168e+09,5.87966e+07,3.11539e+08,6.72582e+09,4.48566e+08,-1.33992e+08,-5.9173e+08,0.000930366,0.000137258,1.14073e-23
0,1.7341e+09,2.94121e+07,3.18942e+08,-3.98947e+09,-1.10431e+08,-5.61917e+07,-3.08862e+08,0.000998066,0.000183568,-4.8597e-24
0,2.02756e+09,6.0107e+07,3.10832e+08,1.0058e+10,-1.77794e+08,2.89964e+08,-1.09001e+09,0.00100875,0.000154644,1.31448e-22
0,2.03123e+09,1.02062e+07,3.03995e+08,9.98938e+08,-1.41454e+09,3.32466e+08,-1.21778e+09,0.00108863,0.000162924,3.38692e-24
0,1.84825e+09,9.44324e+07,2.82144e+08,-9.44562e+08,-1.76025e+09,-2.11363e+07,-1.00007e+09,0.00111834,0.00017072,-6.40025e-24
0,1.85708e+09,2.78934e+07,2.95446e+08,5.55792e+09,8.5554e+08,-2.88316e+08,-1.45777e+09,0.00105745,0.000168231,5.30753e-23
0,2.2857e+09,1.45974e+07,3.14509e+08,7.27099e+09,-3.73308e+07,1.35383e+08,-7.81484e+07,0.00102282,0.000140739,2.09413e-24
0,2.01316e+09,4.90962e+07,2.89564e+08,4.8504e+09,-1.25141e+09,-8.63363e+07,-1.29983e+09,0.00105938,0.000152376,3.08951e-23
0,2.07657e+09,5.82249e+07,2.90704e+08,6.01844e+09,-4.00251e+08,-3.91593e+08,-9.4906e+08,0.000991085,0.000138744,2.14738e-23
0,2.30719e+09,1.3145e+07,3.1745e+08,1.75405e+09,-1.92308e+09,4.04351e+07,-2.8078e+08,0.000940945,0.000129466,1.45632e-24
0,2.07969e+09,-2.80237e+07,3.03957e+08,-7.61874e+09,3.30642e+08,-1.63116e+08,-5.32919e+08,0.000939537,0.000137318,-1.84241e-23
0,2.17292e+09,2.17921e+07,3.14404e+08,8.50349e+09,-1.92479e+09,-1.20817e+08,-7.38033e+08,0.00102955,0.000148967,6.54485e-23
0,2.0539e+09,-3.71077e+07,3.28343e+08,-6.24386e+09,-2.835e+08,-4.68041e+08,-8.29849e+08,0.000985846,0.0001576,-1.82368e-23
0,2.00207e+09,6.64725e+07,3.04685e+08,8.42189e+09,1.7844e+08,5.69088e+07,-1.18752e+09,0.00104568,0.000159137,1.08549e-22
0,1.73897e+09,6.08038e+07,2.77962e+08,-9.26357e+09,-2.21907e+09,-6.82361e+08,-1.23e+09,0.00117798,0.000188291,-5.24493e-22
0,1.82532e+09,4.4211e+07,2.80251e+08,1.16979e+10,1.90986e+09,1.17435e+08,-1.22148e+09,0.000974243,0.00014958,3.50046e-22
0,2.06384e+09,2.20921e+07,3.27652e+08,4.6066e+09,-5.80472e+08,4.4007e+08,-9.43796e+08,0.00102493,0.000162716,8.96023e-24
0,2.01534e+09,7.61264e+07,2.99279e+08,1.31875e+10,-7.04899e+08,-4.64136e+07,-9.27162e+08,0.00106068,0.000157512,3.48891e-22
0,1.95103e+09,-2.17388e+07,3.29633e+08,-6.87867e+09,1.03064e+09,-3.47326e+08,-7.73774e+08,0.000920146,0.000155462,-2.84253e-23
0,2.0093e+09,-1.78667e+07,3.14086e+08,1.00977e+09,-1.37167e+09,-2.90114e+08,-1.15689e+09,0.00107962,0.000168762,7.48872e-25
0,1.94411e+09,-1.97188e+07,2.98902e+08,-2.83676e+09,-1.08017e+09,1.68634e+08,-1.29823e+09,0.00108177,0.00016632,-9.38136e-24
0,1.84178e+09,-2.52906e+07,2.55009e+08,1.30044e+10,-2.12457e+09,-3.73326e+08,4.25432e+08,0.00107444,0.000148765,-1.04074e-22
0,2.09187e+09,-3.49152e+07,3.32791e+08,-6.98518e+09,-7.55932e+07,-5.4031e+08,-6.56052e+08,0.000971693,0.000154584,-1.82192e-23
0,1.69033e+09,5.37058e+06,2.62894e+08,5.35652e+09,1.92214e+09,1.04752e+08,-4.34248e+08,0.0010021,0.000155855,9.55066e-24
0,2.03047e+09,-7.47215e+07,3.04469e+08,-4.27191e+09,-2.38949e+09,3.15722e+07,-5.71729e+08,0.0010426,0.000156338,-2.9163e-23
0,2.07355e+09,-3.55625e+07,3.02818e+08,-7.79186e+09,-1.82223e+09,-2.44158e+08,-1.00862e+09,0.00105568,0.000154169,-7.72733e-23
0,1.94003e+09,-1.05526e+07,3.14915e+08,3.19364e+08,4.42215e+08,3.51946e+08,-1.24395e+09,0.00100136,0.000162545,-1.08762e-25
0,2.08799e+09,1.62043e+07,3.13032e+08,1.68515e+09,-3.25904e+08,-3.63286e+07,-2.89319e+08,0.000941856,0.000141203,1.26765e-25
0,1.80968e+09,9.03432e+06,3.00709e+08,2.61975e+09,4.93155e+08,-1.10835e+08,-1.15071e+09,0.000992354,0.000164896,3.41109e-24
0,1.90455e+09,2.8909e+07,3.12631e+08,4.70318e+09,-5.11899e+08,-1.16605e+08,-1.23411e+09,0.00109037,0.000178984,3.15803e-23
0,1.86767e+09,-5.0325e+07,2.89089e+08,-3.34064e+09,-9.2903e+08,9.32035e+07,-1.29747e+09,0.0010605,0.000164151,-1.39296e-23
0,2.01038e+09,4.36635e+07,2.93546e+08,4.14274e+09,-9.27973e+08,-1.34719e+08,-1.34842e+09,0.00109213,0.000159467,2.09214e-23
0,1.81822e+09,4.11302e+06,2.90392e+08,-8.36175e+08,-1.41136e+09,-2.30925e+08,-1.46849e+09,0.00111296,0.000177752,-5.84778e-24
0,2.04477e+09,3.77502e+07,3.11287e+08,3.99796e+09,-6.31781e+08,1.21107e+08,-1.24834e+09,0.00102917,0.000156677,9.90734e-24
0,1.93057e+09,-7.8762e+07,3.00896e+08,-4.56967e+09,-7.53113e+08,2.83933e+08,-6.82015e+08,0.00102556,0.000159843,-1.39735e-23
0,2.09394e+09,-4.22246e+07,3.07233e+08,-1.069e+10,-1.65972e+09,-2.71357e+08,-8.88603e+08,0.0010436,0.000153122,-1.35123e-22
0,2.20761e+09,1.77999e+07,3.05596e+08,-1.19862e+10,-1.28095e+09,2.08209e+08,-9.48979e+07,0.000997452,0.000138076,-2.47596e-23
0,1.94647e+09,1.43605e+07,3.08604e+08,2.6814e+09,-1.08862e+09,-2.07067e+08,-1.30137e+09,0.0011016,0.000174654,8.90791e-24
0,1.86497e+09,-2.7164e+07,2.95264e+08,-1.91745e+09,-7.95612e+08,-2.89508e+07,-1.4699e+09,0.00111439,0.000176431,-3.54745e-24
0,1.7629e+09,-5.61908e+07,2.8987e+08,-2.56609e+09,6.7651e+07,1.07506e+08,-1.29557e+09,0.00103245,0.000169763,-4.44918e-24
0,2.24644e+09,-1.24772e+07,3.14964e+08,-5.23274e+09,-2.03171e+09,7.09239e+07,-7.94349e+08,0.00102684,0.000143969,-2.06282e-23
0,1.72694e+09,-4.61319e+07,2.66215e+08,-1.0024e+10,-1.83029e+09,-1.08348e+09,1.87896e+08,0.00101383,0.000156287,2.22044e-22
0,2.09528e+09,-6.68267e+07,2.94153e+08,-6.5828e+09,-4.80195e+08,3.74192e+08,-9.45167e+08,0.000985305,0.000138325,-2.63973e-23
0,1.73289e+09,1.03954e+07,3.00977e+08,-5.93317e+09,-1.40544e+09,7.60686e+08,2.72242e+08,0.000954072,0.000165708,-1.02966e-23
0,1.81166e+09,-7.3532e+07,2.99394e+08,-3.70862e+09,1.57787e+09,9.99378e+07,-7.71646e+08,0.000997221,0.0001648,-4.84204e-24
0,1.98067e+09,-7.09943e+06,3.20295e+08,1.12437e+09,-4.9094e+08,8.17152e+06,-1.22819e+09,0.00103944,0.000168088,1.50811e-25
0,1.85811e+09,2.21666e+07,2.65475e+08,2.95802e+09,-2.11063e+09,-3.21854e+08,-1.2477e+09,0.00106763,0.000152536,3.04636e-23
0,1.84362e+09,5.8624e+06,2.92179e+08,7.31871e+09,1.08484e+09,4.96672e+08,-1.31581e+09,0.000995802,0.000157816,1.11377e-22
0,2.24144e+09,-1.72065e+07,3.13368e+08,-4.51558e+09,-1.59328e+09,-9.93544e+07,-5.82724e+08,0.000976776,0.00013656,-6.37331e-24
0,1.8108e+09,-2.70217e+06,2.73233e+08,4.22855e+09,6.66778e+08,-3.2936e+08,-1.12489e+09,0.000973188,0.000146845,1.28278e-23
0,2.09233e+09,-3.52362e+07,3.25165e+08,-8.55372e+09,-3.82183e+08,-7.68003e+08,-7.14895e+08,0.00103807,0.000161325,-4.3406e-23
0,1.81786e+09,2.08272e+06,2.80523e+08,1.92593e+09,1.47834e+08,2.15223e+08,-1.77685e+09,0.00109137,0.000168415,5.53541e-25
0,1.65395e+09,-6.17714e+07,2.84729e+08,-3.82019e+09,-2.09665e+09,-6.98224e+08,-1.06156e+09,0.00107311,0.000184738,-5.79507e-23
0,2.03355e+09,4.83478e+07,2.85236e+08,5.72459e+09,-1.87919e+09,1.1723e+07,-1.38318e+09,0.00111264,0.000156064,7.89873e-23
0,2.12152e+09,-3.07828e+07,3.08011e+08,-4.63408e+09,-1.67234e+09,3.37573e+07,-5.29886e+08,0.000967084,0.000140405,-9.3491e-24
0,1.84767e+09,3.72284e+07,2.70354e+08,-3.00904e+09,-1.33596e+09,-3.30461e+08,-7.44316e+08,0.00129909,0.000190084,-2.44348e-23
0,1.92158e+09,1.45357e+07,3.11154e+08,-1.22881e+09,-1.22176e+09,1.97234e+08,-1.27581e+09,0.00111291,0.000180209,-1.9326e-24
0,2.00021e+09,-1.41609e+07,3.22205e+08,-2.19881e+09,-5.32591e+07,-2.11971e+08,-1.15548e+09,0.001009,0.000162535,-1.09776e-24
0,2.09574e+09,-4.28606e+07,3.2345e+08,-1.06288e+10,-1.3231e+08,-6.92481e+08,-7.27039e+08,0.00101233,0.000156239,-8.65443e-23
0,2.31419e+09,1.43691e+07,3.2893e+08,3.92557e+09,-6.98973e+08,-1.20011e+08,-2.30778e+08,0.000920725,0.000130868,8.49759e-25
0,1.8211e+09,5.65684e+06,2.89909e+08,1.95156e+09,1.58475e+08,2.30054e+08,-1.7711e+09,0.0010973,0.000174684,7.02452e-25
0,2.20257e+09,8.09729e+06,3.43926e+08,-1.88623e+08,2.27104e+08,6.77468e+07,-1.27991e+08,0.000877762,0.00013706,2.78877e-29
0,1.90787e+09,6.42192e+06,2.97012e+08,-2.47843e+09,-8.91358e+08,-1.12794e+08,-1.46534e+09,0.00108799,0.000169376,-6.31672e-24
0,1.7372e+09,-6.45967e+07,2.92056e+08,-1.28993e+09,8.41291e+08,-2.16709e+08,-3.7998e+08,0.000871085,0.000146446,-1.64553e-25
0,2.06547e+09,4.85203e+07,3.20209e+08,8.82858e+09,7.18229e+08,1.74705e+08,-8.20661e+08,0.000935967,0.000145103,4.54269e-23
0,1.92793e+09,-298976,3.09706e+08,4.1332e+09,1.31065e+09,3.96088e+08,-1.0052e+09,0.000923956,0.000148426,1.0042e-23
0,2.07293e+09,5.74749e+07,2.58733e+08,5.66654e+09,-6.45078e+08,1.28446e+08,-4.52844e+07,0.00103506,0.000129191,4.17099e-25
0,2.11778e+09,-3.52268e+07,3.15155e+08,-5.42363e+09,-1.01867e+09,-5.87929e+07,-1.15625e+09,0.00103915,0.000154641,-2.30351e-23
0,2.0238e+09,8.42931e+06,3.01371e+08,2.36678e+09,2.66756e+08,1.80496e+08,-3.82211e+08,0.000964767,0.000143667,5.7913e-25
0,2.27717e+09,-2.8737e+07,3.14436e+08,-2.7618e+09,1.12183e+08,4.9468e+08,-8.02381e+07,0.000906253,0.000125137,-2.75784e-26
0,2.10479e+09,-3.92753e+07,3.26971e+08,-1.26302e+10,3.07463e+08,-7.45711e+08,-5.72801e+08,0.000984694,0.000152968,-1.13265e-22
0,1.68946e+09,4.32903e+07,2.6004e+08,9.98893e+09,-1.43227e+09,6.58606e+07,-1.03044e+09,0.00123422,0.000189971,9.24806e-22
0,1.93354e+09,-4.9471e+06,3.07992e+08,-8.23392e+08,-8.21983e+07,-1.79756e+08,-1.45296e+09,0.00103274,0.000164505,3.06441e-25
0,1.79705e+09,-3.80585e+07,2.99393e+08,-2.35607e+09,9.74108e+08,2.34544e+08,-1.42303e+09,0.0010036,0.000167202,-2.94378e-24
0,1.92375e+09,-1.88169e+07,3.15827e+08,-4.47068e+09,-1.15696e+09,-2.97622e+08,-1.13876e+09,0.00110737,0.0001818,-2.78055e-23
0,1.69918e+09,4.47246e+07,2.8282e+08,-4.8763e+09,-1.17612e+09,7.59006e+07,-1.33741e+09,0.00107126,0.000178306,-7.59806e-23
0,1.76027e+09,4.79044e+07,2.81956e+08,-4.66647e+09,-1.88475e+09,5.96934e+07,-1.27875e+09,0.00116039,0.000185869,-1.24481e-22
0,1.85712e+09,-3.13519e+06,2.91728e+08,-1.21617e+09,-2.38842e+08,-1.00032e+08,-1.57621e+09,0.00108049,0.00016973,4.03933e-25
0,2.03217e+09,6.93276e+06,3.10741e+08,-3.30948e+09,-1.08681e+09,4.65078e+08,4.29908e+08,0.000913535,0.00013969,-4.30048e-26
0,1.99993e+09,-6.71647e+07,3.1685e+08,-9.02399e+09,1.51953e+09,3.23782e+08,-6.03662e+08,0.000896332,0.000142007,-2.19794e-23
0,2.18571e+09,1.07984e+07,3.43629e+08,9.42871e+08,2.52086e+08,1.79433e+08,-1.36125e+08,0.000881405,0.000138571,1.11378e-26
0,1.97487e+09,-9.87146e+06,2.91117e+08,-4.25371e+09,-1.74796e+09,3.92239e+07,-1.45541e+09,0.00115472,0.000170219,-5.53866e-23
0,2.18783e+09,2.10156e+06,3.14073e+08,1.4228e+09,-2.27783e+09,1.02988e+08,-9.73469e+08,0.00109099,0.000156617,7.70085e-24
0,1.68767e+09,-2.27705e+07,2.8644e+08,7.18146e+09,8.44273e+08,2.75158e+07,-1.05407e+09,0.00107517,0.000182482,1.65019e-22
0,1.66233e+09,-7.90132e+07,2.65143e+08,3.52357e+09,-1.36766e+09,7.84634e+08,-1.22268e+09,0.001112,0.000177366,2.24833e-23
0,1.57811e+09,-9.84329e+07,2.81647e+08,2.05953e+09,6.66763e+08,3.23548e+08,-8.52784e+08,0.0010439,0.000186305,5.23698e-24
0,1.91711e+09,1.35444e+06,3.02637e+08,-1.9907e+09,-1.02779e+09,-2.60659e+08,-1.45176e+09,0.00109176,0.000172347,-4.56904e-24
0,2.23642e+09,5.00301e+07,3.17086e+08,9.13405e+09,-4.8636e+08,-3.81129e+08,-5.03571e+08,0.000950948,0.000134828,2.38005e-23
0,1.8264e+09,-1.32633e+07,2.95021e+08,1.14497e+09,-5.49938e+08,2.74368e+08,-1.77662e+09,0.00111152,0.000179545,-1.74285e-25
0,1.63902e+09,3.0228e+07,2.33592e+08,8.89715e+09,-8.98025e+08,-4.80092e+08,-6.84529e+08,0.00121513,0.000173179,5.29648e-22
0,1.81559e+09,-1.73129e+07,2.79738e+08,-5.68547e+09,-1.58183e+08,1.07047e+07,-1.68157e+09,0.00110654,0.000170491,-9.51622e-23
0,1.95737e+09,4.87666e+07,3.20531e+08,5.49536e+09,-6.50903e+08,3.48044e+07,-8.04214e+08,0.000967818,0.000158486,1.62308e-23
0,2.19019e+09,-1.68218e+07,3.16537e+08,-4.87654e+09,-2.12405e+09,-7.60205e+07,-8.90756e+08,0.00109355,0.000158045,-3.03537e-23
0,2.16328e+09,1.97634e+07,3.14903e+08,7.55256e+09,-1.47374e+09,-1.41832e+08,-8.04723e+08,0.00100291,0.000145992,3.95373e-23
0,1.73496e+09,-1.89816e+07,2.98526e+08,-3.757e+09,1.10845e+09,2.65032e+08,-1.58562e+09,0.00105133,0.000180898,-2.25805e-23
0,2.13026e+09,3.38075e+07,3.35264e+08,2.23896e+09,1.05058e+09,-1.18844e+08,-2.43268e+08,0.000883647,0.00013907,-1.05741e-25
0,2.31076e+09,1.86213e+07,3.23961e+08,4.10032e+09,-1.2593e+09,-1.4719e+08,-3.77512e+08,0.000950323,0.000133232,2.66574e-24
0,2.00312e+09,4.98119e+07,2.87346e+08,7.06983e+09,-6.09808e+08,-4.27471e+08,-1.26834e+09,0.00108982,0.000156335,9.03842e-23
0,2.24144e+09,4.7854e+07,3.14385e+08,7.32109e+09,-7.36333e+08,-4.5955e+08,-5.33736e+08,0.000967704,0.000135731,1.58581e-23
0,1.77485e+09,-7.44568e+07,2.76783e+08,3.64071e+09,-2.32701e+08,9.65713e+08,-1.06516e+09,0.00116665,0.000181936,1.06934e-23
0,2.11081e+09,-1.95297e+07,3.28872e+08,-5.10206e+09,-3.58987e+08,-4.38828e+08,-8.10978e+08,0.000969721,0.000151086,-7.42174e-24
0,1.87262e+09,-7.33723e+07,3.088e+08,-7.47633e+09,-1.09734e+09,-2.02106e+08,-8.7779e+08,0.00104133,0.000171718,-7.82239e-23
0,1.83254e+09,-4.49433e+07,2.85654e+08,-6.18827e+09,1.99077e+08,2.61824e+08,-1.57854e+09,0.00109724,0.000171037,-1.05786e-22
0,1.54841e+09,-4.24594e+07,2.48308e+08,-6.00177e+09,-1.35305e+09,-7.7592e+08,-7.07923e+08,0.00117749,0.000188827,-6.54566e-23
0,2.23938e+09,1.01449e+07,3.16505e+08,4.67235e+09,-2.04092e+09,-4.34481e+07,-7.19605e+08,0.00102462,0.000144816,1.57833e-23
0,2.2845e+09,2.30239e+07,2.92273e+08,6.20211e+09,3.49866e+08,-1.64925e+08,-1.17992e+08,0.00106099,0.00013574,1.85976e-24
0,1.82393e+09,5.21992e+07,2.88296e+08,5.9033e+09,4.74391e+08,-5.6209e+08,-1.1733e+09,0.000982699,0.000155329,3.75336e-23
0,2.01562e+09,-3.96378e+07,3.31093e+08,-8.59554e+09,6.46932e+08,-6.21712e+08,-8.03685e+08,0.000953031,0.000156548,-5.70965e-23
0,1.76839e+09,2.81531e+06,3.03427e+08,4.79395e+09,2.22902e+09,7.88445e+07,-9.59233e+08,0.000926679,0.000159003,1.19161e-23
0,1.67724e+09,1.95835e+07,2.98821e+08,8.7704e+09,2.09338e+09,-2.81562e+08,-5.92377e+08,0.0010918,0.000194518,8.44107e-23
0,1.72701e+09,-3.52988e+07,3.03121e+08,-1.82893e+09,1.49393e+09,3.08028e+08,-1.45169e+09,0.00104228,0.000182939,-1.60287e-24
0,2.04704e+09,-3.40715e+06,3.08808e+08,4.06855e+09,1.06144e+09,2.65683e+07,-6.99499e+08,0.000935737,0.000141162,3.75283e-24
0,2.06121e+09,4.95761e+07,3.11102e+08,4.85322e+09,-4.56035e+08,4.95021e+07,-1.12326e+09,0.00101127,0.000152633,1.41391e-23
0,1.89192e+09,2.15206e+07,3.16101e+08,-9.56562e+08,6.90521e+08,-4.83326e+08,-1.2487e+09,0.00102151,0.000170674,-1.75117e-25
0,2.07296e+09,2.0958e+07,3.06367e+08,4.33302e+09,-9.40239e+07,-6.4437e+07,-4.51326e+08,0.000985378,0.000145631,3.56068e-24
0,1.56809e+09,-3.48885e+07,2.47104e+08,-8.06973e+09,-8.0856e+08,-7.32913e+08,-8.61804e+08,0.00112684,0.00017757,-2.4927e-22
0,2.17494e+09,7.88764e+06,3.31973e+08,4.29525e+09,-7.19638e+08,3.14753e+08,-7.1701e+08,0.00102188,0.000155974,4.50796e-24
0,1.45759e+09,-4.81828e+07,2.42304e+08,-3.3185e+09,-6.5628e+07,-1.20856e+08,-7.85236e+08,0.00114695,0.000190664,-3.22725e-23
0,1.93701e+09,-1.64983e+07,3.33402e+08,-6.9891e+09,9.87444e+08,-4.66627e+08,-7.24569e+08,0.000924302,0.000159093,-3.16041e-23
0,1.85125e+09,-3.14971e+06,2.96478e+08,-2.23571e+09,2.40442e+08,-8.2978e+07,-1.53804e+09,0.00105271,0.000168591,-2.31545e-24
0,2.2302e+09,8.76177e+06,3.31678e+08,1.77772e+09,-1.1816e+09,1.97232e+07,-7.30706e+08,0.00101617,0.000151126,1.15838e-24
0,1.75564e+09,3.14085e+07,2.92711e+08,1.01038e+10,2.28087e+09,-4.45652e+07,-8.10518e+08,0.00114145,0.000190309,3.19906e-22
0,2.00386e+09,-5.35676e+07,3.0951e+08,-1.1164e+10,7.79759e+07,-1.10463e+08,-1.08701e+09,0.00100608,0.000155397,-1.9157e-22
0,1.83035e+09,-4.23149e+07,2.88729e+08,-4.64667e+09,-5.75683e+08,1.74118e+08,-1.61277e+09,0.00108729,0.000171515,-4.59941e-23
0,1.89095e+09,-7.22552e+07,2.88194e+08,-1.55537e+09,8.00121e+08,2.07331e+08,-9.46619e+08,0.00118588,0.000180736,-9.35172e-25
0,2.1346e+09,1.13099e+07,3.27813e+08,1.47244e+09,-6.54195e+08,2.26304e+08,-8.75592e+08,0.00102316,0.000157128,3.87202e-25
0,1.86088e+09,-4.79582e+07,3.03938e+08,2.84596e+09,-2.58057e+09,8.02859e+07,-8.82274e+08,0.00101812,0.00016629,3.303e-23
0,1.88433e+09,5.80934e+07,3.03998e+08,8.55787e+09,6.07882e+07,-4.32166e+08,-1.15066e+09,0.000982317,0.000158477,1.07465e-22
0,1.93293e+09,-1.95746e+07,3.17459e+08,-1.14951e+09,1.37169e+08,-2.48328e+07,-1.17097e+09,0.0010604,0.000174157,-7.25048e-28
0,1.80243e+09,-4.71208e+07,2.88733e+08,-2.31502e+09,1.26683e+09,6.88938e+08,-1.18145e+09,0.000993998,0.000159229,-9.32325e-25
0,2.03541e+09,-1.24435e+07,3.18279e+08,3.91554e+09,9.10971e+08,1.08753e+08,-7.78681e+08,0.00091659,0.000143328,3.79749e-24
0,2.1014e+09,-3.5132e+07,3.21697e+08,-6.32574e+09,-8.22019e+08,-2.0858e+08,-1.08984e+09,0.0010535,0.000161277,-3.39082e-23
0,1.94948e+09,3.54534e+07,2.97833e+08,8.91397e+09,1.1652e+09,-5.07548e+07,-5.78527e+08,0.00120225,0.000183674,1.38059e-22
0,1.94795e+09,-6.33039e+07,3.05654e+08,-6.01612e+09,-6.67339e+08,-2.60492e+08,-1.29642e+09,0.00109702,0.000172134,-5.95956e-23
0,1.87185e+09,-4.51289e+07,3.04615e+08,-8.47882e+09,1.4678e+08,-1.26028e+08,-1.28019e+09,0.00104729,0.00017043,-1.68135e-22
0,1.88334e+09,-8.31263e+07,2.93558e+08,-5.30686e+09,2.42325e+09,-9.18162e+06,-8.08153e+08,0.00114035,0.000177747,-1.43941e-23
0,1.84544e+09,2.56948e+07,3.11713e+08,1.1817e+10,1.14453e+09,4.66794e+08,3.3475e+07,0.0010676,0.000180329,3.82711e-23
0,1.62332e+09,-1.47402e+07,2.06507e+08,1.08442e+09,-6.82409e+08,6.67304e+08,-6.66948e+08,0.00136845,0.000174085,-1.42825e-24
0,2.23436e+09,-2.11378e+07,3.15832e+08,-7.81764e+09,-1.74827e+09,1.86865e+07,-7.19916e+08,0.00101812,0.000143914,-3.78384e-23
0,2.12329e+09,9.79393e+06,3.3122e+08,-1.03086e+09,-6.61846e+08,1.52026e+08,-8.05952e+08,0.00102918,0.000160544,-1.67336e-25
0,2.07296e+09,4.11893e+07,3.14408e+08,1.05551e+10,-7.06716e+08,1.85606e+08,-9.70786e+08,0.000997149,0.000151239,1.14283e-22
0,2.05081e+09,5.62244e+07,3.07814e+08,-2.64826e+09,-1.43143e+09,2.61473e+08,-5.92744e+08,0.00103661,0.000155589,-4.90138e-24
0,1.98798e+09,-2.0883e+07,3.2053e+08,-2.92027e+09,-5.88133e+08,-5.12136e+08,-1.20127e+09,0.00105131,0.000169507,-3.11818e-24
0,2.06132e+09,-2.30675e+07,2.85872e+08,1.11369e+10,-5.60417e+08,2.74904e+08,-3.5132e+08,0.0010023,0.000139004,4.69377e-23
0,1.8148e+09,5.62545e+07,3.09673e+08,2.27518e+09,1.3361e+09,-5.54067e+08,-1.31353e+09,0.00101483,0.000173169,1.43969e-24
0,1.70357e+09,1.28075e+07,2.58828e+08,-1.19713e+10,-1.35381e+09,1.87535e+08,-1.30774e+09,0.00113375,0.000172255,-1.28522e-21
0,1.75266e+09,-8.69791e+07,2.89212e+08,-2.79928e+09,1.96058e+08,1.90851e+08,-1.34285e+09,0.001041,0.000171779,-6.52278e-24
0,2.15905e+09,2.60485e+07,3.19877e+08,-1.00102e+07,-6.11523e+08,-1.27275e+08,-6.15917e+08,0.000969503,0.000143638,-2.58303e-26
0,2.04341e+09,4.40797e+07,3.02503e+08,6.03251e+09,-1.35028e+09,-1.12384e+06,-1.23322e+09,0.00108931,0.000161259,5.68166e-23
0,1.79567e+09,-1.8215e+07,2.99742e+08,-3.53348e+09,5.80008e+08,-4.16618e+07,-1.44466e+09,0.00104038,0.000173665,-1.50681e-23
0,2.0929e+09,5.26813e+07,3.1352e+08,7.19787e+09,-1.80986e+08,-3.92528e+08,-5.92167e+08,0.000944886,0.000141545,1.70821e-23
0,2.01025e+09,-1.3469e+07,3.2962e+08,-5.87569e+09,-1.91363e+08,-2.08785e+08,-8.69518e+08,0.000965751,0.000158354,-1.72149e-23
0,2.28129e+09,1.66837e+07,3.17757e+08,5.22985e+09,-1.21169e+09,-8.9391e+07,-4.69462e+08,0.000962353,0.000134044,5.53824e-24
0,2.01052e+09,5.1958e+06,2.95636e+08,-9.81559e+07,-7.86861e+08,7.41051e+07,-5.55871e+08,0.00102236,0.000150333,1.83709e-26
0,1.81867e+09,1.29456e+07,2.68294e+08,-1.5957e+09,6.3614e+08,-1.1555e+08,-1.68667e+09,0.00108726,0.000160396,-5.90037e-25
0,1.99804e+09,-2.6454e+07,3.26797e+08,-4.40938e+09,-3.82147e+08,-4.83432e+08,-9.80293e+08,0.00102329,0.000167369,-9.41236e-24
0,1.98534e+09,-3.99818e+07,3.06627e+08,-1.44063e+09,-1.5857e+09,-5.2023e+08,-1.12578e+09,0.00103576,0.000159969,-4.95898e-24
0,1.69466e+09,-1.1134e+07,2.94272e+08,7.24608e+09,2.05937e+09,-9.034e+07,-1.05471e+09,0.00105208,0.00018269,1.23663e-22
0,2.16012e+09,2.17906e+07,3.36801e+08,4.10866e+09,7.66952e+08,-3.83507e+07,-3.60359e+08,0.000896334,0.000139754,1.09502e-24
0,2.01498e+09,-2.584e+07,3.28039e+08,-5.04634e+09,-3.71605e+08,-4.21414e+08,-9.23431e+08,0.0010136,0.000165014,-1.30464e-23
0,1.91975e+09,-7.98129e+07,3.0779e+08,-1.1161e+10,1.52632e+09,-1.56593e+08,-1.12152e+09,0.000997482,0.000159925,-2.48798e-22
0,1.99693e+09,-2.28133e+07,3.21552e+08,-5.90909e+09,1.49873e+07,-3.73124e+08,-1.1029e+09,0.000993418,0.000159963,-2.65006e-23
0,2.10192e+09,1.7175e+07,3.07183e+08,1.65581e+09,-1.84654e+09,2.51504e+08,-1.15949e+09,0.00107477,0.000157071,7.0316e-24
0,1.96336e+09,2.51981e+07,3.26451e+08,5.78151e+09,3.90453e+08,-3.10197e+08,-6.34637e+08,0.000937038,0.000155802,1.09229e-23
0,2.01007e+09,-5.7066e+07,3.2721e+08,-1.07263e+10,8.16835e+08,-5.8711e+08,-8.76116e+08,0.000945984,0.000153992,-1.15913e-22
0,1.9756e+09,6.18433e+07,3.05277e+08,9.50287e+09,-4.71232e+08,1.16453e+08,-7.13723e+08,0.000986675,0.000152464,7.46052e-23
0,2.17829e+09,3.57081e+07,3.30212e+08,8.4615e+09,-1.85638e+08,2.83255e+08,-6.56076e+08,0.000942628,0.000142895,2.32135e-23
0,1.90681e+09,-3.44668e+07,2.93673e+08,2.79996e+09,2.32629e+08,-4.01977e+08,-6.67662e+08,0.00113775,0.000175228,3.53222e-24
0,1.49804e+09,-1.33082e+07,2.06247e+08,-3.20239e+09,-2.75621e+08,2.38283e+08,-6.11532e+08,0.00132667,0.000182653,-4.6174e-23
0,1.84756e+09,-2.61043e+07,2.88214e+08,-6.07456e+09,-1.2071e+09,-4.32786e+08,2.44841e+08,0.000964093,0.000150396,1.60899e-23
0,2.0323e+09,2.74535e+07,3.02384e+08,3.02601e+09,-1.15382e+09,-6.45996e+08,-1.26027e+09,0.00107444,0.000159864,8.08349e-24
0,2.12455e+09,9.49113e+06,3.12448e+08,-2.45135e+08,-1.70504e+09,2.24258e+08,-1.05825e+09,0.00104911,0.000154288,5.11601e-25
0,1.99493e+09,-1.93931e+07,3.26312e+08,-5.39105e+09,-5.75856e+08,-1.01461e+08,-9.41722e+08,0.000999527,0.000163493,-1.83277e-23
0,2.04482e+09,5.06069e+06,3.08372e+08,-1.7869e+09,-1.41933e+09,2.47258e+08,-1.20405e+09,0.00107931,0.000162766,-3.58278e-24
0,2.14187e+09,5.0407e+07,3.27699e+08,4.31178e+09,1.19304e+09,-1.46937e+08,-4.73221e+08,0.000906275,0.000138657,1.22426e-24
0,1.72068e+09,-3.07431e+07,2.98422e+08,2.78115e+09,-8.75603e+08,-1.10111e+08,-7.44378e+08,0.000987411,0.00017125,6.12146e-24
0,2.28755e+09,-2.08084e+07,3.20836e+08,-2.16223e+09,-4.27898e+08,3.2815e+08,-1.00985e+08,0.000894347,0.000125435,-9.91308e-26
0,2.12273e+09,2.85911e+07,3.25245e+08,1.16246e+09,-1.87594e+08,4.49439e+07,-8.22886e+08,0.000968457,0.000148387,5.8843e-26
0,2.19885e+09,-2.47667e+07,2.9886e+08,-7.91834e+08,-2.10659e+08,3.81972e+08,-3.96207e+08,0.000946753,0.000128679,-3.70065e-27
0,1.7545e+09,-4.47674e+07,2.88391e+08,1.83868e+09,1.77285e+08,1.48905e+08,-1.08949e+09,0.00106266,0.000174672,1.52243e-24
0,1.9482e+09,6.66417e+06,3.19355e+08,-2.69357e+09,-1.40602e+09,1.72534e+08,-3.63716e+08,0.000996442,0.00016334,-4.20369e-24
0,1.80898e+09,4.3429e+07,2.74489e+08,-1.3558e+10,-1.27649e+09,-1.83362e+08,-9.99331e+08,0.00110671,0.000167929,-8.46526e-22
0,2.02178e+09,4.55296e+06,3.09662e+08,-1.1574e+10,-1.54377e+09,-8.04048e+08,-3.19039e+08,0.00096951,0.000148493,-4.13008e-24
0,1.92815e+09,1.35222e+07,3.20779e+08,1.62083e+09,7.06707e+08,-3.60581e+08,-9.12571e+08,0.000933634,0.000155325,2.18574e-25
0,2.02547e+09,-4.66496e+07,2.98744e+08,-6.84593e+09,-1.37772e+09,-2.24306e+08,-1.25258e+09,0.00106536,0.000157134,-6.95373e-23
0,1.99163e+09,-2.02541e+07,3.29301e+08,-4.35265e+09,-3.93854e+08,-3.65393e+08,-7.0847e+08,0.000969633,0.000160321,-5.30102e-24
0,1.94132e+09,555953,2.87572e+08,-8.14811e+08,-5.01538e+08,1.12128e+08,-5.71636e+08,0.00102905,0.000152435,-9.82888e-26
0,2.30569e+09,1.64656e+07,3.22397e+08,-3.23307e+09,1.37476e+09,1.27915e+08,3.49938e+08,0.000962127,0.000134531,1.94163e-24
0,1.89131e+09,-4.3675e+07,3.0192e+08,-6.98545e+09,1.01326e+08,-3.0803e+08,-1.28082e+09,0.00102267,0.000163253,-7.84672e-23
0,1.96995e+09,-1.38597e+07,3.30176e+08,-5.27854e+09,-3.91067e+08,1.04674e+08,-8.23892e+08,0.00099224,0.000166306,-1.60561e-23
0,1.83685e+09,1.05864e+07,3.0805e+08,2.32779e+09,6.98981e+07,6.25208e+07,-1.48878e+09,0.00104282,0.000174886,2.63115e-24
0,2.06109e+09,2.50575e+07,3.23207e+08,8.34794e+09,-6.39297e+08,1.73322e+08,-7.22477e+08,0.000970586,0.000152201,3.74996e-23
0,2.32555e+09,1.1037e+07,3.281e+08,2.58314e+09,-1.31918e+09,-8.90475e+07,-3.24026e+08,0.000934956,0.000131908,9.64131e-25
0,2.01812e+09,8.1737e+07,3.146e+08,5.84594e+09,2.04106e+09,-4.45294e+08,-6.67408e+08,0.000918836,0.000143235,3.41365e-25
0,2.29871e+09,2.66785e+07,3.2088e+08,4.33332e+09,-1.43738e+09,-1.40693e+08,-3.96594e+08,0.000950605,0.000132697,3.72086e-24
0,2.1697e+09,1.17295e+07,3.17627e+08,5.0945e+09,-1.53608e+09,-1.26695e+08,-7.82807e+08,0.00100439,0.000147034,1.50757e-23
0,2.00064e+09,-3.85399e+07,3.03897e+08,-5.49493e+09,-9.29177e+08,-2.33634e+08,-1.39493e+09,0.00105781,0.000160681,-3.73647e-23
0,1.92683e+09,-9.81972e+06,2.81864e+08,-1.28671e+09,-6.70048e+08,2.85257e+08,-5.58062e+08,0.00104706,0.000153169,-4.29768e-25
0,1.87668e+09,-1.79513e+07,2.97704e+08,-3.82418e+09,-7.5233e+07,2.2254e+08,-1.49152e+09,0.00105132,0.000166775,-1.55676e-23
0,1.99191e+09,-7.92335e+07,3.06439e+08,-3.59241e+09,-8.89348e+08,-8.67984e+08,-5.69008e+08,0.0010081,0.000155088,1.44629e-24
0,1.82689e+09,-1.03037e+07,3.21149e+08,4.39473e+09,1.57637e+09,5.02674e+08,-6.57455e+08,0.000927679,0.000163077,1.27373e-23
0,1.91437e+09,1.49439e+07,3.00317e+08,5.98113e+09,8.89357e+08,-1.18889e+08,-8.33042e+08,0.00118354,0.000185668,6.03651e-23
0,2.19136e+09,1.93971e+07,3.22459e+08,6.68925e+09,-1.46358e+09,1.9383e+08,-7.01326e+08,0.0010011,0.000147313,1.93283e-23
0,1.92781e+09,6.78912e+07,2.81624e+08,8.19409e+09,-4.49585e+08,-1.5241e+08,-1.16957e+09,0.00104268,0.00015232,1.20296e-22
0,2.08885e+09,-5.96479e+07,3.10929e+08,-1.25247e+10,-5.71174e+08,-2.05086e+08,-9.61571e+08,0.00102778,0.000152987,-2.11888e-22
0,2.10051e+09,-2.40546e+07,2.97756e+08,-5.96034e+09,-1.91703e+09,-1.86293e+08,-1.11109e+09,0.00104244,0.00014777,-4.24747e-23
0,2.22483e+09,3.75147e+07,3.22558e+08,-1.01903e+10,1.69329e+08,1.2287e+07,3.19731e+08,0.000951631,0.000137968,1.94153e-23
0,2.27113e+09,2.72395e+07,3.30312e+08,-6.03327e+09,-1.9836e+08,1.20575e+08,1.28758e+08,0.000924763,0.000134497,1.15153e-24
0,1.9174e+09,-2.71288e+07,3.13042e+08,-6.64738e+09,3.10995e+08,1.37792e+08,-1.1774e+09,0.00101365,0.000165492,-5.46829e-23
0,1.97497e+09,-2.19542e+07,3.26373e+08,-2.74079e+09,1.08004e+09,-6.32908e+06,-8.19151e+08,0.000932658,0.000154126,-1.54655e-24
0,2.16747e+09,1.68109e+07,3.25376e+08,2.30701e+09,-1.03039e+09,1.78658e+08,-8.99637e+08,0.00100178,0.000150385,1.64177e-24
0,2.06424e+09,2.96367e+07,3.27498e+08,8.89284e+08,1.32812e+08,-5.7139e+08,-6.95703e+08,0.000974488,0.000154605,-7.39763e-27
0,2.25001e+09,4.94963e+06,3.24394e+08,2.88942e+09,-1.74876e+09,1.66031e+08,-6.35431e+08,0.00102175,0.00014731,4.55728e-24
0,1.58554e+09,2.09276e+07,2.57282e+08,-8.98756e+09,-9.94997e+08,2.84976e+07,-1.33257e+09,0.00108238,0.000175636,-5.96453e-22
0,1.32481e+09,655555,1.98067e+08,1.53513e+09,1.12963e+09,-9.15917e+07,-7.07578e+08,0.00130346,0.000194877,4.17038e-24
0,2.06581e+09,-6.7273e+07,3.13089e+08,-1.3876e+10,-7.11756e+07,-2.59709e+08,-9.06907e+08,0.000985966,0.000149431,-2.37685e-22
0,1.95767e+09,-2.10801e+07,3.14858e+08,8.04612e+08,1.28919e+08,5.76154e+08,-8.16442e+08,0.000973183,0.00015652,-7.65379e-26
0,1.90316e+09,-2.20394e+07,2.87554e+08,-3.96937e+08,4.46454e+08,5.81623e+08,-6.46903e+08,0.00101526,0.000153399,-2.52251e-27
0,2.15599e+09,2.71883e+07,3.20335e+08,4.24068e+09,-8.56727e+08,-2.89032e+07,-7.64692e+08,0.000979867,0.000145588,5.43021e-24
0,1.85625e+09,-3.58065e+07,3.15463e+08,-5.65846e+09,1.01316e+09,2.92818e+07,-1.11732e+09,0.00099095,0.000168409,-3.45836e-23
0,2.05254e+09,-3.25382e+07,3.03523e+08,5.63358e+09,-1.8737e+08,-6.80903e+07,-6.41393e+08,0.00110215,0.000162983,2.0492e-23
0,2.1013e+09,2.31198e+07,3.27576e+08,5.89885e+08,-2.8158e+08,-6.34492e+08,-6.12055e+08,0.000982388,0.000153147,-3.99992e-26
0,2.25456e+09,3.72838e+07,3.24645e+08,-8.00433e+09,8.15191e+06,1.54537e+08,2.7088e+08,0.000943145,0.000135808,7.11449e-24
0,1.98483e+09,8.73999e+06,3.27603e+08,1.93167e+08,5.57911e+08,-1.5751e+08,-9.18537e+08,0.000954381,0.000157524,-1.70287e-27
0,1.99749e+09,-4.82639e+07,3.00898e+08,-1.21173e+10,2.23331e+09,4.65015e+08,-2.06582e+08,0.000912614,0.000137474,2.20459e-23
0,1.91074e+09,-1.22725e+07,3.34237e+08,-6.21141e+09,4.52522e+08,-4.96763e+08,-6.84842e+08,0.000939867,0.000164407,-2.19515e-23
0,2.2279e+09,2.83097e+07,3.25799e+08,3.32828e+09,-4.99141e+08,1.67156e+07,-4.31926e+08,0.000918313,0.00013429,8.23302e-25
0,2.15692e+09,-1.28444e+07,3.15519e+08,-3.35867e+09,-1.40862e+09,3.26108e+08,-8.06386e+08,0.000998417,0.000146051,-5.84783e-24
0,1.91625e+09,-1.51834e+07,3.11422e+08,2.42291e+09,8.66126e+08,8.65755e+08,-9.55173e+08,0.000963582,0.000156598,4.03845e-24
0,2.10365e+09,3.26809e+07,3.18554e+08,7.7519e+09,-5.47791e+08,1.40347e+08,-9.02836e+08,0.000983108,0.000148872,3.65056e-23
0,1.93062e+09,3.86723e+07,2.9956e+08,6.7875e+09,1.36383e+09,-6.39065e+08,-1.12295e+09,0.000964903,0.000149717,3.02096e-23
0,2.04452e+09,-3.53276e+07,2.95882e+08,-2.54818e+09,-1.34673e+09,5.02059e+07,-1.42116e+09,0.00106533,0.000154174,-7.38085e-24
0,1.79991e+09,5.31085e+07,3.28114e+08,2.93485e+09,-1.37342e+09,5.39217e+08,2.18521e+08,0.000905618,0.000165089,-2.21062e-24
0,1.90675e+09,-1.13374e+07,3.24866e+08,2.95954e+09,8.75576e+08,2.68496e+08,-1.04717e+09,0.000972359,0.000165667,4.62387e-24
0,2.00689e+09,-5.12633e+07,3.25077e+08,-1.06772e+10,1.32065e+08,-7.13764e+08,-9.06761e+08,0.000957567,0.000155107,-1.10524e-22
0,1.95129e+09,6.11349e+06,2.76459e+08,4.22867e+09,-1.30982e+09,4.83344e+08,-1.30926e+09,0.00107049,0.000151667,2.06118e-23
0,1.93943e+09,-2.33644e+07,3.1472e+08,3.68544e+09,1.0943e+09,9.85455e+08,-8.99522e+08,0.000975304,0.000158267,1.33371e-23
0,1.89675e+09,974301,3.35296e+08,-3.76181e+09,8.27785e+08,-1.90555e+08,-6.37788e+08,0.000929164,0.000164252,-4.59781e-24
0,1.79797e+09,-2.0662e+07,3.12671e+08,-3.47984e+09,6.51346e+08,-2.9433e+07,-1.09329e+09,0.000976662,0.000169844,-8.53718e-24
0,1.89899e+09,-1.51883e+07,3.13849e+08,-6.58396e+08,4.43105e+08,8.5846e+07,-1.24613e+09,0.00101249,0.000167336,9.13537e-26
0,2.02857e+09,3.4128e+07,3.1799e+08,1.78127e+09,5.00394e+07,1.50365e+08,-9.49748e+08,0.000991432,0.000155412,4.23709e-25
0,2.06428e+09,1.4351e+07,2.93272e+08,6.49963e+07,-1.2769e+09,-2.54026e+08,2.38242e+08,0.000895061,0.000127161,-5.05204e-26
0,1.89992e+09,-8.56771e+06,3.11967e+08,1.33816e+09,1.0839e+09,2.18284e+07,-1.25618e+09,0.000969424,0.00015918,4.15137e-25
0,1.80856e+09,4.27378e+07,2.75026e+08,-7.14937e+09,-9.78294e+08,-8.6081e+07,-1.2994e+09,0.00116503,0.000177165,-2.1612e-22
0,1.91423e+09,5.96851e+07,3.23278e+08,7.26231e+09,3.24131e+08,5.27553e+08,-7.09603e+08,0.000942598,0.000159188,3.43789e-23
0,2.0309e+09,1.78119e+07,3.05487e+08,-5.83957e+09,-2.27307e+09,-8.03417e+07,-4.21451e+08,0.00107874,0.000162264,-4.11874e-23
0,1.99107e+09,-5.83814e+06,3.24721e+08,-9.15125e+08,-3.84506e+08,-4.03891e+07,-1.03702e+09,0.00102441,0.000167069,-4.98909e-26
0,2.00577e+09,1.56074e+07,3.16116e+08,9.15599e+07,7.9789e+08,-3.47599e+08,-8.40459e+08,0.000950088,0.000149737,-9.62742e-28
0,2.17584e+09,-4.18256e+07,3.22739e+08,-1.00364e+10,-6.5457e+08,-1.65139e+08,-6.70313e+08,0.000981244,0.000145546,-4.88842e-23
0,2.2668e+09,3.43648e+07,3.16909e+08,-5.94937e+09,4.58282e+08,2.47651e+08,1.91631e+08,0.000936334,0.000130904,2.54435e-24
0,1.89342e+09,4.7963e+06,3.05422e+08,5.55443e+09,1.25113e+09,4.47521e+08,-1.34045e+09,0.00097308,0.000156964,4.09155e-23
0,2.07618e+09,6.87361e+06,3.27324e+08,-1.90721e+09,-7.88614e+08,-3.89869e+08,-5.6274e+08,0.000957369,0.000150936,-3.08441e-25
0,2.15003e+09,2.77808e+07,3.06046e+08,7.59064e+09,-2.63183e+09,-1.56387e+08,-7.9991e+08,0.00110169,0.00015682,1.1334e-22
0,2.03031e+09,1.9899e+07,3.21076e+08,1.24147e+09,-2.11915e+08,8.77625e+07,-9.19826e+08,0.00100566,0.000159036,1.09311e-25
0,2.24889e+09,1.13399e+07,2.94594e+08,-3.53669e+09,1.47548e+09,-6.39756e+07,3.1125e+08,0.00100729,0.00013195,2.94141e-24
0,1.44893e+09,7.99753e+06,1.96031e+08,4.25843e+09,-4.28839e+08,-1.77936e+08,-5.6792e+08,0.0014348,0.000194118,1.84505e-22
0,2.03067e+09,4.36504e+07,3.13001e+08,7.90254e+09,2.20914e+08,-2.0148e+08,-9.98803e+08,0.000955685,0.000147306,4.40737e-23
0,2.08868e+09,3.67426e+07,3.31548e+08,8.15341e+09,1.93105e+08,4.37946e+08,-7.26142e+08,0.000946774,0.000150287,3.10887e-23
0,1.84502e+09,5.09961e+07,3.15681e+08,4.56231e+09,6.39217e+08,1.37038e+08,-8.3866e+08,0.000920045,0.000157419,1.04629e-23
0,1.94984e+09,2.59134e+07,3.27207e+08,1.16967e+09,5.66213e+08,-1.87196e+08,-9.09289e+08,0.000953686,0.000160041,9.00922e-26
0,2.0887e+09,2.14122e+07,3.20877e+08,1.70086e+09,-8.03947e+08,2.29501e+08,-1.02709e+09,0.00103374,0.000158808,9.33367e-25
0,2.13427e+09,-5.51868e+07,3.21247e+08,-1.10132e+10,8.2395e+07,-1.10705e+08,-6.76654e+08,0.000951597,0.000143233,-6.36941e-23
0,2.01259e+09,-4.69183e+07,3.1811e+08,-6.94332e+09,-4.83593e+07,-1.41401e+08,-1.02676e+09,0.00104428,0.000165059,-5.03664e-23
0,1.90225e+09,3.08289e+07,3.10008e+08,3.09555e+09,1.00324e+09,-5.12001e+08,-1.17066e+09,0.00099643,0.000162387,3.41855e-24
0,2.05082e+09,2.54484e+06,3.26215e+08,3.32398e+09,-4.05471e+08,5.2099e+08,-9.46214e+08,0.00101849,0.000162008,2.76599e-24
0,2.20007e+09,2.3948e+06,3.05733e+08,1.21837e+09,-2.91894e+09,-1.31751e+08,-8.49412e+08,0.0011017,0.000153099,9.16579e-24
0,1.939e+09,124061,2.95756e+08,1.13746e+09,-3.92625e+08,2.93701e+08,-6.56999e+08,0.00104679,0.000159667,1.05196e-25
0,1.94648e+09,-5.59026e+07,3.19648e+08,-9.35816e+09,-1.60546e+07,-1.10232e+08,-1.05815e+09,0.000986682,0.000162031,-1.145e-22
0,2.00324e+09,3.67293e+06,3.2455e+08,2.1161e+08,-2.30888e+08,-5.14989e+06,-8.73862e+08,0.00100678,0.000163111,-1.31284e-26
0,1.81131e+09,-2.18725e+07,2.81065e+08,-6.03125e+07,1.26538e+08,1.05908e+09,-1.5319e+09,0.00110258,0.00017109,-1.17321e-24
0,1.90586e+09,-8.54264e+06,3.21607e+08,1.99544e+09,6.82945e+08,3.48296e+08,-1.00345e+09,0.000969487,0.000163597,1.4333e-24
0,2.00041e+09,1.65246e+07,3.22511e+08,-2.28497e+08,-3.60219e+08,2.52045e+08,-1.08382e+09,0.00103248,0.000166459,1.08494e-25
0,2.02525e+09,-3.19033e+07,3.22136e+08,-2.43572e+09,-8.07219e+07,-2.13068e+08,-1.05933e+09,0.0010054,0.000159919,-1.42295e-24
0,1.90025e+09,3.62677e+07,3.14287e+08,3.96466e+09,4.9252e+08,-1.87561e+08,-1.0793e+09,0.00100676,0.000166511,1.00429e-23
0,2.04417e+09,-4.95753e+07,3.23789e+08,-9.37145e+09,4.64135e+08,-2.65725e+08,-8.0727e+08,0.00101868,0.000161354,-8.54581e-23
0,1.92393e+09,6.04747e+06,3.25953e+08,2.80933e+08,2.90585e+08,9.0391e+07,-8.74271e+08,0.000994607,0.000168507,-2.11517e-26
0,2.17561e+09,2.44465e+07,3.29086e+08,7.66404e+09,-8.16722e+08,2.60552e+08,-7.62475e+08,0.00103299,0.000156251,3.09042e-23
0,1.97928e+09,-3.41119e+07,3.17501e+08,-9.14796e+09,-1.94086e+06,-7.08599e+08,-4.4101e+08,0.000997935,0.000160081,-4.30127e-23
0,1.79684e+09,-4.97535e+07,3.21506e+08,-2.0738e+09,1.55881e+09,3.96227e+08,-6.20302e+08,0.000935805,0.000167443,8.28644e-25
0,1.87157e+09,-2.03797e+07,2.8589e+08,-2.77833e+08,-4.72996e+08,8.10306e+08,-1.53695e+09,0.00110981,0.000169528,1.21859e-24
0,1.99569e+09,6.09772e+07,2.92504e+08,5.66278e+09,-1.04584e+09,-5.95892e+08,-1.30259e+09,0.00108938,0.000159668,5.65229e-23
0,2.06129e+09,-5.26078e+06,3.32445e+08,-4.21595e+08,-4.7092e+08,-2.32186e+08,-8.08532e+08,0.000987185,0.000159214,-4.77666e-26
0,1.8475e+09,-663986,3.01946e+08,3.57635e+09,1.13711e+09,-5.29268e+06,-1.16003e+09,0.000977022,0.00015968,8.73992e-24
0,2.15058e+09,-2.80976e+07,2.91203e+08,-5.56789e+09,-1.89655e+09,2.37765e+08,-9.04658e+08,0.00102144,0.000138309,-2.9907e-23
0,2.21952e+09,1.39437e+07,3.25814e+08,3.53108e+09,-1.41347e+09,2.52352e+07,-8.34329e+08,0.00105049,0.000154206,6.78907e-24
0,2.11268e+09,2.71929e+07,3.30553e+08,6.39948e+09,-5.23066e+08,4.77649e+08,-8.20849e+08,0.0010101,0.000158042,1.79745e-23
0,1.97906e+09,-5.43702e+07,3.18001e+08,-8.67822e+09,1.28799e+09,-3.26774e+08,-6.09588e+08,0.000968769,0.000155665,-5.46117e-23
0,1.38972e+09,3.5268e+06,1.87094e+08,2.09137e+08,-4.54591e+08,-2.55864e+08,-5.3551e+08,0.00149081,0.000200703,-1.49933e-24
0,2.02323e+09,-3.38017e+07,3.32098e+08,-1.02855e+10,7.68704e+07,-7.74255e+08,-6.87425e+08,0.000980535,0.000160948,-8.05481e-23
0,1.99736e+09,2.59806e+07,3.31437e+08,1.92545e+09,2.97976e+08,-2.56029e+06,-7.38731e+08,0.000979828,0.00016259,5.41611e-25
0,1.96044e+09,5.50703e+07,3.03208e+08,4.68353e+09,1.96824e+08,-7.70509e+07,-1.44797e+09,0.00104271,0.000161269,2.28557e-23
0,2.25321e+09,-1.86975e+07,3.27083e+08,-7.70974e+07,-1.07378e+08,3.11643e+07,-8.82928e+07,0.00087499,0.000127017,-1.27464e-30
0,1.91151e+09,-2.73824e+07,2.9789e+08,-2.291e+09,-8.44805e+08,5.46506e+08,-1.44963e+09,0.0011229,0.000174994,-4.12658e-24
0,1.92905e+09,7.60724e+07,2.94149e+08,5.82212e+09,1.94469e+09,4.44343e+08,-6.68601e+08,0.00102536,0.000156351,3.12092e-23
0,1.74824e+09,-9.80443e+06,2.9747e+08,-4.5815e+09,-4.36136e+08,-2.494e+08,-1.49115e+09,0.00105437,0.000179405,-3.99409e-23
0,1.96121e+09,-4.05227e+07,2.58546e+08,4.30644e+09,-1.55411e+09,-1.43636e+08,5.44603e+08,0.000954213,0.000125794,-1.78849e-24
0,2.16762e+09,1.24282e+07,3.17535e+08,7.84323e+09,-1.50454e+09,-6.34567e+07,-7.93538e+08,0.00101841,0.000149187,4.49051e-23
0,1.83229e+09,217785,2.97247e+08,5.84102e+09,1.59236e+09,3.55896e+08,-1.26347e+09,0.000971063,0.000157533,5.20365e-23
0,2.10964e+09,3.2147e+07,3.18063e+08,2.33351e+09,-6.21067e+08,-8.43146e+07,-7.44751e+08,0.00097175,0.000146507,1.00314e-24
0,2.10978e+09,2.35593e+07,3.25948e+08,4.12425e+09,-7.76241e+08,2.84089e+08,-9.78277e+08,0.00102639,0.00015857,6.98418e-24
0,1.9965e+09,-3.75669e+07,3.32028e+08,-9.66549e+09,3.15327e+08,-7.49022e+08,-7.85494e+08,0.000950367,0.000158051,-7.52291e-23
0,2.20159e+09,45851.8,3.29051e+08,-1.73729e+09,-1.28261e+09,-1.28811e+08,-7.68854e+08,0.00104989,0.000156917,-1.72199e-24
0,1.91809e+09,4.39874e+07,3.19806e+08,2.58118e+09,1.05898e+09,-4.77278e+08,-9.9215e+08,0.000974248,0.000162438,1.18824e-24
0,1.97419e+09,-1.75029e+07,3.21207e+08,-2.55329e+09,-1.72486e+08,-1.14788e+07,-1.20422e+09,0.00100676,0.000163803,-2.18767e-24
0,1.94303e+09,-4.53857e+07,3.19746e+08,-7.41261e+09,1.84187e+09,1.12813e+08,-5.08795e+08,0.000944771,0.000155472,-1.30189e-23
0,2.05109e+09,2.9705e+07,3.12021e+08,1.44427e+09,-5.21489e+08,2.64357e+07,-1.23683e+09,0.00102801,0.000156386,3.66261e-25
0,1.98258e+09,4.08644e+07,3.10958e+08,1.03765e+10,-4.15379e+08,9.00994e+07,-1.06927e+09,0.000985749,0.00015461,1.4304e-22
0,1.91966e+09,9.85193e+06,3.17428e+08,4.14355e+09,1.1563e+09,1.23358e+08,-1.14287e+09,0.000942414,0.000155834,1.0137e-23
0,2.20781e+09,1.79137e+07,3.2197e+08,3.37133e+09,-1.48947e+09,-2.76923e+07,-9.31898e+08,0.0010299,0.000150192,6.78744e-24
0,1.99868e+09,1.80177e+07,3.20193e+08,6.67828e+09,-8.60466e+07,2.33375e+08,-1.08899e+09,0.000984204,0.000157672,3.61219e-23
0,2.06529e+09,-4.08373e+07,3.14281e+08,-3.69428e+09,-5.87779e+08,-1.85923e+08,-4.85754e+08,0.000922679,0.000140407,-1.61437e-24
0,1.95768e+09,-2.71253e+06,3.08885e+08,6.01032e+08,-3.40286e+08,2.00133e+08,-8.14501e+08,0.00103436,0.000163203,2.2883e-26
0,2.08034e+09,-3.65493e+07,3.3171e+08,-8.18696e+09,-9.68427e+08,-8.30495e+08,-4.3758e+08,0.000971288,0.000154872,-5.77201e-24
0,1.8804e+09,1.70417e+07,3.0213e+08,7.9945e+09,1.23797e+09,5.78985e+08,-1.19803e+09,0.000994653,0.000159814,1.25892e-22
0,1.88679e+09,5.81355e+07,2.89612e+08,7.34319e+09,3.42647e+08,-5.20835e+08,-1.34666e+09,0.00104927,0.000161058,1.03429e-22
0,2.02711e+09,3.09007e+07,3.10297e+08,5.07244e+09,-4.65176e+08,-1.2249e+08,-1.1322e+09,0.00103213,0.000157993,2.0348e-23
0,1.8374e+09,-1.49601e+07,3.05611e+08,2.56709e+08,7.10617e+08,3.16581e+07,-1.50775e+09,0.00100702,0.000167497,-9.70838e-26
0,1.96734e+09,-3.32973e+07,3.3554e+08,-8.27181e+09,5.04962e+08,-5.07442e+08,-6.34618e+08,0.000927074,0.000158117,-3.84772e-23
0,1.96752e+09,5.67636e+07,3.15644e+08,4.06041e+09,1.09544e+09,-6.30752e+08,-9.29656e+08,0.000993416,0.000159371,4.40004e-24
0,2.17078e+09,-1.60526e+07,3.37015e+08,-6.01874e+09,-6.12032e+08,-4.19949e+08,-5.5885e+08,0.000980579,0.000152236,-7.11409e-24
0,1.88175e+09,1.25355e+07,3.175e+08,-2.04344e+08,9.07087e+08,-1.35391e+07,-1.27964e+09,0.000988818,0.000166839,1.28758e-26
0,1.77564e+09,-3.21288e+07,3.09267e+08,-1.41442e+09,1.33841e+09,3.23919e+08,-1.44042e+09,0.00103113,0.000179594,-5.12131e-25
0,2.01449e+09,-7.09979e+06,2.97095e+08,-5.65206e+09,-4.21912e+08,-2.15266e+08,-1.21841e+09,0.00101706,0.000149996,-2.68554e-23
0,2.01858e+09,1.00727e+08,2.86858e+08,2.39557e+09,-1.40511e+09,8.64605e+07,-6.80668e+08,0.00107975,0.000153442,5.40453e-24
0,1.97979e+09,3.93863e+07,2.94158e+08,6.85548e+09,-9.55242e+08,-4.26721e+08,-1.24308e+09,0.00109301,0.000162399,9.49423e-23
0,2.0815e+09,1.53481e+07,3.0558e+08,2.85763e+09,-1.21182e+09,-2.27737e+08,-1.14827e+09,0.00104861,0.000153943,6.19443e-24
0,1.89401e+09,-7.20174e+07,3.21158e+08,-5.96604e+09,-1.21546e+09,-8.98784e+08,-3.38406e+08,0.000928559,0.000157452,5.6547e-24
0,1.51805e+09,-2.14288e+07,1.94588e+08,-4.79576e+09,-5.28619e+08,-6.25148e+07,-3.04907e+08,0.00147197,0.000188681,-1.16057e-22
0,1.78178e+09,-5.0752e+07,2.89642e+08,-2.69439e+09,9.49037e+08,5.51858e+08,-1.70939e+09,0.00106113,0.000172495,-5.35784e-24
0,1.96236e+09,577806,2.88961e+08,4.51097e+08,-1.85272e+09,-2.2418e+08,-1.48435e+09,0.00111374,0.000164001,-6.09006e-25
0,2.33398e+09,-8488.08,3.44835e+08,-2.58012e+07,-7.38692e+07,-737793,-3.2287e+07,0.000864561,0.000127735,-1.00006e-30
0,2.12313e+09,-2.04295e+07,3.38503e+08,-7.29342e+09,-2.95451e+08,-6.96751e+08,-4.57299e+08,0.000957326,0.000152632,-9.96989e-24
0,1.91943e+09,-3.86785e+07,2.96629e+08,-2.87718e+08,-2.72692e+09,1.90335e+08,-6.32443e+08,0.000998766,0.00015435,2.8967e-25
0,2.15398e+09,3.66752e+07,3.17257e+08,6.73589e+09,-9.2671e+08,3.01497e+08,-7.17405e+08,0.000978086,0.000144062,1.53931e-23
0,1.87477e+09,1.4759e+07,3.19755e+08,1.50445e+09,1.0352e+09,5.99481e+06,-1.22918e+09,0.000993786,0.000169497,6.76394e-25
0,2.01405e+09,5.06454e+07,3.28616e+08,8.17513e+09,8.79137e+08,4.8044e+08,-7.46006e+08,0.000927434,0.000151321,4.12222e-23
0,1.99408e+09,7.67281e+06,3.08577e+08,1.02875e+09,-6.23159e+08,-1.74993e+08,-1.22974e+09,0.00103556,0.00016025,6.1894e-26
0,2.0536e+09,7.79539e+07,2.95578e+08,6.81946e+07,-2.33505e+09,-8.48648e+07,-6.96115e+08,0.00107954,0.000155381,-4.77235e-25
0,2.01787e+09,-1.57709e+07,3.31713e+08,-2.66783e+09,-7.43673e+07,-1.17244e+08,-8.63236e+08,0.000999626,0.000164326,-1.72297e-24
0,2.08057e+09,2.31829e+07,3.09697e+08,1.59961e+09,-7.4052e+08,-7.37036e+08,-9.98254e+08,0.00102233,0.000152176,1.01479e-25
0,1.85411e+09,-6.48989e+07,3.22436e+08,-2.69047e+09,-5.88631e+08,-4.97461e+08,-1.50381e+08,0.000916857,0.000159445,5.14229e-25
0,2.04739e+09,2.03329e+07,3.23028e+08,3.20264e+09,-4.69457e+08,4.53836e+08,-1.05963e+09,0.0010255,0.0001618,3.09697e-24
0,2.07189e+09,3.47636e+06,3.19283e+08,-1.95282e+09,-7.85961e+08,1.47004e+08,-7.81289e+08,0.000978844,0.000150842,-9.22218e-25
0,2.19452e+09,8.70699e+06,3.17044e+08,9.69614e+08,-2.11196e+09,-7.30591e+07,-9.71612e+08,0.00108246,0.000156384,3.1333e-24
0,1.75014e+09,5.39205e+07,2.7689e+08,2.6954e+09,1.39733e+09,-1.10905e+09,-1.76341e+09,0.00106219,0.000168049,2.99124e-24
0,1.91238e+09,1.0628e+07,2.96907e+08,1.04618e+10,1.97616e+09,-4.18823e+07,-7.53378e+08,0.00101736,0.00015795,1.29941e-22
0,1.87975e+09,2.31696e+07,3.11623e+08,2.03337e+09,5.84116e+08,-5.65907e+08,-1.28453e+09,0.00102883,0.000170558,9.15443e-25
0,2.01625e+09,2.50875e+07,3.09156e+08,2.66272e+09,-1.39703e+09,-8.21777e+08,-7.90629e+08,0.00113195,0.000173564,7.19628e-24
0,2.0722e+09,2.41381e+07,3.07939e+08,5.00035e+09,-1.40832e+09,1.63125e+08,-8.05074e+08,0.000979809,0.000145604,1.27254e-23
0,2.07421e+09,4.87051e+07,3.27846e+08,9.39958e+09,4.94895e+08,4.50563e+08,-7.50813e+08,0.00096657,0.000152774,6.00223e-23
0,2.01002e+09,-2.40437e+07,3.28759e+08,-3.00145e+09,1.36361e+08,-2.01183e+08,-9.43784e+08,0.000988398,0.000161662,-2.71066e-24
0,2.08695e+09,-2.61086e+07,3.28934e+08,-7.82727e+09,-5.23071e+08,-5.30638e+08,-8.32926e+08,0.000981955,0.000154771,-3.1374e-23
0,2.07705e+09,1.66961e+07,3.1023e+08,2.84187e+09,-1.60198e+09,4.8162e+08,-1.20439e+09,0.00108221,0.00016164,9.58601e-24
0,2.21605e+09,2.90859e+06,3.29196e+08,5.15118e+08,-1.31467e+09,2.77702e+06,-8.22431e+08,0.00101954,0.000151454,3.63645e-25
0,1.97721e+09,-1.33058e+07,3.08675e+08,-4.47538e+09,-1.64787e+09,-9.73798e+06,-1.19483e+09,0.00112676,0.000175906,-4.38755e-23
0,1.89805e+09,5.27669e+07,3.06337e+08,1.00399e+10,2.36308e+08,-3.28122e+08,-1.28269e+09,0.00100436,0.000162099,2.07937e-22
0,1.95942e+09,-1.95332e+07,3.09168e+08,-1.9713e+09,-4.044e+08,3.16761e+08,-7.48275e+08,0.00104397,0.000164723,-1.03652e-24
0,1.90857e+09,1.0456e+07,3.2271e+08,3.13511e+09,1.47301e+08,8.54715e+07,-1.12555e+09,0.00100902,0.000170609,5.07152e-24
0,2.31664e+09,1.14467e+07,3.28415e+08,3.83505e+09,-1.0046e+09,-1.02907e+08,-2.71655e+08,0.00093531,0.000132593,1.28548e-24
0,1.99665e+09,-1.50415e+07,3.20034e+08,-1.16358e+09,-2.00133e+07,-3.58734e+07,-1.18467e+09,0.00100679,0.000161374,9.38975e-27
0,1.95066e+09,1.96122e+07,3.06823e+08,1.90982e+09,-2.17812e+06,-5.13153e+08,-1.3009e+09,0.00104068,0.000163691,5.61355e-25
0,1.97371e+09,-1.41475e+07,3.01814e+08,4.12929e+09,-2.5244e+09,2.23115e+08,-7.22401e+08,0.00099447,0.000152071,2.91663e-23
0,2.00167e+09,-1.25133e+07,3.32965e+08,-2.80279e+09,2.07515e+08,-7.62012e+07,-8.0041e+08,0.000979403,0.000162917,-1.88035e-24
0,2.02113e+09,363555,3.12369e+08,-6.21416e+08,-1.33016e+09,5.38612e+08,-1.21372e+09,0.00109045,0.000168531,1.47437e-24
0,2.14203e+09,-3.30866e+07,2.93417e+08,-5.60738e+09,-2.46074e+09,-7.23576e+07,-1.05362e+09,0.00107653,0.000147463,-5.68023e-23
0,2.04059e+09,-1.34442e+06,3.1865e+08,-1.22698e+09,-6.45494e+08,5.76834e+06,-1.07262e+09,0.00104281,0.00016284,-3.84191e-25
0,1.93326e+09,8.04171e+06,3.12113e+08,-5.87634e+08,-3.55309e+08,-2.09532e+07,-1.4798e+09,0.00105127,0.000169721,2.19871e-25
0,1.89633e+09,-1.74383e+07,3.12734e+08,-1.19773e+09,2.34617e+08,-8.17074e+07,-1.41807e+09,0.00105235,0.000173548,1.5817e-25
0,1.92875e+09,3.42086e+06,3.19301e+08,6.80398e+07,1.8137e+08,-1.72196e+08,-1.30322e+09,0.00101774,0.000168484,-3.26043e-27
0,1.85119e+09,-2.94612e+07,2.40737e+08,7.43465e+09,-5.44933e+07,3.85849e+08,4.50434e+08,0.00099485,0.000129375,-3.34858e-23
0,2.32522e+09,6.99576e+06,3.25323e+08,1.67598e+09,-1.37834e+09,-4.58988e+07,-2.70677e+08,0.000927871,0.000129819,5.09552e-25
0,2.08587e+09,-1.01576e+07,2.91882e+08,-1.01753e+10,-1.65639e+09,-4.18931e+08,-9.10562e+08,0.00105183,0.000147186,-1.16783e-22
0,1.92491e+09,2.93538e+07,3.1656e+08,3.52966e+09,1.20897e+08,1.62969e+08,-1.25675e+09,0.0010212,0.000167941,8.20409e-24
0,1.90683e+09,3.56838e+07,3.07384e+08,1.67668e+09,2.19742e+08,-5.1753e+08,-1.31109e+09,0.00103988,0.000167631,2.37149e-25
0,2.19975e+09,2.30829e+07,3.27856e+08,5.34871e+09,-9.31377e+08,7.1581e+07,-7.4902e+08,0.00102434,0.00015267,1.10407e-23
0,1.4252e+09,-1.17041e+07,1.9084e+08,-6.04552e+09,-2.57915e+08,-2.11926e+08,-3.07056e+08,0.00138182,0.000185031,-2.112e-22
0,1.91878e+09,-5.49897e+07,3.04804e+08,-7.87721e+09,-5.03939e+08,-1.93933e+08,-1.26366e+09,0.0010727,0.000170402,-1.29325e-22
0,1.88982e+09,3.0544e+07,2.89323e+08,3.55131e+09,-1.03155e+09,-6.99281e+08,-1.60015e+09,0.00112485,0.000172209,2.34367e-23
0,2.06447e+09,-6.336e+06,3.16324e+08,-3.39898e+09,-1.02134e+09,-1.4644e+08,-1.10576e+09,0.00104177,0.000159622,-7.06373e-24
0,1.7655e+09,-5.51932e+07,3.03058e+08,-1.13064e+09,5.58774e+08,-6.21947e+08,-4.83761e+08,0.000874036,0.000150033,-3.58994e-25
0,2.13463e+09,-1.92369e+07,3.15013e+08,-6.3741e+09,-1.40967e+09,-6.48923e+08,-8.1535e+08,0.000999074,0.000147436,-1.30806e-23
0,2.17843e+09,3.17483e+07,2.89533e+08,-5.09579e+09,-3.53912e+08,2.22724e+07,1.14576e+08,0.00100986,0.00013422,1.22567e-24
0,1.79931e+09,3.12391e+07,3.05599e+08,6.02967e+09,1.46107e+09,-6.78919e+07,-1.088e+09,0.000935888,0.000158953,3.41903e-23
0,2.14795e+09,5.38309e+07,3.15862e+08,9.40913e+09,-4.38451e+08,8.53389e+07,-7.66935e+08,0.000966306,0.000142098,4.64544e-23
0,1.96147e+09,2.06608e+07,3.18805e+08,3.42452e+09,-3.09284e+07,1.25972e+07,-1.19252e+09,0.00104357,0.000169615,7.17555e-24
0,1.99693e+09,-556351,3.42026e+08,6.46556e+09,2.14052e+08,3.28953e+08,-3.28087e+07,0.000921071,0.000157757,1.54011e-24
0,1.88821e+09,-2.74659e+07,3.08809e+08,-4.17768e+09,3.94626e+07,3.02013e+08,-1.39955e+09,0.00107029,0.000175041,-2.07429e-23
0,2.04675e+09,5.42129e+07,2.95157e+08,-3.52835e+09,1.44526e+07,-7.56408e+06,2.41412e+08,0.000901302,0.000129975,6.98835e-25
0,1.90883e+09,-3.3932e+07,3.19146e+08,2.89872e+08,8.52777e+08,4.78875e+08,-8.74327e+08,0.000949786,0.000158799,4.6115e-26
0,1.92094e+09,-3.95495e+07,3.09725e+08,-8.4944e+09,1.97218e+08,-1.45505e+08,-1.17754e+09,0.000987896,0.000159285,-1.02829e-22
0,1.96047e+09,-6.08455e+06,3.18603e+08,-4.66891e+09,-2.25558e+08,-1.67513e+08,-1.13622e+09,0.00101689,0.000165258,-1.60409e-23
0,2.16423e+09,-5.26138e+06,3.17554e+08,9.55571e+09,1.50896e+09,5.34734e+08,2.15409e+08,0.000947615,0.000139042,-1.7048e-24
0,2.21484e+09,7.08818e+06,3.24622e+08,7.09062e+08,-1.80496e+09,-2.74007e+06,-8.95173e+08,0.00109038,0.000159813,1.64864e-24
0,2.04391e+09,5.74072e+07,2.91015e+08,-4.12722e+09,-2.42008e+09,4.49083e+07,-7.83982e+08,0.00108189,0.000154041,-3.80699e-23
0,1.94794e+09,1.08579e+07,3.31979e+08,-3.56441e+09,4.23247e+08,-1.9404e+08,-8.56973e+08,0.000973418,0.000165896,-5.07849e-24
0,2.00198e+09,6.6694e+06,3.27927e+08,2.28071e+09,-2.76143e+08,-1.39531e+08,-9.07657e+08,0.00105506,0.000172821,1.60727e-24
0,2.04866e+09,2.92176e+07,3.29809e+08,4.55933e+09,-5.94742e+08,3.32901e+08,-5.69523e+08,0.000942946,0.000151802,3.59384e-24
0,1.93351e+09,8.01648e+06,3.20389e+08,-3.58191e+09,5.50517e+08,-2.92175e+08,-1.21221e+09,0.00099295,0.000164535,-8.2782e-24
0,1.76971e+09,3.79198e+06,3.05866e+08,1.43536e+10,-1.9522e+08,3.02861e+08,5.6629e+08,0.000992182,0.000171483,-3.78562e-22
0,1.87349e+09,3.73484e+07,2.9921e+08,9.37822e+09,1.31938e+09,1.24423e+08,-1.14651e+09,0.000962541,0.000153725,1.41549e-22
0,1.88312e+09,-5.75819e+07,2.97184e+08,-1.09411e+10,2.52786e+08,1.55469e+08,-1.08545e+09,0.00099897,0.000157652,-2.34437e-22
0,2.02707e+09,-6.69243e+07,3.09746e+08,-1.09387e+10,-4.68316e+06,-3.77612e+07,-1.06147e+09,0.00102739,0.00015699,-1.84098e-22
0,2.0012e+09,-4.60247e+07,3.18229e+08,-6.09845e+09,4.11635e+07,-4.5119e+08,-1.14782e+09,0.00100698,0.00016013,-3.21288e-23
0,1.83554e+09,3.48803e+06,3.07825e+08,1.52924e+10,-1.73729e+08,2.87384e+08,5.44787e+08,0.00101207,0.000169726,-4.03732e-22
0,2.02025e+09,-7.37874e+07,3.07964e+08,9.55603e+09,8.98676e+08,4.86174e+08,2.44445e+08,0.000916984,0.000139784,-7.74631e-24
0,1.91121e+09,-9.90085e+06,3.21667e+08,8.10842e+08,8.74731e+08,7.93794e+07,-1.15362e+09,0.000957818,0.000161206,7.10622e-26
0,2.32574e+09,1.0628e+07,3.29877e+08,2.44767e+09,-1.16472e+09,-8.60336e+07,-2.91726e+08,0.000925213,0.00013123,6.32933e-25
0,2.21197e+09,3.05819e+07,3.19238e+08,-7.87364e+09,-4.5331e+08,2.66246e+07,2.39534e+08,0.000934131,0.000134817,6.13992e-24
0,2.29009e+09,2.83398e+07,3.143e+08,-9.93198e+08,-4.55437e+08,5.65954e+07,1.66058e+07,0.000992028,0.000136149,-1.30698e-26
0,2.25008e+09,1.85896e+07,3.14819e+08,6.90375e+09,-1.05569e+09,-4.95909e+08,-3.43229e+08,0.000933425,0.0001306,9.6605e-24
0,1.91443e+09,6.9756e+06,3.2709e+08,-1.95973e+09,6.54994e+08,-2.6015e+08,-1.04607e+09,0.000965914,0.000165031,-1.19729e-24
0,1.91895e+09,6.78328e+06,3.25503e+08,2.15802e+08,1.64284e+08,-3.5857e+08,-1.10147e+09,0.00101477,0.000172131,-1.62926e-26
0,2.07868e+09,3.73544e+07,3.25935e+08,7.55886e+09,2.01828e+08,2.74082e+08,-8.56051e+08,0.000949108,0.000148819,2.97081e-23
0,1.57735e+09,5.312e+07,2.9413e+08,3.82629e+09,-2.0971e+08,-1.37116e+08,3.74778e+08,0.00118545,0.000221052,-1.8856e-23
0,1.78694e+09,3.57231e+07,2.8403e+08,2.74596e+09,1.00402e+09,-7.02304e+08,-1.08619e+09,0.000952137,0.00015134,1.70952e-24
0,1.95116e+09,2.73314e+07,3.13478e+08,9.82817e+09,1.91406e+09,9.51024e+07,-2.93354e+08,0.000993485,0.000159616,3.07141e-23
0,2.0858e+09,4.34789e+07,3.10555e+08,1.08523e+10,-6.93161e+08,2.48637e+08,-9.36775e+08,0.00102139,0.000152075,1.29077e-22
0,1.8391e+09,1.47002e+07,3.10491e+08,1.03248e+09,9.6092e+08,-1.70828e+08,-1.52112e+09,0.00102445,0.000172955,4.83169e-26
0,1.8687e+09,-3.04849e+06,3.10598e+08,-1.31737e+09,1.75062e+08,-3.63549e+08,-1.51218e+09,0.00104454,0.000173613,3.63653e-25
0,1.85893e+09,3.5477e+07,3.11598e+08,-4.75076e+09,-1.47591e+09,-8.58049e+08,-2.4056e+08,0.000989507,0.000165863,8.10413e-24
0,1.99248e+09,-3.05037e+07,3.19265e+08,-2.05699e+08,-1.6323e+09,-6.04636e+08,-7.93094e+08,0.00104258,0.000167058,-2.81507e-24
0,1.9968e+09,1.09422e+06,3.026e+08,-9.40453e+08,-9.31354e+08,-4.17077e+08,-1.25764e+09,0.00106268,0.000161041,-1.09449e-24
0,1.65295e+09,-1.70128e+07,2.82801e+08,4.95321e+09,2.99769e+09,4.76702e+08,-1.11261e+09,0.00103086,0.000176369,4.42516e-23
0,1.96949e+09,-1.1099e+06,3.31197e+08,-6.58359e+08,4.17565e+08,-2.59749e+08,-8.98422e+08,0.000971182,0.000163317,-4.70034e-27
0,1.99059e+09,3.93116e+06,3.30519e+08,3.42287e+07,-2.23095e+08,-2.47177e+08,-8.95974e+08,0.0010232,0.000169893,-2.83441e-26
0,2.05403e+09,-3.16148e+07,2.95972e+08,-7.88673e+09,-2.43881e+09,-4.69862e+08,-1.3034e+09,0.00111604,0.000160814,-1.58195e-22
0,1.88924e+09,-5.76233e+07,2.79805e+08,-5.74628e+09,-2.66267e+09,-1.45436e+08,-1.0478e+09,0.00104512,0.000154787,-1.06205e-22
0,2.02091e+09,-1.46952e+07,3.16492e+08,-6.03937e+09,-3.40038e+08,-2.94735e+08,-1.03094e+09,0.000986907,0.000154558,-2.33237e-23
0,2.17822e+09,1.86232e+07,3.16968e+08,3.28657e+09,-1.59431e+09,1.98137e+08,-8.80067e+08,0.00104517,0.000152091,7.28834e-24
0,1.9235e+09,-2.39867e+07,3.10848e+08,-1.78139e+09,3.14039e+08,1.20793e+08,-6.06508e+08,0.00101632,0.000164244,-4.76262e-25
0,1.91353e+09,-1.80225e+06,3.2556e+08,-1.85055e+09,4.32857e+08,-1.42494e+07,-9.8098e+08,0.000990232,0.000168474,-7.79012e-25
0,1.91387e+09,-3.78455e+07,3.06401e+08,-1.77185e+09,7.40414e+08,2.7291e+08,-1.42316e+09,0.00103193,0.000165207,-7.16922e-25
0,1.97262e+09,2.92924e+07,2.66143e+08,1.17453e+10,1.08774e+09,9.14917e+08,4.53313e+08,0.00107362,0.000144852,-5.6741e-23
0,2.11796e+09,1.49956e+07,3.28374e+08,2.03131e+09,-5.06835e+08,3.80187e+08,-8.18165e+08,0.000981174,0.000152124,3.75314e-25
0,2.29892e+09,2.13274e+07,3.22584e+08,2.61282e+09,-1.34071e+09,-2.7931e+08,-3.90678e+08,0.00096663,0.000135637,1.44247e-24
0,1.47812e+09,-1.28975e+07,1.759e+08,-2.63406e+09,-4.98237e+08,2.63402e+08,-5.25428e+08,0.00135834,0.000161647,-3.25969e-23
0,2.1285e+09,9.88271e+06,3.24394e+08,-7.32361e+09,-1.436e+09,-2.90292e+08,-2.29962e+07,0.00089691,0.000136694,8.73223e-25
0,1.97058e+09,403705,3.23475e+08,-1.2087e+09,1.29098e+08,-5.2e+07,-1.04139e+09,0.000998083,0.000163837,-7.15082e-26
0,1.95679e+09,2.90368e+07,3.17973e+08,2.52801e+09,1.33535e+09,-2.5251e+08,-9.8077e+08,0.00096208,0.000156335,1.0494e-24
0,1.80081e+09,1.27359e+07,3.17728e+08,1.91654e+09,-6.33402e+07,8.75327e+07,-1.21655e+09,0.00103648,0.000182874,1.27535e-24
0,2.13608e+09,-2.52673e+07,3.33029e+08,-8.15228e+09,-2.2459e+08,-5.23766e+08,-6.31191e+08,0.000950969,0.000148262,-2.16973e-23
0,2.31981e+09,1.22614e+07,3.29819e+08,2.25626e+09,-1.19882e+09,-5.74058e+07,-2.69014e+08,0.000921135,0.000130962,5.52169e-25
0,1.84819e+09,-1.607e+07,3.05479e+08,-3.17248e+09,7.7758e+08,-2.31661e+08,-1.36509e+09,0.00100076,0.000165411,-8.51557e-24
0,1.4835e+09,1.37812e+07,1.74903e+08,-2.71325e+09,-5.49066e+08,1.6317e+08,-7.27299e+08,0.00136128,0.000160494,-4.50853e-23
0,1.90343e+09,-5.53457e+07,2.98598e+08,-1.99255e+09,-1.20313e+09,3.52103e+08,-9.39831e+08,0.00102848,0.000161342,-3.28345e-24
0,1.98561e+09,-6.57214e+07,3.21612e+08,-8.86562e+09,2.00458e+09,-2.04881e+08,-6.91032e+08,0.000901096,0.000145951,-3.91189e-23
0,1.86318e+09,1.21415e+07,3.03824e+08,1.82574e+10,9.65662e+08,5.89402e+08,1.15717e+08,0.00100735,0.000164266,-2.51753e-23
0,1.993e+09,-3.92462e+07,3.12282e+08,-1.326e+10,-1.17507e+09,-7.23037e+08,-9.62017e+08,0.00105123,0.000164716,-2.97138e-22
0,2.17376e+09,-5.80453e+06,2.83221e+08,-3.75499e+09,8.41644e+08,-3.2088e+08,4.0285e+08,0.00101058,0.000131669,1.39656e-24
0,1.97316e+09,1.87935e+07,3.02315e+08,9.05431e+09,1.1294e+09,2.21699e+08,-7.49744e+08,0.00112517,0.000172392,1.48593e-22
0,1.83641e+09,-7.16428e+06,3.12087e+08,3.22346e+09,-5.2194e+08,-1.43612e+08,-1.27462e+09,0.00105936,0.000180032,1.05919e-23
0,1.93583e+09,-6.38244e+06,3.27705e+08,-9.64666e+08,2.70635e+08,-1.43433e+08,-9.61133e+08,0.000985888,0.000166895,-2.69101e-26
0,2.05361e+09,-8.54673e+06,3.36751e+08,-4.33206e+09,-3.9422e+08,-7.95136e+08,-5.39132e+08,0.00102063,0.000167363,-1.92824e-24
0,1.92262e+09,5.85251e+06,3.2822e+08,1.00115e+09,2.23605e+08,-2.25567e+08,-9.99868e+08,0.000971544,0.000165857,8.39794e-29
0,2.08978e+09,1.88593e+07,3.24949e+08,1.63411e+09,-6.5053e+08,2.31944e+08,-1.01425e+09,0.0010143,0.000157718,5.50592e-25
0,2.05387e+09,9.63601e+06,3.35606e+08,-4.89594e+08,5.79978e+07,1.30457e+08,-6.59874e+08,0.00097793,0.000159796,6.69917e-27
0,1.93371e+09,6.51455e+07,3.06693e+08,8.03682e+09,1.58021e+09,-3.95962e+07,-1.08179e+09,0.000934787,0.000148261,5.71397e-23
0,1.9032e+09,-4.5489e+07,3.07126e+08,-1.29938e+10,2.78602e+07,-2.64565e+08,-1.1015e+09,0.00100283,0.000161831,-3.89942e-22
0,1.9205e+09,4.42062e+07,3.08422e+08,2.25971e+09,6.60293e+08,-7.35328e+08,-1.17259e+09,0.00102885,0.000165229,1.00316e-24
0,1.96503e+09,-5.08008e+07,3.10027e+08,-3.44753e+09,-1.65184e+09,-6.51336e+08,-9.93082e+08,0.0010133,0.00015987,-8.73094e-24
0,1.96618e+09,-1.29462e+07,3.13284e+08,-5.99883e+09,-1.24685e+08,9.46443e+06,-1.08485e+09,0.00101692,0.000162032,-3.36013e-23
0,1.98099e+09,2.17995e+07,2.80167e+08,6.66889e+09,-6.04311e+08,1.95858e+07,-9.70216e+08,0.00104772,0.000148176,4.80344e-23
0,1.94318e+09,2.39451e+07,3.25524e+08,6.46192e+08,9.98032e+08,-2.55833e+08,-9.81431e+08,0.000950881,0.000159292,6.29828e-27
0,1.88169e+09,-5.87665e+07,2.89524e+08,5.44621e+08,-2.54034e+09,9.39764e+07,-9.65587e+08,0.00107345,0.000165166,8.74846e-24
0,1.94228e+09,-2.01071e+07,3.18309e+08,2.80783e+09,-6.1753e+08,-3.52909e+08,-1.04085e+09,0.00107899,0.00017683,5.43537e-24
0,1.68045e+09,3.7762e+07,3.02599e+08,6.45833e+09,7.22697e+08,-1.18903e+08,-5.00713e+08,0.000986153,0.000177577,3.44586e-23
0,2.10949e+09,-3.48303e+07,3.1361e+08,-1.01865e+10,-1.32608e+09,-3.26866e+08,-7.89044e+08,0.00101662,0.000151137,-8.09379e-23
0,1.99724e+09,2.03669e+07,3.05115e+08,1.28761e+09,-3.00042e+08,-7.06528e+08,-1.1941e+09,0.00104461,0.000159582,-2.85503e-25
0,2.07809e+09,-1.86438e+07,3.30808e+08,-7.46236e+09,-6.81999e+08,-4.46948e+08,-8.12437e+08,0.000996951,0.000158703,-2.92614e-23
0,2.02726e+09,1.45874e+07,3.12712e+08,8.24421e+08,1.81554e+08,-3.94746e+08,-1.0066e+09,0.000988911,0.000152543,-4.00037e-26
0,1.81056e+09,-4.32034e+07,3.07095e+08,-1.05825e+10,1.234e+09,-1.68784e+08,-1.10759e+09,0.000963401,0.000163406,-2.36006e-22
0,1.87793e+09,2.91522e+07,2.96966e+08,5.19449e+09,1.44053e+09,-3.75639e+08,-1.11417e+09,0.000941849,0.000148939,1.44828e-23
0,1.57794e+09,-9.31827e+06,1.89908e+08,-1.26523e+09,-1.49382e+08,-2.13356e+08,-1.26578e+08,0.00128307,0.00015442,-6.66549e-26
0,2.00757e+09,3.92957e+07,2.73529e+08,-8.15283e+09,-2.40596e+09,1.72421e+08,3.3735e+08,0.00101787,0.000138684,-9.51635e-24
0,2.13264e+09,2.83664e+07,2.64215e+08,6.72387e+08,1.04079e+09,5.30516e+08,4.35643e+08,0.00099631,0.000123434,-3.00985e-25
0,2.08901e+09,-2.00374e+07,2.88742e+08,1.49964e+09,-1.69149e+09,-2.59963e+08,2.35643e+08,0.000889479,0.000122943,5.59895e-25
0,1.82709e+09,-3.21134e+07,3.04161e+08,5.62401e+09,1.43478e+09,-1.65405e+08,-8.01735e+08,0.00104987,0.000174776,2.83284e-23
0,2.01058e+09,-2.15101e+07,3.22209e+08,-4.2866e+09,4.78497e+08,-1.76638e+08,-1.00094e+09,0.000958736,0.000153644,-7.99955e-24
0,1.92061e+09,2.83953e+06,3.01004e+08,8.21604e+09,8.44078e+08,4.55755e+08,-1.08571e+09,0.000969603,0.00015196,8.94288e-23
0,1.96631e+09,6.56221e+07,2.95914e+08,-3.53717e+09,-1.91708e+09,1.84573e+08,-8.07329e+08,0.00108206,0.000162841,-2.40152e-23
0,1.8723e+09,6.26047e+07,2.77937e+08,-5.22275e+09,-2.48666e+09,7.23915e+07,-1.3083e+09,0.001187,0.000176206,-1.91929e-22
0,2.25139e+09,1.09058e+06,3.19819e+08,4.79502e+09,-1.35828e+09,-2.96231e+08,-1.92717e+08,0.000935016,0.000132823,3.54101e-24
0,2.00993e+09,-1.08298e+07,3.37224e+08,9.80452e+09,-4.30514e+08,9.94898e+08,8.25556e+07,0.000995777,0.00016707,-2.67224e-23
0,1.99501e+09,-1.11216e+07,3.31244e+08,-8.93811e+08,-1.89945e+08,3.167e+07,-4.94118e+08,0.00098525,0.000163587,-3.62778e-26
0,2.01733e+09,2.77948e+06,3.09132e+08,-1.53582e+08,-5.70229e+08,-7.74157e+08,-1.09842e+09,0.00104356,0.000159914,-1.84773e-25
0,1.96358e+09,-4.1165e+07,3.12278e+08,-1.05898e+10,-1.75032e+08,-6.56504e+07,-8.34702e+08,0.000976965,0.000155371,-1.1977e-22
0,1.95089e+09,4.10542e+06,3.26774e+08,3.79748e+08,4.49411e+08,-3.28979e+07,-1.02797e+09,0.000969768,0.000162436,-2.18904e-26
0,1.98597e+09,-2.26196e+07,3.26443e+08,-7.36783e+09,-1.17679e+08,-2.17809e+08,-9.59537e+08,0.000970564,0.000159536,-4.15072e-23
0,2.05367e+09,-2.68176e+07,3.21285e+08,-2.33967e+09,-7.19749e+08,-6.0417e+08,-8.56963e+08,0.00107981,0.00016893,-5.99244e-25
0,1.98333e+09,1.66442e+07,3.30694e+08,2.71598e+09,-1.11446e+08,1.01662e+08,-8.97079e+08,0.000985953,0.000164394,1.91845e-24
0,1.77363e+09,-656151,3.01576e+08,-7.59823e+08,2.64669e+09,-2.10978e+08,-1.25644e+09,0.000959281,0.00016311,2.01382e-24
0,1.81613e+09,1.56609e+07,2.60051e+08,-1.27014e+10,-2.96465e+09,-1.42983e+08,4.2429e+08,0.00111814,0.000160105,1.94564e-22
0,1.73904e+09,3.58268e+07,2.8206e+08,5.77623e+09,2.29775e+09,-1.93336e+08,-1.15815e+09,0.000941718,0.00015274,2.5983e-23
0,2.14883e+09,-2.30781e+07,3.05086e+08,4.10261e+09,-3.62032e+08,4.56596e+08,-7.88412e+08,0.000981849,0.000139401,3.36725e-24
0,2.04101e+09,3.1552e+07,3.16571e+08,3.75443e+09,-1.83213e+08,-7.82822e+07,-1.09986e+09,0.00101196,0.000156961,6.48528e-24
0,1.86872e+09,-4.61074e+07,3.17101e+08,-6.07106e+08,-2.63993e+08,-3.62301e+08,-4.21184e+08,0.000988422,0.000167724,2.50057e-26
0,1.86367e+09,7.39561e+07,3.13486e+08,6.47632e+09,1.71529e+09,-4.59143e+08,-1.06266e+09,0.000970761,0.00016329,2.87707e-23
0,1.97679e+09,5.42321e+07,2.89241e+08,9.73812e+09,2.36144e+08,2.00463e+08,-8.96169e+08,0.000975373,0.000142715,9.76424e-23
0,1.95378e+09,-5.40381e+07,2.82325e+08,-2.4397e+09,-1.80062e+08,6.81801e+08,-1.06999e+09,0.00108888,0.000157345,-2.24358e-24
0,2.0108e+09,-6.89665e+06,2.65628e+08,-5.77829e+09,-5.83514e+08,-7.86628e+08,3.76836e+08,0.00108732,0.000143636,2.35234e-23
0,1.96058e+09,-1.07873e+07,3.11549e+08,4.72414e+09,1.34251e+09,6.99297e+08,-9.43246e+08,0.000934595,0.000148513,1.69277e-23
0,1.93191e+09,-3.56613e+06,3.24016e+08,-4.70958e+08,2.83555e+08,-1.47737e+08,-1.16825e+09,0.0009941,0.000166728,8.82353e-26
0,1.75126e+09,-5.504e+06,2.85724e+08,1.35857e+10,3.1234e+08,1.26575e+08,-1.06983e+08,0.00107744,0.000175787,1.02275e-22
0,1.9566e+09,3.00078e+07,2.85424e+08,-805959,-2.00524e+09,8.71146e+07,3.68773e+08,0.00100097,0.000146018,1.94912e-25
0,1.80224e+09,3.80375e+07,2.86657e+08,4.47062e+09,2.19107e+09,-5.33157e+08,-1.08311e+09,0.00092624,0.000147324,1.85763e-24
0,2.29078e+09,-7.90159e+06,3.21699e+08,6.56032e+08,-8.40209e+08,1.97496e+08,-3.02798e+08,0.000928417,0.00013038,6.67459e-26
0,1.9949e+09,1.06479e+07,3.2286e+08,-1.98679e+09,-2.16975e+08,-1.44035e+08,-1.10814e+09,0.000996412,0.000161262,-7.3789e-25
0,1.83459e+09,2.31118e+07,2.82085e+08,-7.26794e+09,-1.08199e+09,-3.31987e+08,-1.10275e+09,0.00112926,0.000173635,-1.41507e-22
0,2.30436e+09,1.48755e+07,3.35899e+08,-3.3349e+09,2.46772e+07,9.72674e+07,6.49598e+07,0.000886591,0.000129236,8.35752e-26
0,1.99755e+09,3.44183e+07,3.10058e+08,7.70078e+09,-8.37798e+08,3.3517e+08,-1.27844e+09,0.00107272,0.000166506,9.70905e-23
0,2.03396e+09,-2.95144e+07,2.99543e+08,-6.99374e+09,-5.39328e+08,-5.55129e+07,-1.12451e+09,0.00104201,0.000153457,-5.3569e-23
0,1.95286e+09,-1.33641e+06,3.28856e+08,1.53899e+08,2.09966e+08,3.87389e+07,-1.03417e+09,0.000995206,0.00016759,-2.26525e-26
0,2.14818e+09,-3.94869e+07,3.04037e+08,-7.17587e+09,-1.38989e+09,-2.17928e+08,-8.93737e+08,0.00100375,0.000142064,-3.16234e-23
0,1.85021e+09,9.551e+06,3.25639e+08,-2.35129e+09,-9.79538e+08,-8.82885e+06,-4.61526e+08,0.00102938,0.000181172,-2.81901e-24
0,2.07697e+09,-2.4453e+06,3.28888e+08,2.90829e+08,2.82862e+08,-3.54449e+08,-7.49944e+08,0.000947555,0.000150045,-1.26808e-27
0,2.14336e+09,-7.10432e+07,2.95726e+08,6.21662e+09,-1.32544e+09,-4.33847e+08,1.83251e+08,0.000919998,0.000126935,2.04042e-24
0,2.06634e+09,3.70445e+07,3.08805e+08,5.86863e+09,-1.13707e+09,3.16337e+08,-1.1823e+09,0.00106672,0.000159417,3.45833e-23
0,1.91805e+09,2.03326e+07,3.14739e+08,2.66725e+09,-4.28212e+08,-1.91932e+08,-1.14022e+09,0.00100865,0.000165512,3.27494e-24
0,2.01627e+09,5.53185e+07,2.9334e+08,5.61534e+09,-5.22755e+08,-4.11765e+07,-1.13169e+09,0.0010244,0.000149036,2.71981e-23
0,1.8023e+09,3.74417e+07,2.86531e+08,-7.14344e+09,-1.75482e+09,-1.57422e+08,-1.02175e+09,0.00110801,0.000176152,-1.65491e-22
0,1.78845e+09,-3.20716e+07,2.92045e+08,4.38263e+09,2.10479e+09,7.5695e+08,-1.06704e+09,0.00111302,0.000181751,6.61188e-23
0,1.87205e+09,-6.32102e+07,3.06438e+08,-6.42918e+09,-9.73217e+08,-4.79928e+08,-1.28115e+09,0.001055,0.000172695,-6.74065e-23
0,1.37494e+09,5.27437e+07,1.61646e+08,7.87028e+08,1.41839e+09,-2.63747e+08,-9.50386e+08,0.00127294,0.000149654,-1.01276e-24
0,2.01966e+09,-1.34908e+07,3.36829e+08,-7.93059e+07,7.39544e+07,1.86724e+08,-4.69384e+08,0.000978661,0.000163216,-8.51762e-29
0,1.97918e+09,3.11797e+06,3.17607e+08,1.16409e+09,-1.89802e+08,6.33892e+07,-1.29775e+09,0.00101976,0.000163644,-4.5214e-26
0,2.10637e+09,-1.36141e+07,3.30466e+08,-2.40424e+09,-3.89762e+08,-3.01188e+08,-8.48638e+08,0.000986692,0.000154801,-8.02927e-25
0,2.05513e+09,-5.51026e+07,3.00485e+08,-1.064e+10,2.69109e+08,3.7076e+08,-8.45731e+08,0.00104446,0.000152712,-1.32734e-22
0,1.85057e+09,1.25428e+07,3.16917e+08,4.51312e+09,-2.82376e+08,4.60975e+08,-1.28667e+09,0.0010822,0.00018533,2.67001e-23
0,2.00473e+09,8.51794e+07,2.7794e+08,8.37739e+09,-3.92856e+08,-6.27355e+08,-1.17574e+09,0.00103847,0.000143976,1.06639e-22
0,1.89994e+09,-1.74635e+07,2.98441e+08,-1.65956e+08,6.76544e+08,4.26839e+08,-1.47735e+09,0.00102078,0.000160343,-5.3343e-26
0,2.11736e+09,150621,3.16498e+08,-1.87409e+09,-1.10947e+09,-6.82767e+08,-8.82482e+08,0.00100746,0.000150593,-6.86033e-25
0,2.01486e+09,6.89862e+07,3.09629e+08,1.19093e+10,9.40207e+07,2.54686e+07,-7.60597e+08,0.000944976,0.000145217,1.1625e-22
0,2.25018e+09,-3.03241e+07,3.23917e+08,-1.0079e+10,-1.28142e+09,-1.45954e+08,-5.93616e+08,0.000980949,0.00014121,-3.90793e-23
0,1.72365e+09,1.63628e+07,2.76053e+08,-1.0224e+10,-1.61512e+09,2.26077e+08,-1.17868e+09,0.00112435,0.00018007,-7.19241e-22
0,1.97768e+09,-1.71243e+07,3.03645e+08,2.84507e+09,-1.72725e+09,9.49761e+08,-8.34146e+08,0.00113602,0.00017442,5.42476e-24
0,2.25202e+09,1.60519e+07,3.17119e+08,4.35456e+09,-6.66365e+08,-1.58416e+08,-3.33478e+07,0.000971177,0.000136756,6.52347e-25
0,1.87755e+09,2.36022e+07,3.22463e+08,1.34767e+09,8.948e+08,-1.26786e+08,-1.18542e+09,0.000993834,0.000170688,3.3444e-25
0,2.01595e+09,-451111,3.24879e+08,4.17874e+09,-1.15136e+09,2.88344e+08,-6.98566e+08,0.000990394,0.000159607,6.48905e-24
0,2.07481e+09,1.92505e+06,3.23678e+08,1.18997e+09,-1.00403e+09,-1.63923e+08,-9.63822e+08,0.0010521,0.000164133,6.65158e-25
0,1.93998e+09,3.36628e+07,3.01406e+08,5.85263e+09,-1.11144e+09,-3.30984e+08,-1.42466e+09,0.00107366,0.00016681,7.05233e-23
0,1.92359e+09,5.94156e+06,3.31201e+08,2.10922e+07,3.89561e+08,7.36019e+07,-9.31262e+08,0.000973493,0.000167614,-4.79483e-27
0,1.85751e+09,7.28055e+06,3.08008e+08,4.22825e+09,-6.01339e+07,1.99415e+08,-1.4921e+09,0.00109612,0.000181756,2.78842e-23
0,1.90633e+09,4.46106e+06,3.0617e+08,1.83229e+10,-2.0054e+08,5.71942e+08,1.62007e+08,0.00101001,0.000162214,-1.86436e-22
0,2.26191e+09,2.41442e+07,3.20427e+08,8.96052e+09,-1.75212e+09,1.34768e+08,-6.05467e+08,0.00101055,0.000143157,3.73808e-23
0,2.01823e+09,-9.09934e+06,3.38288e+08,3.73314e+08,2.29822e+08,1.70934e+08,-5.70012e+08,0.000974314,0.000163311,-1.87796e-27
0,1.93639e+09,-3.92415e+07,3.00419e+08,-1.08009e+10,9.59338e+08,2.4392e+08,-9.70131e+08,0.000999448,0.000155059,-1.67374e-22
0,2.26642e+09,3.7292e+07,3.14431e+08,-7.03642e+09,2.42259e+07,2.70407e+08,6.12805e+07,0.000976326,0.000135451,1.31468e-24
0,2.10581e+09,7.1499e+07,3.1822e+08,-7.46856e+09,-1.7371e+09,3.66178e+08,4.77979e+08,0.000888419,0.000134254,3.08492e-24
0,1.99542e+09,7.36267e+07,3.05426e+08,1.15385e+10,8.98158e+06,-1.87761e+08,-1.03851e+09,0.000991843,0.000151814,1.91825e-22
0,1.78652e+09,854947,2.96149e+08,-3.92383e+09,-8.91198e+08,-1.33779e+08,-1.34759e+09,0.00105703,0.000175223,-2.48213e-23
0,1.8539e+09,-7.38602e+07,3.12244e+08,-6.55631e+09,-8.04875e+08,-5.99612e+07,-8.13126e+08,0.00102246,0.000172208,-4.83364e-23
0,1.92331e+09,-4.41209e+07,3.05598e+08,-4.40895e+09,-1.2182e+09,2.30725e+07,-1.14973e+09,0.0010657,0.000169331,-2.74707e-23
0,2.09054e+09,-1.70411e+07,3.19639e+08,-2.31859e+09,-1.06088e+09,-2.8157e+08,-1.02403e+09,0.00104639,0.000159991,-2.64583e-24
0,2.2157e+09,1.728e+07,2.95678e+08,-4.26977e+08,5.41832e+08,3.03978e+08,1.20368e+08,0.000918595,0.000122584,-1.32048e-27
0,2.01998e+09,-876968,3.37091e+08,7.64977e+08,2.75384e+08,1.14726e+08,-6.85511e+08,0.000975069,0.000162718,1.91245e-26
0,2.03657e+09,-3.38144e+07,3.03165e+08,-2.7495e+09,-1.11688e+09,7.55677e+07,-1.10534e+09,0.00106459,0.000158476,-6.05864e-24
0,1.87234e+09,-4.45694e+07,3.06918e+08,-8.33286e+09,1.63858e+09,2.57129e+08,-9.63508e+08,0.000955864,0.000156687,-6.35253e-23
0,1.88299e+09,4.39277e+07,2.68803e+08,6.02972e+09,-9.78921e+08,-6.84088e+08,-1.01894e+09,0.00101544,0.000144957,5.24277e-23
0,1.84906e+09,5.52817e+07,3.06263e+08,1.07914e+10,1.76449e+09,2.23335e+08,-1.11194e+09,0.000962652,0.000159446,2.32106e-22
0,2.07852e+09,-1.9385e+07,3.26314e+08,-2.40839e+09,-4.55221e+08,-2.49722e+08,-1.02421e+09,0.00101671,0.000159617,-1.29395e-24
0,2.21204e+09,-2.0663e+06,3.2441e+08,7.46341e+09,3.54862e+08,-4.38853e+07,9.31892e+07,0.000898736,0.000131806,-1.86989e-24
0,2.05241e+09,-3.40713e+06,3.11448e+08,1.95463e+09,-1.94791e+09,-2.93715e+08,-1.18406e+09,0.00109969,0.000166876,8.51354e-24
0,2.00627e+09,898151,3.37111e+08,-2.93913e+09,4.26585e+07,-2.94542e+08,-5.13372e+08,0.00091203,0.000153247,-9.79297e-25
0,2.11483e+09,-4.40021e+06,3.29875e+08,-4.30188e+09,1.05444e+08,-7.6064e+08,-5.88372e+08,0.000947772,0.000147835,-3.41583e-24
0,2.04251e+09,-2.78307e+07,2.74384e+08,-1.95487e+09,-1.85754e+09,2.20223e+08,-1.43466e+09,0.00113048,0.000151865,-1.01902e-23
0,2.09884e+09,-1.04915e+07,3.19744e+08,7.6715e+08,-1.36327e+09,2.36109e+08,-9.84504e+08,0.00105703,0.000161032,1.55642e-24
0,2.2369e+09,1.8443e+07,3.12474e+08,-7.4079e+09,-8.16519e+08,2.42692e+08,9.30736e+07,0.000956961,0.000133678,4.67169e-26
0,1.40309e+09,-1.51127e+06,1.53089e+08,4.8877e+09,-5.67192e+08,-1.25336e+08,-7.31721e+08,0.00133616,0.000145786,2.91562e-22
0,2.0793e+09,-2.89001e+06,3.25421e+08,-4.55882e+09,-1.26905e+09,-5.08964e+08,-5.05478e+08,0.000979021,0.000153222,-2.91422e-24
0,1.97919e+09,1.91965e+07,3.15169e+08,8.12765e+09,5.77479e+08,1.27612e+08,-1.03578e+09,0.000969717,0.000154419,6.40349e-23
0,2.02511e+09,254768,3.36045e+08,7.77804e+08,1.79895e+08,1.34157e+08,-8.11154e+08,0.000978597,0.000162387,1.27991e-27
0,1.91415e+09,-4.80127e+06,2.7909e+08,-1.59158e+09,-7.73349e+08,3.93798e+08,-1.45789e+09,0.00106971,0.000155968,-5.3248e-25
0,1.92999e+09,7.46551e+07,3.03133e+08,1.2575e+10,9.31949e+08,-8.43724e+07,-1.20495e+09,0.00100082,0.000157194,3.53392e-22
0,2.06288e+09,-3.12094e+07,3.01669e+08,-5.40062e+09,-1.88598e+09,-1.78518e+08,-1.19961e+09,0.00110118,0.000161032,-5.17976e-23
0,2.11806e+09,-1.69554e+07,3.093e+08,-1.94341e+09,-2.25784e+09,-2.20972e+08,-1.15785e+09,0.00109508,0.000159913,-1.3998e-23
0,1.87769e+09,4.10319e+07,3.1946e+08,3.52513e+09,9.35964e+08,-1.86799e+08,-1.17711e+09,0.00101544,0.000172761,8.27106e-24
0,1.74839e+09,-5.36234e+07,2.93772e+08,6.59131e+09,-8.85497e+08,9.55463e+07,-8.33988e+08,0.00103085,0.000173208,7.02042e-23
0,2.08885e+09,3.68405e+07,3.01634e+08,-1.83817e+09,-1.761e+08,-3.36249e+08,-9.03224e+08,0.000999512,0.000144332,-3.17589e-25
0,2.0205e+09,-6.45015e+06,3.20853e+08,-1.12483e+09,-3.31234e+08,-9.05499e+07,-1.22131e+09,0.00103117,0.000163748,-3.75754e-26
0,2.11024e+09,2.89105e+07,3.00942e+08,4.65859e+09,-1.74035e+09,3.23989e+08,-1.03864e+09,0.00104491,0.000149015,1.93296e-23
0,2.11208e+09,-5.12828e+07,3.10758e+08,-8.71019e+09,-5.38224e+08,1.04411e+08,-8.75122e+08,0.00104344,0.000153526,-6.98917e-23
0,2.09607e+09,3.02507e+07,3.23901e+08,8.12195e+09,-4.86341e+08,2.90121e+08,-8.65904e+08,0.00099896,0.000154367,4.27349e-23
0,2.02184e+09,2.56824e+06,3.3764e+08,9.33892e+08,1.78972e+08,8.91941e+07,-6.84037e+08,0.000981993,0.000163989,3.57428e-26
0,1.95383e+09,-4.81052e+07,3.14956e+08,-8.5999e+09,-3.22957e+08,-3.86913e+08,-1.01502e+09,0.00102394,0.000165059,-9.58669e-23
0,1.71839e+09,5.89968e+07,2.81325e+08,-5.63927e+09,-1.52826e+09,-3.14995e+08,-1.28488e+09,0.00106478,0.000174321,-9.77361e-23
0,1.94154e+09,-7.42449e+06,3.24989e+08,5.19547e+08,1.14204e+08,1.56139e+07,-1.11486e+09,0.000984783,0.00016484,-7.34168e-26
0,1.99339e+09,-2.22016e+07,2.81395e+08,-3.91742e+09,-1.88285e+08,3.85396e+08,-1.09302e+09,0.000995482,0.000140526,-7.66276e-24
0,1.82307e+09,-5.85031e+07,2.99931e+08,-1.91882e+09,1.32676e+09,3.38552e+08,-1.27466e+09,0.00102334,0.00016836,-1.08811e-24
0,2.04898e+09,5.53709e+07,3.08729e+08,1.27038e+10,-5.18661e+08,2.92499e+07,-1.13338e+09,0.00105138,0.000158417,3.29127e-22
0,1.90644e+09,-8.30146e+06,3.05066e+08,-2.38739e+09,7.45054e+08,2.07288e+08,-1.31702e+09,0.00102158,0.000163471,-2.34974e-24
0,1.85898e+09,1.57307e+07,2.44802e+08,-7.48165e+09,-1.84813e+09,-1.91654e+08,3.49052e+08,0.00098571,0.000129805,2.31458e-23
0,1.97405e+09,5.04416e+07,2.8961e+08,-3.38532e+09,-3.86072e+09,-4.20278e+06,-8.20287e+08,0.00108536,0.000159232,-1.09381e-22
0,1.6922e+09,-3.61864e+07,2.75937e+08,5.54341e+09,-1.56873e+09,3.89042e+08,-1.08827e+09,0.00110443,0.000180093,1.00043e-22
0,1.93103e+09,2.40602e+07,3.22941e+08,9.33207e+08,2.40364e+08,8.5333e+06,-7.43125e+08,0.000945049,0.000158048,3.58249e-26
0,2.08728e+09,-5.476e+07,3.07933e+08,-1.14319e+10,-9.44998e+08,-1.21553e+08,-1.02529e+09,0.00106386,0.00015695,-2.0982e-22
0,1.97974e+09,4.74765e+07,2.85408e+08,8.17642e+09,-9.43803e+08,3.19542e+08,-5.02051e+07,0.00103271,0.000148881,-3.43822e-24
0,2.03846e+09,-1.87487e+07,3.11762e+08,-8.02742e+09,-1.46423e+09,2.04256e+08,-1.15353e+09,0.00107579,0.000164531,-1.21498e-22
0,1.96199e+09,-2.66461e+06,3.2537e+08,-4.78922e+09,3.16178e+08,-1.6481e+08,-1.06498e+09,0.000973863,0.000161502,-1.39508e-23
0,2.08071e+09,-4.86283e+07,3.1738e+08,-1.15574e+10,-4.34907e+08,-2.72567e+08,-8.48199e+08,0.00099846,0.0001523,-1.28083e-22
0,1.93083e+09,-3.31128e+07,2.90801e+08,6.09609e+09,-3.42648e+09,9.95692e+07,-1.0079e+09,0.00112518,0.000169464,2.44532e-22
0,1.75296e+09,-5.63727e+07,2.96067e+08,-7.66926e+09,-3.61988e+06,-4.01007e+07,-1.41076e+09,0.00102379,0.000172913,-1.67093e-22
0,1.75759e+09,-4.49871e+07,2.70736e+08,6.79752e+09,-8.83686e+08,8.16025e+08,-1.11339e+09,0.0011421,0.000175926,1.08596e-22
0,1.9616e+09,-6.89157e+06,3.07302e+08,1.01355e+09,-4.50173e+08,3.46767e+08,-1.28772e+09,0.00105688,0.000165569,2.2624e-26
0,2.08978e+09,4.91178e+07,3.01725e+08,6.14697e+09,-1.61825e+09,-6.32359e+07,-1.28869e+09,0.00109411,0.000157969,6.43819e-23
0,1.98152e+09,-3.75707e+07,3.0739e+08,-9.75136e+09,-7.69781e+08,2.00591e+08,-1.26202e+09,0.00105273,0.000163308,-2.06583e-22
0,1.82953e+09,-5.39638e+07,2.80998e+08,4.35886e+09,-2.98259e+09,1.78009e+08,-1.04903e+09,0.00113041,0.00017362,1.54108e-22
0,2.06182e+09,2.18663e+07,3.02192e+08,1.75758e+09,-1.23981e+09,-7.0121e+08,-1.23248e+09,0.00107564,0.000157652,7.28508e-25
0,1.96801e+09,-5.78729e+07,3.18684e+08,-1.12232e+10,8.72951e+08,-4.00397e+08,-8.31695e+08,0.000949585,0.000153769,-1.37337e-22
0,1.95431e+09,7.08164e+07,2.89311e+08,-2.00711e+09,-1.60913e+09,1.26256e+08,-9.28118e+08,0.00110368,0.000163386,-8.09791e-24
0,2.04055e+09,-2.96286e+07,3.24872e+08,-5.66863e+09,-4.00294e+08,-5.2087e+08,-1.0436e+09,0.000999456,0.000159121,-1.79794e-23
0,2.0081e+09,-2.23349e+07,2.94789e+08,-3.68085e+09,-8.62738e+08,4.86965e+08,-1.23826e+09,0.00105077,0.000154253,-1.16127e-23
0,1.97848e+09,-5.81987e+07,3.09493e+08,-1.36341e+10,3.79872e+07,-1.67883e+08,-1.05433e+09,0.000996583,0.000155895,-3.44849e-22
0,1.61212e+09,-8.50887e+07,1.78649e+08,-3.91878e+09,-1.16373e+09,6.75651e+08,-9.43126e+08,0.0013807,0.000153004,-1.67172e-22
0,2.27969e+09,-3.01548e+06,3.13534e+08,1.3471e+09,-3.61814e+08,1.22262e+08,-1.41136e+08,0.000959638,0.000131983,1.48841e-26
0,1.6074e+09,-6.60981e+07,2.80767e+08,-4.76396e+09,1.57513e+08,7.90065e+07,-1.33266e+09,0.000990611,0.000173032,-4.70668e-23
0,1.85156e+09,6.67376e+07,3.07037e+08,-4.47439e+09,-1.51863e+09,-1.33922e+08,-9.12815e+08,0.00112813,0.000187073,-4.31212e-23
0,2.01539e+09,5.17251e+07,2.97523e+08,2.75457e+09,-1.03432e+09,-2.63787e+08,-1.37264e+09,0.00110669,0.000163375,7.86703e-24
0,2.02365e+09,2.38356e+06,2.96928e+08,9.67456e+09,2.19728e+08,5.84075e+08,-1.03057e+09,0.000999675,0.000146681,1.12202e-22
0,1.97384e+09,-4.67227e+07,3.26556e+08,-9.61761e+09,1.15267e+09,-4.27713e+08,-7.55831e+08,0.000938728,0.000155305,-7.90879e-23
0,1.84063e+09,-4.4055e+07,2.80145e+08,4.69155e+09,-2.92806e+08,6.62187e+08,-1.03617e+09,0.00118842,0.000180879,3.61865e-23
0,1.85281e+09,-4.16532e+07,3.05365e+08,-9.60447e+09,8.79511e+08,-1.07159e+08,-1.26401e+09,0.0010131,0.000166971,-2.23232e-22
0,1.71351e+09,-6.46919e+07,2.82672e+08,2.84193e+09,-1.65942e+09,3.51611e+08,-1.05241e+09,0.00112864,0.000186189,3.24053e-23
0,1.98347e+09,-2.47667e+07,3.05272e+08,6.88083e+09,1.28143e+09,-5.46451e+07,-5.61903e+08,0.00113256,0.00017431,3.93833e-23
0,1.96053e+09,-4.36065e+07,2.88263e+08,-3.07558e+09,5.15519e+08,9.6423e+07,-1.31248e+09,0.00105743,0.000155478,-5.89124e-24
0,2.01546e+09,9.15201e+06,3.36044e+08,1.07248e+09,-9.78554e+07,-6.94952e+07,-5.5582e+08,0.000995808,0.000166034,6.17347e-26
0,1.81746e+09,-4.85239e+07,3.06662e+08,-1.08877e+10,1.88359e+09,-2.50747e+08,-1.12318e+09,0.000942074,0.000158957,-2.3821e-22
0,1.73259e+09,-2.42259e+07,2.95492e+08,2.68011e+09,-1.13228e+09,2.7064e+07,-9.55396e+08,0.00101931,0.000173842,9.41754e-24
0,1.98464e+09,1.15722e+07,3.0708e+08,8.21499e+08,-9.98408e+08,2.1243e+08,-1.38003e+09,0.00105482,0.00016321,1.08074e-24
0,1.8312e+09,5.62977e+07,3.13616e+08,-5.65296e+09,-1.93368e+09,-2.70983e+08,-8.6202e+08,0.00110528,0.000189294,-7.83551e-23
0,2.14075e+09,1.87441e+07,3.34745e+08,3.08193e+09,-4.7873e+08,3.62055e+08,-6.2206e+08,0.000983214,0.000153743,1.07185e-24
0,1.93512e+09,-4.16219e+07,2.83982e+08,1.19389e+09,-4.75935e+08,1.84087e+08,-1.02414e+09,0.00121086,0.000177696,5.7706e-25
0,1.83315e+09,-2.46339e+07,3.08912e+08,-2.1376e+08,8.37195e+08,4.24525e+08,-1.36944e+09,0.0010345,0.000174327,-3.09102e-26
0,2.26297e+09,2.89428e+07,3.25041e+08,-8.02483e+09,-3.055e+08,7.19617e+07,7.16636e+07,0.000954763,0.000137137,1.74104e-24
0,1.95812e+09,3.95792e+07,3.08697e+08,3.87275e+09,6.59888e+08,-2.75619e+08,-1.26714e+09,0.0010153,0.000160061,9.29168e-24
0,1.9138e+09,5.82185e+07,3.09145e+08,6.87762e+09,1.18535e+09,-6.66696e+08,-7.6163e+08,0.000944294,0.000152537,1.71197e-23
0,2.03216e+09,-3.24425e+07,3.15681e+08,-2.75366e+09,-1.37217e+09,-3.19393e+08,-1.1317e+09,0.00105391,0.000163717,-6.94336e-24
0,1.94597e+09,-1.88286e+06,2.91909e+08,-7.28369e+08,9.49511e+08,-3.78042e+08,-1.16111e+09,0.00104456,0.000156691,-2.01576e-25
0,1.89113e+09,-4.02416e+07,3.05447e+08,-8.49851e+09,1.36142e+09,1.66732e+08,-1.14605e+09,0.000985231,0.00015913,-1.00379e-22
0,1.9867e+09,1.39089e+07,2.99602e+08,-3.86183e+09,-1.40926e+09,-6.58357e+08,-1.30453e+09,0.00113146,0.000170629,-1.78613e-23
0,2.08622e+09,1.64549e+07,3.35563e+08,1.72997e+09,-1.89357e+08,3.8272e+08,-6.25201e+08,0.000987686,0.000158867,1.50555e-25
0,1.80264e+09,6.66416e+07,2.95657e+08,1.24302e+10,-5.32343e+08,6.50346e+08,1.1055e+08,0.00100649,0.000165078,-8.36607e-23
0,2.00827e+09,-1.89639e+07,2.94312e+08,-5.42852e+09,-1.25221e+09,-1.1526e+08,-1.2356e+09,0.00103466,0.000151629,-3.33053e-23
0,1.56205e+09,-3.87694e+07,1.84262e+08,-8.0091e+09,-5.0563e+07,7.76059e+08,-3.62046e+08,0.00130569,0.000154021,-3.05035e-22
0,1.96277e+09,-1.38148e+07,3.23307e+08,-1.06282e+09,-5.89692e+08,-6.1182e+07,-1.12068e+09,0.00105093,0.00017311,-2.98191e-25
0,2.32393e+09,1.14065e+07,3.30728e+08,2.55189e+09,-1.07459e+09,-9.37825e+07,-2.87333e+08,0.000921735,0.000131176,5.8245e-25
0,1.91551e+09,2.89418e+07,2.64273e+08,-1.08332e+10,-1.06394e+09,-3.56747e+08,3.63006e+08,0.00103479,0.000142765,1.0835e-22
0,2.02558e+09,7.07086e+07,3.04043e+08,9.29407e+09,2.45878e+08,-6.28292e+08,-6.79049e+08,0.000989894,0.000148585,5.58877e-23
0,1.83182e+09,-6.57686e+06,3.05103e+08,-6.91153e+09,1.97788e+09,2.77181e+07,-1.06315e+09,0.000969066,0.000161405,-5.20918e-23
0,2.17427e+09,4.71567e+07,3.16082e+08,8.82647e+09,-6.21551e+08,-1.72379e+08,-6.05212e+08,0.000957233,0.000139157,2.96231e-23
0,1.98295e+09,2.7746e+07,3.08414e+08,8.04888e+09,3.70955e+08,-2.39363e+08,-1.09494e+09,0.000982167,0.000152759,6.50594e-23
0,1.97671e+09,-1.13501e+06,3.18447e+08,1.6196e+09,5.50339e+08,-6.19223e+07,-9.78565e+08,0.000979681,0.000157826,3.93838e-25
0,2.13088e+09,-2.30984e+07,2.86257e+08,1.40299e+10,-5.03218e+08,-2.25264e+08,1.16258e+08,0.00107669,0.000144639,-3.34217e-23
0,1.99301e+09,2.3238e+07,3.24979e+08,-2.82009e+09,8.35817e+08,-6.04987e+08,-8.18833e+08,0.000967831,0.000157814,-3.59282e-24
0,1.99395e+09,-5.03785e+06,3.40006e+08,4.16698e+08,1.4412e+08,-3.89202e+08,-4.17607e+08,0.000959297,0.000163578,-9.44657e-28
0,1.992e+09,3.91642e+06,2.98762e+08,8.37139e+09,6.50227e+08,4.93402e+08,-9.79609e+08,0.000972848,0.000145908,7.13393e-23
0,1.87041e+09,-8.49673e+06,2.99044e+08,-6.9091e+09,-7.4417e+08,-7.9046e+08,-1.27852e+09,0.00108883,0.000174083,-8.35331e-23
0,1.84334e+09,1.0868e+07,3.06551e+08,-5.37725e+09,2.72523e+08,-8.10018e+08,-1.22295e+09,0.000993878,0.000165284,-3.50075e-23
0,1.76806e+09,1.2238e+07,3.17519e+08,-2.14057e+09,-2.53281e+08,-6.38737e+08,-1.40582e+09,0.00104667,0.000187968,-4.8305e-25
0,2.00553e+09,5.65494e+06,3.31906e+08,2.11899e+08,-4.02384e+08,-3.23389e+07,-4.73882e+08,0.00100723,0.000166691,3.75063e-27
0,1.84195e+09,3.04901e+07,2.67668e+08,2.01439e+10,-1.57649e+08,2.40953e+08,1.38179e+08,0.00116925,0.000169913,-4.84995e-22
0,1.84344e+09,-3.71342e+07,3.11956e+08,-2.7464e+09,1.17499e+09,3.22614e+08,-1.16641e+09,0.000983283,0.000166396,-2.85987e-24
0,1.82773e+09,-1.18133e+06,2.89765e+08,1.44317e+10,-1.64897e+09,6.33747e+08,2.62689e+08,0.00107828,0.000170948,-3.97823e-22
0,1.89195e+09,2.34586e+07,3.08052e+08,4.1457e+09,1.45699e+08,-2.17512e+08,-1.37247e+09,0.00104483,0.000170121,1.75272e-23
0,1.96243e+09,7.98503e+06,3.2235e+08,-1.13491e+08,-4.53726e+08,1.38112e+08,-1.24917e+09,0.00106107,0.000174292,1.21484e-25
0,2.00174e+09,1.86848e+07,3.18153e+08,1.71063e+09,-1.06755e+08,-1.98435e+08,-1.01526e+09,0.0009827,0.000156188,3.68585e-25
0,1.94654e+09,7.98037e+07,2.89983e+08,9.91219e+09,8.7336e+07,-2.411e+08,-9.56821e+08,0.000981457,0.000146211,1.19382e-22
0,1.96702e+09,2.37698e+07,3.03582e+08,4.43752e+09,-1.36034e+08,-3.37961e+08,-1.13027e+09,0.000994079,0.000153422,1.22796e-23
0,1.83251e+09,-8.70941e+06,2.90729e+08,-1.91997e+09,6.94218e+08,-1.41336e+08,-1.65541e+09,0.00103938,0.000164898,-1.66616e-24
0,1.84455e+09,-8.24471e+07,3.14692e+08,-4.55308e+09,-1.35197e+09,-9.59101e+08,-4.4906e+08,0.000993828,0.000169553,6.59709e-24
0,1.99602e+09,2.38269e+06,3.18529e+08,2.07368e+09,4.39241e+08,-4.24138e+06,-1.09532e+09,0.000954199,0.000152273,7.97327e-25
0,1.86353e+09,4.73244e+06,3.00709e+08,-1.07683e+09,1.43019e+09,-5.15253e+07,-1.46591e+09,0.00101919,0.000164463,-4.09609e-25
0,2.02928e+09,-2.70837e+07,3.06827e+08,4.62132e+09,-1.13116e+08,-3.09526e+08,-6.18267e+08,0.00112211,0.000169663,1.26479e-23
0,1.98548e+09,1.76941e+06,3.2505e+08,-2.66493e+08,1.93677e+07,-2.2725e+08,-1.01747e+09,0.000989451,0.000161987,4.14285e-26
0,2.01788e+09,1.62231e+06,3.35143e+08,-4.64417e+08,-2.59302e+08,2.74614e+07,-6.23284e+08,0.000999443,0.000165994,-1.35595e-27
0,1.91673e+09,3.37553e+07,3.05762e+08,3.81436e+09,9.39844e+08,-6.8228e+08,-1.05632e+09,0.000975857,0.000155671,4.74379e-24
0,2.02372e+09,-1.4119e+07,2.84232e+08,7.09181e+09,2.69085e+08,-1.14528e+08,-8.84122e+08,0.00114313,0.000160553,7.05776e-23
0,2.05707e+09,-3.50495e+07,3.14976e+08,-9.48168e+09,-8.94187e+08,2.22e+08,-9.74392e+08,0.00101443,0.000155328,-1.05598e-22
0,1.82325e+09,-7.79363e+07,3.1117e+08,-2.1683e+09,-1.60638e+07,-3.29067e+08,-5.31174e+08,0.000986083,0.000168292,-8.4861e-25
0,1.97184e+09,2.75271e+07,3.09202e+08,-1.00812e+09,1.72659e+08,-3.86499e+08,-9.07123e+08,0.0010097,0.00015833,-2.12819e-27
0,2.18117e+09,1.5411e+07,3.18701e+08,2.62222e+09,-1.66258e+09,3.07493e+08,-8.15247e+08,0.00103483,0.000151204,4.87549e-24
0,2.12789e+09,-6.93706e+06,2.75804e+08,-3.03789e+09,8.58794e+08,3.1895e+08,1.5681e+08,0.00116788,0.000151373,2.86435e-24
0,1.5194e+09,-9.98622e+06,1.88941e+08,-3.29726e+09,1.45728e+09,-1.18301e+07,-2.33504e+08,0.0012337,0.000153413,9.43907e-24
0,1.92577e+09,-2.65288e+06,3.23987e+08,-1.91126e+09,-4.70623e+08,-2.64086e+08,-1.25035e+09,0.00105922,0.000178201,-1.16256e-24
0,2.32262e+09,1.06326e+07,3.26491e+08,2.49991e+09,-8.75877e+08,-8.04784e+07,-2.25292e+08,0.000935704,0.000131532,3.87034e-25
0,2.01608e+09,-5.37181e+06,3.15833e+08,6.2254e+09,-2.50517e+09,4.64123e+08,-5.93002e+08,0.00106034,0.00016611,4.53807e-23
0,2.06459e+09,-3.10044e+07,3.14524e+08,7.97369e+09,-2.13298e+09,3.51706e+07,1.19348e+08,0.00092372,0.000140722,4.859e-24
0,2.06678e+09,4.3264e+06,2.50324e+08,-7.02396e+08,-3.97274e+08,8.27579e+07,2.28849e+08,0.000972836,0.000117828,1.9222e-27
0,1.94116e+09,5.36937e+07,2.94594e+08,4.2031e+09,-3.0939e+08,-3.52512e+07,-1.1609e+09,0.00102996,0.000156309,1.3752e-23
0,2.16888e+09,1.82315e+07,3.08489e+08,1.2103e+09,-1.50461e+09,6.13134e+07,-9.9689e+08,0.00104441,0.00014855,1.893e-24
0,1.92486e+09,6.02738e+06,3.27246e+08,8.29537e+08,3.66586e+08,7.98314e+07,-9.96627e+08,0.000978776,0.000166402,2.7519e-27
0,1.91259e+09,-4.07466e+07,3.1563e+08,-9.2353e+09,5.51689e+08,1.26742e+08,-1.03607e+09,0.000977771,0.000161359,-1.10858e-22
0,1.82363e+09,-3.51867e+07,3.09352e+08,-4.06092e+08,1.51454e+09,-2.75605e+08,-5.19171e+08,0.00098541,0.000167161,3.90912e-25
0,2.02328e+09,4.8545e+07,3.05732e+08,-1.92591e+09,-5.37403e+08,-2.66595e+08,-8.92441e+08,0.00101994,0.00015412,-7.16885e-25
0,1.9104e+09,-1.56134e+07,3.32022e+08,5.22078e+08,5.87321e+08,3.29679e+07,1.1145e+08,0.00099023,0.000172099,-4.44737e-26
0,2.19016e+09,1.9819e+06,3.1598e+08,-1.103e+09,-1.81851e+09,1.88953e+08,-8.785e+08,0.00104024,0.000150079,-1.6032e-24
0,1.84477e+09,-3.02695e+07,2.92737e+08,-3.63966e+09,7.20669e+08,1.80442e+08,-1.34449e+09,0.00100788,0.000159934,-1.08841e-23
0,2.09684e+09,-1.46538e+07,3.17719e+08,-2.88341e+09,-1.37815e+09,-5.10908e+08,-9.92703e+08,0.00106878,0.000161944,-5.14834e-24
0,1.84914e+09,1.19222e+07,2.90408e+08,9.42652e+09,-5.93809e+08,2.57939e+07,-7.6877e+08,0.00106318,0.000166973,1.62672e-22
0,1.92958e+09,-8.25511e+06,3.00251e+08,5.40585e+09,-1.72873e+09,1.24027e+09,-9.61134e+08,0.00112418,0.000174928,-4.22835e-24
0,1.96233e+09,2.19478e+07,2.93367e+08,3.10962e+09,-1.29075e+09,9.21406e+07,-1.16202e+09,0.00107032,0.000160012,1.15647e-23
0,2.09857e+09,5.09187e+07,3.17101e+08,9.86493e+09,-4.38689e+08,1.01794e+08,-8.00786e+08,0.000981708,0.00014834,6.77977e-23
0,1.97632e+09,2.40012e+07,3.02675e+08,-5.9409e+09,-3.48218e+09,-6.24301e+07,-7.2841e+08,0.00106682,0.000163385,-1.46216e-22
0,1.94224e+09,-980056,3.15698e+08,1.37199e+09,2.33027e+08,7.06466e+06,-1.2318e+09,0.000989873,0.000160897,1.18521e-25
0,2.05588e+09,3.19715e+07,3.13206e+08,7.6597e+09,-9.37854e+07,-1.33791e+08,-8.6162e+08,0.000964949,0.000147007,3.50112e-23
0,1.83108e+09,5.20975e+06,3.03477e+08,1.61029e+09,5.97382e+08,-6.37816e+07,-1.66321e+09,0.00104427,0.000173074,3.71974e-25
0,1.98276e+09,-8.00395e+06,3.31293e+08,-1.39538e+09,-4.99359e+07,1.15905e+08,-5.42166e+08,0.000999953,0.000167079,-1.63148e-25
0,1.97049e+09,7.33907e+06,3.08484e+08,-8.825e+08,-2.15467e+07,-8.56984e+08,-1.21549e+09,0.00103599,0.000162186,7.59071e-25
0,1.86495e+09,-2.28912e+07,2.84276e+08,-1.65415e+08,1.45464e+09,4.00255e+08,-1.24331e+09,0.000970921,0.000147999,-2.63652e-27
0,2.20561e+09,3.34745e+06,3.37045e+08,-2.01348e+09,-8.26618e+08,-8.41548e+07,-4.74003e+08,0.00101315,0.000154822,-5.97158e-25
0,2.08364e+09,2.656e+07,3.3253e+08,7.66855e+09,-4.96047e+07,2.79071e+08,-6.95468e+08,0.000937265,0.000149579,2.2631e-23
0,2.01436e+09,3.8083e+07,3.23543e+08,2.32274e+09,7.3063e+08,8.64569e+07,-9.66191e+08,0.000977375,0.000156984,1.3804e-24
0,1.93414e+09,4.62164e+07,3.02471e+08,6.24643e+09,7.32528e+08,-3.99639e+08,-1.07079e+09,0.000968722,0.000151494,2.8514e-23
0,1.99397e+09,-594822,3.14124e+08,-1.22095e+09,-5.30887e+08,-2.10087e+08,-1.38629e+09,0.00104585,0.000164761,-2.16215e-25
0,1.91729e+09,2.44481e+07,3.24232e+08,3.43191e+09,5.02182e+08,9.09069e+07,-1.09783e+09,0.000991494,0.000167671,6.41621e-24
0,2.16741e+09,3.93407e+07,3.13905e+08,8.07746e+09,-1.26948e+09,7.00082e+07,-8.31015e+08,0.00100834,0.000146036,4.20349e-23
0,2.01423e+09,-265133,3.13044e+08,-1.58065e+09,-2.96822e+08,-8.5782e+08,-1.07074e+09,0.00103217,0.000160416,7.60883e-25
0,2.12666e+09,-2.6561e+07,3.17597e+08,-8.1774e+09,-1.04579e+09,1.77019e+07,-8.71677e+08,0.0010249,0.00015306,-5.3742e-23
0,1.96103e+09,-2.13855e+07,3.0901e+08,-2.88167e+08,1.58707e+08,3.47598e+08,-1.02501e+09,0.000996722,0.000157059,2.21342e-26
0,1.81692e+09,2.01648e+06,3.05349e+08,9.69292e+08,1.01865e+08,1.54471e+08,-9.40466e+08,0.00108058,0.000181601,9.14886e-27
0,2.11596e+09,2.98717e+06,3.33329e+08,-4.56399e+09,-5.72179e+08,-2.0834e+08,-6.64468e+08,0.00099777,0.00015718,-5.45679e-24
0,1.94348e+09,-4.18279e+07,2.81044e+08,2.41482e+09,-2.19597e+09,8.15496e+08,-1.20288e+09,0.00111937,0.000161871,2.65709e-23
0,1.98284e+09,-6.58242e+06,3.343e+08,-7.03601e+08,1.84464e+08,9.77982e+07,-6.8141e+08,0.000988032,0.000166579,-4.40714e-27
0,2.32032e+09,1.45707e+07,3.27478e+08,3.25058e+09,-1.14569e+09,-1.16833e+08,-3.16861e+08,0.000932273,0.000131577,1.15831e-24
0,1.89145e+09,3.1067e+07,3.06164e+08,-8.79172e+08,7.27663e+08,-5.90178e+08,-1.44873e+09,0.00103846,0.000168094,3.14972e-26
0,1.92989e+09,3.77909e+07,3.18141e+08,4.18009e+09,3.64158e+08,1.77112e+08,-1.24083e+09,0.00100598,0.000165835,1.34426e-23
0,1.98659e+09,-2.89403e+07,3.174e+08,-9.2839e+09,9.46689e+07,-6.4769e+06,-9.31595e+08,0.00099353,0.000158737,-9.23984e-23
0,2.00526e+09,-3.79608e+07,2.98243e+08,-7.30313e+09,-1.53355e+09,1.3006e+07,-1.02242e+09,0.00100287,0.000149157,-6.23979e-23
0,1.52237e+09,1.52588e+07,1.77581e+08,3.9611e+09,-2.17046e+08,-2.32704e+08,-5.09334e+08,0.00124856,0.000145642,4.92921e-23
0,1.85808e+09,-1.96709e+07,3.01684e+08,8.38317e+09,-2.05904e+09,3.13881e+08,-6.52364e+08,0.000972837,0.000157953,7.30022e-23
0,2.03475e+09,3.89807e+06,3.33885e+08,-5.37693e+09,-1.63529e+08,-3.99452e+08,-6.35034e+08,0.00097887,0.000160624,-9.22817e-24
0,1.88355e+09,-2.16172e+07,3.0388e+08,1.16188e+09,8.14539e+08,3.60158e+08,-1.14323e+09,0.000977475,0.000157699,4.1632e-25
0,2.04927e+09,-1.0102e+07,3.2748e+08,-1.06673e+09,-6.68383e+08,-3.958e+08,-1.00202e+09,0.00106946,0.000170903,-3.25612e-25
0,1.75181e+09,-1.59663e+07,2.65002e+08,1.34633e+09,-8.8062e+08,-2.35144e+08,8.72022e+08,0.00108259,0.000163767,-4.28577e-25
0,2.04008e+09,1.95338e+07,3.0526e+08,1.23346e+09,-1.30044e+09,1.09649e+08,-1.08475e+09,0.00103925,0.000155504,1.96028e-24
0,1.86193e+09,-7.84729e+07,2.7659e+08,6.47368e+08,-3.1887e+09,3.93093e+08,-1.06874e+09,0.00111059,0.000164979,3.81202e-23
0,1.98746e+09,1.89545e+07,3.23187e+08,4.02532e+09,-2.88559e+08,1.33244e+08,-1.13001e+09,0.00103251,0.0001679,1.01742e-23
0,1.69911e+09,-3.23178e+07,2.68622e+08,1.1603e+10,-6.66517e+07,3.52666e+08,-7.49211e+08,0.00117124,0.000185168,7.17355e-22
0,1.894e+09,-4.37265e+07,3.02909e+08,-7.18064e+09,1.22655e+09,3.54493e+08,-1.2288e+09,0.000976573,0.000156184,-5.69919e-23
0,2.0356e+09,2.81058e+07,3.11297e+08,4.05723e+09,-1.10207e+09,3.3939e+08,-1.02808e+09,0.00102284,0.000156419,9.24963e-24
0,1.82257e+09,-2.33448e+07,3.18942e+08,-1.89159e+09,9.35316e+08,-1.00059e+08,-1.11746e+09,0.000981414,0.000171743,-1.52379e-24
0,2.15765e+09,2.34676e+07,3.28844e+08,5.21265e+09,-7.45985e+08,3.5053e+08,-8.50719e+08,0.000999422,0.000152321,8.95794e-24
0,1.94061e+09,-3.48991e+07,3.08483e+08,2.13651e+09,9.39693e+08,5.53067e+08,-1.03399e+09,0.00098667,0.000156843,2.57078e-24
0,1.8906e+09,-1.19741e+07,2.83762e+08,2.82617e+09,5.38455e+08,1.30709e+08,-1.30869e+09,0.00108599,0.000162997,6.77062e-24
0,2.15671e+09,5.1405e+07,3.11575e+08,9.30956e+09,-3.58135e+07,-1.42548e+08,-5.71268e+08,0.000952752,0.000137642,3.09685e-23
0,2.05648e+09,-2.49897e+07,3.2377e+08,-3.72418e+09,-6.19795e+08,-5.13713e+08,-1.07605e+09,0.00105463,0.000166039,-5.59872e-24
0,1.89441e+09,-8.49729e+06,2.82974e+08,1.69207e+09,-1.27335e+08,5.50296e+08,-1.3992e+09,0.00107122,0.000160012,-2.12455e-25
0,1.92636e+09,-2.07671e+07,2.88364e+08,2.87964e+09,2.92396e+08,5.25074e+08,-1.22603e+09,0.00100764,0.000150838,4.1343e-24
0,1.93991e+09,1.38558e+07,2.69568e+08,-1.35731e+10,1.81959e+09,-5.82089e+07,2.43458e+08,0.00105045,0.000145969,1.39149e-22
0,2.00936e+09,-1.72837e+07,3.30517e+08,-5.36752e+09,-5.91612e+08,-7.81832e+08,-9.13706e+08,0.00100909,0.000165985,-1.09088e-23
0,1.96455e+09,3.31773e+06,3.15002e+08,-4.60648e+09,-6.90569e+08,-4.73564e+08,-1.02168e+09,0.000997945,0.000160014,-1.06742e-23
0,1.97619e+09,5.73608e+06,3.09391e+08,1.3769e+09,-2.93754e+08,3.7538e+08,-1.18121e+09,0.00102395,0.00016031,2.93501e-26
0,1.77516e+09,6.05976e+07,3.04216e+08,-5.18407e+09,-1.25416e+09,6.7363e+06,-9.88789e+08,0.00107933,0.000184968,-5.91424e-23
0,1.9831e+09,-3.17313e+06,3.15665e+08,-1.72107e+09,-3.28323e+08,-8.56232e+08,-1.12483e+09,0.00103876,0.000165347,8.60936e-25
0,1.69633e+09,-9.87481e+07,2.81204e+08,1.15344e+08,-1.46084e+09,7.85595e+08,-9.94937e+08,0.00109003,0.000180696,7.94652e-24
0,2.07822e+09,-2.97931e+07,3.19464e+08,-1.47845e+09,-5.33873e+08,-1.51152e+08,-9.76909e+08,0.00101557,0.000156112,-3.64208e-25
0,1.93516e+09,1.49018e+07,3.05561e+08,5.3319e+09,1.19265e+09,-2.13264e+08,-1.1165e+09,0.000948784,0.000149812,1.68116e-23
0,1.82781e+09,5.47166e+07,2.98059e+08,2.72204e+09,1.5582e+09,-9.71172e+08,-1.28398e+09,0.000983493,0.000160377,7.00548e-25
0,2.07819e+09,3.13849e+07,2.91639e+08,6.1753e+09,-1.63449e+09,-5.09676e+07,-1.16539e+09,0.00106592,0.000149584,5.44718e-23
0,1.94951e+09,8.31387e+06,3.38941e+08,2.06886e+08,-4.21139e+08,4.41471e+07,-1.95296e+08,0.000998612,0.000173619,9.87475e-27
0,2.08132e+09,-4.73842e+06,2.92659e+08,-1.45513e+09,-1.15592e+09,5.13922e+08,-3.22655e+08,0.000935352,0.000131522,-3.46108e-25
0,2.02838e+09,-1.87534e+07,3.27448e+08,-3.63215e+09,3.77509e+08,-3.21089e+08,-8.31471e+08,0.00094457,0.000152485,-3.79056e-24
0,1.88184e+09,2.26298e+07,3.24101e+08,3.60972e+09,2.65497e+08,-4.20549e+08,-8.76676e+08,0.000931107,0.000160361,4.09299e-24
0,2.13224e+09,-973151,2.6873e+08,1.16536e+09,-6.61364e+08,8.4417e+07,-4.8296e+08,0.00099439,0.000125324,1.75678e-25
0,1.85083e+09,-2.15611e+07,3.08919e+08,2.11454e+09,1.87304e+08,7.18221e+08,-1.08978e+09,0.00101528,0.000169459,1.25524e-24
0,2.29449e+09,2.76579e+07,3.22716e+08,5.79146e+09,-1.13121e+09,-2.248e+08,-3.94962e+08,0.000944534,0.000132847,5.8367e-24
0,1.98956e+09,-1.33372e+07,3.05941e+08,-4.04078e+09,-5.98737e+08,2.85236e+08,-1.18666e+09,0.00102643,0.000157838,-1.2121e-23
0,1.92336e+09,-2.41146e+07,3.06922e+08,-5.86004e+09,-5.93551e+08,5.42705e+06,-1.20998e+09,0.00100809,0.000160866,-3.85017e-23
0,1.83275e+09,-7.11372e+06,2.91907e+08,1.31408e+09,5.34326e+06,5.99975e+08,-1.46454e+09,0.0010736,0.000170996,-9.65849e-25
0,1.9959e+09,7.23887e+06,3.12063e+08,1.38529e+09,-6.54316e+08,1.19261e+08,-1.34329e+09,0.00104419,0.000163262,5.80009e-25
0,1.88631e+09,-1.4839e+07,3.33715e+08,3.94974e+09,3.55263e+07,5.1934e+08,-4.64424e+08,0.000999234,0.000176778,4.62322e-24
0,2.01111e+09,-2.53179e+07,3.22005e+08,-8.11797e+07,4.04113e+08,-2.94689e+08,-6.96872e+08,0.000942226,0.000150863,3.67063e-27
0,1.78169e+09,2.88895e+07,3.13429e+08,-3.5395e+09,-1.45408e+09,-2.38604e+08,-1.00439e+09,0.0010508,0.000184853,-2.17113e-23
0,1.96655e+09,-7.10604e+07,2.86293e+08,8.32782e+09,-1.36785e+09,-1.26856e+08,5.50657e+08,0.000916365,0.000133405,-2.32764e-23
0,1.89887e+09,-2.46567e+07,3.0669e+08,3.55712e+09,5.56227e+08,8.41322e+08,-1.16069e+09,0.00102057,0.000164834,1.18012e-23
0,2.0359e+09,2.65979e+06,3.28407e+08,-4.89154e+07,-4.94045e+08,1.83804e+08,-9.83419e+08,0.00101447,0.000163642,7.14864e-26
0,1.82358e+09,2.97687e+07,2.78885e+08,8.53634e+09,1.69977e+09,1.58906e+08,-1.14944e+09,0.0011231,0.000171759,2.70604e-22
0,2.10959e+09,2.04761e+07,2.87315e+08,-4.85708e+09,-1.05205e+09,-2.99332e+07,2.93883e+08,0.000962194,0.000131046,2.30373e-24
0,1.92161e+09,3.14724e+07,3.10463e+08,2.23545e+09,-6.85918e+07,2.47551e+08,-1.10653e+09,0.00100573,0.000162489,1.3567e-24
0,1.91738e+09,2.06945e+07,3.24782e+08,-4.18996e+09,1.07125e+09,-3.81822e+08,-9.64252e+08,0.000961536,0.000162873,-1.19939e-23
0,1.83697e+09,-9.27771e+07,2.78627e+08,2.79365e+09,1.50661e+09,9.71359e+08,-1.00062e+09,0.00115277,0.000174849,2.73702e-23
0,1.75792e+09,-5.25022e+07,3.1392e+08,3.16174e+08,-1.67603e+09,-6.45688e+08,8.86107e+08,0.00101114,0.000180564,-2.49782e-25
0,1.9014e+09,-2.82378e+07,3.0054e+08,-1.4092e+09,2.11798e+08,7.8451e+08,-1.19085e+09,0.00104238,0.00016476,1.01698e-25
0,1.54821e+09,1.27658e+07,1.70423e+08,1.7358e+09,-8.18361e+08,5.0252e+07,-5.94911e+08,0.00136436,0.000150185,1.39635e-23
0,1.87996e+09,-2.00684e+07,3.12584e+08,3.88671e+09,7.56943e+08,1.00767e+09,-1.07213e+09,0.00102275,0.000170055,1.9377e-23
0,1.90786e+09,1.82853e+07,3.07123e+08,-3.67734e+09,1.22904e+09,-4.19571e+08,-1.12839e+09,0.00096782,0.000155797,-1.0692e-23
0,1.95428e+09,5.85532e+07,3.19213e+08,6.23798e+09,1.42177e+09,5.98711e+07,-1.00182e+09,0.000961533,0.000157058,2.87132e-23
0,2.07348e+09,1.29947e+07,2.97943e+08,-4.30436e+09,-1.20207e+09,-4.25605e+08,3.22746e+08,0.000924128,0.00013279,3.44747e-24
0,1.95794e+09,5.04186e+07,2.98529e+08,6.5695e+09,-7.77976e+08,-6.43076e+08,-1.14762e+09,0.0010584,0.000161376,6.90063e-23
0,1.97545e+09,-2.00719e+07,3.00489e+08,-4.00086e+09,-6.99784e+08,1.15475e+07,-1.23091e+09,0.00106139,0.000161451,-1.46219e-23
0,1.82907e+09,3.49168e+07,3.16284e+08,4.55526e+09,-5.62043e+08,-4.10056e+08,-9.96559e+08,0.00096707,0.000167226,1.71315e-23
0,2.26592e+09,-1.55001e+07,3.13402e+08,-4.32675e+09,-1.82624e+09,-6.02237e+07,-5.6685e+08,0.000982182,0.000135846,-7.21532e-24
0,1.98626e+09,4.50761e+06,3.13256e+08,1.5268e+09,-1.01472e+08,2.43454e+08,-1.23907e+09,0.000998752,0.000157514,1.40918e-25
0,1.90382e+09,1.93528e+07,2.99328e+08,5.89673e+09,4.52744e+08,5.01867e+08,-1.4668e+09,0.00104571,0.000164412,6.13274e-23
0,1.84969e+09,-7.15329e+07,2.91296e+08,9.69653e+08,2.05226e+09,5.98635e+08,-8.816e+08,0.00114283,0.000179978,-1.11839e-24
0,2.32756e+09,9.0792e+06,3.30632e+08,2.08358e+09,-1.12178e+09,-7.59371e+07,-2.71099e+08,0.000919734,0.000130649,4.21981e-25
0,1.9483e+09,2.22218e+07,3.10207e+08,-4.66488e+09,2.45213e+08,-8.63867e+08,-1.02646e+09,0.000994513,0.000158345,-1.4815e-23
0,1.60083e+09,-6.69324e+07,2.80969e+08,6.48006e+09,2.36554e+08,6.92093e+08,-1.01665e+09,0.00102588,0.000180056,1.23465e-22
0,1.74484e+09,4.25182e+07,2.59012e+08,-5.72183e+08,1.26236e+09,6.33817e+08,-9.28395e+08,0.00132389,0.000196524,-4.49805e-26
0,2.06578e+09,4.79658e+07,3.24044e+08,6.91575e+09,1.52551e+08,1.93306e+08,-8.83031e+08,0.00100621,0.000157837,3.19595e-23
0,1.95135e+09,1.60132e+07,3.18148e+08,4.42504e+09,-4.15175e+07,5.42615e+08,-1.21333e+09,0.00104847,0.000170943,1.62228e-23
0,2.09173e+09,5.51073e+07,3.17288e+08,6.22361e+09,-2.30922e+07,-3.16087e+08,-8.67387e+08,0.00104455,0.000158444,2.53674e-23
0,1.81504e+09,5.53453e+07,3.17943e+08,3.6206e+09,2.19088e+09,-3.29426e+08,-9.58093e+08,0.00091771,0.000160756,-6.7843e-25
0,2.19734e+09,4.46079e+07,3.0849e+08,-5.83689e+09,-1.50481e+09,5.81282e+07,5.43228e+06,0.00100447,0.00014102,-3.72546e-24
0,1.60552e+09,2.4352e+07,2.68634e+08,2.79179e+09,-3.19789e+09,5.76205e+08,-4.35224e+08,0.00108456,0.000181468,1.33917e-22
0,2.12971e+09,-1.27272e+07,3.35492e+08,-1.64976e+09,-9.21666e+07,-4.9031e+08,-2.95607e+08,0.000936732,0.000147563,-1.82918e-26
0,1.93902e+09,-2.72862e+07,2.9246e+08,5.56953e+08,8.66508e+08,9.60932e+07,-1.16777e+09,0.00099645,0.000150294,1.70443e-26
0,1.92008e+09,4.2524e+06,3.26575e+08,1.32615e+09,4.90456e+08,-4.79406e+06,-1.0662e+09,0.00100477,0.000170894,2.47478e-25
0,1.87803e+09,-2.64866e+07,3.03965e+08,9.38609e+08,5.83367e+08,6.62461e+08,-1.28224e+09,0.00103154,0.000166958,2.64451e-27
0,1.87241e+09,-1.59652e+07,2.99308e+08,-4.18736e+09,4.6409e+08,3.40186e+08,-1.40855e+09,0.00103932,0.000166138,-1.81612e-23
0,2.01459e+09,-4.24103e+06,2.65123e+08,-1.38877e+09,1.27136e+09,1.52751e+07,-5.45601e+08,0.000945837,0.000124473,8.00633e-26
0,1.84033e+09,-1.70504e+07,2.93244e+08,-7.94034e+08,4.15895e+08,5.21128e+08,-1.63734e+09,0.00107314,0.000170998,4.79913e-25
0,1.885e+09,6.91318e+06,3.15841e+08,3.41216e+08,9.16717e+07,7.88002e+07,-1.42231e+09,0.00103903,0.000174095,-1.95097e-25
0,1.83132e+09,2.56105e+07,3.0804e+08,1.10476e+09,9.76144e+08,-3.4821e+08,-1.43642e+09,0.00103576,0.000174222,7.41051e-26
0,1.94314e+09,1.94391e+07,3.11842e+08,3.36212e+09,-2.10577e+07,3.84115e+08,-1.40785e+09,0.00106113,0.000170294,8.07809e-24
0,2.13421e+09,3.52618e+07,3.14515e+08,2.65911e+09,-1.16552e+09,-5.28221e+08,-9.33402e+08,0.00106191,0.000156491,3.94865e-24
0,2.04133e+09,-2.51331e+07,2.89985e+08,-5.72231e+09,-3.59618e+08,1.09341e+08,-1.08867e+09,0.00104251,0.000148096,-2.81821e-23
0,2.10181e+09,-1.16376e+07,3.34298e+08,-1.45089e+09,3.80134e+07,1.5486e+06,-3.52779e+08,0.000927796,0.000147568,-6.80809e-26
0,1.97642e+09,1.05629e+08,3.0037e+08,4.26237e+09,7.4221e+08,2.05147e+08,-3.20279e+08,0.00095445,0.000145055,3.39235e-24
0,1.98275e+09,1.97966e+07,3.1371e+08,-4.93951e+09,-1.20733e+09,-2.49218e+08,-8.5524e+08,0.00109019,0.000172489,-2.30293e-23
0,1.84128e+09,5.92103e+06,3.21169e+08,4.15067e+09,6.55763e+08,-3.86029e+07,-8.87373e+08,0.00103804,0.000181062,1.40473e-23
0,2.2714e+09,1.71435e+07,3.17176e+08,1.32103e+09,-6.70307e+08,2.67036e+08,-2.67345e+08,0.000938443,0.000131044,4.30974e-26
0,1.7211e+09,-8.55093e+07,2.80809e+08,1.15271e+10,-1.3285e+09,8.36513e+07,-5.76741e+08,0.00110868,0.000180889,4.11087e-22
0,1.86148e+09,5.58337e+07,2.91006e+08,1.11357e+10,3.32795e+08,-3.47034e+08,-1.38714e+09,0.00101595,0.000158823,3.57295e-22
0,2.08413e+09,2.06108e+07,3.17019e+08,-1.00851e+09,-1.39329e+09,-5.83714e+08,-8.96041e+08,0.00105684,0.000160757,-2.17717e-24
0,1.92569e+09,-1.72725e+07,3.02207e+08,3.59359e+09,6.13207e+08,6.42771e+08,-1.27428e+09,0.000989558,0.000155295,9.96994e-24
0,2.09952e+09,-1.09035e+07,2.9818e+08,-3.81399e+09,-2.41471e+09,-4.6373e+08,-1.03419e+09,0.00108738,0.000154432,-3.06004e-23
0,1.42309e+09,-4.13843e+06,1.63499e+08,2.56821e+09,1.44638e+09,2.85265e+08,-9.9416e+08,0.00132319,0.000152021,6.65886e-23
0,1.97517e+09,3.90496e+07,3.1241e+08,2.35938e+09,-2.29235e+08,-2.14752e+08,-1.22459e+09,0.00103203,0.000163235,1.90901e-24
0,2.21591e+09,-8.8126e+06,3.20887e+08,-1.5552e+09,-2.29488e+08,-6.50569e+07,2.95685e+08,0.000913504,0.000132285,5.8031e-26
0,1.96569e+09,4.14893e+07,3.18012e+08,9.52153e+09,-3.06945e+07,-9.89877e+07,-8.77753e+08,0.00100015,0.000161805,1.02548e-22
0,2.11217e+09,1.29926e+07,3.26586e+08,1.93088e+09,-1.02991e+09,2.50156e+08,-9.86085e+08,0.00104713,0.000161908,1.74907e-24
0,2.15258e+09,2.21194e+07,3.03473e+08,3.62634e+08,1.05587e+09,-2.26287e+08,-2.94632e+08,0.000890769,0.000125582,-4.81367e-27
0,1.96702e+09,2.02072e+06,3.1562e+08,9.05419e+08,2.79472e+08,1.55914e+08,-1.27087e+09,0.0010127,0.000162493,-1.09935e-25
0,1.91443e+09,1.79649e+07,3.08841e+08,1.46645e+09,3.80436e+07,1.46906e+07,-1.56951e+09,0.00108377,0.000174836,-1.65609e-25
0,2.29499e+09,2.65468e+07,3.2076e+08,5.70971e+09,-1.26412e+09,-2.2043e+08,-4.0506e+08,0.00095417,0.000133359,6.54464e-24
0,2.14208e+09,-893931,2.58135e+08,2.83102e+08,-9.19419e+08,7.05073e+07,-1.61321e+08,0.000973927,0.000117365,5.90942e-26
0,1.47463e+09,1.48828e+07,1.7917e+08,3.06884e+09,1.47564e+09,-3.01162e+07,-1.0965e+09,0.00131436,0.000159696,6.45426e-23
0,1.89317e+09,-1.11247e+07,3.26589e+08,6.74528e+08,3.63625e+07,-1.26007e+08,-1.16441e+09,0.00104426,0.000180144,-1.47856e-25
0,1.67684e+09,3.14836e+07,2.72177e+08,-8.00112e+09,-1.17098e+09,-2.71194e+08,-1.27332e+09,0.00121745,0.000197611,-5.1767e-22
0,1.83704e+09,-6.79966e+06,3.12527e+08,2.24529e+09,1.26896e+09,3.33694e+08,-1.27129e+09,0.00100859,0.000171586,4.3482e-24
0,1.95037e+09,4.20818e+06,2.53777e+08,3.69e+09,-9.36453e+08,-3.43064e+07,-4.08528e+08,0.00100936,0.000131336,4.66415e-24
0,1.95184e+09,73422.2,3.01346e+08,-3.25699e+09,-7.66426e+08,-2.92177e+08,-1.2544e+09,0.00101765,0.000157116,-6.19771e-24
0,2.33414e+09,-1638.62,3.45101e+08,-4.96561e+06,-3.14622e+07,-241658,-1.37331e+07,0.000858169,0.00012688,-1.46874e-32
0,1.92266e+09,1.91767e+06,3.04013e+08,1.75336e+09,5.69918e+08,2.13948e+08,-1.45968e+09,0.00104892,0.000165857,9.67691e-25
0,1.87859e+09,6.54844e+06,3.08647e+08,3.42993e+08,-2.39299e+08,-3.30625e+08,-1.39152e+09,0.00105875,0.000173949,-3.32923e-25
0,1.8802e+09,7.79109e+07,2.87518e+08,1.15012e+10,5.65814e+08,-7.88081e+08,-1.28397e+09,0.00102444,0.000156657,3.38045e-22
0,1.8513e+09,9.17155e+07,2.75839e+08,-6.91283e+08,8.08505e+08,-3.13556e+08,-1.23487e+09,0.00125155,0.000186478,-1.9841e-25
0,2.31257e+09,1.78568e+07,3.20566e+08,3.0212e+09,-1.66353e+09,-2.23388e+08,-4.08082e+08,0.000967229,0.000134076,2.70655e-24
0,1.90124e+09,-3.05354e+07,2.94716e+08,-7.33138e+08,-1.75304e+08,1.67263e+08,-1.63825e+09,0.00107802,0.000167106,6.57783e-25
0,2.02171e+09,-1.14173e+07,3.07713e+08,-1.09774e+09,-1.39056e+09,-7.51703e+07,-1.51036e+09,0.00110024,0.000167461,-3.03881e-24
0,1.78145e+09,-2.56779e+07,3.04825e+08,3.43732e+09,-1.64477e+08,2.02991e+08,-7.9181e+08,0.000990071,0.000169412,6.17548e-24
0,1.66653e+09,2.81485e+07,2.64202e+08,-8.44772e+09,-4.52101e+08,-1.81214e+08,-1.52535e+09,0.00118572,0.000187978,-6.421e-22
0,1.84668e+09,3.52349e+07,3.01741e+08,-2.68444e+09,-4.04233e+08,-7.31707e+08,-1.02532e+09,0.00103175,0.000168584,-1.06238e-24
0,2.23715e+09,-2.3578e+07,3.04396e+08,7.72516e+08,-7.26502e+08,3.92997e+08,-3.4137e+08,0.000942546,0.000128247,4.175e-26
0,2.03655e+09,-6.0119e+07,2.99936e+08,-1.06399e+10,-1.38378e+09,8.79242e+07,-8.77429e+08,0.00102085,0.000150348,-1.51689e-22
0,2.16101e+09,2.8462e+07,3.07028e+08,5.31553e+09,-1.63093e+09,-1.48615e+08,-1.02683e+09,0.00104298,0.000148184,2.64039e-23
0,2.03723e+09,3.33902e+07,3.01519e+08,6.29639e+09,-2.21456e+09,4.83004e+08,-1.35304e+09,0.00114814,0.00016993,1.07196e-22
0,1.87621e+09,2.06068e+07,3.25817e+08,-8.80388e+08,5.05475e+08,6.16531e+07,-1.09818e+09,0.00102642,0.000178244,-1.11189e-26
0,1.83885e+09,3.5889e+07,2.7604e+08,1.91763e+09,6.5445e+08,-5.97617e+08,-1.01791e+09,0.000993179,0.000149091,5.59314e-25
0,1.78412e+09,8.53751e+07,2.62976e+08,-5.43533e+09,-2.92857e+08,-6.8294e+08,-1.36689e+09,0.00125383,0.000184811,-1.20486e-22
0,1.72398e+09,3.01665e+07,2.75249e+08,5.28383e+09,-9.00894e+07,-3.10986e+08,-1.30792e+09,0.00102765,0.000164074,5.45737e-23
0,2.21934e+09,-2.36637e+07,3.11384e+08,8.60148e+08,-6.36003e+08,-3.24952e+08,7.86124e+07,0.000885593,0.000124253,1.26216e-26
0,2.04971e+09,-2.44174e+07,3.15838e+08,-4.49902e+09,-1.30055e+09,-2.69581e+08,-1.34913e+09,0.00109308,0.000168432,-2.49295e-23
0,1.99458e+09,1.4067e+07,2.91834e+08,2.44383e+09,-5.29461e+08,-6.72255e+08,-1.35864e+09,0.00104702,0.000153194,2.08654e-24
0,1.93612e+09,-1.99859e+07,3.05074e+08,-1.73368e+09,-1.93434e+08,1.19584e+07,-1.51411e+09,0.00107274,0.000169031,-4.57614e-25
0,1.69058e+09,8.23257e+07,2.79682e+08,-2.96524e+09,-2.78546e+08,-5.91064e+08,-1.25389e+09,0.00117736,0.000194778,-1.2017e-23
0,1.94651e+09,5.40473e+07,2.98719e+08,7.07146e+09,-5.15189e+08,-1.83861e+08,-1.24987e+09,0.00104205,0.000159917,7.89432e-23
0,2.03145e+09,2.58389e+07,3.18706e+08,3.71892e+09,-6.96684e+07,4.95315e+08,-1.15049e+09,0.00102331,0.000160543,6.28743e-24
0,1.87806e+09,1.04435e+07,3.05668e+08,-1.93236e+09,1.33326e+08,-7.17083e+08,-1.08663e+09,0.00102862,0.000167415,-6.26171e-25
0,1.56038e+09,1.20931e+07,1.72166e+08,8.38927e+08,-4.64462e+08,-3.31502e+08,-9.97938e+08,0.00139805,0.000154255,-1.40148e-24
0,1.98208e+09,350341,3.3632e+08,-3.68147e+09,3.6155e+08,-1.7316e+08,-2.90655e+08,0.00105837,0.000179584,-2.98203e-24
0,1.87192e+09,2.2026e+07,3.08486e+08,2.20749e+09,1.0181e+07,-1.71155e+08,-1.46031e+09,0.00103626,0.000170772,1.77926e-24
0,1.89511e+09,-2.40337e+06,2.98952e+08,1.03054e+09,-1.27483e+09,1.0553e+08,-1.60795e+09,0.00109258,0.000172354,3.20982e-24
0,1.86964e+09,6.75587e+06,3.29516e+08,3.08168e+08,2.22894e+08,-2.24763e+08,-9.43798e+08,0.00102833,0.000181239,-2.82912e-26
0,1.88298e+09,3.70408e+07,2.90764e+08,3.71336e+08,7.38546e+08,-5.96534e+08,-1.60622e+09,0.00105349,0.000162678,4.24258e-26
0,2.12669e+09,2.51207e+07,3.06085e+08,-1.49271e+10,-1.18669e+09,-5.08327e+08,-2.298e+08,0.00105481,0.000151814,-4.78174e-23
0,2.22888e+09,-1.31243e+07,2.92169e+08,1.43375e+09,-2.32438e+09,-3.4084e+08,-5.87748e+08,0.00104044,0.000136384,2.97408e-24
0,1.92842e+09,-530918,3.12846e+08,2.11378e+09,4.07767e+07,-1.54128e+08,-1.34112e+09,0.00102551,0.000166367,1.25013e-24
0,1.56003e+09,3.51117e+07,2.61294e+08,-4.72731e+09,-9.66227e+08,-3.07886e+08,-1.39217e+09,0.00111279,0.000186384,-1.04645e-22
0,2.04891e+09,-2.27571e+06,3.20395e+08,-7.68266e+08,-1.08201e+09,-2.79492e+08,-1.25092e+09,0.0010581,0.000165459,-1.18229e-24
0,1.85629e+09,-4.69172e+06,3.02443e+08,-4.9302e+08,9.81516e+08,-3.70778e+08,-1.23851e+09,0.00101192,0.000164871,-7.86772e-26
0,1.80442e+09,-3.32664e+07,3.02142e+08,1.8992e+09,-1.40405e+09,-3.62623e+07,-1.15304e+09,0.00104159,0.000174409,7.17151e-24
0,1.915e+09,2.57081e+06,3.15728e+08,3.25723e+09,-9.2376e+07,2.73268e+08,-9.9981e+08,0.000993454,0.000163792,4.47293e-24
0,1.92847e+09,3.33393e+07,3.12246e+08,2.41742e+09,-1.40963e+08,-6.7272e+07,-1.37224e+09,0.00105381,0.000170626,2.61127e-24
0,1.88655e+09,1.82322e+07,2.98788e+08,1.12839e+09,6.9277e+07,-5.30116e+08,-1.53077e+09,0.00106016,0.000167905,-5.89185e-25
0,1.87147e+09,-7.17187e+06,3.14146e+08,-3.41485e+09,6.2319e+08,-3.51158e+08,-1.39582e+09,0.00104759,0.000175848,-1.25816e-23
0,1.7929e+09,8.2132e+07,3.07006e+08,-2.57963e+09,-1.24868e+09,3.07793e+08,-7.75267e+08,0.00107846,0.00018467,-1.0146e-23
0,1.87642e+09,-2.35314e+07,2.82566e+08,-4.47376e+09,-1.3212e+09,4.00983e+08,-1.77022e+09,0.00114353,0.0001722,-6.83815e-23
0,1.81688e+09,-4.19918e+07,3.03917e+08,2.61415e+09,-1.87829e+09,-2.28032e+08,-9.31761e+08,0.00105817,0.000177005,1.92374e-23
0,2.03136e+09,-4.45121e+06,3.24683e+08,-1.22968e+09,-6.81541e+08,-3.52043e+08,-1.07456e+09,0.00104858,0.0001676,-4.28969e-25
0,2.03797e+09,1.5521e+07,2.76301e+08,6.96224e+09,-1.58679e+09,3.61202e+08,-1.24523e+09,0.00109297,0.000148181,7.91458e-23
0,1.78122e+09,1.62798e+07,2.86502e+08,-4.13153e+09,-2.07935e+09,-7.32274e+08,-1.24625e+09,0.00113546,0.000182634,-6.49116e-23
0,2.03615e+09,2.88791e+07,2.71438e+08,3.23444e+09,-2.61295e+09,-1.17137e+07,-1.33996e+09,0.00112363,0.00014979,4.93855e-23
0,2.16981e+09,-3.12461e+07,3.13654e+08,-7.64551e+09,-1.52108e+09,-2.58565e+08,-8.99521e+08,0.00103442,0.00014953,-4.23334e-23
0,1.53711e+09,2.85651e+07,2.62034e+08,-1.2378e+09,-2.19532e+09,-4.77468e+08,-1.58302e+09,0.0011229,0.000191423,-7.20459e-23
0,1.89588e+09,-7.60446e+06,3.21003e+08,-3.06878e+09,4.55462e+08,-4.63841e+08,-1.20835e+09,0.00103849,0.000175834,-7.13071e-24
0,1.78586e+09,6.60191e+07,3.14084e+08,-1.85987e+09,-1.70929e+09,9.40073e+07,-7.14707e+08,0.00106661,0.000187587,-9.96548e-24
0,1.94894e+09,-2.93463e+07,2.89703e+08,-5.19524e+09,-2.19493e+08,-1.4884e+08,-1.46657e+09,0.00102485,0.00015234,-3.01443e-23
0,1.7007e+09,2.26556e+07,2.7741e+08,-1.17837e+09,-1.91477e+09,-3.87207e+08,-1.62744e+09,0.00112292,0.000183165,-2.84235e-23
0,1.93736e+09,4.28576e+06,3.20786e+08,-2.60739e+08,-1.40399e+08,-5.78719e+07,-1.31738e+09,0.00104444,0.000172936,9.21024e-26
0,2.30021e+09,9.5361e+06,3.23352e+08,2.64618e+09,-9.39431e+08,-5.89383e+07,-2.99421e+08,0.000927098,0.000130327,5.45054e-25
0,1.96853e+09,-3.01309e+07,3.21194e+08,-3.55651e+09,-6.72409e+08,-3.24009e+08,-1.10386e+09,0.00107603,0.00017557,-8.44611e-24
0,1.77382e+09,1.85002e+07,2.98828e+08,3.54521e+09,1.84547e+08,3.09072e+07,-1.03698e+09,0.00116369,0.000196042,2.07936e-23
0,1.97191e+09,1.79374e+07,3.12983e+08,6.05724e+09,8.03111e+08,3.03928e+08,-9.8797e+08,0.000956131,0.000151758,2.64714e-23
0,1.90566e+09,-2.60443e+07,3.18501e+08,-1.07416e+10,1.15134e+09,-5.8212e+08,-1.17984e+09,0.000977194,0.000163323,-2.42046e-22
0,2.04416e+09,-2.07205e+07,3.20718e+08,-3.25098e+09,-6.94209e+08,-4.55916e+08,-1.13827e+09,0.00103789,0.000162841,-3.97619e-24
0,1.95245e+09,9.19757e+06,2.98511e+08,1.38211e+08,-7.64414e+07,-8.42616e+08,-1.40167e+09,0.0010622,0.000162401,1.0767e-25
0,2.16475e+09,-1.66756e+07,3.16131e+08,-8.03786e+09,-1.78118e+09,-6.33665e+08,-8.78162e+08,0.00103914,0.000151751,-3.76198e-23
0,2.22469e+09,-1.37241e+07,3.17259e+08,2.84332e+09,-8.45565e+08,-6.74885e+07,-2.69792e+08,0.000920509,0.000131272,5.97915e-25
0,1.99526e+09,3.47645e+07,2.88779e+08,2.71843e+09,-1.69095e+09,1.08323e+08,-1.45337e+09,0.00112462,0.000162769,1.86431e-23
0,1.95376e+09,5.69123e+06,3.18276e+08,-3.59347e+09,-3.36398e+07,-4.3715e+08,-1.24656e+09,0.00103939,0.00016932,-8.09235e-24
0,1.83912e+09,1.37709e+07,3.04368e+08,-1.86055e+08,2.01484e+08,-3.55572e+08,-1.53883e+09,0.00104718,0.000173305,2.88359e-25
0,1.88335e+09,1.67658e+06,3.24532e+08,-4.16335e+08,1.54479e+08,-1.70799e+08,-1.24107e+09,0.00103249,0.000177915,1.57695e-25
0,1.91e+09,5.14553e+07,2.92988e+08,-1.81909e+10,-2.79251e+09,-9.55354e+07,1.74533e+08,0.000972668,0.000149205,8.14576e-23
0,2.0557e+09,-1.33179e+07,3.30441e+08,-5.3903e+09,-6.24587e+08,-4.24472e+08,-9.53794e+08,0.00102115,0.000164144,-1.51844e-23
0,1.91594e+09,1.66396e+07,3.07072e+08,1.3644e+09,-4.54165e+08,-5.06292e+08,-1.37605e+09,0.00107917,0.000172961,-3.47403e-25
0,1.93676e+09,5.01968e+07,2.74093e+08,6.26234e+09,-9.40507e+08,4.86364e+07,-1.04775e+09,0.0010783,0.000152603,5.84133e-23
0,2.02113e+09,1.08927e+07,3.0401e+08,5.86748e+09,-1.90178e+08,4.85677e+08,-1.21461e+09,0.00101253,0.000152301,2.77353e-23
0,1.63376e+09,5.62671e+06,2.09976e+08,-6.74682e+09,-1.6933e+08,1.08237e+08,-1.21963e+09,0.00128103,0.000164641,-4.32866e-22
0,2.03447e+09,-2.91121e+07,3.25755e+08,-4.69926e+09,-3.4878e+08,-6.44924e+08,-9.91085e+08,0.00101574,0.000162638,-9.42641e-24
0,1.84937e+09,5.36748e+06,3.16677e+08,-8.52774e+09,1.70886e+09,-9.67319e+08,-1.0703e+09,0.000953134,0.00016321,-1.54998e-22
0,1.73649e+09,2.85283e+07,3.11554e+08,1.03179e+09,-4.07099e+08,-4.96647e+08,-1.40463e+09,0.00103801,0.000186235,-9.16522e-25
0,1.89188e+09,25206.8,3.0596e+08,2.60149e+09,3.73419e+08,6.11972e+08,-1.32604e+09,0.00100653,0.000162778,3.48263e-24
0,1.76965e+09,-7.5803e+07,2.9096e+08,4.72352e+09,-1.64256e+09,2.39522e+08,-7.69117e+08,0.00109747,0.000180442,4.6719e-23
0,1.88952e+09,-4.75871e+07,3.01029e+08,-6.91918e+09,-1.23603e+07,-8.02223e+08,-1.17172e+09,0.00109032,0.000173705,-9.17211e-23
0,1.86173e+09,1.86961e+07,3.17853e+08,-3.2941e+09,7.29422e+08,-5.15767e+08,-1.2754e+09,0.00101797,0.000173797,-1.08007e-23
0,1.97666e+09,1.69022e+07,3.17894e+08,-7.90343e+08,-1.12719e+09,-1.60266e+08,-9.50613e+08,0.0010381,0.000166951,-1.07105e-24
0,2.13953e+09,-2.92437e+07,3.04462e+08,-8.1119e+09,-2.52817e+09,-1.59192e+08,-1.12799e+09,0.00113712,0.000161816,-1.63001e-22
0,1.97327e+09,-4.84461e+07,2.95821e+08,-9.39729e+09,-1.63892e+09,-1.12086e+07,-1.32461e+09,0.00113859,0.000170691,-3.21351e-22
0,1.82668e+09,-1.173e+07,2.83113e+08,-1.37899e+09,-1.56485e+09,2.13497e+08,-1.72639e+09,0.00117221,0.000181677,-6.8347e-24
0,2.14549e+09,-2.78837e+07,3.26673e+08,-7.25387e+09,-8.88371e+08,-4.72317e+08,-8.40409e+08,0.00100985,0.00015376,-2.45284e-23
0,2.10647e+09,-3.66703e+07,2.67662e+08,8.39044e+08,2.03595e+09,-5.92096e+08,8.84219e+08,0.00109815,0.000139538,1.18625e-24
0,1.77859e+09,-5.19686e+07,2.94032e+08,-3.96132e+09,1.26183e+09,5.92195e+08,-1.69801e+09,0.00106416,0.000175924,-2.17685e-23
0,1.76054e+09,-901418,2.63209e+08,-1.80383e+10,-2.63147e+09,-5.21065e+08,-1.17691e+09,0.00125602,0.000187782,-4.88069e-21
0,1.87054e+09,2.1537e+07,3.0859e+08,1.89992e+09,4.66992e+08,-1.40725e+08,-1.57244e+09,0.00103605,0.000170921,9.23029e-25
0,1.78229e+09,-3.74913e+07,2.91689e+08,-3.87704e+09,-1.0997e+09,5.89024e+07,-1.42094e+09,0.00112667,0.00018439,-4.18023e-23
0,1.91274e+09,-8.2593e+07,2.9094e+08,-1.12871e+10,-2.12848e+08,1.58211e+08,-1.35044e+09,0.00108379,0.000164851,-4.50306e-22
0,2.09949e+09,-6.39112e+06,3.41669e+08,-6.42154e+09,-1.73569e+08,-7.80692e+08,-2.69873e+08,0.000974396,0.000158572,-4.05923e-24
0,1.91456e+09,-1.19248e+07,3.28484e+08,-5.46055e+09,3.215e+08,-1.95704e+08,-8.23439e+08,0.0010348,0.000177541,-2.53714e-23
0,2.1065e+09,-2.435e+07,3.02589e+08,-7.50196e+09,-1.71886e+09,-6.48235e+08,-1.08544e+09,0.00104105,0.000149543,-4.60447e-23
0,1.94759e+09,-2.44563e+07,2.42368e+08,-4.16623e+09,6.49467e+08,4.30566e+08,-7.176e+08,0.00100551,0.000125131,-5.664e-24
0,2.1588e+09,-3.54541e+07,3.25132e+08,-9.69383e+09,-8.95096e+08,-4.52888e+08,-8.27939e+08,0.000992926,0.000149542,-5.39453e-23
0,2.24495e+09,-1.89562e+07,3.23308e+08,2.10132e+09,-7.3183e+08,-2.13712e+08,6.00655e+07,0.000878191,0.000126473,8.66109e-26
0,2.12033e+09,-3.21206e+07,3.3028e+08,-8.27484e+09,-3.99749e+08,-6.4636e+08,-7.39408e+08,0.000978097,0.000152357,-2.93136e-23
0,1.81152e+09,-3.34461e+07,2.91704e+08,-2.28166e+09,-2.90845e+08,5.1054e+08,-1.61002e+09,0.00112291,0.000180819,-2.92501e-24
0,1.67916e+09,-3.07606e+07,2.64615e+08,-1.85261e+10,-2.25923e+09,-4.18007e+08,-1.11295e+09,0.00113117,0.000178259,-3.77276e-21
0,2.06544e+09,-1.88486e+07,3.15605e+08,-5.36061e+09,-1.33907e+09,-6.32032e+08,-1.04427e+09,0.00107359,0.000164047,-1.92171e-23
0,2.11122e+09,-2.27499e+07,3.35857e+08,-8.64868e+09,-3.2011e+08,-6.01673e+08,-6.72361e+08,0.000978898,0.000155725,-3.25054e-23
0,1.99706e+09,-7.18715e+07,3.04537e+08,-1.45428e+10,-5.73544e+08,-3.56851e+08,-1.12135e+09,0.0010569,0.00016117,-5.49549e-22
0,2.05816e+09,-1.47989e+07,2.59931e+08,-3.04652e+09,-8.3825e+07,4.54792e+07,-2.95666e+08,0.00102566,0.000129533,-1.03263e-24
0,1.83833e+09,-331897,2.9821e+08,2.84053e+09,7.42093e+07,-3.73458e+08,-1.395e+09,0.0010766,0.000174644,6.18647e-24
0,2.073e+09,-3.74985e+07,3.1378e+08,-1.14286e+10,-1.16028e+09,-8.02805e+08,-8.39222e+08,0.00103841,0.00015718,-1.12796e-22
0,2.03156e+09,-3.27362e+07,3.10208e+08,2.63059e+09,2.12004e+08,5.77565e+08,-1.16058e+09,0.00103085,0.000157405,2.331e-24
0,2.25433e+09,-2.76506e+07,3.32775e+08,-1.89249e+09,4.73775e+08,2.22541e+08,-2.18982e+08,0.000873263,0.000128908,-1.4746e-26
0,1.66423e+09,-7.02907e+07,2.83143e+08,-2.46314e+09,-2.93895e+08,1.32573e+08,-1.51443e+09,0.00108172,0.000184038,-7.0681e-24
0,1.97223e+09,1.93873e+07,3.17687e+08,9.0602e+08,-6.92015e+08,5.64984e+07,-1.39218e+09,0.00108901,0.000175418,2.85721e-25
0,2.01981e+09,-3.3704e+07,2.75235e+08,-1.42628e+09,-7.4151e+08,2.33271e+08,-1.06938e+09,0.00105403,0.000143631,-5.96366e-25
0,2.10545e+09,-4.18237e+07,3.28727e+08,-1.08948e+10,-1.95287e+08,-6.4472e+08,-7.47567e+08,0.000961318,0.000150092,-7.16545e-23
0,2.08402e+09,2.01229e+07,3.24763e+08,1.36165e+09,-6.97811e+08,1.58646e+08,-1.03015e+09,0.00102381,0.000159545,4.80326e-25
0,2.10309e+09,-3.29819e+07,3.13267e+08,-3.66909e+09,-7.55415e+08,1.59499e+08,-1.12797e+09,0.00104358,0.000155447,-7.6489e-24
0,1.95326e+09,-8.86614e+07,3.01224e+08,-1.33067e+10,7.36492e+08,1.05204e+08,-1.09732e+09,0.00103695,0.000159914,-4.28447e-22
0,2.16314e+09,-2.47775e+07,3.34703e+08,-9.76765e+09,-4.66877e+08,-6.63939e+08,-5.53258e+08,0.000964367,0.000149217,-2.90059e-23
0,1.69172e+09,-3.58445e+07,2.78892e+08,-1.80032e+10,-2.17052e+09,-6.49839e+08,-9.84328e+08,0.00105798,0.000174415,-1.87187e-21
0,2.08181e+09,-2.45713e+07,3.38239e+08,-9.18136e+09,3.49466e+07,-7.98857e+08,-5.47653e+08,0.000953283,0.000154883,-3.38637e-23
0,1.82265e+09,6.68358e+07,3.03264e+08,3.23761e+09,8.25566e+08,-1.04131e+09,-1.27523e+09,0.00103161,0.000171645,4.38925e-24
0,2.02013e+09,-4.59143e+07,3.15875e+08,-1.25303e+10,-4.33767e+08,-9.20341e+08,-7.64283e+08,0.00100048,0.000156438,-1.50761e-22
0,1.8122e+09,-2.00562e+07,2.80484e+08,-7.70567e+09,-1.11054e+09,2.76135e+07,-1.35166e+09,0.00112093,0.000173492,-2.40447e-22
0,2.13318e+09,-8.58545e+07,2.93212e+08,-6.82524e+09,8.29102e+08,1.11573e+09,-3.90741e+08,0.000913243,0.000125528,-1.30814e-24
0,2.30779e+09,1.9315e+07,3.26163e+08,4.38644e+09,-1.33918e+09,-1.27909e+08,-4.5951e+08,0.000956515,0.000135185,3.80793e-24
0,1.727e+09,-7.52503e+07,2.61755e+08,-3.71732e+08,-1.47117e+09,5.25076e+08,-1.56107e+09,0.00111266,0.000168643,7.31759e-24
0,1.97713e+09,-9.3954e+07,3.03172e+08,-1.5162e+10,8.58991e+08,-1.05402e+07,-1.04404e+09,0.000997675,0.000152983,-4.76861e-22
0,1.78899e+09,3.14264e+06,2.65796e+08,-1.24601e+10,4.7306e+08,-5.47285e+08,4.39187e+08,0.00132197,0.00019641,6.33686e-22
0,1.87487e+09,1.50351e+07,3.19656e+08,-4.71455e+08,-9.4499e+07,-9.22331e+07,-1.41811e+09,0.0010787,0.000183913,2.88742e-25
0,1.9207e+09,2.42186e+07,2.96332e+08,2.90506e+09,-3.61445e+08,-4.9734e+08,-1.10135e+09,0.00105551,0.000162847,4.91532e-24
0,2.05901e+09,-7.78474e+07,2.82809e+08,-8.72863e+09,-3.05489e+08,1.81377e+08,-9.41994e+08,0.00101714,0.000139706,-7.44887e-23
0,1.61291e+09,4.97542e+07,2.85203e+08,-6.09322e+09,-2.14415e+09,-1.50248e+07,-1.17748e+09,0.00111436,0.000197048,-2.97832e-22
0,1.95634e+09,3.8839e+07,2.46012e+08,-2.98279e+09,2.86009e+08,1.40294e+08,5.71447e+08,0.00100652,0.000126571,2.30033e-24
0,1.83497e+09,-2.35493e+06,3.12496e+08,-1.38956e+09,3.57552e+08,8.64808e+06,-1.62176e+09,0.00105039,0.000178882,2.06951e-25
0,1.8576e+09,-2.6319e+07,2.72326e+08,-9.91291e+09,-7.25378e+08,3.92645e+08,-1.24261e+09,0.00110995,0.00016272,-3.92095e-22
0,2.11953e+09,-2.74053e+07,3.37866e+08,-8.17614e+09,7.50948e+07,-7.31694e+08,-5.2006e+08,0.000921729,0.000146929,-1.79778e-23
0,2.16609e+09,7.047e+07,3.02646e+08,-8.76861e+09,-1.21267e+09,5.17314e+08,2.06551e+08,0.000983762,0.000137451,-9.06487e-25
0,1.73952e+09,-6.60895e+06,2.63115e+08,-1.55219e+10,1.11518e+09,-8.87777e+08,3.91312e+08,0.00124584,0.000188442,5.42859e-22
0,1.96839e+09,-8.16735e+07,3.11868e+08,-1.33343e+10,1.05449e+09,-2.14207e+08,-9.28314e+08,0.000969876,0.000153665,-2.6985e-22
0,1.95957e+09,-8.52893e+07,3.12483e+08,-1.48182e+10,1.33059e+09,-3.01261e+08,-8.40908e+08,0.00095049,0.00015157,-3.21641e-22
0,2.07982e+09,2.52483e+07,3.27434e+08,-1.20224e+10,-1.56495e+09,-9.34822e+08,9.0916e+07,0.000997721,0.000157075,8.11065e-23
0,2.1061e+09,-1.30579e+06,3.28057e+08,-2.94885e+09,-5.405e+08,-6.34185e+08,-3.52692e+08,0.00110258,0.000171743,4.81161e-25
0,2.15668e+09,-1.07282e+07,3.27254e+08,-4.30099e+09,-1.32313e+09,-7.05162e+07,-9.70203e+08,0.00104259,0.000158202,-1.17399e-23
0,1.76262e+09,-7.27975e+07,2.88279e+08,2.08298e+09,-1.29191e+09,3.11262e+08,-1.05481e+09,0.00108662,0.000177718,9.2953e-24
0,2.06761e+09,-1.5909e+07,3.20577e+08,-2.58954e+09,-1.11429e+09,-4.2183e+08,-1.18299e+09,0.00105556,0.000163662,-3.83876e-24
0,1.98047e+09,4.24104e+07,3.15577e+08,-6.47715e+09,-2.0131e+09,-5.49135e+07,-6.30281e+08,0.00105096,0.000167465,-5.27026e-23
0,2.02605e+09,1.46855e+06,2.98903e+08,7.37798e+08,-9.63222e+08,-3.48137e+08,-9.69107e+08,0.00108056,0.000159415,-1.30353e-25
0,2.13191e+09,-3.37911e+07,3.27966e+08,-8.82751e+09,-3.11396e+08,-2.80174e+08,-7.78364e+08,0.00100531,0.000154654,-4.76355e-23
0,1.89463e+09,-7.38797e+07,2.98483e+08,-8.03445e+09,3.38855e+08,2.37474e+08,-1.44112e+09,0.00107658,0.000169605,-1.68339e-22
0,2.09622e+09,-1.1928e+07,3.43151e+08,-7.38615e+09,2.439e+08,-9.14377e+08,-1.81024e+08,0.000904453,0.000148059,-6.90189e-24
0,2.28464e+09,2.44896e+07,3.01746e+08,-3.3293e+09,1.48838e+09,3.55409e+08,1.02229e+08,0.000944062,0.000124688,1.82576e-24
0,1.9266e+09,-8.24382e+07,3.17438e+08,-1.14583e+10,1.93604e+09,-3.79726e+08,-7.90679e+08,0.000922296,0.000151963,-1.42962e-22
0,2.03679e+09,-2.9609e+07,3.24784e+08,-4.24346e+09,-3.65092e+08,-4.7746e+08,-1.02731e+09,0.000998251,0.00015918,-7.03681e-24
0,2.07207e+09,2.28811e+07,3.27518e+08,-1.30133e+10,-1.65675e+09,-8.43055e+08,1.00428e+08,0.000965553,0.000152618,7.95508e-23
0,2.04675e+09,-1.82859e+07,3.24327e+08,-7.46342e+09,-5.78913e+08,-9.86718e+08,-6.26542e+08,0.00106654,0.000169003,-2.02092e-23
0,2.12062e+09,7.10388e+07,2.93226e+08,-9.71738e+09,-5.28777e+07,1.01131e+09,4.70989e+08,0.000939162,0.000129862,2.76677e-23
0,1.76135e+09,1.37024e+06,2.19538e+08,-8.54249e+09,1.84667e+08,-5.85492e+07,6.05534e+08,0.00111005,0.000138359,1.48651e-22
0,2.17662e+09,1.69652e+07,3.17487e+08,6.63032e+09,-1.8692e+09,-1.8011e+08,-6.85546e+08,0.00102774,0.000149909,3.44463e-23
0,1.89315e+09,5.79524e+07,2.68606e+08,-9.89768e+09,-1.79332e+09,-2.1138e+08,6.58562e+08,0.000956965,0.000135777,9.2187e-23
0,2.03408e+09,-1.3398e+07,3.281e+08,-3.16726e+09,1.21162e+08,-5.58328e+08,-7.20039e+08,0.000993518,0.000160256,-2.46247e-24
0,1.69107e+09,-6.06392e+07,2.60174e+08,6.48479e+09,6.0348e+08,7.72526e+08,-1.31039e+09,0.00115236,0.000177293,2.38472e-22
0,1.86239e+09,-1.43257e+07,3.13289e+08,-1.34844e+09,-9.31342e+08,-1.94048e+08,-1.45219e+09,0.00107097,0.000180158,-2.07594e-24
0,1.95894e+09,-6.63885e+07,3.24124e+08,-1.06882e+10,2.02773e+09,-4.85067e+08,-4.97358e+08,0.000902286,0.000149291,-7.0559e-23
0,2.10348e+09,-1.41948e+07,3.43037e+08,-5.76516e+09,3.33175e+08,-8.41619e+08,-2.01306e+08,0.000880185,0.000143541,-3.71944e-24
0,2.02036e+09,-6.65375e+07,2.98295e+08,-9.18504e+09,-6.66824e+07,1.21133e+08,-8.79118e+08,0.00100027,0.000147683,-8.05184e-23
0,1.85808e+09,3.28718e+06,3.07885e+08,-8.7406e+07,3.65591e+08,8.26972e+07,-1.65959e+09,0.00104467,0.000173103,4.44997e-26
0,2.03847e+09,2.66068e+07,3.00534e+08,5.70099e+09,-2.20324e+09,-4.36567e+08,-1.24205e+09,0.00110428,0.000162806,9.07236e-23
0,2.07663e+09,-4.61441e+07,2.7744e+08,-6.925e+09,-1.0762e+09,1.26263e+09,-2.72886e+08,0.000936832,0.000125162,-1.71655e-23
0,2.04115e+09,-4.04074e+07,3.30931e+08,-9.22953e+09,1.42677e+07,-6.99148e+08,-8.6454e+08,0.000981849,0.000159187,-6.84439e-23
0,1.76883e+09,-3.32998e+07,2.94713e+08,-2.09649e+09,-4.92293e+08,-4.70225e+08,-1.67733e+09,0.00108324,0.000180483,-1.5959e-24
0,2.06754e+09,-3.11291e+07,3.22366e+08,-1.02887e+10,-3.44053e+08,-8.85714e+08,-6.75722e+08,0.00103356,0.000161151,-7.56213e-23
0,2.0605e+09,-5.91592e+07,2.97836e+08,-4.95069e+09,-1.77566e+08,1.40646e+08,-9.60593e+08,0.00101284,0.000146401,-1.30898e-23
0,1.97556e+09,-6.76499e+07,3.18025e+08,-1.07894e+10,8.26863e+08,-3.25807e+08,-1.03627e+09,0.00101263,0.000163012,-1.97646e-22
0,1.91943e+09,-6.15191e+07,2.91203e+08,2.60585e+09,6.01122e+08,5.26108e+08,-9.30432e+08,0.00114118,0.000173133,6.76925e-24
0,1.84089e+09,-2.52891e+07,3.19e+08,-1.0793e+09,-9.4649e+08,-6.16483e+07,-1.22467e+09,0.00106341,0.000184273,-1.42062e-24
0,2.11664e+09,-3.37646e+07,3.31304e+08,-6.49608e+09,-8.37413e+07,-4.93441e+08,-7.73075e+08,0.000972706,0.000152251,-1.63327e-23
0,2.10642e+09,-3.08345e+07,3.31318e+08,-1.05135e+10,-5.86663e+08,-7.56964e+08,-7.96837e+08,0.00100624,0.000158272,-7.48104e-23
0,2.28828e+09,2.55479e+07,3.30126e+08,5.41449e+09,-5.09968e+08,-1.47589e+08,-3.18175e+08,0.000917628,0.000132385,2.45193e-24
0,2.03609e+09,9.08573e+07,2.92518e+08,-7.80166e+09,-1.45137e+09,7.49239e+08,5.32367e+08,0.00091828,0.000131926,4.78545e-24
0,2.06365e+09,-2.97338e+07,3.38251e+08,-9.82878e+09,5.52563e+08,-8.8802e+08,-4.10827e+08,0.000921102,0.000150977,-3.88817e-23
0,1.93902e+09,-2.11137e+07,3.12628e+08,-1.45254e+10,-1.29576e+09,-7.1973e+08,-7.92955e+08,0.0010078,0.000162488,-2.86374e-22
0,2.07962e+09,-2.62817e+07,3.26354e+08,-1.24327e+10,-1.51678e+08,-9.4773e+08,-5.03765e+08,0.00100299,0.000157398,-9.10478e-23
0,2.05888e+09,-2.54113e+07,3.34201e+08,-6.29313e+09,-2.27779e+08,-7.2796e+08,-6.64425e+08,0.000969561,0.000157381,-1.23449e-23
0,1.81302e+09,1.34388e+07,2.81712e+08,-4.34502e+09,5.13277e+08,4.40896e+08,-9.88617e+08,0.000990891,0.000153968,-1.2989e-23
0,2.1591e+09,-2.57386e+07,3.36393e+08,-8.23183e+09,-1.73165e+08,-5.93809e+08,-5.61031e+08,0.000956977,0.0001491,-1.9365e-23
0,2.30159e+09,2.24611e+07,3.27791e+08,5.1115e+09,-9.40448e+08,-1.4255e+08,-3.40648e+08,0.000932429,0.000132796,2.94997e-24
0,2.05523e+09,-3.56819e+07,3.34524e+08,-1.11668e+10,1.19927e+08,-9.66298e+08,-6.53745e+08,0.000958176,0.00015596,-8.25451e-23
0,2.28083e+09,-2.28452e+07,3.13466e+08,-5.79321e+09,-2.26579e+09,4.47267e+07,-6.75254e+08,0.0010199,0.00014017,-2.37366e-23
0,2.12516e+09,-1.45832e+07,3.13941e+08,-5.69055e+09,-2.27665e+09,-5.21897e+08,-9.01244e+08,0.00112746,0.000166554,-4.53793e-23
0,2.13506e+09,-1.01907e+06,3.34202e+08,-6.1042e+09,-1.18355e+09,-6.79609e+08,-4.06046e+08,0.000956276,0.000149687,-1.00665e-24
0,2.1842e+09,-4.22562e+07,3.14476e+08,-9.88223e+09,-1.10433e+09,-1.93152e+08,-7.26166e+08,0.000990997,0.000142682,-5.27786e-23
0,1.87354e+09,1.1654e+07,3.21589e+08,1.8694e+09,-1.62778e+07,1.53194e+08,-1.40848e+09,0.00105536,0.000181151,8.55099e-25
0,2.27246e+09,3.55858e+07,3.02005e+08,-4.25262e+09,1.46033e+09,5.08348e+08,2.85078e+08,0.000958173,0.000127339,4.24567e-24
0,1.78105e+09,2.98387e+07,2.91911e+08,-1.59078e+09,6.30515e+08,6.15755e+07,-9.6508e+08,0.000980071,0.000160632,-6.48307e-25
0,1.94224e+09,-4.89867e+07,3.10531e+08,-2.84825e+09,-3.92776e+08,-1.31306e+08,-1.30905e+09,0.00106122,0.000169671,-4.83184e-24
0,2.02941e+09,-4.19812e+07,3.3448e+08,-1.05433e+10,5.95211e+08,-9.28349e+08,-6.52816e+08,0.000941522,0.000155178,-8.29072e-23
0,2.0668e+09,-2.38519e+07,3.40842e+08,-8.98724e+09,4.15395e+08,-9.82207e+08,-3.50406e+08,0.000913132,0.000150587,-2.46568e-23
0,1.95532e+09,-6.46351e+07,3.03147e+08,-5.29764e+09,2.30829e+09,3.00928e+07,-5.67414e+08,0.00110392,0.000171148,9.23899e-25
0,1.9934e+09,-5.35212e+07,2.87206e+08,-5.13296e+09,1.03141e+09,-2.35392e+08,-9.29859e+08,0.00118271,0.000170403,-4.28665e-23
0,2.17686e+09,-1.7422e+07,3.40448e+08,-9.1125e+09,-1.24049e+08,-6.55795e+08,-3.68873e+08,0.000955088,0.00014937,-1.6328e-23
0,2.03491e+09,-6.70001e+07,3.12545e+08,-1.05916e+10,7.46976e+08,2.93201e+06,-4.71075e+08,0.000920542,0.000141388,-4.22402e-23
0,2.11537e+09,-2.52324e+07,3.39352e+08,-8.38823e+09,2.47706e+08,-8.07504e+08,-4.12463e+08,0.000914467,0.000146701,-1.73176e-23
0,2.09377e+09,-2.54262e+07,3.39648e+08,-1.05027e+10,1.95585e+08,-9.45716e+08,-4.25193e+08,0.000927211,0.000150411,-3.76152e-23
0,2.11211e+09,-7.61048e+07,2.86836e+08,-1.08314e+10,-1.31953e+09,4.40186e+08,-9.57455e+08,0.00102066,0.000138612,-1.5647e-22
0,2.02016e+09,-1.03768e+08,2.76315e+08,-1.11837e+10,-4.42608e+07,8.46144e+08,-1.08701e+09,0.00102087,0.000139633,-1.96842e-22
0,2.11362e+09,-2.42074e+07,3.41007e+08,-7.94357e+09,4.69071e+08,-7.86773e+08,-3.31891e+08,0.000894606,0.000144334,-1.33293e-23
0,2.10018e+09,-5.67514e+07,3.20724e+08,-9.33843e+09,7.01309e+08,-2.29702e+07,-4.14504e+08,0.00090078,0.00013756,-1.97628e-23
0,2.12037e+09,-2.90799e+07,3.38193e+08,-9.75724e+09,1.56962e+08,-7.60764e+08,-4.78429e+08,0.000919962,0.000146731,-2.91917e-23
0,2.00205e+09,-1.12199e+07,3.24993e+08,-3.75417e+08,-7.97129e+08,-2.31241e+08,-1.22043e+09,0.00107418,0.000174372,-4.58801e-25
0,2.10588e+09,-1.65527e+07,3.42815e+08,-6.0553e+09,4.40425e+08,-8.29745e+08,-2.0166e+08,0.00087023,0.000141664,-4.5095e-24
0,2.05988e+09,-6.00348e+07,3.22905e+08,-7.61891e+09,1.37924e+09,-5.97431e+07,-3.78761e+08,0.00087289,0.000136833,-8.62938e-24
0,1.83604e+09,3.26632e+07,2.84564e+08,6.365e+09,9.82856e+08,-1.35356e+08,-1.07419e+09,0.00101122,0.000156727,5.29045e-23
0,2.07365e+09,-4.22132e+07,3.28507e+08,-9.69016e+09,1.97931e+08,-7.03233e+08,-6.85292e+08,0.00100664,0.000159471,-7.07101e-23
0,2.1963e+09,-6.13506e+07,2.96489e+08,-5.02791e+09,-2.79924e+08,8.57163e+08,-3.57232e+08,0.000933125,0.000125967,-3.02004e-24
0,2.01352e+09,-3.51944e+07,3.27503e+08,-6.54474e+09,-3.92108e+08,-5.51474e+08,-1.07643e+09,0.00103729,0.000168717,-3.76747e-23
0,1.955e+09,-3.13271e+06,3.20501e+08,-1.21515e+10,-4.17152e+08,-3.92438e+08,-2.27329e+08,0.000901731,0.000147829,-2.77723e-23
0,1.98588e+09,3.63334e+07,2.82084e+08,6.63323e+09,-4.16254e+08,-4.94055e+07,-1.16122e+09,0.0010214,0.000145085,4.83678e-23
0,2.06221e+09,-4.67808e+07,3.28376e+08,-1.00092e+10,-8.78995e+06,-6.29796e+08,-9.2361e+08,0.000986861,0.000157143,-9.0844e-23
0,2.33315e+09,-518126,3.3036e+08,-1.2143e+08,-1.21143e+09,6.1055e+06,-2.44195e+08,0.000921216,0.000130439,-1.97398e-26
0,2.104e+09,-2.939e+07,3.391e+08,-1.01844e+10,3.77003e+08,-8.30984e+08,-4.19658e+08,0.000910209,0.000146698,-3.32129e-23
0,1.97331e+09,-1.7463e+07,2.69821e+08,-2.81056e+08,-1.70576e+09,2.57398e+07,-1.25137e+09,0.00113788,0.000155588,-1.06926e-24
0,2.06899e+09,-2.67818e+07,3.40639e+08,-8.55105e+09,6.66261e+08,-9.29516e+08,-3.23852e+08,0.000881969,0.000145208,-2.0264e-23
0,1.42905e+09,-3.10036e+07,2.41036e+08,-3.27877e+09,-1.27616e+09,2.02057e+08,-9.96917e+08,0.00104729,0.000176645,-5.44816e-23
0,1.15456e+09,-2.54854e+07,2.30019e+08,-2.82018e+09,-1.31451e+09,-1.04794e+08,-1.00031e+09,0.000961236,0.000191503,-7.30148e-23
0,1.31449e+09,-5.73934e+07,2.26608e+08,8.41572e+09,-1.06194e+09,1.4092e+08,-9.54233e+08,0.00111369,0.000191991,1.00797e-21
0,2.25262e+09,-4.35031e+07,3.15267e+08,-4.96793e+08,2.98189e+08,4.76794e+08,-9.81836e+06,0.000951097,0.000133111,-5.50693e-28
