0,2.19814e+09,5.21377e+07,3.14863e+08,1.11804e+10,-5.66449e+08,-1.43761e+08,-5.18769e+08,0.000955225,0.000136827,4.72487e-23
0,2.25692e+09,3.68245e+07,3.16076e+08,8.55066e+09,-1.35946e+09,-1.37005e+08,-5.19774e+08,0.000971598,0.00013607,2.53546e-23
0,2.24028e+09,2.77011e+07,3.12599e+08,5.62152e+09,-1.72784e+09,-9.07595e+07,-5.36075e+08,0.000988074,0.000137872,1.27679e-23
0,2.15318e+09,1.74028e+07,2.98956e+08,-1.11837e+09,-1.26099e+09,-2.72971e+08,-6.17535e+08,0.00101744,0.000141265,-9.27731e-25
0,2.13883e+09,774854,2.87174e+08,4.34716e+09,-3.42431e+08,-1.45468e+08,1.74611e+08,0.0010442,0.000140202,-1.28233e-24
0,2.1107e+09,1.23963e+07,2.85983e+08,-2.51481e+09,-1.16377e+09,9.3947e+07,1.37369e+08,0.00104452,0.000141523,-7.04125e-25
0,2.19946e+09,9.41331e+06,3.43962e+08,5.94804e+09,3.78736e+07,6.032e+08,-1.73658e+08,0.000900991,0.000140901,1.765e-24
0,2.14165e+09,5.89767e+07,3.21162e+08,7.53005e+09,6.83105e+08,-1.31425e+08,-6.31085e+08,0.000926016,0.000138865,1.53804e-23
0,2.08677e+09,7.22687e+07,3.10675e+08,9.92285e+09,3.61454e+08,-8.64221e+07,-7.87709e+08,0.00094276,0.000140356,5.70392e-23
0,2.2999e+09,1.23797e+07,3.33538e+08,3.58872e+09,-1.13016e+08,-4.43061e+07,-1.4057e+08,0.000902809,0.000130928,2.49845e-25
0,2.02678e+09,8.61527e+07,2.99929e+08,1.17753e+10,3.65959e+08,-2.44096e+08,-1.01125e+09,0.00100666,0.000148968,1.9404e-22
0,2.28812e+09,-2.01992e+07,3.35302e+08,2.3618e+09,-2.99243e+08,-1.89324e+08,6.68699e+07,0.000867514,0.000127126,4.05659e-28
0,2.07769e+09,4.92477e+07,3.15705e+08,1.00361e+10,2.23305e+08,-6.28278e+07,-6.2144e+08,0.000926591,0.000140796,4.39085e-23
0,2.13162e+09,4.71337e+07,3.22055e+08,8.57291e+09,-2.67607e+08,2.81084e+08,-6.94584e+08,0.000945139,0.000142796,2.86149e-23
0,2.22356e+09,4.39785e+07,3.17704e+08,9.91593e+09,-9.20183e+08,-8.27134e+07,-5.3889e+08,0.000955625,0.00013654,3.36857e-23
0,2.16856e+09,-3.46813e+07,3.29197e+08,5.51493e+09,-1.78941e+08,2.92848e+08,4.95779e+08,0.000909944,0.000138133,-4.53957e-24
0,2.16196e+09,3.82227e+07,3.30533e+08,5.53438e+09,4.55645e+08,2.45228e+08,-5.0837e+08,0.000906427,0.000138579,5.01745e-24
0,2.20126e+09,4.87128e+07,3.22206e+08,5.84326e+09,3.71337e+08,-3.08243e+08,-4.85201e+08,0.000917487,0.000134296,4.29767e-24
0,2.32295e+09,3.63547e+06,3.39201e+08,1.29667e+08,-1.76505e+08,-4.59669e+07,-6.73032e+07,0.000869895,0.000127024,3.03508e-29
0,2.30737e+09,1.41381e+07,3.30312e+08,5.34244e+09,-1.20495e+09,7.0928e+07,-3.93784e+08,0.000953255,0.000136463,3.88426e-24
0,2.1903e+09,6.43414e+06,3.44262e+08,5.35993e+09,-2.52883e+07,6.04028e+08,-1.45666e+08,0.000923904,0.000145215,1.06129e-24
0,2.16266e+09,1.46988e+07,3.41511e+08,8.11563e+09,1.34361e+08,7.01095e+08,-2.39294e+08,0.000909391,0.000143604,7.71967e-24
0,2.33416e+09,-39912.4,3.44549e+08,-1.99943e+07,-9.38589e+07,-614694,-3.49606e+07,0.000860302,0.00012699,-1.46262e-30
0,2.14406e+09,5.56637e+07,2.92687e+08,-2.31573e+09,5.28329e+07,-8.87326e+08,2.82372e+08,0.000994166,0.000135714,8.09595e-27
0,2.04044e+09,3.41323e+07,3.13029e+08,1.07257e+10,-5.61192e+08,6.86428e+07,-6.62757e+08,0.000958825,0.000147096,7.44002e-23
0,1.76282e+09,-2.9306e+07,2.96846e+08,1.10909e+09,1.09396e+07,-1.0095e+09,-1.00559e+08,0.000965473,0.000162579,3.87585e-28
0,2.07809e+09,6.78572e+07,3.17087e+08,7.42345e+09,9.31365e+08,-1.99974e+08,-7.16448e+08,0.000962625,0.000146883,2.23909e-23
0,2.19655e+09,3.68704e+07,3.20606e+08,7.20302e+09,-7.57091e+08,6.17868e+07,-5.46467e+08,0.000956659,0.000139633,1.30916e-23
0,2.09851e+09,-9.19314e+06,3.09321e+08,1.56093e+09,1.59205e+09,4.46691e+08,-4.71475e+08,0.000893623,0.000131721,1.31579e-27
0,2.32883e+09,3.17618e+06,3.42257e+08,-6.23094e+08,6.0644e+07,1.97833e+07,3.05875e+07,0.000864298,0.000127022,2.57082e-28
0,2.33412e+09,-187461,3.43013e+08,-9.03287e+07,-1.56452e+08,-1.56162e+06,-5.58499e+07,0.000866645,0.000127358,-3.14579e-29
0,2.10731e+09,5.04663e+07,2.99066e+08,6.52111e+09,-1.43122e+09,-2.87402e+08,-1.05225e+09,0.00109321,0.000155148,6.06135e-23
0,2.33415e+09,-18117.7,3.44002e+08,-3.81027e+07,-2.49567e+07,-880505,-1.3762e+07,0.000861472,0.000126962,-7.73463e-32
0,2.05081e+09,3.55728e+07,3.26871e+08,1.25798e+10,9.12983e+08,5.46225e+08,-2.08488e+08,0.000936118,0.000149204,5.2074e-23
0,2.02296e+09,-5.38376e+07,3.06303e+08,9.99268e+09,3.79161e+07,-1.24196e+08,3.68011e+08,0.000902003,0.000136575,-2.59374e-23
0,2.14945e+09,6.24244e+07,3.12131e+08,1.01902e+10,-2.85132e+07,-2.05772e+08,-6.37317e+08,0.000936981,0.000136063,4.23533e-23
0,2.31456e+09,6607.25,3.40603e+08,2.41062e+09,-5.21003e+08,1.09168e+08,-1.76143e+08,0.000913326,0.000134402,9.43638e-26
0,2.33416e+09,-154520,3.41004e+08,4.41611e+07,2.80945e+08,-822044,4.7288e+07,0.000867456,0.000126729,-6.74617e-29
0,2.24662e+09,-4.3451e+07,3.13105e+08,6.38024e+09,3.80534e+08,-3.88237e+08,3.07172e+08,0.000925172,0.000128938,-4.54782e-24
0,2.25064e+09,6.53699e+06,3.28058e+08,2.54367e+09,-1.40637e+09,1.57018e+08,-5.42725e+08,0.00101332,0.000147704,2.10523e-24
0,2.2967e+09,-2.12653e+07,3.30237e+08,2.07534e+09,-2.70213e+07,-3.20721e+08,2.82032e+07,0.0008687,0.000124908,-4.82622e-27
0,2.12809e+09,3.23133e+07,3.15607e+08,5.28923e+09,-1.24817e+09,2.48879e+08,-9.38809e+08,0.00102235,0.000151621,1.56855e-23
0,2.22845e+09,5.1302e+07,3.07125e+08,4.97135e+09,-2.51669e+08,-6.62448e+08,-2.75615e+08,0.000909966,0.000125411,1.89283e-24
0,2.19854e+09,-4.60729e+07,3.1282e+08,1.32605e+10,8.87749e+08,4.87674e+06,5.33753e+08,0.000984413,0.000140067,-9.1829e-23
0,2.17125e+09,1.85915e+07,3.39048e+08,7.88916e+09,1.95132e+08,6.55004e+08,-2.79045e+08,0.000931649,0.00014548,9.42377e-24
0,1.95345e+09,-2.6705e+07,3.06882e+08,1.88963e+10,2.96906e+08,5.61597e+08,1.84476e+08,0.00097417,0.00015304,-1.3002e-22
0,2.21008e+09,1.06229e+07,3.2418e+08,1.38274e+08,-1.05612e+09,2.39212e+08,-5.60493e+08,0.000946894,0.000138893,1.38961e-25
0,2.17642e+09,2.26262e+07,3.38013e+08,6.04926e+09,3.77136e+07,4.97997e+08,-3.74539e+08,0.000901274,0.000139974,4.05438e-24
0,2.15835e+09,-4.66151e+07,3.0992e+08,8.94911e+09,-6.75303e+08,-2.4763e+08,2.27739e+08,0.000945103,0.000135708,-7.86502e-24
0,1.97423e+09,6.12416e+07,2.85951e+08,2.76749e+09,-6.671e+08,-4.20769e+08,-1.26572e+09,0.00108537,0.000157208,5.49569e-24
0,2.22105e+09,4.7534e+07,3.14605e+08,6.54769e+09,-4.50934e+08,-3.41647e+08,-4.36945e+08,0.000922047,0.000130605,6.98017e-24
0,2.23861e+09,4.05011e+07,3.1746e+08,2.86068e+09,1.99216e+08,-4.97917e+08,-2.05404e+08,0.000883671,0.000125315,1.05846e-25
0,2.05517e+09,-8.72446e+07,3.06218e+08,8.8273e+09,-1.77591e+09,-5.4169e+08,4.74363e+08,0.000891004,0.000132759,-4.2461e-24
0,2.19179e+09,9.12145e+06,3.36084e+08,1.34028e+09,-1.46066e+06,3.97706e+08,-1.18492e+08,0.000913847,0.000140127,9.45262e-27
0,2.11475e+09,4.07935e+07,3.29549e+08,7.99731e+09,9.73134e+07,4.76975e+08,-7.38505e+08,0.000944986,0.00014726,2.7111e-23
0,2.04551e+09,6.92711e+07,2.95154e+08,1.48048e+10,2.13393e+09,-3.47055e+08,-4.20112e+08,0.00098969,0.000142806,7.41656e-23
0,2.25835e+09,-5.03428e+06,3.2621e+08,5.94671e+09,-8.67348e+08,-1.17497e+08,-1.01572e+08,0.000934464,0.00013498,1.96768e-24
0,2.01382e+09,-4.87615e+07,3.09443e+08,1.09839e+10,-1.24428e+08,2.05317e+08,4.84109e+08,0.000929609,0.000142844,-5.44454e-23
0,2.22472e+09,1.25242e+07,3.14371e+08,2.41431e+09,-1.97429e+09,1.43166e+08,-7.03664e+08,0.00101077,0.000142829,5.15031e-24
0,2.30167e+09,-1.60649e+07,3.296e+08,1.26339e+09,-4.30776e+08,-2.29881e+08,-2.1361e+07,0.000884297,0.000126632,1.71742e-26
0,2.1319e+09,6.73062e+07,3.09966e+08,8.55385e+09,9.12338e+08,-2.73314e+08,-5.82669e+08,0.000937892,0.000136364,2.04426e-23
0,1.88082e+09,7.55497e+06,2.98867e+08,3.62973e+09,8.54302e+08,-4.12717e+08,-2.31762e+08,0.000985965,0.000156672,-4.08647e-25
0,2.15269e+09,-5.32704e+07,3.14745e+08,8.52382e+09,-3.73994e+07,1.72499e+07,5.95933e+08,0.000934477,0.00013663,-2.26544e-23
0,2.23914e+09,-1.39661e+07,3.36943e+08,8.16678e+09,1.36883e+08,4.66141e+08,2.82101e+08,0.000946452,0.000142421,-7.4399e-24
0,2.14026e+09,2.54584e+07,3.30052e+08,4.37268e+09,-1.90699e+08,3.78465e+08,-6.4699e+08,0.000952862,0.000146942,3.30626e-24
0,1.95151e+09,4.98257e+06,3.0688e+08,8.9368e+09,-1.3904e+09,3.21484e+08,-6.26814e+08,0.00101176,0.000159102,6.20974e-23
0,2.2391e+09,3.11294e+07,3.26345e+08,8.22347e+09,-3.6652e+08,1.54359e+08,-4.81606e+08,0.000948592,0.000138256,1.4042e-23
0,2.334e+09,-650850,3.343e+08,-1.9644e+08,-4.41016e+08,4.25359e+06,-8.31773e+07,0.00089399,0.000128046,-1.39862e-27
0,2.1836e+09,4.04427e+07,3.26559e+08,5.88251e+09,1.26748e+07,9.62355e+07,-6.0662e+08,0.000928939,0.000138923,6.8108e-24
0,2.33416e+09,-30834.5,3.43491e+08,-1.90745e+07,-1.33305e+08,-352855,-5.01308e+07,0.00086335,0.000127049,-3.98712e-30
0,2.30507e+09,1.92395e+06,3.20661e+08,3.07412e+09,-1.19119e+09,-2.64417e+08,-1.73246e+08,0.000905804,0.000126007,8.72221e-25
0,2.18452e+09,-5.86794e+06,3.20918e+08,1.21361e+10,6.29798e+08,4.4564e+08,-2.10631e+07,0.000983836,0.000144531,1.22071e-23
0,2.12691e+09,5.55315e+06,3.3993e+08,8.6514e+09,3.98797e+08,8.93975e+08,-4.8774e+06,0.000920938,0.000147188,6.04273e-24
0,2.16888e+09,4.15727e+07,3.25385e+08,7.01907e+09,-2.05155e+08,1.95524e+08,-6.87796e+08,0.000953489,0.000143047,1.50788e-23
0,2.21188e+09,5.94994e+07,3.05024e+08,5.85707e+09,2.97094e+08,-7.87976e+08,-2.6315e+08,0.00091293,0.000125895,1.5432e-24
0,2.14019e+09,6.06939e+07,3.08062e+08,6.90096e+09,-1.75321e+08,-2.54006e+08,-6.42908e+08,0.000942555,0.000135673,1.42429e-23
0,2.33415e+09,-30726.9,3.44286e+08,-4.31726e+07,-2.24637e+07,-1.27505e+06,-9.84846e+06,0.000861647,0.000127092,-6.28324e-32
0,2.33417e+09,-3037.55,3.43988e+08,-562282,-1.27508e+08,16908,-3.87072e+07,0.000859359,0.000126644,-8.60822e-32
0,2.28045e+09,2.36521e+07,3.20612e+08,7.51428e+09,-1.6374e+09,4.53078e+07,-5.30293e+08,0.00100041,0.000140649,2.01604e-23
0,2.18945e+09,2.67164e+07,3.3001e+08,5.36017e+09,-2.14346e+08,2.97695e+08,-4.07414e+08,0.000925891,0.000139557,3.03666e-24
0,2.14331e+09,4.62286e+07,3.24741e+08,7.95052e+09,2.45406e+08,2.20845e+08,-6.44903e+08,0.00092632,0.00014035,2.00692e-23
0,2.25647e+09,-1.62809e+07,3.16445e+08,4.69494e+09,-1.16398e+09,-1.46263e+08,-6.05405e+07,0.000949328,0.000133133,1.68771e-24
0,2.31857e+09,-5.6107e+06,3.41173e+08,-1.7435e+09,-3.37521e+08,-6.11762e+07,-1.47011e+08,0.000915034,0.000134645,-3.08327e-26
0,2.03552e+09,4.79669e+07,3.12244e+08,4.62333e+09,-7.43325e+08,-1.7467e+08,-9.699e+08,0.00102649,0.000157461,1.42228e-23
0,2.19581e+09,-4.02146e+06,3.23611e+08,-5.47413e+09,-7.98628e+08,-2.7565e+08,-5.84748e+08,0.0010034,0.000147877,-6.79064e-24
0,1.92687e+09,-1.77083e+07,2.9032e+08,5.34693e+09,1.62184e+08,-2.85211e+08,-9.53554e+07,0.00100438,0.000151329,1.67645e-24
0,2.04539e+09,2.4795e+07,3.09972e+08,1.08863e+09,-7.37513e+08,-3.50808e+07,-1.09381e+09,0.00104385,0.000158192,3.63437e-25
0,2.28675e+09,1.59621e+07,3.30413e+08,4.70576e+09,-7.96228e+08,1.63815e+08,-4.31225e+08,0.000968294,0.000139909,2.41286e-24
0,2.32371e+09,8.68745e+06,3.31731e+08,1.72855e+09,-1.0359e+09,-6.83232e+07,-2.96853e+08,0.000932335,0.000133099,2.9879e-25
0,2.19596e+09,3.80551e+07,3.27871e+08,8.10397e+09,-2.57762e+08,2.02879e+08,-6.10388e+08,0.00095727,0.000142927,1.97058e-23
0,2.13197e+09,-1.30513e+07,3.16913e+08,-4.09093e+09,-1.56685e+09,3.01623e+08,-7.03009e+08,0.00102094,0.000151761,-1.12484e-23
0,2.2214e+09,-1.26456e+07,3.2291e+08,4.96911e+09,-4.25156e+08,2.37434e+08,1.97771e+08,0.000991206,0.000144085,-2.26547e-24
0,2.03586e+09,3.47959e+07,3.04334e+08,1.39394e+09,-1.79873e+08,-6.29746e+07,-9.53869e+08,0.000993599,0.00014853,1.68382e-25
0,2.03949e+09,-1.27203e+07,2.69868e+08,6.03799e+09,4.59483e+08,3.20081e+08,9.09565e+08,0.00108036,0.000142955,-3.02933e-23
0,2.11992e+09,4.0864e+06,3.42806e+08,5.22833e+08,-1.05505e+08,1.10446e+08,-3.49357e+08,0.000957089,0.000154768,1.54195e-27
0,2.27646e+09,1.58105e+07,3.25479e+08,2.16374e+09,-8.80538e+08,-1.61108e+08,-2.32039e+08,0.000910571,0.00013019,3.10813e-25
0,2.03405e+09,5.51989e+07,3.14107e+08,3.3938e+09,1.44332e+09,-1.54488e+08,-6.60073e+08,0.000910604,0.000140619,8.3819e-25
0,2.13714e+09,4.12746e+07,3.04544e+08,7.43117e+09,-1.36432e+09,4.24292e+06,-9.84027e+08,0.001028,0.00014649,4.88692e-23
0,2.20666e+09,1.53625e+07,3.34617e+08,4.84552e+09,-5.85545e+08,3.42677e+08,-5.39663e+08,0.000949709,0.000144013,2.8862e-24
0,1.83266e+09,-1.34657e+07,2.67207e+08,-3.41615e+09,-3.48207e+08,-3.74912e+08,-1.42828e+09,0.00107409,0.000156606,-1.17418e-23
0,1.96197e+09,-854529,3.05067e+08,5.85281e+09,-3.96945e+08,2.19536e+08,-7.78193e+08,0.00110219,0.000171379,3.27191e-23
0,2.22581e+09,2.39164e+06,3.28944e+08,1.04867e+09,-1.22591e+09,2.34362e+07,-7.75081e+08,0.00100557,0.00014861,6.15709e-25
0,2.04748e+09,2.9483e+07,3.10716e+08,-2.73762e+08,-1.00029e+09,-1.57903e+08,-7.50347e+08,0.000991863,0.000150521,-2.5686e-25
0,2.30096e+09,-5.02882e+06,3.33918e+08,-3.05394e+07,-9.07286e+07,-8.6806e+07,4.34517e+07,0.000874996,0.00012698,5.45777e-30
0,2.04316e+09,-1.76077e+07,3.1388e+08,-3.3935e+09,-7.05115e+08,-3.03913e+08,-1.04326e+09,0.00103944,0.000159683,-5.00451e-24
0,2.19445e+09,4.45493e+06,3.14914e+08,-3.12508e+09,4.80023e+08,-9.01484e+07,-3.52638e+08,0.000892165,0.000128029,-5.33505e-25
0,2.206e+09,1.81096e+07,2.98242e+08,-1.03765e+09,-2.85209e+08,3.02748e+08,9.88894e+07,0.00096197,0.000130054,-4.24241e-27
0,2.09097e+09,3.29369e+07,3.04625e+08,-2.10185e+09,-4.28674e+08,-9.99597e+07,-8.32529e+08,0.000985402,0.000143559,-6.82523e-25
0,2.05293e+09,-3.44177e+07,3.11333e+08,-6.4885e+09,2.33434e+08,-1.03413e+08,-8.14257e+08,0.000947815,0.000143739,-1.86763e-23
0,1.9728e+09,3.79446e+07,3.15596e+08,3.27039e+09,-2.27472e+07,7.09101e+07,-8.06665e+08,0.000974761,0.000155936,3.11125e-24
0,2.03827e+09,6.3857e+07,3.11909e+08,3.50082e+08,8.05038e+08,5.72599e+07,-6.42957e+08,0.00101636,0.00015553,2.92529e-27
0,2.01677e+09,1.22151e+07,3.26655e+08,1.8396e+09,2.13794e+08,1.92425e+08,-8.28073e+08,0.000966913,0.00015661,4.62596e-25
0,2.14022e+09,2.16388e+07,3.265e+08,1.90867e+09,-2.75702e+08,3.09585e+08,-5.74371e+08,0.00094884,0.000144749,1.7386e-25
0,2.08149e+09,3.5975e+07,3.27795e+08,1.62846e+09,3.63269e+08,1.4605e+08,-7.44992e+08,0.000957127,0.000150729,2.68383e-25
0,2.05737e+09,3.37771e+07,3.04174e+08,2.75108e+09,-1.1298e+09,3.17327e+08,-9.40653e+08,0.00101874,0.000150617,3.42737e-24
0,2.20415e+09,2.54565e+07,3.171e+08,3.36401e+09,-1.67653e+09,2.45105e+07,-7.63975e+08,0.00104274,0.000150013,7.60852e-24
0,2.04702e+09,1.95253e+06,3.12133e+08,-1.17578e+07,-1.47193e+09,-2.20861e+08,-1.0481e+09,0.00104232,0.000158936,-8.56839e-25
0,2.2817e+09,1.12537e+07,3.30746e+08,8.44279e+08,-8.2919e+08,-2.02988e+08,-2.21117e+08,0.000925103,0.000134099,4.83354e-26
0,2.1026e+09,3.71859e+07,3.17689e+08,5.82702e+09,-2.4945e+08,1.83137e+08,-9.45128e+08,0.000988362,0.000149335,1.63377e-23
0,2.09154e+09,3.89959e+07,3.23778e+08,3.29962e+09,-1.59895e+08,2.28241e+08,-8.5493e+08,0.000984321,0.000152377,2.51027e-24
0,2.02672e+09,4.28401e+07,3.18838e+08,2.24888e+09,6.50627e+08,5.73181e+07,-6.15846e+08,0.000908428,0.000142911,5.48558e-25
0,2.15312e+09,-3.01783e+06,3.40437e+08,6.61934e+08,-3.74809e+08,2.65155e+08,-2.73372e+08,0.000957571,0.000151405,2.25345e-27
0,2.04218e+09,-2.44828e+07,3.09825e+08,-1.73184e+09,9.50092e+07,-2.25621e+08,-6.58495e+08,0.00111504,0.000169165,-5.80467e-25
0,2.31195e+09,1.63996e+07,3.30696e+08,-2.18156e+09,5.72476e+08,1.90636e+08,1.3167e+08,0.000923139,0.000132044,1.44894e-25
0,2.17034e+09,-2.15115e+07,3.04544e+08,-3.31596e+09,-1.92129e+09,4.14553e+06,-9.84027e+08,0.00104396,0.00014649,-1.1943e-23
0,2.14693e+09,1.09194e+07,3.29511e+08,-6.139e+09,-1.03396e+08,-4.39943e+07,-5.22991e+08,0.000947056,0.000145354,-7.9976e-24
0,1.97223e+09,-5.10912e+07,3.11887e+08,-4.54778e+09,1.01856e+09,6.57868e+08,-9.00361e+08,0.000957621,0.000151437,-5.32287e-24
0,2.07235e+09,-1.13528e+07,3.26839e+08,-4.07877e+09,-2.78135e+08,-5.78123e+07,-9.0506e+08,0.000974974,0.000153767,-5.4051e-24
0,2.02435e+09,-3.48287e+07,3.14984e+08,-7.29131e+09,-9.55844e+07,-1.05363e+08,-9.70215e+08,0.000990003,0.000154042,-4.11524e-23
0,1.95126e+09,-1.00619e+07,2.96084e+08,5.57895e+09,5.0824e+08,1.412e+08,-1.00952e+09,0.000958037,0.000145373,2.04411e-23
0,1.82937e+09,8.51582e+07,3.04201e+08,-1.95493e+08,7.18041e+08,-1.03734e+08,-7.21967e+08,0.0010081,0.000167633,-3.90742e-27
0,1.97512e+09,-825790,2.98499e+08,2.91427e+09,2.01163e+08,2.65317e+08,-1.10983e+09,0.00100977,0.000152606,3.43565e-24
0,2.10026e+09,1.54027e+07,3.21984e+08,-9.81923e+07,3.88921e+08,-1.46865e+08,-7.55568e+08,0.000957068,0.000146725,3.28995e-27
0,2.04252e+09,-2.52535e+06,3.09695e+08,-2.59734e+09,-1.06777e+09,2.25535e+08,-1.11796e+09,0.00104182,0.000157965,-4.4759e-24
0,2.0643e+09,3.42962e+06,3.42163e+08,1.69419e+08,5.75564e+07,1.98925e+07,-4.3317e+08,0.000953874,0.000158107,-9.65216e-28
0,2.26252e+09,3.05562e+07,3.2787e+08,-6.19281e+09,-3.16349e+08,1.82439e+08,1.15996e+08,0.00091821,0.000133061,9.26716e-25
0,1.96734e+09,4.366e+07,3.13526e+08,4.30528e+09,8.03647e+08,-4.10482e+08,-1.07332e+09,0.000992637,0.000158192,8.85329e-24
0,1.72589e+09,9.95319e+07,2.92263e+08,1.65157e+09,5.75647e+08,-6.11847e+08,-9.34002e+08,0.000996021,0.000168667,3.72382e-25
0,1.97032e+09,5.31532e+07,3.03554e+08,-5.66956e+09,-2.08217e+08,1.58357e+08,-6.22857e+08,0.00103406,0.00015931,-1.83746e-23
0,1.87184e+09,4.79397e+07,2.87825e+08,-4.9151e+09,-1.59362e+09,2.63339e+07,-1.05021e+09,0.00109418,0.000168247,-5.46652e-23
0,1.73501e+09,5.112e+07,2.94098e+08,8.86947e+09,1.63005e+09,-4.52669e+08,-1.06548e+09,0.00102983,0.000174565,1.67826e-22
0,1.86297e+09,2.19225e+07,2.56407e+08,2.24192e+09,-2.43928e+08,-4.1267e+08,-1.17897e+09,0.00106906,0.000147138,2.33035e-24
0,1.97651e+09,-1.90437e+07,3.04194e+08,-4.15542e+08,2.07665e+07,6.44209e+08,-9.96682e+08,0.000990397,0.000152426,3.61342e-26
0,1.86134e+09,2.0699e+07,2.95101e+08,5.02334e+09,4.56852e+08,-5.93565e+08,-9.15111e+08,0.000947934,0.000150287,1.28535e-23
0,2.0972e+09,1.84321e+07,3.24777e+08,4.31784e+09,3.33376e+08,2.38685e+07,-6.69076e+08,0.000944144,0.000146213,3.96874e-24
0,1.88504e+09,-1.79436e+07,2.57268e+08,-9.58322e+09,1.36168e+08,-5.74129e+08,6.71025e+08,0.0011883,0.000162178,2.21962e-22
0,1.99592e+09,1.77256e+07,3.1594e+08,1.4495e+09,-1.93575e+08,-4.73473e+08,-8.90681e+08,0.000969166,0.000153412,1.20288e-25
0,1.91016e+09,-1.25288e+07,3.0937e+08,-4.45115e+09,1.62094e+09,-4.6965e+08,-9.58602e+08,0.000946607,0.000153313,-1.52567e-23
0,1.96488e+09,-2.51812e+07,2.96037e+08,-1.11153e+09,-2.40065e+08,3.77086e+08,-1.21046e+09,0.00102945,0.000155101,1.44443e-25
0,2.14309e+09,-5.06663e+07,3.14874e+08,-1.00478e+10,-6.57333e+08,-7.26068e+07,-8.42429e+08,0.000998873,0.00014676,-7.4854e-23
0,2.06958e+09,6.77576e+06,3.25988e+08,4.17861e+08,-7.05678e+08,5.39226e+07,-9.37733e+08,0.00101112,0.000159266,9.82193e-26
0,2.09198e+09,-2.72895e+07,3.18354e+08,-8.34144e+09,-1.14544e+09,-2.96376e+08,-8.35204e+08,0.000988602,0.000150444,-4.32246e-23
0,1.70472e+09,9.73653e+07,2.89753e+08,5.62223e+09,4.68657e+08,-9.66063e+08,-9.84395e+08,0.00100115,0.000170166,3.61205e-23
0,1.98607e+09,-5.08992e+07,2.71695e+08,6.3264e+09,-1.27318e+09,-6.73339e+07,5.07545e+08,0.000938407,0.000128374,-1.00998e-23
0,2.02488e+09,-1.12023e+07,3.33327e+08,-2.48754e+09,1.30898e+08,-6.76665e+07,-7.53263e+08,0.000957118,0.000157556,-1.01494e-24
0,2.01146e+09,6.06172e+06,3.27748e+08,-7.72086e+08,-6.30748e+08,-1.40088e+08,-8.68891e+08,0.000996241,0.000162328,-1.68439e-25
0,2.01511e+09,-3.81812e+06,3.04632e+08,8.82579e+09,-1.70186e+09,-1.36859e+07,-7.59687e+08,0.00101094,0.000152828,8.4996e-23
0,2.10863e+09,-4.18888e+07,3.18538e+08,-1.18478e+10,-1.48515e+08,-1.71327e+08,-7.72553e+08,0.000976446,0.000147505,-1.08021e-22
0,1.82431e+09,2.41824e+07,2.92196e+08,7.79665e+09,-5.39889e+08,1.72231e+08,1.11899e+08,0.000972012,0.000155685,-1.18371e-23
0,1.95687e+09,-4.03486e+07,3.0922e+08,-3.93875e+09,1.51934e+08,2.79069e+08,-1.15903e+09,0.00100983,0.000159571,-9.13238e-24
0,1.94822e+09,-7.50432e+06,3.01686e+08,3.80655e+08,2.47155e+08,1.17791e+08,-1.19321e+09,0.0010077,0.000156045,-8.71354e-26
0,1.97351e+09,4.59608e+07,3.18492e+08,-4.42228e+09,-1.47954e+09,5.52209e+07,-3.90798e+08,0.000999114,0.00016124,-1.02869e-23
0,2.29456e+09,2.21363e+07,3.2473e+08,-4.62389e+09,-4.21913e+08,9.21322e+07,-4.49146e+07,0.000957117,0.000135453,-3.84372e-25
0,2.15673e+09,-3.1955e+06,3.27149e+08,-1.88494e+09,-2.33122e+08,-4.32955e+08,-6.0594e+08,0.000959476,0.00014554,-1.19781e-25
0,2.07861e+09,-706202,3.35095e+08,1.13051e+09,7.91934e+07,8.42198e+07,-6.77251e+08,0.000947476,0.000152744,5.08396e-26
0,1.82931e+09,-4.17392e+07,2.57005e+08,1.17266e+10,-7.97932e+08,4.37463e+08,8.26495e+08,0.00102379,0.000143834,-3.2547e-22
0,2.10944e+09,-89303.6,3.02747e+08,-2.15254e+09,-1.49252e+09,-4.23197e+08,-8.41282e+08,0.000999432,0.000143438,-2.88142e-24
0,1.92307e+09,2.94798e+07,2.88753e+08,1.07134e+10,-8.4447e+06,-3.91696e+08,-1.0765e+09,0.001118,0.00016787,3.4698e-22
0,1.83229e+09,-737936,2.89236e+08,-5.79646e+09,-1.47757e+09,1.93987e+08,-1.14684e+09,0.00103382,0.000163193,-7.22473e-23
0,1.99674e+09,2.97156e+07,2.97573e+08,9.49738e+09,-9.33802e+08,2.69885e+07,4.85016e+07,0.00101981,0.000151981,-4.73815e-24
0,2.11145e+09,1.54561e+07,3.17072e+08,3.48738e+09,-3.99708e+08,-1.3252e+08,-5.89384e+08,0.000936072,0.000140568,1.8661e-24
0,2.13569e+09,5.36429e+07,3.19022e+08,1.0104e+10,-3.13314e+08,4.16305e+07,-6.03315e+08,0.00094937,0.000141813,4.2942e-23
0,1.97163e+09,2.56752e+07,3.23724e+08,-3.73414e+09,-1.54548e+09,-3.38855e+08,-4.40212e+08,0.000972748,0.000159717,-4.85049e-24
0,2.14504e+09,-790324,3.16368e+08,-1.48804e+09,-1.25249e+09,-5.06585e+08,-9.15151e+08,0.00102949,0.000151838,-1.44798e-24
0,2.0668e+09,-1.22449e+07,3.26483e+08,-1.60163e+09,-5.61668e+08,2.69674e+07,-9.30139e+08,0.00100555,0.000158842,-4.92694e-25
0,2.0433e+09,-3.94088e+07,2.81594e+08,4.63303e+09,-7.53723e+08,-6.29827e+07,5.33138e+08,0.000944501,0.000130165,-4.18373e-24
0,2.14502e+09,1.88236e+07,3.23691e+08,-7.63513e+09,-9.11339e+08,-2.73153e+08,8.6192e+07,0.00093834,0.000141599,4.77288e-24
0,2.12712e+09,-1.48167e+07,3.14593e+08,3.87916e+09,-5.81059e+08,-4.49177e+08,3.76886e+08,0.000890248,0.000131664,-6.03796e-25
0,2.06217e+09,-2.00894e+07,3.1598e+08,-1.01007e+09,-9.58237e+07,3.79842e+08,-9.46505e+08,0.000994631,0.000152405,2.48833e-26
0,2.13938e+09,1.60193e+07,3.28772e+08,1.65354e+09,-7.94788e+08,-5.23268e+07,-6.41723e+08,0.000977607,0.000150235,4.93284e-25
0,1.99405e+09,-8.03424e+06,3.21683e+08,-5.34267e+08,1.84157e+08,-1.06241e+08,-1.13169e+09,0.000988746,0.000159506,7.17865e-26
0,2.04421e+09,-1.59791e+07,3.05935e+08,-2.4202e+09,9.21065e+07,1.34296e+08,-1.11057e+09,0.00101029,0.000151199,-1.43857e-24
0,1.77777e+09,5.58533e+06,2.95146e+08,9.99927e+09,-2.21166e+08,2.40649e+08,-8.2143e+08,0.00100353,0.000166606,1.83206e-22
0,1.96252e+09,4.25058e+07,3.03974e+08,5.53462e+09,5.08557e+07,-3.18662e+08,-1.03824e+09,0.00100126,0.000155084,2.30777e-23
0,2.177e+09,-580877,3.40172e+08,1.68697e+08,-2.42075e+08,1.00674e+07,-4.16012e+08,0.000963505,0.000150554,6.71499e-28
0,2.26662e+09,-1.25176e+07,3.14808e+08,-2.15261e+08,3.53665e+08,-2.00212e+08,1.06291e+08,0.000900197,0.000125027,1.27449e-27
0,1.93079e+09,1.6557e+07,2.95752e+08,-7.53199e+09,-6.078e+08,-7.81788e+08,3.60624e+08,0.000914827,0.000140131,2.35438e-23
0,1.88867e+09,4.73227e+07,2.89692e+08,7.59268e+09,-9.40697e+08,-4.40914e+08,-1.31951e+09,0.00107657,0.000165129,1.56707e-22
0,1.95347e+09,3.48839e+06,3.10203e+08,5.17771e+09,6.0129e+08,1.34145e+08,-1.08339e+09,0.00096312,0.00015294,1.79565e-23
0,2.02756e+09,2.07541e+07,2.95269e+08,6.26421e+09,-8.51303e+08,-4.46786e+08,-7.89975e+08,0.00117946,0.000171762,6.45602e-23
0,1.79179e+09,8.27321e+06,2.51196e+08,5.71234e+07,8.55772e+08,-4.67608e+07,-1.26261e+09,0.00106726,0.000149622,-2.47188e-27
0,2.00934e+09,-1.54924e+06,3.08238e+08,1.96343e+09,-2.91242e+08,2.5495e+07,-8.51933e+08,0.00106541,0.000163438,9.54685e-25
0,2.06685e+09,493113,3.43283e+08,6.08957e+08,-8.91514e+07,3.5979e+07,-3.24421e+08,0.000958931,0.000159269,4.71975e-27
0,2.28657e+09,-3.69569e+06,3.12579e+08,-3.95832e+08,-1.24159e+09,2.91874e+07,-2.31928e+08,0.000933689,0.000127637,-7.84489e-26
0,2.15887e+09,-6.37343e+06,3.38308e+08,-1.28871e+09,-1.78868e+08,-1.93697e+08,-5.13078e+08,0.000957722,0.000150081,-5.09773e-26
0,2.20601e+09,-2.50816e+07,3.26718e+08,-5.13373e+09,-3.94644e+08,-2.71963e+08,-5.24532e+08,0.000928152,0.000137463,-3.28881e-24
0,2.14318e+09,-883566,3.20337e+08,3.73919e+09,-1.15309e+09,2.1823e+08,-4.08221e+08,0.000980073,0.000146489,2.27442e-24
0,1.97023e+09,-4.50773e+06,3.08198e+08,-2.28722e+09,-8.2821e+08,-9.70383e+07,-1.05063e+09,0.00101132,0.000158198,-2.40497e-24
0,2.01705e+09,-2.94363e+07,3.11029e+08,-4.6435e+08,3.20727e+08,1.83373e+08,-1.09307e+09,0.00099003,0.000152663,3.61693e-26
0,2.13843e+09,150907,3.08162e+08,3.64198e+09,-2.65423e+09,-2.21466e+08,-9.41633e+07,0.000918211,0.00013232,9.06479e-24
0,2.10457e+09,-4.8886e+06,3.32683e+08,6.18525e+08,6.07428e+07,-2.00938e+08,-7.04271e+08,0.000949185,0.000150044,-5.7792e-27
0,2.15863e+09,-1.59567e+07,2.91218e+08,-4.84418e+09,-2.12939e+09,-1.06762e+08,-9.07927e+08,0.00113495,0.000153114,-3.89526e-23
0,2.07407e+09,2.7615e+07,3.33598e+08,7.69022e+09,-1.18936e+08,2.46161e+08,-6.88535e+08,0.000956892,0.000153909,2.54527e-23
0,2.11458e+09,-1.11642e+07,3.25273e+08,-7.03382e+09,-1.12691e+09,-4.76873e+08,-6.1386e+08,0.000989789,0.000152253,-1.43299e-23
0,2.07557e+09,2.46404e+06,3.26927e+08,-6.41123e+08,-5.49915e+08,-1.94921e+07,-7.26858e+08,0.000966966,0.000152309,-5.43578e-26
0,2.06863e+09,1.12707e+07,3.35186e+08,-1.19998e+09,7.05749e+08,-2.81147e+08,-5.58756e+08,0.000939533,0.000152235,-1.5643e-25
0,2.32874e+09,6.86964e+06,3.35382e+08,1.76896e+09,-8.44621e+08,-3.29818e+07,-2.45305e+08,0.000909534,0.000130989,1.65167e-25
0,2.22019e+09,4.97259e+06,3.24186e+08,1.06985e+09,-1.44669e+09,1.59239e+08,-7.99598e+08,0.00101595,0.000148347,1.17606e-24
0,2.05388e+09,-4.26171e+06,3.31056e+08,-1.08968e+09,-2.28491e+06,-1.42255e+08,-8.70539e+08,0.000985871,0.000158908,-3.50783e-26
0,2.1162e+09,-2.42481e+07,3.13199e+08,-4.78615e+08,-3.67362e+08,-7.4312e+07,-7.00825e+08,0.000943558,0.000139648,-1.11109e-26
0,2.11122e+09,-1.23834e+07,3.09326e+08,3.97596e+09,-2.89567e+09,-7.89575e+07,-3.22436e+07,0.000923688,0.000135334,1.30079e-23
0,2.20893e+09,2.03074e+07,3.07538e+08,3.52447e+09,-1.82778e+09,6.88345e+06,-8.47523e+08,0.0010152,0.000141341,8.83645e-24
0,1.95035e+09,-1.43509e+07,2.98e+08,-2.67734e+09,7.63828e+08,-5.41938e+08,-1.16237e+09,0.00100196,0.000153092,-4.39773e-24
0,2.03218e+09,-4.42505e+06,3.24442e+08,-2.39623e+09,1.96509e+08,4.47798e+07,-9.73304e+08,0.000974808,0.00015563,-1.1451e-24
0,2.15649e+09,-1.85526e+07,3.19758e+08,-1.20637e+09,-1.16835e+09,4.69027e+08,-3.24609e+08,0.000997909,0.000147967,-2.56177e-25
0,2.12664e+09,-3.27726e+07,3.24604e+08,-5.3592e+09,-2.57275e+08,-1.37521e+08,-8.46637e+08,0.000972163,0.000148388,-9.96616e-24
0,2.03043e+09,-1.78696e+07,3.29063e+08,-7.12549e+09,6.61495e+07,-1.86139e+08,-6.00921e+08,0.000977098,0.000158354,-2.24444e-23
0,1.8466e+09,-6.44984e+07,2.74176e+08,2.93915e+09,-3.40132e+09,-8.961e+07,-1.05251e+09,0.00111563,0.000165644,1.13064e-22
0,2.09509e+09,2.54447e+07,3.32838e+08,7.2805e+09,-3.52509e+08,4.58956e+08,-6.68508e+08,0.000976862,0.00015519,1.99647e-23
0,1.79441e+09,-3.24047e+07,2.70017e+08,-2.49666e+09,-4.24842e+08,1.271e+08,-1.33206e+09,0.00108209,0.000162829,-5.50767e-24
0,2.06028e+09,-1.71924e+07,3.27042e+08,-7.67854e+09,-8.88185e+08,-5.02119e+08,-5.29673e+08,0.000965482,0.000153257,-1.52754e-23
0,1.95568e+09,6.24332e+06,2.91219e+08,5.20689e+09,2.70856e+08,-1.12231e+08,-9.63323e+08,0.00113068,0.000168369,3.35183e-23
0,2.10915e+09,2.68067e+07,3.28373e+08,-1.08961e+09,6.30173e+08,-4.62531e+08,-5.97287e+08,0.000947845,0.00014757,-1.71583e-25
0,2.10124e+09,-1.9017e+07,3.33174e+08,-6.35305e+09,-3.10593e+07,-1.95222e+08,-6.20386e+08,0.000927802,0.000147113,-1.0496e-23
0,2.00454e+09,-1.31093e+07,3.40319e+08,2.34508e+09,3.34843e+08,-1.48399e+08,-2.60404e+08,0.000914043,0.000155181,2.04157e-25
0,2.13077e+09,-71958.3,3.26114e+08,-2.09647e+09,-8.56511e+08,2.26065e+08,-8.42008e+08,0.001008,0.000154274,-1.24452e-24
0,1.99652e+09,-4.34315e+07,3.0805e+08,-4.51832e+09,9.9587e+08,-3.31531e+08,-8.27393e+08,0.00103934,0.000160364,-1.49771e-23
0,1.88396e+09,-4.17443e+06,3.31306e+08,-5.36659e+09,6.00753e+08,-2.86733e+08,-6.21078e+08,0.000941026,0.000165485,-1.38863e-23
0,2.216e+09,-4.92032e+06,3.37901e+08,-9.48485e+08,-4.35807e+08,-2.47224e+08,-4.67005e+08,0.000948103,0.000144569,-2.39283e-26
0,2.09198e+09,-82771.8,3.23808e+08,6.23442e+09,-1.54817e+09,1.3901e+08,-6.80322e+08,0.000996159,0.000154191,2.11908e-23
0,2.11759e+09,-4.36428e+07,2.99941e+08,-4.38506e+09,-1.28762e+09,-3.75608e+07,-8.83172e+08,0.00100701,0.000142636,-1.04345e-23
0,1.97189e+09,-2.30331e+07,2.93309e+08,-1.56887e+10,-6.13452e+08,-3.00727e+08,-7.97465e+08,0.00107004,0.000159164,-5.55049e-22
0,2.08782e+09,-9.36107e+06,3.3511e+08,-5.87613e+09,1.92856e+08,-4.603e+07,-5.68523e+08,0.000920964,0.000147821,-7.71376e-24
0,2.12381e+09,-1.55626e+06,3.19538e+08,-1.48674e+09,-2.93537e+08,-1.87717e+08,-7.53016e+08,0.000971244,0.000146129,-1.43503e-25
0,2.07763e+09,-1.28958e+07,3.34798e+08,-2.92471e+09,-4.37686e+08,-1.20586e+08,-5.77892e+08,0.000971117,0.00015649,-1.24708e-24
0,1.82537e+09,-4.21131e+07,2.99351e+08,3.21283e+09,5.42125e+07,2.68052e+08,-8.63858e+08,0.0010111,0.000165816,5.52111e-24
0,2.15843e+09,-2.20885e+07,3.15553e+08,-1.98435e+09,-4.87173e+08,3.40901e+08,-6.36609e+08,0.000956932,0.000139899,-4.21158e-25
0,1.84192e+09,-1.2289e+07,2.87437e+08,-1.47526e+10,4.04553e+08,-1.24765e+08,-9.23654e+08,0.00101544,0.000158463,-6.09376e-22
0,2.03912e+09,7.30052e+06,3.26729e+08,-2.77957e+09,2.08446e+08,-1.82309e+08,-9.41612e+08,0.000967006,0.000154944,-1.8092e-24
0,2.17301e+09,-3.06567e+07,3.17151e+08,-6.89472e+09,-1.18001e+09,-1.33572e+08,-8.07594e+08,0.00100738,0.000147027,-2.44256e-23
0,2.18941e+09,-6.16757e+06,3.23711e+08,-9.09806e+08,-6.70069e+08,3.72175e+08,-5.23194e+08,0.000945732,0.00013983,-2.76375e-26
0,2.08122e+09,1.14075e+07,3.26817e+08,5.69357e+09,3.72748e+08,4.1325e+08,-7.55064e+08,0.000925696,0.000145363,1.06515e-23
0,2.03626e+09,2.14526e+07,3.24475e+08,8.58797e+08,1.98752e+08,-5.15575e+08,-6.99054e+08,0.000944727,0.000150541,-3.38316e-27
0,2.04257e+09,-4.93893e+07,3.0697e+08,-5.52367e+09,-8.77857e+08,-4.53483e+08,-2.85234e+08,0.00101058,0.000151876,-2.01384e-24
0,2.10212e+09,-3.85184e+07,3.30867e+08,-6.27674e+09,3.56046e+08,-4.38205e+08,-5.81923e+08,0.000919324,0.000144699,-1.03899e-23
0,1.92333e+09,-3.04607e+07,3.09679e+08,-9.67491e+08,-7.08736e+08,3.98991e+08,-8.1941e+08,0.000951348,0.000153178,-1.32491e-26
0,1.87482e+09,-1.73255e+07,3.10551e+08,1.06457e+10,2.83049e+08,6.08099e+08,-5.5444e+08,0.000942283,0.000156083,9.32119e-23
0,1.87692e+09,4.11288e+07,3.22057e+08,1.06408e+09,1.24105e+09,-4.92554e+08,-8.10196e+08,0.00094402,0.000161983,-4.72008e-26
0,2.05301e+09,2.08157e+06,3.36148e+08,-1.32686e+09,-4.61811e+07,-2.48337e+08,-6.5597e+08,0.000967914,0.000158481,-8.51727e-26
0,1.73894e+09,-7.01715e+07,2.68623e+08,1.56179e+09,4.73352e+08,7.73246e+08,-1.13716e+09,0.00114746,0.000177254,2.08367e-24
0,2.02291e+09,-2.35586e+07,3.16223e+08,-4.74882e+09,-5.68319e+08,-6.28903e+08,-8.35352e+08,0.000962056,0.00015039,-5.66954e-24
0,2.15611e+09,5.32843e+07,3.10443e+08,6.35318e+09,-1.46373e+08,-2.69035e+08,-6.61321e+08,0.000952377,0.000137126,1.15327e-23
0,1.88553e+09,-5.89113e+07,3.12926e+08,-3.86434e+09,-2.38578e+08,-2.03363e+08,-9.21946e+08,0.000953437,0.000158234,-6.3761e-24
0,2.27644e+09,3.10985e+07,3.15765e+08,1.67154e+09,-5.49467e+08,-6.20207e+07,-1.48074e+08,0.000937174,0.000129996,7.93363e-26
0,2.29857e+09,2.18053e+07,3.26656e+08,4.2631e+09,-1.10022e+09,-1.16474e+08,-3.30138e+08,0.00092832,0.000131926,2.04834e-24
0,2.11686e+09,-1.74069e+07,3.26128e+08,-4.12881e+09,-2.41988e+07,-3.7937e+08,-5.53344e+08,0.000957635,0.000147535,-2.77788e-24
0,2.14205e+09,1.19089e+07,3.34568e+08,-3.65887e+09,1.84637e+08,-3.21258e+08,-5.17042e+08,0.000935846,0.00014617,-1.72846e-24
0,2.31357e+09,1.47945e+07,3.33815e+08,3.01536e+09,-5.72808e+08,-1.18225e+08,-2.11626e+08,0.000898987,0.000129711,3.22065e-25
0,1.9733e+09,-4.56057e+07,3.06744e+08,-8.71899e+09,6.675e+08,1.36239e+08,-8.65556e+08,0.000949333,0.000147571,-5.69494e-23
0,1.65069e+09,5.5521e+06,2.86843e+08,-9.76756e+09,7.53022e+08,1.61636e+08,-8.74473e+08,0.000961901,0.000167151,-2.09701e-22
0,1.92409e+09,-1.51834e+07,3.13425e+08,3.96357e+09,-6.60205e+08,2.98166e+08,-8.67827e+08,0.00103656,0.000168851,8.69725e-24
0,1.89348e+09,-6.96198e+07,2.73878e+08,-2.22224e+09,-3.02401e+07,3.27416e+08,-1.08273e+09,0.00107045,0.000154833,-1.94959e-24
0,1.95186e+09,-1.25236e+07,2.98422e+08,1.86168e+09,1.53806e+09,3.90888e+08,-8.72016e+08,0.000927013,0.000141732,9.5396e-25
0,1.94752e+09,1.72901e+07,2.71459e+08,-2.03768e+09,-3.3754e+09,-3.09477e+08,4.55528e+08,0.00100976,0.000140747,-1.96468e-23
0,2.06486e+09,-3.27134e+07,3.08332e+08,1.29263e+09,2.8684e+08,-1.25992e+08,-6.72258e+08,0.00105476,0.000157501,1.45038e-25
0,2.19064e+09,5.49246e+07,3.03036e+08,-6.37243e+09,-3.82673e+08,4.4562e+08,2.01745e+08,0.000960667,0.000132891,2.1616e-24
0,2.31167e+09,1.83666e+07,3.28809e+08,4.13424e+09,-1.02945e+09,-1.30104e+08,-3.35199e+08,0.000929627,0.000132229,1.79145e-24
0,2.06507e+09,-8.58643e+06,3.20909e+08,-1.84189e+09,7.14653e+08,2.27778e+08,-7.41197e+08,0.000936831,0.000145582,-2.43007e-25
0,1.98279e+09,5.93097e+06,3.04704e+08,-5.79586e+09,-9.08486e+08,-5.52338e+08,2.99969e+08,0.00089726,0.000137886,8.52216e-24
0,2.31846e+09,1.20383e+07,3.3354e+08,1.86131e+09,-6.85469e+08,-1.27562e+08,-1.92784e+08,0.000916032,0.000131783,1.34954e-25
0,2.11999e+09,-4.26572e+07,3.26812e+08,-9.9027e+09,1.26985e+08,-2.19719e+08,-5.57779e+08,0.000940998,0.000145062,-3.77617e-23
0,1.90796e+09,-1.91592e+07,2.93286e+08,-5.15065e+09,9.92356e+08,-7.48685e+07,-3.82329e+08,0.000980228,0.000150678,-7.68474e-24
0,2.04311e+09,-2.71302e+07,3.14023e+08,-3.06401e+09,1.18629e+09,1.24652e+08,-7.69185e+08,0.00091273,0.000140285,-1.18065e-24
0,1.75949e+09,-4.87236e+07,2.74273e+08,-1.13803e+08,2.85658e+09,7.62275e+08,-1.07446e+09,0.00114356,0.000178261,-7.55536e-24
0,2.12433e+09,-2.90484e+07,3.13591e+08,-1.36467e+09,3.29291e+08,-1.66041e+08,-5.26664e+08,0.00104903,0.000154856,-1.86658e-25
0,2.10491e+09,2.67919e+07,3.17901e+08,2.70635e+09,-6.3673e+08,1.20859e+08,-7.15181e+08,0.000990171,0.000149544,1.42144e-24
0,1.92405e+09,4.49802e+07,3.23811e+08,3.30317e+09,1.28542e+09,-4.33008e+08,-8.41349e+08,0.000954757,0.000160683,1.59433e-24
0,2.04398e+09,6.97936e+06,3.30244e+08,-1.25171e+08,-1.50203e+08,-7.28133e+07,-7.81198e+08,0.00095859,0.000154878,2.32832e-27
0,2.07742e+09,-1.02228e+06,3.1631e+08,7.66157e+09,3.245e+08,6.50683e+08,-4.44066e+08,0.00105168,0.00016013,3.17584e-23
0,2.17962e+09,2.83808e+06,3.30774e+08,3.65028e+08,-1.05079e+09,-3.40734e+08,-3.83376e+08,0.000964958,0.00014644,-6.24761e-26
0,1.91325e+09,503907,3.06775e+08,4.23397e+09,-1.14092e+09,3.19809e+08,-6.58447e+08,0.000969085,0.000155385,6.95811e-24
0,2.0472e+09,3.08222e+06,3.35754e+08,1.57899e+09,-2.82504e+08,-2.42291e+07,-4.95269e+08,0.000982527,0.000161141,2.0903e-25
0,2.00769e+09,5.03806e+07,3.1828e+08,4.1534e+09,9.60034e+08,-6.31178e+07,-9.67132e+08,0.000980418,0.000155426,7.354e-24
0,2.01519e+09,-6.04627e+06,3.18369e+08,3.83497e+09,1.53415e+09,4.23544e+08,-7.0298e+08,0.000899776,0.000142151,4.40834e-24
0,1.92924e+09,-5.53093e+07,2.83589e+08,-6.17963e+09,7.92021e+08,6.60928e+08,-9.18496e+08,0.000991519,0.000145749,-2.32061e-23
0,1.87049e+09,-3.1258e+07,3.10392e+08,4.06973e+09,1.44284e+09,2.33814e+07,-7.10993e+08,0.000957415,0.000158875,5.86329e-24
0,2.02152e+09,-7.05139e+06,3.24083e+08,8.53993e+08,9.8407e+08,1.9137e+08,-7.57045e+08,0.000924891,0.000148275,6.88178e-26
0,1.95494e+09,5.58587e+07,2.94909e+08,7.41244e+09,6.19662e+08,-3.73611e+08,-1.16362e+09,0.00098488,0.000148572,5.59416e-23
0,1.86221e+09,-1.86601e+06,3.06569e+08,-3.82564e+09,-157852,5.04845e+07,-6.20313e+08,0.00108011,0.000177814,-8.87518e-24
0,2.02933e+09,-2.06459e+07,3.23849e+08,5.46939e+08,6.25828e+08,-4.42287e+08,-5.19193e+08,0.00105747,0.000168756,-3.88151e-28
0,2.20715e+09,-1.89351e+06,3.16129e+08,1.13051e+09,-8.38485e+08,6.95222e+07,7.4391e+07,0.000919225,0.00013166,4.51086e-26
0,2.03129e+09,-2.70969e+07,3.28214e+08,1.12572e+09,-9.85468e+08,-4.63832e+08,-4.76982e+08,0.000957632,0.000154734,1.57791e-25
0,2.14476e+09,2.69853e+07,3.33189e+08,4.37108e+09,5.68221e+06,1.70734e+08,-5.93666e+08,0.000929204,0.000144352,2.96069e-24
0,1.93137e+09,4.46729e+06,2.75767e+08,-1.08183e+09,5.43627e+08,-1.15713e+08,7.78008e+08,0.00104017,0.000148519,2.88575e-25
0,2.06442e+09,2.49026e+07,2.84282e+08,-4.75543e+09,-2.72893e+08,2.97392e+08,6.21638e+08,0.000956378,0.000131699,5.17365e-24
0,2.24961e+09,-1.61762e+07,3.26498e+08,-3.33977e+09,-1.16823e+09,-1.27422e+08,-4.52172e+08,0.000949209,0.000137764,-1.55662e-24
0,2.00712e+09,-1.62426e+07,3.24631e+08,3.77537e+09,8.41518e+08,8.27163e+08,-7.28387e+08,0.000927448,0.000150005,6.47306e-24
0,2.26576e+09,-1.03312e+07,3.29912e+08,7.40275e+08,-1.35498e+08,1.12989e+07,-2.97151e+08,0.000899099,0.000130916,4.53018e-27
0,2.12549e+09,-2.98706e+06,3.15429e+08,2.80661e+09,2.95684e+08,-3.55892e+08,-4.8189e+08,0.00102345,0.000151883,8.48339e-25
0,2.1781e+09,2.19064e+06,3.27844e+08,6.30631e+09,6.39782e+08,4.60636e+08,5.87969e+07,0.000936767,0.000141001,1.28307e-24
0,2.05658e+09,2.56584e+06,3.23873e+08,3.87787e+09,-6.0503e+08,-6.38552e+07,-5.89091e+08,0.000923284,0.0001454,2.86531e-24
0,2.0778e+09,1.4459e+07,3.23292e+08,2.43045e+09,-8.15443e+08,-5.06022e+08,-7.97911e+08,0.000999394,0.000155499,1.7304e-24
0,2.16978e+09,3.87877e+07,3.15526e+08,1.04647e+10,-1.07986e+09,2.13806e+08,-4.9627e+08,0.000972233,0.000141381,3.85791e-23
0,2.01091e+09,-2.10935e+07,3.05355e+08,-1.52908e+09,-9.94322e+07,1.32386e+08,-9.93626e+08,0.000981866,0.000149096,-2.2812e-25
0,2.05531e+09,6.06685e+07,2.98219e+08,9.87871e+09,-5.44585e+08,-3.4571e+08,-9.98882e+08,0.00100777,0.000146224,1.14681e-22
0,2.09107e+09,5.00689e+06,3.11891e+08,6.60631e+08,-8.32859e+08,-5.27763e+08,-1.00932e+09,0.00102047,0.000152207,-3.26565e-25
0,2.24348e+09,-2.85312e+07,3.18511e+08,1.76281e+09,-1.23305e+09,-1.26027e+07,-1.40386e+08,0.000915363,0.000129956,3.87039e-25
0,2.25201e+09,2.61697e+07,3.2804e+08,-5.03852e+09,-5.50326e+08,1.23493e+08,1.23522e+08,0.000899306,0.000130998,3.96458e-25
0,1.83412e+09,3.97237e+06,2.71988e+08,1.06262e+10,1.53991e+09,-1.02058e+08,-9.33148e+08,0.00106027,0.000157231,2.71552e-22
0,2.14646e+09,1.17518e+07,3.35861e+08,2.44162e+09,-2.71339e+08,1.5047e+08,-4.80924e+08,0.000951729,0.000148919,4.28367e-25
0,1.95301e+09,-2.7102e+07,3.07244e+08,-6.5141e+09,-1.76694e+09,-6.03608e+08,-9.00488e+08,0.00100985,0.000158867,-3.32398e-23
0,2.25372e+09,7.29886e+06,3.36007e+08,7.89671e+08,-7.88986e+08,-1.67373e+07,-4.61839e+08,0.00096551,0.000143948,9.0495e-26
0,2.01589e+09,2.05231e+07,3.3191e+08,6.33153e+09,2.49186e+08,6.9147e+08,-7.82062e+08,0.000953107,0.000156926,2.02163e-23
0,2.30509e+09,-1.19729e+07,3.13132e+08,6.29576e+09,4.97731e+08,-1.33273e+08,5.98633e+07,0.000979085,0.000133002,-1.34076e-24
0,1.97043e+09,1.96211e+07,3.10014e+08,5.03966e+09,1.87225e+09,-1.69065e+08,-5.63846e+08,0.00101103,0.000159068,1.97191e-24
0,2.23171e+09,-3.40607e+07,3.24437e+08,-6.48801e+09,-2.65659e+08,5.00809e+07,-3.90066e+08,0.000915218,0.000133051,-5.03614e-24
0,2.18525e+09,1.68491e+07,3.3539e+08,3.76434e+09,-1.20646e+08,1.88046e+08,-4.40246e+08,0.000910688,0.000139771,1.10741e-24
0,1.979e+09,-1.30582e+07,3.07408e+08,3.89871e+09,1.23586e+09,6.18991e+08,-9.22558e+08,0.000926707,0.00014395,8.59318e-24
0,1.8913e+09,-1.93128e+07,3.22695e+08,3.90821e+09,-1.21812e+08,2.65322e+08,-3.85534e+08,0.000964636,0.000164587,2.88206e-24
0,2.1442e+09,2.24117e+07,3.35482e+08,1.67402e+09,2.85573e+06,2.38634e+08,-5.89206e+08,0.000960241,0.00015024,1.61676e-25
0,2.16972e+09,5.15855e+06,3.34754e+08,1.22503e+09,-4.65049e+08,-9.80585e+06,-5.47447e+08,0.000957766,0.000147769,1.0009e-25
0,2.04734e+09,8.70042e+06,3.0565e+08,4.34928e+09,-1.52618e+09,3.34451e+08,-1.19262e+09,0.00109185,0.000163004,2.30894e-23
0,2.11789e+09,3.07707e+07,3.20444e+08,8.14684e+09,-4.78641e+08,2.91297e+08,-7.42921e+08,0.0009619,0.000145539,2.88787e-23
0,2.1977e+09,-5.91674e+06,3.26904e+08,-1.48769e+09,-2.46466e+08,-1.19478e+08,-4.34254e+08,0.000911224,0.000135543,-6.14606e-26
0,2.23744e+09,8.81476e+06,3.16091e+08,2.64581e+09,-1.8019e+09,1.28978e+08,-5.77675e+08,0.000983249,0.000138907,3.57523e-24
0,2.24387e+09,6.85035e+06,3.41827e+08,-2.78635e+09,-4.16419e+07,-1.9363e+08,1.14084e+08,0.00096131,0.000146444,1.52536e-25
0,2.06074e+09,-1.02122e+07,3.35083e+08,-2.0685e+09,-2.12371e+08,3.1515e+07,-5.47546e+08,0.000977446,0.000158936,-4.57845e-25
0,2.28683e+09,1.64178e+07,3.01166e+08,5.46841e+09,1.65671e+09,-6.16396e+07,2.08227e+08,0.00102545,0.000135047,-7.3235e-24
0,2.32704e+09,9.54757e+06,3.30919e+08,2.21829e+09,-1.08329e+09,-7.77275e+07,-2.63898e+08,0.000917243,0.000130437,4.27389e-25
0,1.96929e+09,-1.94898e+07,3.24247e+08,5.40633e+09,2.44876e+08,6.90659e+07,-2.86624e+08,0.000999218,0.000164523,6.29364e-24
0,2.15327e+09,1.28178e+07,3.37223e+08,8.01533e+07,-2.39038e+08,5.7621e+07,-5.28003e+08,0.0009715,0.000152146,1.55697e-27
0,2.18291e+09,-2.40557e+07,3.14389e+08,-5.74097e+09,-1.46065e+09,-3.68621e+08,-8.06561e+08,0.000996094,0.00014346,-1.27459e-23
0,2.20393e+09,-1.37417e+07,3.25062e+08,-5.24811e+09,-1.41328e+09,-4.28287e+08,-6.5737e+08,0.000995775,0.000146869,-6.86161e-24
0,2.12724e+09,3.84379e+06,3.25903e+08,6.36253e+09,-6.24308e+08,4.34103e+08,-5.19928e+08,0.000973692,0.000149174,8.16039e-24
0,2.15908e+09,1.47535e+07,3.01781e+08,3.57605e+08,8.46959e+08,1.81871e+08,5.14342e+08,0.000990481,0.000138443,-1.22125e-25
0,2.04628e+09,3.35607e+07,2.89625e+08,1.03043e+10,-1.12336e+08,1.28201e+07,-8.54696e+08,0.00115263,0.00016314,2.10621e-22
0,2.02033e+09,3.78868e+07,3.2274e+08,-1.39502e+10,-1.42295e+09,-3.71035e+08,-4.65063e+07,0.000983595,0.000157126,1.21574e-23
0,2.06342e+09,-1.36894e+07,2.65444e+08,-1.64485e+09,-5.81332e+08,1.64348e+08,2.07184e+08,0.001066,0.000137133,-1.07517e-27
0,1.9206e+09,2.13605e+07,2.91226e+08,2.6324e+08,-4.68241e+08,2.26809e+07,-1.41359e+09,0.00108932,0.000165177,-7.26304e-26
0,1.79244e+09,4.2312e+07,2.99881e+08,-5.15791e+09,-4.68141e+07,-7.41611e+07,-8.79662e+08,0.00100145,0.000167546,-2.54515e-23
0,2.16741e+09,-6.71491e+07,3.0551e+08,-1.16524e+10,-5.36633e+08,4.20348e+08,-7.16818e+08,0.000972711,0.00013711,-8.88909e-23
0,2.08882e+09,-1.25298e+06,3.38231e+08,-4.18321e+09,-2.61106e+08,-1.59489e+08,-4.07187e+08,0.000931147,0.000150775,-1.94255e-24
0,2.01158e+09,1.73115e+07,3.30194e+08,5.80016e+09,-2.26698e+08,6.49889e+08,-9.03253e+08,0.00100955,0.000165713,1.8843e-23
0,2.00879e+09,-1.98233e+07,3.24282e+08,5.18057e+09,6.14207e+08,-1.25214e+08,-2.78264e+08,0.0010134,0.000163595,4.16583e-24
0,2.03329e+09,1.20757e+07,3.02346e+08,-7.20223e+07,-2.41607e+08,-1.97362e+08,-9.46141e+08,0.000982252,0.000146059,-1.28639e-26
0,2.00775e+09,2.92321e+07,2.80492e+08,9.29976e+08,-1.36196e+09,-4.81881e+07,-1.31462e+09,0.00106314,0.000148526,1.52883e-24
0,2.15724e+09,-3.80097e+06,3.35106e+08,-2.12067e+09,-5.00834e+08,-3.22544e+07,-5.20687e+08,0.000949098,0.000147433,-3.85904e-25
0,1.92783e+09,4.42035e+07,3.24881e+08,-1.24764e+10,-1.34915e+09,-1.77085e+08,-4.93188e+07,0.000944925,0.000159241,-5.31897e-24
0,2.0874e+09,5.63309e+07,3.19617e+08,5.9018e+09,7.23185e+08,-1.36669e+08,-7.36787e+08,0.00094442,0.000144607,1.07198e-23
0,2.05256e+09,2.37073e+06,3.34012e+08,-3.18891e+09,2.92525e+08,-1.65423e+08,-5.82404e+08,0.000921897,0.00015002,-1.46498e-24
0,1.88072e+09,6.0058e+07,3.06635e+08,6.00748e+09,-6.04331e+08,-4.84135e+08,-5.98079e+08,0.000955268,0.000155748,2.13782e-23
0,2.32887e+09,392118,3.43583e+08,7.90196e+07,3.93188e+07,2.29755e+06,3.21719e+07,0.000874012,0.000128945,-1.01822e-30
0,2.18111e+09,-3.64941e+07,3.25557e+08,4.70132e+09,-1.44908e+09,-2.15659e+08,1.41241e+08,0.000877551,0.000130985,1.14348e-24
0,2.19269e+09,-1.05203e+07,3.2831e+08,1.81094e+09,-4.42859e+08,1.08402e+08,-4.65596e+08,0.00100335,0.000150231,2.36766e-25
0,2.21431e+09,2.68347e+07,3.19023e+08,-5.82401e+09,-1.71099e+09,1.39934e+08,-2.338e+08,0.000983965,0.000141763,-9.48274e-24
0,2.17935e+09,2.4784e+07,3.3708e+08,8.41195e+08,1.04776e+08,-5.12244e+07,-4.65244e+07,0.000856369,0.000132454,6.24801e-28
0,2.14236e+09,-3.30382e+07,3.09917e+08,-4.31191e+09,-1.12588e+09,1.67179e+08,-6.36994e+08,0.000993498,0.000143721,-6.8998e-24
0,2.30462e+09,2.29661e+07,3.16869e+08,-4.6654e+08,3.15631e+08,-8.84838e+07,-3.55e+07,0.000976364,0.000134243,1.09677e-28
0,2.07696e+09,-7.24024e+06,2.82728e+08,-2.45716e+09,-7.5034e+08,-3.84098e+07,4.74877e+08,0.000962654,0.000131042,6.16325e-25
0,2.32508e+09,7.50044e+06,3.36102e+08,-9.0866e+08,3.54385e+08,9.34975e+07,4.48233e+07,0.000899691,0.000130055,6.21113e-27
0,2.13764e+09,-1.61757e+07,3.13933e+08,-4.7904e+09,-3.69721e+08,-5.3946e+08,3.23758e+07,0.000948612,0.000139313,1.37141e-24
0,1.88985e+09,2.66742e+07,2.78259e+08,6.89423e+09,-4.248e+07,-1.68031e+08,-1.01411e+09,0.00100875,0.000148526,5.64168e-23
0,2.02402e+09,-4.22061e+07,2.59432e+08,2.18604e+09,6.17518e+08,-1.30602e+08,4.15921e+08,0.00105627,0.00013539,-1.0802e-24
0,2.00835e+09,4.39044e+06,3.27972e+08,-1.81624e+09,3.79542e+08,-4.23167e+08,-8.58369e+08,0.000940391,0.000153569,-5.22863e-25
0,2.27378e+09,-2.85872e+06,3.33378e+08,-1.01722e+09,-1.15638e+09,-2.7812e+07,-5.65528e+08,0.000979457,0.000143606,-3.5858e-25
0,1.98456e+09,-1.43078e+06,3.20921e+08,2.96672e+09,-3.4545e+08,3.32698e+08,-1.21213e+09,0.001033,0.000167045,3.62212e-24
0,1.80772e+09,-1.7724e+07,2.65182e+08,-8.21365e+08,8.03254e+08,2.85508e+08,-1.54177e+09,0.00105216,0.000154345,1.64652e-25
0,2.06597e+09,-3.64542e+06,3.35384e+08,-1.90272e+09,3.8349e+08,-2.21306e+08,-5.2982e+08,0.00092049,0.00014943,-3.21692e-25
0,2.1381e+09,-4.85312e+07,3.09233e+08,-5.72821e+09,-3.30128e+08,2.20013e+08,-6.43779e+08,0.000978453,0.000141514,-1.01939e-23
0,2.11786e+09,-4.98626e+07,3.2483e+08,-1.07107e+10,1.30315e+08,-3.56943e+08,-5.8627e+08,0.000917559,0.000140732,-4.4761e-23
0,2.23412e+09,1.88625e+06,3.34301e+08,-2.05306e+08,-1.74317e+08,7.94929e+07,-3.48664e+08,0.000904965,0.000135414,3.79631e-28
0,1.87897e+09,3.22535e+06,3.18496e+08,-1.72677e+09,-3.32237e+08,-6.36272e+08,-8.77575e+08,0.000977723,0.000165729,1.4126e-25
0,2.09355e+09,-1.94056e+07,3.28027e+08,-2.32024e+09,1.89173e+08,2.69372e+07,-4.95303e+08,0.000985425,0.0001544,-5.4669e-25
0,2.30986e+09,1.15368e+07,3.36078e+08,-3.11522e+09,9.30717e+07,7.57121e+07,4.49676e+07,0.000893857,0.000130054,5.41628e-26
0,1.98807e+09,-4.07465e+07,3.13155e+08,-5.99879e+09,-7.39683e+08,-4.19823e+08,-1.06731e+09,0.00105324,0.000165903,-3.33177e-23
0,2.05446e+09,8.23103e+06,2.98933e+08,-1.1948e+09,-2.07761e+08,-3.27298e+08,-1.02697e+09,0.00100982,0.000146933,-1.13552e-27
0,2.0308e+09,9.73904e+06,3.26057e+08,9.16224e+08,4.13882e+08,-5.42802e+07,-7.35266e+08,0.000947241,0.000152085,3.25676e-26
0,2.12535e+09,1.34216e+07,3.03848e+08,-9.8813e+08,-2.49904e+08,2.12741e+08,6.97894e+08,0.00106023,0.000151574,3.605e-26
0,1.92074e+09,7.42551e+06,2.93586e+08,3.89633e+09,5.72539e+08,-4.48734e+07,-1.0921e+09,0.000999146,0.00015272,9.3088e-24
0,1.79188e+09,2.77778e+07,2.95695e+08,1.46208e+10,-3.05237e+08,5.31706e+08,5.42568e+07,0.000924771,0.000152605,-4.10106e-23
0,1.87555e+09,3.82291e+07,3.11795e+08,4.36492e+09,5.29625e+08,-6.9675e+08,-9.69879e+08,0.000947607,0.000157532,7.73691e-24
0,1.97838e+09,4.14214e+07,3.07714e+08,-6.32033e+09,-1.78416e+09,-1.745e+06,-6.08933e+08,0.00100264,0.000155949,-3.48427e-23
0,2.31959e+09,1.07958e+07,3.35228e+08,2.26589e+09,-5.54308e+08,2.44579e+07,-2.33063e+08,0.000915621,0.000132326,1.43836e-25
0,2.13729e+09,-2.77719e+07,3.34185e+08,-7.04557e+09,-6.12655e+08,-5.25582e+08,-4.35235e+08,0.000938243,0.000146703,-6.60926e-24
0,2.01104e+09,4.53433e+06,3.28573e+08,-4.92451e+09,1.97383e+08,-1.05035e+08,-4.94975e+08,0.000915792,0.000149626,-4.71634e-24
0,1.8952e+09,1.34994e+07,3.05802e+08,2.91531e+09,1.22049e+08,2.23343e+08,-1.57372e+09,0.00104687,0.000168919,5.70555e-24
0,2.07992e+09,-3.10223e+06,2.95347e+08,-3.89952e+09,4.1334e+08,4.10566e+08,-7.26422e+08,0.000979548,0.000139095,-3.24376e-24
0,2.15148e+09,2.07063e+07,3.048e+08,3.55351e+09,-1.72089e+09,1.98351e+08,-8.65661e+08,0.00102293,0.000144918,8.95538e-24
0,1.98437e+09,2.72283e+07,3.12225e+08,3.79524e+09,-2.30219e+08,-9.16943e+07,-1.06804e+09,0.000981545,0.000154438,6.53311e-24
0,1.97237e+09,1.30338e+07,3.06541e+08,4.04106e+09,3.56147e+08,3.02142e+07,-8.8914e+08,0.00094874,0.00014745,5.90756e-24
0,2.12795e+09,7.67777e+07,2.74265e+08,-6.56555e+09,-1.15172e+09,4.71978e+08,1.94432e+08,0.00106824,0.000137683,-2.53414e-24
0,2.13728e+09,2.28307e+07,3.26288e+08,2.00684e+09,-3.82314e+08,-4.40446e+08,-6.2741e+08,0.000967693,0.000147733,4.14844e-25
0,2.08719e+09,-6.20359e+07,3.1104e+08,-9.44046e+09,-8.97698e+07,3.69741e+07,-9.31906e+08,0.00100848,0.000150286,-8.18967e-23
0,1.81393e+09,-1.2309e+07,2.65543e+08,-1.05503e+10,-5.70611e+08,3.36712e+08,-9.44713e+08,0.00106501,0.000155908,-3.26428e-22
0,2.23498e+09,2.90283e+07,3.19183e+08,-4.79091e+07,-9.01742e+08,6.47307e+07,-1.31318e+08,0.000893547,0.00012761,4.14006e-27
0,2.32401e+09,5.93154e+06,3.34181e+08,-3.75177e+08,-7.95408e+08,-1.5315e+07,-2.42579e+08,0.000917425,0.000131921,-2.26828e-26
0,1.99799e+09,1.78692e+07,2.84075e+08,-5.41005e+08,-1.73028e+09,1.96974e+08,-1.30776e+09,0.00110861,0.000157623,-3.32034e-25
0,2.07808e+09,-5.72686e+07,3.13505e+08,-1.0309e+10,4.17997e+07,6.38626e+06,-8.77575e+08,0.000980356,0.000147899,-8.92116e-23
0,2.09016e+09,5.60348e+07,3.04007e+08,1.19478e+10,-4.86661e+08,-3.22567e+08,-6.31432e+08,0.000959389,0.00013954,9.31319e-23
0,2.05166e+09,-2.35676e+07,3.25585e+08,-2.13834e+09,1.14397e+09,1.35713e+08,-5.33273e+08,0.00091076,0.000144532,-8.34066e-26
0,1.92348e+09,-1.57594e+07,2.92025e+08,2.29036e+09,-2.74853e+09,-5.27713e+08,6.20658e+08,0.000938053,0.000142416,5.60645e-24
0,2.19163e+09,1.15735e+07,3.27357e+08,-5.36418e+08,-9.65738e+08,-4.59768e+08,-5.44297e+08,0.000978003,0.000146081,-2.2687e-25
0,1.80636e+09,-1.74372e+07,2.8894e+08,3.92752e+08,-1.41945e+08,4.53813e+07,-1.58713e+09,0.00107757,0.000172365,-4.18287e-25
0,2.04943e+09,-1.82338e+07,3.15773e+08,-2.73946e+09,-2.7114e+08,-1.99209e+08,-9.49501e+08,0.000977738,0.000150648,-1.61885e-24
0,1.88629e+09,2.23344e+07,2.69124e+08,-2.09545e+09,-3.52669e+08,-1.10189e+08,-1.41252e+09,0.00108841,0.000155287,-2.06305e-24
0,1.93532e+09,-81874.6,3.07818e+08,1.65204e+09,-5.27487e+08,1.23889e+08,-1.55751e+09,0.00107481,0.000170951,7.44479e-25
0,2.09254e+09,646606,3.43413e+08,-1.2071e+08,1.13678e+07,-2.9948e+07,-3.11054e+08,0.000948641,0.000155684,2.49538e-28
0,2.2214e+09,4.70181e+07,3.13475e+08,7.54915e+09,-6.25842e+08,-2.99856e+08,-5.15174e+08,0.000943758,0.000133179,1.42125e-23
0,2.01349e+09,-5.06655e+07,3.18184e+08,-1.03337e+10,5.91357e+08,-1.57793e+08,-8.31384e+08,0.000950956,0.000150276,-8.89571e-23
0,2.05834e+09,1.63059e+07,3.1824e+08,5.47564e+09,1.15234e+08,-6.66877e+07,-8.2268e+08,0.000948057,0.000146579,1.08998e-23
0,1.90808e+09,1.63294e+07,2.90101e+08,3.78808e+09,-6.71271e+08,5.12852e+07,-1.305e+09,0.00102139,0.000155291,1.23651e-23
0,1.93144e+09,4.83054e+07,2.97397e+08,6.21956e+09,-2.42977e+08,-2.89618e+08,-1.15826e+09,0.00102603,0.000157984,4.66546e-23
0,2.19301e+09,-1.03086e+07,3.28023e+08,-7.51238e+08,-7.83719e+08,-3.02904e+08,-6.11335e+08,0.000954329,0.000142745,-1.30546e-25
0,2.02608e+09,6.16808e+07,3.12047e+08,9.5705e+09,9.33921e+08,-1.96699e+08,-7.86911e+08,0.000933896,0.000143834,5.32649e-23
0,2.06839e+09,2.34474e+07,3.08546e+08,-7.22993e+09,-2.24292e+09,-3.59929e+08,-4.69431e+08,0.00103446,0.000154312,-3.35394e-23
0,2.28456e+09,-6.72028e+06,3.40491e+08,-7.39059e+08,-1.70087e+08,-810058,-1.91721e+08,0.000896186,0.000133568,-3.40296e-27
0,2.01745e+09,6.52785e+07,2.98666e+08,7.92579e+09,-5.74788e+08,-4.07874e+08,-1.16952e+09,0.00106418,0.000157542,1.00451e-22
0,2.14303e+09,-1.47908e+07,3.22947e+08,-2.04089e+09,-1.32858e+09,-2.30117e+08,-7.43903e+08,0.00101653,0.000153188,-2.11756e-24
0,1.98608e+09,-1.66614e+07,3.16059e+08,-1.4494e+09,5.31547e+08,1.35946e+07,-9.8402e+08,0.000970696,0.000154473,-2.61894e-25
0,2.24676e+09,4.81622e+06,3.21582e+08,5.34451e+08,-1.63244e+09,-8.3305e+07,-7.15693e+08,0.00100393,0.000143694,3.8815e-25
0,2.01884e+09,-3.57502e+07,2.96902e+08,-3.73259e+09,-9.58574e+07,4.75673e+08,-1.05366e+09,0.00099958,0.000147004,-5.87627e-24
0,2.3043e+09,9.90275e+06,3.3274e+08,3.3819e+08,-9.10816e+08,-1.79433e+08,-1.86192e+08,0.000915467,0.000132193,3.61057e-27
0,1.79418e+09,9.9346e+06,2.7323e+08,-1.5792e+09,1.18405e+09,-2.34992e+08,-1.25453e+09,0.000984407,0.000149912,-1.45082e-24
0,2.01399e+09,4.44529e+07,3.00127e+08,5.32902e+09,-1.31922e+09,-3.71802e+08,-1.18862e+09,0.00109134,0.000162633,4.72585e-23
0,1.9825e+09,1.73463e+07,3.21293e+08,-2.34821e+09,1.40939e+08,-3.78676e+08,-7.12395e+08,0.000932322,0.000151096,-8.09952e-25
0,2.16281e+09,2.52247e+07,3.31027e+08,8.26422e+09,-2.67302e+08,5.11943e+08,-6.41719e+08,0.000950332,0.000145452,2.1348e-23
0,2.01211e+09,-3.31692e+07,3.05702e+08,-3.72806e+09,-1.61984e+09,-2.17907e+08,-1.18517e+09,0.00107801,0.000163783,-1.9928e-23
0,2.05375e+09,5.55202e+06,3.28125e+08,-2.63815e+09,-4.06692e+08,-1.36783e+08,-5.37313e+08,0.000923939,0.000147617,-6.85238e-25
0,2.05634e+09,-1.73796e+06,2.92502e+08,6.69603e+09,-2.11105e+09,1.81647e+08,-7.37792e+08,0.00105813,0.000150513,5.2712e-23
0,1.93932e+09,-2.93945e+07,2.94457e+08,-2.97496e+09,-1.63671e+08,1.41812e+08,-1.59086e+09,0.00105824,0.000160678,-5.8799e-24
0,1.8973e+09,-1.21941e+07,3.06349e+08,6.33008e+09,-2.11444e+09,-4.07172e+08,-5.68314e+08,0.00108405,0.000175037,9.28571e-23
0,2.19719e+09,2.19484e+07,3.16899e+08,4.0908e+09,-1.35289e+09,6.48447e+07,-7.91403e+08,0.000994493,0.000143435,6.59638e-24
0,2.17024e+09,-2.63108e+07,2.94321e+08,3.55471e+09,4.99756e+08,-1.37591e+08,4.63869e+08,0.00107481,0.000145763,-2.94718e-24
0,2.04752e+09,2.48899e+07,3.18154e+08,-1.41838e+09,6.66549e+08,-1.74013e+08,-7.56396e+08,0.000930607,0.000144603,-2.25644e-25
0,2.08924e+09,3.64123e+07,3.16978e+08,8.74072e+09,1.14935e+08,-3.83432e+07,-7.52673e+08,0.000945843,0.000143503,3.78917e-23
0,2.07339e+09,-1.59828e+07,3.20637e+08,-2.18498e+09,-3.25789e+07,-1.05502e+08,-8.0847e+08,0.000956084,0.000147852,-5.98519e-25
0,1.7761e+09,1.67183e+06,2.64398e+08,-2.43925e+08,1.40987e+09,3.02301e+08,-1.45658e+09,0.00105611,0.000157217,-1.09534e-28
0,2.30413e+09,1.8153e+07,3.30878e+08,-1.65602e+09,-3.34146e+08,-5.05701e+07,2.58315e+07,0.000905362,0.000130012,5.63981e-27
0,2.08501e+09,5.65597e+07,3.02694e+08,9.94937e+09,1.09917e+09,2.28203e+08,-4.42142e+08,0.00101395,0.000147201,5.45098e-23
0,2.21937e+09,1.14772e+07,3.09437e+08,-2.32534e+09,1.09844e+07,-1.0242e+07,2.63086e+08,0.000925568,0.000129048,1.64694e-25
0,1.99298e+09,-1.7831e+06,3.22084e+08,-9.33188e+09,-1.34034e+09,-9.35013e+08,-3.51802e+08,0.000959412,0.00015505,4.81948e-24
0,2.16646e+09,1.11123e+07,3.36176e+08,9.37161e+08,-1.13981e+07,2.56789e+08,-3.8464e+08,0.00091827,0.00014249,9.18918e-27
0,1.99053e+09,-3.62406e+07,2.97618e+08,2.75388e+08,-7.94741e+08,5.09552e+08,-1.26459e+09,0.00108151,0.000161705,7.96155e-25
0,2.05504e+09,5.44336e+06,3.30361e+08,7.57946e+09,1.06074e+09,2.60114e+08,-2.59058e+08,0.00094984,0.000152693,1.27521e-23
0,2.17508e+09,-2.29305e+07,3.28035e+08,-8.08123e+09,-8.97438e+08,-4.68766e+08,-5.81441e+08,0.000976443,0.000147262,-1.7182e-23
0,2.27978e+09,2.82488e+07,3.26378e+08,-5.43296e+09,-1.8384e+08,1.52213e+08,7.94633e+07,0.000936574,0.000134082,4.84316e-25
0,2.23549e+09,2.01182e+07,3.13652e+08,1.10652e+10,4.19938e+08,-4.10065e+07,-2.00048e+08,0.00103225,0.000144831,2.21835e-23
0,2.21444e+09,2.17101e+06,3.02719e+08,-1.15522e+09,1.22048e+09,-3.0552e+08,2.84469e+08,0.000992998,0.000135745,4.43797e-25
0,2.04166e+09,-5.77861e+06,2.92999e+08,2.39115e+09,-2.09613e+09,-2.05079e+08,-6.2515e+08,0.000998726,0.000143327,7.63512e-24
0,2.15516e+09,-4.61206e+07,3.21675e+08,-1.0142e+10,-4.69403e+08,-1.00824e+08,-6.97127e+08,0.000968355,0.000144535,-5.24245e-23
0,2.32624e+09,6.18933e+06,3.3996e+08,1.2243e+09,-2.91791e+08,-5.19252e+07,-9.88872e+07,0.000876345,0.00012807,9.91334e-27
0,2.30446e+09,2.08017e+07,3.28427e+08,-7.69394e+08,-3.8351e+08,7.7861e+07,-3.87341e+07,0.000911941,0.000129968,-5.58641e-27
0,2.32841e+09,8.30605e+06,3.31295e+08,1.95229e+09,-1.08514e+09,-6.59607e+07,-2.59283e+08,0.00091937,0.000130811,3.47129e-25
0,2.0964e+09,2.98389e+07,3.0052e+08,3.07761e+09,-1.3063e+09,-3.64605e+07,-1.00487e+09,0.00101987,0.000146199,6.1331e-24
0,2.0708e+09,-3.49431e+07,2.93646e+08,2.39575e+09,-1.67454e+09,4.78146e+08,-9.19743e+08,0.00106429,0.00015092,6.66033e-24
0,2.09121e+09,-6.15567e+07,3.03412e+08,-5.46088e+09,1.23023e+09,5.93935e+08,-4.61015e+08,0.000889704,0.000129086,-6.99157e-25
0,2.07777e+09,6.24943e+06,2.90008e+08,-7.24701e+09,1.4071e+09,-5.82253e+08,4.75765e+08,0.00110946,0.000154854,1.65845e-23
0,2.03846e+09,-2.72271e+07,2.96127e+08,-4.7018e+08,-1.46794e+09,2.59392e+08,-7.62023e+08,0.00110302,0.000160236,9.52878e-26
0,2.1326e+09,-5.36946e+07,3.12557e+08,-1.0837e+10,-9.8216e+08,-2.89995e+07,-8.99615e+08,0.00103665,0.000151934,-1.2767e-22
0,1.94818e+09,1.31441e+06,2.81742e+08,9.35716e+08,-1.19685e+09,-1.05204e+08,-1.45682e+09,0.00107391,0.000155307,1.00278e-24
0,2.13212e+09,-4.96217e+06,3.38507e+08,-9.277e+08,6.29193e+07,-3.3441e+08,-4.29939e+08,0.000914216,0.000145146,-1.15889e-26
0,2.19817e+09,1.57654e+07,3.06361e+08,-4.76893e+09,5.40478e+08,-2.36963e+08,2.58493e+08,0.000966746,0.000134736,1.37827e-24
0,2.10747e+09,-3.20861e+07,3.30201e+08,-8.92797e+09,-1.55514e+08,-5.90745e+08,-5.15335e+08,0.000935365,0.000146554,-2.31496e-23
0,2.13504e+09,-2.22503e+06,3.27488e+08,6.79932e+08,-6.10386e+08,-2.11427e+08,-7.92842e+08,0.000984957,0.00015108,7.31201e-27
0,1.8561e+09,9.79095e+06,2.97555e+08,2.45706e+09,1.59105e+09,-1.36825e+08,-1.10518e+09,0.000981553,0.000157354,1.72023e-24
0,2.25752e+09,-6.25864e+06,3.27873e+08,3.30475e+09,-1.1012e+09,-8.44996e+07,-1.03048e+08,0.00090836,0.000131927,6.86124e-25
0,2.11431e+09,-1.51602e+07,3.19653e+08,-2.53305e+09,-9.52227e+08,2.24501e+07,-7.95856e+08,0.00100251,0.000151564,-2.08225e-24
0,2.05503e+09,-7.58334e+07,3.10062e+08,-1.23849e+10,2.50589e+08,3.18118e+06,-9.16963e+08,0.000989691,0.000149324,-1.7966e-22
0,1.8607e+09,-1.20212e+07,3.12319e+08,-1.25261e+09,5.95939e+08,-5.44058e+08,-6.45071e+08,0.000917148,0.000153943,-4.04351e-25
0,1.97118e+09,1.61366e+07,2.95956e+08,2.92267e+09,-2.66177e+08,1.05368e+07,-1.15807e+09,0.00102977,0.000154612,3.9138e-24
0,2.05622e+09,-3.53701e+07,3.0805e+08,-5.44089e+09,-8.87193e+08,2.52012e+08,-1.14696e+09,0.00105955,0.000158735,-3.09526e-23
0,2.24432e+09,-1.27178e+07,3.26635e+08,-3.60677e+09,-1.3962e+09,-5.43065e+07,-7.75403e+08,0.000993835,0.000144641,-4.67829e-24
0,2.07142e+09,-4.89368e+07,3.17335e+08,-8.76708e+09,-3.35862e+08,-3.28637e+08,-1.10083e+09,0.0010056,0.000154055,-7.59433e-23
0,2.11392e+09,2.73857e+07,3.14864e+08,4.66635e+09,-1.11291e+09,3.18339e+08,-8.9863e+08,0.00100427,0.000149584,8.99527e-24
0,2.30369e+09,1.89161e+07,3.33081e+08,1.79905e+09,-9.83474e+07,-1.50426e+08,-6.30878e+07,0.000898245,0.000129874,1.75136e-26
0,1.66888e+09,1.98265e+07,2.69863e+08,1.59462e+09,1.61572e+09,-3.67245e+08,-1.6012e+09,0.00103697,0.000167682,1.08745e-24
0,2.07677e+09,1.17509e+07,3.31813e+08,1.51862e+09,1.13655e+08,2.06641e+08,-5.50473e+08,0.000910492,0.000145472,1.15452e-25
0,2.04956e+09,2.64257e+06,3.39878e+08,4.89234e+09,2.2873e+08,6.70211e+07,-3.47855e+08,0.000897627,0.000148853,2.6931e-24
0,2.19262e+09,-6.30138e+06,3.32306e+08,-2.47247e+09,-9.25764e+08,-3.18315e+08,-6.24498e+08,0.000984138,0.000149152,-8.35015e-25
0,1.94286e+09,-7.68604e+07,3.11524e+08,-1.12442e+10,1.23849e+09,5.21732e+07,-8.15406e+08,0.000942481,0.00015112,-1.21234e-22
0,2.03387e+09,-6.33604e+07,2.95701e+08,-7.66389e+09,4.72904e+08,2.67442e+08,-7.8714e+08,0.00105586,0.00015351,-4.99279e-23
0,2.1469e+09,5.84928e+07,2.83071e+08,1.01666e+09,-6.11344e+08,1.00063e+08,9.42929e+07,0.00097797,0.000128946,6.44389e-27
0,2.0709e+09,-7.73437e+07,3.02412e+08,-1.01408e+10,4.21667e+08,2.85771e+08,-7.09297e+08,0.00103509,0.000151154,-8.7545e-23
0,2.06297e+09,-2.85386e+07,3.16505e+08,-4.49764e+09,-9.88374e+08,-2.43127e+08,-8.53574e+08,0.00102836,0.000157773,-9.89082e-24
0,1.91075e+09,-4.78233e+07,2.76916e+08,-5.00077e+09,8.19868e+08,6.64711e+08,-1.29091e+09,0.00100249,0.000145287,-1.90842e-23
0,2.12549e+09,-3.36641e+07,3.26195e+08,-5.44326e+09,-5.08767e+06,-1.82479e+08,-5.99099e+08,0.000976256,0.000149824,-7.77049e-24
0,2.17298e+09,3.49537e+06,3.40574e+08,-1.45417e+09,-1.05095e+08,-3.17306e+07,-3.48431e+08,0.000915384,0.00014347,-5.35143e-26
0,1.89219e+09,-2.55725e+07,2.85462e+08,5.62982e+09,1.28419e+09,2.46661e+08,-8.6031e+08,0.00102986,0.000155368,3.47272e-23
0,2.27232e+09,-1.36502e+07,3.09337e+08,-2.22825e+09,-1.12335e+09,2.28372e+08,-2.95683e+08,0.000933461,0.000127075,-6.29751e-25
0,1.87444e+09,-6.61894e+07,3.01835e+08,-7.5366e+09,-4.2411e+08,1.94914e+08,-1.14044e+09,0.00106396,0.000171327,-1.16573e-22
0,2.11311e+09,-2.87418e+06,3.11898e+08,-5.99185e+07,-1.52327e+09,-5.57228e+08,-9.02879e+08,0.00101126,0.000149264,-1.4471e-24
0,2.20411e+09,-9.78874e+06,3.37254e+08,-5.92163e+09,-6.91019e+08,-3.74927e+08,-4.21958e+08,0.000963507,0.000147427,-4.06795e-24
0,1.86926e+09,-1.05753e+07,2.91069e+08,8.4364e+08,7.97883e+08,2.4819e+08,-1.28792e+09,0.00101474,0.000158009,9.70218e-26
0,1.90011e+09,-2.27464e+06,3.07449e+08,8.4937e+09,-3.17385e+08,-4.77785e+07,-4.30358e+08,0.000967806,0.000156597,3.67315e-23
0,1.92675e+09,3.21268e+07,2.88804e+08,-7.19326e+09,-1.37217e+09,3.86492e+07,-8.1505e+08,0.00102305,0.000153347,-6.36627e-23
0,2.01912e+09,-3.11938e+07,3.35884e+08,-1.03791e+10,3.45022e+08,-7.78094e+08,-5.94331e+08,0.00092978,0.00015467,-6.22942e-23
0,2.08363e+09,-2.40659e+07,3.19991e+08,4.94363e+09,1.14238e+08,1.77015e+08,-6.46021e+08,0.00097247,0.000149346,6.91779e-24
0,1.98352e+09,-4.69148e+06,3.06046e+08,-1.42316e+09,-2.82497e+08,3.66043e+08,-1.12672e+09,0.00100239,0.000154664,-1.12958e-25
0,2.14595e+09,-3.88616e+07,3.19714e+08,-8.5173e+09,-6.87585e+08,-1.0974e+08,-7.0707e+08,0.00100945,0.000150393,-3.97372e-23
0,2.11662e+09,4.2495e+07,3.24988e+08,3.52047e+09,4.5881e+08,9.34864e+07,-7.33078e+08,0.000933353,0.000143308,2.21085e-24
0,2.04935e+09,-2.25057e+07,3.38594e+08,-7.78242e+09,4.96744e+08,-6.81609e+08,-4.83417e+08,0.000913802,0.000150979,-2.08054e-23
0,1.80789e+09,-6.20104e+07,3.02596e+08,-6.69511e+09,3.49234e+08,6.69082e+08,-1.0993e+09,0.00103341,0.000172967,-7.05062e-23
0,2.29405e+09,2.40533e+07,3.27581e+08,-2.48756e+08,-7.3051e+08,1.95744e+07,-9.98881e+07,0.000916095,0.000130815,-8.43542e-27
0,1.99963e+09,-146136,3.08367e+08,1.06305e+09,8.46098e+08,1.78192e+08,-8.84429e+08,0.000936187,0.000144371,1.48919e-25
0,2.15474e+09,1.50289e+07,3.39393e+08,5.60388e+09,1.35349e+08,4.492e+08,-3.36965e+08,0.000901267,0.000141959,3.30982e-24
0,1.86007e+09,-1.04458e+07,2.83819e+08,-5.99623e+08,-1.24868e+09,3.76595e+07,-1.47759e+09,0.00109288,0.000166757,-1.07992e-24
0,2.10077e+09,-1.24639e+07,3.33959e+08,-6.68822e+09,-4.0285e+07,-1.8586e+08,-5.84198e+08,0.000938319,0.000149164,-1.22306e-23
0,2.26731e+09,3.85243e+07,3.19729e+08,2.14632e+09,-9.13696e+08,-1.49434e+08,-2.52269e+08,0.000959159,0.000135258,4.40728e-25
0,2.06574e+09,1.95838e+07,3.32769e+08,8.70725e+08,7.62039e+08,-2.69861e+07,-6.27438e+08,0.00092166,0.00014847,2.37822e-26
0,2.08564e+09,2.16324e+06,3.43749e+08,5.35247e+08,-4.67125e+07,4.88252e+07,-2.68176e+08,0.000947485,0.000156162,2.25255e-27
0,2.24573e+09,2.0646e+07,3.39474e+08,-2.15176e+09,-6.81255e+08,-2.34102e+07,1.22475e+08,0.000858073,0.00012971,1.41216e-26
0,2.13446e+09,-4.0379e+07,3.23276e+08,-1.0892e+10,-5.28015e+08,-3.00243e+08,-6.31648e+08,0.000984684,0.000149136,-6.36542e-23
0,1.83313e+09,-6.69275e+07,3.03935e+08,-4.86822e+09,-2.98888e+08,3.45717e+08,-9.82906e+08,0.00102323,0.000169653,-2.48225e-23
0,2.03737e+09,2.89221e+06,3.21003e+08,6.69842e+09,5.42455e+08,1.82522e+08,-1.32867e+08,0.000911614,0.000143632,3.76555e-24
0,2.13134e+09,-5.26012e+07,2.98359e+08,-4.88152e+09,7.02815e+08,5.64835e+08,-4.46842e+08,0.000909704,0.000127347,-1.54946e-24
0,1.89782e+09,-2.86175e+07,3.18291e+08,-1.09084e+10,1.4277e+09,-1.30004e+08,-3.32997e+08,0.000955513,0.000160253,-5.92123e-23
0,2.00764e+09,-4.25337e+06,3.38975e+08,-5.48201e+09,8.73219e+08,-4.13712e+08,-4.47975e+08,0.000893155,0.000150803,-7.51277e-24
0,2.04293e+09,-2.66958e+07,3.34093e+08,-6.6908e+09,7.52628e+08,-4.9569e+08,-2.95248e+08,0.00091492,0.000149623,-1.02296e-23
0,2.08144e+09,-7.37901e+06,3.15e+08,-5.09203e+09,-1.12347e+09,5.75959e+06,-8.48838e+08,0.000987748,0.000149484,-1.34958e-23
0,1.9406e+09,3.9243e+07,3.19032e+08,-3.24808e+09,-1.06674e+09,-1.12651e+08,-7.62167e+08,0.00100964,0.000165983,-5.80231e-24
0,2.13039e+09,6.73663e+06,3.38419e+08,1.42624e+09,1.86312e+08,-2.80972e+07,-4.58369e+08,0.00090987,0.000144536,6.88364e-26
0,1.83539e+09,-7.39241e+07,3.09607e+08,-3.93029e+09,-2.16354e+08,-7.46155e+07,-7.67842e+08,0.00101758,0.000171652,-9.33682e-24
0,2.17029e+09,2.74461e+07,3.33476e+08,6.09537e+09,3.05188e+07,2.76928e+08,-5.34224e+08,0.000928294,0.000142637,6.88993e-24
0,2.16487e+09,3.38856e+07,3.28013e+08,4.84409e+09,-3.89225e+08,8.59593e+07,-4.23024e+08,0.000909099,0.000137744,2.44464e-24
0,1.98062e+09,-5.07655e+07,3.19947e+08,-9.86636e+09,9.13719e+08,-2.83705e+08,-7.32643e+08,0.000926392,0.000149648,-6.99456e-23
0,2.21272e+09,2.75462e+07,2.93673e+08,3.24783e+08,-1.4861e+09,-1.25478e+08,-4.95426e+08,0.00096909,0.000128618,6.41641e-26
0,2.05848e+09,-1.71393e+07,3.12103e+08,-1.90223e+09,-5.67832e+07,2.19266e+07,-9.13705e+08,0.00101657,0.00015413,-5.7135e-25
0,2.16201e+09,-147475,3.3605e+08,2.75056e+09,4.30559e+08,9.14683e+07,-4.33117e+08,0.000888755,0.000138143,4.66576e-25
0,2.10957e+09,-4.78861e+07,2.85844e+08,1.2182e+08,-3.58403e+08,-7.05529e+08,4.81966e+08,0.0010291,0.000139441,-2.88102e-28
0,1.93207e+09,6.03313e+06,2.94443e+08,-1.7198e+09,2.87523e+07,-1.60302e+08,-1.37485e+09,0.00104387,0.000159084,-4.34619e-25
0,2.10119e+09,-1.58018e+07,3.07302e+08,7.39843e+09,-6.38815e+07,-1.18092e+08,-3.57839e+08,0.00107164,0.000156729,2.01107e-23
0,2.15469e+09,-9.73603e+06,3.21712e+08,-3.04405e+09,-1.31343e+09,-1.31415e+07,2.87279e+08,0.000871876,0.000130178,-3.50812e-26
0,1.85552e+09,-2.86288e+07,3.23199e+08,-2.04221e+09,1.22593e+09,2.16924e+07,-1.05511e+09,0.00094509,0.000164618,-1.15885e-24
0,1.83819e+09,-3.53141e+07,3.16031e+08,-6.67534e+09,2.28722e+09,-5.74117e+07,-7.9992e+08,0.000887814,0.000152637,-1.8451e-23
0,2.06997e+09,-3.34289e+07,3.21807e+08,-5.83099e+09,-1.22591e+07,-8.70009e+07,-7.24359e+08,0.000977296,0.000151935,-1.32485e-23
0,2.11244e+09,1.1116e+06,3.40093e+08,-3.03287e+09,1.92866e+08,-2.00231e+08,-9.68797e+06,0.000902198,0.00014525,-8.14768e-26
0,2.05602e+09,3.09286e+07,3.22056e+08,2.72736e+09,4.2413e+08,-2.88188e+08,-7.69889e+08,0.000941779,0.000147521,1.00565e-24
0,2.06907e+09,3.54921e+07,3.1383e+08,2.4689e+09,3.92877e+07,-6.42812e+08,-7.62582e+08,0.00098095,0.000148788,7.90246e-25
0,2.19895e+09,3.13542e+07,3.2338e+08,8.28944e+09,-7.72305e+08,2.22749e+08,-6.69945e+08,0.000973444,0.000143156,2.44493e-23
0,1.95678e+09,-5.9564e+07,3.10355e+08,-3.31875e+09,-5.18687e+08,-6.01349e+08,-6.75765e+08,0.000980746,0.000155551,-1.34633e-24
0,1.9362e+09,-5.01092e+07,2.6957e+08,-2.23862e+09,-2.71636e+08,4.14693e+08,-1.27165e+09,0.00107845,0.000150149,-2.01895e-24
0,1.97795e+09,-6.74068e+07,3.12884e+08,-5.70754e+08,8.27084e+08,3.92006e+08,-6.99985e+08,0.00100331,0.00015871,9.09499e-28
0,2.25405e+09,-817112,3.25358e+08,1.00978e+09,5.39569e+08,1.53156e+07,-9.92502e+07,0.000870529,0.000125655,-3.68895e-27
0,2.09607e+09,76165.8,3.42549e+08,5.19621e+08,-6.63229e+07,5.36388e+07,-3.95516e+08,0.000953589,0.00015584,1.81085e-27
0,2.14373e+09,2.38474e+07,3.30678e+08,3.31156e+09,-2.21765e+08,2.97672e+08,-6.70042e+08,0.000954735,0.000147271,1.44999e-24
0,1.98784e+09,3.79649e+07,3.12455e+08,2.81406e+09,1.94296e+08,-5.62582e+08,-8.21321e+08,0.000977285,0.000153613,1.55421e-24
0,2.01638e+09,1.15096e+07,3.31504e+08,-1.61886e+09,-4.40283e+08,-3.25e+08,-7.53097e+08,0.000983096,0.000161626,-2.24823e-25
0,2.11003e+09,3.12218e+07,3.31294e+08,7.6827e+09,3.75315e+08,3.62038e+08,-4.7405e+08,0.000932715,0.000146445,1.61867e-23
0,2.18963e+09,1.98879e+06,3.36351e+08,1.29884e+09,-1.79114e+08,-1.85594e+07,-5.06799e+08,0.000925476,0.000142163,5.56088e-26
0,2.26002e+09,-2.46355e+06,3.3129e+08,-3.06954e+09,4.24624e+08,8.56198e+07,6.35495e+07,0.000882408,0.00012935,1.2172e-25
0,2.20879e+09,2.77467e+07,3.2141e+08,5.78344e+09,-1.21472e+09,2.07866e+08,-7.26448e+08,0.000985944,0.000143469,1.08274e-23
0,2.21872e+09,1.89546e+07,3.16564e+08,-4.1932e+09,8.89855e+08,-1.78078e+08,5.84929e+08,0.00102796,0.000146667,3.90526e-24
0,2.03473e+09,-1.08646e+07,3.27317e+08,1.50643e+09,2.54629e+08,-7.01176e+07,-8.45631e+08,0.00095966,0.000154376,1.93044e-25
0,2.09634e+09,-1.08215e+06,3.42577e+08,2.99201e+08,-6.90007e+07,3.40738e+07,-3.93192e+08,0.000954491,0.00015598,-4.3025e-28
0,2.04836e+09,3.3862e+06,3.2744e+08,-1.75638e+09,-1.80815e+08,-1.77581e+08,-9.30267e+08,0.00098526,0.000157499,-3.50267e-25
0,2.1525e+09,2.84413e+07,3.20079e+08,3.4442e+09,-8.5351e+08,2.62225e+08,-8.22959e+08,0.00099427,0.000147849,2.87924e-24
0,2.20484e+09,-3.77102e+06,3.40835e+08,5.21054e+08,-1.86835e+08,-1.65197e+08,-3.12279e+08,0.000924054,0.000142845,1.56704e-27
0,2.03119e+09,-3.7266e+07,2.98238e+08,-4.86376e+09,-6.41785e+08,-3.721e+07,-1.08633e+09,0.00100902,0.000148153,-1.52861e-23
0,2.04871e+09,1.6551e+06,3.24819e+08,-7.12359e+08,-1.40041e+08,-166281,-7.46652e+08,0.000946752,0.000150106,-7.26122e-28
0,1.89291e+09,-1.83311e+07,3.13228e+08,2.64782e+09,9.02558e+08,2.62816e+08,-1.10008e+09,0.00096742,0.000160083,3.55352e-24
0,2.05956e+09,-5.6467e+07,3.06085e+08,-1.07212e+09,-3.51648e+08,-2.20348e+08,-5.58263e+08,0.000975135,0.000144922,-4.96543e-26
0,2.12609e+09,-5.59906e+07,2.96666e+08,-3.0938e+09,-4.04131e+08,7.13502e+08,-7.25372e+08,0.000999882,0.00013952,-2.08936e-24
0,2.09661e+09,-1.89255e+06,3.43731e+08,3.64049e+07,-6.06367e+07,1.47481e+07,-2.70587e+08,0.000954895,0.000156551,-2.38417e-29
0,2.09591e+09,-1.13483e+06,3.3143e+08,-2.64022e+09,-3.61435e+08,-1.43837e+08,-7.95987e+08,0.000989537,0.000156477,-1.24385e-24
0,2.2831e+09,2.52431e+07,3.28179e+08,3.95884e+09,-2.80062e+08,-2.2837e+08,-2.60607e+08,0.00090355,0.000129879,7.36836e-25
0,2.16288e+09,1.81902e+07,3.34844e+08,1.84027e+09,-1.87732e+07,1.83135e+08,-5.49467e+08,0.000927289,0.000143558,1.72246e-25
0,2.14126e+09,3.04146e+07,3.31008e+08,6.18391e+09,4.11232e+07,5.39814e+08,-5.18194e+08,0.000966043,0.000149336,9.10084e-24
0,1.9419e+09,1.02805e+07,2.80523e+08,-5.78236e+09,-1.08748e+09,1.96286e+08,-8.08915e+08,0.00104494,0.00015095,-3.64441e-23
0,2.17478e+09,-2.31185e+06,3.29106e+08,-1.90552e+09,-5.34119e+08,2.13791e+08,-5.18067e+08,0.00094635,0.000143209,-3.25832e-25
0,2.134e+09,1.13889e+07,3.37947e+08,3.70722e+09,4.5259e+08,1.7564e+08,-4.31057e+08,0.000895184,0.000141764,1.31987e-24
0,1.98334e+09,3.41871e+07,3.1338e+08,7.70588e+09,1.07035e+09,-2.0277e+08,-8.10406e+08,0.000917814,0.00014502,2.81762e-23
0,2.20581e+09,-2.47346e+07,3.3405e+08,-5.25991e+08,-1.2299e+09,-3.36681e+08,-1.85548e+08,0.000924261,0.000139971,-2.03591e-25
0,2.10474e+09,-2.50928e+07,3.37553e+08,-6.46172e+09,1.17089e+08,-7.18551e+08,-4.65899e+08,0.000908937,0.000145773,-7.99824e-24
0,2.03387e+09,-6.06961e+06,3.1754e+08,1.03543e+09,-9.69455e+08,-3.2355e+08,-6.72604e+08,0.00095364,0.000148888,1.85691e-25
0,1.88219e+09,-2.3039e+07,3.03886e+08,4.4686e+09,1.13113e+09,2.40853e+07,-9.21558e+08,0.000982134,0.000158569,1.28812e-23
0,2.0913e+09,2.57733e+07,3.31208e+08,3.13529e+09,-4.51136e+08,3.94343e+07,-5.71678e+08,0.000927743,0.00014693,1.25169e-24
0,2.01429e+09,1.07687e+07,3.09833e+08,1.71913e+09,-8.03798e+08,-2.03769e+08,-8.53745e+08,0.000984295,0.000151402,8.36777e-25
0,2.08961e+09,2.65005e+07,2.98364e+08,-1.20369e+10,-1.77781e+09,-8.65106e+07,-4.06033e+07,0.000970992,0.000138643,-1.25148e-23
0,2.00804e+09,-8.41126e+07,2.91182e+08,-9.46681e+09,3.24207e+08,2.9681e+08,-1.00795e+09,0.0010052,0.000145762,-1.03258e-22
0,2.12567e+09,2.84187e+07,3.34545e+08,7.49437e+09,-1.47716e+08,3.77276e+08,-6.19909e+08,0.000945979,0.000148881,1.72591e-23
0,2.04597e+09,5.56598e+06,3.2595e+08,-3.46741e+08,-1.0171e+07,3.75977e+07,-8.59787e+08,0.000962368,0.000153318,1.7166e-26
0,1.93869e+09,31634.4,3.18732e+08,1.21045e+09,9.4092e+08,7.65198e+07,-8.42747e+08,0.000943804,0.000155166,1.96861e-25
0,2.00986e+09,3.54207e+07,3.20806e+08,1.87042e+09,5.53297e+08,1.02388e+08,-9.23844e+08,0.000967794,0.000154476,6.32235e-25
0,2.23128e+09,2.75779e+07,3.04496e+08,-2.92726e+08,-5.45621e+08,-1.50461e+08,-2.21011e+08,0.000927272,0.000126542,-1.21839e-26
0,2.1304e+09,-3.90965e+07,3.31681e+08,-1.05694e+09,-1.35197e+09,-4.5833e+08,3.49881e+07,0.000915794,0.00014258,-2.32843e-25
0,1.86457e+09,3.77229e+07,3.13253e+08,-5.09071e+09,-1.06559e+09,-3.43194e+06,-6.4311e+08,0.00101321,0.000170224,-2.02245e-23
0,2.09362e+09,-2.81401e+06,3.42772e+08,-3.97563e+08,-4.62847e+07,-6.33117e+06,-3.7456e+08,0.000954046,0.000156198,-2.88846e-28
0,2.08234e+09,-6.55967e+06,3.18925e+08,-3.47255e+09,-6.84299e+08,1.1352e+08,-9.44989e+08,0.00100947,0.000154607,-4.85804e-24
0,2.0563e+09,-2.30255e+07,3.3449e+08,-4.48967e+09,1.69898e+08,-6.06622e+08,-6.78893e+08,0.000955156,0.000155371,-5.58217e-24
0,2.13082e+09,-1.26641e+07,3.0806e+08,4.29288e+09,-6.52794e+08,2.924e+07,-7.56408e+08,0.000986456,0.000142616,5.4062e-24
0,2.12357e+09,2.84632e+07,3.31288e+08,3.21651e+09,4.63991e+08,-1.22101e+08,-4.98402e+08,0.000902083,0.00014073,8.23483e-25
0,2.20205e+09,2.14623e+07,3.37312e+08,4.41597e+09,-8.05415e+07,2.85768e+08,-4.57708e+08,0.000927523,0.000142079,1.96295e-24
0,2.04966e+09,2.23053e+06,3.39572e+08,1.68546e+08,-1.57751e+08,-1.16262e+08,2.55914e+08,0.000962502,0.00015946,2.44503e-29
0,2.03716e+09,-4.06175e+07,3.28164e+08,-9.05937e+09,1.39584e+08,-5.21234e+08,-7.11019e+08,0.00093565,0.000150723,-4.41656e-23
0,2.06959e+09,-1.76804e+06,3.27578e+08,-3.04886e+09,7.68164e+08,2.82893e+07,-4.97465e+08,0.000970525,0.000153616,-1.18386e-24
0,2.15206e+09,1.69647e+07,3.36356e+08,1.7328e+09,-1.47276e+08,3.39398e+08,-5.50267e+08,0.000955655,0.000149364,1.17688e-25
0,2.0695e+09,-1.33159e+07,3.2602e+08,-1.79819e+09,4.7959e+08,7.45024e+07,-6.5461e+08,0.000920782,0.000145056,-2.3595e-25
0,2.13036e+09,1.93289e+07,3.20457e+08,-4.71542e+08,-7.94871e+08,9.02866e+07,-8.40769e+08,0.000994216,0.000149554,-4.24916e-26
0,2.02923e+09,-1.14038e+07,3.17801e+08,4.36868e+09,-1.74844e+09,9.33354e+07,-7.82978e+08,0.0010028,0.00015705,1.58628e-23
0,2.05674e+09,7.07782e+07,2.91101e+08,1.06403e+10,-6.79815e+08,-4.37256e+08,-8.5712e+08,0.000986974,0.000139691,1.15101e-22
0,2.31459e+09,39437.8,3.28673e+08,2.09603e+09,-1.54816e+08,-9.95332e+07,-1.14257e+08,0.000922464,0.000130991,5.05087e-26
0,2.08885e+09,-3.37917e+06,3.43909e+08,-6.42473e+08,-563840,-5.25473e+07,-2.43528e+08,0.000951392,0.000156637,-4.22572e-27
0,2.11848e+09,3.5884e+06,3.2753e+08,5.27652e+09,-1.22096e+09,2.8078e+08,-6.84927e+08,0.000989258,0.000152946,9.35965e-24
0,2.0767e+09,3.59593e+06,3.3203e+08,1.4205e+09,2.88008e+08,5.58771e+07,-7.0621e+08,0.000924084,0.000147746,1.25106e-25
0,1.92084e+09,-4.21078e+07,3.08935e+08,2.41059e+09,-1.007e+09,3.81114e+07,-4.49654e+08,0.00096818,0.000155715,1.80223e-24
0,2.03879e+09,1.31607e+07,3.20653e+08,2.65416e+09,-1.58892e+07,-4.04103e+08,-8.40054e+08,0.00100323,0.000157785,1.52756e-24
0,1.94339e+09,-2.45935e+07,2.93994e+08,-2.45761e+09,1.13914e+08,-7.12547e+07,-1.03255e+09,0.000990064,0.000149776,-1.75825e-24
0,2.04058e+09,-1.57818e+07,3.2586e+08,1.7715e+09,6.13419e+08,-1.13551e+08,-2.40021e+08,0.000924116,0.000147572,3.13198e-26
0,2.33407e+09,34423.7,3.45071e+08,5.80236e+06,-3.41249e+07,-219261,-1.52514e+07,0.0008586,0.000126937,1.88244e-32
0,2.01499e+09,2.68822e+06,3.24926e+08,-3.16027e+09,9.52372e+08,-2.0133e+07,-6.10664e+08,0.000956247,0.000154199,-1.82151e-24
0,2.12021e+09,2.88199e+07,3.10391e+08,5.83451e+09,-1.35785e+09,2.70171e+08,-9.00535e+08,0.00100748,0.000147492,1.90216e-23
0,2.12854e+09,7.11273e+06,3.39113e+08,4.59299e+08,-1.85875e+08,2.1617e+08,-4.25765e+08,0.000968986,0.000154376,-1.09074e-27
0,2.07352e+09,-1.71455e+07,3.09511e+08,-2.57485e+09,-9.03033e+08,3.77483e+08,-8.19293e+08,0.000987229,0.000147362,-2.213e-24
0,2.18606e+09,-6.49197e+06,3.39114e+08,-3.97587e+09,-4.09163e+08,-3.67153e+08,-4.24541e+08,0.000958809,0.000148736,-1.22434e-24
0,2.07038e+09,-1.15917e+07,3.27417e+08,-1.41419e+09,-9.09361e+07,-1.38514e+08,-8.03403e+08,0.000956412,0.00015125,-1.21061e-25
0,1.82099e+09,-3.72777e+07,2.87279e+08,4.57267e+09,-1.89834e+09,2.82551e+08,-8.90387e+08,0.00101995,0.000160907,3.57331e-23
0,2.14948e+09,1.28337e+07,3.26478e+08,2.78423e+09,-7.48396e+08,1.64833e+08,-7.95417e+08,0.000982844,0.000149281,1.54283e-24
0,2.17288e+09,-2.05271e+06,3.16864e+08,-3.91206e+09,-1.50726e+09,1.86862e+08,-7.04833e+08,0.000997799,0.000145506,-7.65515e-24
0,2.1197e+09,-3.14768e+06,3.42075e+08,-5.81952e+09,-7.32315e+07,-6.05008e+08,-2.40772e+08,0.000919946,0.00014846,-2.48087e-24
0,2.13757e+09,2.98074e+07,3.35973e+08,2.8844e+09,3.49844e+08,2.66694e+08,-4.81581e+08,0.000926848,0.000145678,8.55662e-25
0,2.06577e+09,9.97289e+06,3.29441e+08,-2.43023e+09,1.90937e+08,-8.85651e+06,-4.28732e+08,0.000958758,0.000152899,-5.23007e-25
0,1.87094e+09,-6.78529e+07,3.10951e+08,2.28366e+09,2.50216e+08,-7.13477e+07,-5.89921e+08,0.00096092,0.000159706,9.23818e-25
0,2.15518e+09,1.73049e+07,3.31383e+08,-1.62912e+07,1.80349e+07,-2.07695e+08,-6.03618e+08,0.000943002,0.000144997,1.2156e-27
0,2.1305e+09,-7.57507e+06,3.41335e+08,-4.9578e+09,-3.97882e+06,-5.79866e+08,-3.02845e+08,0.000905862,0.000145132,-1.94125e-24
0,2.28428e+09,2.90109e+07,3.06476e+08,2.66199e+09,9.36967e+08,-3.64915e+07,6.80479e+07,0.00102578,0.000137626,-4.92455e-25
0,1.94924e+09,-2.08129e+07,3.18097e+08,2.1333e+09,-4.37264e+08,2.74816e+08,-8.54649e+08,0.00101677,0.000165926,9.93354e-25
0,2.01161e+09,-1.46552e+06,3.19896e+08,-1.41197e+09,5.84951e+08,-3.58446e+08,-9.35756e+08,0.000946051,0.000150446,-3.28259e-25
0,2.08024e+09,2.5129e+07,3.31036e+08,5.5309e+08,8.55317e+08,-3.52743e+08,-5.56373e+08,0.000910114,0.00014483,-2.52552e-27
0,2.15878e+09,-1.79959e+07,3.35169e+08,-5.29749e+09,-4.1986e+08,-3.91814e+08,-5.93083e+08,0.000961704,0.000149313,-5.08999e-24
0,2.06439e+09,-6.61621e+06,3.31826e+08,-4.54621e+08,5.46435e+08,-1.02416e+08,-7.65607e+07,0.000907911,0.000145936,6.34557e-27
0,2.04852e+09,-1.96177e+07,3.13399e+08,-2.46014e+09,-1.62266e+09,2.90179e+08,6.58906e+07,0.00100719,0.000154088,-2.53146e-24
0,2.14064e+09,-3.21047e+07,3.13702e+08,-3.70586e+09,-1.20675e+09,5.71027e+07,-8.73236e+08,0.00102043,0.00014954,-6.98716e-24
0,2.17712e+09,-8.29492e+06,3.37761e+08,-1.43379e+09,-2.46831e+08,-2.63887e+08,-4.92758e+08,0.000939742,0.000145793,-4.98148e-26
0,2.18681e+09,2.4373e+07,2.8436e+08,5.49911e+09,2.25583e+09,6.08583e+08,4.90481e+08,0.00112995,0.000146932,-1.80558e-23
0,1.90878e+09,-1.76212e+07,3.00265e+08,4.12417e+09,2.09474e+09,1.70067e+08,-5.97526e+08,0.00100916,0.000158748,2.43735e-24
0,2.16836e+09,-5.43086e+06,3.42761e+08,-4.82899e+09,-1.42688e+08,-4.04667e+08,-1.92923e+08,0.000900239,0.000142304,-8.17383e-25
0,1.96713e+09,5.46837e+07,3.17675e+08,6.60727e+09,7.83258e+08,-2.08531e+08,-6.53219e+08,0.000906421,0.00014638,1.39229e-23
0,2.31197e+09,1.49635e+07,3.29075e+08,2.44482e+09,-7.68328e+08,-1.69763e+08,-2.30386e+08,0.000910279,0.000129565,3.08091e-25
0,2.06264e+09,-4.57183e+06,2.87997e+08,-1.76785e+09,-2.43534e+09,4.63308e+08,-1.15408e+09,0.00109917,0.000153471,-8.95447e-24
0,2.04563e+09,6.4056e+06,3.08005e+08,-3.54653e+09,9.61279e+07,-2.505e+08,-9.69603e+08,0.00096559,0.000145387,-3.78836e-24
0,2.11475e+09,-1.64271e+07,3.37947e+08,-4.0427e+09,2.39982e+08,-3.44802e+08,-4.59184e+08,0.000903606,0.0001444,-1.94976e-24
0,2.12438e+09,4.63221e+07,2.81677e+08,-4.24985e+09,1.12548e+09,1.1543e+08,7.03236e+08,0.00104643,0.00013875,9.42127e-24
0,1.95515e+09,-5.55369e+07,3.09522e+08,-2.63208e+09,1.53962e+09,7.18408e+08,-8.25331e+08,0.000934939,0.000148011,3.40477e-25
0,2.30799e+09,2.25755e+07,3.2379e+08,5.14143e+09,-1.33688e+09,-1.71688e+08,-3.92233e+08,0.000946859,0.000132836,4.79518e-24
0,1.98024e+09,2.04308e+06,2.98757e+08,5.43557e+08,3.63352e+08,-1.28579e+07,-1.02457e+09,0.000982559,0.000148237,-3.00431e-26
0,2.06937e+09,-7.80753e+06,3.24119e+08,-2.38215e+09,-4.27683e+08,6.97788e+06,-9.28831e+08,0.00098265,0.000153909,-1.18473e-24
0,2.11083e+09,3.5387e+06,3.32131e+08,-7.0607e+08,-4.36282e+08,-1.84869e+08,-3.37786e+08,0.000930328,0.000146384,-1.79174e-26
0,2.08279e+09,-1.24126e+07,3.23934e+08,-2.01951e+09,2.36404e+08,-1.57209e+08,-8.20477e+08,0.000942703,0.000146618,-4.73201e-25
0,1.99106e+09,-3.95178e+06,3.2098e+08,3.74245e+09,7.5998e+08,-633317,-4.34422e+08,0.000998059,0.000160898,2.78205e-24
0,2.16223e+09,-4.76912e+07,3.14935e+08,-6.92618e+09,-5.82161e+08,1.66211e+08,-7.91421e+08,0.00100152,0.000145874,-2.38873e-23
0,2.09446e+09,-3.56781e+06,3.43531e+08,-4.42317e+08,8.73476e+06,-4.02552e+07,-2.93062e+08,0.000944031,0.000154839,-1.02305e-27
0,2.00489e+09,-3.15576e+07,3.06373e+08,4.3692e+09,7.32099e+08,3.15782e+07,-6.44773e+08,0.00111885,0.000170974,1.19167e-23
0,2.14852e+09,-5.84857e+06,3.36085e+08,-2.2554e+09,-2.51063e+08,-3.93471e+08,-4.60582e+08,0.000926559,0.000144938,-1.70868e-25
0,2.16913e+09,504824,3.37725e+08,-1.49363e+09,-6.5717e+08,-4.2262e+08,-4.1619e+08,0.000941137,0.000146531,-2.68683e-26
0,2.20065e+09,2.86519e+07,3.24231e+08,-7.6399e+08,-5.45346e+08,2.91811e+08,-2.15153e+08,0.000934627,0.000137703,-1.55771e-26
0,2.18841e+09,2.66504e+07,3.29424e+08,6.50467e+09,-3.39126e+08,1.9238e+08,-6.17163e+08,0.000937417,0.00014111,9.29713e-24
0,2.09741e+09,2.90895e+07,3.2838e+08,1.96319e+09,3.62607e+08,-3.34252e+08,-5.69782e+08,0.000923306,0.000144557,1.93122e-25
0,2.12998e+09,-1.62992e+07,3.16664e+08,1.6192e+09,2.05006e+08,5.51277e+08,-6.65452e+08,0.000938797,0.000139571,1.84685e-25
0,2.07281e+09,-2.73616e+07,3.20589e+08,-1.77719e+08,5.29702e+08,-1.92424e+08,-7.10808e+08,0.00103259,0.000159704,-1.68693e-28
0,2.14055e+09,-1.64231e+07,3.38439e+08,-3.42771e+09,3.28147e+06,-3.49394e+08,-4.54289e+08,0.000918889,0.000145284,-1.01539e-24
0,2.33097e+09,5.68377e+06,3.31799e+08,1.27204e+09,-1.11565e+09,-5.15625e+07,-2.66372e+08,0.00091753,0.000130604,1.98329e-25
0,2.07148e+09,3.54965e+07,3.24221e+08,9.18367e+09,6.77885e+08,5.19711e+08,-7.88141e+08,0.000941612,0.000147377,5.46206e-23
0,2.1128e+09,-2.86638e+07,3.37962e+08,-6.35676e+09,3.21293e+08,-6.59133e+08,-4.49329e+08,0.000896276,0.000143368,-7.83533e-24
0,2.13677e+09,-5.15065e+07,3.22796e+08,-1.07778e+10,3.3461e+07,-1.71738e+08,-6.64222e+08,0.000956807,0.000144542,-5.97591e-23
0,1.82942e+09,-7.77307e+07,2.81203e+08,-5.66686e+09,1.26576e+09,8.80478e+08,-1.32152e+09,0.00101131,0.00015545,-3.06084e-23
0,2.04587e+09,233646,3.21101e+08,1.44993e+09,1.00415e+09,2.00023e+07,-4.28784e+08,0.00101594,0.000159452,2.98043e-26
0,2.22017e+09,9.43416e+06,3.26683e+08,-1.93852e+08,-9.38914e+08,-3.19826e+08,-5.92717e+08,0.000971806,0.000142995,-1.53634e-25
0,2.14043e+09,6.14856e+07,3.15292e+08,7.67133e+09,5.49049e+08,-3.49026e+08,-5.50417e+08,0.000925665,0.000136353,1.30802e-23
0,2.03029e+09,-1.784e+07,3.29543e+08,-1.20595e+09,4.15016e+08,-6.79278e+07,-8.27494e+08,0.000967571,0.00015705,-1.19934e-25
0,2.143e+09,2.01281e+07,3.17459e+08,3.81298e+09,-1.09431e+09,2.19983e+08,-7.92611e+08,0.000994199,0.000147278,4.57858e-24
0,2.04741e+09,-7.23164e+06,3.30585e+08,7.54081e+08,3.4573e+08,1.96403e+07,-7.18731e+08,0.000949218,0.000153265,1.44764e-26
0,1.91732e+09,-4.85878e+07,3.22518e+08,-8.13847e+09,1.63019e+09,-1.46875e+06,-7.20381e+08,0.000897326,0.000150942,-3.25099e-23
0,2.19507e+09,-6.13059e+06,2.81051e+08,-6.93806e+09,-6.99547e+08,5.57485e+08,-6.08349e+07,0.00101023,0.000129347,-5.96844e-24
0,2.11564e+09,3.83915e+07,3.21565e+08,-3.01457e+08,-4.06654e+08,2.48257e+08,-4.97102e+08,0.00100003,0.000151999,1.58134e-26
0,2.07978e+09,-4.02594e+06,3.4194e+08,4.0717e+09,5.11776e+07,2.11125e+08,-1.05114e+08,0.000893049,0.000146828,4.45437e-25
0,2.11543e+09,6.63899e+06,3.37214e+08,-1.32529e+09,5.9144e+06,2.18575e+07,-4.53042e+08,0.000927956,0.000147922,-6.04183e-26
0,1.9956e+09,3.7931e+07,3.18967e+08,-3.05264e+08,1.19229e+09,-3.49192e+08,-7.10899e+08,0.000910086,0.000145464,7.34976e-27
0,2.0086e+09,-1.19933e+07,3.26758e+08,4.18639e+09,9.55995e+08,2.83066e+08,-7.21657e+08,0.000916226,0.000149051,5.3524e-24
0,2.14097e+09,2.83067e+07,3.32895e+08,-6.07759e+08,-8.88629e+08,1.50281e+08,-2.80633e+08,0.000921105,0.000143221,-4.91144e-26
0,1.9078e+09,2.24255e+07,2.8736e+08,1.99465e+09,6.97649e+08,-2.96424e+08,-1.16903e+09,0.00098891,0.000148953,8.88481e-25
0,2.1768e+09,-1.42643e+07,3.37936e+08,-4.63391e+09,-2.1266e+08,-3.36469e+08,-4.10797e+08,0.000912154,0.000141607,-1.80898e-24
0,2.08937e+09,3.01481e+07,3.32625e+08,1.68209e+09,2.96796e+08,3.362e+08,-6.61042e+08,0.000956324,0.000152245,2.90762e-25
0,2.18994e+09,4.68146e+07,3.1783e+08,8.16134e+09,-2.38989e+08,-3.25335e+08,-5.36818e+08,0.000961121,0.000139489,1.98228e-23
0,2.07833e+09,6.72179e+06,3.28247e+08,1.69793e+09,2.61654e+08,-3.28548e+07,-7.32594e+08,0.000938753,0.000148265,2.28878e-25
0,2.26319e+09,-2.95782e+06,3.26775e+08,1.08527e+09,-5.56793e+08,-1.83765e+07,4.38384e+07,0.000868058,0.000125336,1.00074e-26
0,2.10598e+09,2.79861e+07,3.30178e+08,5.32446e+09,-5.52436e+08,4.37368e+08,-8.14588e+08,0.00100825,0.000158074,1.01122e-23
0,1.88756e+09,8.76081e+06,3.3523e+08,3.53105e+09,-4.86013e+08,3.65879e+08,2.05046e+08,0.000908133,0.000161284,-1.69591e-24
0,2.09518e+09,-2.74351e+06,3.43096e+08,3.34611e+06,-2.62499e+06,3.19539e+07,-3.38371e+08,0.000941547,0.000154183,-9.25163e-30
0,2.10985e+09,9.92378e+06,3.28004e+08,-4.41834e+08,-4.98451e+08,-1.9604e+08,-5.95679e+08,0.000934444,0.000145272,-3.10793e-26
0,1.88015e+09,4.15651e+07,2.75097e+08,-8.10135e+09,-2.58801e+08,-3.25786e+08,-4.04207e+08,0.000949331,0.000138903,-2.57825e-23
0,2.19407e+09,2.8904e+07,3.33563e+08,-5.47837e+09,-7.38702e+07,-2.39311e+08,4.68452e+08,0.000950275,0.00014447,4.7409e-24
0,2.0313e+09,1.33394e+07,3.18996e+08,1.33659e+10,6.38719e+08,3.77118e+08,-5.52646e+07,0.000928261,0.000145775,2.08705e-23
0,2.01809e+09,-5.4567e+07,3.23466e+08,7.77355e+07,-1.57622e+09,-4.63111e+08,-3.43043e+08,0.000951337,0.000152483,-6.41173e-25
0,2.01503e+09,1.79857e+07,3.2652e+08,-4.93913e+09,-7.60708e+07,2.9016e+08,2.61484e+08,0.000983637,0.000159391,3.29221e-24
0,2.17327e+09,-1.88225e+07,3.32108e+08,-4.16625e+09,-9.98224e+07,1.5359e+07,-5.13657e+08,0.000948909,0.000145008,-2.33145e-24
0,2.28892e+09,5.54153e+06,3.25167e+08,2.18497e+09,-3.51745e+08,-1.92561e+07,-4.13712e+07,0.000891354,0.000126627,2.67662e-26
0,2.02261e+09,-137307,2.91439e+08,2.07747e+10,8.21527e+08,-2.11416e+08,3.95341e+07,0.00103658,0.000149363,-8.47132e-23
0,2.08867e+09,-2.95954e+06,3.4407e+08,1.82217e+08,586779,5.40868e+07,-2.20237e+08,0.000941137,0.000155035,-7.69116e-29
0,2.31793e+09,1.44892e+07,3.2995e+08,3.24803e+09,-1.0382e+09,-1.0722e+08,-3.09822e+08,0.000923909,0.000131516,9.5366e-25
0,2.07697e+09,-2.11413e+07,3.12505e+08,-9.11831e+08,-6.87589e+08,2.28314e+08,-9.55482e+08,0.000999648,0.000150409,-6.12234e-26
0,1.96818e+09,-7.02037e+06,3.03616e+08,1.91781e+09,2.54296e+08,9.71616e+06,-9.29005e+08,0.000950071,0.00014656,5.57892e-25
0,1.94984e+09,-3.66515e+07,3.09351e+08,-2.04755e+09,9.26861e+08,2.60513e+08,-1.08058e+09,0.000979114,0.000155341,-8.20628e-25
0,2.13906e+09,-2.38088e+07,3.28536e+08,-6.00417e+09,-3.79347e+08,-5.01132e+08,-5.36136e+08,0.000923721,0.000141874,-5.4633e-24
0,2.13471e+09,3.66288e+06,3.4147e+08,4.44515e+08,-3.58203e+08,-2.24245e+08,-6.47033e+07,0.000944906,0.000151148,1.57744e-27
0,2.01057e+09,1.33757e+07,3.25236e+08,2.06643e+09,3.5058e+08,-1.27084e+08,-9.05577e+08,0.000951447,0.000153909,6.09375e-25
0,2.12003e+09,2.28443e+07,3.33524e+08,1.12913e+09,3.2649e+08,-3.3057e+08,-4.14101e+08,0.000923209,0.00014524,1.62564e-26
0,1.98315e+09,-4.24272e+07,3.2656e+08,7.64739e+08,-7.73645e+08,-3.20806e+08,-9.92034e+07,0.000951514,0.000156684,4.58371e-26
0,2.17301e+09,3.367e+07,3.28019e+08,6.53189e+09,-2.33096e+08,2.57671e+08,-6.60742e+08,0.000944617,0.000142592,1.0809e-23
0,2.0405e+09,2.64259e+07,3.11774e+08,-4.65338e+09,-6.32177e+08,8.52582e+07,-6.00147e+08,0.00101381,0.000154903,-8.26359e-24
0,2.20929e+09,1.34026e+07,3.21745e+08,5.39924e+09,-1.32752e+09,1.56946e+07,-6.15376e+08,0.000973365,0.000141754,9.08577e-24
0,2.16241e+09,7.48547e+06,3.26962e+08,2.90827e+08,3.79334e+08,-2.75204e+08,-4.87371e+08,0.00089646,0.000135547,-2.69694e-29
0,1.98883e+09,1.39757e+07,3.2509e+08,-2.91106e+09,-9.86581e+08,-1.44265e+08,-6.7779e+08,0.000965038,0.000157743,-2.60768e-24
0,2.0836e+09,4.20585e+07,3.1999e+08,5.08771e+09,1.48466e+08,2.34877e+07,-8.70082e+08,0.000974986,0.000149734,1.00287e-23
0,2.05437e+09,-1.21372e+07,2.91242e+08,-6.89902e+07,-7.93904e+08,-1.26094e+08,-1.03048e+09,0.0010268,0.000145566,-1.38357e-25
0,2.07191e+09,5.81771e+07,3.05687e+08,1.05785e+10,5.49915e+08,1.96499e+08,-6.42434e+08,0.000991254,0.000146248,7.99249e-23
0,2.08931e+09,-1.47904e+07,3.25514e+08,-2.24249e+09,-4.35238e+08,-4.03502e+08,-8.4675e+08,0.000968923,0.000150958,-4.95472e-25
0,1.91722e+09,-1.41276e+07,3.18366e+08,2.42971e+09,1.00022e+09,-3.1993e+08,-3.53538e+08,0.000950004,0.000157754,-1.71237e-25
0,1.974e+09,1.30266e+07,3.16459e+08,-1.11371e+09,-3.01748e+08,9.17585e+06,-1.25049e+09,0.00101645,0.00016295,2.74755e-27
0,2.08777e+09,1.043e+06,3.31307e+08,-1.6739e+08,-4.65319e+08,9.11514e+07,-5.40634e+08,0.000940698,0.000149279,4.52117e-27
0,2.01747e+09,5.34404e+07,2.90393e+08,4.77134e+09,-3.55596e+08,-6.76659e+08,-9.43115e+08,0.00100693,0.000144937,1.31153e-23
0,2.29688e+09,-1.56458e+07,3.38369e+08,1.00021e+09,-4.65827e+08,-2.08733e+08,1.40719e+07,0.000861173,0.000126865,9.00186e-27
0,1.89336e+09,2.82939e+07,3.07716e+08,-9.96362e+09,-1.80363e+09,-2.44465e+08,-5.47053e+08,0.000994973,0.000161707,-9.26665e-23
0,2.2061e+09,5.29689e+06,3.14996e+08,4.40341e+09,-1.33853e+09,-1.4767e+07,-6.50026e+08,0.000977453,0.000139565,6.26318e-24
0,2.24448e+09,-5.87502e+06,3.3742e+08,-1.64277e+09,-7.12287e+08,-1.67102e+08,-4.0697e+08,0.000949068,0.000142677,-1.68503e-25
0,1.9187e+09,7.93854e+06,3.16774e+08,3.82179e+09,1.55019e+09,-1.32476e+08,-3.3617e+08,0.000961023,0.000158663,-1.02582e-24
0,1.96266e+09,-1.03253e+07,3.25259e+08,3.13569e+08,3.34436e+08,6.34666e+07,-9.28826e+08,0.000970611,0.000160853,-1.96176e-26
0,2.02118e+09,9.02138e+06,3.07074e+08,-1.51985e+09,5.18111e+08,-8.31213e+07,-9.89521e+08,0.000991057,0.000150569,-3.47019e-25
0,2.09381e+09,-2.99055e+06,3.43489e+08,7.94156e+08,-588587,8.93235e+07,-2.95312e+08,0.000946608,0.000155291,9.1651e-27
0,1.99916e+09,4.81562e+07,3.16119e+08,3.57481e+09,8.849e+08,-3.92395e+08,-9.66372e+08,0.000975003,0.000154173,3.5385e-24
0,2.18398e+09,1.5995e+07,3.22811e+08,1.91941e+09,-2.50673e+08,-4.35744e+08,-5.35991e+08,0.000938413,0.000138706,2.2088e-25
0,2.16299e+09,5.49275e+06,3.17833e+08,7.40542e+08,-1.49063e+09,3.12233e+08,-6.95457e+08,0.000993528,0.00014599,1.08811e-24
0,2.0365e+09,-1.25768e+07,3.3244e+08,-1.90428e+08,7.23999e+08,-6.74555e+07,-6.63311e+08,0.000904054,0.000147578,-7.01502e-28
0,2.25291e+09,-1.22558e+07,3.3594e+08,-3.66398e+09,-7.14051e+08,-1.98403e+08,-4.42347e+08,0.000944506,0.000140839,-1.06808e-24
0,2.31825e+09,1.07118e+07,3.37059e+08,2.67031e+09,-3.5445e+08,-4.02346e+07,-1.33239e+08,0.000896644,0.000130367,1.1033e-25
0,2.13797e+09,-9.64154e+06,3.10203e+08,-2.14787e+09,-1.21871e+09,-7.2822e+07,2.48245e+08,0.000931156,0.000135104,-1.20318e-25
0,2.16229e+09,1.04785e+07,3.32153e+08,5.95409e+08,-3.31704e+08,-1.89198e+08,-4.94493e+08,0.000929368,0.000142762,2.97233e-27
0,2.154e+09,-1.54704e+07,3.37532e+08,-3.59299e+09,-1.36168e+08,-5.05455e+08,-4.61138e+08,0.000946748,0.000148355,-1.07369e-24
0,2.16273e+09,4.69175e+06,3.21315e+08,-1.66514e+09,-1.10981e+09,2.91237e+08,-6.95575e+08,0.000990087,0.000147097,-7.95646e-25
0,2.09328e+09,8.6905e+06,3.21049e+08,1.91208e+09,-6.27407e+08,-2.16289e+08,-9.00177e+08,0.00100544,0.000154205,8.05027e-25
0,1.95175e+09,2.65202e+07,3.20212e+08,-3.05112e+09,-1.64468e+09,5.69474e+07,-5.31866e+08,0.000960783,0.00015763,-6.491e-24
0,1.99623e+09,-7.77627e+06,3.29303e+08,-1.46391e+09,1.36042e+08,2.22621e+07,-6.1479e+08,0.000928437,0.000153157,-1.40414e-25
0,2.12091e+09,-2.50216e+07,3.32542e+08,-3.3753e+09,1.82862e+08,-2.23197e+08,-6.48571e+08,0.000952094,0.00014928,-1.85324e-24
0,2.00037e+09,-3.29108e+07,3.0124e+08,-6.1967e+09,-6.01642e+08,-1.54868e+07,-9.77283e+08,0.000991411,0.000149299,-2.81113e-23
0,2.22119e+09,-1.74398e+07,3.3763e+08,-5.45199e+09,-3.564e+08,-3.59539e+08,-3.92454e+08,0.00092993,0.000141353,-2.62109e-24
0,2.19349e+09,2.19516e+07,3.36966e+08,5.1638e+09,2.66249e+07,2.80451e+08,-4.21104e+08,0.000900624,0.000138354,2.69463e-24
0,1.84577e+09,3.92885e+07,2.87264e+08,1.07294e+10,-4.9759e+06,5.00248e+08,2.4882e+08,0.00099486,0.000154834,-5.56894e-23
0,2.16145e+09,888478,3.23336e+08,7.82148e+08,-9.4401e+08,5.89252e+07,-8.61835e+08,0.000993913,0.000148681,2.83605e-25
0,2.135e+09,2.81191e+07,3.1654e+08,2.73686e+09,-8.0905e+08,-4.92273e+08,-8.55346e+08,0.00100997,0.000149741,2.32441e-24
0,2.21956e+09,9.26349e+06,3.27661e+08,3.16916e+09,4.48369e+08,2.43533e+08,-1.73143e+08,0.000936716,0.000138282,4.78851e-25
0,2.04556e+09,-1.40813e+07,3.26368e+08,-2.54416e+08,4.64657e+08,2.40949e+08,-7.02914e+08,0.000933136,0.000148881,3.53496e-28
0,2.18584e+09,-1.73998e+07,3.37255e+08,-4.62552e+09,-2.43179e+08,-4.72836e+08,-4.45269e+08,0.000934114,0.000144125,-1.93144e-24
0,2.00275e+09,8.4883e+06,3.16584e+08,1.42441e+09,-5.91064e+06,2.80755e+08,-1.0994e+09,0.000978943,0.000154746,9.56872e-26
0,2.32829e+09,4.76395e+06,3.38311e+08,7.85444e+07,-4.61327e+08,-5.39798e+07,-1.15759e+08,0.00090108,0.000130931,-1.29021e-28
0,2.32855e+09,8.02678e+06,3.32026e+08,1.82018e+09,-1.03457e+09,-6.77067e+07,-2.54692e+08,0.00091488,0.000130452,2.73961e-25
0,1.92864e+09,601540,3.29536e+08,-5.6102e+09,3.80096e+08,-7.41088e+08,-6.3135e+08,0.000909853,0.000155461,-1.29615e-23
0,2.0274e+09,-2.97498e+07,3.09977e+08,-1.7636e+09,7.62463e+08,-2.15496e+08,-8.7071e+08,0.000972781,0.000148732,-6.53105e-25
0,2.11041e+09,-1.08353e+06,3.1245e+08,-1.85954e+09,-2.4008e+08,2.37365e+08,-7.66422e+08,0.000967254,0.000143204,-3.596e-25
0,2.00132e+09,-3.374e+07,3.12472e+08,-5.34585e+09,-1.45756e+08,2.01891e+08,-9.03887e+08,0.000978122,0.000152717,-1.51861e-23
0,2.1814e+09,4.16391e+06,3.35613e+08,4.35317e+08,-5.76628e+08,3.84667e+07,-3.36116e+08,0.000935855,0.000143983,2.11538e-26
0,1.85709e+09,2.70331e+07,3.01424e+08,2.91045e+09,1.17941e+09,-5.55574e+08,-1.42238e+09,0.00101466,0.00016469,3.95104e-24
0,2.22291e+09,-2.74078e+07,3.10632e+08,1.00155e+10,2.46226e+08,-2.13227e+08,1.24729e+08,0.000976133,0.000136406,-9.19339e-24
0,2.01077e+09,-1.73315e+07,3.23068e+08,-1.07712e+09,8.9772e+08,2.56273e+08,-7.92161e+08,0.000915922,0.000147161,-2.82456e-26
0,2.14759e+09,4.44459e+07,3.22176e+08,9.82655e+09,-5.36584e+08,2.17133e+08,-7.13754e+08,0.000964193,0.000144646,4.72134e-23
0,2.16181e+09,-3.7144e+07,3.10341e+08,3.99362e+09,-5.70371e+08,-2.40257e+08,3.04516e+08,0.000936675,0.000134465,-7.95503e-25
0,2.13141e+09,3.105e+06,3.38063e+08,-5.10856e+09,1.18787e+07,-2.08521e+07,-4.07871e+08,0.000920006,0.000145923,-3.2394e-24
0,1.9768e+09,-2.95029e+07,3.30365e+08,-1.75125e+09,-6.97337e+07,-1.61255e+08,-5.09415e+08,0.000949651,0.000158707,-2.38744e-25
0,2.14712e+09,-5.21959e+06,3.22078e+08,-1.62104e+09,-1.01933e+09,-1.30332e+08,-8.46395e+08,0.00101056,0.000151588,-9.62998e-25
0,1.96687e+09,-1.60857e+07,3.07272e+08,-1.02091e+09,1.88408e+08,4.77028e+08,-1.03851e+09,0.000972726,0.000151963,3.81532e-26
0,2.19532e+09,2.01768e+07,3.26978e+08,4.09552e+09,-8.40019e+08,1.05715e+08,-5.54834e+08,0.000946294,0.000140944,2.54884e-24
0,1.9632e+09,1.71821e+07,2.62781e+08,4.02976e+09,-7.08686e+08,-4.19666e+07,-1.12812e+09,0.00106172,0.000142115,1.45913e-23
0,2.15744e+09,-1.54695e+07,3.39768e+08,-5.18914e+09,-1.30448e+08,-3.42762e+08,-4.24128e+08,0.00092774,0.000146107,-3.18366e-24
0,2.08843e+09,-6.33069e+06,3.34449e+08,1.51829e+09,4.25556e+08,2.73874e+08,-5.26845e+08,0.00093679,0.000150021,1.99052e-25
0,2.1559e+09,2.68603e+07,3.21636e+08,6.02863e+08,6.6608e+08,2.95158e+08,-3.75178e+08,0.000953723,0.000142285,2.32052e-26
0,2.00053e+09,-3.29027e+06,2.96568e+08,-5.0917e+09,-9.12707e+08,2.22028e+08,-9.86822e+08,0.00104895,0.000155502,-2.49169e-23
0,2.16082e+09,6.2592e+06,3.33506e+08,2.44289e+09,-8.49587e+07,2.47286e+07,-6.10165e+08,0.000936793,0.000144587,5.10768e-25
0,1.79296e+09,8.12514e+07,2.55822e+08,-3.7142e+09,-1.15796e+09,-2.85968e+08,-1.14404e+09,0.00113581,0.000162059,-2.85474e-23
0,2.12946e+09,-3.76323e+07,3.09168e+08,-5.32269e+09,-9.37793e+08,-2.7393e+08,-8.63474e+08,0.000974748,0.000141519,-1.00464e-23
0,2.15594e+09,2.35031e+07,3.32562e+08,8.81711e+09,-3.60196e+08,3.59352e+08,-6.5709e+08,0.000962515,0.000148472,2.95397e-23
0,2.12099e+09,6.79887e+06,3.22218e+08,-2.80564e+09,-6.88753e+08,-1.50481e+08,-7.23374e+08,0.000961478,0.000146067,-1.332e-24
0,2.02099e+09,6.39694e+06,3.34311e+08,-5.92844e+09,-8.74026e+07,-6.80014e+08,1.42968e+08,0.000950448,0.000157222,3.34065e-24
0,2.1181e+09,-3.49969e+06,3.29346e+08,9.78724e+08,-4.55201e+08,-3.08043e+07,-7.83175e+08,0.00100863,0.000156834,8.77953e-26
0,2.12811e+09,-1.40657e+07,3.2777e+08,-6.15216e+09,-1.04885e+09,-5.53194e+08,-5.7792e+08,0.001001,0.000154174,-7.57047e-24
0,2.15099e+09,-2.49045e+07,2.86838e+08,2.72818e+09,-8.47355e+08,-2.20319e+08,3.6107e+08,0.00104856,0.000139827,-2.73056e-25
0,2.17697e+09,2.09186e+07,3.33793e+08,2.63174e+09,-1.85633e+08,2.16236e+08,-5.86859e+08,0.000940334,0.000144181,5.54854e-25
0,2.12258e+09,-8.7888e+06,3.41181e+08,8.8686e+09,1.95152e+08,6.38838e+08,7.33895e+07,0.000931632,0.00014975,-1.09327e-24
0,2.16008e+09,-2.87513e+07,3.01368e+08,1.39686e+09,-2.06306e+08,-3.0103e+08,4.05188e+08,0.000965823,0.000134749,-5.08277e-26
0,2.05824e+09,-8.37829e+06,3.30829e+08,1.69644e+09,-2.11733e+07,5.31916e+07,-5.47978e+08,0.000963472,0.000154862,2.13986e-25
0,2.21511e+09,1.16024e+07,3.25974e+08,3.93048e+09,-1.57779e+09,2.06912e+08,-6.29642e+08,0.00103166,0.000151818,6.51149e-24
0,2.05059e+09,-4.17677e+06,3.38291e+08,-3.11503e+09,4.67726e+08,-3.38368e+08,-3.43612e+08,0.00089423,0.000147523,-9.8318e-25
0,2.07827e+09,-9.96807e+06,3.09834e+08,-2.04869e+09,-1.25941e+09,-6.14228e+08,-1.11676e+09,0.00104344,0.000155559,-2.47057e-24
0,2.32401e+09,7.18272e+06,3.39111e+08,1.4359e+09,-2.20741e+08,-2.63202e+07,-1.20183e+08,0.000883972,0.000128986,1.40661e-26
0,2.13556e+09,-1.39993e+07,3.26639e+08,-1.35407e+09,-5.65506e+08,-1.6206e+08,-8.34178e+08,0.00100676,0.000153987,-2.48591e-25
0,1.81796e+09,2.51441e+07,2.80973e+08,5.80613e+09,-1.96495e+09,3.05024e+08,1.61321e+08,0.00112836,0.000174392,-5.64916e-24
0,2.20704e+09,1.86573e+07,3.35105e+08,6.66071e+09,-6.91913e+08,4.27211e+08,-5.79361e+08,0.000984437,0.000149471,9.50173e-24
0,2.10126e+09,-2.83173e+07,3.27378e+08,-7.27571e+09,-5.95709e+08,-5.84931e+08,-6.3974e+08,0.000971892,0.000151422,-1.56216e-23
0,1.98291e+09,-3.55919e+07,3.31489e+08,-2.45152e+08,6.94956e+08,1.79677e+08,6.69472e+07,0.000982415,0.000164233,-3.27223e-27
0,2.14106e+09,-1.53051e+06,3.36615e+08,1.81748e+09,-9.37723e+07,-1.9397e+07,-5.65234e+08,0.000944318,0.000148465,2.07578e-25
0,1.92662e+09,-3.32878e+07,3.14733e+08,2.48793e+08,1.73158e+09,4.08837e+08,-9.07789e+08,0.000920013,0.000150294,-1.47407e-25
0,2.18977e+09,3.33148e+07,3.27533e+08,8.41726e+09,-5.05666e+08,2.79121e+08,-6.62807e+08,0.000953851,0.000142672,2.29906e-23
0,1.95279e+09,1.03088e+06,3.24139e+08,2.10454e+09,5.84356e+08,1.80003e+08,-1.05335e+09,0.000974672,0.000161783,1.25631e-24
0,2.21807e+09,-2.47199e+06,3.27053e+08,3.45648e+08,-1.03847e+09,2.73179e+08,-6.01848e+08,0.000971847,0.000143298,2.12479e-25
0,2.24867e+09,2.37812e+07,3.33201e+08,-4.83366e+09,-3.02801e+08,1.44463e+08,1.89052e+08,0.000891426,0.000132088,7.19033e-25
0,2.12504e+09,-2.10538e+07,3.30401e+08,-3.23105e+09,-2.8041e+08,-3.58687e+08,-7.2245e+08,0.000992914,0.000154378,-1.7185e-24
0,1.9743e+09,-1.51198e+07,3.23251e+08,2.15967e+09,1.18908e+09,3.10218e+08,-7.78079e+08,0.000924979,0.000151446,1.14838e-24
0,2.1408e+09,-1.78087e+07,3.30923e+08,-1.78094e+09,-6.60764e+07,-2.87063e+07,-4.7845e+08,0.000917556,0.000141835,-1.44675e-25
0,2.00034e+09,4.39174e+07,3.21749e+08,2.06984e+09,1.36205e+09,-3.93242e+08,-7.95148e+08,0.000925104,0.0001488,3.63141e-27
0,2.06755e+09,-2.8318e+07,3.11584e+08,8.37957e+08,-4.71958e+07,3.37611e+08,-9.77186e+08,0.000979177,0.000147564,-5.45478e-26
0,2.08743e+09,4.65108e+07,3.11695e+08,-1.03724e+09,-1.11507e+09,4.94371e+08,-5.01223e+08,0.00106341,0.000158789,-1.57995e-25
0,2.05413e+09,5.42555e+06,3.28899e+08,-1.97895e+09,4.45903e+08,-1.32016e+08,-8.00151e+08,0.000933843,0.000149523,-5.01743e-25
0,2.12418e+09,2.35799e+07,3.29298e+08,3.19146e+09,-5.10868e+08,3.72812e+08,-8.20028e+08,0.000996141,0.000154425,1.84831e-24
0,2.02772e+09,8.45025e+06,2.64956e+08,6.97461e+08,-1.6846e+09,-2.13229e+08,-1.15095e+09,0.00112262,0.00014669,9.01127e-25
0,2.084e+09,-3.09687e+07,3.21373e+08,-8.15113e+09,-8.09143e+08,-3.18422e+08,-7.32316e+08,0.000985144,0.000151919,-3.38296e-23
0,2.11374e+09,-1.93959e+07,3.33398e+08,-8.12828e+08,4.44276e+08,-3.55334e+08,-4.16704e+08,0.00096353,0.000151976,-5.53606e-26
0,1.94752e+09,-3.01192e+07,3.07835e+08,-1.88707e+09,-1.78245e+09,-2.21701e+08,-7.97528e+08,0.00101421,0.000160311,-6.51131e-24
0,2.09664e+09,-1.52865e+07,3.21407e+08,-7.88935e+09,-1.26256e+09,-5.58939e+08,-7.77907e+08,0.00101031,0.000154877,-3.02492e-23
0,2.12543e+09,-3.01174e+07,3.24089e+08,-6.75405e+09,-5.14388e+08,-1.65045e+08,-7.86413e+08,0.000969438,0.000147822,-1.83877e-23
0,1.96672e+09,1.95866e+07,3.1925e+08,8.84872e+08,2.11389e+07,1.78277e+08,-5.67567e+08,0.000926125,0.000150334,1.73381e-26
0,1.75857e+09,2.27321e+07,2.87641e+08,1.26137e+09,-9.40937e+08,-4.49139e+08,-1.55534e+09,0.00110043,0.000179992,-8.75524e-25
0,2.11608e+09,-4.298e+06,3.43504e+08,-1.31759e+09,970284,-1.35612e+08,-2.94836e+08,0.000946603,0.000153662,-4.43198e-26
0,2.07845e+09,-3.12704e+07,3.24348e+08,-1.57492e+08,5.47504e+08,-6.09175e+07,-6.46226e+08,0.000928009,0.000144818,-1.57879e-28
0,2.07077e+09,-2.17269e+07,2.97973e+08,1.90917e+09,-1.05347e+09,5.52993e+08,-9.51165e+08,0.00102339,0.000147261,1.17067e-24
0,2.0759e+09,4.81043e+06,3.28716e+08,-3.13424e+08,1.91735e+08,-1.90408e+08,-7.80713e+08,0.000939281,0.000148734,1.1388e-26
0,2.20282e+09,-1.33305e+07,3.38836e+08,-2.77261e+09,1.31618e+08,-1.84379e+08,-7.99534e+07,0.000918826,0.000141333,-1.16887e-25
0,1.98954e+09,1.26097e+07,3.02366e+08,3.57255e+09,1.74382e+09,-2.08659e+08,-7.80248e+08,0.000917958,0.000139509,8.13962e-25
0,2.03901e+09,-2.14405e+07,3.27734e+08,-6.99672e+09,5.44681e+08,4.80606e+07,-5.65614e+08,0.000912285,0.000146633,-1.36196e-23
0,2.07724e+09,1.21176e+06,3.36296e+08,-5.06486e+07,7.87879e+06,4.29708e+07,-6.15233e+08,0.000943127,0.000152688,8.80515e-28
0,2.11624e+09,2.04226e+06,3.31306e+08,-1.22527e+09,-6.47858e+08,5.93744e+07,-7.96499e+08,0.00101587,0.000159038,-2.69917e-25
0,2.19613e+09,-2.7213e+07,3.29407e+08,-2.13824e+09,2.04125e+08,6.00631e+07,-4.42494e+08,0.000906304,0.00013594,-1.94181e-25
0,2.18187e+09,5.86504e+06,3.15719e+08,1.13934e+09,-1.56332e+09,1.58142e+08,-9.21177e+08,0.00100955,0.000146083,1.70648e-24
0,2.06523e+09,2.19155e+07,3.1875e+08,4.40913e+09,-3.91543e+08,1.29732e+08,-7.82013e+08,0.000963213,0.000148664,5.64333e-24
0,1.88661e+09,4.51565e+07,3.04949e+08,-5.85717e+09,-1.57951e+09,-2.77506e+07,-7.9696e+08,0.00100417,0.000162313,-4.0063e-23
0,2.25599e+09,1.97559e+06,3.37121e+08,-1.08499e+08,-8.24896e+08,-3.15747e+07,-4.47604e+08,0.000968742,0.000144763,-1.96573e-26
0,2.02038e+09,4.1521e+07,3.24551e+08,3.20783e+09,3.3016e+08,-1.41121e+08,-7.70757e+08,0.000964403,0.00015492,2.29178e-24
0,2.00672e+09,2225.93,3.20569e+08,9.74121e+08,1.80234e+08,4.4465e+06,-1.12031e+09,0.000987985,0.000157828,-2.76658e-26
0,2.05797e+09,-1.43957e+07,3.24927e+08,-7.08842e+08,-1.93444e+08,2.42338e+07,-8.72896e+08,0.0009854,0.000155582,9.19189e-27
0,2.02439e+09,-4.38435e+06,3.27013e+08,-2.67202e+09,-3.78502e+08,6.93386e+07,-9.68159e+08,0.00100226,0.000161901,-2.11797e-24
0,2.24756e+09,2.23649e+07,3.23814e+08,7.60765e+09,-1.37445e+09,1.22313e+08,-5.99815e+08,0.000976393,0.000140673,1.85334e-23
0,2.15444e+09,6.03983e+06,3.35762e+08,1.42668e+09,-1.89013e+08,-2.23714e+08,-5.29934e+08,0.00094562,0.000147372,9.40371e-26
0,1.98418e+09,-3.23364e+07,3.32775e+08,-6.28299e+09,6.72646e+08,-2.07607e+08,-5.33177e+08,0.000910161,0.000152647,-1.21211e-23
0,2.11849e+09,-3.19437e+07,3.2666e+08,-3.36093e+09,2.78022e+08,2.74838e+07,-6.88583e+08,0.000929954,0.000143394,-1.64173e-24
0,2.05782e+09,3.45676e+07,3.12589e+08,4.07269e+09,-3.87115e+07,2.4862e+08,-9.14192e+08,0.000972288,0.000147693,5.40922e-24
0,1.80041e+09,-5.3652e+07,2.99024e+08,4.00288e+09,1.6789e+08,3.3673e+08,-7.6546e+08,0.0010146,0.000168513,1.12659e-23
0,2.04235e+09,8.65619e+06,3.09135e+08,3.46247e+09,3.3371e+08,1.15942e+08,-8.32994e+08,0.000951541,0.000144028,3.04011e-24
0,2.07568e+09,2.51103e+07,3.22491e+08,6.30569e+09,1.89832e+08,2.57839e+06,-6.87365e+08,0.000925078,0.000143726,1.20078e-23
0,1.90268e+09,-6.89744e+06,3.28962e+08,-2.22946e+09,2.45916e+08,5.70792e+07,-9.67159e+08,0.000981069,0.000169621,-1.28704e-24
0,2.14238e+09,8.89674e+06,3.36966e+08,8.68093e+08,-2.19096e+08,1.99254e+08,-4.00665e+08,0.000948916,0.000149251,8.72529e-27
0,2.14972e+09,-3.58298e+06,3.37437e+08,7.25415e+08,-2.06647e+08,1.16765e+07,-5.48296e+08,0.000952022,0.000149437,1.04602e-26
0,2.1827e+09,-1.54438e+07,3.37641e+08,-2.3084e+09,2.11107e+08,-1.54862e+08,1.65757e+08,0.000893979,0.000138289,6.97571e-26
0,2.23284e+09,-2.6229e+06,3.03369e+08,-1.71213e+09,5.292e+08,-4.37669e+07,3.14751e+08,0.000960125,0.000130449,1.36347e-25
0,2.07385e+09,-3.33569e+07,3.05237e+08,-1.89697e+09,-3.01786e+08,8.04848e+08,-9.28155e+08,0.00103012,0.000151617,-3.2868e-25
0,2.2019e+09,2.72274e+07,3.32782e+08,6.34371e+09,-7.84687e+07,1.31641e+08,-3.71593e+08,0.000902482,0.000136396,4.31064e-24
0,1.91339e+09,-8.32591e+07,2.52433e+08,-3.46505e+09,-1.05772e+09,4.0287e+08,-8.975e+08,0.0010497,0.000138487,-1.17631e-23
0,2.23255e+09,1.23875e+06,3.35174e+08,-3.1416e+09,-4.07065e+08,-1.48884e+06,-4.4976e+08,0.000932185,0.00013995,-7.49766e-25
0,2.05087e+09,2.40831e+07,3.29398e+08,7.22833e+07,5.97074e+08,-1.97792e+08,-7.1556e+08,0.000934128,0.000150034,2.13972e-28
0,2.09746e+09,-2.31019e+07,3.12401e+08,9.71196e+09,-3.12935e+08,1.48325e+08,5.69333e+08,0.000972593,0.00014486,-4.57864e-23
0,2.30051e+09,2.29456e+07,3.27944e+08,5.02309e+09,-9.23793e+08,-1.55957e+08,-3.62765e+08,0.000935184,0.000133313,3.00681e-24
0,2.05588e+09,3.78097e+07,3.12479e+08,3.53146e+09,-2.70396e+08,3.60659e+08,-9.53648e+08,0.00099671,0.000151493,3.68727e-24
0,2.14676e+09,2.51447e+07,3.24867e+08,6.75649e+09,-4.92165e+08,1.40844e+08,-6.14103e+08,0.000949207,0.000143643,1.23426e-23
0,2.14699e+09,-133994,3.37949e+08,1.58878e+08,-6.09577e+06,3.18863e+08,-3.67754e+08,0.000956195,0.00015051,-3.40647e-27
0,1.81605e+09,-8.7583e+06,2.42841e+08,1.07664e+09,-4.22673e+08,5.31951e+08,-1.47206e+09,0.00110204,0.000147364,-5.58785e-25
0,2.00319e+09,4.63286e+07,3.10986e+08,8.9643e+09,-1.52071e+08,9.106e+07,-6.09564e+08,0.00101662,0.000157825,5.8441e-23
0,1.90606e+09,1.45701e+07,2.73375e+08,1.72648e+10,4.08593e+08,2.44799e+08,2.94432e+08,0.00108742,0.000155963,-3.44952e-22
0,2.11589e+09,-2.05998e+07,3.31935e+08,-4.37239e+09,-6.83029e+07,-1.78475e+08,-6.31617e+08,0.000971638,0.000152428,-4.14328e-24
0,2.00217e+09,-45170.9,3.33458e+08,-9.29038e+08,2.5154e+06,-1.0612e+08,-7.86169e+08,0.000982226,0.000163588,-1.7368e-26
0,2.01678e+09,9.58815e+06,3.04417e+08,7.10191e+09,1.19616e+09,2.04831e+08,-8.83166e+08,0.00093911,0.000141751,3.08623e-23
0,2.20103e+09,3.0133e+07,2.92541e+08,-6.20995e+09,-6.26329e+08,1.29637e+07,5.93569e+07,0.00103128,0.000137068,9.63555e-25
0,1.932e+09,-7.88197e+06,3.29164e+08,1.26686e+09,4.32737e+08,1.81788e+07,-9.52486e+08,0.000983313,0.000167532,1.83855e-25
0,2.07097e+09,-1.00507e+07,3.29534e+08,-3.56754e+09,3.30995e+08,-9.9411e+07,-6.90604e+08,0.000922085,0.000146723,-2.23787e-24
0,2.05574e+09,3.40832e+07,3.14617e+08,2.26438e+09,-4.6171e+08,-2.27121e+08,-9.74962e+08,0.000990532,0.000151594,1.18602e-24
0,1.99234e+09,-2.98321e+07,3.15139e+08,-4.56201e+09,1.60964e+08,4.42642e+08,-9.71842e+08,0.00101372,0.000160346,-1.12492e-23
0,1.91031e+09,-1.08341e+07,3.2164e+08,-9.93159e+08,7.03644e+08,9.29595e+07,-1.08001e+09,0.000969199,0.000163184,-7.40602e-26
0,2.21996e+09,-1.78643e+07,3.38122e+08,-2.56726e+09,6.31164e+07,-8.22482e+07,-2.81041e+08,0.000889349,0.000135457,-1.98096e-25
0,2.16186e+09,2.12233e+07,3.26922e+08,7.16704e+09,2.49151e+08,2.13226e+08,-3.02035e+07,0.000943946,0.000142746,1.24306e-24
0,2.19805e+09,1.37677e+07,3.09278e+08,5.96818e+07,-7.82275e+08,1.30343e+08,1.60648e+08,0.000893014,0.000125652,6.55761e-27
0,2.09532e+09,-3.05691e+07,3.09319e+08,3.44788e+09,8.74602e+08,9.25418e+07,-4.45915e+08,0.00107477,0.000158661,2.81857e-24
0,2.12479e+09,1.51031e+07,3.13432e+08,-2.59876e+09,-4.23952e+08,-2.10185e+07,-8.56465e+08,0.000985729,0.000145406,-1.27664e-24
0,2.08111e+09,-2.2104e+07,3.0455e+08,9.76034e+09,7.20548e+08,-3.69573e+07,1.26704e+08,0.000943527,0.000138076,-1.03065e-23
0,2.1561e+09,-4.97103e+06,3.37152e+08,-2.09582e+09,-3.57471e+08,-1.21551e+08,-5.28864e+08,0.000959518,0.000150041,-3.20159e-25
0,2.08133e+09,3.86868e+07,3.25109e+08,-8.90138e+09,-5.0996e+08,-2.04841e+08,2.72866e+08,0.000897716,0.000140226,1.29849e-23
0,2.22895e+09,6.3259e+06,3.11766e+08,-5.41605e+09,1.09661e+08,-2.69365e+08,2.34002e+08,0.000962311,0.0001346,2.04161e-24
0,2.06203e+09,8.81896e+06,3.31733e+08,-3.13506e+09,3.67479e+08,-3.6018e+08,-6.22543e+08,0.000917604,0.000147622,-1.59936e-24
0,2.17109e+09,-8.10195e+06,2.91934e+08,1.374e+10,1.17741e+09,-1.2136e+08,2.36788e+08,0.00111611,0.000150077,-1.07848e-22
0,2.03759e+09,3.52477e+07,3.19569e+08,1.07176e+09,8.77793e+08,-3.00807e+08,-8.44196e+08,0.000950851,0.000149128,3.24481e-26
0,2.07161e+09,2.38229e+07,3.01861e+08,3.90139e+09,-1.60271e+09,-3.53962e+08,-8.25204e+08,0.00101335,0.000147659,1.277e-23
0,2.04113e+09,1.37904e+07,3.19932e+08,9.45083e+08,-5.67334e+08,-5.07475e+08,-9.20235e+08,0.00100424,0.000157407,-1.09785e-25
0,1.96107e+09,-1.95031e+07,3.18255e+08,2.7431e+08,6.802e+08,1.65235e+08,-1.09427e+09,0.000974683,0.000158177,-1.4556e-26
0,1.97253e+09,7.72635e+06,3.27666e+08,2.59226e+09,1.80171e+07,1.79492e+08,-9.95481e+08,0.000993406,0.000165019,1.89076e-24
0,2.02859e+09,2.63462e+07,2.94101e+08,5.02435e+09,-8.70758e+08,-4.71399e+08,-7.92958e+08,0.000974457,0.000141275,1.36471e-23
0,2.12961e+09,-1.20245e+06,3.44671e+08,-9.28219e+08,3.04624e+07,-1.18242e+08,-1.26248e+08,0.000926405,0.000149936,-6.59085e-27
0,1.97831e+09,-2.77955e+07,2.92249e+08,-3.15602e+09,1.62231e+09,8.99386e+07,-9.07285e+08,0.000930105,0.000137401,-1.64126e-24
0,2.05705e+09,4.79087e+06,3.32199e+08,-1.82298e+07,1.10418e+09,5.8483e+07,-6.32946e+08,0.000901692,0.000145617,-2.02892e-27
0,2.0075e+09,3.81138e+07,3.23624e+08,1.3926e+09,8.82996e+08,-2.63746e+08,-7.99737e+08,0.000938083,0.000151226,9.32726e-26
0,2.18965e+09,-1.35641e+06,3.2792e+08,1.98902e+09,-1.24741e+09,3.43224e+08,-2.92844e+08,0.00101379,0.000151825,7.25583e-25
0,2.06347e+09,-6.92796e+06,3.33863e+08,-2.42595e+09,8.43575e+07,-1.19082e+08,-6.8481e+08,0.000941365,0.00015231,-7.22613e-25
0,2.23902e+09,1.38051e+07,3.27531e+08,3.31053e+09,-7.87066e+08,4.19777e+07,-5.04977e+08,0.000945836,0.00013836,1.25228e-24
0,2.07062e+09,-1.16587e+07,3.27361e+08,1.93331e+08,-8.27047e+07,2.20502e+07,-8.49756e+08,0.000988684,0.000156309,-1.03894e-26
0,2.07931e+09,3.93947e+07,3.19663e+08,8.37222e+09,3.16927e+08,-1.41991e+08,-7.41254e+08,0.000940363,0.000144567,3.20424e-23
0,1.8978e+09,2.09139e+07,2.94549e+08,7.24535e+09,2.06975e+09,-1.59234e+08,-8.73452e+08,0.000926341,0.000143773,2.56603e-23
0,1.86762e+09,-7.03569e+07,2.64672e+08,-4.85564e+09,4.19494e+08,6.47218e+08,-1.50659e+09,0.00109973,0.000155849,-3.88449e-23
0,2.05704e+09,-6.00505e+06,3.32046e+08,1.52466e+09,-3.1095e+08,-3.05066e+07,-8.15621e+08,0.00101178,0.00016332,2.92468e-25
0,2.03659e+09,4.82887e+06,3.13621e+08,4.70664e+09,4.81903e+08,1.27788e+08,-9.37811e+08,0.000942479,0.000145135,8.48799e-24
0,2.04517e+09,-7.61331e+06,3.35458e+08,-1.14773e+09,3.50176e+08,-1.5912e+08,-6.30665e+08,0.000933494,0.000153116,-8.28573e-26
0,2.04551e+09,-4.51751e+07,2.76243e+08,-3.91381e+09,-2.85376e+08,9.80404e+07,-8.15602e+08,0.00103172,0.000139333,-6.36767e-24
0,2.02006e+09,1.85112e+07,3.13361e+08,5.34396e+09,-1.46568e+09,8.45576e+07,-7.94097e+08,0.000991724,0.000153841,1.94343e-23
0,1.98256e+09,5.5413e+07,2.9453e+08,8.87576e+09,1.45248e+09,-2.70009e+08,-8.24561e+08,0.000945485,0.000140462,4.68961e-23
0,1.88571e+09,-3.28494e+07,3.05007e+08,3.97354e+08,8.4694e+08,2.04306e+08,-1.28403e+09,0.000998304,0.000161472,-2.37129e-26
0,2.17643e+09,2.45944e+07,3.13303e+08,4.71889e+09,1.93045e+09,-1.24568e+08,4.19786e+07,0.000955097,0.000137489,-5.65925e-24
0,2.03589e+09,-2.00572e+07,3.29882e+08,-3.96701e+09,-4.45357e+07,-5.85854e+08,-8.6249e+08,0.000967005,0.000156687,-4.43791e-24
0,2.15477e+09,5.22886e+07,2.89841e+08,-4.57434e+09,2.36771e+08,2.26966e+08,5.74859e+08,0.00100421,0.000135078,5.03587e-24
0,2.17736e+09,-3.98303e+06,3.29264e+08,2.7297e+09,1.68873e+07,3.47077e+07,-6.11995e+08,0.000925039,0.000139886,6.54934e-25
0,1.94972e+09,3.82439e+06,3.14867e+08,-2.00182e+09,1.54855e+09,-1.28307e+08,-1.02433e+09,0.000961522,0.000155279,-9.78348e-25
0,2.02036e+09,1.75951e+07,3.21754e+08,5.58339e+09,7.62803e+07,-2.60609e+08,-8.26144e+08,0.000977504,0.000155673,1.46515e-23
0,2.01872e+09,3.8674e+06,3.20583e+08,5.25486e+08,-7.99194e+08,-3.61218e+08,-8.47505e+08,0.00100278,0.000159247,-1.48386e-25
0,1.90353e+09,-1.83589e+07,3.17374e+08,3.69436e+09,-1.1214e+09,2.87926e+08,-6.08661e+08,0.00100434,0.000167452,5.84033e-24
0,2.12421e+09,-1.32887e+07,3.20309e+08,-4.12366e+09,-1.09235e+09,-8.41117e+07,-8.33175e+08,0.00100041,0.000150852,-6.965e-24
0,2.02716e+09,1.5601e+07,3.08459e+08,-8.22097e+08,2.48884e+08,-1.99708e+08,-9.54278e+08,0.000980647,0.000149218,9.67985e-27
0,2.27079e+09,7.65454e+06,3.2558e+08,-2.42983e+09,-2.07251e+08,-1.04242e+07,1.12279e+08,0.000897566,0.000128691,6.32014e-26
0,2.17804e+09,-8.02734e+06,3.32644e+08,-1.62343e+09,-5.43661e+08,6.87096e+07,-4.3735e+08,0.000947847,0.000144762,-1.89801e-25
0,1.95252e+09,2.99471e+07,2.79643e+08,3.76328e+09,-2.13486e+08,1.41841e+08,-9.04128e+08,0.00102172,0.000146333,6.97802e-24
0,2.13228e+09,1.9944e+07,3.17071e+08,2.75439e+09,-7.77476e+08,-5.21928e+08,-7.35252e+08,0.000977751,0.000145392,1.81372e-24
0,2.08785e+09,1.80792e+07,3.33633e+08,2.96628e+09,1.64904e+08,-1.17122e+08,-6.18909e+08,0.00092083,0.000147146,1.00403e-24
0,2.05787e+09,-4.9801e+06,3.21756e+08,3.04746e+08,-4.37435e+08,1.47363e+08,-1.06817e+09,0.0010084,0.000157668,3.02316e-26
0,2.04274e+09,-1.554e+07,3.25505e+08,-1.16407e+09,1.61421e+08,-5.44396e+07,-9.03573e+08,0.00097018,0.000154596,-6.32127e-26
0,2.14788e+09,2.19874e+07,2.91556e+08,-3.91648e+08,1.06729e+08,-5.80031e+07,1.99793e+08,0.0010223,0.000138768,9.40602e-28
0,2.02646e+09,3.94956e+07,3.26018e+08,1.67602e+09,2.13256e+09,5.48935e+07,-4.49562e+08,0.000852359,0.000137128,-1.06453e-24
0,1.87395e+09,-9.0817e+06,3.05242e+08,1.67687e+09,1.26128e+09,2.56769e+08,-9.44301e+08,0.00097148,0.000158241,1.05715e-24
0,2.03997e+09,-23908.8,3.22874e+08,-2.33269e+08,-1.02066e+09,-1.7754e+08,-7.3818e+08,0.00100565,0.000159168,-2.92915e-25
0,2.13319e+09,477593,3.44101e+08,-2.19763e+08,6.50253e+07,-4.63338e+07,-2.18247e+08,0.000920221,0.00014844,-3.55471e-29
0,1.97873e+09,-1.69066e+07,3.22241e+08,4.38711e+09,-7.20029e+08,-2.84393e+08,-3.97773e+08,0.000882163,0.000143662,3.41448e-24
0,1.99903e+09,4.10254e+07,3.19994e+08,4.7225e+09,8.70878e+08,-3.18635e+08,-7.98358e+08,0.000918164,0.000146975,5.46055e-24
0,1.95309e+09,3.87691e+07,3.12681e+08,3.12377e+09,7.79166e+08,-3.67169e+08,-1.07705e+09,0.00100745,0.000161288,3.56415e-24
0,2.16916e+09,3.67612e+07,3.08909e+08,5.35619e+09,-1.29077e+09,-1.46061e+08,-9.02144e+08,0.00101263,0.000144208,1.72236e-23
0,2.18715e+09,5.54229e+06,2.90581e+08,1.4098e+09,1.81139e+08,-3.09926e+07,1.9017e+08,0.000951349,0.000126394,-3.70735e-26
0,1.98078e+09,-7.01256e+07,3.02319e+08,-1.13866e+10,4.90339e+07,-2.76009e+08,-1.11424e+09,0.00101372,0.00015472,-2.29166e-22
0,2.05241e+09,8.00441e+06,3.31961e+08,1.68315e+07,3.03711e+08,1.95017e+08,-7.2156e+08,0.000928158,0.000150122,-2.95366e-27
0,2.01475e+09,6.90881e+07,3.0893e+08,6.20474e+09,6.60857e+08,-2.72695e+08,-1.03682e+09,0.000998714,0.000153137,2.69681e-23
0,2.0621e+09,3.64964e+07,3.18162e+08,6.20005e+09,4.84888e+08,-2.86718e+08,-7.66669e+08,0.000935574,0.00014435,1.27787e-23
0,2.20216e+09,1.71234e+07,3.36819e+08,1.24406e+09,-8.86085e+07,1.24316e+08,-4.52742e+08,0.00093979,0.000143741,3.91372e-26
0,2.29828e+09,2.44909e+07,3.26921e+08,4.85873e+08,-4.01577e+08,-8.67008e+06,-9.08322e+07,0.000929013,0.000132148,4.06512e-27
0,1.93957e+09,-1.16178e+07,3.07527e+08,7.77986e+08,-3.28773e+08,-2.11011e+08,-8.27959e+08,0.00103874,0.000164697,-1.22616e-26
0,2.07804e+09,-5.77821e+06,3.22033e+08,-1.74657e+09,-1.19082e+09,1.46574e+08,-7.62941e+08,0.0010077,0.000156162,-1.51423e-24
0,1.92725e+09,4.0092e+07,3.2245e+08,5.2155e+08,1.47391e+09,-2.66343e+08,-8.83528e+08,0.000932925,0.000156088,-3.21117e-26
0,2.20052e+09,-1.45687e+06,3.25088e+08,-9.10616e+08,-1.50356e+09,-2.27145e+08,-6.2155e+08,0.00100943,0.000149125,-1.09508e-24
0,1.95327e+09,1.52696e+07,3.12636e+08,4.71061e+09,-2.4725e+08,-2.00949e+08,-9.93774e+08,0.000981806,0.000157146,1.31561e-23
0,2.17874e+09,3.25142e+07,2.95202e+08,-4.17251e+09,3.3334e+08,-2.52152e+08,8.35937e+07,0.00100782,0.000136551,1.29894e-25
0,2.12422e+09,-5.75662e+07,3.02951e+08,-8.35145e+09,4.70994e+08,3.24185e+08,-5.9824e+08,0.000957197,0.000136513,-2.35734e-23
0,2.03059e+09,1.96406e+07,3.22062e+08,8.49935e+08,-2.74714e+07,-5.68669e+08,-7.90943e+08,0.000968497,0.000153609,-3.18235e-26
0,2.07995e+09,-2.68858e+07,3.15035e+08,2.31337e+09,-1.87818e+08,6.64527e+07,-6.36931e+08,0.00106008,0.000160563,9.9976e-25
0,2.2033e+09,-1.88999e+07,3.35554e+08,-4.71825e+09,-1.60181e+08,-1.68165e+08,-3.52774e+08,0.000936049,0.000142557,-1.9354e-24
0,2.18816e+09,2.40729e+07,3.35981e+08,3.67618e+09,-1.10717e+08,1.77491e+08,-5.32221e+08,0.000959074,0.000147261,1.61286e-24
0,2.09799e+09,1.20365e+07,3.29959e+08,2.28316e+08,-1.45907e+08,2.57061e+07,-6.16048e+08,0.000934943,0.000147042,-2.11891e-27
0,2.05255e+09,-9.94318e+06,3.29262e+08,-3.14573e+09,5.68334e+07,-1.5322e+08,-7.95246e+08,0.000953924,0.000153025,-2.01941e-24
0,2.03009e+09,-5.96464e+07,3.21376e+08,-6.42723e+09,1.02591e+09,-1.59671e+08,-7.4984e+08,0.00092578,0.000146557,-1.7247e-23
0,2.10211e+09,-3.34393e+07,3.14531e+08,-2.73623e+09,3.38088e+08,-9.12525e+07,-7.89406e+08,0.000966403,0.000144599,-1.31603e-24
0,2.18494e+09,-5.86627e+06,3.22643e+08,-3.51402e+09,-1.53328e+09,-2.90053e+08,-7.15905e+08,0.0010366,0.000153071,-5.73245e-24
0,1.99011e+09,-4.03907e+07,3.07516e+08,1.11229e+09,-1.5811e+09,-1.12265e+08,-4.66619e+08,0.000972922,0.000150338,1.2841e-24
0,2.1229e+09,-9.78682e+06,3.21346e+08,1.96828e+09,-7.04641e+08,-3.18156e+08,-6.47463e+08,0.000952273,0.000144147,5.76453e-25
0,2.01418e+09,-3.66996e+07,3.24174e+08,8.54875e+09,-1.22569e+09,3.24013e+08,3.68492e+07,0.000931559,0.000149931,-7.19247e-24
0,1.98625e+09,-1.47889e+07,3.26929e+08,-3.94657e+09,3.60898e+08,-9.94009e+07,-9.75608e+08,0.000973891,0.000160299,-6.69288e-24
0,2.08084e+09,4.67937e+06,3.19661e+08,4.83165e+09,-1.18097e+09,-1.27403e+08,-8.44067e+08,0.00100501,0.000154392,1.40057e-23
0,2.31153e+09,1.01157e+07,3.36869e+08,-2.12431e+09,2.87203e+07,7.26953e+07,1.87128e+07,0.000885621,0.000129065,6.77965e-27
0,1.94677e+09,2.6901e+07,3.30531e+08,4.7113e+09,4.84399e+08,1.05491e+07,-1.53137e+08,0.000968654,0.000164462,1.92431e-24
0,1.95944e+09,2.49448e+07,3.09559e+08,7.21256e+08,-4.83943e+08,-2.3125e+08,-1.25694e+09,0.00105099,0.000166039,-2.15137e-25
0,2.19518e+09,1.0245e+07,2.96449e+08,1.34709e+09,-6.90445e+08,2.1725e+06,-3.57984e+08,0.000940028,0.000126947,1.37459e-25
0,2.32756e+09,8.26372e+06,3.34225e+08,1.93933e+09,-8.16513e+08,-6.11073e+07,-2.07901e+08,0.000902114,0.000129539,1.67336e-25
0,2.07604e+09,2.15697e+07,2.78963e+08,-2.84801e+09,-5.34856e+08,2.47339e+08,4.43408e+08,0.000958979,0.000128861,6.14769e-25
0,2.09585e+09,-3.25102e+07,3.13102e+08,-4.98035e+09,-4.86702e+08,4.08558e+07,-8.36812e+08,0.000957884,0.0001431,-8.44703e-24
0,1.93975e+09,-1.89308e+07,2.97861e+08,1.50364e+09,9.59932e+08,-3.72962e+07,-9.37458e+08,0.00104969,0.000161186,5.47252e-25
0,1.97741e+09,-318933,3.14811e+08,7.39615e+09,-1.73519e+09,1.96551e+08,-5.43924e+08,0.000979802,0.000155988,3.3255e-23
0,1.82675e+09,5.12976e+07,2.71279e+08,3.89088e+09,-5.31824e+08,-2.67351e+08,-1.52978e+09,0.00109109,0.000162031,2.58369e-23
0,2.0477e+09,-3.2665e+07,3.23114e+08,-3.94456e+09,-2.33742e+08,2.55065e+08,-7.06008e+08,0.000998785,0.000157602,-4.88741e-24
0,2.09746e+09,1.79809e+07,3.32815e+08,2.99417e+09,-840947,1.52255e+08,-6.97145e+08,0.000954115,0.000151394,1.36695e-24
0,2.19556e+09,-6.08913e+06,3.36862e+08,-3.91078e+09,-4.29477e+08,-3.78362e+08,-4.48895e+08,0.000935957,0.000143603,-1.0526e-24
0,2.09256e+09,-6.92313e+06,3.32249e+08,9.17565e+08,-1.25681e+08,-1.88397e+08,-5.79762e+08,0.000930352,0.000147718,1.74727e-26
0,1.97199e+09,-9.25505e+06,3.1287e+08,1.18703e+10,2.26121e+08,5.88321e+08,-3.42608e+08,0.000998661,0.000158445,8.40045e-23
0,2.11277e+09,-2.6003e+07,3.24742e+08,-8.25617e+09,-9.05068e+08,-5.70271e+08,-6.42066e+08,0.000997856,0.000153375,-2.4637e-23
0,2.14652e+09,3.28135e+07,3.17171e+08,6.37592e+09,-1.22615e+09,1.65103e+08,-8.6108e+08,0.00100701,0.000148797,2.21421e-23
0,1.95463e+09,41192.2,2.99248e+08,1.32192e+09,-8.83756e+08,-2.9013e+08,-1.33817e+09,0.00103605,0.000158617,4.23958e-25
0,2.01255e+09,1.6571e+07,3.24299e+08,-2.67174e+09,2.30553e+08,-1.40338e+08,-6.97137e+08,0.000939472,0.000151385,-1.17518e-24
0,1.97047e+09,-2.53766e+07,3.02609e+08,4.25074e+08,9.68413e+08,-9.76425e+07,-8.14424e+08,0.00104837,0.000161,4.68779e-28
0,2.22226e+09,4.67514e+07,3.00667e+08,-5.60345e+09,2.53003e+08,4.37852e+08,2.45016e+08,0.000989651,0.000133897,3.60882e-24
0,2.20208e+09,279498,3.37881e+08,-3.24167e+09,-6.62473e+08,-3.94869e+08,-4.59719e+08,0.000965111,0.000148084,-5.85295e-25
0,1.96744e+09,-4.24522e+07,3.21082e+08,-3.52538e+09,6.21989e+08,2.87208e+08,-8.24416e+08,0.000971734,0.000158585,-3.47357e-24
0,2.13421e+09,2.63611e+06,3.44511e+08,8.09203e+08,-205999,7.19837e+07,-1.55636e+08,0.000926911,0.000149625,4.77852e-27
0,2.10268e+09,-3.0975e+07,3.23266e+08,-9.73502e+09,-4.39825e+08,-1.25997e+08,-6.77959e+08,0.000972134,0.000149455,-5.16811e-23
0,2.16979e+09,5.30938e+07,3.14383e+08,-1.39671e+09,-1.44724e+09,-2.68067e+08,-1.43844e+08,0.000973138,0.000140999,-7.10572e-25
0,2.23623e+09,-8.53337e+06,3.2373e+08,-1.28141e+09,-1.36788e+09,2.97565e+08,-5.2874e+08,0.000964334,0.000139603,-4.72608e-25
0,2.22674e+09,-2.51456e+07,3.16579e+08,-5.90394e+09,-1.79961e+09,6.3143e+06,-7.72198e+08,0.00101654,0.000144523,-2.14351e-23
0,2.07524e+09,6.34417e+06,3.34514e+08,2.99001e+08,8.22301e+08,1.56758e+08,-5.16371e+08,0.000891257,0.000143664,-1.04605e-27
0,1.98618e+09,8.63141e+06,3.22582e+08,3.2072e+09,-1.05005e+09,-6.82549e+07,-7.32314e+08,0.00100202,0.00016274,5.16309e-24
0,1.88226e+09,4.48527e+06,3.1637e+08,1.60635e+09,-6.0529e+08,-2.07202e+08,-1.05565e+09,0.00104807,0.000176159,9.76511e-25
0,1.84211e+09,-3.5548e+07,3.19947e+08,-1.59298e+09,1.75652e+09,4.28603e+08,-8.30476e+08,0.00094249,0.000163697,6.03028e-25
0,1.91595e+09,-7.37826e+06,3.27396e+08,-1.37826e+09,6.78522e+08,-1.52436e+08,-1.00754e+09,0.000949933,0.000162323,-3.44493e-25
0,2.06827e+09,-1.63179e+07,3.32064e+08,-2.74028e+09,1.88612e+08,-3.63449e+08,-6.78507e+08,0.000932521,0.000149717,-1.07298e-24
0,2.26315e+09,3.79493e+07,2.92184e+08,-5.40539e+09,7.07809e+08,2.76571e+08,1.41879e+08,0.00103085,0.000133088,3.31229e-24
0,2.18003e+09,-3.659e+07,3.33365e+08,-5.0713e+09,6.17522e+08,-1.53696e+08,-3.91076e+08,0.000879829,0.000134541,-2.49259e-24
0,2.09387e+09,-1.66852e+07,3.12558e+08,4.47814e+09,-1.59198e+09,-1.88969e+06,-7.01809e+08,0.00100591,0.000150155,1.24505e-23
0,2.17683e+09,2.08994e+07,3.22005e+08,3.02729e+09,-8.82212e+08,-3.55523e+07,-6.45002e+08,0.000955302,0.000141312,1.7198e-24
0,2.32177e+09,1.05805e+07,3.23401e+08,2.12607e+09,-1.0342e+08,2.24602e+07,-5.93951e+06,0.00098035,0.000136554,1.61513e-27
0,1.98e+09,-1.6423e+07,3.22655e+08,-9.02926e+09,4.06816e+08,-2.36413e+08,-6.90653e+08,0.000940785,0.000153308,-5.14377e-23
0,2.1017e+09,1.0805e+07,3.32946e+08,5.225e+09,-4.04839e+07,1.84796e+08,-6.30871e+08,0.000927749,0.000146972,5.88003e-24
0,2.03829e+09,1.86865e+07,3.16308e+08,5.44182e+08,-8.1619e+08,8.72388e+07,-9.18829e+08,0.00103156,0.000160079,2.47295e-25
0,1.9873e+09,1.64368e+07,2.9646e+08,-2.40247e+09,7.36042e+08,1.95466e+08,-9.3136e+08,0.00104044,0.00015521,-1.63096e-24
0,2.02315e+09,-2.28701e+07,3.13511e+08,1.6608e+09,-6.72563e+08,1.06234e+08,-6.24931e+08,0.00103661,0.000160636,6.40082e-25
0,1.76944e+09,1.00233e+07,2.51419e+08,1.36312e+09,7.19868e+08,1.77707e+08,-1.64714e+09,0.00111404,0.000158293,3.57671e-25
0,1.97688e+09,1.26397e+07,3.34046e+08,-1.74365e+09,4.95421e+08,-2.6411e+08,-5.88897e+08,0.000916761,0.000154911,-3.80928e-25
0,2.19737e+09,-1.64495e+07,3.39427e+08,-3.97251e+09,3.74466e+07,-4.2752e+08,-3.27763e+08,0.000894637,0.000138195,-9.2062e-25
0,1.90147e+09,-2.63117e+07,3.10456e+08,1.43101e+09,-1.73323e+09,-1.96625e+08,-9.31951e+08,0.00104642,0.00017085,4.57282e-24
0,2.0362e+09,-8.83769e+06,3.07845e+08,-7.96655e+08,-1.32164e+09,-2.28565e+07,-1.17426e+09,0.00105728,0.000159846,-1.26614e-24
0,2.0279e+09,2.59541e+07,3.19772e+08,4.06121e+09,2.943e+08,-2.00563e+08,-1.04982e+09,0.000977525,0.000154142,6.60919e-24
0,2.00533e+09,-3.40155e+07,3.3027e+08,-1.04957e+10,-5.46104e+08,-4.42769e+08,-9.67265e+07,0.000968174,0.000159454,-3.04771e-24
0,2.06026e+09,-3.00737e+07,3.15834e+08,-2.95033e+08,-2.98083e+08,5.7389e+07,-5.38935e+08,0.00104268,0.000159842,1.16256e-27
0,2.00812e+09,1.39894e+07,3.17048e+08,2.41195e+09,5.62649e+08,-1.7949e+08,-9.65877e+08,0.000969052,0.000152997,1.15752e-24
0,2.32209e+09,1.05237e+07,3.35308e+08,2.52967e+09,-6.36122e+08,-6.24234e+07,-1.88096e+08,0.000898406,0.000129729,1.92339e-25
0,1.97213e+09,-5.29891e+07,3.12636e+08,-8.36473e+09,3.97218e+08,4.55111e+08,-8.78902e+08,0.000941936,0.000149322,-4.70217e-23
0,2.12592e+09,2.04202e+06,3.43642e+08,1.008e+09,-3.61979e+07,9.90902e+07,-2.75687e+08,0.000933569,0.000150905,1.57787e-26
0,2.27392e+09,1.39062e+07,3.20142e+08,-7.76472e+09,-9.45807e+08,1.10857e+08,-6.53897e+07,0.000960917,0.000135286,-3.40655e-24
0,2.17751e+09,361698,3.27542e+08,-1.0171e+09,-8.14353e+08,3.38366e+08,-4.20311e+08,0.00100012,0.000150439,-1.08103e-25
0,2.05975e+09,4.5494e+06,2.65481e+08,-9.15433e+08,2.67955e+08,1.35011e+08,5.25319e+08,0.00105407,0.00013586,5.37975e-26
0,1.99173e+09,1.38082e+07,3.17254e+08,-1.31509e+08,1.15937e+09,-1.95523e+08,-9.22029e+08,0.000924673,0.000147288,1.30917e-27
0,1.99833e+09,7.41058e+06,2.82997e+08,-5.60984e+09,-1.13776e+09,-2.42245e+08,-9.56841e+08,0.00104962,0.000148644,-2.81e-23
0,1.90071e+09,-5.94783e+07,3.15502e+08,-6.06626e+09,1.09953e+09,5.61961e+08,-8.14544e+08,0.000921183,0.000152909,-1.28293e-23
0,2.09288e+09,2.28664e+07,3.03077e+08,8.69728e+09,-1.07513e+09,1.55279e+08,-8.76787e+08,0.000999192,0.000144696,5.76571e-23
0,2.06759e+09,-2.88814e+06,3.06183e+08,-1.88748e+09,-5.90044e+08,-1.71445e+08,-1.01113e+09,0.00103631,0.000153465,-8.76832e-25
0,1.95275e+09,4.23208e+07,3.23788e+08,3.06878e+09,1.48162e+09,-2.47408e+08,-7.4253e+08,0.000913594,0.000151484,6.00526e-25
0,2.04323e+09,-4.03041e+07,3.11229e+08,-1.79972e+09,-1.36672e+09,-1.48563e+08,-8.48772e+08,0.00106224,0.000161802,-3.36742e-24
0,1.98222e+09,2.72889e+07,3.02472e+08,2.98108e+09,1.61579e+08,-5.68042e+07,-1.10779e+09,0.00101487,0.000154862,3.55827e-24
0,1.98477e+09,1.32285e+07,3.03176e+08,-4.09277e+09,-8.32275e+08,2.32938e+07,-8.83038e+08,0.00103252,0.000157719,-1.07807e-23
0,1.91822e+09,5.03098e+07,3.12574e+08,5.48696e+09,1.49097e+09,-5.26276e+08,-1.08962e+09,0.000969234,0.000157936,1.50444e-23
0,1.77586e+09,2.87376e+07,2.45061e+08,1.30765e+09,4.04361e+08,-3.01129e+08,-1.63121e+09,0.00112576,0.00015535,-6.00454e-25
0,2.27545e+09,1.60152e+07,3.25444e+08,-6.25612e+09,2.25158e+08,-8.49306e+07,1.45461e+08,0.000947544,0.000135522,1.68093e-24
0,2.21061e+09,-3.55044e+07,3.17476e+08,-4.19169e+09,-6.11865e+08,-2.91993e+07,-4.93425e+08,0.00101393,0.000145615,-3.18176e-24
0,2.24694e+09,8.72682e+06,3.18929e+08,-3.60033e+09,3.22445e+08,-2.07816e+07,3.14406e+08,0.000935945,0.000132847,7.47302e-25
0,2.09754e+09,-1.26741e+07,3.09674e+08,-4.50547e+09,-8.33533e+08,-2.23226e+08,-8.94946e+08,0.00103994,0.000153533,-9.68265e-24
0,1.99932e+09,-1.89579e+07,3.09251e+08,-6.26052e+09,-5.28787e+08,3.10721e+08,-1.12724e+09,0.00102734,0.000158907,-4.14856e-23
0,1.98767e+09,2.43827e+07,3.18622e+08,2.77664e+09,2.33044e+08,7.22327e+07,-9.87981e+08,0.000987084,0.000158229,2.31793e-24
0,1.99153e+09,2.69055e+07,3.0359e+08,3.94291e+09,1.06026e+09,-2.76406e+08,-8.01289e+08,0.000922613,0.000140644,3.0638e-24
0,2.06828e+09,-4.6915e+07,3.13839e+08,-4.86973e+09,-8.22467e+08,-2.89973e+08,-6.93747e+08,0.00105483,0.000160058,-1.00025e-23
0,2.09334e+09,2.04678e+07,3.2787e+08,2.18993e+09,-1.99881e+08,2.58289e+08,-8.61959e+08,0.00097837,0.000153238,6.02151e-25
0,2.03789e+09,-476144,3.1244e+08,1.32368e+09,1.50342e+09,2.84927e+07,-6.56066e+08,0.000907301,0.000139103,-1.27286e-25
0,2.13112e+09,-168376,3.44359e+08,4.48614e+08,-4.8494e+07,7.41658e+07,-1.81755e+08,0.00094026,0.000151933,7.0374e-28
0,2.03796e+09,2.84637e+07,3.10113e+08,1.11919e+10,1.24157e+09,-1.21897e+08,-2.08697e+08,0.000927078,0.000141072,1.59876e-23
0,2.14822e+09,2.06042e+07,3.36352e+08,4.12935e+09,-2.84205e+08,2.09869e+08,-5.2265e+08,0.000938166,0.000146891,2.12082e-24
0,2.30396e+09,-1.72271e+07,3.27259e+08,-1.44588e+09,-6.85389e+08,2.28254e+08,-1.5733e+08,0.00089909,0.000127709,-7.4292e-26
0,1.91394e+09,-5.50215e+06,3.01236e+08,2.29608e+09,3.89151e+08,3.1722e+08,-1.21163e+09,0.00103147,0.000162344,2.35258e-24
0,2.00129e+09,5.33664e+07,2.9987e+08,-1.09473e+09,-5.14872e+08,5.81765e+08,-7.34771e+08,0.0010625,0.000159202,3.81194e-26
0,2.02386e+09,-1.50396e+07,3.1097e+08,3.11413e+09,3.62152e+08,4.86741e+08,-8.60356e+08,0.00094916,0.00014584,2.66639e-24
0,2.05717e+09,9.62314e+06,3.28114e+08,1.81354e+09,-8.37151e+08,1.08404e+08,-9.36688e+08,0.00102741,0.00016387,1.19125e-24
0,1.96819e+09,-2.96817e+07,3.18595e+08,-1.73722e+09,6.78991e+08,1.47034e+06,-8.68672e+08,0.000950088,0.000153793,-4.61963e-25
0,2.04882e+09,-3.41958e+07,3.22877e+08,-6.02063e+09,-4.62928e+08,-5.17357e+08,-4.42253e+08,0.00090936,0.000143308,-4.58303e-24
0,2.10185e+09,2.99768e+07,3.27742e+08,1.68608e+09,2.26183e+08,2.02161e+07,-7.48655e+08,0.000950823,0.000148262,2.32671e-25
0,1.71196e+09,4.57385e+06,2.47315e+08,-4.39603e+09,-2.82755e+09,5.75445e+07,6.40107e+08,0.000987126,0.000142603,-2.16497e-23
0,2.03023e+09,1.95565e+07,3.36434e+08,3.17705e+09,2.27352e+08,-9.08231e+07,-4.58153e+08,0.000887772,0.000147115,8.8989e-25
0,1.97184e+09,3.05078e+07,3.05727e+08,-8.05507e+08,-3.17746e+08,-3.10425e+08,-9.21021e+08,0.000997722,0.000154693,7.37023e-27
0,2.13516e+09,3.21929e+06,3.15714e+08,3.83601e+08,-1.28367e+09,-5.914e+08,-9.1762e+08,0.00102137,0.000151024,-7.82386e-25
0,2.05606e+09,9.85107e+06,3.18954e+08,9.3434e+08,-7.44595e+08,5.9888e+06,-9.91494e+08,0.00100663,0.000156158,2.51903e-25
0,2.24393e+09,2.84947e+07,3.074e+08,2.06538e+09,-1.42081e+09,1.81872e+08,-2.11907e+08,0.000947981,0.000129865,7.77892e-25
0,2.08158e+09,9.64588e+06,3.18544e+08,5.46521e+09,9.55064e+07,8.73491e+07,-7.07062e+08,0.000928435,0.000142078,8.06726e-24
0,1.75423e+09,-2.75467e+06,2.65266e+08,-8.84589e+08,-3.28233e+08,-1.62535e+08,-1.81232e+09,0.00113239,0.000171235,1.35183e-24
0,1.90763e+09,-3.44835e+07,3.08236e+08,-2.72162e+09,1.02082e+09,3.30388e+08,-9.86921e+08,0.000958663,0.000154901,-1.70435e-24
0,1.90324e+09,-6.43506e+07,3.12409e+08,-7.43836e+09,1.71625e+09,3.03524e+08,-7.86792e+08,0.000967302,0.000158778,-2.9424e-23
0,1.84991e+09,-8.3072e+06,2.80442e+08,6.23895e+08,1.18079e+09,3.10599e+08,-1.22117e+09,0.000984999,0.000149324,1.64049e-25
0,2.23108e+09,-3.67776e+07,3.11643e+08,-9.20271e+09,-1.94537e+09,7.86403e+07,-7.39293e+08,0.00102227,0.000142794,-6.62408e-23
0,2.16072e+09,-1.81864e+07,3.19276e+08,1.05079e+09,-6.84318e+08,-5.057e+07,-7.11971e+08,0.000972398,0.000143685,1.52642e-25
0,1.81179e+09,-6.46702e+06,2.92019e+08,1.89555e+09,2.16456e+09,-3.74993e+06,-1.2576e+09,0.000979817,0.000157924,-3.93918e-26
0,1.91243e+09,4.30863e+06,3.01972e+08,-3.45614e+09,7.19745e+08,2.47793e+08,-8.85752e+08,0.00098653,0.000155773,-4.42942e-24
0,2.06482e+09,3.12327e+07,3.33815e+08,4.12424e+09,6.47647e+08,2.61467e+08,-5.45774e+08,0.000952798,0.000154037,3.97445e-24
0,2.26006e+09,2.58599e+07,3.26739e+08,1.55515e+09,4.71599e+08,-3.36429e+08,-1.27492e+08,0.00087669,0.000126744,-1.4961e-26
0,1.94793e+09,5.04133e+07,3.03325e+08,1.40349e+10,1.48756e+09,3.12379e+08,-3.4734e+08,0.00100336,0.000156239,1.71623e-22
0,2.1206e+09,-1.7193e+07,3.03527e+08,1.63564e+10,2.33319e+08,1.81835e+08,7.60704e+07,0.0010266,0.00014694,-3.17543e-23
0,1.8691e+09,-5.22581e+07,3.15109e+08,-5.56397e+09,2.24192e+09,4.34227e+08,-6.60843e+08,0.000949279,0.000160038,3.95353e-24
0,2.22816e+09,-3.62368e+06,3.20754e+08,9.08886e+07,-1.4567e+09,-1.40898e+08,-6.8815e+08,0.000982231,0.000141397,-1.26516e-25
0,1.88585e+09,-3.08852e+07,3.08034e+08,4.16131e+09,-1.00173e+09,-4.41032e+06,-8.47856e+08,0.000978401,0.000159812,1.16871e-23
0,1.9312e+09,-3.26821e+07,3.24301e+08,1.97439e+09,7.39903e+08,1.55954e+08,-5.16823e+08,0.000930106,0.00015619,5.44908e-25
0,1.94564e+09,4.95674e+06,3.15563e+08,1.41784e+09,-3.41054e+08,4.54351e+08,-9.4827e+08,0.00105079,0.000170427,3.82825e-26
0,2.17847e+09,1.07612e+07,3.09149e+08,5.43249e+08,-1.8952e+09,4.21297e+07,-7.81334e+08,0.00101805,0.000144472,1.20068e-24
0,1.83766e+09,3.98061e+07,2.98009e+08,-4.26931e+09,-1.18854e+09,-1.34307e+08,-1.07932e+09,0.00102479,0.000166188,-2.27392e-23
0,1.93954e+09,788751,3.13464e+08,-4.04454e+08,8.71888e+08,-2.4556e+08,-9.81596e+08,0.000990823,0.000160135,-2.98443e-26
0,2.20495e+09,-1.36187e+07,3.20191e+08,-6.65097e+09,-1.65209e+09,-5.1376e+08,-7.53096e+08,0.00101445,0.000147314,-1.64559e-23
0,1.97771e+09,4.88322e+07,3.0644e+08,7.78984e+09,1.38845e+09,1.47333e+08,-1.04588e+09,0.000956398,0.000148191,5.59565e-23
0,2.32365e+09,-1.28511e+06,3.31365e+08,-2.46565e+09,-1.15555e+09,-1.25548e+08,-2.60844e+08,0.000942171,0.000134359,-5.24788e-25
0,1.90769e+09,1.89384e+07,3.16243e+08,7.30161e+08,-5.2555e+08,1.23997e+08,-1.17428e+09,0.0010506,0.000174161,1.16607e-25
0,2.1716e+09,1.90475e+07,3.22216e+08,2.1797e+09,-1.05001e+09,1.45334e+07,-6.19485e+08,0.000959758,0.000142406,1.03306e-24
0,2.10353e+09,-3.3998e+07,3.21547e+08,-4.18319e+09,-6.72563e+08,-1.59318e+08,-1.00442e+09,0.0010056,0.000153718,-7.1958e-24
0,2.1283e+09,2.70238e+07,2.76868e+08,-3.2819e+09,9.13767e+08,2.32887e+08,6.88008e+08,0.00106962,0.000139146,4.85578e-24
0,1.9961e+09,2.59982e+07,3.26568e+08,-7.13118e+08,-5.69943e+08,2.40681e+08,-3.84545e+08,0.000979775,0.000160294,-3.53514e-26
0,2.15815e+09,4.8678e+07,3.21678e+08,9.16288e+09,-1.19987e+08,1.26854e+08,-6.57366e+08,0.000941425,0.000140322,3.1539e-23
0,1.93461e+09,1.11764e+07,3.15748e+08,6.43305e+08,8.61766e+08,-2.45105e+08,-9.11065e+08,0.000988704,0.000161367,8.46392e-27
0,2.134e+09,-1.74393e+07,3.23219e+08,-3.33159e+09,-1.06763e+09,-1.3913e+08,-8.09502e+08,0.00101088,0.000153109,-3.96317e-24
0,2.06265e+09,1.94369e+07,3.29614e+08,1.53401e+09,-9.93043e+07,-3.02857e+08,-7.39185e+08,0.000953798,0.000152418,1.59639e-25
0,2.11908e+09,-7.09057e+06,3.19554e+08,-1.471e+09,-5.13375e+08,2.51259e+08,-8.58181e+08,0.000986166,0.000148713,-2.47438e-25
0,2.24603e+09,1.68032e+07,2.99588e+08,-3.02414e+09,9.05006e+08,-7.60255e+07,2.93264e+08,0.000979657,0.000130672,8.20511e-25
0,1.89247e+09,1.50419e+06,3.18842e+08,5.07304e+08,-6.3389e+08,-1.64413e+08,-1.0925e+09,0.00105666,0.000178026,-1.13458e-25
0,2.07232e+09,4.674e+07,3.08571e+08,3.86114e+09,1.84377e+08,-1.17815e+08,-8.43382e+08,0.000978846,0.000145751,4.27895e-24
0,2.19089e+09,-3.67806e+06,3.24655e+08,-2.38532e+09,-1.03562e+09,2.10438e+08,-6.10148e+08,0.000973232,0.000144218,-1.30495e-24
0,1.77616e+09,-8.29659e+06,2.64825e+08,-4.10732e+09,-3.07526e+07,-1.67864e+08,-1.67468e+09,0.00110593,0.000164894,-3.59139e-23
0,2.02155e+09,-9.29984e+07,3.09179e+08,-1.05404e+10,1.8455e+09,3.6189e+08,-6.98344e+08,0.000902318,0.000138002,-3.89157e-23
0,1.89593e+09,4.59241e+07,3.17828e+08,-2.06262e+09,3.44267e+08,-3.28786e+08,-4.87365e+08,0.000944923,0.000158404,-7.13614e-25
0,2.09042e+09,2.01908e+07,3.33234e+08,3.94191e+09,-2.66577e+07,3.60639e+08,-5.77708e+08,0.000929842,0.000148226,2.31e-24
0,1.9669e+09,-2.37238e+06,2.96755e+08,1.9843e+09,2.43894e+06,2.22266e+08,-1.18445e+09,0.00101048,0.000152455,7.99936e-25
0,2.10116e+09,-6.66362e+06,3.12656e+08,5.97819e+07,-1.28e+09,-5.04654e+08,-9.65139e+08,0.00101929,0.000151672,-9.34894e-25
0,1.94525e+09,5.23782e+07,3.10595e+08,4.02305e+09,8.60587e+08,-5.60169e+08,-1.01019e+09,0.00098836,0.000157811,6.06112e-24
0,1.9182e+09,-2.36788e+07,3.1735e+08,6.2514e+09,-6.96476e+08,3.54548e+08,-4.78495e+08,0.000983514,0.000162714,1.30847e-23
0,2.06155e+09,-2.91924e+07,3.07882e+08,-4.97592e+09,-7.65616e+08,2.15835e+08,-9.08347e+08,0.000999637,0.000149291,-1.39208e-23
0,1.82215e+09,-3.13284e+07,2.72832e+08,-4.44995e+09,4.97821e+06,1.26485e+07,-1.60388e+09,0.00110664,0.000165698,-4.06397e-23
0,2.06237e+09,1.4659e+07,3.36219e+08,8.98826e+08,-2.11041e+08,2.30004e+08,-5.47254e+08,0.000962338,0.000156886,1.23424e-26
0,1.74346e+09,3.04731e+07,3.07127e+08,6.38607e+09,2.15635e+09,-3.01804e+08,-8.24057e+08,0.00100998,0.000177917,2.24903e-23
0,2.1267e+09,1.69649e+07,3.23405e+08,-2.06291e+08,-9.78328e+08,-3.64979e+08,-7.47128e+08,0.0010168,0.000154624,-3.45245e-25
0,2.06581e+09,-1.10001e+07,3.23617e+08,-4.79129e+09,-1.677e+07,1.32771e+08,-6.42136e+08,0.000942015,0.00014757,-5.46914e-24
0,2.17319e+09,-3.23897e+07,3.26682e+08,-8.13714e+09,-5.6122e+08,-1.73491e+08,-6.17308e+08,0.000986402,0.000148279,-2.45116e-23
0,1.93136e+09,4.19215e+07,3.11053e+08,5.08949e+09,3.81612e+08,-7.01398e+08,-9.9029e+08,0.00100011,0.000161072,1.56868e-23
0,1.92169e+09,2.0705e+06,3.0633e+08,-1.12724e+08,-2.8336e+08,9.77461e+07,-1.37789e+09,0.00104183,0.000166074,9.02118e-26
0,2.07444e+09,2.36703e+06,3.28029e+08,1.854e+09,-4.31773e+08,2.53444e+08,-8.65894e+08,0.000984277,0.000155643,4.10552e-25
0,1.93489e+09,-2.70535e+07,3.21602e+08,-1.19121e+09,1.16649e+09,1.69235e+08,-9.18218e+08,0.000947586,0.0001575,-7.28215e-26
0,2.0838e+09,2.24846e+07,3.3268e+08,4.40904e+09,-3.62018e+08,4.01347e+08,-7.44746e+08,0.0010382,0.000165749,6.44501e-24
0,2.1006e+09,-8.66061e+06,3.20686e+08,-6.33246e+08,-9.54981e+08,2.26084e+08,-6.67631e+08,0.000969121,0.00014795,-4.96138e-26
0,2.10673e+09,-1.85172e+07,3.25849e+08,-1.01965e+08,-3.27189e+08,3.26535e+08,-7.10348e+08,0.000970947,0.000150177,2.56146e-26
0,2.0785e+09,4.81816e+06,3.21222e+08,-2.42164e+09,-1.05847e+09,-3.23793e+08,-8.39316e+08,0.00100332,0.000155059,-1.92058e-24
0,2.06421e+09,-4.88509e+07,3.29595e+08,-8.49373e+09,5.41105e+08,-4.69555e+08,-7.53582e+08,0.000943041,0.000150577,-4.1226e-23
0,1.88396e+09,-1.61802e+07,3.071e+08,-9.17588e+08,1.20014e+09,-6.87335e+07,-1.26362e+09,0.000983741,0.000160358,-1.84035e-25
0,2.04412e+09,3.96202e+07,3.19405e+08,6.62617e+08,-1.086e+08,1.72708e+08,-6.40169e+08,0.000956928,0.000149525,-2.08271e-27
0,2.26204e+09,1.1673e+07,3.12109e+08,5.18302e+09,-1.05993e+09,-1.7139e+08,-2.2931e+08,0.000959576,0.000132399,3.34605e-24
0,2.17996e+09,1.81959e+07,3.22185e+08,2.57514e+09,-1.19624e+09,2.1008e+08,-7.69284e+08,0.00100167,0.00014804,2.13609e-24
0,2.31039e+09,1.84577e+07,3.2777e+08,2.83322e+08,-6.64571e+08,-7.31793e+07,-1.11146e+08,0.000929604,0.000131881,5.41654e-27
0,2.02031e+09,2.74993e+06,2.97151e+08,2.2946e+09,-3.50468e+08,-1.03028e+08,-1.08508e+09,0.00101079,0.000148669,1.44367e-24
0,2.14517e+09,2.26197e+07,3.35237e+08,4.9631e+09,-1.04386e+09,2.59153e+08,-2.57194e+08,0.00091975,0.000143734,1.49505e-24
0,2.08032e+09,1.05907e+07,3.28187e+08,1.38004e+09,-8.49875e+08,4.15031e+07,-8.87869e+08,0.00105032,0.000165697,7.63251e-25
0,2.06327e+09,8.45174e+06,3.0232e+08,-2.49128e+09,-7.05129e+08,-5.74786e+08,-1.03307e+09,0.00103248,0.000151285,-1.01825e-24
0,1.99504e+09,2.78563e+06,3.11611e+08,-3.79758e+09,-5.60425e+08,-2.47394e+08,-9.46874e+08,0.00099813,0.000155901,-5.86903e-24
0,1.77986e+09,-1.96741e+07,2.75991e+08,-4.93386e+09,7.98505e+08,-6.74849e+07,-1.59468e+09,0.00106276,0.000164794,-5.62808e-23
0,1.93401e+09,7.26967e+06,3.20042e+08,-2.24136e+09,-3.89635e+08,-3.36395e+08,-9.19898e+08,0.000978588,0.000161938,-9.43111e-25
0,1.91704e+09,-2.30069e+07,3.26937e+08,5.27571e+09,-1.01245e+09,2.37469e+08,-3.42911e+08,0.000956438,0.000163114,5.65576e-24
0,2.05225e+09,-2.38195e+07,3.22578e+08,-4.02671e+08,3.65662e+08,3.68001e+08,-8.26242e+08,0.000957495,0.000150501,4.13532e-27
0,2.02701e+09,1.59316e+07,3.21179e+08,2.82096e+09,-5.43908e+07,2.68985e+07,-7.80821e+08,0.000958413,0.00015186,1.52832e-24
0,2.03237e+09,9.56821e+06,3.27963e+08,2.27675e+09,-3.70542e+08,-2.32516e+06,-8.23585e+08,0.000975955,0.000157489,9.66399e-25
0,2.11449e+09,-2.60518e+06,3.43992e+08,-5.93947e+08,1.78119e+07,-5.89974e+07,-2.36018e+08,0.00093311,0.000151801,-2.77161e-27
0,2.06365e+09,2.17996e+07,3.11918e+08,5.34356e+09,3.24216e+08,-2.73548e+08,-5.88622e+08,0.00111172,0.000168034,1.48539e-23
0,1.97182e+09,6.23071e+07,2.62549e+08,-3.05191e+09,-1.67759e+09,-3.63569e+08,-7.278e+08,0.00109494,0.000145792,-1.16942e-23
0,2.15148e+09,6.54476e+06,3.10284e+08,1.20854e+09,-1.59786e+09,-4.15151e+08,-9.00909e+08,0.00102926,0.00014844,7.31685e-25
0,2.1898e+09,-2.56813e+06,3.13425e+08,-4.32763e+09,-1.03011e+09,-1.95584e+08,1.53168e+08,0.000955659,0.000136783,1.06829e-24
0,2.01848e+09,-2.91054e+07,3.16516e+08,-4.27996e+09,7.11483e+08,3.08595e+08,-8.31085e+08,0.00095127,0.000149167,-4.99128e-24
0,2.18894e+09,1.28392e+07,3.36336e+08,4.6146e+09,-5.04523e+08,3.79235e+08,-4.55903e+08,0.000932938,0.000143348,1.82326e-24
0,2.00865e+09,-1.89257e+07,2.97798e+08,-3.96787e+09,-6.08423e+08,-3.14952e+08,-1.0626e+09,0.00101267,0.000150136,-7.53401e-24
0,2.15913e+09,-1.9188e+07,3.25422e+08,1.43037e+09,7.07967e+08,-2.51587e+08,-1.50722e+08,0.00104501,0.000157502,-9.21548e-26
0,2.01532e+09,-4.09991e+07,3.2724e+08,-6.39076e+09,1.2787e+09,1.11465e+08,-6.05837e+08,0.000902749,0.000146585,-9.5345e-24
0,2.11117e+09,-4.69605e+06,3.25092e+08,-3.97076e+09,-7.91933e+08,9.298e+07,-7.4587e+08,0.00100177,0.000154259,-5.51256e-24
0,2.14275e+09,1.77695e+06,3.37433e+08,-1.73215e+09,-3.7262e+08,-9.44932e+07,-5.76253e+08,0.000969362,0.000152651,-2.25354e-25
0,1.91035e+09,-2.72642e+07,3.03951e+08,-1.80035e+09,3.85409e+08,2.22859e+08,-1.42306e+09,0.00103754,0.000165081,-6.30848e-25
0,1.95554e+09,-2.03842e+07,3.1593e+08,-8.89809e+08,-1.06767e+09,-1.99038e+08,-1.07631e+09,0.00103764,0.000167638,-1.20029e-24
0,2.1705e+09,3.74484e+07,3.16095e+08,-7.03014e+09,-5.32851e+08,-1.03987e+06,2.97032e+08,0.000909652,0.000132475,5.31414e-24
0,2.09588e+09,-4.49702e+06,3.38988e+08,7.08666e+08,-2.38463e+08,-1.91414e+08,-2.84963e+08,0.000988128,0.00015982,1.11443e-26
0,1.91647e+09,1.56026e+07,3.1291e+08,1.5223e+09,-1.63124e+07,-1.25983e+08,-9.03962e+08,0.000985167,0.000160853,2.88674e-25
0,2.12014e+09,1.84128e+07,3.26801e+08,-1.94839e+09,-1.12832e+09,5.46788e+06,-6.08828e+08,0.00096155,0.000148215,-1.09034e-24
0,2.06204e+09,535735,3.28221e+08,1.13041e+09,-1.10449e+08,1.4483e+07,-8.64309e+08,0.00100179,0.000159457,6.00876e-26
0,2.05339e+09,-3.05037e+06,3.0745e+08,1.6112e+09,-6.34916e+08,2.07901e+08,-1.03171e+09,0.00102524,0.000153507,6.12679e-25
0,2.26895e+09,-1.2605e+06,3.07464e+08,3.18459e+09,4.69892e+08,-2.23189e+08,2.88003e+07,0.000951926,0.000128995,-2.24589e-25
0,2.25413e+09,-1.26817e+07,3.1487e+08,5.63354e+09,-6.90795e+08,-4.68443e+08,-9.42705e+07,0.000927764,0.000129595,2.18718e-24
0,2.04001e+09,-1.2213e+07,3.26734e+08,1.76004e+09,1.03837e+09,2.2515e+08,-6.75015e+08,0.000916706,0.000146823,4.04291e-25
0,2.0305e+09,-6.41696e+06,3.27299e+08,-3.36172e+09,-5.30589e+08,-3.75508e+08,-9.1044e+08,0.000986064,0.000158945,-2.93242e-24
0,2.32325e+09,8.846e+06,3.37768e+08,-1.07011e+09,1.66992e+08,1.06415e+08,1.92346e+07,0.000882315,0.000128276,2.59953e-27
0,2.19651e+09,-7.72008e+06,3.34295e+08,-6.81858e+08,-1.76069e+08,8.3143e+07,-5.41826e+08,0.00096784,0.000147299,-6.05768e-27
0,2.22238e+09,3.88383e+06,3.39123e+08,1.7855e+09,-5.22115e+08,3.03297e+08,-3.58538e+08,0.000955411,0.000145791,6.39891e-26
0,2.04779e+09,-1.26975e+07,3.24395e+08,7.0587e+09,3.5633e+07,2.53975e+08,-4.50721e+08,0.00103878,0.000164556,2.13222e-23
0,1.92545e+09,-1.09281e+07,3.09055e+08,-1.60042e+09,2.03106e+09,2.07479e+08,-9.29196e+08,0.000918398,0.000147413,6.8961e-25
0,1.80049e+09,4.02714e+06,2.97615e+08,-1.45784e+09,6.62026e+08,-4.54108e+08,-1.43269e+09,0.00102168,0.00016888,-7.65513e-25
0,1.96033e+09,-1.08117e+07,3.11216e+08,-5.33583e+09,-8.7505e+08,-3.90659e+06,-9.24171e+08,0.00099491,0.000157949,-2.07969e-23
0,1.97058e+09,-5.9741e+06,3.21294e+08,1.06745e+09,1.04896e+09,3.64514e+08,-9.04018e+08,0.000935406,0.000152514,2.78417e-25
0,2.09713e+09,1.55363e+07,3.35728e+08,9.12862e+08,-2.20521e+08,3.6836e+08,-6.35403e+08,0.000984656,0.000157633,-1.53123e-26
0,2.03203e+09,-1.22114e+07,3.19563e+08,3.38874e+09,1.676e+09,6.60469e+08,-6.8293e+08,0.000902219,0.000141885,4.1993e-24
0,2.05995e+09,-5.15613e+06,3.20123e+08,7.28937e+07,-6.93377e+08,1.0927e+08,-4.11308e+08,0.00104012,0.000161638,4.65536e-26
0,1.97665e+09,5.98995e+07,2.94896e+08,8.90112e+09,1.53885e+09,-4.74649e+08,-8.63241e+08,0.000939088,0.000140103,4.19384e-23
0,1.99984e+09,2.48097e+07,3.2762e+08,-1.23803e+09,9.69269e+08,-4.63977e+08,-7.04813e+08,0.00094271,0.000154438,-3.92726e-25
0,2.31785e+09,9.27339e+06,3.39189e+08,-1.77892e+09,-1.33586e+06,8.7968e+07,2.07276e+07,0.00087615,0.000128214,3.54487e-27
0,2.16385e+09,4.66736e+06,3.36765e+08,2.38686e+08,-4.127e+08,3.29345e+08,-4.90976e+08,0.00095635,0.000148839,1.34957e-26
0,1.96511e+09,2.63444e+06,3.04766e+08,-2.25986e+09,2.01851e+07,-3.49452e+08,-1.02034e+09,0.000993374,0.000154061,-1.13142e-24
0,2.12945e+09,-2.65574e+07,3.40018e+08,-4.04724e+09,8.7963e+08,-4.68776e+08,-3.03963e+08,0.000860978,0.000137476,-1.78623e-24
0,1.9604e+09,2.86477e+07,3.25099e+08,1.73463e+09,9.1046e+08,-3.27955e+08,-8.6419e+08,0.000947663,0.000157154,2.43616e-25
0,1.91693e+09,-7.28353e+06,2.74107e+08,-3.53601e+09,-9.63546e+08,-4.56614e+08,-1.13949e+09,0.00105533,0.000150905,-9.05391e-24
0,2.22429e+09,-2.00276e+07,3.23313e+08,-3.44489e+09,-1.19665e+09,-7.73579e+07,-7.35675e+08,0.000984393,0.000143087,-3.32382e-24
0,1.99468e+09,5.86614e+06,3.41016e+08,-3.54833e+09,-2.2636e+08,-1.06117e+08,2.03089e+07,0.000971525,0.000166094,1.96568e-25
0,2.07842e+09,-1.40044e+07,3.27429e+08,-3.17044e+09,-2.6789e+08,-2.26023e+08,-8.3733e+08,0.000987087,0.000155503,-2.24375e-24
0,2.06808e+09,-2.18942e+06,3.17747e+08,-8.48509e+08,-1.24399e+09,2.08076e+08,-9.30029e+08,0.00103356,0.0001588,-4.21355e-25
0,2.31655e+09,7.90066e+06,3.38634e+08,-1.19664e+09,-2.24941e+08,-1.29489e+08,-3.08976e+07,0.000903286,0.000132043,2.31427e-27
0,1.85497e+09,4.80844e+07,2.90107e+08,-5.48173e+09,-6.93968e+07,-5.84198e+08,-1.03972e+09,0.00107574,0.00016824,-4.05658e-23
0,1.94725e+09,2.73252e+07,3.26395e+08,-1.80327e+09,1.28021e+09,-2.46907e+08,-8.49724e+08,0.000935053,0.000156732,-7.50343e-25
0,2.19008e+09,-3.75269e+07,3.19861e+08,-6.0035e+09,-7.34263e+08,-5.61718e+07,-7.46773e+08,0.000966444,0.000141149,-1.11629e-23
0,2.12578e+09,-3.69371e+06,3.29424e+08,4.59383e+08,8.54561e+07,-1.9774e+08,-6.19037e+08,0.000945656,0.000146545,-3.91122e-27
0,1.94595e+09,-4.75669e+06,3.14511e+08,-4.24021e+08,-2.32899e+08,-2.52194e+08,-1.31222e+09,0.00102795,0.000166141,9.29577e-26
0,2.07592e+09,-2.12446e+07,3.26224e+08,-3.77425e+09,-1.90321e+08,-3.75791e+08,-7.45297e+08,0.00103015,0.000161884,-4.10296e-24
0,1.98313e+09,-1.02657e+07,3.17635e+08,-4.49274e+08,8.99108e+08,1.04032e+08,-9.56871e+08,0.00095411,0.000152818,-3.95217e-27
0,2.12505e+09,4.2373e+07,3.24524e+08,2.6302e+09,6.30182e+08,-2.88335e+08,-6.42897e+08,0.000945986,0.000144465,5.81557e-25
0,2.08653e+09,-4.76791e+07,3.08333e+08,-2.38492e+09,-5.16269e+07,1.57102e+08,-8.62855e+08,0.000979556,0.000144752,-9.25363e-25
0,2.07363e+09,4.96889e+07,3.24598e+08,5.99664e+09,5.59524e+08,1.2154e+08,-7.15976e+08,0.000953241,0.000149217,1.32665e-23
0,1.93821e+09,4.58496e+06,2.89584e+08,6.5733e+09,1.22531e+09,6.66217e+07,-9.75335e+08,0.00096699,0.000144476,3.53991e-23
0,2.16458e+09,-4.31295e+07,3.24506e+08,-7.50719e+09,-1.5338e+08,-1.59378e+08,-6.7673e+08,0.000945017,0.000141674,-1.77486e-23
0,2.00773e+09,2.7443e+07,3.26278e+08,3.6459e+09,1.61715e+08,-3.22801e+07,-8.32461e+08,0.00097207,0.000157972,4.06962e-24
0,1.86527e+09,2.33421e+07,3.15932e+08,1.13956e+09,1.56651e+09,-4.06322e+08,-1.09848e+09,0.000946407,0.000160299,-6.88252e-26
0,2.08085e+09,2.5142e+07,3.19459e+08,2.4502e+09,-2.48009e+08,-3.93269e+08,-7.58638e+08,0.000963274,0.000147885,9.08067e-25
0,2.06559e+09,-1.66599e+07,3.3305e+08,-3.30801e+09,-2.63975e+08,-4.37608e+08,-7.5496e+08,0.00097886,0.000157828,-1.95836e-24
0,1.99246e+09,5.28132e+06,3.16654e+08,-1.46695e+09,5.97072e+08,-3.94997e+07,-1.04413e+09,0.000960389,0.000152631,-2.89225e-25
0,1.78785e+09,2.63069e+07,2.86376e+08,1.41141e+09,3.8068e+08,-4.77541e+08,-1.49834e+09,0.0010274,0.000164569,-1.7198e-25
0,2.04547e+09,-2.06977e+07,3.20035e+08,-3.06191e+09,4.80117e+08,1.23286e+08,-8.74458e+08,0.000935342,0.000146344,-1.80772e-24
0,2.10969e+09,1.02662e+07,3.33173e+08,4.15538e+09,5.06249e+08,1.07229e+08,-5.87015e+08,0.000903574,0.000142697,2.5912e-24
0,2.21394e+09,-1.71714e+07,3.05006e+08,-4.98521e+09,1.19008e+08,6.34903e+08,-1.13392e+07,0.000924057,0.000127304,1.4994e-25
0,2.07123e+09,2.24765e+07,3.28675e+08,3.09664e+09,1.59777e+08,-3.99776e+08,-5.98283e+08,0.000962301,0.000152704,1.30322e-24
0,2.05628e+09,5.66189e+07,2.94603e+08,5.20532e+09,-1.1471e+09,-2.58456e+08,-1.13593e+09,0.00106064,0.000151958,3.03218e-23
0,1.96225e+09,3.31776e+06,2.87995e+08,2.47147e+09,3.38692e+08,1.27411e+08,-9.38248e+08,0.000967426,0.000141987,1.56589e-24
0,2.03811e+09,-5.12501e+07,3.19434e+08,-6.88828e+09,2.15801e+08,-1.39801e+07,-8.32978e+08,0.000984467,0.000154296,-2.83307e-23
0,2.16452e+09,-4.70105e+06,3.33952e+08,-1.54329e+08,-5.52071e+08,-9.3142e+07,-6.73502e+08,0.000968677,0.000149452,-2.30325e-26
0,1.87014e+09,2.61539e+07,3.03826e+08,-4.79508e+09,-1.60754e+09,-3.02631e+08,-9.0201e+08,0.00101472,0.000164854,-2.62095e-23
0,1.81918e+09,4.04097e+07,3.11037e+08,8.55889e+09,2.2427e+08,3.648e+07,2.33482e+08,0.00110109,0.000188261,-4.71024e-23
0,2.1372e+09,-2.28462e+07,3.37512e+08,-4.24271e+09,8.62812e+07,-5.16842e+08,-5.20285e+08,0.000946241,0.000149433,-2.74074e-24
0,2.07299e+09,-2.9357e+07,3.19907e+08,-6.30132e+09,8.32588e+07,3.02197e+07,-7.73897e+08,0.000942775,0.00014549,-1.48253e-23
0,1.99561e+09,3.64845e+07,3.18802e+08,4.66119e+09,1.13174e+07,-4.295e+08,-8.03642e+08,0.000970285,0.000155005,8.34403e-24
0,1.85062e+09,-8.8445e+06,3.05789e+08,5.45607e+09,-6.12769e+08,-3.76637e+08,-8.25514e+08,0.000961933,0.000158946,2.32515e-23
0,2.10691e+09,8.86379e+06,3.23818e+08,2.30755e+08,-3.40204e+08,-2.90615e+08,-7.08519e+08,0.000946559,0.00014548,-2.41756e-26
0,1.9772e+09,9.26487e+06,2.94678e+08,8.8095e+07,-9.33596e+08,-3.11233e+07,-1.06697e+09,0.00104366,0.000155546,-1.0807e-26
0,2.07416e+09,1.00362e+07,3.22865e+08,2.56023e+09,-7.3851e+08,-2.31314e+07,-9.28004e+08,0.000999438,0.000155573,2.04282e-24
0,2.02607e+09,-1.58652e+07,3.25158e+08,-6.78033e+09,1.16479e+09,-3.7601e+08,-6.60902e+08,0.000940242,0.000150897,-2.28889e-23
0,2.07442e+09,-2.53405e+07,2.77056e+08,5.12493e+09,-8.6528e+08,-1.45978e+08,3.47745e+08,0.000930546,0.000124282,-2.51033e-24
0,2.11252e+09,2.98956e+07,2.99296e+08,4.78213e+09,-1.68486e+09,6.63853e+07,-1.02859e+09,0.00104352,0.000147843,2.2286e-23
0,2.0273e+09,-161919,3.3181e+08,-1.19377e+09,-1.6264e+08,2.74582e+07,-6.5448e+08,0.000949641,0.000155428,-7.74531e-26
0,2.09174e+09,-4.93967e+07,3.04795e+08,-4.50794e+09,-5.3159e+08,3.16569e+08,-1.00405e+09,0.000994583,0.000144924,-9.6231e-24
0,2.05073e+09,7.38531e+06,3.19175e+08,2.67507e+08,-5.92621e+08,-2.22542e+08,-9.35202e+08,0.000984629,0.000153247,-7.81076e-26
0,2.07502e+09,-9.44864e+06,3.23864e+08,8.05231e+08,-6.9032e+08,-1.01132e+08,-6.64218e+08,0.000971069,0.000151562,9.96391e-26
0,2.20155e+09,5.40919e+06,3.19575e+08,4.30474e+09,-1.44903e+09,-1.19372e+08,-1.58756e+08,0.000910372,0.000132149,2.46002e-24
0,1.98377e+09,2.74835e+07,3.1426e+08,7.01408e+09,8.66115e+06,-3.40451e+07,-1.11541e+09,0.00100676,0.000159487,5.05108e-23
0,1.89022e+09,1.99513e+07,3.01489e+08,4.86707e+09,1.64522e+09,4.04916e+07,-1.13187e+09,0.000962192,0.000153469,1.77119e-23
0,2.09344e+09,-4.47545e+07,3.08451e+08,-4.51759e+09,3.66872e+08,4.32004e+08,-8.41884e+08,0.000952295,0.000140313,-5.15716e-24
0,2.20681e+09,-1.77855e+07,3.38648e+08,-5.68437e+09,-2.80559e+08,-4.55314e+08,-4.33513e+08,0.000935549,0.000143566,-3.51258e-24
0,1.80943e+09,-1.14326e+06,3.07944e+08,8.59272e+09,6.98041e+08,-2.09175e+08,-2.97438e+08,0.000978784,0.000166577,2.87758e-23
0,2.17608e+09,2.10938e+07,3.36186e+08,1.81628e+09,7.98539e+06,2.16119e+08,-5.17528e+08,0.000934397,0.000144357,1.59241e-25
0,2.12427e+09,-1.74554e+06,3.43805e+08,2.71501e+08,-1.57199e+07,4.43107e+07,-2.58099e+08,0.000941508,0.000152379,2.87357e-30
0,1.84057e+09,6.82515e+06,2.78642e+08,2.27852e+09,-1.08675e+08,1.21592e+08,-1.50527e+09,0.00106292,0.000160915,2.53833e-24
0,2.20248e+09,-6.33086e+06,3.27414e+08,-1.71078e+09,-1.00949e+09,-4.13657e+08,-5.78459e+08,0.000964076,0.000143317,-3.87311e-25
0,2.11182e+09,3.87017e+07,3.21179e+08,6.5504e+09,-3.45056e+07,-3.10971e+08,-6.35877e+08,0.000973538,0.000148062,1.47505e-23
0,1.90894e+09,610730,2.98114e+08,-2.62649e+09,-1.10473e+09,-1.05531e+08,-1.35856e+09,0.0010644,0.000166225,-8.0989e-24
0,2.03644e+09,2.04936e+06,2.93354e+08,-5.54509e+08,-2.2247e+09,2.94692e+08,2.17903e+08,0.000979035,0.000141033,-2.68933e-25
0,2.22376e+09,-1.06105e+07,3.22041e+08,5.02386e+09,-1.39406e+09,-3.21007e+08,-1.2959e+08,0.000926434,0.000134165,3.70575e-24
0,2.15572e+09,-1.15494e+07,3.40181e+08,-6.33872e+09,-4.29508e+07,-2.8201e+08,-3.6861e+08,0.000917504,0.000144786,-5.10696e-24
0,1.9176e+09,-2.57114e+07,3.08374e+08,-1.52095e+09,5.85344e+08,1.41836e+08,-1.10651e+09,0.000974979,0.000156789,-3.33123e-25
0,2.21551e+09,2.25846e+07,3.11256e+08,6.64987e+09,-4.31042e+08,-5.75373e+07,-4.32601e+08,0.000943885,0.000132606,7.43831e-24
0,2.05174e+09,-4.00322e+06,2.95171e+08,2.16719e+09,-5.08788e+08,1.08124e+08,-9.18769e+08,0.00102847,0.00014796,1.16441e-24
0,2.13375e+09,9.27007e+06,3.1841e+08,2.04884e+09,-1.43886e+09,-1.90538e+08,-7.99096e+08,0.0010143,0.00015136,2.59776e-24
0,2.09201e+09,5.77505e+07,3.26914e+08,4.39691e+09,2.02913e+09,-1.85412e+08,-3.02159e+08,0.000857382,0.000133981,-2.23302e-24
0,2.06063e+09,-4.06842e+07,3.04644e+08,-5.14289e+09,-1.93965e+09,-5.56162e+07,-9.0886e+08,0.00105791,0.000156402,-3.4441e-23
0,1.96271e+09,-2.75715e+07,3.13019e+08,-4.34721e+09,-7.02116e+08,-5.55207e+07,-1.12804e+09,0.00106546,0.000169923,-1.78714e-23
0,2.13721e+09,-1.13496e+07,3.10043e+08,-4.6085e+08,1.12234e+08,-3.00224e+08,7.20661e+08,0.000995888,0.000144473,-1.80441e-26
0,2.14014e+09,-1.04452e+07,3.18527e+08,-3.28239e+08,-9.44951e+08,2.57593e+08,-7.1304e+08,0.000971369,0.000144574,7.23379e-26
0,2.0108e+09,9.65317e+06,3.24049e+08,8.01119e+08,-5.19722e+08,9.16165e+07,-8.52548e+08,0.000993521,0.00016011,1.00937e-25
0,1.9561e+09,4.2475e+07,3.12573e+08,2.05824e+09,1.24263e+09,-5.08344e+08,-9.67163e+08,0.00095444,0.000152514,2.42967e-25
0,2.14679e+09,-1.24521e+06,3.21099e+08,9.2632e+08,-1.49476e+09,-2.74193e+08,-8.88837e+08,0.0010477,0.000156706,5.70336e-25
0,1.96332e+09,5.26333e+07,3.08457e+08,7.2496e+09,1.10583e+08,9.97885e+07,-1.07869e+09,0.0010187,0.000160047,6.07257e-23
0,2.01257e+09,1.54753e+07,3.15863e+08,-5.88118e+08,1.87875e+07,-2.46752e+08,-9.75553e+08,0.00100327,0.000157458,5.96151e-26
0,1.94577e+09,-1.71835e+07,2.82004e+08,2.28672e+09,4.66173e+08,5.18595e+08,-1.09735e+09,0.00101469,0.000147062,2.21541e-24
0,2.12596e+09,-4.45137e+06,3.28629e+08,-4.31797e+09,-6.59593e+08,-1.88592e+07,-5.54736e+08,0.000941384,0.000145518,-3.32844e-24
0,2.11253e+09,-1.94087e+07,3.13369e+08,4.42722e+09,-6.387e+08,-9.79102e+07,-5.43677e+08,0.00107782,0.000159881,7.5924e-24
0,2.23208e+09,-1.33336e+07,3.22496e+08,-1.27956e+09,-2.62232e+08,-1.48933e+08,2.42038e+08,0.000890071,0.000128599,2.91789e-26
0,2.04912e+09,4.05477e+06,3.21621e+08,4.40102e+08,-6.64811e+08,1.55919e+08,-9.15267e+08,0.000999892,0.000156939,1.28687e-25
0,1.91877e+09,-3.0482e+07,3.09448e+08,-4.92471e+09,-2.2334e+08,2.74053e+08,-1.21106e+09,0.00104174,0.000168006,-2.62658e-23
0,2.07882e+09,-3.68e+06,3.21946e+08,5.0409e+08,6.05015e+07,-5.82898e+08,-6.09787e+08,0.000977431,0.000151374,-6.76142e-27
0,2.10124e+09,-1.21768e+06,3.02978e+08,8.18569e+09,1.48341e+09,1.16265e+08,5.03501e+08,0.00103438,0.000149147,-3.7231e-23
0,2.12954e+09,-1.15881e+07,3.22217e+08,-1.73503e+09,-1.40408e+09,-3.68461e+08,-6.73511e+08,0.00101081,0.000152945,-1.81124e-24
0,2.12532e+09,-3.29453e+07,3.19001e+08,3.55276e+09,-5.08992e+08,8.58078e+07,-3.72421e+08,0.000986041,0.000148,1.4462e-24
0,2.08275e+09,1.98792e+07,2.58661e+08,-3.58333e+09,-7.72096e+08,-2.25575e+08,2.00862e+08,0.0010803,0.000134165,2.17704e-24
0,1.94576e+09,1.36451e+07,2.86608e+08,2.18503e+09,4.37477e+08,2.32848e+08,-1.1482e+09,0.00102511,0.000150997,1.77618e-24
0,1.94486e+09,-8.2806e+07,3.02631e+08,-5.97097e+09,-1.17277e+09,3.07748e+08,-6.72436e+08,0.00101478,0.000157906,-3.20382e-23
0,2.11132e+09,7.68185e+06,3.34891e+08,3.90234e+08,-2.00953e+08,-1.49363e+08,-6.2438e+08,0.000949993,0.000150685,-6.66102e-27
0,2.10956e+09,-2.32792e+06,3.43103e+08,-1.90395e+08,-9.39737e+06,2.2932e+07,-3.34252e+08,0.00094073,0.000153002,3.48215e-28
0,1.95469e+09,7.70828e+06,3.28591e+08,1.31455e+09,6.23668e+08,-2.95793e+08,-6.98209e+08,0.000897661,0.0001509,6.50142e-26
0,2.2037e+09,-1.74747e+07,3.20528e+08,-4.67785e+09,-1.75667e+09,-2.72466e+08,-8.39251e+08,0.00103515,0.000150562,-1.31529e-23
0,1.84561e+09,-6.77237e+06,2.65147e+08,1.25789e+09,-3.02438e+08,2.58176e+08,-1.45433e+09,0.00108198,0.00015544,-1.75717e-25
0,2.23398e+09,1.45714e+07,3.33556e+08,4.60608e+09,-4.3492e+07,-4.20404e+07,-3.13825e+08,0.000889131,0.000132756,1.22403e-24
0,2.08764e+09,-3.64889e+06,3.23834e+08,-9.27221e+08,-6.59093e+08,2.14821e+08,-8.37996e+08,0.00101088,0.000156807,-8.92894e-26
0,2.05248e+09,1.80976e+07,3.21156e+08,4.01856e+09,2.23255e+08,-4.45167e+08,-7.79529e+08,0.000980621,0.00015344,4.34401e-24
0,2.03988e+09,5.32554e+06,3.19529e+08,-2.35658e+08,-5.77022e+08,-8.04855e+07,-8.4881e+08,0.000963699,0.000150955,-3.97142e-26
0,2.08447e+09,1.58438e+07,2.88557e+08,-4.05883e+09,-1.40776e+09,3.02973e+06,4.13783e+08,0.000972527,0.000134629,1.28401e-24
0,2.20952e+09,-1.94191e+07,3.21786e+08,-4.73386e+09,-1.52818e+09,-1.64897e+08,-6.36173e+08,0.00100599,0.000146508,-8.31907e-24
0,2.31164e+09,1.53482e+07,3.33163e+08,3.47867e+09,-7.07682e+08,-9.08097e+07,-2.71056e+08,0.00091484,0.000131851,6.69021e-25
0,1.91309e+09,-2.90621e+07,3.17539e+08,-4.98372e+09,-1.05585e+08,5.0141e+07,-1.06853e+09,0.00102892,0.000170782,-2.28069e-23
0,2.13908e+09,-3.13764e+07,2.95415e+08,-5.49096e+09,-1.42144e+09,-6.90153e+07,-7.62882e+08,0.00100433,0.000138701,-1.57922e-23
0,2.29365e+09,-6.97404e+06,3.17426e+08,-2.88471e+09,-1.53764e+09,-5.42237e+07,-4.00054e+08,0.000956093,0.000132317,-1.8801e-24
0,2.08835e+09,-4.22599e+07,3.19188e+08,-6.05805e+09,8.00852e+08,2.01156e+08,-7.06057e+08,0.000917524,0.000140236,-9.15252e-24
0,1.89646e+09,2.25041e+07,3.05564e+08,-8.33721e+07,1.13564e+09,-2.44174e+08,-1.17226e+09,0.000985358,0.000158764,-5.57647e-27
0,1.99082e+09,-1.84162e+07,2.75889e+08,-2.44793e+09,-1.22938e+09,-1.53925e+08,4.96306e+08,0.000982223,0.000136117,7.99964e-25
0,1.91661e+09,-6.65202e+07,3.0733e+08,-5.54592e+09,-1.55046e+08,4.78761e+08,-5.99196e+08,0.00100067,0.000160458,-1.62527e-23
0,2.10872e+09,-2.85608e+07,3.18387e+08,-3.00981e+09,-1.97901e+07,4.10262e+08,-7.27013e+08,0.000963349,0.000145452,-1.41798e-24
0,2.17084e+09,-4.11331e+07,3.19458e+08,-1.06829e+10,-1.53783e+09,-4.28028e+08,-7.63368e+08,0.00100733,0.000148237,-7.0871e-23
0,2.12287e+09,-3.03168e+07,3.23236e+08,-7.73256e+09,-9.89262e+08,-5.00329e+07,-5.83066e+08,0.000981901,0.000149508,-2.43538e-23
0,2.18788e+09,5.14652e+06,3.23727e+08,5.71312e+09,-6.92053e+08,4.59347e+07,-4.9981e+08,0.000952999,0.000141009,6.10471e-24
0,2.17248e+09,-431779,3.42704e+08,3.1356e+09,1.36873e+08,1.60651e+07,8.01533e+07,0.000928422,0.000146457,-1.38794e-25
0,2.11387e+09,-3.15653e+06,3.4417e+08,-2.64096e+08,-1.12782e+07,-3.94902e+07,-2.07204e+08,0.000940394,0.000153111,-8.0014e-29
0,1.86317e+09,-1.34562e+07,3.16471e+08,-9.03359e+08,6.71792e+08,7.77631e+07,-1.03552e+09,0.000978313,0.000166172,-6.01838e-26
0,2.1141e+09,-7.04962e+06,3.33223e+08,1.4917e+09,6.78406e+07,2.07616e+07,-6.19798e+08,0.000934197,0.000147247,1.15993e-25
0,2.22272e+09,-3.74833e+06,3.24278e+08,-3.92815e+09,-1.02489e+09,-2.19906e+08,1.08856e+08,0.000912595,0.00013314,4.89314e-25
0,2.3005e+09,737217,3.32307e+08,4.40928e+09,1.36505e+08,8.48488e+07,9.91567e+07,0.000939783,0.000135751,-3.56474e-25
0,1.97286e+09,-5.70751e+06,2.76639e+08,6.80867e+08,-4.47516e+07,-1.5941e+08,-1.11446e+09,0.0010313,0.000144611,-1.02699e-25
0,2.0733e+09,-1.48867e+07,3.21468e+08,-1.66302e+09,5.95062e+07,-2.38259e+08,-5.93907e+08,0.000945312,0.000146572,-1.85249e-25
0,1.83822e+09,-4.30104e+07,3.06921e+08,-4.20107e+09,1.18638e+09,-4.45977e+07,-6.29921e+08,0.000983843,0.000164269,-8.00987e-24
0,1.86278e+09,-580473,2.99545e+08,1.65193e+09,-4.38559e+08,1.18497e+08,-1.42663e+09,0.00105924,0.000170331,7.66383e-25
0,2.14377e+09,4.604e+07,3.11121e+08,7.42388e+09,-8.11972e+08,-1.70318e+08,-6.01761e+08,0.00095338,0.000138362,1.96222e-23
0,2.20334e+09,-1.16034e+07,3.11574e+08,-8.64163e+08,5.8534e+08,2.10339e+08,-2.44379e+08,0.000893143,0.000126299,5.37999e-27
0,1.93906e+09,-4.34142e+07,3.14671e+08,-2.21037e+09,8.18954e+08,3.9324e+08,-1.10143e+09,0.000992867,0.000161123,-1.02816e-24
0,2.11006e+09,1.81148e+07,3.31753e+08,7.60461e+09,-3.3207e+08,1.51828e+08,-7.06349e+08,0.000955374,0.000150208,2.29081e-23
0,1.93549e+09,-3.03542e+06,2.70223e+08,2.80905e+09,-1.16163e+09,-5.60579e+07,7.22234e+08,0.00103375,0.000144327,-2.24187e-24
0,2.19191e+09,-2.89878e+06,3.3932e+08,-1.7617e+09,-4.46958e+08,-2.99619e+08,-4.25315e+08,0.000950263,0.000147106,-8.13199e-26
0,2.21823e+09,4.52454e+07,3.24089e+08,-8.31797e+09,-2.77099e+08,2.04388e+08,3.3801e+08,0.000910115,0.00013297,8.50914e-24
0,1.84538e+09,8.98893e+06,3.05887e+08,9.34378e+08,1.63607e+09,-3.92427e+08,-1.15564e+09,0.000975642,0.000161721,-8.13796e-26
0,2.07821e+09,-4.5493e+07,3.21937e+08,-8.3357e+09,1.01741e+08,2.01705e+08,-6.04704e+08,0.000952232,0.000147511,-2.77797e-23
0,2.32057e+09,-474849,3.34295e+08,2.04325e+08,-8.84444e+08,-4.03662e+07,-2.45997e+08,0.000914132,0.000131687,1.00751e-26
0,2.20303e+09,-9.17493e+06,3.21426e+08,-5.22658e+09,-1.42922e+09,-4.75561e+08,-6.92479e+08,0.000988969,0.000144292,-6.57082e-24
0,2.21476e+09,3.06003e+07,3.14064e+08,-6.93214e+09,-5.48067e+08,1.85931e+08,1.58075e+08,0.000929014,0.000131739,1.9405e-24
0,1.73303e+09,-2.75433e+07,2.81702e+08,-1.83734e+08,4.39336e+08,5.63828e+08,-1.63663e+09,0.00107768,0.000175175,-2.25213e-25
0,2.15579e+09,-5.88715e+07,3.07174e+08,-8.59048e+09,-1.48787e+07,2.92717e+08,-5.23065e+08,0.000937855,0.000133633,-2.05777e-23
0,2.2319e+09,4.62451e+06,3.36232e+08,8.59419e+08,-6.4582e+08,1.01254e+08,-4.73088e+08,0.000944333,0.000142262,6.6828e-26
0,2.068e+09,-1.58159e+07,3.10633e+08,-9.81593e+07,-3.05083e+08,-3.43017e+08,-9.0111e+08,0.000998218,0.000149942,-2.63093e-26
0,2.13869e+09,-3.26172e+06,3.40324e+08,-2.51048e+09,-1.58924e+08,-3.03548e+08,-3.88041e+08,0.000934881,0.000148765,-2.99624e-25
0,2.08024e+09,-1.36929e+07,3.26311e+08,3.01373e+08,5.68629e+08,2.26243e+08,-6.29781e+08,0.000946586,0.000148484,6.04866e-27
0,2.04768e+09,-3.42988e+07,2.8952e+08,-1.75446e+08,-9.32235e+08,3.43387e+08,-1.23713e+09,0.00105134,0.000148647,5.62902e-25
0,2.25438e+09,-9.39318e+06,3.37398e+08,9.27212e+07,-3.69359e+08,-4.21388e+07,-4.35559e+08,0.000937219,0.000140267,-5.82362e-28
0,1.89548e+09,4.6462e+07,3.0488e+08,-6.06526e+09,-1.12146e+09,2.57084e+08,-4.38337e+08,0.00102863,0.00016545,-2.84259e-23
0,2.08002e+09,-1.16333e+06,3.25398e+08,8.09943e+08,-8.33814e+08,6.45583e+06,-8.50951e+08,0.00100648,0.000157453,2.50906e-25
0,2.27999e+09,-3.96573e+06,3.25015e+08,-3.4574e+09,-1.22997e+09,-9.32617e+07,-4.74814e+08,0.000963216,0.000137308,-1.94796e-24
0,1.9039e+09,1.57211e+07,3.03647e+08,1.62566e+10,1.58437e+08,3.50646e+08,-4.71637e+08,0.000998818,0.000159298,3.28734e-22
0,2.02627e+09,-1.3007e+07,3.19464e+08,5.46335e+09,1.28916e+09,5.77228e+08,-7.6599e+08,0.000916405,0.000144481,1.48553e-23
0,2.08443e+09,1.63211e+07,3.34677e+08,-2.20844e+09,5.1239e+08,-9.87021e+07,-5.78184e+08,0.00092506,0.000148528,-4.80708e-25
0,2.25155e+09,-1.1674e+07,3.09183e+08,2.29298e+08,-6.35728e+08,2.40033e+08,-2.99339e+08,0.000933619,0.000128205,2.34284e-26
0,1.8926e+09,3.77446e+07,3.10153e+08,4.63682e+09,7.84643e+08,-2.3368e+08,-1.11507e+09,0.000986818,0.000161716,1.51657e-23
0,2.12096e+09,2.13786e+06,3.33928e+08,-8.5764e+08,-1.20585e+08,6.67934e+07,-6.06146e+08,0.000934225,0.000147086,-1.41144e-26
0,1.83294e+09,2.24572e+07,2.73037e+08,6.90842e+08,6.3142e+08,-3.95405e+08,-1.33811e+09,0.0010258,0.000152806,-9.1274e-26
0,1.94914e+09,-1.11138e+07,3.02636e+08,1.63523e+10,-8.35607e+08,4.21568e+08,-2.85332e+08,0.00105142,0.000163249,1.78592e-22
0,2.07033e+09,4.8009e+07,2.93102e+08,6.85958e+09,-1.17479e+09,-5.35929e+07,-8.79554e+08,0.00102859,0.00014562,4.04833e-23
0,2.04781e+09,-4.90891e+07,3.20403e+08,-4.80117e+09,3.65086e+08,-1.67709e+08,-1.00706e+09,0.000969428,0.000151678,-1.06569e-23
0,2.22256e+09,1.08797e+07,3.43603e+08,9.69458e+08,-5.62236e+07,2.38041e+07,-1.16444e+08,0.000900249,0.000139177,4.44602e-27
0,2.1558e+09,1.11546e+07,3.2954e+08,1.06246e+09,-7.76342e+08,2.21427e+08,-8.15417e+08,0.000999326,0.000152759,2.80311e-25
0,2.14858e+09,-1.43118e+07,3.22413e+08,-5.79819e+09,-1.42435e+09,-3.27531e+08,-6.62009e+08,0.000985573,0.000147893,-1.10908e-23
0,1.99711e+09,-6.14002e+06,2.63106e+08,-1.88135e+09,1.77355e+08,-4.94567e+08,5.46087e+08,0.00103145,0.000135887,1.78484e-25
0,2.17237e+09,1.05478e+06,3.39121e+08,-3.56508e+09,-7.49849e+07,1.99575e+07,-4.33944e+08,0.000924251,0.000144282,-1.0848e-24
0,2.04463e+09,1.08854e+07,3.34022e+08,1.82963e+09,-1.32445e+08,3.33838e+08,-6.38507e+08,0.000950348,0.000155254,2.19049e-25
0,2.00843e+09,-2.3259e+07,3.0767e+08,-9.23443e+08,3.60191e+08,-1.31865e+08,-9.7633e+08,0.000963782,0.000147641,-2.31148e-26
0,2.18168e+09,5.11381e+07,3.19106e+08,6.90151e+09,2.40378e+08,-2.39129e+08,-4.92246e+08,0.000921875,0.000134839,8.25385e-24
0,1.77121e+09,-9.85344e+06,2.46709e+08,1.92096e+08,5.83448e+08,5.20349e+08,-1.3477e+09,0.0010532,0.000146698,-2.77214e-25
0,2.26737e+09,-7.88463e+06,3.28318e+08,1.92153e+09,2.46427e+08,1.61659e+08,1.62694e+08,0.000916475,0.000132707,-3.1761e-26
0,2.21281e+09,8.0136e+06,3.43951e+08,6.90912e+08,-2.77645e+08,-7.61636e+07,-7.45162e+07,0.000897148,0.00013945,3.55146e-27
0,1.93923e+09,1.57528e+07,3.18837e+08,-2.44793e+09,-1.46169e+09,-1.01264e+08,-6.6892e+08,0.000982341,0.000161511,-4.52869e-24
0,1.96114e+09,5.13504e+07,3.21333e+08,3.92785e+09,1.07921e+09,-1.16344e+08,-7.70976e+08,0.000935453,0.000153274,3.95773e-24
0,2.05733e+09,-1.07086e+07,3.2341e+08,-1.64119e+09,-4.46803e+08,1.49828e+08,-9.19498e+08,0.000994736,0.000156371,-4.1875e-25
0,1.94654e+09,-1.43084e+06,3.00455e+08,1.21346e+10,3.81624e+08,5.7671e+08,-3.37188e+08,0.0011393,0.000175855,1.93681e-22
0,1.99851e+09,3.20482e+07,3.18734e+08,-3.34113e+09,7.0145e+08,1.7034e+08,-5.06922e+08,0.000955318,0.00015236,-1.49076e-24
0,2.04891e+09,-6.88745e+07,3.0847e+08,-1.16869e+10,3.0558e+08,5.02777e+07,-9.81203e+08,0.000994143,0.000149671,-1.66887e-22
0,2.11952e+09,2.39738e+07,3.34939e+08,4.69175e+09,-2.29147e+08,5.34218e+08,-6.78393e+08,0.000966501,0.000152732,4.46004e-24
0,2.11806e+09,-3.32178e+06,3.43981e+08,-6.37035e+08,2.61866e+07,-1.534e+07,-2.33361e+08,0.000931169,0.000151226,-3.47314e-27
0,1.90498e+09,-2.0984e+07,3.1555e+08,-2.46243e+08,-1.14594e+09,-2.44123e+08,-7.92014e+08,0.000979924,0.00016232,-6.18226e-25
0,2.32488e+09,1.01521e+07,3.33253e+08,2.47199e+09,-8.9799e+08,-6.53903e+07,-2.49169e+08,0.000912738,0.000130833,3.57264e-25
0,2.21846e+09,3.42102e+06,3.44493e+08,5.90061e+08,-9.82813e+07,1.9976e+08,-7.82543e+07,0.00089925,0.00013964,-1.02555e-27
0,1.98406e+09,1.79407e+07,3.07978e+08,-1.0945e+09,1.57853e+09,-3.86568e+08,-5.50543e+08,0.000892456,0.000138533,1.33998e-25
0,2.04069e+09,-1.31065e+07,3.34352e+08,-4.75815e+09,2.84627e+08,-6.8084e+07,-6.45288e+08,0.000932443,0.000152774,-5.58201e-24
0,2.20606e+09,-6.55647e+06,3.38009e+08,1.77146e+09,1.23987e+06,7.81909e+07,-4.11033e+08,0.000912726,0.000139847,1.04216e-25
0,1.91825e+09,1.03122e+07,3.17229e+08,6.3579e+08,-8.62857e+08,1.2109e+08,-1.03262e+09,0.00103615,0.000171351,5.08116e-25
0,2.07598e+09,3.42277e+07,3.3147e+08,-1.61201e+09,-5.14062e+08,1.95477e+08,-4.20403e+07,0.000951452,0.000151917,-9.48165e-26
0,2.04515e+09,-1.22519e+06,3.34226e+08,2.57204e+09,-2.86396e+08,3.35421e+08,-6.4002e+08,0.000968571,0.000158288,7.57521e-25
0,2.16539e+09,3.00012e+06,3.44542e+08,6.58474e+08,-8.88712e+07,2.79128e+08,-3.24427e+07,0.000896722,0.00014268,-2.92591e-27
0,2.08831e+09,-2.27078e+07,3.3016e+08,-4.32952e+09,-1.46247e+08,2.78226e+07,-6.59225e+08,0.000987579,0.000156136,-4.98424e-24
0,2.01371e+09,-2.02511e+07,2.84062e+08,6.51711e+07,-6.727e+08,3.99877e+08,-1.09324e+09,0.0010213,0.000144069,2.97947e-25
0,2.11769e+09,-158743,3.36046e+08,-1.80538e+09,3.58685e+07,8.49144e+07,-5.40125e+08,0.000921903,0.000146292,-1.78391e-25
0,2.11469e+09,-3.05553e+07,3.31391e+08,-4.29682e+09,5.1519e+07,-3.16233e+08,-6.85037e+08,0.00096968,0.000151958,-4.30421e-24
0,1.89804e+09,-1.10416e+06,3.18795e+08,8.70618e+08,-8.43071e+08,-3.47965e+07,-9.61856e+08,0.00104202,0.000175017,4.90892e-25
0,2.07132e+09,9.27936e+06,3.319e+08,4.27544e+09,-8.39255e+07,2.94489e+07,-6.5858e+08,0.000932497,0.000149419,3.71129e-24
0,1.91337e+09,3.06461e+07,3.01879e+08,1.12825e+09,-1.56624e+09,2.14224e+08,4.60224e+08,0.000939627,0.000148248,4.336e-25
0,1.92265e+09,-7.5067e+07,2.71447e+08,-3.46644e+09,1.34083e+07,9.17729e+08,-1.23217e+09,0.00107325,0.000151525,-7.7548e-24
0,1.93148e+09,1.7016e+07,3.07486e+08,-3.6476e+08,-1.96232e+09,3.78867e+08,-3.13368e+08,0.00103456,0.000164698,8.33862e-25
0,1.86571e+09,2.13175e+07,2.45128e+08,3.74203e+09,6.20676e+08,-2.93547e+08,-1.14472e+09,0.00105561,0.000138692,1.16268e-23
0,2.10594e+09,1.22431e+07,3.42776e+08,1.64358e+09,3.20216e+08,3.63038e+08,-1.32487e+08,0.000897526,0.000146087,1.03299e-25
0,2.17892e+09,4.70316e+06,3.33761e+08,-1.84938e+09,-7.92548e+08,-1.39994e+08,-5.75399e+08,0.000985435,0.000150946,-4.82372e-25
0,2.06362e+09,-344680,3.33383e+08,-6.6935e+08,-3.6316e+08,8.80161e+07,-8.05597e+08,0.000989355,0.000159833,-5.98661e-27
0,2.14062e+09,5.88472e+06,3.35198e+08,3.30066e+09,3.48095e+08,5.5134e+06,-4.15154e+08,0.000887417,0.00013896,7.33428e-25
0,1.90131e+09,-1.61583e+07,3.0562e+08,5.16423e+09,6.1933e+08,-2.45646e+08,-7.38491e+08,0.00102502,0.000164764,1.63697e-23
0,1.85373e+09,3.70716e+07,3.18956e+08,3.48811e+09,2.04677e+08,1.03422e+08,-1.67466e+08,0.000876271,0.000150773,7.4625e-25
0,2.01919e+09,-1.70097e+07,2.98011e+08,2.26623e+08,-9.33842e+08,9.76224e+07,-1.24619e+09,0.00103343,0.000152523,2.73138e-25
0,2.06402e+09,1.8092e+07,3.15057e+08,6.33663e+09,6.6972e+08,3.9883e+08,-4.87692e+08,0.000936598,0.000142964,1.21971e-23
0,2.17159e+09,1.57019e+06,3.2021e+08,4.22578e+09,-1.3264e+09,-2.64512e+08,-6.81565e+08,0.000996362,0.000146917,7.86547e-24
0,2.05022e+09,3.31143e+07,3.36056e+08,2.85604e+09,1.19536e+09,1.37895e+08,-1.9459e+08,0.000899872,0.0001475,6.79445e-26
0,2.21937e+09,-1.87991e+07,3.13649e+08,-5.00551e+09,-9.92896e+08,-9.37913e+07,-4.88388e+08,0.000960526,0.000135745,-4.31115e-24
0,2.3072e+09,-3.08651e+06,3.41232e+08,-1.51675e+09,-5.10837e+08,-5.63596e+07,-2.61111e+08,0.000920736,0.000136176,-5.79925e-26
0,2.20211e+09,1.86951e+07,2.86341e+08,-1.55167e+09,1.2238e+09,1.62341e+08,3.75598e+08,0.000968438,0.000125927,6.06055e-25
0,1.83681e+09,1.76411e+07,2.92384e+08,-7.03884e+09,3.80404e+08,-2.44749e+08,-5.88666e+08,0.0011792,0.000187706,-9.54934e-23
0,1.867e+09,1.27182e+07,3.06331e+08,-6.27752e+08,-2.25537e+09,4.88766e+08,-1.31417e+08,0.00104362,0.000171233,6.78975e-25
0,1.92003e+09,-3.63283e+07,2.94217e+08,-1.09178e+09,3.27627e+08,9.53427e+08,-1.14409e+09,0.00101615,0.000155711,1.05815e-25
0,1.94673e+09,-5.54126e+06,3.22341e+08,-1.60438e+09,1.3251e+09,3.12681e+08,-9.59371e+08,0.000948202,0.000157004,-9.72483e-26
0,2.16082e+09,-1.49395e+07,3.28267e+08,4.31219e+08,-7.37401e+08,1.83945e+08,-7.50696e+08,0.000992914,0.000150841,1.19358e-25
0,2.11261e+09,1.42147e+07,3.16238e+08,4.64149e+09,7.80611e+08,1.65252e+08,-5.46316e+08,0.000904051,0.000135328,3.60475e-24
0,2.03707e+09,-9.48236e+06,3.35035e+08,3.35386e+08,7.33781e+08,2.70746e+07,-5.92647e+08,0.000899873,0.000148001,9.943e-28
0,2.11841e+09,1.76545e+07,3.22747e+08,2.97858e+09,9.03212e+08,-3.12897e+08,-3.81619e+08,0.000868567,0.000132329,1.02291e-25
0,2.05436e+09,4.18562e+07,3.31405e+08,4.61953e+09,1.25526e+09,-1.53388e+08,-1.70768e+08,0.000914457,0.000147518,-6.03263e-25
0,1.9348e+09,-8.87898e+06,3.06715e+08,4.7818e+09,1.06145e+09,-5.48424e+08,-6.50207e+08,0.00104239,0.000165245,6.40132e-24
0,2.16032e+09,-1.65541e+07,3.08862e+08,9.90265e+09,2.37011e+08,2.67006e+08,3.8014e+08,0.00100751,0.000144045,-3.08101e-23
0,2.08932e+09,-3.81145e+07,3.0602e+08,3.99331e+09,4.13706e+08,-8.72564e+07,1.81419e+08,0.000956356,0.000140076,-1.13041e-24
0,2.11299e+09,-1.47013e+07,3.34776e+08,-6.31644e+09,3.42812e+07,-2.52628e+08,-6.2545e+08,0.000931972,0.000147659,-1.04445e-23
0,2.11729e+09,1.47522e+07,3.35543e+08,5.37653e+09,1.60502e+08,8.11841e+07,-5.7845e+08,0.000929307,0.000147275,5.87406e-24
0,1.77427e+09,2.2612e+07,3.04579e+08,7.76619e+08,-4.25751e+08,4.21779e+06,-5.44633e+08,0.0010301,0.000176833,1.26992e-25
0,2.13054e+09,7.12618e+06,3.30242e+08,6.8446e+08,-2.39767e+08,1.69397e+07,-7.34242e+08,0.000949776,0.000147219,5.29405e-27
0,2.06831e+09,-7.46263e+07,2.93201e+08,-9.47919e+09,-4.00478e+08,4.65879e+08,-9.39951e+08,0.0010192,0.000144481,-9.72881e-23
0,2.03428e+09,5.21664e+07,3.07782e+08,1.81361e+09,6.16902e+08,-1.83961e+08,-1.02748e+09,0.000964368,0.000145907,4.22788e-25
0,2.03396e+09,-2.76343e+06,3.32593e+08,-3.95859e+08,6.79383e+07,2.8284e+07,-8.6059e+08,0.000981135,0.000160435,2.00989e-26
0,2.1636e+09,-9.93005e+06,3.20809e+08,-1.65212e+09,-1.41102e+09,1.72326e+08,-6.67538e+08,0.00100146,0.000148491,-1.42288e-24
0,2.05026e+09,-1.51828e+06,3.2139e+08,6.00033e+09,1.19375e+09,7.19403e+08,-7.38341e+08,0.000927668,0.000145417,2.00246e-23
0,2.18672e+09,-2.3043e+07,3.33399e+08,-3.69625e+09,-4.39193e+08,-5.90255e+07,-5.69849e+08,0.000982159,0.000149745,-2.11288e-24
0,2.23631e+09,1.494e+07,3.31023e+08,1.34521e+09,-4.09316e+08,1.24444e+08,-4.36075e+08,0.000912714,0.000135102,5.34299e-26
0,1.92756e+09,1.20602e+06,3.11944e+08,4.52825e+09,1.38369e+09,-2.79801e+08,-5.38368e+08,0.00103836,0.000168041,3.37651e-24
0,2.11128e+09,6.77683e+06,3.39265e+08,-2.9004e+09,5.07142e+08,2.462e+07,-4.0542e+08,0.00089116,0.000143201,-5.1115e-25
0,2.00581e+09,-3.72897e+07,3.11827e+08,-1.047e+09,-1.99056e+08,8.05985e+08,-9.32937e+08,0.00103233,0.000160488,1.67877e-25
0,2.09253e+09,3.25707e+07,3.1547e+08,2.788e+09,-6.94491e+08,-6.3329e+07,-6.64402e+08,0.000965243,0.00014552,1.57405e-24
0,1.78098e+09,1.21128e+06,3.07383e+08,3.48078e+09,1.02173e+09,-1.22763e+08,-7.16166e+08,0.00104358,0.000180113,6.90409e-24
0,2.03165e+09,4.5619e+07,3.13837e+08,-6.24283e+09,-1.26931e+09,9.08054e+07,-6.40838e+08,0.00103552,0.000159961,-2.90153e-23
0,1.91712e+09,1.79302e+07,2.56127e+08,-6.3937e+08,-5.43482e+08,-2.4596e+08,-1.22028e+09,0.0010814,0.000144474,-1.84807e-25
0,1.89857e+09,-6.92757e+06,2.64726e+08,-6.92124e+09,1.12719e+09,-5.7025e+08,-3.8414e+06,0.00106136,0.00014799,-1.90685e-23
0,1.87855e+09,1.75689e+06,2.93865e+08,1.07413e+10,2.93325e+08,-3.89735e+08,6.79616e+07,0.000950389,0.000148671,-1.60851e-23
0,2.15635e+09,-2.2217e+07,3.29924e+08,8.60811e+09,1.79617e+08,3.24327e+08,1.57566e+08,0.000898372,0.000137452,-4.33461e-24
0,2.15182e+09,1.28712e+07,2.94358e+08,1.83619e+08,2.08207e+08,-3.17313e+07,-4.0605e+08,0.000918833,0.000125692,-1.86136e-28
0,2.32855e+09,8.04103e+06,3.31604e+08,1.87913e+09,-1.09859e+09,-6.35316e+07,-2.76619e+08,0.000919786,0.000130985,3.44217e-25
0,2.11049e+09,-2.55765e+07,3.35819e+08,-4.99747e+09,-9.53815e+07,-2.31558e+07,-4.71227e+08,0.000964632,0.000153491,-4.64344e-24
0,2.10263e+09,6.28087e+06,3.30533e+08,2.62237e+09,2.48111e+08,1.54039e+08,-6.82578e+08,0.000923731,0.00014521,8.15328e-25
0,1.97344e+09,2.60428e+07,3.22227e+08,4.40792e+09,5.34772e+08,-6.3367e+08,-7.98092e+08,0.000971737,0.000158667,5.73627e-24
0,2.09081e+09,2.54878e+07,3.25831e+08,4.2518e+09,-2.26738e+07,-5.98291e+06,-6.43903e+08,0.000936516,0.000145947,3.48843e-24
0,1.94158e+09,-3.60064e+07,2.92454e+08,-1.66952e+09,7.05778e+08,4.08609e+08,-1.30162e+09,0.00101258,0.000152522,-3.8112e-25
0,2.28058e+09,7.0368e+06,3.38618e+08,2.14611e+09,-6.93608e+08,5.67855e+07,-4.15314e+08,0.000963171,0.00014301,3.35014e-25
0,2.07451e+09,-1.34702e+07,3.33921e+08,-1.31122e+09,-3.81016e+07,-2.07266e+08,-7.82541e+08,0.000979303,0.000157633,-8.96051e-26
0,2.06121e+09,-1.77505e+07,3.3023e+08,-3.60174e+09,6.37746e+08,5.18363e+07,-6.62936e+08,0.000911231,0.00014599,-2.00617e-24
0,2.04941e+09,-1.40432e+07,3.29057e+08,1.5858e+09,-6.48065e+08,8.26082e+08,-8.49051e+07,0.000956787,0.000153623,-6.63641e-25
0,2.02805e+09,-6.93675e+07,2.87229e+08,1.49153e+09,-1.31141e+09,-7.25521e+08,4.51884e+08,0.000987982,0.000139926,2.38593e-25
0,2.13322e+09,8.31328e+06,3.32888e+08,1.60372e+09,-6.9576e+07,1.07534e+08,-6.48916e+08,0.000932323,0.000145488,1.37943e-25
0,2.07118e+09,-2.92766e+06,3.16174e+08,7.91565e+09,-1.38556e+09,8.11523e+08,-2.71498e+08,0.000984933,0.000150354,-6.14835e-24
0,2.04247e+09,3.51101e+07,3.1931e+08,8.34764e+09,2.51154e+08,1.63312e+08,-8.77823e+08,0.000953818,0.000149116,4.56968e-23
0,2.15899e+09,5.56502e+07,3.15307e+08,1.00552e+10,1.15413e+08,-1.75127e+08,-5.04769e+08,0.000942607,0.000137662,3.20872e-23
0,1.9363e+09,-1.68475e+07,3.0651e+08,3.39032e+09,1.29027e+09,5.07734e+06,-7.88692e+08,0.0010757,0.00017028,5.94408e-24
0,2.13853e+09,1.23454e+07,3.27548e+08,3.96752e+09,-7.3773e+08,1.00849e+08,-5.60981e+08,0.000960549,0.000147123,2.76188e-24
0,1.81682e+09,3.8383e+06,3.03705e+08,-6.53303e+09,-1.4546e+08,3.03769e+07,-9.74113e+08,0.00106336,0.000177754,-7.3228e-23
0,2.11483e+09,3.31007e+07,3.24933e+08,2.72993e+09,-1.07997e+08,1.7847e+08,-8.79661e+08,0.000971318,0.000149238,1.26363e-24
0,2.12117e+09,6.89741e+07,3.11772e+08,9.12473e+09,4.94101e+08,-3.03346e+08,-6.86951e+08,0.000951192,0.000139807,3.51528e-23
0,2.17992e+09,-2.24054e+07,2.92591e+08,4.12788e+09,-1.02018e+09,-1.93734e+08,-7.0091e+07,0.000958472,0.000128647,1.51426e-24
0,1.84342e+09,1.76664e+07,2.73891e+08,-2.06982e+09,2.69306e+09,-7.15785e+08,-9.9895e+08,0.000940416,0.000139725,6.50465e-25
0,1.88821e+09,2.99681e+07,3.06018e+08,4.0601e+09,8.40661e+08,-3.57416e+08,-1.27121e+09,0.000986595,0.000159895,1.0718e-23
0,2.09728e+09,-2.43049e+07,3.34299e+08,-4.82025e+09,9.77463e+07,4.20659e+07,-5.56005e+08,0.000938774,0.000149637,-4.39999e-24
0,2.1237e+09,6.19144e+06,3.30531e+08,2.38725e+08,-1.219e+08,1.97824e+07,-7.14973e+08,0.000958581,0.000149193,-4.8472e-27
0,2.08721e+09,-1.5285e+07,3.18869e+08,6.38158e+09,-1.18736e+09,8.59722e+08,-3.37243e+08,0.00100079,0.000152893,-4.13566e-24
0,2.21423e+09,8.44532e+06,3.23852e+08,3.73207e+08,-1.35049e+09,-4.36946e+08,-6.3841e+08,0.00100409,0.000146858,-3.02773e-25
0,2.18323e+09,-8.54573e+06,3.37021e+08,-3.00646e+09,3.63848e+07,-5.44179e+07,-3.70436e+08,0.000904943,0.000139694,-4.87587e-25
0,2.00577e+09,-7.68767e+07,3.13439e+08,-4.84915e+09,5.61127e+08,-2.84516e+07,-8.72214e+08,0.000974744,0.000152322,-1.08032e-23
0,2.3336e+09,134979,3.4476e+08,-1.23183e+08,-6.06747e+07,-230153,-2.45291e+07,0.000858842,0.000126883,-3.56774e-30
0,2.14021e+09,3.03709e+07,3.19495e+08,5.2697e+09,-9.11942e+08,2.82308e+08,-8.87265e+08,0.00100301,0.000149732,1.11547e-23
0,2.03306e+09,-1.63406e+07,3.37973e+08,-4.10777e+09,1.94341e+08,5.48715e+07,-4.80753e+08,0.000925995,0.000153936,-2.54737e-24
0,2.13894e+09,-2.01934e+06,3.44021e+08,-4.74628e+08,-9.45828e+06,-1.75324e+07,-2.31558e+08,0.000935031,0.000150388,-1.19411e-27
0,2.33018e+09,2.75082e+06,3.42029e+08,-1.44419e+08,-3.7068e+07,4.56856e+07,-3.87722e+07,0.000870573,0.000127785,-4.04136e-30
0,1.92326e+09,-5.51973e+06,2.82857e+08,1.46757e+10,5.57412e+08,8.33397e+07,-4.64217e+07,0.00102961,0.000151426,3.03554e-23
0,2.14398e+09,1.8119e+07,3.32508e+08,1.91799e+09,-1.88479e+08,2.73848e+08,-6.54427e+08,0.000951782,0.000147611,2.27329e-25
0,2.10065e+09,1.29677e+07,3.27753e+08,-2.1298e+09,7.83394e+07,-1.39185e+08,-7.74482e+08,0.00095157,0.000148468,-5.01534e-25
0,1.96097e+09,-3.86088e+07,3.03517e+08,3.31604e+09,-1.15204e+09,5.39632e+08,-6.18336e+08,0.000988168,0.000152948,2.10571e-24
0,2.15584e+09,-2.1957e+07,3.35056e+08,-5.12717e+09,-2.78846e+08,-4.37853e+08,-6.46354e+08,0.000958112,0.000148908,-5.11011e-24
0,2.02764e+09,-3.98776e+06,3.35266e+08,-1.79558e+09,-4.17755e+08,-3.39723e+08,-6.63366e+08,0.000970239,0.000160427,-2.30148e-25
0,2.00218e+09,1.9432e+07,3.20635e+08,5.70018e+09,-3.09043e+08,-2.27211e+08,-8.81317e+08,0.00102557,0.000164238,2.34646e-23
0,2.12468e+09,-5.21011e+06,3.3198e+08,2.46728e+09,-1.11442e+08,3.93494e+07,-7.03788e+08,0.000946098,0.000147827,6.79262e-25
0,2.19611e+09,1.85421e+06,3.38292e+08,2.44448e+09,-1.19981e+08,-1.74802e+08,-3.74394e+08,0.000910788,0.000140299,2.7568e-25
0,2.02428e+09,3.89587e+06,3.15819e+08,2.47141e+09,-1.30882e+08,3.79425e+08,-9.49114e+08,0.000969174,0.000151206,1.02557e-24
0,1.83152e+09,1.89791e+07,3.12005e+08,-1.73635e+09,-1.05701e+09,2.58535e+07,-1.02595e+09,0.00101233,0.000172454,-2.77518e-24
0,2.02312e+09,2.07578e+07,3.19227e+08,4.30804e+09,-7.96983e+08,-7.03166e+07,-9.47152e+08,0.00102976,0.000162485,1.18417e-23
0,2.21782e+09,3.0696e+07,3.31004e+08,5.49181e+09,-4.17436e+06,7.32698e+07,-3.54815e+08,0.000903785,0.000134887,2.62807e-24
0,2.07414e+09,6.96407e+06,3.21141e+08,-3.18544e+09,-5.99858e+08,-3.26999e+08,-7.3126e+08,0.000975612,0.000151055,-1.77427e-24
0,2.01855e+09,-1.18556e+07,3.35536e+08,-6.36287e+08,1.5519e+08,-2.17301e+08,-5.7912e+08,0.000934956,0.000155414,-3.31864e-27
0,1.88664e+09,-3.08813e+07,3.10441e+08,-1.2018e+09,2.86137e+09,4.18373e+08,-8.76749e+08,0.00089538,0.000147332,1.75285e-24
0,2.0759e+09,2.96857e+07,3.04201e+08,4.73446e+09,-5.25035e+08,3.14566e+08,-9.27585e+08,0.000979937,0.000143599,8.13042e-24
0,2.1353e+09,4.70651e+07,2.96651e+08,5.35091e+09,-8.53303e+08,-3.57049e+08,-6.716e+08,0.000976946,0.000135725,1.08359e-23
0,2.04877e+09,-4.23916e+07,2.78101e+08,-4.97947e+09,-1.66594e+09,5.75051e+07,-1.06681e+09,0.00107678,0.000146162,-3.54025e-23
0,2.07728e+09,6.05103e+07,2.94655e+08,3.47463e+09,-3.75239e+08,-6.45237e+08,-9.00764e+08,0.00101739,0.000144313,4.29972e-24
0,1.86859e+09,-5.57449e+07,3.10983e+08,-1.57675e+09,-8.89752e+08,1.57899e+08,-5.65865e+08,0.000947407,0.000157674,-8.26367e-25
0,2.04179e+09,1.55506e+06,3.22539e+08,-7.61854e+08,-4.84143e+08,6.13313e+07,-1.06024e+09,0.00101072,0.000159662,-1.47873e-26
0,1.91298e+09,3.5268e+07,3.10894e+08,1.17138e+09,6.96178e+08,-5.60042e+08,-1.10662e+09,0.00097849,0.000159022,3.00375e-26
0,2.20738e+09,490021,3.40703e+08,1.40007e+09,-3.75322e+08,1.14694e+08,-3.17577e+08,0.000910196,0.000140486,4.33828e-26
0,2.08823e+09,1.15651e+07,3.18506e+08,2.14156e+09,-1.55698e+09,-1.80617e+08,-9.52238e+08,0.00104021,0.000158657,4.44652e-24
0,1.88863e+09,1.6026e+07,3.19134e+08,1.82485e+09,2.46562e+09,2.54362e+07,-7.80032e+08,0.000893934,0.000151054,-2.35333e-24
0,1.99707e+09,-7.64982e+07,3.00488e+08,2.09195e+09,-2.03165e+08,2.31814e+08,-3.98127e+08,0.00101441,0.000152632,3.78036e-25
0,2.04875e+09,-2.99598e+07,2.85978e+08,-4.49196e+09,-1.03277e+09,-7.54152e+08,3.32811e+08,0.00101014,0.000141003,9.93195e-24
0,1.96336e+09,-592279,3.18927e+08,3.08473e+09,9.56355e+08,5.48864e+08,-1.02133e+09,0.000970758,0.000157689,5.61921e-24
0,2.01989e+09,-594112,3.23169e+08,1.97233e+09,-5.15255e+08,5.25579e+08,-8.21319e+08,0.000992637,0.000158816,2.10953e-25
0,2.14468e+09,-1.20564e+07,3.39713e+08,-4.30554e+09,-3.08746e+08,-4.58676e+08,-4.66892e+08,0.000962118,0.000152398,-1.95561e-24
0,1.79425e+09,4.71468e+07,2.97374e+08,-2.50564e+09,-5.86429e+08,-7.99196e+07,-7.8679e+08,0.00100259,0.000166167,-2.93905e-24
0,2.11044e+09,9.41049e+06,3.36726e+08,1.13718e+09,3.83081e+08,-9.23688e+07,-4.52839e+08,0.000891738,0.000142279,2.86265e-26
0,1.96203e+09,-3.03247e+07,2.99225e+08,-5.16241e+09,4.70384e+08,-6.91952e+08,4.23124e+08,0.00101988,0.000155539,3.67997e-24
0,2.06767e+09,-1.18147e+07,3.4156e+08,-5.32133e+09,2.28864e+08,-3.78801e+08,-3.33705e+08,0.000901099,0.000148853,-3.63977e-24
0,1.91788e+09,5.33374e+07,2.92738e+08,-8.3549e+08,-7.17006e+08,-2.86217e+08,-1.02019e+09,0.00109647,0.000167361,-6.02069e-25
0,2.08951e+09,-3.11614e+06,2.99323e+08,2.07457e+09,-6.40908e+08,3.80527e+08,3.44497e+08,0.000912646,0.000130737,-4.30902e-25
0,2.02399e+09,1.05588e+06,3.32421e+08,-6.25047e+08,2.45334e+08,-5.82467e+07,-7.53999e+08,0.000945548,0.000155297,1.18749e-27
0,2.23071e+09,-2.7551e+07,3.12593e+08,6.78839e+08,1.63324e+08,-2.72809e+08,2.8564e+08,0.000907569,0.000127179,-2.60253e-27
0,2.19161e+09,-1.8041e+06,3.21816e+08,-2.03291e+09,-1.85599e+09,-5.87912e+07,-8.2522e+08,0.00105842,0.000155419,-5.25677e-24
0,1.92812e+09,5.94652e+07,2.97061e+08,8.92537e+09,1.18007e+09,-5.4847e+08,-1.02216e+09,0.000949597,0.000146302,6.74444e-23
0,2.13881e+09,-289248,3.40636e+08,-4.05713e+08,-1.80183e+08,6.55078e+07,-3.65286e+08,0.000956948,0.000152408,-1.12318e-27
0,2.0362e+09,3.60373e+07,2.94323e+08,1.01612e+10,-1.54459e+09,6.96679e+06,-9.98456e+08,0.00105118,0.000151943,1.73332e-22
0,2.14978e+09,-7.97213e+06,3.35702e+08,1.5929e+09,1.76451e+08,4.38256e+07,-5.54417e+08,0.000927339,0.00014481,1.24741e-25
0,2.04119e+09,5.35403e+07,3.22199e+08,5.66707e+09,8.74389e+08,-2.45622e+08,-6.40882e+08,0.000934094,0.000147445,7.73572e-24
0,2.1522e+09,2.72884e+07,3.31558e+08,4.88333e+08,3.73753e+08,7.23859e+07,-5.08458e+08,0.000910629,0.000140287,3.67985e-27
0,2.133e+09,5.0055e+06,3.3147e+08,9.45804e+08,-3.76353e+08,1.98014e+08,-6.63354e+08,0.000951451,0.000147856,3.65672e-26
0,1.94718e+09,-5.19668e+06,3.05621e+08,-1.00791e+09,1.21827e+08,-9.09326e+07,-1.29178e+09,0.00101135,0.000158737,1.26284e-25
0,2.02436e+09,1.55681e+07,3.10932e+08,3.90003e+09,1.02812e+09,1.57193e+08,-1.01699e+09,0.000991665,0.000152315,7.67352e-24
0,2.08504e+09,9.43107e+06,2.94773e+08,-1.28687e+09,-1.74895e+09,-4.40256e+08,-9.29205e+08,0.00104821,0.000148191,-4.43329e-24
0,2.30318e+09,2.45249e+07,3.20978e+08,3.90478e+09,-1.33738e+09,-8.82813e+07,-3.65741e+08,0.000945317,0.000131742,2.42402e-24
0,1.88699e+09,9.70712e+06,2.89288e+08,1.32072e+10,7.75035e+08,2.60789e+08,2.39196e+08,0.000971243,0.000148898,-6.63001e-23
0,1.93823e+09,-9.13534e+06,3.19057e+08,2.74621e+09,1.33955e+08,5.78152e+08,-1.01478e+09,0.000987536,0.000162561,2.40135e-24
0,2.02675e+09,-6.55676e+07,3.01025e+08,-9.41495e+09,-1.92704e+08,-1.60956e+08,-9.50731e+08,0.00100822,0.000149747,-9.47247e-23
0,2.07015e+09,49268.9,3.38272e+08,-8.66755e+08,1.01735e+08,-6.36999e+06,-5.24628e+08,0.000946416,0.000154649,-1.83604e-26
0,2.14222e+09,1.70561e+07,3.36065e+08,7.31704e+08,3.55382e+08,1.7854e+08,-3.45664e+08,0.000914037,0.000143391,1.49852e-26
0,1.99554e+09,-4.06195e+07,2.86989e+08,3.9256e+09,-6.86409e+08,-3.40536e+08,7.43491e+08,0.00101027,0.000145292,-4.65369e-24
0,1.9832e+09,-1.09067e+07,3.18353e+08,9.2805e+08,2.31697e+08,2.16624e+08,-1.19143e+09,0.00102018,0.000163765,-8.4075e-26
0,2.08622e+09,-1.10229e+07,3.22547e+08,-6.29484e+09,-1.23572e+09,-1.24715e+08,-8.34415e+08,0.00104021,0.000160824,-2.89645e-23
0,2.1307e+09,4.20182e+07,3.26872e+08,6.32788e+09,2.21627e+08,-1.29672e+08,-5.45569e+08,0.000962114,0.000147598,1.007e-23
0,2.02768e+09,1.39261e+07,3.16098e+08,-1.37014e+09,-1.63132e+09,-3.8324e+08,-6.48281e+08,0.00101106,0.000157615,-2.93417e-24
0,2.15345e+09,-1.73381e+07,3.40382e+08,-5.202e+09,1.11648e+08,-4.94971e+08,-4.09613e+08,0.000928581,0.000146775,-3.6417e-24
0,2.05314e+09,2.23985e+07,3.19004e+08,2.91662e+09,3.2444e+08,8.66956e+06,-9.44638e+08,0.00100596,0.000156299,2.45292e-24
0,2.13175e+09,-1.53495e+06,3.43475e+08,-3.35009e+08,3.45468e+07,-5.03193e+07,-2.89805e+08,0.000925621,0.000149139,-1.65786e-28
0,1.89464e+09,5.48777e+07,2.96684e+08,7.8455e+09,-1.24657e+08,-6.73745e+08,-1.20191e+09,0.00103055,0.000161375,1.08111e-22
0,1.96722e+09,6.93057e+06,3.12551e+08,2.90956e+09,1.48497e+08,1.54461e+08,-1.30071e+09,0.00100693,0.000159981,3.67372e-24
0,2.20175e+09,3.08826e+07,3.25427e+08,-7.81179e+09,-7.13268e+08,1.66754e+07,9.28372e+07,0.000953086,0.00014087,2.28185e-24
0,2.03962e+09,4.2807e+07,3.09477e+08,7.27643e+09,1.1174e+08,-2.33365e+08,-1.00187e+09,0.000981515,0.000148928,3.86005e-23
0,1.99121e+09,-2.11539e+07,3.23871e+08,-7.75614e+09,-6.73568e+08,-2.82743e+08,-7.8409e+08,0.00101514,0.000165113,-4.65502e-23
0,2.02847e+09,-3.5499e+07,3.11466e+08,3.07602e+09,4.52143e+08,4.0689e+08,-1.87694e+08,0.00104742,0.000160828,1.69916e-24
0,2.03742e+09,-1.05966e+07,2.99187e+08,5.28815e+08,-5.39241e+07,-3.46533e+07,-1.11903e+09,0.00103989,0.000152703,-8.01593e-26
0,1.95439e+09,-2.15371e+07,3.21977e+08,3.30888e+09,5.37256e+08,7.49673e+08,-9.09913e+08,0.000999352,0.000164639,6.42436e-24
0,2.1435e+09,-5.08822e+07,2.97669e+08,-5.06268e+09,-7.51117e+08,3.25246e+08,-6.29685e+08,0.000969956,0.000134699,-7.90912e-24
0,2.15908e+09,-1.19584e+07,3.39222e+08,-5.47691e+09,1.57998e+08,-3.89856e+08,-4.36594e+08,0.00091734,0.000144127,-4.24287e-24
0,2.26367e+09,-401551,3.23275e+08,-1.96357e+09,-1.16248e+09,-2.31721e+08,-4.16271e+08,0.000943276,0.000134709,-5.26208e-25
0,2.10722e+09,572412,3.34774e+08,1.468e+07,-8.86753e+07,1.35776e+08,-6.5926e+08,0.000953385,0.000151465,8.79438e-28
0,2.22716e+09,883368,3.36335e+08,-1.83445e+08,-4.56015e+08,-2.32378e+07,-4.9398e+08,0.000928683,0.000140246,-5.01396e-27
0,1.97658e+09,-6.44481e+06,3.0716e+08,-4.69911e+09,-2.08423e+09,-5.00905e+08,-7.94952e+08,0.00106115,0.000164902,-2.71441e-23
0,2.0232e+09,1.01339e+07,3.31251e+08,2.63131e+08,4.34768e+08,-5.5146e+07,-8.01353e+08,0.000941936,0.000154219,-3.46339e-27
0,2.006e+09,-1.02711e+07,3.24647e+08,-2.86015e+09,-5.57075e+07,-3.2192e+08,-9.64696e+08,0.00099353,0.000160791,-2.21959e-24
0,2.15222e+09,1.61819e+07,3.31802e+08,2.41496e+09,2.58808e+08,4.94882e+07,-5.67797e+08,0.000910034,0.000140297,4.30691e-25
0,2.04572e+09,-3.93704e+06,3.39471e+08,-4.11051e+09,5.38718e+08,-2.40619e+08,-4.21246e+08,0.000892502,0.000148103,-2.28965e-24
0,2.17917e+09,1.95848e+07,3.03348e+08,1.955e+09,-2.25273e+09,2.043e+07,-9.14136e+08,0.00104642,0.000145664,7.97463e-24
0,2.01975e+09,2.85257e+07,3.17509e+08,1.09949e+09,-2.39762e+08,-3.40765e+08,-1.06423e+09,0.00102246,0.000160733,-3.69292e-26
0,1.92239e+09,2.78339e+07,3.05741e+08,-8.20487e+08,6.13769e+08,-4.81493e+08,-1.38394e+09,0.00101964,0.000162166,1.05493e-25
0,2.03656e+09,-3.30435e+07,3.07993e+08,-6.47849e+09,-1.38183e+09,-3.29303e+08,-9.11233e+08,0.00104785,0.000158468,-3.6462e-23
0,2.22825e+09,-5.00863e+06,3.22911e+08,-4.03502e+09,-1.15194e+09,-3.43951e+08,-3.84359e+08,0.000949124,0.000137544,-1.28787e-24
0,2.06967e+09,-6.01124e+07,2.97769e+08,-6.94007e+09,-4.51824e+08,9.10448e+07,-7.78757e+08,0.000988629,0.000142237,-2.65696e-23
0,2.0265e+09,3.89609e+06,2.76793e+08,-1.58348e+09,-1.53699e+09,1.10875e+08,-1.21047e+09,0.00109663,0.000149785,-4.50365e-24
0,2.04501e+09,-2.13024e+06,3.27423e+08,3.15334e+09,-2.00368e+08,6.13704e+08,-8.9226e+08,0.00102758,0.000164524,2.27315e-24
0,2.09547e+09,-2.64122e+07,3.21591e+08,-5.38861e+09,-2.7696e+08,-1.03855e+08,-7.17518e+08,0.000981833,0.000150682,-9.82396e-24
0,2.08252e+09,-3.83079e+07,3.15814e+08,-2.4972e+08,3.95235e+08,1.49798e+08,-6.50624e+08,0.000936021,0.000141948,7.40513e-28
0,2.11825e+09,1.05204e+07,3.2424e+08,1.89621e+09,-1.15997e+09,-2.7873e+08,-7.01293e+08,0.000990426,0.000151604,1.27934e-24
0,1.98457e+09,2.20923e+07,3.16167e+08,1.287e+08,1.46864e+09,-3.20851e+08,-9.01735e+08,0.000930984,0.000148317,2.44443e-26
0,2.03023e+09,-6.09722e+07,3.05895e+08,-8.13528e+09,-1.36693e+08,1.14484e+06,-9.89173e+08,0.00101327,0.00015267,-6.50615e-23
0,2.05252e+09,-2.05153e+07,3.11783e+08,-5.47571e+09,-1.02914e+09,-6.07108e+08,-1.00906e+09,0.00100802,0.00015312,-1.38741e-23
0,1.96665e+09,-2.16407e+07,2.73505e+08,-3.8336e+09,-9.64237e+08,4.15046e+08,-1.27137e+09,0.00107567,0.000149595,-1.76054e-23
0,2.08222e+09,-1.78674e+07,3.24579e+08,-6.18381e+09,-4.34902e+08,-3.20111e+08,-7.53005e+08,0.000964536,0.000150353,-1.36945e-23
0,2.1611e+09,-5.95623e+07,3.10786e+08,-8.97449e+09,-1.12136e+08,2.83082e+08,-4.95303e+08,0.000925678,0.000133121,-2.0949e-23
0,1.92256e+09,-4.64288e+07,3.17843e+08,-4.72498e+09,1.36649e+09,5.1226e+07,-9.43404e+08,0.000933463,0.000154323,-9.91048e-24
0,2.00838e+09,-5.1523e+06,2.98763e+08,7.81303e+09,-2.73005e+09,-1.36516e+08,-8.00236e+08,0.00103724,0.000154298,1.30362e-22
0,2.07208e+09,-2.78872e+07,2.98304e+08,-3.45542e+09,-2.12703e+09,-9.66231e+07,-1.05017e+09,0.00106051,0.000152674,-2.15517e-23
0,2.07036e+09,3.28821e+07,3.3264e+08,7.49659e+07,8.0501e+08,-1.81923e+08,-5.30778e+08,0.00092579,0.000148745,1.33087e-27
0,2.05531e+09,1.48416e+07,3.28347e+08,3.00072e+09,2.30615e+08,7.37447e+07,-8.64538e+08,0.000961076,0.000153537,1.98341e-24
0,1.8231e+09,-4.203e+07,2.71433e+08,-4.44178e+09,4.82589e+08,6.65943e+08,-1.41654e+09,0.00105386,0.000156904,-2.43901e-23
0,1.99416e+09,-5.03979e+07,3.10266e+08,-8.15674e+09,2.37763e+08,1.49276e+08,-9.17767e+08,0.000969854,0.000150897,-5.28463e-23
0,2.08734e+09,-2.69034e+07,3.28506e+08,-2.16606e+09,-6.86821e+08,-1.98537e+08,-7.97309e+08,0.00101419,0.000159613,-1.00188e-24
0,1.92234e+09,3.23861e+07,3.06999e+08,8.94852e+09,7.89986e+08,-2.08292e+07,-9.71186e+08,0.00095986,0.00015329,8.58154e-23
0,2.13928e+09,-271803,3.44381e+08,1.74089e+07,8.52371e+06,-1.83896e+06,-1.83454e+08,0.000924496,0.000148825,-6.29717e-30
0,2.09435e+09,3.88385e+06,3.31613e+08,1.30238e+07,-1.90974e+08,-9.53656e+07,-7.7185e+08,0.000960852,0.000152138,-4.38377e-27
0,2.11127e+09,3.302e+07,3.24603e+08,8.95685e+09,-2.00583e+08,7.79679e+07,-6.93868e+08,0.000951807,0.000146338,3.66917e-23
0,2.02638e+09,4.48332e+07,2.86941e+08,-1.56057e+10,-1.58186e+09,3.10149e+08,4.26029e+07,0.00107255,0.000151876,-4.94651e-23
0,2.20305e+09,-4.63389e+07,3.15279e+08,-9.36322e+09,-7.3271e+08,1.06804e+08,-4.95075e+08,0.000942281,0.00013485,-2.5176e-23
0,1.99729e+09,-1.53929e+07,3.26211e+08,-5.24996e+09,-9.93485e+07,-9.20056e+07,-7.14092e+08,0.000942276,0.000153899,-9.41195e-24
0,2.01641e+09,-1.67697e+07,3.22747e+08,-4.29898e+09,1.43259e+08,-4.23352e+08,-9.57304e+08,0.000960314,0.000153708,-7.26125e-24
0,2.11682e+09,-1.01195e+06,3.25162e+08,-8.76009e+08,-1.07731e+09,-5.6795e+07,-6.89814e+08,0.000990556,0.000152158,-4.37809e-25
0,2.01886e+09,-9.07978e+06,3.21824e+08,-2.93428e+09,-8.22293e+08,-5.41857e+08,-9.43145e+08,0.00100657,0.000160456,-1.91254e-24
0,2.14682e+09,1.2003e+07,3.38583e+08,2.36671e+09,-1.53918e+07,1.13776e+08,-3.87349e+08,0.000932055,0.000146998,3.04175e-25
0,1.94504e+09,2.73385e+07,3.13501e+08,3.68164e+09,-3.30481e+08,-4.22853e+08,-1.19539e+09,0.00104983,0.000169212,1.03287e-23
0,2.05869e+09,-4.00035e+07,3.0807e+08,3.51362e+09,-2.22061e+09,-3.70266e+08,-4.76841e+08,0.000959774,0.000143625,1.12604e-23
0,2.01029e+09,-4.12905e+07,3.07484e+08,-6.74346e+09,-7.1756e+08,5.53081e+07,-1.05442e+09,0.00102166,0.000156269,-4.56054e-23
0,2.14396e+09,-2.79942e+07,3.27688e+08,-4.41145e+09,-1.17079e+09,-3.10952e+08,-7.62498e+08,0.00101303,0.000154834,-6.61348e-24
0,2.20451e+09,4.37144e+06,3.30155e+08,-1.61446e+09,-5.78264e+08,1.6897e+08,-5.0178e+08,0.000938565,0.000140563,-1.98663e-25
0,2.107e+09,4.55982e+06,3.2104e+08,1.15673e+09,3.32353e+06,-4.36952e+08,-7.10882e+08,0.000954752,0.000145474,2.53904e-26
0,1.91505e+09,2.61877e+07,3.13695e+08,5.57561e+08,9.53155e+08,-3.79317e+08,-1.25368e+09,0.0010268,0.000168195,-7.65713e-27
0,2.07657e+09,2.5432e+07,2.85395e+08,-4.74591e+09,-9.27575e+08,1.6515e+08,3.75055e+08,0.000966844,0.000132879,2.38191e-24
0,1.91518e+09,-3.03416e+07,2.98493e+08,4.35328e+09,-1.33664e+09,2.10274e+08,-8.84007e+08,0.00109581,0.000170789,2.38946e-23
0,2.09811e+09,-6.65059e+07,3.02379e+08,-1.12979e+10,-8.9152e+08,1.70792e+08,-8.68123e+08,0.00101608,0.000146438,-1.42592e-22
0,2.07334e+09,-4.62453e+07,3.26563e+08,-6.0453e+09,-9.55346e+08,-7.26242e+08,-6.28534e+08,0.000988914,0.00015576,-6.08184e-24
0,2.29524e+09,2.56474e+07,3.27269e+08,4.08953e+09,-7.07728e+08,-1.34041e+08,-2.65261e+08,0.000924743,0.000131856,1.13472e-24
0,2.00322e+09,-2.44778e+06,3.36089e+08,-7.53854e+08,7.98676e+08,-1.79487e+08,-5.91503e+08,0.000917261,0.000153893,-3.93576e-26
0,1.9358e+09,9.48364e+06,3.02362e+08,-1.47729e+10,-9.54917e+08,-2.09456e+08,-1.03115e+08,0.000962874,0.000150396,-2.77799e-23
0,2.31422e+09,4.18432e+06,3.31934e+08,1.90691e+09,-7.44409e+08,1.72237e+07,-2.55034e+08,0.000911969,0.000130806,1.52589e-25
0,2.18091e+09,2.44919e+07,3.23322e+08,5.9134e+09,-1.2803e+09,2.41245e+08,-7.57378e+08,0.00101862,0.000151012,1.50106e-23
0,2.16724e+09,8.51009e+06,3.06641e+08,8.49035e+09,1.03499e+09,9.54521e+07,-2.68714e+08,0.00100114,0.000141651,1.46752e-23
0,2.15409e+09,-4.38994e+06,3.33167e+08,-1.02268e+08,-5.45299e+08,-2.86723e+08,-6.76454e+08,0.000974837,0.000150775,-4.89098e-26
0,1.85402e+09,1.887e+07,2.7904e+08,1.01961e+09,1.34979e+09,5.32157e+07,-1.37279e+09,0.00102158,0.000153754,3.43064e-25
0,2.01724e+09,4.27764e+07,3.094e+08,-8.56659e+09,-2.21961e+09,6.85463e+07,-6.97303e+08,0.00110508,0.000169495,-1.46061e-22
0,1.83416e+09,2.63002e+07,2.89987e+08,-1.73876e+10,-1.77491e+09,-5.73721e+07,-2.45875e+08,0.00101634,0.000160687,-2.99935e-22
0,2.08245e+09,1.14967e+07,3.38117e+08,1.02166e+09,1.42435e+08,1.31871e+08,-4.04591e+08,0.000935712,0.000151927,3.15578e-26
0,2.17677e+09,2.62529e+07,3.09949e+08,3.97425e+09,-1.77997e+09,9.70216e+07,-8.73493e+08,0.00103094,0.000146795,1.1911e-23
0,2.03081e+09,2.53418e+07,3.27656e+08,1.3727e+09,1.08876e+09,-2.83818e+08,-6.73074e+08,0.000922496,0.000148838,-5.15481e-27
0,2.08776e+09,-1.55248e+07,3.21191e+08,-4.95615e+09,-7.77444e+08,-9.78573e+07,-8.73825e+08,0.000983793,0.000151351,-1.0246e-23
0,2.03427e+09,-2.1711e+07,3.08046e+08,3.60417e+09,-9.38979e+08,3.92686e+08,-3.70048e+08,0.000987347,0.000149512,1.09898e-24
0,1.98176e+09,1.36122e+07,3.26893e+08,1.30322e+09,5.07038e+08,3.02929e+06,-9.20674e+08,0.000946762,0.000156169,1.60603e-25
0,1.96173e+09,1.06185e+07,3.16083e+08,2.84386e+08,-1.02408e+09,-2.22091e+08,-1.12535e+09,0.00105849,0.00017055,-3.53814e-25
0,2.10274e+09,4.34206e+07,2.63708e+08,-6.42424e+09,9.85756e+08,2.94106e+08,5.6895e+08,0.00105443,0.000132237,2.56559e-23
0,2.05978e+09,5.70818e+06,2.87524e+08,-3.89846e+09,-1.98481e+09,-1.48805e+08,2.79666e+08,0.000935267,0.000130554,-1.52338e-24
0,2.02151e+09,4.45308e+07,3.0757e+08,7.36613e+09,-1.78759e+08,-6.38001e+08,-9.45633e+08,0.000969395,0.000147492,3.84964e-23
0,2.03485e+09,-1.90276e+07,3.17871e+08,-5.47164e+09,1.6238e+08,2.03671e+08,-8.31137e+08,0.000954137,0.000149049,-1.17925e-23
0,2.1898e+09,1.39814e+06,3.27809e+08,-3.16862e+09,-1.00539e+09,-2.85258e+08,-5.19592e+08,0.000952256,0.000142551,-1.17124e-24
0,2.01428e+09,2.34934e+07,3.30516e+08,1.82945e+09,7.56408e+08,-2.35942e+08,-5.86934e+08,0.00093003,0.000152605,1.65802e-25
0,2.02966e+09,-5.81553e+07,3.04126e+08,-2.39375e+09,-1.49701e+08,-1.79959e+08,-6.09834e+08,0.00111021,0.000166355,-1.42952e-24
0,1.85126e+09,5.80116e+06,3.09925e+08,-2.72922e+09,1.63302e+09,-7.07499e+07,-1.07236e+09,0.000952682,0.000159491,-2.97992e-24
0,1.82575e+09,-5.14894e+06,3.02538e+08,-1.46414e+10,-3.76834e+08,-3.52461e+08,-3.05412e+08,0.000950169,0.000157449,-1.3294e-22
0,2.01706e+09,-4.3479e+06,3.28135e+08,-8.5373e+08,3.46037e+08,-3.13711e+08,-8.32462e+08,0.000937883,0.000152575,-2.74384e-26
0,1.82524e+09,2.6749e+07,3.03081e+08,3.03204e+09,6.8054e+08,-5.74804e+08,-1.45739e+09,0.00103707,0.000172206,5.98386e-24
0,1.87097e+09,1.24236e+07,3.10858e+08,-1.42072e+10,-1.38449e+06,-4.01731e+08,9.34221e+07,0.000946476,0.000157255,3.54606e-23
0,2.19158e+09,2.00797e+07,3.31113e+08,5.4447e+09,-5.52892e+08,2.23025e+08,-6.32215e+08,0.000944936,0.000142765,5.58947e-24
0,1.92765e+09,1.51802e+06,3.112e+08,-5.48552e+08,-8.02452e+08,-2.25703e+08,-1.27555e+09,0.00104624,0.000168906,-5.41644e-25
0,2.04078e+09,1.75272e+07,3.23185e+08,2.94913e+09,7.97098e+07,-5.19766e+08,-4.76944e+08,0.000936983,0.000148384,8.33822e-25
0,2.1263e+09,1.95155e+06,3.4346e+08,4.89328e+08,4.94274e+07,7.4362e+07,-2.92131e+08,0.000925554,0.000149504,1.45025e-27
0,2.26238e+09,1.89337e+07,3.23892e+08,3.55011e+09,6.61077e+08,-1.02101e+08,3.29733e+07,0.00100651,0.000144096,-4.17311e-25
0,1.97193e+09,-3.32939e+07,3.27227e+08,-1.42938e+07,1.33449e+09,2.96209e+08,-6.25128e+08,0.000897725,0.000148971,-3.98076e-26
0,1.93705e+09,-8.51548e+07,3.11034e+08,-2.5763e+09,1.41546e+08,-1.49918e+08,-3.05075e+08,0.00095056,0.000152632,-6.36598e-25
0,2.16957e+09,-7.43162e+06,3.36276e+08,-5.71266e+09,-4.46335e+08,-2.39735e+08,-5.45188e+08,0.000958097,0.000148501,-6.1792e-24
0,2.33341e+09,-245448,3.44694e+08,3.75457e+06,-6.70327e+07,-4.44485e+06,-2.76626e+07,0.000863328,0.000127532,-1.22919e-31
0,2.16626e+09,1.81908e+07,3.24814e+08,2.82384e+09,-2.96737e+08,-1.50448e+08,-6.64147e+08,0.000958121,0.000143663,1.04814e-24
0,1.89604e+09,-7.83726e+06,3.0588e+08,9.29869e+08,1.56603e+08,-5.79233e+08,-7.49386e+08,0.000964551,0.000155607,-1.26236e-26
0,1.96666e+09,2.47385e+07,3.15505e+08,-1.92906e+09,1.54891e+08,-1.27159e+08,-9.42312e+08,0.00102146,0.000163869,-8.14588e-25
0,1.89012e+09,-3.35384e+07,3.23252e+08,-9.35439e+09,-4.59047e+08,-1.04865e+09,-8.70159e+08,0.000967748,0.000165506,-7.46581e-23
0,2.14404e+09,901655,3.40857e+08,-2.54775e+08,-2.15688e+08,-3.11975e+08,-2.84059e+08,0.000942215,0.000149792,2.53953e-27
0,1.90348e+09,-2.69129e+07,3.0567e+08,-4.95744e+09,2.68555e+09,-2.65863e+08,-7.73181e+08,0.000878865,0.000141133,-2.73345e-24
0,2.1384e+09,7.71673e+06,3.23689e+08,3.20692e+09,-5.20427e+08,-5.44433e+08,-4.26483e+08,0.000960469,0.000145386,1.46367e-24
0,2.08133e+09,-3.21032e+07,3.07623e+08,-7.28934e+09,-9.88101e+08,-1.59725e+07,-9.69256e+08,0.00102228,0.000151094,-4.58714e-23
0,1.92711e+09,2.31011e+07,2.79576e+08,2.36938e+09,-3.10799e+08,-4.77625e+08,-1.40737e+09,0.00106815,0.000154962,2.4123e-24
0,1.9732e+09,-1.64919e+07,3.08338e+08,2.58008e+09,1.24057e+09,-4.3452e+07,-9.80558e+08,0.000962207,0.000150357,1.67573e-24
0,1.89414e+09,2.39732e+07,3.00466e+08,-8.99357e+08,1.97218e+08,-2.13252e+08,-1.36298e+09,0.00104551,0.000165849,2.79843e-25
0,1.90262e+09,-6.96539e+06,3.10199e+08,2.73885e+09,1.88236e+09,1.38472e+08,-8.82447e+08,0.00092989,0.000151607,1.2217e-24
0,2.19369e+09,7.70792e+06,3.27144e+08,1.06125e+09,-5.607e+08,-2.19586e+08,-6.07744e+08,0.000966654,0.000144157,7.62638e-26
0,2.02046e+09,1.50716e+06,3.34646e+08,-5.22483e+09,4.64504e+08,-3.84396e+08,-6.15657e+08,0.000927338,0.000153594,-8.38927e-24
0,2.0178e+09,3.55489e+06,3.28837e+08,1.26626e+09,-1.08451e+08,1.06089e+08,-8.20969e+08,0.000965929,0.000157416,9.39022e-26
0,2.17191e+09,2.60782e+07,3.06617e+08,4.23087e+09,-2.00377e+09,-1.52232e+08,-9.67081e+08,0.00103489,0.0001461,1.90253e-23
0,1.99274e+09,2.46646e+07,3.18558e+08,7.74662e+09,4.00345e+07,2.88261e+08,-9.01603e+08,0.000961185,0.000153654,4.32264e-23
0,2.29385e+09,2.85014e+07,3.20802e+08,-7.77262e+08,-7.73247e+08,1.26132e+08,-1.15475e+08,0.000933771,0.000130591,-3.67484e-26
0,1.96828e+09,-2.16851e+07,3.18858e+08,-1.96944e+09,1.26278e+09,2.0665e+08,-9.08191e+08,0.000925355,0.000149906,-3.25203e-25
0,1.91451e+09,1.71779e+07,3.1044e+08,2.25016e+09,-1.08174e+09,-1.68486e+08,-1.27639e+09,0.00107199,0.000173825,5.44619e-24
0,2.15828e+09,1.73267e+06,3.42064e+08,-1.11242e+09,-3.53943e+08,-4.46723e+08,-1.73172e+08,0.000934129,0.000148049,4.64044e-26
0,2.04e+09,1.46984e+06,3.32366e+08,4.91539e+09,5.05524e+08,4.19253e+08,-6.34689e+08,0.000926979,0.000151028,7.09734e-24
0,1.87807e+09,1.71853e+07,3.00236e+08,-9.20903e+08,2.53364e+08,-3.83805e+08,-1.29019e+09,0.00105176,0.000168138,2.77455e-25
0,1.96557e+09,-6.42258e+06,2.95371e+08,-7.17142e+08,6.98643e+07,-1.70175e+08,-1.22666e+09,0.00100671,0.000151281,1.36325e-25
0,2.18083e+09,1.63729e+07,3.35195e+08,2.13803e+09,-8.59433e+07,2.21048e+08,-5.43873e+08,0.000930898,0.00014308,2.56397e-25
0,2.02138e+09,1.84681e+07,3.30696e+08,2.07718e+08,2.8294e+08,4.58396e+08,-7.97579e+08,0.000951896,0.00015573,-2.37469e-26
0,2.03072e+09,7.37253e+06,3.38224e+08,1.47284e+09,-9.67336e+07,-2.96482e+08,-3.8854e+08,0.000896707,0.00014935,7.66786e-26
0,1.94387e+09,-1.22391e+07,3.32034e+08,-6.30918e+09,8.69873e+08,-2.07958e+08,-7.83254e+08,0.00092869,0.00015863,-2.18012e-23
0,2.24538e+09,-1.52946e+06,3.17547e+08,8.80276e+09,-7.07357e+08,8.12027e+07,-1.31257e+08,0.000978585,0.000138394,5.28154e-24
0,2.1646e+09,1.66243e+07,3.17759e+08,2.60157e+09,-1.06983e+09,2.35784e+08,-7.03742e+08,0.000963709,0.00014147,1.4068e-24
0,2.15865e+09,8.13285e+06,3.3738e+08,-2.36258e+09,5.94481e+07,2.46096e+07,-4.75819e+08,0.000925401,0.000144632,-3.47838e-25
0,2.08815e+09,8.03645e+06,3.12517e+08,-3.50595e+09,-1.18372e+09,-6.74271e+07,-1.06152e+09,0.00103992,0.000155637,-8.20047e-24
0,2.21952e+09,-1.48068e+07,3.27208e+08,-4.246e+09,-8.59401e+08,-3.08018e+08,-5.52562e+08,0.000953076,0.000140505,-2.13646e-24
0,2.18218e+09,-1.05894e+07,3.24624e+08,-2.77413e+09,-5.46734e+08,-5.77944e+08,-3.49203e+08,0.0009544,0.000141978,1.20572e-25
0,2.1187e+09,1.24297e+06,3.4415e+08,1.14554e+09,-3.54154e+07,1.22073e+08,-2.14646e+08,0.000935974,0.000152034,1.88824e-26
0,2.03981e+09,-6.42848e+06,3.28997e+08,4.61981e+08,4.48493e+08,3.06547e+07,-7.62148e+08,0.000926656,0.000149459,3.60355e-28
0,2.23545e+09,-5.60751e+06,3.2473e+08,-3.20671e+09,-1.41297e+09,-3.61025e+08,-6.59474e+08,0.00098609,0.000143243,-2.52454e-24
0,1.90237e+09,3.57593e+07,3.02986e+08,4.25214e+09,1.33627e+09,-3.17298e+08,-1.1729e+09,0.000985133,0.0001569,1.02253e-23
0,2.03339e+09,2.77665e+07,3.28346e+08,-1.79993e+09,1.07083e+09,-1.29764e+08,-6.99505e+08,0.000911451,0.000147178,-3.47577e-25
0,2.10812e+09,-800902,3.23154e+08,2.38666e+09,-1.4291e+09,4.62846e+08,-2.70962e+08,0.00101774,0.000156008,1.12066e-24
0,1.93792e+09,-2.91367e+07,3.0077e+08,-3.13865e+09,1.54814e+08,-2.06792e+08,-1.20647e+09,0.0010441,0.000162047,-5.90206e-24
0,2.11318e+09,1.64497e+07,3.17065e+08,2.74713e+09,-1.31478e+09,4.41936e+08,-9.80123e+08,0.0010273,0.000154138,3.68067e-24
0,1.704e+09,1.12384e+07,2.94759e+08,4.25603e+07,3.06164e+09,-1.00231e+08,-1.15078e+09,0.000930655,0.000160985,4.33267e-25
0,1.96732e+09,-1.54051e+07,3.07121e+08,-2.15706e+09,-1.36453e+09,9.80281e+07,-1.31367e+09,0.00107416,0.00016769,-6.56622e-24
0,1.75129e+09,1.17059e+07,2.66254e+08,9.26269e+08,4.94577e+08,-3.8095e+07,-1.61837e+09,0.00108706,0.00016527,-6.42717e-25
0,2.11944e+09,7.0798e+06,3.31046e+08,4.53105e+09,-9.17159e+08,4.09148e+08,-6.45466e+08,0.000970426,0.000151576,3.77633e-24
0,2.11319e+09,9.45776e+06,3.15928e+08,6.30839e+08,-9.78451e+08,3.96663e+08,-8.02083e+08,0.000981793,0.000146781,4.01262e-25
0,2.24962e+09,6.54674e+06,3.40966e+08,2.46745e+09,-3.25589e+08,2.06301e+08,-3.34042e+08,0.000932264,0.0001413,1.90404e-25
0,2.18006e+09,-8.25983e+06,3.24799e+08,-9.4183e+08,-1.06651e+09,-2.97632e+08,-6.05353e+08,0.000967182,0.000144097,-3.81045e-25
0,2.21225e+09,-2.44888e+07,3.24207e+08,3.51452e+09,5.26902e+08,1.18431e+07,1.03622e+08,0.000880332,0.000129013,-2.23536e-25
0,1.96723e+09,3.83592e+07,3.23835e+08,1.94317e+08,1.55443e+09,-3.90968e+08,-7.25756e+08,0.000908584,0.000149566,5.86102e-26
0,1.92531e+09,-4.25485e+07,3.04763e+08,-3.27856e+09,5.56002e+08,-2.87247e+08,-1.07407e+09,0.00102299,0.000161933,-6.94033e-24
0,2.08361e+09,8.16475e+06,3.31858e+08,-1.02012e+09,3.53053e+08,3.40754e+07,-7.06209e+08,0.000928821,0.000147934,-3.78083e-26
0,1.91909e+09,-1.48164e+06,3.31899e+08,3.26901e+09,3.04008e+08,2.66149e+08,-8.21078e+08,0.000966357,0.000167127,3.85933e-24
0,1.78884e+09,3.41753e+06,3.03247e+08,4.25498e+09,1.24422e+09,-1.23594e+08,-9.38277e+08,0.000956399,0.00016213,1.09923e-23
0,1.89996e+09,-1.04936e+07,3.14737e+08,-5.78765e+09,2.67931e+08,-3.57766e+08,-1.139e+09,0.000993476,0.000164574,-3.46282e-23
0,2.13182e+09,-1.6908e+07,3.12866e+08,-1.47193e+09,-6.37134e+08,-2.74966e+08,-6.19184e+08,0.000950607,0.000139511,-1.75576e-25
0,1.90186e+09,1.13701e+07,3.12228e+08,-5.91476e+07,3.02297e+09,-1.34265e+08,-7.03227e+08,0.000847264,0.000139095,6.0786e-25
0,2.00702e+09,-1.7066e+07,3.14481e+08,-1.4094e+08,-8.01086e+08,-7.38119e+07,-8.61861e+08,0.00100434,0.000157371,-9.67317e-26
0,2.25147e+09,1.24844e+07,3.23279e+08,7.84754e+08,-4.83411e+07,2.2373e+08,3.01802e+07,0.000923817,0.000132647,-2.01479e-27
0,2.10847e+09,-4.21757e+06,3.31895e+08,-3.84352e+09,-3.21991e+08,-3.29084e+07,-4.41883e+08,0.000921985,0.00014513,-1.60375e-24
0,2.05156e+09,4.23595e+07,3.16798e+08,-5.2146e+08,-1.3231e+08,4.38932e+08,-5.38306e+08,0.00104949,0.00016206,1.90884e-26
0,2.06732e+09,-2.13324e+07,2.91963e+08,1.99857e+09,-1.7061e+09,-2.53742e+08,4.08978e+08,0.000991168,0.00013998,1.16509e-24
0,1.92228e+09,-2.40056e+07,3.10176e+08,-4.51925e+09,6.49044e+08,-1.47006e+08,-1.19581e+09,0.000982756,0.000158576,-1.57574e-23
0,1.91452e+09,6.71656e+07,3.2254e+08,5.34094e+09,2.01286e+09,1.42744e+08,-7.94095e+08,0.000931377,0.000156909,1.16752e-23
0,2.06665e+09,2.62756e+07,3.20804e+08,4.03759e+09,-7.2323e+08,1.72549e+08,-5.96777e+08,0.000927784,0.000144019,2.84847e-24
0,2.07047e+09,8.03242e+06,3.18715e+08,-2.73164e+09,-2.22806e+07,-2.86752e+07,-7.40689e+08,0.00095092,0.000146378,-1.14207e-24
0,1.88004e+09,5.30641e+07,2.96326e+08,3.25875e+09,3.02308e+08,1.68887e+08,1.34468e+07,0.00107874,0.000170028,2.81298e-25
0,2.02797e+09,4.45129e+07,3.15616e+08,8.0316e+09,7.25079e+08,-3.50722e+08,-7.93636e+08,0.000936585,0.000145762,3.05741e-23
0,1.99717e+09,-1.80655e+07,3.12092e+08,-2.89902e+09,-2.08774e+08,2.52752e+08,-1.19759e+09,0.00102829,0.000160688,-3.60019e-24
0,1.97044e+09,-1.30779e+07,3.14865e+08,-4.31455e+09,-1.84063e+08,-3.60236e+08,-1.0332e+09,0.000989867,0.000158175,-9.32272e-24
0,1.91067e+09,3.56493e+07,2.97208e+08,5.13776e+09,1.01993e+09,-2.07351e+08,-8.38084e+08,0.000939099,0.000146079,1.11555e-23
0,1.97228e+09,5.81824e+07,3.18951e+08,7.42292e+09,9.69148e+08,-8.77091e+07,-8.99338e+08,0.000967918,0.000156529,4.02939e-23
0,1.90215e+09,-2.60067e+07,3.1773e+08,5.0708e+09,-4.77551e+08,4.35995e+08,-7.09501e+08,0.0010026,0.000167471,1.20475e-23
0,1.99879e+09,2.15592e+07,3.06509e+08,4.85143e+09,-5.45239e+08,-2.23515e+08,-1.17375e+09,0.00105494,0.000161772,2.27302e-23
0,1.8699e+09,-4.08936e+07,3.00982e+08,-5.18073e+09,8.62474e+08,5.15973e+08,-1.40091e+09,0.00101602,0.00016354,-2.95582e-23
0,2.23317e+09,1.76004e+07,3.14911e+08,-2.32322e+09,-4.41444e+08,1.13108e+08,2.73054e+07,0.000936563,0.000132069,-3.78124e-26
0,2.09852e+09,1.93443e+07,3.30841e+08,-7.87292e+07,5.45821e+08,-5.42493e+07,-6.98677e+08,0.000926731,0.000146103,2.79877e-28
0,1.93813e+09,-2.46085e+07,3.14474e+08,-6.9909e+08,5.86655e+08,6.61335e+08,-9.63887e+08,0.000969636,0.00015733,5.75012e-27
0,2.18313e+09,-9.53472e+06,3.14446e+08,-1.1098e+10,9.80134e+07,3.25734e+08,-9.70272e+07,0.000942124,0.000135699,-7.25481e-24
0,1.91274e+09,-6.93472e+07,3.05842e+08,-1.50538e+08,-2.50025e+09,-4.0321e+08,-4.67394e+08,0.000996618,0.000159357,-4.85782e-24
0,1.98243e+09,4.28756e+07,2.31015e+08,-3.73579e+09,1.22895e+09,3.14847e+08,8.49842e+08,0.00120461,0.000140375,2.58281e-23
0,2.31484e+09,3.86174e+06,3.32976e+08,-4.99837e+08,3.67022e+07,2.07331e+08,-1.52935e+07,0.000911139,0.000131062,2.89637e-29
0,2.03597e+09,1.56431e+06,3.25135e+08,3.95282e+09,-6.46313e+08,3.36849e+08,-1.02978e+09,0.00101298,0.000161768,6.69209e-24
0,1.88301e+09,5.39247e+07,3.14777e+08,-3.67091e+09,-1.69851e+09,2.34851e+08,-7.35193e+08,0.00102095,0.000170668,-1.89019e-23
0,2.07143e+09,1.71195e+06,3.10432e+08,4.23769e+09,-1.30047e+09,1.88041e+07,-8.299e+08,0.00101377,0.000151927,1.08057e-23
0,2.02332e+09,-3.87844e+07,3.1676e+08,5.12628e+09,-2.21088e+09,4.29063e+08,-2.1977e+08,0.000977655,0.000153057,8.97618e-24
0,2.07013e+09,2.30046e+07,3.26315e+08,5.75951e+09,1.51148e+08,8.82474e+07,-8.96551e+08,0.000956928,0.000150841,1.42406e-23
0,1.93189e+09,-4.02504e+07,2.98352e+08,-5.91846e+09,-1.35662e+09,1.48783e+08,-1.44906e+09,0.00110349,0.000170418,-9.09963e-23
0,2.00185e+09,7.8299e+07,3.03499e+08,-2.0443e+09,-1.20095e+09,3.77999e+08,-4.88604e+08,0.00103244,0.000156527,-2.16862e-24
0,2.05937e+09,-1.09804e+07,2.87592e+08,-3.90871e+08,-1.44735e+09,-5.72093e+08,3.19036e+08,0.000968699,0.000135279,-2.46959e-25
0,2.14744e+09,2.68716e+07,3.25025e+08,4.71848e+09,-5.8543e+08,-3.59871e+08,-5.60319e+08,0.000970571,0.000146901,5.49547e-24
0,1.86171e+09,-3.10158e+07,3.1369e+08,-1.64211e+09,1.5265e+09,2.86765e+08,-1.22741e+09,0.000982718,0.000165583,-3.39631e-25
0,2.29611e+09,1.50292e+07,3.32872e+08,-3.01496e+09,-4.41124e+08,1.13713e+08,-3.57086e+07,0.000905393,0.000131257,-1.06283e-25
0,1.97774e+09,3.8958e+07,3.16534e+08,7.97811e+09,-1.62447e+08,-9.74153e+07,-8.49278e+08,0.000978744,0.000156647,5.10183e-23
0,2.05143e+09,-3.25328e+07,3.27274e+08,-2.9705e+09,5.50415e+08,-2.00618e+08,-6.83557e+08,0.000951139,0.000151739,-1.79052e-24
0,2.15072e+09,-4.88292e+06,2.92727e+08,6.643e+09,3.47439e+08,1.6317e+08,2.83198e+08,0.000992092,0.00013503,-6.36113e-24
0,1.95238e+09,4.61491e+06,3.10178e+08,7.25548e+09,1.01007e+09,-5.5703e+07,-8.2227e+08,0.00106622,0.000169392,5.91701e-23
0,2.12398e+09,4.52711e+07,3.23028e+08,1.24045e+10,-2.61288e+08,1.75239e+08,-4.15533e+08,0.000987493,0.000150184,6.70442e-23
0,1.86463e+09,-3.27442e+07,3.23683e+08,-9.32156e+08,1.22267e+09,2.28308e+08,-9.95487e+08,0.000994574,0.000172649,-2.55099e-26
0,2.12532e+09,3.52388e+07,3.10023e+08,5.27997e+09,-1.18169e+09,-3.60043e+07,-9.71269e+08,0.00101526,0.000148097,1.79038e-23
0,2.03043e+09,3.09744e+07,3.1387e+08,7.82316e+09,-5.73939e+08,-1.02325e+08,-9.1931e+08,0.000993964,0.00015365,5.10573e-23
0,1.99459e+09,-1.18079e+07,3.06062e+08,-3.24865e+09,-6.6845e+08,-1.69988e+08,-1.15794e+09,0.00104071,0.000159693,-5.94837e-24
0,1.95349e+09,-4.89016e+07,3.03043e+08,4.83686e+09,6.5344e+07,3.67848e+08,-4.66678e+08,0.00103944,0.000161247,9.09724e-24
0,2.15855e+09,2.27703e+07,3.34173e+08,4.63818e+09,-4.47517e+08,3.27431e+08,-6.82109e+08,0.000994152,0.000153908,4.8058e-24
0,2.14302e+09,3.877e+06,3.36067e+08,1.89215e+08,-3.7391e+07,-1.85704e+08,-5.19021e+08,0.000929501,0.000145764,-1.99363e-27
0,2.02116e+09,2.43359e+07,3.05819e+08,7.24728e+09,-1.03049e+09,-1.24274e+08,-1.19291e+09,0.00104887,0.000158704,7.56321e-23
0,2.18987e+09,1.18457e+07,3.29796e+08,-3.86727e+09,-1.88403e+08,-1.32351e+08,-7.69956e+07,0.000890421,0.000134098,-1.47935e-25
0,2.04179e+09,510639,3.12712e+08,-8.89887e+07,-6.14139e+08,-1.0524e+08,-7.39269e+08,0.00104774,0.000160467,-6.03675e-26
0,1.90175e+09,-1.46598e+07,3.2733e+08,1.763e+08,6.18697e+08,1.89422e+07,-1.06244e+09,0.000993171,0.000170945,-1.2402e-26
0,2.05002e+09,4.90875e+07,3.01106e+08,-8.89428e+09,-1.86334e+09,2.13328e+08,-4.82605e+08,0.00108106,0.000158785,-9.47876e-23
0,1.85156e+09,-1.8913e+07,3.10965e+08,5.44671e+09,6.40319e+08,8.36109e+08,-5.45593e+08,0.00100866,0.000169403,2.77482e-23
0,1.98621e+09,8.85026e+06,3.23262e+08,4.59669e+09,4.09861e+08,6.06626e+08,-9.90356e+08,0.000983063,0.000159997,1.28147e-23
0,1.75051e+09,-3.30589e+07,2.83515e+08,-4.72991e+09,1.98916e+09,-1.01035e+08,-1.49234e+09,0.00102645,0.000166246,-4.58169e-23
0,1.91206e+09,-1.48833e+07,3.16258e+08,-1.38936e+09,7.63129e+08,-1.90498e+08,-1.29516e+09,0.000989043,0.00016359,-4.61448e-25
0,2.00013e+09,6.41044e+07,2.8605e+08,4.00838e+09,3.74244e+08,-3.86188e+08,-1.03171e+09,0.00098826,0.000141337,6.61158e-24
0,2.07238e+09,1.42681e+06,3.21995e+08,4.26073e+09,1.13252e+09,2.00465e+08,-6.4153e+08,0.000912476,0.000141775,3.95092e-24
0,2.19992e+09,1.15975e+07,3.36565e+08,1.89755e+09,-6.72238e+08,1.51743e+08,-5.85604e+08,0.00101051,0.000154597,4.41498e-25
0,2.13023e+09,3.10404e+07,3.15383e+08,6.94122e+09,-1.25297e+09,1.06261e+08,-8.4299e+08,0.00102748,0.000152119,3.28247e-23
0,2.18643e+09,-2.78937e+07,3.22682e+08,-5.15226e+09,-1.30847e+09,-4.80376e+07,-9.39388e+08,0.00102672,0.000151528,-1.53424e-23
0,2.0885e+09,-2.4683e+06,3.43379e+08,1.1018e+08,2.8378e+07,4.87739e+07,-3.10665e+08,0.000945313,0.000155423,-2.54776e-28
0,2.11478e+09,2.93474e+06,3.31039e+08,-9.05296e+08,-6.88201e+08,-1.08782e+08,-8.64699e+08,0.00101017,0.000158128,-2.02856e-25
0,2.28186e+09,-1.25886e+07,3.20319e+08,5.10198e+09,-1.19892e+09,-2.63272e+08,-1.67109e+08,0.000939033,0.000131818,3.00542e-24
0,2.10172e+09,1.19791e+07,3.24629e+08,4.3114e+09,2.8543e+08,6.40957e+08,-4.27658e+08,0.000921088,0.00014227,2.91901e-24
0,2.21334e+09,1.32487e+07,3.03594e+08,9.66469e+08,-1.83906e+08,-8.28517e+07,-2.57822e+08,0.000915922,0.000125633,1.33694e-26
0,2.04534e+09,-9.00595e+06,3.14783e+08,-2.02826e+09,-6.41313e+08,9.65845e+07,-6.33831e+08,0.00105205,0.000161914,-1.12117e-24
0,2.32698e+09,5.10431e+06,3.31143e+08,1.3438e+09,-1.03004e+09,-2.8169e+07,-2.45743e+08,0.000914388,0.000130123,1.71371e-25
0,2.06841e+09,8.65067e+06,3.2235e+08,-1.69028e+09,-4.78665e+08,-2.18834e+08,-7.45899e+08,0.000953523,0.000148602,-2.72086e-25
0,1.95116e+09,302717,3.3361e+08,1.05905e+09,2.34783e+08,1.16632e+08,-8.52185e+08,0.00100054,0.000171073,7.39449e-26
0,1.7443e+09,-1.30261e+07,2.75868e+08,-2.75725e+09,2.20653e+09,6.11553e+07,-1.41751e+09,0.00101507,0.000160538,-4.53056e-24
0,2.12303e+09,-5.21353e+06,3.40322e+08,-5.2762e+09,-1.57526e+08,-5.22345e+08,-2.78765e+08,0.00092778,0.000148723,-2.00473e-24
0,1.98153e+09,2.74672e+07,3.08385e+08,3.03724e+09,1.34961e+09,-2.15993e+08,-7.77705e+08,0.00108976,0.000169599,2.2833e-24
0,2.03295e+09,1.51453e+07,3.14803e+08,2.23876e+09,-1.14333e+09,6.30304e+07,-1.0313e+09,0.00107805,0.000166937,4.14502e-24
0,2.16693e+09,1.88315e+07,3.0901e+08,1.59899e+09,-1.74902e+09,-1.03606e+08,-4.06953e+07,0.000968466,0.000138106,1.23727e-24
0,1.93645e+09,4.9618e+06,3.01363e+08,7.13675e+09,8.88155e+08,5.73599e+07,-1.00501e+09,0.000964185,0.000150053,4.56456e-23
0,1.9203e+09,-3.18866e+07,3.09699e+08,6.3671e+09,1.48134e+09,4.21256e+08,-6.50914e+08,0.00104653,0.00016878,4.51545e-23
0,2.08366e+09,3.4712e+07,3.03897e+08,5.49022e+09,-1.33845e+09,7.00907e+07,-9.68008e+08,0.000999101,0.000145717,2.05632e-23
0,1.97057e+09,-1.35705e+07,3.19619e+08,-1.25853e+09,-8.03673e+08,-1.52776e+08,-9.10836e+08,0.00100316,0.000162708,-6.36558e-25
0,2.03732e+09,2.38591e+06,3.22295e+08,-1.20823e+09,-9.60115e+08,2.09967e+07,-9.20716e+08,0.00102862,0.000162723,-7.56662e-25
0,2.05106e+09,4.5665e+06,3.36563e+08,-4.03758e+09,4.59586e+08,-3.58361e+08,-4.64702e+08,0.000908077,0.000149008,-2.67879e-24
0,1.97705e+09,5.97305e+06,3.37367e+08,9.69511e+08,4.06304e+07,5.08268e+07,-6.89017e+08,0.00100756,0.000171932,4.29619e-26
0,1.91594e+09,-3.06836e+07,3.06834e+08,3.1672e+09,2.81033e+09,3.44592e+08,-4.43137e+08,0.00103509,0.000165768,-1.37202e-23
0,2.27629e+09,8.6007e+06,3.40519e+08,2.75378e+09,-5.01746e+08,1.39478e+08,-3.33703e+08,0.000951795,0.000142383,3.36903e-25
0,1.9149e+09,2.60197e+07,3.01425e+08,5.34627e+08,-6.17791e+07,-3.21651e+08,-1.2658e+09,0.00106299,0.000167326,-2.34263e-25
0,2.1563e+09,4.48633e+07,3.23188e+08,5.85523e+09,1.88444e+08,-1.02456e+08,-6.43801e+08,0.000949615,0.000142329,8.34712e-24
0,2.03431e+09,4.09637e+07,3.2357e+08,2.11001e+09,7.60091e+08,-3.95944e+08,-6.55453e+08,0.000931217,0.000148116,2.32766e-25
0,2.09246e+09,4.57858e+06,3.31335e+08,-3.27796e+09,-4.4067e+08,-1.89233e+08,-8.30156e+08,0.00100128,0.00015855,-2.6699e-24
0,2.06183e+09,2.0828e+07,3.11042e+08,3.05382e+08,-1.14954e+09,3.12584e+08,-1.04326e+09,0.00104734,0.000157999,8.77722e-25
0,1.91916e+09,-1.06222e+07,3.04132e+08,-5.83632e+09,-2.40406e+08,-2.56364e+07,-1.22495e+09,0.00100787,0.000159719,-3.73233e-23
0,2.10086e+09,-4.0122e+06,3.21224e+08,5.02582e+08,-1.02165e+09,1.30917e+08,-1.09868e+09,0.0010267,0.000156984,4.33021e-25
0,2.03102e+09,-3.17278e+07,3.05092e+08,1.51707e+09,-2.2454e+08,9.00642e+07,-9.21876e+08,0.00100045,0.000150284,2.50996e-25
0,2.26839e+09,5.77686e+06,3.16756e+08,2.99698e+09,-1.20543e+09,-2.57092e+08,-2.33936e+08,0.00092028,0.000128507,1.08742e-24
0,1.95163e+09,-1.54428e+06,3.11426e+08,5.77199e+09,2.13307e+09,7.25165e+08,-5.50808e+08,0.00105921,0.00016902,4.05249e-23
0,1.89169e+09,3.11903e+07,2.99341e+08,1.26358e+08,2.57655e+08,-3.79287e+08,-1.23903e+09,0.00107043,0.000169384,2.79047e-26
0,1.97178e+09,908550,3.34819e+08,9.16822e+08,-6.44795e+07,-9.65412e+07,-8.44068e+08,0.00100733,0.000171051,1.2015e-26
0,2.28605e+09,2.85801e+06,3.39295e+08,-2.91317e+08,-6.9946e+08,-3.69591e+07,-3.95374e+08,0.000955743,0.000141851,-2.26992e-26
0,2.09291e+09,4.15697e+06,3.10763e+08,1.93944e+09,-1.84996e+09,4.55999e+08,-8.94672e+08,0.00105124,0.000156092,6.49663e-24
0,2.01363e+09,6.84706e+06,3.25843e+08,-1.91955e+09,-2.30686e+06,-2.05483e+08,-1.05493e+09,0.000987406,0.000159781,-5.58907e-25
0,2.06562e+09,-5.39055e+06,3.34245e+08,-4.51437e+09,-3.38889e+08,-4.65946e+08,-7.28183e+08,0.000989541,0.000160121,-5.37257e-24
0,1.90616e+09,9.34001e+06,3.15141e+08,-5.35561e+09,-1.06234e+09,-4.27264e+08,-7.23608e+08,0.000982811,0.000162486,-1.33595e-23
0,1.91009e+09,-4.40203e+07,3.20022e+08,-6.59646e+09,1.61424e+09,-1.27058e+08,-1.07973e+09,0.000929485,0.000155729,-3.59185e-23
0,1.99939e+09,-1.79703e+07,2.8975e+08,1.54452e+09,-5.04861e+08,4.13437e+08,-1.22189e+09,0.00107137,0.000155262,3.27112e-25
0,2.20138e+09,-2.52531e+07,3.16685e+08,1.75271e+09,-3.44309e+08,-1.16553e+08,2.37894e+08,0.000925258,0.000133105,-4.85511e-26
0,2.00312e+09,6.13437e+06,2.65264e+08,-1.48572e+09,-8.34635e+08,-1.88684e+08,-1.15464e+09,0.00105134,0.000139225,-1.14046e-24
0,1.99486e+09,-5.23331e+06,3.10453e+08,-3.07894e+08,-1.38389e+09,6.20979e+08,-9.36965e+08,0.00105516,0.00016421,1.73147e-24
0,2.13868e+09,4.45094e+07,2.96916e+08,-6.89666e+09,-4.55593e+08,2.6649e+08,3.45876e+08,0.000948648,0.000131702,6.65214e-24
0,2.01741e+09,-2.43739e+07,3.19836e+08,-8.90568e+08,1.01644e+08,2.37628e+08,-9.34076e+08,0.00098317,0.000155869,1.52466e-26
0,2.02881e+09,3.7751e+06,3.37543e+08,-4.78669e+09,2.73399e+08,-3.42223e+08,-5.74935e+08,0.000945625,0.000157328,-6.06377e-24
0,1.84626e+09,-3.45145e+07,2.80845e+08,-6.64243e+08,9.77488e+08,1.47453e+08,-1.05264e+09,0.000991559,0.000150831,-2.59728e-26
0,2.00636e+09,-1.39988e+07,3.17234e+08,-2.85348e+09,-1.76214e+08,2.7162e+08,-1.07562e+09,0.0010105,0.000159774,-2.83269e-24
0,2.20539e+09,2.06617e+07,3.11196e+08,3.72736e+09,-2.06457e+09,2.42233e+07,-9.12791e+08,0.00104676,0.000147706,1.4719e-23
0,2.00488e+09,4.13109e+07,3.0672e+08,-5.19832e+09,-5.69031e+08,-2.96854e+08,-6.77653e+08,0.00109244,0.000167129,-1.60296e-23
0,1.73089e+09,3.31028e+07,2.70734e+08,4.65008e+09,1.37967e+09,-7.19384e+08,-1.39489e+09,0.00103318,0.000161603,2.58299e-23
0,1.87478e+09,-2.36623e+06,3.00483e+08,-3.0268e+09,2.12068e+08,2.15241e+08,-1.39685e+09,0.00102438,0.000164183,-5.75611e-24
0,2.0923e+09,7.3443e+06,2.68295e+08,-1.80762e+09,3.12575e+08,-1.29315e+08,4.53816e+08,0.00102562,0.000131515,2.75712e-25
0,2.01672e+09,7.07017e+06,3.3127e+08,1.05628e+08,-1.64486e+08,2.185e+07,-9.62177e+08,0.00101217,0.000166261,-8.97022e-27
0,2.23625e+09,-1.26862e+07,3.20152e+08,3.00259e+08,2.94778e+07,-6.70799e+07,2.27034e+08,0.000926322,0.000132617,-9.63079e-29
0,2.06614e+09,2.58997e+07,3.05306e+08,-1.13888e+09,-2.86808e+08,-2.25126e+08,-9.79491e+08,0.00100117,0.000147938,-4.95725e-26
0,2.21401e+09,1.66591e+07,3.00431e+08,-3.17706e+09,-6.71466e+08,-6.31639e+07,6.81716e+06,0.000968294,0.000131393,-2.53671e-26
0,1.9146e+09,2.39447e+07,3.16939e+08,-1.50779e+08,8.67765e+08,-2.42213e+08,-1.17809e+09,0.00100426,0.000166243,1.05384e-26
0,1.99987e+09,1.52704e+07,3.32528e+08,-3.9157e+09,6.33997e+08,-2.72575e+08,-7.49828e+08,0.000938776,0.000156095,-4.86081e-24
0,2.18487e+09,6.73067e+06,3.22342e+08,-1.19028e+09,-1.05997e+09,-3.54834e+08,-6.35535e+08,0.000978968,0.00014443,-4.59318e-25
0,2.10806e+09,-1.7429e+06,3.42826e+08,2.4926e+08,-3.92009e+07,2.44548e+06,-3.6677e+08,0.000951596,0.000154754,-4.60253e-28
0,2.10433e+09,-2.91983e+07,3.09855e+08,-6.01311e+09,-1.2688e+09,-2.15081e+07,-9.62746e+08,0.00107534,0.00015834,-3.53901e-23
0,1.91356e+09,2.41658e+07,3.29246e+08,4.57326e+07,6.61954e+08,-4.00122e+06,-9.88827e+08,0.00100012,0.00017208,-1.61815e-27
0,2.02739e+09,-3.911e+07,3.2573e+08,-4.33519e+09,6.54938e+08,-3.29195e+08,-7.0143e+08,0.000949727,0.000152588,-6.33099e-24
0,2.0912e+09,6.50251e+06,3.34961e+08,-3.69492e+09,2.49558e+08,-2.12943e+08,-6.19945e+08,0.000926889,0.000148466,-2.24402e-24
0,2.01856e+09,5.42872e+07,3.11542e+08,-5.78618e+09,-1.41628e+09,1.4543e+08,-6.63391e+08,0.00107502,0.000165917,-3.41958e-23
0,1.99177e+09,1.66741e+06,3.28807e+08,-1.77016e+09,4.63631e+08,-2.62838e+08,-8.98444e+08,0.00094498,0.000156,-5.24254e-25
0,2.08909e+09,3.72163e+07,3.0138e+08,4.68578e+09,-6.8479e+08,-5.25203e+08,-8.67715e+08,0.000986361,0.000142296,1.01273e-23
0,1.9136e+09,-1.01594e+07,3.12262e+08,-1.58803e+09,1.95898e+09,-1.90116e+08,-8.93468e+08,0.000941992,0.000153715,3.46677e-25
0,1.93539e+09,3.4189e+07,2.98165e+08,-4.10762e+09,-3.28523e+08,-4.84329e+08,-1.07573e+09,0.00109089,0.000168063,-1.33557e-23
0,2.11002e+09,-1.99339e+06,3.43932e+08,-2.054e+08,-2.92103e+07,-2.84443e+07,-2.44357e+08,0.000951095,0.000155028,6.12944e-29
0,2.04165e+09,-4.85679e+07,3.10613e+08,-9.44255e+09,-7.99782e+08,-3.32323e+08,-1.00596e+09,0.00102837,0.000156454,-1.02245e-22
0,2.25403e+09,-3.16164e+07,3.26236e+08,4.8593e+09,5.08222e+07,-3.25954e+08,2.0569e+08,0.000890973,0.000128955,-9.37267e-25
0,2.03834e+09,-2.18613e+07,3.21211e+08,-3.19723e+09,1.1281e+08,2.26694e+08,-9.58983e+08,0.000981829,0.000154721,-2.8583e-24
0,1.83982e+09,-1.30099e+07,2.6826e+08,-5.00838e+09,-1.20759e+08,-8.09514e+08,9.58984e+08,0.00113055,0.000164843,4.04826e-23
0,1.83312e+09,-3.23605e+07,3.26083e+08,-1.34523e+09,7.02408e+08,2.07387e+08,-4.9634e+08,0.00101768,0.00018103,-1.00229e-25
0,2.07516e+09,-2.57264e+07,3.1575e+08,-7.84164e+09,-1.26351e+09,-3.57406e+07,-9.16882e+08,0.00102549,0.000156035,-5.82764e-23
0,1.91135e+09,5.12441e+07,3.07295e+08,1.7637e+09,1.05899e+09,-7.00665e+08,-1.29803e+09,0.00101842,0.000163735,3.28115e-25
0,1.80081e+09,4.73919e+07,3.20802e+08,3.21183e+09,1.35551e+09,-3.60268e+08,-1.03648e+09,0.000966051,0.000172096,3.58157e-24
0,1.91755e+09,-7.08123e+06,2.92503e+08,5.22143e+09,-1.88676e+09,-9.36174e+07,-6.74542e+08,0.00101174,0.00015433,3.47624e-23
0,2.04938e+09,3.02955e+06,3.16447e+08,-2.9141e+08,-4.32049e+08,-3.93619e+08,-1.09323e+09,0.00102347,0.000158035,-6.68279e-26
0,2.23932e+09,3.2263e+07,3.26042e+08,-6.97892e+09,-8.79926e+08,6.65252e+07,1.67414e+07,0.0009413,0.000137052,-6.19931e-25
0,1.952e+09,-2.62814e+07,3.19847e+08,2.68534e+09,7.16608e+08,4.06539e+08,-8.99594e+08,0.000946393,0.000155072,2.59503e-24
0,2.11966e+09,-1.4716e+07,3.36494e+08,-4.86602e+09,2.19695e+07,-3.4083e+08,-4.46365e+08,0.000931405,0.000147859,-3.32957e-24
0,1.99799e+09,-3.52569e+07,3.20393e+08,-1.33329e+09,6.67208e+08,1.52177e+08,-1.01941e+09,0.000983066,0.000157643,-1.79072e-25
0,1.94978e+09,2.00828e+07,2.74037e+08,4.13211e+09,-8.75415e+08,-1.86629e+08,-1.19245e+09,0.0010496,0.000147519,1.79069e-23
0,1.90982e+09,-5.28744e+07,3.00766e+08,2.80231e+08,9.79474e+08,5.32127e+08,-1.25873e+09,0.00101626,0.000160045,3.21431e-26
0,2.06756e+09,1.36376e+07,3.13232e+08,-1.96176e+09,1.53987e+07,-5.19683e+08,-7.03497e+08,0.000957524,0.000145063,-2.93997e-25
0,1.78287e+09,5.04351e+07,2.97764e+08,-3.96227e+09,-1.27012e+09,-6.49225e+08,-8.7415e+08,0.000983142,0.000164199,-7.88095e-24
0,2.0108e+09,-6.93935e+07,3.14274e+08,-1.03903e+10,6.99098e+08,-2.50154e+08,-9.2173e+08,0.00098017,0.000153194,-1.2002e-22
0,1.94144e+09,6.75111e+07,3.16376e+08,-5.51212e+09,-7.13367e+08,2.55428e+08,-3.63351e+08,0.00101835,0.00016595,-1.29825e-23
0,1.90485e+09,4.17002e+07,3.2341e+08,6.01138e+09,4.74863e+08,-1.26083e+08,-8.9969e+08,0.00100201,0.000170123,3.01252e-23
0,2.05008e+09,2.43337e+07,2.97699e+08,-1.94139e+08,-2.81898e+07,5.65095e+08,6.04442e+08,0.00101088,0.000146793,8.9602e-27
0,2.07014e+09,-4.30862e+07,3.05036e+08,-5.5031e+09,1.69526e+09,5.88193e+08,-8.50222e+07,0.000911487,0.000134308,6.64434e-24
0,1.9356e+09,-2.91646e+07,3.20406e+08,-8.21439e+09,-3.78322e+08,-3.28522e+08,-7.14809e+08,0.000993963,0.000164534,-5.25484e-23
0,2.10445e+09,-2.57268e+06,3.36181e+08,-4.43948e+09,9.15033e+07,-1.60085e+08,-5.46874e+08,0.000921882,0.000147268,-3.09133e-24
0,1.99976e+09,4.857e+06,3.14356e+08,-1.85263e+09,-1.1236e+08,-4.21443e+08,-1.15614e+09,0.00100916,0.000158636,-3.60576e-25
0,1.93251e+09,-3.61261e+07,2.98079e+08,-1.92232e+09,6.00582e+07,9.49449e+07,-1.21047e+09,0.00102315,0.000157816,-8.51676e-25
0,1.97177e+09,-1.46928e+07,3.14232e+08,7.41453e+08,-4.10943e+08,1.91236e+08,-1.22383e+09,0.00101663,0.000162017,1.5589e-27
0,1.97953e+09,1.19672e+07,3.32371e+08,8.36259e+07,5.03915e+08,-1.07707e+08,-7.9907e+08,0.000940898,0.000157981,1.03376e-28
0,2.07487e+09,4.00268e+07,3.17238e+08,8.18242e+09,-5.43352e+08,8.74352e+07,-7.5701e+08,0.000969277,0.000148198,3.64527e-23
0,1.91146e+09,7.0023e+06,3.28712e+08,-3.55974e+09,-1.16431e+09,-6.47961e+08,-7.28891e+08,0.000993209,0.000170801,-2.67658e-24
0,2.0964e+09,8.34126e+06,3.39726e+08,1.61942e+09,2.05422e+08,-8.39461e+07,-4.35302e+08,0.000918186,0.000148794,1.059e-25
0,2.11351e+09,-2.58968e+06,3.43094e+08,-8.85748e+08,-2.34525e+07,-7.24059e+07,-3.39064e+08,0.000948625,0.000153994,-1.40353e-26
0,1.96292e+09,4.22561e+07,3.19096e+08,2.29428e+09,8.22069e+08,-4.15798e+08,-8.63156e+08,0.000949355,0.000154328,6.23916e-25
0,1.97684e+09,3.27969e+07,2.86579e+08,2.45326e+09,-5.08622e+07,-6.14798e+08,-1.03363e+09,0.000995545,0.000144323,1.34553e-24
0,1.91214e+09,-3.49805e+07,3.17337e+08,-6.68586e+09,7.07573e+08,2.74346e+07,-8.63371e+08,0.000968162,0.000160675,-3.39513e-23
0,2.12757e+09,-1.62237e+07,3.4041e+08,3.13834e+09,3.03484e+08,1.74242e+08,-9.18848e+07,0.000968372,0.000154939,3.47581e-25
0,1.98039e+09,-2.43595e+07,2.98654e+08,3.53111e+09,-8.00559e+08,3.84386e+08,-8.04014e+08,0.0010672,0.000160939,5.36593e-24
0,2.14929e+09,2.8968e+07,3.18505e+08,7.44891e+09,-1.25386e+09,2.04826e+08,-7.10502e+08,0.00100216,0.000148511,2.66669e-23
0,1.83924e+09,3.85608e+07,3.07957e+08,-3.51271e+09,-2.36358e+09,-1.6213e+08,-8.01878e+08,0.00103979,0.000174099,-3.89636e-23
0,2.01517e+09,1.85759e+07,3.18738e+08,5.2303e+09,-8.32849e+08,-4.2532e+08,-1.04178e+09,0.00102959,0.000162849,2.48617e-23
0,1.99466e+09,1.02987e+07,3.14721e+08,9.62864e+08,-5.06531e+08,-8.73459e+08,-1.08342e+09,0.00103822,0.000163813,-5.33714e-25
0,2.22207e+09,-3.11395e+07,3.1384e+08,1.58451e+09,-7.53971e+08,-4.43255e+08,6.20602e+07,0.000881779,0.00012454,7.15226e-26
0,1.74844e+09,4.60643e+06,2.8858e+08,4.1602e+09,1.85617e+09,-1.29956e+08,-1.29322e+09,0.000975448,0.000160998,1.61538e-23
0,1.98708e+09,5.28582e+06,3.09122e+08,5.88427e+08,-7.82727e+07,2.04568e+08,-1.30219e+09,0.00101682,0.000158182,-1.51083e-25
0,2.00784e+09,6.96147e+06,3.29806e+08,-1.83576e+08,5.55824e+08,-2.29925e+07,-8.64835e+08,0.000959425,0.000157595,3.14826e-27
0,1.93062e+09,-6.70737e+06,3.06979e+08,3.12782e+07,2.18179e+08,-2.05637e+08,-1.14983e+09,0.000994619,0.00015815,1.23594e-26
0,2.03033e+09,-8.99969e+06,3.11463e+08,-2.673e+09,-1.034e+09,-5.17798e+06,5.10251e+08,0.001008,0.000154632,9.61009e-25
0,2.04849e+09,-1.53525e+07,3.34113e+08,-4.17521e+09,-1.62278e+08,-3.09766e+08,-7.13668e+08,0.000958854,0.000156391,-4.21343e-24
0,1.91304e+09,5.04576e+07,3.27042e+08,-3.08619e+09,-1.64367e+09,-2.30452e+08,-3.41527e+08,0.000976589,0.000166951,-5.22385e-24
0,2.07544e+09,4.2507e+07,3.29321e+08,3.31579e+09,9.69618e+08,-3.54959e+08,-5.4333e+08,0.000921089,0.000146154,6.07076e-25
0,1.94296e+09,-8.62655e+06,2.62568e+08,-1.51051e+09,-1.60669e+09,8.51163e+07,-1.21651e+09,0.00111737,0.000150999,-6.48107e-24
0,2.19333e+09,1.15939e+07,3.19463e+08,3.83511e+09,-1.67878e+09,2.38154e+08,-6.76999e+08,0.00102865,0.000149826,7.40014e-24
0,1.96295e+09,-3.55657e+06,3.21689e+08,1.05926e+09,-3.48535e+08,1.45605e+08,-1.16493e+09,0.0010274,0.000168371,4.57861e-26
0,2.13368e+09,9.10977e+06,3.28988e+08,1.58653e+08,-5.00042e+08,2.72854e+08,-8.17279e+08,0.000984352,0.000151775,5.22876e-26
0,1.88364e+09,5.07051e+07,3.11932e+08,1.04875e+10,-1.63654e+07,6.24548e+07,-1.15428e+09,0.000997849,0.000165245,2.19423e-22
0,2.13817e+09,1.42356e+07,3.33131e+08,5.29914e+09,-4.2523e+08,1.45873e+08,-6.19156e+08,0.000957441,0.000149171,6.33294e-24
0,2.11279e+09,-2.19321e+07,3.36376e+08,-6.69358e+09,-2.23485e+08,-6.0269e+08,-6.35133e+08,0.000982703,0.000156455,-1.42299e-23
0,2.03653e+09,4.06698e+06,3.14023e+08,-1.29308e+09,-4.74134e+08,-5.16994e+08,-1.0291e+09,0.00100304,0.000154665,1.27795e-26
0,2.31645e+09,1.13409e+07,3.30563e+08,2.00647e+09,-5.57026e+08,-6.17331e+07,-1.94062e+08,0.000916279,0.000130756,1.13744e-25
0,1.88433e+09,3.67908e+07,3.33254e+08,-1.3739e+09,-4.50321e+08,-4.29512e+08,-4.76785e+08,0.000960612,0.00016989,1.23256e-26
0,2.09723e+09,-2.67815e+06,3.43274e+08,-1.11589e+09,2.30976e+07,-9.40885e+07,-3.21067e+08,0.000940124,0.000153879,-2.95884e-26
0,2.09606e+09,4.67649e+06,3.30444e+08,2.50888e+09,-1.74659e+08,-1.46879e+08,-7.86883e+08,0.000969332,0.000152816,9.85419e-25
0,2.14189e+09,8.34465e+06,3.16956e+08,7.77485e+08,-1.48575e+09,3.73728e+08,-7.97838e+08,0.00102527,0.000151719,1.54039e-24
0,1.9944e+09,-4.49628e+07,3.12013e+08,-1.46088e+09,7.52949e+08,5.50442e+07,-6.0988e+08,0.0010529,0.00016472,-2.60338e-25
0,1.92424e+09,-2.16839e+07,3.18156e+08,-3.24063e+09,-7.26244e+08,-3.23782e+08,-9.54082e+08,0.00102609,0.000169655,-5.00506e-24
0,1.94915e+09,-7.07077e+07,3.06291e+08,-3.34703e+09,-1.72344e+09,-3.5671e+08,-7.79931e+08,0.000998731,0.000156942,-9.94266e-24
0,2.1477e+09,-1.4391e+07,3.10673e+08,-4.8682e+09,-1.79284e+09,-5.24e+08,-9.60995e+08,0.00101959,0.000147488,-1.37997e-23
0,2.02846e+09,1.25554e+06,3.21533e+08,-5.79022e+08,-5.74956e+08,2.65058e+08,-1.10668e+09,0.00103637,0.000164276,1.47058e-25
0,2.12024e+09,-2.10234e+06,3.31914e+08,-1.51062e+09,-4.00249e+08,1.5997e+08,-7.60943e+08,0.000987143,0.000154533,-2.3741e-25
0,2.18242e+09,-2.56061e+06,3.25288e+08,-2.10037e+09,-1.58319e+09,-3.30273e+08,-7.35791e+08,0.00105115,0.000156673,-3.40912e-24
0,2.08113e+09,-700197,3.1692e+08,-1.79965e+09,-1.15576e+09,4.38355e+08,-8.2982e+08,0.00103038,0.000156909,-1.36289e-24
0,1.87581e+09,4.005e+07,3.01147e+08,2.82827e+09,-2.47832e+08,-7.29332e+08,-9.73627e+08,0.000986623,0.000158394,2.89044e-24
0,1.90573e+09,-3.23372e+07,3.16062e+08,-2.83748e+09,-1.77312e+08,1.33446e+08,-1.06974e+09,0.00100654,0.000166934,-3.54039e-24
0,1.90037e+09,-3.40062e+07,3.27719e+08,1.29333e+09,-9.52087e+08,2.2338e+08,-2.96756e+08,0.000943794,0.000162757,4.04563e-25
0,1.93919e+09,1.54571e+07,2.77555e+08,-1.36305e+09,-5.40521e+08,-2.78753e+08,-1.13199e+09,0.00104537,0.000149623,-4.20587e-25
0,2.01486e+09,742659,3.04225e+08,3.06728e+09,5.73105e+08,9.35842e+07,-7.69009e+08,0.000946722,0.000142946,2.15327e-24
0,2.01964e+09,9.41339e+06,3.36192e+08,4.91292e+09,-1.83346e+08,4.16672e+08,-5.50191e+08,0.000952444,0.000158545,5.30733e-24
0,2.14161e+09,-1.66836e+07,3.21743e+08,-3.77756e+09,-1.04024e+09,-1.49927e+08,-7.50009e+08,0.00101031,0.000151783,-4.73137e-24
0,1.93627e+09,5.39391e+07,3.23468e+08,1.16587e+09,1.31439e+09,-4.09405e+08,-8.68412e+08,0.000973644,0.000162654,-5.49623e-26
0,2.18492e+09,3.25438e+06,3.37232e+08,5.71913e+08,-6.70104e+08,-2.23267e+08,-5.12536e+08,0.000977806,0.00015092,1.09357e-26
0,2.06758e+09,-9.94361e+06,3.22336e+08,-5.41882e+09,-1.1873e+09,-1.82257e+08,-8.86961e+08,0.00102307,0.000159496,-1.87171e-23
0,1.90394e+09,8.68342e+07,3.08396e+08,4.90135e+09,2.1153e+09,-4.37667e+08,-9.15456e+08,0.000939397,0.000152161,2.0721e-24
0,1.85784e+09,5.94696e+07,3.15365e+08,5.81776e+09,1.52368e+09,-2.95276e+08,-1.1211e+09,0.000967306,0.000164198,2.66661e-23
0,2.14594e+09,9.92732e+06,2.85524e+08,-2.27936e+09,-4.44624e+08,4.82866e+07,2.17189e+08,0.000922637,0.00012276,1.24637e-25
0,2.27358e+09,2.75513e+07,3.31423e+08,-2.58128e+09,-4.58376e+08,3.2333e+08,8.63069e+07,0.000870659,0.000126918,-3.76643e-26
0,2.09615e+09,-2.25917e+06,3.434e+08,-6.73026e+08,4.59515e+07,-6.62564e+07,-3.07146e+08,0.000935645,0.000153282,-5.44202e-27
0,2.11838e+09,3.23018e+07,3.02477e+08,6.25183e+09,-2.02271e+09,2.1505e+08,-1.11102e+09,0.00106026,0.000151392,5.13717e-23
0,1.94966e+09,-2.64424e+07,3.20368e+08,-2.2731e+09,-2.78723e+08,2.85667e+08,-8.72776e+08,0.00100974,0.000165921,-1.41326e-24
0,2.06298e+09,2.66958e+07,3.14411e+08,7.67123e+09,-1.77207e+09,4.90321e+08,-1.0978e+09,0.00109446,0.000166802,8.26484e-23
0,1.94863e+09,-1.3705e+07,3.25926e+08,-1.3674e+09,6.31946e+08,1.06218e+08,-1.01725e+09,0.000960448,0.000160644,-2.09758e-25
0,2.06595e+09,2.08069e+07,3.17817e+08,3.91358e+09,-8.17726e+07,-7.14314e+07,-9.05175e+08,0.000966066,0.000148615,4.6163e-24
0,1.95122e+09,1.74688e+07,3.25216e+08,-3.59757e+09,1.50352e+09,-5.01556e+08,-8.48762e+08,0.00091579,0.000152638,-6.20361e-24
0,2.00006e+09,-1.31622e+07,3.18667e+08,-6.06455e+09,-6.65408e+08,-164520,-1.0201e+09,0.00100162,0.000159586,-2.93407e-23
0,1.89518e+09,-4.3015e+06,2.65615e+08,7.2183e+09,9.01074e+08,-1.01942e+08,4.58014e+08,0.00100384,0.000140691,-3.39423e-23
0,1.84185e+09,-5.32963e+07,2.73394e+08,-6.31394e+09,2.70909e+08,5.26442e+08,-1.15355e+09,0.00103228,0.000153226,-5.80203e-23
0,1.95491e+09,2.57127e+07,3.23896e+08,-4.91907e+09,-4.93514e+08,-6.62579e+08,-3.1472e+08,0.000996484,0.0001651,-1.02928e-24
0,1.72773e+09,-6.65005e+07,3.04405e+08,-4.1108e+08,7.17519e+08,2.69226e+08,-6.70209e+08,0.00097061,0.000171009,-1.12867e-28
0,1.96165e+09,2.91512e+07,3.11004e+08,1.94186e+09,2.21918e+08,-7.01836e+08,-1.16032e+09,0.00098799,0.000156638,3.78383e-25
0,2.03022e+09,1.58087e+07,3.29761e+08,5.7294e+09,5.66234e+08,3.81642e+06,-8.0666e+08,0.000928205,0.000150765,1.20879e-23
0,2.09686e+09,-1.57301e+06,3.43509e+08,-1.62632e+08,4.63545e+07,-3.63134e+07,-2.95655e+08,0.000933602,0.000152943,2.08998e-28
0,1.99899e+09,-3.05492e+07,3.23015e+08,-2.9739e+09,-3.00039e+08,4.60492e+08,-7.79402e+08,0.00101757,0.000164427,-2.82878e-24
0,2.02138e+09,1.18758e+07,3.15288e+08,3.11073e+09,-1.64805e+09,5.38773e+08,-1.1152e+09,0.00112236,0.000175062,1.41144e-23
0,1.87689e+09,-2.85601e+07,3.09277e+08,-3.02224e+09,7.02553e+08,4.622e+08,-1.16544e+09,0.000984006,0.000162146,-3.53383e-24
0,1.88822e+09,-3.01858e+07,2.80726e+08,-1.0147e+09,1.57568e+08,2.90279e+08,-1.14465e+09,0.00103202,0.000153433,8.25765e-26
0,1.996e+09,456243,3.20311e+08,-4.13076e+09,-3.02461e+08,4.86079e+07,-8.54999e+08,0.000981606,0.000157525,-6.8499e-24
0,2.13633e+09,1.17651e+07,3.24093e+08,2.79001e+09,-1.02045e+09,3.14565e+08,-9.12185e+08,0.00100843,0.000152984,2.35074e-24
0,1.95711e+09,2.51506e+07,3.23199e+08,-4.3355e+09,-3.82476e+08,-5.06566e+08,-3.14109e+08,0.000994169,0.000164178,-1.63307e-24
0,2.04657e+09,3.07914e+07,3.30658e+08,6.7133e+09,6.24724e+08,2.63391e+08,-7.86941e+08,0.000937721,0.000151505,2.10528e-23
0,2.03285e+09,1.66125e+06,3.32346e+08,-2.88715e+09,1.17568e+08,-6.89884e+07,-7.50608e+08,0.000944103,0.000154349,-1.47744e-24
0,1.7874e+09,1.91144e+07,2.73615e+08,9.78177e+09,-1.26659e+09,-3.5275e+08,-7.57086e+08,0.00104074,0.000159316,2.38455e-22
0,1.98792e+09,5.30131e+07,3.10208e+08,7.64171e+09,-3.33066e+08,-2.05946e+08,-1.23522e+09,0.00104566,0.000163172,8.86235e-23
0,1.9133e+09,-3.82417e+07,2.80697e+08,-3.62634e+09,1.18953e+09,4.13769e+08,-1.23478e+09,0.000981753,0.000144031,-5.90417e-24
0,1.95666e+09,-959567,3.25019e+08,-9.67466e+08,-8.54789e+07,6.08742e+07,-1.14092e+09,0.00101246,0.000168178,5.945e-26
0,1.97767e+09,5.60514e+07,3.02346e+08,9.76881e+09,-5.60793e+08,-8.01108e+08,-9.1204e+08,0.00103311,0.000157942,1.4688e-22
0,1.87556e+09,2.45133e+07,2.86915e+08,-6.19774e+09,-8.2905e+07,-3.45379e+08,7.70227e+08,0.00100236,0.000153336,3.18242e-23
0,1.98751e+09,-1.0915e+07,3.2071e+08,-2.94296e+09,4.2735e+08,1.17772e+08,-8.38562e+08,0.00095675,0.000154383,-1.99057e-24
0,2.00381e+09,-7.85937e+06,3.10866e+08,-1.71589e+09,-1.54702e+09,3.0552e+08,-1.2888e+09,0.00112929,0.000175195,-5.06968e-24
0,1.92701e+09,-4.90433e+07,3.23032e+08,-2.69973e+09,7.43835e+08,2.76174e+08,-7.81613e+08,0.000993021,0.000166463,-1.64283e-24
0,1.87716e+09,-3.3367e+07,3.12919e+08,-1.05853e+09,1.17654e+09,6.02343e+08,-1.07136e+09,0.000978912,0.000163183,-7.03049e-27
0,1.96409e+09,-6.18669e+06,2.98402e+08,-2.08861e+09,-9.18447e+08,1.7268e+08,-1.35464e+09,0.0010885,0.000165376,-3.47058e-24
0,2.13768e+09,2.18788e+07,3.09992e+08,4.15422e+09,-6.91543e+08,2.02079e+08,-7.77153e+08,0.000983522,0.000142623,4.42708e-24
0,1.90345e+09,-1.21376e+07,2.86277e+08,8.13323e+09,1.01498e+09,1.23096e+08,7.76787e+08,0.00113421,0.000170584,-1.28007e-22
0,2.14471e+09,-2.806e+07,2.8002e+08,8.63709e+09,-8.89962e+08,-3.66168e+08,6.27652e+07,0.00102687,0.000134072,3.71089e-24
0,1.97055e+09,-4.4987e+07,3.23491e+08,-1.93674e+09,1.12424e+09,4.1986e+08,-8.10516e+08,0.00098529,0.000161748,-1.84505e-25
0,1.95453e+09,-3.27825e+07,3.0196e+08,-4.22499e+09,-6.00468e+08,5.1986e+07,-1.28075e+09,0.00108491,0.00016761,-2.03721e-23
0,1.98228e+09,6.73962e+06,3.30157e+08,2.47427e+09,1.94878e+08,8.7838e+07,-9.46128e+08,0.000972986,0.000162055,1.44947e-24
0,1.93729e+09,-1.43597e+07,3.09266e+08,6.46972e+09,1.84055e+09,2.37765e+08,-6.40738e+08,0.00103277,0.000164869,3.26742e-23
0,1.92063e+09,-1.32391e+07,3.32459e+08,1.34301e+08,1.88334e+08,-8.89438e+07,-8.93623e+08,0.0010016,0.000173376,-9.16335e-27
0,1.99541e+09,2.30787e+07,3.16112e+08,5.27143e+09,-1.29523e+09,-1.36169e+08,-1.14707e+09,0.00108157,0.000171342,4.18978e-23
0,1.78001e+09,-6.96351e+06,2.76688e+08,1.53561e+09,1.01897e+09,1.37274e+08,-1.22449e+09,0.0010293,0.000159997,1.362e-24
0,1.92816e+09,4.29046e+07,3.05056e+08,7.75144e+09,2.10106e+09,-5.49891e+08,-7.11591e+08,0.00102533,0.000162218,1.36152e-23
0,1.92623e+09,-2.90442e+07,2.93643e+08,1.55438e+08,-3.03532e+08,6.14378e+08,-1.10087e+09,0.00103749,0.00015816,-1.44559e-26
0,1.77227e+09,2.31775e+07,2.62968e+08,-1.16618e+09,-7.36426e+08,2.02642e+08,1.0631e+09,0.00105228,0.000156136,2.5607e-25
0,1.86107e+09,-4.34836e+07,2.69171e+08,-3.33627e+09,1.31177e+08,5.75231e+08,-1.66469e+09,0.00106898,0.000154608,-1.01599e-23
0,2.31618e+09,2.45293e+06,3.24003e+08,1.52826e+09,-1.22713e+09,3.00569e+07,-2.68997e+08,0.000928558,0.000129893,3.48507e-25
0,1.96211e+09,4.22428e+07,3.17836e+08,4.02553e+09,-3.88109e+08,-6.01385e+07,-1.02515e+09,0.00102637,0.000166258,1.03065e-23
0,2.03491e+09,4.12325e+07,3.13352e+08,2.86154e+09,-1.13115e+08,-3.818e+06,-8.69403e+08,0.00101616,0.000156477,2.31075e-24
0,1.93715e+09,-1.37847e+07,3.29408e+08,7.61633e+08,3.71698e+08,2.60131e+07,-1.02154e+09,0.000998388,0.000169773,-1.63214e-26
0,1.6531e+09,-2.55224e+07,2.94662e+08,2.20759e+09,3.68299e+08,1.33707e+08,-5.7944e+08,0.0010844,0.000193293,3.32156e-24
0,2.06122e+09,1.14233e+07,3.13139e+08,2.08497e+09,-1.91749e+09,-6.05091e+07,-1.19564e+09,0.0010951,0.000166367,1.05308e-23
0,1.7845e+09,4.20203e+07,2.79443e+08,6.61299e+09,-1.00315e+09,1.08633e+09,6.73342e+08,0.000999642,0.000156538,-8.1364e-23
0,1.94338e+09,5.09766e+07,2.82382e+08,3.81704e+09,-4.53435e+08,-3.1961e+08,-1.21961e+09,0.00103245,0.000150019,1.13824e-23
0,2.03955e+09,5.39818e+07,2.63437e+08,-4.24972e+09,3.96263e+08,5.75381e+08,4.58702e+08,0.00097294,0.000125669,4.27037e-24
0,1.93596e+09,-226279,3.2004e+08,3.3245e+09,7.33545e+08,4.94709e+08,-1.11231e+09,0.000986423,0.000163069,7.19536e-24
0,2.16335e+09,-1.36325e+07,3.16424e+08,-2.16508e+09,-1.24128e+09,5.99267e+07,-7.47649e+08,0.00100478,0.000146964,-1.94826e-24
0,1.93495e+09,-9.67542e+06,2.96062e+08,4.98659e+08,-3.83891e+09,-3.74178e+08,3.84075e+08,0.000937887,0.000143504,-3.63025e-25
0,1.85568e+09,-1.71746e+07,2.9412e+08,-4.65252e+09,1.15482e+09,2.8681e+07,-1.32437e+09,0.00104513,0.000165649,-2.9637e-23
0,2.02863e+09,-5.41842e+06,3.22441e+08,3.10952e+09,-1.40826e+09,-1.0689e+08,-6.67429e+08,0.000997138,0.00015849,5.84349e-24
0,1.88243e+09,4.09864e+07,3.02332e+08,6.02653e+09,9.98345e+08,1.23639e+08,-1.17309e+09,0.000972776,0.000156235,3.97785e-23
0,1.86555e+09,3.22134e+07,3.2578e+08,-1.67039e+09,-3.45091e+08,2.37572e+08,-5.0786e+08,0.000957437,0.000167197,-3.96583e-25
0,1.59642e+09,-1.51151e+07,2.8651e+08,4.29545e+09,1.30922e+09,4.67571e+08,-7.73861e+08,0.00107597,0.000193105,5.3381e-23
0,2.02634e+09,-2.30775e+07,3.21062e+08,-3.64137e+07,-8.01205e+07,2.12513e+08,-1.07927e+09,0.00101547,0.000160896,1.2215e-26
0,2.02076e+09,1.34827e+07,3.3366e+08,4.2919e+09,-1.21096e+08,3.15774e+08,-8.42419e+08,0.000995385,0.000164354,7.04614e-24
0,2.08964e+09,-2.96621e+07,3.29323e+08,-3.41731e+09,5.63456e+07,-2.9494e+08,-8.65004e+08,0.000976069,0.000153827,-2.86163e-24
0,1.98139e+09,-1.52236e+07,3.07217e+08,-1.91598e+09,-1.38271e+09,3.53937e+08,-1.00434e+09,0.00104252,0.000161645,-3.36684e-24
0,2.06456e+09,-6.49162e+06,3.17061e+08,-1.94137e+09,-1.95498e+09,-2.3131e+08,-1.0849e+09,0.00109633,0.000168368,-1.08751e-23
0,2.24839e+09,4.29001e+06,3.20199e+08,-2.46333e+09,-7.73895e+06,2.74743e+07,2.82006e+08,0.000908439,0.000129373,1.78953e-25
0,2.02059e+09,3.47034e+07,3.22012e+08,7.196e+09,-1.23867e+08,1.32317e+08,-9.73197e+08,0.000968722,0.000154381,3.5804e-23
0,2.02601e+09,4.52279e+06,2.84533e+08,-3.02929e+09,-1.02921e+09,1.01731e+08,5.12679e+08,0.000969726,0.000136188,9.56446e-25
0,2.0285e+09,-6.92624e+07,2.74955e+08,-3.58826e+09,2.14341e+08,3.79597e+08,-6.76625e+08,0.00113695,0.00015411,-5.96887e-24
0,2.04817e+09,5.39322e+06,3.13839e+08,-9.3864e+08,-8.07582e+08,-2.65753e+08,-8.17364e+08,0.0010355,0.000158669,-4.26249e-25
0,1.93039e+09,-1.487e+07,3.27744e+08,5.11779e+09,8.872e+08,5.22436e+08,-8.7224e+08,0.000957364,0.000162542,1.88711e-23
0,1.70709e+09,1.92343e+07,2.88627e+08,1.08673e+10,-8.73129e+08,-1.97139e+08,1.90259e+08,0.00102711,0.00017366,-5.53793e-23
0,1.93867e+09,2.92359e+07,3.32657e+08,3.19526e+07,-5.29632e+08,1.56957e+08,-3.81699e+08,0.000967353,0.000165988,2.6275e-26
0,1.84531e+09,1.44052e+07,3.01017e+08,5.26763e+09,1.45821e+09,1.4036e+08,-1.29943e+09,0.000962381,0.000156989,3.19307e-23
0,1.93651e+09,-2.79264e+06,2.98555e+08,4.74978e+09,1.11125e+09,4.10372e+08,-9.087e+08,0.000939833,0.000144896,1.40904e-23
0,1.80163e+09,-2.74886e+06,2.97165e+08,-3.34961e+09,9.73313e+08,-2.42034e+08,-1.30874e+09,0.00102514,0.000169089,-1.34058e-23
0,1.99015e+09,1.60371e+07,3.28966e+08,3.87277e+09,-3.03886e+07,3.06953e+08,-1.02939e+09,0.000999939,0.000165287,6.90827e-24
0,2.0515e+09,-2.98656e+07,3.26689e+08,-1.19044e+09,1.08022e+08,-1.54591e+07,-9.18771e+08,0.00101053,0.000160921,-7.71648e-26
0,1.99798e+09,1.03396e+07,3.33331e+08,2.85912e+09,-1.06989e+08,3.40718e+08,-8.70138e+08,0.00101325,0.000169044,2.22674e-24
0,2.11241e+09,-2.07376e+07,3.17895e+08,-6.39966e+09,-1.96318e+09,-2.39116e+08,-1.01568e+09,0.00109019,0.000164062,-5.57652e-23
0,2.11846e+09,2.67254e+06,3.20934e+08,-1.13822e+09,-1.72209e+09,-2.79589e+08,-8.58871e+08,0.00106283,0.000161012,-3.47335e-24
0,1.96526e+09,-2.35369e+07,2.80331e+08,-4.77504e+09,2.57148e+07,-5.92537e+08,1.04226e+09,0.00109077,0.000155591,2.13083e-23
0,1.98663e+09,2.64746e+07,3.19625e+08,6.95306e+07,3.03327e+08,-2.30413e+07,-1.24348e+09,0.00101523,0.000163339,-1.3231e-26
0,1.91201e+09,2.18108e+07,2.78829e+08,2.44071e+09,-1.33472e+09,2.96837e+08,-1.32705e+09,0.00109107,0.000159111,9.9463e-24
0,2.03243e+09,-1.16854e+07,3.12783e+08,-2.32025e+09,-7.9809e+08,-3.14137e+08,-8.8743e+08,0.00101859,0.000156757,-1.51878e-24
0,1.9208e+09,1.8337e+07,2.72434e+08,4.93509e+09,-8.91073e+07,-2.71379e+08,-1.15058e+09,0.00103731,0.000147125,2.41019e-23
0,2.11609e+09,-2.06071e+07,3.23229e+08,-2.12209e+09,-5.48277e+08,-1.61886e+08,-8.40455e+08,0.000985342,0.00015051,-7.05502e-25
0,2.02505e+09,-245923,3.36847e+08,6.16182e+09,7.64339e+07,3.83006e+08,-6.62187e+08,0.000978288,0.000162728,1.63195e-23
0,1.79578e+09,-7.49594e+06,2.93918e+08,-2.65973e+09,2.00552e+09,-8.55808e+07,-1.4552e+09,0.00102432,0.000167653,-6.42841e-24
0,1.7692e+09,-9.53676e+06,2.925e+08,-1.04709e+09,1.50539e+09,-2.21698e+07,-1.44178e+09,0.00100748,0.000166565,-4.18727e-25
0,1.96899e+09,1.29707e+07,3.35325e+08,1.25155e+09,-3.93515e+08,-2.24606e+08,-5.65291e+08,0.000968441,0.000164929,1.50244e-25
0,2.01264e+09,1.42003e+07,3.32319e+08,3.72505e+09,-1.83552e+08,3.57211e+08,-9.19332e+08,0.00101451,0.000167512,5.28272e-24
0,1.93648e+09,7.12295e+06,3.28263e+08,2.47077e+09,1.51731e+08,1.77137e+08,-1.10626e+09,0.00101087,0.000171357,2.12956e-24
0,2.14857e+09,-4.52517e+07,3.19204e+08,-7.546e+09,7.98889e+07,9.65796e+07,-6.14147e+08,0.000964613,0.000143308,-1.90287e-23
0,2.24083e+09,1.01541e+06,3.21087e+08,-6.55707e+08,4.08678e+08,3.83789e+07,3.62148e+08,0.000933395,0.000133745,1.34631e-26
0,2.21536e+09,3.30498e+07,3.13782e+08,-4.98416e+09,-5.84131e+08,3.81478e+06,7.62227e+07,0.000975346,0.000138147,5.0771e-25
0,1.75807e+09,-2.7141e+06,2.52893e+08,-1.8036e+08,-2.10578e+09,5.52499e+07,6.10883e+08,0.000983245,0.000141437,-2.55291e-25
0,2.1602e+09,-3.21575e+07,3.32188e+08,-6.29245e+09,-2.04712e+07,-3.82888e+08,-6.64619e+08,0.000944832,0.000145293,-1.02953e-23
0,2.0742e+09,-2.1818e+07,3.16422e+08,-4.03959e+09,-7.28467e+08,-3.2654e+08,-7.94265e+08,0.00101368,0.000154638,-5.07746e-24
0,1.84217e+09,-4.38752e+07,3.18051e+08,3.2688e+09,-1.05522e+09,-3.64051e+08,-2.94626e+08,0.00100399,0.000173339,5.45756e-24
0,1.97136e+09,3.67427e+07,3.10921e+08,5.59099e+09,1.12842e+09,-4.63099e+08,-1.04571e+09,0.000960692,0.00015152,1.51568e-23
0,1.84893e+09,3.56664e+07,2.61466e+08,5.47352e+09,7.36073e+08,-2.61886e+08,-1.16009e+09,0.00104887,0.000148327,4.01339e-23
0,2.11853e+09,1.57627e+07,3.35538e+08,5.6418e+09,-3.34967e+08,4.43353e+08,-7.17596e+08,0.00100179,0.000158667,1.0408e-23
0,1.88463e+09,-5.02044e+07,3.03948e+08,-2.15882e+09,9.43835e+08,8.05843e+08,-1.17186e+09,0.00100259,0.000161695,-6.28313e-25
0,2.11135e+09,-2.36663e+07,3.23178e+08,-7.05306e+09,-1.25915e+09,-4.86392e+08,-7.67369e+08,0.00103696,0.000158724,-2.50376e-23
0,1.98946e+09,7.24299e+06,3.31486e+08,2.41474e+09,2.39635e+07,1.93859e+08,-9.32402e+08,0.00102432,0.000170672,1.59068e-24
0,1.94923e+09,2.70092e+07,2.6749e+08,-5.98112e+09,-1.05344e+09,-4.76088e+08,5.00055e+08,0.000957351,0.000131376,1.85591e-23
0,2.058e+09,4.04076e+07,3.18905e+08,7.66987e+09,-6.73869e+08,4.49881e+08,-1.13982e+09,0.00103334,0.000160126,5.83465e-23
0,1.92112e+09,3.53234e+06,3.03955e+08,5.87535e+09,-4.54358e+08,4.78549e+08,-1.3091e+09,0.00104224,0.000164901,4.29199e-23
0,2.02605e+09,-2.41707e+07,3.22879e+08,-3.86358e+09,264852,3.76171e+07,-1.02844e+09,0.000974569,0.000155311,-5.67495e-24
0,1.87717e+09,-4.10523e+07,3.15106e+08,4.92262e+09,-1.57841e+08,-1.56702e+08,-4.31402e+08,0.00102621,0.000172262,1.03062e-23
0,1.99685e+09,4.92793e+06,3.31301e+08,1.62157e+09,-2.57018e+08,1.90186e+08,-9.97829e+08,0.00103218,0.000171251,3.80766e-25
0,2.13449e+09,-3.63263e+06,3.37382e+08,3.85189e+08,-3.97032e+08,-2.05378e+08,-5.82225e+08,0.000985764,0.000155812,-1.12135e-26
0,1.84538e+09,5.23977e+07,2.53165e+08,6.53325e+09,7.76981e+08,-6.27156e+08,-1.14115e+09,0.00108185,0.000148418,7.11475e-23
0,1.86211e+09,-3.78123e+07,3.17702e+08,-8.36469e+09,4.72131e+08,1.04491e+08,-1.09594e+09,0.00100985,0.000172294,-1.17165e-22
0,2.01369e+09,2.37186e+07,3.20095e+08,7.74511e+09,-8.63483e+08,4.38219e+08,-1.073e+09,0.00103362,0.000164303,6.28229e-23
0,1.99561e+09,-1.12318e+07,3.06865e+08,4.77261e+09,-2.04747e+09,7.64635e+08,-3.64653e+08,0.00107078,0.000164655,4.12194e-24
0,2.0093e+09,5.47807e+07,2.7764e+08,-1.86624e+09,-2.40542e+08,5.66352e+08,4.49543e+08,0.00111007,0.000153387,3.14853e-25
0,2.21241e+09,-7.87323e+06,3.05673e+08,7.69892e+08,1.7329e+09,-2.00443e+08,4.92209e+08,0.00107419,0.000148413,-7.23142e-25
0,1.85979e+09,2.42786e+07,3.16255e+08,2.44755e+09,2.75425e+08,-5.19949e+08,-1.0926e+09,0.00104225,0.000177234,2.24706e-24
0,1.8771e+09,3.76549e+07,3.07042e+08,4.41592e+09,6.43753e+08,-5.54641e+08,-1.41145e+09,0.00102775,0.000168113,1.84835e-23
0,1.95598e+09,-2.91621e+07,3.17735e+08,4.83899e+09,3.98673e+08,-5.22559e+07,-3.30509e+08,0.00104481,0.000169723,6.25883e-24
0,2.02426e+09,-1.21902e+06,3.11504e+08,4.83721e+09,-1.34912e+09,4.51943e+08,-1.11669e+09,0.00107897,0.000166037,2.22588e-23
0,2.29143e+09,2.27376e+07,3.08872e+08,6.5138e+09,1.72682e+08,-2.12669e+08,-2.1062e+08,0.000983055,0.00013251,3.11874e-24
0,2.10171e+09,-4.97466e+07,3.15479e+08,-6.59758e+09,8.65992e+07,-6.65385e+07,-7.6173e+08,0.00096885,0.00014543,-1.80388e-23
0,1.9348e+09,-5.83585e+07,3.13259e+08,-1.81736e+09,8.70031e+08,7.19475e+08,-8.49122e+08,0.000996399,0.000161325,-1.54753e-25
0,2.20983e+09,-7.42205e+06,3.36055e+08,-2.1266e+09,-6.84166e+08,-1.93439e+08,-6.05284e+08,0.000990772,0.00015067,-4.99228e-25
0,1.77609e+09,3.46309e+07,2.90088e+08,-2.47947e+09,-3.46794e+09,-7.13409e+07,-8.38185e+08,0.00112889,0.00018438,-1.25322e-22
0,1.92249e+09,4.58255e+07,3.15943e+08,1.51783e+09,9.29525e+08,-3.25775e+08,-1.21415e+09,0.0010313,0.000169484,3.81612e-25
0,2.15652e+09,3.42957e+07,3.2094e+08,5.93995e+09,-5.44008e+08,-2.71641e+08,-7.6193e+08,0.00101128,0.000150502,1.59198e-23
0,2.10642e+09,-5.45191e+07,3.17856e+08,-1.11344e+10,-3.52055e+08,-2.61661e+08,-8.65618e+08,0.000983451,0.000148401,-1.02465e-22
0,2.16566e+09,-3.42665e+07,3.30578e+08,-5.01095e+09,1.26071e+08,-2.32977e+08,-5.77506e+08,0.000939621,0.000143429,-4.53474e-24
0,2.00315e+09,1.72282e+07,3.25179e+08,3.11805e+09,-6.36319e+08,5.40454e+08,-1.11462e+09,0.00106528,0.000172931,3.61659e-24
0,2.01171e+09,-2.59992e+07,3.2245e+08,3.60011e+09,4.93968e+08,-2.05207e+08,-8.31357e+07,0.00104787,0.00016796,-4.01186e-26
0,1.76973e+09,-4.05949e+07,3.13461e+08,-5.33674e+09,1.55739e+09,2.93634e+08,-1.25331e+09,0.000974233,0.00017256,-3.07205e-23
0,2.00967e+09,2.86145e+07,2.96316e+08,-7.45373e+09,-2.61053e+09,-1.22106e+08,-4.25957e+08,0.00110823,0.000163404,-9.37768e-23
0,2.10164e+09,738881,3.43463e+08,5.44275e+08,-3.35487e+07,5.04708e+07,-3.05428e+08,0.000949624,0.000155193,2.39413e-27
0,1.89844e+09,1.82845e+07,3.13622e+08,2.17703e+09,-6.85099e+08,-4.82441e+08,-1.11736e+09,0.00104801,0.000173131,2.35737e-24
0,2.19074e+09,-6.6296e+06,3.29351e+08,-2.67948e+09,-1.06925e+09,-1.53501e+08,-8.92595e+08,0.00102815,0.00015457,-2.53068e-24
0,1.8961e+09,4.03142e+07,3.11763e+08,4.96435e+09,2.48385e+07,-3.91069e+08,-1.31227e+09,0.00104119,0.000171197,2.91487e-23
0,2.0789e+09,-1.92365e+06,3.12672e+08,1.78178e+09,-1.887e+09,4.00442e+08,-1.12076e+09,0.00108836,0.000163692,9.07917e-24
0,1.8693e+09,-5.79776e+07,2.85648e+08,-7.1735e+08,-4.62772e+07,8.37503e+08,-1.42101e+09,0.00109828,0.000167829,6.3046e-25
0,2.1888e+09,-1.30619e+07,3.38461e+08,-5.35203e+09,-4.50559e+08,-4.66825e+08,-4.99933e+08,0.00097639,0.000150982,-3.95216e-24
0,1.97523e+09,-1.09151e+07,3.27994e+08,-3.16607e+09,2.40807e+08,1.05516e+08,-9.50917e+08,0.000964046,0.000160083,-3.00413e-24
0,1.96426e+09,7.71029e+06,3.18825e+08,8.66088e+08,-5.82662e+08,3.18328e+08,-1.3403e+09,0.00107415,0.000174349,2.2456e-25
0,2.08225e+09,-1.46379e+07,3.25923e+08,-2.28573e+09,-7.71797e+08,-1.68345e+08,-1.09949e+09,0.00103628,0.000162202,-1.89009e-24
0,2.09446e+09,-5.60135e+06,2.71631e+08,-1.72538e+09,-2.43786e+09,-1.40299e+08,-1.00849e+09,0.00111092,0.000144075,-1.56065e-23
0,2.13681e+09,-4.99757e+06,3.25093e+08,4.50715e+08,-1.65554e+09,2.25013e+08,-9.00466e+08,0.001088,0.000165528,1.90136e-24
0,1.80476e+09,-4.48307e+07,3.20251e+08,-1.30034e+09,1.68759e+09,3.47235e+08,-9.92478e+08,0.000965268,0.000171285,2.96434e-25
0,1.80869e+09,5.04871e+06,3.11764e+08,2.96678e+09,-9.59413e+08,-2.78619e+08,-1.01257e+09,0.00103804,0.000178928,9.69316e-24
0,1.99478e+09,1.55154e+07,3.05243e+08,-1.11744e+10,-2.09909e+09,-5.57798e+08,-2.55925e+08,0.00106274,0.000162621,-2.31162e-23
0,1.99574e+09,2.96414e+07,3.16003e+08,4.32121e+09,-1.08572e+09,-3.18954e+08,-1.15151e+09,0.00107623,0.00017041,2.27973e-23
0,1.86214e+09,3.37271e+07,3.14358e+08,3.31245e+09,4.6533e+08,-4.97917e+08,-1.21458e+09,0.00104591,0.000176566,7.23271e-24
0,2.06432e+09,3.65964e+07,2.91078e+08,-1.16696e+10,6.37985e+08,7.07179e+08,2.6655e+08,0.000972895,0.000137182,5.49001e-23
0,1.87884e+09,-6.57362e+07,2.96687e+08,-2.11602e+09,1.79243e+08,5.27315e+08,-1.31495e+09,0.00108456,0.000171263,-1.43719e-24
0,2.01741e+09,-2.84112e+07,3.23718e+08,1.05353e+08,-1.29251e+08,1.6394e+08,-8.53785e+08,0.00100383,0.000161077,-2.14275e-27
0,2.22775e+09,-301873,3.17947e+08,-3.64043e+09,-1.87192e+09,-4.23447e+08,-7.96052e+08,0.00102036,0.000145627,-7.31855e-24
0,1.91778e+09,-4.19983e+07,2.96593e+08,-2.95784e+09,-2.73763e+09,-3.08831e+07,-8.79804e+08,0.00110736,0.000171258,-5.17825e-23
0,1.79351e+09,-1.28542e+06,2.98262e+08,-8.21049e+08,-3.44772e+08,4.65111e+08,-1.26559e+09,0.00105473,0.000175402,5.99922e-25
0,2.12327e+09,-2.19575e+07,3.359e+08,-6.97693e+09,6.49496e+07,-6.10962e+08,-5.65019e+08,0.000939894,0.00014869,-1.311e-23
0,1.95976e+09,2.89456e+07,2.7673e+08,-1.16698e+10,2.57604e+07,-3.34981e+08,3.43872e+08,0.00107161,0.000151318,1.05772e-22
0,2.14647e+09,-5.38524e+07,3.11585e+08,-3.50517e+09,5.34385e+08,4.53832e+08,-3.31694e+08,0.000898822,0.000130475,-3.44136e-25
0,1.9597e+09,-2.00546e+07,3.12302e+08,-1.18614e+10,-8.19174e+08,-9.34012e+08,-4.15784e+08,0.00101266,0.000161379,-4.86484e-23
0,1.87712e+09,-1.18228e+07,3.09366e+08,4.03944e+09,-1.71379e+09,-1.23515e+08,-8.51821e+08,0.00107295,0.000176832,3.17372e-23
0,1.89936e+09,-2.46484e+07,3.09973e+08,-4.45071e+09,-1.15261e+09,-9.54265e+07,-1.01715e+09,0.00104424,0.000170419,-2.23572e-23
0,2.06831e+09,-3.7632e+07,3.03949e+08,-6.95478e+08,-7.74643e+08,4.2048e+08,-1.05269e+09,0.00101747,0.000149523,2.205e-25
0,1.85439e+09,-3.04803e+07,3.20318e+08,-6.8897e+09,5.55279e+07,-6.88446e+08,-7.46114e+08,0.000931255,0.00016086,-3.06533e-23
0,1.63445e+09,2.24587e+07,2.8961e+08,4.25032e+09,-5.30591e+08,-5.84706e+08,-1.15628e+09,0.00101959,0.000180662,3.51072e-23
0,1.99757e+09,-6.01198e+07,3.03668e+08,-3.97121e+09,-1.33428e+08,5.00158e+08,-1.17313e+09,0.0010698,0.000162629,-1.16648e-23
0,2.02551e+09,-2.23815e+07,3.10425e+08,-2.39627e+08,-1.41085e+09,7.65844e+07,-1.25825e+09,0.00107655,0.00016499,-6.4723e-26
0,1.77411e+09,-2.28181e+07,3.09167e+08,-7.34218e+09,-4.40169e+08,-4.65987e+08,-2.97349e+08,0.000873094,0.000152151,-9.39402e-24
0,2.05911e+09,-2.72208e+07,3.31647e+08,-5.888e+09,-2.63057e+08,-4.52863e+08,-8.9808e+08,0.00099964,0.000161005,-1.75886e-23
0,1.79353e+09,-1.38462e+07,3.18531e+08,-4.71112e+09,1.51811e+07,-5.53976e+08,-4.12122e+08,0.000884208,0.000157036,-4.83807e-24
0,1.9271e+09,-3.0642e+07,3.13904e+08,-1.05542e+09,4.50998e+07,3.15813e+07,-1.47029e+09,0.00105656,0.000172103,3.20441e-25
0,2.0103e+09,-3.03185e+07,3.17053e+08,-1.27479e+10,2.2633e+07,-9.28637e+08,-3.84221e+08,0.000989791,0.000156104,-9.18657e-23
0,1.72122e+09,-3.57914e+07,3.0259e+08,-2.68247e+09,-5.33994e+08,-3.19629e+08,-9.11254e+08,0.00102118,0.000179522,-4.14964e-24
0,1.69702e+09,1.10426e+07,3.03333e+08,1.11254e+09,-1.22169e+09,-4.18944e+08,-9.23767e+08,0.00103275,0.000184599,7.74528e-25
0,1.69523e+09,-1.6382e+07,3.09216e+08,-1.18212e+09,-1.35095e+08,-1.32298e+08,-6.30122e+08,0.000944544,0.000172289,-1.47888e-25
0,1.79176e+09,-3.07597e+07,2.84485e+08,-8.26969e+07,2.42519e+08,2.88304e+08,-1.36486e+09,0.00107095,0.000170039,-3.07259e-26
0,1.51363e+09,-4.02677e+07,2.4428e+08,1.0754e+08,8.85748e+08,4.57423e+08,-1.05644e+09,0.0010016,0.000161644,3.62667e-26
0,1.77223e+09,-7.42791e+07,2.72797e+08,-1.4e+09,-3.65155e+07,4.93575e+08,-8.98432e+08,0.00106258,0.000163561,-2.32173e-25
0,1.99148e+09,-3.36007e+07,3.07653e+08,1.69998e+09,-1.28315e+09,-3.17528e+08,-8.62785e+08,0.00109327,0.000168893,2.77095e-24
0,2.14421e+09,-1.46032e+07,3.30341e+08,5.04973e+07,-4.80632e+08,-1.62192e+08,-8.01315e+08,0.000989406,0.00015243,-3.04903e-26
0,1.62954e+09,-5.60481e+06,3.11216e+08,3.55214e+09,-1.94867e+07,2.33013e+08,-6.5007e+08,0.000914599,0.000174674,6.14483e-24
0,1.83081e+09,-5.11705e+07,3.00337e+08,-3.9323e+08,-7.84251e+07,-2.7093e+08,-9.21573e+08,0.00104869,0.000172034,8.02861e-26
0,1.78442e+09,1.5197e+07,2.74916e+08,-1.26056e+10,1.45043e+09,-1.6624e+08,-1.05019e+08,0.000978286,0.000150719,-5.11795e-23
0,1.85485e+09,-5.16094e+06,2.94664e+08,8.18488e+09,-1.26712e+09,-7.2216e+08,-9.82604e+08,0.00111638,0.000177349,2.30685e-22
0,1.8826e+09,7.70063e+06,3.06683e+08,-1.3965e+09,4.86709e+07,6.22108e+07,1.97012e+08,0.000851713,0.000138747,4.09894e-26
0,1.86834e+09,-3.50986e+07,3.03467e+08,-8.1436e+09,-9.71995e+08,5.26672e+07,-9.76637e+08,0.00102825,0.000167015,-1.1447e-22
0,2.03621e+09,-5.42123e+07,3.07781e+08,-5.45132e+09,2.73309e+08,4.84082e+08,-8.60839e+08,0.000987173,0.000149215,-1.32889e-23
0,1.97196e+09,-4.30074e+07,3.06772e+08,-4.34555e+09,-6.1721e+08,2.36817e+08,-1.14337e+09,0.00104227,0.000162143,-1.65474e-23
0,1.73777e+09,1.34302e+07,3.14392e+08,-5.98867e+09,-7.96612e+08,-7.78418e+08,-9.88934e+07,0.000916595,0.000165828,9.21836e-24
0,1.84411e+09,-2.02346e+07,3.12917e+08,5.71155e+09,1.75948e+08,-6.24421e+08,-3.54149e+08,0.00101311,0.00017191,1.10388e-23
0,1.74833e+09,-1.50102e+07,3.08906e+08,9.82728e+09,-6.86806e+07,-3.91444e+07,-7.30312e+08,0.000977172,0.000172653,1.50567e-22
0,1.72418e+09,-2.13197e+07,3.14467e+08,-4.71541e+09,2.19966e+08,-6.5221e+08,-6.44105e+08,0.000915432,0.000166962,-1.26069e-23
0,1.7098e+09,-4.20651e+07,2.8546e+08,6.72063e+09,3.05102e+08,-2.17025e+07,-9.72796e+08,0.00109543,0.000182888,1.25067e-22
0,1.72608e+09,-1.82471e+07,2.83166e+08,3.81763e+09,-1.36367e+09,-4.27759e+08,-9.69293e+08,0.00108845,0.000178562,3.95517e-23
0,1.73935e+09,-3.77637e+07,2.88043e+08,8.90248e+08,-7.13477e+08,-4.35853e+08,-6.34113e+08,0.00106583,0.000176506,3.77323e-27
0,1.8051e+09,-3.59459e+07,2.99541e+08,-5.47714e+08,-9.5261e+08,-2.26621e+08,-1.14137e+09,0.001029,0.000170754,-1.04755e-24
0,1.82527e+09,-1.20431e+07,3.09125e+08,1.22769e+10,7.46004e+07,-1.39113e+08,-5.78475e+08,0.00101407,0.000171742,2.25094e-22
0,1.40415e+09,-6.24471e+07,2.57024e+08,-4.23088e+08,1.56213e+09,-1.83629e+08,-7.35425e+08,0.00099059,0.000181323,9.59185e-25
0,1.72204e+09,-7.23754e+07,2.91352e+08,-2.67909e+09,6.83265e+08,-1.32485e+08,-1.03898e+09,0.00101318,0.00017142,-5.95733e-24
0,1.60776e+09,-6.23843e+07,2.76012e+08,5.50339e+09,6.67096e+08,-1.79158e+08,-8.26928e+08,0.00102657,0.000176235,5.38903e-23
0,1.53809e+09,-3.17497e+07,2.71377e+08,6.29612e+09,-3.14237e+08,-1.64102e+07,-7.43568e+08,0.000967418,0.000170689,7.29866e-23
0,1.63193e+09,-3.8498e+07,2.49007e+08,9.67991e+09,-5.81304e+08,6.61616e+08,-2.77312e+08,0.000952947,0.000145405,3.57437e-23
0,1.7525e+09,-2.44554e+07,2.70249e+08,1.24657e+10,-7.92516e+08,4.39022e+08,-1.47038e+08,0.000949924,0.000146485,2.3706e-23
0,1.86436e+09,-3.94497e+07,3.04228e+08,9.26168e+08,-3.71876e+07,-1.13626e+08,-5.94217e+08,0.000980513,0.000160001,4.24692e-26
0,1.80308e+09,-4.95702e+07,2.94e+08,-7.58703e+08,-4.41465e+08,6.63537e+06,-9.32042e+08,0.00104067,0.000169686,-8.32735e-26
0,2.0217e+09,-2.49835e+07,3.13605e+08,3.06278e+09,-1.02881e+09,-3.90394e+08,-4.80987e+08,0.00100364,0.000155684,3.62645e-24
0,1.90905e+09,-4.38295e+07,2.69629e+08,8.37001e+09,-1.1242e+09,-2.0767e+08,-8.78338e+08,0.00117583,0.000166072,2.14144e-22
0,1.87547e+09,-2.8607e+07,2.80357e+08,8.7186e+09,-8.40538e+08,5.76659e+08,-1.68768e+08,0.000941854,0.000140795,-5.22152e-26
0,1.70498e+09,-4.74245e+07,2.6651e+08,7.63483e+09,-7.85892e+08,-2.50394e+08,-9.23372e+08,0.00115063,0.000179857,2.54526e-22
0,1.71734e+09,-4.64438e+07,2.77317e+08,1.00515e+09,-1.20387e+08,-2.7608e+08,-5.50495e+08,0.00107965,0.000174342,1.2715e-25
0,1.58048e+09,-2.69635e+07,2.67649e+08,9.65158e+09,-4.53272e+08,-3.73762e+08,-8.98515e+08,0.00110617,0.000187325,5.69146e-22
0,1.78673e+09,-4.21991e+07,2.47863e+08,1.22084e+10,-9.53927e+08,8.38911e+08,-3.21747e+08,0.00102987,0.000142867,5.17903e-23
0,1.87776e+09,-9.65416e+06,2.74726e+08,1.73482e+10,-1.81252e+09,-5.92235e+07,-6.95507e+08,0.00112999,0.000165323,1.27691e-21
0,1.54479e+09,-5.58683e+07,2.77931e+08,2.89067e+09,5.72434e+08,-1.4429e+08,-8.08483e+08,0.000998479,0.000179641,7.76914e-24
0,2.05159e+09,-6.53415e+06,3.01488e+08,1.17993e+10,-4.23429e+07,-4.48573e+08,-7.60926e+07,0.00114394,0.000168105,2.84172e-23
0,1.732e+09,-1.95922e+07,2.98959e+08,8.1746e+09,-2.09519e+07,-6.3786e+08,-3.00926e+08,0.000960244,0.000165747,3.42758e-23
0,1.81473e+09,-4.89189e+07,3.00192e+08,2.71842e+09,-1.1722e+08,-6.23828e+08,-7.06935e+08,0.00105531,0.000174569,3.25647e-24
0,1.74597e+09,-3.11825e+07,2.91132e+08,1.01808e+10,3.16952e+08,-7.31409e+08,-3.62455e+08,0.00106089,0.000176899,1.04269e-22
0,1.87643e+09,-1.48496e+07,3.0013e+08,1.15037e+10,1.7138e+07,-6.55798e+08,-1.89837e+08,0.0010147,0.000162298,5.22048e-23
0,1.88357e+09,-2.32075e+07,2.99816e+08,9.51986e+09,9.27433e+07,-7.79008e+08,-1.75061e+08,0.00104211,0.000165878,2.72856e-23
