0,2.15498e+09,2.86652e+07,3.18765e+08,6.08911e+09,-8.48717e+08,2.78706e+08,-5.02368e+08,0.000941237,0.000139228,6.26207e-24
0,2.16584e+09,3.22481e+07,3.07964e+08,3.58532e+09,-6.64254e+08,-3.88543e+07,-6.172e+08,0.000985051,0.000140066,2.60544e-24
0,1.84616e+09,2.06611e+07,2.90075e+08,1.8016e+08,1.91645e+09,-1.18821e+08,-1.00704e+09,0.000949333,0.000149163,-2.26001e-26
0,2.32362e+09,6.01017e+06,3.25747e+08,2.21262e+09,-1.57118e+09,-127953,-3.52518e+08,0.000948801,0.000133012,1.21065e-24
0,2.22412e+09,-1.41977e+07,3.11545e+08,-1.35052e+09,-1.81099e+09,3.41405e+07,-6.90038e+08,0.00100451,0.000140707,-1.92625e-24
0,2.29434e+09,1.94088e+07,3.27176e+08,3.07428e+09,-7.62355e+08,-1.64508e+08,-3.24408e+08,0.000936137,0.000133494,7.43972e-25
0,2.26591e+09,1.6387e+07,3.08735e+08,8.07236e+09,-9.95208e+08,-1.00516e+08,-3.81171e+08,0.00103141,0.000140532,1.90349e-23
0,2.26289e+09,-1.38979e+07,3.2413e+08,-5.6728e+09,-8.8255e+08,6.07685e+07,-4.04228e+08,0.000930639,0.000133302,-4.29903e-24
0,2.22607e+09,7.98162e+06,3.01058e+08,8.50228e+09,-1.87406e+09,-2.33656e+08,-4.10141e+08,0.00102426,0.000138524,3.98086e-23
0,2.22214e+09,-5.75547e+06,3.04699e+08,-8.29854e+08,-1.67836e+09,9.00895e+07,-2.94614e+08,0.00104402,0.000143156,-7.81731e-25
0,2.02092e+09,-8.4062e+07,3.00124e+08,-3.28713e+09,-1.12404e+09,1.10113e+08,-3.23784e+08,0.000945935,0.00014048,-2.48867e-24
0,2.15151e+09,1.13674e+07,3.21748e+08,-1.03264e+07,-6.54821e+08,1.25982e+08,-4.27933e+08,0.000940654,0.00014067,1.75502e-26
0,1.94767e+09,1.64833e+07,3.06162e+08,9.57952e+09,4.03964e+07,-1.16983e+08,-1.95399e+08,0.000924719,0.00014536,1.64402e-23
0,2.21003e+09,-1.93738e+07,3.01891e+08,2.66314e+08,-2.19871e+09,-1.99251e+07,-3.3516e+08,0.00104393,0.000142601,5.75323e-25
0,2.17001e+09,1.81654e+07,3.40744e+08,8.70705e+09,1.09317e+08,6.79648e+08,-3.07879e+08,0.000924273,0.000145133,1.22672e-23
0,2.13917e+09,1.94412e+07,3.30298e+08,9.38203e+09,-6.67971e+08,4.43777e+08,-5.57853e+08,0.000948004,0.000146376,2.62519e-23
0,2.22286e+09,-1.02316e+07,3.27695e+08,4.26147e+09,-5.73896e+08,1.50875e+08,-7.28624e+07,0.000910343,0.000134203,1.19102e-25
0,2.05386e+09,4.22966e+07,3.23003e+08,9.38419e+09,2.2217e+08,2.35153e+08,-6.59992e+08,0.000925247,0.00014551,4.13275e-23
0,1.9635e+09,1.77872e+07,3.0719e+08,1.14473e+10,-3.18015e+08,4.13511e+08,-4.3928e+08,0.000955869,0.000149546,6.58762e-23
0,2.13016e+09,5.22478e+07,3.16947e+08,9.3251e+09,-3.72897e+08,1.94888e+08,-7.62885e+08,0.000966593,0.00014382,4.60256e-23
0,2.02565e+09,4.7043e+06,3.17734e+08,8.74588e+09,-1.41682e+09,2.18563e+08,-6.4767e+08,0.000952656,0.000149429,4.07905e-23
0,2.14618e+09,-1.62353e+07,3.20497e+08,1.16888e+10,-4.89359e+08,2.76414e+08,1.00634e+08,0.000931345,0.000139081,-1.33315e-23
0,2.16207e+09,4.22982e+07,3.16657e+08,6.45398e+09,-6.65999e+08,1.26345e+08,-7.19166e+08,0.00096147,0.000140817,1.32349e-23
0,2.01007e+09,8.90298e+07,3.0482e+08,1.00056e+10,1.27302e+09,-2.39116e+08,-8.62387e+08,0.000950482,0.000144137,7.27832e-23
0,2.10876e+09,4.50386e+07,3.2562e+08,7.88097e+09,7.4864e+07,4.41395e+08,-7.51325e+08,0.000939371,0.000145051,2.58021e-23
0,1.895e+09,3.50471e+06,2.9433e+08,1.48175e+10,-1.10998e+09,-1.38341e+08,-2.87148e+07,0.000937514,0.000145614,2.77598e-23
0,2.0174e+09,1.88283e+07,3.10498e+08,9.93535e+09,-1.19312e+09,-1.22243e+08,-6.41518e+08,0.000949445,0.000146129,6.72218e-23
0,2.11216e+09,9.26842e+07,2.92253e+08,9.17313e+09,7.56394e+08,-1.0038e+09,-5.46756e+08,0.00093032,0.000128725,1.69247e-23
0,2.18464e+09,1.83307e+07,3.14665e+08,1.37713e+10,-5.96067e+08,4.06041e+08,-4.1151e+08,0.00104249,0.000150155,9.27942e-23
0,2.16513e+09,-2.03072e+07,3.12058e+08,1.17767e+10,-6.51411e+08,-2.54579e+08,1.42071e+08,0.000942535,0.000135847,-1.00928e-23
0,2.1275e+09,4.95046e+07,3.23211e+08,8.21913e+09,9.11444e+06,2.2329e+08,-8.25912e+08,0.00095246,0.000144698,3.26114e-23
0,1.99376e+09,3.54664e+07,2.99726e+08,1.21235e+10,4.07731e+08,1.14493e+08,-5.41343e+08,0.000992663,0.000149229,1.20548e-22
0,2.25603e+09,3.05755e+07,3.30037e+08,7.63617e+09,-4.36523e+08,1.00167e+07,-4.41042e+08,0.000932087,0.000136356,9.54223e-24
0,2.24562e+09,4.16684e+07,3.16827e+08,9.7418e+09,-9.40462e+08,-1.703e+08,-4.8851e+08,0.000980904,0.000138393,3.32014e-23
0,2.1555e+09,4.03658e+07,3.29107e+08,7.1955e+09,1.58395e+07,3.07282e+08,-6.5035e+08,0.000930832,0.000142122,1.44031e-23
0,2.08548e+09,-254989,3.21053e+08,8.4625e+09,-1.17529e+09,2.62505e+08,-6.37598e+08,0.00099194,0.000152706,3.55904e-23
0,2.09675e+09,4.55709e+07,3.14247e+08,5.2321e+09,-3.61262e+08,2.41017e+08,-8.54342e+08,0.000972409,0.000145738,9.70626e-24
0,2.11606e+09,7.79584e+07,2.99763e+08,1.38554e+10,-4.92429e+08,-3.56843e+08,-7.66891e+08,0.000989152,0.000140124,1.90676e-22
0,2.25801e+09,2.75715e+07,3.32666e+08,4.8057e+09,-6.1777e+07,-4.8452e+07,-3.52181e+08,0.000910081,0.00013408,1.66297e-24
0,2.15137e+09,4.20655e+07,3.19631e+08,7.86405e+09,-5.79357e+08,2.61926e+08,-6.71811e+08,0.000950862,0.00014127,2.03916e-23
0,2.01196e+09,2.94771e+06,2.90703e+08,1.66181e+10,-1.10025e+09,-2.15051e+08,-9.03475e+06,0.00100917,0.000145811,3.50963e-23
0,2.19802e+09,3.11542e+07,3.17156e+08,5.70077e+09,-9.74502e+08,1.25031e+08,-3.96944e+08,0.000936995,0.000135201,4.41233e-24
0,2.07546e+09,2.11728e+07,2.98043e+08,1.12141e+10,3.36409e+07,4.69928e+07,-5.36851e+08,0.00104773,0.000150458,9.91339e-23
0,2.12938e+09,4.78165e+07,3.23215e+08,9.75611e+09,-1.53584e+08,3.9616e+08,-8.14564e+08,0.000984657,0.00014946,6.16759e-23
0,2.15353e+09,3.42042e+07,3.35704e+08,2.59353e+09,1.0792e+09,1.42917e+08,-3.1137e+08,0.000867392,0.000135213,2.03366e-25
0,2.20344e+09,9.15562e+06,3.41445e+08,5.77557e+09,1.57271e+08,6.24298e+08,-1.40676e+08,0.000905562,0.000140326,1.78901e-24
0,2.09471e+09,3.4271e+07,3.15269e+08,4.22481e+09,-6.55975e+08,3.36162e+08,-9.05001e+08,0.000994735,0.000149715,5.69163e-24
0,2.03135e+09,3.12214e+07,2.79284e+08,1.40108e+10,-7.21955e+07,-8.37454e+08,-6.04395e+08,0.000985449,0.000135487,1.79874e-22
0,1.9732e+09,5.86475e+07,2.97713e+08,1.47922e+10,-8.78939e+08,-2.5661e+08,-9.07952e+08,0.000988276,0.00014911,3.92957e-22
0,2.01854e+09,1.44843e+07,3.31117e+08,7.92267e+09,2.59665e+08,6.68427e+08,-3.51246e+08,0.000995409,0.000163284,2.43914e-23
0,2.18509e+09,3.51569e+07,3.22883e+08,9.33214e+09,-6.09649e+08,2.82273e+08,-5.06402e+08,0.000935989,0.000138308,2.14372e-23
0,2.27075e+09,-1.4695e+07,3.08904e+08,7.23925e+09,-1.53457e+08,-2.08614e+08,1.27869e+08,0.000994106,0.000135234,-2.80739e-24
0,1.8991e+09,1.05729e+06,2.959e+08,9.06224e+09,1.16648e+09,-4.64308e+08,-3.66445e+07,0.000928854,0.000144725,-1.32543e-23
0,1.70866e+09,1.05861e+07,2.85884e+08,5.38284e+09,7.41769e+08,-2.08101e+08,3.71367e+07,0.000973758,0.000162924,-5.4367e-24
0,2.0544e+09,3.49852e+07,3.22595e+08,5.53387e+09,-2.31746e+08,5.24753e+08,-9.76887e+08,0.000990596,0.000155549,1.49918e-23
0,2.14692e+09,4.62148e+07,3.08241e+08,4.18943e+09,-1.15204e+08,-1.44781e+08,-5.12469e+08,0.000941903,0.000135232,2.46296e-24
0,2.12425e+09,4.90737e+07,2.98236e+08,7.13382e+09,-1.50757e+09,-1.92186e+08,-1.02962e+09,0.00105021,0.000147446,5.91287e-23
0,2.17815e+09,3.98704e+07,3.28684e+08,-1.09653e+09,-5.7529e+08,6.60653e+08,9.87978e+07,0.000912891,0.000137756,-1.15564e-26
0,2.27138e+09,7.21719e+06,3.24363e+08,1.79102e+09,-1.35961e+09,-5.94347e+07,-4.83684e+08,0.000951699,0.000135907,8.40803e-25
0,2.07446e+09,4.07773e+07,3.04479e+08,2.86541e+09,-7.06902e+08,-2.66732e+06,-1.08532e+09,0.00103497,0.000151908,3.53448e-24
0,2.03457e+09,3.64541e+06,3.06844e+08,5.17351e+09,-2.61055e+08,1.14208e+08,-9.38481e+08,0.00103844,0.000156613,1.72201e-23
0,2.19816e+09,1.44927e+07,3.39465e+08,4.99199e+09,8.56919e+07,6.21247e+08,-2.26726e+08,0.000924105,0.000142711,1.66901e-24
0,2.21309e+09,1.71957e+06,3.26196e+08,4.4017e+09,-1.26207e+09,3.86501e+08,-2.79585e+08,0.00102755,0.000151455,1.43876e-24
0,2.30789e+09,1.06374e+06,3.17297e+08,-1.5405e+09,-2.13176e+09,-1.18782e+08,-4.97004e+08,0.000987558,0.000135773,-2.58446e-24
0,2.12585e+09,5.30912e+07,3.17759e+08,9.21144e+09,-1.1617e+08,1.8486e+08,-7.8227e+08,0.000962378,0.00014385,4.57042e-23
0,2.02412e+09,3.83954e+07,3.08746e+08,5.24821e+09,1.61085e+09,-7.55791e+07,-7.32408e+08,0.000918298,0.000140071,6.17355e-24
0,2.044e+09,5.94508e+07,2.98891e+08,1.46006e+08,-7.99084e+08,4.05018e+07,-8.95731e+08,0.00105403,0.000154129,8.34458e-26
0,2.05993e+09,2.44051e+07,3.23602e+08,2.99714e+09,-5.12337e+08,2.68188e+08,-1.06341e+09,0.00100924,0.000158545,2.73733e-24
0,2.11151e+09,5.30742e+07,3.2182e+08,6.35674e+09,6.13204e+08,4.59423e+07,-5.61165e+08,0.000913763,0.000139268,8.95799e-24
0,1.81023e+09,-1.65792e+07,2.74688e+08,1.05373e+10,5.1583e+07,-4.66872e+07,1.78645e+08,0.00102181,0.000155051,-4.80786e-23
0,1.84807e+09,-1.77786e+06,2.92678e+08,1.2262e+10,-2.9175e+09,2.10917e+08,-7.93896e+08,0.00105026,0.000166328,4.86551e-22
0,2.32261e+09,-87986.6,3.2823e+08,5.90946e+08,-1.08836e+09,4.81707e+07,-2.46064e+08,0.000917579,0.000129672,8.84282e-26
0,2.06204e+09,5.49962e+07,2.98212e+08,3.00999e+09,4.08664e+08,-1.77571e+08,-6.87032e+08,0.000953543,0.000137902,1.39285e-24
0,2.19176e+09,1.0517e+07,3.41161e+08,4.06116e+09,-6.88365e+07,5.8721e+08,-1.91978e+08,0.000936782,0.000145816,5.33325e-25
0,2.1413e+09,2.4385e+07,3.27527e+08,2.39227e+09,-4.70929e+08,1.32049e+08,-8.09976e+08,0.000984854,0.00015064,8.74213e-25
0,2.1268e+09,7.98546e+06,2.95612e+08,9.577e+09,2.47483e+08,-3.86439e+08,1.28786e+07,0.000963502,0.000133921,-2.73157e-24
0,2.12421e+09,1.86148e+07,3.27477e+08,3.20813e+09,-1.05078e+09,3.68448e+08,-8.69016e+08,0.00104719,0.000161439,3.66495e-24
0,2.17277e+09,2.26849e+07,3.32225e+08,1.45495e+09,-1.71435e+08,1.00529e+08,-2.85557e+08,0.000933864,0.000142792,4.51429e-26
0,2.01703e+09,1.43461e+07,3.04377e+08,-1.00634e+09,-9.52424e+08,2.0912e+08,-1.10935e+09,0.00107557,0.000162308,-3.87572e-25
0,1.96522e+09,3.28349e+07,3.07015e+08,5.97027e+09,3.00002e+08,-3.661e+07,-1.09977e+09,0.00106771,0.000166803,4.28661e-23
0,2.09917e+09,3.61868e+07,2.87116e+08,4.75599e+09,-2.36182e+09,3.17245e+07,-1.11889e+09,0.0010845,0.000148333,4.79381e-23
0,1.82675e+09,-3.28713e+06,2.83645e+08,1.25673e+10,-2.44848e+09,2.96977e+08,-9.11201e+08,0.00110737,0.000171945,6.66186e-22
0,1.93032e+09,-414228,3.15733e+08,-5.21179e+08,1.03999e+08,3.8488e+08,-1.07642e+09,0.00100796,0.000164867,7.70005e-26
0,2.06157e+09,-1.76869e+07,3.09002e+08,-1.28728e+07,-1.78605e+09,2.06791e+08,-8.19074e+08,0.000991144,0.000148559,7.42256e-25
0,2.17759e+09,1.49974e+07,3.39088e+08,2.77492e+09,-2.42453e+08,5.42882e+08,-2.84824e+08,0.000946454,0.000147379,7.52832e-26
0,2.26597e+09,1.81737e+06,3.44996e+08,2.01336e+09,-2.24425e+07,2.57059e+08,-5.62486e+07,0.000886782,0.000135014,1.26844e-26
0,2.05981e+09,6.10228e+07,3.20503e+08,1.36906e+10,5.54162e+08,3.70092e+08,-6.20851e+08,0.000937054,0.000145804,1.33358e-22
0,2.1817e+09,-7.08344e+06,3.20362e+08,-6.14175e+09,5.79413e+08,3.32194e+08,-8.78463e+07,0.000900365,0.00013221,4.88402e-26
0,2.00909e+09,-5.87274e+06,3.20211e+08,1.76791e+09,-5.6028e+08,3.29068e+08,-1.14796e+09,0.00103414,0.000164822,6.70988e-25
0,2.18972e+09,1.32173e+07,3.42006e+08,2.144e+08,-5.05665e+08,1.46118e+08,-5.88823e+07,0.000904981,0.000141346,5.12795e-27
0,2.04271e+09,6.57563e+07,2.96758e+08,6.04882e+09,-8.18676e+08,-4.00842e+08,-1.06174e+09,0.00108912,0.000158223,4.69224e-23
0,1.89021e+09,-1.69101e+07,3.19153e+08,1.23687e+08,4.12927e+08,2.25076e+08,-1.01484e+09,0.00100164,0.000169122,-3.17368e-26
0,1.97838e+09,-2.6577e+07,2.88853e+08,9.23103e+09,-2.21533e+09,1.17402e+08,-8.5755e+08,0.00119492,0.000174465,2.97363e-22
0,1.88144e+09,-1.4064e+07,2.8977e+08,-1.86666e+09,-7.09819e+08,4.90629e+07,-1.42258e+09,0.00106575,0.000164143,-2.11806e-24
0,1.94787e+09,-7.04302e+07,3.08645e+08,-2.49632e+09,-1.90209e+09,-1.12164e+08,-4.98331e+08,0.00099435,0.000157557,-7.56925e-24
0,2.12371e+09,-2.24287e+07,2.86365e+08,-2.72795e+09,-1.10506e+09,-5.44517e+08,2.62847e+08,0.00100836,0.000135968,1.72583e-24
0,1.95411e+09,9.1892e+06,3.06481e+08,-2.47219e+09,-5.82867e+08,5.32461e+07,-1.37496e+09,0.00103621,0.000162518,-3.17831e-24
0,1.93839e+09,1.62986e+06,3.28978e+08,7.66327e+08,-2.67528e+08,1.80306e+08,-1.01382e+09,0.00101374,0.000172049,-1.96971e-26
0,1.93409e+09,7.50461e+07,2.82219e+08,2.7557e+09,-3.23425e+08,-7.61958e+08,-1.26666e+09,0.00108616,0.000158491,4.08859e-24
0,2.0638e+09,4.95913e+07,2.89171e+08,-7.63939e+09,-1.35185e+09,5.23491e+08,5.32382e+08,0.00100039,0.00014017,1.1934e-23
0,2.02771e+09,9.96592e+06,3.05168e+08,3.81311e+09,-1.04202e+09,3.03759e+08,-9.8612e+08,0.00100274,0.000150912,6.9333e-24
0,1.90912e+09,-3.9869e+07,2.962e+08,-2.46324e+09,2.12826e+08,1.35868e+07,-1.32031e+09,0.00101279,0.000157134,-2.4227e-24
0,2.17512e+09,1.0148e+07,3.31199e+08,-1.36874e+09,-8.12036e+08,-1.7833e+08,-1.70304e+08,0.000953165,0.000145135,-1.10668e-25
0,1.96595e+09,2.7373e+06,3.16888e+08,-1.18743e+09,7.91324e+08,7.28431e+07,-9.23256e+08,0.001031,0.000166186,-2.00786e-25
0,2.08039e+09,2.11657e+07,3.16603e+08,1.63873e+09,-6.72097e+08,1.62657e+08,-1.03993e+09,0.00102629,0.000156185,6.76737e-25
0,2.02778e+09,-4.26111e+07,2.93656e+08,2.05551e+09,-1.37606e+09,-1.63764e+08,-7.85848e+08,0.00121995,0.000176669,7.83463e-24
0,1.93381e+09,3.28094e+07,2.78962e+08,-4.27356e+09,8.03581e+08,-1.36401e+09,-7.76727e+07,0.00102186,0.000147408,-1.69403e-23
0,2.0354e+09,-4.05868e+07,2.96281e+08,-7.51793e+09,-1.73039e+09,8.94299e+07,-1.18555e+09,0.00109835,0.00015988,-1.22746e-22
0,2.09723e+09,3.42892e+07,3.10745e+08,5.0354e+09,-2.37634e+08,-3.15577e+08,-6.47339e+08,0.000944516,0.000139948,6.36392e-24
0,1.89354e+09,6.05394e+07,2.7812e+08,1.45535e+09,-8.65707e+08,-8.86033e+08,-1.30887e+09,0.00110736,0.000162647,-1.60298e-24
0,1.80367e+09,5.38625e+07,2.99265e+08,-1.09742e+10,-1.82048e+09,2.48695e+08,4.77903e+08,0.000986217,0.000163633,7.72961e-23
0,1.71985e+09,-2.2825e+07,2.85631e+08,5.40749e+09,-1.12154e+09,2.47323e+08,-1.0298e+09,0.00108353,0.000179952,6.72505e-23
0,1.71104e+09,-9.32943e+07,3.01103e+08,1.37851e+09,-5.68794e+08,2.21658e+08,-4.77461e+08,0.000957467,0.000168492,3.47865e-25
0,1.97262e+09,-5.32537e+06,3.1889e+08,3.49639e+09,4.69828e+08,4.84682e+08,-1.05195e+09,0.00101005,0.000163283,7.09112e-24
0,1.85656e+09,3.85496e+07,2.62779e+08,3.80218e+09,1.50705e+09,-3.9862e+08,-9.89123e+08,0.000993042,0.000140555,4.94282e-24
0,1.935e+09,-4.4693e+07,2.9597e+08,-4.35141e+09,9.36902e+07,-4.03562e+08,-7.80065e+08,0.00119067,0.00018212,-2.22445e-23
0,1.96299e+09,-7.09545e+07,2.96495e+08,-9.71333e+09,-3.97387e+08,7.61574e+07,-1.17439e+09,0.00105157,0.000158832,-1.89729e-22
0,1.92187e+09,-4.77561e+07,3.12316e+08,1.43795e+08,-1.23555e+09,-6.14599e+08,-7.27474e+08,0.00096738,0.000157205,-9.15869e-25
0,2.23528e+09,500674,3.45086e+08,4.21809e+08,3.94154e+06,1.18163e+08,-2.76889e+07,0.000895991,0.000138324,7.84626e-29
0,1.87494e+09,-1.09353e+07,3.03462e+08,1.58884e+09,2.83315e+08,4.26191e+08,-1.45419e+09,0.00102942,0.000166612,1.83775e-25
0,2.04003e+09,2.61299e+06,3.13885e+08,2.25226e+09,-8.86461e+08,1.2628e+08,-1.27449e+09,0.00105063,0.000161654,2.8012e-24
0,2.08859e+09,3.37314e+07,3.04379e+08,2.82399e+09,-1.18536e+09,2.36413e+08,-1.0249e+09,0.00101251,0.000147557,4.00227e-24
0,1.8953e+09,1.71125e+07,3.20644e+08,2.37432e+09,1.85815e+08,3.55966e+08,-1.26022e+09,0.00102464,0.000173347,2.28958e-24
0,1.88179e+09,1.67297e+07,2.73309e+08,-1.36298e+09,-9.8344e+08,-5.0692e+08,-1.42561e+09,0.00110187,0.000160034,-2.60796e-24
0,2.01077e+09,-8.35637e+07,3.02782e+08,-1.15535e+10,6.61915e+08,2.98528e+08,-9.67719e+08,0.00100272,0.00015099,-1.74173e-22
0,1.86895e+09,2.31482e+07,3.0519e+08,2.31957e+09,1.0582e+09,-4.38723e+08,-1.41225e+09,0.00102166,0.000166831,1.99034e-24
0,2.09089e+09,-4.27212e+07,3.19756e+08,-6.40891e+09,-3.57167e+08,-2.24146e+08,-8.61201e+08,0.000984596,0.000150572,-1.98426e-23
0,1.99951e+09,-2.27806e+06,3.1437e+08,-4.78583e+09,1.34791e+08,-1.71038e+08,-8.93185e+08,0.00101072,0.000158909,-1.26704e-23
0,2.16921e+09,-2.28118e+07,3.14284e+08,-4.52285e+09,-1.32901e+09,-2.67612e+08,-6.85299e+08,0.000979029,0.000141846,-5.89964e-24
0,1.83832e+09,7.32338e+06,3.21456e+08,-1.34369e+08,8.7248e+08,-1.10242e+08,-1.05653e+09,0.000985846,0.000172389,1.89902e-27
0,2.10513e+09,-2.79259e+07,3.08725e+08,-5.45789e+09,-1.45734e+09,-3.82132e+08,-7.59582e+08,0.000993813,0.000145747,-1.2253e-23
0,2.29628e+09,2.80164e+07,3.23328e+08,6.05892e+09,-1.06979e+09,-2.14297e+08,-3.64342e+08,0.000929717,0.000130909,5.43757e-24
0,2.04724e+09,-2.58839e+07,3.18126e+08,-1.77794e+08,1.39175e+09,5.00909e+08,-6.74467e+08,0.000912759,0.000141836,-4.4001e-26
0,1.74734e+09,-2.84068e+07,2.89336e+08,7.24274e+09,5.62953e+08,4.26595e+08,-1.03611e+09,0.00104524,0.000173077,1.31157e-22
0,2.0667e+09,-7.49036e+06,3.07093e+08,-1.20837e+09,-1.13356e+09,1.0611e+07,-1.30152e+09,0.0010412,0.000154713,-1.1752e-24
0,1.84082e+09,-5.77788e+07,3.15384e+08,3.46421e+09,-1.16557e+09,-2.32733e+08,-1.24708e+08,0.000968048,0.000165854,4.01964e-24
0,2.13367e+09,-1.1913e+07,3.23351e+08,2.81365e+08,2.66961e+08,4.5699e+07,-5.60598e+08,0.000914174,0.000138541,-8.31744e-28
0,1.69138e+09,3.32226e+07,2.79612e+08,6.30421e+09,1.41469e+09,-2.11574e+08,-1.1774e+09,0.00116267,0.000192209,1.59212e-22
0,1.94236e+09,-7.03795e+07,3.12935e+08,-1.12129e+10,7.36409e+08,2.06618e+08,-8.29544e+08,0.000966883,0.000155775,-1.36049e-22
0,2.07354e+09,-5.56341e+07,3.11052e+08,-7.94064e+09,-5.96619e+08,1.65621e+08,-1.01644e+09,0.00104378,0.000156577,-6.83979e-23
0,1.96157e+09,6.85004e+07,2.69273e+08,7.4728e+09,-8.75849e+08,-6.82612e+08,-1.16225e+09,0.00109049,0.000149696,1.20459e-22
0,2.1672e+09,1.16631e+07,3.02757e+08,1.8323e+09,-1.61475e+09,-7.10213e+07,-7.13593e+08,0.00101722,0.000142105,2.60289e-24
0,2.08379e+09,5.15113e+07,3.06736e+08,1.57159e+09,-2.30648e+09,-6.36125e+08,-2.13477e+08,0.000964272,0.000141941,1.72623e-24
0,2.03303e+09,-2.53467e+07,3.17488e+08,-1.41439e+09,-8.93465e+08,-5.15741e+07,-1.2421e+09,0.00104657,0.000163437,-1.06252e-24
0,2.12292e+09,-3.25482e+07,3.18452e+08,-6.14766e+09,-1.02037e+09,-1.94381e+08,-1.09285e+09,0.00104319,0.000156485,-2.95547e-23
0,2.03915e+09,-2.91983e+07,3.07707e+08,7.39635e+09,1.00919e+09,4.67651e+07,-4.48253e+08,0.00109184,0.000164758,3.22874e-23
0,2.20691e+09,390706,3.44878e+08,3.44674e+08,7.44198e+06,1.98553e+07,-8.92722e+07,0.000895218,0.000139897,1.50827e-28
0,1.86851e+09,3.58473e+07,2.99741e+08,4.9835e+09,9.16762e+08,-3.92741e+08,-1.51791e+09,0.00105506,0.000169249,3.58491e-23
0,1.82303e+09,-4.2516e+07,3.11354e+08,6.05097e+09,1.05874e+08,1.95439e+08,-2.71656e+08,0.000986057,0.000168409,1.15433e-23
0,1.91063e+09,1.40842e+07,3.05951e+08,3.61431e+09,-3.40686e+08,-3.35741e+07,-4.68694e+08,0.000926938,0.000148431,2.47742e-24
0,1.99839e+09,3.38199e+07,3.27585e+08,2.55891e+09,2.07428e+09,-2.26519e+08,-4.75046e+08,0.000855046,0.000140163,-1.52223e-24
0,2.03875e+09,-5.75165e+07,3.0752e+08,-1.00815e+09,-2.01152e+09,-4.81529e+08,-3.73772e+08,0.00091851,0.000138546,-2.30556e-24
0,2.09245e+09,384785,3.43442e+08,-2.00761e+08,1.8108e+07,-3.19947e+07,-3.07952e+08,0.000949081,0.000155776,2.74501e-28
0,2.01679e+09,-4.01866e+07,3.2692e+08,-8.13587e+09,3.50388e+08,-5.10616e+08,-9.4598e+08,0.000990499,0.000160559,-6.15311e-23
0,1.9277e+09,1.47132e+07,3.04589e+08,1.60327e+09,-3.97209e+08,-3.53041e+08,-1.39018e+09,0.00104801,0.000165593,2.43197e-25
0,1.80265e+09,5.81829e+07,3.03903e+08,-2.88518e+09,6.08576e+08,-8.02087e+07,-1.01707e+09,0.000945067,0.000159326,-3.89041e-24
0,2.05607e+09,-4.40915e+07,3.29813e+08,-9.57976e+09,6.18857e+08,-5.33515e+08,-6.70427e+08,0.000914479,0.000146691,-4.76881e-23
0,1.94129e+09,-2.45982e+06,3.22043e+08,-1.60459e+09,-1.62892e+08,-1.94729e+08,-1.06922e+09,0.000999851,0.000165866,-3.23546e-25
0,1.90908e+09,2.22166e+07,3.04329e+08,-2.40593e+09,1.10477e+09,-5.78106e+08,-1.31847e+09,0.000997463,0.000159007,-4.8684e-24
0,2.12048e+09,2.3367e+07,3.32969e+08,4.38531e+08,2.11554e+07,3.22262e+08,-5.36218e+08,0.000925801,0.000145374,-7.92104e-27
0,2.00271e+09,-8.9422e+06,2.92436e+08,1.10036e+09,-9.19525e+08,-4.30769e+08,-1.44447e+09,0.00108175,0.000157957,-4.43415e-25
0,2.08162e+09,-3.50397e+07,3.26568e+08,-7.97754e+09,-4.34504e+08,-2.97142e+08,-9.55992e+08,0.00101825,0.000159744,-5.11034e-23
0,2.1252e+09,5.58529e+07,3.23017e+08,6.71452e+09,1.11104e+09,-1.87939e+08,-4.60488e+08,0.000897701,0.000136445,5.65015e-24
0,1.81218e+09,2.2627e+07,2.61507e+08,-1.44916e+09,2.56118e+07,-4.0227e+08,-1.36366e+09,0.00109054,0.000157371,1.91685e-25
0,1.97661e+09,-3.49304e+07,3.24051e+08,-7.67965e+09,6.57966e+08,-1.83084e+08,-9.4911e+08,0.000962476,0.000157791,-4.92694e-23
0,2.0848e+09,8.17903e+06,3.09871e+08,7.97199e+09,-2.21704e+09,3.11139e+08,1.13779e+08,0.000950496,0.000141276,-2.34974e-24
0,1.82462e+09,1.38699e+06,3.04236e+08,9.0951e+09,2.0068e+09,9.24447e+07,-2.8709e+08,0.00104706,0.000174586,3.62371e-23
0,1.96681e+09,1.81004e+07,2.94983e+08,6.10152e+09,5.38622e+08,-2.13104e+08,-9.35097e+08,0.001163,0.000174427,5.72067e-23
0,2.0531e+09,-4.88546e+07,3.03235e+08,-6.1268e+09,2.43354e+08,2.90723e+08,-7.17475e+08,0.000948573,0.0001401,-1.306e-23
0,2.20773e+09,457312,3.45063e+08,3.71552e+08,-514020,8.20116e+07,-3.56963e+07,0.000898902,0.000140496,6.63004e-29
0,2.11389e+09,3.39658e+07,3.25789e+08,7.50252e+09,2.70907e+08,4.76112e+08,-7.212e+08,0.000943,0.000145333,2.28503e-23
0,1.84994e+09,1.15813e+06,2.46136e+08,-1.16685e+09,-1.97452e+09,-4.95772e+08,-1.41141e+09,0.00116209,0.000154617,-2.35467e-23
0,1.87993e+09,378609,3.25108e+08,-5.76247e+09,1.25684e+09,-2.43362e+08,-9.16053e+08,0.000937679,0.000162159,-2.53173e-23
0,2.09727e+09,-4.15825e+07,3.25887e+08,-8.40658e+09,2.54624e+08,3.13454e+07,-7.25601e+08,0.000932337,0.000144873,-2.96597e-23
0,1.988e+09,-2.95452e+07,3.03157e+08,5.4891e+09,-2.3206e+09,3.02731e+08,-5.17252e+08,0.000958211,0.000146121,2.21979e-23
0,1.91717e+09,8.82618e+07,3.10021e+08,1.15302e+10,2.13879e+09,-3.88131e+07,-5.61938e+08,0.00092977,0.000150351,7.4081e-23
0,1.89951e+09,-2.37627e+07,2.95572e+08,8.97114e+08,1.27115e+09,-1.33939e+08,-1.15879e+09,0.000980493,0.000152569,6.64467e-26
0,1.9271e+09,8.92617e+06,3.13091e+08,4.24766e+08,-8.5945e+08,-5.45219e+07,-1.22685e+09,0.00105712,0.000171748,8.08449e-26
0,2.002e+09,4.87561e+06,3.10632e+08,9.83996e+09,1.61689e+09,-5.7041e+07,2.95381e+08,0.00108013,0.000167593,-7.54456e-23
0,1.81246e+09,8.14637e+07,3.04255e+08,-3.11298e+09,-8.69884e+08,2.7984e+06,-6.01074e+08,0.000978326,0.000164231,-4.73936e-24
0,1.92258e+09,-3.80663e+07,3.00909e+08,6.1712e+09,-2.38511e+09,5.67373e+08,-4.62705e+08,0.000963897,0.000150862,2.15375e-23
0,2.03249e+09,1.47766e+07,3.00135e+08,5.9285e+09,1.4497e+09,2.37424e+08,-3.6861e+08,0.00113133,0.000167062,1.96276e-23
0,2.04516e+09,-2.15434e+07,3.09077e+08,-1.09046e+09,-4.5782e+08,-3.248e+07,-1.09661e+09,0.0010044,0.000151792,-1.13457e-25
0,2.17019e+09,778031,3.23905e+08,1.08609e+09,-8.31833e+07,-4.67515e+07,-5.82446e+08,0.000932502,0.000139178,3.2188e-26
0,1.92965e+09,-3.98589e+07,3.18414e+08,-6.49464e+09,1.29791e+09,3.70329e+07,-1.07381e+09,0.000945724,0.000156055,-3.24542e-23
0,1.93013e+09,4.4136e+07,3.10545e+08,1.55317e+09,4.46723e+08,-6.11764e+08,-1.14967e+09,0.00101194,0.000162815,1.48892e-25
0,2.07615e+09,-5.46807e+07,2.97428e+08,-8.66799e+09,-1.24648e+09,-2.56901e+08,-1.16446e+09,0.00103717,0.000148585,-9.36329e-23
0,1.99625e+09,2.98525e+07,3.18828e+08,4.4282e+09,-1.26374e+08,-6.7661e+08,-8.32891e+08,0.00100241,0.000160099,8.78417e-24
0,1.9554e+09,2.01955e+07,3.2987e+08,2.16113e+09,8.82022e+08,-1.00596e+08,-7.48871e+08,0.000920378,0.000155265,5.81196e-25
0,1.89452e+09,4.29539e+07,3.11158e+08,2.31032e+09,2.57062e+08,-6.34899e+08,-1.15598e+09,0.00101413,0.000166562,1.32213e-24
0,1.86089e+09,-3.11657e+07,2.6457e+08,-3.7748e+09,2.97136e+08,2.21092e+08,-1.27711e+09,0.00105304,0.000149715,-1.36777e-23
0,2.1444e+09,2.66929e+07,3.29527e+08,2.56262e+09,-2.97613e+08,1.92697e+08,-7.77744e+08,0.000991437,0.000152353,9.47024e-25
0,2.0668e+09,6.29324e+07,2.97106e+08,8.51598e+09,-5.27335e+08,-5.22706e+08,-8.45828e+08,0.000990628,0.000142404,5.78123e-23
0,2.23713e+09,-4.4643e+06,3.30034e+08,7.34809e+08,-4.21217e+08,-1.68896e+08,-4.13743e+08,0.000919954,0.000135717,1.32309e-26
0,1.80354e+09,2.36959e+07,2.73804e+08,-1.04655e+10,-8.17643e+08,-5.48335e+08,-1.12745e+09,0.00111287,0.00016895,-4.0911e-22
0,1.941e+09,-1.76092e+07,3.13167e+08,-4.38945e+09,-6.03079e+08,6.38208e+07,-1.21543e+09,0.00104813,0.000169108,-1.91686e-23
0,2.04774e+09,1.97908e+07,3.17236e+08,2.63563e+09,2.31179e+09,5.29374e+07,-5.20869e+08,0.000876442,0.000135779,-1.8665e-24
0,1.98282e+09,3.15709e+07,3.21951e+08,8.54318e+09,-1.07067e+08,-1.62156e+08,-6.25964e+08,0.000997094,0.000161898,5.03734e-23
0,2.16725e+09,-1.83876e+07,3.07703e+08,-2.46667e+09,-1.49257e+09,-2.99247e+08,-8.59655e+08,0.000992128,0.000140861,-3.09269e-24
0,2.2002e+09,812292,3.44763e+08,4.53639e+08,2.55941e+06,4.28791e+07,-1.11651e+08,0.000903805,0.000141623,4.47884e-28
0,1.98353e+09,-9.90845e+07,2.70738e+08,-1.14314e+10,-1.64164e+08,9.30127e+08,-9.95791e+08,0.00103263,0.000140946,-2.29325e-22
0,2.2159e+09,-694259,3.32384e+08,7.09367e+08,-5.68677e+08,9.58755e+07,-5.10134e+08,0.000943188,0.000141478,4.32192e-26
0,1.83712e+09,-2.01108e+07,3.0563e+08,-3.59803e+09,4.41114e+08,1.34739e+08,-1.41491e+09,0.00101875,0.000169484,-1.17104e-23
0,1.87165e+09,-9.72522e+06,2.8969e+08,8.37945e+09,1.36594e+09,5.52545e+08,-8.89671e+08,0.00107468,0.000166337,1.72151e-22
0,1.94634e+09,3.15037e+07,3.1371e+08,3.39517e+09,-8.32011e+08,-1.53845e+08,-1.12154e+09,0.00103316,0.000166524,8.97337e-24
0,2.09797e+09,2.14517e+06,3.44036e+08,-2.61508e+08,586774,-2.6805e+07,-2.29807e+08,0.000942134,0.000154496,-5.8377e-29
0,2.00447e+09,8.74179e+06,3.06005e+08,-1.51271e+10,-1.59569e+09,-4.21375e+08,-5.30359e+08,0.00108373,0.000165444,-2.83635e-22
0,2.08659e+09,3.04592e+07,3.15342e+08,5.78204e+09,-2.07652e+08,-3.5612e+08,-8.42914e+08,0.000974424,0.000147263,1.46338e-23
0,1.85531e+09,3.61076e+07,3.23169e+08,5.95088e+09,9.29267e+08,-1.06748e+08,-5.83603e+08,0.000945015,0.000164608,1.52234e-23
0,2.10981e+09,3.81905e+07,3.10592e+08,4.61292e+09,-1.25344e+08,-7.72526e+07,-6.67011e+08,0.00094379,0.000138939,4.64244e-24
0,1.83545e+09,7.36459e+07,2.89413e+08,-6.20836e+09,-1.44524e+09,2.66722e+08,-7.88623e+08,0.00110392,0.000174065,-9.06211e-23
0,2.20116e+09,-302766,3.44882e+08,-1.35905e+08,-8.84921e+06,-2.57048e+07,-9.41108e+07,0.000903885,0.000141622,-4.06389e-30
0,1.79699e+09,5.17261e+07,3.20435e+08,-3.21347e+09,-7.20236e+08,-2.86609e+08,-5.00879e+08,0.000921238,0.000164273,-1.98865e-24
0,1.82266e+09,-1.68491e+07,3.08337e+08,-2.40604e+09,9.03469e+08,2.75296e+08,-1.36339e+09,0.00101386,0.000171514,-2.86687e-24
0,2.04757e+09,9.30857e+06,3.15942e+08,-7.33902e+08,-8.63867e+08,-9.32079e+07,-9.62468e+08,0.00100966,0.000155791,-3.35167e-25
0,1.80896e+09,-2.75438e+07,2.71284e+08,-1.99385e+09,1.77932e+08,7.86774e+07,-1.30331e+09,0.00104443,0.000156629,-1.538e-24
0,2.15404e+09,-2.73912e+07,3.12751e+08,7.80709e+09,5.51026e+08,3.41711e+08,3.60103e+08,0.000930523,0.000135105,-8.31088e-24
0,2.16745e+09,-4.1345e+07,3.23124e+08,-7.81304e+09,-3.06061e+08,-1.49138e+08,-6.28198e+08,0.000948461,0.000141397,-1.86515e-23
0,1.92777e+09,3.11078e+07,2.91846e+08,6.34351e+09,-1.0264e+08,1.98005e+08,-1.13058e+09,0.000978682,0.000148163,3.72703e-23
0,1.91383e+09,-3.50434e+07,3.09822e+08,-1.13821e+09,-9.84775e+08,-4.59472e+08,-8.31713e+08,0.00097825,0.000158365,-8.02926e-25
0,2.09713e+09,1.99625e+06,3.43023e+08,-1.36116e+08,-2.41876e+06,-2.80875e+07,-3.46528e+08,0.000941574,0.000154011,3.57381e-28
0,2.01418e+09,2.48365e+07,3.06629e+08,2.33073e+09,-5.98219e+08,2.60889e+07,-1.26389e+09,0.00101801,0.000154977,2.0255e-24
0,2.25443e+09,1.48354e+07,3.03551e+08,3.13147e+09,6.72052e+07,1.79949e+08,4.68135e+07,0.00100415,0.000135206,-7.2155e-26
0,2.27906e+09,3.45463e+07,3.11222e+08,7.4004e+09,-6.66177e+08,-1.06099e+08,-3.87074e+08,0.00102328,0.000139735,1.28155e-23
0,2.20132e+09,3.30941e+07,3.18305e+08,6.90814e+09,-7.48964e+08,-1.01554e+08,-6.23115e+08,0.0009419,0.000136196,1.30116e-23
0,2.03199e+09,-6.63727e+06,3.18119e+08,-1.70926e+09,-8.9245e+08,-2.71871e+08,-9.03762e+08,0.00100828,0.000157852,-1.02098e-24
0,1.66141e+09,2.15099e+07,2.86205e+08,-5.17506e+09,-6.73757e+08,-4.79476e+08,-1.07903e+09,0.00100458,0.000173056,-3.93508e-23
0,2.20084e+09,1.86607e+07,3.20587e+08,3.28102e+09,-1.14216e+09,-2.80777e+08,-6.85561e+08,0.00100619,0.000146568,3.7297e-24
0,2.21301e+09,-2.22832e+07,2.9816e+08,-4.87402e+09,-2.63922e+09,-2.98404e+06,-7.77706e+08,0.00105302,0.000141874,-3.37485e-23
0,1.76157e+09,-1.36967e+07,2.9127e+08,-1.07968e+10,-7.3746e+08,-1.10426e+08,-8.48316e+08,0.000937892,0.000155078,-1.80699e-22
0,1.95158e+09,4.42366e+07,3.06491e+08,8.32901e+09,4.08726e+08,-1.16149e+08,-1.08818e+09,0.000970119,0.000152355,7.42454e-23
0,1.92333e+09,3.69393e+06,2.87144e+08,9.99662e+09,9.46245e+08,1.20736e+08,-8.05759e+08,0.0010203,0.000152327,1.41017e-22
0,1.95124e+09,8.66516e+07,3.12736e+08,8.26127e+09,2.05847e+09,-2.42229e+08,-5.32219e+08,0.000933397,0.000149601,1.17367e-23
0,1.87855e+09,4.97326e+07,3.18879e+08,3.40298e+09,1.43131e+09,-7.46787e+08,-7.86592e+08,0.000926495,0.00015727,8.41849e-26
0,2.04099e+09,5.85464e+07,3.19819e+08,1.09744e+10,5.29558e+08,1.20944e+08,-8.10153e+08,0.000951392,0.000149081,9.61737e-23
0,1.85929e+09,-2.00337e+07,3.05545e+08,1.34641e+09,1.11757e+09,4.30213e+08,-1.38016e+09,0.00101428,0.000166681,1.20485e-24
0,1.78e+09,1.48384e+07,2.63148e+08,6.82516e+09,-1.78985e+09,-4.61825e+07,2.49204e+08,0.00101897,0.000150641,-1.56981e-24
0,1.88231e+09,-5.54394e+06,2.75093e+08,1.02229e+10,1.68267e+08,-4.11679e+06,-7.62357e+08,0.00103599,0.000151407,1.63694e-22
0,2.19411e+09,4.68261e+07,2.98112e+08,-1.60591e+09,-5.64108e+08,-5.24976e+08,-4.90593e+08,0.00102706,0.000139546,6.00772e-26
0,1.81771e+09,4.26088e+06,3.08299e+08,-5.01248e+09,-9.64914e+08,-3.44927e+08,-1.04005e+09,0.00102496,0.000173842,-2.78915e-23
0,2.10473e+09,3.51292e+07,3.19414e+08,4.95406e+09,1.09196e+08,-4.775e+08,-7.72479e+08,0.00096932,0.000147104,7.14768e-24
0,2.17692e+09,4.3572e+07,2.90942e+08,-1.67805e+09,1.23382e+09,5.98195e+08,4.58864e+08,0.0010602,0.000141694,8.14711e-25
0,1.94488e+09,9.35019e+06,3.03553e+08,-2.11275e+09,-5.90153e+08,2.15544e+08,-1.2722e+09,0.00104186,0.000162611,-1.9455e-24
0,2.10427e+09,1.26448e+07,3.10889e+08,2.23494e+09,-1.79327e+09,3.80611e+08,-1.06622e+09,0.00108449,0.000160225,8.65969e-24
0,1.94644e+09,-1.24776e+07,2.82606e+08,9.93791e+09,-1.71956e+09,2.10313e+08,-5.31801e+08,0.00108027,0.000156845,1.18257e-22
0,2.14834e+09,-8.62965e+06,3.28257e+08,-1.23701e+09,2.18809e+07,2.21577e+08,-6.26307e+08,0.000928118,0.000141813,-4.65017e-26
0,1.86977e+09,-8.2327e+06,2.76616e+08,-1.26251e+09,-1.8478e+09,4.7886e+08,5.1299e+08,0.000996486,0.000147421,-9.74765e-25
0,2.17795e+09,-1.87714e+07,3.20858e+08,-5.40782e+09,-1.19877e+09,-4.65339e+08,-6.64065e+08,0.00098797,0.000145549,-6.38981e-24
0,2.0097e+09,2.24068e+07,3.1769e+08,7.99986e+09,-1.35417e+09,6.95952e+08,-8.52648e+08,0.00104464,0.000165134,4.52801e-23
0,1.80703e+09,-2.3038e+07,3.01627e+08,-3.24395e+09,-1.81017e+08,-3.13289e+08,-1.28006e+09,0.00100779,0.00016822,-7.39166e-24
0,1.85392e+09,1.21268e+07,2.90426e+08,1.2413e+09,4.90663e+08,8.27594e+07,-1.16887e+09,0.00100447,0.000157356,2.11856e-25
0,2.11706e+09,3.71298e+07,3.01849e+08,5.0216e+09,-1.04176e+09,-7.17019e+08,-7.21359e+08,0.000975392,0.00013907,1.18007e-23
0,2.13445e+09,746148,3.06623e+08,2.01067e+08,-4.33068e+08,-3.63149e+08,1.3274e+08,0.000884119,0.000127007,-7.45213e-28
0,1.94871e+09,-3.33101e+07,2.76141e+08,8.95912e+08,-3.64243e+08,3.31811e+08,-1.06386e+09,0.00105593,0.000149629,-8.8466e-27
0,1.84932e+09,7.44509e+06,3.01293e+08,-2.2464e+09,5.85113e+08,-2.33673e+07,-1.25354e+09,0.00104213,0.000169784,-2.71984e-24
0,2.06296e+09,-3.95634e+06,3.26958e+08,3.4614e+09,2.12754e+08,-2.13869e+08,-3.49915e+08,0.000997391,0.000158076,1.35936e-24
0,2.18375e+09,754925,3.4497e+08,5.73374e+08,-1.33745e+07,6.10313e+07,-6.1078e+07,0.000910355,0.00014381,5.04273e-28
0,1.93939e+09,-9.49143e+07,2.91695e+08,-8.44156e+09,7.2718e+08,4.80465e+08,-7.7251e+08,0.000951274,0.000143077,-4.47338e-23
0,2.0729e+09,-6.24431e+06,3.12956e+08,-2.33787e+09,-1.52137e+09,3.0036e+08,-1.05609e+09,0.00109212,0.000164883,-6.54743e-24
0,2.0279e+09,-7.84608e+06,3.14083e+08,-4.61053e+08,-5.52444e+07,3.88081e+08,-9.97267e+08,0.000985538,0.000152641,5.60921e-26
0,2.18054e+09,-2.00275e+07,3.23343e+08,-7.57498e+09,-1.18689e+09,-3.90927e+08,-5.57053e+08,0.000975709,0.000144684,-1.4199e-23
0,1.8914e+09,-5.12397e+07,2.72419e+08,1.09997e+09,-5.82133e+08,8.49101e+07,4.59088e+08,0.00103276,0.000148749,-1.51128e-25
0,1.80599e+09,-5.94918e+07,3.01231e+08,-1.46481e+09,-3.22533e+08,-2.17604e+08,-1.11558e+09,0.000996738,0.000166251,-3.41079e-25
0,2.07078e+09,1.11674e+07,3.14942e+08,5.28531e+09,-1.72149e+09,5.79802e+08,-9.60308e+08,0.0010788,0.000164073,2.29001e-23
0,2.08838e+09,-2.61584e+07,3.12295e+08,5.68936e+09,-2.45501e+09,2.36202e+07,-5.05106e+08,0.00103628,0.000154966,3.71194e-23
0,1.98188e+09,1.50144e+06,3.113e+08,-1.05403e+09,2.11995e+08,-4.12781e+07,-1.22139e+09,0.00101911,0.000160075,4.87202e-26
0,2.13085e+09,4.90241e+07,2.99186e+08,1.03352e+10,-9.12912e+08,-1.0852e+08,-9.66603e+08,0.00100988,0.000141795,1.07898e-22
0,1.9322e+09,2.14325e+07,2.98086e+08,1.96884e+09,-5.3247e+08,1.06432e+08,-1.11983e+09,0.00103489,0.000159655,1.3938e-24
0,1.79129e+09,-4.14135e+06,2.72041e+08,1.02189e+10,1.12924e+09,-7.21492e+07,-9.90393e+08,0.00106613,0.000161911,3.07954e-22
0,2.22345e+09,3.93796e+07,3.22716e+08,-8.08852e+09,-6.78402e+08,1.11557e+08,1.80467e+08,0.000950915,0.000138018,4.46249e-24
0,2.11147e+09,-7.28284e+06,3.16555e+08,5.12821e+08,-4.96483e+08,-7.31861e+07,-7.69313e+08,0.000995771,0.000149287,1.1962e-26
0,2.1432e+09,-3.99818e+06,3.30471e+08,9.23399e+08,2.93408e+08,-2.73898e+08,-1.66757e+08,0.00100605,0.000155128,-5.01962e-28
0,2.00635e+09,-466550,3.16538e+08,-1.04822e+09,-3.85932e+08,-4.82725e+08,-1.17981e+09,0.00102679,0.000161995,1.06615e-25
0,1.84963e+09,4.47192e+07,2.91723e+08,-7.27342e+09,-7.99595e+08,-5.05823e+08,-1.01497e+09,0.00111461,0.000175796,-1.04636e-22
0,2.00197e+09,-3.11875e+07,3.10645e+08,2.17674e+09,1.57842e+09,3.95238e+08,-7.35515e+08,0.0009027,0.000140071,8.77966e-25
0,2.1155e+09,1.91244e+06,3.43109e+08,-1.5152e+07,-1.65689e+07,-1.44038e+07,-2.6903e+08,0.000942849,0.000152919,1.66687e-29
0,2.08837e+09,7.01604e+06,3.20697e+08,-2.56352e+09,-9.13107e+08,-3.69831e+08,-7.51816e+08,0.000973634,0.000149515,-1.19157e-24
0,1.77888e+09,-6.76616e+07,3.01753e+08,8.86991e+08,-9.20622e+08,-4.89559e+07,-7.82723e+08,0.000989977,0.000167931,6.33792e-25
0,2.00553e+09,-6.34615e+06,3.10593e+08,1.57018e+08,-1.37807e+09,5.49774e+08,-1.15289e+09,0.00108311,0.00016774,2.66358e-24
0,1.80528e+09,-2.24703e+07,2.81236e+08,1.183e+09,1.33441e+09,4.58828e+08,-1.39387e+09,0.00101277,0.000157775,1.31694e-24
0,2.19313e+09,-1.20747e+07,3.1755e+08,1.17266e+10,-6.04928e+08,2.11813e+08,-1.26311e+07,0.000977029,0.000141467,-2.03112e-24
0,2.05575e+09,-1.48712e+07,2.62277e+08,-1.60665e+09,-1.66095e+09,-5.47955e+08,1.74306e+08,0.00105473,0.000134565,-7.62278e-25
0,1.87242e+09,-3.84183e+07,3.05983e+08,-5.09057e+09,3.30857e+08,2.78678e+08,-1.31985e+09,0.00103824,0.000169664,-3.2834e-23
0,1.89155e+09,1.1665e+07,2.72462e+08,2.82844e+09,5.47184e+08,-1.4371e+08,-9.08873e+08,0.00105405,0.000151828,3.86883e-24
0,1.75818e+09,-3.08353e+07,2.64223e+08,-1.36345e+10,-9.08745e+08,3.3754e+07,-1.62109e+08,0.00102139,0.000153498,-1.20079e-22
0,2.32533e+09,1.09788e+07,3.2903e+08,2.47497e+09,-1.24632e+09,-9.42812e+07,-3.15385e+08,0.000931835,0.000131853,7.87115e-25
0,1.76206e+09,2.17276e+07,2.67784e+08,5.87254e+08,1.61308e+09,3.11865e+08,-9.65427e+08,0.00116341,0.000176806,-2.37878e-25
0,1.83003e+09,-5.5095e+07,3.12789e+08,2.76937e+09,-1.42433e+09,-1.2727e+08,-4.93845e+08,0.0010115,0.000172886,7.47287e-24
0,2.13088e+09,6.10106e+07,3.11969e+08,8.82276e+09,1.57813e+08,-1.51777e+08,-5.92e+08,0.000928669,0.000135961,2.51122e-23
0,2.15885e+09,-4.88502e+06,3.32299e+08,-1.32587e+09,5.29586e+08,6.60148e+07,-5.18746e+08,0.000906592,0.000139546,-5.40003e-26
0,2.12592e+09,-5.6703e+07,2.94379e+08,-5.70833e+09,-7.82699e+08,3.49525e+08,-7.79572e+08,0.00101491,0.000140536,-1.74525e-23
0,1.99465e+09,-3.1178e+07,3.07444e+08,-2.73733e+09,-1.00622e+09,4.56743e+08,-1.22021e+09,0.00107781,0.000166127,-6.31192e-24
0,2.03596e+09,-3.03372e+07,3.21811e+08,-3.96036e+09,-3.54081e+07,-4.97026e+08,-9.54334e+08,0.000992861,0.000156935,-5.71674e-24
0,2.2178e+09,-2.1744e+07,3.0601e+08,-6.24077e+09,-2.19224e+09,-9.03787e+07,-6.98333e+08,0.00102364,0.000141241,-2.8738e-23
0,1.862e+09,-7.32238e+07,2.933e+08,1.24244e+09,-1.26908e+09,4.13048e+08,-8.37595e+08,0.00102495,0.000161449,2.62834e-24
0,2.30508e+09,2.22756e+07,3.24877e+08,4.66841e+09,-1.18659e+09,-1.88472e+08,-3.78193e+08,0.000943194,0.000132934,3.34579e-24
0,1.97074e+09,4.72544e+07,2.89738e+08,8.11443e+09,6.1419e+08,-1.39949e+08,-9.39232e+08,0.00114248,0.000167966,1.26539e-22
0,2.08194e+09,-2.09679e+07,3.27978e+08,-6.27238e+09,-5.73773e+08,-7.04577e+08,-8.39171e+08,0.00100186,0.000157828,-1.50601e-23
0,1.97687e+09,9.60703e+06,3.30117e+08,7.14524e+09,4.85319e+08,3.05309e+08,-8.19174e+08,0.000940577,0.000157067,3.12439e-23
0,2.325e+09,1.05471e+07,3.31946e+08,2.47136e+09,-9.71679e+08,-7.81114e+07,-2.5396e+08,0.000915451,0.000130701,4.18521e-25
0,2.22565e+09,-1.95617e+07,3.17255e+08,-9.07318e+09,-2.07567e+09,-1.80571e+08,-7.34784e+08,0.00108307,0.000154386,-7.70225e-23
0,2.10959e+09,-2.10836e+07,2.91736e+08,-6.45189e+09,9.20833e+08,6.86874e+07,-5.00368e+08,0.00102053,0.000141129,-1.31376e-23
0,1.8044e+09,3.67543e+07,2.96521e+08,-5.2458e+09,-2.47975e+09,-5.50441e+08,-9.89304e+08,0.00104375,0.000171522,-7.77417e-23
0,2.31198e+09,1.66932e+07,3.28376e+08,1.15433e+09,-1.00863e+09,1.14103e+07,-2.26604e+08,0.000921284,0.000130852,1.40984e-25
0,1.8498e+09,-4.62425e+07,3.11673e+08,-1.88666e+09,1.75779e+09,2.55435e+08,-1.20053e+09,0.000995673,0.00016776,-3.12635e-25
0,1.8558e+09,-5.53625e+07,3.07921e+08,-1.93434e+09,-2.46989e+09,-1.09633e+09,-9.1992e+07,0.00091439,0.000151719,-4.64979e-24
0,2.0388e+09,5.7648e+07,3.21927e+08,5.63208e+09,1.08346e+09,9.1118e+07,-7.46862e+08,0.00093816,0.000148136,1.16464e-23
0,2.2556e+09,3.30592e+07,3.10676e+08,6.32216e+09,-1.74953e+09,-9.02452e+07,-4.6933e+08,0.00097644,0.00013449,1.3919e-23
0,1.99555e+09,1.82282e+07,3.20024e+08,1.57842e+09,2.65313e+08,2.79459e+08,-1.09593e+09,0.000994355,0.000159463,3.317e-25
0,2.10826e+09,1.86658e+07,3.34357e+08,7.99721e+09,-6.17223e+06,4.83949e+08,-6.67446e+08,0.000970183,0.000153865,2.76088e-23
0,2.15526e+09,-3.7598e+07,3.15922e+08,-1.33252e+10,-1.51962e+09,-2.46427e+08,-7.977e+08,0.00104706,0.00015348,-1.99712e-22
0,1.90905e+09,-1.13399e+07,2.27237e+08,-5.04837e+09,7.18759e+08,3.01523e+08,-1.20846e+08,0.00101567,0.000120897,3.13945e-25
0,2.0058e+09,3.09305e+06,3.26129e+08,3.16707e+09,4.38116e+08,2.38911e+08,-8.0416e+08,0.000984106,0.000160009,3.1813e-24
0,2.12237e+09,982364,3.1235e+08,1.38247e+10,-9.43774e+08,4.17331e+08,-4.20528e+08,0.00101383,0.000149206,9.03668e-23
0,2.04004e+09,-1.14646e+07,3.16382e+08,-4.54091e+09,4.58555e+07,-8.11844e+07,-9.82557e+08,0.000970464,0.000150506,-8.56156e-24
0,1.95562e+09,-5.5169e+07,2.90586e+08,-4.67517e+09,5.33785e+08,7.32357e+08,-1.32267e+09,0.00102348,0.000152079,-1.59862e-23
0,1.92375e+09,-1.56693e+07,3.25326e+08,-1.03205e+09,6.98653e+08,1.36378e+08,-9.14584e+08,0.000996564,0.000168529,-9.40266e-26
0,1.93161e+09,-4.25605e+07,3.05369e+08,3.56109e+09,1.25177e+09,-2.26819e+08,-6.85612e+08,0.00108056,0.000170826,3.89266e-24
0,1.95698e+09,-4.6369e+07,3.16177e+08,-1.43838e+10,-2.87875e+08,-1.66886e+08,-8.15937e+08,0.000994976,0.000160752,-3.2514e-22
0,2.01023e+09,3.8255e+07,3.25493e+08,4.19333e+09,9.62298e+08,-3.28845e+08,-6.20978e+08,0.000913096,0.000147847,2.29524e-24
0,1.94104e+09,4.04854e+06,2.95454e+08,3.86306e+09,-7.63889e+08,1.993e+08,-1.39526e+09,0.00107529,0.000163674,1.60174e-23
0,1.94601e+09,5.09629e+07,3.04924e+08,4.97124e+09,2.95123e+09,-8.04431e+07,-6.05712e+08,0.000900674,0.000141128,-9.91835e-24
0,2.12279e+09,-4.27218e+07,2.73155e+08,1.12576e+09,3.38247e+08,-3.08379e+08,2.95193e+08,0.00110708,0.000142456,-9.24994e-26
0,2.23732e+09,1.18535e+07,3.26817e+08,2.76962e+09,-1.36466e+09,6.76537e+07,-8.22948e+08,0.00101268,0.000147927,3.17767e-24
0,1.80724e+09,-4.75851e+07,3.17798e+08,-1.25313e+10,5.9891e+08,-3.24557e+08,-7.06734e+08,0.000951212,0.000167268,-2.39772e-22
0,2.10528e+09,2.94298e+07,2.92719e+08,-1.11393e+10,8.79135e+08,1.10085e+08,3.65844e+08,0.00102936,0.000143123,6.30912e-23
0,2.10237e+09,-4.90636e+07,3.0574e+08,-3.0663e+09,-6.76986e+08,1.52712e+08,-6.40591e+08,0.00104421,0.000151855,-2.92922e-24
0,2.12557e+09,-291397,3.43318e+08,-7.21111e+08,-5.70173e+07,-9.41229e+07,-1.84696e+08,0.000939421,0.000151733,-3.5528e-27
0,1.87626e+09,1.59283e+07,3.23795e+08,2.37599e+09,9.62401e+08,-6.13279e+07,-1.11715e+09,0.00098387,0.000169791,2.19452e-24
0,2.05149e+09,1.48141e+06,3.32919e+08,-2.05071e+09,-4.28761e+08,-1.61827e+08,-8.30143e+08,0.00101707,0.000165052,-7.68951e-25
0,2.25643e+09,-1.70603e+07,3.22975e+08,2.08976e+09,-3.49599e+08,7.24298e+07,-1.7204e+08,0.00106375,0.000152259,1.42466e-25
0,2.04485e+09,1.9406e+07,3.30738e+08,4.52037e+09,-1.55077e+07,1.16589e+08,9.98727e+07,0.00100279,0.000162193,-1.05719e-24
0,2.04697e+09,-4.91044e+07,3.28884e+08,-9.4717e+09,6.20618e+08,-6.92823e+08,-6.62731e+08,0.000904927,0.000145394,-4.63945e-23
0,1.93033e+09,-2.32933e+07,3.07186e+08,-3.25591e+09,-2.623e+08,-1.75243e+06,-1.13258e+09,0.00101246,0.00016112,-5.59353e-24
0,1.99654e+09,-1.17643e+07,2.89144e+08,3.47236e+09,-2.10382e+09,7.56649e+07,-8.61098e+08,0.00103134,0.000149362,2.00587e-23
0,2.16923e+09,-138659,3.44544e+08,-6.50925e+07,-1.25429e+07,1.27024e+07,-1.52952e+08,0.000917907,0.000145794,1.09479e-29
0,2.1166e+09,2.66778e+07,3.2731e+08,7.48376e+09,3.9976e+08,3.38733e+08,-6.55753e+08,0.000932507,0.000144202,1.97342e-23
0,2.04433e+09,-1.13991e+07,3.2953e+08,-3.35962e+09,-3.89805e+08,-3.52761e+08,-9.44097e+08,0.00100819,0.000162512,-3.33701e-24
0,2.12357e+09,-513026,3.42932e+08,-7.98811e+08,-2.67731e+07,-8.64392e+07,-2.83925e+08,0.000935754,0.000151113,-7.75786e-27
0,2.27696e+09,2.89413e+07,3.27776e+08,5.14151e+09,-4.73297e+08,-2.03443e+08,-3.61636e+08,0.000920116,0.000132454,2.49415e-24
0,1.97872e+09,1.44363e+07,3.16561e+08,-4.07199e+08,2.47992e+08,2.2209e+08,-9.89539e+08,0.000989738,0.000158341,2.7373e-26
0,2.01043e+09,2.08048e+07,3.19475e+08,3.40296e+09,9.1831e+07,-9.78118e+07,-1.09261e+09,0.00101755,0.000161697,5.09306e-24
0,1.90064e+09,8.18336e+07,3.07052e+08,1.05229e+10,2.081e+09,3.66337e+07,-6.84463e+08,0.000945801,0.000152796,8.82578e-23
0,2.1877e+09,2.53843e+07,3.32858e+08,6.88417e+09,-4.10675e+08,3.0853e+08,-5.92436e+08,0.000957886,0.000145742,1.12255e-23
0,2.0319e+09,1.91906e+06,3.02529e+08,1.32848e+09,-4.3501e+08,2.26464e+07,-1.09231e+09,0.000985353,0.00014671,2.02208e-25
0,1.74423e+09,-6.56169e+07,2.69633e+08,-1.00667e+10,-1.03959e+09,-1.31557e+08,-9.59095e+07,0.00103391,0.000159827,-2.38243e-23
0,1.86261e+09,1.41395e+07,2.8641e+08,5.30941e+09,2.03785e+09,1.697e+08,-1.09157e+09,0.000944297,0.000145203,2.25751e-23
0,2.27764e+09,2.80343e+07,3.13853e+08,-5.55821e+09,8.40304e+07,1.43687e+08,4.92913e+06,0.000980554,0.000135118,1.13196e-25
0,1.94645e+09,-3.53521e+07,3.21924e+08,-4.60317e+09,9.40117e+08,-1.7457e+08,-1.01377e+09,0.000966854,0.000159908,-1.32581e-23
0,1.96406e+09,-1.66897e+07,3.32511e+08,-3.39202e+09,1.66209e+07,-4.01759e+08,-8.42554e+08,0.000979458,0.00016582,-3.65647e-24
0,1.95089e+09,-3.44475e+06,2.93869e+08,2.52652e+08,-1.02508e+09,3.00349e+08,-1.46588e+09,0.00108785,0.000163867,1.33885e-24
0,2.20538e+09,-2.85547e+07,3.21325e+08,-1.19711e+10,-1.27072e+09,-3.39471e+08,-4.5562e+08,0.000965926,0.000140736,-4.2671e-23
0,2.2261e+09,-1.18259e+07,3.13632e+08,2.57944e+09,-1.83878e+09,3.12106e+07,-9.22013e+07,0.000920974,0.000129755,1.72271e-24
0,1.86404e+09,5.80093e+06,2.84975e+08,-1.58941e+09,-2.34251e+08,4.10443e+08,-1.10266e+09,0.00110033,0.000168219,-5.09729e-25
0,1.81671e+09,2.2972e+07,2.85212e+08,-6.88614e+09,-9.07069e+08,-2.45988e+08,-1.17597e+09,0.00111438,0.00017495,-1.28669e-22
0,1.76959e+09,1.22315e+07,2.78039e+08,-7.76128e+09,-1.1114e+09,-2.11364e+08,-1.02875e+09,0.00104121,0.000163596,-1.35615e-22
0,2.1013e+09,-3.50235e+07,3.28643e+08,-7.98372e+09,-6.30853e+08,-6.4594e+08,-6.88229e+08,0.000969627,0.000151649,-2.19279e-23
0,2.2976e+09,1.83344e+07,3.30731e+08,2.52436e+09,-7.49332e+08,-1.93778e+08,-3.30554e+08,0.000938084,0.000135034,4.77656e-25
0,2.11541e+09,86398,3.42813e+08,-6.83423e+08,2.98886e+07,-3.07916e+07,-2.95425e+08,0.000931592,0.000150969,-5.15502e-27
0,2.22761e+09,8.02666e+06,3.35851e+08,-2.41824e+09,4.35004e+08,-2.11503e+07,1.68918e+07,0.000906401,0.000136655,2.23738e-26
0,1.95319e+09,3.13594e+07,3.22658e+08,-4.42985e+06,2.6421e+08,2.85451e+08,-9.35891e+08,0.000990245,0.000163584,-1.65878e-26
0,1.87475e+09,-4.14684e+07,3.17386e+08,-3.76231e+09,8.28784e+08,2.99514e+08,-8.94958e+08,0.000979873,0.000165887,-5.90308e-24
0,1.70552e+09,2.04892e+07,2.84389e+08,-4.67087e+09,-8.56563e+08,-3.17421e+08,-1.07223e+09,0.00100618,0.000167777,-2.90314e-23
0,2.07298e+09,3.03334e+07,3.14165e+08,6.69774e+09,-6.36616e+08,-2.78334e+07,-9.29334e+08,0.00098831,0.00014978,2.82861e-23
0,2.04873e+09,5.77866e+06,3.21379e+08,-7.11043e+08,-5.82516e+08,-5.36433e+08,-9.53515e+08,0.00103334,0.000162097,-7.45441e-26
0,1.86744e+09,4.47629e+07,3.1045e+08,1.0383e+09,7.51745e+08,-1.61361e+08,-1.1249e+09,0.00098106,0.000163095,9.09495e-26
0,1.87392e+09,-4.47184e+07,3.20443e+08,-2.13309e+09,1.33974e+09,5.19961e+08,-7.67949e+08,0.000969139,0.000165725,1.21108e-25
0,1.88988e+09,-5.05443e+07,3.07946e+08,-4.49773e+09,2.81931e+07,4.03655e+08,-1.24292e+09,0.00108126,0.000176185,-2.48577e-23
0,1.94843e+09,4.049e+07,3.09735e+08,4.05981e+09,1.23319e+09,-3.04036e+08,-1.03359e+09,0.000957995,0.000152289,5.93844e-24
0,2.07437e+09,4.56062e+07,2.87102e+08,1.8707e+09,-2.95836e+09,1.39221e+07,-6.82453e+08,0.00100098,0.00013854,1.41765e-23
0,2.02834e+09,2.57071e+07,3.07826e+08,6.71199e+09,-2.37279e+08,4.9617e+07,-1.02548e+09,0.000980444,0.000148795,3.19383e-23
0,1.9286e+09,585551,2.70493e+08,6.08029e+09,5.89458e+08,7.10511e+07,-9.23637e+08,0.00108901,0.000152738,4.84161e-23
0,2.03667e+09,-1.69322e+07,3.20896e+08,-1.91588e+09,-3.63817e+08,-1.23987e+07,-8.72771e+08,0.000993373,0.000156515,-6.27376e-25
0,1.93089e+09,3.54812e+07,3.02868e+08,-5.60067e+09,-2.37633e+09,5.20316e+08,-8.87355e+08,0.00110225,0.000172892,-1.06426e-22
0,1.89622e+09,-4.2362e+07,3.11324e+08,-7.91632e+09,1.39972e+09,1.47696e+08,2.70202e+08,0.000909832,0.000149377,2.29329e-23
0,2.06078e+09,-5.32872e+06,3.24538e+08,-2.47349e+09,-6.28659e+08,-7.21682e+08,-8.18706e+08,0.00102161,0.000160887,1.93189e-26
0,2.13313e+09,1.5267e+07,3.25903e+08,-6.26472e+07,-7.29747e+08,8.5236e+07,-8.4435e+08,0.000985152,0.000150513,3.0816e-26
0,1.93125e+09,6.06652e+07,2.95382e+08,7.93466e+09,5.77317e+08,-1.51145e+08,-8.59167e+08,0.000959581,0.000146767,4.98637e-23
0,1.88079e+09,1.28761e+07,2.85875e+08,2.25911e+09,2.18971e+08,-2.95882e+08,-9.22385e+08,0.000976994,0.000148501,1.20455e-24
0,1.94065e+09,5.70026e+07,3.02603e+08,1.07646e+10,1.06525e+09,-1.26919e+08,-1.11035e+09,0.000961763,0.000149966,1.60059e-22
0,2.05957e+09,-1.17421e+07,3.32243e+08,-1.92288e+09,-4.25106e+08,-7.4509e+07,-7.6051e+08,0.000974635,0.000157225,-5.10608e-25
0,1.83847e+09,5.80958e+06,3.01585e+08,-5.03892e+09,-2.10412e+09,-1.26161e+08,-1.04652e+09,0.00105315,0.000172759,-6.8699e-23
0,1.86801e+09,1.99365e+07,3.00086e+08,-6.23492e+09,-2.00109e+09,1.39986e+08,-1.1009e+09,0.00107462,0.000172633,-1.16847e-22
0,2.11557e+09,1.25907e+07,3.00716e+08,1.44078e+09,-1.70981e+09,1.21315e+08,-9.9072e+08,0.00102932,0.000146311,3.42864e-24
0,2.22564e+09,1.70943e+07,3.36835e+08,-2.8273e+09,-2.52472e+08,6.06878e+07,4.82401e+07,0.000887097,0.000134256,2.71049e-26
0,2.00037e+09,-8.6047e+06,3.19767e+08,6.28003e+08,2.1554e+08,-6.27227e+07,-9.47167e+08,0.000948546,0.000151629,-2.17221e-26
0,2.04828e+09,-1.60622e+07,3.2831e+08,-1.1711e+09,-4.45613e+07,1.02711e+08,-8.51762e+08,0.00098645,0.000158113,-6.48128e-26
0,1.77946e+09,2.41296e+07,2.7822e+08,4.45625e+07,9.7481e+08,-2.51696e+08,-1.34251e+09,0.000998635,0.000156137,1.77388e-26
0,1.80901e+09,-5.91726e+06,2.7399e+08,7.682e+09,1.67543e+09,-6.00606e+08,-6.75611e+08,0.000904214,0.000136951,1.51843e-23
0,1.86172e+09,-2.4542e+07,3.09194e+08,-4.74355e+09,-7.59139e+08,-1.12772e+08,-1.14524e+09,0.00104305,0.00017323,-2.72302e-23
0,2.22403e+09,1.98395e+07,3.39362e+08,-2.7895e+09,-5.44555e+08,-1.37618e+08,1.50718e+08,0.000861936,0.000131522,1.60937e-25
0,2.14539e+09,-1.86447e+07,3.24554e+08,-6.86852e+09,-1.02613e+09,-6.00317e+08,-7.50101e+08,0.00100636,0.000152242,-1.52728e-23
0,2.07224e+09,4.40434e+07,3.16079e+08,7.2156e+09,5.09641e+08,1.28753e+08,-7.03333e+08,0.000947941,0.00014459,2.19636e-23
0,1.93667e+09,-2.38689e+07,3.02779e+08,-3.86117e+09,-1.29727e+08,2.93777e+08,-1.43333e+09,0.00104531,0.000163424,-1.30559e-23
0,2.2034e+09,2.20633e+07,3.35881e+08,-2.64774e+09,-6.49372e+08,1.16787e+08,2.84465e+07,0.000878358,0.000133895,-8.85676e-26
0,1.88812e+09,-2.53724e+07,3.09405e+08,-6.98942e+09,-5.42785e+08,-1.4807e+08,-1.183e+09,0.00105857,0.000173467,-8.63654e-23
0,2.30916e+09,1.51332e+07,3.33209e+08,-2.28895e+09,4.37516e+08,1.7326e+08,1.35137e+08,0.000900105,0.000129884,1.11334e-25
0,2.19652e+09,3.45862e+07,3.19623e+08,4.29128e+09,-6.2013e+08,-3.93191e+08,-6.87456e+08,0.00101675,0.00014795,5.69203e-24
0,2.02237e+09,190037,3.37748e+08,-2.09743e+09,-1.99793e+08,-2.19081e+08,-5.01703e+08,0.000970032,0.000162001,-3.77945e-25
0,2.29824e+09,1.60433e+07,3.30573e+08,4.1472e+09,-7.2917e+08,-1.01267e+08,-2.12115e+08,0.000911494,0.000131107,9.07183e-25
0,2.1078e+09,-3.39123e+07,3.23317e+08,-8.57722e+09,-6.75612e+08,-6.20797e+08,-7.72976e+08,0.000976418,0.000149773,-3.29636e-23
0,1.92799e+09,3.02444e+07,3.13124e+08,3.07014e+09,-8.1161e+07,-3.86172e+08,-1.19148e+09,0.00102789,0.000166939,4.89101e-24
0,2.13617e+09,1.64846e+07,3.1456e+08,2.03662e+09,-1.67471e+09,2.33641e+08,-9.95593e+08,0.00105385,0.000155183,5.20805e-24
0,2.06506e+09,5.37765e+07,3.1133e+08,7.28104e+09,5.52279e+08,-1.76646e+08,-7.35717e+08,0.000969372,0.000146144,2.44588e-23
0,2.20448e+09,2.17413e+07,3.37307e+08,-1.73896e+09,-8.51846e+08,9.68758e+07,4.66313e+07,0.000870499,0.000133195,-8.59283e-26
0,2.26707e+09,2.69874e+07,3.19778e+08,-1.92732e+09,-6.5653e+07,3.97222e+08,5.92489e+07,0.000885396,0.000124888,7.06388e-27
0,2.058e+09,-3.06628e+07,3.23104e+08,-6.47562e+09,-7.97349e+07,-9.08752e+07,-7.59239e+08,0.000962389,0.000151094,-1.81042e-23
0,2.05201e+09,-3.67337e+07,3.04842e+08,-4.58738e+08,-1.60911e+09,2.79949e+08,-8.76192e+08,0.0010518,0.000156254,2.3202e-25
0,2.03513e+09,-7.22845e+06,3.35532e+08,-1.83211e+09,-2.76628e+07,-2.06166e+08,-6.41346e+08,0.000965236,0.000159138,-3.1094e-25
0,1.95526e+09,1.3729e+07,3.16919e+08,3.16503e+09,-5.55163e+08,-4.99234e+08,-1.07874e+09,0.00103615,0.000167945,5.99689e-24
0,2.15563e+09,-1.03685e+06,3.43668e+08,2.1449e+08,-2.5093e+07,1.45789e+07,-2.24399e+08,0.000919822,0.000146645,-7.52433e-30
0,1.98145e+09,2.15945e+07,3.08016e+08,1.25353e+09,-2.70207e+08,3.12584e+08,-8.77939e+08,0.001026,0.000159492,7.56205e-26
0,2.15195e+09,-5.68015e+07,3.02371e+08,-1.01243e+10,-1.14898e+09,2.74878e+08,-7.49204e+08,0.0010011,0.000140665,-8.02506e-23
0,1.79967e+09,8.1485e+07,3.0447e+08,5.63335e+09,1.95892e+08,-7.1443e+08,-8.16523e+08,0.000932015,0.000157679,1.89097e-23
0,1.90224e+09,-3.98886e+07,3.11052e+08,-2.57752e+09,5.42401e+08,2.77813e+08,-1.18277e+09,0.00101087,0.000165297,-2.54219e-24
0,1.90679e+09,-2.63295e+07,3.2249e+08,-4.9336e+09,9.59153e+08,4.77689e+07,-8.23e+08,0.000928142,0.000156974,-1.04135e-23
0,1.7955e+09,-4.58811e+07,3.00796e+08,-3.54456e+09,1.95593e+09,2.90858e+08,-1.45039e+09,0.00098353,0.000164768,-8.06228e-24
0,1.81851e+09,-5.82875e+07,3.05518e+08,3.97272e+09,-4.45382e+08,2.03016e+08,-5.41297e+08,0.000950736,0.000159727,4.77295e-24
0,1.98845e+09,-2.99385e+07,3.07788e+08,-5.26738e+08,-3.96389e+08,3.23821e+08,-1.03066e+09,0.00103148,0.00015966,1.46286e-25
0,2.14509e+09,-2.83005e+07,3.31968e+08,-4.17543e+09,-1.21324e+08,-2.83201e+08,-7.20257e+08,0.000963799,0.000149155,-3.53665e-24
0,1.99136e+09,-4.64958e+06,3.36987e+08,-1.19651e+09,3.49604e+08,-4.59468e+07,-5.90291e+08,0.000952638,0.00016121,-9.90949e-26
0,2.04841e+09,2.93107e+07,3.11722e+08,4.52949e+09,-1.61847e+09,3.47724e+08,-1.08558e+09,0.00109617,0.000166812,2.50032e-23
0,2.15336e+09,-5.73648e+06,3.15569e+08,-4.47956e+09,-1.55507e+09,-2.51303e+08,-8.24431e+08,0.00100173,0.000146801,-9.73858e-24
0,1.92355e+09,6.7109e+07,3.09602e+08,9.16414e+09,2.47525e+07,-4.5828e+08,-7.36089e+08,0.000939943,0.000151288,6.1984e-23
0,2.15463e+09,-650435,3.43685e+08,2.62388e+08,-1.41409e+07,4.13043e+07,-2.22622e+08,0.00092061,0.000146847,4.38273e-29
0,1.95733e+09,2.76751e+07,3.13072e+08,5.91362e+08,-8.69913e+08,8.75058e+07,-8.92269e+08,0.00104453,0.00016707,4.03619e-25
0,2.22078e+09,-1.7562e+07,3.33049e+08,-3.89995e+09,-6.88029e+08,-1.91435e+08,-4.98053e+08,0.00095961,0.000143912,-1.69207e-24
0,1.81578e+09,1.54803e+07,2.97073e+08,7.82204e+08,1.91635e+09,-4.54389e+08,-1.48049e+09,0.00100506,0.000164434,-6.33764e-26
0,1.91522e+09,4.03465e+07,2.75932e+08,4.57641e+09,-1.32075e+08,-2.40593e+08,-1.26605e+09,0.00105186,0.000151545,2.25893e-23
0,1.95393e+09,-1.76583e+07,3.1233e+08,-4.51554e+09,-4.54601e+08,1.07945e+08,-1.18277e+09,0.00103838,0.000165983,-1.82897e-23
0,2.16538e+09,3.85252e+07,2.81797e+08,-2.73138e+09,3.40601e+08,-1.12496e+08,2.84921e+08,0.00105835,0.000137731,5.92918e-25
0,2.06683e+09,1.42616e+07,3.31036e+08,5.8154e+09,4.96551e+07,2.58801e+08,-4.49086e+08,0.000925727,0.00014827,6.39474e-24
0,2.13825e+09,687045,3.44036e+08,4.53397e+08,-4.17564e+07,1.49355e+07,-2.31272e+08,0.000937419,0.000150827,1.05065e-27
0,1.80081e+09,1.88014e+07,2.64518e+08,2.50131e+09,1.49439e+09,-1.45271e+08,-1.27995e+09,0.00102149,0.000150045,3.70198e-24
0,1.95774e+09,2.6412e+07,2.98411e+08,8.20445e+08,-5.6752e+08,-4.52325e+08,-9.67145e+08,0.000999539,0.000152356,-1.60815e-25
0,2.18295e+09,-7.68945e+06,3.21704e+08,-3.61539e+09,-1.87118e+09,-3.994e+08,-7.91723e+08,0.00104505,0.00015401,-9.18797e-24
0,1.90613e+09,5.15562e+06,3.23766e+08,9.43692e+07,3.80314e+08,-7.55006e+06,-1.16587e+09,0.000999456,0.000169763,-1.68005e-26
0,1.85747e+09,2.13391e+07,3.14432e+08,3.22764e+09,2.27992e+09,3.99994e+07,-7.96552e+08,0.00092292,0.000156231,-1.08427e-24
0,2.02012e+09,4.75583e+07,2.84022e+08,5.18977e+09,-7.87141e+08,-2.10729e+08,-1.12605e+09,0.00108563,0.000152636,3.14977e-23
0,2.24828e+09,-8.01073e+06,3.18496e+08,-5.27827e+09,-7.66648e+08,1.85947e+08,-1.26541e+08,0.000902653,0.000127871,-1.46933e-24
0,1.97833e+09,3.84796e+06,2.94289e+08,-2.87551e+09,-1.10343e+09,-2.92397e+08,-1.38698e+09,0.00109831,0.000163381,-9.02823e-24
0,2.08771e+09,1.8223e+07,3.25921e+08,6.31972e+09,7.76219e+08,6.00796e+08,-6.61289e+08,0.000941404,0.000146966,1.707e-23
0,1.90292e+09,-2.90742e+07,3.17118e+08,-1.74827e+09,8.5678e+08,2.73887e+08,-1.13335e+09,0.00099246,0.000165391,-5.86473e-25
0,2.04252e+09,-738324,3.25594e+08,1.19526e+09,1.45125e+08,-9.50251e+07,-8.88867e+08,0.000965519,0.000153911,6.45581e-26
0,1.71937e+09,3.85562e+07,2.56933e+08,4.48217e+09,2.35907e+09,-2.74774e+08,-1.32543e+09,0.0010232,0.000152901,1.69485e-23
0,2.27866e+09,3.43704e+07,3.13688e+08,2.55893e+09,-8.4883e+08,-2.89258e+07,-2.5196e+08,0.000977495,0.000134565,5.27926e-25
0,2.0271e+09,-1.44449e+06,3.32226e+08,-4.88336e+09,8.12266e+08,-3.11756e+08,-6.11761e+08,0.000920726,0.0001509,-6.98803e-24
0,1.88561e+09,2.57932e+07,2.85545e+08,1.35491e+09,1.14855e+08,-7.28439e+08,-1.04587e+09,0.000997226,0.000151014,-3.72123e-26
0,2.24153e+09,4.10312e+07,3.16839e+08,-5.65386e+09,-6.57067e+08,1.33374e+08,8.60206e+07,0.0009794,0.000138438,3.19338e-25
0,1.7689e+09,-2.24347e+07,2.92603e+08,-1.74083e+09,3.47555e+09,2.66956e+08,-9.20087e+08,0.000883525,0.000146149,9.05312e-24
0,2.06258e+09,-2.71815e+07,3.15433e+08,6.66239e+09,1.23143e+09,-6.903e+07,-2.75769e+08,0.00104205,0.000159363,7.11101e-24
0,1.94438e+09,-2.67694e+07,2.98507e+08,-5.39005e+09,-7.75086e+08,-4.06214e+08,-1.33002e+09,0.00108195,0.000166104,-3.88934e-23
0,1.90042e+09,-2.68082e+07,3.20984e+08,-7.4562e+08,1.12003e+09,3.52866e+08,-1.00162e+09,0.000985576,0.000166465,-3.61319e-27
0,2.1135e+09,-3.83445e+07,3.23966e+08,-7.40065e+09,1.72514e+08,-1.44507e+08,-4.89028e+08,0.000987894,0.000151428,-1.79941e-23
0,2.12294e+09,2.59113e+07,3.31621e+08,6.29418e+09,2.63283e+08,5.76457e+08,-6.14688e+08,0.000959193,0.000149834,1.2784e-23
0,2.12709e+09,2.75138e+07,3.03823e+08,3.66851e+09,-1.71065e+09,1.99345e+08,-9.6143e+08,0.00102381,0.000146235,1.06906e-23
0,2.18196e+09,-2.62772e+07,3.24197e+08,-1.04214e+10,-1.37964e+09,-4.88558e+08,-6.94485e+08,0.00102195,0.000151842,-5.78133e-23
0,1.82833e+09,1.86934e+07,2.7765e+08,2.78488e+09,2.25056e+08,-1.06245e+09,-1.03369e+09,0.00100247,0.000152235,2.12014e-24
0,1.89159e+09,-4.08488e+07,3.10733e+08,-1.27299e+09,1.22198e+09,2.65868e+08,-1.20961e+09,0.000992053,0.000162965,-1.94429e-25
0,2.30335e+09,135102,3.32711e+08,6.65248e+08,-3.4329e+07,2.07656e+06,9.42101e+06,0.000871405,0.000125871,-8.79285e-29
0,2.03945e+09,1.68404e+06,3.11214e+08,-2.83976e+08,-7.93362e+08,-7.04069e+08,-1.10533e+09,0.00103973,0.00015866,-5.07612e-25
0,2.09208e+09,-3.23008e+07,2.97584e+08,3.68595e+08,-8.92903e+08,-2.40441e+08,-1.64546e+08,0.000903083,0.000128457,-2.34437e-27
0,2.20009e+09,-4.39031e+07,3.2486e+08,-6.72642e+09,1.12688e+08,9.54034e+07,-4.67297e+08,0.000910805,0.000134487,-6.81582e-24
0,1.96176e+09,-6.80374e+07,2.85107e+08,-3.78707e+09,5.31901e+08,4.55349e+08,-9.30693e+08,0.000953709,0.000138605,-4.27768e-24
0,1.86709e+09,-2.86686e+06,2.67888e+08,1.50407e+09,-2.04515e+08,2.14125e+08,-1.3367e+09,0.00106876,0.000153345,2.1027e-25
0,1.64222e+09,-5.91486e+07,2.7166e+08,-3.29962e+09,-1.75288e+09,-6.32981e+07,-462634,0.000987552,0.000163363,-1.03276e-23
0,2.07996e+09,4.1715e+07,3.10302e+08,-6.42103e+09,-1.2924e+09,-5.23352e+08,3.96392e+08,0.000994073,0.000148303,1.8312e-23
0,2.09258e+09,-4.29945e+07,3.21912e+08,-1.21321e+10,-6.1875e+08,-5.39817e+08,-7.69363e+08,0.000981392,0.000150973,-1.10485e-22
0,2.13047e+09,9.71977e+06,3.08579e+08,1.68233e+09,-1.94845e+09,3.89065e+08,-8.82605e+08,0.00102907,0.000149052,5.52572e-24
0,2.14619e+09,-8304.36,3.43638e+08,3.69051e+07,4.63572e+07,4.42213e+07,-2.29738e+08,0.000921587,0.00014756,-3.76347e-29
0,1.95186e+09,-1.04485e+07,3.07373e+08,-1.95874e+09,-1.49839e+09,8.70756e+07,-1.14349e+09,0.00109218,0.000171993,-7.13577e-24
0,1.84761e+09,3.43437e+07,2.80519e+08,-4.99354e+09,-1.13222e+09,-2.77759e+08,-9.44834e+08,0.00101872,0.000154671,-2.50311e-23
0,2.00559e+09,-2.3117e+06,3.27415e+08,-3.43737e+08,-2.14151e+08,-6.10129e+07,-9.84097e+08,0.00100109,0.000163429,2.33879e-26
0,2.16181e+09,-586603,3.42704e+08,-1.58408e+09,-1.94563e+08,-3.23752e+08,-2.24537e+08,0.000967471,0.00015337,-1.12454e-26
0,2.24684e+09,4.19343e+07,3.13144e+08,3.23406e+09,6.70155e+08,1.5576e+08,5.71842e+07,0.000977281,0.000136205,-4.25315e-26
0,2.02252e+09,-4.38903e+07,3.23281e+08,-1.18322e+10,2.52352e+08,-5.37069e+08,-7.23333e+08,0.000943778,0.000150854,-1.10579e-22
0,2.13246e+09,1.65604e+07,3.30896e+08,3.13787e+09,-4.59042e+08,3.89428e+08,-7.03254e+08,0.00100175,0.000155443,1.42782e-24
0,1.7863e+09,-7.90254e+06,2.96723e+08,-2.99564e+09,-1.37664e+09,2.86157e+08,2.79759e+08,0.00096657,0.000160557,-2.01461e-24
0,1.90901e+09,-2.21042e+07,2.99454e+08,-3.33664e+09,-5.99486e+08,3.53001e+08,-1.31645e+09,0.0010775,0.00016902,-1.12872e-23
0,1.65833e+09,-1.38473e+07,2.73383e+08,2.75044e+09,-2.30823e+08,7.07868e+06,-5.88415e+07,0.000979643,0.000161498,3.6845e-25
0,1.83151e+09,4.48067e+07,2.50935e+08,3.83996e+09,2.14451e+08,-3.77762e+08,-1.32263e+09,0.00109639,0.000150216,1.90595e-23
0,1.92321e+09,-2.13124e+07,2.97024e+08,2.30269e+09,2.40756e+07,7.5549e+08,-1.20646e+09,0.0010203,0.000157577,8.9569e-25
0,2.18269e+09,4.00791e+06,3.1918e+08,2.79658e+09,-1.33458e+09,-1.76961e+08,-7.80874e+08,0.00100182,0.000146499,3.43894e-24
0,1.84005e+09,-4.21176e+07,2.94611e+08,-3.62033e+09,8.08815e+08,4.535e+08,-1.3444e+09,0.00100388,0.000160732,-9.13434e-24
0,1.89824e+09,-2.07531e+07,3.02243e+08,-3.8555e+09,1.39468e+08,3.61174e+08,-1.29359e+09,0.00107085,0.000170504,-1.43034e-23
0,1.94385e+09,2.33228e+07,3.04417e+08,2.40175e+09,2.26902e+08,-4.20598e+08,-1.32868e+09,0.00101514,0.000158976,1.6996e-24
0,2.04902e+09,-3.75394e+06,3.19728e+08,-5.3279e+09,-1.24216e+09,-3.78112e+08,-8.08605e+08,0.00100784,0.000157263,-1.35836e-23
0,2.15979e+09,3.76878e+07,3.04067e+08,1.06494e+10,-2.48548e+08,-3.99009e+08,-6.51689e+08,0.00099043,0.000139439,6.59927e-23
0,2.32592e+09,8.4972e+06,3.3613e+08,1.75913e+09,-5.25076e+08,-7.94554e+07,-1.22626e+08,0.000880637,0.000127265,5.13112e-26
0,2.11953e+09,4.81793e+06,2.71992e+08,1.07317e+09,3.57926e+08,1.38215e+08,3.31025e+08,0.000949101,0.000121795,-3.1378e-26
0,1.94531e+09,-2.90157e+07,3.0444e+08,-2.20859e+09,-3.7388e+08,3.84835e+08,-1.21946e+09,0.00103105,0.00016136,-1.63546e-24
0,2.05741e+09,1.235e+07,3.23167e+08,-4.42173e+07,-4.28578e+08,-1.78106e+08,-1.06224e+09,0.00101873,0.000160017,-5.48975e-26
0,2.18465e+09,6.17668e+06,3.01e+08,-2.82522e+09,-5.14268e+07,-1.66967e+08,2.54729e+08,0.000929179,0.000128022,3.2678e-25
0,1.76685e+09,8.04911e+06,2.78019e+08,-1.33183e+09,2.87121e+08,-1.68575e+08,-1.64685e+09,0.00107556,0.000169243,5.76145e-25
0,1.95316e+09,-3.26577e+07,3.05385e+08,-2.69483e+09,-3.70752e+08,5.4932e+08,-1.09821e+09,0.00102837,0.00016079,-3.00995e-24
0,2.3078e+09,1.8412e+07,3.27839e+08,3.62202e+09,-9.1375e+08,-1.6396e+08,-2.87458e+08,0.000920781,0.000130803,1.0658e-24
0,2.18733e+09,-1.6022e+07,3.38874e+08,-5.68481e+09,-3.66075e+08,-5.0922e+08,-4.42065e+08,0.000946612,0.000146655,-3.59051e-24
0,1.98128e+09,-3.42457e+07,3.18864e+08,-2.16775e+09,2.46032e+09,3.59827e+08,-5.48676e+08,0.000853036,0.000137286,2.19695e-24
0,2.11977e+09,5.29141e+07,2.95283e+08,7.95243e+09,1.4881e+08,-5.02306e+08,-7.40171e+08,0.000998995,0.000139159,3.27994e-23
0,1.75093e+09,2.19485e+07,2.98354e+08,-3.96595e+09,-4.71383e+08,7.05186e+07,-1.04235e+09,0.00104255,0.000177648,-1.95609e-23
0,2.00461e+09,-3.89818e+07,3.09868e+08,6.66643e+08,-9.56324e+08,-5.52423e+08,-8.67634e+08,0.00100231,0.000154935,-3.64295e-25
0,1.76454e+09,457978,2.59527e+08,9.54006e+09,5.32296e+08,2.14724e+08,-1.07559e+09,0.00110838,0.000163019,3.75096e-22
0,2.07149e+09,6.57974e+07,3.06566e+08,7.3675e+09,2.86723e+08,-3.48895e+08,-7.97415e+08,0.000972852,0.000143975,2.73676e-23
0,1.70654e+09,-2.80402e+07,2.39251e+08,-4.32606e+09,-1.70617e+07,-7.83696e+08,-1.48319e+08,0.00108267,0.000151787,-3.95625e-24
0,1.93223e+09,-2.84301e+07,3.04303e+08,-6.2772e+09,-3.1362e+08,-7.43106e+07,-1.24505e+09,0.00105629,0.000166353,-5.77575e-23
0,2.03499e+09,5.92126e+07,2.99833e+08,8.89449e+09,2.89664e+08,-8.49995e+08,-8.0491e+08,0.000963981,0.000142032,4.77977e-23
0,1.93444e+09,-5.35322e+07,3.07909e+08,-3.05652e+09,4.68013e+08,5.94757e+08,-1.03068e+09,0.00101955,0.000162283,-3.2245e-24
0,2.11515e+09,-2.66653e+07,3.36718e+08,-5.97704e+09,-4.3707e+08,-7.9417e+08,-3.29341e+08,0.000920729,0.000146574,-1.31602e-24
0,2.16671e+09,3.56088e+07,3.31167e+08,1.86788e+09,7.85827e+08,-2.4706e+07,-3.92848e+08,0.000887679,0.000135675,8.32529e-26
0,2.27576e+09,7.22893e+06,3.23023e+08,-1.89814e+08,-5.26645e+07,8.6295e+07,4.94612e+07,0.000882789,0.000125304,1.6098e-30
0,2.11063e+09,6.69659e+07,2.89608e+08,6.12588e+09,-1.10295e+08,-7.18457e+08,-8.03591e+08,0.00102642,0.000140839,1.97438e-23
0,1.91746e+09,2.65683e+07,3.16981e+08,-7.77453e+08,5.41583e+08,-1.68438e+08,-1.06521e+09,0.000975922,0.000161333,-1.79991e-26
0,2.05387e+09,-8.40958e+06,3.18909e+08,-3.92084e+09,-6.58818e+08,7.25793e+07,-8.38927e+08,0.000979701,0.000152121,-5.58378e-24
0,2.07625e+09,6.02192e+07,2.9788e+08,1.08896e+10,1.10078e+09,1.4626e+08,-5.08202e+08,0.00103204,0.000148067,8.54754e-23
0,1.88042e+09,3.75337e+07,3.05562e+08,3.46718e+09,5.36796e+08,-2.86777e+08,-1.3828e+09,0.00102558,0.000166653,8.89507e-24
0,2.14371e+09,5.25978e+07,3.2715e+08,2.23847e+09,1.66193e+09,-3.25613e+08,-3.56848e+08,0.000874856,0.000133511,-6.08349e-25
0,2.02808e+09,6.86975e+07,2.98132e+08,6.27399e+09,2.61349e+08,-4.78471e+08,-9.30252e+08,0.000983439,0.000144568,2.24591e-23
0,1.99982e+09,-581573,2.95445e+08,1.61343e+09,-3.64886e+08,2.55406e+08,-1.12024e+09,0.0010212,0.000150867,3.56191e-25
0,1.77576e+09,-2.60824e+07,2.46858e+08,-2.96969e+09,5.12648e+08,-6.35983e+08,-2.06268e+08,0.00106174,0.000147599,-5.14544e-24
0,1.8381e+09,1.68055e+07,2.41984e+08,1.0508e+09,-7.79901e+08,-3.45442e+08,-1.34336e+09,0.00113858,0.000149893,-3.838e-25
0,2.13474e+09,1.61832e+06,3.44568e+08,4.97946e+08,-2.23713e+07,6.10623e+07,-1.46281e+08,0.000924528,0.000149228,8.88399e-28
0,1.97336e+09,-1.28264e+06,2.96664e+08,1.45221e+09,-3.64656e+08,4.39087e+08,-1.34788e+09,0.00106744,0.000160473,-3.26551e-26
0,2.28639e+09,7.90507e+06,3.32139e+08,-1.70609e+09,-1.91791e+08,9.38985e+07,8.63467e+07,0.000880835,0.000127957,9.37919e-27
0,2.06008e+09,-7.40843e+06,3.2065e+08,-4.37603e+09,-6.25886e+08,2.35998e+08,-7.79686e+08,0.000985023,0.000153318,-7.55662e-24
0,2.06561e+09,2.6601e+07,2.86213e+08,-4.71613e+09,-1.97791e+09,-2.82343e+08,1.68763e+08,0.000994737,0.000137831,-1.01396e-24
0,1.96915e+09,2.91104e+07,3.08326e+08,7.27317e+09,-2.18888e+08,-3.79e+08,-9.66914e+08,0.00100956,0.000158075,5.31541e-23
0,1.86996e+09,2.51996e+07,3.12481e+08,1.1735e+09,-7.8863e+08,-2.59833e+08,-1.09031e+09,0.00103511,0.000172972,3.95267e-25
0,1.84199e+09,1.78787e+07,2.95242e+08,5.96952e+08,1.37088e+09,-1.32159e+08,-1.37362e+09,0.00100937,0.000161786,2.73032e-26
0,2.00109e+09,2.85596e+07,3.27461e+08,3.21958e+09,1.42949e+08,1.7069e+08,-5.27312e+08,0.000921954,0.00015087,1.48539e-24
0,1.96281e+09,7.17782e+07,2.92166e+08,6.32289e+09,3.20731e+08,-4.45007e+08,-1.08658e+09,0.00100348,0.00014937,3.49028e-23
0,1.80746e+09,-8.54748e+07,2.56735e+08,1.5261e+10,-2.77895e+07,4.66064e+08,-4.69982e+07,0.00106491,0.000151262,4.45714e-23
0,1.89294e+09,-3.66872e+07,2.62407e+08,-8.12714e+08,-3.12516e+08,2.65e+08,-1.34029e+09,0.00106811,0.000148066,3.78047e-25
0,2.12488e+09,6.81717e+07,3.16756e+08,5.15106e+09,1.46647e+09,-6.72632e+08,-4.22122e+08,0.000902987,0.000134609,-1.10722e-24
0,1.94167e+09,-258957,2.92868e+08,4.89769e+07,-5.36098e+08,3.03277e+08,-1.44003e+09,0.00106709,0.000160952,3.35735e-25
0,1.95999e+09,-7.27732e+07,3.11971e+08,-6.67487e+08,-1.29535e+09,-7.83847e+08,-1.88435e+08,0.000985195,0.000156813,-4.44495e-25
0,2.11891e+09,725804,3.44554e+08,6.13926e+08,8.08129e+06,2.96871e+07,-1.49833e+08,0.000924719,0.000150368,2.06776e-27
0,1.93624e+09,-9.18361e+06,3.13585e+08,1.24054e+09,6.48424e+07,4.30665e+08,-1.18265e+09,0.00100975,0.000163535,-1.00645e-25
0,2.10885e+09,-2.03464e+07,3.1625e+08,-1.28793e+09,-2.0396e+09,-8.36516e+07,2.94941e+08,0.000868885,0.000130301,-8.13148e-25
0,1.83167e+09,-1.8667e+07,2.86786e+08,1.949e+08,1.18995e+09,4.60838e+08,-1.41381e+09,0.000992317,0.000155368,2.72666e-26
0,1.84851e+09,1.0683e+07,2.98338e+08,1.17737e+09,1.839e+09,-1.56051e+08,-1.26961e+09,0.000989363,0.000159677,-9.39798e-26
0,1.71537e+09,1.68748e+07,2.84157e+08,5.80849e+09,-4.88276e+07,2.62822e+08,4.71275e+07,0.00106543,0.000176492,-3.91785e-24
0,2.07146e+09,5.33171e+06,3.2017e+08,-3.69088e+08,-1.41621e+09,-3.73983e+08,-9.13394e+08,0.00108588,0.000167835,-1.80481e-24
0,2.33302e+09,-386588,3.44864e+08,-2.40451e+07,-6.62429e+07,-6.67402e+06,-2.1664e+07,0.000862483,0.000127491,-8.233e-31
0,1.92865e+09,3.56499e+07,3.21874e+08,1.3543e+10,-1.0998e+08,5.32587e+08,-4.39788e+08,0.000954321,0.000159268,1.24766e-22
0,1.94498e+09,-7.39315e+06,3.13493e+08,5.86298e+07,-3.11664e+08,-5.46968e+08,-9.92402e+08,0.00098115,0.000158143,-6.68716e-26
0,1.95469e+09,2.0789e+07,3.00253e+08,6.12414e+09,-5.31097e+08,-8.86017e+07,-1.12381e+09,0.00101001,0.000155144,3.85547e-23
0,1.96619e+09,-872602,3.10148e+08,1.34476e+09,-8.03139e+07,3.24083e+08,-1.2216e+09,0.00101839,0.000160641,-1.9901e-26
0,1.84765e+09,-1.61051e+07,2.97368e+08,-3.0788e+08,4.2191e+08,1.55495e+08,-1.56244e+09,0.00105096,0.000169145,1.64287e-25
0,2.13476e+09,-2.76335e+07,3.26172e+08,-7.72422e+09,-5.04771e+08,-3.06772e+08,-7.93481e+08,0.000956778,0.000146187,-2.44168e-23
0,2.1658e+09,-1.07017e+06,2.94135e+08,8.80651e+09,5.67515e+08,-3.12268e+07,-7.41262e+07,0.00099576,0.000135233,3.61178e-24
0,2.00192e+09,5.86447e+07,3.16472e+08,6.96969e+09,7.36193e+08,-1.79285e+08,-3.11808e+08,0.000942748,0.000149033,7.86844e-24
0,2.14141e+09,762129,3.43833e+08,5.88934e+08,-3.4089e+07,4.17922e+07,-2.50591e+08,0.000929583,0.000149258,2.48599e-27
0,2.0337e+09,-2.76417e+07,2.62338e+08,3.38408e+08,-3.39081e+08,-6.54601e+08,5.78329e+08,0.0010764,0.000138851,-7.05606e-27
0,1.80789e+09,-5.15877e+07,2.44048e+08,-5.25092e+09,-1.22047e+09,2.74603e+08,-1.38052e+09,0.00114149,0.00015409,-1.01974e-22
0,1.88834e+09,-1.33864e+07,3.10821e+08,1.16339e+09,-8.23569e+08,-5.57949e+08,-8.63693e+08,0.000975195,0.000160517,-1.51011e-26
0,2.04947e+09,-1.57194e+07,3.17859e+08,-4.04304e+09,-1.39478e+09,-6.00242e+08,-9.91734e+08,0.00106337,0.000164921,-9.3751e-24
0,1.98327e+09,7.19e+06,3.18083e+08,1.16893e+08,-6.86758e+08,6.27255e+06,-1.20699e+09,0.00106459,0.000170743,2.10122e-26
0,2.03962e+09,-1.04218e+07,3.0539e+08,1.62413e+09,4.74219e+07,-2.45737e+08,-1.03604e+09,0.00103446,0.000154888,3.13722e-25
0,1.93968e+09,-1.68389e+07,3.13895e+08,1.2658e+09,2.61693e+08,2.16968e+08,-1.18522e+09,0.0010169,0.000164562,8.74928e-26
0,2.07079e+09,3.8164e+07,3.23698e+08,4.50803e+09,-1.69048e+07,3.834e+08,-9.21548e+08,0.000966671,0.000151107,6.9622e-24
0,1.82582e+09,-6.60648e+07,2.52058e+08,-6.26033e+09,-1.02606e+09,6.64798e+08,-1.34957e+09,0.00113528,0.000156727,-1.4799e-22
0,1.9938e+09,-4.47435e+07,2.87633e+08,8.91815e+08,-3.84375e+09,-9.63413e+07,-7.49519e+08,0.00107135,0.000154556,1.94092e-23
0,1.97737e+09,-2.34735e+07,3.11778e+08,3.18989e+09,1.27428e+09,5.55023e+08,-9.71969e+08,0.000941812,0.000148498,5.57765e-24
0,1.88915e+09,-1.16379e+07,3.00765e+08,2.03999e+08,3.65665e+08,2.76284e+08,-1.46945e+09,0.00104713,0.000166711,-2.01851e-25
0,2.06495e+09,7.30081e+06,3.16318e+08,2.4386e+09,-3.74046e+07,-3.2524e+08,-8.80007e+08,0.00102195,0.000156548,1.26134e-24
0,2.03774e+09,-1.15964e+06,3.03538e+08,9.72322e+08,-1.12593e+09,3.01097e+08,-1.13708e+09,0.00103935,0.00015482,1.35216e-24
0,1.88099e+09,1.19042e+07,2.95986e+08,1.25287e+10,-1.76016e+09,5.66349e+08,4.0893e+08,0.00101583,0.000159847,-2.23553e-22
0,1.94341e+09,-5.17002e+07,2.99497e+08,-7.15838e+09,-5.04744e+08,7.96532e+07,-1.18214e+09,0.00103034,0.000158785,-7.29929e-23
0,2.14272e+09,-75908,3.44481e+08,3.23667e+08,-2.0922e+07,1.57119e+07,-1.62279e+08,0.000931323,0.000149727,2.52759e-28
0,2.12185e+09,3.82762e+07,2.92912e+08,-1.66255e+09,1.77199e+09,4.08258e+08,2.15595e+08,0.00109046,0.000150534,2.51551e-24
0,1.67628e+09,-4.22367e+07,2.75511e+08,2.60555e+09,-3.1403e+09,-1.76226e+08,-8.01067e+08,0.00109112,0.000179335,1.02727e-22
0,2.16523e+09,3.54336e+07,3.11735e+08,9.84454e+09,-1.70332e+09,2.93147e+08,-9.11861e+08,0.00104099,0.000149875,9.16409e-23
0,1.83549e+09,4.37012e+06,2.93291e+08,-5.2305e+09,3.30616e+08,6.55092e+07,-1.08322e+09,0.00101535,0.000162241,-3.06787e-23
0,2.06304e+09,1.77148e+07,3.05159e+08,3.91282e+08,-1.64794e+09,3.63337e+08,-1.11985e+09,0.00106893,0.000158112,2.84495e-24
0,2.05284e+09,-1.74024e+07,3.13994e+08,-1.44501e+08,-1.41156e+08,3.34085e+08,-1.08707e+09,0.00102743,0.000157152,4.42185e-26
0,1.98018e+09,-3.31342e+06,3.09907e+08,-3.36344e+08,-9.52077e+08,4.5844e+08,-1.14441e+09,0.00103673,0.000162252,7.22402e-25
0,1.90307e+09,-2.94911e+07,2.89485e+08,-2.54656e+09,-4.96327e+08,1.64119e+08,-1.27337e+09,0.00104871,0.000159523,-3.8947e-24
0,1.97179e+09,-6.88493e+07,2.95719e+08,-7.51047e+09,-3.56976e+07,4.00093e+08,-1.08266e+09,0.00101288,0.000151906,-6.4024e-23
0,2.09095e+09,-3.82872e+07,3.20537e+08,-8.76257e+09,-8.82235e+08,-5.53686e+08,-8.22295e+08,0.00101202,0.000155141,-4.75326e-23
0,2.17406e+09,1.36149e+07,3.24646e+08,-7.22324e+08,-1.13696e+09,-5.44444e+08,-7.10521e+08,0.0010366,0.000154793,-6.69814e-25
0,1.83929e+09,2.38835e+07,2.77911e+08,-6.08465e+09,-1.06595e+09,-6.39099e+07,-1.03218e+09,0.00105875,0.000159974,-6.44814e-23
0,1.9999e+09,7.67902e+07,2.9407e+08,1.03652e+10,-1.23897e+08,-1.35013e+08,-1.00157e+09,0.000994448,0.000146225,1.34982e-22
0,2.04801e+09,-4.66433e+07,3.02944e+08,-5.3592e+09,-2.488e+09,-5.22331e+08,-8.13857e+08,0.00101298,0.000149841,-3.22428e-23
0,1.86219e+09,-5.58019e+07,3.05288e+08,4.09463e+09,-2.10058e+09,-8.44921e+08,-2.57752e+08,0.00100437,0.000164657,2.41289e-23
0,2.01399e+09,4.7577e+07,3.01321e+08,7.39372e+09,2.70053e+08,-4.39456e+08,-8.93905e+08,0.000953499,0.000142657,3.20088e-23
0,1.74321e+09,-6.57586e+06,2.97079e+08,-2.41788e+09,6.79241e+08,9.60311e+07,-1.08192e+09,0.000976084,0.000166345,-2.91559e-24
0,2.15068e+09,455750,3.43844e+08,4.74542e+08,-3.47406e+07,2.40715e+07,-2.51789e+08,0.00093526,0.000149526,1.19262e-27
0,1.71518e+09,-4.78563e+07,2.71093e+08,4.56027e+09,-1.5544e+09,4.3351e+08,-9.34574e+08,0.00111074,0.000175559,4.99376e-23
0,1.98603e+09,-5.19399e+06,3.18498e+08,-1.21167e+09,2.50395e+08,4.52414e+08,-1.05726e+09,0.00101787,0.000163235,-1.21984e-26
0,2.06944e+09,-3.933e+07,3.18993e+08,-3.5157e+09,-3.17409e+08,-1.22775e+08,-9.86602e+08,0.00100658,0.000155159,-4.27548e-24
0,2.01286e+09,-5.92906e+07,3.08671e+08,-8.0881e+09,-1.64219e+08,1.92309e+08,-9.19138e+08,0.000998466,0.000153114,-5.83467e-23
0,1.88942e+09,-1.4008e+07,3.11118e+08,-2.4977e+08,1.65415e+08,-1.01646e+08,-1.42248e+09,0.00103817,0.000170947,1.51716e-25
0,2.03827e+09,3.57942e+07,3.05545e+08,4.2626e+09,1.40083e+08,-1.31802e+08,-9.34265e+08,0.000945992,0.000141808,5.85567e-24
0,1.84622e+09,4.70956e+07,2.42392e+08,6.31897e+09,-8.56624e+08,4.43021e+07,9.81792e+08,0.0011833,0.000155357,-1.09034e-22
0,2.18663e+09,1.71472e+07,3.12834e+08,4.9244e+09,-2.25978e+09,-1.28222e+08,-6.00241e+08,0.00100538,0.000143836,1.99147e-23
0,2.12501e+09,-3.7651e+07,3.20732e+08,-1.09784e+10,-6.63607e+08,-2.60154e+08,-7.52795e+08,0.000982953,0.000148359,-7.98476e-23
0,1.82625e+09,-6.49708e+07,3.02386e+08,5.96296e+09,-1.39709e+09,-5.33492e+08,-2.22534e+08,0.00101388,0.000167876,3.08825e-23
0,2.16578e+09,-1.75635e+07,3.16534e+08,-6.94508e+09,-1.33548e+09,-5.13058e+08,-8.44217e+08,0.00101337,0.000148106,-2.09601e-23
0,2.14096e+09,-337106,3.43754e+08,-2.66217e+08,1.69457e+06,-1.61022e+07,-2.60831e+08,0.000931443,0.000149553,-8.88671e-30
0,1.78038e+09,-1.07582e+08,2.74326e+08,2.90459e+09,6.29823e+07,6.30361e+08,-8.16486e+08,0.00107118,0.000165051,5.24715e-24
0,2.07134e+09,1.75141e+07,3.33746e+08,1.06859e+09,-6.13803e+07,4.33479e+08,-6.84599e+08,0.000973159,0.000156801,-1.44971e-26
0,1.98579e+09,-3.60355e+07,3.01765e+08,-2.38065e+09,-7.25249e+08,3.70776e+08,-1.08056e+09,0.00104215,0.000158368,-2.72753e-24
0,1.91271e+09,-6.29097e+07,2.71443e+08,-5.88222e+09,-2.8317e+07,5.33388e+08,-1.11355e+09,0.00106803,0.00015157,-4.65802e-23
0,2.104e+09,5.7614e+07,3.03699e+08,1.13819e+10,1.26963e+09,-1.39527e+08,-4.68399e+08,0.000979633,0.000141404,5.26515e-23
0,1.86728e+09,-2.31793e+07,3.02402e+08,-1.04835e+08,8.37716e+08,3.36053e+08,-1.2928e+09,0.00102241,0.000165576,-2.3427e-26
0,2.14827e+09,-3.73751e+07,3.2093e+08,-6.70678e+09,-5.93295e+08,-5.33635e+07,-8.16837e+08,0.000990565,0.000147981,-2.06063e-23
0,1.95149e+09,1.38319e+07,3.0653e+08,1.93767e+09,2.04144e+08,-2.31954e+08,-1.24978e+09,0.00100244,0.000157458,7.09865e-25
0,1.97372e+09,-1.54571e+07,3.03142e+08,-3.13776e+09,-4.97775e+08,-3.19965e+06,-1.39286e+09,0.00104306,0.000160203,-6.35525e-24
0,1.69609e+09,-4.00972e+07,2.65967e+08,5.3272e+09,1.70252e+09,8.10536e+08,-1.15606e+09,0.00113812,0.000178471,1.68087e-22
0,2.02007e+09,-4.89781e+07,3.22056e+08,-1.12667e+10,4.01121e+08,-1.63605e+08,-7.09078e+08,0.000942222,0.000150217,-9.16226e-23
0,1.82673e+09,-3.37317e+07,2.98021e+08,7.94026e+09,3.71323e+08,1.43383e+08,-3.31276e+08,0.0010441,0.000170339,4.2969e-23
0,2.01168e+09,5.57024e+07,2.95695e+08,-1.50667e+10,-1.63473e+09,1.13569e+08,3.74964e+08,0.000974688,0.000143268,1.14436e-22
0,1.923e+09,-9.53161e+06,3.19894e+08,-1.11178e+09,-2.15606e+08,1.04044e+08,-1.10743e+09,0.0010458,0.00017397,-2.26304e-26
0,2.08864e+09,8.12083e+07,2.89762e+08,-1.99571e+09,-1.65388e+09,-2.33007e+08,1.23788e+07,0.00105505,0.00014637,-1.9908e-24
0,1.87681e+09,-6.00759e+07,2.97136e+08,-5.21226e+09,7.05947e+08,3.77831e+08,-1.32318e+09,0.00101198,0.000160216,-2.93032e-23
0,1.85445e+09,-6.95217e+06,2.96014e+08,9.48779e+08,1.07221e+09,4.55134e+08,-1.344e+09,0.00102122,0.000163011,5.33762e-25
0,1.86632e+09,1.07925e+08,2.77976e+08,-6.66666e+09,5.93663e+08,-1.55571e+08,-5.52354e+08,0.00116273,0.000173182,-6.61755e-23
0,1.80583e+09,-9.5008e+06,2.63985e+08,-3.1815e+09,-1.70947e+09,-337671,-1.02669e+09,0.00112089,0.000163858,-3.31839e-23
0,1.99243e+09,1.39e+07,2.73721e+08,-1.18323e+10,3.83301e+07,4.01432e+08,1.64341e+08,0.00095512,0.000131214,2.808e-23
0,1.89026e+09,-2.67629e+07,2.85477e+08,1.92595e+09,-1.82906e+09,-1.29336e+08,9.30176e+08,0.00101738,0.000153651,4.15198e-25
0,2.13279e+09,-189588,3.44462e+08,-4.60866e+08,7.34627e+06,-3.16522e+07,-1.65853e+08,0.000928838,0.000150015,-8.8079e-28
0,2.14187e+09,125886,3.44472e+08,-7.71703e+08,2.17343e+06,-5.22108e+07,-1.6677e+08,0.00093362,0.000150152,-4.54356e-27
0,1.82385e+09,-1.20707e+06,3.02401e+08,-3.14238e+07,7.26516e+08,-2.59744e+08,-1.38087e+09,0.0010022,0.000166168,5.80488e-26
0,1.89391e+09,8.67576e+06,2.64457e+08,-1.07039e+10,-4.936e+08,-3.57322e+08,6.95961e+07,0.00103273,0.000144206,2.8477e-23
0,2.01404e+09,-6.27775e+07,2.66351e+08,-4.34803e+09,7.35951e+07,-6.6119e+08,6.6694e+08,0.00114998,0.000152081,1.11209e-23
0,2.00453e+09,-2.9716e+07,2.89277e+08,-4.0867e+09,-6.21213e+08,6.93727e+07,-1.24307e+09,0.0010548,0.00015222,-1.39429e-23
0,1.88095e+09,-3.91253e+07,2.69002e+08,4.67587e+09,1.59148e+09,8.55674e+08,-1.01825e+09,0.00118843,0.000169963,8.44078e-23
0,1.90492e+09,-1.11691e+07,3.15455e+08,-8.96989e+08,3.25311e+08,5.38596e+07,-1.26702e+09,0.00103471,0.000171349,1.15608e-25
0,2.02376e+09,-3.53225e+07,3.24595e+08,-7.30112e+09,5.35406e+08,-8.06052e+06,-7.8622e+08,0.000945617,0.00015167,-2.72473e-23
0,1.91285e+09,1.12294e+07,3.07214e+08,1.46721e+09,3.85221e+08,1.27161e+08,-1.2349e+09,0.00103902,0.000166872,3.68942e-25
0,1.96899e+09,2.6037e+07,2.85171e+08,4.06456e+08,3.26188e+08,8.40001e+07,-8.56244e+08,0.000971815,0.000140749,-1.48188e-26
0,2.32533e+09,1.1317e+07,3.2834e+08,2.58774e+09,-1.28706e+09,-9.52915e+07,-3.16942e+08,0.000933101,0.000131755,9.08825e-25
0,1.96089e+09,9.05289e+06,2.87892e+08,5.83964e+08,-1.39514e+09,5.93095e+08,-1.35135e+09,0.00109099,0.000160176,4.371e-24
0,2.02033e+09,2.26191e+07,3.16926e+08,3.53827e+09,-4.52596e+08,2.91748e+07,-1.18157e+09,0.00103242,0.000161954,6.8746e-24
0,1.95127e+09,1.28278e+07,3.27125e+08,9.16367e+09,7.05258e+08,4.93168e+08,-7.99284e+08,0.000943571,0.000158187,7.47366e-23
0,2.09912e+09,-4.18289e+07,3.14385e+08,-6.19838e+09,-3.46671e+08,4.94383e+07,-9.44858e+08,0.00101192,0.000151555,-2.33501e-23
0,2.02124e+09,1.57308e+07,2.91095e+08,2.19894e+09,-8.01462e+08,2.63707e+08,-1.18407e+09,0.00103631,0.000149248,2.02496e-24
0,1.82565e+09,8.41916e+06,2.91546e+08,7.9557e+09,2.02704e+09,4.36114e+08,-3.97015e+08,0.00110125,0.000175864,9.06215e-23
0,2.13997e+09,-628437,3.43783e+08,-4.83602e+08,-4.74373e+06,-4.79498e+07,-2.53644e+08,0.000928537,0.000149168,-1.21532e-27
0,2.13157e+09,-253869,3.4375e+08,-9.55768e+08,8.79344e+06,-8.66323e+07,-2.63975e+08,0.000930111,0.000149996,-1.32412e-26
0,1.8103e+09,9.64462e+07,2.87394e+08,-8.04236e+09,-1.98063e+09,-3.60954e+08,-4.94763e+08,0.00110077,0.000174754,-9.58556e-23
0,1.89064e+09,-3.25797e+07,3.04381e+08,-5.4834e+09,6.92534e+08,4.28229e+08,-1.25626e+09,0.000995934,0.000160339,-2.86323e-23
0,1.91099e+09,-1.41225e+07,2.90121e+08,-1.53098e+09,-9.07993e+08,6.77716e+08,-1.41198e+09,0.00109877,0.000166811,5.7708e-25
0,1.9959e+09,-2.42133e+07,2.8602e+08,-7.07985e+08,6.66311e+08,4.62232e+08,-8.39789e+08,0.00120563,0.000172772,-2.73852e-27
0,2.20571e+09,2.67983e+06,3.07208e+08,6.31611e+08,-5.82761e+08,2.28281e+07,1.35113e+08,0.000889925,0.000123947,5.20083e-27
0,1.99282e+09,-6.09768e+07,2.89089e+08,-6.24462e+09,9.95626e+08,7.07179e+08,-8.69262e+08,0.000961389,0.000139464,-1.45418e-23
0,1.85041e+09,-1.49835e+07,3.13101e+08,-4.37372e+09,1.1255e+09,-3.39377e+08,-1.35366e+09,0.000977818,0.000165453,-2.23625e-23
0,1.96963e+09,2.93637e+07,3.00693e+08,3.5587e+09,-4.8361e+08,-4.81289e+08,-1.25469e+09,0.00103903,0.000158623,9.00972e-24
0,1.90465e+09,1.32495e+07,3.17139e+08,4.67282e+09,-3.13404e+08,-2.25601e+08,-9.12219e+08,0.0010409,0.000173318,1.83919e-23
0,2.00612e+09,-1.47566e+07,3.20993e+08,9.02518e+08,-2.38383e+07,-3.35877e+08,-1.04657e+09,0.000991563,0.000158657,-6.18005e-26
0,2.12688e+09,4.07626e+07,3.173e+08,9.34254e+09,-8.58193e+08,3.68058e+08,-9.04969e+08,0.000999711,0.000149143,6.16338e-23
0,1.88277e+09,-8.7259e+06,3.05787e+08,3.67414e+08,1.32847e+09,2.21993e+08,-1.27324e+09,0.000981044,0.000159335,4.09282e-26
0,1.92555e+09,1.71335e+06,3.1499e+08,-1.38131e+09,8.02271e+07,7.49811e+07,-1.28416e+09,0.00102771,0.000168117,-7.94584e-26
0,2.07039e+09,-5.12922e+07,2.96385e+08,-8.39294e+09,-1.13833e+09,-2.33318e+08,-8.91847e+08,0.00107005,0.000153183,-7.64006e-23
0,1.94565e+09,-1.85119e+07,3.04941e+08,2.12729e+07,2.21047e+09,2.23359e+08,-7.88245e+08,0.000898666,0.000140848,-2.65009e-25
0,1.79754e+09,6.28591e+07,3.0013e+08,-6.8261e+09,-2.49256e+09,-8.92697e+08,-5.11651e+08,0.00103824,0.000173351,-2.36028e-23
0,1.98888e+09,-2.00213e+07,2.54431e+08,-1.00506e+10,-1.59757e+09,-4.76038e+08,8.39374e+07,0.0010749,0.000137508,4.73469e-23
0,2.01473e+09,-8.19691e+06,3.12369e+08,-5.4787e+08,-4.72661e+08,2.31423e+08,-1.09577e+09,0.00101305,0.000157065,1.11371e-25
0,1.82823e+09,-5.78909e+07,2.89961e+08,-2.32962e+09,5.43631e+08,6.41102e+08,-1.46126e+09,0.00106862,0.000169485,-2.16901e-24
0,1.8631e+09,3.06965e+07,2.46033e+08,-8.84663e+09,-4.75833e+08,-3.39029e+08,7.54465e+08,0.00111467,0.000147199,1.71602e-22
0,1.90907e+09,4.71495e+07,3.07125e+08,-8.48633e+09,-2.03753e+09,2.06902e+08,-6.84492e+08,0.00104448,0.000168033,-1.38854e-22
0,2.12358e+09,4.07462e+07,3.10511e+08,7.22379e+09,-1.22078e+09,2.54351e+08,-1.01322e+09,0.00102076,0.000149256,3.94716e-23
0,2.04186e+09,2.22942e+07,3.14061e+08,2.47085e+09,-1.09339e+09,-2.30603e+08,-1.00786e+09,0.00106615,0.000163985,4.36994e-24
0,2.23952e+09,-4.36144e+06,3.06906e+08,-2.61933e+09,2.03487e+07,2.09127e+08,-1.72252e+08,0.000914357,0.000125304,-1.33993e-25
0,2.09934e+09,-2.22348e+07,3.1923e+08,-2.78173e+08,-3.89108e+08,-2.13247e+08,-9.66751e+08,0.000993219,0.000151031,-2.52646e-26
0,2.09887e+09,-1.64538e+07,2.88028e+08,-9.62164e+08,-1.64326e+09,-7.14519e+07,-1.05903e+09,0.00105577,0.000144884,-2.41842e-24
0,2.13723e+09,-457066,3.44465e+08,-5.60113e+08,113680,-7.42585e+07,-1.57706e+08,0.000924669,0.000149032,-1.45132e-27
0,1.97598e+09,-2.79102e+07,2.83638e+08,-1.39742e+09,-2.48684e+09,6.95754e+07,-1.92661e+08,0.00106661,0.000153104,-8.37317e-24
0,2.01965e+09,-5.57906e+07,3.01035e+08,-1.03172e+10,-3.31687e+08,1.89111e+08,-8.43136e+08,0.00104181,0.000155285,-1.37546e-22
0,2.04988e+09,-3.63725e+06,3.10054e+08,1.75233e+09,-1.00963e+09,5.52865e+07,-1.11259e+09,0.00104532,0.000158109,1.83873e-24
0,1.91809e+09,-6.3257e+07,3.00145e+08,-3.35472e+09,5.63254e+08,5.65884e+08,-1.25325e+09,0.00106979,0.000167403,-7.11288e-24
0,2.02787e+09,4.29516e+07,3.12194e+08,3.52326e+09,1.21492e+09,-2.5151e+08,-7.07981e+08,0.000924464,0.000142323,1.42516e-24
0,1.9448e+09,-5.31882e+06,3.34002e+08,5.95754e+09,7.94922e+08,5.80379e+08,-2.26989e+08,0.000896919,0.000154038,8.4927e-24
0,1.9155e+09,-2.93833e+07,3.19981e+08,-4.92492e+08,1.08417e+09,3.60011e+08,-1.01167e+09,0.000968011,0.000161704,1.44852e-28
0,2.07366e+09,-3.81556e+07,3.33629e+08,-8.66299e+09,4.83788e+08,-6.46762e+08,-5.68123e+08,0.000925541,0.000148909,-3.14675e-23
0,2.09302e+09,-1.41685e+07,3.25196e+08,-1.47443e+09,-3.76874e+08,-1.75026e+08,-8.63902e+08,0.000983049,0.000152738,-1.97387e-25
0,1.96087e+09,1.01005e+07,3.09527e+08,-7.46771e+09,-1.35865e+09,-6.4974e+08,-8.03224e+08,0.00100962,0.000159369,-3.3456e-23
0,1.90889e+09,-2.95104e+07,2.78395e+08,5.09677e+09,1.17388e+09,4.74407e+08,-1.04996e+09,0.00102302,0.000149198,3.30217e-23
0,1.87991e+09,6.91474e+07,2.72188e+08,-1.09921e+09,-2.62089e+09,-5.0958e+08,-8.92622e+08,0.00109137,0.000158018,-2.59274e-23
0,1.98262e+09,927808,3.13282e+08,2.11709e+08,-7.13177e+08,1.04558e+08,-1.36537e+09,0.00105198,0.000166228,1.68269e-25
0,1.99951e+09,-2.76137e+07,3.14236e+08,-1.54932e+09,2.15895e+08,4.08582e+08,-1.04464e+09,0.000991166,0.000155768,-1.77577e-25
0,1.98485e+09,1.46516e+06,3.04663e+08,-3.56516e+08,-5.79716e+08,1.73734e+08,-1.25272e+09,0.00103466,0.000158814,1.67306e-25
0,2.13961e+09,-430306,3.43803e+08,-3.45191e+08,1.49276e+07,-5.21189e+07,-2.45765e+08,0.000922552,0.00014824,-2.69579e-28
0,1.95769e+09,2.75395e+07,3.15826e+08,1.54631e+09,2.67684e+08,-5.47565e+08,-1.10244e+09,0.00100066,0.000161432,1.40645e-25
0,2.03752e+09,-1.45879e+07,3.02442e+08,2.62382e+08,-7.56991e+08,3.70934e+08,-1.25379e+09,0.00105798,0.000157042,4.68503e-25
0,1.92849e+09,-7.76974e+06,3.06435e+08,-1.20439e+09,-8.80114e+07,2.75599e+08,-1.1848e+09,0.000993972,0.000157942,3.33312e-26
0,1.82946e+09,1.0961e+07,2.80121e+08,1.60908e+10,-5.01827e+07,2.97804e+08,2.64962e+08,0.00102471,0.000156901,-2.4577e-22
0,1.727e+09,5.62853e+07,2.84039e+08,-7.18368e+09,1.42758e+09,-2.27153e+08,-9.87878e+08,0.00108942,0.000179175,-1.65012e-22
0,2.13521e+09,-5.37815e+06,3.17512e+08,-1.74828e+09,-1.39426e+09,1.1854e+08,-1.02371e+09,0.00105556,0.000156965,-2.58129e-24
0,1.91246e+09,-4.08767e+07,2.96775e+08,-3.48736e+09,-3.28809e+08,1.99034e+08,-1.35584e+09,0.00104538,0.000162222,-1.00757e-23
0,1.92878e+09,-2.46199e+07,3.15173e+08,-8.31426e+08,-1.03727e+09,8.35689e+07,-1.15594e+09,0.00102106,0.000166846,-5.34469e-25
0,2.04823e+09,-3.4259e+07,3.04245e+08,-5.27336e+09,-1.36679e+09,-3.1372e+08,-1.09953e+09,0.00103376,0.000153555,-2.35196e-23
0,2.08496e+09,-1.38896e+07,3.28663e+08,-3.03865e+09,-5.94784e+08,-3.33064e+08,-8.81272e+08,0.00100317,0.000158134,-2.09886e-24
0,2.12658e+09,5.98828e+07,3.13586e+08,9.31743e+09,559131,-1.57669e+08,-8.2475e+08,0.000954005,0.000140678,4.80628e-23
0,2.00193e+09,-1.68565e+07,3.10079e+08,4.56244e+09,7.81661e+08,6.46601e+08,-8.64305e+08,0.000947089,0.000146695,1.11596e-23
0,2.03479e+09,9.10748e+06,3.24222e+08,-2.20975e+09,-1.41554e+08,8.81421e+07,-9.08174e+08,0.000974376,0.000155256,-8.41891e-25
0,1.9846e+09,-1.30631e+07,3.19328e+08,-1.1906e+09,-6.36593e+08,5.70706e+07,-1.24928e+09,0.00105169,0.00016922,-3.25623e-25
0,1.64059e+09,7.5187e+07,2.79194e+08,-5.47665e+09,3.82745e+08,-5.33004e+08,-1.1633e+09,0.00106019,0.000180423,-9.04331e-23
0,1.87567e+09,1.73902e+06,3.02484e+08,-4.9317e+08,4.92935e+08,7.76341e+07,-1.34957e+09,0.00102122,0.000164689,1.20496e-25
0,2.01683e+09,-2.18688e+07,3.33077e+08,-5.15016e+09,-1.94264e+08,-7.0892e+08,-6.20619e+08,0.000959134,0.000158399,-6.30638e-24
0,2.06888e+09,1.13852e+07,3.3338e+08,1.91661e+09,-1.64458e+08,1.51178e+08,-7.48819e+08,0.000996073,0.000160507,4.38788e-25
0,2.00409e+09,5.59232e+06,2.97561e+08,2.15644e+09,-8.45696e+08,3.02622e+08,-1.01614e+09,0.00103599,0.00015382,1.86011e-24
0,2.14496e+09,226432,3.43804e+08,-1.38329e+08,1.34802e+07,-9.93881e+06,-2.44655e+08,0.000922164,0.000147809,8.12803e-29
0,2.05162e+09,-3.79824e+07,3.12621e+08,-7.77216e+09,-6.745e+08,1.24058e+08,-8.53893e+08,0.000984471,0.000150012,-4.3115e-23
0,1.87211e+09,2.12918e+07,3.04687e+08,2.65188e+07,5.60993e+08,2.68373e+08,-1.32047e+09,0.00103097,0.00016779,-6.42625e-26
0,1.97935e+09,8.13058e+07,2.92992e+08,1.02119e+10,3.44639e+08,-4.20514e+08,-1.11672e+09,0.000986187,0.00014598,1.38893e-22
0,1.69153e+09,8.70068e+06,2.78604e+08,-1.05071e+10,-3.46359e+09,-1.8641e+08,-3.18267e+08,0.00102127,0.000168209,-3.74883e-22
0,1.95827e+09,-1.58306e+07,2.59215e+08,1.08114e+09,-9.74744e+07,-4.07153e+08,7.98521e+08,0.00110799,0.000146664,-3.80607e-26
0,1.96178e+09,4.76892e+06,2.93569e+08,9.84676e+08,-4.18843e+08,2.99022e+08,-1.12666e+09,0.00102774,0.000153795,4.99508e-26
0,2.04744e+09,-1.68015e+06,3.1501e+08,-1.90325e+09,-1.46214e+08,-7.30195e+07,-1.13256e+09,0.000995313,0.000153134,-5.52223e-25
0,2.01037e+09,1.38688e+06,3.32839e+08,3.72515e+08,-1.21999e+08,-3.57417e+07,-7.90919e+08,0.000989899,0.000163889,-1.61385e-26
0,2.03531e+09,-3.87518e+07,3.2048e+08,-8.05747e+09,-5.84515e+08,-2.25509e+07,-7.63743e+08,0.00096943,0.000152646,-3.95119e-23
0,1.80338e+09,2.69917e+06,2.61145e+08,-1.38094e+09,1.0389e+09,-4.02805e+08,-1.40524e+09,0.00104856,0.000151841,-1.52928e-24
0,1.84068e+09,3.40328e+07,3.02265e+08,3.39383e+08,9.19333e+08,5.66601e+07,-1.29795e+09,0.00104264,0.000171216,-2.43682e-26
0,1.72953e+09,6.81702e+07,2.98946e+08,6.00634e+08,-1.85481e+09,-2.99219e+08,-8.21044e+08,0.00105549,0.000182439,2.51187e-25
0,1.92637e+09,-1.44671e+07,3.18774e+08,-3.01233e+09,1.62441e+08,-9.70407e+07,-1.17242e+09,0.00102281,0.000169255,-4.68452e-24
0,2.17192e+09,-2.23112e+07,3.38666e+08,-7.07107e+09,5.94278e+07,-5.12003e+08,-4.28446e+08,0.000944181,0.000147226,-9.54475e-24
0,2.05025e+09,-3.02943e+07,3.11645e+08,-4.66633e+09,-5.15776e+08,-1.20267e+08,-1.22836e+09,0.00103309,0.000157033,-1.53406e-23
0,2.00928e+09,6.73789e+06,3.12005e+08,2.15856e+09,-5.66871e+07,3.11561e+08,-1.10286e+09,0.00101404,0.000157462,9.43985e-25
0,2.04871e+09,2.96072e+06,2.98907e+08,3.2927e+08,-1.05836e+09,3.90438e+08,-1.03823e+09,0.00104946,0.000153116,8.64176e-25
0,2.12716e+09,-1.46362e+07,3.32982e+08,-4.97397e+09,-3.64526e+08,-4.77118e+08,-6.58582e+08,0.000972684,0.000152262,-5.12383e-24
0,1.91969e+09,6.57902e+07,3.03239e+08,-3.61224e+09,-1.61197e+09,8.81038e+07,-9.35423e+08,0.0010452,0.000165103,-1.91733e-23
0,1.9332e+09,3.14001e+07,2.94383e+08,6.71146e+09,1.80823e+08,-4.83274e+07,-1.21492e+09,0.000999883,0.000152259,5.25251e-23
0,2.12464e+09,1.3691e+07,3.23891e+08,1.03029e+09,-8.0474e+08,3.83229e+08,-7.88863e+08,0.000999378,0.00015235,2.82211e-25
0,1.93699e+09,7.5806e+06,3.27049e+08,1.00049e+09,4.27404e+08,5.66535e+07,-1.01884e+09,0.000978586,0.000165228,5.40033e-26
0,1.97455e+09,-3.13018e+07,3.01462e+08,-2.52602e+09,2.28643e+08,2.34307e+08,-1.3363e+09,0.00102255,0.000156117,-2.20669e-24
0,1.96475e+09,-3.76653e+07,2.63851e+08,-2.56638e+09,4.84853e+08,-4.89284e+08,8.80972e+08,0.001118,0.000150138,1.94916e-24
0,2.04094e+09,-4.96737e+07,3.15811e+08,-2.64148e+09,-1.91313e+08,-5.30449e+07,-9.55872e+08,0.00101761,0.000157464,-1.90095e-24
0,1.95518e+09,3.48099e+07,3.03694e+08,4.68034e+09,-4.16623e+08,-4.60358e+08,-1.31242e+09,0.0010306,0.00016008,2.16038e-23
0,1.93477e+09,-4.42229e+07,3.11548e+08,-7.19532e+09,8.86433e+08,2.72103e+08,-9.60348e+08,0.000951968,0.000153291,-3.70814e-23
0,2.15821e+09,-2.26752e+07,3.39136e+08,-7.74653e+09,-1.86942e+07,-6.33145e+08,-4.344e+08,0.000925833,0.000145483,-1.13053e-23
0,1.91286e+09,-2.60715e+07,3.24997e+08,-2.44257e+09,4.64329e+08,-2.69423e+08,-1.03525e+09,0.00100324,0.000170452,-2.4715e-24
0,1.96318e+09,8.01277e+07,2.77054e+08,7.42031e+09,-2.90426e+08,-8.15804e+08,-1.0034e+09,0.0010234,0.000144427,6.47904e-23
0,2.11156e+09,-1.74971e+07,3.35888e+08,-5.90736e+09,-1.12846e+08,-6.27643e+08,-5.38313e+08,0.000948573,0.00015089,-7.11167e-24
0,2.04728e+09,-6.92554e+06,3.12759e+08,-3.87248e+09,-1.48981e+09,4.15828e+08,-7.83643e+08,0.00108687,0.000166038,-1.69688e-23
0,1.9886e+09,-9.1143e+06,3.12659e+08,-9.61876e+08,4.69746e+06,-5.05451e+07,-1.17923e+09,0.00100548,0.000158088,7.09933e-26
0,1.87936e+09,-2.81094e+07,2.53831e+08,-4.58506e+09,3.87116e+08,-5.72037e+08,9.10075e+08,0.00109537,0.000147944,1.76725e-23
0,2.16035e+09,-7.12789e+06,2.97094e+08,-9.17579e+09,7.06846e+08,4.02369e+08,-7.077e+07,0.00100049,0.000137589,1.40383e-24
0,2.09951e+09,-2.1463e+07,2.7315e+08,7.34728e+09,-2.14144e+09,-6.39322e+08,-1.03426e+08,0.000988773,0.000128641,3.32703e-23
0,1.77086e+09,2.04695e+07,2.7196e+08,2.42565e+09,8.64481e+08,-4.20589e+08,-1.60202e+09,0.00103761,0.000159351,3.5508e-24
0,1.90267e+09,1.88999e+07,3.00804e+08,3.97873e+09,6.08559e+07,1.15863e+08,-1.13765e+09,0.000996677,0.000157571,1.04108e-23
0,2.06203e+09,-1.75503e+07,3.40199e+08,-6.57663e+09,4.05799e+08,-4.90791e+08,-3.95439e+08,0.000896725,0.000147944,-8.73179e-24
0,2.13257e+09,2.34784e+06,3.44206e+08,8.02299e+08,2.22013e+07,9.25145e+07,-2.07928e+08,0.000927809,0.000149752,6.26644e-27
0,1.99284e+09,2.0957e+07,3.15286e+08,1.40259e+09,-4.82624e+08,2.48913e+08,-1.2098e+09,0.00102187,0.000161669,2.91011e-25
0,2.1032e+09,1.57943e+07,3.06407e+08,3.33686e+09,-2.30933e+09,2.6725e+08,-1.16785e+09,0.00112942,0.000164541,3.21651e-23
0,2.04266e+09,2.1507e+07,3.22066e+08,3.30025e+09,4.0168e+08,3.7265e+07,-5.4234e+08,0.000909747,0.00014344,1.39476e-24
0,1.8758e+09,5.1439e+07,3.03192e+08,-1.20637e+10,-1.63404e+09,-9.36422e+07,-6.50819e+08,0.00102533,0.000165727,-2.42372e-22
0,1.95245e+09,-8.70223e+06,3.02159e+08,2.00381e+09,3.59789e+08,2.92687e+07,-1.28255e+09,0.00101809,0.000157558,1.0794e-24
0,2.14028e+09,448443,3.44436e+08,2.56441e+08,1.08192e+07,2.72947e+07,-1.63543e+08,0.000922023,0.000148382,9.49978e-29
0,1.92825e+09,4.92643e+07,3.12644e+08,4.22963e+09,7.11874e+08,-2.81764e+08,-1.12772e+09,0.00101231,0.000164134,1.16614e-23
0,1.99031e+09,-1.62124e+07,2.9339e+08,8.64414e+08,-5.07179e+08,-2.31953e+08,-1.19339e+09,0.00106057,0.000156338,-1.1908e-25
0,2.07473e+09,3.18755e+07,3.23182e+08,4.72673e+09,4.584e+08,1.56443e+08,-6.06951e+08,0.000925257,0.000144128,4.85797e-24
0,2.11061e+09,-1.14696e+07,3.02366e+08,-2.67933e+09,-2.47294e+09,1.10182e+08,-1.23106e+09,0.00113082,0.000162,-2.72481e-23
0,2.00397e+09,-1.73052e+07,3.15741e+08,-3.44377e+09,1.0836e+08,-1.08479e+08,-1.05767e+09,0.00100117,0.000157743,-4.92052e-24
0,1.99525e+09,-8.7777e+07,3.09286e+08,-5.36386e+09,-9.54384e+08,-6.98803e+08,-4.17068e+08,0.000974441,0.000151049,-6.74996e-25
0,1.90725e+09,3.9935e+07,3.04772e+08,3.86016e+09,7.74392e+08,-3.34534e+08,-1.23596e+09,0.0009843,0.000157288,8.46395e-24
0,1.99649e+09,-4.24991e+07,3.24472e+08,-7.33677e+09,6.92781e+08,-2.47404e+08,-8.66895e+08,0.000941041,0.00015294,-3.44537e-23
0,1.77111e+09,6.77141e+07,3.04099e+08,-1.01694e+10,-9.36517e+08,-3.1349e+08,-6.94529e+08,0.000988743,0.000169766,-1.44395e-22
0,2.08274e+09,3.79408e+07,3.12686e+08,3.45036e+09,-1.09795e+09,8.93074e+07,-1.23847e+09,0.00107342,0.000161155,9.70514e-24
0,1.81465e+09,3.66672e+07,2.94553e+08,7.2642e+09,2.17938e+09,-2.8388e+08,-1.36958e+09,0.000980687,0.000159185,7.4891e-23
0,2.02245e+09,-4.40594e+07,3.0127e+08,5.22964e+09,-3.74165e+08,9.99533e+08,2.23222e+07,0.000930119,0.000138554,-3.76049e-24
0,2.14367e+09,4.06621e+07,3.24233e+08,8.84497e+09,-3.01423e+08,2.22247e+08,-8.14624e+08,0.000967564,0.000146345,4.07633e-23
0,1.82012e+09,-6.79446e+07,3.0846e+08,4.63375e+09,1.87956e+09,-8.86914e+07,-3.0287e+08,0.00101368,0.000171791,-5.52478e-24
0,1.94348e+09,-2.55231e+07,3.12242e+08,-1.01174e+09,5.59775e+08,1.31294e+08,-1.17042e+09,0.00097651,0.000156888,-2.60763e-26
0,1.97335e+09,2.76809e+07,3.1586e+08,4.13791e+09,-9.59046e+07,-3.67805e+08,-1.03852e+09,0.00103892,0.000166292,1.11306e-23
0,2.12321e+09,-1.95862e+07,3.31214e+08,-4.8942e+09,-6.62826e+08,-4.40956e+08,-8.27126e+08,0.00100503,0.000156782,-7.30695e-24
0,1.96018e+09,-6.99486e+06,3.08164e+08,-2.01526e+09,3.154e+08,-6.5229e+07,-1.29944e+09,0.000994675,0.000156375,-9.47699e-25
0,1.87152e+09,2.72881e+06,2.89394e+08,-1.07614e+09,-2.99424e+08,-2.23079e+08,-1.50246e+09,0.00104789,0.000162035,2.74527e-25
0,1.99174e+09,-3.31622e+06,3.00737e+08,6.68789e+09,-4.48192e+08,6.87079e+08,-1.126e+09,0.00102986,0.000155501,4.04581e-23
0,2.04285e+09,-4.79978e+07,3.06422e+08,-9.80058e+09,-1.38583e+09,-1.50629e+08,-1.16814e+09,0.00109885,0.000164824,-2.05956e-22
0,1.92144e+09,2.56367e+07,3.05647e+08,2.60106e+09,-1.13355e+09,1.54444e+08,-1.3118e+09,0.00110495,0.000175767,9.26799e-24
0,2.19908e+09,6.22016e+07,2.81413e+08,-6.21158e+09,7.32867e+08,4.56219e+08,2.75183e+08,0.00105919,0.000135544,1.08518e-23
0,1.97654e+09,2.14565e+07,3.14282e+08,-1.1364e+09,1.41185e+09,-5.17635e+08,-8.35605e+08,0.000908694,0.000144488,-3.38515e-25
0,1.7445e+09,-8.13736e+06,2.71648e+08,1.76946e+09,2.24074e+09,4.46526e+07,-1.42386e+09,0.000990005,0.00015416,3.97444e-25
0,1.90189e+09,2.67254e+07,3.02916e+08,4.53551e+09,3.02785e+09,-1.63414e+08,-8.49575e+08,0.000903097,0.000143837,-8.78438e-24
0,2.00212e+09,-1.01703e+07,2.60952e+08,1.29138e+09,-2.02559e+09,1.30932e+08,-1.13296e+09,0.00110109,0.000143514,9.31467e-24
0,1.96751e+09,-2.73728e+07,3.0562e+08,1.42107e+08,-1.58564e+09,2.68856e+08,-1.12896e+09,0.00109316,0.000169804,2.38716e-24
0,1.99193e+09,1.23434e+06,3.17671e+08,2.22337e+09,1.01535e+08,2.80228e+06,-1.15646e+09,0.00100191,0.000159784,1.20406e-24
0,1.92523e+09,-5.55287e+06,3.1434e+08,1.59104e+09,-3.56244e+07,2.69544e+07,-1.34324e+09,0.00103563,0.000169092,2.8024e-25
0,1.89813e+09,4.08532e+07,3.31507e+08,8.67927e+08,8.84385e+08,-2.56241e+08,-6.158e+06,0.000898901,0.000156993,-8.71802e-26
0,1.87421e+09,-1.36066e+07,3.19e+08,-2.48031e+09,8.29315e+08,5.33074e+08,-7.60616e+08,0.00103551,0.00017625,-1.06622e-24
0,1.86121e+09,-1.19423e+07,2.64514e+08,1.68832e+10,-7.21052e+08,-3.56789e+08,8.55279e+06,0.00105702,0.000150223,4.29461e-23
0,2.06726e+09,3.58502e+07,3.07512e+08,6.51051e+09,1.24965e+09,-2.3297e+08,-7.03511e+08,0.000938164,0.000139555,1.17833e-23
0,1.99387e+09,1.19823e+07,3.01162e+08,-8.01292e+08,-1.62705e+09,1.15763e+08,-1.40971e+09,0.00112682,0.000170199,-2.16016e-24
0,1.91595e+09,-7.93882e+07,3.03691e+08,-1.10676e+10,5.57649e+08,7.34003e+07,-1.18983e+09,0.00101653,0.000161127,-2.67027e-22
0,1.94371e+09,8.70758e+07,2.93316e+08,7.82949e+09,5.76656e+08,-5.99031e+08,-1.32578e+09,0.00106276,0.000160375,1.09699e-22
0,1.92393e+09,3.83368e+06,3.06631e+08,4.88396e+09,2.52569e+09,5.97345e+08,-5.01597e+08,0.00105448,0.000168059,1.22516e-23
0,1.92923e+09,-2.4897e+06,3.08841e+08,1.47239e+09,5.42179e+06,2.63691e+08,-1.42124e+09,0.00103715,0.000166031,-3.13303e-26
0,2.13362e+09,-3.3831e+07,3.11963e+08,-8.66365e+09,-1.51377e+09,-4.99887e+08,-8.92758e+08,0.00102314,0.000149597,-5.1136e-23
0,2.25425e+09,2.65919e+07,3.29374e+08,-6.87054e+09,-7.10412e+08,4.19524e+07,1.86343e+07,0.000933591,0.000136409,-1.37259e-25
0,1.97971e+09,4.10538e+07,3.21212e+08,7.41975e+09,1.09534e+09,2.95429e+07,-8.13614e+08,0.000949939,0.000154129,3.41809e-23
0,2.0799e+09,2.56477e+07,3.29904e+08,2.31153e+09,-3.49047e+08,4.26194e+08,-8.28972e+08,0.00100246,0.000159005,6.15942e-25
0,1.94517e+09,2.89026e+06,3.05673e+08,1.30849e+09,-6.58052e+08,-4.08892e+07,-1.26857e+09,0.00102844,0.000161613,4.78389e-25
0,2.16539e+09,4.26442e+07,3.15356e+08,6.75963e+09,-1.53097e+08,-4.17591e+08,-6.44174e+08,0.000965809,0.000140655,1.43272e-23
0,1.99052e+09,1.26969e+07,3.27635e+08,1.32106e+09,-2.18931e+08,1.03941e+08,-9.76611e+08,0.00100917,0.000166107,1.53976e-25
0,2.0499e+09,3.32851e+06,3.27984e+08,-1.26779e+09,1.10656e+08,-3.14209e+06,-8.30014e+08,0.000976805,0.000156288,-9.85386e-26
0,1.9311e+09,-1.44956e+07,3.18771e+08,-1.89081e+09,3.48507e+08,3.1097e+07,-9.87018e+08,0.00103162,0.000170292,-9.17061e-25
0,2.14787e+09,545084,3.43683e+08,2.58017e+08,-1.90225e+07,3.4241e+07,-2.55459e+08,0.000926552,0.000148259,-6.59341e-30
0,2.1823e+09,-2.70067e+07,3.16309e+08,-1.14018e+10,-1.66841e+09,-4.41083e+08,-7.51717e+08,0.00101672,0.000147367,-8.6487e-23
0,2.03607e+09,7.04914e+06,3.28807e+08,1.74449e+09,-1.4836e+08,-3.2079e+07,-9.18709e+08,0.00098482,0.00015904,3.87862e-25
0,1.85767e+09,-2.98317e+07,2.98393e+08,-5.28809e+09,6.7789e+07,-1.44327e+08,-1.58167e+09,0.00103179,0.000165734,-4.51088e-23
0,2.02789e+09,-2.21252e+07,3.37435e+08,-8.2185e+09,3.55934e+08,-7.57374e+08,-5.66099e+08,0.000924761,0.000153877,-2.92185e-23
0,1.90506e+09,2.96438e+07,3.19495e+08,6.2502e+09,-1.44818e+08,-3.17646e+08,-7.23014e+08,0.00100506,0.000168557,2.90876e-23
0,2.12274e+09,-1.94565e+07,3.05828e+08,1.01873e+10,-1.59829e+09,1.77412e+07,-1.66996e+08,0.000967085,0.00013933,2.07361e-23
0,2.05655e+09,1.83653e+07,3.3162e+08,1.00887e+09,-3.45301e+08,3.51087e+08,-7.92644e+08,0.00101489,0.000163652,1.34178e-26
0,1.98884e+09,-3.65856e+06,3.17326e+08,4.81119e+08,-4.02783e+08,1.73753e+08,-1.26429e+09,0.00105272,0.000167966,-7.88846e-27
0,1.86427e+09,-7.76331e+07,3.09688e+08,-9.54961e+09,1.92806e+09,2.6384e+08,-1.06379e+09,0.000966222,0.000160506,-1.13509e-22
0,2.17009e+09,-3.13412e+06,3.1002e+08,-7.44145e+07,-1.99724e+09,-2.42881e+08,-9.9489e+08,0.00106083,0.000151551,-1.657e-24
0,1.88831e+09,-3.71141e+07,3.04477e+08,-6.30457e+09,-6.43053e+08,2.93206e+07,-1.40293e+09,0.00109516,0.000176586,-9.19804e-23
0,1.87795e+09,1.8495e+06,2.94847e+08,1.71619e+10,1.51687e+09,-9.34065e+06,1.75589e+07,0.000952046,0.000149476,-2.98749e-23
0,2.01164e+09,2.46413e+06,3.28194e+08,-1.51791e+09,1.31503e+08,-5.18395e+07,-9.14007e+08,0.000965848,0.000157576,-2.17295e-25
0,2.14484e+09,163106,3.43676e+08,1.58234e+08,-4.79314e+06,9.76138e+06,-2.59991e+08,0.000926771,0.0001485,-1.05693e-28
0,1.89443e+09,1.06039e+06,3.20216e+08,-1.63112e+09,2.588e+07,-9.93482e+07,-1.15177e+09,0.00101738,0.000171968,-4.40505e-25
0,1.85182e+09,-5.11741e+07,2.56788e+08,-2.90102e+09,-5.93243e+08,3.39601e+08,-1.23905e+09,0.00106199,0.000147264,-7.57503e-24
0,1.92389e+09,-1.79407e+07,3.07599e+08,-1.99054e+09,-3.37873e+08,2.61423e+08,-1.27527e+09,0.00104445,0.000166991,-1.24125e-24
0,1.91046e+09,5.07767e+07,2.88036e+08,3.46784e+09,-1.02121e+09,-8.48079e+08,-1.39952e+09,0.00113949,0.000171799,1.97087e-23
0,1.99433e+09,5.51354e+07,3.16768e+08,7.82858e+09,6.154e+08,3.2556e+07,-8.96615e+08,0.000998755,0.000158637,5.45024e-23
0,2.02696e+09,5.04226e+06,3.30217e+08,3.03762e+08,-2.09357e+08,6.39104e+07,-8.81937e+08,0.00101894,0.000165998,-1.33824e-26
0,1.92885e+09,-3.05059e+07,3.05793e+08,-4.08283e+09,-5.57229e+08,5.82762e+08,-1.31191e+09,0.00104932,0.000166355,-1.71649e-23
0,1.81956e+09,-5.6853e+07,3.07524e+08,-6.40516e+09,7.40804e+08,-6.05969e+07,-1.32864e+09,0.00105095,0.000177622,-8.95853e-23
0,1.87421e+09,-6.19054e+06,2.65705e+08,1.79366e+10,-9.07167e+07,-6.75914e+07,2.09737e+08,0.0010666,0.000151211,-2.87545e-22
0,1.94168e+09,-1.84584e+07,3.18838e+08,-1.00558e+09,-1.92792e+08,-854865,-1.26115e+09,0.0010393,0.00017066,1.01634e-25
0,2.25903e+09,6.52597e+06,3.30789e+08,5.53392e+09,-1.33136e+09,2.2165e+07,-5.12498e+08,0.00095569,0.000139942,6.7687e-24
0,1.99811e+09,2.40558e+07,3.04336e+08,3.91743e+09,-1.85912e+09,1.84826e+08,-1.21141e+09,0.00109636,0.000166988,3.12901e-23
0,1.88412e+09,1.66888e+07,2.87913e+08,6.54208e+09,-6.68195e+08,-1.62007e+08,-1.03149e+09,0.00100857,0.00015412,5.38572e-23
0,2.12115e+09,-4.78329e+07,3.21578e+08,-8.98786e+09,6.76509e+07,-3.5199e+08,-7.12672e+08,0.00102671,0.000155655,-5.50545e-23
0,1.98743e+09,-2.13723e+07,3.14575e+08,-3.11534e+09,-6.83496e+08,3.02205e+08,-1.08067e+09,0.00105615,0.000167169,-6.36767e-24
0,1.90826e+09,-720635,3.26814e+08,-5.04802e+08,-1.90939e+08,-2.9446e+08,-1.03697e+09,0.00101282,0.000173458,6.8698e-26
0,1.90699e+09,7.59686e+06,2.84295e+08,-8.68899e+06,-1.69852e+09,-8.49783e+08,-1.46597e+09,0.00113156,0.000168694,-1.1332e-23
0,2.02563e+09,-3.8955e+07,2.54989e+08,-1.81227e+09,-1.11672e+09,-4.80813e+08,1.73881e+08,0.00121279,0.000152667,1.21174e-24
0,2.23305e+09,-3.40774e+07,3.00715e+08,-3.72445e+09,-7.93396e+08,5.48698e+08,-3.20748e+08,0.000940692,0.000126679,-1.75123e-24
0,2.0398e+09,7.39778e+06,3.26091e+08,-9.3454e+08,-3.13149e+08,-9.25935e+07,-1.01014e+09,0.00102271,0.000163494,-2.92727e-26
0,2.14633e+09,88184.6,3.43664e+08,4.27877e+07,-82196.4,2.64496e+06,-2.61513e+08,0.000927232,0.000148466,-4.48382e-29
0,1.98597e+09,-2.24075e+07,3.0938e+08,-1.37432e+09,-7.94142e+08,1.14947e+08,-1.19259e+09,0.00105007,0.000163582,-7.49525e-25
0,1.86618e+09,-4.88415e+07,3.09222e+08,-4.50615e+09,3.71637e+08,6.20573e+08,-1.26017e+09,0.00103393,0.00017132,-1.92768e-23
0,1.971e+09,7.24023e+07,3.08634e+08,7.6242e+09,9.49649e+08,-2.83683e+08,-9.29302e+08,0.00102981,0.000161255,5.70992e-23
0,1.94002e+09,-7.81605e+07,3.00245e+08,-6.31197e+09,-2.61968e+09,-5.78214e+08,-6.55337e+08,0.00101258,0.00015671,-4.70623e-23
0,2.10782e+09,2.25202e+07,3.23005e+08,5.3007e+09,-8.65384e+08,3.82962e+08,-7.67966e+08,0.000977459,0.000149787,8.29065e-24
0,2.01157e+09,-2.89834e+07,3.24316e+08,-3.85016e+09,-2.31068e+08,-4.8803e+08,-1.01292e+09,0.000996702,0.000160693,-5.45489e-24
0,2.08568e+09,-1.27908e+07,3.29901e+08,-1.9457e+09,-5.13041e+08,-2.09815e+08,-8.47789e+08,0.000991897,0.000156892,-5.59649e-25
0,1.99432e+09,-1.13439e+07,3.20879e+08,-1.17234e+09,8.65868e+07,-5.6634e+07,-9.91128e+08,0.000953697,0.000153446,-4.78934e-26
0,2.00875e+09,-5.30962e+07,3.06525e+08,-6.65217e+09,1.4521e+08,4.472e+07,-1.22899e+09,0.00102908,0.000157031,-4.92633e-23
0,2.11621e+09,-1.45278e+07,3.07232e+08,2.99926e+09,-1.23499e+09,2.06977e+08,-1.00182e+09,0.00102843,0.000149308,4.83702e-24
0,2.14468e+09,72716.8,3.44381e+08,-4.34018e+07,5.67748e+06,-8.81553e+06,-1.73676e+08,0.000926907,0.000148838,1.31654e-29
0,2.01393e+09,5.13874e+07,2.9305e+08,2.66087e+09,-6.687e+08,-1.04344e+09,-9.19155e+08,0.00101709,0.000147998,1.89505e-24
0,1.98361e+09,277450,3.29523e+08,-2.17422e+09,-1.34972e+08,-1.56189e+08,-9.47334e+08,0.00101057,0.000167879,-1.04118e-24
0,1.83969e+09,-3.41404e+07,3.13026e+08,-6.26678e+09,-1.03632e+08,3.79989e+07,-6.0113e+08,0.0010902,0.000185501,-4.30189e-23
0,1.87018e+09,-8.30968e+07,2.99201e+08,-4.96734e+09,-1.52629e+09,4.61834e+07,-6.40198e+08,0.000989411,0.000158291,-2.3013e-23
0,2.28707e+09,4.15524e+06,3.13236e+08,2.81238e+09,1.2214e+09,-1.67317e+08,7.04765e+07,0.000959745,0.000131446,-8.3039e-25
0,1.92645e+09,-4.00016e+07,3.12611e+08,-4.69732e+09,1.35609e+08,1.54438e+08,-1.17367e+09,0.00102559,0.000166426,-1.92811e-23
0,2.03687e+09,4.60639e+07,2.99256e+08,4.11721e+09,-6.90159e+08,-5.32038e+08,-1.12838e+09,0.00106037,0.000155789,1.36261e-23
0,2.16958e+09,1.52031e+07,3.12122e+08,5.6127e+09,-1.17708e+09,-2.99174e+07,-7.06174e+08,0.000978586,0.000140782,1.1991e-23
0,2.03633e+09,2.17298e+06,3.14812e+08,-4.83022e+08,-2.81798e+08,-5.15153e+08,-1.0614e+09,0.00102387,0.000158288,8.49362e-26
0,1.92704e+09,2.47379e+07,3.1858e+08,3.16061e+09,4.78281e+08,-3.60909e+08,-1.01959e+09,0.000980009,0.000162016,3.44121e-24
0,2.01225e+09,-1.71551e+07,3.18578e+08,-1.14671e+09,-2.98702e+08,7.38787e+06,-1.15968e+09,0.00102067,0.000161592,-4.99028e-26
0,2.18766e+09,-5.48013e+06,3.15355e+08,4.03046e+08,-2.09878e+09,3.43681e+08,-8.27268e+08,0.00104495,0.000150631,2.86626e-24
0,1.94968e+09,1.45741e+06,2.81691e+08,5.53551e+09,-3.98593e+08,4.10597e+08,-1.10834e+09,0.00107842,0.000155811,3.40856e-23
0,2.30826e+09,4.02814e+06,3.35583e+08,-4.27969e+08,-1.03427e+08,6.21195e+07,445054,0.000866757,0.000126012,-9.80488e-29
0,1.90696e+09,-5.97644e+07,3.12186e+08,-1.51411e+09,1.17836e+09,6.19137e+08,-1.13239e+09,0.00101027,0.00016539,-1.23002e-25
0,2.17664e+09,-5.08216e+07,3.22843e+08,-2.39248e+09,-2.0127e+09,-6.01543e+08,-1.87788e+08,0.000960043,0.000142395,-2.10242e-24
0,1.96583e+09,-4.02211e+07,3.01448e+08,-3.51956e+09,-1.2928e+09,3.15851e+08,-1.30076e+09,0.00108298,0.000166068,-1.83022e-23
0,1.84983e+09,-4.42353e+07,3.06828e+08,-3.15601e+09,1.21181e+09,3.71643e+08,-1.31834e+09,0.000995344,0.000165096,-5.27893e-24
0,2.06524e+09,1.36485e+07,2.97825e+08,6.99961e+08,-1.41494e+09,-4.90529e+08,-1.16379e+09,0.001065,0.000153581,-8.6266e-25
0,2.14557e+09,106323,3.43659e+08,-1.49819e+08,860868,-9.3349e+06,-2.62321e+08,0.000926808,0.000148448,1.10325e-28
0,2.06651e+09,-5.00561e+07,2.84858e+08,2.72895e+09,-8.51713e+07,-6.63498e+08,8.58865e+08,0.00103959,0.000143302,-1.61844e-24
0,2.13398e+09,1.37953e+06,3.44281e+08,-1.25778e+09,2.31546e+07,-1.48576e+08,-1.90113e+08,0.000922688,0.00014886,-2.25499e-26
0,1.78357e+09,3.20538e+07,2.99894e+08,7.67875e+09,2.05301e+09,-4.12444e+08,-1.27983e+09,0.000952691,0.000160188,7.25797e-23
0,2.09743e+09,-3.27144e+07,3.31133e+08,-5.3395e+09,1.62823e+07,-5.08754e+08,-7.37386e+08,0.000968627,0.000152923,-9.04949e-24
0,2.09784e+09,592105,3.21001e+08,-2.34721e+09,-8.02383e+08,-5.84264e+08,-8.94831e+08,0.00102716,0.000157171,-6.56114e-25
0,1.93803e+09,-5.9953e+07,2.72247e+08,-1.81995e+09,5.03116e+08,3.27942e+08,-1.13843e+09,0.00105326,0.000147958,-7.20058e-25
0,1.75381e+09,2.90025e+07,3.08966e+08,-4.66227e+09,-9.66337e+08,-4.77221e+08,-9.55506e+08,0.000981164,0.00017285,-1.7312e-23
0,1.99073e+09,-3.63336e+07,3.15276e+08,-3.64606e+09,-3.57815e+08,-1.28515e+08,-1.10575e+09,0.00102156,0.000161787,-6.92814e-24
0,1.95491e+09,-3.83251e+07,3.07478e+08,-3.24527e+09,-6.52478e+07,4.55316e+08,-1.20647e+09,0.00102155,0.000160675,-5.2884e-24
0,1.84949e+09,-3.67586e+07,3.11341e+08,-1.45859e+09,1.70284e+09,4.77534e+08,-1.2004e+09,0.000986529,0.000166071,1.10457e-25
0,2.03442e+09,-1.0034e+07,2.99147e+08,-1.78921e+09,-1.40542e+09,-6.26102e+08,-1.13215e+09,0.0010599,0.000155851,-3.75923e-24
0,2.00901e+09,1.57187e+07,3.278e+08,3.73159e+09,-1.704e+08,-3.65929e+07,-6.92003e+08,0.00100486,0.000163958,4.40956e-24
0,1.90316e+09,1.56146e+07,3.14192e+08,2.50223e+08,8.64817e+08,-7.90128e+07,-1.29199e+09,0.000991122,0.000163625,-1.39599e-26
0,2.15205e+09,-2.14264e+07,3.37414e+08,-6.14427e+09,-1.3786e+08,-5.23445e+08,-5.05108e+08,0.000962399,0.000150892,-7.4657e-24
0,2.22978e+09,2.45148e+07,3.24164e+08,-7.54438e+09,-1.18671e+08,2.47329e+08,8.90427e+07,0.000936905,0.000136207,1.75103e-24
0,2.25762e+09,3.70105e+07,3.13663e+08,1.49409e+09,-1.08388e+08,2.95405e+08,-1.51647e+08,0.000937354,0.000130232,7.11327e-27
0,1.88481e+09,-8.85864e+07,2.82427e+08,-5.60332e+09,-2.64353e+09,8.1937e+07,-7.13735e+08,0.00107724,0.000161417,-1.04115e-22
0,2.31544e+09,9.37429e+06,3.36461e+08,-1.00292e+09,-1.04555e+08,-1.01719e+08,-4.24738e+07,0.000907956,0.000131937,-2.52403e-28
0,2.16568e+09,-2.94228e+07,3.32577e+08,-6.68272e+09,-2.7464e+08,-4.46438e+08,-6.22611e+08,0.000951406,0.000146105,-1.07617e-23
0,2.0024e+09,-3.21993e+07,3.11996e+08,-8.19538e+08,1.62593e+08,3.07722e+08,-6.56974e+08,0.00109708,0.000170938,-9.39818e-27
0,1.93475e+09,3.73422e+07,3.06939e+08,1.23423e+09,9.95249e+08,1.04944e+08,-1.14682e+09,0.00100057,0.000158736,3.80664e-25
0,2.01213e+09,2.58986e+07,3.33618e+08,2.48631e+09,3.14102e+08,2.18141e+08,-7.16559e+08,0.000966283,0.000160213,1.19253e-24
0,1.97183e+09,-4.16924e+07,3.31253e+08,-8.79939e+09,5.91385e+08,-6.52085e+08,-7.67857e+08,0.000938598,0.000157678,-6.03012e-23
0,2.09599e+09,-4.38443e+07,3.21142e+08,-5.23952e+09,-2.18487e+08,-1.06963e+08,-1.00315e+09,0.000999599,0.000153155,-1.35966e-23
0,2.18278e+09,-2.30766e+07,3.36394e+08,-7.92325e+09,-2.84559e+08,-4.21601e+08,-4.83702e+08,0.000939585,0.000144802,-1.2652e-23
0,1.79573e+09,-8.53407e+07,2.79671e+08,-6.00532e+09,-7.93791e+07,2.05025e+08,-8.18097e+08,0.00105904,0.000164937,-4.99373e-23
0,2.13746e+09,-1.94042e+07,3.40012e+08,-7.01155e+09,9.39961e+07,-7.10992e+08,-3.54072e+08,0.000933434,0.000148484,-8.24094e-24
0,1.96885e+09,-3.62645e+07,3.15861e+08,-3.34077e+09,-4.9366e+08,-1.41954e+08,-9.24635e+08,0.000975297,0.000156467,-3.88689e-24
0,2.01857e+09,6.02983e+07,2.99714e+08,9.14152e+09,-7.11583e+08,-1.90694e+08,-1.22259e+09,0.001023,0.000151893,1.2981e-22
0,2.06859e+09,-3.6442e+07,3.13359e+08,-4.93456e+09,-1.54785e+08,1.47942e+07,-1.03096e+09,0.000996849,0.000151007,-1.23729e-23
0,1.93402e+09,4.2977e+07,3.24613e+08,3.01095e+09,1.0253e+09,1.079e+08,-9.97017e+08,0.000965796,0.000162103,3.76739e-24
0,1.92813e+09,2.36973e+07,3.06215e+08,1.57491e+09,8.96487e+08,-7.26041e+07,-1.12954e+09,0.00101892,0.00016182,6.10766e-25
0,1.98226e+09,-4.90522e+07,3.11684e+08,-7.97511e+09,8.72441e+07,4.18054e+08,-1.02647e+09,0.000996101,0.000156624,-6.43295e-23
0,2.22414e+09,-3.12536e+07,3.17691e+08,-7.34268e+09,-1.45673e+09,8.34429e+07,-5.88685e+08,0.000989652,0.000141359,-2.247e-23
0,1.91942e+09,-5.535e+07,3.18108e+08,-1.27549e+09,1.03448e+09,5.39018e+08,-8.86024e+08,0.000991432,0.000164311,-2.61075e-26
0,2.24681e+09,4.21562e+07,3.17695e+08,4.82131e+09,2.95472e+08,-5.03148e+07,-2.25268e+08,0.000934659,0.00013216,1.20608e-24
0,1.88352e+09,-6.54013e+07,2.97373e+08,-3.99787e+09,1.07935e+09,6.9803e+08,-1.38115e+09,0.00101208,0.000159789,-9.93098e-24
0,2.02877e+09,7.66144e+07,3.13931e+08,1.00172e+10,1.18587e+09,-2.38581e+08,-8.12539e+08,0.000944006,0.000146075,6.36833e-23
0,2.07528e+09,-6.25846e+06,3.03794e+08,-1.04998e+10,8.07245e+08,5.83048e+08,-1.05945e+08,0.000954098,0.000139667,2.09521e-24
0,1.783e+09,-2.19029e+07,2.87331e+08,-6.34512e+08,-5.15845e+08,5.35934e+08,-1.06432e+09,0.0010117,0.000163035,4.93311e-25
0,1.9643e+09,8.77767e+06,3.21446e+08,1.837e+09,-1.19617e+08,2.01008e+07,-1.12944e+09,0.00101125,0.000165485,6.4137e-25
0,1.70343e+09,-7.90363e+07,2.76424e+08,-4.76775e+09,1.85319e+09,2.43094e+08,-8.70088e+08,0.00103314,0.000167653,-1.51453e-23
0,2.04696e+09,5.34592e+07,3.21006e+08,1.00399e+10,1.57311e+08,4.43757e+08,-8.9049e+08,0.000958476,0.000150309,8.21278e-23
0,2.1035e+09,-3.33863e+07,3.05711e+08,-8.28467e+09,-1.67272e+09,-3.43224e+08,-8.35966e+08,0.00102803,0.000149409,-5.42376e-23
0,2.32757e+09,9.01693e+06,3.31056e+08,2.13071e+09,-1.09809e+09,-7.02202e+07,-2.70086e+08,0.000918794,0.000130682,4.15422e-25
0,1.88715e+09,5.33712e+07,3.20472e+08,4.3126e+09,1.48419e+09,-1.03856e+08,-1.01763e+09,0.000974842,0.000165546,1.02476e-23
0,2.00301e+09,1.19163e+07,3.09341e+08,3.38954e+09,-5.29787e+08,-4.04911e+07,-1.16775e+09,0.00101459,0.000156691,5.9934e-24
0,2.24629e+09,2.51008e+07,3.10044e+08,1.50012e+09,-8.71753e+08,-1.54195e+08,-1.08652e+08,0.000945404,0.000130489,1.61434e-25
0,2.15394e+09,-3.77511e+07,3.3302e+08,-7.34754e+09,3.17905e+08,-3.7416e+08,-5.25031e+08,0.000906661,0.000140178,-1.20243e-23
0,2.01669e+09,-5.05484e+07,3.26155e+08,-6.23442e+09,1.01456e+09,-2.68011e+08,-6.95683e+08,0.000949506,0.000153562,-1.85366e-23
0,2.08999e+09,-3.58895e+07,3.19981e+08,-1.39543e+10,-1.10014e+08,-4.22162e+08,-2.15456e+08,0.000982795,0.000150467,-5.10462e-23
0,1.95052e+09,-4.51237e+07,3.26502e+08,-1.74564e+08,-4.35445e+08,2.06422e+08,-4.08858e+08,0.000991436,0.000165959,1.82149e-26
0,2.04862e+09,-2.86975e+07,3.03283e+08,-6.91633e+09,-6.61759e+07,3.69483e+08,-7.98811e+08,0.000985825,0.000145944,-2.7016e-23
0,2.13319e+09,-5.49072e+07,3.17691e+08,-1.01685e+10,-1.18471e+08,3.04053e+07,-5.88685e+08,0.000949182,0.000141359,-4.31334e-23
0,2.1025e+09,2.09095e+06,3.44185e+08,1.10739e+09,3.5594e+07,1.58181e+08,-2.01152e+08,0.000926848,0.000151728,1.81918e-26
0,1.87966e+09,2.53819e+07,3.18007e+08,-1.31536e+10,-1.70377e+09,-2.24927e+08,-4.47497e+08,0.000965787,0.000163395,-1.42845e-22
0,2.06259e+09,2.78839e+06,3.14573e+08,2.16925e+09,-9.56621e+08,1.02532e+07,-1.05881e+09,0.00103031,0.000157136,2.27852e-24
0,2.18093e+09,-5.44283e+06,3.02001e+08,-2.00998e+09,4.11342e+08,2.19952e+08,-2.59689e+08,0.000901242,0.000124798,-5.4228e-26
0,2.01138e+09,-1.86256e+07,3.06107e+08,1.01815e+09,2.76617e+08,-1.61037e+08,-1.06821e+09,0.00102188,0.000155518,3.83018e-28
0,2.17847e+09,-1.43288e+07,3.35335e+08,-4.73143e+09,-7.23086e+08,-2.83497e+08,-6.17727e+08,0.000991982,0.000152697,-4.49371e-24
0,2.00537e+09,-3.00168e+07,3.37148e+08,-6.82182e+09,4.61118e+07,-3.9277e+08,-4.6299e+08,0.000939725,0.000157989,-1.3343e-23
0,1.97775e+09,-4.39295e+06,3.29879e+08,-5.81793e+09,6.93533e+08,-9.25872e+07,-8.20079e+08,0.000934864,0.000155931,-1.58481e-23
0,2.32719e+09,9.60387e+06,3.2959e+08,2.17588e+09,-1.21743e+09,-8.25382e+07,-2.9704e+08,0.000925374,0.000131057,5.7045e-25
0,2.28586e+09,2.87085e+07,3.23385e+08,1.4019e+09,-8.9791e+08,-1.2197e+08,-2.5552e+08,0.000948227,0.000134147,1.79966e-25
0,1.85497e+09,-2.26423e+07,3.19455e+08,-3.41356e+09,1.93393e+09,1.95354e+08,-9.22704e+08,0.000973256,0.00016761,-1.43982e-24
0,2.06998e+09,-3.43039e+07,3.17718e+08,-1.20337e+09,-9.38008e+08,2.25468e+08,-8.922e+08,0.00101319,0.000155513,-4.33621e-25
0,2.1547e+09,2.03596e+07,3.21504e+08,7.10313e+09,-1.24339e+09,-7.65006e+07,-6.28933e+08,0.000977686,0.000145881,2.19014e-23
0,1.92146e+09,2.90407e+07,3.04342e+08,1.54541e+10,1.55914e+09,2.01379e+08,4.87963e+06,0.000925824,0.000146643,9.64668e-24
0,1.96441e+09,2.32028e+07,3.12103e+08,2.90883e+09,2.38482e+06,-1.46173e+08,-1.23984e+09,0.00102207,0.000162385,3.77341e-24
0,1.84293e+09,-7.23962e+07,3.02751e+08,1.32286e+09,-6.72987e+08,-6.21097e+07,-7.58533e+08,0.000925274,0.000152002,4.18488e-25
0,2.04965e+09,-512937,3.28684e+08,-1.4809e+09,-8.62694e+08,2.6207e+08,-5.68984e+08,0.00104064,0.000166878,-6.50742e-25
0,1.92485e+09,2.34148e+07,3.00479e+08,1.40443e+09,-1.64504e+09,3.35714e+08,-1.49906e+09,0.00113091,0.000176542,1.10768e-23
0,1.88604e+09,-1.37618e+07,3.30858e+08,-3.79084e+09,1.33494e+09,-1.74515e+08,-6.83424e+08,0.000907603,0.000159216,-4.36469e-24
0,1.97214e+09,4.65469e+07,3.05032e+08,7.25078e+09,-1.91906e+08,-2.64784e+08,-1.27903e+09,0.00103492,0.000160072,7.62098e-23
0,2.24085e+09,1.21587e+07,3.2346e+08,4.9341e+09,-1.40799e+09,1.44317e+08,-6.10121e+08,0.000998831,0.000144178,7.33275e-24
0,1.8553e+09,1.90321e+07,3.04261e+08,-8.15781e+08,1.88987e+09,-5.28343e+08,-1.28404e+09,0.000969636,0.000159016,-3.48957e-25
0,2.03604e+09,4.06037e+07,3.05801e+08,4.52354e+09,-1.01015e+09,7.85491e+06,-1.14338e+09,0.00103481,0.000155423,1.68013e-23
0,2.13077e+09,-1.70403e+07,3.2694e+08,-3.21162e+09,-8.65763e+08,-2.83631e+08,-8.622e+08,0.00101395,0.000155577,-2.86848e-24
0,2.09811e+09,-8.57217e+06,3.13418e+08,-4.18852e+09,-1.00551e+09,-3.40832e+08,-9.84684e+08,0.00100133,0.000149579,-7.0166e-24
0,2.00252e+09,2.92883e+07,3.07706e+08,5.05509e+09,-1.13984e+09,3.2265e+08,-1.28218e+09,0.00106601,0.000163802,2.8669e-23
0,2.03236e+09,-3.85228e+07,3.22546e+08,-4.44598e+09,1.8366e+09,4.20515e+08,-5.59357e+08,0.000868198,0.000137788,9.41323e-25
0,2.02821e+09,3.14372e+07,3.10343e+08,6.12683e+09,-1.04179e+09,-1.43792e+08,-1.18574e+09,0.00106199,0.000162499,4.93425e-23
0,2.0218e+09,2.31489e+06,3.07522e+08,1.76797e+09,-6.15298e+08,-2.36181e+08,-1.24199e+09,0.0010356,0.000157518,8.4317e-25
0,2.09135e+09,3.71918e+07,3.06023e+08,3.12646e+09,-9.53016e+08,6.91601e+08,-3.028e+08,0.00109977,0.000160926,-1.62561e-24
0,1.88031e+09,3.65599e+07,3.24278e+08,-3.62233e+08,2.19364e+09,-2.84072e+08,-6.49473e+08,0.000909476,0.000156848,8.55931e-25
0,2.17055e+09,1.2857e+06,3.44567e+08,1.57849e+08,-2.27221e+07,-1.78495e+07,-1.48383e+08,0.000918129,0.00014575,4.08414e-30
0,2.06133e+09,1.90723e+06,3.33361e+08,5.92927e+09,3.95711e+08,4.11187e+08,-6.13582e+08,0.000936073,0.000151383,1.12143e-23
0,2.10815e+09,-3.53162e+07,3.3458e+08,-6.59238e+09,4.94234e+08,-4.7789e+08,-5.89871e+08,0.000919162,0.000145878,-1.27011e-23
0,1.93076e+09,2.19496e+07,2.88234e+08,3.1625e+09,1.98458e+09,-1.34563e+08,-8.8204e+08,0.000961665,0.000143562,3.34761e-25
0,2.29224e+09,2.08091e+07,3.28841e+08,-4.75939e+09,1.89446e+08,1.25699e+08,1.00471e+08,0.00091822,0.000131726,5.13593e-25
0,1.89697e+09,2.7971e+07,3.08215e+08,3.30721e+09,-3.63553e+08,3.61139e+08,-1.39537e+09,0.00106733,0.000173416,8.48485e-24
0,1.94915e+09,2.91121e+07,3.08735e+08,1.93346e+09,8.57094e+08,-5.37956e+08,-1.08886e+09,0.000993862,0.000157422,4.78502e-25
0,2.24411e+09,3.78733e+07,3.18249e+08,7.37449e+09,-9.00254e+08,-1.60157e+08,-5.05833e+08,0.000956323,0.000135621,1.36669e-23
0,2.11048e+09,3.13294e+07,2.7441e+08,5.73798e+08,-5.52542e+08,-7.83025e+07,-4.32239e+08,0.000986477,0.000128264,3.19426e-26
0,1.86014e+09,2.19756e+07,2.85937e+08,-2.36933e+09,-2.45694e+08,3.02662e+08,-1.18135e+09,0.00101548,0.000156098,-2.36201e-24
0,1.71181e+09,-5.20335e+07,2.86568e+08,-6.33254e+08,-2.10429e+09,-2.12447e+07,-1.40806e+09,0.00112782,0.000188803,-1.18338e-23
0,1.93408e+09,-6.31037e+07,3.05205e+08,-3.46594e+09,-1.12733e+09,-9.37775e+07,-9.03737e+08,0.0010118,0.000159667,-8.48698e-24
0,2.11041e+09,-1.31916e+07,3.37786e+08,-6.06418e+09,4.80286e+08,-2.24244e+08,-4.90621e+08,0.00090901,0.000145493,-7.2186e-24
0,2.14579e+09,459713,3.20343e+08,-2.09937e+09,-1.23022e+09,2.85197e+08,-7.85227e+08,0.00100181,0.000149559,-1.80769e-24
0,2.19822e+09,3.81342e+07,3.15343e+08,5.45585e+09,-8.33346e+08,-4.57079e+07,-6.07746e+08,0.000967351,0.00013877,7.51101e-24
0,1.96734e+09,1.71829e+06,2.87668e+08,4.87371e+09,1.75624e+09,1.67725e+07,-8.51241e+08,0.000965841,0.000141227,9.48676e-24
0,1.98529e+09,2.32882e+07,3.13262e+08,2.31438e+09,5.2711e+07,-5.92147e+08,-9.83394e+08,0.00100727,0.000158938,1.05241e-24
0,2.05059e+09,-3.48667e+07,3.29779e+08,-4.39665e+09,9.43544e+08,-1.14666e+08,-5.15885e+08,0.000956546,0.000153833,-4.27323e-24
0,1.62937e+09,-8.94272e+07,2.78867e+08,1.212e+09,-1.78907e+09,1.45144e+08,-1.31747e+09,0.00111114,0.000190171,2.05069e-23
0,1.80364e+09,-2.12448e+07,3.06382e+08,9.68761e+09,1.11777e+09,3.21024e+08,-5.4837e+08,0.000983152,0.000167007,1.14655e-22
0,1.92176e+09,5.03864e+06,3.07269e+08,9.19468e+08,-1.01605e+09,1.54421e+08,-1.25722e+09,0.00105484,0.000168659,1.28687e-24
0,2.08802e+09,1.51767e+07,3.12572e+08,6.67329e+09,4.52084e+08,3.2856e+08,-8.47889e+08,0.000973078,0.000145668,2.3743e-23
0,1.98691e+09,2.12661e+07,3.11152e+08,9.98504e+08,-1.28177e+09,-1.01695e+08,-1.21074e+09,0.00107497,0.000168341,1.38083e-24
0,1.80817e+09,1.3439e+07,3.03806e+08,3.08435e+09,-9.74568e+07,2.88863e+08,-1.57075e+09,0.00108169,0.000181745,9.88826e-24
0,1.95632e+09,-2.31491e+07,3.27105e+08,-4.22634e+09,2.52469e+08,6.3762e+07,-9.06266e+08,0.000961692,0.000160799,-7.46394e-24
0,1.86383e+09,-8.48354e+07,3.0472e+08,-2.80502e+09,-4.56362e+08,-3.84384e+08,-7.7534e+08,0.000990283,0.000161903,-2.04756e-24
0,2.06003e+09,6.69291e+07,3.1362e+08,9.33803e+09,4.38345e+08,3.06878e+07,-8.1717e+08,0.000941488,0.000143333,5.31692e-23
0,2.23472e+09,-6.5433e+06,3.43982e+08,-4.22416e+09,-1.2841e+08,-4.25709e+08,-1.96518e+08,0.00092184,0.000141895,-5.1738e-25
0,1.94251e+09,85608.1,3.29766e+08,6.43939e+09,4.00651e+08,1.40146e+08,-6.90781e+08,0.000939618,0.000159512,2.01947e-23
0,2.16239e+09,7.51195e+06,2.94085e+08,-1.47296e+09,3.49203e+08,-5.93488e+07,-3.14177e+08,0.000920758,0.000125223,-6.4003e-26
0,1.98756e+09,3.43159e+07,2.90129e+08,6.03551e+09,1.0815e+09,-1.05001e+08,-8.30837e+08,0.000986394,0.000143987,2.04007e-23
0,1.96319e+09,2.04735e+07,3.02532e+08,-8.20311e+09,-3.10218e+09,1.02384e+08,-5.89373e+08,0.00102856,0.000158503,-1.58283e-22
0,2.08138e+09,-4.38935e+07,3.03387e+08,-6.14239e+09,-8.6105e+08,2.28557e+08,-1.02852e+09,0.00100756,0.000146864,-2.88305e-23
0,1.82978e+09,-5.74494e+06,2.96759e+08,3.38603e+09,-3.03432e+08,2.40002e+08,-1.65675e+09,0.00109627,0.000177796,1.47011e-23
0,2.02116e+09,-4.31369e+06,3.20276e+08,4.23678e+08,9.23217e+08,1.78102e+08,-5.4264e+08,0.000898157,0.000142323,-1.81297e-27
0,1.91275e+09,2.91102e+07,2.89116e+08,9.15703e+09,1.51823e+09,-5.66055e+06,-1.033e+09,0.000955512,0.000144427,9.73382e-23
0,1.95087e+09,7.86431e+07,2.91666e+08,9.50353e+09,4.91638e+08,-7.75736e+08,-9.67534e+08,0.000975232,0.000145802,9.03649e-23
0,2.01286e+09,5.62464e+06,3.30076e+08,6.2957e+09,2.74841e+08,2.4001e+08,-8.38807e+08,0.000945309,0.000155015,1.95542e-23
0,1.96736e+09,7.14023e+07,2.93982e+08,-1.60438e+09,-1.97706e+09,3.43733e+08,-7.90882e+08,0.00109224,0.000163213,-6.19912e-24
0,1.86971e+09,-1.39112e+07,3.06388e+08,2.67746e+09,-4.79108e+08,3.66787e+08,-1.49753e+09,0.0011061,0.000181257,5.36516e-24
0,2.31745e+09,1.69178e+07,3.25499e+08,3.68348e+09,-1.37359e+09,-1.4993e+08,-3.70211e+08,0.000942151,0.00013233,2.25992e-24
0,1.64645e+09,-5.93543e+07,2.79988e+08,4.78609e+09,1.88533e+09,3.71913e+08,-1.17974e+09,0.00112725,0.000191694,1.02293e-22
0,2.0678e+09,3.64008e+06,3.22617e+08,2.74762e+09,1.25294e+09,3.66014e+08,-5.47126e+08,0.000904986,0.000141196,1.23092e-24
0,1.99829e+09,6.42018e+07,2.88265e+08,1.0812e+10,6.21964e+07,-5.6986e+08,-1.04028e+09,0.000995079,0.000143546,1.56914e-22
0,1.94593e+09,-1.07585e+07,3.09341e+08,1.11951e+09,-3.43575e+08,3.71739e+08,-1.19799e+09,0.00100938,0.000160459,-4.48818e-26
0,2.22937e+09,-5.27952e+06,3.44622e+08,-5.73691e+09,-1.80482e+07,-5.24398e+08,-1.08741e+08,0.000899484,0.000139045,-8.06875e-25
0,1.91261e+09,-3.94475e+07,3.06237e+08,9.31841e+09,-2.14587e+09,-2.40047e+08,-5.41206e+08,0.000966396,0.000154734,1.06127e-22
0,2.00168e+09,-2.16127e+07,2.98456e+08,-1.10504e+09,-7.91342e+08,4.94006e+08,-1.34337e+09,0.00105557,0.000157388,4.32526e-25
0,1.96794e+09,7.42275e+07,3.18987e+08,-3.22868e+08,-1.23137e+09,2.14492e+08,-4.62019e+08,0.000970059,0.000157239,4.73082e-26
0,2.1625e+09,1.4461e+07,3.21932e+08,3.91536e+09,-1.47397e+09,3.69639e+08,-7.37451e+08,0.0010459,0.000155704,6.70232e-24
0,1.85862e+09,-1.98372e+07,2.98346e+08,1.06329e+10,-1.55082e+09,1.82608e+08,-5.55816e+08,0.00098981,0.000158884,1.18586e-22
0,2.03096e+09,-6.75564e+07,3.17075e+08,-8.54756e+09,1.02057e+09,4.13293e+06,-7.77556e+08,0.000954828,0.000149069,-4.43954e-23
0,2.05109e+09,-1.14362e+06,3.17529e+08,-3.06059e+09,-1.34025e+09,-7.84044e+07,-7.849e+08,0.000995559,0.000154122,-5.06234e-24
0,2.01261e+09,3.19194e+07,3.22258e+08,1.77468e+09,2.74795e+08,3.58581e+08,-9.74303e+08,0.00101288,0.000162182,5.8967e-25
0,1.87581e+09,-2.94671e+07,2.96521e+08,-5.41796e+09,2.53051e+08,3.38619e+07,-1.43728e+09,0.00102434,0.000161924,-4.13888e-23
0,2.06794e+09,5.79425e+07,3.21264e+08,4.26041e+09,1.36982e+09,-2.35903e+08,-5.90467e+08,0.000922556,0.000143324,1.52166e-24
0,1.76888e+09,2.25371e+07,2.76051e+08,7.18665e+09,1.41368e+09,-2.43615e+08,-1.28573e+09,0.00120269,0.000187693,2.47227e-22
0,1.76437e+09,1.16411e+07,2.48015e+08,1.06387e+09,7.47887e+08,-7.54158e+07,-1.68358e+09,0.00110463,0.000155276,-3.77233e-25
0,1.84582e+09,4.68775e+06,2.98223e+08,1.33736e+09,1.77184e+09,-3.05542e+08,-9.43424e+08,0.000913601,0.000147608,-3.29814e-25
0,2.12716e+09,-4.73847e+07,3.09722e+08,-4.73761e+09,1.11209e+09,-3.51539e+08,-4.11523e+08,0.000996776,0.000145134,-6.02553e-24
0,1.87699e+09,7.67429e+06,3.04816e+08,2.1387e+09,1.73971e+09,-1.45099e+07,-9.38318e+08,0.000947422,0.000153858,3.69174e-25
0,1.87528e+09,-2.25943e+07,2.99889e+08,-4.90202e+09,6.91692e+08,6.38094e+07,-1.37429e+09,0.0010173,0.000162682,-2.86508e-23
0,1.82682e+09,-5.7457e+06,2.9798e+08,1.10738e+10,-3.6511e+08,4.56896e+08,-6.28729e+08,0.00102445,0.000167102,1.74005e-22
0,2.04519e+09,-5.36877e+07,3.16991e+08,-7.91028e+09,1.40807e+09,2.30307e+08,-7.41907e+08,0.00093545,0.000144989,-2.37713e-23
0,2.0776e+09,4.27292e+07,3.29395e+08,6.70443e+09,5.10428e+08,2.44485e+08,-6.95486e+08,0.000927675,0.000147079,1.60738e-23
0,1.98389e+09,-6.32177e+06,3.17654e+08,-3.14885e+09,-1.04474e+09,4.1547e+07,-7.79154e+08,0.000988314,0.000158246,-4.76973e-24
0,2.12599e+09,3.17261e+06,2.94903e+08,9.22771e+09,-2.31204e+09,-5.65173e+08,-3.54455e+08,0.000968072,0.000134285,6.43621e-23
0,2.32091e+09,1.48422e+07,3.2656e+08,3.20893e+09,-1.28411e+09,-9.96553e+07,-3.35168e+08,0.00093822,0.000132011,1.40499e-24
0,1.84072e+09,1.27845e+06,2.95101e+08,-5.72468e+09,-3.36699e+08,-2.91985e+08,-1.21954e+09,0.00103214,0.000165471,-4.64328e-23
0,1.99911e+09,6.1791e+07,3.13873e+08,3.74099e+09,9.87625e+08,-9.29674e+07,-1.07979e+09,0.000987233,0.000155002,6.18779e-24
0,2.03818e+09,5.29943e+07,2.9137e+08,5.41496e+09,-1.19721e+09,-6.89412e+07,-1.19875e+09,0.00105172,0.00015035,3.41058e-23
0,1.79965e+09,6.53462e+07,2.86419e+08,4.21534e+09,-1.33218e+09,4.92432e+06,-1.02416e+09,0.00113964,0.000181377,4.67875e-23
0,1.86503e+09,-1.33861e+07,3.16047e+08,-1.73853e+09,-8.49688e+08,8.08877e+07,-1.07279e+09,0.00105186,0.000178248,-2.153e-24
0,2.07074e+09,2.0205e+06,3.17567e+08,-8.47954e+08,-1.24915e+09,3.46831e+08,-9.38284e+08,0.00104774,0.000160681,-1.06134e-25
0,2.04786e+09,6.52512e+07,2.83182e+08,7.95163e+09,-1.70513e+09,-3.04325e+08,-1.28307e+09,0.00109546,0.000151483,1.52516e-22
0,1.85776e+09,2.24684e+07,2.91826e+08,5.38565e+09,2.27172e+09,-2.31742e+08,-9.43819e+08,0.000923066,0.000145,6.70654e-24
0,1.93827e+09,1.68279e+07,3.1028e+08,3.85144e+09,7.73385e+08,-2.305e+08,-9.41492e+08,0.00095746,0.000153272,5.40791e-24
0,2.21136e+09,-4.19743e+07,3.28676e+08,1.43452e+09,-1.5277e+09,-4.6861e+08,1.10488e+08,0.000853457,0.00012685,2.24935e-25
0,2.0274e+09,5.04976e+07,3.23281e+08,5.48337e+09,7.45016e+08,-4.77732e+07,-4.62721e+08,0.00095628,0.000152485,6.74934e-24
0,1.8882e+09,-1.51371e+06,2.99712e+08,1.13651e+10,2.67301e+08,3.68322e+08,-6.59809e+08,0.00107777,0.000171074,2.43322e-22
0,1.93866e+09,-3.5765e+06,3.17252e+08,-6.26935e+09,2.10436e+09,-1.19485e+07,-7.65924e+08,0.00091102,0.000149084,-1.24391e-23
0,2.0006e+09,5.96103e+07,2.79e+08,7.78699e+09,-1.71735e+09,-1.04536e+08,-1.27686e+09,0.0011002,0.000153433,1.56972e-22
0,1.91665e+09,2.71094e+07,3.05365e+08,7.34897e+09,1.00365e+09,-6.12943e+06,-1.21676e+09,0.000980197,0.000156167,6.72862e-23
0,1.88079e+09,1.323e+07,3.00237e+08,6.72807e+08,5.4319e+08,6.31796e+07,-1.43122e+09,0.00101939,0.000162728,-1.7541e-25
0,1.90505e+09,3.02996e+07,2.88369e+08,3.70787e+07,4.01478e+08,-7.69878e+08,-1.0463e+09,0.000983891,0.000148933,1.09511e-25
0,1.84961e+09,-1.69224e+07,3.03899e+08,-2.43452e+09,1.96821e+09,2.03689e+08,-1.26598e+09,0.000993188,0.000163185,-1.11906e-24
0,2.10428e+09,-1.04853e+07,3.27322e+08,9.48748e+09,7.66438e+08,4.69084e+08,1.86422e+08,0.000903811,0.000140588,-3.72169e-24
0,1.90311e+09,2.58652e+07,3.12721e+08,5.84672e+09,3.86659e+08,-1.03056e+08,-9.30689e+08,0.000962751,0.000158201,2.37208e-23
0,1.8209e+09,-2.71071e+07,3.09013e+08,-1.55196e+09,1.27313e+09,1.27683e+08,-1.24928e+09,0.000996332,0.000169081,-7.03869e-25
0,1.93682e+09,-4.18442e+07,3.22035e+08,-2.18597e+09,3.76799e+08,1.72077e+08,-1.00839e+09,0.00104665,0.000174026,-1.49314e-24
0,1.99963e+09,-1.26619e+07,3.04605e+08,8.35155e+09,3.72822e+08,8.70138e+07,-5.78609e+08,0.00113366,0.000172691,8.04463e-23
0,1.95715e+09,-2.39511e+07,2.80637e+08,-3.19962e+09,-1.12249e+09,-2.79657e+08,-1.54771e+09,0.00113568,0.000162847,-1.59713e-23
0,1.898e+09,-1.56408e+06,3.05268e+08,1.38854e+09,6.13169e+08,1.10019e+08,-1.39231e+09,0.00102726,0.000165222,3.30281e-25
0,2.10457e+09,2.32148e+07,3.26277e+08,4.85369e+09,-1.0762e+09,-4.8673e+07,-6.25452e+08,0.000989115,0.000153345,8.81726e-24
0,1.55657e+09,-1.98857e+07,2.45462e+08,-1.81848e+09,-8.15657e+08,4.70518e+06,-9.70217e+07,0.0012938,0.000204025,-4.65885e-24
0,2.05237e+09,1.23547e+07,3.28843e+08,1.51358e+09,-2.19489e+08,9.39836e+07,-8.97067e+08,0.000991226,0.00015882,2.2346e-25
0,2.19698e+09,-91404,3.4478e+08,-9.60534e+08,-4.96701e+07,-1.75534e+08,-1.04508e+08,0.000913017,0.000143283,-2.42712e-27
0,2.0745e+09,6.72502e+07,3.10163e+08,1.00425e+10,5.53726e+08,1.36076e+07,-6.72332e+08,0.000947853,0.000141715,5.44008e-23
0,1.93741e+09,3.2498e+07,2.96675e+08,1.60959e+10,2.42252e+08,3.5286e+08,-9.08111e+07,0.00102324,0.000156688,7.35252e-23
0,1.91987e+09,-3.00052e+07,3.127e+08,-4.02162e+09,5.10964e+07,1.74846e+08,-1.13793e+09,0.00100933,0.000164395,-1.08195e-23
0,2.11117e+09,2.91432e+07,3.31027e+08,8.8915e+09,-3.04115e+08,6.15325e+08,-6.89361e+08,0.000964885,0.000151292,3.40133e-23
0,1.88518e+09,2.7088e+07,2.54979e+08,2.75825e+09,-1.77102e+09,-4.10447e+08,-1.18255e+09,0.00109701,0.000148375,1.95103e-23
0,1.89305e+09,-2.98639e+07,3.07715e+08,1.46794e+08,1.09195e+09,2.35588e+08,-1.20125e+09,0.000997639,0.000162166,6.61928e-27
0,2.11969e+09,-1.53459e+06,3.04294e+08,1.30956e+10,1.30865e+09,-2.15316e+08,2.70451e+07,0.000975132,0.000139986,-2.14232e-23
0,1.88799e+09,-2.90692e+07,3.19537e+08,-2.18987e+09,6.55061e+08,2.7583e+08,-1.08122e+09,0.00102717,0.000173845,-1.52933e-24
0,2.17794e+09,3.39044e+07,3.21365e+08,4.35404e+09,-5.36081e+08,-2.97167e+08,-7.18155e+08,0.00100516,0.000148316,5.69744e-24
0,1.91341e+09,2.56832e+07,2.95963e+08,-4.97565e+08,-3.92446e+07,-4.36981e+08,-1.24201e+09,0.00100752,0.000155841,2.13583e-25
0,1.91224e+09,-5.53433e+07,2.86298e+08,-5.33365e+09,-7.89404e+08,-4.32722e+08,-1.42241e+09,0.00110242,0.000165053,-4.74693e-23
0,2.09008e+09,2.82741e+07,3.20798e+08,6.4503e+09,-9.74986e+08,1.4231e+08,-9.01206e+08,0.00104371,0.000160196,3.08897e-23
0,2.04311e+09,8.37473e+07,2.99587e+08,9.64403e+09,9.51315e+08,-3.62084e+08,-7.79812e+08,0.000962849,0.000141186,5.64229e-23
0,2.03093e+09,-3.84406e+07,3.00048e+08,-5.20295e+09,-1.38667e+09,-9.82398e+06,-1.22667e+09,0.00107459,0.00015876,-3.76393e-23
0,1.8742e+09,5.66965e+07,2.94098e+08,3.92254e+09,8.53587e+08,-9.86269e+08,-1.32274e+09,0.00103292,0.000162085,8.8256e-24
0,1.94784e+09,-1.51095e+07,2.84636e+08,-4.71919e+09,-2.10832e+09,6.23861e+07,-1.49453e+09,0.00112914,0.000165,-8.56678e-23
0,2.06528e+09,1.1852e+07,3.34756e+08,7.53994e+07,-1.57192e+08,-1.74845e+06,-7.26283e+08,0.000998218,0.000161799,-2.59229e-27
0,1.84105e+09,-3.03546e+07,3.12348e+08,-2.86748e+09,1.22887e+09,3.27217e+08,-1.17749e+09,0.000988578,0.00016772,-3.38408e-24
0,2.02614e+09,1.18657e+07,3.17668e+08,-2.16221e+09,6.58861e+07,-5.9594e+08,-9.77777e+08,0.00102292,0.000160377,-7.89887e-25
0,2.15273e+09,2.47923e+07,3.27701e+08,7.36298e+09,-8.02995e+08,5.05094e+08,-7.84769e+08,0.000993137,0.000151181,2.1033e-23
0,1.98524e+09,-1.80298e+07,3.1892e+08,2.41542e+08,3.77406e+08,1.08819e+08,-9.90038e+08,0.00100609,0.000161623,-2.49228e-26
0,1.84718e+09,5.9714e+06,3.25045e+08,-1.29753e+09,6.50203e+08,-1.2277e+08,-9.38839e+08,0.00101794,0.000179124,-4.49962e-25
0,2.05011e+09,1.5935e+07,2.94858e+08,4.17659e+09,-9.84819e+07,-3.88781e+08,-8.56305e+08,0.000969708,0.000139469,5.67282e-24
0,2.04026e+09,3.1387e+07,3.15288e+08,4.06844e+09,-8.77206e+08,2.21208e+08,-1.08506e+09,0.00104709,0.00016181,1.05976e-23
0,1.87654e+09,5.58111e+07,2.92154e+08,-8.45394e+09,-2.18371e+09,1.40245e+08,-8.46953e+08,0.00112839,0.000175676,-2.64059e-22
0,1.88679e+09,-3.30196e+07,2.77097e+08,-5.23056e+09,-1.53709e+09,4.92347e+08,-1.49099e+09,0.00112334,0.000164976,-9.39978e-23
0,1.91958e+09,3.8625e+07,2.97726e+08,4.50678e+09,4.32883e+07,-9.86974e+08,-1.24644e+09,0.00105052,0.000162934,1.76678e-23
0,2.10649e+09,6.42999e+07,2.97639e+08,9.23086e+09,-3.42731e+08,-2.91136e+08,-8.0616e+08,0.00101128,0.00014289,6.67407e-23
0,1.98509e+09,-4.51415e+06,2.87716e+08,1.54316e+09,1.19509e+08,2.04472e+08,-1.21747e+09,0.00101747,0.000147471,2.32553e-25
0,1.81852e+09,6.70622e+06,2.89314e+08,3.84124e+09,1.718e+09,1.86478e+08,-1.17068e+09,0.000983435,0.000156458,1.40369e-23
0,1.95317e+09,388517,3.14202e+08,-2.79458e+09,1.52218e+08,-6.3854e+08,-1.12913e+09,0.00100145,0.000161102,-2.76844e-24
0,2.03149e+09,7.54157e+07,2.57547e+08,-6.30961e+09,4.33363e+08,3.84375e+08,7.57749e+08,0.00109807,0.00013921,3.80409e-23
0,2.02331e+09,-6.07233e+07,3.05227e+08,-7.87983e+09,-3.80559e+08,-2.16313e+07,-1.13214e+09,0.00104591,0.000157781,-8.05748e-23
0,2.15988e+09,1.38299e+07,3.29998e+08,4.64546e+09,-8.26554e+08,4.33263e+08,-7.68314e+08,0.00101168,0.000154571,5.44414e-24
0,1.93168e+09,-8.77623e+07,2.84034e+08,-7.59731e+09,-2.18308e+09,-5.29549e+07,-9.61212e+08,0.00106519,0.000156625,-1.34669e-22
0,1.8659e+09,1.6564e+07,2.88671e+08,1.59104e+09,7.78747e+08,-2.05514e+08,-1.46781e+09,0.00103449,0.000160046,5.57815e-25
0,1.96266e+09,3.98376e+07,2.87603e+08,6.47248e+09,1.73314e+09,2.36618e+07,-9.13828e+08,0.000951953,0.000139497,2.5111e-23
0,1.82493e+09,4.35842e+07,2.97018e+08,-9.23004e+09,-2.81622e+09,-4.91088e+07,-7.69e+08,0.00109092,0.000177553,-3.51531e-22
0,2.04213e+09,1.9084e+07,3.17321e+08,1.68082e+09,-1.09173e+09,2.01987e+08,-1.06289e+09,0.00106857,0.000166043,2.24087e-24
0,2.01833e+09,4.90857e+07,2.86499e+08,6.1292e+09,-8.34789e+08,-2.85547e+08,-1.03836e+09,0.0010194,0.000144703,3.58999e-23
0,1.92658e+09,1.06574e+07,3.10745e+08,-9.95247e+08,4.33366e+08,-2.86603e+08,-1.31937e+09,0.0010378,0.00016739,8.58534e-26
0,2.11273e+09,839414,3.1364e+08,2.32394e+09,-1.62908e+09,1.22847e+08,-9.4169e+08,0.00105357,0.000156406,5.88024e-24
0,1.84763e+09,-7.01649e+07,2.79616e+08,-6.9318e+09,-8.81746e+07,7.03366e+08,-1.48827e+09,0.00110084,0.000166598,-1.39828e-22
0,1.90257e+09,3.01258e+06,3.16127e+08,-1.48509e+09,4.1117e+08,-5.68785e+08,-1.10048e+09,0.000986183,0.000163862,-4.31466e-25
0,2.05301e+09,-1.02452e+07,3.31521e+08,-1.68299e+09,-1.88605e+08,-3.53855e+08,-8.31814e+08,0.000983058,0.000158745,-1.96037e-25
0,1.87416e+09,-7.39089e+07,2.94446e+08,-9.16287e+09,2.98819e+07,4.09882e+08,-1.38094e+09,0.00107275,0.000168539,-2.52977e-22
0,1.98122e+09,2.71253e+07,3.01744e+08,-6.55115e+06,-1.79685e+08,-8.64475e+08,-1.14138e+09,0.00102318,0.000155832,1.52929e-25
0,1.83912e+09,2.73438e+07,2.80605e+08,7.58425e+09,2.00588e+09,-1.18529e+08,-1.12219e+09,0.000991252,0.000151241,7.63414e-23
0,2.30158e+09,1.97996e+07,3.28953e+08,-1.67803e+09,3.48369e+08,2.64795e+08,1.37227e+08,0.000921725,0.000131737,5.41374e-26
0,2.11442e+09,-9.83741e+06,3.29088e+08,-2.32694e+09,-8.75364e+08,-3.98464e+08,-7.77861e+08,0.00100414,0.000156284,-9.77313e-25
0,2.08116e+09,1.78543e+07,3.09875e+08,1.04994e+09,-1.58668e+09,-7.84307e+08,-9.62554e+08,0.00107996,0.0001608,-1.31478e-24
0,2.0408e+09,1.81618e+07,2.8475e+08,3.04574e+09,-8.242e+08,-8.94269e+07,-9.26056e+08,0.00101969,0.000142275,4.24671e-24
0,2.01708e+09,-5.28996e+07,2.97355e+08,-2.34309e+09,-1.93217e+09,-1.06325e+09,-6.29167e+08,0.000987105,0.000145518,-2.27144e-24
0,1.75426e+09,4.7393e+06,2.83886e+08,-1.09521e+10,-1.02652e+09,1.87567e+08,-9.7096e+08,0.00108821,0.000176101,-5.09347e-22
0,2.17522e+09,-9.02648e+06,3.21761e+08,-6.13185e+09,-1.08931e+09,6.31959e+07,-8.10153e+08,0.000985718,0.000145809,-1.71115e-23
0,2.15713e+09,6.90786e+07,2.90934e+08,-8.4446e+09,-5.88764e+08,5.83915e+08,3.1584e+08,0.000987781,0.000133223,9.90615e-24
0,1.95529e+09,-1.64226e+07,3.0621e+08,-1.71146e+09,2.43386e+08,-3.24551e+08,-1.34304e+09,0.00103523,0.000162122,-4.69846e-25
0,2.22452e+09,-1.41154e+06,3.44792e+08,-2.15476e+09,-2.02461e+07,-2.22621e+08,-9.83402e+07,0.000898814,0.000139313,-3.75697e-26
0,2.01436e+09,-1.04527e+07,3.09148e+08,-2.16333e+08,-9.71507e+08,2.01087e+08,-1.10169e+09,0.00103396,0.000158685,2.47489e-25
0,2.0626e+09,-6.65091e+07,3.12937e+08,-1.12852e+10,1.86302e+08,-9.47783e+07,-8.76726e+08,0.000983542,0.000149222,-1.24248e-22
0,1.78594e+09,-6.57581e+07,3.00168e+08,-8.27491e+09,1.10672e+09,5.15764e+08,-1.29479e+09,0.00103209,0.000173466,-1.60204e-22
0,1.94074e+09,5.85056e+07,2.85464e+08,8.49883e+09,5.36835e+08,-4.22924e+08,-1.1037e+09,0.00101867,0.000149836,9.92039e-23
0,2.06134e+09,4.05316e+06,3.17893e+08,-1.24388e+09,-3.71658e+08,1.67768e+08,-1.11311e+09,0.00101452,0.000156457,-9.542e-26
0,2.08572e+09,-3.42546e+06,3.06536e+08,-2.49606e+09,-1.91567e+09,-8.05163e+08,-9.77703e+08,0.00106491,0.000156509,-7.96309e-24
0,2.15444e+09,6.54054e+07,3.17888e+08,-8.45371e+09,-1.13715e+09,4.37261e+08,4.047e+08,0.000905068,0.000133543,7.08567e-24
0,1.76568e+09,614876,3.08388e+08,-6.69834e+09,-1.12758e+09,-2.8778e+08,-1.03449e+09,0.00102017,0.00017818,-7.83968e-23
0,1.82334e+09,-6.71696e+07,2.83157e+08,-5.93277e+09,1.04296e+09,9.82411e+08,-1.4624e+09,0.00105207,0.000163381,-5.23251e-23
0,1.90989e+09,-3.66023e+07,2.57922e+08,-2.42624e+09,-7.4244e+08,6.66307e+08,-1.25261e+09,0.00110619,0.000149386,-4.04541e-24
0,1.98899e+09,9.08959e+06,3.17322e+08,-6.63308e+08,-2.10367e+07,-7.81754e+07,-1.15416e+09,0.00100231,0.000159908,9.00802e-26
0,2.22743e+09,-2.05374e+06,3.17111e+08,2.80201e+09,-3.96467e+08,1.5262e+08,1.76645e+08,0.000898404,0.000127902,-2.26075e-25
0,1.93588e+09,-1.22092e+06,3.10456e+08,-3.45457e+09,-6.80001e+08,-3.9269e+07,-1.30204e+09,0.001054,0.00016903,-1.02922e-23
0,2.06488e+09,-8.39344e+06,2.9338e+08,-2.13803e+08,1.15753e+09,2.19098e+08,8.9868e+08,0.00103975,0.000147729,-2.50752e-25
0,1.99564e+09,-2.638e+07,3.13516e+08,-2.4089e+09,1.79561e+08,-4.48714e+08,-1.15379e+09,0.00102383,0.000160844,-1.78076e-24
0,2.05617e+09,6.89731e+07,3.09096e+08,5.87746e+09,-1.76669e+09,4.5146e+08,-4.65531e+08,0.000973615,0.00014636,9.39617e-24
0,2.29899e+09,1.93315e+07,3.324e+08,-4.26805e+09,2.27654e+08,1.34891e+08,1.44653e+08,0.000907316,0.000131184,4.96262e-25
0,2.09959e+09,1.0964e+07,2.87777e+08,3.42183e+08,-1.57622e+09,-9.83977e+07,-9.97692e+08,0.00104525,0.000143266,2.27732e-25
0,1.84717e+09,-1.17825e+06,2.97999e+08,6.77892e+08,-5.67383e+08,-5.03902e+08,-1.22924e+09,0.00103379,0.000166778,-6.33971e-25
0,2.1052e+09,-1.29976e+07,3.11238e+08,-5.39468e+09,-1.96391e+09,-7.82044e+08,-8.70189e+08,0.00105194,0.00015552,-1.50625e-23
0,1.82676e+09,1.60483e+07,2.46016e+08,-6.91314e+08,6.24781e+08,-2.80692e+07,1.01701e+08,0.00131588,0.000177214,3.51253e-25
0,1.90179e+09,5.49769e+07,2.86015e+08,8.52254e+09,-8.0282e+08,-3.5258e+08,-1.14111e+09,0.00104257,0.000156795,1.52751e-22
0,2.14572e+09,-2.30212e+07,3.05656e+08,6.05604e+09,-3.25766e+09,-3.74198e+08,-3.95705e+08,0.000988279,0.000140779,5.39581e-23
0,2.02066e+09,-1.67657e+07,3.11914e+08,-1.6873e+09,-7.08603e+08,2.66087e+08,-1.03315e+09,0.00103691,0.000160061,-8.57426e-25
0,2.22148e+09,-1.83167e+06,3.44803e+08,-2.28789e+09,5.44649e+06,-2.4758e+08,-9.35372e+07,0.000890136,0.000138161,-4.55363e-26
0,1.85808e+09,-5.87531e+07,2.98018e+08,-6.01159e+09,6.70906e+08,4.57062e+08,-1.3448e+09,0.0010457,0.00016772,-5.69203e-23
0,1.82818e+09,-3.46643e+07,3.15143e+08,-5.26978e+09,1.45873e+08,-2.79834e+08,-1.07058e+09,0.0010081,0.000173778,-3.11675e-23
0,1.81772e+09,2.12198e+07,3.09452e+08,5.20692e+08,1.24865e+09,-3.6929e+08,-1.25212e+09,0.000976191,0.000166188,7.90994e-28
0,2.07926e+09,-4.93619e+06,3.28099e+08,-2.34605e+09,-2.02311e+08,-1.89007e+08,-8.70107e+08,0.000979198,0.000154514,-8.47205e-25
0,1.80757e+09,3.04108e+07,3.02892e+08,2.21336e+09,7.0039e+08,-5.92131e+08,-1.17819e+09,0.000973018,0.000163047,1.12677e-24
0,2.01362e+09,-8.30146e+06,2.93014e+08,1.95139e+08,-6.42557e+08,2.02937e+08,-1.23985e+09,0.00102688,0.000149427,1.81292e-25
0,2.01734e+09,2.15056e+07,2.75908e+08,7.80025e+08,-9.79889e+08,-4.57029e+08,-1.05992e+09,0.00106818,0.000146093,-3.89934e-25
0,1.97023e+09,-1.22251e+07,3.2649e+08,-5.28308e+09,4.71969e+08,-2.10205e+08,-8.89963e+08,0.00094966,0.000157369,-1.43433e-23
0,2.02591e+09,5.73541e+07,2.97362e+08,-4.17365e+09,-5.2903e+08,4.67504e+08,5.49008e+08,0.00109807,0.000161175,5.30118e-24
0,2.05824e+09,-3.09033e+07,2.8642e+08,-1.78292e+09,-1.40995e+09,5.52286e+08,-1.06019e+09,0.0010578,0.000147201,-1.87352e-24
0,2.01417e+09,-2.62108e+07,3.09363e+08,-3.61874e+09,-1.77808e+08,4.07356e+08,-1.08725e+09,0.00102334,0.000157178,-6.41447e-24
0,1.89456e+09,2.75125e+07,2.69045e+08,-5.12042e+08,-1.82731e+08,-3.57779e+08,-1.15949e+09,0.00106166,0.000150765,1.56057e-25
0,1.81513e+09,-3.71138e+07,3.07988e+08,-5.03661e+09,9.18482e+07,1.08878e+08,-1.14328e+09,0.00100031,0.000169731,-2.80162e-23
0,2.09671e+09,-2.96211e+07,3.13354e+08,-1.1028e+10,-1.84289e+09,-3.50749e+08,-7.42626e+08,0.00101252,0.000151322,-1.02085e-22
0,2.24067e+09,3.65272e+07,3.12839e+08,1.05823e+10,4.11058e+08,4.04533e+07,-2.94448e+08,0.00104191,0.00014547,3.08181e-23
0,2.02462e+09,-1.03812e+07,3.20801e+08,-4.85006e+09,-5.74008e+08,-3.50644e+08,-9.02385e+08,0.000988514,0.00015663,-9.85975e-24
0,1.87178e+09,-4.05248e+07,2.55568e+08,-3.09521e+09,3.27524e+08,3.4524e+08,-1.20883e+09,0.00105923,0.000144624,-6.45886e-24
0,1.98755e+09,129.634,3.28859e+08,-2.11759e+09,4.41094e+08,-1.39277e+08,-9.14085e+08,0.000987506,0.000163393,-1.04259e-24
0,1.83548e+09,-6.76535e+07,3.11177e+08,-1.70863e+09,1.24627e+08,-3.70071e+07,-8.33668e+08,0.000977746,0.000165762,-5.58896e-25
0,1.94187e+09,-5.06892e+07,3.07369e+08,-3.01062e+09,8.45278e+08,1.75639e+08,-1.14365e+09,0.000994326,0.000157387,-3.74556e-24
0,1.87558e+09,-1.30049e+07,2.78493e+08,1.19786e+09,-9.21373e+08,-4.76452e+08,-1.12441e+09,0.0010645,0.000158062,7.86321e-27
0,1.80968e+09,8.19461e+07,3.0611e+08,-7.67633e+09,-8.92797e+07,-9.52866e+07,-5.76181e+08,0.0010086,0.000170605,-5.54135e-23
0,1.98077e+09,-3.96976e+07,3.13143e+08,-4.59768e+09,3.31851e+08,5.2973e+08,-9.90037e+08,0.00101379,0.000160272,-1.1364e-23
0,2.05853e+09,-3.83789e+07,3.0409e+08,-7.81833e+09,-1.21643e+09,-1.66713e+08,-7.93312e+08,0.00104826,0.000154851,-5.39717e-23
0,2.04803e+09,-3.87585e+07,3.01383e+08,5.18427e+08,-1.4092e+09,3.42925e+08,-4.0394e+08,0.00101453,0.000149296,9.25341e-25
0,2.31378e+09,8.10839e+06,3.28174e+08,2.48642e+09,-9.48717e+08,-3.38478e+07,-2.70784e+08,0.000919122,0.000130363,4.19839e-25
0,1.9481e+09,-3.98024e+07,3.05294e+08,-3.46811e+09,1.79749e+08,2.44049e+08,-1.26894e+09,0.00100642,0.00015772,-6.51659e-24
0,2.07485e+09,-5.66996e+07,2.91855e+08,-6.19279e+09,-5.96109e+08,4.19165e+08,-8.44425e+08,0.00102377,0.000144007,-2.64182e-23
0,1.87599e+09,-2.08538e+07,2.96442e+08,-1.96696e+09,8.34472e+08,2.58583e+08,-1.42097e+09,0.00100198,0.000158332,-1.13789e-24
0,1.95671e+09,1.75497e+07,3.08416e+08,5.18675e+09,-7.8896e+08,-4.42416e+08,-9.57965e+08,0.00102942,0.000162258,2.59722e-23
0,1.97126e+09,-4.89315e+07,3.01408e+08,-3.3236e+09,-1.49923e+09,-1.07173e+08,-1.00814e+09,0.00102476,0.000156686,-1.15169e-23
0,1.81437e+09,-2.87767e+07,2.7931e+08,4.84177e+09,-2.40976e+09,3.19012e+08,-1.02226e+09,0.00115219,0.000177371,1.22586e-22
0,2.13854e+09,4.2797e+07,3.15958e+08,-9.06941e+09,-2.32402e+09,-1.31688e+08,-3.55639e+06,0.000950265,0.000140397,-1.09556e-23
0,1.89543e+09,-5.37316e+07,2.59478e+08,-3.7792e+09,8.34562e+08,4.36153e+08,-1.14253e+09,0.00105135,0.000143926,-9.72092e-24
0,1.74406e+09,8.87767e+07,3.03938e+08,-4.17612e+09,-3.58706e+08,-6.07517e+08,-5.82237e+08,0.00098237,0.000171198,-5.79919e-24
0,2.11391e+09,-5.79543e+07,2.98407e+08,-7.75636e+09,-5.96098e+08,3.92407e+08,-7.41894e+08,0.00100151,0.000141377,-3.69184e-23
0,1.97677e+09,-7.32351e+07,3.02833e+08,-7.64399e+09,-1.8467e+09,-5.35001e+08,-5.58108e+08,0.000947644,0.000145175,-2.0549e-23
0,1.95446e+09,-3.93906e+07,3.00681e+08,-6.3014e+09,-9.35077e+07,5.78526e+08,-1.07202e+09,0.00101188,0.000155672,-3.85942e-23
0,2.0735e+09,1.47615e+07,3.07806e+08,-1.77077e+09,-3.66557e+08,1.037e+08,-9.21676e+08,0.000983075,0.000145935,-4.44672e-25
0,1.86652e+09,2.87897e+06,3.07327e+08,4.87363e+09,-1.18704e+09,-2.29184e+08,-8.50114e+08,0.00103187,0.000169899,2.94983e-23
0,2.20988e+09,1.09974e+06,3.45004e+08,-4.19943e+08,4.11634e+07,608094,-4.97175e+07,0.00087382,0.00013642,-1.41697e-28
0,1.91809e+09,-7.30392e+07,2.99315e+08,-4.05608e+09,-1.65235e+09,-9.28248e+07,-8.42057e+08,0.00101037,0.000157666,-1.83622e-23
0,2.04343e+09,-4.46287e+07,3.20573e+08,-4.30062e+09,2.75693e+08,-2.9565e+08,-9.56411e+08,0.000974562,0.000152889,-7.59918e-24
0,1.92878e+09,7.21849e+07,2.64445e+08,5.5378e+09,-1.74779e+09,-1.83164e+08,-2.86355e+07,0.00101873,0.000139673,1.47878e-23
0,2.17459e+09,-3.36398e+06,2.80061e+08,2.39742e+09,2.44124e+09,4.46671e+07,6.17624e+08,0.00105149,0.00013542,-1.11314e-23
0,1.89655e+09,6.31167e+06,3.13766e+08,9.51828e+08,5.04812e+08,-2.31573e+08,-1.22203e+09,0.00102235,0.000169138,-3.58994e-26
0,2.11376e+09,-1.3041e+07,3.04011e+08,2.22834e+09,-1.6023e+09,-2.01001e+08,-7.79905e+08,0.00107313,0.000154343,5.07021e-24
0,1.90732e+09,-3.82447e+07,3.20026e+08,-1.42616e+09,1.35204e+09,2.71165e+08,-1.03102e+09,0.000964324,0.000161803,-1.06326e-25
0,2.10364e+09,-5.60325e+07,3.05673e+08,-9.69513e+09,-5.73686e+08,6.90298e+07,-7.00156e+08,0.000986447,0.000143337,-5.94762e-23
0,1.76761e+09,-2.74752e+07,2.69167e+08,3.30974e+09,-3.29258e+08,3.08539e+08,-1.23291e+09,0.00115686,0.000176163,1.70883e-23
0,1.74989e+09,6.98902e+07,3.09298e+08,1.58231e+08,-5.80063e+08,-1.08606e+09,-5.73069e+08,0.000965462,0.000170648,7.91589e-26
0,2.25064e+09,1.19138e+07,3.09521e+08,-6.32029e+09,-1.475e+09,-2.69709e+08,-2.75845e+08,0.00105596,0.000145221,-6.62883e-24
0,1.88265e+09,-1.93182e+07,2.66696e+08,5.32419e+08,-3.68132e+08,2.16565e+08,-1.23673e+09,0.00107729,0.000152609,-3.32664e-26
0,1.92147e+09,6.1938e+06,3.12843e+08,-4.60854e+08,-1.03835e+09,-1.94274e+08,3.98702e+07,0.000967291,0.000157489,-1.70039e-25
0,1.8519e+09,2.51223e+07,2.58205e+08,-1.41514e+10,-3.88311e+08,-2.47793e+07,1.12667e+08,0.0011077,0.000154444,9.92708e-23
0,1.99052e+09,-1.55085e+07,3.23572e+08,-3.03536e+08,-5.39708e+08,-1.03316e+08,-7.82942e+08,0.00094158,0.00015306,-4.12046e-26
0,2.00645e+09,-4.04299e+07,3.11972e+08,-1.15924e+10,8.48268e+07,-1.37149e+08,-8.3921e+08,0.000964321,0.000149937,-1.33846e-22
0,2.06541e+09,2.99217e+07,2.73364e+08,5.59557e+09,-1.83921e+09,-2.52975e+08,-1.84791e+08,0.00103081,0.000136432,1.81318e-23
0,1.93552e+09,-2.92777e+07,3.18631e+08,-3.00172e+09,7.27443e+08,1.99504e+08,-1.04833e+09,0.000967085,0.000159205,-2.97047e-24
0,1.80528e+09,-5.1917e+07,3.09858e+08,4.10074e+09,-2.19417e+08,2.68231e+08,-6.61753e+08,0.00100766,0.000172954,8.90281e-24
0,1.94055e+09,-3.95657e+06,3.09047e+08,1.09148e+09,2.39268e+08,-1.36381e+08,-1.24969e+09,0.0010278,0.000163684,-6.00159e-26
0,1.86836e+09,3.20381e+07,2.66338e+08,-3.47095e+09,1.01077e+09,1.94469e+08,1.04813e+08,0.000948285,0.00013518,2.45466e-24
0,1.89147e+09,3.14155e+07,3.14151e+08,1.93075e+09,-3.37119e+08,-1.00706e+09,-7.62039e+08,0.000975416,0.000162006,2.9156e-25
0,2.32347e+09,1.1578e+07,3.31636e+08,2.66756e+09,-9.78497e+08,-8.85498e+07,-2.65622e+08,0.000918709,0.00013113,5.15572e-25
0,2.015e+09,-5.45493e+07,3.201e+08,-4.5105e+09,7.09222e+08,-1.06142e+08,-9.68326e+08,0.000965855,0.000153434,-9.39091e-24
0,2.27467e+09,2.99276e+07,3.06825e+08,5.32113e+09,-1.36922e+09,-1.32652e+08,-4.00875e+08,0.000976414,0.000131706,6.54197e-24
0,2.02421e+09,5.22487e+07,3.1682e+08,7.61298e+09,7.31257e+08,-1.9789e+08,-8.21378e+08,0.000932981,0.000146026,2.80973e-23
0,2.037e+09,-1.61253e+07,3.33202e+08,-2.93983e+09,-1.90941e+08,-5.63241e+08,-7.7777e+08,0.000964183,0.000157716,-1.19356e-24
0,2.16113e+09,-2.94658e+07,3.31451e+08,-5.68545e+09,-1.02435e+08,-3.74183e+08,-6.08858e+08,0.000953272,0.000146203,-7.01689e-24
0,1.96484e+09,4.00229e+06,3.17885e+08,6.4135e+08,-3.50583e+08,-3.39129e+06,-1.06872e+09,0.00103252,0.000167048,-3.18463e-26
0,2.20905e+09,-2.02696e+07,3.15672e+08,5.98726e+09,-1.54918e+09,-4.71432e+08,-1.25775e+08,0.00091981,0.00013144,6.85692e-24
0,1.88732e+09,-1.81248e+07,3.18888e+08,6.8385e+08,2.48638e+07,2.25713e+08,-1.20519e+09,0.000999536,0.000168885,-1.62218e-25
0,1.85601e+09,6.94138e+06,3.08994e+08,3.18514e+09,1.08732e+09,-1.35526e+08,-2.84935e+08,0.000953735,0.00015878,4.1282e-26
0,1.92626e+09,2.92152e+07,3.05864e+08,6.83124e+09,1.10324e+09,-1.93888e+08,-9.88336e+08,0.000946113,0.00015023,3.26749e-23
0,2.1129e+09,2.4306e+07,3.26584e+08,6.32133e+09,4.91294e+08,6.85442e+07,-6.72074e+08,0.000912698,0.000141073,1.04367e-23
0,1.75592e+09,2.85967e+07,2.61422e+08,2.99052e+09,2.05443e+09,-4.07123e+08,-1.29448e+09,0.00107402,0.0001599,2.82219e-24
0,1.97819e+09,1.41255e+07,3.32387e+08,1.6412e+08,2.43488e+08,2.23424e+08,-8.54142e+08,0.000980588,0.000164764,-1.85193e-26
0,1.99953e+09,-5.3812e+07,3.05318e+08,-5.93961e+09,-9.37994e+07,-1.65646e+08,-6.36483e+08,0.00103551,0.000158117,-1.93581e-23
0,1.91522e+09,-4.67356e+07,3.09099e+08,-2.63469e+09,9.43204e+08,6.71213e+08,-1.02369e+09,0.000976649,0.000157622,-1.14985e-24
0,1.82338e+09,-5.30885e+07,2.72386e+08,6.45315e+08,1.1005e+09,7.51517e+08,-1.15265e+09,0.00118669,0.000177274,1.35417e-24
0,2.06901e+09,5.79787e+07,2.86933e+08,-2.14105e+09,-5.81882e+08,-6.48982e+07,2.2078e+08,0.000963191,0.000133577,2.02102e-25
0,1.95667e+09,-1.49236e+07,2.97015e+08,4.80336e+09,-7.0341e+08,2.26745e+08,-9.95072e+08,0.00110363,0.000167526,2.38607e-23
0,1.88693e+09,-6.39319e+06,2.77883e+08,9.3999e+08,-9.15469e+07,5.32389e+07,-1.12042e+09,0.00104424,0.000153783,-7.5961e-26
0,2.11848e+09,3.77955e+07,3.25492e+08,8.48921e+09,-3.45826e+08,2.05384e+08,-6.60976e+08,0.000979431,0.000150484,3.27845e-23
0,2.31546e+09,1.30667e+07,3.25941e+08,2.10763e+09,-1.13312e+09,-6.86955e+07,-2.80971e+08,0.00092763,0.00013058,4.74441e-25
0,2.21828e+09,2.13763e+07,3.25035e+08,1.4601e+09,9.92724e+08,-1.40791e+08,-2.18475e+08,0.000874153,0.000128085,-6.63365e-26
0,1.87387e+09,-6.22245e+07,3.05167e+08,4.496e+09,8.16761e+08,3.62772e+08,-5.28957e+08,0.00102792,0.000167401,1.33495e-23
0,2.14627e+09,6.83593e+07,2.81188e+08,-2.05077e+09,8.6752e+08,1.54686e+08,-8.58091e+07,0.00102582,0.000134395,2.74867e-25
0,2.01543e+09,-2.5765e+07,3.10842e+08,-6.18364e+09,1.83732e+09,3.5941e+08,-6.33326e+08,0.000890543,0.000137349,-3.05503e-24
0,1.86918e+09,2.91699e+07,3.22241e+08,1.34741e+09,1.13975e+09,7.3489e+07,-1.1621e+09,0.00097335,0.000167802,5.08706e-25
0,2.13503e+09,-2.15893e+07,3.3153e+08,-7.06511e+09,5.83201e+07,-2.79134e+08,-5.84497e+08,0.000926018,0.000143793,-1.26712e-23
0,2.21243e+09,-1.07985e+07,2.81541e+08,6.74506e+09,-8.26696e+08,-6.25833e+08,-1.34313e+08,0.00105112,0.000133759,1.02985e-23
0,1.95816e+09,-5.86351e+07,3.06891e+08,-6.22946e+09,4.99384e+08,2.51884e+08,-4.60409e+08,0.00101139,0.00015851,-1.43023e-23
0,2.01906e+09,2.42264e+07,3.16742e+08,2.12443e+09,-8.7541e+08,-4.96967e+07,-8.58912e+08,0.00100555,0.000157748,1.72691e-24
0,1.997e+09,8.79861e+06,2.96667e+08,6.72918e+09,1.45696e+09,-4.14241e+07,-9.79126e+07,0.00102177,0.000151791,-2.15528e-24
0,1.8972e+09,6.8868e+06,2.86009e+08,1.47451e+09,2.46196e+08,-1.31095e+08,-1.39616e+09,0.0010261,0.000154689,1.19736e-25
0,1.85653e+09,6.03005e+07,2.82898e+08,-1.07277e+09,-2.5076e+09,2.00191e+08,-1.01841e+09,0.00113418,0.000172827,-1.25504e-23
0,1.86018e+09,-3.32271e+07,3.15749e+08,4.60639e+09,9.05726e+08,1.09118e+08,-4.0078e+08,0.00103116,0.00017503,9.00823e-24
0,1.95455e+09,-3.05077e+07,3.26307e+08,6.92694e+09,-2.53272e+08,4.10909e+08,-2.63235e+08,0.000974827,0.000162745,8.67223e-24
0,2.05451e+09,-2.53375e+07,3.33241e+08,-6.54128e+09,1.58666e+08,-1.90817e+08,-5.73382e+08,0.000923722,0.000149828,-1.19911e-23
0,1.75143e+09,2.78741e+07,3.11858e+08,3.78941e+09,1.06208e+09,-2.1984e+08,-9.96567e+08,0.000966824,0.000172152,9.17103e-24
0,1.97292e+09,8.74918e+06,3.13759e+08,1.59749e+09,-9.10085e+08,-2.47914e+07,-9.82583e+08,0.00100224,0.000159389,1.18013e-24
0,2.15561e+09,-4.07397e+06,3.41469e+08,-5.23685e+09,-2.1225e+08,-3.6087e+08,-3.40991e+08,0.000937683,0.000148538,-2.5697e-24
0,2.10793e+09,905584,3.28606e+08,1.15675e+09,1.57397e+09,1.88693e+08,-3.88215e+08,0.000873674,0.000136197,-2.36956e-25
0,1.99762e+09,1.62416e+07,2.96251e+08,1.92651e+09,7.87144e+08,-2.01233e+08,-9.0137e+08,0.000963536,0.000142894,4.98996e-25
0,1.91359e+09,4.51163e+07,3.13461e+08,3.97958e+09,1.52233e+09,-1.75779e+08,-1.14235e+09,0.000964839,0.000158048,7.51848e-24
0,1.87618e+09,3.34749e+07,2.6143e+08,1.33485e+09,-3.19212e+08,-3.66597e+08,-1.24045e+09,0.00106919,0.000148982,-1.79492e-26
0,2.11954e+09,4.55367e+07,3.07531e+08,-3.6195e+09,-2.12184e+09,-1.97393e+08,9.4138e+07,0.000922134,0.000133795,-2.92992e-24
0,2.19952e+09,2.25758e+06,3.44853e+08,3.29506e+09,-1.38707e+07,3.38179e+08,-8.39973e+07,0.000897695,0.000140746,1.23035e-25
0,1.95208e+09,-1.59791e+07,3.34041e+08,-4.43622e+09,7.34865e+08,-1.72394e+08,-5.61634e+08,0.000901243,0.000154221,-4.74857e-24
0,2.14864e+09,5.52483e+07,2.97333e+08,8.45379e+09,6.22421e+07,-4.41954e+08,-5.32268e+08,0.000958466,0.000132635,2.20807e-23
0,2.06203e+09,-2.07898e+06,3.38781e+08,-4.75078e+09,2.60344e+08,-1.52922e+08,-5.12574e+08,0.000917928,0.000150811,-4.00936e-24
0,1.9564e+09,-999489,2.67618e+08,-2.04411e+09,-9.20087e+08,4.12446e+08,-1.05701e+09,0.00112009,0.000153218,-3.17715e-24
0,2.07351e+09,-1.82928e+07,3.25264e+08,7.07759e+09,2.34984e+08,2.38715e+08,-3.10673e+08,0.00102622,0.000160979,1.4103e-23
0,2.08307e+09,3.03416e+07,3.04241e+08,5.80328e+09,-1.23378e+09,1.7548e+08,-1.04803e+09,0.00103034,0.000150486,2.69202e-23
0,1.89198e+09,1.28651e+07,3.12376e+08,2.95031e+09,1.68706e+09,3.9525e+08,-1.11296e+09,0.000951828,0.000157152,5.70703e-24
0,2.0576e+09,6.44516e+07,3.22109e+08,3.86129e+09,1.91022e+09,-2.1924e+08,-5.23114e+08,0.000883024,0.000138234,-9.71335e-25
0,2.04472e+09,-2.81897e+07,3.05673e+08,3.94218e+08,-5.26591e+08,5.32867e+07,-1.23925e+09,0.00103952,0.000155403,1.19951e-26
0,1.87568e+09,-6.33504e+07,2.8065e+08,-2.78827e+09,-1.02031e+09,-1.57138e+08,-4.73895e+07,0.000991563,0.000148364,-6.15706e-25
0,2.11662e+09,1.83155e+07,3.29587e+08,2.13282e+09,-5.17476e+08,3.38923e+08,-7.86884e+08,0.000972064,0.000151363,4.55617e-25
0,1.97798e+09,4.67464e+06,3.38602e+08,-2.3662e+09,6.61452e+08,2.90397e+07,-5.13173e+08,0.000903491,0.000154665,-5.07966e-25
0,2.1979e+09,3.1355e+06,3.44407e+08,3.23571e+09,-4.19475e+07,3.07273e+08,-1.59486e+08,0.000909563,0.000142527,2.30796e-25
0,1.95325e+09,1.28609e+07,3.02532e+08,1.80736e+09,-1.04562e+09,121162,-1.21763e+09,0.00101739,0.000157579,2.3428e-24
0,1.64217e+09,-3.94168e+07,2.96876e+08,-5.03872e+08,-2.12033e+09,1.68652e+08,-8.52958e+08,0.00111543,0.000201651,-3.35875e-24
0,2.17351e+09,2.44926e+07,3.15907e+08,-1.45706e+09,-2.28446e+09,-1.12691e+08,1.34236e+07,0.000925831,0.000134564,-2.04602e-24
0,1.83606e+09,1.08063e+07,2.63847e+08,1.71069e+09,9.98721e+08,7.92402e+07,-1.25323e+09,0.00102831,0.000147771,1.4586e-24
0,1.79135e+09,-1.7337e+06,2.8645e+08,2.20059e+09,-3.35426e+09,2.84967e+08,-2.42977e+08,0.00104301,0.000166785,5.51263e-23
0,2.03593e+09,9.68459e+06,3.06507e+08,7.39814e+09,-1.04439e+09,-3.14207e+08,-9.10543e+08,0.00107816,0.000162315,7.42514e-23
0,2.03167e+09,-2.69777e+06,2.59305e+08,-2.20537e+09,-3.72047e+08,-3.48111e+08,5.49816e+08,0.00101848,0.00012999,9.92983e-25
0,1.81151e+09,1.10492e+07,2.44026e+08,4.72205e+09,6.28353e+08,9.45913e+07,-1.26651e+09,0.0011066,0.000149069,4.50514e-23
0,1.6621e+09,-6.81362e+07,2.93686e+08,1.77937e+09,2.00852e+07,2.3462e+08,-1.20414e+09,0.00111915,0.000197748,1.84484e-24
0,1.92146e+09,-1.51009e+07,3.07553e+08,-5.61954e+08,-1.64962e+09,7.50556e+08,4.29853e+07,0.00100015,0.000160087,7.04733e-25
0,2.11499e+09,-1.81605e+07,3.09411e+08,-2.31886e+09,-1.64826e+09,1.31244e+08,-9.81909e+08,0.00106478,0.00015577,-6.19328e-24
0,1.87499e+09,4.40101e+07,2.97372e+08,6.75144e+09,4.7808e+08,-5.13956e+08,-1.40954e+09,0.00102241,0.000162155,7.41909e-23
0,1.97776e+09,-3.51734e+06,2.8862e+08,-1.26968e+08,-1.19121e+09,2.13366e+08,-1.28301e+09,0.00104946,0.00015315,6.39819e-25
0,1.94901e+09,7.66624e+07,3.06734e+08,1.20554e+10,9.11643e+08,-1.68683e+08,-1.02641e+09,0.000960494,0.000151162,2.01338e-22
0,1.72788e+09,4.77462e+07,2.80756e+08,-2.69945e+09,2.70409e+08,-5.31725e+08,-1.19065e+09,0.00110186,0.000179035,-8.65416e-24
0,2.05839e+09,-2.20719e+07,3.15754e+08,-1.58659e+09,-8.15978e+08,4.69448e+08,-8.82192e+08,0.00101966,0.000156414,-5.16779e-25
0,1.95149e+09,2.29231e+07,2.874e+08,-1.44822e+10,-3.02341e+09,2.2949e+08,1.90192e+07,0.000961041,0.000141535,-1.31997e-22
0,1.92755e+09,-3.51449e+07,2.91372e+08,-9.93215e+09,-1.47193e+09,3.48689e+08,-8.86568e+08,0.00104779,0.000158386,-2.11113e-22
0,1.91729e+09,4.78398e+07,3.09655e+08,8.05037e+09,3.76382e+08,-1.16015e+08,-1.24494e+09,0.00102775,0.000165988,1.11327e-22
0,2.10541e+09,3.67076e+07,2.9969e+08,2.97529e+09,-6.94876e+08,-2.19354e+08,-8.57671e+08,0.000999539,0.000142277,2.74218e-24
0,1.97804e+09,-3.91298e+07,3.07049e+08,-5.26064e+09,7.80867e+07,2.95072e+08,-1.15859e+09,0.000996712,0.000154719,-2.04577e-23
0,2.07943e+09,-4.11459e+07,3.07214e+08,-5.19664e+09,-1.02425e+09,7.87773e+07,-1.02557e+09,0.00103989,0.000153633,-2.14534e-23
0,1.93441e+09,1.08892e+07,2.54587e+08,3.17991e+09,-1.0368e+09,-4.00246e+06,-1.22728e+09,0.00112391,0.000147918,1.41212e-23
0,1.72548e+09,6.28828e+07,2.88234e+08,-1.37475e+09,-1.35142e+09,-5.40143e+08,-1.07025e+09,0.00108582,0.000181381,-7.55122e-24
0,2.18203e+09,-3.40689e+07,2.91314e+08,-3.56467e+09,-2.56722e+09,-1.59159e+08,-4.93629e+08,0.00100616,0.000134328,-1.43166e-23
0,1.99255e+09,5.18528e+07,3.18804e+08,9.93776e+09,7.8584e+08,2.56494e+07,-7.11595e+08,0.000920808,0.000147327,5.93726e-23
0,2.05184e+09,-3.53345e+07,3.13608e+08,-2.74194e+09,-3.30422e+08,4.53204e+08,-9.33605e+08,0.00100944,0.000154285,-2.1076e-24
0,1.91203e+09,8.00361e+06,3.02392e+08,9.3105e+09,1.81491e+09,2.27252e+08,-5.46343e+08,0.000992539,0.000156973,7.35989e-23
0,1.95071e+09,-5.27989e+07,2.92339e+08,-1.0163e+10,-9.17745e+08,4.88752e+08,-8.1988e+08,0.00101441,0.000152023,-1.53313e-22
0,2.03102e+09,-7.23565e+07,3.05843e+08,-7.39853e+09,-6.47967e+08,-3.6737e+07,-8.65709e+08,0.00101274,0.000152503,-4.36584e-23
0,2.02993e+09,6.76331e+07,3.00871e+08,1.07463e+10,-9.05818e+07,-1.56261e+08,-9.27758e+08,0.000982218,0.000145582,1.21695e-22
0,1.99958e+09,-3.83155e+07,3.08726e+08,-1.63526e+09,-4.62238e+08,1.93484e+08,-1.09449e+09,0.00103838,0.00016032,-5.79237e-25
0,1.90682e+09,-6.28604e+07,2.92195e+08,1.36453e+09,1.30206e+09,2.66044e+08,-1.12872e+09,0.00115,0.000176222,1.62031e-24
0,1.94612e+09,4.51378e+07,2.98993e+08,-6.51013e+09,-5.41413e+07,2.11142e+08,-7.93939e+08,0.00109413,0.000168097,-4.86436e-23
0,2.32332e+09,1.18248e+07,3.31031e+08,2.73703e+09,-1.04225e+09,-8.91306e+07,-2.82991e+08,0.00092228,0.000131408,6.27281e-25
0,1.72052e+09,3.30756e+07,2.4709e+08,1.6899e+09,2.89391e+08,-2.59086e+08,-1.45957e+09,0.00110959,0.000159352,7.71387e-25
0,2.11748e+09,-1.42015e+07,3.09321e+08,-3.99865e+09,-1.19304e+09,-2.03802e+08,-7.71225e+08,0.00107892,0.000157608,-8.75872e-24
0,2.02872e+09,-2.40808e+07,2.75489e+08,-8.38223e+08,-9.87223e+08,2.86713e+08,-1.05045e+09,0.00108843,0.000147802,-7.1022e-26
0,1.78277e+09,-4.07973e+07,3.00733e+08,6.72944e+09,2.11995e+07,2.16221e+08,-4.76739e+08,0.00109677,0.000185013,5.10279e-23
0,1.98891e+09,-6.72988e+06,3.24037e+08,5.43102e+08,3.43875e+08,2.16753e+08,-1.01536e+09,0.000972708,0.000158475,-3.63203e-26
0,2.03294e+09,-5.56694e+07,3.08466e+08,-1.1504e+10,-3.93994e+08,1.0911e+08,-7.32351e+08,0.000994973,0.000150971,-1.27163e-22
0,2.2562e+09,1.52211e+07,3.14396e+08,7.08282e+09,-1.80133e+09,-4.08184e+08,-4.37941e+08,0.000961328,0.000133959,1.98697e-23
0,1.94922e+09,6.43521e+07,2.93533e+08,-9.74906e+09,-2.31697e+09,2.37021e+07,-8.22986e+08,0.00111163,0.000167401,-2.75767e-22
0,2.2285e+09,-1.57184e+07,3.01896e+08,-1.76725e+09,-3.99969e+08,2.95405e+08,-2.38866e+08,0.000929247,0.000125886,-1.13363e-25
0,2.05743e+09,-3.66188e+06,3.04059e+08,4.33545e+09,-5.45335e+08,4.6642e+08,-8.93977e+08,0.000997879,0.000147473,6.00033e-24
0,1.85833e+09,-4.88135e+07,3.07615e+08,-1.43394e+09,1.28709e+09,5.96149e+08,-9.93233e+08,0.000954679,0.000158031,3.9757e-27
0,1.91534e+09,-1.04139e+07,2.84501e+08,-2.72967e+09,-1.56975e+09,-4.26004e+08,-1.35304e+09,0.00106653,0.00015842,-1.37301e-23
0,2.1042e+09,5.03392e+07,3.18155e+08,1.13516e+10,-5.73356e+08,3.03052e+08,-7.58558e+08,0.000990079,0.0001497,9.64136e-23
0,1.97926e+09,-9.27258e+07,3.05437e+08,-7.93976e+09,-1.14745e+09,-2.25071e+08,-4.58387e+08,0.000987051,0.00015232,-2.67508e-23
0,1.72324e+09,-2.10032e+07,2.91491e+08,6.98934e+09,-2.57406e+09,4.15457e+07,-9.5965e+08,0.00107646,0.000182087,2.59229e-22
0,2.10496e+09,-1.16132e+07,2.93919e+08,-9.20015e+07,-2.01121e+09,-1.67856e+08,-1.27398e+09,0.00107459,0.000150047,-1.88209e-24
0,2.09976e+09,4.28024e+07,3.1018e+08,8.01087e+09,8.38783e+08,-1.76239e+08,-5.73091e+08,0.00105358,0.000155636,3.38065e-23
0,2.04057e+09,4.17745e+07,3.24495e+08,1.04847e+10,6.32418e+06,4.08934e+08,-9.26865e+08,0.00100614,0.000159998,1.2308e-22
0,2.15707e+09,-618432,3.44249e+08,3.83835e+07,-2.95731e+07,7.17252e+07,-1.97554e+08,0.000929374,0.00014832,-1.63073e-29
0,1.91082e+09,-1.57933e+07,2.79768e+08,2.25132e+08,6.95985e+08,1.58665e+08,-1.23719e+09,0.00103729,0.000151873,-4.49567e-26
0,2.11087e+09,2.1649e+07,3.04808e+08,1.87624e+09,-1.98741e+09,3.4228e+07,-1.15542e+09,0.00108255,0.000156319,8.67644e-24
0,1.85003e+09,6.11061e+07,3.0256e+08,-7.49284e+09,-1.41699e+09,2.14624e+08,-8.03747e+08,0.00105474,0.000172495,-1.09899e-22
0,2.24752e+09,-2.81084e+07,3.0197e+08,6.5696e+09,-1.48434e+09,-3.5913e+07,-4.74324e+07,0.000981203,0.000131831,4.11886e-24
0,2.14172e+09,4.02911e+07,3.15512e+08,9.19255e+09,-1.28605e+09,2.63716e+08,-8.34831e+08,0.00101616,0.000149697,6.08094e-23
0,2.0164e+09,-2.4741e+06,2.98604e+08,4.01753e+09,1.98416e+08,6.61368e+08,-9.95061e+08,0.00099285,0.000147029,7.354e-24
0,2.10267e+09,1.91248e+07,3.12931e+08,6.44885e+09,-1.53361e+09,2.86114e+08,-8.61721e+08,0.00100753,0.000149946,2.61842e-23
0,1.7115e+09,-8.58875e+06,2.70637e+08,-1.57653e+10,-1.95851e+08,-7.18115e+08,-8.1078e+08,0.00103235,0.000163245,-9.69545e-22
0,2.0048e+09,-4.38994e+07,3.06662e+08,2.54806e+09,1.97459e+09,-2.86831e+07,-3.54608e+08,0.0011355,0.000173691,-5.49026e-24
0,1.89793e+09,-1.00666e+07,2.60538e+08,1.88631e+09,-2.36668e+09,2.93829e+08,-1.25516e+09,0.00114141,0.000156688,3.50125e-23
0,1.86961e+09,2.03133e+06,2.77731e+08,8.83013e+07,9.37058e+08,1.96374e+08,-1.04885e+09,0.00101398,0.000150628,1.63955e-27
0,1.88587e+09,-8.13053e+07,3.12195e+08,-6.3496e+09,-7.78824e+07,-4.02042e+08,-2.95233e+08,0.000954912,0.00015808,-9.3519e-24
0,2.01174e+09,-1.37327e+06,3.30098e+08,7.74803e+08,-1.39812e+07,9.44982e+07,-8.83218e+08,0.000986518,0.000161873,-1.61331e-26
0,2.13914e+09,1.3935e+07,3.1215e+08,3.16449e+09,-2.14189e+09,3.30384e+08,-9.26201e+08,0.00108513,0.000158346,1.64448e-23
0,2.13356e+09,4.49557e+07,3.14169e+08,9.53062e+09,-9.9477e+08,-1.2256e+08,-9.57789e+08,0.00101451,0.000149388,8.72391e-23
0,2.11449e+09,-7.88562e+07,3.10823e+08,-8.7506e+09,1.22954e+09,5.84942e+08,-5.61165e+08,0.000914556,0.000134437,-1.31075e-23
0,1.94484e+09,-4.00788e+07,2.98191e+08,-3.24773e+09,1.05141e+09,-7.4797e+07,-1.13231e+09,0.00101438,0.000155529,-6.37042e-24
0,2.09465e+09,2.69244e+07,3.16899e+08,6.3664e+09,-1.53004e+09,4.99015e+08,-8.69823e+08,0.00103581,0.000156707,2.43214e-23
0,2.04592e+09,-1.08847e+07,3.01267e+08,2.74694e+09,3.35869e+08,7.5698e+08,-9.65492e+08,0.00101074,0.000148833,2.57715e-24
0,1.97542e+09,-4.96294e+07,2.96521e+08,2.29368e+09,-1.36725e+09,-2.36157e+08,-8.08467e+08,0.00117882,0.000176947,9.04858e-24
0,1.84357e+09,-7.00233e+07,3.11522e+08,-4.22999e+09,1.35836e+09,-2.25594e+08,-3.17203e+08,0.000937677,0.000158446,-3.6949e-24
0,2.24703e+09,3.24847e+07,3.30011e+08,-4.94134e+09,-7.24134e+08,2.06393e+08,1.13659e+08,0.00089462,0.000131389,3.52872e-26
0,2.071e+09,6.81801e+06,3.07103e+08,-5.35273e+08,-1.87714e+09,3.59446e+08,-1.0892e+09,0.00108111,0.000160316,7.99208e-25
0,2.0483e+09,-1.77472e+07,3.0514e+08,-5.78698e+09,-1.51612e+09,-1.93649e+08,-1.20456e+09,0.0010788,0.000160712,-4.63546e-23
0,2.01991e+09,-8.46306e+06,3.27063e+08,7.69379e+08,-3.12043e+07,5.96088e+07,-9.69967e+08,0.000987122,0.000159834,-2.95179e-26
0,2.11334e+09,3.65954e+07,3.12271e+08,5.36635e+09,-1.45541e+09,2.19361e+08,-1.1805e+09,0.00107137,0.000158307,2.98387e-23
0,1.96532e+09,-2.34926e+07,3.06389e+08,-4.53636e+09,-8.36442e+08,-1.24161e+08,-1.15792e+09,0.00106318,0.000165748,-2.06841e-23
0,1.87802e+09,-2.2047e+07,2.70839e+08,-3.26183e+09,4.23134e+08,-3.77886e+08,-1.11541e+09,0.00102931,0.000148443,-7.93087e-24
0,1.73767e+09,-1.84258e+07,2.96791e+08,6.96654e+09,-5.71995e+08,-3.1671e+08,-6.41174e+08,0.000997248,0.000170329,6.07296e-23
0,2.0464e+09,-2.38574e+07,3.10047e+08,-7.95147e+09,-1.01384e+09,-1.93947e+08,-1.1009e+09,0.001029,0.000155902,-7.05809e-23
0,1.98574e+09,2.54092e+07,3.11529e+08,6.19259e+09,-9.73463e+08,3.634e+07,-9.23389e+08,0.000985909,0.000154673,2.87613e-23
0,2.01163e+09,-6.96946e+06,3.08608e+08,-3.65242e+09,-1.38358e+09,3.31573e+08,-1.11476e+09,0.00108204,0.000165998,-1.7527e-23
0,2.06195e+09,-6.0477e+06,3.31807e+08,3.40261e+08,-1.39719e+08,6.92072e+07,-8.16524e+08,0.000991993,0.00015963,-1.21449e-26
0,1.93898e+09,-3.42148e+07,2.99967e+08,-7.09528e+09,-5.90965e+08,-4.47721e+07,-1.30652e+09,0.00103656,0.00016036,-8.02832e-23
0,1.82701e+09,-5.61384e+07,2.78317e+08,-3.94447e+09,-2.63412e+08,-1.39456e+07,-1.28421e+09,0.00116143,0.000176926,-2.96948e-23
0,2.2229e+09,3.64175e+07,3.04902e+08,9.34078e+09,-1.63104e+09,-3.167e+08,-4.50841e+08,0.000970415,0.000133106,3.80205e-23
0,2.03668e+09,-4.81093e+07,3.09835e+08,-2.29516e+09,-2.44944e+09,3.02659e+08,-6.50718e+08,0.00102893,0.000156529,-1.16706e-23
0,1.97694e+09,5.82679e+07,3.22278e+08,6.29668e+09,4.9726e+08,3.45673e+06,-6.71474e+08,0.000927858,0.000151258,1.52606e-23
0,2.04055e+09,-5.0844e+07,2.89665e+08,-6.48604e+09,-4.96523e+08,-6.80687e+07,-1.00057e+09,0.00101228,0.000143698,-3.22907e-23
0,1.97417e+09,1.41e+07,3.0493e+08,1.04635e+09,9.6603e+08,3.43054e+08,-1.11369e+09,0.00101256,0.000156401,3.69531e-25
0,1.98729e+09,-8.45726e+06,3.26521e+08,-2.22722e+09,-1.22014e+08,-6.1087e+08,-9.68497e+08,0.000996374,0.000163709,-5.56293e-25
0,2.02913e+09,-2.89308e+07,3.18328e+08,2.015e+08,7.55177e+08,-7.52624e+07,-8.50833e+08,0.000942784,0.000147903,-6.38701e-29
0,2.02143e+09,-1.84291e+07,3.13932e+08,-7.34269e+09,-1.33322e+09,-1.93043e+07,-9.35479e+08,0.00105686,0.000164133,-6.75002e-23
0,2.07011e+09,-1.65662e+07,3.12925e+08,-2.44443e+09,-1.56339e+09,3.00089e+08,-1.02748e+09,0.00105872,0.00016004,-6.41793e-24
0,2.32387e+09,1.09276e+07,3.26897e+08,2.61314e+09,-1.42122e+09,-8.30334e+07,-3.52341e+08,0.0009417,0.000132468,1.21898e-24
0,1.90606e+09,-2.48905e+07,3.0342e+08,-7.06865e+09,-1.71998e+08,2.84e+08,-1.25943e+09,0.001025,0.000163166,-7.84124e-23
0,1.91732e+09,-7.16192e+07,3.07505e+08,-3.5895e+09,-2.04891e+09,3.82197e+08,-4.89434e+08,0.00102173,0.000163868,-1.96661e-23
0,1.96183e+09,7.06465e+06,3.28668e+08,-1.72866e+09,9.09359e+07,-1.14989e+08,-9.38349e+08,0.000987589,0.000165452,-4.49167e-25
0,2.08798e+09,1.85398e+06,3.24234e+08,-1.94576e+09,-1.21487e+09,1.20027e+08,-9.32456e+08,0.00104945,0.000162964,-2.52349e-24
0,2.13128e+09,-1.55582e+06,3.43696e+08,5.26549e+08,-1.28323e+07,3.39676e+07,-2.67362e+08,0.000929435,0.000149884,1.78061e-27
0,2.01086e+09,-3.53631e+07,3.12313e+08,-8.78663e+09,-8.62215e+08,-5.51884e+07,-9.91532e+08,0.00103399,0.000160593,-9.83553e-23
0,1.96088e+09,3.54316e+07,3.07547e+08,4.21322e+08,7.44163e+08,-3.03928e+08,-1.10379e+09,0.00102573,0.000160877,-7.39231e-27
0,2.0133e+09,-3.57187e+07,3.09028e+08,-4.50992e+09,-9.34764e+08,3.60703e+08,-1.11067e+09,0.00103836,0.000159381,-1.86152e-23
0,2.05241e+09,-6.89582e+07,2.7369e+08,-7.58642e+09,-8.25527e+08,5.31501e+08,-9.2704e+08,0.00108219,0.00014431,-7.78327e-23
0,2.11851e+09,-1.89399e+07,3.28421e+08,-2.87276e+09,-5.27419e+08,-2.66747e+08,-8.47823e+08,0.000985681,0.000152805,-1.50978e-24
0,1.88879e+09,-1.61275e+06,3.03313e+08,-4.73915e+09,-3.47566e+08,1.08581e+06,-1.53722e+09,0.00105365,0.000169201,-3.22964e-23
0,1.96185e+09,5.56187e+06,3.31358e+08,-1.24215e+09,1.07522e+08,-1.92635e+08,-8.53099e+08,0.000987783,0.000166838,-1.11397e-25
0,2.31965e+09,1.22558e+07,3.30874e+08,2.2665e+09,-8.88544e+08,-1.26763e+08,-2.53937e+08,0.000914057,0.000130381,3.24618e-25
0,2.0196e+09,-1.94421e+07,3.13244e+08,-4.34384e+09,7.85457e+08,-3.9976e+07,-8.53357e+08,0.00097893,0.000151834,-7.67248e-24
0,2.07419e+09,4.84619e+07,3.22282e+08,8.44127e+09,1.2604e+08,1.8588e+08,-7.37872e+08,0.000992367,0.000154191,4.46449e-23
0,1.80946e+09,-1.84368e+07,2.86487e+08,-2.22521e+09,1.53937e+09,1.62636e+08,-1.42066e+09,0.00101902,0.000161338,-2.7391e-24
0,2.01195e+09,-1.30195e+07,3.1887e+08,-4.75552e+09,-8.57368e+08,-40723.3,-1.0967e+09,0.00103494,0.000164025,-1.86077e-23
0,2.12529e+09,2.00026e+07,3.12178e+08,7.35672e+09,-1.5968e+09,-2.87796e+08,-6.50463e+08,0.000990808,0.000145537,3.64893e-23
0,1.85968e+09,-1.06013e+07,3.14067e+08,8.12659e+08,7.9462e+08,6.05261e+08,-6.37493e+08,0.000942212,0.000159123,3.08566e-25
0,2.13593e+09,-1.88422e+06,3.44459e+08,5.06228e+08,-1.85792e+07,2.34854e+07,-1.6553e+08,0.000930554,0.00015007,1.18065e-27
0,1.9767e+09,-2.40061e+07,2.79022e+08,1.33104e+10,4.26449e+08,1.10127e+08,1.11468e+08,0.00102505,0.000144691,-3.60473e-23
0,1.77052e+09,-2.83301e+07,2.9045e+08,1.35318e+09,4.31254e+08,5.43223e+07,-8.19129e+08,0.000972911,0.000159604,3.61916e-25
0,1.91661e+09,3.33628e+07,2.9635e+08,-5.62481e+09,-2.61621e+09,-3.64565e+08,-6.30994e+08,0.00105769,0.000163542,-6.37228e-23
0,2.11352e+09,-4.9118e+07,3.05805e+08,-5.76598e+09,-3.15971e+08,2.12474e+08,-7.48386e+08,0.000990374,0.000143297,-1.33855e-23
0,1.8888e+09,-4.9263e+07,3.11238e+08,-4.81535e+09,1.97734e+08,5.60373e+08,-1.09516e+09,0.00100962,0.000166366,-1.85316e-23
0,1.81489e+09,3.00629e+07,3.26796e+08,-8.45807e+08,-8.24493e+08,4.77052e+08,3.44971e+08,0.000984744,0.000177316,-3.62106e-26
0,1.94428e+09,3.78152e+07,2.96725e+08,3.45265e+09,-3.06785e+08,4.54889e+08,-1.24557e+09,0.00103886,0.000158545,6.57084e-24
0,2.25064e+09,-3.77133e+07,3.01499e+08,-2.13934e+09,-4.49479e+07,4.56257e+08,-1.79573e+08,0.00093837,0.000125705,-8.6377e-26
0,1.76807e+09,-5.93264e+07,3.0568e+08,-2.83628e+09,1.85436e+09,5.3357e+08,-1.21384e+09,0.000956498,0.000165368,-9.03419e-25
0,1.77961e+09,-7.73015e+07,3.00014e+08,3.0895e+09,1.80595e+09,6.51232e+08,-7.87199e+08,0.00101437,0.000171007,1.23439e-23
0,2.14562e+09,-1.89459e+07,2.99683e+08,2.90005e+09,-2.73164e+07,-2.16598e+08,-4.23173e+08,0.00113862,0.000159033,1.69427e-24
0,1.91161e+09,6.04429e+06,3.25121e+08,4.04565e+08,6.48909e+08,-1.56551e+08,-1.07868e+09,0.000973019,0.000165488,-1.26313e-26
0,1.96351e+09,-1.00077e+07,2.78235e+08,1.20328e+10,7.48282e+08,2.49348e+08,1.28178e+07,0.00104612,0.000148238,8.83807e-24
0,1.95332e+09,-2.82792e+07,3.23395e+08,-5.24563e+09,-3.77269e+08,-1.58723e+08,-9.9196e+08,0.00101402,0.000167882,-2.04393e-23
0,2.14122e+09,1.19168e+07,3.33058e+08,-4.90344e+08,-4.22598e+08,1.93329e+08,-5.75033e+08,0.000949359,0.000147669,3.15143e-27
0,1.97068e+09,-3.44149e+07,2.9949e+08,2.56203e+09,6.77692e+07,2.00399e+08,-8.02736e+08,0.000984546,0.000149624,1.52253e-24
0,1.77717e+09,2.99608e+07,3.03656e+08,1.91199e+09,-5.84842e+08,-2.61718e+08,-1.15607e+09,0.000975997,0.000166764,1.51983e-24
0,2.12308e+09,-5.40536e+07,3.11641e+08,-8.69742e+09,-8.01813e+07,-7.56372e+07,-5.70103e+08,0.000927502,0.000136145,-2.36838e-23
0,1.96945e+09,-1.19649e+06,2.78207e+08,-1.601e+09,-8.23835e+07,-3.06519e+08,-9.19046e+08,0.00101244,0.000143019,-2.71862e-25
0,1.86792e+09,4.87325e+07,2.97318e+08,3.08523e+09,4.38557e+08,-7.32761e+08,-1.38789e+09,0.00103076,0.000164066,4.95067e-24
0,2.12166e+09,-1.39479e+07,3.35168e+08,-3.88814e+09,-6.48198e+06,-4.29339e+08,-4.65703e+08,0.00094325,0.000149009,-1.7891e-24
0,1.83181e+09,-6.10416e+07,3.08656e+08,4.65514e+09,2.01641e+09,5.40267e+08,-5.7504e+08,0.00102066,0.000171979,1.98372e-23
0,1.88146e+09,-5.47978e+07,3.12729e+08,-4.03422e+09,-1.43618e+09,-5.51013e+08,-5.66998e+08,0.000924012,0.000153586,-3.64409e-24
0,1.98314e+09,-7.81922e+07,3.14009e+08,-5.7004e+09,1.95073e+09,2.10797e+08,-8.37547e+08,0.000930997,0.000147414,-7.78899e-24
0,1.92588e+09,-5.4583e+07,2.98479e+08,-5.98082e+09,-2.58929e+09,-5.18745e+08,-6.09395e+08,0.000991296,0.000153634,-4.01569e-23
0,2.0864e+09,-3.72856e+07,3.33395e+08,-6.93712e+09,-6.32553e+06,-6.89272e+08,-5.39265e+08,0.000930626,0.000148708,-1.21823e-23
0,2.15903e+09,-3.19503e+07,3.10482e+08,4.12682e+08,-6.09672e+08,3.27581e+08,-6.29913e+08,0.00100286,0.000144218,7.63171e-26
0,1.84778e+09,-8.84675e+07,3.00595e+08,-2.80133e+08,-9.14722e+08,1.37836e+08,-7.93712e+08,0.000985229,0.000160276,4.14685e-26
0,2.12018e+09,1.25175e+07,3.29959e+08,2.0624e+09,-2.23394e+08,2.77633e+08,-8.28407e+08,0.000984894,0.000153277,4.4586e-25
0,2.03241e+09,1.20101e+07,3.10572e+08,1.63652e+09,-1.08457e+09,6.01734e+07,-1.17518e+09,0.00103845,0.000158686,1.93227e-24
0,1.97328e+09,-2.4677e+07,3.05839e+08,-1.24049e+09,3.77235e+08,-2.91052e+08,-1.12058e+09,0.00101578,0.000157436,-1.49774e-25
0,1.98655e+09,-3.08657e+07,3.15715e+08,-3.02716e+09,-8.82472e+07,-4.51903e+08,-1.21776e+09,0.00101492,0.000161298,-3.43571e-24
0,2.13244e+09,-5.56713e+06,3.32144e+08,-4.43239e+09,-3.30176e+08,-1.6488e+08,-4.37952e+08,0.000927034,0.000144393,-2.18627e-24
0,1.9322e+09,-9.17765e+06,3.10955e+08,4.29333e+09,1.76307e+09,-2.30524e+08,-8.28825e+08,0.000923057,0.00014855,2.95225e-24
0,1.71668e+09,6.01418e+06,2.81762e+08,4.40221e+09,1.41705e+09,3.9219e+08,-1.6282e+09,0.00106507,0.000174812,6.35307e-23
0,2.09274e+09,1.00186e+07,3.00669e+08,-4.05262e+09,-1.86668e+08,1.49396e+08,-7.7018e+08,0.000975444,0.000140144,-4.46911e-24
0,1.77338e+09,3.24226e+07,3.13497e+08,3.67979e+09,-1.76326e+08,-1.49864e+08,-5.27603e+07,0.0010062,0.000177876,8.60367e-25
0,1.93848e+09,-4.98721e+07,3.0836e+08,-3.52118e+09,1.08065e+09,6.69054e+08,-1.08333e+09,0.00096287,0.000153166,-3.04511e-24
0,2.09894e+09,4.0034e+07,2.8498e+08,-9.01963e+09,-3.92734e+08,1.61979e+08,5.06172e+08,0.00103556,0.000140602,4.16218e-23
0,1.87352e+09,-7.9945e+07,3.15268e+08,1.35543e+09,-1.0123e+09,-2.33408e+08,-1.88861e+08,0.000989918,0.000166579,6.41253e-25
0,1.81278e+09,4.86919e+07,3.02836e+08,-3.1102e+09,-4.42137e+08,3.96782e+08,-7.1441e+08,0.00103254,0.000172493,-5.85422e-24
0,1.82966e+09,-2.52356e+06,2.80985e+08,5.58347e+09,6.12137e+08,4.70608e+08,-1.55375e+09,0.00109036,0.000167449,8.46401e-23
0,2.09014e+09,1.35399e+06,3.37063e+08,-3.55087e+09,-4.00788e+07,1.0906e+08,-3.88515e+08,0.000912539,0.00014716,-1.0976e-24
0,1.88842e+09,1.64196e+07,3.04943e+08,3.24163e+09,-7.82825e+08,-3.52208e+08,-1.38719e+09,0.0010532,0.000170072,1.11017e-23
0,2.1337e+09,-2.19987e+06,3.44047e+08,-4.80619e+07,-2.27442e+06,3.06645e+07,-2.25388e+08,0.000932939,0.000150431,3.53779e-29
0,2.09539e+09,5.08887e+06,3.10433e+08,-2.94841e+09,-6.22236e+08,3.40059e+08,-7.82561e+08,0.000971677,0.000143954,-2.15051e-24
0,1.96096e+09,2.23739e+07,3.11129e+08,3.59043e+09,1.15664e+08,4.1074e+08,-1.27893e+09,0.00101762,0.000161456,7.74415e-24
0,1.52357e+09,1.86342e+07,2.88941e+08,1.46564e+10,2.0122e+09,-2.94936e+07,-4.98155e+07,0.000985134,0.000186828,-4.9968e-23
0,2.10926e+09,-5.6019e+07,3.22227e+08,-8.7208e+09,9.264e+08,-3.61169e+07,-4.36059e+08,0.000900887,0.000137626,-1.66052e-23
0,2.10819e+09,-5.35574e+06,3.38439e+08,-5.28242e+09,2.7414e+08,-2.11533e+08,-4.43214e+08,0.000908253,0.000145807,-4.16184e-24
0,2.02267e+09,-6.17102e+06,3.17844e+08,4.05636e+09,-3.38926e+08,6.20928e+08,-1.04823e+09,0.00100191,0.000157442,5.85156e-24
0,1.87439e+09,1.67126e+07,3.08688e+08,-1.17652e+09,1.22449e+09,-3.88831e+08,-1.33272e+09,0.000964096,0.000158774,-6.81641e-25
0,1.89082e+09,-1.20906e+07,2.907e+08,4.71971e+09,1.44414e+08,3.97661e+08,-1.46445e+09,0.00111062,0.000170749,3.92344e-23
0,1.95799e+09,7.18672e+07,2.99145e+08,2.03363e+08,-1.3108e+09,1.75999e+08,-8.7419e+08,0.00105913,0.000161815,9.04448e-25
0,2.16701e+09,5.7427e+06,3.39269e+08,-3.51088e+09,-2.93102e+08,-3.46148e+08,-4.28111e+07,0.000857601,0.000134267,9.64283e-26
0,2.12166e+09,-1.82579e+07,3.22158e+08,-6.30677e+09,-1.0575e+09,-6.96312e+08,-7.66817e+08,0.000999249,0.000151729,-1.03927e-23
0,2.29342e+09,2.83024e+07,3.23142e+08,5.43665e+09,-9.76072e+08,-2.63964e+08,-3.46462e+08,0.000933557,0.000131538,4.01847e-24
0,2.25666e+09,-1.9545e+07,3.28153e+08,4.16206e+09,9.92327e+08,-1.52929e+08,2.04303e+08,0.000910895,0.000132458,-1.36935e-24
0,2.0078e+09,-2.22158e+07,3.19003e+08,-6.68971e+09,3.31008e+08,-3.33058e+08,-1.03918e+09,0.000968148,0.000153821,-3.32789e-23
0,1.98933e+09,4.82841e+06,3.27373e+08,-2.93203e+09,3.65353e+08,-9.89056e+07,-9.99106e+08,0.000971855,0.000159933,-2.67263e-24
0,2.25823e+09,5.09877e+06,3.22603e+08,7.81359e+08,-1.35864e+09,-1.89911e+08,-5.73557e+08,0.000963831,0.00013769,2.191e-25
0,2.12166e+09,3.20384e+07,2.92413e+08,1.16413e+10,-1.16476e+09,-4.08541e+08,-6.31317e+08,0.000986615,0.000135978,1.07131e-22
0,2.28118e+09,1.28401e+07,3.18868e+08,5.45973e+09,-1.92638e+09,-2.12722e+08,-4.17398e+08,0.00096434,0.000134798,1.06792e-23
0,1.94271e+09,-2.93105e+06,3.13166e+08,-4.26597e+08,-3.34708e+08,2.69892e+08,-1.19379e+09,0.00102408,0.000165082,1.82478e-25
0,1.8682e+09,5.97235e+06,2.91613e+08,3.34486e+09,-2.40978e+08,2.24435e+08,-1.59716e+09,0.00110507,0.000172494,1.29779e-23
0,1.80693e+09,-3.24562e+07,3.01322e+08,9.76751e+08,1.81632e+09,7.32579e+08,-6.98331e+08,0.000955292,0.000159303,6.44133e-26
0,2.09667e+09,-2.81822e+07,3.20698e+08,-7.60111e+09,-7.8067e+08,-5.4397e+08,-7.78283e+08,0.000972277,0.000148715,-2.31024e-23
0,1.87907e+09,-4.04783e+07,2.95013e+08,6.51052e+09,1.89073e+09,6.28295e+08,-7.04617e+08,0.00104832,0.000164585,7.00806e-23
0,1.98192e+09,-2.56746e+06,2.81148e+08,1.48433e+08,-6.8244e+08,4.11424e+07,-9.87428e+08,0.00102161,0.000144922,5.68312e-26
0,1.88395e+09,1.52984e+07,2.84994e+08,2.25332e+10,2.73562e+09,2.07462e+08,2.2355e+08,0.00113046,0.000171009,-8.485e-22
0,1.98852e+09,3.23832e+06,3.15754e+08,-1.48334e+09,-1.49946e+09,1.59883e+08,-1.13919e+09,0.00108098,0.000171647,-3.61864e-24
0,1.99459e+09,-1.37019e+07,3.17091e+08,-9.81778e+08,-5.0544e+08,2.45604e+08,-1.05307e+09,0.00103807,0.000165029,-5.69836e-27
0,1.86802e+09,1.58809e+07,3.20794e+08,3.36073e+09,1.7706e+09,3.36652e+08,-1.05661e+09,0.0009507,0.000163263,7.43998e-24
0,1.96558e+09,1.79952e+07,3.13473e+08,4.02135e+09,1.01175e+09,2.01541e+08,-1.03118e+09,0.000954146,0.000152168,8.34918e-24
0,1.95275e+09,1.09509e+07,2.95966e+08,1.65042e+09,-1.67026e+09,-1.0781e+08,-1.58183e+09,0.00112088,0.000169886,8.29848e-24
0,1.90021e+09,1.37277e+07,3.00636e+08,1.4179e+09,-8.29051e+07,-7.11135e+07,-1.47843e+09,0.00105984,0.000167679,-7.86866e-26
0,1.9682e+09,-1.5872e+07,3.18556e+08,-3.90947e+09,-1.23056e+09,-7.10901e+07,-1.04278e+09,0.00107901,0.000174639,-1.74506e-23
0,1.91664e+09,4.47508e+07,3.12176e+08,5.38318e+09,1.78154e+09,-3.18034e+07,-1.08529e+09,0.000972602,0.000158415,2.05086e-23
0,1.89631e+09,3.81479e+07,3.13388e+08,4.98212e+09,9.41592e+07,-7.67001e+07,-1.03296e+09,0.000995708,0.000164553,1.94431e-23
0,2.22433e+09,-1.26473e+07,3.16854e+08,3.62731e+09,-1.78474e+09,-4.08981e+08,-1.56108e+08,0.000978726,0.000139419,4.50327e-24
0,2.01104e+09,-1.75176e+07,3.14611e+08,1.88283e+09,-5.76242e+07,5.00477e+08,-1.19247e+09,0.00102867,0.000160927,3.42808e-25
0,2.32864e+09,7.43154e+06,3.34311e+08,1.71591e+09,-8.36598e+08,-5.86181e+07,-2.09066e+08,0.000904829,0.000129902,1.4324e-25
0,2.03663e+09,-8.09364e+06,3.03965e+08,-2.6885e+09,-2.24106e+09,-8.13981e+07,-1.41312e+09,0.0011399,0.00017013,-3.09063e-23
0,2.23354e+09,-1.6997e+07,2.92104e+08,1.47495e+09,-3.40318e+09,-4.90317e+08,-5.93482e+08,0.00105287,0.000137695,6.76665e-24
0,1.99138e+09,-6.3836e+06,3.27488e+08,-7.3023e+09,-5.3802e+08,-1.77812e+08,-5.30438e+08,0.000950988,0.000156392,-1.93719e-23
0,2.23454e+09,2.10808e+07,3.25789e+08,1.49932e+09,-1.49538e+09,-3.45329e+07,-1.96302e+08,0.000911493,0.000132893,5.66482e-25
0,2.03536e+09,3.36477e+07,2.9293e+08,4.28354e+09,-1.19545e+09,1.77266e+08,-1.3888e+09,0.00105675,0.000152088,1.94437e-23
0,1.91031e+09,-1.80551e+07,3.15518e+08,-2.3268e+09,-1.85554e+07,5.18268e+08,-1.1139e+09,0.00101416,0.000167504,-1.53466e-24
0,1.83583e+09,8.9675e+06,3.05584e+08,1.64051e+09,2.97585e+08,6.19159e+07,-1.52069e+09,0.00105346,0.000175355,3.90572e-25
0,1.9963e+09,5.3102e+07,3.15702e+08,6.26239e+09,7.69782e+08,-3.21964e+08,-9.46881e+08,0.00100845,0.00015948,2.68519e-23
0,1.92505e+09,4.09202e+07,2.811e+08,6.21229e+09,9.77171e+08,-7.10586e+08,-8.83461e+08,0.000971987,0.000141931,1.85003e-23
0,2.05999e+09,1.19648e+07,3.24508e+08,2.1119e+09,-2.07955e+08,-5.37736e+08,-8.45308e+08,0.000980281,0.000154423,5.98302e-25
0,1.86976e+09,5.9754e+06,2.88493e+08,-1.54002e+09,9.85223e+08,-2.65951e+08,-1.46801e+09,0.00103988,0.000160447,-1.27131e-24
0,1.89617e+09,5.69141e+07,3.08343e+08,-4.21007e+09,-7.33623e+08,-7.618e+07,-9.38746e+08,0.00108158,0.000175879,-1.77747e-23
0,2.11276e+09,1.00475e+06,3.43155e+08,6.43907e+08,6.62764e+07,3.26756e+07,-3.26346e+08,0.000933467,0.000151614,4.64541e-27
0,1.93785e+09,3.94522e+07,3.02412e+08,9.24561e+09,-1.06609e+09,-3.31405e+08,-7.1753e+08,0.00109283,0.000170543,1.56837e-22
0,2.32588e+09,1.09683e+07,3.2887e+08,2.52837e+09,-1.20663e+09,-9.08314e+07,-2.80655e+08,0.000923002,0.000130509,6.95722e-25
0,1.88445e+09,-2.38017e+07,3.09336e+08,-7.8909e+09,-6.69962e+08,-2.14821e+08,-1.3731e+09,0.0010998,0.000180533,-1.74812e-22
0,1.89068e+09,6.31465e+07,2.82629e+08,9.80807e+09,1.13177e+09,-5.58213e+08,-1.15382e+09,0.000986685,0.000147495,1.41871e-22
0,1.94169e+09,2.94563e+07,2.6871e+08,2.52448e+09,5.46347e+08,-2.3581e+08,-1.05984e+09,0.00103598,0.000143368,2.2962e-24
0,1.87802e+09,1.90736e+07,3.04981e+08,3.55358e+08,8.98674e+08,8.54689e+07,-1.40487e+09,0.0010201,0.000165658,-4.83231e-26
0,1.9858e+09,7.37241e+07,3.05229e+08,5.99921e+09,9.27958e+08,-4.17898e+08,-1.09298e+09,0.00101184,0.000155525,2.69303e-23
0,1.86625e+09,7.91483e+06,3.12922e+08,2.26831e+09,5.87379e+07,1.15371e+08,-1.41865e+09,0.00106796,0.000179068,2.46882e-24
0,1.87826e+09,-4.5213e+07,3.04576e+08,-5.82324e+09,8.77608e+08,2.19036e+08,-1.33053e+09,0.00100824,0.000163494,-4.2781e-23
0,2.07003e+09,3.30815e+06,3.10999e+08,2.48871e+09,-8.364e+08,-5.39496e+08,-1.0536e+09,0.00102774,0.000154407,2.42476e-24
0,1.86605e+09,-1.93924e+07,2.92741e+08,-8.18076e+09,-2.38084e+09,-5.24586e+08,3.2094e+08,0.000926634,0.000145368,3.2015e-23
0,1.9539e+09,6.98282e+06,3.07219e+08,1.12646e+10,-2.00722e+09,4.7426e+07,-6.91431e+08,0.00097785,0.000153751,1.54007e-22
0,2.02387e+09,-1.17512e+07,3.06495e+08,2.99255e+09,-1.94533e+09,-4.17638e+08,-8.73958e+08,0.0010784,0.000163313,1.55869e-23
0,1.96282e+09,3.36186e+07,2.73705e+08,1.95118e+09,-3.03021e+08,-4.70131e+08,-1.09747e+09,0.00105882,0.000147647,9.46297e-25
0,1.6628e+09,-1.51907e+07,2.915e+08,1.69433e+10,-1.59735e+08,2.6219e+08,-3.01626e+08,0.000984018,0.000172505,4.14853e-22
0,1.87203e+09,1.38562e+07,3.09221e+08,2.008e+09,-4.65243e+08,-2.74754e+07,-1.52463e+09,0.00107577,0.000177695,1.90797e-24
0,2.06418e+09,5.81406e+07,3.12478e+08,9.10876e+09,-1.48392e+08,-1.0071e+08,-9.03889e+08,0.00096449,0.000146006,6.06082e-23
0,1.9726e+09,-1.52503e+07,2.98951e+08,-2.91411e+09,-3.79146e+08,-6.39495e+08,-1.28419e+09,0.00103436,0.000156759,-2.39498e-24
0,1.94313e+09,-5.98413e+07,3.01934e+08,1.3584e+09,-2.52495e+09,-5.82078e+08,-7.67661e+08,0.00104638,0.000162592,3.45735e-24
0,1.84654e+09,2.63172e+07,3.02132e+08,5.16724e+09,1.06116e+09,-2.16851e+08,-1.26462e+09,0.00102604,0.000167882,3.30463e-23
0,2.00461e+09,4.96836e+07,3.05624e+08,4.6914e+09,-2.9856e+08,-6.34895e+08,-1.05972e+09,0.00106235,0.000161967,1.81008e-23
0,1.78004e+09,3.81991e+07,3.15538e+08,-1.75304e+09,3.18132e+08,-7.57161e+08,-1.0453e+09,0.00100379,0.000177937,-9.54589e-25
0,1.89458e+09,1.02393e+07,3.12487e+08,1.4291e+08,2.46853e+08,1.25306e+08,-1.47536e+09,0.00106403,0.000175498,-1.27278e-25
0,2.00912e+09,1.71414e+07,3.19085e+08,-1.47732e+09,-2.75983e+08,-3.04492e+08,-8.90534e+08,0.000974518,0.000154771,-1.41449e-25
0,1.87722e+09,4772.12,3.15706e+08,1.25471e+09,-5.65345e+08,6.83887e+07,-1.40462e+09,0.00107921,0.000181499,4.17526e-25
0,2.15671e+09,1.68147e+07,2.88634e+08,1.97149e+09,-2.92391e+09,7.8871e+07,-8.70591e+08,0.00106724,0.000142829,1.83937e-23
0,2.12821e+09,2.26817e+06,3.44004e+08,4.79295e+08,-2.07308e+07,3.97993e+07,-2.33731e+08,0.000941166,0.00015213,1.26517e-27
0,1.84662e+09,3.12887e+07,3.02815e+08,5.96482e+09,1.41847e+08,-1.70211e+08,-1.21605e+09,0.00106609,0.00017482,6.27939e-23
0,2.00945e+09,1.89804e+07,3.03533e+08,1.63021e+09,-1.08171e+09,-7.07852e+08,-1.1337e+09,0.00106218,0.000160446,3.06502e-25
0,1.82361e+09,-5.04704e+07,2.98477e+08,-5.81369e+09,1.1283e+09,1.99623e+08,-1.44632e+09,0.00100278,0.000164128,-5.22488e-23
0,2.13459e+09,7.05979e+07,3.06634e+08,1.05939e+10,7.39248e+07,-3.95936e+08,-6.83862e+08,0.00096323,0.000138368,5.96766e-23
0,1.86769e+09,4.02504e+07,3.09245e+08,7.91802e+09,1.30498e+09,3.01559e+08,-1.0941e+09,0.000943894,0.000156286,8.16435e-23
0,1.87498e+09,-1.36877e+06,2.90433e+08,1.0038e+09,-2.5685e+09,2.84468e+08,-4.51146e+08,0.00105747,0.000163801,1.35956e-23
0,1.99129e+09,-4.62547e+07,3.14331e+08,-4.214e+09,7.68009e+08,-1.71727e+08,-1.08932e+09,0.000974492,0.000153826,-9.82671e-24
0,1.9266e+09,-6.24562e+06,3.10691e+08,1.95631e+09,2.31232e+09,2.58825e+08,-9.12155e+08,0.000916152,0.000147742,-9.24549e-25
0,1.7976e+09,6.91711e+07,2.9489e+08,-8.85728e+09,-2.13804e+09,1.8281e+08,-8.14156e+08,0.00109155,0.000179066,-3.00603e-22
0,2.06791e+09,4.31914e+07,2.83221e+08,7.79434e+09,-2.62451e+09,9.06905e+07,-1.25192e+09,0.00111283,0.000152414,1.85417e-22
0,2.04416e+09,8.20751e+06,3.17587e+08,-4.89937e+09,-1.04038e+09,-4.05002e+08,-8.36447e+08,0.00101367,0.000157487,-1.03872e-23
0,1.99508e+09,4.5252e+07,3.11283e+08,1.14282e+10,4.42528e+08,4.74681e+08,-9.71486e+08,0.00097501,0.000152126,1.70102e-22
0,1.92882e+09,-5.783e+07,2.83485e+08,1.83789e+09,-6.78039e+08,8.35981e+08,-7.53781e+08,0.00102693,0.000150931,-9.42527e-25
0,1.91408e+09,3.296e+07,2.5961e+08,4.45185e+09,-1.19664e+08,-2.33067e+08,-1.16427e+09,0.00108152,0.000146689,2.22252e-23
0,1.96725e+09,1.28283e+07,3.04616e+08,5.92156e+08,-1.16668e+09,-4.594e+08,-1.11431e+09,0.00105764,0.000163769,-8.17825e-25
0,2.05386e+09,-3.80051e+07,3.23149e+08,-4.33582e+09,4.78334e+08,-3.03109e+08,-8.84737e+08,0.00096633,0.00015204,-7.2835e-24
0,1.99113e+09,3.98526e+07,3.14319e+08,1.04185e+10,6.77812e+07,4.80783e+08,-9.68326e+08,0.000994674,0.000157018,1.35647e-22
0,1.99572e+09,6.82536e+06,3.01949e+08,7.05308e+09,-1.48359e+08,7.54253e+07,-7.89857e+08,0.00110922,0.000167824,5.77703e-23
0,1.93286e+09,3.91231e+07,3.05154e+08,6.7083e+07,3.51064e+08,-7.37857e+08,-1.23621e+09,0.00103131,0.000162821,1.75658e-25
0,2.01501e+09,-1.98708e+07,3.1375e+08,-6.64434e+09,-6.54449e+08,-3.96167e+08,-1.00237e+09,0.000995607,0.000155023,-3.06183e-23
0,2.1574e+09,7.9374e+06,3.19501e+08,1.83913e+09,-1.88993e+09,3.10993e+08,-7.84118e+08,0.00106652,0.000157947,5.70015e-24
0,1.84703e+09,3.81947e+07,2.80675e+08,1.30069e+09,1.7663e+08,-4.33993e+08,-1.68664e+09,0.00108959,0.000165574,-8.43168e-25
0,1.96005e+09,-3.498e+07,3.13859e+08,-3.92065e+09,-3.44074e+08,-5.76072e+08,-1.33529e+09,0.00104173,0.000166811,-9.71102e-24
0,2.12294e+09,1.56255e+06,3.42897e+08,-1.94281e+08,-5.12253e+07,-3.74872e+07,-3.49657e+08,0.000940978,0.000151987,3.32669e-28
0,2.16794e+09,5.25507e+07,3.26897e+08,-5.41105e+09,-1.45776e+09,2.82346e+08,2.81081e+08,0.000872282,0.000131529,-4.44451e-25
0,2.02953e+09,1.40001e+07,3.13056e+08,-6.37273e+09,-6.66353e+08,-5.35717e+08,-8.31623e+08,0.00101158,0.000156038,-2.07799e-23
0,1.9424e+09,5.77722e+07,3.10761e+08,-6.77058e+09,-1.34456e+09,-1.65586e+08,-7.31169e+08,0.00105791,0.000169253,-4.87633e-23
0,2.10844e+09,-4.34221e+07,2.96784e+08,-3.67861e+09,-1.37674e+09,7.59119e+07,-1.11693e+09,0.00104028,0.00014643,-1.11205e-23
0,1.96623e+09,1.21119e+07,3.05311e+08,-1.03073e+09,-1.61266e+09,-3.21689e+08,-9.95638e+08,0.00107658,0.000167169,-4.74045e-24
0,2.11378e+09,3.97237e+07,3.21684e+08,4.93143e+09,4.56021e+07,-4.45666e+07,-7.34581e+08,0.000964794,0.000146826,6.81438e-24
0,1.90193e+09,-3.44332e+07,2.97814e+08,4.99426e+08,-7.65034e+08,-4.93054e+06,-6.09685e+08,0.00108721,0.00017024,2.26078e-25
0,2.04999e+09,-3.47911e+07,2.92214e+08,-5.09843e+09,-2.63294e+09,1.90839e+08,-1.23962e+09,0.00115981,0.000165323,-1.12489e-22
0,1.77839e+09,-1.37438e+07,2.93283e+08,-1.51761e+10,-1.04789e+09,-4.80709e+08,2.94458e+08,0.00116084,0.00019144,6.51794e-22
0,1.91188e+09,5.86678e+06,2.94833e+08,1.06271e+09,8.39346e+08,-2.03995e+08,-9.69444e+08,0.00113091,0.000174399,1.8354e-25
0,1.89825e+09,-3.91888e+07,2.67553e+08,-4.98124e+09,8.23252e+08,3.16705e+08,-1.0429e+09,0.00100477,0.00014162,-1.82447e-23
0,2.00845e+09,-2.23011e+07,2.9752e+08,-2.37163e+09,-1.12816e+09,-4.14413e+08,-1.08274e+09,0.00108299,0.000160427,-4.1098e-24
0,1.83048e+09,1.91588e+07,3.24661e+08,2.34752e+09,1.22072e+09,1.0748e+08,-1.06214e+09,0.000980003,0.000173817,2.78115e-24
0,2.17076e+09,-4.17044e+07,2.97681e+08,1.22736e+10,-1.40607e+09,-5.38561e+08,2.3859e+07,0.000992821,0.000136148,2.65075e-23
0,2.0074e+09,-3.52858e+06,3.05304e+08,-3.09749e+09,-1.67384e+09,-2.15717e+08,-1.03408e+09,0.00106635,0.000162181,-1.33439e-23
0,2.22382e+09,1.19474e+07,3.20489e+08,4.57559e+09,-2.04216e+09,1.34894e+08,-8.59635e+08,0.00106936,0.000154113,2.00542e-23
0,1.90336e+09,3.16175e+07,3.0884e+08,7.36345e+09,-8.14766e+07,2.00366e+07,-8.30193e+08,0.00103751,0.000168346,6.29638e-23
0,1.74863e+09,2.2592e+06,2.75474e+08,3.36098e+09,1.3006e+09,-3.22588e+08,-1.02535e+09,0.000962916,0.000151695,5.15943e-24
0,1.98234e+09,-9.77308e+06,3.28473e+08,-4.74488e+09,-9.16413e+08,-7.82421e+08,-8.28923e+08,0.00100408,0.000166375,-4.78447e-24
0,2.01829e+09,-2.59346e+07,3.11985e+08,-4.98761e+09,-8.56187e+08,7.24374e+07,-1.10083e+09,0.00104315,0.000161248,-2.24184e-23
0,2.31488e+09,-805085,3.22547e+08,1.8549e+09,-4.91673e+08,-7.28753e+07,-1.93149e+08,0.000938229,0.000130729,9.64865e-26
0,2.16869e+09,-3.11107e+07,3.10844e+08,5.82481e+08,-1.27448e+09,-2.86301e+08,1.70704e+08,0.000875697,0.000125516,2.8987e-26
0,2.11794e+09,1.4629e+06,3.43674e+08,-5.56296e+08,2.85691e+06,-4.45683e+07,-2.73298e+08,0.000938477,0.000152285,-2.38149e-27
0,2.3006e+09,2.31954e+07,3.27629e+08,-3.00588e+09,4.84974e+08,2.42155e+08,1.32193e+08,0.000924098,0.000131601,2.94461e-25
0,2.23749e+09,-1.87867e+07,3.06927e+08,-6.286e+09,-2.21681e+09,-1.62608e+08,-6.8934e+08,0.00101848,0.00013971,-2.60935e-23
0,1.96966e+09,-8.75026e+07,2.88953e+08,-1.08073e+10,-4.70522e+08,3.8015e+08,-1.25179e+09,0.0010893,0.000159803,-3.35481e-22
0,1.95383e+09,-3.84195e+06,3.13451e+08,-5.4037e+09,2.93658e+08,-3.50832e+08,-1.28617e+09,0.00100359,0.000161004,-2.8636e-23
0,1.77936e+09,3.06691e+07,2.73213e+08,6.86153e+09,1.1119e+09,-2.50422e+08,-1.29993e+09,0.00101214,0.00015541,9.07469e-23
0,1.80216e+09,-5.69755e+06,2.84477e+08,-7.3266e+07,6.14965e+08,-4.63068e+08,-1.65107e+09,0.00108766,0.000171692,4.17376e-25
0,1.89871e+09,4.23294e+07,3.14795e+08,-4.19347e+08,1.74622e+09,-4.40544e+08,-9.34845e+08,0.000920728,0.000152652,1.45259e-25
0,1.8973e+09,4.28397e+07,3.16086e+08,4.21198e+09,9.19379e+08,-2.34128e+08,-1.11544e+09,0.00100825,0.000167973,1.21946e-23
0,2.00635e+09,-1.71225e+07,3.05408e+08,-6.04872e+09,-1.59811e+09,867850,-9.68826e+08,0.0010665,0.000162343,-5.14879e-23
0,2.03422e+09,-2.38033e+07,2.65861e+08,-3.42981e+09,7.81467e+07,4.35913e+08,-8.05686e+08,0.00099566,0.000130127,-3.19753e-24
0,2.29044e+09,-1.1583e+07,3.19459e+08,2.3219e+09,-1.30211e+09,-8.43145e+07,-2.57855e+08,0.000936748,0.000130653,7.92757e-25
0,1.88498e+09,1.37796e+07,2.92094e+08,2.19102e+09,1.01105e+08,-3.11116e+08,-1.28935e+09,0.000995453,0.000154254,1.3151e-24
0,2.01337e+09,-5.42938e+07,3.09069e+08,-1.03447e+10,1.03349e+08,-3.90888e+07,-9.78355e+08,0.000975605,0.000149764,-1.14867e-22
0,1.9561e+09,-4.36583e+06,2.61802e+08,2.21999e+09,-2.1417e+09,2.87765e+08,-1.16411e+09,0.00112083,0.00015001,2.37901e-23
0,1.90016e+09,-4.18346e+07,3.1365e+08,-2.06962e+09,2.34552e+09,-6.9722e+07,-5.93042e+08,0.0010296,0.000169951,5.15819e-24
0,1.8787e+09,9.98992e+06,2.77871e+08,7.94855e+09,3.56785e+08,1.58016e+08,-1.26362e+09,0.00104789,0.000154989,1.36448e-22
0,1.95099e+09,2.96947e+07,3.19126e+08,4.69156e+09,2.65698e+08,-3.93699e+08,-9.82994e+08,0.00103036,0.000168538,1.48222e-23
0,2.25389e+09,3.52761e+07,3.26658e+08,-5.96994e+09,-4.40853e+08,2.43412e+08,1.35439e+08,0.000912367,0.00013223,7.64481e-25
0,1.89595e+09,3.50068e+06,2.94854e+08,2.59096e+09,-1.51643e+09,-3.66871e+08,-1.16145e+09,0.00105827,0.000164581,1.08708e-23
0,1.8735e+09,-5.9551e+07,2.86736e+08,8.77099e+08,-2.13171e+09,2.3601e+08,-1.19861e+09,0.00105124,0.00016089,1.00754e-23
0,1.9476e+09,-5.85294e+07,3.16763e+08,-6.5961e+09,7.4762e+08,-8.90668e+07,-9.2103e+08,0.000995434,0.0001619,-3.8035e-23
0,1.86313e+09,1.23807e+07,2.8342e+08,6.01013e+09,9.56909e+07,1.87932e+08,-1.37911e+09,0.00102577,0.00015604,5.7656e-23
0,2.09631e+09,-2.69287e+07,3.15301e+08,-8.94466e+09,-1.06306e+09,-1.18424e+08,-1.02066e+09,0.00103368,0.000155473,-8.67018e-23
0,2.12954e+09,-1.99507e+07,3.32736e+08,-5.56136e+09,-7.12274e+08,-5.51602e+08,-7.3379e+08,0.000980101,0.000153138,-7.32643e-24
0,1.98913e+09,6.54778e+07,2.91983e+08,-6.71182e+09,-2.12004e+09,2.9196e+08,5.08726e+08,0.000897643,0.000131764,-1.11917e-25
0,1.89249e+09,1.32165e+06,2.96207e+08,1.5381e+09,1.43726e+09,-2.20001e+08,-9.71097e+08,0.000939637,0.000147069,7.36341e-26
0,2.04702e+09,-7.1894e+06,3.19727e+08,5.36954e+08,-8.3419e+08,-1.41615e+08,-8.86664e+08,0.000997616,0.000155819,3.98697e-26
0,1.82174e+09,-2.3512e+07,2.76922e+08,2.27539e+08,1.55249e+09,3.84972e+08,-1.12835e+09,0.000985218,0.000149762,-9.76438e-27
0,2.1286e+09,525680,3.44371e+08,-8.00184e+08,-6.53229e+06,-1.24374e+08,-1.76284e+08,0.000935057,0.000151276,-5.02039e-27
0,2.00055e+09,-1.61092e+07,2.84725e+08,-3.73215e+09,-1.11645e+09,-4.99517e+08,-1.36572e+09,0.00108595,0.000154556,-1.26554e-23
0,1.9186e+09,-5.818e+07,3.15215e+08,-5.30416e+09,1.45987e+09,3.14958e+08,-9.70436e+08,0.000967784,0.000159001,-1.36368e-23
0,1.91496e+09,-3.35567e+06,2.78014e+08,-8.14732e+09,-8.0073e+08,-4.31781e+08,9.50108e+08,0.0010892,0.000158131,1.39351e-22
0,2.0383e+09,4.67171e+07,2.86516e+08,-1.05337e+10,-9.9844e+08,-3.80233e+08,1.12175e+08,0.00105255,0.000147953,3.64096e-23
0,1.94908e+09,-9.25666e+06,3.30405e+08,-6.68131e+09,6.13993e+08,-6.4315e+08,-8.71634e+08,0.000945107,0.000160213,-3.37583e-23
0,1.96798e+09,-3.26597e+07,3.06425e+08,-9.31095e+09,2.76172e+08,-1.91305e+08,-1.16939e+09,0.000996009,0.000155083,-1.25399e-22
0,2.10029e+09,5.01226e+06,3.15675e+08,1.81215e+09,-1.23352e+09,-4.52804e+08,-9.98605e+08,0.00104725,0.000157402,1.60528e-24
0,1.85514e+09,-7.51778e+07,3.05373e+08,-1.15908e+10,1.55391e+09,3.37124e+08,-1.05609e+09,0.000958932,0.000157849,-2.11058e-22
0,2.12759e+09,9.71067e+06,2.98613e+08,3.36593e+09,-2.04588e+09,2.98045e+08,-9.62506e+08,0.00105559,0.000148155,1.4805e-23
0,2.1317e+09,-157357,3.43637e+08,-9.04723e+08,-1.6363e+07,-1.28739e+08,-2.72291e+08,0.00093252,0.000150325,-1.05059e-26
0,1.90775e+09,-4.1972e+07,3.02036e+08,-3.10093e+09,8.37637e+08,6.34191e+08,-1.14879e+09,0.00098199,0.000155469,-2.91275e-24
0,1.9263e+09,-3.27665e+07,3.07881e+08,-8.37807e+09,9.45989e+08,-3.22596e+08,-1.0966e+09,0.000973995,0.000155674,-9.39469e-23
0,2.06509e+09,3.32411e+07,2.85417e+08,4.66967e+09,-2.20392e+09,1.79376e+06,-1.28912e+09,0.00110379,0.000152554,5.38922e-23
0,2.06125e+09,-5.01408e+06,3.40096e+08,-7.38771e+09,3.28314e+06,-4.49349e+08,-3.9431e+08,0.000945891,0.000156067,-1.27771e-23
0,2.0705e+09,-1.82561e+07,3.10447e+08,-8.27475e+08,6.82907e+08,-1.86503e+08,-6.98998e+08,0.000934984,0.00014019,-5.39997e-26
0,2.04425e+09,6.44937e+07,2.52717e+08,4.03597e+09,-8.96922e+08,-8.41499e+08,-8.08638e+08,0.00103815,0.000128339,1.01707e-23
0,2.04786e+09,-3.61778e+07,2.82456e+08,-3.84775e+09,-2.17279e+09,-2.62763e+08,-8.02153e+08,0.00111161,0.000153322,-2.86368e-23
0,1.98197e+09,3.10373e+07,3.10254e+08,-1.28252e+09,1.07705e+09,-4.51657e+08,-1.04063e+09,0.000964672,0.000151008,-6.08409e-25
0,1.98404e+09,5.49916e+07,2.95486e+08,4.97354e+09,5.26948e+08,-4.14569e+08,-1.01272e+09,0.000971352,0.000144665,1.19537e-23
0,1.97406e+09,-8.93485e+06,3.37508e+08,-5.72981e+09,4.24823e+08,-5.60846e+08,-5.55308e+08,0.000919927,0.000157282,-1.13752e-23
0,1.78821e+09,-3.58691e+07,3.02753e+08,-5.24334e+09,3.24182e+09,1.64426e+08,-9.90716e+08,0.000919129,0.000155614,1.28205e-23
0,2.12786e+09,321443,3.43592e+08,-8.70019e+08,-2.85852e+06,-9.44904e+07,-2.75758e+08,0.000928348,0.000149903,-9.84936e-27
0,2.17309e+09,1.4852e+06,3.23116e+08,-1.06613e+09,-1.39326e+09,4.89908e+07,-9.49314e+08,0.00104488,0.000155363,-1.12879e-24
0,1.99688e+09,1.20325e+07,3.00277e+08,6.11241e+08,-1.47803e+09,4.14422e+08,-1.29379e+09,0.00111616,0.00016784,4.29819e-24
0,2.11179e+09,-1.87181e+07,3.19698e+08,-5.98263e+09,-1.16548e+09,-4.45841e+08,-8.73328e+08,0.00102925,0.000155816,-1.78259e-23
0,1.93498e+09,1.2379e+07,3.10151e+08,-1.05791e+10,-1.37004e+09,-1.61316e+08,-4.84471e+08,0.00101976,0.000163454,-9.44933e-23
0,1.97278e+09,-2.91907e+07,2.68894e+08,-6.75569e+07,-9.05592e+08,7.49256e+08,-1.11323e+09,0.00107891,0.000147057,1.24228e-24
0,1.66335e+09,4.32843e+07,2.91365e+08,-9.57878e+09,-2.51039e+08,-4.79348e+08,-1.11886e+09,0.00107742,0.000188729,-4.23619e-22
0,2.11017e+09,-3.71898e+07,3.09308e+08,-6.58076e+09,-1.50568e+09,-5.05277e+07,-8.80056e+08,0.0010593,0.000155273,-4.10425e-23
0,2.01644e+09,1.37353e+07,2.39181e+08,3.78548e+09,-1.78139e+09,-1.02473e+06,1.37423e+08,0.00106122,0.000125877,4.91987e-24
0,1.94785e+09,1.15579e+07,2.94796e+08,-3.03643e+08,-2.80154e+09,3.42605e+08,-3.20897e+08,0.00106338,0.000160937,2.41132e-24
0,2.14087e+09,2.42845e+07,3.16926e+08,4.08495e+09,-1.07256e+09,1.62978e+08,-8.34718e+08,0.00100443,0.000148692,6.23205e-24
0,1.98314e+09,-2.0291e+07,3.14593e+08,-6.65576e+09,-2.8279e+08,-2.34809e+08,-1.03258e+09,0.000993179,0.000157552,-3.63937e-23
0,1.90126e+09,2.64522e+07,3.17834e+08,-3.60378e+08,1.41576e+09,-5.61072e+08,-1.00649e+09,0.000942958,0.000157635,-8.90126e-26
0,1.80596e+09,-2.55696e+07,2.76485e+08,5.23511e+09,1.16895e+09,7.70096e+08,-1.16862e+09,0.00113428,0.000173653,9.89513e-23
0,1.73095e+09,-1.65179e+07,2.96451e+08,-8.41599e+08,2.65397e+09,2.9421e+08,-1.02517e+09,0.000952555,0.000163139,1.65302e-24
0,2.13916e+09,125409,3.1332e+08,-4.36533e+08,-9.07695e+08,2.86108e+08,-9.20046e+08,0.00100009,0.000146482,1.1242e-25
0,1.87105e+09,3.71753e+07,3.07628e+08,-9.40463e+09,-1.85192e+09,1.02711e+08,-5.55582e+08,0.0009837,0.000161735,-1.09203e-22
0,1.96326e+09,-4.42029e+07,2.97887e+08,-9.67915e+09,-2.75045e+08,1.22452e+07,-1.09156e+09,0.000981092,0.000148862,-1.22285e-22
0,2.06784e+09,-6.53532e+07,3.04175e+08,-1.23131e+10,1.92252e+08,2.0959e+08,-7.15403e+08,0.00100259,0.000147479,-1.40721e-22
0,2.07356e+09,-3.01064e+06,3.09955e+08,-1.84122e+09,-1.20671e+09,1.69942e+08,-9.7049e+08,0.00101661,0.000151962,-1.96106e-24
0,1.94049e+09,6.53131e+06,3.13271e+08,-5.91867e+09,1.66228e+08,-2.86269e+08,-9.80943e+08,0.000983792,0.000158823,-2.70832e-23
0,1.83104e+09,1.47568e+07,3.00587e+08,2.71994e+09,1.93914e+09,-1.3085e+08,-9.75669e+08,0.000962332,0.000157978,4.57003e-25
0,1.88372e+09,2.18829e+06,3.19703e+08,-1.10339e+10,-1.9641e+09,-5.45228e+08,3.37922e+08,0.00101518,0.000172295,1.36067e-22
0,1.7146e+09,5.29225e+07,3.06257e+08,-6.26718e+09,-4.1182e+08,-1.1386e+08,-7.34869e+08,0.000942514,0.000168349,-3.53147e-23
0,1.97152e+09,-7.3425e+07,2.94701e+08,-1.03071e+10,-6.18889e+08,4.97138e+07,-1.26841e+09,0.00106347,0.000158966,-2.55203e-22
0,2.11353e+09,-1.95309e+07,3.30691e+08,3.17671e+09,8.06071e+08,2.08216e+08,-4.37725e+08,0.000906763,0.000141875,1.08497e-24
0,2.11766e+09,1.20088e+06,3.4424e+08,-1.78471e+08,1.65538e+07,-1.14048e+07,-1.97572e+08,0.000924192,0.000150233,1.50967e-29
0,1.86796e+09,-6.89173e+06,3.0759e+08,-3.89603e+09,9.01546e+08,-1.58789e+08,-1.40165e+09,0.000987922,0.000162677,-1.42833e-23
0,1.84145e+09,-230744,3.03875e+08,2.19213e+09,-1.01468e+09,9.32796e+07,3.44957e+07,0.00100879,0.00016647,5.47699e-25
0,1.86634e+09,2.79536e+07,2.89854e+08,-1.05963e+10,-2.4696e+09,-1.5598e+08,9.92639e+08,0.00100491,0.000156069,2.12565e-22
0,2.0341e+09,2.55816e+07,3.06642e+08,3.62524e+09,-1.07895e+09,2.97696e+08,-1.01546e+09,0.00102367,0.00015432,7.09068e-24
0,2.02927e+09,-4.85226e+06,3.11553e+08,-3.16266e+09,-8.58731e+08,2.37596e+08,-9.85753e+08,0.00101554,0.000155915,-5.23692e-24
0,1.90887e+09,1.06189e+07,3.0627e+08,4.3922e+09,9.4469e+08,-1.93334e+08,-8.7621e+08,0.000981491,0.000157476,9.21576e-24
0,2.11361e+09,-4.58883e+07,2.83821e+08,-7.17025e+09,5.14325e+08,8.04176e+08,-3.69351e+08,0.000928544,0.000124687,-5.29752e-24
0,1.8292e+09,-4.06631e+07,2.97137e+08,-4.33956e+09,3.702e+08,3.97862e+08,-1.45736e+09,0.00108319,0.000175956,-2.87373e-23
0,1.82514e+09,-1.79427e+07,3.18461e+08,-9.33693e+09,-1.81152e+09,-2.81741e+08,4.62157e+08,0.000987035,0.000172224,8.22571e-23
0,2.05241e+09,-6.75249e+07,3.06538e+08,-9.66078e+09,7.62658e+08,4.74151e+08,-7.86465e+08,0.000965344,0.000144179,-5.64047e-23
0,1.98205e+09,1.75503e+07,3.26669e+08,5.60509e+08,4.39789e+08,2.6476e+08,-9.40142e+08,0.000975052,0.000160702,-9.80228e-27
0,1.78473e+09,3.69509e+07,3.18305e+08,-2.19749e+09,-1.53872e+09,-3.54167e+08,-9.04521e+08,0.0010072,0.000179633,-8.33191e-24
0,2.1127e+09,2.61959e+07,3.17625e+08,3.75213e+09,-3.09525e+06,-4.53373e+08,-7.91709e+08,0.000982306,0.000147681,3.33054e-24
0,2.27557e+09,1.90788e+06,3.40745e+08,2.07477e+09,-3.83177e+08,2.53128e+07,-2.74629e+08,0.000927091,0.000138823,1.24697e-25
0,2.14503e+09,-1.64057e+07,3.23781e+08,-4.09564e+09,-1.20399e+09,-2.6359e+08,-7.31307e+08,0.00100891,0.000152289,-5.59678e-24
0,1.92646e+09,3.70469e+06,3.08046e+08,-1.29453e+09,-1.16485e+09,-1.96829e+08,7.40832e+08,0.00105695,0.00016901,4.327e-25
0,1.86188e+09,-2.33713e+07,2.70687e+08,-4.04194e+09,1.81468e+09,1.50703e+08,-1.17066e+09,0.00100396,0.000145959,-1.03678e-23
0,1.72263e+09,-5.02533e+07,2.93106e+08,2.54729e+09,-2.50402e+09,5.05782e+07,-2.83458e+08,0.00105649,0.000179762,3.42152e-23
0,2.03854e+09,1.23977e+07,3.33037e+08,5.034e+09,-1.12249e+08,9.71352e+07,-7.1403e+08,0.000948988,0.000155037,7.73624e-24
0,1.90974e+09,-2.2512e+07,3.1242e+08,-3.01608e+09,-9.54828e+07,3.27181e+08,-1.0338e+09,0.000998253,0.000163307,-3.86357e-24
0,1.99948e+09,-4.27763e+07,3.11754e+08,-9.28162e+09,9.51414e+08,4.87748e+07,-7.28714e+08,0.000945396,0.000147404,-5.38371e-23
0,2.12816e+09,-3.20028e+07,3.21384e+08,-1.52739e+09,1.75856e+09,-4.76319e+08,-1.56774e+08,0.000882662,0.000133295,5.10266e-25
0,1.71093e+09,5.3468e+07,2.97984e+08,-8.26739e+09,-1.02495e+09,3.70795e+08,7.39641e+08,0.000932868,0.000162472,6.60411e-23
0,2.13663e+09,1.61811e+07,3.12092e+08,4.57002e+09,-9.4394e+08,-2.90269e+08,-8.44866e+08,0.00100835,0.000147287,1.00552e-23
0,2.0247e+09,-8.24742e+07,3.065e+08,-1.30767e+10,5.18483e+08,7.47139e+07,-9.70889e+08,0.000991491,0.000150093,-2.41711e-22
0,2.20692e+09,-2.85454e+06,3.20513e+08,1.57218e+09,-8.39138e+08,-2.75306e+08,-5.22661e+08,0.000941367,0.000136716,2.88955e-25
0,2.09849e+09,2.64986e+07,3.17595e+08,-4.58289e+09,-9.61621e+08,4.67794e+08,2.86345e+08,0.000936166,0.000141684,-6.79066e-27
0,1.94079e+09,7.80903e+06,3.23139e+08,6.79037e+09,6.0472e+07,2.51466e+08,-8.16283e+08,0.00094109,0.000156691,2.71404e-23
0,2.11422e+09,708612,3.44687e+08,6.06934e+08,-8.7338e+06,8.64346e+07,-1.08349e+08,0.000926047,0.000150976,1.34111e-27
0,2.0201e+09,1.51982e+07,3.13895e+08,3.16936e+09,-8.74765e+08,1.01526e+08,-9.60884e+08,0.000998297,0.000155121,4.35784e-24
0,1.83676e+09,3.6183e+07,2.92096e+08,3.78794e+09,2.22909e+09,-8.82401e+07,-1.22398e+09,0.000973553,0.000154822,6.22372e-24
0,2.24068e+09,6.45448e+06,3.40446e+08,-1.07664e+09,-2.59458e+08,8.86566e+07,-3.33045e+08,0.000924291,0.000140436,-2.4893e-26
0,2.08242e+09,-3.12781e+07,3.00166e+08,4.91896e+09,-2.63067e+09,-1.94736e+08,-1.68015e+08,0.000918156,0.000132346,1.589e-23
0,1.91072e+09,1.71976e+07,3.02198e+08,5.63621e+09,1.72054e+09,-2.41826e+08,-5.40559e+08,0.00104624,0.000165473,5.99247e-24
0,1.95776e+09,-3.40472e+07,3.10432e+08,-2.05077e+09,3.5332e+08,5.99782e+08,-1.05566e+09,0.000996514,0.000158011,-6.03587e-25
0,2.0136e+09,-1.19928e+07,3.20926e+08,1.61894e+09,-1.62932e+09,5.24245e+07,1.72678e+08,0.00101338,0.000161512,1.40561e-24
0,1.96779e+09,6.52086e+06,3.22195e+08,2.06832e+09,7.41544e+07,-9.94314e+07,-1.12789e+09,0.000989711,0.00016205,8.90966e-25
0,1.98883e+09,-7.56053e+07,3.16819e+08,-1.30333e+10,9.85502e+08,-3.62491e+08,-8.25197e+08,0.000942884,0.0001502,-1.92935e-22
0,2.02683e+09,2.71598e+07,3.28102e+08,7.8726e+09,4.35773e+08,3.02566e+08,-8.51894e+08,0.000938031,0.000151848,3.71819e-23
0,1.94987e+09,6.32303e+06,3.19268e+08,3.73886e+09,-9.76957e+08,3.2707e+08,-8.02853e+08,0.00101082,0.000165509,6.25454e-24
0,1.88999e+09,1.01878e+07,2.83917e+08,1.82648e+08,-2.62962e+08,1.99599e+08,-1.36732e+09,0.00104094,0.000156371,-1.13965e-26
0,1.87144e+09,-4.2659e+07,3.20677e+08,-4.22199e+09,9.28204e+08,-2.10503e+07,-7.48376e+08,0.00101947,0.00017469,-1.09407e-23
0,1.92486e+09,-9.36629e+07,2.95283e+08,3.31771e+09,1.67068e+09,1.29216e+08,-4.27086e+08,0.0011058,0.000169635,7.21164e-25
0,2.10951e+09,1.09138e+06,3.44131e+08,1.11111e+09,4.70029e+06,1.24566e+08,-2.12257e+08,0.000928685,0.000151499,1.79488e-26
0,1.88949e+09,4.91248e+07,3.11231e+08,7.17955e+09,6.7721e+08,-3.6446e+08,-9.29721e+08,0.00101448,0.000167103,5.46307e-23
0,2.0195e+09,-4.35703e+06,3.01182e+08,4.20202e+08,-1.62568e+09,-5.6456e+08,-9.25693e+08,0.00101536,0.000151427,-1.47457e-24
0,2.16025e+09,5.33595e+07,2.9116e+08,-6.18107e+09,-1.78796e+08,1.71105e+08,2.9938e+08,0.000997392,0.000134429,5.63665e-24
0,2.12458e+09,-4.14743e+07,3.23782e+08,-7.86263e+09,6.2576e+07,4.51404e+07,-6.48265e+08,0.000948246,0.000144511,-2.21369e-23
0,1.9961e+09,1.39256e+07,3.14085e+08,-2.99276e+09,-2.0945e+08,-3.85791e+08,-9.0651e+08,0.00096488,0.000151823,-1.97414e-24
0,2.14952e+09,1.01903e+07,3.32319e+08,3.19632e+09,-7.03413e+08,2.97923e+08,-7.46753e+08,0.000994003,0.000153675,1.84338e-24
0,2.19957e+09,6.27878e+07,3.06803e+08,4.76573e+09,-1.82971e+09,-7.1683e+07,-3.74835e+08,0.000951818,0.000132762,7.48819e-24
0,1.91256e+09,-823074,3.21423e+08,8.90761e+08,7.48197e+07,6.57374e+07,-1.25889e+09,0.00101949,0.000171335,-1.53513e-25
0,2.10822e+09,-3.11972e+07,3.29995e+08,6.13602e+09,-1.5613e+08,3.38952e+08,6.71374e+08,0.000998967,0.000156366,-1.51587e-23
0,2.28416e+09,-1.37406e+07,3.28179e+08,1.04911e+09,-1.44508e+08,-1.81619e+08,4.43615e+07,0.000877556,0.000126084,4.96204e-28
0,2.10071e+09,3.10386e+07,3.31755e+08,8.36894e+09,-1.83969e+08,4.80286e+08,-7.46837e+08,0.000965137,0.00015242,3.35703e-23
0,1.99456e+09,-1.75018e+07,3.29791e+08,-4.48503e+09,-2.8681e+08,-1.8987e+08,-7.25701e+08,0.00102442,0.000169383,-8.72176e-24
0,1.84712e+09,-1.67798e+06,2.75716e+08,-9.01584e+08,1.3641e+09,-4.97137e+08,-1.15023e+09,0.00099178,0.000148041,-6.28112e-25
0,1.89968e+09,1.56379e+07,2.99478e+08,5.59545e+09,9.39175e+08,1.81753e+08,-1.22345e+09,0.000972678,0.000153339,3.22761e-23
0,2.02822e+09,-2.51322e+07,2.93904e+08,-4.55044e+09,-1.16738e+09,5.56193e+07,-1.2944e+09,0.00102831,0.00014901,-2.05498e-23
0,2.17482e+09,6.5337e+07,2.93077e+08,1.0777e+10,6.3562e+08,-2.70192e+08,-4.28777e+08,0.00104388,0.000140673,4.8718e-23
0,1.87237e+09,-2.73142e+07,2.99548e+08,9.37745e+09,-1.46695e+08,6.30706e+08,-7.23424e+08,0.00100517,0.00016081,9.94254e-23
0,2.11275e+09,1.23483e+06,3.43244e+08,1.50661e+09,-1.10742e+06,1.42916e+08,-3.1484e+08,0.000933691,0.000151691,6.72614e-26
0,1.96574e+09,3.89133e+07,3.1102e+08,5.84207e+09,-5.2171e+08,-2.41612e+08,-1.21656e+09,0.00104699,0.000165654,4.26943e-23
0,2.12684e+09,3.29919e+07,3.02033e+08,-4.71673e+09,-7.48065e+08,-2.78231e+07,2.95898e+08,0.000921813,0.000130907,1.8789e-24
0,1.99905e+09,-7.4305e+06,3.03928e+08,4.43718e+09,3.37878e+08,1.81886e+08,-9.5606e+08,0.000978275,0.000148733,9.45122e-24
0,2.22395e+09,2.25246e+07,3.15075e+08,-4.58435e+09,-6.73466e+08,1.37434e+08,8.57763e+07,0.000933817,0.000132297,3.02204e-26
0,2.10362e+09,1.11451e+07,3.14902e+08,-2.68926e+09,8.9609e+08,1.32081e+08,-3.2606e+08,0.00106978,0.00016014,-3.04699e-25
0,2.08223e+09,1.13699e+07,3.09816e+08,2.5515e+09,-1.20307e+09,4.42115e+08,-1.06183e+09,0.00102448,0.000152433,3.15376e-24
0,1.74084e+09,7.73687e+07,2.90655e+08,-1.756e+09,-4.31287e+08,-1.36289e+06,-1.27289e+09,0.00118715,0.000198209,-2.83127e-24
0,1.93658e+09,8.58251e+06,3.18536e+08,6.16584e+09,6.06372e+08,6.29647e+08,-9.5936e+08,0.000963743,0.00015852,3.2776e-23
0,2.00939e+09,-2.43197e+07,3.27647e+08,-6.37793e+09,-2.35668e+08,-2.34692e+08,-9.83018e+08,0.00100771,0.000164315,-3.0721e-23
0,2.07005e+09,4.84625e+06,3.15764e+08,2.92717e+09,-9.40414e+08,6.57685e+08,-1.00186e+09,0.00102609,0.00015652,1.62942e-24
0,1.89579e+09,-1.62344e+07,3.23033e+08,2.45312e+09,6.54305e+08,5.12514e+08,-9.83045e+08,0.000975406,0.000166204,2.95351e-24
0,2.00117e+09,1.94168e+07,3.08158e+08,5.81246e+09,-1.39678e+09,-4.00587e+07,-1.14452e+09,0.00106479,0.000163965,4.96633e-23
0,2.31014e+09,1.77711e+07,3.31263e+08,3.97873e+09,-8.17363e+08,-1.15206e+08,-3.06876e+08,0.000921882,0.000132193,1.20704e-24
0,1.68764e+09,-2.29714e+07,2.57439e+08,8.95077e+09,-7.46886e+08,4.93273e+08,1.63886e+08,0.000986426,0.000150473,-5.71902e-23
0,1.85067e+09,7.33554e+07,3.10848e+08,1.33592e+09,6.03541e+08,-9.52079e+08,-5.89977e+08,0.00101388,0.000170296,5.43507e-27
0,1.77054e+09,7.40547e+07,2.842e+08,-3.5468e+09,-2.19874e+09,-1.76373e+08,-1.36023e+09,0.00119594,0.000191967,-1.09832e-22
0,1.97453e+09,3.66188e+06,3.30664e+08,2.32583e+08,-1.39221e+08,7.70487e+07,-9.11152e+08,0.000999326,0.000167352,-1.63483e-26
0,1.84093e+09,-5.18182e+07,2.51704e+08,-9.07698e+08,7.58213e+08,5.4673e+08,2.55006e+08,0.000930333,0.000127201,1.6782e-26
0,2.12532e+09,1.15128e+06,3.43314e+08,1.48103e+09,-5.84164e+07,1.60269e+08,-3.09163e+08,0.000941414,0.000152072,5.83974e-26
0,2.17173e+09,-2.33733e+07,3.26198e+08,-4.80525e+09,-8.33757e+08,-1.35287e+08,-8.57251e+08,0.000995483,0.000149524,-7.9917e-24
0,1.90807e+09,-1.76883e+07,2.93496e+08,2.99016e+09,-1.31559e+08,6.54615e+08,-1.34938e+09,0.00104344,0.0001605,3.94045e-24
0,1.92225e+09,-1.43707e+07,2.94229e+08,1.0989e+10,-1.79788e+09,4.77724e+08,-3.46465e+08,0.00100924,0.00015448,4.69693e-23
0,2.08685e+09,2.64532e+07,3.27021e+08,5.04689e+09,-4.95031e+08,3.83782e+08,-9.88908e+08,0.00101849,0.000159602,1.21022e-23
0,1.81972e+09,2.99375e+07,2.96206e+08,1.18413e+09,1.30931e+09,-6.39784e+08,-1.52159e+09,0.00102614,0.00016703,5.89487e-26
0,2.02387e+09,-9.76847e+06,3.19279e+08,8.46632e+08,-4.74566e+08,6.33118e+08,-1.006e+09,0.00102942,0.000162398,-1.39945e-25
0,1.92701e+09,3.20429e+07,3.17038e+08,8.29339e+09,3.79209e+08,-1.80034e+07,-8.09116e+08,0.000934834,0.000153802,4.91953e-23
0,2.21498e+09,3.16644e+07,2.91963e+08,-3.30478e+09,-2.41813e+09,-1.90928e+08,-4.3514e+08,0.00107196,0.000141298,-1.36253e-23
0,1.88746e+09,5.30424e+07,3.10404e+08,8.1665e+09,1.99025e+09,4.5962e+08,-1.07532e+09,0.000989276,0.000162693,1.18227e-22
0,2.10904e+09,2.72444e+07,3.11682e+08,6.10398e+09,-1.59958e+09,3.66166e+08,-1.08433e+09,0.00105831,0.000156401,3.5115e-23
0,1.92204e+09,1.83716e+07,3.11574e+08,6.15771e+09,-9.00065e+08,7.14942e+07,-1.29017e+09,0.00106984,0.000173428,6.61708e-23
0,2.08983e+09,-2.65236e+07,3.07574e+08,5.13588e+09,8.37851e+08,5.08449e+08,-5.65511e+08,0.0010919,0.000160702,1.77515e-23
0,1.93629e+09,9.51383e+06,3.24659e+08,6.9118e+08,2.44568e+08,4.28762e+07,-1.10925e+09,0.000994251,0.000166707,-6.72103e-26
0,1.90239e+09,2.27348e+07,2.87867e+08,1.74987e+09,-9.93444e+08,-5.57268e+08,-1.15193e+09,0.00104853,0.000158661,1.2483e-24
0,2.11472e+09,4.46953e+07,3.03573e+08,1.36237e+09,-5.10167e+08,-3.25416e+08,-9.37184e+08,0.00101643,0.00014591,1.80412e-25
0,2.17607e+09,8.57522e+06,3.02371e+08,-6.20628e+09,-5.85794e+08,-4.47283e+08,-4.07037e+08,0.00100075,0.000139057,-5.46117e-24
0,1.96781e+09,4.10799e+07,3.13367e+08,9.70627e+09,3.29489e+08,2.0713e+08,-9.18462e+08,0.000945929,0.000150635,8.76221e-23
0,1.95225e+09,-2.34914e+07,3.13241e+08,5.66876e+07,1.43564e+08,6.60256e+08,-1.16775e+09,0.00102263,0.000164081,-1.57311e-25
0,1.74281e+09,9.65669e+06,2.70798e+08,1.54476e+10,-4.28942e+07,-9.26698e+07,3.50982e+08,0.00102321,0.000158986,-3.59989e-22
0,2.01276e+09,5.49737e+07,3.08716e+08,8.82455e+09,4.81004e+08,-4.09565e+07,-1.09845e+09,0.00104113,0.000159688,1.10104e-22
0,1.94785e+09,-1.62606e+06,3.2797e+08,4.17591e+09,3.00984e+08,5.41452e+08,-9.60529e+08,0.00100632,0.00016944,1.08859e-23
0,1.90583e+09,2.74139e+07,3.2207e+08,1.70863e+09,8.05746e+08,-8.9471e+07,-1.10171e+09,0.000999884,0.000168972,7.15133e-25
0,2.02072e+09,616356,3.29785e+08,1.01123e+09,-5.58954e+08,1.71651e+08,-9.8338e+08,0.00103264,0.000168529,2.12534e-25
0,1.97543e+09,-2.765e+07,3.19472e+08,-1.09733e+08,3.91694e+08,5.60126e+08,-1.03809e+09,0.00102467,0.000165713,-4.76127e-26
0,2.10136e+09,3.95839e+07,3.14303e+08,6.35111e+09,-6.75989e+08,-2.46259e+08,-9.90336e+08,0.00108112,0.000161704,3.98236e-23
0,1.8688e+09,4.47763e+07,2.95039e+08,5.2874e+09,4.33191e+08,-6.32228e+08,-1.432e+09,0.00106259,0.000167757,4.14128e-23
0,1.82016e+09,1.56838e+07,2.59426e+08,1.00699e+10,-1.40032e+09,2.85481e+08,6.29823e+08,0.00114575,0.000163303,-2.96075e-22
0,1.98939e+09,-1.45738e+07,3.34818e+08,-3.05122e+09,4.37699e+08,-5.42231e+07,-7.03894e+08,0.000957649,0.000161174,-2.10055e-24
0,1.87941e+09,1.33962e+07,2.85778e+08,-1.47657e+08,-5.74096e+07,-1.27869e+08,-1.43505e+09,0.00106243,0.00016155,9.20442e-26
0,2.02479e+09,1.47933e+07,3.31924e+08,4.40052e+09,3.78359e+08,2.66337e+08,-7.5155e+08,0.000919919,0.000150802,5.3371e-24
0,1.87987e+09,-8.5833e+07,2.95239e+08,-2.85421e+08,-8.17153e+08,2.83211e+08,-9.84872e+08,0.000992562,0.000155885,2.71256e-25
0,1.9052e+09,2.24688e+07,2.96628e+08,1.24907e+09,-2.71888e+08,-1.48385e+08,-1.15226e+09,0.00102105,0.000158972,9.15335e-26
0,1.6852e+09,1.03822e+07,2.94459e+08,-3.88398e+08,-6.23362e+08,-1.6513e+08,-1.86638e+09,0.00112342,0.000196299,-1.90106e-25
0,2.04903e+09,2.52342e+07,2.90059e+08,9.04258e+09,-2.28778e+07,2.33042e+08,-7.74064e+08,0.00110951,0.000157061,1.05317e-22
0,1.98558e+09,-1.58117e+06,3.32216e+08,-4.39921e+09,1.09694e+09,-3.33733e+08,-7.27459e+08,0.00091862,0.000153699,-7.08006e-24
0,1.9391e+09,1.049e+07,3.06443e+08,-2.82309e+09,-7.92934e+08,1.82076e+07,-1.3236e+09,0.00109841,0.000173586,-7.75433e-24
0,1.87426e+09,-3.97213e+07,2.9592e+08,-1.5702e+09,1.27174e+08,2.32918e+08,-1.38546e+09,0.00104235,0.000164574,-2.02106e-25
0,2.00353e+09,3.10034e+07,3.20732e+08,8.14595e+09,7.53198e+08,-2.20171e+07,-9.03512e+08,0.000923965,0.000147912,4.04377e-23
0,1.93884e+09,-1.5796e+07,3.07123e+08,-3.23334e+09,-3.89598e+08,2.21196e+08,-1.36437e+09,0.00107067,0.000169601,-8.46954e-24
0,2.32646e+09,9.09286e+06,3.33485e+08,2.13868e+09,-8.82929e+08,-6.62867e+07,-2.34246e+08,0.000909428,0.000130362,2.52226e-25
0,2.27016e+09,2.80812e+06,3.44831e+08,2.59328e+09,-4.38648e+07,2.67668e+08,-8.23253e+07,0.000886337,0.000134632,3.98882e-26
0,1.96156e+09,-6.48649e+06,3.38702e+08,-3.99724e+08,4.0997e+08,-1.95243e+08,-5.32823e+08,0.000939426,0.000162211,-7.55435e-27
0,1.83467e+09,2.03043e+07,2.77944e+08,6.11928e+09,1.31823e+09,5.72056e+07,-1.21323e+09,0.000991746,0.000150245,5.28543e-23
0,2.05463e+09,2.83247e+06,3.15138e+08,6.32322e+08,-2.48365e+08,-4.25504e+08,-1.07412e+09,0.0010334,0.000158501,-1.43075e-25
0,2.03628e+09,-2.17123e+06,3.20966e+08,-1.42969e+08,-7.96199e+08,2.81356e+08,-1.2254e+09,0.00103991,0.000163914,3.47744e-25
0,1.79218e+09,2.0783e+07,2.86241e+08,3.15985e+08,2.64193e+08,1.84393e+07,-1.35957e+09,0.00109209,0.000174425,-2.31641e-25
0,1.83444e+09,-6.1334e+07,3.0506e+08,3.55993e+08,-1.34226e+09,2.06936e+08,-9.82959e+08,0.00101094,0.000168116,1.52455e-24
0,1.69555e+09,5.17774e+07,2.82999e+08,1.92743e+09,3.7125e+08,-6.50712e+08,-1.19151e+09,0.0010564,0.00017632,1.1526e-24
0,1.92696e+09,2.69235e+07,3.05922e+08,3.11179e+09,-1.15836e+09,-3.56884e+08,-1.22683e+09,0.00109532,0.000173892,1.35936e-23
0,1.93392e+09,-3.24965e+07,2.99118e+08,4.71949e+09,-3.29026e+09,3.14918e+08,-7.40355e+08,0.00102544,0.000158604,8.31948e-23
0,2.08823e+09,-1.20085e+07,3.2209e+08,-3.58359e+09,-8.29756e+08,-2.46143e+08,-1.12437e+09,0.00103624,0.00015983,-6.21696e-24
0,1.84055e+09,5.04727e+07,2.99696e+08,3.16974e+09,1.23702e+07,-6.10628e+08,-9.8751e+08,0.000976321,0.000158974,4.23674e-24
0,2.11071e+09,-6.03706e+06,3.14212e+08,-1.81474e+09,-9.3808e+08,-4.74424e+08,-1.02427e+09,0.00103337,0.000153833,-9.83996e-25
0,1.76879e+09,-3.44996e+07,2.83496e+08,-1.44569e+09,5.06038e+07,2.93142e+08,-2.02985e+09,0.00113807,0.000182406,2.85591e-24
0,1.90917e+09,-1.07486e+07,2.90477e+08,-4.17364e+09,-1.92993e+08,-3.1285e+08,-1.44967e+09,0.00103614,0.000157647,-1.6647e-23
0,1.97152e+09,1.57899e+07,2.81373e+08,-2.36877e+09,-1.28141e+09,-1.16187e+08,-1.32269e+09,0.00109698,0.00015656,-8.02982e-24
0,1.85628e+09,5.53142e+06,2.82693e+08,8.13173e+07,-7.02944e+07,-7.84477e+07,-1.34015e+09,0.00110457,0.000168215,-6.77254e-26
0,2.27158e+09,974573,3.45031e+08,1.77794e+09,-4.10044e+07,2.0451e+08,-5.02253e+07,0.000893727,0.000135748,6.4867e-27
0,2.31473e+09,9.67552e+06,3.09578e+08,2.0521e+09,-1.77464e+09,-1.36975e+08,-2.88143e+08,0.000959259,0.000128294,1.49147e-24
0,1.71417e+09,2.11402e+07,2.79379e+08,4.43944e+09,5.23735e+07,-3.7703e+08,-1.30841e+09,0.00105673,0.000172228,3.60982e-23
0,1.8306e+09,6.46539e+07,3.02902e+08,1.76865e+09,-7.14589e+08,-9.44603e+08,-7.08074e+08,0.000997826,0.000165106,3.11165e-25
0,2.08458e+09,-4.13122e+06,3.42082e+08,8.88204e+08,1.38674e+08,-1.87044e+08,-3.52838e+08,0.000951236,0.000156099,1.25523e-26
0,1.96616e+09,-3.43372e+07,3.10614e+08,2.09092e+09,-1.374e+09,4.24829e+08,-3.87721e+08,0.00110751,0.000174965,2.88419e-24
0,2.09241e+09,-1.50685e+07,3.18734e+08,-4.07559e+09,-8.19098e+08,-6.39027e+08,-9.35878e+08,0.00101881,0.000155195,-4.04431e-24
0,1.75186e+09,1.0502e+07,2.19967e+08,-7.27188e+08,-1.56871e+09,6.05367e+08,6.87368e+08,0.00103259,0.000129654,8.53506e-27
0,1.86201e+09,-5.07945e+07,3.03165e+08,-3.5802e+09,-3.5185e+08,-5.06291e+06,-1.17556e+09,0.00102767,0.000167322,-1.02318e-23
0,1.90382e+09,-4.91265e+07,3.07403e+08,-2.488e+09,9.67327e+08,2.24425e+08,-1.32803e+09,0.0010319,0.000166618,-2.93321e-24
0,1.75625e+09,2.61308e+06,2.72307e+08,-4.71749e+08,1.45585e+09,-2.42755e+08,-1.64405e+09,0.00105194,0.000163104,-1.28298e-25
0,1.8173e+09,-4.74586e+07,3.10345e+08,5.51901e+09,1.21971e+07,1.95679e+08,-4.97484e+08,0.00101774,0.000173802,1.82581e-23
0,1.71259e+09,4.20221e+07,2.80134e+08,1.20411e+10,-1.66391e+09,1.40793e+08,6.1303e+08,0.00119173,0.000194935,-7.31565e-22
0,2.14059e+09,1.19064e+07,3.35701e+08,3.12565e+09,-4.4339e+08,3.70942e+08,-6.43939e+08,0.000986398,0.000154693,1.18144e-24
0,1.89776e+09,1.02979e+06,3.11797e+08,6.93132e+08,6.62378e+08,-7.88942e+07,-1.43088e+09,0.00102655,0.000168659,-1.17676e-25
0,2.26366e+09,1.0951e+06,3.44775e+08,8.24294e+08,-6.8084e+07,1.3142e+08,-9.84612e+07,0.000897336,0.000136672,1.07995e-27
0,1.81752e+09,2.09161e+06,2.83802e+08,5.96971e+09,-8.17708e+08,2.02701e+07,-1.17443e+09,0.00108906,0.000170054,8.00798e-23
0,2.08131e+09,3.36665e+07,3.26e+08,5.91221e+09,-4.69409e+08,5.38311e+08,-9.05692e+08,0.000991869,0.000155358,1.49931e-23
0,2.00092e+09,-1.66237e+07,2.74673e+08,-9.41331e+09,-1.89505e+07,-8.08443e+08,2.5725e+08,0.00105669,0.000145055,3.51942e-23
0,1.79319e+09,2.03728e+07,2.91771e+08,-6.9859e+08,-4.61049e+08,-2.07138e+08,-1.56198e+09,0.0010828,0.000176184,1.69444e-25
0,2.05995e+09,-3.32412e+07,3.31695e+08,-7.17451e+09,9.70664e+07,-7.09125e+08,-8.06672e+08,0.000977813,0.000157448,-2.8698e-23
0,1.9503e+09,-6.50669e+07,2.51654e+08,6.70787e+09,9.85775e+08,-7.01014e+08,8.32949e+08,0.00109824,0.00014171,-7.6313e-23
0,1.73736e+09,-2.21428e+07,2.84882e+08,4.98804e+09,7.98855e+08,4.16014e+08,-1.03329e+09,0.00106598,0.000174794,5.34788e-23
0,1.82145e+09,-1.93269e+07,3.07933e+08,5.69436e+09,1.18618e+09,-6.92224e+07,-8.57657e+08,0.00104032,0.000175876,3.61113e-23
0,2.01005e+09,3.24321e+07,2.91852e+08,3.86414e+09,-1.49542e+09,2.45051e+08,-1.25153e+09,0.00107928,0.000156708,1.995e-23
0,2.22123e+09,-3.63806e+06,3.42188e+08,-1.28264e+09,-2.30819e+08,-1.81294e+08,-3.42093e+08,0.000960971,0.000148041,-3.01314e-26
0,1.74292e+09,410830,2.83628e+08,-7.10534e+08,-8.65855e+08,2.99597e+08,1.61956e+09,0.0011116,0.000180891,-2.88628e-25
0,1.80105e+09,-3.30194e+07,2.71293e+08,-1.99098e+08,5.16647e+07,-2.48736e+08,-1.20262e+09,0.00104584,0.000157536,1.21417e-25
0,1.80548e+09,1.11668e+07,2.67533e+08,-1.02975e+09,-2.29054e+08,-1.24588e+08,-1.8991e+09,0.00112846,0.000167213,1.70603e-24
0,1.89223e+09,-2.28515e+07,2.69882e+08,-9.3674e+09,-1.30319e+09,-8.88327e+08,3.3351e+08,0.00100467,0.000143293,1.01673e-22
0,2.25149e+09,-312046,3.45014e+08,-9.75961e+07,-2.91515e+07,1.89537e+07,-5.73048e+07,0.000898219,0.000137641,-1.88422e-30
0,2.24951e+09,-1.08369e+07,2.97641e+08,5.38946e+09,1.71611e+09,9.15959e+07,4.07155e+08,0.000982128,0.000129949,-7.94083e-24
0,2.08823e+09,-3.74068e+07,3.30732e+08,-7.76841e+09,1.10646e+08,-6.37307e+08,-7.84865e+08,0.000959631,0.000151986,-3.04475e-23
0,2.01417e+09,1.65284e+07,3.14411e+08,-3.94919e+09,2.64899e+08,-6.88728e+08,-8.84167e+08,0.000975408,0.000152261,-6.21474e-24
0,2.07183e+09,1.68696e+06,3.43052e+08,6.77233e+08,3.32182e+07,6.70166e+07,-3.52151e+08,0.000953009,0.000157798,6.60127e-27
0,2.16106e+09,1.75884e+07,3.11058e+08,-2.18353e+09,-2.77101e+09,-5.07496e+08,-6.76228e+08,0.0010148,0.000146068,-1.38428e-23
0,1.65213e+09,1.99575e+07,2.57284e+08,-1.5486e+08,2.6621e+09,-1.48695e+08,-1.54015e+09,0.0010204,0.000158905,9.86335e-25
0,1.94094e+09,-2.77935e+07,3.12136e+08,3.75327e+09,1.5634e+09,-8.79031e+07,-4.1264e+08,0.00107425,0.000172757,-1.66813e-25
0,1.8773e+09,2.88173e+07,2.88616e+08,-8.29145e+08,2.7311e+08,1.156e+08,-1.37318e+09,0.00104392,0.000160492,2.37818e-25
0,2.01745e+09,-4.47944e+06,2.8857e+08,3.47393e+09,-4.88173e+08,4.68434e+08,-1.09831e+09,0.00101729,0.00014551,4.34304e-24
0,2.01826e+09,9.96175e+06,2.9421e+08,4.19895e+09,-2.36043e+09,4.19309e+08,-1.18488e+09,0.00111097,0.00016195,4.96348e-23
0,1.86277e+09,-4.37176e+07,3.09741e+08,1.54325e+09,8.50474e+07,2.24255e+08,-8.72646e+08,0.00102388,0.00017025,4.27354e-25
0,1.93224e+09,1.29609e+07,3.09692e+08,-2.8939e+09,3.76831e+08,-3.52114e+08,-1.42164e+09,0.00101785,0.000163137,-4.81669e-24
0,2.03905e+09,-3.06931e+06,3.31811e+08,-1.72769e+09,-4.23295e+08,-3.26689e+08,-8.2235e+08,0.00103864,0.000169015,-3.68475e-25
0,1.81866e+09,-1.88926e+06,2.88154e+08,3.20907e+09,1.94352e+08,5.70793e+07,-1.35826e+09,0.00108689,0.00017221,1.14537e-23
0,2.24051e+09,5.09091e+07,3.01825e+08,-3.9548e+08,-9.28944e+08,1.55953e+08,-1.21627e+08,0.000990145,0.000133385,-2.07703e-26
0,1.7265e+09,8.52774e+06,2.76454e+08,-3.09079e+07,3.32916e+07,3.61979e+08,1.48057e+09,0.00112189,0.000179641,-2.62048e-26
0,1.79735e+09,-2.5014e+07,2.91624e+08,-5.28118e+09,-1.25726e+09,-1.68223e+08,-5.2938e+08,0.00103851,0.0001685,-2.43131e-23
0,1.81025e+09,1.51489e+07,2.85448e+08,3.62009e+08,-2.7512e+08,-2.61115e+08,-1.45428e+09,0.00110575,0.000174359,-5.46972e-25
0,2.13601e+09,-2.61761e+07,3.3606e+08,-8.47682e+09,-1.33166e+08,-7.01374e+08,-5.74878e+08,0.000946588,0.000148927,-2.17272e-23
0,1.99086e+09,1.87724e+06,3.20549e+08,2.86021e+08,2.49787e+08,8.68083e+06,-1.15696e+09,0.000983595,0.000158369,-4.32956e-26
0,2.31965e+09,1.08355e+07,3.34619e+08,1.88117e+09,-5.2817e+08,-1.14822e+08,-1.6025e+08,0.000886583,0.000127893,7.62009e-26
0,2.10099e+09,1.37861e+07,3.35971e+08,6.86235e+09,-3.58305e+08,1.16122e+08,-5.87569e+08,0.000972363,0.000155491,1.56738e-23
0,1.97919e+09,8.27498e+06,3.05468e+08,-7.3542e+08,-4.65245e+08,-6.85409e+08,-5.26037e+08,0.00104518,0.000161313,2.25662e-25
0,2.20144e+09,-5.09613e+06,3.4377e+08,-5.30617e+09,-2.14821e+08,-5.65602e+08,-2.18921e+08,0.000938791,0.000146599,-1.08445e-24
0,2.02929e+09,598580,2.92873e+08,7.93506e+08,-2.41002e+09,6.39525e+08,-1.25579e+09,0.00111636,0.000161116,1.80165e-23
0,2.21087e+09,-284749,3.44703e+08,-5.11891e+08,1.6289e+07,6.46117e+06,-1.17036e+08,0.000892533,0.000139157,-6.36332e-28
0,1.86066e+09,7.45574e+06,2.92118e+08,2.72948e+09,-6.82925e+08,-1.10396e+08,-1.40034e+09,0.00108875,0.000170931,7.82033e-24
0,1.98649e+09,1.50748e+07,3.19499e+08,1.31473e+09,-3.32538e+08,2.45355e+08,-1.22199e+09,0.00102921,0.000165534,1.01114e-25
0,1.78113e+09,-1.60531e+07,2.76578e+08,3.16593e+09,-1.40009e+09,-3.01008e+08,-9.12764e+08,0.00106944,0.000166066,1.99176e-23
0,2.32371e+09,1.13861e+07,3.30904e+08,2.63228e+09,-1.04792e+09,-8.7344e+07,-2.80702e+08,0.000920124,0.000131029,5.77508e-25
0,1.83797e+09,-4.44531e+07,2.97615e+08,-4.04578e+09,-5.26538e+08,4.2905e+08,-1.23942e+09,0.00108213,0.000175225,-2.3744e-23
0,1.70499e+09,-2.56811e+07,2.76413e+08,2.17781e+09,-4.44603e+08,-3.13905e+08,-1.65364e+09,0.0011284,0.000182937,4.26642e-24
0,2.21004e+09,-3.40261e+07,3.17632e+08,-7.56277e+08,1.73196e+08,3.44817e+08,-3.70995e+08,0.000909649,0.000130737,-2.18626e-27
0,1.71078e+09,-1.28004e+06,2.74331e+08,-1.30808e+09,5.825e+08,1.64003e+08,9.75437e+08,0.00107037,0.000171638,9.08971e-25
0,1.8227e+09,-2.58291e+07,2.89943e+08,5.36085e+09,1.94195e+09,3.40813e+08,-9.8089e+08,0.00114336,0.000181878,7.29764e-23
0,2.28787e+09,2.50391e+07,3.26709e+08,2.56596e+09,-3.862e+08,-3.49975e+08,-2.13564e+08,0.000906518,0.000129451,2.26035e-25
0,2.19785e+09,-4.50525e+06,3.44399e+08,-6.65202e+09,-9.89203e+07,-6.56756e+08,-1.30894e+08,0.000916953,0.000143685,-1.3626e-24
0,2.27999e+09,2.4499e+07,3.22625e+08,2.35951e+09,-7.17866e+08,-2.79074e+08,-3.35029e+08,0.000926142,0.000131052,4.00125e-25
0,2.02918e+09,-2.78229e+07,3.19486e+08,1.37233e+09,1.85118e+08,-7.94203e+08,6.03839e+08,0.00103205,0.000162492,-3.68743e-26
0,2.1473e+09,-1.63148e+07,3.14467e+08,-3.08357e+09,-1.819e+09,-1.55453e+07,-8.76635e+08,0.00106028,0.000155276,-1.0259e-23
0,2.26342e+09,2.73978e+06,3.31965e+08,1.40179e+09,-1.32558e+09,4.78634e+06,-6.59921e+08,0.00100457,0.000147335,8.85798e-25
0,1.80983e+09,1.07381e+06,2.93538e+08,-7.07728e+08,1.0127e+09,-3.2765e+08,-1.31687e+09,0.00101587,0.000164766,-1.85029e-25
0,1.97974e+09,-1.97272e+07,2.80559e+08,-2.17843e+08,1.7777e+08,1.28512e+08,-1.32774e+09,0.00106091,0.000150346,6.89035e-26
0,1.87215e+09,-2.01749e+06,3.03518e+08,-2.06471e+09,-1.69823e+09,2.2217e+08,-3.06026e+08,0.00102668,0.000166448,-5.46275e-24
0,1.782e+09,2.47365e+07,2.68439e+08,4.31173e+09,2.57617e+08,-3.21756e+08,-1.5789e+09,0.00108338,0.0001632,3.49718e-23
0,1.99692e+09,-5.88114e+07,2.94828e+08,-7.04991e+09,-1.26534e+09,5.33193e+08,-1.21382e+09,0.00111265,0.000164274,-1.17922e-22
0,1.89421e+09,-5.12721e+07,2.96586e+08,-3.90445e+09,1.67965e+08,6.44717e+08,-1.23485e+09,0.00106664,0.000167009,-1.3155e-23
0,1.88195e+09,-5.24836e+07,2.78713e+08,-2.07978e+09,-1.69468e+08,4.25465e+08,-1.38521e+09,0.00109347,0.000161941,-1.5681e-24
0,2.05576e+09,-4.175e+07,3.18749e+08,-6.32811e+09,-3.16941e+08,-4.44201e+08,-1.04147e+09,0.000993734,0.00015408,-2.49661e-23
0,2.11771e+09,7.50163e+06,3.31881e+08,-1.34303e+10,-1.01471e+09,-8.68718e+08,-3.99547e+07,0.000984747,0.000154326,3.5875e-23
0,1.87392e+09,3.60726e+07,3.04767e+08,2.21491e+09,9.53445e+08,-8.35187e+08,-1.365e+09,0.00100996,0.000164255,8.59494e-25
0,1.99322e+09,-1.65744e+07,3.00224e+08,-1.75325e+09,-2.05073e+09,-8.24103e+07,-1.23215e+09,0.00111061,0.000167283,-1.38712e-23
0,1.90097e+09,1.98161e+07,2.55901e+08,-5.52708e+09,9.24983e+08,-3.7621e+08,1.01933e+09,0.00111862,0.000150584,4.36121e-23
0,2.19478e+09,-1.95354e+06,3.4474e+08,-6.89867e+09,-6.08668e+07,-6.81911e+08,-5.88436e+07,0.000902752,0.000141798,-5.44786e-25
0,2.18673e+09,136166,3.44977e+08,3.11006e+08,2.62823e+07,8.90553e+07,-6.60094e+07,0.000891471,0.000140638,1.1074e-28
0,1.78491e+09,-867516,2.90523e+08,1.00521e+09,1.2732e+09,-1.50059e+08,-1.28657e+09,0.00100646,0.000163818,1.84321e-25
0,1.94596e+09,-8.42163e+07,2.97833e+08,-9.99186e+09,1.63313e+08,5.48544e+08,-1.10156e+09,0.00107905,0.000165151,-2.20817e-22
0,1.88169e+09,5.49355e+07,2.82052e+08,1.27122e+08,6.46889e+08,1.00515e+08,7.92002e+08,0.00111854,0.000167661,-1.55203e-25
0,2.14913e+09,-1.61491e+07,3.33757e+08,-3.84227e+09,-4.88935e+08,-4.09222e+08,-7.0898e+08,0.000983503,0.000152737,-2.42813e-24
0,2.20992e+09,80100.7,3.03411e+08,1.39435e+09,-5.56563e+08,2.63704e+08,-3.23992e+08,0.000972058,0.000133459,4.98126e-26
0,2.04318e+09,3.88526e+06,3.31317e+08,-1.34024e+10,-8.93992e+08,-9.37214e+08,-3.23391e+06,0.000936453,0.000151853,3.94729e-23
0,2.00421e+09,-1.50874e+07,3.12468e+08,-2.28376e+09,2.37317e+08,-4.57362e+08,-9.37126e+08,0.00106379,0.000165852,-1.74376e-24
0,1.90833e+09,-2.79246e+07,3.02743e+08,-3.08693e+07,-4.17573e+08,7.41747e+07,-1.38887e+09,0.00101798,0.000161496,6.19166e-26
0,1.82501e+09,-9.13981e+06,2.88938e+08,2.84346e+09,1.05208e+09,2.4263e+08,-1.29437e+09,0.00100977,0.000159868,7.41566e-24
0,2.20379e+09,-9.31843e+06,3.33869e+08,-5.39931e+09,-8.20696e+08,-1.18704e+08,-6.47637e+08,0.000993666,0.000150538,-7.83378e-24
0,1.86239e+09,-2.56029e+07,2.92602e+08,-1.12316e+09,-4.58457e+08,-2.3925e+08,-9.93882e+08,0.000988605,0.000155321,-1.83794e-25
0,2.32247e+09,1.07262e+07,3.34338e+08,2.5329e+09,-7.87992e+08,-6.72454e+07,-2.4666e+08,0.000912666,0.000131386,3.14908e-25
0,1.9963e+09,-5.56683e+07,3.081e+08,-6.88533e+09,-2.14661e+07,1.00856e+08,-1.12269e+09,0.00104141,0.000160727,-5.51405e-23
0,2.31756e+09,9.57693e+06,3.1257e+08,4.05845e+09,3.00784e+08,-8.12312e+07,-5.43293e+07,0.000981286,0.000132346,1.25787e-25
0,1.9693e+09,7.17062e+07,2.57787e+08,-9.29057e+09,4.30527e+08,4.52028e+08,7.20495e+08,0.0010464,0.000136977,1.05108e-22
0,2.1043e+09,-5.87133e+07,3.13638e+08,-1.03888e+10,-2.27156e+08,1.42938e+07,-8.16943e+08,0.000998245,0.000148784,-8.77275e-23
0,1.98978e+09,-5.42845e+07,3.12742e+08,-2.67928e+09,1.62487e+09,-1.30921e+08,-5.47108e+08,0.00101157,0.000158993,-3.97584e-25
0,2.17072e+09,654969,3.44643e+08,1.21944e+09,4.82118e+07,1.28131e+08,-1.31118e+08,0.000893565,0.000141871,1.23378e-26
0,2.15838e+09,-2.22226e+07,3.31026e+08,-7.87968e+09,-5.36704e+08,-2.62528e+08,-7.32245e+08,0.000977277,0.000149883,-2.54256e-23
0,2.04777e+09,1.97507e+07,3.13211e+08,6.59966e+08,-1.01669e+09,-7.76717e+08,-1.08404e+09,0.00104335,0.000159583,-1.0472e-24
0,2.00056e+09,-8.78e+07,3.01283e+08,-9.69716e+09,8.01148e+08,5.80797e+08,-1.10008e+09,0.00100876,0.000151919,-1.1403e-22
0,2.09931e+09,-2.30077e+07,3.22913e+08,8.04039e+07,-3.58863e+08,-2.09825e+08,-6.79971e+08,0.000965769,0.000148553,-1.90414e-26
0,1.95639e+09,-6.70117e+07,3.12222e+08,-7.49148e+09,8.52533e+08,-1.6175e+07,-9.89613e+08,0.00100965,0.00016113,-6.12103e-23
0,2.07061e+09,-3.37038e+07,3.08168e+08,-7.62469e+09,-1.24528e+09,-6.56114e+08,-1.06908e+09,0.00102348,0.000152325,-4.31802e-23
0,1.98867e+09,-1.04248e+08,2.77583e+08,-9.84679e+09,8.60781e+07,6.60144e+08,-1.09784e+09,0.00106339,0.000148431,-1.76209e-22
0,1.96232e+09,-6.23198e+07,2.84428e+08,-6.18375e+09,7.09456e+08,-2.50549e+08,-5.58246e+08,0.00110554,0.000160242,-3.47624e-23
0,2.02628e+09,-6.23042e+07,3.03491e+08,-7.9943e+09,-3.99104e+08,-1.38037e+08,-1.0428e+09,0.00103652,0.000155246,-7.25216e-23
0,2.17824e+09,-1.90589e+07,3.37883e+08,-7.85314e+09,-3.46391e+08,-5.87776e+08,-4.97728e+08,0.000953625,0.000147924,-1.25325e-23
0,2.00164e+09,-2.53143e+07,2.9794e+08,-5.65327e+09,-8.93453e+08,3.75887e+08,-1.24084e+09,0.00105888,0.000157611,-4.28991e-23
0,2.15255e+09,-1.51936e+07,3.39728e+08,-9.26995e+09,-8.53381e+07,-7.62136e+08,-2.83391e+08,0.000935369,0.000147625,-1.24668e-23
0,2.06457e+09,-6.79531e+07,3.15604e+08,-1.08104e+10,5.74056e+08,-3.36347e+07,-7.64347e+08,0.000954946,0.000145979,-8.22864e-23
0,1.82497e+09,1.03709e+07,2.61487e+08,2.60694e+09,-1.2202e+09,8.47254e+07,-1.71729e+09,0.00112637,0.000161389,1.68458e-23
0,1.999e+09,2.72718e+06,3.01548e+08,-6.10333e+09,-5.84065e+08,-2.5481e+08,-4.57541e+08,0.0011844,0.000178666,-2.64629e-23
0,2.09602e+09,-3.10713e+07,3.33769e+08,-8.79143e+09,8.85312e+07,-5.48235e+08,-6.58775e+08,0.000949016,0.00015112,-3.44366e-23
0,2.16259e+09,-175935,3.44948e+08,2.10925e+09,-1.48713e+07,2.46028e+08,-5.80597e+07,0.000898422,0.000143304,2.27548e-26
0,2.11514e+09,-2.11728e+07,3.39573e+08,-8.11615e+09,3.80233e+07,-8.28483e+08,-4.17347e+08,0.000924702,0.000148455,-1.42228e-23
0,2.14833e+09,-2.70334e+07,3.06314e+08,-8.49834e+09,-1.0015e+09,3.57108e+08,-3.52084e+08,0.000965324,0.000137638,-2.27014e-23
0,2.13936e+09,-2.01375e+07,3.38984e+08,-9.31622e+09,5.3532e+07,-7.39659e+08,-3.09294e+08,0.000911779,0.000144473,-1.44472e-23
0,2.05606e+09,1.21577e+07,3.07603e+08,-1.45793e+10,-1.8046e+09,-3.88305e+08,-3.89598e+08,0.00104031,0.000155639,-1.28652e-22
0,1.76619e+09,-3.95638e+07,3.10468e+08,4.46579e+09,-8.51005e+08,3.19221e+08,-9.67379e+08,0.00102112,0.000179497,2.05817e-23
0,2.0196e+09,-6.80123e+07,3.20826e+08,-1.00544e+10,1.19699e+09,-2.65553e+08,-6.68032e+08,0.000918635,0.000145931,-5.99888e-23
0,2.03794e+09,6.87592e+06,3.00148e+08,-1.14467e+10,-1.38492e+09,-2.19631e+08,-4.54581e+08,0.00116694,0.000171867,-1.59951e-22
0,2.12667e+09,4.60102e+07,2.94241e+08,-8.19644e+09,-2.10483e+08,1.35498e+08,4.17065e+08,0.000947034,0.000131029,1.56638e-23
0,1.76176e+09,1.02616e+08,2.77664e+08,-4.19216e+08,-2.61565e+09,-4.63474e+08,-1.04453e+09,0.00111078,0.000175065,-2.7495e-23
0,2.09876e+09,-5.84042e+07,3.13485e+08,-8.7535e+09,-1.12544e+07,2.94025e+07,-9.21091e+08,0.000982358,0.000146732,-5.49094e-23
0,2.28281e+09,-2.66984e+07,3.1695e+08,-2.44395e+09,-6.80479e+08,4.25253e+08,-2.46857e+08,0.000919578,0.000127676,-3.58385e-25
0,2.28264e+09,-2.2871e+07,3.22825e+08,-3.9412e+09,-1.11242e+09,1.44979e+08,-4.7279e+08,0.000962278,0.000136091,-2.76603e-24
0,2.05744e+09,-6.04946e+07,3.25177e+08,-9.78171e+09,9.67521e+08,-2.57601e+08,-7.17795e+08,0.000941749,0.000148842,-5.98018e-23
0,1.86791e+09,4.55494e+06,3.09907e+08,1.93855e+09,-1.07494e+09,3.63127e+08,-1.18467e+09,0.00107818,0.000178882,4.34087e-24
0,1.97857e+09,5.32865e+07,3.03034e+08,-8.28015e+09,-1.26484e+09,-5.01579e+08,3.21864e+08,0.00101338,0.000155208,4.29608e-23
0,2.1683e+09,-6.32922e+06,3.22649e+08,-6.24651e+09,-1.67297e+09,-6.83404e+08,-7.21683e+08,0.0010293,0.000153163,-1.13847e-23
0,2.20361e+09,-3.13843e+07,3.14529e+08,-4.49587e+09,-1.06397e+09,2.81549e+08,-6.86795e+08,0.000989294,0.000141205,-6.91354e-24
0,2.11044e+09,2.5382e+06,3.34295e+08,-1.12644e+10,-1.06913e+09,-9.49751e+08,-1.86383e+08,0.000967013,0.000153175,1.24897e-23
0,2.10746e+09,-7.71039e+07,3.08384e+08,-1.25813e+10,1.72732e+08,2.02429e+08,-8.06579e+08,0.000950019,0.000139016,-1.17886e-22
0,1.93009e+09,-7.5564e+07,3.02723e+08,-6.66008e+09,1.51399e+09,4.68687e+08,-1.09284e+09,0.000979325,0.000153602,-3.12347e-23
0,1.85521e+09,-4.47109e+07,2.88219e+08,-1.39249e+10,-1.38004e+09,-1.95268e+08,-6.81194e+08,0.00101932,0.000158358,-3.61196e-22
0,2.05028e+09,7.14338e+07,3.09286e+08,-1.77631e+10,-1.15337e+09,-1.24172e+08,5.14554e+08,0.00100901,0.000152209,3.4645e-22
0,2.25013e+09,-864317,3.44738e+08,1.19229e+09,-9.6174e+07,6.63096e+06,-1.04896e+08,0.000919172,0.000140824,8.1588e-27
0,1.98933e+09,-3.11418e+07,3.19177e+08,4.50845e+09,-3.95347e+08,6.84702e+07,-6.33843e+08,0.00110086,0.000176628,1.18693e-23
0,2.18094e+09,-4.01895e+06,3.43769e+08,-4.45153e+09,-1.51757e+08,-5.50237e+08,-2.26609e+08,0.000938369,0.00014791,-7.55882e-25
0,2.12879e+09,-3.80172e+07,3.25828e+08,-9.27386e+09,3.30761e+08,-1.47408e+08,-3.38894e+08,0.000979257,0.000149883,-2.33227e-23
0,1.98467e+09,-4.03982e+07,3.17967e+08,-1.16835e+10,-4.52263e+08,-4.681e+08,-4.81278e+08,0.000906985,0.00014531,-5.38059e-23
0,1.90755e+09,479686,2.97016e+08,-1.63203e+09,-2.18443e+09,-8.00785e+08,-1.24002e+09,0.00110802,0.000172525,-2.39597e-23
0,2.05316e+09,-6.67012e+07,3.01747e+08,-6.03864e+09,2.78449e+08,2.69088e+08,-4.8146e+08,0.000909038,0.000133598,-6.647e-24
0,2.31376e+09,1.24176e+07,3.22008e+08,4.46504e+09,-2.17549e+08,-9.44269e+07,-2.02844e+08,0.000952491,0.000132559,9.16611e-25
0,1.8426e+09,-4.62608e+07,2.9157e+08,-8.06567e+09,-5.46996e+08,3.42125e+08,-1.51519e+09,0.00110773,0.000175285,-2.5364e-22
0,1.97428e+09,7.3544e+07,3.13285e+08,-1.69118e+10,-1.87756e+09,-2.7596e+08,4.67944e+08,0.000945014,0.000149958,2.5889e-22
0,1.98442e+09,-4.8729e+07,2.97706e+08,-9.55677e+08,-5.56143e+08,3.38645e+08,-1.29702e+09,0.00106294,0.000159465,2.69009e-25
0,1.99536e+09,-3.98362e+07,3.19314e+08,1.34635e+08,5.79337e+08,-4.21939e+08,-6.16426e+08,0.00109487,0.000175209,-2.00217e-27
0,2.16205e+09,-1.15302e+07,3.42913e+08,-4.37784e+09,2.17484e+08,-5.86717e+08,-1.59704e+08,0.000871001,0.000138146,-9.35414e-25
0,2.19064e+09,-3.33156e+06,3.44464e+08,-5.75855e+09,-1.0011e+08,-6.40283e+08,-1.23644e+08,0.000912771,0.000143527,-7.44922e-25
0,2.16382e+09,-3.02864e+07,3.38493e+08,-7.04513e+09,5.02814e+08,-4.70693e+08,-3.77318e+08,0.000883661,0.000138233,-7.7254e-24
0,2.15683e+09,-4.34712e+07,2.93993e+08,-8.68183e+09,-2.36503e+09,2.45049e+07,-1.13589e+09,0.00107174,0.000146087,-1.37738e-22
0,2.17309e+09,-8.97569e+06,3.43532e+08,-2.66259e+09,2.69193e+08,-5.22486e+08,-1.03165e+08,0.000858255,0.000135677,-2.27348e-25
0,1.63579e+09,-2.91451e+07,2.67038e+08,-4.59449e+09,2.29797e+09,3.59555e+08,-1.65798e+09,0.00103924,0.000169653,-4.2556e-23
0,2.269e+09,-4.42881e+06,3.44427e+08,-2.95065e+09,-1.1305e+08,-2.71869e+08,-1.38663e+08,0.000912094,0.000138453,-1.06243e-25
0,2.07595e+09,-2.46281e+07,3.32337e+08,-4.6474e+09,1.97228e+08,-2.79541e+08,-7.02581e+08,0.000942576,0.000150896,-5.58828e-24
0,2.19643e+09,2.03613e+06,3.44875e+08,-5.84165e+09,-9.69941e+07,-6.38162e+08,7.12418e+06,0.000895723,0.000140643,4.1289e-25
0,1.57507e+09,-3.29532e+07,2.5974e+08,-3.1909e+08,2.96719e+09,4.82285e+08,-1.63609e+09,0.00101439,0.000167279,-1.44831e-24
0,2.10132e+09,-5.48329e+07,3.26906e+08,-8.60688e+09,1.17588e+09,-1.15033e+08,-4.38587e+08,0.000892982,0.000138923,-1.64697e-23
0,2.25447e+09,-7.84434e+06,3.43987e+08,-4.40955e+09,-5.75889e+07,-3.71287e+08,-1.73462e+08,0.000899795,0.000137291,-5.29137e-25
0,2.09442e+09,-4.83743e+07,3.3088e+08,-7.13857e+09,1.39778e+09,-2.19464e+08,-3.46438e+08,0.000872932,0.000137907,-7.5301e-24
0,1.62185e+09,-1.43309e+07,2.74651e+08,3.09176e+09,2.03872e+09,6.47106e+08,-1.54791e+09,0.00103326,0.000174977,3.73966e-23
0,2.123e+09,-6.7532e+07,3.07417e+08,-1.04943e+10,-3.14331e+08,2.58168e+08,-9.52771e+08,0.0010098,0.000146222,-1.08957e-22
0,1.8945e+09,-6.06642e+07,3.09374e+08,-1.75735e+10,1.53098e+08,-9.18586e+08,-6.4612e+08,0.000998866,0.000163116,-5.89488e-22
0,1.89269e+09,-7.95783e+07,3.09846e+08,-1.54566e+10,1.45766e+09,-5.28123e+08,-6.52416e+08,0.000941555,0.000154138,-3.59916e-22
0,2.18155e+09,-7.56163e+06,3.42925e+08,-4.2e+09,-7.65835e+07,-5.02763e+08,-1.81497e+08,0.000911814,0.000143331,-5.23895e-25
0,1.77986e+09,1.67378e+06,2.60244e+08,5.72681e+09,9.46967e+07,4.09858e+08,-1.38714e+09,0.00108705,0.000158944,8.34306e-23
0,2.05758e+09,-1.37997e+07,3.34091e+08,-4.3637e+09,-1.07708e+08,-4.10251e+08,-2.0375e+08,0.000881904,0.000143195,-7.78206e-25
0,1.8528e+09,5.82235e+06,2.5405e+08,7.60208e+09,-2.75192e+08,3.03991e+08,-1.26029e+09,0.00109755,0.000150492,1.52634e-22
0,1.41221e+09,-1.27977e+07,2.97643e+08,-2.10444e+09,1.42049e+08,-4.45368e+08,-1.4968e+08,0.00076658,0.000161568,-4.55268e-25
0,1.56293e+09,1.45252e+07,2.44894e+08,3.56434e+09,-1.99743e+09,-6.1541e+07,-1.04262e+09,0.00104246,0.000163343,7.685e-23
0,1.81445e+09,-6.88945e+07,2.4321e+08,8.59257e+09,-1.51233e+09,5.04884e+08,-9.37075e+08,0.00120543,0.000161576,2.69114e-22
