0,1.04216e+09,-4.73956e+06,2.34261e+08,-2.0116e+08,1.04859e+09,3.08639e+08,-9.92938e+08,0.000824981,0.000185444,9.27927e-28
0,1.49775e+09,2.26427e+07,2.47956e+08,3.61941e+09,-1.87369e+09,-2.90491e+08,6.68908e+08,0.00100268,0.000165996,4.19017e-24
0,1.99564e+09,9.15282e+06,2.77229e+08,4.46089e+09,-7.00856e+08,-1.99508e+08,-1.12094e+09,0.00105219,0.000146167,1.78144e-23
0,2.21354e+09,3.61212e+07,3.04346e+08,1.45518e+10,-3.5973e+08,-1.68523e+08,-4.44261e+08,0.00103079,0.000141727,1.23379e-22
0,2.32073e+09,7.8453e+06,3.30941e+08,2.7059e+09,-1.1414e+09,7.20733e+06,-2.77969e+08,0.000923377,0.000131676,6.50334e-25
0,2.25657e+09,2.28265e+07,3.04182e+08,9.27584e+09,-1.08484e+09,-9.51624e+07,-4.28699e+08,0.00105788,0.0001426,3.66299e-23
0,1.617e+09,3.22781e+07,1.33803e+08,8.82253e+08,-1.9925e+08,3.52989e+08,3.10708e+07,0.00120995,0.00010012,-2.94266e-25
0,2.16447e+09,-2.34883e+07,2.9495e+08,-4.7507e+09,-2.44129e+09,-2.63267e+08,-8.48006e+08,0.00106688,0.000145383,-3.14022e-23
0,2.19506e+09,1.0478e+07,3.23963e+08,-2.18002e+09,-2.31794e+08,2.43855e+07,-4.92564e+08,0.000924653,0.000136467,-2.72599e-25
0,2.18079e+09,3.12282e+06,3.02154e+08,-5.8127e+09,-1.23155e+09,-4.13112e+07,-4.84848e+08,0.00107322,0.000148698,-1.43524e-23
0,1.94626e+09,1.55343e+07,2.69451e+08,-2.48027e+09,-1.53621e+09,-3.34393e+07,1.21972e+08,0.00113872,0.00015765,-3.65314e-24
0,2.21922e+09,4.31395e+06,3.44687e+08,5.57308e+09,-3.26002e+07,5.51951e+08,-1.00918e+08,0.000900216,0.000139821,6.54292e-25
0,2.18418e+09,1.27942e+07,3.42491e+08,6.63469e+09,1.39073e+08,6.25448e+08,-1.98498e+08,0.000898614,0.000140908,3.30393e-24
0,2.1309e+09,7.14105e+07,3.08881e+08,1.22762e+10,-1.6688e+08,-2.17862e+08,-7.84363e+08,0.000962249,0.000139481,1.09697e-22
0,1.90034e+09,3.88246e+07,1.94426e+08,1.14175e+09,-3.23438e+08,-6.42384e+08,-1.66302e+08,0.00109712,0.000112248,6.11019e-26
0,2.15969e+09,3.72034e+07,3.03442e+08,1.30978e+10,-6.63305e+08,-1.61847e+08,-6.2788e+08,0.000991642,0.000139328,1.20722e-22
0,2.16723e+09,4.14947e+07,3.27568e+08,1.0499e+10,-1.38495e+08,3.0084e+08,-5.43444e+08,0.000943553,0.000142614,3.82624e-23
0,1.99786e+09,-5.18304e+07,2.95317e+08,-1.02066e+10,-4.67042e+08,4.48068e+08,-9.14925e+08,0.000987527,0.000145973,-1.2113e-22
0,1.91417e+09,1.72648e+07,2.65128e+08,-5.79433e+09,-1.77236e+09,4.64595e+08,1.44258e+08,0.00113984,0.000157876,-2.77711e-23
0,2.23105e+09,1.23027e+07,3.33884e+08,4.67118e+09,-5.56223e+08,5.40632e+07,-3.6095e+08,0.000907212,0.000135767,1.68047e-24
0,2.24264e+09,1.63039e+07,3.26747e+08,7.57405e+09,1.03238e+09,1.76585e+08,-4.37744e+07,0.000946335,0.000137878,1.9105e-24
0,2.14691e+09,4.67137e+07,3.17557e+08,1.11141e+10,-8.29752e+08,3.11342e+08,-7.42211e+08,0.000975456,0.000144283,7.29923e-23
0,1.63579e+09,3.59088e+07,1.29782e+08,3.46953e+08,-1.28003e+08,-5.04143e+08,-1.01618e+08,0.00125954,9.99303e-05,8.69454e-28
0,2.21447e+09,-2.24009e+07,3.1848e+08,5.86859e+09,-1.80342e+09,-2.09738e+08,-1.15554e+08,0.000930598,0.000133836,6.86086e-24
0,2.26402e+09,-1.33457e+07,3.26366e+08,4.80936e+09,-1.06914e+09,-6.53588e+07,-5.72292e+07,0.000917582,0.000132272,1.02843e-24
0,2.04652e+09,5.94099e+07,3.25237e+08,8.67738e+09,9.92779e+08,3.45873e+08,-6.70491e+08,0.000912884,0.000145077,3.65434e-23
0,2.21532e+09,6.40891e+06,3.44127e+08,4.88816e+09,-8.7617e+07,5.15135e+08,-1.82753e+08,0.000916408,0.000142354,8.06167e-25
0,2.0352e+09,3.10526e+07,3.03918e+08,1.60875e+10,1.87106e+09,2.40345e+08,-6.28917e+07,0.0010331,0.000154273,5.61902e-23
0,2.23626e+09,7.76611e+06,3.41972e+08,4.20903e+09,1.78906e+08,4.56382e+08,-1.11928e+08,0.000890433,0.000136166,5.34565e-25
0,2.22214e+09,3.35608e+07,3.14574e+08,6.09793e+09,-6.00437e+08,-5.80902e+08,-2.69252e+08,0.00089583,0.000126817,4.03993e-24
0,2.20703e+09,2.88633e+07,3.33183e+08,5.83888e+09,-1.87901e+08,2.61606e+08,-5.34919e+08,0.000922406,0.00013925,5.09683e-24
0,2.21279e+09,2.61382e+07,3.31723e+08,6.45624e+09,-4.75726e+08,2.76568e+08,-5.17671e+08,0.000929514,0.000139345,6.47608e-24
0,2.08861e+09,7.54822e+07,2.94843e+08,1.24887e+10,2.2178e+09,-3.94237e+08,-3.4626e+08,0.00101196,0.000142856,9.48522e-24
0,2.21552e+09,2.50154e+07,3.09449e+08,8.90755e+09,-1.80456e+09,-3.43144e+08,-4.62548e+08,0.000964643,0.000134735,3.7321e-23
0,2.16814e+09,4.81245e+07,3.18949e+08,9.53061e+09,-6.6296e+08,1.04119e+08,-7.31437e+08,0.000969865,0.000142674,4.47897e-23
0,2.08932e+09,5.95777e+07,2.94909e+08,6.91694e+09,-7.56999e+08,-2.95044e+08,-5.58281e+08,0.00094478,0.000133356,1.68978e-23
0,2.21178e+09,3.44113e+07,3.21943e+08,7.03272e+09,-9.90741e+08,1.02709e+08,-6.9229e+08,0.0009782,0.000142385,1.70327e-23
0,2.20472e+09,-2.22116e+07,3.19027e+08,4.25326e+09,-1.54031e+09,-2.25131e+07,-9.59214e+07,0.000924076,0.000133716,2.2223e-24
0,1.8325e+09,-6.50575e+07,2.89523e+08,1.40962e+10,-6.91626e+08,4.52045e+07,5.64526e+08,0.000936011,0.000147884,-2.22448e-22
0,1.98457e+09,5.88732e+07,2.67489e+08,9.67142e+09,5.20724e+08,-6.65853e+08,-8.57577e+08,0.00104552,0.00014092,1.10209e-22
0,2.14544e+09,6.67944e+07,3.1163e+08,1.32002e+10,2.13273e+08,-2.16953e+08,-5.84198e+08,0.000961888,0.000139717,9.54602e-23
0,1.26786e+09,-2.84671e+06,6.98431e+07,-3.21918e+09,-4.17191e+08,-1.22593e+08,1.27423e+08,0.00152752,8.41469e-05,5.75988e-23
0,2.10748e+09,-3.22889e+07,3.19466e+08,1.23515e+10,3.4565e+08,2.63401e+08,5.00099e+08,0.000949927,0.000143997,-6.69401e-23
0,2.33411e+09,-10231,3.40617e+08,9.4791e+06,-1.7927e+07,-551086,-2.3253e+07,0.00086608,0.000126387,4.90305e-33
0,2.11605e+09,6.74353e+07,3.10615e+08,9.93685e+09,7.3402e+07,-1.15111e+08,-8.11991e+08,0.000966065,0.000141809,6.25763e-23
0,2.16872e+09,7.48469e+07,2.80648e+08,-5.33697e+08,7.26732e+08,-4.68736e+08,1.20754e+08,0.000974734,0.000126137,1.23931e-26
0,1.97689e+09,9.51937e+07,3.0796e+08,1.09731e+10,1.87643e+09,-1.87034e+08,-8.65355e+08,0.000932868,0.000145322,9.07069e-23
0,2.15087e+09,3.29474e+07,3.32052e+08,7.93037e+09,2.75709e+08,4.96419e+08,-4.75076e+08,0.000934011,0.000144193,1.62357e-23
0,2.16085e+09,4.97756e+07,3.21894e+08,1.06581e+10,-8.95639e+07,1.63782e+08,-6.17987e+08,0.000942323,0.000140374,4.66961e-23
0,2.22652e+09,9.51924e+06,3.41798e+08,3.91671e+09,1.30074e+08,4.8274e+08,-1.3903e+08,0.000900458,0.000138231,5.01457e-25
0,2.17002e+09,3.16621e+07,3.24434e+08,5.51897e+09,2.7953e+08,-2.18861e+08,-3.24025e+08,0.000890693,0.000133165,2.28589e-24
0,1.69542e+09,-5.99486e+07,2.79504e+08,-1.41064e+09,1.82728e+08,8.41856e+08,-5.43374e+07,0.00088007,0.000145087,1.46318e-26
0,2.1335e+09,3.45907e+07,3.312e+08,7.67825e+09,2.57287e+08,5.35763e+08,-5.21735e+08,0.000940817,0.00014605,1.73338e-23
0,2.03947e+09,4.32182e+07,3.10108e+08,7.69405e+09,-8.78532e+08,5.87883e+08,-1.07124e+09,0.00102247,0.00015547,5.04984e-23
0,2.25615e+09,6.63539e+06,3.39903e+08,1.86445e+09,-2.80205e+08,7.59014e+07,-2.60338e+08,0.000933407,0.000140624,7.85677e-26
0,2.20021e+09,4.90339e+06,3.43926e+08,3.12792e+09,-1.19491e+08,4.239e+08,-2.19885e+08,0.000934852,0.000146131,2.45518e-25
0,2.06905e+09,4.93577e+07,3.22717e+08,9.9446e+09,-8.52929e+07,3.92304e+08,-7.81653e+08,0.000973859,0.000151896,6.92865e-23
0,2.15686e+09,2.81147e+07,3.14791e+08,6.09073e+09,-1.84006e+09,1.87055e+08,-9.17427e+08,0.00105371,0.000153788,3.3595e-23
0,2.19306e+09,2.93278e+07,3.21373e+08,7.86609e+09,-1.1162e+09,3.27259e+08,-5.35315e+08,0.00097055,0.000142225,1.52777e-23
0,2.14092e+09,-1.3558e+07,3.39487e+08,5.04095e+09,2.56726e+07,6.17829e+08,3.31919e+08,0.000946563,0.000150097,-2.61841e-24
0,2.12815e+09,6.63042e+07,3.17368e+08,8.01992e+09,9.9865e+08,-3.105e+08,-5.26783e+08,0.00091688,0.000136733,1.25254e-23
0,2.2414e+09,4.10053e+07,3.08154e+08,6.55075e+09,-1.39869e+09,-2.71021e+08,-5.63663e+08,0.000974491,0.000133975,1.58121e-23
0,2.14129e+09,3.56553e+07,3.27636e+08,6.89371e+09,-6.80251e+07,4.51861e+08,-6.28774e+08,0.000962054,0.000147203,1.43998e-23
0,2.15019e+09,6.55054e+07,3.11586e+08,8.582e+09,3.37231e+08,-3.95653e+08,-6.26712e+08,0.000938226,0.00013596,2.31548e-23
0,2.12609e+09,6.46627e+07,3.07172e+08,1.15604e+10,-5.87984e+08,-2.03575e+08,-8.86107e+08,0.00100925,0.000145814,1.36963e-22
0,2.08078e+09,4.52844e+07,3.21769e+08,9.15414e+09,-1.93505e+08,5.64491e+08,-7.53195e+08,0.000969002,0.000149845,4.70681e-23
0,2.10651e+09,2.75589e+07,3.14972e+08,5.65372e+09,-1.40301e+09,1.74313e+08,-8.37504e+08,0.00101879,0.000152333,1.96387e-23
0,2.08663e+09,1.01868e+07,3.1188e+08,5.09126e+09,-1.77322e+09,4.90395e+08,-1.01189e+09,0.00105999,0.000158432,2.2819e-23
0,2.22355e+09,7.50643e+06,3.43037e+08,3.38187e+09,3.05958e+07,4.47226e+08,-1.17544e+08,0.000911619,0.00014064,2.26286e-25
0,1.67961e+09,6.03192e+07,2.7196e+08,7.72057e+08,-9.86131e+08,7.23811e+07,2.57081e+08,0.00102112,0.000165338,2.52792e-25
0,2.0959e+09,6.40499e+07,3.19492e+08,8.9003e+09,9.90139e+08,-6.70297e+07,-5.95167e+08,0.000918632,0.000140033,2.59106e-23
0,2.08055e+09,5.11049e+07,3.20095e+08,4.73167e+09,1.00654e+09,-1.62585e+08,-5.57984e+08,0.000910316,0.000140053,2.97018e-24
0,2.18508e+09,2.65241e+07,3.28476e+08,3.49589e+09,-3.71556e+08,6.09186e+07,-7.16283e+08,0.00096014,0.000144334,1.95958e-24
0,1.7831e+09,-3.61087e+07,2.89793e+08,1.48327e+10,-1.156e+09,-5.86766e+07,1.28904e+08,0.000918271,0.000149239,-4.90071e-23
0,2.20132e+09,-2.77727e+07,2.96e+08,1.6377e+09,-2.48307e+09,-2.89845e+08,-3.40908e+08,0.00102374,0.000137656,4.21875e-24
0,2.17711e+09,4.59862e+06,3.42814e+08,1.56486e+09,-1.4634e+08,2.95977e+08,-3.35889e+08,0.000943842,0.00014862,4.26422e-26
0,2.1721e+09,-1.23281e+07,3.18061e+08,4.32038e+09,1.15251e+08,3.93897e+08,4.41104e+08,0.000955411,0.000139901,-2.06566e-24
0,2.13914e+09,2.33791e+07,3.15659e+08,7.31428e+08,-9.79413e+08,-9.8646e+06,-8.96812e+08,0.00100811,0.000148761,2.78792e-25
0,1.99756e+09,4.96409e+07,2.84498e+08,1.71618e+09,-9.82144e+08,-2.73231e+08,-1.17754e+09,0.00107112,0.000152552,1.73176e-24
0,2.12944e+09,3.4549e+07,3.27525e+08,5.35349e+09,-6.13006e+07,3.93787e+08,-6.9193e+08,0.000981905,0.000151025,8.36127e-24
0,2.03877e+09,2.86178e+07,3.25383e+08,8.92062e+09,-7.49925e+08,5.91433e+08,-7.15611e+08,0.00103993,0.00016597,5.5037e-23
0,2.10909e+09,3.76849e+07,3.18661e+08,7.55524e+09,-6.67175e+08,4.39961e+08,-8.72982e+08,0.00101048,0.000152672,3.29758e-23
0,2.12054e+09,3.38164e+07,3.01992e+08,5.41469e+09,1.81443e+09,2.68483e+08,3.24612e+08,0.00110826,0.00015783,-1.44251e-23
0,2.20929e+09,1.17447e+07,3.41357e+08,2.10617e+09,-1.13243e+08,3.84982e+08,-2.0303e+08,0.00092233,0.000142509,4.51432e-26
0,2.07034e+09,2.84025e+07,3.24585e+08,3.16207e+09,6.34223e+06,2.97462e+08,-9.02691e+08,0.000970448,0.000152145,2.30558e-24
0,2.11956e+09,5.98848e+07,3.1375e+08,1.04251e+10,7.01292e+07,-4.85843e+07,-6.42641e+08,0.000938518,0.000138925,4.93136e-23
0,2.23255e+09,-3.23593e+07,3.15279e+08,1.96128e+08,7.73678e+08,2.63828e+08,-5.19152e+07,0.000979148,0.000138274,-2.31389e-26
0,2.05737e+09,-2.71515e+07,3.04513e+08,1.68882e+08,-1.84964e+09,3.23211e+08,-1.07193e+09,0.00107665,0.000159356,2.9102e-24
0,2.18748e+09,-3.14535e+07,2.97154e+08,8.47001e+09,-6.05311e+08,-3.9943e+08,1.15347e+08,0.00099891,0.000135695,-1.57829e-24
0,2.14132e+09,991425,3.43636e+08,4.2086e+08,-4.51178e+07,1.60605e+08,-2.74386e+08,0.000945945,0.000151804,-2.55567e-28
0,2.11408e+09,2.0041e+07,3.31784e+08,-1.43974e+09,5.5958e+08,-2.07922e+08,-5.18665e+08,0.00092174,0.000144658,-1.50291e-25
0,1.62928e+09,-2.24074e+07,2.54877e+08,7.46442e+09,-1.39952e+09,-3.53048e+08,1.94257e+08,0.00102887,0.000160952,1.00424e-23
0,1.91826e+09,-3.43269e+07,2.87228e+08,1.82271e+10,-3.6446e+08,-8.99127e+07,7.92065e+07,0.00101456,0.000151914,-7.38433e-23
0,2.07565e+09,-1.24091e+07,3.14202e+08,-3.31562e+09,-1.63199e+09,-1.89678e+07,-1.00836e+09,0.00107614,0.000162901,-1.32614e-23
0,2.1283e+09,1.3663e+07,3.17284e+08,1.36655e+09,-1.0743e+09,4.41416e+08,-7.54695e+08,0.000995721,0.000148441,6.88063e-25
0,2.19211e+09,3.83315e+07,3.18848e+08,1.00444e+10,-7.41236e+08,3.54682e+07,-4.56522e+08,0.00100374,0.000145996,3.77989e-23
0,2.147e+09,2.82317e+07,3.22991e+08,2.90517e+09,-5.9857e+08,1.8625e+08,-8.03748e+08,0.00100343,0.000150954,1.70921e-24
0,2.06414e+09,5.07018e+07,3.19918e+08,-1.5205e+09,1.26316e+08,4.65375e+08,-2.66417e+08,0.000967571,0.000149963,-4.6955e-26
0,2.09866e+09,1.66486e+07,3.23741e+08,6.1343e+09,-1.27142e+09,2.60183e+08,-8.24735e+08,0.00106611,0.00016446,2.69847e-23
0,2.00649e+09,6.32447e+07,2.91851e+08,4.63114e+08,-5.71895e+08,1.48615e+08,-7.8736e+08,0.00110872,0.000161267,1.50322e-25
0,1.8985e+09,2.95578e+07,3.04049e+08,5.2091e+09,2.16724e+09,2.19714e+08,-8.61973e+08,0.000915268,0.000146583,1.19505e-23
0,1.99913e+09,114653,3.16093e+08,6.28688e+09,-1.02355e+09,4.45283e+08,-2.65673e+08,0.000933623,0.00014762,2.12326e-24
0,2.0539e+09,-4.31345e+07,2.91634e+08,7.76128e+08,-1.46478e+08,-2.79139e+07,4.51563e+08,0.000964743,0.000136984,-1.37923e-26
0,2.22159e+09,-3.22795e+07,3.15623e+08,-2.07254e+09,1.30642e+09,2.71543e+08,-5.46662e+07,0.000973004,0.000138235,6.43543e-25
0,2.16757e+09,3.17127e+07,3.0542e+08,-9.70941e+09,-2.34403e+09,-7.54353e+07,-4.09986e+08,0.00106654,0.00015028,-7.42368e-23
0,1.96807e+09,7.37541e+06,3.21943e+08,-2.27161e+09,-2.26527e+08,9.3521e+07,-8.82403e+08,0.00100764,0.000164832,-1.31106e-24
0,2.10116e+09,-1.09331e+06,3.44317e+08,9.09704e+07,3.56932e+07,2.45072e+07,-1.84889e+08,0.000942181,0.000154395,-3.18287e-29
0,1.74091e+09,2.11489e+07,2.83898e+08,6.32969e+09,8.02627e+08,7.56268e+07,-9.15043e+08,0.00114304,0.000186401,1.16759e-22
0,2.10775e+09,-1.09448e+07,2.99751e+08,-1.70455e+09,-2.68359e+09,-7.04576e+07,-7.44984e+08,0.0010264,0.000145968,-1.10813e-23
0,2.14805e+09,-2.53568e+07,3.14955e+08,-5.27748e+09,-1.51955e+09,-2.04211e+08,-8.37995e+08,0.00103918,0.000152368,-1.74226e-23
0,2.07333e+09,-5.78371e+07,3.06203e+08,1.14045e+10,-2.69764e+08,-4.65187e+07,5.44797e+08,0.000999593,0.000147627,-8.35908e-23
0,2.09202e+09,2.41348e+07,3.24931e+08,9.61737e+08,-4.28533e+08,2.18743e+08,-8.41313e+08,0.0010039,0.000155924,7.13132e-26
0,2.05243e+09,3.46441e+07,3.07094e+08,3.83318e+09,-8.43267e+08,2.59381e+08,-1.15198e+09,0.00103227,0.000154452,8.20378e-24
0,2.05125e+09,1.98486e+07,3.30834e+08,1.07531e+09,1.06719e+07,-2.28429e+06,-8.04322e+08,0.000966705,0.000155914,4.09892e-26
0,2.10329e+09,4.82714e+07,3.00473e+08,3.59075e+09,-7.56186e+08,-2.81335e+08,-8.72365e+08,0.000991988,0.000141714,4.7677e-24
0,2.09223e+09,1.58603e+07,2.97986e+08,4.4341e+08,-1.82743e+09,-6.05298e+07,-1.16258e+09,0.00105762,0.000150631,9.3182e-25
0,2.26468e+09,-8.69068e+06,3.28179e+08,-8.02461e+08,-3.73646e+08,-2.19017e+08,1.38758e+08,0.000881133,0.000127687,9.13552e-27
0,2.24275e+09,2.37878e+06,3.17686e+08,-9.9344e+08,-2.42495e+08,-1.18716e+08,9.96153e+07,0.000915281,0.00012965,8.43859e-27
0,2.23931e+09,2.00023e+07,3.15009e+08,-2.72662e+09,4.53067e+08,6.07716e+08,1.41306e+08,0.000952333,0.000133967,3.70288e-25
0,1.93777e+09,1.08623e+07,2.96414e+08,-2.30157e+09,-3.85441e+08,-2.92026e+07,-1.34806e+09,0.0010312,0.000157739,-2.10888e-24
0,2.1071e+09,-2.01911e+07,3.10732e+08,-1.18667e+09,-1.60631e+09,-1.40674e+08,-1.13341e+09,0.00105583,0.000155702,-3.0606e-24
0,2.31379e+09,1.21693e+07,3.35962e+08,-2.17334e+09,-9.03857e+07,1.06176e+08,-3.91045e+06,0.000890884,0.000129356,-5.62068e-27
0,2.16426e+09,3.39671e+06,3.44195e+08,3.53789e+08,-3.54491e+07,3.61424e+07,-2.00065e+08,0.000927369,0.000147485,3.26872e-28
0,1.96848e+09,-1.41153e+07,3.21966e+08,-2.2785e+09,-1.06604e+08,-2.19224e+07,-8.76742e+08,0.000999821,0.000163531,-1.20011e-24
0,2.12355e+09,-2.55069e+07,2.83962e+08,2.16088e+09,-4.14341e+08,5.43011e+08,-6.10437e+08,0.000981049,0.000131187,8.97629e-26
0,1.75344e+09,5.72925e+06,2.66322e+08,2.3501e+08,4.34344e+08,-9.59304e+07,-1.48567e+09,0.00106113,0.00016117,-1.50497e-25
0,2.16684e+09,1.16541e+07,3.36033e+08,6.77673e+08,-4.46371e+07,-3.06906e+08,-4.24326e+08,0.000923777,0.000143259,1.23987e-27
0,2.30089e+09,2.11584e+07,3.19858e+08,-4.58469e+09,9.47375e+08,1.53388e+08,1.73999e+08,0.000940209,0.000130703,1.57886e-24
0,2.04956e+09,-5.35117e+07,3.17887e+08,-9.12177e+09,3.27379e+07,-2.78947e+08,-8.24326e+08,0.00101192,0.000156949,-7.28976e-23
0,2.04023e+09,-4.76205e+07,3.19905e+08,-9.01854e+09,-6.27792e+07,-5.62906e+08,-7.14581e+08,0.000986096,0.000154618,-5.32672e-23
0,2.2593e+09,1.23993e+07,2.98763e+08,6.32799e+09,2.55902e+09,-5.93935e+07,4.07582e+08,0.00106301,0.000140569,-3.49999e-23
0,2.06961e+09,2.91318e+07,3.05944e+08,2.90077e+09,-1.34111e+09,-6.44982e+06,-9.1383e+08,0.00101288,0.000149732,5.44398e-24
0,2.05296e+09,4.36167e+06,3.12314e+08,7.29584e+09,-4.06469e+08,3.44578e+08,-4.01803e+08,0.00100559,0.000152979,1.49636e-23
0,2.28118e+09,-2.53348e+06,3.33806e+08,-9.40389e+06,-6.33759e+08,-8.34824e+07,-4.88743e+07,0.000902712,0.000132094,-3.02251e-27
0,1.85036e+09,-2.61508e+07,2.88884e+08,-1.4927e+09,1.76135e+09,4.58443e+08,-1.31915e+09,0.00101744,0.000158845,2.6281e-26
0,2.05581e+09,-1.47847e+06,3.16698e+08,2.33636e+09,-2.26055e+08,7.42386e+07,-1.10009e+09,0.000993437,0.00015304,1.17207e-24
0,2.1887e+09,5.298e+07,3.02902e+08,-6.29638e+09,-5.7371e+08,4.01635e+08,1.80906e+08,0.000972431,0.000134578,1.34521e-24
0,1.91391e+09,2.4087e+07,3.27949e+08,3.45034e+09,5.0304e+08,8.14177e+07,-9.50782e+08,0.000961588,0.000164769,5.01244e-24
0,2.13017e+09,1.81919e+07,3.08204e+08,4.03929e+08,-1.09876e+09,-2.15815e+08,-8.02873e+08,0.000989326,0.00014314,-4.20458e-26
0,2.00985e+09,9.38392e+07,3.04483e+08,1.27256e+10,1.31233e+09,-3.77212e+08,-8.68065e+08,0.000947801,0.000143588,1.44537e-22
0,2.04308e+09,-1.94495e+07,3.05888e+08,-2.75599e+09,2.69411e+08,-7.96403e+07,-8.88194e+08,0.000998961,0.000149563,-1.9598e-24
0,1.83116e+09,7.22231e+07,3.07959e+08,4.34114e+09,-2.13597e+08,6.36235e+07,-6.37691e+08,0.000953073,0.000160285,7.74781e-24
0,1.81777e+09,3.59444e+07,3.07963e+08,-4.59216e+09,-1.77574e+09,-1.22201e+08,-9.06631e+08,0.00103798,0.000175852,-4.01181e-23
0,1.78959e+09,485296,2.6886e+08,-1.09088e+10,-1.52687e+09,-1.8644e+07,5.49987e+08,0.00111951,0.00016819,2.63091e-22
0,2.24246e+09,1.43339e+07,3.28465e+08,-1.95192e+09,-8.0431e+08,1.63644e+07,9.50581e+07,0.000889268,0.000130256,-4.29202e-26
0,1.95566e+09,-2.56238e+07,3.00553e+08,-5.51095e+09,-7.43901e+08,1.41698e+07,-1.21774e+09,0.00103142,0.000158514,-3.43374e-23
0,2.01564e+09,-4.53703e+07,3.22524e+08,-1.0102e+10,1.7709e+08,-2.68179e+08,-6.45907e+08,0.000985228,0.000157647,-7.56133e-23
0,2.04869e+09,-5.66447e+07,3.1859e+08,-9.003e+09,6.62841e+08,-2.11267e+08,-7.15241e+08,0.000957533,0.000148905,-4.96644e-23
0,1.8472e+09,1.5949e+07,3.17922e+08,-1.08761e+10,-1.59381e+09,7.91041e+07,2.81097e+06,0.000954174,0.000164223,-1.87343e-23
0,2.0737e+09,5.22847e+07,2.92598e+08,3.80653e+09,-7.37661e+08,-3.9467e+08,-9.90091e+08,0.00103445,0.000145961,8.16045e-24
0,2.0481e+09,-2.76811e+07,3.15983e+08,2.74409e+09,-1.42518e+08,5.34495e+08,9.11436e+06,0.00102687,0.000158426,-3.29769e-25
0,1.86454e+09,-3.84046e+07,2.90173e+08,6.89616e+09,4.68865e+08,2.74872e+08,6.4707e+08,0.00106621,0.00016593,-4.75133e-23
0,1.89762e+09,2.45499e+07,3.03529e+08,-1.08135e+10,-1.77586e+09,-1.67236e+08,-3.99535e+08,0.000990573,0.000158445,-8.72771e-23
0,2.21828e+09,4.12468e+07,3.20831e+08,-5.88231e+09,-3.55849e+08,2.87927e+08,2.08782e+08,0.00089928,0.000130063,1.42208e-24
0,1.95155e+09,9.44148e+07,2.93225e+08,1.31998e+10,9.35357e+08,-6.82462e+08,-9.24323e+08,0.000973975,0.000146342,2.24086e-22
0,1.96445e+09,1.05721e+07,3.19281e+08,-1.96517e+08,1.45091e+08,-2.12057e+08,-1.12318e+09,0.00099125,0.000161107,4.98898e-26
0,2.25217e+09,1.75553e+06,3.08824e+08,-2.72799e+08,1.81146e+09,3.2823e+08,3.50013e+08,0.00104012,0.000142624,-3.49228e-25
0,1.86721e+09,-2.51451e+07,3.2946e+08,-1.64059e+09,6.04792e+08,1.55097e+07,-1.85747e+08,0.00101224,0.000178605,-6.52954e-26
0,1.96453e+09,3.24279e+07,3.12172e+08,6.63674e+09,-1.88139e+08,-1.41185e+08,-8.55624e+08,0.000983061,0.000156213,3.13262e-23
0,1.9835e+09,5.56748e+06,3.04985e+08,-8.06171e+08,-8.33575e+08,-1.47814e+07,-1.07757e+09,0.0010231,0.000157314,-3.51997e-25
0,2.09144e+09,-318232,3.43702e+08,4.68953e+08,-1.95307e+07,5.6075e+07,-2.76526e+08,0.000943918,0.000155121,1.25982e-27
0,1.84172e+09,1.72886e+07,2.88048e+08,3.09374e+08,8.25385e+08,-1.93606e+08,-1.56557e+09,0.0010294,0.000161,-5.98572e-26
0,1.94232e+09,-5.47932e+07,3.05058e+08,-6.7034e+09,1.65922e+09,3.49946e+08,-1.06279e+09,0.000934429,0.00014676,-2.44788e-23
0,1.92109e+09,-5.24307e+06,2.97522e+08,-1.52526e+09,1.76535e+09,4.55134e+07,-1.0436e+09,0.000962023,0.00014899,4.32453e-26
0,2.11503e+09,-4.22891e+07,3.15675e+08,-8.9613e+09,-9.78082e+08,1.73394e+08,-9.34094e+08,0.00101682,0.000151764,-7.6266e-23
0,1.9912e+09,-5.1574e+07,3.22221e+08,-7.78563e+09,1.31864e+09,-8.28871e+07,-6.10577e+08,0.000923691,0.000149474,-2.53918e-23
0,2.2846e+09,-2.91246e+06,3.34976e+08,-2.36766e+09,-3.76588e+08,-1.71674e+08,-5.88513e+07,0.000900328,0.000132009,5.09331e-27
0,2.21874e+09,-9.81172e+06,3.09378e+08,-3.12793e+09,4.61258e+08,2.6156e+08,-8.76527e+07,0.000889967,0.000124096,3.05226e-26
0,2.09884e+09,5.54822e+07,3.08099e+08,-6.24467e+09,-2.46638e+08,1.60247e+08,3.34114e+08,0.00102625,0.000150649,8.58358e-24
0,1.88951e+09,1.7756e+07,3.09376e+08,3.79111e+09,1.19676e+09,-5.06319e+06,-1.10029e+09,0.00097443,0.000159547,8.69114e-24
0,2.06295e+09,1.47629e+07,3.13766e+08,6.63653e+09,-3.79059e+08,1.1837e+08,-8.29521e+08,0.00101077,0.000153734,2.66102e-23
0,2.32291e+09,-6.69183e+06,3.36987e+08,1.21427e+09,3.31945e+07,-8.86343e+07,-1.47449e+07,0.000875743,0.000127045,4.50355e-28
0,2.08001e+09,1.2529e+07,2.92516e+08,-1.77021e+09,-1.6295e+09,-5.84435e+08,-8.77862e+08,0.00101451,0.000142672,-3.48321e-24
0,1.87332e+09,-2.12047e+07,3.20697e+08,-1.81652e+09,5.87095e+08,-2.46407e+08,-1.19244e+09,0.00101338,0.000173482,-1.26551e-24
0,2.15617e+09,-1.08991e+07,2.75771e+08,-4.09984e+09,-1.42276e+09,-7.78708e+07,-5.66228e+08,0.00103381,0.000132222,-7.24275e-24
0,1.67716e+09,-2.40016e+07,2.66244e+08,5.58681e+09,3.3674e+09,9.98141e+07,-9.4665e+08,0.00100207,0.000159075,-1.82336e-23
0,2.05203e+09,2.30642e+07,2.81405e+08,-2.2036e+08,-1.1091e+09,-5.25099e+08,-1.02078e+09,0.001044,0.000143169,-1.04732e-24
0,2.01668e+09,4.37974e+06,3.25118e+08,-7.86768e+08,-1.17672e+08,-1.54702e+08,-1.04869e+09,0.000993035,0.000160092,4.64269e-26
0,1.90116e+09,8.48972e+06,3.23384e+08,-1.15568e+09,7.18648e+08,-1.57601e+08,-9.73418e+08,0.00101055,0.000171893,-3.04529e-25
0,2.131e+09,-2.2262e+06,3.36961e+08,1.13751e+09,-5.79461e+08,-2.74207e+08,-4.6754e+08,0.00101178,0.000159985,1.23753e-25
0,1.85989e+09,4.18718e+07,2.96749e+08,1.33302e+09,1.97739e+09,-6.39017e+08,-1.0967e+09,0.000958726,0.000152967,-3.97315e-25
0,1.99999e+09,-1.28834e+07,3.16569e+08,-1.18709e+09,-3.82359e+08,-5.21861e+07,-1.22725e+09,0.00101124,0.000160065,-9.00623e-26
0,2.17631e+09,3.50389e+07,3.28106e+08,-7.57758e+09,-1.59389e+09,4.22755e+06,1.45893e+07,0.000912118,0.000137514,-2.85977e-24
0,1.88633e+09,-7.92462e+06,2.94757e+08,4.12745e+08,4.12613e+08,5.56022e+08,-1.23274e+09,0.00102542,0.000160232,-2.2736e-25
0,2.11455e+09,1.85486e+07,3.35197e+08,1.18121e+09,-8.69739e+07,-4.91051e+07,-4.60368e+08,0.000921532,0.000146081,4.18874e-26
0,1.86173e+09,-1.53567e+07,2.79851e+08,1.08337e+10,-1.40332e+09,-1.13848e+08,4.30598e+08,0.000954493,0.000143478,-6.51121e-23
0,1.84181e+09,6.46492e+07,2.57678e+08,4.2299e+09,-2.66226e+08,-5.32444e+08,-1.40997e+09,0.00110369,0.000154412,2.97502e-23
0,2.10367e+09,-1.89028e+07,2.99357e+08,-3.73701e+09,-1.87399e+09,-3.92662e+08,-9.26549e+08,0.00102336,0.000145627,-1.18781e-23
0,1.87933e+09,2.6865e+07,2.75801e+08,1.02798e+10,-2.42606e+09,-4.0284e+08,-9.28532e+08,0.00108513,0.000159248,4.39264e-22
0,1.97616e+09,-1.2821e+07,2.87066e+08,-2.73919e+09,-1.07798e+09,-3.06363e+08,-1.09259e+09,0.00106163,0.000154217,-5.50392e-24
0,2.18147e+09,-7.32961e+06,3.35406e+08,-1.58283e+09,-7.58645e+08,-3.25507e+08,-5.40833e+08,0.0010132,0.000155782,-2.59214e-25
0,1.90158e+09,-3.18819e+07,2.9423e+08,-3.80141e+09,1.17367e+09,3.47709e+08,-1.19694e+09,0.00098847,0.000152945,-7.52855e-24
0,1.93716e+09,1.81197e+06,3.05746e+08,3.54596e+09,-1.15756e+09,2.34249e+07,-9.83843e+08,0.00100898,0.00015925,9.94309e-24
0,2.1525e+09,2.51617e+06,3.44388e+08,-6.61186e+08,-1.09231e+07,-6.97238e+07,-1.71821e+08,0.000923126,0.000147695,-2.52056e-27
0,1.9172e+09,-1.62377e+07,2.92167e+08,1.57751e+09,6.28667e+08,6.0327e+08,-1.25852e+09,0.0010267,0.000156462,9.87555e-25
0,1.85551e+09,3.5542e+07,2.68425e+08,1.91362e+09,7.10402e+08,1.99725e+08,3.41136e+08,0.00124862,0.00018063,-1.74473e-24
0,1.96855e+09,1.36073e+06,3.00732e+08,8.9531e+08,-8.20292e+08,-3.54473e+08,-1.46427e+09,0.00106347,0.000162465,-5.12911e-25
0,2.07461e+09,1.49157e+07,3.1785e+08,2.752e+09,-1.27034e+09,6.2596e+07,-9.12572e+08,0.00103623,0.00015876,4.9228e-24
0,1.99287e+09,-3.90528e+06,2.99487e+08,-9.22811e+08,8.16137e+06,1.73945e+08,-1.08614e+09,0.00100476,0.000150995,5.28629e-26
0,2.11692e+09,-7.42608e+06,3.2981e+08,-4.03069e+09,-8.67903e+08,-3.45919e+08,-8.56734e+08,0.00102529,0.000159737,-5.41087e-24
0,1.95455e+09,1.13946e+07,2.99537e+08,-7.10617e+08,5.19378e+08,-2.8224e+08,-1.25085e+09,0.00102468,0.000157034,7.79573e-26
0,1.88832e+09,-2.61952e+07,2.77927e+08,2.55695e+09,-7.20058e+08,-7.08835e+08,6.50233e+08,0.000967804,0.000142443,-5.06225e-25
0,2.32738e+09,8.77781e+06,3.30952e+08,2.08023e+09,-1.11449e+09,-6.75889e+07,-2.78715e+08,0.000920917,0.000130954,4.21076e-25
0,1.9451e+09,-1.31475e+07,2.99631e+08,-5.4183e+08,7.40236e+08,2.92846e+08,-1.06544e+09,0.000978115,0.000150673,5.52464e-27
0,1.96648e+09,-2.77782e+07,2.98401e+08,6.79635e+08,4.75102e+08,6.80951e+08,-1.13911e+09,0.00103888,0.000157643,-1.14564e-25
0,2.08117e+09,-431539,3.42674e+08,7.41693e+08,-6.71237e+06,1.10706e+08,-3.8469e+08,0.00095004,0.000156428,8.08463e-27
0,1.81742e+09,7.7933e+06,2.81303e+08,8.10419e+09,2.34942e+09,2.73729e+08,-8.61826e+08,0.00108803,0.000168407,1.50275e-22
0,2.12264e+09,-1.23765e+06,3.25902e+08,-1.58569e+09,-8.08574e+08,-1.9361e+08,-9.4421e+08,0.00101175,0.00015534,-6.70859e-25
0,2.06036e+09,6.75787e+06,3.32364e+08,-1.68531e+09,-2.31372e+08,-3.29581e+07,-8.25491e+08,0.000993207,0.000160218,-3.35481e-25
0,1.89821e+09,-1.45797e+06,3.13152e+08,-1.12254e+09,4.87064e+08,6.44514e+07,-1.37234e+09,0.000993891,0.000163965,2.72668e-26
0,2.04067e+09,-3.03975e+07,3.19621e+08,8.89853e+08,8.41168e+08,3.79842e+08,-7.82626e+08,0.000943341,0.000147751,1.43436e-25
0,2.05743e+09,1.65303e+07,2.93805e+08,-1.30649e+09,-5.99409e+08,-3.92543e+08,4.17019e+08,0.000922879,0.000131789,1.86797e-25
0,2.15538e+09,-2.01676e+07,3.2741e+08,-6.60922e+09,-5.36564e+08,-3.048e+08,-7.60422e+08,0.000983704,0.000149428,-1.57573e-23
0,1.9731e+09,5.97336e+07,2.92285e+08,8.69341e+09,1.52028e+09,-5.43781e+08,-9.52894e+08,0.000947574,0.000140369,4.53617e-23
0,2.16025e+09,3.898e+07,3.28523e+08,-8.08421e+09,-4.31585e+08,-1.74837e+08,3.0792e+08,0.000911048,0.000138549,9.48522e-24
0,2.30189e+09,2.1691e+07,3.29161e+08,4.70423e+09,-8.20848e+08,-1.44679e+08,-3.29865e+08,0.000926377,0.000132468,2.08388e-24
0,1.71607e+09,1.50535e+07,2.7159e+08,6.55051e+09,-9.55787e+08,-1.73718e+07,-1.23625e+09,0.00118713,0.000187878,2.34851e-22
0,2.09638e+09,-1.49355e+07,3.32746e+08,-4.17473e+09,-4.25639e+08,-5.13307e+08,-7.57169e+08,0.000993725,0.000157728,-3.7764e-24
0,2.03434e+09,-1.33661e+07,3.27099e+08,-6.79314e+09,4.73826e+08,-4.28659e+08,-8.12927e+08,0.000954328,0.000153445,-2.56259e-23
0,1.7883e+09,-1.06124e+07,2.46381e+08,-1.79964e+08,2.69548e+08,3.141e+08,-1.41704e+09,0.00110542,0.000152299,4.08132e-26
0,1.87597e+09,2.64659e+07,3.0732e+08,1.65427e+09,4.16203e+08,-1.5529e+08,-1.2647e+09,0.00100453,0.000164561,4.91261e-25
0,2.12446e+09,-1.54943e+07,3.27973e+08,-6.19938e+09,-1.11873e+09,-5.50859e+08,-8.59571e+08,0.0010503,0.000162144,-1.84391e-23
0,2.06184e+09,-2.38533e+07,3.11083e+08,-4.18638e+09,-9.65084e+08,-7.30748e+07,-1.07329e+09,0.00102561,0.00015474,-1.10387e-23
0,2.14698e+09,2.6693e+06,3.44637e+08,-4.54314e+08,9.27437e+06,-8.61607e+07,-1.25785e+08,0.000917554,0.000147288,-5.782e-28
0,2.02282e+09,-4.69885e+07,3.0425e+08,-1.12874e+10,-1.02866e+09,-4.21011e+08,-7.83374e+08,0.00101379,0.000152483,-1.25861e-22
0,2.04049e+09,-2.08346e+07,3.10307e+08,-6.86541e+07,-5.1817e+06,1.2645e+08,-9.47691e+08,0.000974966,0.000148267,5.89619e-27
0,2.05805e+09,-3.04131e+07,3.258e+08,4.62018e+09,-1.22117e+09,1.16129e+08,-2.19547e+08,0.000951581,0.00015064,2.89651e-24
0,2.12301e+09,-2.36539e+07,3.32049e+08,-2.10628e+08,3.73625e+08,1.70661e+07,-4.34898e+08,0.00094488,0.000147784,-1.68234e-28
0,2.0477e+09,1.0203e+07,3.32408e+08,3.54276e+09,3.59156e+08,8.18699e+07,-4.62341e+08,0.000902081,0.000146437,1.4361e-24
0,2.03139e+09,-4.38744e+07,3.05588e+08,8.05929e+08,-5.05012e+08,1.98955e+08,-9.07353e+08,0.00105908,0.000159321,1.28781e-25
0,1.82586e+09,-1.6785e+07,3.0575e+08,8.97027e+08,1.96749e+08,3.87368e+08,-9.72551e+08,0.000976244,0.000163477,-5.2742e-26
0,2.00314e+09,-3.42564e+07,3.02701e+08,-2.01686e+09,-3.71934e+07,2.98326e+08,-1.19654e+09,0.00102036,0.000154191,-8.00901e-25
0,1.8951e+09,4.00922e+07,2.57119e+08,-1.04339e+10,-5.31192e+08,3.81839e+07,8.45065e+08,0.00113891,0.000154522,2.98312e-22
0,1.83422e+09,2.50454e+06,2.52923e+08,-5.17056e+08,-3.72616e+08,1.14843e+08,-1.40724e+09,0.00113131,0.000155997,4.64233e-25
0,1.77648e+09,-2.34944e+07,2.91432e+08,-9.88897e+09,-2.89149e+08,-3.07538e+08,-1.06908e+09,0.00103054,0.00016906,-2.61353e-22
0,2.32301e+09,8.7608e+06,3.38045e+08,2.05065e+09,-4.40877e+08,-5.14146e+07,-1.53362e+08,0.000889232,0.000129401,6.88839e-26
0,2.00577e+09,-4.91708e+06,3.27669e+08,4.57353e+08,9.53791e+08,-4.46651e+07,-7.54061e+08,0.000905225,0.000147881,3.72875e-28
0,2.07671e+09,7.87733e+06,3.13666e+08,3.17969e+09,-6.81186e+08,-1.2579e+08,-9.77741e+08,0.00100555,0.000151878,3.86938e-24
0,1.82441e+09,115070,3.05198e+08,-1.20116e+09,-3.70914e+07,-7.39045e+07,-9.09135e+08,0.00101702,0.000170133,-1.40597e-25
0,2.16419e+09,-2.01834e+06,3.32426e+08,1.84652e+09,-4.13793e+08,-2.21195e+08,-5.99618e+08,0.000944148,0.000145024,2.84522e-25
0,1.99872e+09,-2.26086e+07,3.34305e+08,-7.18913e+09,4.19386e+08,-5.05141e+08,-6.98358e+08,0.000932946,0.000156044,-2.58956e-23
0,2.0054e+09,4.14424e+07,3.22638e+08,-5.98292e+09,-6.17998e+08,-1.00036e+08,-4.91435e+08,0.000989564,0.000159206,-1.21711e-23
0,2.08439e+09,-1.43348e+07,3.32565e+08,-1.84192e+09,-3.15178e+08,-2.09571e+08,-8.03817e+08,0.00101308,0.000161638,-4.15224e-25
0,2.1609e+09,2.0101e+06,3.44039e+08,-3.56226e+08,-4.22556e+06,-7.86014e+07,-2.14583e+08,0.000917746,0.000146115,-2.44215e-28
0,2.20886e+09,-1.70104e+07,3.34785e+08,-1.01115e+09,-3.3964e+07,113804,-4.18977e+08,0.000947628,0.000143627,-2.09465e-26
0,2.05506e+09,-8.15789e+06,3.27908e+08,-1.77077e+09,1.98771e+07,-2.93919e+08,-9.34945e+08,0.000971628,0.000155034,-3.14643e-25
0,2.07279e+09,-1.6224e+06,3.42863e+08,9.65665e+08,-2.13456e+07,1.29286e+08,-3.67231e+08,0.000957325,0.000158352,2.14617e-26
0,2.01682e+09,-3.34657e+07,3.01905e+08,-9.53142e+08,-2.60841e+09,-3.63735e+08,-8.40621e+08,0.00102429,0.000153329,-1.06597e-23
0,1.86698e+09,-1.1306e+07,3.19193e+08,-6.37114e+09,3.89328e+08,-2.81618e+08,-1.15116e+09,0.000979166,0.000167406,-4.81158e-23
0,2.07653e+09,-1.36952e+07,3.30191e+08,-6.02066e+09,2.16639e+07,-3.27685e+08,-7.84129e+08,0.000954211,0.00015173,-1.37279e-23
0,2.16319e+09,3.3713e+07,3.27841e+08,4.59189e+09,-3.72346e+08,5.53435e+07,-5.14916e+08,0.000924048,0.000140044,2.80926e-24
0,1.92213e+09,-1.62227e+07,3.32519e+08,-5.21422e+09,2.33875e+08,-4.31281e+08,-5.87204e+08,0.000911147,0.000157624,-8.65126e-24
0,1.96946e+09,-3.92028e+06,3.0409e+08,6.50134e+09,9.38713e+08,1.06227e+07,-6.73785e+08,0.000980163,0.00015134,2.26247e-23
0,1.91731e+09,-5.07005e+06,3.06914e+08,-1.62215e+09,1.08091e+09,-3.08554e+08,-9.17438e+08,0.000952477,0.000152468,-8.47971e-25
0,1.99136e+09,2.72781e+07,3.20149e+08,7.11089e+08,-1.06476e+09,1.21471e+08,-1.06908e+09,0.00103549,0.000166475,8.02655e-25
0,1.8137e+09,-3.86638e+07,2.62674e+08,-3.66276e+09,-7.04759e+08,3.24204e+08,-1.4909e+09,0.00111758,0.000161857,-2.64858e-23
0,1.9521e+09,-5.76923e+07,3.0124e+08,-1.98279e+09,-2.29697e+09,-2.40378e+08,-7.39803e+08,0.00101268,0.000156273,-1.2482e-23
0,2.14706e+09,-4.82862e+06,3.29159e+08,-2.11447e+09,-1.13802e+09,-4.00989e+08,-7.16842e+08,0.0010114,0.000155055,-1.23805e-24
0,1.8683e+09,7.4101e+06,3.20742e+08,-4.41848e+09,7.77339e+08,-9.37821e+07,-1.10517e+09,0.000976361,0.000167617,-1.53368e-23
0,2.14959e+09,-5.15261e+07,3.1741e+08,-1.01494e+10,-2.95464e+08,-4.21515e+07,-5.57214e+08,0.000934067,0.000137925,-3.58758e-23
0,2.317e+09,7.9777e+06,3.27525e+08,3.31566e+07,-6.95901e+08,-7.75849e+07,-5.26046e+07,0.000924998,0.000130755,-2.65818e-27
0,1.92835e+09,1.8172e+06,3.06008e+08,6.65957e+09,-1.20938e+08,7.60245e+07,-1.01211e+09,0.00104808,0.000166318,5.52076e-23
0,2.07222e+09,4.31e+07,2.95326e+08,3.11498e+09,-1.57165e+09,-1.25013e+08,-1.11522e+09,0.00105377,0.00015018,1.09049e-23
0,2.00316e+09,2.16641e+07,2.89199e+08,-8.90365e+09,-2.23402e+09,-1.23052e+07,-8.40147e+08,0.00113438,0.000163772,-2.07908e-22
0,2.1765e+09,1.56247e+06,3.44561e+08,-5.20109e+08,-4.06378e+07,-1.0511e+08,-1.42723e+08,0.00091649,0.000145089,-6.1617e-28
0,2.19698e+09,3.9441e+07,3.18933e+08,-9.70746e+09,-2.77253e+08,2.34107e+07,2.04877e+08,0.000947446,0.00013754,1.10704e-23
0,1.99969e+09,-4.41185e+07,3.13969e+08,-5.57462e+09,6.28063e+08,2.5658e+06,-9.7006e+08,0.000974054,0.000152935,-1.82579e-23
0,2.12211e+09,4.06819e+07,3.25678e+08,3.69715e+08,6.19573e+08,-1.48026e+08,-7.07325e+08,0.000942148,0.00014459,4.27676e-28
0,1.80206e+09,1.85778e+07,3.22081e+08,4.93995e+09,8.61009e+08,-2.73163e+08,-3.82185e+08,0.000934467,0.000167017,4.21101e-24
0,2.11039e+09,-4.60954e+06,3.25315e+08,-1.51041e+09,-5.28264e+08,2.67867e+07,-8.21713e+08,0.000989353,0.000152508,-3.16214e-25
0,1.93703e+09,4.86556e+06,2.69773e+08,4.29979e+09,1.06937e+09,1.04194e+08,-1.00555e+09,0.000990437,0.000137939,1.20536e-23
0,2.01401e+09,-1.53485e+07,3.29656e+08,-2.34239e+09,2.20959e+08,-2.42546e+08,-9.10227e+08,0.000978024,0.000160084,-1.16547e-24
0,1.95234e+09,-3.53212e+07,3.23126e+08,-2.22759e+09,-2.88192e+08,-5.60337e+08,-6.36873e+08,0.00100109,0.000165688,-2.85458e-25
0,2.11139e+09,-7.31996e+06,3.37116e+08,-5.41683e+09,1.13619e+08,-1.98184e+08,-5.2632e+08,0.000915179,0.000146122,-5.1856e-24
0,1.9946e+09,-5.39919e+07,3.19076e+08,-5.82094e+09,5.07536e+08,-1.83022e+08,-8.19067e+08,0.000968678,0.000154959,-1.8375e-23
0,2.02311e+09,1.32222e+07,3.36738e+08,1.00496e+09,5.6318e+08,-2.80779e+07,-5.4286e+08,0.000957872,0.000159434,4.79446e-26
0,2.32328e+09,1.49406e+07,3.22496e+08,8.41804e+08,-3.49032e+08,1.32653e+07,-1.75181e+08,0.000939208,0.000130372,9.45983e-27
0,1.96372e+09,-4.35919e+07,3.21121e+08,4.55386e+08,-1.45128e+09,-3.16672e+08,-4.60692e+08,0.000948172,0.000155051,-9.85677e-26
0,2.16412e+09,6.30055e+06,3.31498e+08,3.5352e+09,-8.37166e+08,6.79316e+07,-4.77012e+08,0.000948508,0.000145292,1.71059e-24
0,2.31507e+09,1.0462e+06,3.31569e+08,3.49042e+09,-7.82496e+08,-2.21733e+07,-1.74627e+08,0.000926415,0.000132683,5.10978e-25
0,2.14114e+09,-1.88868e+07,3.22062e+08,-5.32769e+09,-8.85532e+08,-2.49128e+08,-8.28326e+08,0.000985592,0.000148249,-9.96345e-24
0,1.87308e+09,1.73621e+07,2.86254e+08,4.53207e+09,2.5607e+09,7.20149e+07,-9.47468e+08,0.000927921,0.000141809,3.20288e-24
0,2.12781e+09,5.25676e+06,3.11417e+08,6.42629e+09,7.36636e+08,1.18403e+08,-5.65442e+08,0.00103501,0.000151479,1.75061e-23
0,2.2773e+09,1.50821e+06,3.36499e+08,-1.4058e+09,-8.05188e+08,-9.54901e+07,-4.23632e+08,0.000953192,0.000140846,-1.8024e-25
0,2.21786e+09,2.4686e+07,3.00186e+08,9.28833e+09,9.25121e+08,2.2179e+08,1.66114e+07,0.00103098,0.000139543,2.3211e-24
0,2.069e+09,1.47057e+06,3.27719e+08,1.86684e+08,-9.47707e+07,-3.07486e+08,-8.49305e+08,0.000955355,0.000151323,-1.48176e-26
0,1.84875e+09,-1.34082e+07,2.95497e+08,-1.24424e+10,-2.12116e+09,-1.32323e+08,-6.81894e+08,0.0010395,0.00016615,-3.44976e-22
0,2.01026e+09,1.74643e+07,3.35544e+08,1.6607e+09,6.03694e+08,-1.11813e+08,-4.30786e+08,0.000962256,0.000160615,1.39351e-25
0,1.91824e+09,-7.81011e+06,3.16758e+08,-1.08031e+09,9.27272e+07,-2.51723e+08,-1.33203e+09,0.00102187,0.00016874,1.95235e-25
0,2.17935e+09,954658,3.44487e+08,-7.78851e+08,-4.09063e+07,-9.60978e+07,-1.54645e+08,0.000912128,0.000144179,-3.01567e-27
0,1.79192e+09,-5.75245e+07,2.63356e+08,-1.97211e+09,-6.40934e+07,3.38016e+08,-1.27561e+09,0.00108213,0.000159039,-1.61134e-24
0,2.06059e+09,-1.21836e+07,3.3164e+08,-2.05837e+09,3.13033e+07,-2.71635e+08,-8.19698e+08,0.000970534,0.000156202,-5.31837e-25
0,2.12598e+09,9.73992e+06,3.22228e+08,3.85653e+09,-8.78593e+08,-3.901e+08,-5.86535e+08,0.00094169,0.000142729,3.58187e-24
0,2.01108e+09,-2.86761e+07,3.09367e+08,-6.25629e+09,-1.63396e+09,-3.6032e+08,-9.68429e+08,0.0010696,0.000164538,-4.54092e-23
0,2.25846e+09,3.68079e+07,2.99237e+08,-2.98022e+09,6.01976e+08,3.06219e+08,2.19594e+08,0.000973126,0.000128935,6.65484e-25
0,1.9718e+09,-2.72787e+07,3.17113e+08,4.04204e+09,-1.38923e+09,1.32465e+08,-4.79499e+08,0.000956357,0.000153805,6.0465e-24
0,2.29757e+09,2.27688e+07,3.18695e+08,2.32768e+09,-1.12998e+07,-4.571e+07,-9.956e+07,0.000932624,0.000129364,5.55437e-26
0,2.18243e+09,679130,3.44438e+08,-8.60867e+08,-2.60144e+07,-9.02991e+07,-1.61219e+08,0.000910502,0.000143698,-4.53977e-27
0,1.95204e+09,-2.49397e+07,3.10476e+08,2.50932e+09,5.85692e+08,8.34879e+07,-6.66119e+08,0.00104414,0.000166072,2.00447e-24
0,2.24352e+09,-7.21609e+06,2.92515e+08,-5.09023e+09,-4.67108e+08,3.53448e+08,-2.33878e+07,0.00100042,0.000130438,-1.06853e-24
0,1.99288e+09,1.23157e+07,2.48471e+08,-5.9639e+08,6.50047e+08,-1.36863e+08,-7.66756e+08,0.00108857,0.000135722,-4.98118e-26
0,2.05366e+09,-3.81533e+07,3.23362e+08,-5.84807e+09,4.93721e+08,-3.8508e+08,-5.51609e+08,0.000965666,0.000152051,-1.20413e-23
0,2.09128e+09,5.55401e+07,2.82321e+08,-8.82079e+09,-1.01785e+09,7.69226e+08,4.44173e+08,0.000962386,0.000129921,1.15241e-23
0,1.89481e+09,2.06758e+07,3.24748e+08,-2.82431e+09,1.51231e+09,-4.62594e+08,-5.13768e+08,0.000918183,0.000157366,-2.26136e-24
0,2.23155e+09,-2.17447e+07,3.04242e+08,6.07229e+08,3.10151e+08,-3.54989e+08,1.88919e+08,0.000910719,0.000124164,-8.97701e-28
0,2.01864e+09,-3.61968e+07,3.20045e+08,-7.21493e+09,7.27067e+08,-2.98471e+08,-8.59788e+08,0.000926982,0.000146968,-2.92137e-23
0,1.95894e+09,-1.54115e+07,3.23976e+08,4.17818e+09,5.93862e+08,-3.21016e+07,-2.80282e+08,0.000979855,0.000162052,2.36207e-24
0,2.18041e+09,-1.73418e+07,3.38077e+08,-6.63049e+09,-2.23325e+08,-5.29876e+08,-3.75066e+08,0.000912234,0.000141444,-4.57472e-24
0,1.99309e+09,1.36133e+07,3.25262e+08,1.50534e+07,-2.44946e+08,-8.53711e+07,-1.08317e+09,0.00103565,0.000169013,-1.89568e-26
0,1.84271e+09,5.78547e+07,2.59612e+08,2.1799e+09,4.14285e+08,-9.51984e+08,-1.36789e+09,0.00107393,0.000151302,9.03847e-25
0,2.04741e+09,6.31633e+06,3.35013e+08,1.83439e+09,-2.22157e+08,-5.32179e+07,-4.98599e+08,0.000982362,0.000160742,3.16587e-25
0,1.88092e+09,3.75505e+07,3.08789e+08,1.69168e+09,1.98897e+09,-5.09e+08,-1.10261e+09,0.000945497,0.000155221,-5.69409e-25
0,2.11115e+09,2.17413e+07,2.60238e+08,-4.64904e+09,-9.14172e+08,-1.40045e+08,-5.61621e+08,0.00107953,0.000133072,-8.54865e-24
0,2.00282e+09,1.94706e+07,3.31395e+08,-1.97631e+08,5.99401e+08,-1.35003e+08,-7.7152e+08,0.000935919,0.000154861,-1.74208e-28
0,2.21648e+09,-1.01624e+07,3.39885e+08,-5.9501e+09,-2.67469e+08,-4.36295e+08,-3.49413e+08,0.000922462,0.000141455,-2.92849e-24
0,2.13275e+09,1.80457e+07,3.01683e+08,1.22645e+10,2.79398e+08,-2.91963e+08,-5.06485e+08,0.00107702,0.000152348,1.17843e-22
0,1.90394e+09,1.83415e+07,2.96685e+08,7.28795e+09,4.48501e+08,-8.71087e+07,-1.4238e+09,0.00100645,0.000156832,8.73168e-23
0,1.75763e+09,4.23164e+07,2.7506e+08,-7.55281e+09,-7.54201e+08,-2.83564e+08,-1.18852e+09,0.00108968,0.000170529,-1.76588e-22
0,1.95245e+09,7.86317e+07,2.77428e+08,6.25933e+09,3.67533e+08,-1.06521e+09,-1.04299e+09,0.00103635,0.000147257,3.36812e-23
0,2.08417e+09,-2.18687e+07,2.90081e+08,-2.15989e+09,1.02354e+09,1.99562e+08,-5.36788e+08,0.000916875,0.000127614,-1.15136e-25
0,1.95931e+09,-3.62687e+06,3.16213e+08,6.40832e+09,6.06108e+08,1.47685e+08,-5.74011e+08,0.000988977,0.000159611,2.12773e-23
0,2.19198e+09,-1.59488e+07,3.07398e+08,-1.11673e+09,6.48994e+08,2.94922e+08,-2.70705e+08,0.000903945,0.000126767,1.16557e-26
0,2.08121e+09,-5.93294e+07,3.12955e+08,-1.05059e+10,-2.55634e+08,-6.29953e+07,-8.23216e+08,0.00100377,0.000150939,-9.86817e-23
0,2.02264e+09,-6.02191e+07,3.22909e+08,-9.36903e+09,1.07498e+09,-5.38592e+08,-6.52425e+08,0.000928916,0.000148299,-5.6923e-23
0,1.91896e+09,4.16304e+07,3.03068e+08,3.60447e+09,1.57436e+09,-4.52224e+08,-1.15182e+09,0.000960903,0.000151759,3.52555e-24
0,1.99465e+09,8.39919e+06,3.25204e+08,-2.07357e+09,6.52059e+08,-1.64501e+08,-9.675e+08,0.000949207,0.000154757,-9.33767e-25
0,2.20002e+09,-1.70849e+06,3.2632e+08,-2.72079e+09,-1.24274e+09,2.2161e+08,-5.36528e+08,0.000953589,0.000141442,-1.83194e-24
0,2.09831e+09,3.00305e+07,3.13694e+08,6.30644e+09,-9.62151e+08,7.25381e+06,-9.0122e+08,0.000994182,0.000148628,2.36552e-23
0,2.33034e+09,6.52669e+06,3.30258e+08,1.48232e+09,-1.21607e+09,-5.8835e+07,-2.80108e+08,0.000924165,0.000130974,3.14045e-25
0,2.14044e+09,2.23636e+07,2.95054e+08,-1.5093e+10,-8.18509e+08,2.70271e+08,8.84852e+06,0.00100482,0.000138511,-1.19715e-23
0,2.07311e+09,-5.81838e+07,3.15998e+08,-1.11611e+10,-1.05816e+07,-1.56716e+08,-7.85559e+08,0.00097249,0.000148234,-9.86287e-23
0,1.87886e+09,-4.68775e+07,2.85655e+08,-4.9584e+09,1.43529e+09,5.46683e+08,-9.78358e+08,0.00100957,0.000153492,-1.18128e-23
0,2.11347e+09,1.87933e+07,3.14537e+08,4.4417e+09,-1.46114e+09,-5.23938e+08,-7.70895e+08,0.00100143,0.000149038,1.30288e-23
0,2.051e+09,2.31736e+07,3.20458e+08,-3.85428e+09,-4.94141e+08,1.81739e+08,-5.00208e+08,0.00102149,0.000159602,-4.12859e-24
0,1.9941e+09,-4.21917e+07,3.15566e+08,-2.11331e+09,-1.17829e+09,-5.35647e+08,-9.83713e+08,0.0010173,0.000160988,-2.25556e-24
0,2.16288e+09,1.29493e+06,3.44719e+08,-3.01622e+08,2.71841e+07,-2.43582e+07,-1.19561e+08,0.000903792,0.000144046,-1.50824e-28
0,2.00186e+09,2.99772e+07,3.15903e+08,5.37856e+09,1.97233e+09,-1.78659e+08,-3.21788e+08,0.00101326,0.000159897,-5.09126e-24
0,1.98785e+09,6.55801e+06,3.05616e+08,-7.60556e+07,6.07935e+07,-2.11422e+08,7.14147e+08,0.0010161,0.000156217,-3.84718e-27
0,2.09023e+09,-2.91876e+07,3.23904e+08,-5.19592e+08,5.64315e+08,9.38844e+08,-1.82457e+08,0.000861481,0.000133496,3.33287e-27
0,1.97486e+09,-6.39825e+07,3.15909e+08,-1.02861e+10,1.3658e+09,-1.59673e+08,-7.73274e+08,0.000928987,0.000148606,-8.28714e-23
0,2.01476e+09,-2.80496e+06,3.28897e+08,5.69618e+09,6.95407e+08,2.15654e+08,-5.30095e+06,0.00101795,0.000166174,1.67226e-24
0,2.08143e+09,6.64643e+07,3.22545e+08,6.46339e+09,1.64926e+09,-1.09376e+08,-5.39841e+08,0.000887386,0.000137512,5.29154e-24
0,1.90437e+09,2.87653e+07,2.6013e+08,3.62281e+09,-1.0076e+09,-4.98112e+08,-1.36006e+09,0.00110385,0.000150782,2.11751e-23
0,1.90058e+09,2.6304e+07,3.11714e+08,-5.28815e+09,6.49496e+08,-5.71117e+08,-9.76665e+08,0.00104863,0.000171985,-3.59566e-23
0,2.26987e+09,-4.89741e+06,3.21293e+08,1.80326e+09,-1.33028e+09,-2.21792e+08,-1.56057e+08,0.00091639,0.000129712,4.76728e-25
0,2.06633e+09,-2.26223e+06,3.41135e+08,-1.26055e+09,2.16463e+08,-4.72713e+08,-2.16098e+08,0.000886436,0.000146344,-6.54847e-26
0,1.74644e+09,1.80533e+07,2.67288e+08,3.73296e+09,-1.48335e+09,-4.63617e+08,-1.13228e+09,0.00106284,0.000162665,3.71259e-23
0,2.04844e+09,5.68334e+06,3.33515e+08,-1.96306e+08,-1.39128e+08,-1.69838e+08,-6.96463e+08,0.00095272,0.000155116,2.6738e-27
0,2.1216e+09,1.96391e+07,3.35356e+08,5.67224e+09,1.00503e+08,3.1851e+08,-5.80789e+08,0.000923603,0.000145991,6.71412e-24
0,2.0657e+09,-8.85499e+06,3.34809e+08,-9.01622e+08,-4.55453e+08,1.47314e+06,-5.24705e+08,0.000984434,0.000159557,-7.06755e-26
0,1.97459e+09,4.91015e+07,3.01633e+08,2.57463e+09,-4.53508e+08,-8.78463e+07,-1.47563e+09,0.00107975,0.00016494,3.90031e-24
0,1.90894e+09,5.02856e+07,3.17258e+08,5.03893e+09,1.45494e+09,-3.88394e+08,-9.99612e+08,0.000946405,0.000157289,1.02235e-23
0,1.98525e+09,8.35448e+06,3.26915e+08,4.94182e+09,1.08744e+09,4.01296e+08,-2.16027e+08,0.001029,0.000169447,7.9217e-24
0,2.13948e+09,-1.95883e+06,3.4241e+08,4.78705e+08,1.54805e+08,-3.22453e+08,-1.42423e+08,0.000885555,0.000141727,1.16961e-29
0,1.66799e+09,2.54681e+07,2.62305e+08,4.69855e+09,-7.39723e+08,-1.08509e+08,-1.22398e+09,0.00107399,0.000168894,5.99982e-23
0,1.95365e+09,2.94452e+07,3.18579e+08,-6.32633e+09,-4.94458e+08,-6.45962e+08,-7.63793e+08,0.00103573,0.000168896,-2.4143e-23
0,2.10594e+09,1.31931e+07,3.13488e+08,-5.88182e+08,-1.12133e+09,2.82185e+08,-9.41356e+08,0.00103003,0.000153329,6.62608e-26
0,1.83006e+09,1.16914e+07,3.01224e+08,-7.96784e+07,-1.00189e+07,-5.53828e+08,-1.4051e+09,0.00102796,0.0001692,1.73132e-25
0,2.24782e+09,2.14712e+07,3.32597e+08,6.44411e+09,7.17465e+08,1.7882e+07,-4.26257e+07,0.000927139,0.000137183,4.13511e-25
0,1.88681e+09,-5.34871e+07,3.21392e+08,-2.15556e+09,-8.82494e+08,-5.87902e+08,-4.60222e+08,0.000983639,0.000167549,6.84344e-26
0,2.11589e+09,2.95547e+07,3.26229e+08,5.97334e+09,-5.64711e+08,7.22027e+07,-7.30517e+08,0.000950793,0.000146594,1.13859e-23
0,1.98509e+09,7.2072e+07,2.91097e+08,5.73003e+09,1.90258e+08,-6.87428e+08,-1.20915e+09,0.00102027,0.000149614,2.86097e-23
0,2.13237e+09,2.4014e+07,3.15665e+08,4.60637e+09,-1.0459e+09,-1.51474e+08,-7.06242e+08,0.000980308,0.00014512,7.91646e-24
0,2.0739e+09,7.26945e+07,3.14662e+08,1.00658e+10,8.63734e+08,-1.56766e+08,-7.01974e+08,0.000942294,0.000142969,5.22741e-23
0,2.00094e+09,9.15725e+06,3.15373e+08,-3.83004e+09,-1.37627e+09,-7.39211e+07,-7.44324e+08,0.000975505,0.000153752,-8.05084e-24
0,2.01055e+09,1.56847e+07,3.28213e+08,3.91752e+09,9.04648e+08,4.45161e+08,-9.7126e+07,0.00104526,0.000170634,3.48384e-24
0,2.15182e+09,8.20586e+06,3.13852e+08,-3.45883e+09,-1.34474e+09,1.18383e+08,-7.89431e+08,0.00100541,0.000146644,-5.84694e-24
0,2.13557e+09,-1.31241e+06,2.66474e+08,4.94382e+09,-4.35706e+08,-1.67494e+08,8.69708e+07,0.00102771,0.000128236,-5.08893e-25
0,2.28844e+09,4.96874e+06,3.44249e+08,1.17033e+08,-1.93138e+08,-2.22938e+07,-3.12929e+07,0.000901552,0.00013562,6.08579e-29
0,2.04298e+09,9.20027e+06,3.13232e+08,-2.75045e+09,-6.7073e+08,2.76129e+08,-9.93932e+08,0.00103261,0.000158321,-3.24711e-24
0,2.17744e+09,1.64065e+07,3.38274e+08,3.77628e+09,-2.06849e+08,3.96197e+08,-5.00516e+08,0.000957192,0.000148704,1.42357e-24
0,2.27504e+09,2.739e+07,3.20905e+08,-6.56176e+09,-6.93048e+08,5.31692e+07,-5.98986e+07,0.000977253,0.000137847,-1.54869e-24
0,1.86482e+09,2.48355e+07,2.71101e+08,-1.4266e+09,-6.61601e+08,-4.13734e+08,-1.65779e+09,0.00111589,0.000162224,-7.46502e-25
0,2.12641e+09,-5.73316e+07,3.19902e+08,8.78187e+09,-1.08424e+09,-1.08929e+08,3.88235e+08,0.000915985,0.000137803,-1.33765e-23
0,1.88864e+09,-3.17944e+07,3.16353e+08,-4.41062e+08,2.93676e+08,-2.41075e+08,-6.23245e+08,0.000986036,0.000165164,-9.07559e-28
0,2.18053e+09,1.55926e+06,3.44956e+08,6.30241e+08,5.07395e+06,3.00601e+07,-6.42175e+07,0.000906395,0.00014339,7.94083e-28
0,2.04898e+09,-1.35607e+07,3.34032e+08,-1.67604e+09,-2.24754e+08,8.68052e+07,-5.96208e+08,0.000975022,0.000158951,-2.66242e-25
0,1.75663e+09,5.24663e+07,3.10339e+08,-1.47626e+09,2.13309e+08,-8.99762e+08,-9.19232e+08,0.000967285,0.000170888,-5.99416e-26
0,2.04606e+09,1.35518e+07,3.30699e+08,2.40161e+09,-9.05384e+07,1.71465e+08,-8.15845e+08,0.000963927,0.000155797,8.90937e-25
0,2.26984e+09,5.18567e+06,3.4416e+08,-1.01269e+09,-2.65553e+08,-9.70378e+07,1.18565e+07,0.000896905,0.000135991,2.57349e-27
0,1.95763e+09,6.38957e+07,3.0908e+08,-2.97285e+09,-9.12318e+08,1.95352e+08,-7.94314e+08,0.00107091,0.000169081,-6.29042e-24
0,2.29382e+09,-4.06279e+06,3.07364e+08,1.14576e+09,1.94481e+09,-3.70592e+07,4.29454e+08,0.00101195,0.000135598,-1.47323e-24
0,2.16334e+09,-4.82548e+07,3.18406e+08,8.51272e+09,-1.19771e+08,-5.48163e+07,4.3803e+08,0.000947948,0.000139522,-1.73302e-23
0,2.0833e+09,3.70527e+07,3.14245e+08,4.40442e+09,-7.69347e+08,-2.77001e+08,-1.0194e+09,0.00101731,0.000153451,1.13585e-23
0,2.03745e+09,4.2755e+07,3.06969e+08,-4.82479e+09,-7.09651e+08,-9.85229e+07,-5.83598e+08,0.00103775,0.000156351,-9.2517e-24
0,2.20813e+09,2.71011e+06,3.41234e+08,1.14412e+08,-3.29722e+08,5.91428e+07,-3.3492e+08,0.000975101,0.000150688,2.71669e-27
0,2.00877e+09,3.3209e+07,3.17411e+08,2.37108e+09,-2.05922e+08,-1.01505e+08,-6.66858e+08,0.000936076,0.000147912,7.60877e-25
0,1.968e+09,-2.44566e+07,3.08428e+08,-4.78755e+09,-4.72171e+06,1.05727e+08,-1.12782e+09,0.00101264,0.000158702,-1.68437e-23
0,1.77971e+09,7.69702e+06,2.45642e+08,5.99527e+09,2.6109e+08,2.06411e+08,-1.27929e+09,0.0011853,0.0001636,1.41273e-22
0,2.01283e+09,-1.76976e+07,3.29571e+08,-2.33493e+09,6.54635e+08,-1.52107e+08,-8.28821e+08,0.000953234,0.000156078,-1.15274e-24
0,1.91177e+09,-9.48091e+06,2.97129e+08,-3.00076e+09,-3.45203e+08,-2.06394e+08,-1.42126e+09,0.00102542,0.000159372,-5.23114e-24
0,2.04475e+09,-1.72736e+07,3.35731e+08,-2.0131e+09,4.5752e+07,1.10659e+08,-4.48954e+08,0.000970032,0.000159271,-3.26916e-25
0,2.05231e+09,1.72702e+06,3.33418e+08,2.65257e+09,-1.70606e+08,6.18115e+07,-7.41365e+08,0.000971496,0.000157829,1.20971e-24
0,1.84179e+09,-1.1939e+07,2.96055e+08,5.70892e+08,1.44215e+08,-4.30177e+08,-1.65769e+09,0.00107139,0.000172219,-5.52951e-25
0,1.92065e+09,-8.34339e+06,2.98173e+08,1.04849e+10,-1.21009e+09,-1.91559e+08,1.14785e+08,0.000894537,0.000138873,-2.40567e-24
0,1.8689e+09,-2.30734e+06,2.99336e+08,5.55423e+09,-2.12037e+09,5.11786e+07,-9.67054e+08,0.00109351,0.000175144,9.10304e-23
0,2.04295e+09,1.2536e+07,3.09027e+08,5.71856e+09,6.02639e+08,1.03027e+08,-8.59828e+08,0.000940214,0.000142222,1.37221e-23
0,1.79744e+09,-1.28499e+06,2.70533e+08,-7.36278e+08,5.67724e+08,-7.37763e+07,-1.76101e+09,0.00109038,0.000164114,8.06038e-25
0,2.19174e+09,2.00226e+06,3.44536e+08,4.76445e+08,-2.01251e+07,4.1842e+07,-1.48682e+08,0.00091116,0.000143232,6.75888e-28
0,2.11204e+09,4.34976e+07,3.2213e+08,8.28646e+09,3.16947e+08,7.90886e+07,-7.49881e+08,0.000932232,0.000142185,2.87935e-23
0,1.96252e+09,-1.16895e+07,3.30287e+08,4.57597e+08,-4.93269e+08,8.23875e+07,-3.03568e+07,0.000864837,0.00014555,8.00623e-27
0,1.85117e+09,4.59857e+07,3.17643e+08,-3.82078e+09,-1.77361e+09,-3.93676e+07,-7.03183e+08,0.00103083,0.00017688,-2.22806e-23
0,1.93526e+09,4.58856e+07,3.07794e+08,1.92472e+09,1.19391e+08,-4.96659e+08,-1.10773e+09,0.000992666,0.000157879,5.49868e-25
0,2.04258e+09,3.70466e+07,3.16326e+08,2.28289e+09,1.0858e+08,-6.71657e+07,-9.82139e+08,0.00100284,0.000155307,1.08124e-24
0,2.25465e+09,-2.27983e+07,3.19867e+08,-6.17082e+09,-1.70528e+09,3.21588e+07,-5.93838e+08,0.000990606,0.000140537,-1.55035e-23
0,2.03413e+09,5.40309e+07,2.97872e+08,6.56146e+09,-8.71466e+08,-2.65823e+08,-1.10527e+09,0.00102548,0.000150169,4.58394e-23
0,2.25806e+09,-1.63922e+07,3.21825e+08,2.2808e+09,-1.41031e+09,-2.8012e+08,-2.75779e+08,0.000920511,0.000131194,9.46207e-25
0,2.32065e+09,1.2039e+07,3.32522e+08,2.44587e+09,-8.35437e+08,-9.04923e+07,-2.22502e+08,0.000909064,0.000130258,3.02986e-25
0,1.99602e+09,4.11746e+07,3.1645e+08,-3.41301e+09,-4.68652e+08,1.95454e+08,-7.27056e+08,0.00106115,0.000168235,-5.45452e-24
0,1.98848e+09,-1.3827e+07,2.97456e+08,4.12666e+09,-2.2513e+09,5.42598e+06,-9.9222e+08,0.00112803,0.000168742,5.21426e-23
0,1.97816e+09,-1.65544e+07,3.08499e+08,-8.94744e+08,-6.09785e+08,-4.10754e+08,-1.3964e+09,0.00108197,0.000168735,-2.50852e-25
0,2.13386e+09,-1.25186e+07,3.29757e+08,-3.81051e+09,-2.57439e+08,-2.39766e+08,-7.75814e+08,0.000955756,0.000147698,-2.77549e-24
0,1.92712e+09,4.31457e+07,3.09482e+08,3.20931e+09,3.66964e+07,-2.13956e+08,-1.23465e+09,0.00101952,0.000163727,5.65069e-24
0,1.9934e+09,-740435,2.96545e+08,1.38335e+10,2.92183e+08,-1.5752e+08,1.69415e+08,0.000963711,0.000143365,-5.02128e-23
0,1.88311e+09,3.38669e+07,2.76575e+08,6.63427e+09,-4.57996e+08,-1.60594e+08,-9.59432e+08,0.00102818,0.00015101,5.58809e-23
0,2.10292e+09,9.90376e+06,3.34163e+08,-7.95353e+08,-2.27726e+08,-1.73242e+08,-5.97828e+08,0.000957484,0.000152148,-1.12871e-26
0,2.02952e+09,-2.13864e+07,3.35334e+08,-1.11396e+09,6.31729e+08,1.45411e+08,-5.12254e+08,0.000954367,0.000157688,-3.60749e-26
0,2.04423e+09,-3.38116e+07,3.00651e+08,-1.098e+09,-1.81847e+09,-1.10096e+08,-8.99325e+08,0.0011481,0.000168855,-6.01609e-24
0,2.05156e+09,-2.31591e+07,3.13062e+08,-4.33577e+09,-1.14727e+09,-5.27317e+08,-1.22014e+09,0.00107386,0.000163868,-1.38374e-23
0,2.0035e+09,3.30101e+07,3.10105e+08,2.82748e+09,5.07668e+08,-2.87694e+08,-1.11279e+09,0.000989812,0.000153205,2.30239e-24
0,2.17693e+09,-1.5103e+07,2.9551e+08,1.90127e+09,4.83409e+08,-8.87016e+07,1.73007e+08,0.000921194,0.000125049,-1.1935e-25
0,1.94077e+09,3.67883e+07,3.20172e+08,-5.19827e+09,-1.69545e+09,-1.54866e+08,-6.31088e+08,0.00103229,0.000170299,-2.51615e-23
0,1.92149e+09,2.57778e+06,3.25586e+08,-8.30672e+08,-5.11401e+08,-3.78733e+08,-1.0049e+09,0.00101441,0.000171887,-1.02992e-25
0,1.93274e+09,9.25298e+06,3.20387e+08,-4.44374e+09,-1.4414e+09,-1.94656e+08,-6.04666e+08,0.000976298,0.000161839,-1.05952e-23
0,1.81567e+09,1.84104e+06,2.97744e+08,4.55534e+09,1.35448e+09,3.13755e+08,-1.09755e+09,0.00097699,0.000160212,2.36734e-23
0,2.02343e+09,4.54556e+07,3.29032e+08,7.97073e+09,5.83976e+08,5.52829e+08,-7.53532e+08,0.000936972,0.000152362,3.79589e-23
0,1.79902e+09,-1.77997e+07,2.73198e+08,-5.50963e+08,-1.76271e+08,-9.67522e+07,-1.75965e+09,0.00108746,0.000165141,7.9777e-25
0,2.05853e+09,-1.18572e+07,3.40159e+08,-6.11428e+08,4.03457e+08,2.81451e+07,-3.27804e+08,0.000952797,0.000157444,-5.02198e-27
0,1.98606e+09,-1.19019e+07,3.08905e+08,1.35562e+07,-1.75462e+08,-3.52398e+08,-1.16928e+09,0.00100646,0.000156542,-3.1786e-26
0,1.85479e+09,2.14099e+07,3.09822e+08,8.78252e+08,3.81977e+08,-3.0599e+08,-1.36986e+09,0.00102575,0.00017134,-1.93055e-25
0,2.29386e+09,1.3439e+07,3.32478e+08,4.76211e+09,-1.00294e+09,1.07175e+08,-4.31042e+08,0.000944094,0.00013684,2.59425e-24
0,2.05795e+09,2.1712e+07,3.04127e+08,7.02004e+08,-1.29886e+09,-4.80148e+08,-1.13903e+09,0.00106346,0.00015716,-7.14631e-25
0,1.99849e+09,-5.7742e+07,3.0068e+08,-6.83818e+09,-5.28368e+08,-3.31129e+08,-8.92879e+08,0.00111619,0.000167934,-5.64729e-23
0,2.02881e+09,4.4776e+07,3.231e+08,1.56095e+09,8.84611e+08,-1.95806e+08,-7.8666e+08,0.000970634,0.000154579,1.86568e-25
0,2.14899e+09,-1.89712e+07,2.94378e+08,1.13342e+10,-3.13147e+07,-4.61731e+08,-1.42209e+07,0.00103228,0.000141407,2.63265e-24
0,2.15958e+09,-1.79725e+07,3.09451e+08,-3.21418e+09,-2.03702e+09,3.55072e+06,-9.28947e+08,0.00107987,0.000154737,-1.49814e-23
0,1.88494e+09,2.97963e+07,3.2622e+08,-4.29442e+09,-1.35283e+09,-2.98398e+08,-6.20136e+08,0.000999351,0.000172954,-1.04555e-23
0,2.12555e+09,3.08534e+07,3.31335e+08,8.32872e+09,-1.5833e+08,5.09122e+08,-6.86064e+08,0.000980277,0.000152808,3.09477e-23
0,2.01676e+09,1.26063e+07,3.25156e+08,1.72534e+09,-4.36326e+07,-2.39199e+07,-9.85478e+08,0.000988237,0.000159331,3.86819e-25
0,1.97376e+09,4.59096e+07,2.97133e+08,1.13974e+10,7.10303e+08,4.17379e+08,-9.05121e+08,0.0009755,0.000146853,1.71938e-22
0,2.04267e+09,-7.23326e+07,3.19981e+08,-9.30997e+09,1.54671e+09,-1.0102e+07,-5.88324e+08,0.00089101,0.000139576,-2.82537e-23
0,2.02741e+09,4.64173e+07,3.17832e+08,4.29935e+09,1.42724e+08,2.1908e+08,-1.07454e+09,0.00099207,0.000155525,9.14181e-24
0,2.10564e+09,1.82362e+06,3.37033e+08,-1.17704e+09,1.51379e+08,-3.53665e+08,-5.33314e+08,0.000932563,0.000149268,-5.42756e-26
0,1.99235e+09,3.4254e+07,2.89598e+08,4.93567e+09,-1.79175e+09,4.18524e+08,-1.15869e+09,0.00110417,0.000160496,4.08663e-23
0,1.77098e+09,2.6614e+07,3.10792e+08,2.54969e+09,9.66464e+08,-1.72685e+08,-1.4355e+09,0.00101411,0.000177967,4.64784e-24
0,1.98061e+09,1.12652e+07,3.0374e+08,7.14956e+09,-4.81124e+08,-1.93777e+07,-1.04932e+09,0.00100451,0.000154047,5.14569e-23
0,2.08742e+09,-2.22825e+07,3.11742e+08,-1.28469e+09,-1.42512e+09,-6.22208e+08,-6.79493e+08,0.00103833,0.000155068,-1.77384e-24
0,2.05791e+09,2.91196e+07,3.24917e+08,1.29727e+09,1.67757e+08,-4.26688e+08,-7.13308e+08,0.000988163,0.000156018,6.72815e-26
0,2.09523e+09,-3.35946e+06,3.42517e+08,-8.1676e+08,8.16741e+06,-1.1493e+08,-3.96314e+08,0.00095334,0.000155847,-1.19467e-26
0,2.00276e+09,-1.63282e+07,3.27245e+08,-3.49135e+09,-2.11813e+08,-2.98624e+08,-1.01458e+09,0.00100905,0.000164877,-4.75739e-24
0,2.1075e+09,-4.5267e+07,3.0693e+08,-8.33037e+09,-1.05489e+09,1.08568e+08,-9.82164e+08,0.0010421,0.000151768,-7.42876e-23
0,1.97111e+09,-1.50545e+07,3.0038e+08,-7.91462e+09,-6.66164e+07,-2.50907e+08,-1.23196e+09,0.00100582,0.000153278,-8.17862e-23
0,2.0787e+09,-3.39282e+07,3.16665e+08,-3.13458e+09,-7.73115e+08,8.82786e+07,-4.81035e+08,0.000988012,0.000150512,-2.09692e-24
0,2.02605e+09,-9.47629e+06,3.11798e+08,1.8727e+08,-3.207e+08,-4.66997e+07,-1.08943e+09,0.000998414,0.000153651,-2.89735e-26
0,2.26546e+09,1.41987e+07,3.16327e+08,-4.84124e+09,-2.10871e+08,-4.56026e+07,2.11177e+07,0.000980483,0.000136905,1.82601e-25
0,2.09612e+09,-8.81082e+07,2.78161e+08,-7.47239e+09,2.61776e+07,7.5387e+08,-6.616e+08,0.00102551,0.000136088,-2.95296e-23
0,2.04762e+09,1.79533e+07,3.26526e+08,7.36978e+08,-2.1611e+08,-6.77338e+08,-6.30364e+08,0.000986465,0.000157308,-4.2875e-26
0,1.9936e+09,-8.30768e+06,3.26691e+08,1.42236e+09,-3.17031e+08,-3.62034e+08,-5.62021e+08,0.000933856,0.000153031,1.4042e-25
0,1.95999e+09,-2.51761e+06,3.12229e+08,3.05062e+08,1.19978e+08,-2.2017e+08,-1.11192e+09,0.000990612,0.000157806,-4.25323e-26
0,2.15364e+09,5.4651e+06,2.99542e+08,4.75075e+09,-9.48466e+08,3.22126e+08,3.22901e+08,0.000954665,0.000132781,-3.64383e-24
0,1.71784e+09,-5.5733e+07,2.78128e+08,3.11643e+09,-1.52062e+09,6.23045e+07,-1.29878e+09,0.00108187,0.000175161,3.24228e-23
0,2.00843e+09,-1.74708e+07,3.28015e+08,-3.58265e+09,1.97497e+08,-4.94408e+08,-9.70452e+08,0.000986563,0.000161124,-4.98906e-24
0,2.30173e+09,-1.18113e+07,3.30384e+08,-3.8468e+09,-1.18853e+09,-5.37184e+07,-4.50837e+08,0.000947294,0.000135972,-2.03856e-24
0,2.04783e+09,4.75287e+07,2.96059e+08,-1.19045e+10,-3.03441e+08,-6.64294e+07,1.49122e+08,0.00100806,0.000145738,3.00613e-23
0,2.00831e+09,7.13442e+07,2.99704e+08,3.00403e+09,-9.75635e+08,7.19647e+07,-9.84331e+08,0.00109637,0.000163613,7.10086e-24
0,2.04998e+09,2.41259e+07,3.24952e+08,3.53649e+09,-3.64559e+08,3.99728e+08,-9.56885e+08,0.00101097,0.000160253,3.86941e-24
0,2.08889e+09,-3.56906e+07,3.2308e+08,-3.4708e+09,4.03643e+07,7.58435e+06,-7.16192e+08,0.000959538,0.000148408,-2.34545e-24
0,1.86124e+09,3.44191e+07,2.52995e+08,2.1182e+09,2.81069e+06,-3.11946e+08,-1.33677e+09,0.00109446,0.000148767,1.93909e-24
0,2.08195e+09,138234,3.25106e+08,-6.45707e+07,-4.27714e+08,-6.69947e+08,-6.9956e+08,0.000978426,0.000152785,-1.46751e-26
0,2.0282e+09,-4.0262e+07,3.10522e+08,-8.06446e+09,-6.74617e+08,-5.05449e+08,-9.62204e+08,0.00101527,0.00015544,-5.46169e-23
0,2.0185e+09,-5.06496e+07,3.08383e+08,-9.70365e+09,-1.39988e+08,3.06253e+08,-9.8176e+08,0.000994695,0.000151968,-1.04276e-22
0,2.13596e+09,-6.21751e+07,3.04341e+08,-6.91208e+09,-3.09925e+08,2.19292e+08,-6.56695e+08,0.000981494,0.000139848,-1.84322e-23
0,2.20138e+09,-1.44292e+06,2.86966e+08,-5.28748e+09,7.12677e+08,-2.99629e+08,1.41061e+07,0.00108113,0.000140933,-1.56027e-24
0,2.06757e+09,5.47007e+07,2.96479e+08,1.1055e+10,5.70471e+08,-4.62765e+07,-7.29153e+08,0.00105942,0.000151915,1.37745e-22
0,1.75481e+09,4.68264e+07,2.58774e+08,-5.06872e+09,-6.24922e+08,-9.34819e+08,-1.39446e+09,0.00117494,0.000173262,-5.47798e-23
0,2.17693e+09,1.68352e+06,3.44662e+08,3.91843e+07,-3.05165e+06,-3.37973e+07,-1.30962e+08,0.000913296,0.000144598,-4.83539e-30
0,2.30709e+09,1.98062e+07,3.25793e+08,4.16495e+09,-1.14739e+09,-1.6046e+08,-3.61608e+08,0.000934576,0.000131975,2.26651e-24
0,1.86275e+09,2.32733e+07,2.93145e+08,5.10696e+09,-1.97316e+08,-2.19218e+08,-1.60624e+09,0.0010626,0.000167223,4.71992e-23
0,2.09255e+09,2.43968e+07,3.10255e+08,-8.73151e+09,-2.0981e+09,2.29857e+08,-3.24002e+08,0.00102699,0.000152269,-5.80511e-23
0,1.94495e+09,1.63246e+07,3.25707e+08,2.81552e+09,-1.45251e+08,6.74592e+07,-1.07905e+09,0.00102764,0.000172092,3.37878e-24
0,2.10574e+09,-1.73779e+06,3.43863e+08,-1.34099e+09,-1.93383e+07,-1.24729e+08,-2.51778e+08,0.000947536,0.000154731,-4.09106e-26
0,1.8966e+09,1.17624e+06,2.97491e+08,8.87611e+08,-3.04557e+08,-4.29056e+08,-1.165e+09,0.000986664,0.000154763,-2.13701e-25
0,2.15759e+09,-2.93001e+06,3.27706e+08,-1.46975e+09,-6.36101e+08,-5.78251e+08,-5.77494e+08,0.000980977,0.000148996,5.75528e-26
0,1.8429e+09,4.36499e+07,2.7364e+08,-7.07297e+09,-2.46273e+09,-8.55418e+08,-1.25951e+09,0.00117773,0.000174873,-2.0213e-22
0,1.9234e+09,3.80408e+07,3.09516e+08,2.39269e+08,1.08901e+09,-5.25935e+08,-1.20746e+09,0.000995568,0.000160208,-5.10148e-29
0,2.1053e+09,1.36849e+07,3.01494e+08,7.0137e+08,-2.02462e+09,1.68465e+08,-1.10824e+09,0.00108219,0.000154977,4.28065e-24
0,2.02313e+09,1.8964e+07,3.12892e+08,-9.6873e+09,-2.26239e+09,6.73028e+07,-2.81401e+08,0.00098932,0.000153006,-6.2758e-23
0,2.03962e+09,401297,3.19009e+08,-2.82532e+09,-7.06596e+08,1.19041e+08,-9.64701e+08,0.000996527,0.000155863,-2.93198e-24
0,2.03158e+09,-6.59371e+07,3.03903e+08,-1.87804e+09,-2.81558e+09,-2.90931e+07,-4.62553e+08,0.00105883,0.000158389,-1.67846e-23
0,2.01668e+09,-5.12693e+06,3.29778e+08,4.01123e+09,-2.57942e+07,4.36093e+07,-4.16932e+08,0.000964247,0.000157679,2.65461e-24
0,1.8556e+09,-2.53983e+07,3.00493e+08,-5.7951e+09,1.42814e+09,-2.5386e+07,-1.0998e+09,0.000952088,0.00015418,-3.06144e-23
0,2.19032e+09,2.79711e+07,3.30327e+08,1.4074e+09,-6.64925e+08,3.47728e+08,3.53997e+07,0.000866106,0.000130619,-4.55537e-26
0,2.00124e+09,1.60328e+07,3.28365e+08,-1.97338e+09,3.22854e+08,-3.87554e+08,-9.09126e+08,0.000970575,0.000159253,-7.49233e-25
0,2.18788e+09,4.15043e+07,2.69117e+08,-7.78108e+09,1.00929e+09,1.33188e+08,3.70308e+08,0.00114201,0.000140472,3.43356e-23
0,2.28516e+09,8.64114e+06,3.28181e+08,-5.47604e+08,-3.93135e+07,-1.13638e+08,-1.35339e+08,0.000884624,0.000127044,-4.36677e-28
0,1.74085e+09,-4.46259e+06,2.71889e+08,5.66384e+09,8.74426e+08,1.10296e+08,-1.32891e+09,0.0011386,0.000177828,1.18324e-22
0,2.02706e+09,6.48642e+06,3.13225e+08,1.99249e+08,-7.81949e+08,-1.17755e+08,-1.0709e+09,0.00101681,0.000157119,-7.70043e-26
0,2.09978e+09,-2.84616e+06,3.42971e+08,-1.42692e+09,-1.00843e+07,-1.43553e+08,-3.49862e+08,0.000941892,0.000153846,-6.62826e-26
0,2.05068e+09,1.96385e+06,2.99517e+08,-2.86028e+09,-1.59813e+09,1.06394e+08,-1.1679e+09,0.00108914,0.000159077,-1.20987e-23
0,2.1043e+09,-4.84231e+06,3.39322e+08,-1.80703e+09,4.71924e+07,-2.65164e+08,-4.15342e+08,0.000897439,0.000144714,-1.30267e-25
0,1.9416e+09,-6.61163e+07,3.00174e+08,-2.88642e+09,-1.26444e+09,1.92607e+08,-5.94739e+08,0.00105069,0.000162438,-6.71828e-24
0,2.21951e+09,-1.91056e+07,3.23918e+08,-5.30894e+09,-1.09926e+09,-3.46568e+08,-6.17043e+08,0.000963752,0.000140651,-5.10255e-24
0,1.97459e+09,-554244,3.1438e+08,2.56255e+09,-1.98403e+08,8.57216e+07,-1.34923e+09,0.00103655,0.000165032,2.63805e-24
0,2.31856e+09,1.26772e+07,3.28117e+08,7.31115e+08,-3.37758e+08,-1.76258e+07,-2.00493e+08,0.000924673,0.000130857,7.37509e-27
0,2.04879e+09,-2.70216e+07,3.01976e+08,-1.63475e+09,-7.08496e+08,-3.88939e+07,-1.22677e+09,0.00102632,0.000151273,-8.31902e-25
0,2.02291e+09,3.66322e+06,3.14986e+08,-7.2575e+09,-2.41982e+09,-4.93141e+08,-8.97234e+08,0.00106666,0.000166089,-7.77991e-23
0,2.31169e+09,-5.50642e+06,3.29469e+08,4.54728e+07,-6.33884e+08,1.41122e+08,-1.95226e+08,0.000905169,0.000129007,7.62333e-27
0,2.13558e+09,-1.91116e+07,3.29161e+08,-2.85918e+09,7.36495e+07,-1.32699e+08,-6.9455e+08,0.000932904,0.00014379,-9.83034e-25
0,1.85761e+09,6.54039e+06,2.57072e+08,2.46191e+09,-2.79309e+08,8.56297e+07,-1.43131e+09,0.00112138,0.000155186,4.72508e-24
0,2.14748e+09,-3.02921e+07,2.93998e+08,1.65752e+09,-3.90053e+07,-4.96888e+08,2.08672e+08,0.000912501,0.000124925,-3.62897e-26
0,2.01685e+09,-4.43146e+07,3.25454e+08,-7.96647e+09,4.81458e+08,-1.9453e+08,-6.73041e+08,0.000924134,0.000149126,-2.89147e-23
0,2.00738e+09,2.43463e+07,3.30339e+08,1.42119e+09,-9.22733e+06,-7.29831e+08,-3.07427e+08,0.00101656,0.000167287,5.19248e-26
0,1.78252e+09,-4.80595e+07,2.95599e+08,-2.92933e+09,1.45874e+09,7.68008e+07,-7.64102e+08,0.00102313,0.000169667,-2.83867e-24
0,1.87493e+09,3.14081e+07,2.74715e+08,-3.2992e+08,-2.15651e+08,-4.42056e+08,-1.58127e+09,0.00108248,0.000158605,2.5512e-25
0,1.74568e+09,-1.5111e+07,2.71589e+08,-3.66331e+09,-2.02228e+08,-2.75844e+08,-1.53485e+09,0.00106771,0.000166111,-2.03776e-23
0,1.72628e+09,9.0041e+06,2.70849e+08,4.48263e+09,2.10998e+09,-2.73985e+08,-1.40299e+09,0.00116967,0.000183519,4.71639e-23
0,2.0532e+09,-2.82528e+06,3.19284e+08,-3.74294e+08,-4.8647e+08,-7.1163e+08,-8.97041e+08,0.00100739,0.000156654,3.32138e-26
0,2.08761e+09,-1.14661e+07,3.30266e+08,-1.72038e+09,-6.61481e+08,-5.86259e+08,-6.70838e+08,0.000962775,0.000152314,1.48476e-26
0,2.11819e+09,762547,3.25139e+08,2.4456e+09,2.70803e+08,-8.0813e+07,-5.55351e+08,0.0010049,0.000154251,7.22696e-25
0,1.96517e+09,-5.6523e+07,2.9726e+08,-7.60378e+09,-1.04586e+07,1.32897e+08,-1.19405e+09,0.00102733,0.000155398,-7.99218e-23
0,2.08902e+09,-2.37594e+06,3.44063e+08,-6.91731e+08,9.69517e+06,-8.32923e+07,-2.22885e+08,0.000933029,0.00015367,-4.55232e-27
0,2.08667e+09,-1.61389e+07,2.69406e+08,-3.00406e+09,1.48376e+09,-3.27415e+08,8.13175e+08,0.00108176,0.000139664,7.01854e-24
0,1.99111e+09,5.85559e+06,3.2209e+08,3.16345e+09,4.27333e+08,-9.21436e+07,-9.21094e+08,0.000944633,0.000152808,2.5604e-24
0,2.06063e+09,-1.21629e+07,3.31686e+08,-2.94964e+09,-6.28142e+08,-4.51141e+08,-8.92981e+08,0.00104048,0.00016748,-2.06898e-24
0,1.79587e+09,-1.57463e+07,2.91776e+08,8.3594e+09,-9.36561e+07,-4.65282e+07,-7.99199e+08,0.00104229,0.000169342,1.22126e-22
0,1.974e+09,2.00082e+07,2.92005e+08,-9.51242e+09,-1.58266e+09,2.32142e+07,-9.45538e+08,0.00109036,0.000161292,-1.97039e-22
0,1.93761e+09,-3.12114e+07,3.1882e+08,-1.5913e+09,8.02177e+08,3.10429e+08,-9.77485e+08,0.000954302,0.000157024,-2.57187e-25
0,1.99119e+09,8.55369e+06,2.65308e+08,-4.41093e+09,-6.56792e+08,1.02966e+08,6.9619e+08,0.00108366,0.000144388,1.06701e-23
0,2.11967e+09,-3.20899e+07,3.28798e+08,-7.90455e+09,-3.99841e+08,-5.22248e+08,-7.51388e+08,0.000984601,0.000152729,-2.79294e-23
0,2.32075e+09,1.39323e+07,3.29285e+08,3.15976e+09,-1.10908e+09,-1.1072e+08,-2.9854e+08,0.000925285,0.000131287,9.71106e-25
0,1.78476e+09,1.28487e+07,2.72869e+08,-9.67022e+08,-9.64116e+07,-9.80476e+07,-1.5862e+09,0.00111663,0.000170719,9.1241e-25
0,1.99736e+09,-4.70031e+06,3.06471e+08,-1.62206e+09,1.0475e+08,-1.43597e+08,-1.06814e+09,0.000988728,0.000151709,-3.11559e-25
0,1.90761e+09,-3.12903e+07,3.24719e+08,-8.27791e+09,5.40603e+08,-2.38779e+08,-9.8283e+08,0.000959443,0.000163319,-7.47641e-23
0,2.16993e+09,-5.24154e+06,3.07077e+08,2.55808e+09,-1.16448e+09,-2.58183e+08,-9.33205e+06,0.000908017,0.000128498,6.08456e-25
0,1.86312e+09,-1.1424e+07,3.0225e+08,-4.8116e+09,-2.51256e+08,-1.86741e+08,-1.39551e+09,0.00106319,0.000172479,-3.38744e-23
0,2.14608e+09,-2.42872e+07,3.26734e+08,-6.76723e+09,-9.89603e+08,-3.83341e+08,-9.64076e+08,0.00103008,0.000156826,-2.73262e-23
0,1.96586e+09,1.68453e+06,3.04036e+08,4.04448e+09,1.359e+09,-2.88741e+08,-9.41e+08,0.000931537,0.00014407,4.04852e-24
0,2.17121e+09,-1.27534e+07,3.10447e+08,-4.64892e+09,-1.23435e+09,-4.77259e+08,-7.8711e+08,0.000984878,0.000140821,-5.31111e-24
0,2.3071e+09,2.13163e+07,3.25904e+08,4.69062e+09,-1.18582e+09,-1.65782e+08,-3.81727e+08,0.000943329,0.000133256,3.32852e-24
0,2.0165e+09,-2.84755e+07,3.25515e+08,-7.65025e+09,2.0372e+08,-1.83793e+08,-8.32392e+08,0.000948993,0.000153192,-3.46401e-23
0,1.74973e+09,2.34253e+06,2.79476e+08,-5.50616e+08,-2.24138e+08,-2.37649e+08,-1.6156e+09,0.00111677,0.000178377,7.02558e-25
0,2.0681e+09,1.80997e+07,3.07932e+08,5.66679e+09,-5.43664e+08,-1.07187e+08,-6.70872e+08,0.00094019,0.00013999,1.01427e-23
0,1.83745e+09,-2.92669e+07,2.74175e+08,-4.03593e+09,2.48502e+08,-3.48754e+08,-1.51186e+09,0.00106217,0.000158492,-2.28972e-23
0,2.11593e+09,-9.33413e+06,2.96229e+08,8.22051e+09,5.26279e+08,-2.22663e+08,1.94274e+08,0.000938562,0.000131398,-9.18039e-24
0,2.33082e+09,-1.55675e+06,3.37479e+08,2.02797e+08,3.31816e+08,-2.45592e+07,-242545,0.000873669,0.000126498,-3.81464e-28
0,2.11172e+09,-2.95117e+06,3.43476e+08,1.11921e+08,489476,-2.97698e+06,-2.92411e+08,0.000933276,0.0001518,-1.61112e-28
0,2.11839e+09,3.48257e+07,3.21108e+08,-1.32775e+08,-6.60265e+08,3.61702e+08,-4.03459e+08,0.000992638,0.000150466,5.57763e-26
0,1.98686e+09,-4.07046e+07,3.25189e+08,6.46988e+07,-9.59142e+08,-3.41493e+08,-1.8628e+08,0.000935702,0.000153146,-9.78724e-26
0,1.94001e+09,2.57332e+07,3.15216e+08,3.80481e+09,1.48273e+09,-7.15101e+07,-9.62502e+08,0.00096277,0.000156432,5.36621e-24
0,1.9628e+09,-1.74611e+07,3.27498e+08,-6.46412e+09,2.02494e+08,-5.90084e+07,-7.30594e+08,0.0009325,0.00015559,-1.90481e-23
0,2.1445e+09,7.61263e+06,3.32019e+08,2.01545e+09,-4.52503e+07,-2.71693e+08,-5.46337e+08,0.000933149,0.000144474,2.51384e-25
0,1.71797e+09,3.17314e+07,2.92732e+08,-1.77433e+09,2.78247e+09,-4.96917e+08,-1.27748e+09,0.000954583,0.000162656,2.19337e-24
0,1.98611e+09,-9.66295e+06,3.0293e+08,4.42583e+09,9.36726e+07,-4.5981e+08,-5.18428e+08,0.00112306,0.000171294,9.4848e-24
0,2.00236e+09,-4.16307e+07,3.0723e+08,7.81677e+09,2.84618e+08,4.96871e+08,-6.13523e+08,0.000999764,0.000153398,3.94211e-23
0,2.03665e+09,-4.04704e+07,3.12011e+08,-3.03235e+09,4.58723e+08,4.9307e+06,-8.98285e+08,0.00097377,0.000149179,-2.39086e-24
0,2.25727e+09,-1.05479e+06,3.34273e+08,-1.80808e+09,-1.09093e+09,-1.19333e+08,-5.79623e+08,0.000986565,0.000146098,-7.0831e-25
0,2.09289e+09,1.06555e+07,3.22608e+08,2.64121e+09,3.8332e+08,-1.88609e+08,-6.89085e+08,0.000914387,0.000140948,6.92015e-25
0,1.8926e+09,-3.52758e+06,2.71066e+08,-2.56882e+09,-1.69172e+09,9.42452e+07,-1.45904e+09,0.00112192,0.000160685,-2.10493e-23
0,2.29147e+09,1.23311e+07,3.34063e+08,6.62799e+07,-4.02217e+08,-2.04999e+08,-2.78633e+07,0.000906072,0.000132092,-1.20702e-27
0,1.96358e+09,-5.47697e+07,3.30033e+08,-9.74004e+09,-7.67952e+08,-8.25068e+08,-4.43024e+08,0.000942148,0.000158353,-2.09826e-23
0,2.17285e+09,-3.8238e+07,3.08482e+08,1.24236e+10,2.34406e+08,-1.52237e+08,3.09317e+08,0.00100921,0.00014328,-5.27026e-23
0,2.05357e+09,-3.96312e+07,3.2542e+08,-8.58535e+09,1.19887e+07,-4.5449e+08,-7.443e+08,0.000966018,0.00015308,-4.28156e-23
0,2.14643e+09,5.33376e+07,3.10943e+08,7.69757e+09,-1.82392e+09,-1.88213e+07,-5.98628e+08,0.000985673,0.00014279,3.4001e-23
0,1.95859e+09,-2.32317e+07,2.81159e+08,-5.15772e+09,-1.53792e+07,9.56647e+07,-1.2225e+09,0.00102355,0.000146933,-2.46744e-23
0,1.70651e+09,6.82869e+07,2.51694e+08,-4.25492e+09,3.7664e+08,-7.66435e+08,-1.31421e+09,0.00115247,0.000169979,-5.81806e-23
0,1.9683e+09,4.25797e+07,3.25879e+08,6.09064e+07,9.09033e+08,2.58495e+08,-5.15492e+08,0.00098539,0.000163144,-1.04729e-26
0,2.0292e+09,-5.19397e+07,2.89479e+08,-7.64847e+09,-7.17678e+08,-2.13901e+08,-1.04013e+09,0.00101698,0.000145079,-5.64776e-23
0,1.98327e+09,6.61198e+07,3.0802e+08,8.31632e+09,1.42651e+09,-5.63459e+08,-8.24312e+08,0.000918275,0.000142616,2.66181e-23
0,1.95393e+09,6.93995e+07,2.98888e+08,4.58302e+09,4.90451e+08,-2.80736e+08,-1.12093e+09,0.000996407,0.000152418,1.31636e-23
0,2.0543e+09,1.57461e+07,3.23884e+08,-2.61727e+09,-1.44332e+09,2.75601e+07,-5.73842e+08,0.000974831,0.000153694,-3.3908e-24
0,2.30481e+09,1.38323e+07,3.28948e+08,5.03898e+09,-1.22742e+09,5.03683e+07,-3.59185e+08,0.000945733,0.000134977,3.17272e-24
0,1.97027e+09,-7.02789e+06,3.36018e+08,4.23337e+09,5.29977e+08,1.94559e+08,-6.03877e+08,0.000941665,0.000160596,5.14122e-24
0,2.16831e+09,-5.54983e+06,3.17581e+08,-9.30667e+08,-1.10147e+09,-3.62853e+08,-8.51785e+08,0.00100622,0.000147376,-6.59236e-25
0,2.06982e+09,-1.66588e+07,3.24662e+08,2.79539e+08,-1.01436e+09,-2.01484e+08,-4.58679e+08,0.00091338,0.000143268,-2.49298e-26
0,2.31204e+09,841147,3.1882e+08,1.7332e+09,1.96593e+09,1.06964e+08,4.49115e+08,0.000996613,0.000137428,-2.32515e-24
0,2.182e+09,884977,3.4477e+08,1.34014e+08,9.06205e+06,-5.99013e+06,-1.14117e+08,0.000905646,0.000143098,3.77424e-30
0,2.20509e+09,2.04208e+07,3.06266e+08,1.22003e+10,5.08202e+08,6.50545e+07,-3.30133e+08,0.00105024,0.000145868,6.01783e-23
0,2.32446e+09,1.07433e+07,3.32522e+08,2.48753e+09,-9.11348e+08,-7.67365e+07,-2.44347e+08,0.000910883,0.000130305,3.67174e-25
0,2.18208e+09,2.41215e+06,3.25438e+08,-3.21763e+09,-9.38799e+08,-1.08817e+08,-7.39174e+08,0.000990395,0.000147709,-2.49033e-24
0,1.92026e+09,1.17277e+07,3.27134e+08,-3.81631e+09,1.09257e+09,-4.2778e+08,-8.16066e+08,0.000919491,0.000156643,-6.82624e-24
0,2.09623e+09,-7.96982e+06,3.4219e+08,6.50111e+08,-2.30722e+08,5.839e+07,-2.22566e+08,0.000935261,0.000152672,5.62281e-27
0,2.3265e+09,9.58439e+06,3.32085e+08,2.31123e+09,-9.96039e+08,-6.79854e+07,-2.53381e+08,0.00091551,0.00013068,3.81173e-25
0,2.00976e+09,7.11792e+07,2.94055e+08,-3.16815e+09,-2.31907e+09,1.03682e+08,-7.58363e+08,0.00109631,0.000160405,-2.71235e-23
0,2.13155e+09,-3.36972e+07,3.28324e+08,-7.70601e+09,-1.85807e+08,-4.95828e+08,-6.00697e+08,0.000931353,0.000143457,-1.60408e-23
0,2.10181e+09,2.28565e+07,3.08378e+08,-1.19535e+09,-8.64209e+08,3.80351e+07,-9.26013e+08,0.00101831,0.000149406,-4.76977e-25
0,1.77926e+09,4.71497e+07,3.01212e+08,2.37134e+09,-1.50134e+08,-4.49577e+08,-3.89736e+08,0.000967992,0.000163872,1.01696e-24
0,2.02442e+09,3.82139e+07,2.9001e+08,6.58569e+09,-1.16407e+09,-4.5457e+08,-1.22127e+09,0.00103812,0.000148718,6.1871e-23
0,2.01198e+09,-488419,3.13027e+08,7.08208e+09,3.07039e+08,1.11498e+08,-1.02896e+09,0.000964952,0.000150129,3.69886e-23
0,1.96174e+09,6.6295e+06,3.13378e+08,1.69855e+08,5.02848e+08,-5.99191e+08,-9.30929e+08,0.00100472,0.000160499,2.44601e-26
0,2.09635e+09,-2.56162e+07,3.39193e+08,-6.8975e+09,3.5153e+08,-7.83368e+08,-3.89728e+08,0.000891771,0.00014429,-9.54427e-24
0,1.9553e+09,3.68724e+07,3.0544e+08,2.13898e+09,-1.05391e+09,-3.58871e+08,-9.4739e+08,0.000992301,0.000155009,2.36565e-24
0,1.96705e+09,-6.64748e+07,2.76797e+08,-4.35466e+09,-1.96897e+08,4.50431e+08,-1.17049e+09,0.00107241,0.000150907,-1.75326e-23
0,1.92228e+09,-1.3419e+06,3.20235e+08,-6.29108e+08,1.52985e+09,-2.8362e+07,-1.02611e+09,0.000939388,0.000156494,4.18217e-26
0,2.05012e+09,1.08085e+07,3.17596e+08,-3.53586e+09,-3.71689e+08,-1.13541e+08,-8.78965e+08,0.000976436,0.000151266,-3.57782e-24
0,2.12945e+09,2.18668e+07,3.19798e+08,-1.18994e+09,-1.33029e+08,1.83666e+08,-6.09835e+08,0.000929605,0.000139607,-4.881e-26
0,2.03713e+09,-792146,3.14344e+08,-5.99957e+08,-2.87235e+08,-6.09885e+08,-8.85305e+08,0.00100543,0.000155145,1.29596e-25
0,1.8122e+09,-2.73137e+07,2.78633e+08,-5.50785e+09,-2.35166e+09,-6.63773e+08,-1.25464e+09,0.0011023,0.000169483,-1.09691e-22
0,1.99356e+09,2.97523e+07,2.95632e+08,-3.43406e+09,-2.33113e+09,2.48752e+08,4.21194e+08,0.000932479,0.00013828,-5.21083e-24
0,2.05833e+09,3.43729e+07,3.11297e+08,1.37929e+09,8.2199e+07,-1.13639e+08,-8.18618e+08,0.000964434,0.000145859,1.21203e-25
0,2.0857e+09,2.18564e+07,3.15294e+08,-1.41676e+10,-1.7392e+09,-6.07391e+08,1.01396e+08,0.00101703,0.000153744,9.19665e-23
0,2.06773e+09,1.13407e+07,3.09888e+08,1.1651e+10,5.64522e+08,-1.30825e+08,-6.22988e+08,0.00103133,0.000154564,1.17977e-22
0,2.10018e+09,-5.21412e+07,3.11464e+08,-1.06047e+10,-5.01802e+08,-2.55198e+08,-6.30721e+08,0.000948843,0.000140717,-5.35425e-23
0,1.96571e+09,-1.91295e+07,3.15e+08,-6.16547e+09,-9.81774e+07,-8.34547e+07,-9.16061e+08,0.000998343,0.000159982,-2.826e-23
0,2.04739e+09,1.97061e+07,3.10342e+08,6.67535e+08,-1.32464e+08,-2.36958e+08,-7.83736e+08,0.0009817,0.000148805,-1.89013e-26
0,1.95283e+09,-6.30755e+06,2.95674e+08,-7.06408e+08,-2.87654e+09,2.21278e+08,4.48689e+08,0.000918674,0.000139094,-1.37281e-24
0,2.12002e+09,2.90182e+07,3.09366e+08,3.80797e+09,-1.51781e+09,3.90928e+07,-9.48989e+08,0.00103305,0.000150749,1.08995e-23
0,1.94533e+09,-1.43234e+07,3.23492e+08,-1.23585e+09,8.42456e+08,-2.28713e+08,-9.38413e+08,0.000929415,0.000154553,-2.7597e-25
0,1.70078e+09,1.36208e+07,2.87746e+08,1.34716e+10,2.4089e+08,-2.50711e+07,-1.41546e+08,0.00102359,0.000173176,1.08236e-22
0,1.90694e+09,-4.1603e+06,3.11924e+08,-6.53572e+09,-1.11314e+09,-3.68474e+08,-1.04278e+09,0.00103367,0.00016908,-5.07765e-23
0,1.97902e+09,2.18933e+06,3.0361e+08,-6.31537e+08,-1.50302e+09,1.02508e+08,-1.2492e+09,0.0010675,0.000163769,-9.72638e-25
0,1.89372e+09,-5.0492e+07,2.81274e+08,-8.10852e+09,1.62056e+08,7.70852e+08,-1.07214e+09,0.000992166,0.000147366,-8.33462e-23
0,2.3234e+09,2.2416e+06,3.16509e+08,7.70138e+08,-1.44324e+09,2.62002e+07,-2.79632e+08,0.000947069,0.000129016,2.85893e-25
0,1.72899e+09,-4.55427e+07,2.74505e+08,6.88514e+09,-6.21699e+08,5.01686e+08,-1.02833e+09,0.0010712,0.00017007,1.04264e-22
0,2.13902e+09,-5.5795e+06,3.08874e+08,-4.63579e+08,-1.38443e+09,-2.28373e+08,-9.6764e+08,0.00101308,0.000146288,-8.97562e-25
0,2.09801e+09,-6.18796e+06,3.4131e+08,1.26639e+09,6.41336e+07,8.12357e+07,-2.67084e+08,0.000950491,0.000154629,4.1422e-26
0,2.24623e+09,3.38328e+06,3.17384e+08,1.81091e+09,6.49087e+07,-2.16688e+06,-2.61682e+08,0.000909741,0.000128543,6.64833e-26
0,2.08399e+09,2.13918e+07,3.19571e+08,8.90644e+08,-3.59337e+08,1.91208e+08,-1.02949e+09,0.0010087,0.00015468,2.49452e-26
0,1.72975e+09,-5.30194e+07,2.65593e+08,-2.5262e+09,1.19203e+08,2.06863e+08,-1.17759e+09,0.00104757,0.000160849,-4.66057e-24
0,2.18014e+09,6.07175e+06,3.36604e+08,-7.00705e+08,-4.04738e+08,-2.60601e+08,-4.97776e+08,0.000977519,0.000150925,-1.63679e-26
0,2.0881e+09,-2.2689e+07,3.19673e+08,-6.34471e+09,-1.01667e+09,-7.04515e+08,-6.8806e+08,0.000971363,0.000148709,-8.1064e-24
0,1.94076e+09,6.36527e+07,2.91391e+08,8.10821e+09,1.34596e+09,-7.63299e+08,-1.03752e+09,0.000954872,0.000143367,4.27194e-23
0,2.16459e+09,-2.26966e+07,3.11217e+08,1.05259e+10,-1.60065e+09,-2.14479e+08,-5.20724e+07,0.000948951,0.000136437,1.67046e-23
0,2.22517e+09,3.37988e+07,3.0814e+08,5.66327e+09,-1.09108e+09,-1.5377e+08,-5.33857e+08,0.000955817,0.000132361,7.9175e-24
0,2.10026e+09,-3.93697e+07,2.92492e+08,1.26568e+10,-2.00726e+09,-5.27667e+08,-2.57409e+06,0.00098642,0.000137373,6.07832e-23
0,2.13357e+09,4.62586e+07,3.13782e+08,-1.47263e+09,-1.10797e+09,3.39877e+08,-5.39596e+08,0.00105043,0.000154485,-7.60684e-25
0,2.03919e+09,-3.98987e+07,3.17935e+08,-6.05197e+09,-3.15732e+08,-2.58834e+08,-7.34371e+08,0.000941717,0.000146825,-1.2744e-23
0,1.92254e+09,-3.68111e+07,3.25774e+08,-5.93384e+09,8.33481e+08,-4.38268e+08,-8.67177e+08,0.000981019,0.000166233,-3.0796e-23
0,2.08572e+09,-2.67243e+07,3.15261e+08,-5.18446e+09,-1.36237e+09,-2.72197e+08,-8.76278e+08,0.00102789,0.000155368,-1.64591e-23
0,2.10478e+09,-227952,3.06979e+08,1.15958e+10,-1.82232e+09,-3.93442e+08,-2.83642e+08,0.000947214,0.00013815,6.45328e-23
0,2.21161e+09,-1.75923e+07,3.2806e+08,-7.71818e+09,-1.12966e+09,-3.18545e+08,-6.43916e+08,0.000997412,0.000147951,-1.99541e-23
0,1.91343e+09,-3.43841e+07,2.95507e+08,4.89706e+09,6.05693e+08,2.02801e+08,-8.21505e+08,0.00114471,0.000176787,3.22065e-23
0,1.91382e+09,-3.82755e+07,2.97732e+08,-7.41753e+09,-4.39647e+08,2.68651e+08,-1.32232e+09,0.00103783,0.000161454,-1.02113e-22
0,1.89225e+09,4.4866e+07,3.06727e+08,4.6136e+09,-6.00202e+08,-7.31493e+08,-8.4243e+08,0.000961745,0.000155896,1.32538e-23
0,1.92479e+09,-1.45209e+07,3.27687e+08,-3.59374e+09,8.97167e+08,-2.98985e+08,-7.91384e+08,0.000955815,0.000162723,-5.79847e-24
0,1.9193e+09,5.10558e+06,3.32272e+08,-1.43561e+09,2.95825e+08,-7.09713e+06,-8.90192e+08,0.000990959,0.000171556,-2.77835e-25
0,2.0008e+09,2.12991e+07,3.23813e+08,-2.20796e+09,7.95539e+08,-3.51786e+08,-8.16363e+08,0.000933004,0.000150999,-1.19469e-24
0,1.99145e+09,-2.86578e+06,3.20542e+08,1.42372e+09,2.16242e+08,-8.09669e+07,-9.46347e+08,0.00096457,0.000155256,1.69796e-25
0,1.95709e+09,-3.50786e+07,2.92738e+08,-1.48275e+09,2.61355e+08,2.11444e+07,-9.76483e+08,0.00108115,0.000161716,-4.15198e-25
0,2.11243e+09,1.42893e+07,3.22294e+08,3.30815e+07,2.75942e+08,-1.59299e+08,-7.97785e+08,0.000942722,0.000143832,1.84955e-27
0,1.93336e+09,3.4247e+07,2.98869e+08,4.39953e+09,1.14399e+09,1.04426e+08,-1.08047e+09,0.000981267,0.000151689,1.33453e-23
0,1.97846e+09,4.80062e+07,3.04333e+08,7.51264e+09,1.03903e+09,-3.17467e+08,-1.0098e+09,0.000961388,0.000147884,4.0606e-23
0,1.91508e+09,-4.52817e+06,2.96193e+08,1.96339e+10,1.10481e+09,4.09092e+08,2.01863e+08,0.00102133,0.000157963,-1.81322e-22
0,2.14494e+09,-4.94564e+07,3.17807e+08,-9.44116e+09,-3.81453e+08,-2.51675e+07,-7.37951e+08,0.000990744,0.000146794,-5.20366e-23
0,1.91806e+09,-1.05581e+06,3.35253e+08,-3.48721e+07,1.99297e+08,-2.39023e+08,-7.36887e+08,0.000988113,0.00017271,9.65501e-27
0,2.04727e+09,2.03102e+07,3.19231e+08,-8.15163e+09,-2.32104e+09,-1.91615e+08,-4.94313e+08,0.000998286,0.000155662,-4.99516e-23
0,2.07356e+09,-3.01891e+07,3.05568e+08,1.31776e+09,-3.52063e+08,7.31321e+07,-8.51365e+08,0.000978182,0.000144149,1.50541e-25
0,2.01622e+09,-3.77054e+07,3.27294e+08,-9.23264e+09,4.11483e+08,-4.43374e+08,-7.06389e+08,0.00092398,0.00014999,-4.86666e-23
0,2.11371e+09,5.40025e+07,2.92593e+08,-7.1216e+09,-1.1589e+09,4.98799e+08,3.62461e+08,0.000932205,0.000129042,2.80371e-24
0,2.10496e+09,-3.22106e+06,3.41293e+08,-2.09932e+08,6.54004e+07,6.88291e+07,-2.87173e+08,0.00095847,0.000155404,1.51338e-28
0,2.19881e+09,1.31132e+06,3.44909e+08,-1.15697e+09,-139705,-7.41376e+07,-7.9259e+07,0.000897485,0.000140781,-5.46289e-27
0,2.08601e+09,8.03164e+07,2.79368e+08,1.17046e+10,1.59951e+09,-1.32273e+08,-4.41392e+08,0.00112472,0.000150628,1.032e-22
0,2.12733e+09,9.64482e+06,3.16553e+08,5.83553e+09,-1.07616e+09,8.0861e+06,-8.44987e+08,0.00099293,0.000147751,1.73033e-23
0,2.1113e+09,3.26784e+07,3.21502e+08,7.1491e+09,-5.90721e+08,3.99149e+08,-6.64436e+08,0.000957558,0.000145814,1.58936e-23
0,2.25177e+09,-1.8805e+07,3.05667e+08,5.02189e+09,-1.46096e+09,-3.05842e+08,-2.51103e+08,0.00102247,0.000138795,7.46347e-24
0,2.14401e+09,-4.97934e+07,3.20863e+08,-1.10554e+10,-2.9988e+08,-1.52524e+08,-6.82449e+08,0.00096478,0.000144385,-6.66888e-23
0,1.93887e+09,2.89022e+07,3.23201e+08,-2.08648e+09,9.96457e+08,-3.61887e+08,-1.03422e+09,0.000955241,0.000159234,-1.73272e-24
0,1.94939e+09,-2.00758e+07,2.89505e+08,-1.05945e+09,-1.76246e+09,1.91186e+07,-8.11725e+08,0.000995187,0.000147795,-2.698e-24
0,2.14798e+09,1.68145e+07,2.97057e+08,-1.34464e+07,-2.30727e+09,-2.91998e+07,-9.99164e+08,0.00105303,0.00014563,-3.10438e-25
0,1.97611e+09,-9.33209e+06,3.36981e+08,-7.45694e+09,-1.32086e+08,-5.63488e+08,-3.56203e+07,0.00090829,0.000154888,-1.60038e-26
0,2.08647e+09,4.60385e+07,3.15525e+08,6.34584e+09,-2.90628e+08,2.53037e+08,-8.3228e+08,0.000969055,0.000146544,1.73154e-23
0,2.04156e+09,-1.3977e+07,3.35083e+08,-8.4357e+09,-4.70298e+08,-8.48205e+08,-4.09884e+08,0.000951345,0.000156145,-1.22462e-23
0,2.23015e+09,2.75645e+07,3.29709e+08,7.34038e+09,-8.67248e+08,2.50812e+08,-6.45362e+08,0.000965572,0.000142752,1.43936e-23
0,1.71505e+09,-8.64774e+07,2.89531e+08,1.8181e+09,8.36682e+08,5.1203e+08,-9.28451e+08,0.000959842,0.000162038,2.40048e-24
0,2.13001e+09,7.2873e+06,3.16947e+08,-9.26784e+09,-1.97323e+09,-2.16126e+08,-4.11872e+08,0.000995792,0.000148175,-3.62566e-23
0,1.98401e+09,-5.58987e+07,3.21741e+08,-1.015e+10,1.0745e+09,-1.81244e+08,-7.07686e+08,0.000915059,0.000148392,-6.65904e-23
0,2.20185e+09,1.51683e+07,3.10159e+08,2.30371e+09,-2.02828e+09,5.55271e+07,-8.84674e+08,0.00103853,0.000146291,6.88965e-24
0,2.32872e+09,-1.91954e+06,3.44307e+08,1.43997e+07,-1.2895e+08,-2.90419e+07,-1.97109e+07,0.00086062,0.000127245,-4.68172e-30
0,1.89813e+09,3.76571e+07,2.91191e+08,6.97515e+09,2.41329e+09,-6.56891e+07,-8.73771e+08,0.000913364,0.000140118,1.86395e-23
0,2.28929e+09,1.8941e+07,3.12081e+08,-3.64597e+09,8.61888e+08,1.01045e+08,1.20024e+08,0.000967348,0.000131871,7.79868e-25
0,2.24848e+09,3.4064e+07,3.30207e+08,-4.48852e+09,-6.20532e+08,2.50325e+08,1.54676e+08,0.00087938,0.000129144,1.5492e-25
0,1.9566e+09,1.47536e+07,3.08579e+08,8.94479e+08,4.55802e+07,-4.31082e+08,-9.67532e+08,0.000964512,0.000152115,-4.68673e-26
0,2.03652e+09,2.85486e+06,3.26576e+08,2.53619e+08,-2.21923e+08,-2.30201e+08,-1.02761e+09,0.00099868,0.000160148,-5.33107e-26
0,2.12815e+09,3.41524e+07,3.15509e+08,5.22801e+09,-7.62292e+08,2.5643e+08,-8.55842e+08,0.00100207,0.000148562,1.05948e-23
0,1.93587e+09,1.23064e+07,2.99052e+08,2.67722e+09,5.61438e+08,4.62711e+08,-1.03834e+09,0.000975681,0.000150722,3.13808e-24
0,2.16549e+09,-9.08223e+06,3.31567e+08,-1.68296e+09,-1.70128e+08,-3.08405e+08,-6.01591e+08,0.000940419,0.000143991,-1.08188e-25
0,2.01674e+09,5.63069e+07,3.00676e+08,2.4107e+09,-3.1418e+08,-4.32229e+08,-1.07312e+09,0.00104218,0.000155378,1.84327e-24
0,2.06413e+09,-3.98985e+07,3.33202e+08,-7.18342e+09,6.56065e+08,-4.11976e+08,-5.72607e+08,0.00091395,0.000147534,-1.74787e-23
0,2.2648e+09,-2.15692e+07,3.25121e+08,-7.962e+09,-1.48363e+09,-1.06046e+08,-5.38557e+08,0.000981692,0.000140926,-1.97059e-23
0,2.06212e+09,-4.5038e+07,3.03935e+08,6.06793e+09,-9.67305e+08,6.58178e+07,3.27269e+08,0.000883869,0.000130273,-4.31553e-24
0,1.74616e+09,-2.88689e+07,2.54431e+08,-1.13335e+10,-1.45694e+08,-4.72943e+08,4.25483e+08,0.00106621,0.000155357,2.18734e-22
0,2.0413e+09,5.82196e+06,3.0342e+08,6.1609e+08,-1.17509e+09,-4.27916e+07,-1.12462e+09,0.00104839,0.000155833,5.00884e-25
0,2.19321e+09,1.14328e+06,3.44806e+08,-1.82387e+08,1.77196e+07,-5.13812e+07,-1.00942e+08,0.000892994,0.000140392,-1.77832e-29
0,2.24612e+09,2.99919e+07,2.90217e+08,-7.3087e+09,1.21906e+09,8.38354e+07,2.56096e+08,0.00106746,0.000137924,1.45445e-23
0,1.93595e+09,-2.1931e+06,3.10696e+08,5.90462e+09,2.57227e+09,2.54069e+08,-7.43262e+08,0.000903162,0.000144946,9.16114e-24
0,2.15048e+09,4.35212e+07,3.2474e+08,5.14893e+09,3.31484e+08,6.03482e+07,-4.14793e+08,0.000892577,0.000134786,2.8671e-24
0,2.29205e+09,1.78252e+07,3.24427e+08,4.68393e+09,-1.04343e+09,-2.28989e+08,-3.19741e+08,0.000928013,0.000131355,2.65066e-24
0,2.12474e+09,2.32924e+07,3.32206e+08,1.07398e+09,-1.42786e+08,2.96255e+08,-7.00561e+08,0.000978791,0.000153035,1.39651e-26
0,2.00794e+09,-5.60086e+07,3.05697e+08,-1.00319e+10,-7.44173e+08,-1.34314e+08,-9.6173e+08,0.00101894,0.000155128,-1.28636e-22
0,2.00197e+09,4.35439e+07,2.91435e+08,4.53587e+08,-6.20619e+08,-7.24345e+08,-1.12667e+09,0.00105006,0.000152862,-5.87997e-25
0,2.14614e+09,-3.1501e+07,3.17187e+08,-8.69085e+09,-1.29312e+09,-2.53265e+08,-7.82392e+08,0.00102617,0.000151662,-5.05258e-23
0,2.00651e+09,-4.28263e+07,3.28226e+08,-8.11608e+09,5.75319e+08,-2.47503e+08,-4.76156e+08,0.000902955,0.000147706,-2.09346e-23
0,2.09341e+09,2.46207e+07,3.18627e+08,7.62078e+09,1.03174e+09,1.09129e+08,-6.39074e+08,0.000931864,0.000141834,2.09474e-23
0,1.80604e+09,-4.13404e+07,2.80172e+08,5.83418e+09,1.99895e+09,3.58414e+08,-8.744e+08,0.00101358,0.000157238,4.79586e-23
0,2.08709e+09,-2.96722e+07,3.19713e+08,-9.51092e+09,-4.01815e+08,1.19028e+08,-7.95875e+08,0.000975496,0.000149432,-6.21847e-23
0,2.15139e+09,2.52327e+07,3.22051e+08,2.84802e+09,-8.24502e+08,-6.07062e+08,-6.80262e+08,0.000994024,0.0001488,2.04377e-24
0,2.14116e+09,-7.51393e+06,3.11414e+08,8.40172e+08,-1.25319e+09,-2.72339e+08,-8.06695e+08,0.000988099,0.00014371,2.01357e-25
0,2.0398e+09,5.42783e+06,3.16944e+08,1.06721e+10,-9.40198e+08,5.65509e+08,3.72194e+07,0.000960009,0.000149167,-2.10859e-23
0,2.10076e+09,3.47024e+07,3.17515e+08,2.58263e+09,-5.83076e+08,1.11745e+08,-1.01988e+09,0.00101508,0.000153422,1.846e-24
0,1.93156e+09,2.30728e+07,2.90632e+08,-9.68859e+08,-7.91334e+08,-6.84368e+08,-1.18406e+09,0.00104966,0.000157938,-4.00417e-25
0,1.82078e+09,-2.23994e+07,3.07325e+08,5.79815e+09,-3.63367e+08,-2.57713e+08,-6.42324e+08,0.000991216,0.000167305,2.54983e-23
0,2.0173e+09,2.22333e+07,3.13526e+08,-1.71624e+08,9.92908e+07,-6.41102e+08,-1.06573e+09,0.000998361,0.000155164,1.23108e-25
0,2.01376e+09,-1.53951e+07,3.11498e+08,6.1386e+09,8.04623e+08,-1.02854e+08,-6.33274e+08,0.0010676,0.000165141,2.29368e-23
0,2.16814e+09,-5.71161e+06,3.40504e+08,-5.30747e+09,-3.73107e+08,-5.43308e+08,-2.59627e+08,0.000912251,0.000143268,-9.47997e-25
0,2.17673e+09,4.48082e+07,3.23632e+08,7.6136e+09,1.5176e+08,-1.41101e+08,-5.87612e+08,0.000957204,0.000142315,1.67204e-23
0,1.92198e+09,-1.667e+07,3.04158e+08,-1.57372e+09,-5.7021e+08,1.86199e+07,-1.14745e+09,0.00104187,0.000164879,-8.27703e-25
0,2.11477e+09,8.6855e+06,3.04712e+08,8.10987e+09,-7.42006e+08,-3.16175e+08,-9.80986e+07,0.000980248,0.000141242,8.75411e-24
0,2.09938e+09,2.75918e+07,3.04086e+08,4.4702e+09,1.07273e+08,1.3147e+08,-7.67139e+08,0.000956428,0.000138534,5.28387e-24
0,2.20852e+09,987488,3.45031e+08,2.0085e+08,-7.34872e+06,6.27108e+06,-4.97759e+07,0.000893627,0.000139609,1.62097e-29
0,2.30975e+09,1.84607e+07,3.26415e+08,3.79322e+09,-1.05427e+09,-1.62104e+08,-2.95644e+08,0.000926024,0.000130866,1.42557e-24
0,2.01624e+09,2.93768e+07,3.22327e+08,8.41898e+09,-4.20705e+08,8.54703e+08,-4.41909e+08,0.000957042,0.000152998,1.59542e-23
0,2.07543e+09,-4.088e+06,3.4249e+08,-1.63634e+08,-1.08325e+08,3.38039e+07,-2.85378e+08,0.00094428,0.000155826,1.67552e-28
0,2.25748e+09,3.16569e+07,3.29921e+08,-4.09175e+09,3.21957e+08,1.08608e+08,8.38465e+07,0.000888686,0.000129877,2.93322e-25
0,2.03729e+09,-7.10631e+07,3.1334e+08,-1.15056e+10,8.65488e+08,2.72237e+07,-6.64937e+08,0.000960371,0.000147707,-9.33257e-23
0,1.63813e+09,3.16423e+07,2.65811e+08,-9.3083e+09,-1.59939e+09,1.88419e+07,-1.05682e+09,0.00105609,0.000171367,-4.45553e-22
0,1.88515e+09,-8.13011e+07,3.0513e+08,-8.03564e+09,-1.98508e+07,-3.29419e+08,-6.99438e+08,0.000933761,0.000151138,-4.25692e-23
0,1.95466e+09,-1.13609e+07,2.97234e+08,-1.30571e+09,3.834e+08,6.84393e+07,-1.26595e+09,0.00100186,0.000152347,-9.46836e-26
0,1.96678e+09,-2.37149e+07,3.06406e+08,-2.42035e+09,-4.97088e+08,2.19538e+08,-1.03769e+09,0.00104832,0.000163318,-2.5707e-24
0,2.19282e+09,4.74864e+07,3.21637e+08,6.29975e+09,7.82914e+06,-3.23572e+08,-5.38545e+08,0.000979793,0.000143713,9.42935e-24
0,2.05724e+09,5.31134e+07,2.91542e+08,3.27444e+09,-1.34328e+09,6.46222e+08,4.0148e+08,0.00103105,0.000146115,-5.18359e-24
0,2.07773e+09,2.69974e+07,2.9729e+08,1.23063e+09,-1.22006e+09,-2.50304e+07,-1.02501e+09,0.00102852,0.000147165,1.23145e-24
0,1.63842e+09,-8.9695e+06,2.78565e+08,-9.06647e+09,3.84118e+08,2.84061e+08,-8.98703e+08,0.000956278,0.000162587,-1.73039e-22
0,1.81635e+09,5.37383e+07,3.07548e+08,-4.61982e+09,-1.41034e+09,-1.37087e+08,-7.64618e+08,0.000992108,0.000167986,-2.13413e-23
0,2.20331e+09,1.22464e+06,3.44741e+08,4.30274e+08,5.87131e+06,2.84059e+07,-1.12123e+08,0.000893512,0.000139804,3.64469e-28
0,1.8977e+09,3.76661e+07,2.91694e+08,-4.69025e+09,-3.22267e+08,-1.11909e+08,-7.57432e+08,0.000960618,0.000147656,-9.97486e-24
0,2.1632e+09,-3.20684e+06,3.23516e+08,-3.64592e+09,-1.40422e+09,-6.95488e+08,-6.00266e+08,0.000980652,0.000146661,-1.10364e-24
0,1.83055e+09,2.40126e+07,2.68793e+08,-7.26546e+09,-1.55009e+09,-2.97588e+08,9.6523e+08,0.00107103,0.000157267,1.19809e-22
0,2.00769e+09,-5.46673e+07,3.2213e+08,-1.00425e+10,8.52789e+08,-1.93157e+08,-6.09217e+08,0.00091691,0.000147117,-5.29828e-23
0,2.05816e+09,-1.24242e+07,3.29189e+08,-3.9385e+09,-2.09748e+08,-5.04783e+08,-8.14609e+08,0.000975603,0.000156041,-3.78444e-24
0,1.81257e+09,6.65392e+07,3.08612e+08,2.63266e+09,1.12062e+09,-6.97324e+08,-9.66472e+08,0.000998496,0.000170006,1.14709e-24
0,1.98553e+09,-2.58106e+07,3.02798e+08,5.79798e+08,1.38295e+09,8.93517e+07,-6.60689e+08,0.00105974,0.000161612,-1.63744e-25
0,2.14217e+09,1.0645e+07,3.18692e+08,-2.29962e+09,-7.61518e+08,1.58943e+08,-7.15535e+08,0.000983513,0.000146317,-1.10206e-24
0,2.08603e+09,-2.0585e+07,3.02833e+08,3.57148e+09,-9.06528e+07,-1.30788e+08,-6.49903e+08,0.00107644,0.000156269,4.24054e-24
0,2.17555e+09,1.6975e+07,3.2946e+08,2.06609e+09,-3.95387e+07,1.19358e+08,-4.56101e+08,0.000909169,0.000137683,1.89933e-25
0,1.95494e+09,3.48515e+07,2.68661e+08,1.60794e+10,6.89897e+08,-4.90977e+07,-2.54055e+08,0.00108212,0.000148713,2.13073e-22
0,2.13963e+09,7.00513e+07,2.98716e+08,-4.57313e+09,-6.50478e+08,1.49698e+08,3.21409e+08,0.000967919,0.000135132,1.8305e-24
0,1.95416e+09,-4.78605e+07,3.09409e+08,2.11464e+09,-2.48469e+09,2.80014e+08,-2.71755e+08,0.00103154,0.000163327,1.34084e-23
0,2.10157e+09,3.52398e+07,3.19884e+08,1.04514e+09,-6.99329e+08,-1.55405e+08,-6.166e+08,0.000991918,0.000150982,1.65912e-25
0,1.8977e+09,-6.16853e+07,3.22873e+08,-5.59995e+09,1.9181e+09,1.14472e+08,-5.6323e+08,0.000873807,0.000148668,-2.89375e-24
0,1.89948e+09,-1.41181e+07,3.03003e+08,-3.02477e+09,3.80108e+08,-1.81834e+08,-1.35257e+09,0.000990697,0.000158035,-5.07942e-24
0,2.02145e+09,-3.56893e+07,3.12201e+08,-5.40545e+09,-3.64518e+08,1.0834e+08,-9.72765e+08,0.00102711,0.000158631,-2.08905e-23
0,2.21197e+09,1.47995e+06,3.44686e+08,6.559e+08,-3.62499e+06,6.05159e+07,-1.20245e+08,0.0008966,0.000139715,1.38068e-27
0,2.05798e+09,-2.64382e+07,3.29968e+08,-3.37474e+09,1.40918e+08,-5.72494e+08,-7.50928e+08,0.000945601,0.000151614,-2.33243e-24
0,2.13235e+09,4.40028e+07,3.27631e+08,5.48465e+09,6.58892e+08,4.4373e+07,-5.97672e+08,0.000910556,0.000139905,5.74915e-24
0,2.04955e+09,-2.22271e+07,2.61e+08,-2.43582e+09,-6.03594e+07,-5.7928e+08,1.37721e+08,0.00109231,0.0001391,4.38278e-25
0,1.83949e+09,2.66933e+07,3.15968e+08,4.83744e+09,-3.24586e+08,-2.44511e+08,-5.86666e+08,0.000964116,0.000165605,1.12316e-23
0,1.93902e+09,-2.96405e+07,2.96296e+08,-2.71061e+09,-5.61904e+07,3.37417e+08,-1.16003e+09,0.00100998,0.000154332,-2.78403e-24
0,1.85551e+09,5.75154e+06,2.65035e+08,-5.88581e+09,-1.49583e+09,-6.89285e+08,7.18338e+08,0.00101668,0.00014522,5.10909e-23
0,1.91274e+09,-2.70368e+07,2.84743e+08,2.2522e+07,-3.1344e+08,4.16837e+08,-1.26934e+09,0.00105229,0.000156651,1.35319e-25
0,2.05827e+09,1.92499e+07,2.95841e+08,1.51893e+10,1.09649e+09,1.21062e+08,1.56652e+07,0.00113183,0.000162681,-5.90724e-25
0,1.97852e+09,4.19971e+07,3.14006e+08,2.66495e+08,-3.69122e+08,-2.35363e+08,-7.42972e+08,0.000994394,0.000157818,-4.1448e-26
0,2.09003e+09,-6.0013e+06,3.43271e+08,3.00617e+08,1.00867e+07,6.33897e+07,-3.0615e+08,0.000946931,0.000155526,-1.11556e-28
0,1.92236e+09,1.43297e+07,3.03751e+08,7.04283e+09,-1.37759e+09,-6.26694e+08,-7.92694e+08,0.00105503,0.000166705,8.56918e-23
0,2.11765e+09,-2.12592e+07,3.34468e+08,-3.561e+09,-1.22608e+07,-5.46542e+08,-5.81952e+08,0.00093859,0.000148244,-1.58721e-24
0,1.98383e+09,2.52097e+07,3.01865e+08,5.27993e+09,-5.53168e+08,3.6731e+08,-1.09738e+09,0.00100273,0.000152578,1.86631e-23
0,2.07726e+09,2.94182e+07,3.24666e+08,6.43961e+09,8.27156e+08,1.38963e+08,-7.39662e+08,0.000908253,0.000141956,1.3554e-23
0,1.88146e+09,-4.13738e+07,3.09734e+08,-7.12453e+08,1.42038e+09,4.64347e+08,-9.65431e+08,0.000944353,0.000155463,2.24267e-26
0,1.95824e+09,2.17936e+07,3.14384e+08,2.11237e+08,5.66515e+08,-1.54992e+08,-1.15045e+09,0.000974738,0.000156488,-8.99476e-27
0,2.00003e+09,-5.43024e+07,3.13371e+08,-6.63568e+09,2.02674e+08,-1.17592e+08,-1.03249e+09,0.000999038,0.000156532,-3.70719e-23
0,2.14862e+09,5.52031e+06,3.3022e+08,2.80269e+08,-7.04627e+08,3.00359e+08,-3.57568e+08,0.000937028,0.000144012,5.02422e-26
0,1.99918e+09,3.66923e+07,3.10575e+08,-8.99987e+08,5.28472e+08,-3.69455e+08,-1.09188e+09,0.000983189,0.000152739,-4.91973e-26
0,2.0349e+09,5.35929e+07,2.75374e+08,-8.22083e+09,5.6702e+08,2.31963e+08,4.70517e+08,0.00100421,0.000135895,3.41189e-23
0,2.19863e+09,7.47674e+06,3.37215e+08,5.60213e+09,8.18145e+07,2.69408e+08,-4.41551e+08,0.000917745,0.000140759,3.99973e-24
0,2.20439e+09,-3.23318e+06,3.43443e+08,4.31732e+08,-1.85543e+08,3.66296e+07,-6.14043e+07,0.000899436,0.000140131,4.41155e-28
0,2.25841e+09,3.65233e+07,3.21859e+08,-6.42175e+09,1.888e+08,1.67542e+08,2.5077e+08,0.000954618,0.000136048,3.7852e-24
0,2.20477e+09,-1.32161e+07,3.37292e+08,-4.47998e+09,-4.58963e+08,-4.43457e+08,-4.37655e+08,0.000934581,0.000142975,-1.39803e-24
0,1.99349e+09,-6.50705e+07,3.15868e+08,-6.82755e+09,-7.13423e+08,-4.97917e+08,-6.78609e+08,0.000975481,0.000154565,-1.87576e-23
0,2.17636e+09,7.05257e+07,3.05265e+08,-2.47271e+09,-1.98e+09,4.13155e+08,2.76002e+07,0.000943873,0.000132392,-2.3478e-24
0,1.79018e+09,-1.98566e+07,2.89099e+08,5.05009e+09,1.77763e+09,1.06844e+08,-8.73684e+08,0.00105605,0.000170543,3.10858e-23
0,2.16216e+09,-1.39249e+07,2.85456e+08,3.99049e+08,5.03712e+07,-1.68557e+08,2.65998e+08,0.000939856,0.000124083,-1.61808e-28
0,2.10477e+09,-1.56833e+06,3.31026e+08,3.35446e+09,2.15143e+08,1.61208e+07,-6.66643e+08,0.0009185,0.000144456,1.55266e-24
0,2.21748e+09,3.01787e+07,3.1329e+08,8.16124e+09,-5.61197e+08,1.44114e+08,-5.42726e+08,0.00100114,0.000141443,2.13133e-23
0,2.08666e+09,3.31456e+07,3.33737e+08,3.57059e+09,4.64896e+08,3.52317e+08,-5.89146e+08,0.000946514,0.000151384,2.5698e-24
0,1.92002e+09,-8.39247e+07,3.13774e+08,-5.8724e+09,-5.69101e+08,-4.88076e+08,-4.46889e+08,0.000949818,0.000155222,-7.09369e-24
0,2.0929e+09,-5.16183e+06,3.42741e+08,3.66593e+08,1.01575e+07,8.07625e+07,-3.6304e+08,0.000949373,0.000155473,-1.85555e-28
0,1.96802e+09,-8.91054e+06,3.04726e+08,-3.36643e+09,2.29813e+08,1.92241e+08,-1.10975e+09,0.000993299,0.000153801,-4.79717e-24
0,2.05439e+09,-5.29049e+07,2.97395e+08,-7.20056e+08,-2.41858e+09,-3.5055e+08,-7.22999e+08,0.00104212,0.000150858,-6.91119e-24
0,1.87654e+09,-1.32609e+07,2.9101e+08,-1.91493e+09,4.03351e+08,3.9445e+08,-1.37893e+09,0.00103686,0.000160793,-8.21312e-25
0,1.98264e+09,4.06557e+07,3.10731e+08,4.31282e+09,6.52878e+08,-5.12891e+08,-1.07819e+09,0.00100819,0.00015801,9.1029e-24
0,1.99809e+09,2.55092e+07,3.0788e+08,-7.10944e+09,-7.11817e+08,-6.57641e+07,-6.9545e+08,0.00102458,0.000157874,-3.58976e-23
0,1.99883e+09,-6.19503e+06,3.15058e+08,1.83834e+09,-4.05739e+08,7.14993e+08,-1.08752e+09,0.00104729,0.000165075,-3.11099e-25
0,2.03707e+09,3.7614e+07,3.00515e+08,4.92151e+09,-7.47465e+08,-1.25543e+07,-1.06183e+09,0.0010097,0.000148955,1.60526e-23
0,1.94426e+09,-2.16238e+06,2.94874e+08,4.95553e+09,1.3162e+09,2.14351e+08,-1.02279e+09,0.000952061,0.000144393,1.63004e-23
0,1.81906e+09,3.15156e+07,3.12344e+08,1.13883e+09,6.79531e+08,-4.82595e+08,-1.06772e+09,0.000972278,0.000166947,4.80831e-26
0,2.04888e+09,-3.26781e+07,2.88009e+08,-3.15902e+09,-1.69402e+09,-5.24452e+08,3.76755e+08,0.000994224,0.000139757,2.33408e-24
0,2.12286e+09,3.71123e+07,3.10847e+08,8.67642e+09,8.25735e+07,-2.20311e+08,-7.00269e+08,0.000947295,0.000138711,3.1833e-23
0,2.13346e+09,-1.1941e+06,3.42703e+08,4.09961e+09,-1.59812e+06,5.18112e+08,1.11927e+08,0.000931985,0.000149707,-4.68236e-25
0,1.88271e+09,2.96174e+07,2.99278e+08,-8.58577e+09,-1.02741e+09,-1.0647e+07,-4.58667e+08,0.00100473,0.000159713,-5.50919e-23
0,2.15633e+09,2.31423e+07,3.35701e+08,2.83251e+09,1.94153e+07,3.46323e+08,-5.61539e+08,0.00093646,0.000145789,7.3164e-25
0,2.13414e+09,-2.14749e+07,3.36217e+08,2.13506e+09,-4.82244e+08,-1.61401e+08,-1.02214e+07,0.000903627,0.000142359,7.86563e-26
0,2.07718e+09,-3.57218e+07,3.31854e+08,-9.06043e+09,5.70549e+06,-6.7306e+08,-6.69519e+08,0.000943283,0.0001507,-3.7674e-23
0,2.07176e+09,-2.67352e+07,3.08939e+08,-9.62415e+09,1.10126e+09,3.267e+08,-1.32441e+08,0.000906849,0.000135228,-2.75215e-25
0,2.15443e+09,-1.44266e+07,3.34501e+08,-2.44798e+09,-5.49725e+08,-3.29534e+08,-5.79503e+08,0.000962386,0.000149422,-4.35485e-25
0,2.24032e+09,-1.60227e+07,3.19245e+08,4.10964e+09,-1.88328e+09,-4.02469e+08,-1.68395e+08,0.00092186,0.000131365,4.49694e-24
0,2.1548e+09,1.75388e+07,3.32043e+08,7.33243e+08,-3.57165e+08,1.87592e+08,-6.86123e+08,0.000962329,0.00014829,1.98388e-26
0,1.83285e+09,3.17619e+07,3.11772e+08,9.43403e+08,1.38421e+09,-3.626e+08,-1.26247e+09,0.000968899,0.000164812,2.78458e-26
0,2.01999e+09,4.68177e+06,3.01423e+08,6.29649e+09,1.30683e+09,2.28863e+08,-7.02979e+08,0.00111002,0.000165638,4.10962e-23
0,2.04041e+09,-9.73572e+06,2.81127e+08,-2.77493e+09,-3.99885e+08,-5.43847e+08,2.89954e+08,0.000955961,0.000131712,1.13143e-24
0,1.99006e+09,-2.86579e+07,3.2369e+08,-1.04763e+09,4.68881e+08,4.63815e+08,-7.70001e+08,0.00105524,0.000171639,-3.23574e-26
0,2.17049e+09,-3.2403e+07,3.2736e+08,-2.19346e+09,3.71985e+08,-2.19082e+07,-3.91691e+08,0.000883965,0.000133322,-1.90537e-25
0,2.14341e+09,2.49272e+07,3.13727e+08,2.526e+08,-6.12673e+08,3.63009e+08,-6.90466e+08,0.00101947,0.000149217,9.5977e-26
0,2.0804e+09,-1.14025e+07,3.25588e+08,2.15904e+09,3.53664e+08,2.60265e+08,-6.79984e+08,0.000921668,0.000144243,5.31728e-25
0,2.09593e+09,-5.1088e+06,3.41906e+08,1.79004e+08,6.16688e+06,6.70186e+07,-4.33927e+08,0.00095139,0.000155199,-1.0474e-27
0,1.91203e+09,-8.36256e+07,2.92751e+08,-4.8069e+09,-1.62086e+09,3.38782e+07,-3.74351e+08,0.0010394,0.000159142,-1.89012e-23
0,1.89304e+09,-2.97035e+07,3.1828e+08,1.51779e+09,1.04792e+09,-7.4045e+07,-3.61293e+08,0.000943807,0.000158684,-1.08335e-25
0,2.13067e+09,7.65084e+06,3.19033e+08,1.01662e+09,-7.98446e+08,-2.98805e+08,-8.80672e+08,0.000980503,0.000146815,9.37948e-26
0,1.99055e+09,-2.54777e+07,2.95368e+08,8.44746e+08,7.42971e+08,2.40715e+08,-1.08425e+09,0.000980511,0.000145493,9.05864e-26
0,2.05844e+09,1.98165e+07,3.01254e+08,3.79076e+09,6.58479e+08,4.92503e+08,-3.88606e+08,0.000920951,0.000134782,2.67539e-24
0,2.09708e+09,-4.95247e+06,3.43367e+08,2.45208e+07,8.63798e+06,3.79045e+07,-3.02591e+08,0.000951876,0.000155856,-6.31406e-29
0,2.0832e+09,-4.112e+06,3.13811e+08,-2.31093e+09,-1.20081e+09,-7.41121e+08,-9.60741e+08,0.00102384,0.000154231,-1.21339e-24
0,1.97278e+09,1.34512e+07,3.20949e+08,-4.48032e+09,-1.40544e+09,-1.78497e+08,-5.22448e+08,0.00095163,0.000154819,-7.45172e-24
0,2.15057e+09,1.51895e+07,3.31683e+08,2.48559e+09,-4.28836e+08,2.33925e+08,-7.20636e+08,0.000963997,0.000148678,6.78708e-25
0,2.07993e+09,7.35333e+07,2.99324e+08,9.69158e+09,1.35498e+08,-5.22562e+08,-8.18206e+08,0.000969514,0.000139523,6.30114e-23
0,2.17323e+09,-1.5439e+07,3.09182e+08,5.53351e+09,-4.34749e+08,4.98275e+08,-6.73779e+08,0.000983622,0.000139938,6.81516e-24
0,1.90016e+09,-2.17362e+07,3.08643e+08,-2.60024e+09,-5.71199e+06,1.37815e+08,-1.27214e+09,0.0010464,0.000169967,-3.41168e-24
0,2.02717e+09,-1.28076e+07,2.86896e+08,-3.1116e+09,-1.06846e+09,5.26873e+07,-1.35184e+09,0.00105254,0.000148961,-8.39118e-24
0,1.82384e+09,6.23469e+07,2.51264e+08,8.41786e+09,1.15647e+09,-6.89887e+08,-1.22662e+09,0.00104035,0.000143325,1.38811e-22
0,1.7897e+09,4.79886e+07,2.75395e+08,-8.21515e+09,-1.68775e+09,-5.17088e+07,-1.28199e+09,0.00113798,0.000175109,-3.52044e-22
0,1.93497e+09,2.31922e+07,2.88953e+08,9.29524e+08,3.9783e+07,2.32475e+08,-1.31302e+09,0.00102943,0.000153727,-2.18613e-25
0,2.15487e+09,4.82457e+06,3.37858e+08,4.97813e+08,-3.23086e+08,-3.25165e+07,-5.2431e+08,0.000967733,0.000151729,6.69636e-27
0,2.0927e+09,-5.00499e+06,3.42385e+08,-1.10416e+08,1.68094e+07,1.76451e+07,-4.00575e+08,0.000951083,0.000155606,4.99073e-28
0,2.08058e+09,1.288e+07,3.06651e+08,-4.97368e+09,-7.71676e+08,2.08073e+08,-8.37113e+08,0.00102068,0.000150436,-1.37814e-23
0,2.21016e+09,2.37085e+07,3.18065e+08,5.06364e+09,-1.71642e+09,6.10145e+07,-8.49513e+08,0.00103283,0.000148635,1.69539e-23
0,2.047e+09,-1.44526e+07,3.31862e+08,-5.36481e+09,5.4379e+08,-1.5601e+08,-6.83842e+08,0.000913172,0.000148045,-7.97735e-24
0,2.07894e+09,-8.20557e+06,3.22041e+08,-4.01568e+09,-1.14493e+09,-5.87114e+08,-7.1793e+08,0.001005,0.00015568,-3.10451e-24
0,2.09879e+09,-4.89291e+06,3.43701e+08,-2.32932e+08,1.0915e+07,-2.67475e+07,-2.65688e+08,0.000951144,0.00015576,8.64059e-29
0,2.18356e+09,4.35531e+07,3.11048e+08,8.31935e+08,-1.65015e+09,-8.15224e+06,3.0077e+07,0.000937244,0.00013351,4.18201e-25
0,1.8328e+09,4.68283e+07,2.98349e+08,7.09725e+09,3.75046e+08,-4.11576e+08,-1.29499e+09,0.00102257,0.000166458,9.20947e-23
0,2.22235e+09,-6.64398e+06,3.36245e+08,7.57842e+08,5.01556e+08,-1.19516e+08,3.85762e+07,0.000925292,0.000139998,-1.24987e-26
0,2.03453e+09,1.10192e+06,3.34059e+08,-1.54674e+09,5.71652e+07,-1.87292e+08,-7.03515e+08,0.000951898,0.000156296,-1.82429e-25
0,2.13287e+09,-2.24e+07,3.16599e+08,-1.23541e+09,-1.26198e+09,-3.4425e+08,-7.24723e+08,0.00101885,0.000151236,-1.15951e-24
0,2.14376e+09,2.11206e+06,3.35e+08,1.33e+09,-1.35429e+08,3.66683e+08,-5.36533e+08,0.000936222,0.000146301,2.5442e-26
0,1.89696e+09,-3.41965e+06,3.17654e+08,-5.02047e+09,4.79259e+07,2.98441e+08,-7.93661e+08,0.000986069,0.000165121,-1.45727e-23
0,2.07009e+09,-1.32783e+07,3.21511e+08,-5.29467e+09,-1.36734e+09,-1.89546e+08,-7.04474e+08,0.000992651,0.000154171,-1.32085e-23
0,2.05675e+09,2.57122e+07,3.03331e+08,2.03153e+09,-1.39859e+09,6.61205e+07,-1.04967e+09,0.00104132,0.000153575,4.05777e-24
0,2.13219e+09,5.80399e+06,3.17134e+08,-2.14603e+09,-1.05497e+09,3.32039e+08,-7.82971e+08,0.000986802,0.000146774,-1.42415e-24
0,2.12055e+09,-2.54414e+07,3.35141e+08,-3.75172e+09,-1.98491e+07,-2.62137e+08,-4.66446e+08,0.000932018,0.0001473,-1.55011e-24
0,2.28409e+09,-530813,3.22544e+08,-3.01985e+09,-2.9631e+07,3.79362e+08,-521406,0.000905588,0.000127881,-9.75714e-27
0,2.20951e+09,-1.47318e+07,3.20795e+08,-5.43259e+09,-1.77457e+09,-2.14074e+08,-8.04393e+08,0.0010354,0.000150328,-1.79665e-23
0,2.03273e+09,-2.05363e+07,3.29043e+08,-3.93194e+09,-7.16055e+08,-1.81445e+08,-5.71161e+08,0.000937254,0.000151716,-2.84678e-24
0,1.88696e+09,6.84852e+07,3.08864e+08,1.26512e+10,5.5817e+08,-2.70039e+08,-6.6454e+08,0.000967842,0.000158419,1.8093e-22
0,2.04361e+09,-5.40906e+07,3.13976e+08,-6.476e+09,3.23708e+08,-1.24263e+08,-1.09001e+09,0.000991221,0.00015229,-3.16009e-23
0,1.97275e+09,4.74459e+07,2.57735e+08,4.13224e+09,-1.64627e+09,-6.61358e+08,-1.39382e+09,0.00117279,0.000153222,5.14669e-23
0,1.85744e+09,2.07823e+07,3.03615e+08,-1.24033e+09,1.23714e+09,-4.032e+08,-1.38656e+09,0.001005,0.000164276,-1.02519e-24
0,2.13116e+09,-2.34598e+07,3.31537e+08,-6.34749e+09,-3.96172e+08,-5.51664e+08,-6.20473e+08,0.000962211,0.000149687,-9.4164e-24
0,2.06681e+09,-2.21704e+06,3.07996e+08,-1.03551e+09,-1.75593e+09,3.84752e+07,-9.6826e+08,0.00106234,0.00015831,-2.77187e-24
0,1.86668e+09,5.86539e+07,3.04004e+08,-4.39459e+09,-2.53082e+08,-5.37575e+08,-6.91023e+08,0.00107582,0.000175206,-1.15751e-23
0,2.11422e+09,-3.02282e+07,3.00052e+08,-4.81493e+09,1.36722e+08,1.54134e+08,-7.57044e+08,0.000971322,0.000137851,-6.63107e-24
0,1.8712e+09,2.45596e+07,2.94184e+08,-9.90593e+09,-1.50795e+09,-1.1409e+08,-8.66708e+08,0.00104635,0.000164504,-1.99733e-22
0,2.03963e+09,2.80888e+07,3.19492e+08,1.92645e+09,8.63563e+08,-4.17119e+08,-8.60892e+08,0.000962701,0.000150799,2.76652e-25
0,2.19775e+09,1.07496e+07,3.03913e+08,-4.95246e+09,1.24047e+08,-2.00968e+08,2.25143e+08,0.000952782,0.000131754,1.54639e-24
0,2.0839e+09,5.69228e+07,3.23181e+08,6.36277e+09,1.0473e+09,2.13816e+06,-7.42385e+08,0.000937459,0.000145386,1.39895e-23
0,1.87152e+09,6.98136e+07,3.14086e+08,4.78038e+09,2.05242e+09,-3.03241e+08,-1.04293e+09,0.000947221,0.000158967,6.90982e-24
0,1.701e+09,3.80127e+07,2.85688e+08,4.54382e+09,1.38434e+09,-9.25505e+07,-1.6234e+09,0.00103476,0.000173791,4.77764e-23
0,2.16187e+09,-3.12456e+07,3.16013e+08,2.82748e+09,-1.82571e+09,7.43102e+07,-2.06974e+08,0.000936754,0.000136931,2.63732e-24
0,2.12321e+09,-3.38191e+07,3.29339e+08,-6.74038e+09,-8.27944e+07,-4.73379e+08,-6.39245e+08,0.000941015,0.000145964,-1.26549e-23
0,2.02577e+09,4.64289e+07,3.08798e+08,1.31365e+10,-4.1561e+08,2.27951e+07,-7.55684e+08,0.00101159,0.000154201,2.12331e-22
0,1.96379e+09,3.89659e+07,3.09975e+08,2.18252e+08,-6.01039e+07,-8.71682e+07,-8.2527e+08,0.000979376,0.00015459,-1.56858e-26
0,2.08829e+09,-3.19686e+07,3.2031e+08,-8.75668e+09,-9.47097e+08,-2.34196e+08,-8.51866e+08,0.000998766,0.000153195,-5.49182e-23
0,1.80634e+09,6.23297e+07,2.99813e+08,-4.42075e+09,-1.13037e+09,-3.80794e+08,-8.27656e+08,0.00105059,0.000174376,-1.84463e-23
0,1.95985e+09,-4.78779e+07,3.09029e+08,-6.24796e+09,-1.32804e+08,-1.82446e+08,-1.26635e+09,0.00103962,0.000163928,-4.92188e-23
0,2.20901e+09,-1.78699e+07,3.37629e+08,-4.50174e+09,-1.69607e+08,-2.1803e+08,-3.33057e+08,0.000929285,0.000142034,-1.46129e-24
0,2.10493e+09,-4.12669e+06,3.35844e+08,5.13847e+07,-8.36247e+07,2.28624e+08,-5.93569e+08,0.000947058,0.000151104,-5.25711e-28
0,2.06079e+09,6.36494e+07,3.1892e+08,6.51779e+09,1.17982e+09,-1.6705e+08,-7.73559e+08,0.000955115,0.00014781,1.59663e-23
0,1.95299e+09,3.83572e+07,2.82871e+08,1.33424e+09,-1.62916e+09,-2.16091e+08,-1.31009e+09,0.00111909,0.000162088,4.33572e-24
0,2.10288e+09,-1.79716e+07,3.05274e+08,-2.18808e+09,-1.96988e+09,-4.37585e+08,-1.00485e+09,0.00109284,0.000158647,-1.0762e-23
0,2.02645e+09,1.26093e+07,3.30665e+08,1.66887e+09,9.71245e+07,-1.23248e+08,-8.48635e+08,0.000959373,0.000156545,2.69665e-25
0,2.23565e+09,9.87256e+06,2.91886e+08,-6.16192e+09,4.13898e+08,3.98757e+08,2.06116e+08,0.000981681,0.000128168,4.26858e-24
0,1.98407e+09,-1.28105e+07,3.20929e+08,2.30348e+09,7.00609e+08,2.7373e+08,-9.22824e+08,0.000969904,0.000156884,1.59592e-24
0,1.78146e+09,7.06205e+07,3.02574e+08,-2.57282e+09,-1.96562e+09,-2.20851e+08,-7.57694e+08,0.00103357,0.000175547,-1.91039e-23
0,2.04547e+09,3.92754e+07,3.08475e+08,1.18659e+10,-1.20354e+09,4.97743e+08,-7.28032e+08,0.00105779,0.000159524,1.50319e-22
0,2.31476e+09,1.40169e+07,3.33425e+08,-1.77548e+09,3.98349e+08,1.54542e+08,1.06241e+08,0.000911606,0.00013131,5.04832e-26
0,1.88048e+09,-1.26049e+07,2.95937e+08,-2.29681e+09,5.60005e+08,2.89065e+08,-1.25942e+09,0.00101031,0.000158995,-1.82667e-24
0,1.9453e+09,5.45624e+06,2.80153e+08,-1.42153e+09,-1.84408e+09,-1.61077e+08,-1.3507e+09,0.00110981,0.000159829,-1.07571e-23
0,1.79388e+09,6.5164e+07,2.97928e+08,4.80307e+09,1.53829e+09,-8.05675e+08,-1.44127e+09,0.00101803,0.000169075,2.0754e-23
0,1.93115e+09,5.9852e+07,3.14174e+08,8.5701e+09,6.33011e+08,3.28201e+07,-1.07453e+09,0.00100217,0.00016304,1.01927e-22
0,2.0573e+09,2.53822e+06,3.33715e+08,1.98274e+09,-5.02848e+07,-1.7954e+08,-7.50539e+08,0.000962912,0.000156194,4.45567e-25
0,2.19941e+09,2.53405e+07,3.27707e+08,6.63548e+09,-8.02459e+08,9.56115e+07,-7.23574e+08,0.000971225,0.00014471,1.44393e-23
0,2.03084e+09,2.03725e+07,3.17685e+08,2.23473e+09,-1.23065e+08,-4.80535e+08,-9.35185e+08,0.000979116,0.000153164,8.14769e-25
0,2.10208e+09,-4.89643e+06,3.43524e+08,-8.94246e+08,6.45469e+06,-6.96387e+07,-2.89589e+08,0.000943177,0.000154135,-1.32815e-26
0,2.0186e+09,2.06091e+07,3.04154e+08,-1.21356e+10,-1.435e+09,-4.23936e+08,3.83047e+08,0.000971294,0.00014635,9.53526e-23
0,2.07627e+09,5.22327e+07,3.16703e+08,5.40515e+09,3.28606e+07,-1.01874e+08,-8.73629e+08,0.000992747,0.000151428,1.33897e-23
0,1.88575e+09,5.46394e+07,3.04915e+08,6.21255e+09,1.2292e+08,-5.58492e+08,-1.29318e+09,0.00105294,0.000170255,6.15733e-23
0,1.8901e+09,-1.54504e+07,2.81474e+08,-3.28231e+09,-1.5992e+09,-3.58937e+06,-1.37204e+09,0.00110273,0.000164219,-2.74186e-23
0,1.99806e+09,4.36575e+06,2.81911e+08,4.14163e+09,-1.50955e+09,-2.79113e+08,-1.3878e+09,0.00112907,0.000159303,3.73997e-23
0,2.1542e+09,-6.10498e+07,2.74347e+08,-8.42143e+09,-6.2773e+08,5.5914e+08,-6.86401e+08,0.00104528,0.000133121,-5.12496e-23
0,2.05618e+09,-3.49711e+06,3.39231e+08,-9.02422e+09,2.5262e+06,-8.39061e+08,-3.0584e+08,0.000913857,0.000150769,-1.51863e-23
0,2.24248e+09,1.04156e+07,3.28645e+08,-4.50059e+09,-6.61422e+08,2.29721e+07,1.32763e+08,0.000899735,0.00013186,3.89696e-25
0,2.10265e+09,3.62721e+07,3.27721e+08,2.55742e+08,-1.13414e+09,1.53202e+08,-6.21908e+08,0.000992881,0.000154752,2.64202e-25
0,2.02508e+09,5.4997e+07,2.79123e+08,5.33767e+09,-7.88401e+08,-3.7851e+08,-1.06642e+09,0.00103398,0.000142516,2.6116e-23
0,1.78852e+09,-4.3573e+07,2.43105e+08,-5.93365e+09,-7.54852e+08,-5.928e+07,-1.48605e+09,0.00112362,0.000152728,-1.20147e-22
0,1.95195e+09,2.91229e+07,3.21309e+08,4.70543e+08,6.74184e+07,-3.91349e+08,-9.88051e+08,0.000990427,0.000163034,-5.02446e-26
0,2.03663e+09,-2.73459e+07,3.36839e+08,-9.89692e+09,1.2948e+07,-1.04586e+09,-5.80591e+08,0.000959556,0.000158702,-5.06634e-23
0,1.85778e+09,1.2651e+07,3.09404e+08,7.13497e+08,-5.73227e+08,-3.98069e+08,-1.25032e+09,0.00103087,0.000171686,-4.7702e-25
0,1.781e+09,9.02031e+06,3.02378e+08,-6.01681e+09,-2.60667e+09,-4.85168e+08,5.63921e+08,0.000893068,0.000151625,1.51947e-23
0,2.11809e+09,-3.82449e+06,3.30422e+08,2.90482e+08,-8.48473e+07,6.44002e+07,-7.69625e+08,0.00094901,0.000148046,-7.34272e-27
0,2.20328e+09,4.62086e+06,3.35489e+08,3.37622e+09,-6.50527e+08,-1.49728e+08,-5.14099e+08,0.00094114,0.000143305,1.47447e-24
0,2.12468e+09,5.00488e+06,3.13312e+08,1.21359e+09,9.87334e+08,-9.65161e+06,-5.52426e+08,0.000900647,0.000132812,2.03162e-26
0,2.01637e+09,4.4461e+07,3.1748e+08,4.72291e+09,-2.86042e+08,-1.40224e+08,-8.80593e+08,0.00103281,0.000162617,1.31028e-23
0,1.94792e+09,2.9887e+07,2.85459e+08,6.80274e+09,1.06546e+09,-3.29075e+08,-1.10228e+09,0.000979559,0.00014355,3.86607e-23
0,1.98144e+09,-1.13939e+07,2.99511e+08,-5.34062e+08,-4.69081e+07,2.70926e+07,-1.09956e+09,0.00101451,0.000153352,7.65375e-26
0,2.18107e+09,2.06667e+07,3.35824e+08,-2.78204e+09,-3.02893e+08,9.96118e+07,6.21143e+07,0.000894977,0.000137801,2.69276e-26
0,2.10378e+09,2.52701e+07,3.30989e+08,2.27566e+09,-2.79022e+08,3.497e+08,-7.79095e+08,0.000991168,0.000155942,5.7674e-25
0,2.14034e+09,1.8723e+07,2.9998e+08,3.79512e+09,-2.19526e+09,-2.36555e+08,-1.18948e+09,0.00107004,0.000149971,2.56522e-23
0,2.03314e+09,-1.79407e+07,3.39025e+08,-9.38783e+09,3.3921e+08,-7.23801e+08,-4.78827e+08,0.00093546,0.000155987,-3.82558e-23
0,1.97325e+09,6.69266e+06,3.07792e+08,1.81426e+09,-7.44177e+08,-4.40996e+08,-8.75278e+08,0.000984373,0.000153545,8.20865e-25
0,1.95782e+09,-6.08572e+06,3.13939e+08,5.63546e+08,-5.87397e+08,-1.5263e+08,-1.16994e+09,0.00104603,0.000167732,-1.05381e-25
0,2.03899e+09,4.95045e+06,3.01416e+08,-8.51996e+09,-3.49379e+09,-3.19542e+08,-3.58958e+08,0.00102471,0.000151479,-1.08658e-22
0,2.0307e+09,3.64162e+07,3.18852e+08,2.44122e+09,5.74327e+08,-3.98818e+08,-9.54231e+08,0.000972968,0.000152772,9.47809e-25
0,1.86632e+09,-5.89782e+07,2.8364e+08,-4.2237e+09,3.53662e+08,6.87957e+08,-1.41149e+09,0.00106928,0.000162507,-1.98748e-23
0,2.0587e+09,1.63675e+07,3.20639e+08,1.34104e+08,-8.2943e+08,-5.78854e+07,-8.31271e+08,0.000995874,0.000155106,-9.44202e-27
0,1.90108e+09,1.4561e+07,2.87804e+08,3.48664e+09,-1.22426e+09,-3.28849e+08,-1.57879e+09,0.00109388,0.000165602,2.31162e-23
0,2.1314e+09,3.85361e+07,3.13276e+08,-7.37843e+09,-1.51804e+09,1.32573e+08,-4.06806e+08,0.00103225,0.000151721,-2.81988e-23
0,2.03552e+09,2.53906e+07,2.93565e+08,8.1574e+09,6.30374e+07,1.32593e+08,-8.13773e+08,0.000982529,0.000141702,4.59882e-23
0,2.12537e+09,-5.89867e+07,2.84653e+08,-1.00691e+10,-2.26125e+09,2.18454e+08,-1.05373e+09,0.00107395,0.000143834,-2.08919e-22
0,1.8425e+09,2.94379e+07,3.15723e+08,2.87752e+09,-5.3699e+08,-1.47289e+08,-1.00158e+09,0.0010279,0.000176137,5.48684e-24
0,2.29595e+09,-194253,3.03353e+08,8.2938e+08,-3.74131e+08,1.41103e+08,-1.8281e+08,0.000973077,0.000128568,7.63841e-27
0,1.98233e+09,-6.24044e+06,3.27628e+08,-5.87479e+09,1.99587e+08,-5.31341e+08,-8.81487e+08,0.000953678,0.000157619,-1.89147e-23
0,2.08038e+09,6.65846e+06,3.30343e+08,2.28819e+09,9.54891e+07,2.9547e+07,-7.81158e+08,0.00095699,0.00015196,6.87943e-25
0,2.1575e+09,1.10629e+07,3.23135e+08,1.91166e+09,-2.24405e+08,-4.71356e+08,-5.61165e+08,0.000937975,0.000140483,2.26926e-25
0,1.95198e+09,2.98792e+07,3.14434e+08,5.92336e+09,-5.15742e+08,2.00527e+08,-7.28652e+08,0.000960358,0.000154699,1.64338e-23
0,1.82365e+09,2.94932e+07,3.09394e+08,3.95427e+09,-1.55297e+08,-9.63594e+07,-1.2336e+09,0.00102686,0.000174213,1.57767e-23
0,2.11111e+09,-3.17355e+07,3.1476e+08,-7.13969e+09,-1.59621e+09,-4.47001e+08,-9.78598e+08,0.00105273,0.000156959,-4.28684e-23
0,2.04294e+09,-1.02591e+07,3.10109e+08,-2.34371e+09,-1.11151e+09,-6.52625e+06,-1.18336e+09,0.0010415,0.000158095,-3.86532e-24
0,1.87355e+09,-4.6886e+07,3.15902e+08,-5.59101e+09,-5.11452e+08,-4.40862e+08,-4.37128e+08,0.000944451,0.000159245,-7.01047e-24
0,1.94059e+09,3.6742e+07,3.22342e+08,7.91344e+08,6.48626e+08,-4.57786e+08,-9.53922e+08,0.000975196,0.000161985,-1.23407e-28
0,1.86035e+09,-1.36851e+07,3.09048e+08,5.99158e+09,-2.19563e+08,-1.97151e+08,-6.90337e+08,0.00102825,0.000170816,3.11608e-23
0,2.01064e+09,-2.40087e+07,3.10986e+08,7.38509e+07,-1.49148e+09,-2.79313e+08,-7.67095e+08,0.00102928,0.000159198,-7.68803e-25
0,2.07301e+09,-1.86748e+07,3.26889e+08,-4.18995e+09,-4.77854e+08,-3.91118e+08,-9.17363e+08,0.000992087,0.000156441,-5.54723e-24
0,1.78396e+09,-7.11792e+07,2.80006e+08,2.82402e+08,-6.50846e+08,4.08521e+08,-8.6137e+08,0.00105388,0.000165415,4.33945e-25
0,2.12999e+09,-5.80849e+06,3.3858e+08,-2.91424e+09,-3.99311e+08,2.05374e+08,-4.45217e+08,0.000942564,0.000149828,-8.97821e-25
0,1.94045e+09,1.42468e+07,3.24814e+08,2.55771e+09,-3.01415e+08,1.30501e+08,-1.09536e+09,0.00100412,0.000168081,2.24102e-24
0,2.1542e+09,2.33756e+07,3.1063e+08,4.08191e+09,-1.95642e+09,4.74019e+07,-1.01237e+09,0.00106475,0.000153534,2.01634e-23
0,2.12624e+09,-4.23308e+06,3.43558e+08,-6.05304e+08,1.11521e+07,-7.53622e+07,-2.82027e+08,0.000933299,0.000150803,-3.05456e-27
0,2.1295e+09,3.05184e+07,3.26086e+08,6.01156e+09,-2.8079e+08,1.21064e+08,-5.67618e+08,0.000918819,0.000140697,7.14056e-24
0,1.93177e+09,-6.85599e+07,3.09943e+08,-9.04631e+09,6.71574e+08,-1.13616e+08,-1.07088e+09,0.00100028,0.000160491,-1.20327e-22
0,2.09534e+09,-1.12471e+07,3.21208e+08,-1.69422e+09,-9.81753e+08,6.77359e+07,-7.94918e+08,0.000993187,0.000152252,-9.56608e-25
0,1.91166e+09,2.74338e+07,2.74636e+08,1.27314e+09,-1.0764e+09,-4.79473e+08,-1.51212e+09,0.00110873,0.000159285,-4.74514e-25
0,1.70714e+09,5.21005e+07,2.5279e+08,1.74087e+09,1.37848e+09,-6.62391e+08,-1.60074e+09,0.00107149,0.000158665,8.89259e-25
0,2.00781e+09,-4.00568e+07,3.09236e+08,-1.24032e+09,-9.36016e+08,-3.39344e+08,-8.19605e+08,0.00101992,0.000157084,-7.75381e-25
0,1.95564e+09,-1.38317e+07,3.14416e+08,6.39291e+09,-1.56651e+08,-4.31355e+08,-3.55163e+08,0.00105514,0.00016964,1.80445e-23
0,2.23425e+09,2.75911e+07,2.94167e+08,-7.47191e+09,5.98062e+08,1.72475e+08,1.79006e+08,0.00103337,0.000136056,8.08026e-24
0,2.25917e+09,3.15686e+07,3.23393e+08,8.16464e+09,-1.64978e+08,-2.02278e+08,-3.33721e+08,0.000932297,0.000133456,8.9819e-24
0,2.18536e+09,2.78375e+07,3.23549e+08,5.08939e+09,-7.32622e+08,-7.56614e+07,-5.79546e+08,0.000963107,0.000142591,5.8522e-24
0,2.05344e+09,1.27776e+07,2.94978e+08,3.32102e+09,-1.58703e+09,-1.64422e+08,-1.25797e+09,0.00106255,0.000152636,1.46487e-23
0,2.08998e+09,1.86164e+07,3.22434e+08,2.92342e+09,-3.87647e+08,-3.47239e+06,-5.39408e+08,0.000933644,0.000144039,1.00344e-24
0,2.01699e+09,-2.15722e+07,3.14395e+08,-1.00135e+10,-6.8514e+08,1.13555e+08,-9.80365e+08,0.00101018,0.000157459,-1.28191e-22
0,1.83992e+09,1.44671e+06,3.20384e+08,-1.01157e+09,6.02134e+08,-1.90034e+08,-1.01456e+09,0.000935709,0.000162935,-1.33425e-25
0,2.15245e+09,1.76904e+07,3.20073e+08,4.40455e+09,-1.41422e+09,4.3853e+08,-8.18972e+08,0.00101711,0.000151246,7.30721e-24
0,2.29627e+09,2.22597e+07,3.21124e+08,5.90148e+09,-6.39276e+08,-2.08539e+08,-3.26301e+08,0.000948691,0.00013267,4.07558e-24
0,2.18773e+09,-3.21201e+06,3.39367e+08,-1.58362e+09,-4.76384e+08,-2.12821e+08,-3.92357e+08,0.000974714,0.000151201,-9.71895e-26
0,1.99183e+09,4.88221e+07,3.02167e+08,3.43778e+09,1.24662e+08,-6.34244e+08,-1.13969e+09,0.00100343,0.000152223,4.62272e-24
0,2.0495e+09,-2.36786e+07,3.34349e+08,-4.08422e+09,1.24049e+08,-4.00817e+08,-6.6137e+08,0.000948998,0.000154817,-3.87877e-24
0,1.88698e+09,-3.87419e+07,3.18462e+08,-6.07251e+09,8.45965e+08,-3.40967e+07,-1.03806e+09,0.000984938,0.000166226,-3.6425e-23
0,2.12978e+09,-3.12857e+06,3.44468e+08,-6.63226e+08,2.83535e+07,-6.45822e+07,-1.60917e+08,0.00092962,0.000150355,-2.9025e-27
0,2.10926e+09,-2.41586e+06,3.36457e+08,-8.39625e+08,-8.66667e+07,-4.45388e+08,-4.87336e+08,0.000934831,0.000149119,1.92275e-26
0,2.2244e+09,2.96665e+07,3.14441e+08,7.08892e+09,-1.54183e+09,-1.37373e+08,-5.9642e+08,0.000963952,0.000136264,1.96017e-23
0,1.85502e+09,1.1657e+07,2.80793e+08,-1.07477e+09,-1.01947e+09,6.18161e+07,-1.56165e+09,0.00113082,0.000171172,-1.43865e-24
0,1.81408e+09,-5.78422e+07,2.93679e+08,8.02398e+08,1.7982e+09,1.23931e+08,-6.25431e+08,0.00105367,0.000170578,-1.2448e-24
0,2.10773e+09,-9.56389e+06,3.16111e+08,1.82422e+09,-2.42047e+08,-4.04363e+08,-2.49143e+08,0.00108225,0.000162313,2.77957e-25
0,2.14274e+09,-1.5895e+07,3.19691e+08,-7.44628e+09,-1.81572e+09,-4.54418e+08,-8.04081e+08,0.00106654,0.000159125,-4.09518e-23
0,1.94919e+09,-9.85295e+06,3.31469e+08,1.51561e+09,6.60149e+08,1.02461e+08,-7.66045e+08,0.000950982,0.000161719,3.45247e-25
0,2.31536e+09,1.50457e+07,3.23393e+08,2.81322e+09,-1.0417e+09,-1.78405e+08,-3.33721e+08,0.000955487,0.000133456,9.32179e-25
0,2.28337e+09,-9.36881e+06,3.20846e+08,7.00879e+09,-1.50464e+08,-1.5377e+07,3.78609e+06,0.000959292,0.000134794,-4.80717e-26
0,2.03257e+09,-4.26476e+07,3.26248e+08,-8.00605e+09,7.59274e+08,-4.32387e+08,-7.44495e+08,0.000952214,0.00015284,-4.05015e-23
0,2.07015e+09,-2.11279e+07,3.32777e+08,-3.75711e+09,2.28605e+08,-2.70584e+08,-7.00116e+08,0.000940653,0.00015121,-2.98518e-24
0,2.03476e+09,-1.49875e+06,3.15923e+08,1.15382e+09,-9.97618e+08,1.7041e+08,-1.22808e+09,0.00103427,0.000160583,1.05427e-24
0,1.99683e+09,1.28036e+07,3.24259e+08,6.63208e+09,5.63848e+08,1.78217e+08,-8.22291e+08,0.000927033,0.000150538,2.17762e-23
0,2.13198e+09,2.66628e+07,2.95083e+08,-6.56367e+09,-1.29365e+08,-8.55245e+07,3.63473e+08,0.000943844,0.000130635,7.07215e-24
0,2.2208e+09,-567459,3.36198e+08,1.44383e+09,-8.38926e+08,2.37653e+08,-3.51493e+08,0.000963566,0.00014587,1.74235e-25
0,1.88947e+09,-2.59311e+07,2.75787e+08,-3.0533e+09,-1.05098e+09,1.85404e+08,-1.55224e+09,0.00113006,0.000164943,-1.71219e-23
0,2.31041e+09,1.99782e+06,3.19867e+08,2.98388e+09,-1.38835e+08,-2.47918e+07,-1.54773e+08,0.000939523,0.000130073,1.88241e-25
0,1.99622e+09,-3.11739e+07,3.17122e+08,-2.08588e+09,4.72453e+08,3.9293e+08,-9.4645e+08,0.000967097,0.000153634,-5.7991e-25
0,2.13571e+09,-4.78797e+07,3.28757e+08,4.08396e+09,-1.36623e+09,-6.99402e+07,2.44352e+08,0.000861424,0.000132602,1.25086e-25
0,1.89993e+09,-3.11547e+07,3.24261e+08,-3.98329e+09,1.31406e+09,1.45698e+08,-7.79399e+08,0.000969037,0.000165385,-5.09328e-24
0,2.12878e+09,-2.24251e+07,3.30911e+08,-3.68028e+09,-2.03313e+08,-2.66701e+08,-6.95529e+08,0.000946037,0.000147058,-2.138e-24
0,2.05009e+09,-2.9658e+07,3.34497e+08,-7.38591e+09,4.52421e+08,-7.75195e+08,-5.79787e+08,0.000929702,0.000151692,-2.26499e-23
0,2.19212e+09,-3.86787e+07,3.17978e+08,-6.20482e+09,-4.45754e+08,-1.43844e+08,-4.54465e+08,0.000988299,0.000143358,-7.67292e-24
0,2.07166e+09,-4.54766e+06,3.36079e+08,-3.24651e+09,1.36138e+08,-9.04474e+07,-5.67211e+08,0.000933063,0.000151368,-1.42789e-24
0,1.98334e+09,5.60946e+07,3.07314e+08,1.91918e+09,7.45757e+08,-2.98295e+08,-9.41346e+08,0.000966841,0.00014981,4.75199e-25
0,1.94476e+09,-3.48293e+06,2.5523e+08,1.82458e+09,-1.02101e+09,-1.1032e+08,-1.33264e+09,0.00113691,0.000149207,3.90573e-24
0,2.07749e+09,3.23247e+07,3.30127e+08,8.92107e+09,-2.24086e+08,4.89314e+08,-7.94052e+08,0.000965975,0.0001535,4.57715e-23
0,1.80015e+09,5.63533e+06,2.59303e+08,3.93904e+09,-4.59662e+08,2.8716e+08,-1.34324e+09,0.00106415,0.000153285,2.00713e-23
0,1.96112e+09,7.70597e+07,2.72917e+08,-9.30031e+09,-1.37263e+09,1.85967e+08,7.08434e+08,0.00104406,0.000145294,8.41226e-23
0,1.99598e+09,7.76972e+06,2.81052e+08,-2.48377e+09,-2.14483e+09,1.95074e+08,5.50719e+08,0.000914696,0.000128797,-2.07336e-24
0,2.10281e+09,-4.2795e+07,3.09043e+08,-5.86632e+09,-5.47967e+08,1.56831e+08,-1.01813e+09,0.00100271,0.000147365,-2.11032e-23
0,2.12741e+09,-1.89383e+06,3.4405e+08,-2.56774e+08,3.52738e+07,-7.69954e+06,-2.26048e+08,0.000926713,0.00014987,-6.72545e-29
0,1.91162e+09,-4.24604e+07,2.95655e+08,-8.42331e+09,1.42416e+09,-1.67418e+08,-1.21466e+09,0.000990599,0.000153208,-1.16034e-22
0,2.29443e+09,-1.78642e+07,3.25023e+08,-1.96513e+09,-4.48086e+08,2.99934e+08,-1.49548e+08,0.000897838,0.000127185,-9.40153e-26
0,2.24625e+09,301912,3.45013e+08,-3.00047e+08,1.20786e+07,-4.82627e+07,-5.56645e+07,0.00088143,0.000135383,-5.72266e-29
0,2.01833e+09,-3.06775e+06,3.32157e+08,-2.62391e+09,-5.53488e+07,-2.02962e+08,-8.31389e+08,0.000975526,0.000160543,-1.37228e-24
0,2.20057e+09,-3.51598e+06,3.31766e+08,8.84058e+08,-8.59888e+08,-6.8135e+07,-7.12621e+08,0.000980136,0.000147769,1.66045e-25
0,2.27817e+09,-2.00567e+07,3.16334e+08,-5.05044e+09,-2.07219e+09,1.30544e+08,-5.76021e+08,0.00100197,0.000139127,-1.41128e-23
0,1.93668e+09,1.24616e+07,3.16879e+08,-1.41391e+09,1.66971e+09,1.30886e+08,-2.89016e+08,0.00103584,0.000169484,1.5428e-24
0,2.05132e+09,-1.24353e+07,3.30567e+08,-2.77477e+09,2.44149e+08,-8.39583e+07,-6.16923e+08,0.000901467,0.00014527,-8.66122e-25
0,1.85682e+09,-6.97478e+07,2.99298e+08,-5.36188e+09,8.64744e+08,-4.39299e+07,-1.14084e+09,0.00107368,0.000173066,-4.60215e-23
0,2.13086e+09,-4.7545e+06,3.13735e+08,-2.4451e+09,-1.80664e+09,-4.25002e+08,-8.84528e+08,0.00102753,0.000151288,-6.01283e-24
0,2.05917e+09,3.42496e+07,3.17333e+08,4.93168e+09,4.81e+08,-8.60149e+07,-8.4122e+08,0.000943392,0.000145384,7.81177e-24
0,1.96835e+09,-5.91281e+07,3.17111e+08,-8.64435e+09,7.41065e+08,2.61082e+08,-8.45472e+08,0.00093669,0.000150905,-4.91658e-23
0,2.03875e+09,-1.50476e+07,3.13625e+08,-6.1778e+08,-8.24181e+07,4.81948e+08,-8.72527e+08,0.000955365,0.000146966,4.33563e-26
0,1.90814e+09,4.52212e+07,3.01513e+08,3.53106e+09,4.31891e+08,-1.71136e+08,-9.18948e+08,0.00102968,0.000162704,6.63267e-24
0,2.15856e+09,-2.14696e+07,3.33954e+08,-4.88918e+09,-5.17439e+07,-1.91066e+08,-5.43132e+08,0.000922248,0.000142682,-3.51154e-24
0,1.88653e+09,-2.01275e+07,2.97493e+08,-3.04913e+09,9.49233e+08,2.09985e+08,-1.48501e+09,0.000999319,0.000157586,-5.65809e-24
0,2.01278e+09,180815,3.34945e+08,-1.35785e+09,5.31212e+08,-2.17054e+07,-5.12295e+08,0.000894168,0.000148798,-9.32014e-26
0,2.00717e+09,-7.26392e+06,3.33669e+08,1.11617e+09,3.11188e+08,2.8139e+08,-6.78811e+08,0.000961971,0.000159916,1.02664e-25
0,2.09878e+09,2.28259e+07,3.27784e+08,3.47775e+09,-5.30253e+08,3.71225e+08,-9.22121e+08,0.00100075,0.000156296,3.04456e-24
0,1.92747e+09,-6.08691e+07,3.06022e+08,-6.2534e+09,3.06548e+08,-2.6294e+08,-1.02463e+09,0.0010489,0.000166532,-4.84969e-23
0,2.10334e+09,-2.12635e+07,2.9845e+08,1.03476e+10,-4.45002e+08,-1.74002e+08,2.0184e+08,0.000939823,0.000133355,-1.41593e-23
0,2.08277e+09,3.6212e+07,3.22766e+08,6.68116e+09,-6.05218e+08,4.18871e+08,-1.06756e+09,0.00103413,0.000160258,3.39096e-23
0,1.83952e+09,2.60572e+07,3.0163e+08,4.27775e+09,1.899e+09,-4.97872e+08,-9.92557e+08,0.000911002,0.000149379,2.35371e-24
0,1.98509e+09,1.94794e+07,3.26317e+08,5.42711e+09,4.80356e+08,6.86503e+07,-9.2102e+08,0.000946125,0.000155527,1.45735e-23
0,1.98084e+09,-5.61409e+07,2.80269e+08,-9.19237e+09,-1.41048e+09,-3.35799e+07,-1.19475e+09,0.00108378,0.000153344,-1.99708e-22
0,2.19052e+09,-1.99165e+07,3.35166e+08,-5.12398e+09,-5.39779e+08,-3.9958e+08,-6.04066e+08,0.000962318,0.000147242,-4.18881e-24
0,2.03888e+09,-1.72116e+07,3.1604e+08,3.17623e+09,4.29904e+08,5.66002e+08,-8.68517e+08,0.00095453,0.000147958,3.04873e-24
0,2.0224e+09,1.52076e+07,3.22384e+08,6.53267e+09,2.1672e+08,7.78784e+07,-9.82791e+08,0.000958338,0.000152765,2.58633e-23
0,1.79877e+09,3.89453e+06,2.59683e+08,4.55571e+09,-1.44605e+08,7.39529e+08,-1.47994e+09,0.00112118,0.000161862,3.9592e-23
0,1.97502e+09,-3.53024e+07,2.90556e+08,-1.07034e+10,-1.47313e+09,2.27293e+07,-1.16529e+09,0.00106964,0.000157361,-2.93048e-22
0,1.91268e+09,1.42357e+07,3.0994e+08,-4.70444e+09,-2.49609e+07,-1.88887e+08,-9.79539e+08,0.000996857,0.000161535,-1.48809e-23
0,2.11741e+09,-5.5771e+07,3.07581e+08,-9.63336e+09,-1.01207e+09,-1.22667e+07,-9.83562e+08,0.00100761,0.000146368,-8.94e-23
0,2.07052e+09,-3.67017e+07,3.32618e+08,-7.30623e+09,7.97579e+08,-4.02253e+08,-4.90961e+08,0.000923698,0.000148387,-1.73414e-23
0,2.1168e+09,-2.40804e+07,3.28708e+08,-2.10511e+09,-6.54288e+07,-2.89039e+08,-8.00234e+08,0.000952753,0.000147949,-4.18622e-25
0,2.14152e+09,1.33114e+07,3.39839e+08,-4.31151e+09,-6.02734e+08,-4.80157e+08,2.26926e+08,0.000864302,0.000137157,1.55911e-24
0,2.12972e+09,-480880,3.32369e+08,3.71599e+08,-4.85565e+08,6.81983e+07,-7.6659e+08,0.00098673,0.000153991,2.48153e-26
0,1.97226e+09,3.8526e+07,3.11236e+08,8.12323e+09,3.35741e+08,-4.13595e+08,-1.00824e+09,0.000975578,0.000153953,5.98956e-23
0,2.23579e+09,1.88032e+06,3.44916e+08,1.87841e+08,2.3554e+07,7.33881e+07,-7.36328e+07,0.000881605,0.000136005,1.86969e-29
0,2.23223e+09,2.65078e+07,3.06248e+08,-5.45585e+08,2.75787e+08,3.09786e+08,1.20173e+08,0.000904478,0.000124089,8.19283e-28
0,2.13199e+09,-1.28294e+06,3.4349e+08,3.62479e+08,8.50003e+06,3.75657e+07,-2.86318e+08,0.000926963,0.000149345,2.95834e-28
0,2.11909e+09,-2.00389e+06,3.29949e+08,-1.45538e+09,-9.27732e+08,-1.11822e+08,-9.11501e+08,0.00106716,0.00016616,-9.96709e-25
0,2.16133e+09,3.44227e+07,3.18636e+08,-2.49551e+09,-1.46421e+09,2.82237e+08,-5.04537e+08,0.00103244,0.000152209,-3.2111e-24
0,1.99404e+09,-1.86993e+06,2.89979e+08,3.8083e+09,-6.27724e+08,7.89382e+07,-1.14738e+09,0.0010296,0.000149728,9.22056e-24
0,2.04472e+09,-8.25363e+07,3.16024e+08,-7.6668e+09,2.13346e+09,3.48882e+08,-5.44323e+08,0.000873037,0.000134934,-2.08487e-24
0,1.93096e+09,-3.57188e+06,3.22761e+08,-1.73621e+08,3.91766e+08,-4.24658e+07,-1.16684e+09,0.000993796,0.000166113,3.26782e-26
0,2.12989e+09,-1.19789e+06,3.44334e+08,4.77733e+08,-8.13273e+06,4.40846e+07,-1.86248e+08,0.000927548,0.000149954,1.02979e-27
0,1.86725e+09,7.95609e+06,2.56509e+08,-1.36827e+09,-2.07228e+09,3.17696e+08,6.07896e+08,0.00105715,0.000145224,-2.45338e-24
0,1.93143e+09,-1.24791e+06,3.25703e+08,3.17995e+08,1.50369e+08,-5.72066e+07,-1.11586e+09,0.000999385,0.000168529,-5.41231e-26
0,2.04358e+09,5.63325e+06,3.35275e+08,-4.59727e+09,5.83086e+08,-1.68332e+08,-6.01355e+08,0.000923186,0.00015146,-4.88214e-24
0,2.07621e+09,-2.32515e+07,3.26127e+08,-5.52382e+09,-7.27718e+08,-4.62891e+08,-1.027e+09,0.00104555,0.000164233,-1.85803e-23
0,2.15012e+09,-1.28524e+07,3.42394e+08,-3.36887e+09,3.99017e+08,-5.15163e+08,-1.4363e+08,0.000873085,0.000139034,-6.23676e-25
0,2.06622e+09,6.02103e+06,3.28178e+08,3.87585e+09,2.90618e+08,6.8386e+08,-7.56072e+08,0.000980747,0.000155773,4.87372e-24
0,2.10048e+09,-7.70776e+06,3.1737e+08,1.49409e+09,-1.9267e+08,3.51449e+08,-8.83832e+08,0.00096906,0.000146419,8.88009e-26
0,2.13241e+09,4.2235e+07,3.08979e+08,6.81909e+09,-1.27256e+09,-1.61214e+07,-9.50085e+08,0.00101192,0.000146623,3.44149e-23
0,1.80198e+09,2.12767e+07,2.46798e+08,6.1835e+08,-6.51873e+08,-3.58115e+07,-1.52789e+09,0.00113355,0.000155251,-2.40267e-25
0,2.13788e+09,-1.01107e+06,3.43701e+08,4.92325e+08,-4.69144e+07,6.29245e+07,-2.64575e+08,0.000929789,0.00014948,1.23644e-27
0,1.99412e+09,6.95719e+07,3.00917e+08,9.19466e+09,1.33968e+07,-2.21243e+08,-1.15219e+09,0.00100467,0.000151606,1.14175e-22
0,2.0167e+09,5.9039e+06,3.28452e+08,-4.58127e+07,5.41858e+08,-4.86409e+07,-8.93485e+08,0.000964094,0.000157019,2.06548e-27
0,2.1237e+09,1.88384e+07,3.27783e+08,2.51479e+09,-8.02062e+08,1.96886e+08,-9.18843e+08,0.0010241,0.000158065,1.81009e-24
0,1.99025e+09,2.87548e+07,3.0644e+08,-2.511e+08,-1.21653e+08,-5.3635e+08,-9.74875e+08,0.000990899,0.000152569,7.3855e-26
0,2.14336e+09,-1.41075e+07,3.39199e+08,-5.1411e+09,-1.06027e+08,-3.59693e+08,-4.30713e+08,0.00092315,0.000146094,-3.19396e-24
0,2.07413e+09,-5.95761e+07,3.23104e+08,-1.26211e+10,8.49865e+08,-2.84147e+08,-5.32433e+08,0.000923677,0.000143889,-8.31304e-23
0,2.07025e+09,3.19697e+06,3.26214e+08,-7.75167e+09,-1.37385e+09,-3.50865e+08,-5.38326e+08,0.000981252,0.000154618,-2.12544e-23
0,2.27522e+09,3.57643e+07,3.22807e+08,3.5859e+08,-3.30985e+08,5.92314e+07,-5.62186e+07,0.000903151,0.000128139,1.31962e-27
0,2.01892e+09,7.10797e+06,3.25966e+08,1.83324e+09,-1.01091e+09,-6.7011e+08,-5.38179e+08,0.000953196,0.000153899,6.29646e-25
0,2.23733e+09,1.37071e+06,3.45048e+08,8.7173e+08,-9.60906e+06,2.94497e+07,-4.50191e+07,0.000886123,0.000136661,1.12912e-27
0,1.95414e+09,6.79142e+07,2.88814e+08,9.01955e+09,1.14697e+09,-6.94286e+08,-9.96779e+08,0.000961702,0.000142136,6.3841e-23
0,1.98087e+09,-1.4805e+07,2.96509e+08,1.24792e+09,-2.0255e+09,-6.92882e+07,-1.09256e+09,0.0010601,0.000158682,6.05624e-24
0,1.83162e+09,6.35094e+07,3.02258e+08,5.30002e+07,-1.60388e+09,-2.54967e+08,-9.97664e+08,0.00101328,0.000167213,-1.54152e-24
0,1.88663e+09,-3.4905e+07,2.89561e+08,7.8319e+09,-3.39224e+08,-2.5666e+08,1.55376e+08,0.00093342,0.000143262,-7.02071e-24
0,2.00095e+09,1.64001e+07,3.22763e+08,2.43798e+09,-6.82257e+07,-4.40293e+07,-1.12662e+09,0.00102608,0.000165512,1.82999e-24
0,2.06256e+09,2.21466e+07,3.18687e+08,5.78449e+09,3.30014e+08,-1.48369e+08,-7.95476e+08,0.000939562,0.000145172,1.15501e-23
0,2.04271e+09,-3.18914e+07,3.31294e+08,-7.88687e+09,1.09424e+08,-6.7399e+08,-8.17321e+08,0.00098705,0.000160083,-4.25375e-23
0,2.13489e+09,-2.01119e+06,3.44443e+08,4.29132e+08,-4.76818e+07,7.07558e+07,-1.62423e+08,0.000931157,0.000150232,5.25378e-28
0,2.08665e+09,-1.27338e+07,3.29072e+08,-1.85799e+09,-6.43028e+08,-3.3025e+08,-8.97817e+08,0.0010032,0.000158209,-5.46882e-25
0,2.05427e+09,1.37629e+07,3.28267e+08,1.76406e+09,-3.18548e+08,2.80206e+08,-9.70969e+08,0.00100776,0.000161038,3.6718e-25
0,2.14901e+09,1.68276e+07,3.37856e+08,-5.27942e+07,5.04701e+08,-7.46508e+07,-7.54134e+07,0.000860878,0.000135343,1.22418e-27
0,1.87831e+09,-1.73959e+07,3.18399e+08,7.67501e+09,-4.1352e+08,1.34274e+08,-3.22179e+08,0.000928739,0.000157434,1.62615e-23
0,1.92836e+09,1.88399e+07,3.28926e+08,-8.37822e+08,2.65568e+08,8.55576e+07,-9.58787e+08,0.00100756,0.000171862,9.07443e-27
0,2.2422e+09,1.43819e+06,3.44783e+08,7.9885e+08,-1.33611e+07,2.51193e+07,-9.61501e+07,0.000887706,0.000136502,1.84933e-27
0,2.1415e+09,-2.15973e+06,3.43817e+08,2.87446e+08,-4.36856e+07,4.25379e+07,-2.50166e+08,0.000933288,0.000149839,8.46622e-29
0,2.30289e+09,2.08811e+07,3.30602e+08,2.77071e+09,-3.79354e+08,-1.33242e+08,-1.62585e+08,0.000911955,0.00013092,1.92063e-25
0,2.01731e+09,2.02094e+06,3.20154e+08,2.43492e+09,2.98852e+08,-9.37474e+07,-9.6379e+08,0.000980088,0.000155543,1.27206e-24
0,2.1389e+09,-5.06004e+06,3.31785e+08,-2.18324e+09,-3.97067e+08,-3.24174e+08,-7.18695e+08,0.000977648,0.000151652,-4.1445e-25
0,2.13401e+09,5.04148e+07,3.24496e+08,7.3856e+09,3.9269e+06,2.38026e+07,-5.25307e+08,0.000926973,0.000140955,1.30258e-23
0,2.03188e+09,-1.68623e+07,3.36807e+08,-7.97215e+09,-1.54445e+08,-5.51271e+08,-5.64688e+08,0.000959429,0.000159037,-2.46322e-23
0,2.05913e+09,2.95686e+07,3.02487e+08,8.93592e+09,-1.32324e+09,-2.36137e+08,-7.11767e+08,0.000979616,0.000143906,6.29224e-23
0,1.81441e+09,3.58848e+07,3.14703e+08,3.29426e+08,1.37561e+09,-4.6394e+08,-1.26225e+09,0.000993764,0.000172364,3.32303e-28
0,1.89403e+09,-5.18972e+07,2.98165e+08,-4.50329e+08,-2.16671e+09,3.32197e+08,-7.61966e+08,0.00108086,0.000170153,1.13394e-24
0,2.134e+09,-2.20222e+07,3.18725e+08,-5.19868e+09,-1.5825e+09,-3.14e+08,-8.08983e+08,0.00103459,0.000154522,-1.56034e-23
0,2.0695e+09,-2.73869e+07,2.99674e+08,3.30684e+09,-3.79773e+08,2.0765e+08,-9.11731e+08,0.00101073,0.00014636,3.24517e-24
0,1.99874e+09,2.84752e+07,2.99448e+08,4.07224e+08,-1.35089e+09,5.5102e+07,-1.36274e+09,0.00108747,0.000162924,1.08676e-24
0,2.13433e+09,4.77201e+07,3.23615e+08,7.36591e+09,1.50484e+08,9.21684e+07,-6.31621e+08,0.000945328,0.000143335,1.72515e-23
0,1.74028e+09,-1.79703e+07,2.4698e+08,-2.77349e+08,2.09966e+08,2.80143e+08,-1.61834e+09,0.00112547,0.000159727,3.4903e-25
0,1.99772e+09,-2.12542e+07,3.34559e+08,-5.94469e+09,9.70152e+08,-3.30885e+08,-5.86092e+08,0.000909509,0.000152315,-1.23233e-23
0,1.92966e+09,1.56514e+07,2.77339e+08,5.41445e+09,1.05069e+09,-5.25884e+07,-9.24245e+08,0.000963838,0.000138527,1.76141e-23
0,2.30659e+09,2.01632e+07,3.29586e+08,4.59726e+09,-9.05042e+08,-1.18351e+08,-3.43759e+08,0.000925183,0.000132198,2.06781e-24
0,1.88143e+09,5.46864e+07,3.15097e+08,2.34941e+09,1.45895e+09,-4.61979e+08,-1.14302e+09,0.00102254,0.000171252,1.01955e-24
0,1.85035e+09,-6.22638e+07,3.00191e+08,-1.81046e+09,-7.66626e+08,2.21664e+08,-7.40379e+08,0.00108436,0.000175922,-2.10162e-24
0,2.29867e+09,1.39339e+07,3.28473e+08,-3.52789e+07,-6.85003e+08,-5.68668e+07,-1.6288e+08,0.000924545,0.000132115,-4.77987e-27
0,2.16083e+09,-1.65257e+07,3.37431e+08,-6.46527e+09,-4.19834e+08,-4.61042e+08,-5.36411e+08,0.000968628,0.000151259,-8.47904e-24
0,2.18835e+09,-6.38287e+06,3.25412e+08,-3.94412e+09,-8.18506e+08,2.6017e+08,-5.75408e+08,0.000952422,0.000141627,-3.14988e-24
0,2.04981e+09,-9.16265e+06,3.24738e+08,2.13372e+08,-3.86408e+08,-6.63236e+06,-1.08084e+09,0.00101073,0.000160123,-1.71671e-26
0,2.07431e+09,3.21131e+07,3.31498e+08,7.71567e+09,2.58963e+08,1.51913e+08,-6.93289e+08,0.000936122,0.000149603,2.42299e-23
0,1.94507e+09,3.07037e+07,3.04465e+08,2.5984e+09,4.09396e+07,-7.82737e+07,-1.46319e+09,0.00104166,0.000163054,3.07278e-24
0,2.13774e+09,3.78943e+07,2.80224e+08,-9.2094e+09,6.79676e+08,1.10051e+08,4.9209e+08,0.0010311,0.00013516,4.31707e-23
0,2.1721e+09,-5.33749e+06,3.31332e+08,-1.80448e+09,-5.90439e+08,-2.83626e+08,-6.14335e+08,0.000999194,0.000152417,-2.74924e-25
0,2.26087e+09,1.01958e+06,3.44989e+08,1.13588e+08,-2.67072e+07,1.84302e+07,-6.10173e+07,0.000892141,0.000136133,2.31829e-30
0,2.08302e+09,4.31439e+07,2.84417e+08,3.536e+09,-2.00561e+09,-2.23776e+08,-1.13794e+09,0.00106889,0.000145946,2.15744e-23
0,2.13185e+09,-2.72098e+06,3.43929e+08,-1.55234e+08,1.94114e+07,-2.4313e+07,-2.38906e+08,0.000932227,0.000150395,8.1776e-29
0,2.03756e+09,40132.5,3.21538e+08,7.15344e+09,8.35233e+08,5.09342e+08,-3.15798e+08,0.00103086,0.000162675,2.44648e-23
0,2.15951e+09,702398,3.17843e+08,7.53096e+09,-1.24742e+09,-2.20071e+08,-6.96858e+07,0.000898865,0.000132297,5.19553e-24
0,2.13424e+09,4.90782e+07,3.06294e+08,1.01819e+10,-9.98179e+08,-2.55499e+08,-8.70381e+08,0.000997139,0.000143104,9.17019e-23
0,1.96075e+09,2.6968e+07,3.06823e+08,3.72931e+09,8.29983e+07,-3.95427e+08,-1.27653e+09,0.00103941,0.000162649,9.29611e-24
0,1.93877e+09,-1.99541e+07,3.08498e+08,-4.51001e+09,-1.15003e+09,9.11313e+07,-1.28072e+09,0.00108723,0.000173,-3.30064e-23
0,2.06237e+09,-1.09314e+07,3.29597e+08,-3.99178e+09,1.38604e+08,-1.07316e+08,-7.35381e+08,0.000931922,0.000148935,-3.46389e-24
0,2.05056e+09,-8.06072e+06,3.33887e+08,-6.4313e+09,1.10976e+08,-2.35791e+08,-6.89999e+08,0.00094134,0.000153276,-1.50288e-23
0,2.16857e+09,2.81821e+07,3.2917e+08,7.43902e+09,-5.07162e+08,7.37076e+07,-7.0518e+08,0.000961887,0.000146006,1.97399e-23
0,2.06884e+09,-3.5289e+07,3.18588e+08,-9.80157e+09,-4.57019e+08,1.15864e+08,-8.11841e+08,0.000981125,0.000151087,-7.48805e-23
0,1.91948e+09,3.8684e+07,2.94964e+08,5.08554e+09,3.90472e+08,-1.56157e+08,-1.18409e+09,0.00102991,0.000158265,2.57371e-23
0,2.03553e+09,1.28607e+07,2.91633e+08,3.15569e+08,-1.1367e+09,-7.35488e+08,-1.28119e+09,0.00105434,0.000151056,-1.78756e-24
0,1.83901e+09,-2.46334e+07,3.00465e+08,-4.64307e+09,-8.80657e+07,2.89409e+08,-1.488e+09,0.00105771,0.000172814,-3.35865e-23
0,1.7952e+09,-5.04751e+07,2.85317e+08,1.60877e+09,2.87877e+09,3.10863e+08,-1.02267e+09,0.00105996,0.000168462,-9.53394e-24
0,2.16516e+09,3.11404e+07,3.29995e+08,5.93214e+09,-4.3461e+08,2.198e+08,-7.2241e+08,0.000971851,0.000148121,1.02668e-23
0,2.10643e+09,-4.55392e+07,3.0739e+08,-5.50712e+09,-3.42925e+08,-7.4857e+07,-8.5465e+08,0.00096142,0.000140299,-1.10163e-23
0,2.02466e+09,2.1233e+07,3.04917e+08,-3.22673e+09,-5.07487e+08,1.93691e+08,-9.74896e+08,0.00100423,0.000151239,-4.17418e-24
0,1.9057e+09,-2.785e+07,3.15342e+08,-8.78327e+09,1.03389e+09,2.12343e+07,-9.1992e+08,0.000945364,0.000156433,-7.42542e-23
0,1.99323e+09,-758514,3.34084e+08,-2.53735e+09,3.91766e+08,-5.78198e+07,-6.49304e+08,0.000918969,0.000154028,-9.00085e-25
0,2.1771e+09,-2.63175e+07,3.12533e+08,7.9798e+09,-1.36766e+09,-2.4055e+08,3.46236e+06,0.000925507,0.000132861,5.34237e-24
0,2.01624e+09,1.60416e+06,3.34278e+08,-5.1789e+09,5.13273e+08,-1.42344e+08,-6.82924e+08,0.000932993,0.000154683,-8.53642e-24
0,2.00442e+09,-4.69077e+07,3.09877e+08,-1.27228e+09,-2.39059e+09,-4.37708e+08,-5.21162e+08,0.000999861,0.000154576,-7.9058e-24
0,1.92848e+09,8.41735e+07,3.05439e+08,9.26529e+09,2.22951e+09,-7.66568e+08,-7.39074e+08,0.000910222,0.000144164,1.03549e-23
0,2.17561e+09,1.07793e+07,3.21802e+08,-3.43158e+08,-1.1847e+09,-1.59519e+08,-7.11141e+08,0.000995852,0.0001473,-3.17009e-25
0,1.81546e+09,-6.26362e+06,2.46065e+08,-1.90734e+09,-1.21554e+08,-1.14332e+08,-1.42567e+09,0.00111179,0.00015069,-1.48544e-24
0,1.96175e+09,-5.99061e+07,2.72904e+08,2.46223e+09,-1.72399e+09,-3.49741e+08,4.35873e+08,0.000912372,0.000126922,1.28711e-24
0,2.24706e+09,633110,3.4511e+08,-9.16398e+08,-1.36287e+07,-9.02122e+07,-2.48513e+07,0.000889745,0.000136649,-5.76351e-28
0,2.12419e+09,-1.88966e+07,3.32588e+08,-4.01859e+09,-5.92608e+08,-3.5031e+08,-8.16202e+08,0.000998489,0.000156335,-4.03726e-24
0,1.96797e+09,3.87826e+07,2.73283e+08,5.43284e+09,-1.46212e+09,-7.91223e+07,-1.13766e+09,0.00106966,0.000148539,4.84861e-23
0,1.80835e+09,3.17517e+07,3.23652e+08,6.59439e+09,1.16888e+09,-1.51613e+08,-7.4559e+08,0.000924446,0.000165454,2.62353e-23
0,1.82966e+09,2.80843e+07,3.09203e+08,-3.6511e+08,8.7769e+08,-8.38631e+08,-1.39987e+09,0.00103179,0.000174367,8.62684e-26
0,2.05756e+09,-3.00735e+07,3.04236e+08,-7.08264e+09,-3.38283e+07,6.57617e+07,-8.27442e+08,0.00100926,0.000149232,-3.29665e-23
0,2.13558e+09,-1.88371e+06,3.43313e+08,-3.37243e+08,1.4421e+07,6.88722e+06,-3.03763e+08,0.000930362,0.000149563,-1.40502e-28
0,2.02667e+09,-4.37272e+07,2.97994e+08,-9.00278e+09,-1.84002e+09,-1.27242e+08,-1.0972e+09,0.00108962,0.000160215,-1.7039e-22
0,2.07596e+09,6.75149e+07,3.05349e+08,1.05339e+10,3.82597e+08,-5.90118e+08,-7.02375e+08,0.000950161,0.000139758,5.98621e-23
0,2.17065e+09,-2.24075e+07,3.20853e+08,4.60038e+09,-1.19e+09,7.1273e+07,1.73912e+07,0.000944291,0.00013958,5.15383e-25
0,2.0314e+09,8.17713e+06,3.00898e+08,1.18921e+09,-1.62268e+09,-2.08592e+08,-1.19629e+09,0.00106223,0.000157341,2.20794e-24
0,2.24957e+09,4.10787e+07,3.22776e+08,-7.08923e+09,-1.43229e+08,2.62298e+08,2.38984e+08,0.000932472,0.000133794,3.89238e-24
0,1.89524e+09,1.6796e+07,3.01011e+08,2.57702e+08,4.51235e+08,-8.63615e+08,-1.40092e+09,0.00103915,0.000165042,2.20156e-25
0,1.92741e+09,-5.2943e+07,3.01228e+08,9.28038e+08,-2.22272e+09,-1.46732e+08,-8.11208e+08,0.00103435,0.000161655,4.13779e-24
0,2.16656e+09,1.69154e+07,3.29158e+08,1.11862e+09,-7.47253e+08,1.9561e+07,-7.95969e+08,0.00100283,0.000152357,2.56801e-25
0,2.1946e+09,2.1229e+07,3.06203e+08,-6.54641e+09,-2.34905e+08,-1.83729e+08,1.29262e+08,0.000979072,0.000136605,2.9687e-24
0,1.91135e+09,-1.162e+07,2.89059e+08,1.37255e+10,-4.94962e+08,2.54454e+08,2.55591e+08,0.001018,0.000153955,-1.2567e-22
0,2.03423e+09,7.73914e+07,3.11615e+08,7.95747e+09,1.57278e+09,-3.71615e+08,-7.4044e+08,0.000922765,0.000141355,1.91775e-23
0,2.09459e+09,1.64867e+07,3.04875e+08,-2.2098e+08,-1.81358e+09,1.4177e+08,-1.11582e+09,0.00107538,0.000156526,2.63749e-25
0,2.05973e+09,-2.40889e+06,3.22804e+08,-3.62139e+09,-6.97031e+08,-3.61866e+08,-6.72248e+08,0.000978537,0.000153358,-2.44145e-24
0,2.07973e+09,-1.56714e+07,3.0668e+08,-6.86362e+09,-1.14489e+09,-5.91192e+08,-1.03135e+09,0.00102029,0.000150453,-2.99297e-23
0,2.07863e+09,-9.16218e+06,3.30149e+08,-6.37642e+09,1.7629e+08,-3.82298e+08,-7.40516e+08,0.000958956,0.000152311,-1.64497e-23
0,1.96116e+09,8.05315e+07,3.00473e+08,1.18801e+10,8.61276e+08,-3.12343e+08,-1.13607e+09,0.000976482,0.000149609,2.19172e-22
0,2.13096e+09,-2.23761e+06,2.7262e+08,-9.30716e+08,1.52136e+09,2.21953e+07,5.57906e+08,0.00107535,0.000137573,1.32118e-24
0,1.82751e+09,-1.05364e+07,2.6058e+08,-3.87097e+09,-2.79827e+08,-6.71276e+07,-1.47524e+09,0.00109532,0.000156178,-2.28536e-23
0,1.75312e+09,-6.31666e+07,3.05342e+08,2.1481e+09,6.82744e+08,4.2485e+08,-3.88165e+08,0.000971291,0.00016917,1.81554e-24
0,1.89743e+09,-1.00457e+07,3.10417e+08,-4.86768e+08,5.25513e+08,1.09956e+08,-1.31176e+09,0.00102236,0.000167257,9.02488e-26
0,2.24374e+09,290128,3.45098e+08,-1.08625e+09,-7.58263e+06,-1.26949e+08,-3.12509e+07,0.000881929,0.000135645,-1.2765e-27
0,2.23035e+09,6.94845e+06,3.07128e+08,1.75224e+09,-2.62613e+07,-1.66102e+06,7.58972e+07,0.000985145,0.000135658,-2.7396e-26
0,1.92874e+09,1.02848e+07,2.8749e+08,-1.16481e+10,-2.31387e+09,2.21194e+08,-1.03696e+09,0.00112634,0.000167887,-6.22093e-22
0,1.86876e+09,2.40943e+07,2.99735e+08,1.1918e+09,-3.43149e+08,-5.95987e+08,-1.27042e+09,0.00104406,0.000167459,-4.60947e-25
0,2.08292e+09,-1.57028e+07,3.08809e+08,-4.564e+09,-1.68265e+09,4.63159e+07,-1.00456e+09,0.00108599,0.000161006,-2.71783e-23
0,2.11978e+09,-8.59832e+06,3.20785e+08,-4.22664e+09,-5.14757e+08,-1.53767e+08,-7.15696e+08,0.000974558,0.000147479,-4.24189e-24
0,2.0433e+09,-1.93591e+07,3.04008e+08,1.04784e+10,-2.07447e+09,-3.04657e+08,-4.70714e+07,0.000917726,0.000136542,3.18157e-23
0,2.00343e+09,5.29848e+07,3.21362e+08,6.37933e+09,1.51825e+09,-2.70912e+08,-6.69746e+08,0.000906092,0.000145343,8.38556e-24
0,1.75098e+09,-5.67963e+07,3.05086e+08,4.87107e+09,1.86937e+09,6.6556e+08,-3.77123e+08,0.000982989,0.000171273,2.28369e-23
0,2.02048e+09,-2.26098e+06,3.33794e+08,-3.24088e+09,-4.39688e+08,-1.06133e+08,-6.86541e+08,0.000979927,0.000161889,-2.43605e-24
0,1.99463e+09,-7.70411e+07,3.04484e+08,-1.201e+10,8.70465e+08,3.19577e+08,-9.16582e+08,0.00097317,0.000148556,-1.62598e-22
0,1.91683e+09,3.59578e+07,3.01918e+08,-2.0745e+08,4.19141e+08,-3.20084e+08,-1.37386e+09,0.00103089,0.000162375,1.5092e-25
0,1.60294e+09,-4.40283e+07,2.41197e+08,6.40029e+09,-4.41119e+08,5.30165e+08,-1.18694e+09,0.00111354,0.000167557,1.73064e-22
0,1.67256e+09,2.87953e+07,2.34437e+08,-1.31061e+10,-1.50346e+09,2.03871e+07,4.64227e+08,0.0013484,0.000189001,1.3354e-21
0,2.07944e+09,2.23836e+07,3.21699e+08,7.25944e+09,-2.18797e+08,-3.42789e+08,-7.4589e+08,0.000955865,0.000147877,2.39698e-23
0,1.84964e+09,-8.40737e+06,2.95152e+08,1.36588e+09,5.68588e+08,-2.90089e+08,-8.07073e+08,0.00106346,0.0001697,2.82025e-25
0,1.89159e+09,3.10038e+06,3.00329e+08,1.81456e+09,-1.01768e+09,-8.95656e+08,-1.10444e+09,0.00106116,0.00016848,2.14332e-25
0,2.11665e+09,-1.64784e+06,3.44343e+08,2.11677e+08,1.3582e+06,2.7117e+07,-1.83115e+08,0.000928407,0.000151036,2.25428e-29
0,2.14226e+09,-1.60974e+07,3.23185e+08,-6.1925e+09,-5.19017e+08,-1.06374e+08,-6.28707e+08,0.000971014,0.000146489,-1.11845e-23
0,2.20035e+09,1.03926e+07,2.97689e+08,-3.55819e+09,-5.10117e+08,-1.38553e+08,1.37095e+08,0.00101002,0.000136648,6.88217e-25
0,1.90859e+09,-4.13541e+07,3.0956e+08,-7.39786e+09,-2.98555e+08,-4.98179e+07,-1.0244e+09,0.00103699,0.000168192,-7.70396e-23
0,1.87062e+09,4.29269e+07,3.18211e+08,-1.07579e+09,1.98381e+09,-1.07633e+09,-7.36061e+08,0.000919065,0.000156342,-9.32902e-25
0,1.81311e+09,2.11586e+07,2.95147e+08,4.53238e+08,5.36826e+08,-7.22386e+08,-1.37013e+09,0.0010254,0.00016692,3.30548e-26
0,1.91112e+09,8.55795e+07,2.85612e+08,-1.38694e+09,-1.53279e+09,-5.69632e+08,-8.93237e+08,0.00110239,0.000164749,-6.12264e-24
0,2.01529e+09,2.55111e+07,3.23046e+08,7.41863e+09,2.50837e+07,1.9281e+07,-8.76983e+08,0.000958788,0.000153691,3.44301e-23
0,2.19734e+09,1.06836e+06,3.35948e+08,2.71608e+09,-5.4776e+08,-1.41965e+08,-5.13861e+08,0.00093846,0.000143479,7.54717e-25
0,2.06843e+09,-5.32607e+06,3.27835e+08,3.96478e+09,5.16486e+07,3.15897e+08,-7.87594e+08,0.000950879,0.000150709,3.86481e-24
0,1.27187e+09,1.55325e+07,2.20871e+08,-9.08061e+09,-2.64113e+09,-2.72824e+08,3.8038e+08,0.00117041,0.000203252,5.26048e-22
0,1.98717e+09,2.01332e+06,3.04125e+08,5.42745e+09,-2.95099e+08,4.76732e+07,-1.13746e+09,0.00100956,0.000154508,2.36287e-23
0,2.0453e+09,5.35021e+07,3.00766e+08,6.10814e+09,-1.06017e+09,-5.12002e+07,-1.2842e+09,0.00109143,0.000160498,5.63821e-23
0,1.93421e+09,-5.09868e+07,3.08716e+08,-7.0515e+09,1.96772e+08,1.90701e+08,-1.02726e+09,0.00101508,0.000162015,-5.52994e-23
0,1.87439e+09,-4.22066e+06,3.15388e+08,8.1401e+09,1.84342e+09,5.85737e+08,-2.25952e+08,0.0010403,0.000175042,5.78701e-23
0,1.82435e+09,-8.8621e+06,2.68818e+08,-3.45502e+09,2.5525e+08,-2.4598e+08,-1.35525e+09,0.00105247,0.000155081,-1.26666e-23
0,1.92983e+09,-6.00287e+07,3.01373e+08,-5.93648e+09,9.29037e+08,2.13253e+08,-1.17824e+09,0.000989968,0.000154598,-3.19731e-23
0,2.26329e+09,-22139.3,3.45094e+08,-7.66887e+08,-5.3914e+06,-1.11552e+08,-3.24003e+07,0.000875373,0.000133472,-4.21741e-28
0,1.76839e+09,-3.00133e+07,2.86787e+08,2.75113e+09,-8.22154e+08,-8.72154e+08,-1.18637e+09,0.00102539,0.000166293,5.98547e-24
0,2.21437e+09,5.133e+06,3.04202e+08,-1.94739e+09,1.03032e+07,-6.43985e+07,2.55251e+08,0.000960046,0.000131888,1.12657e-25
0,2.07458e+09,-4.01322e+07,2.86829e+08,-1.32933e+09,-3.60805e+09,-2.21579e+08,-7.8856e+08,0.00105807,0.000146288,-2.86339e-23
0,2.32044e+09,7.20359e+06,3.29441e+08,2.09365e+09,-1.01619e+09,-3.24174e+07,-2.64968e+08,0.000919391,0.000130529,3.42196e-25
0,1.91894e+09,-7.46966e+07,3.10309e+08,-8.30935e+09,1.23353e+09,-6.54154e+07,-9.1875e+08,0.000960202,0.000155273,-6.79061e-23
0,1.95497e+09,3.54912e+07,3.17399e+08,2.75977e+09,8.04034e+08,-3.91652e+08,-9.34534e+08,0.000986939,0.000160234,1.72709e-24
0,2.11192e+09,4.66759e+07,3.12662e+08,1.99273e+09,-1.72887e+08,-2.01088e+08,-8.36829e+08,0.00098297,0.000145525,4.94885e-25
0,2.05709e+09,2.15792e+07,2.97311e+08,5.5678e+08,-1.29664e+09,-1.83183e+08,-1.03763e+09,0.00102704,0.000148437,1.32774e-25
0,1.28864e+09,-5.82455e+07,2.2669e+08,-2.47371e+09,-1.25169e+09,-4.53027e+08,2.77214e+08,0.00112457,0.000197828,2.05434e-23
0,2.32293e+09,1.30515e+07,3.27564e+08,2.9372e+09,-1.31514e+09,-1.10978e+08,-3.36265e+08,0.000934874,0.00013183,1.23164e-24
0,1.99592e+09,-4.48009e+07,3.20619e+08,-8.53219e+09,8.17837e+07,-2.44509e+08,-6.65778e+08,0.000994669,0.000159781,-5.0986e-23
0,2.06603e+09,-1.42775e+07,3.12648e+08,-5.55003e+09,-1.53857e+09,-9.31082e+08,-6.70879e+08,0.00106352,0.00016094,-1.38472e-24
0,1.91542e+09,8.10093e+06,3.11694e+08,5.70093e+09,1.49402e+09,3.83727e+08,-1.04528e+09,0.00092709,0.000150865,2.65238e-23
0,1.94252e+09,-1.20453e+07,3.17876e+08,-4.00659e+08,1.49176e+09,1.52161e+08,-7.80069e+08,0.000914928,0.000149719,3.95857e-26
0,2.01259e+09,1.02635e+07,3.03469e+08,-2.05655e+09,-1.59564e+09,-4.52394e+07,-1.3414e+09,0.00111293,0.000167813,-9.38603e-24
0,2.11372e+09,3.07435e+07,3.16413e+08,3.68106e+09,-7.22917e+08,-2.86707e+07,-8.21555e+08,0.000980276,0.000146742,4.04484e-24
0,1.96248e+09,1.66024e+07,3.00219e+08,-6.61583e+09,-2.82454e+09,-9.92587e+08,-8.42156e+08,0.00107306,0.000164156,-5.46453e-23
0,2.028e+09,1.48018e+07,2.86875e+08,3.27065e+08,2.29035e+09,1.01486e+09,2.24515e+08,0.00108764,0.000153854,-7.07567e-24
0,2.27769e+09,-1.47563e+06,3.41844e+08,-3.18454e+09,-4.03628e+08,-1.0025e+08,-2.60971e+08,0.000946577,0.000142066,-3.92466e-25
0,2.02155e+09,-1.30556e+07,3.02509e+08,4.02621e+09,-2.25224e+09,-3.10062e+08,-6.9941e+08,0.000998372,0.000149398,2.22138e-23
0,2.02096e+09,-4.85332e+07,3.24643e+08,-8.16833e+09,4.10718e+08,-3.50249e+08,-6.87381e+08,0.000962229,0.000154571,-3.94274e-23
0,1.89963e+09,-9.76594e+06,3.22849e+08,-1.53549e+09,1.29239e+09,-1.55909e+08,-9.41443e+08,0.000946152,0.000160801,-5.25216e-25
0,2.01552e+09,1.41013e+07,3.22009e+08,3.67482e+09,-6.42903e+07,-6.68677e+08,-7.19812e+08,0.00100295,0.000160235,3.94853e-24
0,2.21856e+09,-4.29246e+06,3.40559e+08,-4.97824e+09,-3.40269e+08,-1.06991e+08,-3.42913e+08,0.000935615,0.000143621,-2.14808e-24
0,1.9082e+09,7.63062e+07,2.96433e+08,7.70061e+09,1.20052e+09,-7.62138e+08,-9.96923e+08,0.000948669,0.000147373,3.76138e-23
0,1.87815e+09,1.63191e+07,2.97478e+08,-2.23986e+08,-1.83247e+09,-2.86573e+08,-1.00737e+09,0.00101128,0.000160175,-3.0782e-24
0,2.26598e+09,-1.20516e+07,3.32727e+08,-3.42928e+09,-1.03701e+09,-8.52997e+07,-5.95958e+08,0.000979027,0.000143756,-2.1038e-24
0,2.14313e+09,1.3145e+07,3.20345e+08,4.3786e+08,-1.24979e+09,1.61869e+08,-9.73409e+08,0.0010266,0.000153451,6.17841e-25
0,1.76576e+09,-9.41545e+07,2.75366e+08,-1.78568e+09,-5.26667e+08,7.81188e+08,-8.49981e+08,0.00102641,0.000160066,-6.54568e-25
0,2.00089e+09,-7.34638e+06,3.33491e+08,1.50914e+09,2.96587e+08,3.03499e+08,-2.85001e+08,0.000925465,0.000154249,1.46641e-25
0,1.79894e+09,-2.0467e+06,3.01296e+08,-4.44103e+09,-2.38583e+08,4.10243e+07,-1.52699e+09,0.00107898,0.000180714,-3.71529e-23
0,1.9597e+09,-4.71381e+07,2.8597e+08,-6.92057e+09,1.35343e+09,1.2261e+08,-9.15549e+08,0.000969082,0.000141413,-3.25817e-23
0,2.11571e+09,1.87476e+07,3.09276e+08,-2.02942e+09,-9.62313e+08,-5.12369e+08,-8.27307e+08,0.00101635,0.000148572,-7.86234e-25
0,1.97959e+09,-2.48257e+07,3.06175e+08,-4.31185e+09,-5.9103e+08,2.89331e+08,-9.60817e+08,0.00102788,0.000158978,-1.28921e-23
0,2.116e+09,4.0641e+07,2.92443e+08,1.28433e+10,6.62261e+08,2.04894e+08,-2.45796e+08,0.00104404,0.000144292,6.85487e-23
0,1.80503e+09,6.61187e+06,2.72928e+08,-9.12093e+08,8.42298e+07,-2.44254e+08,-1.37509e+09,0.00103844,0.000157015,4.00153e-25
0,2.05212e+09,6.76704e+07,3.05823e+08,8.1331e+09,8.39518e+07,-2.43665e+08,-3.99576e+08,0.000905504,0.000134946,1.40597e-23
0,2.12757e+09,-2.85566e+06,3.43969e+08,7.40631e+08,-2.86124e+07,1.01384e+08,-2.31103e+08,0.000937036,0.000151492,4.89576e-27
0,1.99274e+09,-2.76256e+07,3.01158e+08,-8.41343e+09,-1.29103e+09,-3.28912e+08,-1.03437e+09,0.00100919,0.000152516,-7.90255e-23
0,2.01421e+09,-5.32259e+07,3.26559e+08,-7.61964e+09,1.08382e+09,-3.76386e+08,-5.55595e+08,0.000932592,0.000151199,-2.68994e-23
0,1.93831e+09,-2.82949e+07,3.31661e+08,-6.63917e+09,1.16597e+09,-2.52575e+08,-6.24652e+08,0.000898766,0.000153786,-1.86857e-23
0,1.91503e+09,5.27308e+07,2.89e+08,-8.50865e+09,-2.10652e+09,3.30579e+08,9.54298e+08,0.0009958,0.000150278,5.92975e-23
0,2.1092e+09,343556,3.40598e+08,-5.17313e+09,1.29891e+08,-6.08422e+07,-3.60899e+08,0.000917994,0.000148239,-3.14964e-24
0,1.86535e+09,-3.605e+07,2.88378e+08,6.76759e+09,-3.02842e+08,-4.81246e+07,-8.55953e+08,0.00111683,0.000172659,8.15255e-23
0,2.043e+09,-2.51992e+07,3.13291e+08,-7.78973e+09,-9.08365e+08,3.41374e+08,-9.80655e+08,0.00100733,0.000154473,-6.20706e-23
0,2.14996e+09,-2.73854e+07,3.05972e+08,-1.01649e+09,-9.96188e+08,-1.03368e+08,-8.68841e+08,0.000987117,0.000140482,-4.52283e-25
0,2.33338e+09,-944234,3.41352e+08,-5.8755e+07,-3.00457e+08,2.43508e+07,-5.79646e+07,0.000871363,0.000127472,-3.81069e-29
0,2.0909e+09,-5.38558e+06,3.15861e+08,2.42499e+08,-1.05449e+09,-1.00542e+08,-8.85027e+08,0.00099877,0.000150879,-6.52843e-27
0,2.10034e+09,5.26275e+07,3.19512e+08,-3.03458e+09,5.0465e+08,2.83557e+08,2.57244e+08,0.000922112,0.000140276,7.39626e-25
0,2.03904e+09,-3.54492e+07,3.00218e+08,3.38437e+09,-2.36021e+08,4.17866e+08,-9.99573e+08,0.0010111,0.00014887,3.63114e-24
0,1.81642e+09,-2.22511e+07,2.88632e+08,2.61157e+09,-1.17964e+09,-4.26529e+07,-5.75919e+08,0.00100339,0.000159441,5.17146e-24
0,2.10822e+09,2.32212e+07,3.23955e+08,2.60833e+09,-6.49748e+08,2.13085e+08,-9.81609e+08,0.00101756,0.00015636,1.7872e-24
0,1.9737e+09,1.15533e+06,3.27721e+08,-3.28122e+09,-6.58978e+07,-2.14663e+07,-9.4382e+08,0.00100741,0.000167274,-4.23756e-24
0,1.82854e+09,3.07254e+07,2.56691e+08,-1.29741e+10,-2.17465e+09,-3.22067e+08,1.43673e+08,0.00106005,0.000148811,1.14073e-22
0,1.96355e+09,3.77602e+07,3.22216e+08,7.1168e+08,9.68447e+08,-2.87727e+08,-9.13438e+08,0.000958939,0.000157361,6.38529e-27
0,2.03537e+09,-1.81268e+07,3.13397e+08,-4.56477e+08,-8.39964e+08,5.21034e+07,-1.00351e+09,0.00104771,0.000161321,-1.0359e-25
0,1.87065e+09,2.32755e+07,3.15222e+08,4.84473e+09,-2.30591e+08,-2.25968e+08,9.59236e+07,0.00110046,0.000185437,-2.10177e-24
0,2.04236e+09,4.57151e+07,3.19873e+08,1.13831e+10,4.44242e+07,2.51969e+08,-8.68586e+08,0.000966679,0.0001514,1.21277e-22
0,2.02156e+09,-4.95921e+07,3.11054e+08,-5.8259e+09,3.95415e+08,2.35395e+08,-9.2584e+08,0.00100074,0.000153983,-2.03033e-23
0,2.09524e+09,-2.53233e+07,3.36668e+08,-4.30185e+09,5.19478e+08,-9.87137e+07,-4.07067e+08,0.000903082,0.00014511,-2.09763e-24
0,2.00023e+09,-2.40518e+07,3.33206e+08,-6.41617e+09,9.33877e+08,-3.01223e+08,-6.67811e+08,0.000902292,0.000150307,-1.58435e-23
0,1.8378e+09,8.71294e+06,2.94444e+08,1.29877e+09,-1.65437e+09,4.44478e+08,-3.46172e+08,0.0010596,0.000169763,4.57569e-24
0,1.74244e+09,-4.35746e+06,2.99892e+08,-9.61984e+08,1.31738e+09,1.209e+08,-1.54705e+09,0.00103282,0.000177758,-2.31921e-25
0,1.83642e+09,-4.29336e+07,3.15599e+08,-5.24966e+09,1.29916e+09,5.22845e+07,-9.53353e+08,0.000960297,0.000165033,-2.03592e-23
0,2.1179e+09,1.17484e+07,3.30416e+08,4.48633e+09,-6.85696e+08,3.69101e+08,-7.3264e+08,0.00097378,0.00015192,4.44915e-24
0,2.00077e+09,3.99935e+07,2.81172e+08,-6.16181e+09,-5.46676e+08,-4.35689e+08,1.8005e+08,0.000980331,0.000137768,8.06704e-24
0,1.88928e+09,-667129,2.7006e+08,9.22293e+09,-3.26123e+09,-2.53536e+08,-9.17913e+08,0.00106582,0.000152352,4.0627e-22
0,2.02125e+09,-3.82243e+07,3.1332e+08,-5.98957e+09,3.85027e+08,1.83793e+08,-8.99991e+08,0.000980073,0.000151924,-1.96309e-23
0,1.81178e+09,6.3407e+07,3.08319e+08,-5.78005e+09,-1.89808e+09,1.22495e+08,-8.31056e+08,0.00108867,0.000185263,-9.55822e-23
0,2.1092e+09,-2.64332e+07,3.22617e+08,-7.7686e+09,-7.657e+08,-3.55655e+08,-6.24415e+08,0.000966705,0.000147864,-2.03966e-23
0,1.82444e+09,-4.9581e+06,2.77753e+08,1.7082e+09,4.77645e+07,4.01178e+08,-1.35383e+09,0.00104949,0.000159774,3.50487e-25
0,1.85218e+09,2.51081e+07,3.1405e+08,6.70689e+08,1.8173e+09,-5.91341e+08,-1.07918e+09,0.000985332,0.00016707,4.48577e-27
0,2.1122e+09,1.50423e+06,3.32992e+08,3.28379e+09,-6.47846e+08,2.77402e+08,-6.77464e+08,0.000982077,0.000154826,1.83587e-24
0,2.08652e+09,-1.71421e+07,3.16535e+08,-5.8657e+09,-1.27065e+09,4.37724e+08,-8.22136e+08,0.00101812,0.000154453,-2.75849e-23
0,1.97275e+09,-2.52125e+07,3.2204e+08,-5.5719e+09,3.09359e+08,-1.30965e+08,-8.65407e+08,0.000959995,0.000156714,-1.64619e-23
0,2.09669e+09,4.42965e+06,3.42342e+08,3.67627e+09,2.63266e+08,1.95581e+08,-2.37241e+08,0.000906276,0.000147974,8.44757e-25
0,2.04636e+09,-2.91387e+07,3.15845e+08,-4.10406e+09,-2.93381e+08,1.17808e+08,-8.58145e+08,0.000992434,0.000153177,-6.35402e-24
0,1.99885e+09,-1.39095e+07,2.67332e+08,3.37796e+09,-9.97911e+08,5.69385e+08,2.64664e+08,0.00101402,0.000135618,-4.13566e-24
0,1.97453e+09,-2.25822e+06,3.19012e+08,-1.05048e+09,-1.13155e+08,-1.41284e+08,-1.22163e+09,0.00101224,0.00016354,7.26684e-26
0,1.96011e+09,-3.43638e+07,3.08799e+08,-1.51697e+09,3.54939e+08,2.06584e+08,-8.68086e+08,0.000953958,0.000150288,-2.10462e-25
0,2.16371e+09,-2.6243e+07,3.2075e+08,-7.50841e+09,-1.2413e+09,-1.73369e+08,-7.37669e+08,0.00104039,0.000154227,-3.36685e-23
0,2.11435e+09,-4.7603e+06,3.43692e+08,8.39211e+07,-9.91387e+06,2.8992e+07,-2.63254e+08,0.00094171,0.000153077,-9.7028e-29
0,1.59855e+09,2.78498e+07,2.21521e+08,-7.73125e+09,-1.36364e+09,-2.84864e+08,-1.10478e+09,0.00113098,0.000156726,-3.66635e-22
0,1.64554e+09,-3.32281e+06,2.81813e+08,3.96627e+09,2.32761e+08,-8.61732e+08,-1.45309e+09,0.00103357,0.000177007,2.48106e-23
0,2.04544e+09,2.3307e+07,3.13495e+08,2.82412e+09,-2.45152e+08,-3.32545e+08,-9.3847e+08,0.000980501,0.000150276,1.99757e-24
0,1.89164e+09,9.67987e+06,3.08025e+08,1.79543e+08,-1.49953e+09,-2.04709e+07,-1.56151e+08,0.00107358,0.000174816,2.70851e-25
0,1.98153e+09,2.74981e+07,3.18007e+08,1.72784e+09,3.72325e+08,-5.89395e+08,-9.24126e+08,0.00101086,0.000162228,2.69567e-25
0,1.75528e+09,2.56067e+07,3.2433e+08,-4.18009e+09,-1.22872e+09,-2.71019e+08,-7.97676e+08,0.00105296,0.000194559,-2.18425e-23
0,1.99981e+09,-2.38118e+07,3.12574e+08,-6.73861e+09,-2.73866e+08,4.40844e+08,-9.80904e+08,0.000998076,0.000156001,-3.78596e-23
0,2.15441e+09,-2.04563e+07,2.99401e+08,1.21649e+09,-2.14659e+09,-6.503e+08,-3.07696e+08,0.00103628,0.000144012,5.73605e-25
0,1.91743e+09,-1.34816e+07,3.18036e+08,1.58089e+09,1.31949e+09,6.46209e+08,-6.62424e+08,0.000935189,0.000155116,1.13465e-24
0,2.10072e+09,-1.67881e+07,2.9221e+08,6.3582e+09,2.43886e+08,3.7665e+08,3.66816e+08,0.000939708,0.000130713,-5.81359e-24
0,1.67587e+09,-1.95072e+07,2.76388e+08,6.96945e+09,-7.49175e+08,-3.25299e+08,-1.29548e+09,0.00105679,0.000174288,1.87821e-22
0,2.12022e+09,1.09535e+07,3.13092e+08,2.16127e+08,-1.5083e+09,1.80472e+08,-1.06083e+09,0.00104219,0.000153899,9.2143e-25
0,2.20922e+09,1.48566e+07,3.09735e+08,-5.42928e+09,-1.60553e+08,-4.66704e+07,2.93437e+08,0.000934282,0.000130988,2.57365e-24
0,1.99928e+09,-5.31992e+07,2.79545e+08,-9.64706e+09,2.0074e+08,7.13471e+08,-7.53045e+08,0.000966161,0.000135091,-6.62052e-23
0,1.91006e+09,-4.35825e+07,3.18972e+08,-2.2026e+09,1.42217e+09,4.98274e+08,-7.91995e+08,0.000946668,0.00015809,1.37794e-25
0,2.03974e+09,-1.34575e+07,3.06463e+08,-1.6659e+10,-4.38566e+08,-2.75355e+08,-2.26925e+08,0.000985769,0.000148108,-1.0011e-22
0,1.84356e+09,-2.85156e+07,3.11194e+08,-5.90473e+09,1.02318e+09,5.43901e+08,-1.07769e+09,0.000971165,0.000163933,-2.73488e-23
0,2.2773e+09,797114,3.44989e+08,7.18017e+08,-4.66263e+06,2.23882e+07,-4.93786e+07,0.000871442,0.000132015,5.89768e-28
0,2.18089e+09,-2.15037e+07,3.21268e+08,-2.41116e+09,-9.19315e+08,1.3765e+08,-8.46592e+08,0.000989461,0.000145758,-1.53732e-24
0,2.10676e+09,1.30122e+07,3.30156e+08,6.51992e+09,-4.20828e+08,1.21722e+08,-5.64709e+08,0.00092762,0.00014537,1.00269e-23
0,1.7652e+09,-6.45528e+07,2.66446e+08,4.08945e+09,-2.56432e+08,8.50592e+08,-1.08768e+09,0.00115408,0.000174201,2.11963e-23
0,2.05229e+09,-2.77689e+07,3.24848e+08,-1.70576e+09,8.1609e+08,4.00125e+07,-7.46596e+08,0.000941736,0.000149063,-2.77379e-25
0,1.95363e+09,8.2751e+06,3.2248e+08,3.53113e+09,4.04253e+08,2.42219e+08,-6.96729e+08,0.000938667,0.000154943,3.47487e-24
0,1.86804e+09,-2.94067e+07,3.15872e+08,-2.17762e+09,-2.10325e+08,-4.0106e+08,-1.39672e+09,0.0010393,0.000175738,-1.33405e-24
0,2.07286e+09,-3.28004e+06,3.16159e+08,-4.15988e+08,-8.13716e+08,-6.71097e+08,-9.60035e+08,0.00100531,0.000153334,-3.26379e-25
0,1.92076e+09,2.35999e+07,3.05131e+08,4.83303e+09,1.14384e+09,-4.19868e+08,-1.11704e+09,0.000964227,0.000153177,1.21585e-23
0,1.8562e+09,-8.6688e+06,2.9823e+08,6.03958e+09,6.44442e+08,2.39626e+08,-1.14469e+09,0.000972278,0.000156213,4.18636e-23
0,1.80392e+09,2.23182e+07,2.55366e+08,3.2884e+09,5.35598e+08,1.46521e+08,-1.34888e+09,0.00106999,0.00015147,1.32246e-23
0,1.74956e+09,-599461,2.84254e+08,9.24109e+09,-1.07819e+09,5.38439e+07,-1.17328e+09,0.00110823,0.000180057,3.90673e-22
0,2.23069e+09,3.64044e+07,3.20644e+08,5.97462e+08,-1.39017e+09,-2.94954e+08,-1.79715e+08,0.000943899,0.000135678,5.04508e-26
0,2.14086e+09,2.69326e+07,3.25662e+08,7.41077e+09,-7.0012e+08,1.75305e+08,-8.42888e+08,0.000978686,0.000148875,2.65129e-23
0,2.32809e+09,8.20046e+06,3.31816e+08,1.91952e+09,-1.06377e+09,-6.54338e+07,-2.68007e+08,0.000919987,0.000131123,3.3023e-25
0,1.82857e+09,-7.80041e+07,2.73296e+08,2.27025e+09,8.91873e+08,8.37054e+08,-1.03904e+09,0.00116686,0.000174397,1.16045e-23
0,2.09483e+09,2.00022e+07,3.31094e+08,4.48554e+09,-1.55387e+08,3.6357e+08,-6.28758e+08,0.000959476,0.000151648,4.09656e-24
0,2.20308e+09,-2.30548e+07,3.2404e+08,-4.56852e+09,-7.52011e+08,1.08415e+08,-6.0025e+08,0.000958049,0.000140914,-4.29903e-24
0,2.03695e+09,-8.34551e+06,3.31942e+08,-5.16816e+09,-1.72373e+08,-3.9264e+08,-8.19222e+08,0.000972888,0.000158542,-1.01944e-23
0,1.978e+09,-1.4523e+07,3.18128e+08,-5.27713e+09,-1.80509e+08,-8.76263e+07,-1.0949e+09,0.00101465,0.000163189,-2.17625e-23
0,2.12194e+09,-9.15398e+06,3.16341e+08,-2.17564e+09,-1.25521e+09,-2.70301e+08,-8.43968e+08,0.00100146,0.000149299,-2.11937e-24
0,1.71612e+09,-5.64737e+07,2.39884e+08,-2.42338e+09,-8.09982e+08,3.76192e+08,-1.39802e+09,0.00113297,0.00015837,-1.03362e-23
0,2.04252e+09,6.54596e+07,3.03045e+08,1.04362e+10,6.01375e+08,-6.02848e+08,-8.48222e+08,0.000952094,0.00014126,7.46884e-23
0,2.00485e+09,1.03285e+06,3.15802e+08,5.85155e+08,-4.33772e+08,2.15325e+07,-9.51754e+08,0.000958363,0.000150961,1.38561e-26
0,2.21325e+09,1.44871e+07,3.35395e+08,2.3755e+09,-7.3075e+08,2.01327e+08,-6.05943e+08,0.000987546,0.000149653,6.66918e-25
0,2.06672e+09,3.7242e+07,3.25395e+08,8.11812e+09,4.82181e+08,5.70606e+07,-7.06788e+08,0.000933674,0.000147002,2.8822e-23
0,1.87926e+09,-4.09434e+07,2.84398e+08,-1.72699e+09,1.51547e+09,6.54829e+08,-9.69648e+08,0.00116456,0.000176239,4.41908e-25
0,2.13113e+09,1.98305e+07,2.84392e+08,-4.76155e+09,-9.19307e+07,-1.5063e+08,2.81375e+08,0.00100567,0.000134204,2.92088e-24
0,1.98107e+09,1.91463e+06,3.25463e+08,7.17516e+09,-4.82523e+08,6.75681e+08,-5.35418e+08,0.000970003,0.000159359,1.53225e-23
0,1.98265e+09,-1.79335e+07,3.04637e+08,8.26851e+09,-2.6844e+09,1.67553e+08,-7.13286e+08,0.00103499,0.000159027,1.18879e-22
0,2.01046e+09,-2.35569e+07,3.27153e+08,-4.89185e+09,8.51056e+08,-1.46823e+08,-8.45951e+08,0.000940158,0.000152987,-9.68519e-24
0,1.92678e+09,-3.22944e+07,2.81078e+08,4.65522e+09,-5.43671e+08,-4.77164e+07,-1.19335e+09,0.00120002,0.00017506,4.50867e-23
0,1.94835e+09,-3.60663e+07,2.83348e+08,1.22318e+10,1.80196e+08,6.16868e+08,9.59417e+08,0.00122542,0.000178212,-6.60534e-22
0,2.062e+09,-4.5799e+07,3.24509e+08,-7.25528e+09,-1.55076e+08,-4.61032e+08,-1.00195e+09,0.0010048,0.000158132,-3.94143e-23
0,2.10126e+09,1.27703e+07,3.36686e+08,1.18159e+09,-3.5614e+08,4.29844e+08,-5.88988e+08,0.00101266,0.000162259,-1.66227e-26
0,2.2708e+09,-3.19234e+06,3.32219e+08,3.51293e+09,-8.23665e+08,-1.20206e+08,-1.07064e+08,0.000897666,0.000131329,4.81676e-25
0,1.98956e+09,-2.90669e+06,3.32668e+08,-3.94978e+09,2.99541e+08,-2.66133e+08,-8.07948e+08,0.000956122,0.00015987,-5.31399e-24
0,2.10279e+09,-4.45546e+06,3.41049e+08,-3.29058e+09,5.92749e+07,-4.30075e+08,-3.06335e+08,0.000909671,0.000147538,-6.83331e-25
0,1.75513e+09,4.94819e+06,2.55549e+08,1.97163e+09,1.56827e+08,1.16647e+08,-1.5405e+09,0.00109362,0.000159232,1.80832e-24
0,2.24696e+09,3.64027e+07,3.28233e+08,-6.6102e+09,-7.82976e+07,1.65035e+08,3.18866e+08,0.000910146,0.000132953,3.93146e-24
0,1.91699e+09,2.34151e+07,3.15155e+08,-5.02958e+09,2.75684e+08,-3.41452e+08,-8.24049e+08,0.000958164,0.000157524,-1.36406e-23
0,1.8461e+09,4.22896e+07,2.90217e+08,8.81914e+09,-1.33542e+08,-6.31345e+07,-9.84643e+08,0.00105216,0.000165405,1.60992e-22
0,1.94779e+09,3.83347e+07,3.00463e+08,8.304e+09,2.17643e+08,-1.69052e+08,-1.28341e+09,0.00100922,0.000155681,1.06149e-22
0,2.32512e+09,1.04196e+07,3.31801e+08,2.40616e+09,-1.01927e+09,-7.99728e+07,-2.74334e+08,0.00092045,0.000131351,4.59944e-25
0,2.11438e+09,-4.75126e+06,3.43839e+08,-4.92761e+08,2.02319e+07,-2.12522e+07,-2.47291e+08,0.000935369,0.000152109,-1.51693e-27
0,2.11566e+09,3.00776e+07,3.30258e+08,6.3225e+09,3.41766e+08,4.59526e+08,-6.49111e+08,0.000922276,0.000143969,1.14706e-23
0,2.2843e+09,589300,3.45076e+08,-5.53134e+08,-1.20496e+06,1.73827e+07,-3.24503e+07,0.000872943,0.000131871,-1.78486e-28
0,2.11184e+09,6.26865e+06,3.39209e+08,-2.53131e+09,2.57834e+08,-5.03014e+07,-4.13697e+08,0.000907226,0.000145721,-4.03996e-25
0,1.85084e+09,-2.31345e+07,3.03896e+08,-4.96906e+09,2.43639e+09,7.44733e+07,-7.52311e+08,0.00111492,0.000183063,-4.67236e-25
0,2.09805e+09,2.50237e+06,3.38508e+08,-1.77379e+09,-3.80255e+08,8.93236e+07,-4.77238e+08,0.00102329,0.000165102,-3.56325e-25
0,2.05972e+09,-3.98794e+07,3.24672e+08,-2.24156e+09,1.41896e+09,1.59644e+08,-5.91202e+08,0.000900627,0.000141965,7.57301e-26
0,1.82193e+09,7.85666e+07,2.69937e+08,-5.33494e+09,-1.94757e+09,1.53621e+08,-1.07715e+09,0.00123567,0.000183077,-1.81721e-22
0,1.94344e+09,-1.78816e+07,3.13029e+08,-2.04006e+09,8.63781e+08,5.87114e+07,-1.15701e+09,0.000978975,0.000157683,-1.12993e-24
0,2.17291e+09,2.88979e+07,3.01152e+08,3.54358e+09,-2.15296e+09,-9.99328e+07,-9.6859e+08,0.0010439,0.000144678,1.63367e-23
0,2.05707e+09,3.96897e+06,3.28608e+08,-3.88006e+09,1.27276e+08,-4.84645e+08,-7.96212e+08,0.000967003,0.000154475,-4.20274e-24
0,2.08629e+09,1.28943e+07,3.39103e+08,-1.53279e+09,4.59999e+08,2.43249e+07,-4.2351e+08,0.00090606,0.00014727,-8.92939e-26
0,2.01207e+09,-3.46051e+07,3.14161e+08,-2.8596e+09,2.67303e+08,9.30967e+07,-9.12417e+08,0.000959166,0.000149762,-1.87165e-24
0,1.68674e+09,5.67441e+07,2.57949e+08,-6.54446e+09,-2.79598e+09,-3.19352e+08,-1.19706e+09,0.001193,0.000182442,-5.0136e-22
0,1.86636e+09,-4.27596e+07,2.9706e+08,4.50791e+09,-6.91666e+08,4.36545e+08,-8.31257e+08,0.0011164,0.000177691,1.8255e-23
0,1.95862e+09,7.15652e+06,3.24893e+08,4.58535e+09,7.90119e+08,3.59921e+08,-5.50643e+08,0.0010328,0.00017132,1.17921e-23
0,2.04208e+09,-4.49245e+07,3.2924e+08,-9.13325e+09,-1.36569e+08,-1.75848e+08,-7.37362e+08,0.000949245,0.000153045,-4.78958e-23
0,2.11329e+09,2.66684e+07,3.15291e+08,1.88684e+09,-8.08518e+08,1.11501e+08,-9.21341e+08,0.000988044,0.00014741,8.73847e-25
0,1.91071e+09,1.40723e+07,3.02876e+08,-1.17458e+10,-1.85363e+09,-2.36737e+08,-3.94713e+08,0.000963635,0.00015275,-8.52437e-23
0,1.8326e+09,-6.19121e+07,3.08688e+08,8.16533e+09,-1.75403e+09,7.84203e+07,-3.47297e+08,0.000986018,0.000166087,4.99157e-23
0,2.08258e+09,-6.05504e+07,2.89394e+08,-1.1431e+10,-1.77697e+09,8.18548e+07,-8.89864e+08,0.00108801,0.000151189,-2.48863e-22
0,2.01221e+09,5.46301e+07,3.08074e+08,6.80334e+09,-4.21998e+08,1.79854e+07,-1.16042e+09,0.00106115,0.000162465,5.85712e-23
0,1.89612e+09,-2.80742e+07,2.57815e+08,-1.10675e+09,-1.51904e+09,3.55618e+08,-1.34075e+09,0.00111291,0.000151323,-1.22571e-24
0,2.24698e+09,6.98631e+06,3.17746e+08,1.03295e+09,-4.90474e+08,-2.61749e+08,4.32281e+07,0.00094163,0.000133156,1.67303e-26
0,2.30732e+09,2.09622e+07,3.27254e+08,4.56665e+09,-1.07283e+09,-1.60483e+08,-3.63495e+08,0.000936556,0.000132835,2.65525e-24
0,2.10809e+09,2.01213e+07,3.20619e+08,5.91706e+09,-3.36366e+08,1.75348e+08,-7.6603e+08,0.000954529,0.000145174,1.15144e-23
0,2.18101e+09,2.89273e+07,2.9802e+08,-7.82561e+09,-4.08309e+06,-6.81904e+07,2.22057e+08,0.00101153,0.000138219,9.12966e-24
0,1.85442e+09,8.56987e+07,3.1587e+08,1.64497e+08,8.57329e+08,-1.22401e+08,-3.19954e+08,0.000960665,0.000163633,-9.05162e-28
0,1.99861e+09,-3.69526e+07,3.27414e+08,-4.98978e+09,2.20445e+08,-5.96565e+08,-9.53068e+08,0.00097137,0.000159131,-1.31574e-23
0,2.00065e+09,6.38268e+07,2.94222e+08,4.36113e+09,-3.87746e+08,-4.65529e+08,-1.28214e+09,0.00108302,0.000159272,1.92487e-23
0,1.94235e+09,3.10751e+07,3.23022e+08,2.93034e+09,1.09306e+09,-3.23534e+08,-6.96294e+08,0.000912395,0.000151736,7.82621e-25
0,2.06661e+09,2.31521e+07,3.25588e+08,6.00167e+09,7.19491e+07,1.09752e+08,-7.34555e+08,0.000937531,0.000147705,1.20819e-23
0,2.04999e+09,2.66536e+07,3.33263e+08,3.07736e+09,1.39267e+08,4.55114e+08,-7.61414e+08,0.000972847,0.000158154,2.08446e-24
0,2.15019e+09,2.66505e+07,3.22911e+08,5.43892e+09,-6.83319e+08,2.87505e+08,-7.18251e+08,0.000974821,0.000146396,7.91542e-24
0,1.83999e+09,9.10566e+07,3.15001e+08,3.05694e+09,-1.07911e+08,4.98747e+07,-3.02964e+08,0.000961539,0.000164613,1.31723e-24
0,2.0993e+09,-3.17566e+06,2.99135e+08,-5.96044e+08,1.33142e+09,2.47574e+08,-2.56058e+08,0.000887148,0.000126412,5.14578e-26
0,2.04915e+09,-4.12418e+07,3.07453e+08,-5.82369e+09,-2.79326e+09,-6.53749e+08,-6.52213e+08,0.00105482,0.000158265,-4.3357e-23
0,2.06397e+09,-3.38891e+07,3.32711e+08,-4.97038e+09,2.98531e+08,-5.82256e+08,-7.35443e+08,0.000954912,0.000153931,-8.56519e-24
0,2.11951e+09,-6.96497e+06,3.34656e+08,-3.1759e+09,-2.76564e+08,-6.68089e+08,-4.88383e+08,0.000937807,0.000148073,-3.75146e-25
0,2.18653e+09,3.19212e+07,3.10766e+08,6.86884e+09,-9.00366e+07,7.44209e+06,-4.76878e+08,0.000946293,0.000134494,9.34029e-24
0,2.018e+09,4.50184e+07,2.91781e+08,8.63568e+08,-9.32254e+08,-7.39142e+08,-1.24484e+09,0.00111344,0.000160991,-1.46955e-24
0,2.17477e+09,5.54835e+06,3.11748e+08,9.72855e+09,-1.7829e+09,-1.23022e+08,-2.83795e+08,0.000970483,0.000139117,3.22394e-23
0,2.00791e+09,2.00094e+07,3.27367e+08,1.39018e+09,3.57486e+08,-5.44898e+07,-9.11863e+08,0.000963358,0.000157065,1.68555e-25
0,1.58929e+09,-6.9364e+07,2.57893e+08,4.46424e+08,-1.27218e+09,7.93537e+07,-1.14817e+09,0.00110409,0.00017916,3.51651e-24
0,2.09314e+09,1.06638e+07,3.28727e+08,2.66689e+09,-3.25828e+08,-1.67891e+08,-8.47763e+08,0.000963536,0.000151323,1.32087e-24
0,2.23213e+09,-5.24804e+06,3.41426e+08,-9.86367e+08,-1.47617e+08,-2.14742e+08,-2.58497e+08,0.000899012,0.000137512,-3.90606e-27
0,2.04373e+09,-8.24846e+06,3.2676e+08,-2.39886e+09,-4.73487e+08,-6.0267e+07,-7.91018e+08,0.000987788,0.000157932,-1.17274e-24
0,1.93555e+09,-2.9535e+07,3.04463e+08,8.15654e+09,1.41191e+09,1.66217e+08,-4.76985e+08,0.00109596,0.000172395,6.59171e-23
0,2.16288e+09,1.03878e+07,2.72406e+08,1.37673e+09,1.13008e+09,2.80363e+08,3.79529e+08,0.000975384,0.000122846,-4.70539e-25
0,1.69497e+09,-2.98974e+07,3.17475e+08,-6.5085e+09,-4.98411e+08,-6.76541e+08,4.6171e+08,0.000948639,0.000177684,3.84609e-23
0,1.89722e+09,4.23216e+07,3.11088e+08,-7.30327e+09,-2.17159e+09,-4.58297e+08,-6.2153e+08,0.00101623,0.000166632,-5.19608e-23
0,1.99326e+09,-3.01243e+06,3.18292e+08,6.57122e+08,1.2958e+09,5.84602e+08,-8.39848e+08,0.000924238,0.000147586,1.62871e-25
0,2.26503e+09,1.09692e+06,3.32052e+08,-2.0654e+08,-8.20663e+08,1.78196e+07,2.08658e+07,0.000864172,0.000126687,-6.23854e-27
0,1.87012e+09,-8.52201e+07,3.03166e+08,-5.85807e+09,-1.72547e+09,-4.71517e+08,-4.86954e+08,0.00100592,0.00016307,-1.71172e-23
0,1.9118e+09,1.60568e+07,2.92406e+08,-3.34587e+09,-1.0517e+09,-6.76902e+08,-1.3007e+09,0.00110394,0.000168845,-8.74363e-24
0,2.09139e+09,-1.2473e+07,3.38334e+08,-5.15253e+09,8.76637e+07,-2.83259e+08,-5.10335e+08,0.000934595,0.000151194,-5.04069e-24
0,2.01081e+09,7.44757e+07,2.77602e+08,-8.86518e+09,-1.27448e+09,1.26527e+08,6.63536e+08,0.00106642,0.000147224,6.95841e-23
0,2.20108e+09,1.20452e+07,3.2911e+08,2.80606e+09,-9.13381e+08,2.40258e+08,-6.60606e+08,0.000985784,0.000147397,1.28909e-24
0,2.11789e+09,7.4902e+07,3.09892e+08,9.41401e+09,7.64723e+08,-4.4245e+08,-6.14503e+08,0.000928025,0.00013579,2.76081e-23
0,1.8565e+09,-7.36016e+07,2.6228e+08,-4.82745e+09,-1.99442e+07,8.22978e+08,-1.27668e+09,0.00107363,0.000151679,-3.18753e-23
0,2.29311e+09,2.80151e+07,3.23442e+08,5.97305e+09,-1.08526e+09,-2.25173e+08,-4.05311e+08,0.000946111,0.000133448,6.31422e-24
0,1.91643e+09,3.22386e+07,3.05099e+08,7.65442e+09,-1.20299e+09,-4.33675e+08,-1.00139e+09,0.000989215,0.000157485,8.3719e-23
0,2.08234e+09,2.1767e+07,3.02751e+08,5.85355e+09,-3.30816e+08,2.14923e+08,-9.51496e+08,0.000992046,0.000144234,1.76458e-23
0,1.84962e+09,-7.46669e+07,3.02843e+08,-3.86993e+09,-2.0234e+06,1.69117e+08,-5.46562e+08,0.00098832,0.00016182,-5.3809e-24
0,2.04875e+09,-26159.5,3.39622e+08,-4.48715e+09,2.2247e+08,-1.968e+07,-4.3859e+08,0.000924614,0.000153273,-2.97335e-24
0,2.02007e+09,4.41593e+07,3.034e+08,1.62357e+09,2.32487e+08,-2.79886e+08,-1.07144e+09,0.00100288,0.000150625,2.71766e-25
0,2.0344e+09,44783.3,3.27821e+08,1.44887e+09,-3.58962e+08,-1.61185e+08,-9.89844e+08,0.00100047,0.000161214,2.48788e-25
0,2.04262e+09,-9.50225e+06,3.34122e+08,1.90031e+09,3.71702e+08,4.38633e+08,-3.97978e+08,0.00094859,0.000155165,4.23474e-25
0,2.02184e+09,4.19691e+07,3.20324e+08,7.38853e+09,1.03463e+08,-2.23067e+08,-8.37238e+08,0.000955511,0.000151383,3.1035e-23
0,2.12105e+09,1.62744e+07,3.23272e+08,7.70946e+08,-5.50693e+08,2.54343e+08,-8.38265e+08,0.00098275,0.000149783,8.46764e-26
0,2.17049e+09,2.16473e+06,3.22026e+08,-3.49013e+09,5.04261e+08,3.90827e+08,-4.78324e+07,0.000881457,0.000130778,1.92711e-25
0,2.01419e+09,3.47937e+07,3.18523e+08,-2.21911e+09,1.30537e+09,-6.13779e+08,-6.97716e+08,0.000904558,0.000143046,-1.55224e-24
0,1.84564e+09,-6.96379e+06,2.93473e+08,-3.57934e+09,-8.41822e+08,-5.00657e+08,-1.28756e+09,0.00108588,0.000172665,-1.30757e-23
0,2.13525e+09,-4.02399e+06,3.44117e+08,-1.70515e+08,-1.02981e+07,629889,-2.10091e+08,0.000928795,0.000149684,3.29049e-29
0,1.90617e+09,4.9402e+07,3.07228e+08,9.11159e+09,2.421e+09,-2.20633e+08,-9.39293e+08,0.00092631,0.000149298,5.10018e-23
0,2.17187e+09,6.14038e+07,3.08651e+08,9.72222e+09,-3.6698e+08,-4.08473e+08,-6.4035e+08,0.000979593,0.000139213,4.66586e-23
0,2.10169e+09,-9.16636e+06,3.31671e+08,-2.56772e+09,-5.09209e+08,-5.00243e+08,-7.43866e+08,0.000976246,0.000154063,-5.2653e-25
0,2.28068e+09,1.01965e+06,3.4495e+08,1.03902e+09,-1.83432e+07,4.0447e+07,-5.63658e+07,0.000876807,0.000132616,2.02352e-27
0,1.97693e+09,2.10548e+07,3.19676e+08,-5.79869e+08,-7.64296e+08,7.21977e+08,7.26316e+08,0.000902107,0.000145874,-2.56721e-28
0,1.78524e+09,-8.45307e+06,2.85018e+08,1.95397e+10,-1.30861e+08,6.22856e+08,-1.47192e+08,0.00101371,0.000161841,2.35054e-22
0,1.76831e+09,-2.53101e+07,2.96914e+08,-1.70846e+09,1.68099e+09,-4.52296e+07,-5.60449e+08,0.000980379,0.000164613,1.09168e-24
0,1.77904e+09,-4.64591e+07,2.92497e+08,6.72365e+08,8.00091e+08,9.78969e+07,-1.08198e+09,0.0011598,0.000190686,1.33479e-25
0,1.96012e+09,4.7705e+07,3.25379e+08,3.88642e+08,1.32428e+09,-5.39876e+08,-5.75809e+08,0.00090129,0.000149614,3.86287e-26
0,2.19255e+09,6.71323e+06,3.36262e+08,-2.84978e+09,-4.32635e+08,-2.43344e+07,-5.74477e+08,0.000968744,0.000148573,-9.36503e-25
0,2.09275e+09,-2.08186e+07,3.26782e+08,-4.0663e+09,-1.99517e+08,-5.88901e+07,-7.82577e+08,0.000960631,0.000150002,-4.11782e-24
0,1.80396e+09,2.02548e+07,2.99431e+08,-3.94244e+09,-5.76809e+08,-4.48801e+08,-1.03123e+09,0.0010202,0.000169338,-1.12983e-23
0,1.78485e+09,1.1278e+07,2.62251e+08,-3.85607e+09,1.05488e+09,4.73317e+08,-9.84064e+08,0.00128897,0.000189391,-2.89845e-23
0,2.06269e+09,5.11816e+07,3.09284e+08,1.10127e+10,1.73783e+08,-3.47311e+08,-8.33216e+08,0.000972135,0.000145764,1.00768e-22
0,1.88762e+09,-3.13713e+07,3.2528e+08,-3.1429e+09,-1.14806e+09,-5.73341e+08,-2.71094e+08,0.000955256,0.000164613,3.98651e-25
0,2.25982e+09,-1.36003e+07,3.16556e+08,-5.60188e+09,-1.38996e+09,-2.38198e+07,-4.69232e+08,0.000960514,0.000134549,-6.90437e-24
0,2.134e+09,1.16146e+07,3.13265e+08,2.31847e+09,-1.1157e+09,1.64647e+08,-8.39698e+08,0.000986881,0.000144872,1.80601e-24
0,1.86435e+09,-1.74275e+07,3.09172e+08,7.73794e+09,-2.21664e+09,2.73287e+08,-6.31039e+08,0.00106066,0.000175892,1.02017e-22
0,1.96178e+09,-7.16795e+07,2.90615e+08,-8.00301e+09,1.33076e+08,5.89912e+08,-1.01615e+09,0.00101593,0.000150498,-7.33005e-23
0,1.93014e+09,-2.01518e+07,2.69085e+08,2.18303e+10,1.3383e+08,-8.22255e+07,2.06351e+08,0.00105279,0.000146771,-4.176e-22
0,2.29035e+09,523903,3.45134e+08,3.60643e+08,619692,3.36192e+07,-2.88645e+06,0.000879451,0.000132525,4.71966e-30
0,2.17799e+09,-1.81143e+07,3.34298e+08,-4.96969e+09,-6.18373e+08,-4.8463e+08,-5.59106e+08,0.000963937,0.000147954,-3.10475e-24
0,2.11303e+09,2.95855e+07,3.21535e+08,3.77927e+09,-9.90168e+08,2.63929e+08,-8.2188e+08,0.00101384,0.000154275,4.86388e-24
0,1.82365e+09,-3.74456e+07,2.92123e+08,-3.62838e+09,3.53896e+08,2.32278e+08,-1.28217e+09,0.00102643,0.00016442,-1.16751e-23
0,2.12027e+09,-1.12537e+07,3.26066e+08,-3.56558e+09,-5.77413e+08,-2.54447e+08,-9.40465e+08,0.000992013,0.000152557,-3.43417e-24
0,2.10303e+09,6.44877e+07,3.0524e+08,9.58462e+09,-3.84843e+08,-3.44973e+08,-8.86379e+08,0.00101468,0.000147274,8.46152e-23
0,2.05532e+09,2.24624e+06,3.38549e+08,-4.54251e+09,1.76873e+07,-1.66916e+08,-5.03304e+08,0.000946441,0.000155896,-3.85912e-24
0,2.01409e+09,3.95709e+07,2.86325e+08,1.29588e+10,-2.98683e+07,-2.19955e+08,-5.90068e+08,0.00109732,0.000155996,2.46458e-22
0,1.89745e+09,4.50561e+06,2.99732e+08,3.05948e+09,2.83757e+08,-5.83769e+07,-1.24947e+09,0.00101625,0.000160533,5.31642e-24
0,1.79772e+09,-2.70893e+07,3.06354e+08,2.40193e+09,-4.88737e+08,-2.47063e+08,-9.96529e+08,0.000959584,0.000163525,2.45828e-24
0,2.02526e+09,3.59877e+07,3.10086e+08,9.23616e+09,-6.71694e+08,5.60792e+07,-1.04151e+09,0.000988572,0.00015136,9.08091e-23
0,1.68929e+09,-3.65167e+07,2.60411e+08,1.35464e+10,-6.93935e+08,-1.88551e+08,4.02075e+08,0.00114284,0.000176173,-5.25378e-22
0,1.94675e+09,-6.12728e+07,3.21407e+08,-4.66093e+09,-1.55078e+09,-7.20389e+08,-3.68867e+08,0.000916422,0.000151301,3.11687e-25
0,2.29552e+09,1.92192e+07,3.21069e+08,3.28803e+09,-9.45399e+08,-2.16951e+08,-2.92283e+08,0.000929761,0.000130044,1.01038e-24
0,1.88623e+09,3.84696e+07,3.1284e+08,4.02388e+09,8.93588e+08,3.33571e+07,-9.65421e+08,0.0009557,0.000158507,8.58833e-24
0,1.84108e+09,2.51436e+07,3.04666e+08,-9.74551e+09,-1.18857e+09,-3.70982e+08,-6.4117e+08,0.000994674,0.0001646,-9.50957e-23
0,2.27636e+09,653109,3.45054e+08,-2.57042e+08,-1.30147e+07,9.23466e+06,-3.75636e+07,0.000879157,0.000133264,-2.23118e-29
0,1.99419e+09,-3.74368e+07,3.04672e+08,3.8018e+09,-1.37786e+09,8.90873e+07,-6.92791e+08,0.00114202,0.000174479,1.66642e-23
0,2.14963e+09,3.79332e+07,3.19807e+08,6.37574e+09,-4.59101e+08,2.45378e+08,-6.94061e+08,0.000948424,0.0001411,1.11409e-23
0,2.0892e+09,3.02839e+07,2.90591e+08,1.21725e+09,-1.59134e+09,-4.16178e+08,-9.13345e+08,0.00104091,0.000144782,9.01588e-25
0,2.2554e+09,-1.07019e+07,3.23134e+08,8.42057e+08,-6.15752e+08,-7.28523e+06,-3.81714e+08,0.000918801,0.000131638,4.19984e-26
0,1.92515e+09,1.07502e+07,3.39066e+08,-1.6695e+09,4.88184e+08,-3.4952e+08,-4.19685e+08,0.000917175,0.000161537,-3.66544e-25
0,2.05283e+09,-1.27959e+07,3.10951e+08,-9.77923e+08,-2.46509e+08,3.81081e+08,-9.40388e+08,0.000985747,0.000149315,3.37024e-26
0,1.98823e+09,2.30782e+07,3.23347e+08,7.21801e+08,1.50062e+09,-2.02672e+08,-7.30379e+08,0.000923553,0.000150198,-9.34838e-26
0,1.92047e+09,-2.23631e+07,3.10404e+08,-3.40116e+09,-2.40181e+08,2.78138e+08,-1.19265e+09,0.00103643,0.000167517,-7.80117e-24
0,2.24338e+09,3.83445e+07,3.26227e+08,-7.63179e+09,-1.97424e+08,1.91291e+08,2.49812e+08,0.000914869,0.000133038,4.71707e-24
0,1.76236e+09,1.2163e+07,2.84266e+08,9.73012e+09,8.62104e+08,-5.05882e+08,-9.99573e+08,0.00107202,0.000172914,2.67087e-22
0,1.82603e+09,-3.54402e+07,3.1124e+08,6.31076e+09,-1.51906e+09,1.7217e+08,-5.92167e+08,0.000996787,0.000169898,3.64133e-23
0,1.66023e+09,4.12028e+06,2.4044e+08,1.01918e+10,1.12711e+09,1.15673e+08,4.54663e+08,0.00121996,0.000176679,-4.16864e-22
0,1.92691e+09,3.01325e+07,3.11361e+08,-8.63021e+08,1.28427e+08,-1.37129e+08,-1.11811e+09,0.0010233,0.000165351,8.49278e-26
0,2.07184e+09,-1.55086e+07,3.35973e+08,-7.36045e+09,2.6467e+07,-5.51978e+08,-6.38999e+08,0.000947741,0.000153687,-2.01183e-23
0,2.01936e+09,-6.01658e+07,3.13413e+08,-6.21933e+09,6.15897e+08,2.38227e+08,-7.82134e+08,0.000952912,0.000147896,-1.60298e-23
0,1.62982e+09,2.29976e+07,2.64918e+08,-8.35891e+09,7.50931e+08,-3.1842e+08,-1.41157e+09,0.00110977,0.000180385,-5.0575e-22
0,2.18066e+09,-1.5408e+07,3.08733e+08,6.9022e+09,-1.61607e+09,-6.12248e+08,-1.32282e+08,0.000927962,0.000131379,1.20732e-23
0,1.95197e+09,-5.31216e+07,3.0728e+08,-3.20739e+09,-3.75239e+07,-4.26918e+08,-4.23524e+08,0.00113027,0.000177928,-3.20364e-24
0,2.03233e+09,-6.53291e+06,3.09329e+08,1.29726e+09,-7.0673e+08,1.4848e+07,-1.08925e+09,0.00104302,0.000158752,5.38479e-25
0,1.95604e+09,-5.90367e+07,2.79195e+08,-5.85885e+09,1.38578e+09,1.9724e+08,-6.64004e+08,0.000926143,0.000132193,-9.20932e-24
0,1.93677e+09,6.58853e+07,3.1131e+08,9.04759e+09,1.71173e+09,-3.09737e+08,-1.063e+09,0.00095185,0.000152997,7.41712e-23
0,1.81948e+09,6.33238e+06,3.0264e+08,9.87204e+09,-4.9961e+08,-6.83453e+06,-8.86591e+08,0.000996851,0.000165809,1.69042e-22
0,1.97762e+09,-2.1635e+07,3.00558e+08,-1.8748e+09,-1.2111e+08,2.08701e+08,-1.18261e+09,0.00100994,0.000153491,-6.40485e-25
0,1.81067e+09,-3.18077e+07,3.13406e+08,7.7829e+09,-5.78733e+08,2.18203e+08,-5.67811e+08,0.0010135,0.000175426,5.47965e-23
0,2.30811e+09,1.59058e+07,3.30479e+08,2.40716e+09,-5.70059e+08,-1.83549e+08,-2.14933e+08,0.000902768,0.00012926,2.07947e-25
0,2.15522e+09,-4.49965e+06,3.44234e+08,-3.86512e+08,-6.74939e+06,-4.83393e+07,-1.90029e+08,0.000925081,0.000147755,-4.44401e-28
0,1.61499e+09,2.57738e+07,2.75899e+08,-6.04905e+09,1.39755e+09,-3.2445e+08,-1.36247e+09,0.00109266,0.000186666,-2.00797e-22
0,1.97281e+09,2.91592e+07,3.05774e+08,9.47945e+09,-1.00158e+09,2.65433e+08,-1.06418e+09,0.00101016,0.00015657,1.2249e-22
0,1.83572e+09,2.98593e+07,3.0417e+08,3.57739e+08,7.30178e+08,-5.35375e+08,-1.15632e+09,0.00101855,0.000168769,1.222e-26
0,2.01254e+09,2.5091e+07,3.24885e+08,2.13105e+09,2.56428e+08,-4.11356e+08,-6.83267e+08,0.000942679,0.000152177,4.17211e-25
0,1.97542e+09,9.94281e+06,3.06232e+08,-7.17237e+09,-1.3391e+09,-3.52816e+08,-1.0057e+09,0.00106249,0.000164708,-6.51351e-23
0,1.99864e+09,4.26092e+06,3.14849e+08,-3.53215e+09,8.17412e+08,3.74227e+06,-8.75369e+08,0.000970774,0.000152928,-4.15591e-24
0,2.1013e+09,4.0253e+06,3.21678e+08,-2.35853e+09,-1.4837e+09,6.19134e+07,-8.63235e+08,0.00105527,0.000161546,-4.92862e-24
0,1.83688e+09,-6.89328e+06,3.03907e+08,9.55618e+09,9.87271e+08,2.11725e+08,-8.16843e+08,0.00104975,0.000173678,1.87948e-22
0,1.7592e+09,-4.53084e+07,3.08503e+08,4.95151e+09,1.66147e+08,7.98229e+08,-9.70678e+08,0.000998197,0.00017505,2.73817e-23
0,1.99632e+09,1.79216e+07,3.02136e+08,-1.25733e+10,-1.15931e+09,-3.44177e+08,-6.08714e+08,0.00109118,0.000165146,-2.10454e-22
0,1.69319e+09,2.43775e+07,2.75122e+08,-3.99284e+09,-2.1844e+08,-1.69366e+08,-1.24669e+09,0.00107691,0.000174984,-2.92648e-23
0,1.91929e+09,4.29613e+07,3.17657e+08,4.78098e+09,1.22897e+09,-3.98442e+08,-9.03293e+08,0.000928381,0.000153654,7.09777e-24
0,1.9532e+09,3.81072e+07,2.93541e+08,1.6908e+09,-3.37364e+08,-8.87868e+07,-1.4065e+09,0.00107707,0.00016187,5.99435e-25
0,1.98122e+09,2.54447e+07,3.2311e+08,3.78747e+09,2.35919e+08,-2.38648e+08,-7.56632e+08,0.000941433,0.000153535,3.61424e-24
0,1.90152e+09,1.28828e+07,3.06999e+08,9.64373e+09,1.13162e+09,2.56964e+08,-7.13091e+08,0.00108271,0.000174804,1.72011e-22
0,1.99926e+09,-1.2339e+07,2.92503e+08,1.38873e+09,3.11508e+08,-4.12905e+08,-7.50748e+08,0.00114839,0.000168017,2.30643e-25
0,2.05673e+09,-7.04762e+07,2.93356e+08,-7.71701e+09,-1.50566e+08,3.00006e+08,-7.95882e+08,0.000984539,0.000140426,-3.7004e-23
0,1.98118e+09,3.4002e+06,3.14801e+08,-4.56682e+09,-6.71245e+08,8.87057e+06,-1.12073e+09,0.00103476,0.000164419,-1.71493e-23
0,2.31018e+09,1.07171e+07,3.28385e+08,1.4689e+09,-1.38136e+09,-7.61786e+07,-2.59918e+08,0.000926198,0.000131656,4.34336e-25
0,2.20919e+09,7.95846e+06,2.96926e+08,-4.27946e+09,5.80604e+07,-2.14854e+08,2.01371e+08,0.00098555,0.000132463,1.05176e-24
0,1.99538e+09,6.34783e+07,3.12228e+08,1.03522e+10,-4.99845e+07,1.00859e+08,-1.04373e+09,0.00105696,0.000165388,1.90879e-22
0,1.99441e+09,5.80914e+07,3.0872e+08,6.56404e+09,1.04458e+09,-6.08615e+08,-8.90861e+08,0.000950865,0.000147187,1.75189e-23
0,1.81864e+09,-1.47296e+07,2.82857e+08,3.76985e+09,-2.8976e+09,-8.28216e+07,-3.36499e+08,0.00107943,0.000167886,6.93884e-23
0,2.12487e+09,-1.56357e+07,3.0612e+08,4.52951e+09,-1.44028e+09,-4.27345e+08,-5.96366e+08,0.00112273,0.000161745,1.98269e-23
0,1.92108e+09,3.79455e+07,3.07896e+08,-1.41672e+10,-2.41169e+09,-3.05669e+08,-5.14608e+08,0.0010153,0.000162725,-2.5394e-22
0,1.90169e+09,3.17752e+07,3.28924e+08,3.94815e+09,-2.99894e+08,-2.23992e+07,-6.85957e+08,0.000940982,0.000162756,5.00376e-24
0,1.98621e+09,-2.28405e+07,3.23754e+08,-3.96921e+09,1.68192e+09,6.7929e+07,-5.54878e+08,0.00089133,0.000145287,-7.37436e-25
0,2.27066e+09,2.22698e+07,3.19263e+08,7.13496e+09,-1.67612e+09,-5.59292e+07,-4.54136e+08,0.000980929,0.000137922,1.63447e-23
0,1.88421e+09,2.25668e+07,2.95833e+08,1.77239e+08,-5.90332e+06,-9.79049e+07,-1.49193e+09,0.00108064,0.000169668,-1.46176e-25
0,1.85442e+09,2.54956e+07,2.95851e+08,-3.42993e+09,-2.22242e+09,-5.87474e+08,-1.03621e+09,0.00107665,0.000171767,-3.7004e-23
0,1.97005e+09,4.0002e+06,3.41507e+08,1.23526e+08,4.95675e+07,-1.15744e+08,-1.72292e+08,0.000910784,0.000157884,-2.05363e-29
0,1.91047e+09,-484502,2.96228e+08,2.48554e+09,2.93304e+08,3.00608e+07,-1.30336e+09,0.0010287,0.000159505,2.77963e-24
0,2.31733e+09,2.05917e+07,3.15641e+08,2.50075e+08,-3.22434e+08,8.41749e+06,-9.71768e+07,0.000979556,0.000133424,1.43166e-27
0,1.83526e+09,-1.86784e+07,3.09658e+08,-7.05691e+09,-1.20744e+08,-1.28366e+08,-1.01651e+09,0.00101761,0.000171698,-7.28421e-23
0,1.98101e+09,1.84981e+07,2.84338e+08,-2.44483e+09,-1.50463e+09,-5.08611e+08,4.51221e+08,0.000923285,0.000132521,1.20593e-24
0,2.00705e+09,-1.84883e+07,2.97569e+08,1.28183e+10,8.69099e+08,-3.02194e+08,1.94223e+08,0.000932602,0.000138269,-4.79421e-23
0,1.82255e+09,3.78991e+07,3.05345e+08,6.67866e+09,1.77082e+09,4.31463e+07,-1.05231e+09,0.00106536,0.000178487,8.40357e-23
0,2.0413e+09,3.78918e+07,3.1568e+08,7.1447e+09,-1.13133e+09,4.46901e+07,-9.7389e+08,0.00110148,0.00017034,7.11416e-23
0,1.97304e+09,-1.67169e+07,3.12036e+08,-1.2734e+09,3.15903e+08,3.33961e+08,-1.09419e+09,0.000980611,0.000155083,-5.52795e-26
0,2.31642e+09,1.77434e+06,3.1463e+08,4.29473e+09,-6.62585e+08,-1.84424e+08,-2.74326e+08,0.000972517,0.000132093,1.64074e-24
0,2.01927e+09,3.80845e+07,3.22222e+08,5.39903e+09,-2.00486e+08,2.50746e+08,-7.09681e+08,0.000976354,0.0001558,1.10865e-23
0,2.14569e+09,-1.74467e+07,3.09696e+08,-1.34207e+09,-2.2355e+09,5.16171e+08,-1.02385e+09,0.00108389,0.000156441,-2.15654e-24
0,2.17211e+09,-5.35239e+06,3.44074e+08,-1.36575e+09,1.59977e+07,-1.3643e+08,-2.05561e+08,0.000918013,0.000145418,-2.7499e-26
0,1.92276e+09,1.60646e+06,3.13566e+08,-6.22876e+08,2.97019e+09,-9.67948e+07,-6.67409e+08,0.000877405,0.000143088,2.04232e-24
0,1.96022e+09,-6.3701e+06,3.05516e+08,2.00974e+09,8.25992e+08,4.30777e+08,-1.17609e+09,0.00100113,0.000156033,1.88652e-24
0,2.02919e+09,-2.1756e+06,3.11646e+08,3.14547e+09,7.23257e+08,-2.69662e+08,-5.68194e+08,0.0011341,0.000174176,2.69118e-24
0,2.02624e+09,-3.88635e+07,2.66127e+08,-1.92558e+09,6.10822e+07,6.03565e+08,-6.99862e+08,0.0010241,0.000134506,-4.00756e-25
0,1.72592e+09,1.95849e+07,2.93836e+08,8.34986e+08,1.13723e+09,-2.5495e+08,-1.66342e+09,0.00105962,0.0001804,-7.31178e-26
0,2.00916e+09,-2.9869e+07,3.03905e+08,3.35366e+09,-1.62296e+09,-3.58457e+08,4.48792e+08,0.000896621,0.000135623,9.87288e-25
0,1.85324e+09,-3.59526e+07,3.07529e+08,-5.22986e+09,6.30862e+08,2.39172e+07,-1.14488e+09,0.00099544,0.000165185,-2.84752e-23
0,1.83389e+09,-5.49995e+07,3.02354e+08,-2.58455e+09,-1.48088e+09,-6.86403e+08,-8.48948e+08,0.00105015,0.000173138,-6.05233e-24
0,1.8635e+09,1.04503e+07,3.04675e+08,3.91932e+09,8.47546e+08,-6.28702e+07,-8.72571e+08,0.000951066,0.000155496,6.94045e-24
0,1.95445e+09,5.40391e+07,3.12234e+08,5.26133e+09,5.31956e+08,-1.37126e+08,-9.06385e+08,0.000979206,0.000156433,1.57301e-23
0,1.9878e+09,2.4288e+07,3.14479e+08,3.49399e+09,-1.43094e+09,1.57698e+06,-1.05546e+09,0.00111294,0.000176072,1.8485e-23
0,2.13117e+09,-5.80474e+07,3.12587e+08,-1.0137e+10,-1.93957e+08,5.67828e+07,-5.4899e+08,0.000933516,0.000136922,-3.70402e-23
0,2.16457e+09,-4.25581e+06,3.4471e+08,-1.40294e+09,2.84791e+07,-1.39798e+08,-1.11072e+08,0.000913327,0.000145448,-1.73174e-26
0,2.10268e+09,3.00256e+07,3.26804e+08,2.54599e+09,8.74029e+08,-3.06631e+08,-4.52687e+08,0.00090974,0.000141394,1.38748e-25
0,1.90852e+09,-3.0757e+07,3.01473e+08,4.16577e+09,-2.11923e+09,-3.46749e+08,-5.67905e+08,0.000982306,0.000155167,2.41128e-23
0,1.74225e+09,5.59224e+06,2.85136e+08,2.59583e+09,1.19763e+09,-1.29338e+08,-1.74292e+09,0.00106222,0.000173842,8.21633e-24
0,2.02265e+09,-5.7698e+07,2.88244e+08,-1.16963e+10,2.92139e+08,2.09972e+08,-1.41865e+08,0.000956777,0.000136348,-1.91658e-23
0,1.76742e+09,-2.60408e+07,2.92508e+08,2.84428e+09,-7.8717e+08,6.11722e+07,-3.40573e+08,0.00110825,0.000183415,4.36324e-24
0,1.79588e+09,-5.63703e+07,3.04635e+08,-1.22178e+09,-1.06009e+09,-3.28214e+08,-6.62833e+08,0.00103908,0.000176259,-1.75763e-24
0,2.17138e+09,-111526,3.18585e+08,-3.2849e+09,-9.36022e+08,3.15344e+08,-6.33509e+08,0.000957215,0.000140442,-2.4988e-24
0,1.99926e+09,2.43978e+06,3.15793e+08,8.73513e+08,-1.03326e+09,-8.657e+07,-1.00149e+09,0.00105983,0.000167405,5.95459e-25
0,1.88175e+09,-3.02299e+07,3.16624e+08,-4.26683e+09,9.68774e+08,1.05689e+08,-1.06368e+09,0.000973386,0.000163782,-1.14139e-23
0,1.82144e+09,4.71266e+06,2.9417e+08,3.5809e+09,5.82959e+08,-4.03922e+07,-1.61331e+09,0.00108265,0.000174851,1.85996e-23
0,1.93081e+09,2.65074e+06,3.08926e+08,-3.12282e+06,-1.49457e+09,-2.4488e+08,-1.26593e+09,0.00110998,0.000177595,-2.08519e-24
0,2.28694e+09,1.27464e+07,3.20896e+08,-2.37993e+09,-1.07586e+09,2.99603e+08,-1.4687e+08,0.000919173,0.000128975,-4.93645e-25
0,2.05603e+09,2.57844e+07,3.12347e+08,6.43559e+09,-1.14882e+08,2.38887e+08,-1.15161e+09,0.0010011,0.000152085,3.20321e-23
0,2.23874e+09,1.61061e+06,2.95632e+08,9.67041e+08,-1.15198e+09,1.77944e+07,-3.19669e+08,0.000962351,0.000127081,2.65261e-25
0,2.15458e+09,1.48026e+07,3.15116e+08,-6.66009e+09,-2.28021e+09,-1.52773e+08,-5.14519e+08,0.00101821,0.000148917,-3.03466e-23
0,2.16142e+09,-3.93391e+06,3.44432e+08,-1.10297e+09,3.10085e+07,-8.04308e+07,-1.61569e+08,0.000908736,0.000144811,-1.15244e-26
0,1.86595e+09,-2.39589e+07,3.07039e+08,-5.66862e+08,-9.01586e+08,-1.6129e+08,-7.13262e+08,0.00105013,0.000172797,-5.89374e-25
0,2.0155e+09,-8.65809e+07,2.96997e+08,-9.66678e+09,5.25059e+08,6.20004e+08,-1.11087e+09,0.00101053,0.000148908,-1.14675e-22
0,2.30311e+09,1.92681e+07,3.07754e+08,6.22565e+09,-2.14976e+08,-1.54007e+08,-2.52372e+08,0.00100867,0.000134783,4.16788e-24
0,1.97796e+09,4.24175e+06,3.20795e+08,-7.90946e+08,-1.22519e+09,-4.98409e+07,-9.45392e+08,0.00105859,0.000171688,-1.19501e-24
0,1.83497e+09,1.73414e+07,3.01902e+08,3.73756e+09,1.88385e+08,-4.9699e+07,-1.53201e+09,0.00109246,0.00017974,1.99665e-23
0,1.90924e+09,4.77271e+07,3.22892e+08,-5.60851e+09,-3.49257e+08,2.01567e+08,3.44503e+08,0.00091069,0.000154016,5.3701e-24
0,1.70723e+09,6.27449e+07,2.65713e+08,-1.74586e+10,-2.15872e+09,-3.86415e+08,-3.92996e+08,0.00110525,0.000172021,-7.97739e-22
0,1.79092e+09,5.19466e+07,2.72073e+08,7.24442e+09,2.72538e+09,-6.24259e+08,-1.10316e+09,0.000944321,0.00014346,1.22937e-23
0,2.06475e+09,3.58723e+07,3.26997e+08,5.89648e+09,1.15361e+08,3.90073e+08,-8.92014e+08,0.000962299,0.000152401,1.59756e-23
0,1.87718e+09,-3.16549e+07,3.15523e+08,3.85737e+09,-1.50641e+09,3.89965e+08,-7.44469e+08,0.000975379,0.000163945,9.51357e-24
0,1.87703e+09,-1.33391e+07,3.05881e+08,-6.97502e+08,-2.38858e+08,-5.61673e+08,-6.72974e+08,0.00106342,0.000173296,2.03382e-25
0,1.90499e+09,-5.65587e+07,2.96625e+08,3.51252e+08,2.38835e+09,9.18598e+07,-5.94422e+08,0.00111956,0.000174325,-2.25488e-24
0,1.97111e+09,-1.77126e+07,3.27183e+08,8.53833e+08,4.97708e+08,6.78786e+06,-8.05126e+08,0.000976816,0.000162141,4.33181e-26
0,2.01166e+09,-5.07906e+07,2.82838e+08,-3.92873e+09,-1.11734e+09,2.57701e+08,-1.33504e+09,0.00106053,0.000149109,-1.75367e-23
0,2.0048e+09,7.0833e+06,3.29609e+08,5.54386e+08,-4.02102e+08,1.06908e+08,-9.45358e+08,0.00101802,0.000167373,2.38324e-26
0,2.04701e+09,696288,2.98567e+08,3.75061e+09,-3.43232e+08,9.76331e+07,-5.84879e+08,0.00104476,0.000152383,4.11708e-24
0,1.93891e+09,1.4938e+07,3.04258e+08,1.80701e+09,-1.43172e+09,-3.10321e+08,-1.47438e+09,0.00111298,0.000174652,5.2216e-24
0,1.92207e+09,-2.92858e+07,2.90702e+08,1.98909e+09,-2.34379e+09,-2.95176e+08,-1.04039e+09,0.00104181,0.000157567,1.3655e-23
0,1.8534e+09,2.62895e+07,3.1688e+08,1.53968e+09,1.7087e+09,-1.29357e+08,-1.13228e+09,0.000957093,0.000163637,9.16758e-26
0,1.96162e+09,-4.02399e+07,3.06694e+08,-1.82643e+09,2.5913e+09,-8.84823e+07,-3.06995e+08,0.00109454,0.000171129,1.11478e-23
0,2.1697e+09,-8.32302e+06,3.08485e+08,-1.41667e+09,-1.6402e+09,-1.46611e+08,-8.84436e+08,0.00103199,0.000146727,-2.61914e-24
0,2.05096e+09,3.18527e+07,3.28197e+08,5.65493e+09,6.41335e+07,4.38601e+08,-9.25545e+08,0.00098129,0.000157027,1.63317e-23
0,1.75244e+09,-1.39417e+07,2.77371e+08,-1.52624e+10,-3.75308e+08,-4.40839e+08,-6.35528e+08,0.00100397,0.000158905,-5.26682e-22
0,1.9438e+09,1.53995e+07,3.22417e+08,1.73043e+08,5.01232e+07,5.99127e+07,-1.18492e+09,0.00101374,0.000168149,-4.53839e-26
0,2.03613e+09,8.05898e+07,3.01325e+08,-1.30182e+10,-2.23766e+09,2.31506e+08,2.33213e+08,0.000986523,0.000145995,2.12654e-24
0,1.97967e+09,-1.3144e+07,3.17138e+08,-4.09456e+09,-9.96782e+08,2.69164e+07,-1.08174e+09,0.00105386,0.000168826,-1.56234e-23
0,1.9309e+09,3.76722e+07,2.96217e+08,-6.58347e+09,-6.00638e+08,-4.92518e+08,-7.45919e+08,0.00108865,0.000167009,-3.91264e-23
0,2.06455e+09,-3.59911e+07,3.27354e+08,-9.97102e+09,1.57332e+08,-3.99159e+08,-5.54181e+08,0.000936751,0.000148531,-4.35021e-23
0,2.01474e+09,2.34123e+07,3.33798e+08,4.35514e+08,4.06916e+08,-5.29275e+07,-6.2816e+08,0.000980764,0.000162491,1.39318e-27
0,2.27011e+09,744894,3.45097e+08,-2.54143e+08,1.26072e+07,-887946,-2.86034e+07,0.000870472,0.000132327,-1.5524e-29
0,1.80305e+09,-1.66515e+07,3.05452e+08,-9.80258e+09,-3.62834e+08,-1.13848e+07,-2.25419e+08,0.00085623,0.000145053,-2.05601e-23
0,2.05292e+09,4.76395e+07,3.18917e+08,-1.10692e+10,-7.36684e+08,3.20615e+07,-1.42119e+08,0.00100514,0.000156146,-2.39383e-23
0,1.88229e+09,-2.76202e+07,3.13642e+08,-7.00354e+09,2.45373e+09,-1.52781e+08,-9.77398e+08,0.000910584,0.000151728,-3.18559e-23
0,1.95825e+09,3.57586e+07,3.13714e+08,6.5846e+09,4.17226e+08,1.14927e+08,-9.22356e+08,0.000941102,0.000150765,2.7332e-23
0,1.95248e+09,3.81354e+06,3.26607e+08,2.17118e+08,-7.34326e+07,-2.10379e+07,-1.07341e+09,0.00101976,0.000170584,-4.03901e-26
0,2.19387e+09,-3.43865e+07,3.1279e+08,-3.70572e+09,-1.11523e+09,-4.17673e+07,-6.09226e+08,0.00100244,0.000142922,-3.76912e-24
0,1.96073e+09,1.07042e+07,3.07832e+08,-2.49104e+09,-1.55353e+09,-1.58899e+08,-1.40222e+09,0.00112006,0.000175849,-1.45439e-23
0,1.91343e+09,4.66687e+07,3.16165e+08,4.97115e+09,1.234e+09,-5.258e+08,-1.03336e+09,0.000981156,0.00016212,1.1897e-23
0,2.13905e+09,2.5899e+06,3.16306e+08,-6.79083e+09,1.23384e+09,-2.61313e+08,-6.70806e+07,0.00109717,0.000162241,-6.28632e-24
0,2.00322e+09,1.79121e+06,3.21748e+08,-3.5617e+09,-4.15259e+08,-7.17145e+06,-1.15363e+09,0.00102055,0.000163916,-6.75369e-24
0,1.94861e+09,3.88583e+07,3.23152e+08,7.44823e+08,1.12402e+09,-5.22144e+08,-8.63589e+08,0.000975768,0.000161819,-6.10387e-27
0,1.97234e+09,3.25174e+07,2.76182e+08,7.9587e+09,8.21604e+08,-9.75022e+07,-1.03446e+09,0.000990231,0.00013866,6.44919e-23
0,1.77926e+09,1.46285e+07,3.01376e+08,7.68013e+09,1.97705e+09,-1.82385e+08,-9.87089e+08,0.00103358,0.00017507,9.24672e-23
0,2.19216e+09,3.01606e+07,3.0682e+08,-1.05221e+10,-4.88748e+08,-6.63175e+07,4.23954e+07,0.000999737,0.000139925,4.58676e-24
0,2.06647e+09,2.78693e+07,3.34918e+08,4.93658e+09,-1.56967e+08,4.53621e+08,-2.98037e+08,0.000920592,0.000149202,2.01749e-24
0,2.3173e+09,5.95338e+06,3.29969e+08,2.09364e+09,-8.90611e+08,-1.68483e+06,-2.47856e+08,0.000914931,0.000130281,2.47521e-25
0,2.0078e+09,2.78119e+07,3.24424e+08,3.62346e+09,-4.95871e+07,3.30066e+08,-1.10795e+09,0.00100932,0.000163087,5.87063e-24
0,1.86286e+09,5.21519e+06,3.0782e+08,-4.32213e+09,-7.60639e+08,-1.58756e+08,-1.45741e+09,0.00110444,0.000182499,-3.31248e-23
0,2.24192e+09,3.76268e+07,3.10675e+08,-2.7131e+09,-1.04376e+09,2.72318e+08,-7.41761e+07,0.000938291,0.000130024,-6.30769e-25
0,1.91714e+09,2.31476e+07,3.09261e+08,-8.08283e+09,-1.2505e+09,-3.29551e+08,-8.28218e+08,0.00111124,0.000179258,-1.07669e-22
0,1.96418e+09,4.4863e+07,3.19955e+08,2.03222e+09,9.65697e+08,-6.86898e+08,-7.65011e+08,0.000986667,0.000160723,1.24573e-25
0,1.89431e+09,-2.48741e+07,3.03341e+08,-4.76157e+09,8.79006e+08,1.56727e+08,-9.88031e+08,0.000977589,0.000156544,-1.42627e-23
0,1.85041e+09,-3.69862e+07,2.93934e+08,-7.3008e+09,1.4609e+09,2.57465e+08,-1.35595e+09,0.00099434,0.000157949,-8.41325e-23
0,1.99839e+09,8.25688e+07,2.71981e+08,5.23186e+09,-6.08091e+08,-8.33747e+08,-1.18899e+09,0.00106445,0.000144872,3.14973e-23
0,1.8154e+09,1.58086e+07,2.9371e+08,2.3147e+08,7.24885e+07,1.1144e+08,-8.27247e+08,0.000981344,0.000158769,-2.55374e-26
0,2.22867e+09,-2.15839e+07,3.13984e+08,-1.71601e+09,2.48898e+08,2.97987e+08,-2.38418e+08,0.000902013,0.000127079,-2.87083e-26
0,1.79105e+09,-1.03102e+07,3.12026e+08,-2.15265e+09,1.22004e+09,2.64867e+08,-1.17738e+09,0.00100574,0.000175214,-1.7392e-24
0,1.88185e+09,-7.17093e+07,2.84809e+08,1.41817e+08,-8.95131e+08,1.09094e+08,-8.47793e+08,0.00105351,0.000159443,2.80095e-25
0,2.06367e+09,-1.01321e+07,3.24561e+08,-1.81829e+09,-5.7241e+08,-1.34983e+08,-1.04642e+09,0.00102776,0.00016164,-7.81073e-25
0,1.85136e+09,-1.57815e+07,3.12297e+08,-5.23264e+09,-6.1665e+08,-2.2639e+08,-1.32566e+09,0.00109436,0.000184603,-5.08391e-23
0,1.76882e+09,-4.13541e+07,2.9399e+08,-4.87548e+09,-2.13019e+09,-2.44325e+07,-5.88898e+08,0.000965163,0.000160417,-3.8309e-23
0,2.01017e+09,3.81696e+07,3.03758e+08,7.82978e+09,3.88602e+08,-4.83234e+08,-9.4678e+08,0.000962662,0.000145468,4.18182e-23
0,1.85157e+09,2.02537e+06,2.98836e+08,-3.42137e+09,1.56347e+09,2.28322e+08,-9.54376e+08,0.000973457,0.000157112,-3.54005e-24
0,1.95429e+09,-4.27812e+07,3.1166e+08,-7.33442e+09,3.351e+08,-4.1396e+08,-4.9171e+08,0.000919206,0.00014659,-1.99677e-23
0,2.13034e+09,9.53602e+06,3.18538e+08,6.46999e+08,-1.22206e+09,-5.96431e+08,-8.69965e+08,0.00103019,0.000154038,-5.39758e-25
0,2.00267e+09,-9.95214e+06,3.16189e+08,-2.88494e+09,1.79632e+08,-1.46097e+08,-1.2149e+09,0.00101092,0.000159608,-3.23951e-24
0,2.13512e+09,6.85813e+07,3.11934e+08,8.49314e+09,5.70974e+08,-4.07648e+08,-6.24047e+08,0.000938912,0.000137172,2.19737e-23
0,1.94984e+09,3.96841e+07,3.09712e+08,5.92443e+08,5.28159e+08,-3.82282e+08,-1.17194e+09,0.000993115,0.000157746,-3.46326e-26
0,1.93155e+09,1.96595e+07,3.34323e+08,1.65422e+09,-4.62144e+08,-5.98468e+07,-4.33338e+08,0.000919479,0.000159148,2.68856e-25
0,2.04381e+09,3.67259e+07,3.07064e+08,5.53828e+09,-6.13085e+08,4.72621e+08,-1.11388e+09,0.00101346,0.000152264,1.89343e-23
0,2.30835e+09,-2.41352e+06,3.21752e+08,1.67949e+09,-8.8782e+08,3.47463e+07,-2.70844e+08,0.000933327,0.000130093,1.95655e-25
0,1.75634e+09,1.54577e+07,2.95543e+08,3.88162e+09,2.45002e+09,1.84005e+07,-1.26331e+09,0.00100629,0.00016933,1.03858e-23
0,1.79855e+09,1.37831e+07,3.09686e+08,-8.38596e+09,-1.90667e+09,-4.34204e+08,-8.6587e+08,0.00101804,0.000175293,-1.21384e-22
0,2.05455e+09,4.27177e+07,3.22885e+08,6.77009e+09,3.69253e+08,3.2074e+08,-9.65799e+08,0.000956954,0.000150391,2.72911e-23
0,2.18459e+09,4.85271e+06,3.21495e+08,-2.16362e+09,-1.54515e+09,-5.68768e+08,-7.40291e+08,0.00103378,0.000152136,-2.49789e-24
0,2.07772e+09,2.79747e+07,3.12883e+08,1.57571e+09,-2.17599e+09,4.88328e+08,-7.01955e+08,0.00101687,0.00015313,6.99178e-24
0,1.96276e+09,1.13448e+07,3.15938e+08,-3.03575e+09,7.21412e+08,-5.25884e+08,-1.15533e+09,0.000999502,0.000160886,-5.72755e-24
0,1.85552e+09,-2.02137e+07,2.8728e+08,1.48797e+10,-2.47709e+08,4.93722e+08,3.69015e+06,0.00102439,0.0001586,-2.01788e-23
0,2.06774e+09,8.44072e+06,3.39319e+08,2.84349e+09,-1.69006e+08,1.42042e+08,-3.9771e+08,0.000941209,0.000154454,6.56561e-25
0,2.01274e+09,-3.01886e+07,3.28232e+08,-2.94419e+09,2.31503e+08,-4.02674e+08,-9.22247e+08,0.000977408,0.000159393,-2.50052e-24
0,1.91984e+09,3.42837e+06,3.19113e+08,1.80297e+09,-4.7104e+07,-5.54595e+07,-1.35909e+09,0.00102759,0.000170805,6.04905e-25
0,2.03318e+09,-5.44982e+07,3.06988e+08,-5.45218e+09,7.78042e+08,-5.07697e+08,-4.49502e+08,0.00104667,0.000158035,-1.61428e-23
0,1.90507e+09,-7.86369e+06,2.83353e+08,-4.18192e+09,-1.5935e+09,-2.41508e+08,-1.45852e+09,0.00112673,0.000167585,-4.66208e-23
0,1.8579e+09,8.10086e+07,3.14872e+08,-8.76216e+09,-6.07193e+07,1.4781e+07,-8.16138e+07,0.00091499,0.00015507,-6.38713e-24
0,1.77956e+09,-3.11668e+07,3.06639e+08,-3.68825e+09,9.2531e+08,2.08379e+08,-1.47456e+09,0.00103534,0.000178401,-1.67364e-23
0,1.86611e+09,3.03254e+07,2.98496e+08,5.67106e+09,1.04678e+09,-3.65144e+08,-1.21597e+09,0.0010354,0.000165618,3.91955e-23
0,2.13707e+09,-2.89669e+06,3.24441e+08,-5.63961e+09,-1.42612e+09,-8.34522e+08,-6.01257e+08,0.00101698,0.000154394,-1.68554e-24
0,1.95458e+09,2.17757e+07,2.94465e+08,-1.44352e+09,-1.04334e+09,7.71394e+07,-1.47396e+09,0.00110774,0.000166886,-2.08676e-24
0,1.94429e+09,-5.04564e+07,2.52693e+08,-4.9192e+08,-6.12122e+07,-4.9398e+08,7.44181e+08,0.00122055,0.000158632,-1.99591e-25
0,2.27751e+09,461232,3.45032e+08,2.30019e+08,-1.70095e+07,-2.45565e+07,-4.43866e+07,0.000874381,0.000132464,1.8757e-29
0,1.73575e+09,-2.4638e+07,3.10024e+08,-2.12307e+09,1.29214e+09,4.19568e+08,-1.35903e+09,0.00101992,0.000182169,-1.94239e-24
0,2.11339e+09,-1.17065e+07,2.57981e+08,-2.64833e+09,-5.90453e+07,-6.28151e+08,1.98036e+08,0.00110706,0.000135138,6.52458e-25
0,1.88268e+09,8.20323e+07,3.18208e+08,-5.29105e+09,-9.24979e+08,1.85773e+08,-5.38125e+07,0.000908574,0.000153566,-3.14009e-24
0,1.8494e+09,4.72149e+07,3.03167e+08,6.32564e+09,4.51215e+08,-5.46783e+08,-1.15881e+09,0.00104838,0.000171858,5.99996e-23
0,1.84464e+09,-5.49222e+07,3.18808e+08,-5.3984e+09,-5.49836e+06,-4.69938e+08,-8.73974e+08,0.000983816,0.000170032,-2.24956e-23
0,2.02529e+09,4.83388e+07,3.02374e+08,-3.0653e+09,-5.49014e+08,-1.74349e+08,-7.96138e+08,0.00103808,0.000154984,-3.09611e-24
0,2.10155e+09,-1.68584e+07,3.22678e+08,-7.5309e+09,-1.04704e+09,-7.36699e+08,-6.91314e+08,0.000987714,0.000151657,-1.53176e-23
0,2.01341e+09,-6.03946e+06,3.26313e+08,-2.58643e+09,2.21407e+08,-6.78926e+08,-8.66598e+08,0.000985646,0.000159743,-1.63779e-24
0,1.92266e+09,-5.17924e+07,2.83253e+08,-6.84575e+09,-7.19455e+08,5.49632e+07,-1.43049e+09,0.00109857,0.000161845,-1.13042e-22
0,2.01382e+09,-566674,3.32621e+08,-2.94112e+09,2.9774e+08,-1.39642e+08,-7.82801e+08,0.000962723,0.000159012,-1.99526e-24
0,2.17132e+09,1.86039e+07,3.11323e+08,1.60822e+09,-1.8734e+09,2.60493e+06,-9.37115e+08,0.00104672,0.000150079,4.1308e-24
0,2.04065e+09,2.75932e+07,3.20798e+08,5.78684e+09,-5.52058e+08,1.20253e+08,-7.63451e+08,0.000960093,0.000150931,1.33301e-23
0,1.89408e+09,-2.96678e+06,2.99984e+08,1.05088e+09,3.60688e+08,5.04804e+08,-1.43916e+09,0.00104198,0.000165029,-3.64876e-25
0,2.02767e+09,2.45017e+07,3.13056e+08,-2.26757e+09,-1.2473e+09,8.33639e+07,-2.7856e+08,0.00100194,0.000154691,-1.84959e-24
0,2.0098e+09,1.54168e+07,3.14856e+08,2.29437e+09,-1.09492e+09,-2.57575e+08,-9.59417e+08,0.00102893,0.000161193,3.24067e-24
0,2.062e+09,1.53267e+07,3.26335e+08,2.66787e+09,-1.06229e+08,-1.63015e+08,-9.26493e+08,0.000983648,0.000155673,1.5457e-24
0,2.02046e+09,1.59073e+07,3.15392e+08,-7.49224e+09,1.08268e+08,-6.09483e+08,-7.58084e+08,0.00096807,0.000151115,-3.25212e-23
0,1.91396e+09,-7.15216e+07,2.9861e+08,-1.88619e+09,-2.03277e+09,-4.99793e+07,-6.63685e+08,0.00100271,0.000156439,-8.23583e-24
0,2.09823e+09,1.28769e+07,3.31299e+08,3.15058e+09,-6.4517e+08,2.3869e+08,-8.83572e+08,0.00102454,0.00016177,2.87573e-24
0,1.96743e+09,-1.25674e+07,3.04102e+08,6.94941e+08,4.78991e+08,2.04176e+08,-9.95505e+08,0.000954124,0.000147477,2.93703e-27
0,2.11391e+09,3.69739e+07,3.24345e+08,1.00825e+10,-7.09677e+08,5.53963e+08,-6.74363e+08,0.000965464,0.000148134,4.51429e-23
0,2.09808e+09,1.01779e+07,3.34689e+08,3.36747e+09,-2.0827e+07,2.35162e+08,-6.98453e+08,0.000963727,0.000153735,2.03957e-24
0,2.284e+09,530749,3.45123e+08,5.9753e+07,-1.07495e+07,-4.69355e+06,-2.06538e+07,0.000874557,0.000132149,1.54364e-31
0,2.1125e+09,-5.55166e+07,2.71731e+08,2.59368e+09,-9.38467e+07,-7.84634e+08,3.42291e+08,0.000995273,0.000128022,-3.59258e-25
0,1.95763e+09,-444349,3.27654e+08,-1.30671e+09,6.87644e+08,-2.20762e+08,-9.42171e+08,0.000948927,0.000158824,-2.93172e-25
0,1.73501e+09,8.65608e+06,3.06689e+08,2.26398e+09,1.05523e+09,-5.62831e+08,-1.26163e+09,0.00102648,0.000181445,2.0209e-24
0,2.00543e+09,-5.61663e+07,3.05781e+08,-5.08124e+09,1.14423e+09,-6.18499e+08,-9.60906e+07,0.000987262,0.000150534,-7.55619e-24
0,2.13911e+09,-932287,3.3281e+08,-4.4274e+09,-5.77365e+08,-6.30595e+08,-5.94857e+08,0.000984353,0.000153149,-2.07567e-24
0,2.09948e+09,2.47691e+07,3.18267e+08,5.68999e+09,-9.52196e+08,2.75496e+08,-8.2377e+08,0.000981537,0.000148795,1.29114e-23
0,1.92163e+09,4.28216e+06,3.18319e+08,-7.41933e+08,-4.83568e+07,-8.22821e+07,-1.40874e+09,0.00102873,0.00017041,2.63294e-25
0,1.94172e+09,3.67715e+07,3.06622e+08,-5.51802e+09,-7.25661e+08,-1.12487e+08,-7.31667e+08,0.00112828,0.000178169,-3.28481e-23
0,1.91323e+09,2.20838e+07,2.95446e+08,3.93482e+09,-7.48932e+08,-1.01354e+08,-1.42457e+09,0.00107376,0.000165812,2.01002e-23
0,1.74452e+09,-2.5236e+07,2.56211e+08,7.82326e+09,-1.08848e+08,-2.08887e+08,3.10223e+08,0.00116622,0.000171278,-7.69589e-23
0,2.29085e+09,-1.91446e+06,3.21503e+08,1.12339e+09,-8.36195e+08,7.04616e+07,-3.00423e+08,0.000924218,0.000129707,1.021e-25
0,1.71446e+09,-2.67991e+07,2.83562e+08,-9.25852e+08,1.35261e+09,7.3886e+07,-1.74306e+09,0.00103387,0.000170996,-1.78171e-25
0,1.87623e+09,5.05167e+07,3.2011e+08,-2.60794e+09,-1.29704e+09,5.19873e+08,-3.40857e+08,0.00101727,0.00017356,-4.6065e-24
0,1.8509e+09,-1.30557e+06,3.03866e+08,3.80588e+09,4.10894e+08,-6.22448e+08,-1.25958e+09,0.00105203,0.000172713,1.22307e-23
0,2.28878e+09,479686,3.45006e+08,-1.91386e+08,-2.18538e+07,415995,-4.81782e+07,0.000875216,0.000131928,-1.09364e-29
0,1.80322e+09,-6.03379e+07,3.08425e+08,3.58424e+09,-1.61523e+08,2.18305e+07,-5.75336e+08,0.000974593,0.000166696,4.77155e-24
0,1.87229e+09,-4.54248e+07,3.04568e+08,-1.0416e+10,1.23821e+08,-9.50354e+07,-1.17779e+09,0.00101868,0.000165711,-2.51373e-22
0,1.99507e+09,3.46657e+07,3.23521e+08,5.51041e+09,-3.12873e+08,2.84619e+08,-5.49736e+08,0.000926781,0.000150287,7.16109e-24
0,2.11956e+09,-2.70403e+07,3.18076e+08,-8.11339e+09,-1.33468e+09,-3.4825e+08,-8.47678e+08,0.0010271,0.000154134,-4.56757e-23
0,2.09733e+09,2.30408e+07,2.89808e+08,2.63565e+08,-1.73726e+09,-5.45858e+08,-9.13901e+08,0.00103955,0.000143644,-1.78614e-24
0,2.15597e+09,8.28377e+06,3.20164e+08,3.60724e+09,-1.34715e+09,3.9001e+08,-7.82944e+08,0.00100869,0.000149791,4.35944e-24
0,1.90881e+09,2.87598e+07,3.03544e+08,-7.64263e+09,-1.38739e+09,-1.69183e+08,-8.31238e+08,0.00110283,0.000175376,-1.04068e-22
0,1.96074e+09,2.17249e+07,3.28162e+08,6.26889e+08,9.62757e+08,-3.55068e+07,-9.03328e+08,0.000948691,0.000158779,1.89559e-26
0,2.0784e+09,-8.55713e+06,3.16224e+08,-2.32874e+09,-1.68677e+09,-7.68947e+07,-8.19091e+08,0.00104331,0.000158737,-6.10089e-24
0,2.06987e+09,6.91918e+06,3.36473e+08,2.40909e+09,-3.92604e+07,2.42537e+08,-6.60938e+08,0.000973683,0.00015828,7.43224e-25
0,2.11602e+09,2.11697e+07,3.24718e+08,7.60015e+09,-1.16464e+09,7.15111e+08,-7.34355e+08,0.00101185,0.000155275,1.93266e-23
0,2.29029e+09,342455,3.45117e+08,-4.79304e+08,-7.74146e+06,-8.42844e+06,-2.46523e+07,0.000875363,0.000131906,-8.68143e-29
0,1.99858e+09,329193,3.12093e+08,3.03359e+09,-4.60899e+08,-6.52687e+08,-9.80401e+08,0.00107712,0.000168201,4.90813e-24
0,1.85591e+09,3.61238e+07,3.06434e+08,-8.14448e+09,-1.82262e+09,1.01193e+07,-7.39137e+08,0.00107388,0.000177311,-1.44759e-22
0,2.0394e+09,6.48446e+06,3.30738e+08,-5.45238e+09,-8.15166e+07,-4.48639e+08,-6.52634e+08,0.000937623,0.000152058,-8.07841e-24
0,1.89139e+09,3.68902e+06,3.18851e+08,9.68397e+08,-8.29432e+08,-5.21502e+07,-4.59618e+08,0.000985197,0.000166085,3.43111e-25
0,2.0663e+09,1.54785e+06,3.33858e+08,2.01292e+09,-1.04254e+08,9.52222e+07,-7.74664e+08,0.000977408,0.000157922,5.00605e-25
0,1.88554e+09,2.7459e+07,3.06572e+08,1.16328e+09,9.52056e+08,-4.54538e+08,-1.3589e+09,0.00100697,0.000163725,6.06538e-26
0,2.03391e+09,2.89955e+07,3.35269e+08,7.79715e+09,2.31027e+08,4.57166e+08,-5.54943e+08,0.000931574,0.00015356,2.26539e-23
0,1.72193e+09,-2.67229e+07,2.96408e+08,-5.93948e+09,2.58005e+09,-1.51135e+08,-1.26815e+09,0.000964505,0.000166027,-5.31214e-23
0,1.91154e+09,-4.32912e+07,3.06747e+08,5.1866e+09,-2.30077e+09,5.13329e+08,-4.6176e+08,0.000980174,0.00015729,1.95951e-23
0,1.9342e+09,-7.84033e+06,3.09672e+08,-3.36086e+09,-5.12406e+08,5.59498e+07,-1.03389e+09,0.00100265,0.000160527,-5.97069e-24
0,1.74374e+09,-2.20506e+07,2.9384e+08,3.91567e+09,3.26007e+09,1.24425e+08,-6.68806e+08,0.000981153,0.000165336,-3.09731e-23
0,1.92399e+09,-2.28311e+06,3.32091e+08,-1.31772e+09,-6.01821e+07,1.3886e+06,-9.92331e+08,0.00103033,0.000177841,-1.75784e-25
0,1.82504e+09,4.07615e+06,3.09976e+08,5.7256e+08,2.1452e+08,1.18484e+08,-1.58264e+09,0.00105082,0.000178479,-5.08447e-25
0,2.31921e+09,1.13129e+07,3.35149e+08,2.78784e+09,-7.28423e+08,-5.21844e+07,-2.69805e+08,0.000912884,0.000131921,3.73314e-25
0,2.15863e+09,4.84231e+06,3.22253e+08,3.33971e+09,-1.52659e+09,4.9748e+08,-8.34302e+08,0.0010413,0.000155451,5.14689e-24
0,2.04935e+09,-1.55549e+07,3.10337e+08,-1.48041e+09,-8.24443e+08,-6.37702e+08,-9.74068e+08,0.0010719,0.00016232,-3.37137e-25
0,2.03712e+09,-5.46487e+07,3.21728e+08,-9.73187e+09,3.83242e+08,-4.23262e+08,-7.63273e+08,0.000955847,0.00015096,-6.79918e-23
0,1.84197e+09,-6.18981e+06,2.93479e+08,5.38755e+08,-1.2774e+09,3.49652e+08,-1.41156e+09,0.00110407,0.000175911,3.99408e-24
0,1.89737e+09,3.77741e+06,3.07645e+08,2.50706e+09,6.47203e+08,1.85024e+08,-1.39368e+09,0.00100677,0.000163241,3.40417e-24
0,2.26464e+09,3.01424e+06,3.3808e+08,2.4682e+09,-6.91195e+08,1.34159e+08,-4.05036e+08,0.000981496,0.000146524,4.51618e-25
0,2.05095e+09,7.4903e+07,2.85039e+08,-9.0769e+09,-7.35982e+08,4.68843e+08,6.03952e+08,0.000962839,0.000133814,3.38542e-23
0,2.03111e+09,3.85295e+07,3.16929e+08,6.55254e+08,1.16561e+08,-7.7942e+07,-1.15744e+09,0.000994058,0.00015511,-7.34372e-26
0,1.93265e+09,1.07318e+07,3.10844e+08,-5.32581e+08,-3.90729e+08,-1.87228e+08,-1.47727e+09,0.00106858,0.000171869,1.07477e-25
0,1.80843e+09,2.15839e+07,3.10802e+08,-6.13104e+09,-1.98667e+09,-1.38777e+08,-8.09934e+08,0.00101915,0.000175154,-7.09442e-23
0,1.93816e+09,1.80282e+07,3.39801e+08,-2.6933e+09,-1.65956e+08,-2.68505e+07,-9.83048e+07,0.000918149,0.000160971,-1.78065e-25
0,1.91477e+09,-9.5556e+06,3.28177e+08,-1.19579e+09,3.71861e+07,-2.34382e+08,-1.14601e+09,0.00102394,0.000175495,1.20159e-26
0,2.03205e+09,-5.2707e+07,3.21192e+08,-9.07636e+09,6.60924e+08,1.8578e+07,-7.20434e+08,0.000933733,0.000147589,-4.38865e-23
0,1.95424e+09,-3.2087e+07,3.09184e+08,8.6527e+09,7.73748e+08,-8.79653e+07,-2.83466e+08,0.00105528,0.000166959,3.02747e-23
0,2.22245e+09,5.96455e+07,3.04876e+08,5.13165e+09,2.5092e+08,-2.99077e+08,-3.11469e+08,0.000973628,0.000133562,2.34986e-24
0,2.31917e+09,1.51522e+07,3.28581e+08,3.48623e+09,-1.13366e+09,-1.16373e+08,-3.05636e+08,0.000928422,0.000131539,1.26463e-24
0,2.07579e+09,-1.09998e+07,3.23542e+08,-1.56582e+09,-9.84388e+08,4.98614e+08,-8.40946e+08,0.00104244,0.00016248,-6.52826e-25
0,2.08689e+09,-5.87211e+07,2.91557e+08,-7.05928e+09,-9.08319e+08,1.84129e+08,-8.1584e+08,0.00100337,0.00014018,-3.38785e-23
0,1.90989e+09,-6.7034e+06,3.32225e+08,-6.94316e+08,1.31013e+08,-1.58506e+08,-9.89208e+08,0.00101636,0.000176796,6.2984e-26
0,2.12502e+09,3.61078e+07,3.23351e+08,6.19541e+09,-3.64395e+08,1.0427e+08,-8.42659e+08,0.000977229,0.000148699,1.60279e-23
0,1.99603e+09,-4.42727e+07,3.24863e+08,1.24546e+09,-2.02664e+08,-6.47414e+08,-1.0938e+08,0.000979893,0.000159482,2.71133e-26
0,2.0618e+09,-3.88747e+07,3.16365e+08,-4.54502e+09,-1.43068e+08,2.6188e+08,-9.36893e+08,0.000998063,0.000153144,-9.10123e-24
0,1.97365e+09,3.71954e+07,3.18336e+08,-3.27951e+08,1.04904e+09,-3.33848e+08,-1.05987e+09,0.000977675,0.000157692,-3.60572e-26
0,1.72573e+09,-6.59273e+06,2.9435e+08,4.64997e+09,-1.37765e+09,-5.73254e+08,-1.06535e+09,0.00102243,0.000174392,5.10305e-23
0,1.97787e+09,-4.91474e+06,3.09132e+08,-5.4984e+09,-2.01829e+08,-2.80559e+08,-1.00211e+09,0.00103981,0.000162518,-2.49054e-23
0,1.97343e+09,3.43499e+07,3.14311e+08,5.2452e+09,-2.3992e+08,-2.74497e+08,-1.0569e+09,0.00100292,0.000159736,2.04452e-23
0,2.11717e+09,1.54145e+07,3.08554e+08,-6.32775e+09,5.19143e+08,-9.28648e+07,2.17614e+08,0.000931626,0.000135774,3.43387e-24
0,2.24432e+09,1.10308e+07,3.2081e+08,-4.62319e+09,-4.32977e+08,-8.86666e+07,1.2366e+08,0.000938048,0.000134088,7.30346e-25
0,2.19293e+09,-2.23247e+07,2.9445e+08,-2.64549e+09,1.00988e+08,3.5737e+08,-1.87194e+08,0.000918033,0.000123267,-1.39868e-25
0,1.93563e+09,-1.47259e+07,3.17468e+08,-6.42478e+08,-6.06654e+08,-1.60077e+08,-1.42557e+09,0.00106673,0.000174957,-1.52153e-25
0,1.90514e+09,-4.04107e+07,3.15556e+08,-4.02502e+09,1.35411e+09,2.33628e+08,-1.01708e+09,0.000961047,0.000159182,-6.59054e-24
0,1.79236e+09,-7.57887e+07,3.10978e+08,-2.4392e+09,-7.33622e+08,-2.69177e+08,-7.61406e+08,0.000984576,0.000170826,-2.28938e-24
0,1.60103e+09,-2.67318e+07,2.71621e+08,5.53918e+09,1.29938e+09,-6.64339e+07,-1.10771e+09,0.000984621,0.000167044,6.32271e-23
0,1.93915e+09,-4.04404e+07,3.01584e+08,-1.91289e+09,-7.37848e+08,5.34546e+08,-1.37553e+09,0.00108494,0.000168735,-1.23065e-24
0,1.99464e+09,-3.28073e+07,3.15806e+08,-3.96793e+09,5.7695e+07,2.46336e+08,-1.10517e+09,0.00102091,0.000161638,-8.77006e-24
0,2.10591e+09,4.21969e+07,3.23738e+08,4.31171e+09,4.22842e+08,-1.01538e+06,-8.03083e+08,0.000997749,0.000153383,6.04685e-24
0,1.69945e+09,-3.37651e+07,2.9415e+08,6.80258e+09,-2.22854e+09,-5.21823e+08,-8.07451e+08,0.00104379,0.000180664,2.04245e-22
0,1.70542e+09,-6.35254e+07,2.9024e+08,7.28271e+09,-7.23059e+08,2.86644e+08,-5.43635e+08,0.00105438,0.000179441,6.68063e-23
0,2.10134e+09,-5.20204e+06,3.17317e+08,-4.64663e+09,-6.39355e+07,-2.00098e+07,-8.83726e+08,0.000955275,0.000144253,-6.63422e-24
0,1.96633e+09,-2.30508e+07,3.18968e+08,-1.13436e+09,-6.73975e+08,-1.45886e+08,-1.19963e+09,0.00101943,0.000165367,-4.19395e-25
0,2.14539e+09,-1.23074e+07,3.05714e+08,5.60697e+09,-6.13399e+08,3.81728e+08,-6.34065e+08,0.000978044,0.00013937,7.18444e-24
0,2.06437e+09,4.58465e+06,3.21197e+08,1.95518e+09,-8.52479e+08,-5.59739e+07,-1.20358e+09,0.00104341,0.000162346,1.71919e-24
0,2.11575e+09,1.91169e+07,3.08105e+08,-9.01649e+09,-2.59459e+09,-1.37714e+08,-5.09542e+08,0.00104957,0.000152843,-8.41559e-23
0,1.774e+09,6.48778e+07,3.2456e+08,3.67627e+09,1.46802e+09,-4.28786e+08,-3.53823e+08,0.000984735,0.000180161,-3.30289e-24
0,1.86422e+09,-6.08103e+06,3.07239e+08,-1.89993e+09,-1.79808e+08,-1.56114e+08,-1.53504e+09,0.00104036,0.00017146,-7.85333e-25
0,1.83343e+09,-1.23382e+07,3.11323e+08,-1.34284e+09,2.5571e+09,1.55696e+08,-9.80832e+08,0.000940695,0.000159733,2.3844e-24
0,1.97122e+09,5.55821e+07,3.03502e+08,1.71003e+10,1.52386e+09,2.86508e+07,-3.73593e+08,0.000958517,0.00014758,1.9888e-22
0,2.13204e+09,-6.88866e+06,3.15953e+08,-1.63226e+09,1.41363e+09,-4.62369e+08,1.62929e+08,0.00107495,0.0001593,9.88606e-25
0,2.25511e+09,-5.00237e+06,3.14735e+08,3.30213e+09,-1.50816e+09,2.58116e+08,-5.47089e+08,0.000998194,0.000139313,2.98309e-24
0,1.79937e+09,-6.71336e+06,2.87245e+08,1.21344e+10,2.00475e+08,9.10673e+07,-8.95915e+08,0.00108198,0.000172724,5.03456e-22
0,2.10792e+09,2.04859e+07,3.0696e+08,-9.56642e+08,-5.89854e+08,-4.79965e+08,-1.01128e+09,0.0010185,0.000148316,-8.75041e-26
0,2.08924e+09,5.20876e+07,3.02705e+08,1.71306e+10,6.57186e+08,-9.87345e+07,-4.03326e+08,0.00101339,0.000146828,2.11469e-22
0,2.17569e+09,3.00008e+07,3.13137e+08,8.01211e+09,-1.00117e+09,-3.81375e+08,-4.73401e+08,0.000936593,0.000134799,1.96749e-23
0,1.82307e+09,2.84258e+07,3.00142e+08,2.0761e+08,9.83804e+08,-5.04932e+08,-1.58412e+09,0.00105544,0.000173763,8.06629e-26
0,1.95413e+09,4.08974e+07,3.08556e+08,4.16665e+09,3.76807e+08,-7.13954e+08,-1.04215e+09,0.000996303,0.000157316,7.84467e-24
0,1.90413e+09,3.15884e+07,2.91254e+08,7.36246e+09,5.30123e+08,-2.42294e+08,-1.23911e+09,0.000999914,0.000152946,7.42896e-23
0,1.90252e+09,-2.82955e+07,3.22225e+08,-3.33199e+09,1.2741e+09,3.2531e+08,-9.4739e+08,0.000972733,0.000164749,-3.04085e-24
0,1.83328e+09,-3.90147e+07,3.0987e+08,5.5432e+09,-5.54604e+08,1.84584e+08,-6.16758e+08,0.0010239,0.000173065,2.1473e-23
0,2.05884e+09,2.31843e+07,3.19347e+08,2.69597e+09,-1.11888e+09,1.34465e+08,-9.00654e+08,0.00105568,0.000163746,4.31554e-24
0,1.62967e+09,-2.81986e+07,2.62051e+08,1.13097e+10,1.17462e+08,-4.08313e+08,-1.03693e+09,0.00112491,0.000180886,9.18444e-22
0,2.07887e+09,-1.34918e+07,3.27035e+08,-6.17708e+09,-7.69545e+08,-3.19515e+08,-1.04379e+09,0.00102759,0.000161654,-2.65971e-23
0,1.73355e+09,-5.43869e+07,2.96749e+08,2.03003e+09,-1.42265e+09,-4.75386e+08,-8.38571e+08,0.000984947,0.000168603,5.06831e-24
0,1.98144e+09,4.20226e+07,3.05756e+08,5.62721e+09,-5.40994e+08,-3.97309e+08,-1.28023e+09,0.00104523,0.000161289,3.86682e-23
0,2.09061e+09,1.04573e+07,3.00434e+08,1.84968e+10,1.12672e+09,3.31116e+08,2.06959e+08,0.00107324,0.000154231,-1.39908e-22
0,1.68207e+09,-5.23406e+07,2.87766e+08,3.67153e+09,-1.64121e+09,-3.36075e+08,-1.24555e+09,0.00102983,0.000176182,4.37446e-23
0,2.18639e+09,3.7917e+07,3.0173e+08,1.42935e+10,-2.68634e+08,-1.04816e+08,-3.88604e+08,0.00106913,0.000147543,1.28887e-22
0,2.21511e+09,-1.13831e+07,3.21159e+08,-9.15709e+09,-1.23171e+09,-1.86531e+08,-3.19784e+08,0.000974091,0.000141229,-1.539e-23
0,1.98506e+09,-2.39031e+07,2.96664e+08,-2.03239e+08,-7.21032e+08,2.93587e+08,-1.43245e+09,0.00106407,0.000159024,5.17202e-25
0,2.01829e+09,1.46499e+07,3.20395e+08,6.40681e+09,2.01025e+08,1.78345e+08,-1.06291e+09,0.000972525,0.000154384,2.87276e-23
0,1.97937e+09,4.62532e+07,3.0708e+08,-1.70076e+09,-4.93852e+08,2.54959e+08,-5.89899e+08,0.00109281,0.000169539,-7.93366e-25
0,1.85156e+09,-1.85449e+07,3.08738e+08,-6.24928e+09,2.1149e+09,-2.10622e+08,-9.65726e+08,0.000929988,0.000155071,-3.14544e-23
0,2.07901e+09,6.9147e+06,3.2132e+08,-3.7648e+08,-1.31739e+09,5.36553e+07,-8.25628e+08,0.00107251,0.000165762,-3.24136e-25
0,1.9882e+09,3.89154e+07,3.14047e+08,2.14804e+09,3.55002e+08,-2.68372e+08,-1.01761e+09,0.0009823,0.000155159,8.40672e-25
0,1.6802e+09,-1.70607e+07,2.60652e+08,1.22968e+10,6.68348e+08,-5.03448e+08,-9.46996e+08,0.00117521,0.000182313,1.07794e-21
0,1.81552e+09,1.87183e+07,3.05289e+08,1.1722e+09,4.76669e+08,-4.9654e+08,-1.50001e+09,0.00106,0.000178244,-3.01084e-25
0,2.32251e+09,1.10437e+07,3.31553e+08,2.6392e+09,-1.08056e+09,-7.21077e+07,-3.25977e+08,0.000929584,0.000132704,6.83663e-25
0,2.15378e+09,-9.77994e+06,3.145e+08,-5.18172e+09,-1.04667e+09,2.76202e+08,-7.24008e+08,0.000984937,0.000143823,-1.12243e-23
0,2.02374e+09,1.25463e+07,2.86027e+08,1.84347e+10,2.56328e+07,2.08583e+08,-1.91334e+08,0.00109671,0.000155005,2.25037e-22
0,2.24223e+09,3.72799e+07,3.14906e+08,-2.73892e+09,-1.56997e+09,2.00726e+08,-6.06072e+07,0.000936371,0.000131507,-1.38329e-24
0,2.08629e+09,2.23946e+07,2.76578e+08,1.61321e+10,4.96923e+08,5.64039e+07,-8.79735e+07,0.00114084,0.00015124,7.5966e-23
0,1.81512e+09,2.40173e+07,2.97871e+08,1.52075e+09,4.93245e+08,-3.10028e+08,-1.62423e+09,0.00106043,0.000174023,-1.82796e-26
0,1.95962e+09,5.12463e+07,3.02636e+08,-4.4293e+09,-1.26872e+09,2.7955e+08,-7.1769e+08,0.00108483,0.000167537,-2.23735e-23
0,1.93478e+09,-1.2283e+07,3.05674e+08,1.03661e+09,-1.28659e+08,1.01279e+08,-9.71643e+08,0.00100133,0.0001582,2.22094e-26
0,1.89138e+09,3.33931e+07,3.18304e+08,-3.70431e+09,1.60758e+09,-1.00434e+09,-9.93295e+08,0.000974271,0.000163962,-1.98773e-23
0,2.29112e+09,2.83299e+07,3.18647e+08,4.33138e+09,-1.00791e+09,-2.90535e+08,-3.63587e+08,0.000937845,0.000130435,2.54297e-24
0,2.03345e+09,1.16161e+07,3.07367e+08,2.15863e+09,-1.54986e+09,-2.68078e+08,-1.26733e+09,0.00107251,0.000162116,6.23061e-24
0,1.86486e+09,2.51827e+07,3.04429e+08,2.12077e+09,-1.96822e+08,-2.64663e+08,-1.49508e+09,0.00108162,0.000176569,1.85213e-24
0,1.95765e+09,4.20681e+07,3.097e+08,3.6108e+09,5.39079e+08,-5.26724e+08,-1.13297e+09,0.001002,0.000158517,5.57091e-24
0,2.16635e+09,-1.87489e+07,3.13106e+08,-4.19628e+09,-1.11503e+09,-7.05635e+07,-3.57239e+08,0.000935748,0.000135245,-2.38318e-24
0,2.0777e+09,3.66859e+07,3.2374e+08,8.78456e+09,2.60554e+08,2.33501e+08,-8.07304e+08,0.000944715,0.000147203,4.33321e-23
0,1.94109e+09,4.01436e+07,2.97567e+08,1.63642e+09,-7.00682e+08,-6.66227e+08,-1.05934e+09,0.00103386,0.00015849,2.87036e-25
0,1.89675e+09,-1.10276e+07,3.02753e+08,-3.69848e+09,1.40993e+08,-8.9879e+07,-1.37576e+09,0.00101921,0.000162682,-1.08616e-23
0,1.82837e+09,-6.86905e+07,3.08409e+08,-4.52518e+09,-9.4203e+08,-3.30764e+08,-9.38417e+08,0.00101038,0.000170431,-1.68812e-23
0,1.87902e+09,5.27158e+07,3.03939e+08,-5.06694e+09,-1.7735e+09,3.52298e+08,-7.33406e+08,0.00106043,0.000171529,-4.89052e-23
0,2.09164e+09,1.96935e+07,3.08688e+08,-1.42125e+09,-1.28319e+09,-8.89835e+08,-8.18159e+08,0.00101148,0.000149277,-6.5958e-25
0,1.68902e+09,-2.17782e+07,2.96093e+08,8.98161e+09,1.28796e+09,1.11161e+08,-5.70058e+08,0.00105873,0.0001856,1.67827e-22
0,1.70569e+09,-5.48873e+07,2.94957e+08,9.07923e+09,-5.43531e+08,2.1984e+08,-6.8481e+08,0.00110362,0.000190843,2.20737e-22
0,1.99688e+09,1.63459e+07,3.28298e+08,2.55433e+09,4.6624e+08,-1.07024e+07,-8.33529e+08,0.000929981,0.000152894,1.15568e-24
0,1.8437e+09,-4.12426e+07,2.73159e+08,6.43801e+09,-3.59908e+09,2.07667e+07,-9.06808e+08,0.00111204,0.000164758,3.38308e-22
0,1.81085e+09,9.33832e+07,3.03136e+08,-7.9877e+09,4.77681e+08,-3.40704e+08,-1.59295e+08,0.000917597,0.000153605,-1.5186e-23
0,2.2423e+09,-2.5181e+07,3.1396e+08,-5.03531e+09,-1.6105e+09,-2.44803e+08,-4.69246e+08,0.000976513,0.000136729,-5.73586e-24
0,2.01407e+09,2.16393e+07,3.15077e+08,4.10106e+09,-7.70832e+08,-3.02462e+08,-8.85876e+08,0.00101718,0.000159126,9.95035e-24
0,2.24098e+09,1.95966e+06,3.45058e+08,1.68531e+09,2.236e+07,1.80592e+08,-4.12476e+07,0.000871777,0.000134233,8.27747e-27
0,1.70473e+09,1.8933e+06,2.9207e+08,1.04926e+10,2.53406e+09,-2.65932e+08,-5.43773e+08,0.00109066,0.000186861,8.15899e-23
0,1.754e+09,-4.69395e+07,2.89776e+08,1.00861e+10,5.86433e+08,2.47774e+08,-8.10387e+08,0.00115662,0.000191084,4.36633e-22
0,2.02525e+09,6.69266e+06,3.14715e+08,-3.69491e+09,-1.3034e+09,-7.73951e+07,-1.08655e+09,0.00108476,0.000168567,-1.48548e-23
0,1.98998e+09,6.20718e+07,3.07085e+08,3.10725e+09,6.86201e+08,-4.65842e+08,-1.24279e+09,0.00102756,0.000158569,3.83421e-24
0,1.96617e+09,6.84896e+07,3.11602e+08,-6.31427e+08,-1.48709e+09,1.12682e+08,1.15694e+08,0.000927625,0.000147012,-2.64841e-25
0,2.2457e+09,4.38092e+07,3.05934e+08,6.22441e+09,-1.03544e+09,-4.30812e+07,-3.29178e+08,0.00101271,0.000137963,7.78988e-24
0,1.80326e+09,1.45591e+07,2.89012e+08,1.92481e+09,4.62945e+07,-1.19609e+08,-1.74713e+09,0.0010691,0.000171346,6.06726e-25
0,1.94233e+09,4.7238e+07,3.13617e+08,-1.98595e+09,-1.68476e+09,-4.20056e+08,-8.63168e+07,0.000901583,0.000145574,-1.32689e-24
0,1.71588e+09,-5.65448e+07,2.62673e+08,6.37485e+08,8.761e+08,1.31203e+09,-1.01778e+09,0.000997475,0.000152697,1.41187e-24
0,2.01555e+09,2.34048e+07,3.12485e+08,3.11953e+09,-7.97162e+08,-1.49389e+08,-9.88617e+08,0.00101597,0.000157512,4.92675e-24
0,1.7703e+09,8.76348e+06,2.80345e+08,2.07704e+09,-1.75922e+09,-7.29808e+08,-8.82148e+08,0.00103432,0.000163796,6.53187e-24
0,1.93542e+09,235429,3.1298e+08,-5.0702e+09,-1.59132e+09,-3.55939e+08,-9.28111e+08,0.00102942,0.000166469,-2.59514e-23
0,2.21703e+09,1.46543e+07,3.0735e+08,7.31959e+09,-2.43557e+09,-4.44602e+08,-4.75623e+08,0.000978755,0.000135686,3.91203e-23
0,2.1286e+09,1.90363e+07,2.75974e+08,-2.74288e+09,-1.69324e+09,-6.42343e+07,1.14939e+08,0.00100437,0.000130216,-1.85212e-24
0,1.92738e+09,1.92067e+06,3.07335e+08,-5.50288e+09,-6.75232e+08,-1.72812e+08,-1.30733e+09,0.00106235,0.0001694,-4.23739e-23
0,2.07233e+09,1.88418e+07,3.14595e+08,1.9444e+09,-1.41864e+09,4.1587e+07,-8.92119e+08,0.00103856,0.000157662,3.41311e-24
0,2.07693e+09,2.88121e+07,3.12982e+08,1.09626e+09,-4.61697e+08,1.01652e+08,-1.07067e+09,0.00101864,0.000153503,1.27293e-25
0,1.71776e+09,-2.01526e+07,2.75971e+08,3.6902e+09,-2.40321e+09,-2.23242e+08,-8.06422e+08,0.00104402,0.00016773,6.46634e-23
0,1.93185e+09,4.40332e+07,3.03055e+08,8.0986e+09,7.95157e+08,-3.5856e+08,-1.05812e+09,0.000957761,0.000150246,6.06407e-23
0,1.84822e+09,-2.56393e+07,3.13495e+08,-2.59543e+09,1.23747e+09,2.27886e+08,-1.15652e+09,0.000987834,0.000167556,-2.61373e-24
0,2.01103e+09,3.59189e+06,3.06481e+08,3.35484e+09,-1.45803e+09,-3.60028e+08,-1.06887e+09,0.00102614,0.000156384,1.14426e-23
0,2.16067e+09,1.63679e+06,3.2809e+08,-1.32753e+09,-8.04367e+08,-4.52655e+08,-2.54927e+08,0.000896265,0.000136095,-5.98698e-27
0,1.83578e+09,-1.06e+07,2.7241e+08,2.11764e+09,-8.60405e+08,1.30647e+07,1.00913e+09,0.00111295,0.000165149,-3.14692e-24
0,2.14448e+09,-1.53848e+07,2.97901e+08,-8.39216e+09,-3.87162e+08,-1.04372e+08,-2.96233e+08,0.000987896,0.000137234,-1.3957e-23
0,1.89081e+09,-2.22823e+07,3.11084e+08,-6.08419e+09,-3.9786e+08,-2.96791e+08,-1.21926e+09,0.00104351,0.000171683,-5.1677e-23
0,1.77241e+09,-2.68471e+07,2.78505e+08,5.43953e+09,-2.03298e+09,2.02713e+08,-7.76903e+08,0.00108997,0.000171271,8.30871e-23
0,2.29224e+09,3.0829e+07,3.20563e+08,6.52831e+09,-1.23447e+09,-2.5346e+08,-4.19812e+08,0.000947923,0.000132564,9.06006e-24
0,1.9865e+09,-7.25737e+06,3.10059e+08,-2.97317e+09,-9.62029e+08,1.0699e+08,-8.71068e+08,0.000977024,0.000152497,-4.00909e-24
0,2.16468e+09,3.1723e+06,3.28795e+08,2.35932e+07,-1.18505e+09,5.59387e+07,-8.04478e+08,0.00102142,0.000155145,8.71738e-26
0,1.86429e+09,-2.37216e+07,3.17452e+08,-9.16134e+08,1.39353e+09,3.41234e+08,-1.02208e+09,0.000984865,0.000167704,3.55726e-26
0,1.93836e+09,4.91356e+07,2.95674e+08,6.44162e+09,-3.05024e+08,-9.99446e+08,-1.15214e+09,0.00100197,0.000152838,4.5136e-23
0,1.97713e+09,8.38271e+06,3.16916e+08,-5.73792e+08,-6.52177e+08,-9.58485e+08,-1.06876e+09,0.00104176,0.000166985,2.95524e-25
0,1.96005e+09,4.17368e+07,3.12477e+08,8.11272e+09,5.51178e+08,-2.72439e+08,-9.72868e+08,0.000966063,0.000154012,5.6676e-23
0,1.95501e+09,-4.04785e+07,3.2278e+08,-4.75171e+09,8.66973e+08,-1.0239e+08,-9.47893e+08,0.000982171,0.00016216,-1.37924e-23
0,2.09452e+09,2.45415e+07,3.32558e+08,2.87807e+09,-9.30295e+07,3.73705e+08,-7.59957e+08,0.000973628,0.000154588,1.29295e-24
0,2.01673e+09,-2.77689e+06,3.11617e+08,-1.45884e+09,-1.15728e+09,5.02239e+07,-1.01839e+09,0.00103877,0.000160506,-1.68538e-24
0,1.7841e+09,-3.74116e+07,2.60101e+08,7.42775e+09,1.53218e+09,5.73038e+08,-1.09561e+09,0.00121082,0.000176524,3.47156e-22
0,1.71586e+09,-3.14486e+07,2.5357e+08,-1.39397e+10,1.48487e+08,7.98885e+07,4.90432e+07,0.000985606,0.000145654,3.49689e-23
0,2.16594e+09,1.60293e+07,3.16838e+08,-1.17132e+10,-1.70419e+09,-1.21588e+08,-2.20995e+08,0.000990953,0.000144958,-3.27667e-23
0,2.11975e+09,5.47322e+07,3.24816e+08,-7.21656e+09,-1.5061e+09,1.31459e+08,2.857e+08,0.000876454,0.000134302,2.07317e-24
0,1.73378e+09,3.72732e+07,2.72341e+08,-1.57547e+10,-2.84451e+08,-1.79689e+08,-6.7551e+08,0.00107249,0.000168466,-9.4202e-22
0,2.29962e+09,-5.38456e+06,3.29009e+08,-3.99903e+09,-1.02434e+09,-1.07249e+08,-2.30086e+08,0.000938006,0.000134202,-9.52446e-25
0,2.08033e+09,-1.33179e+07,3.14996e+08,-3.65318e+09,-1.22308e+09,1.78428e+08,-9.00189e+08,0.00104817,0.00015871,-9.61136e-24
0,1.76724e+09,1.15009e+07,3.00748e+08,-8.12644e+09,-2.03762e+08,-2.34129e+08,-1.11567e+09,0.00105816,0.000180078,-1.7777e-22
0,1.98701e+09,-2.66011e+07,3.09527e+08,-4.8396e+09,-1.28333e+09,9.04958e+07,-1.24334e+09,0.00108644,0.00016924,-3.66133e-23
0,2.14875e+09,4.14072e+07,3.17922e+08,7.20412e+09,-1.02123e+09,1.57057e+06,-5.76902e+08,0.000960847,0.000142164,1.73373e-23
0,1.69117e+09,1.74398e+07,2.88789e+08,-5.95318e+09,1.2106e+09,-2.10574e+08,-5.27938e+08,0.000884757,0.000151083,-2.06101e-23
0,1.87949e+09,-3.70989e+07,3.01815e+08,1.75684e+09,-2.13131e+09,-5.33464e+07,-8.11136e+08,0.00104293,0.000167477,1.15579e-23
0,1.83603e+09,-2.63199e+07,3.0272e+08,-3.90382e+09,1.38927e+09,6.95243e+07,-1.33745e+09,0.000989397,0.000163129,-1.36675e-23
0,2.25467e+09,2.2842e+07,3.08327e+08,-6.49105e+09,8.08873e+08,1.30643e+07,2.48095e+08,0.000970062,0.000132656,4.66335e-24
0,2.21454e+09,2.0774e+07,3.0675e+08,4.08283e+09,-2.41327e+09,-7.749e+06,-9.08988e+08,0.00106079,0.000146937,2.40813e-23
0,1.83696e+09,-2.48988e+07,3.04217e+08,-1.56733e+08,7.08735e+08,3.90885e+08,-9.76042e+08,0.000959736,0.00015894,-5.79793e-27
0,2.1813e+09,4.72092e+07,2.94986e+08,-2.07505e+09,-1.44987e+09,5.11789e+08,1.80645e+07,0.000972104,0.000131462,-9.2478e-25
0,2.0402e+09,-1.22279e+07,3.33009e+08,-4.97988e+09,-1.74318e+08,-3.80889e+08,-7.05455e+08,0.000982167,0.000160312,-8.12591e-24
0,1.91554e+09,-1.09328e+07,3.06028e+08,-2.46831e+09,-1.32964e+09,-1.71481e+08,-1.07244e+09,0.00100558,0.000160653,-6.00647e-24
0,2.1326e+09,-1.20076e+07,3.37705e+08,-6.41042e+09,-4.59729e+08,-4.83041e+08,-5.5032e+08,0.00097398,0.000154233,-9.04582e-24
0,2.03491e+09,1.0427e+07,3.27124e+08,5.21142e+08,-4.3072e+08,-2.05848e+08,-9.806e+08,0.00100424,0.000161438,-6.27742e-26
0,1.95685e+09,-8.00495e+07,2.81394e+08,-6.06506e+08,1.21992e+09,4.08623e+08,-6.62721e+08,0.00112711,0.000162078,3.589e-26
0,2.06657e+09,5.40154e+07,3.10165e+08,5.97183e+09,-4.44297e+08,-6.11181e+07,-9.81666e+08,0.00103379,0.000155158,2.63833e-23
0,2.24544e+09,-1.57088e+07,3.27134e+08,7.4803e+09,8.38587e+08,2.11015e+08,1.85747e+08,0.00092206,0.000134333,-2.72825e-24
0,2.01823e+09,3.62223e+06,3.30034e+08,1.06628e+09,-1.72843e+08,-1.93349e+07,-9.38326e+08,0.000991855,0.000162195,4.06862e-26
0,2.10948e+09,-6.31224e+07,2.92047e+08,-7.2125e+09,9.94004e+08,1.95538e+08,-2.32554e+08,0.000921501,0.000127577,-3.14369e-24
0,1.84473e+09,2.28474e+07,3.1453e+08,-6.41748e+09,-1.8137e+09,-2.44126e+08,-6.70418e+08,0.00101848,0.000173653,-4.98101e-23
0,1.8299e+09,7.70953e+06,3.02648e+08,5.07356e+08,2.15851e+09,-1.2735e+08,-1.18349e+09,0.000985547,0.000163,-3.3677e-25
0,2.3181e+09,7.05939e+06,3.28522e+08,3.14849e+09,-1.18157e+09,-6.50177e+07,-2.56773e+08,0.000932126,0.000132101,9.85613e-25
0,2.10648e+09,2.68612e+07,2.92301e+08,3.11043e+09,-2.38809e+09,-1.61139e+08,-1.19861e+09,0.00108413,0.000150437,2.51512e-23
0,1.82176e+09,-7.60144e+06,3.07979e+08,1.36598e+09,1.03455e+09,2.45591e+08,-1.40699e+09,0.000993723,0.000167994,8.52231e-25
0,1.66689e+09,1.09616e+07,3.01565e+08,7.37561e+08,-1.6934e+09,-2.54678e+08,-1.37135e+08,0.000949054,0.000171698,9.66269e-25
0,2.16218e+09,1.55095e+07,3.23996e+08,1.96974e+09,-1.17376e+09,2.93372e+08,-6.25908e+08,0.000994193,0.000148977,1.1076e-24
0,1.91726e+09,-4.44774e+07,3.05115e+08,-3.80354e+09,1.25676e+09,6.22162e+07,-1.11108e+09,0.000982489,0.000156354,-8.1301e-24
0,1.91732e+09,1.45846e+07,3.24693e+08,-6.05752e+09,-1.84011e+09,-5.16567e+08,-5.16212e+08,0.0010025,0.00016977,-1.73665e-23
0,2.31202e+09,1.97298e+07,3.25066e+08,4.56331e+09,-1.36605e+09,-1.44143e+08,-4.07202e+08,0.000947157,0.000133168,3.76708e-24
0,1.90809e+09,-3.81883e+07,3.01505e+08,6.43942e+08,7.61022e+07,3.37759e+08,-8.36878e+08,0.00108381,0.000171258,-8.61847e-26
0,2.09294e+09,-2.62096e+07,3.10056e+08,-6.37516e+09,-1.8402e+09,1.6116e+08,-9.37361e+08,0.00106083,0.000157155,-5.41707e-23
0,2.01969e+09,3.79159e+07,3.0723e+08,2.02272e+09,-8.26738e+08,-1.621e+08,-1.04597e+09,0.00106363,0.000161797,2.0723e-24
0,1.76604e+09,-3.31953e+07,2.80545e+08,-4.80921e+09,2.32708e+09,-1.66687e+08,-1.42979e+09,0.000997894,0.000158521,-3.75017e-23
0,1.99806e+09,-3.74461e+07,3.12225e+08,2.64894e+09,7.03544e+08,1.004e+09,-7.92403e+08,0.000965335,0.000150847,3.68443e-24
0,1.93986e+09,1.49033e+07,3.14297e+08,2.05877e+09,3.1261e+08,-6.61184e+08,-1.06542e+09,0.00100114,0.000162205,6.15642e-25
0,1.6709e+09,8.86134e+06,3.07816e+08,4.83372e+09,-6.60563e+07,-3.51792e+07,-3.21614e+08,0.00094999,0.000175009,8.63533e-24
0,2.00068e+09,-3.09871e+07,3.1923e+08,2.73998e+09,-4.58876e+08,3.29206e+08,-7.51873e+08,0.000989027,0.00015781,1.39398e-24
0,1.97247e+09,-8.65741e+06,3.32706e+08,-6.17164e+09,-7.29955e+08,-7.73226e+08,-5.11972e+08,0.000992054,0.000167335,-5.68699e-24
0,1.76409e+09,-3.94362e+07,3.14707e+08,1.80826e+09,-1.75809e+09,-5.63668e+07,2.01374e+08,0.00101636,0.000181316,3.88385e-24
0,2.02083e+09,1.35899e+07,3.1752e+08,1.82699e+09,-4.4353e+08,-6.84389e+08,-9.92272e+08,0.00101013,0.000158716,3.81378e-25
0,1.94797e+09,3.14781e+07,3.15121e+08,-2.29175e+09,1.62621e+09,-5.36266e+08,-1.01689e+09,0.000946043,0.000153041,-2.83529e-24
0,1.93983e+09,2.78647e+07,3.00468e+08,9.22517e+07,-7.91601e+08,-1.73654e+08,-1.23338e+09,0.00106007,0.000164197,-3.02626e-25
0,1.66012e+09,4.59073e+07,2.73065e+08,-1.08232e+10,-2.67997e+09,-1.82202e+08,-1.02352e+09,0.0010822,0.000178006,-8.39542e-22
0,1.82362e+09,2.00808e+07,3.10865e+08,8.75729e+09,8.63732e+06,3.46219e+08,-3.05197e+08,0.000993811,0.000169411,3.93149e-23
0,1.93941e+09,7.93327e+06,3.25801e+08,-1.2732e+09,4.88525e+08,-1.81774e+08,-1.06278e+09,0.000976928,0.000164114,-2.16155e-25
0,1.82984e+09,2.01132e+07,2.95313e+08,1.3674e+10,3.53135e+08,6.81269e+08,-9.19003e+07,0.00102748,0.000165823,8.50944e-23
0,2.01592e+09,6.09394e+07,3.05272e+08,1.0789e+10,-3.01494e+08,-1.74797e+08,-6.90261e+08,0.000983451,0.000148925,9.75844e-23
0,2.1431e+09,-350024,3.14768e+08,-3.67008e+09,7.54086e+08,-2.84265e+07,8.70543e+08,0.00100466,0.000147559,4.39162e-24
0,2.14343e+09,-8.38329e+06,3.19331e+08,-3.60497e+09,-1.08071e+09,1.5987e+08,-7.63423e+08,0.00100367,0.000149528,-5.14064e-24
0,2.00312e+09,1.12242e+07,3.22765e+08,1.04795e+09,1.01977e+08,2.07327e+06,-1.1398e+09,0.0009977,0.000160761,-2.51311e-26
0,2.0157e+09,-2.79021e+07,3.05926e+08,-8.24782e+09,-1.66161e+09,-9.80349e+07,-1.15059e+09,0.00108168,0.000164168,-1.34716e-22
0,1.81889e+09,-3.50784e+07,3.03292e+08,-6.98282e+09,6.61895e+08,3.49282e+08,-1.16967e+09,0.00099142,0.000165315,-6.93839e-23
0,2.05985e+09,-4.48695e+07,3.26497e+08,-7.24413e+09,4.89804e+08,-3.33723e+08,-8.64598e+08,0.000969566,0.000153681,-3.26004e-23
0,2.19167e+09,2.21988e+06,3.44651e+08,1.06403e+09,-1.32103e+07,1.24172e+08,-1.34793e+08,0.000915336,0.000143941,7.41354e-27
0,2.09699e+09,-1.5738e+07,3.39586e+08,-5.23997e+09,4.55878e+08,-4.72324e+08,-4.22354e+08,0.000893733,0.000144731,-4.51488e-24
0,1.93098e+09,7.33711e+06,3.22783e+08,-2.47171e+09,1.03788e+09,-2.91259e+08,-9.43333e+08,0.000952317,0.000159189,-2.3869e-24
0,1.91e+09,4.03178e+07,3.18334e+08,-1.45135e+10,-1.94555e+09,-5.98554e+08,8.42026e+06,0.000922327,0.000153722,6.28055e-23
0,1.9312e+09,-6.32916e+06,3.25355e+08,4.58079e+09,7.47551e+08,8.43189e+08,-8.25636e+08,0.000971916,0.000163741,1.62537e-23
0,1.86019e+09,-2.57406e+06,3.07681e+08,2.9115e+09,1.17052e+09,5.1648e+08,-1.01368e+09,0.000943775,0.000156103,5.83635e-24
0,1.76284e+09,-3.91584e+07,3.04628e+08,-4.64773e+09,1.53043e+09,6.27593e+08,-1.16295e+09,0.000977345,0.00016889,-1.30144e-23
0,1.94898e+09,3.52853e+07,3.06911e+08,5.46643e+09,-3.49003e+08,3.17405e+08,-1.42896e+09,0.00105208,0.000165673,3.81839e-23
0,2.26122e+09,5.66892e+06,3.21407e+08,3.10544e+09,-3.26339e+08,2.65612e+07,-3.12818e+08,0.000920983,0.000130908,4.28297e-25
0,1.87216e+09,-4.36963e+07,3.06917e+08,-8.86804e+09,-4.05156e+08,-6.3748e+07,-1.18395e+09,0.00103823,0.000170205,-1.70197e-22
0,2.06413e+09,4.08847e+07,2.91305e+08,-4.76129e+09,-1.80179e+09,2.89e+08,3.82592e+08,0.000915823,0.000129248,-1.75153e-24
0,1.91311e+09,-2.47513e+07,3.19773e+08,3.55063e+09,-5.23496e+08,3.01065e+08,-7.27478e+08,0.00102639,0.00017156,4.85785e-24
0,1.93162e+09,-9.48824e+06,3.17093e+08,-4.65036e+09,6.24218e+08,1.22078e+08,-9.30249e+08,0.000963025,0.00015809,-1.08114e-23
0,2.24802e+09,-2.11057e+06,3.22111e+08,2.90365e+09,-1.5753e+09,-2.76522e+08,-1.84856e+08,0.000909343,0.000130297,1.56219e-24
0,1.96559e+09,1.80136e+06,3.20555e+08,4.49255e+09,4.28153e+08,3.26404e+08,-8.88919e+08,0.000962292,0.000156934,9.81452e-24
0,1.95101e+09,6.01376e+07,3.12681e+08,-6.23869e+09,-1.2846e+09,-1.0512e+08,-6.16937e+08,0.00104262,0.000167096,-3.11842e-23
0,1.94725e+09,-2.1172e+07,3.15842e+08,2.96896e+09,-1.37678e+09,-2.74715e+08,-9.03815e+08,0.00100522,0.000163046,7.91599e-24
0,1.70786e+09,5.77956e+07,2.77871e+08,3.75326e+09,1.86271e+09,-1.1497e+09,-1.29648e+09,0.000995576,0.000161982,1.52367e-24
0,2.07225e+09,3.1445e+07,3.00678e+08,5.18239e+09,-8.08726e+08,1.50731e+08,-1.16748e+09,0.00102278,0.000148402,1.90029e-23
0,1.68871e+09,8.70309e+07,2.84427e+08,-4.99389e+09,-1.61816e+09,-3.26659e+07,-1.13614e+09,0.00110384,0.000185919,-1.04174e-22
0,2.04485e+09,4.14839e+07,2.93477e+08,6.61064e+09,-1.22933e+09,1.20515e+08,-1.06053e+09,0.00103147,0.000148037,4.39863e-23
0,1.95662e+09,4.87401e+07,2.98122e+08,-8.81348e+08,3.53222e+08,-9.51577e+08,-1.04661e+09,0.00100361,0.000152916,2.0349e-25
0,1.96732e+09,5.04779e+07,3.19384e+08,2.68568e+09,7.88781e+08,-4.3052e+08,-8.83474e+08,0.000975068,0.000158297,1.28063e-24
0,1.96261e+09,2.22172e+07,3.23853e+08,-4.54888e+09,1.3536e+09,-9.08158e+08,-7.1901e+08,0.000923907,0.000152455,-1.48489e-23
0,1.85098e+09,-3.99059e+07,3.08725e+08,-6.95195e+09,8.64026e+08,1.3285e+08,-1.07585e+09,0.00100606,0.000167801,-6.53124e-23
0,1.8777e+09,1.23764e+06,3.28075e+08,9.07485e+08,1.75842e+08,4.76276e+07,-9.48519e+08,0.000972295,0.000169881,9.34963e-28
0,2.10511e+09,2.87279e+07,3.22207e+08,4.15933e+09,-6.90389e+08,-5.27405e+08,-6.33641e+08,0.000982533,0.000150386,5.45077e-24
0,2.27973e+09,538004,3.12633e+08,2.32631e+09,-1.16462e+09,5.68563e+07,-3.36157e+08,0.00094545,0.000129656,6.86359e-25
0,1.70968e+09,6.55721e+07,2.96128e+08,-3.7846e+09,-2.11747e+09,-2.22532e+08,-1.13671e+09,0.00109513,0.000189684,-7.65177e-23
0,1.88338e+09,-3.39334e+07,2.94782e+08,-9.07809e+08,5.32459e+08,4.83889e+08,-1.33615e+09,0.00102783,0.000160874,1.15637e-25
0,1.76042e+09,-2.22286e+07,2.95111e+08,-1.00766e+09,1.62474e+09,3.38602e+08,-1.49462e+09,0.00101339,0.000169882,-8.4822e-26
0,1.8277e+09,1.74609e+07,2.98928e+08,3.81638e+09,2.37249e+09,6.22908e+07,-1.08724e+09,0.000942699,0.000154182,4.31543e-24
0,2.04765e+09,-3.21553e+07,3.20471e+08,1.47673e+09,7.26856e+08,-1.76827e+08,-6.40791e+08,0.00105278,0.000164768,1.88299e-25
0,2.09761e+09,2.67672e+07,3.21801e+08,3.3968e+09,-6.00554e+08,2.34556e+08,-1.05212e+09,0.00101071,0.000155057,3.90452e-24
0,1.77178e+09,-7.47352e+06,3.05028e+08,-4.78751e+09,1.67245e+09,-3.09419e+08,-9.93057e+08,0.000980099,0.000168733,-2.85035e-23
0,1.87859e+09,-1.36395e+07,3.07741e+08,4.57021e+09,1.03157e+09,6.91484e+08,-1.21894e+09,0.000993282,0.000162715,2.7473e-23
0,1.94059e+09,-2.14664e+07,2.96517e+08,-4.41577e+08,-8.40216e+08,2.52386e+08,-1.63806e+09,0.00109215,0.000166878,8.38812e-25
0,2.19075e+09,2.74003e+07,3.26807e+08,7.09491e+09,-7.27776e+08,2.53951e+08,-5.54983e+08,0.000940119,0.000140243,1.04147e-23
0,1.90679e+09,-2.92226e+07,3.12095e+08,4.04605e+09,-5.79296e+08,1.14313e+08,-7.55844e+08,0.00104059,0.00017032,9.63507e-24
0,2.17843e+09,6.83622e+06,3.23417e+08,-2.29835e+08,-1.51156e+09,-5.29037e+08,-5.45038e+08,0.000991638,0.000147222,-8.53312e-25
0,1.72319e+09,6.8458e+07,2.91212e+08,8.88399e+09,-7.6545e+07,-2.3566e+08,-4.63637e+08,0.00104368,0.000176377,1.06814e-22
0,1.81724e+09,5.82532e+07,2.7201e+08,7.33309e+09,-3.65348e+08,-5.93876e+08,-1.13228e+09,0.00106004,0.000158669,1.24182e-22
0,1.97903e+09,-2.33779e+07,2.93945e+08,-2.16221e+09,-6.79496e+08,6.97592e+08,-1.23628e+09,0.00107935,0.000160316,-1.59036e-24
0,1.88032e+09,-7.55325e+06,3.11807e+08,-8.56387e+08,2.36999e+08,1.64608e+08,-1.22253e+09,0.00102452,0.000169893,1.26747e-25
0,1.98527e+09,-1.96859e+07,3.30082e+08,3.37905e+09,-3.50175e+08,-5.83693e+07,-5.74872e+08,0.00101183,0.000168233,3.18412e-24
0,2.09951e+09,586633,3.34806e+08,-3.0995e+09,-7.48783e+08,-3.85038e+08,-6.8721e+08,0.000990866,0.000158012,-1.48894e-24
0,1.7215e+09,8.05868e+06,2.7949e+08,1.34863e+09,4.77602e+08,-3.37187e+08,-1.79444e+09,0.00106487,0.000172885,-8.59651e-25
0,1.90793e+09,-2.59674e+07,3.06195e+08,3.46941e+09,-6.35481e+08,8.69013e+07,-1.24195e+09,0.0010497,0.000168461,1.02046e-23
0,2.00796e+09,-4.30137e+07,2.9911e+08,6.0892e+09,-8.97282e+08,1.16621e+08,2.78104e+08,0.00088397,0.000131678,-4.61997e-24
0,2.25567e+09,-6.91849e+06,3.23526e+08,-4.24421e+09,-1.77972e+09,-3.00385e+08,-5.14267e+08,0.000984491,0.000141203,-5.19634e-24
0,2.09197e+09,3.66703e+06,3.06572e+08,-3.71193e+09,-4.47695e+07,-4.23857e+08,5.79766e+07,0.000899946,0.000131884,2.24772e-25
0,1.84555e+09,1.09412e+07,3.04327e+08,1.1213e+08,8.60739e+08,1.54505e+08,-1.39501e+09,0.00101666,0.000167644,-4.15548e-26
0,2.02277e+09,-3.84855e+07,3.06649e+08,1.18421e+10,-2.19855e+09,1.383e+08,7.36648e+07,0.000953002,0.000144474,-9.32655e-25
0,2.04712e+09,-2.43821e+07,3.28458e+08,2.49912e+09,-2.08189e+08,-1.76252e+08,-6.3893e+08,0.00101908,0.000163509,1.21635e-24
0,1.9042e+09,-1.58856e+06,3.11982e+08,2.22612e+09,-7.07066e+07,4.07901e+07,-1.40819e+09,0.00103459,0.000169506,1.76611e-24
0,1.97335e+09,4.16501e+06,3.13048e+08,4.81249e+09,-1.71508e+08,2.99083e+08,-1.27531e+09,0.00103081,0.000163525,1.98102e-23
0,2.23079e+09,-1.5985e+07,3.05961e+08,7.35382e+08,-6.2508e+08,3.23866e+08,-3.36586e+08,0.000940597,0.000129006,2.85004e-26
0,2.10879e+09,-115003,3.19484e+08,-8.87965e+07,-1.30677e+09,-3.36461e+08,-8.41492e+08,0.000999373,0.000151406,-6.20184e-25
0,1.88473e+09,-2.42591e+07,2.99115e+08,-3.10957e+09,1.1166e+08,4.14981e+08,-1.32784e+09,0.0010659,0.000169163,-6.95278e-24
0,1.91584e+09,3.51213e+07,3.05113e+08,6.0205e+09,3.3295e+08,1.00889e+07,-1.1865e+09,0.000999417,0.000159165,3.8809e-23
0,1.9198e+09,-2.44703e+07,3.13189e+08,-6.43089e+09,-6.45145e+07,-2.54096e+08,-1.44248e+09,0.00103768,0.000169283,-6.65319e-23
0,1.98861e+09,-1.54496e+07,3.18902e+08,3.12071e+09,7.95746e+08,-1.77322e+08,-5.94079e+08,0.00106475,0.000170748,2.45708e-24
0,2.05063e+09,1.10674e+06,2.75739e+08,2.04262e+09,-2.17381e+09,1.61459e+08,-1.01631e+09,0.00109828,0.000147681,1.46909e-23
0,2.14926e+09,1.69365e+07,3.23457e+08,4.81637e+09,-1.1775e+09,-4.06855e+08,-5.53128e+08,0.000970531,0.000146062,8.27524e-24
0,2.03509e+09,-2.99934e+07,3.22043e+08,-7.15487e+08,-6.54968e+08,-3.99925e+08,-8.46777e+08,0.00105838,0.000167483,-2.21113e-25
0,2.24452e+09,-2.23053e+07,3.24199e+08,-8.83532e+09,-1.36219e+09,-2.88736e+08,-4.9139e+08,0.000971658,0.000140346,-1.89386e-23
0,2.19588e+09,6.1253e+06,3.27395e+08,3.69342e+09,-1.17945e+09,3.63427e+08,-5.54171e+08,0.000999462,0.000149015,2.32771e-24
0,1.93449e+09,5.73768e+06,3.27996e+08,1.77723e+09,1.00285e+08,8.77056e+07,-1.08212e+09,0.00101363,0.000171862,6.15723e-25
0,1.96324e+09,4.18061e+06,3.39097e+08,-3.91391e+09,1.88259e+08,-1.42607e+08,-5.32224e+08,0.000961453,0.000166065,-3.68163e-24
0,1.75713e+09,9.07072e+07,2.84299e+08,1.84697e+09,-9.53842e+08,-1.05741e+09,-1.1386e+09,0.00101342,0.000163969,-5.94852e-25
0,1.87359e+09,-1.52022e+07,2.91401e+08,-6.20806e+08,7.06412e+07,1.4e+08,-1.16477e+09,0.00101774,0.00015829,1.32318e-25
0,1.88972e+09,3.57084e+06,3.14454e+08,-5.20553e+07,8.39405e+07,4.55686e+08,-1.17002e+09,0.00104794,0.000174379,-4.57632e-26
0,2.05167e+09,-1.37135e+07,3.16227e+08,8.34869e+08,7.25536e+08,-2.78733e+08,-6.18813e+08,0.00107747,0.000166072,1.05566e-26
0,2.08949e+09,1.03135e+07,3.23447e+08,1.31798e+09,-1.2689e+09,2.89087e+08,-1.06805e+09,0.00106881,0.000165449,2.21153e-24
0,2.04572e+09,1.21228e+07,3.15014e+08,2.08622e+09,-1.29386e+09,-4.27871e+07,-1.00998e+09,0.00103377,0.000159187,3.48516e-24
0,1.95393e+09,-4.20182e+07,3.08255e+08,-5.57474e+09,-1.25111e+07,1.48567e+08,-1.08243e+09,0.00106051,0.000167307,-3.39557e-23
0,2.15713e+09,-3.60793e+07,3.11398e+08,-3.27159e+09,-8.35451e+08,1.54812e+08,-8.51184e+08,0.00102056,0.000147326,-3.78374e-24
0,1.91166e+09,-2.02885e+06,3.36552e+08,-1.65538e+09,3.99992e+08,-2.86608e+08,-7.09458e+08,0.000946872,0.000166699,-4.67499e-25
0,1.82637e+09,3.24085e+06,3.01135e+08,-6.32646e+08,-2.05058e+08,-7.88086e+07,-1.68464e+09,0.00108845,0.000179466,6.99392e-25
0,1.83536e+09,7.37495e+07,2.8616e+08,-8.80489e+08,-1.8016e+09,-8.03883e+08,-1.06312e+09,0.0011036,0.000172067,-1.24164e-23
0,1.82763e+09,-1.29362e+07,3.09611e+08,7.56244e+08,3.67243e+08,3.67474e+08,-1.32134e+09,0.00103855,0.000175937,-2.93188e-25
0,1.90809e+09,-5.43167e+07,2.59613e+08,5.51332e+09,1.29279e+09,-1.68427e+08,1.33897e+08,0.00104215,0.000141794,-1.30687e-23
0,2.15456e+09,-2.12143e+07,3.23009e+08,-5.65376e+09,-1.21778e+09,-2.97836e+08,-6.81154e+08,0.000997918,0.000149607,-1.0503e-23
0,1.86114e+09,7.1152e+06,3.24291e+08,-5.17407e+09,8.27948e+08,-1.66088e+08,-1.19264e+09,0.00101399,0.000176681,-3.34923e-23
0,2.02568e+09,-5.17026e+06,3.22893e+08,-1.6705e+09,-9.33403e+08,-6.97006e+07,-1.18016e+09,0.0010597,0.000168916,-1.70463e-24
0,2.05848e+09,8.44366e+07,2.74643e+08,3.86139e+09,2.24028e+09,-5.73356e+08,-2.41487e+08,0.00105264,0.000140444,-1.20342e-23
0,2.32613e+09,4.5391e+06,3.22789e+08,1.11495e+09,-1.568e+09,-2.94235e+07,-2.89298e+08,0.00093573,0.000129848,4.64939e-25
0,1.62051e+09,6.67517e+07,2.68701e+08,-2.67648e+09,-1.81838e+09,-5.87339e+08,-1.24992e+09,0.00109088,0.000180881,-4.21186e-23
0,1.84245e+09,-4.75325e+07,3.11139e+08,-5.61178e+09,8.05225e+08,2.32053e+08,-1.00808e+09,0.0010229,0.00017274,-3.38551e-23
0,1.68992e+09,-8.21395e+07,2.91793e+08,-9.28478e+08,-1.75956e+09,-3.58482e+08,-7.17737e+08,0.00100616,0.00017373,-7.38981e-24
0,1.95291e+09,4.22733e+06,3.38461e+08,3.91906e+08,4.45086e+08,-1.85447e+07,-6.00452e+08,0.000949952,0.000164637,2.06454e-27
0,1.85369e+09,-2.54379e+07,3.1542e+08,1.52044e+09,2.72068e+08,3.49457e+08,-1.115e+09,0.00104268,0.000177419,4.96633e-25
0,1.80086e+09,1.18126e+07,3.15921e+08,-3.48298e+09,1.2843e+09,-3.61726e+08,-1.41795e+09,0.00100147,0.000175686,-1.66294e-23
0,2.19562e+09,-2.44698e+07,3.26255e+08,-5.08609e+09,-8.13268e+08,-4.14771e+07,-6.09311e+08,0.000995423,0.000147913,-6.75465e-24
0,2.0585e+09,-1.18999e+07,3.31465e+08,-2.1626e+09,-6.90286e+08,-4.14017e+08,-9.25589e+08,0.00102922,0.000165728,-9.14457e-25
0,2.21384e+09,-3.23824e+07,2.95904e+08,-4.75312e+09,-1.0662e+09,4.32499e+08,-4.77227e+08,0.000962891,0.000128701,-5.68578e-24
0,2.01592e+09,3.02742e+06,3.14325e+08,-4.72562e+08,-1.13336e+09,8.85257e+07,-1.03217e+09,0.00104649,0.00016317,-2.21303e-25
0,1.98047e+09,1.03535e+07,3.21561e+08,7.89781e+09,-1.69412e+09,7.27885e+08,-5.30149e+08,0.00109338,0.000177528,2.23284e-23
0,2.30833e+09,-1.10024e+07,3.23158e+08,-3.79122e+09,-1.80691e+09,-3.46876e+07,-4.78386e+08,0.000979726,0.000137158,-4.75846e-24
0,2.04329e+09,-3.63924e+06,2.59514e+08,-6.35177e+08,1.30065e+09,-5.2055e+08,4.90966e+08,0.00101402,0.000128789,9.44374e-25
0,1.89645e+09,-8.74114e+06,3.11541e+08,-2.17089e+09,-5.30604e+08,9.26789e+07,-1.35704e+09,0.00104937,0.000172386,-2.41373e-24
0,1.86286e+09,5.11489e+06,2.60464e+08,8.65981e+08,2.71137e+08,2.63495e+08,-1.07392e+09,0.00106746,0.000149252,-7.46984e-26
0,1.86357e+09,-4.01081e+07,3.1538e+08,-3.96583e+09,7.55839e+08,2.53981e+08,-1.08376e+09,0.00100627,0.000170295,-1.06169e-23
0,1.91123e+09,3.90961e+07,3.04757e+08,5.3762e+09,-1.71327e+09,-3.58547e+07,-1.26491e+09,0.00109561,0.000174701,7.50825e-23
0,2.00079e+09,9.0759e+06,2.95175e+08,2.01421e+09,-4.7525e+08,2.35213e+08,-1.17291e+09,0.00103275,0.000152361,1.04929e-24
0,1.72074e+09,1.39784e+07,3.19542e+08,-6.41299e+08,1.38312e+09,-3.69436e+08,-1.3539e+09,0.000981329,0.000182233,-3.44454e-25
0,1.92497e+09,2.55722e+07,2.98719e+08,-3.05773e+09,-2.34292e+09,-1.03652e+09,-1.08056e+09,0.00108749,0.000168759,-2.53896e-23
0,2.02758e+09,-1.55055e+07,3.11545e+08,-2.05099e+09,-9.99969e+08,3.44762e+07,-1.09384e+09,0.00104055,0.000159884,-2.49802e-24
0,1.84438e+09,7.98247e+07,3.13827e+08,1.99691e+09,-6.57975e+08,1.52612e+08,-7.41741e+08,0.00100738,0.000171409,1.40821e-24
0,2.09693e+09,-6.34688e+06,3.35308e+08,-1.00791e+10,6.26782e+08,-7.98405e+08,8.8952e+06,0.000957899,0.000153172,-1.2972e-23
0,1.64827e+09,-3.49299e+07,2.7947e+08,6.6429e+09,1.38191e+09,2.00299e+08,-8.58754e+08,0.00107957,0.000183044,1.36496e-22
0,1.91767e+09,1.7962e+07,3.13389e+08,-1.33095e+09,3.07787e+08,-2.99925e+08,-1.33425e+09,0.00103737,0.00016953,-5.65259e-26
0,1.85639e+09,-814918,2.89947e+08,-4.21707e+08,-5.58884e+08,-1.95447e+08,-1.77737e+09,0.0011055,0.000172666,-4.98594e-26
0,1.94008e+09,6.34397e+06,3.04843e+08,-1.81116e+10,-1.76058e+09,-8.14332e+08,-2.83027e+08,0.00100414,0.00015778,-5.84305e-23
0,1.82975e+09,-2.40051e+07,3.21469e+08,-1.96206e+09,7.88189e+08,5.78521e+08,-8.68459e+08,0.000992754,0.000174417,-4.78544e-25
0,2.11505e+09,-6.25957e+07,3.13222e+08,-6.42495e+09,5.0271e+08,2.13389e+08,-7.50644e+08,0.000935355,0.000138519,-1.25412e-23
0,2.07292e+09,-2.48877e+07,3.15486e+08,-4.26283e+09,-1.0126e+09,7.58063e+07,-9.53188e+08,0.00104483,0.000159017,-1.23068e-23
0,1.74877e+09,-9.53306e+06,2.72845e+08,2.63766e+09,-3.88873e+08,2.59703e+08,-1.65383e+09,0.00109321,0.000170563,7.05966e-24
0,2.0888e+09,-2.02652e+07,3.29234e+08,-4.94014e+09,-4.12795e+08,-2.81894e+08,-9.43064e+08,0.000999923,0.000157607,-1.03173e-23
0,1.94834e+09,65388,3.07769e+08,2.27632e+09,-1.53211e+09,6.42668e+08,-1.36518e+09,0.00109751,0.000173367,9.89588e-24
0,1.82833e+09,-3.308e+07,3.10388e+08,-2.02435e+09,3.89902e+08,2.48901e+08,-1.3474e+09,0.00103394,0.000175529,-1.41439e-24
0,1.74863e+09,2.80944e+07,2.52141e+08,2.37952e+09,1.4543e+09,-1.73836e+08,-1.19831e+09,0.00104963,0.00015135,3.62163e-24
0,2.07554e+09,-4.38599e+07,3.2599e+08,-1.17454e+10,2.67663e+08,-4.67781e+08,-3.93105e+08,0.000924166,0.000145152,-4.82842e-23
0,2.05473e+09,-2.60227e+07,3.24967e+08,-2.52305e+09,-7.73157e+08,-3.39353e+08,-9.62742e+08,0.00104946,0.000165978,-2.07264e-24
0,1.8505e+09,-1.77482e+07,2.97868e+08,-1.03122e+09,-2.63829e+08,-2.62123e+08,-1.71809e+09,0.00109525,0.000176299,8.41685e-25
0,1.92445e+09,-1.02102e+07,3.26354e+08,-3.31598e+08,1.72219e+08,3.24402e+07,-9.6236e+08,0.00100946,0.000171188,3.61263e-26
0,2.13215e+09,-2.97487e+07,3.02249e+08,-9.34467e+09,-2.04089e+09,-4.296e+08,-1.04218e+09,0.00106101,0.000150407,-1.08458e-22
0,1.98968e+09,1.82482e+07,3.29204e+08,4.77757e+09,1.68634e+07,3.13334e+08,-9.64628e+08,0.000980599,0.000162246,1.16175e-23
0,1.95595e+09,-2.61704e+07,3.06662e+08,-9.24605e+08,-2.57961e+09,3.98787e+08,-1.10956e+09,0.00113317,0.000177662,-2.69919e-24
0,2.0526e+09,-4.21968e+07,3.19979e+08,-8.81806e+09,-3.21797e+08,-1.75367e+08,-7.30861e+08,0.00102604,0.00015995,-6.06955e-23
0,1.99406e+09,-5.74139e+07,3.26269e+08,-8.1555e+09,1.46326e+09,-4.32863e+08,-4.20093e+08,0.000872846,0.000142815,-2.14858e-23
0,1.89461e+09,1.08828e+07,3.0569e+08,-1.53675e+10,-2.46253e+09,-4.5104e+08,-1.42638e+08,0.000924777,0.00014921,-2.26002e-23
0,1.96165e+09,-1.445e+07,3.32274e+08,-9.12392e+07,3.30494e+07,-3.21733e+08,-7.90775e+08,0.00100844,0.000170814,1.89911e-26
0,2.00442e+09,-1.64707e+07,3.18704e+08,-2.63283e+09,-1.88378e+08,-5.71904e+08,-1.09123e+09,0.00103215,0.000164112,-1.5666e-24
0,2.01207e+09,2.38218e+07,3.24587e+08,5.58209e+09,-1.71385e+09,1.02939e+08,-9.05147e+08,0.00104862,0.000169163,3.69689e-23
0,1.91665e+09,-2.17708e+07,3.2691e+08,6.80967e+08,5.7334e+08,-3.55811e+08,-8.03172e+08,0.0010321,0.000176037,2.85052e-27
0,1.96351e+09,-4.60673e+07,3.12189e+08,-3.40908e+09,-6.19463e+08,3.93201e+08,-1.21253e+09,0.00109988,0.000174876,-1.11994e-23
0,1.9618e+09,8.53739e+06,3.12534e+08,5.14503e+09,-6.29855e+08,-5.23022e+08,-1.32474e+09,0.00104854,0.000167042,3.33692e-23
0,1.90405e+09,-2.74438e+07,2.92577e+08,7.31883e+08,-1.12565e+09,9.42458e+08,-1.35737e+09,0.00116369,0.000178813,3.52878e-24
0,1.92182e+09,-5.23982e+07,3.09177e+08,-4.48183e+09,-1.81391e+09,6.94678e+07,-9.34055e+08,0.00112977,0.000181755,-5.04664e-23
0,2.13975e+09,3.78873e+06,3.44014e+08,1.1523e+09,-3.78734e+07,1.57185e+08,-2.3035e+08,0.00093637,0.000150543,1.85402e-26
0,2.10618e+09,-2.62151e+07,3.35308e+08,-7.80192e+09,-1.17089e+08,-5.91758e+08,-6.71044e+08,0.000959614,0.000152773,-2.32676e-23
0,1.71372e+09,5.88842e+07,2.43244e+08,5.92359e+09,1.63164e+09,-6.35597e+08,-1.30028e+09,0.00106558,0.000151247,6.39358e-23
0,1.85235e+09,2.83561e+07,2.68606e+08,-3.34274e+09,-1.84803e+08,-1.52634e+08,1.28809e+09,0.00106227,0.000154038,1.04169e-23
0,2.11896e+09,1.60778e+07,3.15035e+08,-4.69057e+09,-2.30095e+09,-7.59569e+08,-4.63957e+08,0.00100011,0.00014869,-7.15998e-24
0,2.02815e+09,-5.65902e+07,3.2733e+08,-5.41689e+09,1.94034e+09,-1.66962e+08,-3.09644e+08,0.000854194,0.000137861,-8.71088e-25
0,1.88979e+09,-4.47853e+07,2.93864e+08,-7.55444e+08,5.43975e+08,3.75311e+08,-1.36076e+09,0.00102619,0.000159574,1.16693e-25
0,2.05713e+09,3.27381e+06,3.35906e+08,4.28405e+09,-3.84143e+08,1.73828e+08,-6.90501e+08,0.00100575,0.000164227,5.65962e-24
0,2.03365e+09,-1.5298e+07,3.28289e+08,-6.76202e+08,-1.18032e+08,-4.74383e+08,-7.73298e+08,0.0010403,0.000167934,9.19914e-26
0,1.99227e+09,-4.18511e+07,3.13639e+08,-6.63218e+09,-5.88613e+08,-5.25344e+08,-1.26642e+09,0.00106515,0.000167684,-5.51709e-23
0,1.9989e+09,-6.85861e+07,3.18576e+08,-7.80389e+09,1.43395e+09,-9.25003e+07,-7.65444e+08,0.000949256,0.000151288,-3.62863e-23
0,1.84385e+09,-5.49779e+07,3.03077e+08,-4.5779e+09,-6.29847e+07,5.02611e+08,-1.21682e+09,0.00105833,0.000173959,-2.6432e-23
0,1.58806e+09,3.68574e+07,2.34839e+08,6.74725e+09,7.67541e+08,-3.21161e+08,-1.27205e+09,0.00107281,0.000158645,1.98657e-22
0,1.92337e+09,-6.65053e+07,3.00148e+08,-9.63685e+09,-6.05815e+08,1.05771e+08,-9.54038e+08,0.000965007,0.000150592,-1.11474e-22
0,1.86571e+09,1.31288e+06,3.24873e+08,3.48544e+09,-4.59534e+08,1.66014e+08,-5.11456e+08,0.00098351,0.000171257,3.25783e-24
0,1.90178e+09,1.68698e+07,2.76213e+08,-3.4999e+09,6.14137e+08,-3.22342e+08,1.17739e+09,0.00104569,0.000151875,8.62712e-24
0,1.90132e+09,-1.01001e+06,3.08118e+08,1.46179e+09,-1.39843e+09,2.60329e+08,-1.09738e+09,0.00104344,0.000169094,4.40094e-24
0,1.97069e+09,-4.02496e+07,2.98932e+08,-4.84719e+09,-1.67822e+09,1.62246e+08,-1.49305e+09,0.00114795,0.000174131,-7.24428e-23
0,1.88328e+09,7.27853e+06,3.25758e+08,-2.10974e+09,1.39742e+08,-5.00169e+08,-1.48081e+07,0.000836651,0.000144719,-1.05709e-25
0,1.71316e+09,-9.29953e+07,2.81009e+08,-2.88709e+09,2.18334e+08,6.35661e+08,-1.22574e+09,0.00105383,0.000172858,-6.79172e-24
0,1.8998e+09,-5.28212e+07,3.15075e+08,-4.64579e+09,5.39512e+08,-1.2698e+08,-5.81109e+08,0.000918095,0.000152263,-6.62135e-24
0,1.93317e+09,-1.24322e+07,3.18231e+08,-1.97082e+08,-2.39408e+08,-5.58415e+08,-5.26089e+08,0.00103023,0.000169592,4.73763e-26
0,1.9483e+09,-6.46205e+07,2.6226e+08,4.39565e+08,-1.50888e+09,9.29446e+08,-3.64606e+08,0.00097408,0.000131121,1.25026e-24
0,1.90838e+09,-3.10643e+07,3.07851e+08,-1.81267e+08,-4.07216e+08,-5.39028e+08,-8.18334e+08,0.000990315,0.000159753,-3.99775e-26
0,1.68916e+09,-3.33615e+07,2.95727e+08,-1.00055e+10,-1.10662e+08,-7.25244e+08,-2.88662e+08,0.00094479,0.000165408,-5.61815e-23
0,1.85945e+09,-6.7207e+07,3.01962e+08,-2.09301e+09,5.20847e+08,1.04753e+08,-1.07212e+09,0.00105763,0.000171752,-1.86139e-24
0,1.98538e+09,-3.61891e+07,3.23091e+08,-2.56233e+09,2.28759e+08,-4.00499e+08,-4.18099e+08,0.000927261,0.000150898,-7.81082e-25
0,1.86809e+09,-4.49881e+07,3.06533e+08,-6.12819e+09,-5.36153e+08,-5.22688e+08,-9.65992e+08,0.00101051,0.000165814,-3.39708e-23
0,1.87772e+09,-8.12977e+07,2.8937e+08,-6.50023e+09,-9.51399e+07,2.48623e+08,-1.43596e+09,0.00109079,0.000168099,-9.95838e-23
0,1.98972e+09,-7.89703e+06,3.28701e+08,-3.16642e+08,4.03272e+07,-7.5072e+08,-7.92142e+07,0.000923265,0.000152523,3.15394e-28
0,1.87607e+09,-8.03373e+07,2.98058e+08,-2.28917e+09,7.45535e+08,-3.30909e+07,-9.10374e+08,0.00107141,0.000170218,-2.71218e-24
0,2.02683e+09,-2.40263e+07,2.94047e+08,-2.07377e+09,-2.48482e+09,-2.89972e+08,-1.00628e+09,0.00105949,0.000153708,-1.91778e-23
0,2.06636e+09,-1.63336e+07,3.1872e+08,2.7897e+09,-9.18581e+08,-1.77486e+08,-7.67101e+08,0.00105378,0.000162537,3.71005e-24
0,1.98252e+09,-4.64501e+07,3.03678e+08,-2.29381e+09,-7.84262e+08,-8.83223e+07,-1.14814e+09,0.00108002,0.000165436,-3.26113e-24
0,1.98756e+09,-5.22644e+07,3.02576e+08,1.66869e+09,-7.44847e+08,1.90133e+07,-7.58067e+08,0.0010203,0.000155325,8.91712e-25
0,2.0503e+09,6.99577e+07,2.74348e+08,6.36886e+08,2.9855e+08,8.92444e+08,4.43749e+08,0.000992838,0.000132851,2.73366e-25
0,2.02583e+09,-1.24929e+07,3.28372e+08,1.78763e+09,2.68132e+08,-7.77547e+08,-1.36281e+08,0.000922967,0.000149606,-1.43989e-26
0,2.03217e+09,-3.04421e+07,3.07252e+08,-2.36973e+08,-1.48763e+09,-3.17924e+07,-8.08729e+08,0.00104907,0.000158613,-5.06739e-25
0,1.80544e+09,-4.30979e+07,3.06905e+08,-2.55688e+09,2.03303e+07,-6.53985e+08,-7.50952e+08,0.00101509,0.000172554,-2.01784e-24
0,1.78817e+09,-3.1312e+07,3.01108e+08,-1.12931e+09,-3.99281e+08,-4.23998e+08,-8.09413e+08,0.00100595,0.00016939,-1.08337e-26
0,1.70332e+09,-6.62801e+07,2.85103e+08,-3.23835e+09,1.9984e+08,-4.68485e+07,-1.03945e+09,0.00100473,0.000168172,-9.2194e-24
0,1.72737e+09,-5.91501e+07,2.93172e+08,-3.09898e+09,7.55175e+08,-2.88698e+08,-5.69891e+08,0.00101315,0.000171954,-6.59554e-24
0,1.68791e+09,-5.29685e+06,3.05778e+08,2.98464e+09,1.76672e+08,-5.10205e+08,-4.51413e+07,0.000862602,0.000156268,-7.87308e-26
0,1.79173e+09,-7.88228e+07,2.91484e+08,-5.76693e+09,8.69733e+08,-5.28952e+07,-1.09543e+09,0.00102147,0.000166175,-5.15211e-23
0,1.76368e+09,-4.3448e+07,2.57857e+08,3.96398e+09,-9.66883e+08,7.28352e+08,-2.00137e+08,0.000957509,0.000139992,-4.38294e-24
0,1.75254e+09,-3.4388e+07,2.95666e+08,3.28621e+09,-8.47272e+06,-5.62296e+08,-6.45534e+08,0.00102434,0.000172813,5.55068e-24
0,1.71783e+09,2.8631e+07,2.74812e+08,-6.11267e+09,-8.16542e+08,-3.04483e+08,-1.46952e+06,0.00111298,0.000178052,1.05989e-23
0,1.8942e+09,-7.3108e+07,2.96912e+08,-4.52951e+09,7.78919e+08,-1.45855e+08,-9.52561e+08,0.00102132,0.00016009,-1.73779e-23
0,1.88841e+09,5.48935e+07,2.65882e+08,1.95521e+09,1.27969e+09,6.89638e+08,5.11199e+08,0.00100873,0.000142026,-8.47976e-25
0,1.97716e+09,-5.40913e+07,3.08191e+08,-5.18759e+09,5.20239e+08,-5.58474e+08,-7.51341e+08,0.00101911,0.000158854,-1.88051e-23
0,2.20421e+09,185356,3.09969e+08,1.3343e+10,-4.12663e+08,-3.72234e+07,-9.78425e+07,0.000994528,0.000139856,1.81831e-23
0,2.21292e+09,973557,3.08571e+08,1.25965e+10,-9.47089e+07,-780080,-2.98159e+07,0.000991318,0.00013823,4.305e-24
0,2.24554e+09,2.02364e+06,3.08536e+08,1.12399e+10,-2.73389e+08,1.6002e+07,-7.07097e+07,0.00101845,0.000139934,7.62857e-24
0,2.10012e+09,1.47471e+07,3.1587e+08,5.41351e+08,-1.30344e+08,-7.98424e+07,-1.83088e+07,0.000924489,0.000139049,7.66565e-28
0,2.0065e+09,-1.99268e+07,3.21811e+08,-5.55965e+09,5.56588e+08,-1.0683e+09,-2.68132e+08,0.00098022,0.000157212,-1.31213e-23
0,2.30342e+09,-1.03674e+06,3.26252e+08,3.97476e+09,1.79979e+07,3.83854e+07,-1.15235e+07,0.000930763,0.000131832,3.26113e-26
0,2.25763e+09,-3.04401e+06,3.09503e+08,5.49551e+09,3.25731e+07,6.54152e+06,-1.57141e+07,0.00103204,0.000141484,2.09788e-25
0,2.05191e+09,-1.81097e+07,3.21743e+08,-1.20928e+10,-1.24366e+09,-1.03887e+09,-4.73729e+08,0.000983811,0.000154263,-2.36141e-23
0,2.31068e+09,2.81998e+06,3.25328e+08,-3.60958e+09,1.01064e+08,2.06268e+07,9.90257e+06,0.000937542,0.000132,2.43987e-26
