0,2.10648e+09,-1.40309e+06,2.84603e+08,2.711e+10,-1.19341e+08,1.56134e+07,-4.00363e+07,0.00113015,0.000152694,1.41135e-22
0,2.074e+09,-3.16913e+06,2.79809e+08,2.84895e+10,-2.08986e+07,-2.49863e+07,-5.13517e+06,0.00113104,0.000152592,2.31545e-23
0,2.20158e+09,-884787,2.85899e+08,1.22893e+10,1.49204e+08,-1.65153e+07,-5.95389e+06,0.00116214,0.000150916,1.6165e-24
0,2.22475e+09,-923473,2.87929e+08,1.08515e+10,-1.9898e+08,-1.34392e+07,-3.99479e+07,0.00116932,0.000151335,8.37677e-24
0,2.21109e+09,-991070,2.90741e+08,9.51029e+09,-1.41464e+08,2.9518e+06,-3.23352e+07,0.00115903,0.000152404,4.39664e-24
0,2.17728e+09,1.04998e+06,2.79278e+08,1.29884e+10,-1.93087e+08,-5.13056e+07,-4.70948e+07,0.00120953,0.000155146,2.29435e-23
0,1.8232e+09,-5.70983e+06,2.33658e+08,3.92661e+10,-7.42808e+06,6.60044e+07,3.3754e+07,0.00149821,0.000192009,-3.0663e-21
0,2.15833e+09,-1.16408e+06,3.02392e+08,-2.04148e+10,-1.59736e+08,-6.55513e+07,-9.62588e+07,0.00106081,0.000148625,-9.24779e-23
0,1.69728e+09,1.0453e+08,3.13417e+08,-5.23369e+09,-4.14092e+09,1.11445e+08,6.40477e+08,0.000860266,0.000158855,-6.68785e-23
0,1.7886e+09,7.07663e+07,3.26134e+08,-1.79544e+09,-2.55066e+09,1.74623e+07,3.03531e+08,0.000859106,0.00015665,-4.80578e-24
0,2.00603e+09,2.57037e+07,3.38581e+08,3.37234e+09,5.07623e+08,2.20142e+08,-2.23771e+08,0.000890308,0.000150268,8.56179e-25
0,2.02803e+09,9.59211e+07,3.07732e+08,1.1377e+10,1.75241e+09,-3.92357e+08,-8.29479e+08,0.000936956,0.000142173,7.81405e-23
0,2.12341e+09,1.74547e+07,3.3717e+08,5.69739e+09,1.55298e+08,2.71736e+08,-4.1832e+08,0.000930151,0.000147696,5.2278e-24
0,2.19082e+09,5.41693e+07,3.13261e+08,1.06587e+10,-7.82327e+08,-1.47968e+08,-6.80322e+08,0.000970071,0.000138708,5.99895e-23
0,2.18035e+09,3.56558e+07,3.30574e+08,7.32384e+09,-7.30532e+07,2.86021e+08,-5.1933e+08,0.000919809,0.000139457,1.06086e-23
0,2.03952e+09,-6.70836e+06,3.0648e+08,1.12852e+10,-2.26978e+09,-6.89033e+07,-4.66029e+08,0.000951127,0.000142926,9.43449e-23
0,2.09684e+09,6.50833e+07,3.13959e+08,1.10626e+10,5.0566e+07,3.40842e+07,-7.87303e+08,0.000959913,0.000143727,8.53435e-23
0,2.13233e+09,5.20957e+07,3.22766e+08,8.81813e+09,-3.39901e+07,2.29704e+08,-8.20119e+08,0.000949729,0.000143759,3.88732e-23
0,2.12667e+09,2.85646e+07,3.3085e+08,9.04175e+09,7.39694e+08,5.80158e+08,-3.39759e+08,0.000934058,0.000145313,2.38147e-23
0,2.33284e+09,1.68891e+06,3.40259e+08,3.08545e+08,-4.55803e+08,-2.23384e+07,-1.27248e+08,0.000885941,0.00012922,2.4669e-27
0,2.16908e+09,1.37575e+07,3.3751e+08,5.0094e+09,-3.33931e+08,2.7325e+08,-3.98719e+08,0.000952798,0.000148256,2.80568e-24
0,2.25194e+09,1.14497e+07,3.38428e+08,6.31993e+09,8.22622e+07,3.87132e+08,-2.05221e+08,0.000923145,0.000138733,2.56794e-24
0,2.33375e+09,291841,3.4097e+08,1.057e+07,7.25258e+07,-2.14306e+06,-9.9987e+06,0.000872994,0.000127548,-1.34979e-31
0,2.14559e+09,3.36391e+07,3.34468e+08,6.07514e+09,4.89733e+08,4.12073e+08,-3.90937e+08,0.000884189,0.000137833,5.314e-24
0,2.00241e+09,5.11985e+07,3.22761e+08,8.42739e+09,1.1322e+09,5.07814e+08,-4.99644e+08,0.000910627,0.00014678,3.29382e-23
0,2.22294e+09,3.69066e+07,3.19472e+08,9.16439e+09,-2.91116e+08,4.59476e+07,-4.11825e+08,0.000953672,0.000137058,1.82731e-23
0,2.0573e+09,7.90568e+07,2.99335e+08,8.4152e+09,1.90512e+08,-3.81334e+08,-9.30573e+08,0.000991552,0.00014427,5.52644e-23
0,2.25218e+09,-3.48177e+07,3.19816e+08,6.94457e+09,3.19519e+08,-1.82433e+08,2.5125e+08,0.000932207,0.000132376,-4.50946e-24
0,2.23848e+09,4.15306e+07,3.15717e+08,3.43102e+09,3.9658e+07,-4.88793e+08,-2.71562e+08,0.000897469,0.000126579,4.06033e-25
0,2.18006e+09,2.30953e+07,3.27561e+08,8.34893e+09,-2.85024e+08,3.71988e+08,-2.4525e+08,0.000948872,0.000142571,7.40476e-24
0,2.11581e+09,6.27369e+07,3.11355e+08,1.12987e+10,-6.12892e+08,-7.90804e+07,-9.19314e+08,0.00103385,0.000152138,1.50634e-22
0,2.27242e+09,1.27194e+07,3.24127e+08,7.69604e+09,4.06874e+08,3.78494e+07,-5.43652e+07,0.000969899,0.000138342,1.51312e-24
0,2.33413e+09,-11197.2,3.42914e+08,-4.63128e+07,9.20009e+07,-1.05338e+06,-4.5983e+06,0.000860922,0.000126481,1.85239e-30
0,2.19511e+09,3.82422e+07,3.20164e+08,9.26771e+09,-3.61916e+07,1.40475e+08,-4.89754e+08,0.000961632,0.000140257,2.49871e-23
0,2.33416e+09,22598.3,3.42668e+08,-4.08275e+07,9.03874e+07,-244442,-4.56998e+06,0.000860744,0.000126362,1.52185e-30
0,2.12476e+09,1.73702e+07,3.25552e+08,9.05807e+09,3.025e+08,3.49204e+08,-2.68731e+08,0.000930887,0.000142629,1.4646e-23
0,2.28976e+09,1.68885e+07,3.26731e+08,4.7077e+09,-8.80958e+08,-1.93485e+07,-2.83147e+08,0.000918273,0.00013103,1.66089e-24
0,2.24549e+09,-3.67617e+07,3.22593e+08,5.08374e+09,-6.96917e+07,-2.65676e+08,2.13125e+08,0.0008963,0.000128765,-1.07222e-24
0,2.11839e+09,3.57593e+07,3.31336e+08,6.77306e+09,7.24368e+07,5.05906e+08,-6.16811e+08,0.000938437,0.00014678,1.31398e-23
0,2.31632e+09,-4.79901e+06,3.42034e+08,2.93438e+08,-4.37446e+08,-4.53245e+07,-6.04468e+07,0.000871644,0.00012871,1.4968e-27
0,2.16861e+09,4.55588e+07,3.25807e+08,9.04259e+09,6.58476e+07,1.51097e+08,-5.69648e+08,0.000924583,0.000138907,2.37647e-23
0,2.32696e+09,6.0598e+06,3.32722e+08,1.22591e+09,-8.52174e+08,-1.77862e+07,-2.25739e+08,0.000916733,0.00013108,9.62404e-26
0,2.1614e+09,4.95062e+06,3.38789e+08,3.1271e+09,-4.77086e+08,1.55636e+08,-3.29866e+08,0.000963915,0.000151089,6.36863e-25
0,2.16981e+09,3.15378e+07,3.29865e+08,4.37547e+09,2.79303e+08,3.64864e+08,-4.96948e+08,0.000933536,0.00014192,2.79193e-24
0,2.32853e+09,3.57987e+06,3.3601e+08,2.97321e+08,-4.97778e+08,-5.12254e+07,-9.11805e+07,0.000888757,0.000128249,2.38401e-27
0,2.22755e+09,2.11192e+07,3.2271e+08,9.89265e+09,-1.51145e+09,3.87955e+08,-5.90179e+08,0.000991129,0.000143587,3.46547e-23
0,2.14314e+09,4.04882e+07,3.22231e+08,5.39805e+09,-8.99669e+07,2.22452e+08,-6.02335e+08,0.000943595,0.000141874,6.04142e-24
0,2.17594e+09,3.37178e+07,3.25797e+08,6.94241e+09,2.14172e+08,3.51591e+08,-4.93857e+08,0.000983228,0.000147216,1.32191e-23
0,2.16511e+09,4.28524e+07,3.13599e+08,8.99895e+09,-6.3556e+08,7.00714e+07,-6.29135e+08,0.000970423,0.000140558,3.30562e-23
0,2.18907e+09,2.63476e+07,3.28544e+08,5.32901e+09,-4.58329e+08,2.98936e+08,-4.55151e+08,0.00092256,0.000138461,3.0621e-24
0,2.24919e+09,3.82302e+07,3.02475e+08,1.11514e+09,-5.20456e+08,-4.41228e+08,-1.65928e+08,0.000963997,0.00012964,3.4625e-26
0,2.20377e+09,1.1919e+06,3.36195e+08,1.82585e+09,-5.48892e+08,2.48491e+08,-9.78882e+07,0.000879463,0.000134166,-1.07721e-26
0,2.14375e+09,3.21896e+07,3.23141e+08,6.6767e+09,3.18966e+08,5.03071e+08,-5.20925e+08,0.000981959,0.000148017,1.42568e-23
0,2.0798e+09,-1.20751e+07,3.35612e+08,7.96111e+09,2.74837e+08,8.06284e+08,2.84769e+08,0.000912054,0.000147176,-5.75631e-24
0,2.29114e+09,1.79374e+07,3.19472e+08,3.41618e+09,-1.29256e+09,3.29482e+07,-4.11825e+08,0.000982932,0.000137058,2.14116e-24
0,2.11238e+09,3.95253e+07,3.22639e+08,4.94346e+09,-3.97749e+08,2.17369e+08,-9.74631e+08,0.000996401,0.000152188,1.01768e-23
0,2.30507e+09,3.40145e+06,3.35755e+08,3.18244e+09,-2.09659e+08,5.10244e+07,-6.38834e+07,0.000944892,0.000137632,8.37486e-26
0,2.31187e+09,1.5119e+07,3.33954e+08,2.44644e+09,-3.50689e+08,-1.67257e+08,-1.31202e+08,0.000886488,0.000128055,1.02546e-25
0,2.09909e+09,6.41666e+07,3.21022e+08,9.91138e+09,8.12495e+08,3.7111e+07,-7.27874e+08,0.000941233,0.000143946,5.20211e-23
0,1.995e+09,6.61471e+07,3.01198e+08,8.03809e+09,-2.003e+08,1.78758e+06,-1.18566e+09,0.00103242,0.000155872,8.96144e-23
0,2.16158e+09,-117999,3.38825e+08,1.21087e+09,-5.53586e+08,8.77457e+07,-3.25869e+08,0.000969332,0.000151942,8.47012e-26
0,2.14206e+09,5.47204e+07,3.21605e+08,9.52255e+09,2.29738e+07,1.30696e+08,-7.69609e+08,0.000940861,0.000141259,4.32031e-23
0,1.93856e+09,-1.67512e+07,3.02139e+08,1.03831e+10,-8.30948e+08,7.72586e+08,-5.77432e+08,0.00105371,0.000164228,8.00095e-23
0,2.12602e+09,5.80453e+07,3.15824e+08,1.24481e+10,-2.72502e+08,1.09828e+08,-6.7302e+08,0.000957361,0.000142218,9.49769e-23
0,2.10377e+09,5.81905e+07,3.14523e+08,1.09375e+10,-2.00792e+08,1.9513e+08,-7.67256e+08,0.000969823,0.000144993,8.20063e-23
0,2.1191e+09,6.16532e+07,3.18141e+08,1.15065e+10,7.22729e+07,1.15169e+08,-7.83236e+08,0.000959101,0.00014399,9.04632e-23
0,2.04741e+09,3.60776e+07,3.04702e+08,2.00886e+09,-1.55154e+09,-9.63173e+07,-1.20148e+09,0.00107965,0.000160678,6.01364e-24
0,2.10807e+09,5.21897e+07,3.27108e+08,5.74592e+09,1.3151e+09,6.8934e+07,-4.85002e+08,0.000897675,0.000139291,4.96437e-24
0,2.18744e+09,3.22286e+07,3.16745e+08,4.06989e+09,-5.66462e+08,1.74914e+08,-6.61933e+08,0.00100577,0.000145638,3.48154e-24
0,2.10323e+09,-5.84826e+06,3.16964e+08,6.42401e+09,-5.90905e+08,1.81199e+08,-9.19183e+07,0.000950495,0.000143243,1.03366e-24
0,2.17548e+09,1.9298e+07,3.21792e+08,7.09142e+09,7.43695e+07,2.49067e+08,-3.73874e+08,0.000993944,0.000147022,1.07889e-23
0,2.33414e+09,-243089,3.42454e+08,7.48727e+07,2.23295e+08,-55531.4,5.70208e+07,0.000867265,0.000127241,-6.5523e-29
0,2.1913e+09,3.06044e+07,3.35563e+08,6.29856e+09,1.5762e+08,3.19011e+08,-4.57871e+08,0.000907541,0.000138975,5.83186e-24
0,1.93697e+09,6.598e+07,2.82999e+08,2.52292e+09,-2.5094e+08,-5.54832e+08,-1.2426e+09,0.00105779,0.000154548,2.72034e-24
0,2.33414e+09,-119908,3.41544e+08,-6.51137e+07,-8.25058e+07,293039,-2.83746e+07,0.000871154,0.000127472,-3.37834e-30
0,2.09139e+09,5.66456e+07,3.15805e+08,8.52755e+09,1.37872e+08,5.54191e+07,-7.35497e+08,0.000946526,0.000142928,3.45314e-23
0,2.17322e+09,3.19016e+07,3.32805e+08,7.85045e+09,-1.64764e+06,3.5373e+08,-5.19944e+08,0.000931442,0.00014264,1.43913e-23
0,2.1917e+09,-5.15855e+06,3.13924e+08,1.23223e+10,-7.36278e+08,5.45164e+07,-6.91281e+07,0.000984816,0.000141058,8.9523e-24
0,2.31803e+09,1.28535e+07,3.34261e+08,-2.73324e+09,5.3984e+08,9.3881e+07,1.61458e+08,0.000904385,0.000130412,1.99028e-25
0,2.14134e+09,4.47693e+07,3.26279e+08,7.09054e+09,8.05112e+07,2.38172e+08,-7.07153e+08,0.000938861,0.000143056,1.63234e-23
0,2.26752e+09,-7.91189e+06,3.26455e+08,-1.78664e+09,-9.5023e+08,1.65267e+08,-3.10242e+08,0.000920658,0.000132547,-2.9707e-25
0,2.17829e+09,2.95205e+07,3.20489e+08,-4.49232e+09,6.17915e+08,5.07154e+07,-1.87169e+08,0.000968734,0.000142528,-9.69902e-25
0,2.17137e+09,3.58521e+07,3.25706e+08,9.15446e+09,-6.46458e+08,4.02851e+08,-6.49142e+08,0.000956167,0.000143425,2.88017e-23
0,2.19043e+09,2.39631e+07,3.20195e+08,3.54292e+09,-1.14467e+09,1.7763e+08,-7.17283e+08,0.000971226,0.000141973,3.05946e-24
0,2.22574e+09,3.03966e+07,3.29353e+08,7.35545e+09,-3.84429e+08,2.37947e+08,-5.0514e+08,0.000942866,0.00013952,1.01663e-23
0,2.16906e+09,9.87055e+06,3.28157e+08,2.78499e+09,-8.03931e+08,4.37974e+08,-5.28611e+08,0.000953896,0.000144315,4.42348e-25
0,2.13348e+09,2.40355e+07,3.25462e+08,-2.9201e+09,7.44301e+08,3.67417e+08,6.98509e+07,0.000946758,0.000144428,6.34097e-25
0,2.10745e+09,-2.77801e+07,2.96175e+08,4.6494e+09,-1.67417e+08,-1.44172e+08,3.78055e+08,0.000985631,0.000138518,-3.24686e-24
0,2.21052e+09,-1.47466e+07,3.30159e+08,-2.61529e+09,-5.01744e+08,-1.54387e+08,2.43651e+08,0.00093379,0.000139469,3.15359e-25
0,2.16838e+09,1.49768e+07,3.32652e+08,3.48606e+08,-4.82643e+08,2.52418e+08,-4.99772e+08,0.000963597,0.000147826,2.42024e-26
0,2.09628e+09,1.44321e+07,3.2017e+08,-2.00022e+06,-6.20688e+08,3.36232e+08,-6.8767e+08,0.000988241,0.000150936,8.83025e-26
0,2.09695e+09,1.55536e+07,3.05826e+08,2.23463e+09,-1.06216e+09,3.90717e+08,-8.61927e+08,0.000996317,0.000145306,1.4629e-24
0,2.06426e+09,1.84652e+07,3.26223e+08,-1.26146e+08,-1.05536e+08,1.5996e+08,-8.36204e+08,0.000974507,0.000154005,1.07267e-26
0,2.24094e+09,-1.07652e+07,3.19383e+08,-7.5276e+09,-1.4e+09,4.49003e+07,-4.20644e+08,0.000965024,0.000137537,-1.4733e-23
0,1.98384e+09,8.03627e+07,3.11103e+08,9.60229e+09,1.15286e+09,-1.1849e+08,-9.41417e+08,0.00100024,0.000156855,1.03596e-22
0,1.91618e+09,-2.65859e+07,3.02116e+08,4.9074e+09,6.24106e+08,7.08693e+08,-6.36765e+08,0.0011157,0.000175907,2.99641e-23
0,2.16115e+09,4.92e+07,3.14978e+08,6.47814e+09,-7.53059e+08,3.94223e+08,-6.30205e+08,0.000996566,0.000145245,1.16634e-23
0,2.23961e+09,-3.71669e+07,3.14676e+08,-6.26066e+09,-1.45724e+09,3.5136e+08,-6.82469e+08,0.0010024,0.000140842,-1.98678e-23
0,2.21449e+09,3.66896e+07,3.19038e+08,4.98489e+09,-5.47518e+08,-2.52582e+08,-5.79497e+08,0.000955197,0.000137613,4.97362e-24
0,2.17452e+09,-1.88882e+07,3.34697e+08,-3.50436e+08,-1.84546e+07,1.85418e+08,1.60296e+08,0.000972681,0.000149713,1.20695e-28
0,2.14231e+09,2.89614e+07,3.07497e+08,5.83044e+09,-1.62276e+09,1.76966e+08,-9.94931e+08,0.00105418,0.000151312,3.01632e-23
0,2.04758e+09,-1.86034e+07,3.05202e+08,-2.02181e+09,-1.58528e+09,-1.97654e+08,-1.20952e+09,0.0010804,0.000161039,-7.09549e-24
0,2.13071e+09,4.52855e+07,3.01227e+08,7.17596e+09,-1.49677e+09,3.90009e+07,-1.01011e+09,0.0010297,0.000145574,4.79385e-23
0,1.94386e+09,-2.01974e+07,3.09651e+08,-3.71396e+09,-1.23673e+09,-1.94517e+08,-1.24371e+09,0.00107299,0.000170923,-1.7359e-23
0,1.90924e+09,-2.23693e+07,3.02974e+08,6.066e+09,-8.96493e+08,4.48871e+08,7.1258e+07,0.000989448,0.000157013,-8.72435e-24
0,1.98526e+09,-3.89133e+06,3.26693e+08,-2.78074e+09,-2.40159e+08,-1.69685e+08,-1.04623e+09,0.00100367,0.000165162,-2.4794e-24
0,2.05447e+09,1.75216e+07,3.20602e+08,-3.40719e+09,-8.50611e+08,-3.30606e+07,-7.6226e+08,0.0010014,0.000156269,-4.14732e-24
0,2.05094e+09,5.11924e+07,3.27496e+08,7.08386e+09,6.81341e+08,3.60868e+08,-7.71333e+08,0.000947819,0.000151349,2.63694e-23
0,2.19532e+09,3.62732e+07,3.18035e+08,3.80131e+09,-1.41241e+09,3.98728e+08,-6.03278e+08,0.00101142,0.000146524,3.59844e-24
0,2.27486e+09,4.35332e+06,3.3668e+08,1.32857e+09,-7.67659e+08,1.00707e+07,-4.14387e+08,0.00097503,0.000144305,1.76081e-25
0,2.01354e+09,1.56087e+07,3.19225e+08,-4.98446e+09,-1.64558e+08,2.38567e+08,-7.35828e+08,0.000988529,0.000156721,-1.04305e-23
0,2.08968e+09,4.04039e+07,3.25084e+08,4.91293e+09,-7.19468e+07,1.39637e+08,-9.38985e+08,0.00101399,0.000157744,1.14431e-23
0,2.16496e+09,-1.72945e+07,3.09364e+08,3.15532e+09,-5.75788e+08,9.71347e+07,2.85731e+08,0.000925344,0.000132227,-5.89377e-25
0,2.04598e+09,-1.72397e+07,2.91411e+08,-9.1246e+08,-1.41994e+09,7.38951e+07,3.23029e+08,0.00104836,0.000149319,-4.34362e-25
0,2.2331e+09,2.19992e+07,3.24447e+08,3.16796e+09,-8.27881e+08,-2.0155e+08,-5.3404e+08,0.000970502,0.000141004,1.66509e-24
0,2.03331e+09,-1.07161e+06,3.19587e+08,1.14338e+09,-2.44069e+08,2.32543e+08,1.4292e+08,0.00103145,0.000162119,-6.67455e-26
0,1.75677e+09,2.85951e+07,2.61415e+08,8.20582e+08,5.56313e+08,-4.05265e+08,-1.49265e+09,0.00106892,0.00015906,-3.26259e-25
0,1.90333e+09,-2.84678e+07,3.12925e+08,-4.47544e+09,-7.12042e+08,1.25779e+07,-1.17305e+09,0.00105593,0.000173605,-2.30359e-23
0,2.06264e+09,-3.686e+07,3.10468e+08,-5.27698e+09,-1.10604e+09,-2.16225e+08,-1.10086e+09,0.00106411,0.00016017,-2.50453e-23
0,2.08139e+09,3.76576e+07,3.30288e+08,7.05768e+09,2.22727e+07,3.92074e+08,-7.30988e+08,0.000974988,0.000154717,2.28429e-23
0,2.13634e+09,1.32157e+07,3.21949e+08,1.52554e+09,-7.68046e+08,3.88433e+08,-7.82764e+08,0.00100877,0.000152023,3.55377e-25
0,2.00224e+09,4.12054e+07,3.06614e+08,3.91876e+09,-8.0168e+08,1.98898e+08,-1.32492e+09,0.00105551,0.000161635,1.27157e-23
0,1.9695e+09,2.47872e+07,3.20946e+08,2.09991e+09,7.3849e+08,-1.39598e+08,-9.1405e+08,0.000982134,0.000160047,8.6627e-25
0,2.1328e+09,-1.433e+07,3.16655e+08,-2.35121e+09,-9.39155e+08,1.68521e+08,-8.79578e+08,0.000987813,0.00014666,-1.68142e-24
0,2.28296e+09,1.56895e+06,3.34877e+08,-2.29701e+09,-9.30727e+08,-2.51944e+07,-3.89927e+08,0.000967095,0.000141859,-5.6544e-25
0,2.04709e+09,-3.02756e+07,3.12776e+08,-1.19763e+09,-5.40505e+08,3.66761e+08,-8.69508e+08,0.00100564,0.000153653,-1.01971e-25
0,2.10792e+09,-1.91034e+07,3.3791e+08,-4.41943e+09,4.15627e+07,-1.43519e+08,-3.78283e+08,0.000943745,0.000151287,-2.35196e-24
0,2.16363e+09,-1.54031e+07,3.18421e+08,-3.59499e+09,-1.44071e+09,1.26273e+07,-8.45075e+08,0.00107285,0.000157891,-9.34374e-24
0,2.12265e+09,-4.15806e+07,3.12328e+08,-7.65907e+09,-1.07523e+09,-1.00482e+08,-1.01203e+09,0.00105829,0.000155718,-5.84509e-23
0,2.12332e+09,5.33738e+06,3.14376e+08,2.61848e+09,-1.33109e+09,2.95518e+08,-9.24323e+08,0.00102589,0.000151892,3.69055e-24
0,2.09046e+09,2.45821e+07,3.21209e+08,1.63689e+09,-5.00756e+08,9.63816e+07,-9.65651e+08,0.000992811,0.00015255,4.05144e-25
0,2.10639e+09,3.56996e+07,3.15738e+08,-2.55347e+08,-1.65012e+09,4.32541e+08,-7.18994e+08,0.00100382,0.000150468,8.08809e-25
0,2.21975e+09,4.77141e+07,2.90239e+08,-3.0571e+09,8.95607e+07,4.18473e+08,1.51267e+08,0.000991818,0.000129683,3.47803e-25
0,1.90739e+09,6.48079e+07,2.96862e+08,6.90256e+09,-3.91767e+08,-2.26887e+08,-1.36609e+09,0.00107226,0.000166884,1.00268e-22
0,2.02026e+09,-8.3623e+06,3.16298e+08,8.83882e+08,-3.62415e+08,1.65491e+08,-9.25981e+08,0.000976754,0.000152923,3.90115e-26
0,1.97437e+09,1.32773e+07,2.9545e+08,-1.12624e+09,-4.42437e+07,2.00772e+08,-9.04898e+08,0.000999891,0.000149626,-4.72501e-26
0,2.08858e+09,-3.67445e+06,3.33399e+08,-2.66251e+08,-1.53914e+08,6.25117e+07,-7.00364e+08,0.000949359,0.000151546,6.57921e-27
0,2.02844e+09,-3.84784e+07,2.93704e+08,4.46703e+09,-2.09532e+09,-2.1389e+08,4.98575e+08,0.000937846,0.000135794,2.54825e-24
0,2.07489e+09,-1.64072e+07,3.24233e+08,-1.53634e+09,9.45376e+07,3.01615e+08,-7.18335e+08,0.000944893,0.000147654,-1.33458e-25
0,1.95715e+09,1.30789e+07,3.15754e+08,2.52737e+09,6.46025e+08,-2.05512e+08,-1.03494e+09,0.000984776,0.000158877,1.73105e-24
0,2.11932e+09,-902580,3.12744e+08,-3.84679e+09,-4.72434e+08,6.65638e+07,-8.05881e+08,0.00095153,0.000140415,-3.49564e-24
0,2.13989e+09,-4.90329e+07,3.12129e+08,-1.08937e+10,-1.04127e+09,-1.05823e+08,-9.59645e+08,0.00103728,0.0001513,-1.33874e-22
0,2.1727e+09,1.75734e+06,2.97048e+08,-5.57051e+09,-1.10624e+09,-3.01548e+08,1.47657e+08,0.00103116,0.000140978,4.5072e-24
0,2.12317e+09,-3.47793e+07,3.14843e+08,-7.4169e+09,-1.0737e+09,-1.13412e+08,-9.09796e+08,0.00105092,0.000155839,-4.60847e-23
0,2.0181e+09,9.86299e+06,2.6104e+08,-8.51885e+09,-8.08041e+08,4.08845e+08,2.38804e+08,0.00104323,0.000134942,1.13196e-23
0,2.20543e+09,-8.5633e+06,3.12469e+08,3.36624e+09,-3.67484e+08,7.3423e+07,-5.44577e+08,0.000949975,0.000134594,1.20913e-24
0,2.21512e+09,-8.03999e+06,3.21554e+08,-3.06536e+09,-1.19516e+09,-2.75856e+08,-5.86634e+08,0.000958494,0.000139138,-1.58449e-24
0,1.93857e+09,2.49587e+07,3.16907e+08,5.6866e+08,8.2954e+08,-6.42485e+08,-1.00553e+09,0.000990096,0.000161856,5.6088e-28
0,2.07513e+09,-1.73046e+07,2.85696e+08,-1.72736e+09,7.88016e+08,-3.27701e+08,5.48586e+08,0.00104603,0.000144013,4.90313e-25
0,2.1265e+09,-2.59911e+07,3.07906e+08,-5.87496e+09,-1.59095e+09,1.19183e+07,-1.03215e+09,0.00106315,0.000153939,-3.72031e-23
0,1.95832e+09,-2.45305e+07,3.07486e+08,-3.87689e+09,2.2207e+08,1.27727e+07,-1.14026e+09,0.00103798,0.000162978,-1.02312e-23
0,1.91707e+09,2.81151e+07,2.92151e+08,6.49602e+09,8.36237e+08,-2.15824e+07,-2.83222e+08,0.00107613,0.000163997,1.594e-23
0,1.90562e+09,1.4137e+07,3.27689e+08,1.04108e+09,3.67003e+08,-4.42618e+07,-8.26102e+08,0.000953239,0.000163918,6.8498e-26
0,1.96475e+09,2.8496e+07,3.14504e+08,8.08628e+08,-1.10637e+08,-4.77914e+08,-1.27611e+09,0.00103033,0.000164929,-2.66791e-25
0,2.05322e+09,-6.13269e+07,3.1713e+08,-1.30785e+10,4.44106e+07,-3.9976e+08,-8.97625e+08,0.000992779,0.00015334,-2.11706e-22
0,2.20512e+09,-8.93689e+06,3.36211e+08,-7.55936e+09,-6.39175e+08,-3.5009e+08,-3.40346e+08,0.00093414,0.000142426,-6.08431e-24
0,2.08746e+09,-6.60557e+07,3.24191e+08,-8.34369e+09,1.6087e+09,2.46443e+07,-5.4972e+08,0.000890234,0.000138257,-1.55715e-23
0,2.07616e+09,-1.23589e+07,3.29044e+08,-3.00189e+09,-5.28901e+08,-3.51808e+08,-6.99805e+08,0.000962781,0.000152588,-1.22464e-24
0,2.01126e+09,-9.19268e+06,3.17384e+08,-2.03329e+09,-1.90631e+07,2.3404e+08,-9.96477e+08,0.00100813,0.000159087,-7.70651e-25
0,1.97727e+09,2.45582e+07,3.10649e+08,9.98211e+08,5.80254e+08,-6.88528e+08,-1.04548e+09,0.000995614,0.000156421,-1.21675e-26
0,2.05872e+09,-4.78906e+07,3.11177e+08,-9.19486e+09,-6.70279e+08,-1.75228e+08,-9.86975e+08,0.00103309,0.000156152,-9.48708e-23
0,2.05317e+09,-2.35444e+07,3.2949e+08,-5.41176e+08,7.72224e+08,4.09733e+08,-5.47685e+08,0.000933253,0.000149768,9.89653e-28
0,1.94978e+09,-3.64265e+07,2.941e+08,-5.86201e+09,5.89317e+08,2.73343e+08,-1.13953e+09,0.00097471,0.000147023,-2.61046e-23
0,1.95123e+09,8.37575e+06,3.03665e+08,-9.97884e+08,4.0902e+08,-2.33352e+08,-1.154e+09,0.00100889,0.00015701,-1.65929e-26
0,1.98742e+09,3.18387e+06,3.00676e+08,-6.54401e+08,8.21456e+08,2.07265e+07,-1.03081e+09,0.000992321,0.000150128,-2.39648e-26
0,1.95364e+09,-1.68394e+07,2.94247e+08,-1.06972e+09,-7.52286e+08,2.08993e+08,-1.52971e+09,0.00106751,0.000160783,1.0928e-25
0,1.88931e+09,4.38644e+07,2.62303e+08,1.92178e+09,-5.92637e+08,-2.92553e+08,-1.35111e+09,0.00110314,0.000153155,1.95502e-24
0,2.0897e+09,-2.99495e+07,3.2905e+08,-2.74693e+09,2.21486e+08,8.03847e+06,-6.85483e+08,0.000947763,0.000149238,-1.03639e-24
0,1.95807e+09,3.79212e+07,3.1042e+08,1.25877e+09,6.98468e+08,-5.61508e+08,-1.02017e+09,0.000998376,0.000158276,5.7368e-26
0,1.9596e+09,1.39026e+07,3.10037e+08,6.4423e+09,1.809e+09,-1.22871e+08,8.93256e+07,0.00105587,0.000167054,-2.36177e-23
0,2.04009e+09,1.77577e+07,3.22882e+08,2.70628e+09,7.74919e+08,-3.27136e+08,-8.10923e+08,0.000953953,0.000150981,9.93771e-25
0,2.0486e+09,1.72763e+07,3.17047e+08,5.46151e+09,-8.80269e+08,-7.4109e+07,-1.09706e+09,0.00104543,0.000161794,2.73698e-23
0,2.05525e+09,3.87503e+07,3.07658e+08,8.20882e+09,-1.13232e+08,-1.91471e+08,-8.56406e+08,0.000970237,0.000145238,4.42861e-23
0,1.91106e+09,7.34477e+06,3.16477e+08,2.11077e+09,5.0033e+08,-2.27616e+07,-1.14079e+09,0.000981563,0.000162549,1.249e-24
0,1.96423e+09,-5.88705e+06,3.09062e+08,-1.17883e+09,3.08011e+08,-2.39786e+08,-1.16442e+09,0.000995364,0.000156615,-5.11482e-26
0,2.03213e+09,582304,3.3138e+08,6.20009e+08,6.41653e+08,2.68676e+08,-6.46694e+08,0.00093046,0.00015173,3.62754e-26
0,1.90766e+09,4.49039e+06,2.88418e+08,2.21667e+09,-1.31266e+09,5.32565e+07,-1.62869e+09,0.00112597,0.000170234,1.0761e-23
0,2.17804e+09,-2.48305e+07,3.30525e+08,-4.17276e+09,-4.93092e+08,-2.33845e+08,-6.57181e+08,0.000970096,0.000147215,-3.00356e-24
0,2.11342e+09,-1.6728e+07,3.24895e+08,-5.50293e+09,-9.43308e+08,-2.9376e+08,-5.83161e+08,0.000979246,0.000150539,-7.43497e-24
0,1.87773e+09,4.12291e+07,2.60126e+08,5.61082e+08,-6.77438e+08,-4.94388e+08,-1.41467e+09,0.00112985,0.00015652,-1.4293e-24
0,1.90199e+09,-3.75825e+07,3.09139e+08,-3.03804e+09,1.34425e+09,6.85232e+06,-1.07838e+09,0.000987534,0.000160508,-4.40363e-24
0,2.08758e+09,3.7291e+07,3.1509e+08,7.86372e+09,5.54528e+08,-1.44211e+08,-6.8538e+08,0.000933097,0.000140837,2.27235e-23
0,2.00303e+09,1.63628e+07,3.26493e+08,5.67127e+08,-5.16232e+08,-2.47143e+08,-1.03856e+09,0.0010379,0.000169177,-1.16775e-25
0,1.89296e+09,-1.8845e+07,2.82732e+08,-1.39843e+10,-1.96407e+09,7.7555e+07,-6.82978e+08,0.00101898,0.000152195,-4.1054e-22
0,1.93156e+09,1.63557e+07,3.09431e+08,2.29787e+09,-1.71612e+08,-2.08997e+08,-1.25331e+09,0.00100485,0.000160974,1.65477e-24
0,1.99692e+09,-4.837e+07,3.19359e+08,-1.11863e+10,3.34253e+08,-9.04788e+07,-7.30978e+08,0.000975582,0.000156021,-1.1489e-22
0,2.17829e+09,-2.07727e+07,3.36133e+08,-6.20828e+09,-2.97248e+08,-4.40116e+08,-5.34452e+08,0.00094553,0.000145905,-6.72165e-24
0,1.91204e+09,2.53691e+06,2.94522e+08,3.23366e+08,-1.41004e+09,2.44255e+08,-1.57198e+09,0.00113466,0.000174778,3.63863e-24
0,2.17331e+09,-1.20992e+06,3.44938e+08,-9.92283e+08,-3.1868e+06,-1.27119e+08,-7.02793e+07,0.000913462,0.000144981,-3.31275e-27
0,2.01815e+09,-3.19723e+07,3.07785e+08,-7.266e+08,7.93607e+08,-1.17214e+08,-9.39784e+08,0.000981663,0.000149712,-5.25901e-26
0,2.15073e+09,-2.96667e+07,3.33364e+08,-3.05408e+09,3.27623e+08,-9.31005e+07,-5.34983e+08,0.000932324,0.00014451,-9.76161e-25
0,1.90534e+09,1.32733e+07,3.01746e+08,1.8878e+07,5.81001e+08,-9.28302e+07,-1.1599e+09,0.00101629,0.000160948,6.89862e-27
0,2.03527e+09,2.76805e+06,3.2381e+08,2.09603e+09,-2.16001e+08,-1.69513e+08,-9.9509e+08,0.000984386,0.000156615,7.94962e-25
0,2.21097e+09,4.22248e+07,3.18107e+08,8.85946e+09,-6.19727e+08,-1.95486e+08,-6.01211e+08,0.000959996,0.000138121,2.79408e-23
0,2.14558e+09,-1.53944e+07,3.23259e+08,-2.62682e+09,-1.27115e+09,-3.40949e+08,-8.92032e+08,0.00105113,0.000158367,-3.40884e-24
0,2.19696e+09,-1.49776e+06,3.24673e+08,-1.11161e+09,-8.03201e+08,-3.67683e+08,-6.69478e+08,0.000975247,0.000144125,-1.92551e-25
0,2.02059e+09,4.20874e+06,3.22775e+08,4.48275e+08,-1.61023e+08,-3.84029e+08,-1.00979e+09,0.000996268,0.000159147,-7.82225e-26
0,1.8673e+09,2.9775e+06,3.08321e+08,-2.10836e+09,3.73641e+08,-2.1202e+08,-1.54026e+09,0.0010364,0.000171127,-1.76137e-24
0,2.04336e+09,-3.53167e+07,3.16714e+08,-6.46713e+09,7.19467e+08,2.22828e+08,-7.94153e+08,0.00092846,0.000143908,-1.51247e-23
0,1.943e+09,-3.13449e+07,2.91417e+08,-4.03149e+09,-1.51765e+09,3.19104e+08,-1.5587e+09,0.0011317,0.000169736,-4.3686e-23
0,1.89989e+09,4.79332e+07,2.88877e+08,5.13042e+09,1.29021e+08,-6.82377e+08,-1.22796e+09,0.00102257,0.000155482,2.59606e-23
0,2.16668e+09,-3.96052e+07,3.29461e+08,-8.33344e+09,-9.0989e+07,-3.08082e+08,-6.13265e+08,0.000929866,0.000141394,-2.01146e-23
0,1.96873e+09,1.61894e+07,3.30531e+08,2.10891e+09,5.29816e+08,2.17412e+08,-7.32748e+08,0.000943392,0.000158386,8.42732e-25
0,2.12577e+09,2.74837e+07,3.07685e+08,4.1183e+09,-1.63401e+09,1.12197e+08,-9.97619e+08,0.00104343,0.000151027,1.46162e-23
0,1.73202e+09,-1.14562e+06,2.46372e+08,-1.07711e+09,8.85731e+08,3.55518e+07,-1.4446e+09,0.00108856,0.000154842,-2.52817e-25
0,2.13299e+09,-1.8971e+07,3.2458e+08,-5.5878e+09,-6.9898e+08,-4.41051e+08,-7.66913e+08,0.000984789,0.000149856,-8.98878e-24
0,2.10328e+09,-2.01508e+07,3.25309e+08,-1.81947e+09,-5.48033e+08,-3.67005e+08,-7.95804e+08,0.0010054,0.000155503,-3.31572e-25
0,2.18603e+09,-2.15588e+07,3.398e+08,-6.1587e+09,2.00858e+08,-4.92402e+08,-3.4952e+08,0.000901747,0.000140169,-4.44383e-24
0,1.87551e+09,1.03901e+06,3.1745e+08,1.174e+09,5.1126e+08,-5.77721e+07,-1.13238e+09,0.000968451,0.00016392,1.12661e-25
0,1.95232e+09,-5.70281e+06,3.20435e+08,-1.50992e+09,-1.04565e+09,-3.10666e+08,-1.07622e+09,0.00102257,0.000167834,-1.77033e-24
0,2.03076e+09,-3.32572e+07,2.83685e+08,-6.76031e+09,-4.9835e+08,4.34977e+08,-1.07187e+09,0.0010086,0.000140894,-4.23542e-23
0,1.97477e+09,4.51355e+06,3.26101e+08,3.63934e+09,2.6791e+08,3.22712e+07,-7.97585e+08,0.000952924,0.00015736,3.91599e-24
0,2.23735e+09,-1.04017e+07,3.23778e+08,-5.12122e+09,-1.38885e+09,-3.84206e+08,-6.15545e+08,0.000978999,0.000141676,-5.36473e-24
0,2.05356e+09,1.43524e+07,3.06569e+08,5.02848e+09,-2.31622e+08,-9.51637e+07,-9.78246e+08,0.000977937,0.000145993,1.19491e-23
0,2.12454e+09,-2.98211e+07,3.3442e+08,-3.16084e+09,-3.83637e+08,-7.52494e+07,-2.795e+08,0.000910659,0.000143345,-4.98936e-25
0,2.02251e+09,2.5249e+06,3.30461e+08,-1.62449e+08,-1.14498e+08,-8.49934e+06,-8.43302e+08,0.000982575,0.000160545,9.24155e-27
0,2.07383e+09,-2.11341e+06,3.15889e+08,-7.88338e+08,-1.2572e+09,2.44646e+08,-1.07754e+09,0.00104061,0.000158507,-2.32157e-25
0,1.87402e+09,4.68571e+07,2.92565e+08,-1.06697e+10,-1.80577e+09,-7.82278e+07,-4.96681e+08,0.00101493,0.000158448,-1.36553e-22
0,2.20646e+09,-9.86113e+06,3.30828e+08,-4.98151e+09,-8.27358e+08,-4.83818e+08,-4.20984e+08,0.000951343,0.00014264,-1.55278e-24
0,1.88227e+09,1.09273e+07,3.08578e+08,2.73917e+09,-1.97187e+08,-5.72768e+08,-9.3162e+08,0.000987172,0.000161836,2.58204e-24
0,1.95612e+09,-7.9047e+07,2.83924e+08,-2.34402e+09,-2.22798e+09,9.92281e+07,-5.70632e+08,0.000971361,0.00014099,-9.27434e-24
0,2.09282e+09,152899,3.30702e+08,4.1953e+09,-3.14734e+08,3.66865e+06,-5.96939e+08,0.000977908,0.000154526,3.93236e-24
0,1.87605e+09,-6.57234e+07,2.98648e+08,-7.88571e+09,4.07514e+08,6.32496e+08,-1.40738e+09,0.00105514,0.000167967,-1.39585e-22
0,2.02723e+09,-3.79022e+07,3.05322e+08,-4.42589e+08,-2.06522e+09,-5.64468e+08,-8.12403e+08,0.0010144,0.00015278,-4.64401e-24
0,2.26339e+09,-3.39638e+06,3.21116e+08,-8.33661e+08,2.9896e+08,-1.71473e+07,1.60267e+08,0.000911721,0.000129349,6.86324e-27
0,2.05605e+09,-2.04795e+07,3.22679e+08,-4.43165e+09,-6.76543e+08,-4.43161e+08,-1.09056e+09,0.00103264,0.000162063,-9.83595e-24
0,2.05803e+09,6.11339e+06,3.14235e+08,1.38273e+09,-1.23631e+09,2.74445e+08,-9.8345e+08,0.00102163,0.000155991,1.76267e-24
0,2.12681e+09,-2.48205e+07,3.1938e+08,2.74986e+09,8.21107e+08,4.12553e+08,-6.37541e+08,0.000919041,0.000138011,1.33737e-24
0,2.17053e+09,1.82974e+07,2.73762e+08,2.74451e+09,4.81627e+08,4.03761e+07,2.71507e+08,0.00102482,0.000129256,-5.88143e-25
0,2.21133e+09,235068,3.16232e+08,-2.14054e+09,-1.6881e+09,-1.13316e+08,-7.315e+08,0.00100267,0.000143387,-3.12011e-24
0,1.99061e+09,1.12247e+07,3.17329e+08,5.78142e+09,2.75544e+08,2.15241e+08,-1.02286e+09,0.000964279,0.000153719,2.11293e-23
0,2.09567e+09,5.92821e+07,3.1633e+08,1.01681e+10,3.87921e+08,-6.09955e+07,-6.52649e+08,0.000925315,0.000139671,4.54964e-23
0,2.13722e+09,-3.7949e+06,3.33549e+08,2.80933e+09,-4.50265e+08,-1.48829e+08,-4.64034e+08,0.00098669,0.000153989,1.04739e-24
0,2.08047e+09,-3.64278e+07,3.14078e+08,-6.93769e+09,-1.10964e+09,-2.7782e+08,-9.14099e+08,0.00102926,0.000155382,-3.51426e-23
0,1.91166e+09,-3.11185e+07,2.91687e+08,3.40648e+09,-3.07032e+09,2.20339e+08,-8.18011e+08,0.00107606,0.000164189,7.00807e-23
0,1.70284e+09,-2.06759e+07,2.5641e+08,1.13143e+09,-1.27432e+08,4.19755e+08,-1.51703e+09,0.0011043,0.000166283,-1.26098e-24
0,1.92031e+09,-5.31325e+07,3.10836e+08,3.55349e+09,-1.98041e+09,-2.66295e+07,-5.56745e+08,0.00100145,0.000162102,1.60145e-23
0,2.03177e+09,-2.80845e+07,3.27594e+08,-5.74759e+09,-3.32606e+08,-6.90744e+08,-9.49274e+08,0.00100751,0.000162446,-1.69922e-23
0,2.105e+09,7.60662e+07,3.02048e+08,-3.07947e+09,-8.03102e+08,6.88027e+08,2.79909e+08,0.000992244,0.000142377,-3.24306e-25
0,1.86179e+09,-5.75509e+07,3.14098e+08,-1.46761e+09,-9.93285e+08,-4.34201e+08,-7.15393e+08,0.000997526,0.00016829,-1.07646e-24
0,2.19842e+09,-4.64273e+06,3.32623e+08,9.11588e+08,-7.68091e+08,-1.84218e+08,-4.78823e+08,0.000992445,0.000150158,1.04058e-25
0,1.93561e+09,6.5715e+06,3.03292e+08,4.66104e+09,-4.04294e+08,-4.45495e+07,-1.00892e+09,0.00103468,0.000162125,1.76885e-23
0,2.06482e+09,-1.20005e+07,3.2809e+08,-3.45862e+09,-3.69479e+08,-1.27748e+08,-8.79876e+08,0.00098697,0.000156825,-3.3824e-24
0,2.16709e+09,-2.60086e+07,3.32391e+08,-6.90887e+09,-2.1469e+08,-4.11009e+08,-3.95551e+08,0.000911722,0.000139841,-6.06324e-24
0,1.85062e+09,-3.48659e+07,3.10922e+08,-3.13171e+09,1.06761e+09,1.78173e+08,-1.28524e+09,0.000982952,0.000165145,-5.68979e-24
0,2.21081e+09,-975559,3.44767e+08,-3.80353e+08,-3.78818e+06,-9.21638e+07,-1.10995e+08,0.000906268,0.000141328,-1.90737e-28
0,2.06401e+09,-4.9955e+07,3.17576e+08,-8.84503e+09,-2.2589e+08,-1.96283e+08,-7.9697e+08,0.000993318,0.000152836,-5.54254e-23
0,2.12885e+09,3.77504e+07,3.20814e+08,6.14956e+09,-8.8163e+07,2.20275e+08,-6.63528e+08,0.00094647,0.000142631,1.03997e-23
0,2.14047e+09,-3.28695e+07,3.2096e+08,6.62776e+09,-1.50302e+09,-2.59943e+08,8.11842e+07,0.000884815,0.000132677,3.0414e-24
0,2.0254e+09,-5.92057e+07,3.06893e+08,-2.74242e+09,-1.26226e+09,-2.34111e+08,-5.69276e+08,0.00100672,0.00015254,-2.98244e-24
0,2.23363e+09,-7.60554e+06,3.3474e+08,-2.09772e+09,-6.77652e+08,-2.54952e+08,-3.76774e+08,0.000993462,0.000148884,-2.29826e-25
0,2.28235e+09,-2.88498e+06,3.30606e+08,-2.34241e+09,-4.79399e+08,-1.18605e+08,-1.26515e+07,0.000912063,0.000132115,1.19814e-26
0,2.07309e+09,5.50059e+07,3.05786e+08,7.50519e+09,4.14774e+08,-5.77296e+08,-7.47919e+08,0.00095132,0.000140322,2.23958e-23
0,1.9515e+09,-2.00466e+07,3.0877e+08,-4.59929e+09,1.0501e+08,-4.11473e+08,-7.6846e+08,0.000938272,0.000148455,-7.61294e-24
0,2.20572e+09,-3.71796e+06,2.82705e+08,4.3958e+09,-5.76454e+08,-3.71517e+08,-8.51728e+07,0.00100354,0.000128622,1.50236e-24
0,1.99487e+09,-2.69126e+07,3.08832e+08,-7.18254e+08,-2.7418e+08,5.9325e+08,-1.09591e+09,0.00100988,0.000156343,2.14659e-25
0,2.06116e+09,-1.66019e+07,3.18174e+08,4.70139e+09,1.16798e+09,4.60805e+08,-6.99838e+08,0.000906635,0.000139954,7.24772e-24
0,2.10416e+09,9.47352e+06,3.22286e+08,-1.66668e+09,-7.11442e+08,-9.74413e+07,-9.14997e+08,0.00101748,0.000155844,-6.6977e-25
0,2.32169e+09,1.28599e+07,3.30548e+08,1.4922e+09,-2.62936e+08,-8.47136e+07,-9.04831e+07,0.000888803,0.000126542,1.65445e-26
0,1.91026e+09,-5.86222e+06,3.00526e+08,3.86135e+09,1.00966e+09,-5.20715e+07,-7.52624e+08,0.00103958,0.000163549,7.69896e-24
0,2.08237e+09,-2.58449e+07,3.33996e+08,-8.49516e+09,-1.70194e+08,-6.95245e+08,-6.55603e+08,0.000964804,0.000154747,-3.09027e-23
0,2.15586e+09,-3.52114e+07,3.19864e+08,7.9102e+09,-1.10057e+09,-8.83841e+07,1.37033e+08,0.000908396,0.000134778,-1.75569e-24
0,2.16122e+09,2.93462e+07,3.21376e+08,5.21817e+09,-5.72169e+08,2.38588e+08,-6.72581e+08,0.000972691,0.00014464,6.44109e-24
0,2.21947e+09,-3.44886e+07,3.09506e+08,-5.07202e+09,-1.37746e+09,1.06623e+08,-6.50423e+08,0.000978967,0.000136518,-9.19599e-24
0,1.77277e+09,191878,3.07309e+08,-1.41546e+09,1.70882e+09,-3.02291e+08,-1.39619e+09,0.000988823,0.000171412,-1.53244e-24
0,2.09009e+09,-4.7345e+07,3.2132e+08,-9.89387e+09,4.74669e+07,-4.49974e+07,-7.05968e+08,0.000961599,0.000147832,-5.6141e-23
0,1.92575e+09,-3.60303e+07,3.16189e+08,2.37375e+09,4.36288e+08,1.81806e+07,-5.79955e+08,0.00101696,0.000166975,1.28471e-24
0,2.25809e+09,2.50721e+07,3.14216e+08,5.31554e+09,7.55817e+08,-3.14401e+08,-1.38857e+08,0.000927732,0.000129095,-1.18755e-26
0,2.31353e+09,1.72821e+07,3.26567e+08,3.63521e+09,-1.16036e+09,-1.50936e+08,-3.24625e+08,0.000932086,0.000131569,1.55981e-24
0,2.0884e+09,3.41362e+07,3.06339e+08,-6.88765e+09,-2.02405e+09,6.04205e+07,1.75019e+08,0.000955178,0.000140112,-4.65304e-24
0,1.88955e+09,-9.32494e+07,2.80616e+08,-4.58792e+08,-4.32024e+08,3.8922e+08,-7.67239e+08,0.0010896,0.000161815,1.66945e-25
0,2.07177e+09,-6.22045e+06,3.17738e+08,-3.63124e+09,-7.19946e+08,-2.02956e+08,-9.99059e+08,0.00100972,0.000154855,-5.16423e-24
0,2.04644e+09,-1.86683e+07,3.2043e+08,7.9038e+09,-5.42047e+08,2.06362e+08,-3.45952e+08,0.00094434,0.000147864,1.28266e-23
0,2.103e+09,1.33436e+07,3.30359e+08,2.11238e+09,-5.591e+08,3.1397e+08,-8.19178e+08,0.0010253,0.000161063,6.89621e-25
0,2.0363e+09,-1.3769e+07,3.32235e+08,-2.02233e+09,-8.82254e+06,-5.00365e+07,-7.87943e+08,0.000990071,0.000161536,-5.99e-25
0,2.0737e+09,4.94724e+07,3.03613e+08,3.8163e+09,-3.32609e+08,-3.18817e+07,-9.54256e+08,0.00099116,0.000145117,5.14909e-24
0,2.31856e+09,1.07158e+07,3.3746e+08,2.31368e+09,-4.00204e+08,-6.91327e+07,-1.62992e+08,0.000887611,0.000129189,9.4498e-26
0,1.96101e+09,-3.50407e+07,3.12842e+08,2.49329e+09,1.07194e+09,-5.49105e+07,-6.60914e+08,0.00103236,0.000164694,1.29838e-24
0,1.98421e+09,-4.76672e+07,3.25084e+08,-9.18369e+09,4.19855e+08,-7.23608e+07,-6.15044e+08,0.000928794,0.000152169,-4.34711e-23
0,1.96763e+09,-1.26444e+07,3.35709e+08,-6.43193e+09,3.32653e+08,-3.08382e+08,-5.87908e+08,0.000925509,0.000157906,-1.55419e-23
0,2.08941e+09,-1.97214e+07,3.13373e+08,-8.28935e+08,-4.91347e+08,-3.13075e+08,-6.86874e+08,0.00106794,0.000160171,-7.82557e-26
0,1.99352e+09,-4.42977e+07,2.67571e+08,-1.62399e+09,-1.53265e+09,4.26233e+08,-1.2298e+09,0.00112719,0.000151292,-3.46128e-24
0,2.20461e+09,-5.88186e+06,3.34264e+08,-1.19665e+09,-6.04066e+08,-4.91785e+07,-5.21955e+08,0.00095513,0.000144817,-1.1634e-25
0,1.98281e+09,-2.805e+06,3.21541e+08,-2.82928e+09,1.10825e+09,-1.59383e+08,-9.38641e+08,0.000934543,0.00015155,-2.37332e-24
0,2.10242e+09,-4.67174e+07,3.19284e+08,-5.97183e+09,1.76348e+08,1.55737e+08,-6.60902e+08,0.000941653,0.000143004,-9.82541e-24
0,2.06039e+09,1.63019e+07,3.1008e+08,-5.99107e+09,-2.06858e+09,-2.94995e+08,1.47766e+08,0.000931826,0.000140236,1.82053e-25
0,1.93502e+09,-1.31009e+07,3.20445e+08,-3.54282e+09,2.23333e+07,-1.79212e+08,-1.03388e+09,0.000979543,0.000162216,-5.5653e-24
0,1.95588e+09,1.13037e+06,3.26962e+08,-1.84941e+09,5.25413e+08,-3.79699e+07,-9.82212e+08,0.00097528,0.000163037,-6.93162e-25
0,1.92763e+09,5.61144e+06,3.02823e+08,3.62124e+09,4.28005e+08,-2.96266e+07,-1.11524e+09,0.000974864,0.000153147,6.49809e-24
0,2.00086e+09,-8.60698e+07,2.96278e+08,-5.09979e+09,1.08939e+09,9.20365e+07,-5.12035e+08,0.00108118,0.000160096,-1.0288e-23
0,2.24849e+09,-1.61167e+07,3.1907e+08,-7.39311e+08,-2.81384e+08,1.5994e+08,-3.13779e+08,0.000928808,0.000131802,-8.38374e-27
0,2.01396e+09,-3.17168e+07,3.17321e+08,1.42383e+09,1.33434e+09,-2.62573e+08,-4.96442e+08,0.00103193,0.00016259,-3.58637e-25
0,2.24434e+09,-2.675e+06,3.38305e+08,-4.73703e+08,3.78472e+08,-1.66398e+08,-3.68776e+07,0.00092391,0.000139267,-6.43864e-28
0,2.32674e+09,9.53057e+06,3.31161e+08,2.22233e+09,-1.1004e+09,-7.44612e+07,-2.83089e+08,0.000923253,0.000131405,4.68935e-25
0,1.90477e+09,-2.13259e+07,2.94515e+08,3.60024e+09,1.97386e+09,2.94964e+07,-8.75026e+08,0.00106416,0.000164539,4.7788e-24
0,2.03824e+09,-3.65624e+07,3.01713e+08,8.83125e+08,-1.20354e+08,-3.82925e+07,9.33793e+08,0.00101563,0.00015034,5.82473e-27
0,2.1911e+09,3.04291e+07,3.19732e+08,1.14576e+10,7.01364e+08,-8.48151e+06,-1.67463e+08,0.000967202,0.000141137,1.6386e-23
0,2.06075e+09,-4.62954e+07,3.20014e+08,-3.71146e+09,-5.80178e+08,-4.21074e+07,-8.03074e+08,0.00100575,0.000156183,-4.72797e-24
0,2.29494e+09,2.7394e+07,3.2224e+08,-1.76287e+09,-5.77021e+08,7.02784e+07,-4.50557e+07,0.000938307,0.00013175,-5.95795e-26
0,1.85348e+09,2.28017e+07,3.2229e+08,-2.33641e+08,1.63838e+09,-3.34871e+08,-1.02966e+09,0.000958488,0.000166665,8.81469e-26
0,2.16789e+09,1.89076e+07,3.33315e+08,1.80634e+09,-2.58381e+08,2.93684e+08,-5.872e+08,0.000942154,0.000144857,1.37948e-25
0,1.99358e+09,-8.05133e+06,3.19858e+08,-1.25439e+09,-2.8291e+08,2.46594e+06,-1.17341e+09,0.0010197,0.000163604,-9.78062e-26
0,1.98473e+09,2.09631e+07,3.1472e+08,1.8207e+09,7.19104e+08,-4.05927e+08,-8.01844e+08,0.000932709,0.000147901,2.24657e-25
0,2.31714e+09,1.1272e+07,3.36856e+08,-1.47995e+09,1.23002e+08,1.29751e+08,4.39237e+07,0.000880541,0.000128009,7.40392e-27
0,2.26981e+09,-1.59595e+07,3.24634e+08,2.8989e+09,-4.89773e+08,1.40111e+08,-1.32033e+08,0.00100284,0.000143428,1.56322e-25
0,1.88775e+09,1.00383e+07,2.99713e+08,5.25274e+09,4.7235e+08,-4.62549e+07,-1.43064e+09,0.00102764,0.000163156,3.71206e-23
0,2.11995e+09,-6.27006e+06,3.29117e+08,3.76304e+09,9.86411e+08,5.859e+08,-4.33151e+08,0.00088638,0.000137608,2.59234e-24
0,2.03216e+09,2.30264e+07,3.01959e+08,9.78879e+09,1.33902e+09,1.03814e+08,-6.83632e+08,0.000938399,0.000139437,5.60613e-23
0,1.94922e+09,1.20784e+07,3.02748e+08,-5.46516e+08,-2.43044e+08,2.40546e+08,-1.17413e+09,0.0010255,0.000159278,1.57694e-25
0,2.1175e+09,1.08082e+07,3.05405e+08,1.6531e+08,-1.96964e+09,1.00844e+08,-8.30588e+08,0.00103569,0.000149377,9.69395e-25
0,2.17715e+09,5.74017e+07,3.15007e+08,1.06944e+10,-1.33555e+08,-2.56026e+08,-5.4349e+08,0.000952608,0.00013783,4.3198e-23
0,2.3259e+09,6.26813e+06,3.28018e+08,1.51817e+09,-1.20649e+09,-4.11383e+07,-2.54254e+08,0.000920919,0.000129876,3.07025e-25
0,2.00414e+09,-1.13614e+06,3.098e+08,9.90077e+08,7.23947e+07,1.67323e+08,-1.06995e+09,0.000990311,0.000153082,-2.88548e-26
0,2.01332e+09,-9.47421e+07,2.78819e+08,-9.85886e+09,6.75033e+07,7.33593e+08,-1.02936e+09,0.0010333,0.000143098,-1.35022e-22
0,1.93426e+09,-3.98409e+07,3.30241e+08,-2.03312e+09,7.76906e+08,2.07485e+08,-1.1789e+08,0.000891924,0.00015228,1.59773e-25
0,2.17601e+09,-5199.98,3.45013e+08,6.01548e+08,-2.42271e+07,9.31329e+07,-4.30835e+07,0.000900114,0.000142716,2.62229e-28
0,2.02135e+09,616743,3.03984e+08,-2.09942e+09,-1.52777e+09,2.2555e+08,-9.13048e+08,0.00103459,0.000155588,-4.55868e-24
0,1.98844e+09,4.0207e+06,3.14066e+08,2.59873e+09,7.37052e+07,3.09727e+08,-1.0959e+09,0.000982794,0.000155229,1.82638e-24
0,1.94231e+09,4.66822e+07,3.24632e+08,5.96119e+09,6.69958e+08,2.36081e+08,-4.75823e+08,0.00095063,0.000158885,1.32678e-23
0,2.1057e+09,2.53899e+07,3.15373e+08,2.57195e+09,-1.29358e+09,2.08078e+08,-9.98505e+08,0.00103866,0.000155562,4.21706e-24
0,1.95576e+09,2.6884e+07,3.18622e+08,1.4327e+09,8.5878e+08,-2.94186e+08,-9.01611e+08,0.00093728,0.000152697,1.38943e-25
0,2.02651e+09,2.01289e+07,3.13594e+08,2.15231e+09,1.24158e+08,-5.2104e+08,-1.03252e+09,0.000999884,0.000154728,7.18872e-25
0,1.8122e+09,-4.81405e+07,3.14142e+08,2.70287e+08,-3.63216e+07,4.19098e+08,-6.62269e+08,0.000962994,0.000166934,-4.33799e-26
0,2.04673e+09,-3.51451e+07,2.99675e+08,1.44897e+10,6.05435e+08,3.91988e+07,3.22292e+08,0.00102851,0.00015059,-1.25166e-22
0,2.25386e+09,-2.2856e+07,3.2348e+08,-5.37394e+09,1.00766e+08,5.74054e+06,-1.99732e+08,0.000994924,0.000142794,-2.07349e-24
0,1.96454e+09,-2.25084e+07,2.83221e+08,2.68765e+09,-1.5065e+09,-6.41761e+08,-2.38098e+08,0.000947003,0.000136526,3.12023e-24
0,2.02532e+09,7.99543e+06,3.24668e+08,2.27207e+09,6.95211e+08,2.69675e+08,-8.38208e+08,0.000930686,0.000149193,1.05745e-24
0,2.22555e+09,5.20885e+06,3.22516e+08,-3.0768e+09,-6.3429e+08,-5.00853e+07,2.02027e+08,0.000892874,0.000129391,2.47299e-25
0,2.0131e+09,6.73481e+06,3.28793e+08,1.91618e+09,-2.40541e+08,8.29827e+07,-7.06488e+08,0.000957751,0.000156427,4.2596e-25
0,1.92499e+09,7.44208e+06,3.35346e+08,5.71279e+09,9.77343e+08,3.92997e+08,-5.63729e+08,0.000907583,0.000158107,1.34042e-23
0,2.08957e+09,-2.33822e+07,3.28227e+08,-4.54776e+09,-5.77605e+08,-3.85208e+08,-8.77179e+08,0.00100372,0.000157664,-7.00447e-24
0,2.1473e+09,-3.61863e+07,3.12488e+08,8.74046e+09,1.45279e+08,4.36317e+07,2.93016e+08,0.000945424,0.000137584,-1.28505e-23
0,2.10154e+09,9.23399e+06,3.3426e+08,3.26253e+09,3.31303e+08,4.43819e+08,-5.53115e+08,0.000915582,0.000145628,1.4998e-24
0,2.24236e+09,1.72928e+07,3.36622e+08,5.16741e+09,-2.9095e+08,2.33359e+08,-4.09851e+08,0.000913204,0.00013709,2.27591e-24
0,1.97253e+09,1.95132e+07,3.07209e+08,2.49152e+09,-6.20048e+08,-1.29424e+08,-1.29711e+09,0.00106293,0.000165544,3.60601e-24
0,2.17874e+09,-614352,3.45008e+08,1.07533e+09,-3.51942e+07,1.17279e+08,-3.8686e+07,0.000904325,0.000143202,1.42435e-27
0,2.31288e+09,1.2756e+07,3.36956e+08,-2.48106e+09,1.26922e+08,1.06287e+08,7.31812e+07,0.000879252,0.000128095,4.30726e-26
0,2.11379e+09,1.63242e+07,3.25517e+08,1.30845e+09,-6.08186e+08,-5.86111e+08,-6.4269e+08,0.00101392,0.000156141,9.05102e-26
0,2.21694e+09,-3.07065e+06,3.3137e+08,-7.7876e+09,-8.35087e+08,-2.8503e+08,-1.5986e+08,0.000922792,0.000137931,-2.0495e-24
0,2.24126e+09,9.74581e+06,3.36216e+08,1.92416e+09,-4.40823e+08,1.60831e+08,-4.39639e+08,0.000932732,0.000139921,1.47914e-25
0,2.19987e+09,-2.33066e+07,3.12503e+08,7.5005e+09,7.18327e+08,6.7907e+07,2.93335e+08,0.000968478,0.000137578,-8.22165e-24
0,2.21903e+09,-2.2132e+07,3.03704e+08,7.46996e+09,1.00333e+09,-1.48855e+08,3.03458e+08,0.00100367,0.000137365,-1.29715e-23
0,1.95227e+09,-3.59711e+07,3.21904e+08,5.31161e+09,7.22247e+08,2.0548e+07,-4.59865e+08,0.0010158,0.000167494,1.05989e-23
0,2.21743e+09,-6.54066e+06,3.00146e+08,5.90143e+09,1.16353e+09,2.50057e+08,3.13336e+08,0.000967341,0.000130937,-3.71847e-24
0,2.16669e+09,1.52486e+07,3.11672e+08,1.6445e+09,-1.63119e+09,1.41273e+08,-7.59229e+08,0.0010026,0.00014422,2.42403e-24
0,1.95335e+09,-1.81604e+07,3.15085e+08,-1.69324e+09,-3.05234e+08,1.46627e+08,-1.10426e+09,0.0010198,0.000164498,-5.64796e-25
0,2.10947e+09,3.7617e+07,3.10064e+08,3.89858e+08,-8.3651e+08,3.16873e+08,-5.40333e+08,0.00103625,0.000152315,2.15301e-25
0,2.05044e+09,2.26577e+07,3.0597e+08,-8.22525e+08,-1.13881e+09,-4.10385e+08,-1.16296e+09,0.00109235,0.000163003,-1.74356e-24
0,2.07445e+09,6.05733e+07,3.14183e+08,9.47166e+09,2.57635e+08,-2.66037e+06,-9.34496e+08,0.000958479,0.000145165,6.63377e-23
0,1.93222e+09,-6.20938e+06,2.8693e+08,-1.22634e+09,6.90783e+08,3.22412e+08,-1.03327e+09,0.000987877,0.000146697,-1.06873e-25
0,2.12469e+09,1.45466e+07,3.10659e+08,3.16675e+09,-1.5142e+09,2.9142e+08,-8.25309e+08,0.00100828,0.000147424,5.30461e-24
0,2.09767e+09,-2.60692e+06,3.33676e+08,1.71977e+09,4.24337e+08,-5.079e+07,-4.40425e+08,0.000889006,0.000141414,1.12317e-25
0,2.17682e+09,-642611,3.44779e+08,1.34971e+09,-2.76552e+07,1.18238e+08,-1.04972e+08,0.00090868,0.000143923,1.16444e-26
0,2.03852e+09,1.32164e+07,3.10053e+08,-9.47413e+09,-1.40235e+09,-2.43591e+08,-4.4378e+08,0.0010396,0.00015812,-4.96137e-23
0,2.13628e+09,-1.86546e+07,3.15478e+08,-3.87335e+09,-1.16044e+09,-4.97336e+08,-8.33037e+08,0.000987001,0.000145757,-3.58031e-24
0,2.08837e+09,6.86319e+07,3.02785e+08,1.1122e+10,-7.60344e+07,-5.10777e+08,-9.45731e+08,0.00100239,0.000145333,1.32164e-22
0,2.00063e+09,2.97326e+07,3.0621e+08,1.59449e+09,-3.00813e+08,1.06986e+08,-1.30448e+09,0.00101379,0.000155168,3.06702e-25
0,1.91346e+09,-2.84934e+07,3.05893e+08,-2.11025e+09,4.93877e+07,1.11042e+08,-1.33126e+09,0.00101446,0.000162176,-1.24197e-24
0,2.19125e+09,-5.84828e+06,3.14783e+08,6.30448e+08,-1.57133e+09,-2.1599e+07,-8.16649e+08,0.00101529,0.000145851,6.85322e-25
0,2.03296e+09,9.86937e+06,3.14951e+08,3.72934e+09,-3.43386e+08,3.04277e+08,-1.11127e+09,0.00102024,0.000158058,6.19305e-24
0,2.06508e+09,-3.61803e+06,3.02889e+08,-4.47254e+09,-1.4689e+09,-4.58087e+08,-1.20185e+09,0.00108531,0.000159184,-1.99855e-23
0,1.97752e+09,2.02486e+07,3.1708e+08,4.30609e+09,-2.26056e+08,65160.8,-9.89053e+08,0.000979784,0.0001571,9.02351e-24
0,1.92502e+09,5.03185e+07,3.06181e+08,-9.5405e+09,-1.5033e+09,-8.38689e+07,-6.015e+08,0.00101286,0.000161099,-9.52472e-23
0,1.93539e+09,-5.56774e+07,3.23927e+08,-2.57155e+09,-4.57994e+08,-5.05869e+08,-3.58004e+08,0.000945783,0.000158296,-1.38481e-26
0,1.79428e+09,1.70352e+07,3.09532e+08,5.5209e+09,1.48277e+08,5.49453e+08,-6.93692e+08,0.000970927,0.000167495,2.23337e-23
0,1.92298e+09,-5.63407e+06,3.16145e+08,8.77192e+09,-2.35371e+08,4.50468e+08,-7.46593e+08,0.00100508,0.000165239,7.34436e-23
0,2.16595e+09,-2.20395e+07,3.17182e+08,-2.41913e+09,-1.25665e+09,-1.23013e+08,-7.84343e+08,0.00100788,0.000147594,-2.38884e-24
0,2.01597e+09,2.81924e+06,3.00215e+08,-1.05805e+10,-3.07054e+09,-1.05679e+08,-4.77853e+08,0.000972549,0.000144831,-1.27657e-22
0,2.00892e+09,-2.93086e+07,3.06252e+08,-7.87813e+09,-9.86149e+08,-6.28068e+08,-1.13333e+09,0.0010569,0.00016112,-7.20032e-23
0,2.15591e+09,3.17e+07,3.29721e+08,3.24867e+09,1.42476e+08,2.39786e+07,-6.55486e+08,0.000950931,0.000145433,1.45403e-24
0,2.3133e+09,1.43666e+07,3.34133e+08,3.0758e+09,-5.9812e+08,-1.07504e+08,-2.30924e+08,0.00090603,0.000130867,3.79829e-25
0,2.11087e+09,1.70764e+07,3.27753e+08,4.67073e+09,-2.97594e+08,1.50572e+08,-7.96146e+08,0.000986104,0.000153112,6.83294e-24
0,2.14043e+09,2.12206e+07,3.16582e+08,4.76275e+09,5.32243e+08,-4.74302e+08,-3.39788e+08,0.000970408,0.000143529,1.65052e-24
0,2.03987e+09,3.74996e+07,3.10211e+08,-5.19968e+09,-2.389e+09,5.92651e+07,-6.16586e+08,0.00101122,0.00015378,-3.4668e-23
0,2.29223e+09,-1.17056e+07,3.34663e+08,5.0148e+08,9.21495e+07,2.01907e+08,-1.71075e+08,0.000882142,0.000128792,1.16232e-27
0,2.03116e+09,3.25719e+07,3.24207e+08,-6.95743e+08,1.45567e+09,-3.96336e+08,-6.80557e+08,0.00091102,0.000145414,4.03505e-26
0,2.06599e+09,4.2405e+07,3.24466e+08,3.70719e+09,1.07288e+09,-1.18435e+08,-7.23748e+08,0.000942902,0.000148084,2.42395e-24
0,2.33412e+09,-14640.7,3.44896e+08,-1.48485e+07,-7.43882e+07,-659151,-3.14369e+07,0.000862434,0.000127435,-5.84717e-31
0,2.13055e+09,-3.4081e+07,3.19602e+08,-4.2924e+09,-1.02068e+09,-3.47072e+07,-6.82112e+08,0.000993946,0.000149101,-6.11408e-24
0,1.94918e+09,3.39735e+07,3.22972e+08,-5.12734e+09,-3.96349e+08,-2.01481e+08,-2.97985e+08,0.000894105,0.00014815,-2.80356e-24
0,2.1446e+09,2.20918e+07,3.31885e+08,2.12096e+09,-1.43785e+08,4.70387e+07,-6.23616e+08,0.000958696,0.000148362,3.88295e-25
0,2.11649e+09,-1.25201e+07,3.25762e+08,-2.53313e+09,-6.79087e+08,-1.38617e+08,-8.86029e+08,0.00101234,0.000155815,-1.58956e-24
0,2.05546e+09,-3.83864e+07,3.00757e+08,9.09002e+08,-1.59062e+09,-2.80582e+08,4.30942e+08,0.000926204,0.000135523,2.15031e-25
0,1.93696e+09,-6.34452e+06,3.16622e+08,7.95276e+08,4.06756e+08,4.63246e+07,-1.19446e+09,0.00101556,0.000166007,-6.20366e-26
0,2.05376e+09,-2.7352e+07,2.99577e+08,1.09752e+08,-2.25562e+08,1.54045e+08,-8.77018e+08,0.00100026,0.000145906,5.54003e-27
0,2.16745e+09,-2.98733e+07,3.20501e+08,-6.36407e+09,-1.01638e+09,8.22175e+07,-6.3865e+08,0.0009871,0.000145963,-1.55195e-23
0,2.11444e+09,1.11961e+07,3.16062e+08,1.93891e+08,-1.35213e+09,1.63959e+08,-1.05163e+09,0.00102299,0.000152915,5.92849e-25
0,2.06396e+09,-2.42021e+07,3.14912e+08,-1.56266e+09,-5.07353e+08,2.7099e+07,-1.1738e+09,0.00101712,0.000155189,-4.36317e-25
0,2.1786e+09,1.26881e+07,3.37503e+08,2.06668e+09,-1.87306e+08,2.38715e+08,-4.56593e+08,0.000929253,0.000143958,1.76711e-25
0,2.12695e+09,-9.65354e+06,3.23236e+08,5.0021e+09,-1.04548e+08,6.58377e+07,-4.98468e+08,0.00107496,0.000163363,8.08584e-24
0,1.84283e+09,1.19425e+07,2.86417e+08,6.26571e+09,1.25001e+09,2.55336e+08,-9.58561e+08,0.000954947,0.00014842,4.08596e-23
0,1.97362e+09,-1.2779e+07,2.95195e+08,-1.55596e+09,5.12689e+08,1.70522e+08,-1.00404e+09,0.00098503,0.000147331,-3.03927e-25
0,1.99923e+09,4.17495e+07,3.00425e+08,3.62952e+09,1.07004e+08,-2.98481e+08,-1.14535e+09,0.00102772,0.000154436,6.81097e-24
0,2.00006e+09,2.28308e+07,3.01054e+08,7.20978e+09,-3.40813e+08,4.2178e+08,-1.11829e+09,0.00101181,0.0001523,5.08588e-23
0,1.93556e+09,-5.21122e+07,3.10821e+08,-1.02752e+10,9.67615e+07,-3.89242e+08,-8.54999e+08,0.00098452,0.000158098,-1.26664e-22
0,2.07061e+09,2.85088e+06,3.23253e+08,1.78972e+09,-4.54795e+08,-1.77182e+07,-9.19579e+08,0.000988089,0.000154256,5.21288e-25
0,2.04866e+09,-2.60023e+07,3.01611e+08,4.25077e+08,1.27512e+08,6.0601e+08,-1.01918e+09,0.000993786,0.000146309,-1.31207e-25
0,1.97317e+09,5.20669e+07,2.81485e+08,3.50817e+09,-1.19725e+09,-5.4656e+08,-1.37018e+09,0.00109784,0.000156614,1.77583e-23
0,2.00928e+09,5.44707e+06,3.12593e+08,-1.03126e+09,3.26165e+08,2.30164e+08,-1.11926e+09,0.000994379,0.0001547,9.57385e-27
0,2.1797e+09,272928,3.44329e+08,6.21806e+08,-1.37398e+07,1.42407e+08,-1.81236e+08,0.000923707,0.000145919,1.57609e-27
0,2.05873e+09,3.04228e+07,3.20306e+08,4.21492e+09,6.3923e+07,-3.24404e+08,-8.03463e+08,0.000972248,0.000151267,5.27073e-24
0,2.30004e+09,9.03246e+06,3.19005e+08,-3.61498e+09,-1.01535e+09,-1.6175e+08,-2.61411e+08,0.000982458,0.000136262,-9.37053e-25
0,2.26558e+09,2.71913e+07,3.14411e+08,1.40447e+08,-6.77856e+08,1.84044e+08,-1.06379e+08,0.000937438,0.000130095,1.43672e-26
0,1.94391e+09,4.03345e+07,2.8926e+08,8.41292e+09,5.03784e+08,1.03649e+08,-9.28341e+08,0.000980518,0.000145905,7.32592e-23
0,2.04339e+09,-3.30397e+06,3.29458e+08,1.20844e+09,-1.59723e+08,-3.14007e+08,-7.61421e+08,0.000960061,0.000154792,6.02758e-26
0,2.07377e+09,2.29571e+07,3.03646e+08,1.73685e+09,-5.61171e+08,-1.9755e+08,-1.07031e+09,0.00105471,0.000154433,7.55479e-25
0,1.94345e+09,6.09361e+07,3.15265e+08,7.82008e+09,1.02734e+09,-3.53238e+08,-8.6199e+08,0.000919508,0.000149162,3.3049e-23
0,2.13446e+09,2.08881e+07,3.29746e+08,2.17047e+09,-1.96119e+08,-5.21208e+08,-4.65185e+08,0.000936492,0.000144676,3.05407e-25
0,2.05306e+09,-2.99031e+06,2.94287e+08,-2.08835e+09,-8.41375e+08,2.10954e+07,-1.21787e+09,0.00102838,0.000147409,-1.91814e-24
0,2.04581e+09,-6.35993e+06,3.07749e+08,3.56952e+09,5.5153e+08,-1.00859e+08,-7.54398e+08,0.000942368,0.000141759,2.65089e-24
0,1.94713e+09,-2.37182e+07,3.09857e+08,-2.59799e+09,9.05547e+08,-6.74503e+07,-1.14355e+09,0.000967652,0.000153988,-2.53024e-24
0,2.24593e+09,1.12889e+07,3.33853e+08,-1.52036e+09,-7.78955e+07,1.06551e+08,-3.12418e+07,0.000861484,0.000128058,-5.31354e-27
0,1.90877e+09,-7.52529e+07,3.18395e+08,-4.84439e+09,-4.72151e+08,-4.86435e+08,-5.66597e+08,0.000944812,0.000157601,-5.40487e-24
0,2.1381e+09,3.62066e+07,2.99787e+08,7.76024e+09,-1.81887e+09,6.78304e+07,-8.15031e+08,0.00104683,0.000146778,5.76921e-23
0,2.05587e+09,2.09726e+07,3.19728e+08,2.56104e+09,2.25944e+08,-4.93515e+08,-8.40835e+08,0.000968262,0.000150584,9.45235e-25
0,2.17794e+09,-2.65662e+07,3.16113e+08,-6.3054e+09,-1.33763e+09,-3.04314e+08,-6.32975e+08,0.000990346,0.000143742,-1.2359e-23
0,2.12497e+09,-8.34944e+06,3.17244e+08,-3.87202e+09,-9.53374e+08,5.17919e+07,-9.59545e+08,0.000995569,0.000148632,-6.38498e-24
0,1.92931e+09,-6.07427e+06,3.28957e+08,-2.12011e+08,6.94265e+08,-1.9187e+08,-8.12535e+08,0.000950969,0.000162145,-3.52731e-27
0,2.02875e+09,1.83082e+07,3.00187e+08,1.19742e+09,-1.10574e+09,3.59941e+08,-1.24738e+09,0.00106518,0.00015761,1.84375e-24
0,1.86481e+09,1.34175e+06,3.01296e+08,1.21657e+10,-2.74114e+08,5.07211e+08,3.08136e+08,0.000955086,0.000154313,-8.72305e-23
0,2.09784e+09,-3.39625e+07,3.14465e+08,-2.45709e+09,2.41655e+07,3.41804e+07,-7.27372e+08,0.000973413,0.000145914,-8.45561e-25
0,2.02542e+09,1.94339e+07,3.26435e+08,9.52495e+08,9.85367e+08,-2.76389e+08,-7.25287e+08,0.000915016,0.000147472,5.37924e-28
0,2.20659e+09,3.72985e+07,3.24025e+08,8.13927e+09,-6.23849e+08,1.21418e+08,-5.82638e+08,0.000948193,0.000139237,1.79717e-23
0,1.90895e+09,2.48278e+06,3.30556e+08,-6.93623e+07,1.52302e+08,-2.39326e+08,-9.18572e+08,0.000986245,0.000170779,2.05285e-26
0,1.96966e+09,-3.41317e+07,3.19129e+08,-4.24689e+09,3.5259e+08,-6.05902e+07,-1.08994e+09,0.000975128,0.000157993,-9.56998e-24
0,1.75672e+09,1.80924e+07,3.02381e+08,1.90931e+09,-1.05298e+09,-3.88255e+06,1.12307e+09,0.00111775,0.000192395,-3.22937e-24
0,2.16279e+09,-4.33342e+07,3.16934e+08,-8.03525e+09,-6.18593e+08,-1.3852e+08,-6.19769e+08,0.000960167,0.000140702,-2.15266e-23
0,2.00238e+09,-2.9235e+07,3.24584e+08,-3.87459e+09,1.10824e+08,-2.09042e+08,-1.01551e+09,0.000980217,0.000158892,-6.2647e-24
0,1.89221e+09,6.9492e+07,2.99351e+08,-5.00682e+09,-5.62153e+08,-3.90989e+08,-8.25486e+08,0.00103634,0.000163952,-1.70614e-23
0,2.02667e+09,-4.09111e+07,3.04518e+08,-4.60508e+09,-8.06555e+07,-2.91374e+08,-1.02085e+09,0.0010154,0.00015257,-1.1623e-23
0,2.10559e+09,5.08195e+07,3.17763e+08,8.39691e+09,-3.13236e+08,1.25418e+08,-8.6369e+08,0.00100447,0.000151588,4.93976e-23
0,2.15639e+09,905289,3.43428e+08,2.44363e+06,5.24864e+07,-1.65047e+07,-2.81554e+08,0.00092283,0.00014697,5.06768e-30
0,1.87303e+09,-2.49193e+06,2.97823e+08,1.37828e+10,-4.29532e+08,5.99352e+08,3.13512e+08,0.000991637,0.000157676,-1.62318e-22
0,2.24902e+09,-744331,3.2966e+08,-2.25854e+09,-1.07206e+09,-3.58157e+08,-4.2956e+08,0.000941459,0.000137998,-4.10202e-25
0,1.83582e+09,-3.71912e+06,2.65737e+08,-4.19724e+08,-2.33685e+08,9.27453e+07,-1.51172e+09,0.00106913,0.000154757,3.82816e-25
0,2.05537e+09,6.4218e+07,3.09123e+08,8.76788e+09,4.46499e+08,-2.88054e+08,-7.3279e+08,0.000945379,0.000142183,3.81657e-23
0,2.07163e+09,-8.3751e+06,3.13879e+08,-2.80701e+09,4.81843e+08,1.56433e+08,-9.42891e+08,0.00096656,0.000146446,-1.59091e-24
0,2.26238e+09,9.14095e+06,3.22213e+08,-7.79274e+07,-1.29425e+09,-1.72511e+08,-5.46787e+08,0.000972281,0.000138475,-1.61752e-25
0,2.08881e+09,5.85648e+06,3.41031e+08,-4.17339e+08,-3.18133e+08,-2.87694e+08,-2.19734e+08,0.000969385,0.000158267,2.06834e-27
0,2.14102e+09,-1.78066e+07,3.22084e+08,-3.78115e+09,-1.039e+09,-5.75421e+08,-6.09323e+08,0.000989693,0.000148885,-1.37934e-24
0,2.15682e+09,-4.43404e+07,3.1854e+08,-9.63693e+09,-5.0693e+08,-6.75699e+07,-5.08648e+08,0.000947159,0.000139886,-2.94383e-23
0,2.03187e+09,-225996,3.40259e+08,3.08623e+08,-1.56114e+08,-3.12137e+08,-2.65606e+08,0.00099823,0.000167165,-2.68289e-27
0,2.18081e+09,-439539,3.43523e+08,-3.16132e+08,-2.12327e+07,-1.15215e+08,-2.65213e+08,0.000924858,0.000145684,1.26872e-28
0,2.01267e+09,1.81285e+07,2.96469e+08,-1.01672e+09,-2.30778e+09,2.86837e+08,5.57242e+08,0.000937464,0.000138089,-9.31022e-25
0,2.21068e+09,2.43915e+07,3.1816e+08,-5.27736e+09,4.16711e+08,-420137,3.5471e+08,0.00100626,0.000144821,4.19118e-24
0,2.19225e+09,1.63759e+07,3.08489e+08,8.01098e+09,-9.82573e+08,4.16892e+07,-6.64492e+08,0.000982681,0.000138281,2.62214e-23
0,1.98671e+09,-1.92521e+07,3.1705e+08,1.69884e+09,1.75349e+09,4.09938e+08,-6.28203e+08,0.000897133,0.00014317,3.14557e-26
0,2.10573e+09,-8.62371e+06,3.26126e+08,-6.89152e+07,-8.43057e+08,9.11102e+07,-8.10044e+08,0.000979869,0.000151758,4.05404e-26
0,2.01499e+09,9.53797e+06,3.23965e+08,5.43622e+09,1.21833e+09,2.86018e+08,-7.20293e+08,0.000898506,0.000144459,1.01854e-23
0,2.08268e+09,-2.188e+07,3.2285e+08,-8.52996e+09,-1.02761e+09,-6.28328e+08,-7.04657e+08,0.000985615,0.000152786,-2.92235e-23
0,1.91193e+09,1.05721e+07,3.18249e+08,-1.63797e+08,4.04549e+08,-1.68769e+08,-1.19553e+09,0.000987797,0.000164423,4.91644e-26
0,2.24699e+09,-1.54609e+07,3.20479e+08,-4.90925e+09,-1.48148e+09,-2.24638e+08,-6.20047e+08,0.000970064,0.000138356,-6.10539e-24
0,1.97595e+09,-5.10675e+06,3.14961e+08,-2.50049e+09,1.26313e+09,-2.04894e+08,-1.01811e+09,0.000944547,0.000150558,-2.06494e-24
0,1.85998e+09,1.69141e+07,3.0822e+08,5.33685e+08,-3.90407e+08,-5.94772e+08,-1.03381e+09,0.000996334,0.000165104,-2.95966e-25
0,1.8548e+09,-3.31193e+07,2.81683e+08,-1.12335e+09,5.12594e+08,3.63205e+08,-1.52617e+09,0.00103727,0.000157526,2.32383e-25
0,2.05611e+09,2.61905e+07,3.18788e+08,3.02823e+09,3.76315e+08,-3.05514e+08,-7.99709e+08,0.000943675,0.000146311,1.48558e-24
0,2.09129e+09,-1.17243e+07,2.99601e+08,-3.48165e+08,-1.24098e+09,-1.91715e+08,3.46887e+08,0.000914136,0.000130961,-7.36273e-26
0,2.09475e+09,1.12044e+07,3.06676e+08,-1.06439e+09,-1.50231e+09,-1.2447e+08,-1.06075e+09,0.00103405,0.000151388,-2.07615e-24
0,1.98261e+09,1.27939e+07,3.17456e+08,1.69269e+08,5.57038e+08,-3.10307e+08,-9.31121e+08,0.000945221,0.000151349,2.80159e-27
0,2.16986e+09,-2.40921e+07,3.30968e+08,-8.10611e+09,-6.21776e+08,-5.14133e+08,-4.64877e+08,0.000933091,0.000142324,-1.06946e-23
0,1.99478e+09,5.33216e+06,3.37295e+08,-3.45944e+09,1.5061e+08,-3.67213e+08,-5.58904e+08,0.000943074,0.000159463,-2.28701e-24
0,1.9013e+09,1.19611e+07,3.12315e+08,7.40521e+09,1.91637e+09,9.04134e+07,1.25685e+08,0.000913299,0.000150022,-1.41634e-23
0,1.99038e+09,-9.20229e+06,3.4073e+08,-1.02377e+09,2.37773e+08,-3.65198e+08,-1.87942e+08,0.000954454,0.000163391,-6.15263e-26
0,2.14785e+09,6.39154e+06,3.43311e+08,-2.26459e+08,1.19045e+08,-4.15431e+07,-2.52426e+08,0.000919526,0.000146976,-8.19696e-29
0,1.87317e+09,-4.87316e+07,2.87865e+08,-3.51397e+09,-1.83922e+08,3.74481e+08,-1.42345e+09,0.00107819,0.000165694,-1.30729e-23
0,2.32933e+09,7.03233e+06,3.34084e+08,1.634e+09,-8.58941e+08,-5.55042e+07,-2.08387e+08,0.000904261,0.000129694,1.37873e-25
0,2.15597e+09,-3.47952e+07,3.2364e+08,-7.02942e+09,-4.00971e+08,-3.55612e+08,-4.81901e+08,0.000940388,0.000141165,-9.14524e-24
0,1.76909e+09,1.05134e+07,2.57287e+08,1.45306e+09,2.55115e+09,1.92982e+07,-1.15436e+09,0.000972374,0.000141416,-2.84252e-24
0,2.15131e+09,2.28357e+06,3.24169e+08,-8.45975e+09,-1.28241e+09,-6.36334e+08,-4.4573e+07,0.000972979,0.000146613,1.01579e-23
0,2.02241e+09,-5.79635e+06,3.25192e+08,1.88697e+08,1.87886e+08,-5.87154e+07,-8.8949e+08,0.000958556,0.00015413,-9.2989e-27
0,1.82567e+09,-5.08169e+06,2.85183e+08,6.47823e+09,-1.79299e+09,5.83394e+08,-1.80825e+08,0.00107426,0.000167807,-2.94075e-24
0,1.98732e+09,-4.70815e+07,3.13892e+08,9.1236e+06,-1.00983e+09,-2.07493e+08,-7.76588e+08,0.000985338,0.000155632,-2.31575e-25
0,2.01488e+09,3.98242e+07,3.10062e+08,3.36119e+09,-2.0756e+08,1.27518e+08,-1.10718e+09,0.00101062,0.00015552,4.69931e-24
0,2.01618e+09,-63394.1,3.14753e+08,5.45793e+09,1.11906e+09,5.80031e+08,-9.26109e+08,0.000939806,0.000146716,1.89592e-23
0,2.0641e+09,77036.9,2.7521e+08,6.95951e+09,8.45766e+07,-1.13145e+08,2.9207e+08,0.0010557,0.000140758,-1.39426e-23
0,1.92924e+09,2.68848e+07,3.20696e+08,1.36865e+09,5.05416e+08,-4.67947e+08,-5.17225e+08,0.000946708,0.000157371,4.45253e-26
0,1.93453e+09,-6.48642e+07,2.86662e+08,-4.04502e+09,1.54528e+08,5.81322e+08,-1.3225e+09,0.00106078,0.000157188,-1.40306e-23
0,2.28646e+09,2.4179e+07,3.22584e+08,-2.20972e+09,9.67957e+07,3.65495e+08,1.3324e+07,0.000893651,0.00012608,1.81606e-26
0,1.97076e+09,-1.53584e+06,3.19647e+08,2.82056e+08,9.2384e+08,1.15229e+08,-1.05659e+09,0.000946777,0.000153562,3.98649e-27
0,1.94134e+09,2.30425e+07,3.24365e+08,8.59718e+08,1.52864e+09,-4.3873e+08,-6.66213e+08,0.000934575,0.000156152,-1.07143e-25
0,2.22393e+09,-7.52125e+06,3.19326e+08,-1.9682e+09,5.81838e+08,1.53667e+08,-1.8671e+08,0.00087594,0.000125773,-5.40886e-27
0,2.20772e+09,4.12124e+07,3.06132e+08,4.22294e+09,4.61676e+08,-1.6602e+08,-1.4431e+08,0.000911334,0.000126369,3.1658e-25
0,1.81319e+09,7.19009e+06,2.87085e+08,6.05577e+09,-1.37857e+09,6.91001e+08,-1.97592e+08,0.00109368,0.000173163,-1.3554e-23
0,2.13178e+09,9.04472e+06,3.05494e+08,1.79208e+09,-1.79487e+09,3.04805e+08,-8.58313e+08,0.00102996,0.000147599,4.5552e-24
0,2.23451e+09,2.27842e+07,3.25025e+08,4.59287e+09,-3.12627e+08,-1.31623e+08,-3.91302e+08,0.000946531,0.000137679,2.22292e-24
0,2.11237e+09,1.54602e+07,3.00088e+08,4.1797e+09,-9.05418e+08,1.8829e+08,-5.33574e+08,0.000954302,0.00013557,3.09162e-24
0,2.05158e+09,1.54296e+07,3.08823e+08,6.54456e+09,5.83051e+08,1.19649e+08,-7.45566e+08,0.000933816,0.000140567,1.7016e-23
0,1.95555e+09,-1.02997e+07,3.1848e+08,1.17134e+09,7.67752e+06,-1.12477e+08,-1.18398e+09,0.000995075,0.000162058,-1.22281e-26
0,1.92436e+09,-5.70649e+07,3.1309e+08,1.06312e+08,-1.08751e+09,7.57584e+07,-5.56032e+08,0.00094842,0.000154307,1.30686e-25
0,2.25203e+09,-2.10855e+07,3.16605e+08,-7.0855e+09,-1.95516e+09,3.36892e+07,-5.8734e+08,0.000996785,0.000140135,-2.51194e-23
0,2.05146e+09,-5.94298e+07,3.01e+08,-7.12248e+09,-2.67812e+08,4.05873e+08,-1.09745e+09,0.00105841,0.000155295,-5.84104e-23
0,2.15945e+09,4.9421e+06,3.4393e+08,-1.92867e+08,-3.68727e+07,-6.15066e+07,-1.84251e+08,0.000921267,0.000146728,1.79127e-29
0,1.79076e+09,-1.03394e+07,2.9498e+08,-3.10668e+08,1.0783e+09,2.58258e+08,-1.60043e+09,0.00100876,0.000166166,2.02161e-26
0,2.24513e+09,1.45885e+07,3.26079e+08,1.73691e+09,-8.15416e+08,-8.66408e+07,-4.0331e+08,0.000950057,0.000137985,2.99995e-25
0,2.03908e+09,1.89475e+07,3.23647e+08,2.82382e+09,6.78174e+07,-3.46542e+08,-6.7628e+08,0.000959059,0.000152224,1.22827e-24
0,1.97266e+09,4.39399e+07,3.10804e+08,2.11225e+09,5.1983e+08,-3.77422e+08,-8.9298e+08,0.000961582,0.000151503,5.99694e-25
0,1.93292e+09,-178877,3.12541e+08,5.13972e+09,-4.97292e+08,-2.02706e+08,-5.52115e+08,0.000984894,0.000159251,1.1563e-23
0,2.05368e+09,-1.9738e+07,3.1263e+08,-2.51201e+09,-1.02907e+09,-1.08484e+08,-9.56984e+08,0.00103519,0.000157586,-3.25594e-24
0,2.06321e+09,7.4595e+06,3.33217e+08,1.84858e+08,-5.04352e+07,1.77045e+07,-7.01538e+08,0.000937172,0.000151357,-4.41498e-27
0,2.29552e+09,1.42867e+07,3.37273e+08,-4.52472e+08,-4.91395e+08,2.00885e+08,-2.46061e+06,0.000862586,0.000126737,-1.64333e-27
0,2.06709e+09,-2.18689e+07,3.27572e+08,1.15852e+09,2.15235e+08,2.34716e+07,-7.92352e+08,0.000956098,0.000151513,6.56105e-26
0,2.05694e+09,-5.48282e+07,3.1392e+08,-1.04159e+10,-2.4252e+08,-1.57123e+08,-9.65696e+08,0.00103108,0.000157358,-1.35531e-22
0,2.14769e+09,1.33578e+07,3.25187e+08,-7.40072e+08,-2.67564e+08,-1.70278e+06,-7.42161e+08,0.000958604,0.000145145,-1.02926e-26
0,2.14698e+09,-3.44241e+07,3.23751e+08,-3.79029e+09,3.24922e+08,-3.97458e+08,-4.17843e+08,0.000990915,0.000149424,-2.40474e-24
0,1.95082e+09,-4.16186e+07,3.09599e+08,-2.56092e+09,-5.00905e+08,-6.10532e+06,-9.49662e+08,0.00101003,0.000160294,-2.40921e-24
0,1.87026e+09,-9.27125e+06,2.90024e+08,4.65156e+09,1.22349e+09,4.07367e+07,-5.68819e+08,0.00114337,0.000177304,1.85993e-23
0,2.15563e+09,3.29005e+06,3.43875e+08,-2.36131e+08,-1.07175e+08,-7.84258e+07,-1.95087e+08,0.000919186,0.000146632,-9.89479e-29
0,2.27519e+09,2.62724e+07,3.2822e+08,-4.12871e+09,-6.27629e+08,1.17674e+08,-2.57127e+07,0.000926884,0.000133713,-3.34045e-25
0,2.06713e+09,4.07379e+07,3.2592e+08,2.86789e+09,3.15558e+08,1.49458e+08,-8.91564e+08,0.000982533,0.000154914,2.00345e-24
0,2.21141e+09,4.30139e+07,3.10409e+08,-2.52852e+09,7.37331e+08,-1.5078e+08,2.20209e+08,0.000994343,0.000139573,3.19084e-25
0,2.135e+09,1.65382e+07,3.22688e+08,2.68128e+08,-4.31566e+08,8.14725e+07,-5.30172e+08,0.000949052,0.000143442,1.20845e-26
0,2.02634e+09,-3.40183e+07,3.05985e+08,-3.34548e+09,-6.98103e+08,2.86606e+08,-9.77135e+08,0.00102313,0.000154496,-5.73538e-24
0,2.06639e+09,1.07011e+07,3.27989e+08,4.82205e+09,4.77252e+08,2.31082e+08,-7.56887e+08,0.000919935,0.000146017,6.43797e-24
0,1.80949e+09,6.00766e+07,2.63873e+08,6.06341e+09,7.59695e+08,-4.34776e+08,-1.34339e+09,0.00107625,0.000156947,7.68495e-23
0,1.98549e+09,-6.08797e+07,3.18947e+08,-1.11553e+10,5.69069e+08,-4.78472e+08,-8.54993e+08,0.000987734,0.000158668,-1.57077e-22
0,1.97739e+09,-9.78127e+06,3.01031e+08,-5.2768e+08,6.62498e+07,2.0697e+08,-1.25676e+09,0.00100908,0.000153618,1.19493e-25
0,2.08189e+09,1.11414e+07,3.28496e+08,-1.51691e+09,1.94671e+08,-6.29726e+07,-7.49522e+08,0.000952773,0.000150335,-1.72716e-25
0,2.15919e+09,6.59055e+06,3.28887e+08,1.69353e+09,-7.7293e+08,8.75563e+07,-7.95507e+08,0.000982242,0.000149614,5.30945e-25
0,2.20364e+09,2.6608e+07,3.13521e+08,5.8277e+09,-1.55591e+09,9.19378e+07,-7.54321e+08,0.000996567,0.000141785,1.58713e-23
0,2.30626e+09,1.21738e+07,3.39637e+08,-9.03796e+08,-3.33845e+08,1.61406e+08,9.42418e+06,0.000860915,0.000126785,-3.77279e-27
0,2.01461e+09,-4.56186e+07,3.14901e+08,-4.48044e+09,-2.50178e+08,-5.59957e+06,-8.12279e+08,0.00100113,0.000156485,-8.65476e-24
0,2.29573e+09,2.26087e+07,3.28441e+08,3.08312e+09,-8.24004e+08,-2.08582e+08,-2.55558e+08,0.000932692,0.000133436,7.10785e-25
0,2.11168e+09,-1.43071e+07,3.19765e+08,-3.15662e+09,-6.77708e+08,-3.77141e+08,-9.76389e+08,0.00100612,0.000152353,-2.46385e-24
0,2.04839e+09,-4.62356e+07,3.12495e+08,-5.51005e+09,-3.37511e+08,1.76187e+08,-8.45985e+08,0.00102209,0.000155927,-1.78909e-23
0,1.81922e+09,6.40527e+07,2.6399e+08,6.5182e+09,4.63027e+08,-6.92054e+08,-1.36472e+09,0.00110629,0.000160536,1.07138e-22
0,2.0983e+09,2.43262e+07,3.05319e+08,-2.55064e+09,-1.7469e+09,2.83089e+08,-5.6055e+08,0.00105503,0.000153514,-6.24018e-24
0,2.08325e+09,5.98764e+06,2.98635e+08,1.26818e+09,-1.18761e+09,9.31491e+06,3.26582e+08,0.00103728,0.000148694,2.25816e-25
0,1.95823e+09,-3.28252e+07,3.16779e+08,7.02395e+09,9.47578e+08,7.83053e+07,-4.43212e+08,0.0010058,0.000162706,2.29527e-23
0,2.12675e+09,-2.40976e+07,3.07077e+08,9.07749e+09,3.39617e+08,5.00666e+08,-4.25901e+08,0.000980695,0.0001416,3.02122e-23
0,2.32736e+09,3.93531e+06,3.36802e+08,1.09941e+09,-6.75761e+08,2.14584e+07,-1.87355e+08,0.00089249,0.000129156,3.91392e-26
0,2.15815e+09,6.5754e+07,3.05169e+08,-3.32785e+09,2.01543e+08,-1.86617e+08,1.70999e+08,0.000971248,0.000137337,3.66966e-25
0,2.23584e+09,1.58084e+07,3.38277e+08,4.14115e+09,6.21849e+07,1.84559e+08,-3.33986e+08,0.000894443,0.000135327,9.86687e-25
0,2.22235e+09,4.08452e+07,3.26928e+08,6.3307e+08,-1.38983e+09,6.44483e+07,-1.25499e+07,0.00088881,0.000130752,1.57418e-25
0,2.02863e+09,4.32821e+06,3.24036e+08,-1.02759e+09,3.6729e+08,-1.18654e+08,-8.7321e+08,0.000945433,0.000151015,-5.47116e-26
0,2.15847e+09,1.86455e+06,3.44654e+08,-1.9983e+08,-1.42957e+08,-4.82042e+07,-4.41431e+07,0.000917171,0.00014645,-7.89025e-29
0,1.91599e+09,3.04575e+06,3.09648e+08,9.1177e+08,-2.65749e+08,1.72263e+08,-1.4297e+09,0.00104943,0.000169602,-2.30258e-25
0,2.18949e+09,-2.52756e+07,3.29314e+08,-3.20172e+09,-1.17557e+09,-2.24102e+08,-5.73682e+08,0.000963575,0.000144929,-1.92134e-24
0,2.0624e+09,2.08105e+06,3.26799e+08,2.29697e+08,-9.46163e+08,-1.53455e+08,-5.33859e+08,0.000967528,0.000153311,-2.42152e-26
0,2.06185e+09,-3.0288e+07,3.24788e+08,2.41366e+09,1.24967e+09,5.35342e+08,-5.73695e+08,0.000891619,0.00014045,1.20057e-24
0,1.95497e+09,-3.87495e+06,2.97249e+08,1.32064e+08,1.96255e+09,1.15729e+08,-4.74941e+08,0.00115209,0.000175174,-7.83241e-25
0,2.06281e+09,-4.24111e+07,3.18685e+08,-4.94365e+09,-4.21278e+08,1.147e+08,-7.11484e+08,0.000987776,0.000152602,-9.04848e-24
0,1.95468e+09,2.32258e+07,2.69646e+08,-4.05694e+09,-1.03567e+09,-1.28501e+08,7.80667e+08,0.00101349,0.00013981,8.72116e-24
0,2.12244e+09,3.82484e+06,3.09802e+08,6.72185e+08,-1.3606e+09,-3.42055e+08,-7.69485e+08,0.00100965,0.000147373,-1.1354e-26
0,2.04338e+09,-7.12321e+07,3.18673e+08,-9.76571e+09,4.18149e+08,-4.05599e+08,-6.60321e+08,0.000934817,0.000145788,-5.31824e-23
0,1.99777e+09,-4.36348e+07,3.05354e+08,4.68249e+09,-3.11261e+08,-2.30077e+08,-4.34763e+08,0.00103157,0.000157673,7.18776e-24
0,1.89058e+09,-9.22802e+06,3.14707e+08,7.87366e+08,3.59195e+06,1.24375e+07,-1.36177e+09,0.00104611,0.000174135,-2.74749e-25
0,2.07969e+09,-6.0118e+07,3.14697e+08,-7.49407e+09,4.94788e+08,2.09346e+08,-7.81637e+08,0.00098774,0.000149464,-3.00306e-23
0,1.89557e+09,-4.68874e+07,3.10455e+08,1.79172e+09,6.04727e+08,2.92483e+08,-8.39106e+08,0.000988518,0.000161899,9.9856e-25
0,2.02459e+09,-3.72721e+06,3.31505e+08,-2.163e+09,-4.87316e+08,-1.86707e+08,-7.72825e+08,0.00101219,0.000165736,-9.06482e-25
0,2.17102e+09,-1.0759e+06,3.38294e+08,1.48791e+09,-3.80257e+08,7.08906e+07,-4.96256e+08,0.000957809,0.000149248,1.19731e-25
0,2.28761e+09,-8.93283e+06,3.25695e+08,3.42251e+09,-3.35708e+08,6.20166e+07,-7.62982e+07,0.00101472,0.000144469,1.82275e-25
0,2.26944e+09,3.62464e+06,3.25667e+08,5.28764e+09,1.25273e+08,4.22261e+06,4.3657e+07,0.000943972,0.000135461,-3.20787e-25
0,1.84418e+09,-2.38686e+06,2.57418e+08,2.93786e+09,-1.26845e+09,8.49909e+07,-1.29951e+09,0.00111035,0.000154988,1.77283e-23
0,2.13187e+09,-1.99878e+07,3.30899e+08,-7.97696e+09,-5.40782e+08,-4.42682e+08,-6.8681e+08,0.000970235,0.000150595,-2.34445e-23
0,2.224e+09,-1.86229e+07,3.21008e+08,-4.56557e+09,-1.52173e+09,-6.67425e+07,-7.13877e+08,0.00100675,0.000145313,-8.82252e-24
0,1.8979e+09,-4.35074e+06,3.13857e+08,7.28026e+08,3.08228e+08,1.2167e+08,-1.37559e+09,0.00104398,0.000172644,-2.45321e-25
0,2.04212e+09,1.73032e+07,3.04632e+08,9.3603e+09,9.47956e+07,4.65069e+08,-8.96325e+08,0.000967881,0.000144383,7.03727e-23
0,2.16193e+09,-472946,3.44359e+08,-7.08374e+07,-1.20041e+08,2.10408e+07,-1.35061e+08,0.00091677,0.000146026,-2.61259e-30
0,1.79262e+09,5.61669e+07,3.04572e+08,2.89791e+09,1.46007e+09,-7.46476e+08,-1.27116e+09,0.000984736,0.000167309,2.07764e-24
0,1.9607e+09,9.72962e+06,3.32351e+08,-4.09518e+07,4.15401e+08,6.57908e+07,-8.18711e+08,0.00096301,0.000163237,-2.72685e-28
0,1.95186e+09,-73542.2,3.26852e+08,-2.16737e+09,-6.02146e+07,-1.18726e+08,-9.88145e+08,0.00099488,0.000166599,-1.07494e-24
0,2.23233e+09,1.64733e+07,3.40137e+08,2.79132e+09,1.49961e+08,2.06562e+08,-2.81051e+08,0.000882243,0.000134426,2.62745e-25
0,2.25025e+09,8.9419e+06,3.40912e+08,1.22073e+09,-1.93645e+08,1.33946e+08,-1.27053e+08,0.00087864,0.000133113,4.35794e-27
0,2.06294e+09,-437550,3.30206e+08,-5.20013e+09,2.77945e+08,-5.77764e+08,1.16363e+08,0.000889107,0.000142316,3.51586e-27
0,2.12877e+09,-4.74501e+07,3.24481e+08,-8.29968e+09,-4.05224e+07,-5.69965e+07,-6.20297e+08,0.000959389,0.000146237,-2.61892e-23
0,2.03739e+09,4.18212e+07,3.23702e+08,4.28751e+09,3.06018e+08,1.84786e+08,-9.21479e+08,0.000982676,0.000156128,7.62704e-24
0,1.9982e+09,-5.18893e+07,3.07035e+08,-7.10862e+09,1.02111e+09,3.98629e+08,-8.70384e+08,0.000937488,0.00014405,-2.31313e-23
0,1.85563e+09,-4.15274e+07,3.03618e+08,-3.28881e+09,-9.819e+08,-7.02684e+06,-5.79403e+08,0.00100109,0.000163798,-5.76441e-24
0,1.94381e+09,-3.7383e+07,3.22102e+08,-1.03559e+09,2.22807e+07,-1.83204e+06,-3.1933e+08,0.000929179,0.000153971,-3.20992e-26
0,2.25407e+09,4.04124e+07,3.15461e+08,-3.21118e+09,3.99485e+08,-1.47092e+08,1.01979e+08,0.00097793,0.000136863,1.21365e-25
0,1.98958e+09,4.47565e+06,3.29565e+08,9.70506e+08,2.32346e+08,1.87689e+07,-9.12003e+08,0.00097038,0.000160739,2.45408e-26
0,2.10233e+09,-2.45009e+07,3.19593e+08,-1.87111e+09,-4.2697e+08,2.08274e+08,-7.20983e+08,0.000951543,0.000144652,-4.00753e-25
0,1.93597e+09,1.27232e+07,3.27923e+08,-1.54402e+09,3.2791e+08,1.06263e+08,-9.50774e+08,0.000994345,0.000168427,-3.30897e-25
0,2.25831e+09,6.55659e+06,3.37776e+08,2.05858e+09,-5.81592e+08,1.31518e+08,-4.23031e+08,0.000939919,0.000140584,2.15416e-25
0,1.85581e+09,1.39508e+07,3.02129e+08,1.04131e+09,5.59924e+08,-1.98718e+08,-1.47842e+09,0.00104562,0.000170229,-1.65303e-25
0,2.06718e+09,-6.73868e+07,3.05028e+08,-7.25401e+09,-6.78284e+08,-2.03225e+08,-6.60883e+08,0.000955488,0.000140989,-2.01236e-23
0,2.25353e+09,-1.61151e+06,3.40595e+08,-1.28242e+08,-4.37485e+07,1.4241e+08,-2.23609e+08,0.000891822,0.000134788,9.94517e-29
0,2.17994e+09,-2.35638e+07,3.32405e+08,-3.75047e+09,-3.23298e+08,-2.37424e+08,-6.47614e+08,0.000948152,0.000144578,-1.88577e-24
0,2.13877e+09,1.781e+07,3.35823e+08,4.65529e+09,-5.11336e+07,3.78913e+08,-5.30068e+08,0.000934782,0.000146776,3.20451e-24
0,2.0726e+09,5.52735e+06,3.33959e+08,1.08003e+09,-1.784e+08,8.39898e+07,-7.35759e+08,0.000985648,0.000158818,5.29155e-26
0,2.16921e+09,2.2482e+07,2.84492e+08,6.4148e+08,2.03798e+08,-9.25773e+07,-2.00731e+08,0.000994428,0.000130419,2.66751e-27
0,2.01381e+09,-2.44138e+07,3.19936e+08,7.3626e+07,1.04872e+09,3.45561e+08,-5.73515e+08,0.00100405,0.000159514,-1.98547e-26
0,2.2048e+09,4.54313e+07,3.02306e+08,5.8558e+09,-1.80626e+09,-1.61288e+08,-3.39144e+08,0.000983679,0.000134875,1.27627e-23
0,2.04886e+09,7.67951e+06,3.18149e+08,2.36919e+09,-2.88682e+07,2.89667e+08,-8.55305e+08,0.00094958,0.000147452,7.85891e-25
0,2.07638e+09,-4.06768e+06,3.32963e+08,4.36037e+08,-2.5712e+08,-1.14686e+08,-6.64736e+08,0.000949822,0.000152311,-6.09972e-27
0,1.98835e+09,6.64697e+07,3.0243e+08,9.78842e+09,1.58717e+09,-3.30182e+08,-8.56917e+08,0.000930955,0.000141599,5.76119e-23
0,2.12173e+09,6.1593e+07,2.90595e+08,-1.03181e+10,-9.22647e+08,5.65909e+08,3.46677e+08,0.000994069,0.000136149,2.00072e-23
0,2.22822e+09,1.40835e+07,3.17812e+08,4.91627e+09,-2.06261e+09,2.95041e+08,-7.9785e+08,0.00103538,0.000147676,1.6718e-23
0,2.15455e+09,-2.61815e+06,3.43724e+08,2.172e+07,-2.07744e+06,5.9383e+07,-2.24187e+08,0.000917391,0.000146355,-2.07841e-29
0,1.75983e+09,-129042,2.43114e+08,-1.57009e+09,-5.91586e+08,-2.63515e+07,-1.37927e+09,0.00113459,0.000156739,-1.87154e-24
0,2.11846e+09,-5.56881e+07,3.21988e+08,-9.30329e+09,4.46496e+08,-1.12582e+08,-6.43766e+08,0.000934648,0.000142059,-3.5502e-23
0,1.79661e+09,-8.92619e+06,3.00989e+08,2.05959e+09,-3.71026e+08,-3.59084e+08,-1.27624e+09,0.00104112,0.000174421,1.91793e-24
0,1.77542e+09,1.98752e+07,2.95778e+08,-1.30079e+10,-1.426e+09,-2.78596e+07,-5.68328e+08,0.000978261,0.000162974,-2.74105e-22
0,2.15393e+09,7.07385e+06,3.39547e+08,1.91164e+08,5.0779e+08,3.10439e+08,-2.99848e+08,0.000882256,0.000139079,2.54791e-27
0,1.95516e+09,3.74025e+07,2.97798e+08,6.58242e+09,-9.6997e+08,-6.60217e+08,-1.16492e+09,0.00107106,0.000163138,7.98772e-23
0,2.09336e+09,4.82241e+07,3.29585e+08,5.76078e+09,1.09571e+09,9.40712e+07,-4.57449e+08,0.000906564,0.000142732,5.58375e-24
0,2.19374e+09,1.58846e+07,3.23281e+08,-5.70882e+09,-1.79768e+09,-1.22337e+08,-1.3129e+08,0.000927832,0.00013673,-4.22248e-24
0,2.03729e+09,249344,2.77381e+08,5.53752e+09,-7.66025e+08,-4.51985e+07,2.43323e+08,0.000999826,0.000136128,-4.04445e-24
0,2.25323e+09,3.36249e+07,3.27176e+08,-6.03008e+09,-6.54772e+07,1.87754e+08,2.43251e+08,0.000899048,0.000130545,2.0977e-24
0,1.91967e+09,-9.80232e+06,3.22799e+08,-6.01773e+06,4.59945e+08,-2.11695e+08,-1.11086e+09,0.000992799,0.000166942,2.02851e-26
0,2.11041e+09,8.82753e+06,2.84139e+08,-2.36802e+09,-1.3629e+09,3.14608e+07,-1.47465e+08,0.00099683,0.00013421,-1.53232e-24
0,2.24639e+09,3.72474e+06,3.43088e+08,-2.24176e+08,-3.57761e+07,1.30808e+08,-1.68485e+08,0.000887885,0.000135606,2.53303e-29
0,2.04353e+09,2.65694e+07,3.31844e+08,1.04431e+09,8.04549e+08,4.16102e+07,-3.63895e+08,0.000937545,0.000152246,9.04612e-27
0,1.92273e+09,-2.11225e+07,3.05502e+08,3.44057e+09,1.80869e+09,-9.12132e+07,-7.2488e+08,0.00100439,0.000159588,1.08009e-24
0,2.1615e+09,-3.80079e+06,3.44354e+08,9.57368e+07,5.13589e+07,5.41638e+07,-1.38778e+08,0.000919297,0.000146455,-5.1322e-30
0,2.0183e+09,1.2825e+07,3.09096e+08,2.96359e+09,-5.27029e+08,-6.76762e+08,-1.11065e+09,0.00102634,0.000157181,3.72023e-24
0,2.01121e+09,-4.56376e+07,3.18846e+08,-4.26953e+08,3.71034e+08,6.12711e+08,-5.41445e+08,0.000930643,0.000147539,-9.52933e-28
0,1.97225e+09,-1.97544e+07,3.19913e+08,6.46921e+08,3.50147e+08,-2.43729e+08,-1.12919e+09,0.000991431,0.000160817,-5.08841e-26
0,2.05002e+09,-148699,3.41618e+08,4.4773e+09,-5.97278e+07,3.72586e+08,-4.2414e+07,0.000950573,0.000158404,1.8497e-25
0,2.15553e+09,-4.13811e+07,3.33312e+08,-5.55085e+09,8.63491e+08,-1.73921e+08,-4.17065e+08,0.000879698,0.000136029,-3.77774e-24
0,2.32065e+09,1.08636e+07,3.33352e+08,1.92525e+09,-6.8053e+08,-1.16692e+08,-2.02112e+08,0.000900328,0.000129329,1.32156e-25
0,1.94294e+09,2.61119e+07,3.21969e+08,3.15103e+09,7.59677e+08,-2.18792e+08,-9.66963e+08,0.000981029,0.000162569,3.31245e-24
0,2.26022e+09,-1.96048e+07,3.25301e+08,1.49463e+09,-2.43045e+08,-2.06463e+08,1.32845e+08,0.000877471,0.00012629,-5.68963e-27
0,1.9991e+09,1.6512e+07,3.09542e+08,6.34968e+09,7.12355e+08,5.34025e+08,-1.07818e+09,0.000976918,0.000151267,3.58544e-23
0,2.32703e+09,5.80544e+06,3.39727e+08,-4.42254e+08,1.40181e+08,8.82438e+07,9.0982e+06,0.000877245,0.000128071,2.19356e-28
0,2.12526e+09,-2.33818e+07,3.10088e+08,-5.83606e+09,-1.44588e+09,3.79376e+08,-9.69459e+08,0.0010217,0.000149072,-3.03221e-23
0,2.20472e+09,-1.52626e+07,3.37061e+08,-1.98479e+09,-2.94478e+08,-1.77554e+08,-4.62897e+08,0.000946936,0.000144769,-1.76992e-25
0,2.0876e+09,-5.93716e+06,3.35732e+08,-4.95899e+09,5.79477e+08,-8.42283e+07,-5.22309e+08,0.000898456,0.000144491,-3.97696e-24
0,1.81377e+09,-2.96233e+07,2.92231e+08,4.83986e+09,-1.12548e+09,1.218e+08,-1.18176e+09,0.00109083,0.000175752,4.82571e-23
0,2.09619e+09,-1.19273e+07,3.28543e+08,-3.07487e+08,-3.79311e+08,-2.88962e+08,-8.56966e+08,0.00100037,0.000156792,-2.54395e-26
0,2.18216e+09,5.01393e+07,3.13194e+08,-3.52817e+09,-1.54899e+09,-1.3183e+07,-1.19652e+07,0.000940336,0.000134961,-1.57123e-24
0,2.25637e+09,3.29433e+07,3.24517e+08,-6.10927e+09,-5.94795e+07,2.45206e+08,1.79161e+08,0.00091409,0.000131467,1.70787e-24
0,2.09737e+09,1.59681e+06,3.16338e+08,1.34402e+09,1.61368e+08,-3.12214e+08,-7.8382e+08,0.000943673,0.00014233,7.11023e-26
0,2.04682e+09,-1.58373e+06,3.26383e+08,2.71626e+09,3.5835e+08,-2.70606e+06,1.54055e+08,0.00100595,0.000160407,-4.02498e-25
0,2.12238e+09,-3.42384e+07,3.01389e+08,-4.54682e+09,-2.10237e+09,-2.54293e+08,-1.0346e+09,0.00104615,0.000148559,-2.52521e-23
0,2.1203e+09,3.46555e+07,3.00253e+08,4.17706e+09,-1.6897e+09,-5.53804e+07,-1.01049e+09,0.00103325,0.000146317,1.63209e-23
0,1.8399e+09,-2.46878e+07,3.09979e+08,-7.55416e+09,1.06216e+09,4.05713e+08,1.86538e+08,0.000891195,0.000150145,1.77689e-23
0,2.12407e+09,6.35664e+07,3.17978e+08,3.32989e+08,1.40496e+09,5.10846e+07,-1.69385e+08,0.000955887,0.000143098,-1.33321e-25
0,2.31816e+09,8.91764e+06,3.39146e+08,-1.63919e+09,-4.3898e+07,9.05875e+07,7.65277e+06,0.000875562,0.000128094,1.41703e-28
0,2.0967e+09,2.35248e+07,3.19095e+08,3.28787e+09,-3.69665e+08,2.42609e+08,-9.76248e+08,0.000976026,0.00014854,2.60784e-24
0,1.98726e+09,-6.33984e+07,2.89821e+08,-1.04708e+09,-2.21243e+09,-1.91197e+08,-6.80402e+08,0.00102472,0.000149445,-6.1504e-24
0,1.97783e+09,-4.05462e+07,2.64177e+08,-3.02948e+08,-2.67269e+08,4.83369e+08,-1.0556e+09,0.00104455,0.000139519,1.47619e-25
0,2.14775e+09,-1.33906e+07,3.33812e+08,-3.20378e+09,-5.86308e+08,-4.6944e+08,-6.37651e+08,0.000988748,0.000153675,-1.00494e-24
0,2.1649e+09,1.17022e+07,3.2715e+08,3.68607e+09,-1.04334e+09,-1.84863e+08,-5.90147e+08,0.000967411,0.000146191,3.53578e-24
0,2.13525e+09,1.33134e+07,3.30657e+08,7.16877e+09,6.87769e+08,4.41754e+08,-5.36687e+08,0.000921099,0.000142638,1.48085e-23
0,1.9742e+09,9.76481e+06,3.22292e+08,3.75704e+09,-3.66297e+08,-1.84785e+08,-9.65828e+08,0.00101062,0.000164986,7.24699e-24
0,1.99866e+09,6.14504e+07,3.00908e+08,6.17231e+09,1.52505e+09,-3.91055e+08,-8.40446e+08,0.000931036,0.000140172,1.09795e-23
0,2.30352e+09,5.97459e+06,3.21284e+08,3.62084e+09,-5.79509e+08,-8.89423e+07,-1.26645e+08,0.000933215,0.00013016,4.24172e-25
0,2.14927e+09,-1.05844e+07,3.23671e+08,1.68231e+09,1.65948e+08,-1.63649e+08,-5.98194e+08,0.000922452,0.000138917,1.34421e-25
0,2.22092e+09,-1.34482e+07,3.33157e+08,-5.65657e+09,-1.00931e+09,-3.77052e+08,-6.08809e+08,0.000987443,0.000148125,-6.32143e-24
0,1.93289e+09,-5.73244e+07,2.9386e+08,1.57256e+08,3.11451e+08,-8.60554e+07,-1.08137e+09,0.00111929,0.000170167,-2.85997e-26
0,2.1288e+09,-9.97251e+06,3.32915e+08,2.70775e+09,4.49635e+08,-6.79033e+07,-3.74658e+08,0.000956237,0.000149542,4.95012e-25
0,2.01923e+09,4.47931e+07,3.2559e+08,5.66908e+09,1.31767e+09,5.085e+07,-6.40318e+08,0.000893876,0.000144133,7.79289e-24
0,2.16759e+09,-1.27145e+06,3.44545e+08,5.04105e+08,-4.13594e+07,7.39419e+07,-1.51608e+08,0.000922472,0.00014663,7.83345e-28
0,1.81238e+09,-5.27916e+07,3.18774e+08,-3.6822e+09,1.99395e+09,3.06749e+08,-9.57091e+08,0.00093762,0.000164915,-1.23544e-24
0,2.12949e+09,3.55331e+07,3.3014e+08,7.21478e+09,3.13133e+08,3.69281e+08,-5.88003e+08,0.000932504,0.000144568,1.53479e-23
0,1.97138e+09,-7.43073e+07,2.97226e+08,-1.16282e+10,-2.12103e+09,-5.93373e+07,-6.85611e+08,0.00102337,0.000154293,-2.04326e-22
0,2.0359e+09,8.30022e+06,3.31794e+08,1.6413e+09,-4.03687e+08,1.25759e+08,-8.17527e+08,0.00102774,0.000167493,4.29374e-25
0,1.89298e+09,-1.00268e+07,3.1246e+08,3.84203e+09,-9.59262e+07,6.47963e+07,-1.40403e+08,0.00100027,0.000165108,1.2661e-24
0,2.03729e+09,-1.35778e+07,3.32611e+08,-5.05153e+09,9.19832e+08,-1.39951e+08,-6.1947e+08,0.00089517,0.000146147,-5.82526e-24
0,2.18714e+09,-4.73421e+06,3.40524e+08,9.47078e+08,-8.23482e+07,-2.72132e+08,-2.77712e+08,0.00090539,0.000140963,9.56484e-27
0,2.16221e+09,-2.33372e+07,3.33228e+08,-8.18859e+09,-7.46405e+08,-4.96426e+08,-5.32311e+08,0.000964102,0.000148582,-1.54925e-23
0,2.07601e+09,4.96253e+07,3.27761e+08,6.87759e+09,7.67521e+08,3.15182e+08,-6.84046e+08,0.000943274,0.000148924,2.00263e-23
0,2.29427e+09,-5.06991e+06,3.17711e+08,4.3899e+08,-9.79864e+08,9.72542e+07,-1.87423e+08,0.000914204,0.000126599,5.54777e-26
0,1.77934e+09,-8.91133e+07,2.96361e+08,-1.04557e+10,-1.05186e+09,2.67608e+08,-6.33416e+08,0.000984172,0.000163921,-1.76329e-22
0,2.05264e+09,5.71496e+07,3.12127e+08,9.04697e+09,4.30438e+08,-3.58474e+08,-7.21552e+08,0.000927717,0.00014107,3.73949e-23
0,2.02197e+09,3.80747e+07,3.09667e+08,5.62933e+09,1.30905e+07,-1.32547e+08,-8.42658e+08,0.000973619,0.000149111,1.51752e-23
0,2.03849e+09,1.32574e+07,3.24015e+08,1.38102e+09,9.78406e+08,-2.41318e+06,-7.47404e+08,0.000908585,0.000144418,1.23571e-25
0,2.0815e+09,-3.85886e+07,3.14342e+08,-6.59363e+09,-9.91653e+08,-1.76597e+08,-9.2894e+08,0.00102486,0.000154771,-3.11595e-23
0,2.27399e+09,-1.05178e+06,3.40669e+08,3.27381e+08,-4.35623e+08,-1.1777e+08,-2.46248e+08,0.000912805,0.000136748,1.51855e-27
0,2.03658e+09,3.81877e+07,3.10852e+08,7.57948e+09,1.03915e+09,-4.76516e+08,-7.04316e+08,0.000917364,0.000140021,1.67674e-23
0,2.19404e+09,-1.25753e+07,3.27206e+08,-1.92316e+09,-1.10774e+09,-4.16616e+07,-5.81562e+08,0.00097138,0.000144866,-8.81748e-25
0,2.23851e+09,6.11408e+06,3.07155e+08,7.26428e+09,9.01889e+07,-2.4934e+08,-4.11147e+07,0.000967311,0.000132729,7.463e-25
0,1.97025e+09,-6.07877e+07,2.76428e+08,-7.2977e+09,1.30457e+08,6.54263e+08,-9.74783e+08,0.00102707,0.000144099,-5.43096e-23
0,2.22463e+09,1.58214e+07,3.28779e+08,-5.13248e+08,-5.10416e+08,-1.7962e+07,-4.70148e+08,0.000925216,0.000136738,-1.76078e-26
0,2.04855e+09,195572,3.17316e+08,-1.28288e+09,-9.44944e+08,9.8338e+07,-1.06361e+09,0.001021,0.000158152,-7.0747e-25
0,2.03086e+09,8.52496e+06,3.11458e+08,-5.48551e+09,-8.71543e+08,9.02334e+07,-6.18878e+08,0.00100225,0.000153708,-1.42992e-23
0,2.02982e+09,2.37219e+06,3.05598e+08,2.73795e+08,-2.95894e+08,-1.47921e+08,9.86395e+08,0.00106313,0.000160059,2.15343e-26
0,2.13221e+09,1.30678e+07,3.26557e+08,-3.39066e+09,-1.45137e+09,-6.29902e+08,-3.08595e+08,0.00092834,0.000142179,-1.27358e-25
0,2.07588e+09,-4.01699e+07,3.04642e+08,8.54014e+09,-1.29305e+09,9.18752e+07,-2.99337e+07,0.000936013,0.000137363,2.30476e-24
0,2.01885e+09,2.61356e+06,3.18482e+08,6.84518e+08,-5.50046e+08,4.28094e+07,-1.20028e+09,0.00103192,0.00016279,4.8739e-26
0,2.30792e+09,-3.34527e+06,3.4009e+08,-1.63628e+09,-6.01635e+08,-1.01585e+08,-2.52435e+08,0.000914298,0.000134729,-7.05456e-26
0,2.21254e+09,-1.24223e+07,3.22471e+08,8.60958e+09,-5.19552e+08,-9.27179e+07,1.54413e+07,0.000917242,0.000133685,1.42154e-25
0,2.07152e+09,-3.89745e+06,3.29614e+08,-2.98899e+09,9.9881e+06,-7.92833e+07,-8.45695e+08,0.000980528,0.000156018,-1.97195e-24
0,2.00181e+09,6.30801e+06,3.26115e+08,2.38082e+09,2.04895e+08,2.30811e+08,-9.65236e+08,0.000958652,0.000156174,1.17155e-24
0,2.01125e+09,6.47463e+07,3.13931e+08,7.6912e+09,6.42444e+08,-1.05435e+08,-9.15756e+08,0.000992716,0.00015495,4.72778e-23
0,2.13568e+09,4.83357e+07,3.26199e+08,4.94238e+09,7.27626e+08,-5.72844e+07,-4.29361e+08,0.000889025,0.000135788,2.40059e-24
0,2.12527e+09,1.59875e+07,3.13012e+08,-9.40331e+09,-2.16146e+09,-1.65162e+08,-4.08728e+08,0.00100529,0.000148061,-4.65735e-23
0,2.12326e+09,-4.67751e+07,3.21535e+08,-1.13267e+10,-3.52609e+08,-2.46871e+08,-7.04784e+08,0.000989778,0.000149887,-8.69939e-23
0,2.25657e+09,2.30471e+07,3.19739e+08,4.93675e+09,-1.40911e+09,-1.66829e+08,-5.84145e+08,0.000982556,0.000139221,7.95762e-24
0,2.04989e+09,-1.00164e+07,3.24162e+08,-1.13451e+09,-6.62413e+08,-1.51685e+08,-1.05836e+09,0.00103532,0.000163721,-3.60741e-25
0,2.30085e+09,1.33781e+07,3.19966e+08,-3.72907e+09,9.78332e+08,3.56159e+07,1.59658e+08,0.000940828,0.000130835,8.34317e-25
0,2.1113e+09,-4.69275e+07,3.0756e+08,8.62618e+09,-9.84726e+08,-1.26683e+08,2.7181e+08,0.000934723,0.000136164,-9.36734e-24
0,2.1001e+09,3.61798e+07,3.28683e+08,8.26845e+09,6.14344e+07,3.9279e+08,-7.60912e+08,0.000948115,0.000148388,3.21792e-23
0,2.22227e+09,1.12008e+07,3.19121e+08,4.67181e+09,-1.17265e+09,-2.3869e+08,-5.40314e+08,0.000948756,0.000136243,5.30234e-24
0,2.0869e+09,7.47586e+07,3.06091e+08,9.44644e+09,3.02353e+08,-2.2829e+08,-7.1913e+08,0.000939196,0.000137754,4.32312e-23
0,2.12562e+09,5.28337e+07,3.08858e+08,6.1673e+09,-4.91095e+08,1.3918e+07,-8.62775e+08,0.000970831,0.000141064,1.61369e-23
0,1.87232e+09,1.84708e+06,3.17188e+08,-1.69362e+09,4.70111e+08,1.06264e+08,-1.14484e+09,0.00099675,0.000168858,-6.12567e-25
0,2.14524e+09,-3.32946e+07,3.28005e+08,-7.47022e+09,-3.65549e+08,4.22546e+07,-5.23206e+08,0.000943352,0.000144238,-1.45908e-23
0,2.11902e+09,6.42219e+07,3.19707e+08,5.75003e+09,1.34633e+09,-3.098e+08,-4.7215e+08,0.000885747,0.000133637,1.99191e-24
0,2.07e+09,-5.52333e+07,3.21385e+08,-1.16622e+10,2.51033e+08,-2.59246e+08,-7.1093e+08,0.000953578,0.000148051,-9.54829e-23
0,1.82505e+09,3.96792e+07,2.96304e+08,-1.15796e+10,-1.00863e+09,5.21748e+08,-5.13116e+08,0.00107905,0.000175188,-2.95268e-22
0,2.15916e+09,2.02039e+06,3.14354e+08,-1.20047e+09,-1.86466e+09,-9.18424e+07,-8.25155e+08,0.00102414,0.000149106,-2.83162e-24
0,2.30598e+09,-8.5297e+06,3.31678e+08,2.55091e+09,4.16948e+08,-4.27197e+07,1.12469e+08,0.000921384,0.000132526,-1.10084e-25
0,2.0867e+09,3.85094e+07,3.30707e+08,3.03555e+09,5.72999e+08,2.1586e+08,-6.66897e+08,0.000936577,0.000148432,1.61953e-24
0,2.20277e+09,1.74737e+07,3.1535e+08,3.9111e+09,-1.81972e+09,1.08615e+08,-7.9631e+08,0.00101781,0.00014571,9.94988e-24
0,1.84026e+09,1.91262e+07,3.06889e+08,-5.8204e+07,1.24873e+09,-6.08704e+07,-1.29489e+09,0.000992816,0.000165566,-2.03008e-28
0,2.08518e+09,-2.71974e+07,3.22485e+08,-5.98968e+09,-5.8347e+08,-1.96172e+08,-5.75281e+08,0.000951524,0.000147159,-9.12536e-24
0,2.07766e+09,5.15083e+07,3.22188e+08,7.67325e+09,5.69786e+08,1.74526e+08,-5.22882e+08,0.000927598,0.000143845,1.80372e-23
0,1.72108e+09,2.6348e+07,2.97252e+08,-9.25498e+09,-1.20385e+09,1.88184e+08,-6.37122e+08,0.0010196,0.000176098,-1.79085e-22
0,2.21526e+09,-2.18551e+07,3.10628e+08,-2.01459e+09,-1.48922e+09,1.24856e+08,-7.07647e+08,0.000994451,0.000139444,-1.97619e-24
0,2.02624e+09,-1.3532e+07,2.66601e+08,8.92056e+08,-2.07013e+09,-2.83103e+08,2.17988e+08,0.000993591,0.000130731,8.89071e-25
0,2.19431e+09,-5.43751e+06,3.44407e+08,-2.58467e+09,-3.47039e+06,-2.34724e+08,-1.55252e+08,0.000907516,0.000142438,-1.24937e-25
0,2.2714e+09,-1.94668e+07,3.24625e+08,1.46347e+09,1.93059e+07,-2.1387e+08,1.12601e+08,0.000935806,0.000133744,-1.66073e-26
0,2.05456e+09,-1.23124e+07,3.22078e+08,-1.61966e+09,2.28088e+08,-4.00454e+08,-8.76186e+08,0.000958754,0.000150297,-2.67683e-25
0,2.11289e+09,-4.05168e+07,3.26691e+08,-6.50046e+09,2.15613e+08,-1.95203e+08,-5.67017e+08,0.000936881,0.000144859,-1.09816e-23
0,2.02661e+09,-2.0151e+07,3.21862e+08,-5.55359e+09,-2.0817e+08,-1.10474e+08,-1.06329e+09,0.00100159,0.000159071,-2.05212e-23
0,2.08371e+09,3.72891e+07,3.14684e+08,7.15035e+09,6.11219e+08,-3.22595e+08,-6.77783e+08,0.000922716,0.00013935,1.48948e-23
0,1.89674e+09,2.60928e+07,3.06333e+08,1.80155e+09,9.5804e+08,-3.48509e+08,-1.13056e+09,0.00101392,0.000163753,6.48737e-25
0,2.11112e+09,2.93511e+07,3.07275e+08,2.11771e+09,-1.00101e+09,-1.31688e+08,-8.07782e+08,0.000999292,0.000145448,1.53286e-24
0,2.17965e+09,575763,2.81993e+08,3.64116e+09,7.46405e+08,-2.23195e+08,5.39625e+08,0.00114432,0.000148047,-5.82638e-24
0,2.1581e+09,4.07632e+07,3.23562e+08,8.91801e+09,-1.00833e+08,1.14647e+08,-4.24651e+08,0.000953421,0.000142945,2.00379e-23
0,2.17515e+09,-3.63477e+06,3.23479e+08,-3.32377e+09,-1.36235e+09,3.03092e+08,-5.20707e+08,0.000963392,0.000143271,-3.51499e-24
0,2.2768e+09,1.71382e+07,3.24851e+08,-5.78368e+09,-6.41226e+08,-1.65748e+08,-2.45899e+07,0.000955532,0.000136334,1.6529e-25
0,1.93074e+09,2.60398e+06,2.99015e+08,4.56159e+08,-5.95566e+08,-3.62232e+07,-1.26263e+09,0.00101234,0.000156782,-3.28088e-26
0,2.20931e+09,1.30795e+07,3.36248e+08,3.36e+09,-7.62376e+08,2.13995e+08,-6.15345e+08,0.00101197,0.000154018,1.89718e-24
0,2.17878e+09,-8.55021e+06,3.30397e+08,-2.72687e+08,-7.94327e+08,-8.76084e+07,-7.57166e+08,0.000988543,0.000149906,-7.92764e-26
0,1.95896e+09,-1.4472e+07,3.14809e+08,-2.8147e+09,-4.85232e+08,1.16312e+08,-9.4179e+08,0.000993915,0.000159724,-2.95188e-24
0,2.2798e+09,9.56299e+06,3.23304e+08,2.36327e+09,1.1539e+09,2.93578e+08,1.3994e+08,0.000944927,0.000134002,-2.37721e-25
0,2.22288e+09,-4.14529e+07,3.15254e+08,7.37627e+09,5.19216e+08,-2.40071e+08,3.64147e+08,0.00095074,0.000134836,-9.63686e-24
0,2.05328e+09,-5.71028e+07,3.10615e+08,-2.94408e+09,-2.12637e+09,-2.1763e+08,-3.44794e+08,0.000963548,0.000145763,-6.69119e-24
0,1.98627e+09,5.15786e+07,3.16329e+08,-6.35853e+09,-1.64743e+09,-5.05424e+07,-4.35812e+08,0.000980266,0.000156115,-2.12828e-23
0,1.93307e+09,-3.68049e+07,3.27704e+08,-6.1302e+09,1.45967e+09,1.52774e+08,-5.46834e+08,0.000880262,0.000149226,-6.63318e-24
0,2.19661e+09,1.82575e+07,3.05134e+08,4.19139e+09,-2.30785e+09,1.03795e+08,-8.87678e+08,0.0010536,0.000146356,2.22265e-23
0,1.90408e+09,-3.43551e+06,3.16017e+08,3.38711e+09,2.26453e+09,2.91321e+08,-7.22851e+08,0.000894535,0.000148464,6.61399e-25
0,1.97885e+09,-2.61142e+07,3.11667e+08,-2.34443e+09,6.81005e+07,2.77081e+08,-1.01727e+09,0.0009878,0.000155578,-1.23668e-24
0,2.15996e+09,-3.40172e+07,3.18022e+08,-7.1609e+09,-1.19979e+09,-1.49468e+08,-7.66001e+08,0.00100107,0.000147392,-2.5612e-23
0,2.28726e+09,1.636e+07,3.24786e+08,-3.3099e+08,8.48314e+08,2.84083e+08,1.42308e+08,0.000941802,0.000133733,-9.5991e-27
0,1.95778e+09,-2.41545e+07,3.03037e+08,-5.73688e+09,1.3249e+09,-3.30727e+06,-8.50368e+08,0.000940529,0.00014558,-1.60148e-23
0,2.0179e+09,1.01008e+07,3.34178e+08,-7.63041e+08,-3.75299e+06,-7.16084e+07,-4.69289e+08,0.000950364,0.000157387,-1.14381e-26
0,1.89784e+09,4.6164e+07,3.12102e+08,5.32574e+09,6.55618e+08,-3.3018e+08,-1.04746e+09,0.000963723,0.000158485,1.86978e-23
0,1.85149e+09,2.67054e+07,3.05938e+08,-2.45692e+08,1.14081e+09,-5.29563e+08,-1.18578e+09,0.000968555,0.000160043,-7.9007e-26
0,2.14984e+09,6.6119e+06,2.95799e+08,-8.89808e+09,6.35911e+08,2.47846e+08,1.33052e+08,0.00099557,0.000136982,1.1468e-23
0,2.02636e+09,-2.86517e+07,3.03463e+08,-1.11514e+09,-8.06659e+07,-2.549e+08,-1.06092e+09,0.00101671,0.00015226,1.74616e-26
0,2.17496e+09,-2.20187e+07,3.37007e+08,-5.40902e+09,1.39745e+08,-2.64593e+08,-3.67023e+08,0.000896204,0.000138866,-2.90024e-24
0,1.962e+09,-3.51416e+07,3.24063e+08,-4.25144e+09,8.40275e+08,-2.23756e+08,-9.55079e+08,0.000943636,0.00015586,-8.63683e-24
0,1.9856e+09,6.90158e+07,3.02849e+08,6.06203e+08,-6.78767e+08,4.89449e+08,-8.32716e+08,0.00106381,0.000162256,2.53346e-25
0,1.86851e+09,-5.49456e+07,3.10815e+08,7.16131e+09,-7.37594e+08,3.74414e+08,-3.25334e+08,0.000909487,0.000151287,8.92432e-24
0,2.08063e+09,-4.18508e+07,3.15129e+08,-7.99274e+09,-2.20882e+08,-5.32561e+07,-8.90028e+08,0.000991122,0.000150114,-4.39276e-23
0,2.00629e+09,1.61938e+07,3.03569e+08,-1.68208e+09,-2.01695e+08,-6.70355e+08,-1.12828e+09,0.0010013,0.000151505,1.92285e-25
0,1.9876e+09,-201992,3.29805e+08,-3.87753e+09,2.78717e+08,7.4728e+07,-7.9665e+08,0.000956994,0.000158795,-4.56438e-24
0,2.02271e+09,-1.45622e+07,3.10167e+08,-8.5977e+08,-1.08996e+09,-1.6998e+07,-1.07203e+09,0.00105033,0.00016106,-8.07923e-25
0,2.15009e+09,6.92252e+06,3.15575e+08,1.56694e+09,-1.29056e+09,519011,-7.35168e+08,0.00098709,0.000144878,1.19927e-24
0,1.88999e+09,6.8404e+07,3.03817e+08,6.69068e+09,1.29628e+09,-8.0824e+08,-8.57921e+08,0.000943106,0.000151605,1.65855e-23
0,1.92385e+09,1.45964e+07,3.32499e+08,1.14064e+09,2.11427e+08,-1.91637e+07,-5.65249e+08,0.000937377,0.000162007,7.50547e-26
0,2.22738e+09,6.18682e+06,3.17034e+08,1.27028e+09,-1.65367e+09,-5.24371e+07,-6.18899e+08,0.000980922,0.000139619,1.18887e-24
0,1.85519e+09,-71235.9,2.93687e+08,4.07591e+09,1.21456e+09,5.10413e+08,-1.2e+09,0.000975891,0.000154489,1.87257e-23
0,2.13836e+09,-4.8529e+07,3.24114e+08,-1.03935e+10,9.79686e+07,-2.1273e+08,-6.08246e+08,0.000957897,0.00014519,-4.95601e-23
0,2.144e+09,3.49655e+07,3.10152e+08,4.0678e+09,-1.05005e+09,-1.12996e+06,-8.09644e+08,0.000989047,0.000143076,6.07491e-24
0,2.07253e+09,-2.76442e+07,3.08567e+08,-2.88413e+09,-1.10746e+09,5.00265e+07,-1.03495e+09,0.00104352,0.000155364,-5.307e-24
0,2.03319e+09,4.78653e+07,3.038e+08,7.81351e+09,4.22221e+07,-6.36486e+08,-8.42214e+08,0.000976153,0.000145857,3.93306e-23
0,2.27961e+09,9.75608e+06,3.29106e+08,-1.26891e+09,-1.94668e+08,1.02004e+08,9.63109e+07,0.000886139,0.000127931,3.78681e-27
0,1.98003e+09,2.66217e+07,3.23294e+08,3.28754e+09,1.11315e+09,-2.1872e+08,-7.0263e+08,0.000894892,0.000146116,1.22731e-24
0,2.12468e+09,4.88257e+07,3.2113e+08,8.6183e+09,7.71295e+07,1.3764e+08,-4.88395e+08,0.000907757,0.000137201,1.78738e-23
0,2.12411e+09,3.04362e+07,3.07307e+08,-5.11943e+09,-1.61931e+09,1.3438e+08,2.16813e+08,0.000931518,0.000134768,-1.34331e-24
0,2.25276e+09,-1.39317e+07,3.2455e+08,3.04624e+09,-1.8089e+09,-3.30239e+08,-1.71204e+08,0.000905895,0.00013051,2.18883e-24
0,1.92394e+09,2.9395e+07,3.28197e+08,3.39446e+09,4.21558e+08,3.48848e+08,-7.42468e+08,0.000946671,0.000161489,3.881e-24
0,2.08322e+09,-5.75424e+07,3.06037e+08,-1.00861e+10,-6.91669e+08,1.63479e+06,-8.82542e+08,0.00100939,0.000148286,-9.81094e-23
0,2.1185e+09,-4.62228e+07,3.25189e+08,-1.05743e+10,2.77013e+08,-1.42752e+08,-5.59906e+08,0.000933774,0.000143334,-4.48735e-23
0,2.04585e+09,3.31292e+07,3.03079e+08,6.46574e+09,-9.30151e+08,-4.39945e+08,-1.04984e+09,0.00103809,0.000153787,4.57893e-23
0,2.13003e+09,-2.66613e+06,3.32968e+08,-3.49063e+09,-1.38908e+08,-2.07148e+08,-6.47854e+08,0.000937061,0.000146482,-1.66927e-24
0,2.05381e+09,4.00464e+07,3.04632e+08,7.86488e+09,-4.9786e+08,-3.11561e+08,-8.55039e+08,0.000995485,0.000147655,4.72758e-23
0,1.92424e+09,-5.17671e+07,3.20404e+08,-5.2058e+09,1.46498e+09,6.86576e+07,-7.1882e+08,0.000915025,0.00015236,-8.07129e-24
0,2.24979e+09,2.56319e+06,3.26379e+08,2.64031e+09,-1.07489e+09,-1.32413e+08,-5.17463e+08,0.000958618,0.000139068,1.23515e-24
0,2.13848e+09,-1.77333e+07,3.21787e+08,-6.22849e+09,-1.3214e+09,-6.58651e+08,-7.00371e+08,0.000994059,0.000149581,-8.6321e-24
0,2.02211e+09,-7.90604e+07,3.04039e+08,-9.90384e+09,5.78499e+08,2.3008e+08,-8.89213e+08,0.000965863,0.000145225,-8.1863e-23
0,1.91915e+09,-1.79692e+07,3.05996e+08,-1.065e+09,7.14154e+08,7.50595e+08,-9.79048e+08,0.00095588,0.000152409,-2.73793e-27
0,1.85182e+09,1.56493e+07,3.08877e+08,2.30934e+09,8.68461e+08,-2.20639e+08,-1.13401e+09,0.000982337,0.00016385,1.79335e-24
0,1.9377e+09,2.97473e+07,3.07004e+08,1.29742e+10,1.76294e+09,4.49087e+08,-4.87104e+08,0.00100749,0.000159625,2.12683e-22
0,2.06121e+09,-2.81555e+07,3.16058e+08,-2.22878e+09,-6.28828e+08,3.50539e+08,-7.10951e+08,0.000982754,0.000150691,-1.05268e-24
0,2.10787e+09,3.42781e+07,3.24823e+08,7.17209e+09,1.1006e+08,1.54277e+08,-6.62171e+08,0.000941531,0.00014509,1.74066e-23
0,2.04435e+09,-3.10395e+07,2.82162e+08,6.10833e+09,-7.35335e+08,1.39811e+07,4.47908e+08,0.000969087,0.000133754,-9.79114e-24
0,1.90472e+09,-3.20769e+07,3.05774e+08,1.41769e+09,1.73024e+09,6.00585e+08,-1.15446e+09,0.000948656,0.000152293,1.28897e-24
0,2.22739e+09,-3.13782e+07,3.18391e+08,-5.6339e+09,-1.0887e+09,8.30277e+07,-5.69592e+08,0.000965103,0.000137955,-8.20457e-24
0,2.19743e+09,-1.52053e+06,3.43987e+08,3.29393e+08,8.9299e+07,-2.03007e+07,-1.86523e+08,0.000886511,0.000138775,2.13233e-28
0,2.02733e+09,4.56952e+07,3.1128e+08,5.65403e+09,-5.55339e+08,2.70816e+08,-1.22334e+09,0.00104129,0.000159882,2.90434e-23
0,1.87491e+09,4.21146e+07,2.88127e+08,-1.81084e+10,-1.33857e+09,-1.29523e+07,7.27291e+07,0.000992781,0.000152566,6.14515e-23
0,1.92131e+09,1.01114e+07,3.09515e+08,-3.94234e+09,-1.09655e+09,-2.38258e+08,-1.14669e+09,0.00104432,0.000168235,-1.52699e-23
0,2.11252e+09,-2.867e+07,3.33298e+08,-4.57362e+09,1.95829e+08,-3.90898e+08,-6.11943e+08,0.000924771,0.000145904,-3.98769e-24
0,2.08828e+09,-1.0319e+07,3.2983e+08,-3.78267e+09,-3.54006e+08,-6.99582e+08,-7.20726e+08,0.000976522,0.000154235,-1.82355e-24
0,2.15632e+09,-1.21528e+07,3.22762e+08,-3.53097e+09,-1.30863e+09,-1.55056e+08,-6.50722e+08,0.00101479,0.000151895,-4.54285e-24
0,2.05915e+09,5.53771e+07,3.19225e+08,5.8441e+09,9.56184e+08,-3.44621e+07,-6.99538e+08,0.000931419,0.000144395,1.02461e-23
0,2.19382e+09,4.84456e+07,3.02347e+08,-7.43226e+09,-7.11515e+08,2.15894e+08,1.28177e+08,0.00100263,0.000138181,1.97219e-24
0,1.97159e+09,1.38228e+07,3.08194e+08,3.6856e+09,-3.62281e+07,-2.34466e+08,-8.56968e+08,0.000956403,0.000149502,4.33863e-24
0,1.93789e+09,-2.82357e+07,3.12123e+08,6.74885e+08,6.31908e+08,7.14761e+08,-8.83498e+08,0.000963322,0.000155156,1.39826e-25
0,2.13533e+09,3.5531e+07,3.20822e+08,6.50207e+09,-2.71435e+08,1.56153e+08,-7.28229e+08,0.00095998,0.000144232,1.4186e-23
0,2.26635e+09,1.24169e+07,3.21033e+08,4.98194e+09,-1.62963e+09,1.39035e+08,-4.96203e+08,0.000973379,0.000137881,6.35215e-24
0,2.03654e+09,2.87583e+07,3.04662e+08,1.19781e+10,1.09221e+09,2.86323e+08,-5.82057e+08,0.00107496,0.000160812,1.85327e-22
0,1.86447e+09,2.96665e+07,3.14625e+08,-4.72009e+09,-9.6575e+08,-2.43091e+08,-8.1032e+08,0.000974289,0.00016441,-1.34159e-23
0,2.20312e+09,-380932,3.4458e+08,8.03619e+08,4.53973e+07,5.76793e+07,-1.26238e+08,0.000887556,0.000138818,2.93267e-27
0,2.14899e+09,4.99208e+07,3.19753e+08,7.98056e+09,-1.20975e+08,-6.21538e+07,-6.80376e+08,0.00094217,0.000140187,2.23479e-23
0,2.01828e+09,1.86603e+07,3.14435e+08,5.55405e+09,3.24e+08,3.37549e+08,-8.7703e+08,0.000941366,0.000146659,1.38826e-23
0,2.2954e+09,-2.05684e+06,3.2366e+08,3.3796e+09,-1.38744e+09,-2.57207e+08,-2.65011e+08,0.000929075,0.000131003,1.77014e-24
0,1.99521e+09,2.14868e+07,3.24119e+08,3.45504e+09,-7.1253e+08,4.21186e+08,-1.04108e+09,0.00106847,0.000173571,6.02299e-24
0,2.11137e+09,-2.63253e+07,2.89165e+08,5.37678e+09,9.00647e+08,8.34166e+06,4.22286e+08,0.00100134,0.000137139,-7.48598e-24
0,2.03218e+09,-6.13845e+07,3.10832e+08,-8.80685e+09,5.20402e+08,1.4084e+08,-8.97792e+08,0.000962509,0.00014722,-5.66189e-23
0,2.15235e+09,-1.21661e+07,3.23789e+08,-2.57864e+09,-1.2327e+09,7.0813e+06,-5.31789e+08,0.00094512,0.000142179,-1.61514e-24
0,1.97519e+09,2.904e+07,3.07583e+08,8.76416e+09,-4.96524e+08,-6.35154e+07,-8.11746e+08,0.000953318,0.000148454,5.82573e-23
0,1.95749e+09,3.26259e+07,2.95047e+08,8.65796e+09,9.4017e+08,-2.1344e+08,-8.87046e+08,0.000950926,0.00014333,5.75358e-23
0,2.19735e+09,4.08146e+07,3.24881e+08,-4.42239e+08,-1.10092e+09,3.57654e+08,7.33175e+07,0.000915782,0.000135399,8.90402e-27
0,2.10023e+09,-6.12675e+06,3.38748e+08,-2.0138e+09,3.29503e+08,1.51651e+08,-2.41303e+08,0.000925591,0.000149289,-9.35037e-26
0,2.15881e+09,-4.1314e+07,2.96412e+08,-5.51824e+09,-1.60409e+09,1.17112e+08,-9.14971e+08,0.00101986,0.000140031,-2.32211e-23
0,2.06316e+09,4.08474e+07,3.19965e+08,5.4648e+09,-7.99729e+07,3.97521e+08,-8.34739e+08,0.000971173,0.000150614,1.18031e-23
0,2.07301e+09,-4.95631e+07,3.18888e+08,-7.88491e+09,7.56071e+08,3.76548e+08,-5.75977e+08,0.000913275,0.000140488,-1.53898e-23
0,1.79214e+09,4.57038e+07,3.01714e+08,-6.84884e+09,-1.09122e+09,-9.12151e+06,-1.12428e+09,0.0010805,0.000181906,-1.26026e-22
0,2.10511e+09,-1.49437e+07,3.39528e+08,-3.00136e+09,1.68882e+08,-5.05074e+08,-4.1058e+08,0.000905243,0.000146004,-7.67681e-25
0,2.11022e+09,3.99728e+06,3.03545e+08,-1.21078e+09,-1.89284e+09,1.75753e+08,-9.07028e+08,0.00103608,0.000149035,-2.52062e-24
0,2.22219e+09,24562,3.44965e+08,1.1118e+09,-2.48478e+07,1.5373e+08,-5.94686e+07,0.000893311,0.000138675,2.44644e-27
0,2.16658e+09,2.53094e+06,3.13859e+08,2.42567e+09,-1.34874e+09,-6.6732e+07,-9.12127e+08,0.00103213,0.000149518,3.45931e-24
0,1.89679e+09,4.86981e+07,2.87224e+08,3.92832e+09,1.96958e+08,-4.59606e+08,-1.22373e+09,0.0010176,0.000154092,1.09673e-23
0,2.06712e+09,3.77629e+07,3.09742e+08,-3.23986e+08,-1.0627e+09,-9.15452e+07,8.63012e+07,0.000916755,0.000137369,-6.23754e-26
0,1.94174e+09,1.2598e+07,2.96698e+08,9.40087e+09,-1.86642e+09,-1.94869e+08,-6.94411e+08,0.000970382,0.000148274,1.05836e-22
0,2.12499e+09,6.34847e+07,3.14572e+08,-2.58864e+09,-7.13599e+08,-1.18978e+08,2.25337e+08,0.000876096,0.000129692,2.22513e-25
0,2.09119e+09,-9.00479e+06,3.27806e+08,-5.35738e+09,-3.6748e+08,-3.20528e+08,-6.73862e+08,0.000945326,0.000148185,-6.93217e-24
0,1.99623e+09,1.40287e+07,3.0401e+08,3.94673e+09,2.06327e+07,1.06017e+08,-1.11207e+09,0.000980452,0.000149315,7.19024e-24
0,2.20228e+09,4.48141e+07,3.06653e+08,-6.43825e+09,-2.31524e+08,2.48486e+08,2.13825e+08,0.000977154,0.000136062,3.45324e-24
0,2.14881e+09,-2.81074e+07,3.29066e+08,-5.60668e+09,-3.10431e+08,-2.29089e+08,-4.47094e+08,0.000965599,0.00014787,-5.26292e-24
0,2.06547e+09,-5.01786e+07,3.02072e+08,4.98869e+09,2.7721e+08,-2.2519e+06,1.01914e+09,0.000993623,0.000145316,-1.26425e-23
0,1.90041e+09,-1.8655e+07,3.09273e+08,-2.25295e+09,7.82263e+08,-2.22955e+08,-1.32054e+09,0.000998624,0.000162516,-2.53223e-24
0,2.27381e+09,1.7947e+07,3.3057e+08,-2.46591e+09,-5.55555e+08,1.26579e+08,-8.29311e+07,0.00092138,0.000133951,-1.45787e-25
0,2.08975e+09,-3.32041e+07,3.20377e+08,-7.75919e+09,1.19274e+08,1.23118e+08,-6.75769e+08,0.000946618,0.000145125,-2.37026e-23
0,1.95436e+09,-1.01397e+07,2.96532e+08,9.82846e+09,-2.51415e+09,2.6979e+07,-6.00482e+08,0.00101079,0.000153367,1.44252e-22
0,2.17328e+09,-4.04708e+06,3.10486e+08,2.49173e+09,-1.09711e+09,2.59417e+08,-7.60765e+08,0.000997696,0.000142536,1.64534e-24
0,1.80187e+09,-1.17297e+07,2.8692e+08,-1.40479e+08,-6.85724e+06,2.74753e+08,-1.70429e+09,0.00105127,0.000167398,1.86744e-25
0,2.1154e+09,-3.02912e+06,3.41014e+08,-2.49757e+09,2.75444e+08,5.13449e+06,-2.95039e+08,0.000880651,0.000141966,-2.28542e-25
0,2.21127e+09,-349932,3.44974e+08,9.56e+08,-4.71669e+07,1.67472e+08,-5.43574e+07,0.000897097,0.000139954,5.8631e-28
0,2.17944e+09,5.69005e+06,3.25653e+08,3.65967e+09,-1.4e+09,3.9562e+08,-6.41841e+08,0.00101946,0.000152328,3.83443e-24
0,2.02057e+09,1.14035e+07,3.23393e+08,2.3734e+09,3.75204e+07,4.62208e+08,-9.2595e+08,0.000987469,0.000158044,1.03591e-24
0,2.26503e+09,3.06203e+06,3.20511e+08,-1.75711e+09,-4.73484e+08,-7.44977e+07,-3.30834e+07,0.00092742,0.000131234,-1.20927e-26
0,2.02675e+09,7.44073e+06,3.2445e+08,3.07067e+09,7.5989e+07,1.65408e+08,-9.75739e+08,0.000978025,0.000156566,2.67497e-24
0,2.02374e+09,2.68469e+07,3.24521e+08,-7.94361e+08,4.02977e+08,9.30201e+06,-9.27427e+08,0.000979235,0.000157028,-8.71347e-27
0,2.12754e+09,2.83313e+07,3.21749e+08,1.36966e+09,-6.63997e+08,6.31818e+07,-7.53971e+08,0.000991523,0.000149948,3.07788e-25
0,1.96189e+09,-1.48346e+07,3.2132e+08,-6.5813e+09,8.31609e+08,1.95024e+07,-7.40216e+08,0.000920585,0.000150774,-1.89967e-23
0,2.29836e+09,1.99205e+07,3.31584e+08,-4.55616e+09,2.82803e+08,1.19486e+08,1.52551e+08,0.000907494,0.000130924,6.42296e-25
0,2.11423e+09,1.63228e+07,3.07807e+08,3.1994e+09,-1.20231e+09,-4.36887e+08,-8.26368e+08,0.00101139,0.000147247,5.21172e-24
0,2.09586e+09,-4.86353e+07,3.11824e+08,-1.21924e+10,-7.90132e+08,-2.39453e+07,-7.24349e+08,0.000985234,0.000146584,-1.21979e-22
0,2.10831e+09,4.12934e+07,3.18723e+08,-4.47478e+09,-6.81143e+08,3.41848e+08,-3.0311e+08,0.000979764,0.000148116,-3.68929e-24
0,2.11121e+09,-2.35186e+07,3.1718e+08,-4.19556e+09,-2.59246e+08,4.10222e+08,-6.64148e+08,0.000946541,0.000142205,-3.73268e-24
0,1.99104e+09,1.11011e+07,3.20344e+08,2.16406e+09,-5.42453e+08,4.97954e+08,-9.77743e+08,0.00101296,0.000162977,6.4895e-25
0,2.00803e+09,6.84722e+07,3.18948e+08,7.33346e+09,1.36532e+09,1.85464e+08,-6.42896e+08,0.000900466,0.000143027,2.05052e-23
0,2.10102e+09,1.49023e+07,3.30143e+08,2.3871e+09,-4.56155e+08,2.8951e+08,-8.21811e+08,0.000996378,0.000156566,8.44987e-25
0,2.13478e+09,-3.22917e+07,3.15566e+08,-5.30528e+09,-6.80858e+08,-6.07453e+07,-8.38093e+08,0.000998032,0.000147531,-1.14545e-23
0,2.22859e+09,-5.96061e+06,3.43438e+08,-2.72018e+09,-4.62665e+07,-3.62325e+08,-1.50131e+08,0.000892733,0.000137575,-9.75669e-26
0,2.0696e+09,-5.07359e+07,3.22191e+08,-4.63099e+09,1.31985e+09,1.70971e+08,-5.93638e+08,0.000909181,0.000141539,-2.4684e-24
0,2.13033e+09,3.25172e+07,2.99406e+08,4.88541e+09,-1.90346e+09,7.93222e+07,-9.88059e+08,0.00104491,0.000146856,2.53094e-23
0,1.95602e+09,5.21235e+07,3.13817e+08,1.3921e+10,1.09463e+09,1.16007e+08,-2.64051e+08,0.000933761,0.000149809,7.57092e-23
0,2.03854e+09,-3.49289e+07,3.17565e+08,-4.00123e+09,4.63807e+08,5.42837e+08,-6.91976e+08,0.000935226,0.00014569,-2.66387e-24
0,2.07911e+09,1.61805e+07,3.14526e+08,1.74452e+09,-7.68816e+08,2.93543e+08,-9.76958e+08,0.00102463,0.000155005,8.05718e-25
0,2.05075e+09,2.03066e+07,3.21659e+08,5.55028e+09,5.39763e+08,-8.0692e+07,-8.08904e+08,0.000931484,0.000146103,1.03288e-23
0,2.01328e+09,1.48715e+07,3.33824e+08,1.47658e+09,2.71269e+07,3.81279e+08,-7.25868e+08,0.000991409,0.000164386,1.52713e-25
0,2.22274e+09,-1.81066e+07,3.22256e+08,-5.15926e+09,-1.46667e+09,-1.33545e+08,-6.43146e+08,0.00100322,0.000145448,-9.50684e-24
0,2.17602e+09,-6.10186e+06,3.42769e+08,-2.20118e+09,9.5123e+07,-1.76488e+08,-2.02533e+08,0.000879365,0.000138519,-1.03051e-25
0,1.99602e+09,-1.2664e+07,3.22204e+08,-2.79611e+09,-4.82885e+08,-3.40795e+08,-1.15007e+09,0.00103319,0.000166781,-2.82623e-24
0,1.93144e+09,-1.01896e+07,2.81622e+08,-1.13912e+09,9.63417e+08,-5.70412e+07,-1.01815e+09,0.000997222,0.000145405,-2.52224e-25
0,1.88191e+09,1.75809e+06,2.82639e+08,6.25359e+09,5.59736e+08,5.00843e+07,-9.01731e+08,0.00110739,0.000166316,6.27452e-23
0,1.93375e+09,9.96532e+06,2.84552e+08,2.34197e+09,-1.29125e+09,3.77161e+08,-1.31946e+09,0.00107546,0.000158254,7.40759e-24
0,2.05434e+09,1.92107e+07,3.27263e+08,1.06959e+10,9.22369e+08,4.42126e+08,6.76338e+07,0.000963797,0.000153536,4.51102e-24
0,1.98507e+09,-9.06169e+06,3.21991e+08,3.39917e+09,3.84344e+08,3.52051e+08,-1.0172e+09,0.000997762,0.000161843,5.35046e-24
0,2.18554e+09,4.66527e+07,3.15059e+08,9.80886e+09,-3.75399e+08,-1.61054e+08,-4.78385e+08,0.000949379,0.000136859,2.90663e-23
0,1.89274e+09,4.36342e+07,2.97356e+08,-8.38445e+09,-4.35181e+08,-1.23857e+08,-8.82427e+08,0.00107949,0.000169591,-1.2266e-22
0,2.12221e+09,-5.42509e+06,3.01123e+08,-1.75837e+09,1.32393e+09,1.21035e+08,-3.90965e+08,0.000893141,0.000126729,1.80859e-25
0,2.04412e+09,-2.69834e+07,3.17616e+08,-3.07401e+09,-3.82386e+08,3.33758e+08,-9.69802e+08,0.00100172,0.000155647,-3.1957e-24
0,2.0543e+09,3.25021e+07,3.12938e+08,9.54886e+09,8.38125e+08,2.30805e+08,-7.8871e+08,0.000948006,0.000144413,6.20264e-23
0,2.06634e+09,-1.77508e+07,3.27713e+08,-4.46799e+09,-4.40863e+08,-3.61747e+08,-9.78527e+08,0.00103159,0.000163607,-9.22959e-24
0,1.93257e+09,6.6816e+06,3.18681e+08,6.11801e+08,6.45822e+08,-2.66703e+08,-1.05216e+09,0.000967798,0.00015959,-8.75304e-27
0,2.17298e+09,-2.10817e+07,3.1118e+08,-4.44125e+09,-1.66143e+09,-3.36554e+08,-6.81444e+08,0.00100652,0.000144137,-8.01055e-24
0,2.19735e+09,-741035,3.43499e+08,-1.48984e+09,5.26075e+07,1.07851e+08,-1.40655e+08,0.000881839,0.000137853,-1.76118e-26
0,2.0986e+09,2.12648e+07,2.99842e+08,1.48606e+10,1.84175e+09,1.81655e+08,-2.48861e+08,0.00103554,0.000147955,1.04451e-22
0,2.28055e+09,2.8144e+07,3.26522e+08,-2.6596e+09,3.50611e+07,3.5431e+08,1.36919e+08,0.000911015,0.000130436,1.07526e-25
0,1.90197e+09,3.28583e+07,3.1748e+08,3.20404e+08,6.63917e+08,-2.62633e+08,-1.18498e+09,0.000982884,0.000164065,-1.10524e-26
0,2.13578e+09,-2.501e+07,3.09908e+08,-5.67203e+09,-1.85739e+09,-2.71513e+07,-8.86009e+08,0.0010738,0.000155811,-3.58055e-23
0,1.8352e+09,2.71046e+07,2.74389e+08,4.19292e+09,8.24732e+08,-2.46437e+08,-1.63026e+09,0.00108539,0.000162281,2.92206e-23
0,2.00664e+09,-1.53356e+07,3.16355e+08,-3.55799e+09,-4.99811e+08,-2.77052e+08,-8.55825e+08,0.000972641,0.000153341,-3.575e-24
0,2.18652e+09,-1.29921e+06,3.44694e+08,1.19553e+09,1.12164e+07,9.61866e+07,-1.17655e+08,0.000905285,0.000142714,9.75257e-27
0,2.1026e+09,6.14771e+07,3.135e+08,9.31518e+09,1.50886e+08,-2.09371e+07,-8.41347e+08,0.000968316,0.000144377,5.58628e-23
0,2.27297e+09,3.46672e+06,3.20615e+08,3.34568e+09,-1.60087e+09,-2.23887e+08,-2.19063e+08,0.000939971,0.000132588,2.32553e-24
0,1.94835e+09,4.13857e+07,3.14041e+08,3.28264e+09,7.09607e+08,-3.97198e+08,-1.14577e+09,0.00100538,0.00016205,4.45049e-24
0,2.1096e+09,-4.9194e+07,3.22334e+08,-9.19388e+09,4.03051e+07,-2.80456e+08,-6.32103e+08,0.000944888,0.000144373,-3.53722e-23
0,2.08689e+09,-1.60532e+07,3.09155e+08,7.25468e+09,1.80763e+09,3.55391e+07,-3.24764e+08,0.000970765,0.000143811,6.18212e-24
0,2.00819e+09,-2.65209e+06,3.26895e+08,-2.81686e+09,-4.09643e+08,-1.77238e+08,-5.52563e+08,0.000928169,0.000151088,-9.40017e-25
0,2.21455e+09,-2.13698e+07,3.11068e+08,-7.3878e+09,-1.54491e+09,-1.51847e+08,-5.9147e+08,0.000991372,0.000139254,-2.05414e-23
0,1.97434e+09,7.55014e+06,3.25779e+08,-3.88701e+09,-7.6037e+08,-3.90185e+08,2.89637e+08,0.00098554,0.00016262,3.84155e-24
0,2.06378e+09,-2.22405e+07,3.33169e+08,-7.08074e+09,-3.11237e+08,-6.85822e+08,-7.87841e+08,0.00100704,0.000162572,-2.56765e-23
0,2.01604e+09,-3.07094e+06,3.11367e+08,2.6145e+09,-7.89214e+08,4.81581e+08,-1.19393e+09,0.0010302,0.000159109,2.28667e-24
0,2.0502e+09,-5.75958e+07,3.04857e+08,-8.72841e+09,-1.23246e+09,-1.51626e+08,-9.08748e+08,0.00103298,0.0001536,-8.10913e-23
0,2.05867e+09,1.7546e+07,3.04262e+08,3.81152e+09,5.10004e+08,2.39908e+07,-7.74688e+08,0.000946163,0.000139838,3.52297e-24
0,1.99143e+09,-2.11567e+07,3.10132e+08,-4.78961e+09,-2.94341e+08,1.09432e+08,-1.14063e+09,0.00101209,0.000157615,-1.64924e-23
0,2.27971e+09,2.50941e+07,3.30711e+08,-4.37301e+09,-1.30978e+08,1.86763e+08,1.21462e+08,0.000903955,0.000131134,3.45724e-25
0,1.96339e+09,1.94056e+07,3.27909e+08,2.43754e+09,4.0854e+08,-7.03602e+06,-7.98753e+08,0.000979831,0.000163643,1.35191e-24
0,2.32424e+09,1.17166e+07,3.2899e+08,2.61178e+09,-1.22758e+09,-1.01348e+08,-3.19567e+08,0.000930008,0.00013164,8.40209e-25
0,1.82956e+09,-4.01896e+07,2.88671e+08,-1.4982e+09,-5.1195e+08,8.60581e+08,-1.36391e+09,0.00108585,0.000171327,1.21389e-24
0,2.1022e+09,-1.77451e+07,3.33859e+08,-9.91067e+09,1.20142e+08,-6.54534e+08,-1.5844e+08,0.000932886,0.000148156,-1.22844e-23
0,2.29135e+09,2.38089e+07,3.30765e+08,-3.16619e+09,5.56033e+07,2.72527e+08,1.30792e+08,0.000886871,0.000128023,1.54318e-25
0,2.01697e+09,4.87859e+07,3.04169e+08,8.224e+09,-5.7713e+08,-1.50817e+08,-8.54287e+08,0.000987142,0.000148865,5.57378e-23
0,2.10244e+09,-5.09705e+07,3.21271e+08,-8.91473e+09,6.72554e+08,1.90879e+07,-5.94874e+08,0.000919558,0.000140516,-2.67807e-23
0,2.25137e+09,-2.0505e+07,3.25102e+08,2.59208e+09,-1.75933e+09,-3.12766e+08,-1.2419e+08,0.000902299,0.000130293,1.48938e-24
0,2.1007e+09,1.71434e+07,3.13689e+08,3.48436e+09,-1.08613e+09,2.52943e+08,-8.38156e+08,0.000998219,0.00014906,4.22733e-24
0,1.97811e+09,-4.24404e+07,3.16314e+08,-1.97723e+09,9.67108e+08,5.60168e+08,-9.85775e+08,0.000964197,0.000154182,-3.15511e-25
0,2.03758e+09,-3.4817e+07,3.30303e+08,-7.60264e+09,8.22574e+07,-6.62091e+08,-8.66946e+08,0.000979296,0.00015875,-3.87777e-23
0,1.91961e+09,4.53511e+07,3.07895e+08,8.9689e+09,1.09445e+09,2.20769e+08,-1.0931e+09,0.000948327,0.000152106,9.98571e-23
0,2.07372e+09,-3.32466e+07,3.08738e+08,-9.30885e+09,-7.54164e+08,-2.05138e+06,-5.98347e+08,0.000965161,0.000143695,-4.34841e-23
0,1.83677e+09,-1.89807e+07,2.93268e+08,3.73108e+09,1.76585e+09,-6.41729e+07,-7.17005e+08,0.00112124,0.000179023,5.28027e-24
0,1.94598e+09,-3.03478e+07,2.9071e+08,6.00141e+08,-8.0185e+08,-2.21509e+08,-6.93478e+08,0.0010015,0.000149614,3.03405e-26
0,1.85174e+09,-5.0627e+07,2.86879e+08,-9.24678e+08,1.10042e+08,1.01745e+09,-1.38296e+09,0.00107431,0.000166436,4.79866e-25
0,1.99768e+09,2.14825e+07,3.12329e+08,-2.20242e+09,2.70018e+08,-3.62017e+08,-1.24622e+09,0.00100968,0.000157859,-1.32146e-24
0,2.18829e+09,6.05325e+06,3.2762e+08,1.367e+09,-1.18461e+09,1.38403e+08,-6.54204e+08,0.000986572,0.000147704,7.51875e-25
0,2.13676e+09,1.90967e+07,3.13406e+08,3.84925e+09,-1.06245e+09,3.45159e+08,-6.81766e+08,0.000977066,0.00014331,3.10117e-24
0,1.96454e+09,-9.94035e+07,3.01993e+08,-9.34958e+09,-5.34393e+08,-1.23924e+08,-6.45031e+08,0.000988445,0.000151945,-6.64046e-23
0,2.17981e+09,2.4179e+07,3.24567e+08,5.56387e+09,-7.95123e+08,3.71779e+08,-6.06347e+08,0.000952219,0.000141783,5.35909e-24
0,2.04955e+09,-2.82024e+07,3.34667e+08,-7.80313e+09,1.96851e+08,-5.17235e+08,-6.73356e+08,0.000957248,0.000156307,-2.97547e-23
0,1.82814e+09,-3.06731e+06,3.10472e+08,-4.13741e+09,-1.11306e+08,-3.90603e+08,-1.05622e+09,0.000981739,0.000166728,-1.16983e-23
0,1.99151e+09,-4.55668e+07,2.80307e+08,-4.31322e+09,-1.08331e+09,-1.30677e+08,-1.4019e+09,0.00109711,0.00015442,-2.57314e-23
0,2.15413e+09,-9.87901e+06,3.32894e+08,4.25244e+08,1.27241e+07,3.49095e+06,-5.63035e+08,0.000922932,0.000142628,-1.8777e-27
0,2.11537e+09,-1.33226e+07,3.33773e+08,-5.16366e+08,5.57478e+08,-3.0556e+07,-4.91312e+08,0.000922185,0.000145507,-4.93381e-27
0,2.06253e+09,-2.01044e+06,3.3598e+08,4.92805e+08,-2.92042e+08,-5.00161e+08,-5.40967e+08,0.00099955,0.000162824,-3.09293e-26
0,2.07717e+09,2.91666e+06,3.22247e+08,4.69504e+08,-6.73564e+08,-6.13723e+08,-8.77689e+08,0.00102565,0.000159117,-2.81439e-25
0,2.03458e+09,4.64038e+07,3.28833e+08,5.98856e+09,1.21361e+09,2.27671e+08,-6.52925e+08,0.000910712,0.000147191,1.19009e-23
0,1.87902e+09,4.97714e+07,3.04458e+08,4.81439e+09,9.58862e+08,-4.97693e+08,-1.21144e+09,0.000990061,0.00016042,1.68297e-23
0,2.17186e+09,1.62996e+07,3.25699e+08,4.28664e+09,-9.25863e+08,4.58519e+08,-6.23891e+08,0.000967906,0.000145151,2.4161e-24
0,2.06205e+09,5.40048e+07,3.04363e+08,9.66131e+09,-1.33406e+08,-2.92793e+08,-8.50917e+08,0.000972656,0.000143566,7.19192e-23
0,2.12926e+09,4.39481e+07,2.9265e+08,-8.70381e+09,-8.2765e+07,-7.95511e+07,2.98756e+08,0.0010118,0.000139064,1.92161e-23
0,1.91955e+09,-9.01097e+07,3.06826e+08,-7.24203e+09,1.58365e+06,4.25409e+07,-4.9147e+08,0.000960813,0.000153579,-2.33487e-23
0,2.13708e+09,-6.48122e+06,3.35393e+08,-3.40529e+08,1.87471e+08,-1.62811e+08,-4.94146e+08,0.00091956,0.000144316,6.71487e-28
0,2.00658e+09,-4.17947e+07,3.11237e+08,-3.71617e+09,-3.47232e+08,2.93702e+08,-1.25296e+09,0.0010215,0.000158442,-8.29407e-24
0,2.26553e+09,3.0235e+07,3.29755e+08,-4.75412e+09,-2.65565e+08,2.24543e+08,1.56282e+08,0.000896305,0.00013046,5.03093e-25
0,1.97624e+09,7.27508e+06,3.02487e+08,1.94922e+09,7.29261e+06,4.1807e+08,-1.12195e+09,0.000999864,0.000153041,5.68336e-25
0,2.27595e+09,-8.77495e+06,3.08508e+08,3.30028e+08,1.12671e+09,-2.38125e+08,2.21946e+08,0.000954319,0.000129359,1.22478e-26
0,2.18346e+09,3.48538e+07,3.12606e+08,5.21237e+09,-1.37144e+09,-734689,-7.87211e+08,0.00099002,0.000141741,1.21922e-23
0,2.2019e+09,435176,3.44403e+08,3.23878e+08,-3.19027e+07,1.03724e+08,-1.67849e+08,0.000917185,0.000143458,4.06134e-29
0,1.99234e+09,-3.61284e+07,3.14859e+08,2.99503e+08,1.49252e+08,3.58509e+08,-7.18469e+08,0.000945056,0.000149352,-2.02753e-26
0,2.0109e+09,-9.79809e+06,3.19425e+08,9.06221e+09,-1.53223e+09,2.35263e+08,-3.7246e+08,0.000916239,0.000145542,2.16463e-23
0,2.111e+09,-1.98227e+07,3.26653e+08,-2.94452e+09,-6.22003e+08,-8.82839e+07,-7.21049e+08,0.00097553,0.000150952,-1.67897e-24
0,1.82555e+09,-6.19161e+07,3.09203e+08,-4.8152e+09,1.45643e+09,-2.6507e+08,-5.46134e+08,0.000931078,0.000157701,-1.04263e-23
0,2.12425e+09,-1.8661e+07,3.32478e+08,-3.39173e+09,-2.65444e+08,-1.10398e+08,-7.18828e+08,0.000972029,0.000152138,-2.11416e-24
0,1.90783e+09,368453,2.99459e+08,3.8065e+09,-7.92031e+08,-2.54646e+08,-8.29111e+08,0.00106954,0.000167878,1.30097e-23
0,2.12156e+09,-1.57354e+07,3.02913e+08,-2.00289e+09,-2.02674e+09,-6.50286e+08,-3.55657e+08,0.00105072,0.00015002,-4.57718e-24
0,1.8932e+09,-5.38828e+07,3.02834e+08,-4.28699e+09,4.45373e+07,5.66625e+08,-1.35299e+09,0.00105534,0.000168811,-1.93773e-23
0,2.19887e+09,-1.7385e+07,3.17664e+08,-6.41085e+09,-1.72218e+09,-4.41341e+08,-8.71119e+08,0.00101702,0.000146925,-2.07705e-23
0,1.95051e+09,6.4216e+07,3.19967e+08,8.79362e+09,1.74383e+09,-7.89354e+07,-7.66895e+08,0.000903032,0.000148135,3.86845e-23
0,1.83371e+09,5.39909e+07,3.03569e+08,3.60346e+09,1.30372e+09,-8.40762e+08,-1.3095e+09,0.00100087,0.000165692,5.37198e-24
0,2.0019e+09,5.48571e+07,3.17233e+08,6.09084e+09,1.52003e+09,-3.33022e+08,-7.45653e+08,0.000921256,0.000145988,8.56693e-24
0,2.15425e+09,-7.27663e+06,3.3006e+08,-2.61257e+09,-4.31244e+08,-1.9781e+08,-6.72677e+08,0.000977753,0.000149805,-8.223e-25
0,2.16988e+09,1.71216e+07,3.36247e+08,2.53604e+09,-2.58522e+07,1.77666e+08,-4.82071e+08,0.000933365,0.000144635,4.33656e-25
0,2.16284e+09,-2.03612e+07,3.2443e+08,-5.99177e+09,-9.54473e+08,-2.58152e+08,-8.0338e+08,0.000987202,0.000148082,-1.31312e-23
0,2.05098e+09,6.335e+07,3.16247e+08,8.996e+09,5.92252e+08,-4.1812e+07,-8.41917e+08,0.000976773,0.000150611,5.93684e-23
0,1.93594e+09,-1.92501e+07,3.20774e+08,-5.5289e+08,7.6551e+08,5.79422e+07,-9.21387e+08,0.000957058,0.000158579,-1.04698e-26
0,1.93048e+09,-3.46764e+07,2.97035e+08,-6.14855e+09,-7.7505e+08,8.62259e+07,-1.2807e+09,0.00104868,0.000161357,-5.88527e-23
0,2.10622e+09,1.49577e+07,3.06329e+08,7.63856e+09,-1.04691e+09,1.13818e+08,-8.89783e+08,0.000991852,0.000144255,3.80411e-23
0,2.14566e+09,1.49611e+07,3.26508e+08,5.85053e+09,-1.10669e+08,1.95145e+08,-3.53156e+07,0.00104778,0.000159442,5.22545e-25
0,2.26604e+09,1.43515e+07,3.15644e+08,-4.32403e+09,5.48146e+08,7.02669e+06,1.8559e+08,0.000927226,0.000129156,7.95306e-25
0,2.04844e+09,7.44989e+07,3.12617e+08,1.10843e+10,9.16828e+08,-2.98433e+08,-7.66998e+08,0.000944653,0.000144165,7.89368e-23
0,2.13667e+09,-656201,3.11819e+08,-7.18979e+09,-1.68249e+09,-6.65164e+08,-1.94108e+08,0.00104772,0.000152901,5.08784e-24
0,2.10893e+09,2.94483e+06,3.09867e+08,7.96388e+08,-1.51239e+09,-4.32536e+08,-9.70831e+08,0.00105081,0.000154396,-1.89369e-25
0,1.97753e+09,-2.37068e+07,3.29602e+08,-3.38474e+09,3.22843e+08,1.33949e+08,-8.90795e+08,0.00100138,0.000166904,-4.17892e-24
0,2.17633e+09,2.59607e+07,2.8848e+08,3.41083e+09,-4.31719e+08,-1.89851e+07,1.05081e+08,0.000994656,0.000131845,-2.82088e-25
0,2.04103e+09,-1.75655e+07,3.26081e+08,-6.42171e+09,-1.33123e+08,-2.53589e+08,-8.39638e+08,0.000959513,0.000153295,-1.9599e-23
0,2.14593e+09,-1.65114e+07,3.18827e+08,-1.97513e+09,-6.12044e+08,2.63309e+08,-8.11828e+08,0.000981752,0.000145862,-6.44445e-25
0,2.14907e+09,-2.83809e+07,3.15345e+08,-5.85454e+09,-1.63407e+09,-1.08647e+08,-9.87253e+08,0.00105561,0.000154896,-3.13823e-23
0,2.10101e+09,3.72045e+07,3.27152e+08,8.64202e+09,1.39441e+08,9.40354e+07,-4.13411e+08,0.00102402,0.000159452,2.96254e-23
0,2.22261e+09,-1.8638e+07,3.2313e+08,4.06938e+09,-1.89899e+09,-2.32544e+08,-1.19424e+08,0.000908247,0.000132044,3.78592e-24
0,2.15029e+09,2.05487e+07,2.81865e+08,5.41151e+09,2.0103e+09,5.18046e+08,3.76338e+08,0.00109339,0.000143324,-1.06295e-23
0,2.21208e+09,-8.22679e+06,3.27608e+08,-3.66541e+09,-1.28989e+09,-2.05203e+08,-6.14476e+08,0.00100923,0.000149467,-3.72213e-24
0,2.13565e+09,8.01556e+06,3.02907e+08,-1.94536e+08,-1.90202e+09,1.65098e+08,-9.26188e+08,0.0010293,0.000145989,3.17881e-25
0,2.18277e+09,2.76086e+07,3.06649e+08,-4.79119e+09,-7.24809e+08,1.91276e+08,1.94242e+08,0.000931755,0.000130899,5.87543e-25
0,2.31914e+09,1.30736e+07,3.31863e+08,-2.2082e+09,6.75798e+08,1.41603e+08,1.6962e+08,0.000900939,0.000128922,1.66029e-25
0,2.04478e+09,-1.32478e+07,3.15454e+08,-2.30435e+09,5.2128e+08,3.59061e+08,-9.05323e+08,0.00094243,0.000145391,-6.36448e-25
0,2.17071e+09,-8.968e+06,3.34996e+08,-1.8289e+09,-1.08707e+08,-2.29726e+08,-5.14564e+08,0.000919703,0.000141933,-1.35811e-25
0,2.16975e+09,-152111,3.44837e+08,-2.18932e+07,1.74858e+07,7.73596e+06,-9.91858e+07,0.000914541,0.000145348,8.63924e-31
0,2.17308e+09,-4.1884e+06,3.13781e+08,-2.60628e+09,-1.76927e+09,-3.75405e+08,-8.48878e+08,0.00105729,0.000152667,-6.32509e-24
0,2.21047e+09,6.88051e+06,2.98853e+08,-3.68873e+09,-2.32167e+08,-1.98157e+08,1.15531e+08,0.000996797,0.000134766,5.81857e-25
0,2.15555e+09,5.82512e+07,3.13472e+08,1.09187e+10,-4.20146e+08,-2.35704e+08,-7.34231e+08,0.000992435,0.000144325,8.18816e-23
0,2.12498e+09,-2.36998e+07,3.3888e+08,-3.97176e+09,3.88597e+08,-4.99954e+08,-4.22583e+08,0.000930056,0.00014832,-2.36163e-24
0,1.92394e+09,-2.44599e+07,3.27143e+08,-2.90749e+09,6.32191e+08,6.81463e+07,-9.97803e+08,0.000984525,0.000167407,-3.16941e-24
0,1.79816e+09,3.47864e+06,2.87989e+08,-8.3566e+09,-1.22342e+09,3.86409e+08,-8.83833e+08,0.00104646,0.000167598,-1.74722e-22
0,2.26989e+09,1.73368e+07,3.21517e+08,-2.1421e+09,2.33215e+08,1.30041e+08,1.61488e+08,0.000892951,0.000126482,7.6366e-26
0,1.66544e+09,-4.41388e+07,2.84733e+08,5.37202e+09,-3.62881e+08,-8.8083e+07,-5.60553e+08,0.00107376,0.000183576,4.01871e-23
0,2.10085e+09,-526900,3.39357e+08,-1.09914e+09,-1.6429e+08,-1.65474e+08,-2.94748e+08,0.000980368,0.000158362,-2.2722e-26
0,2.0014e+09,-1.60473e+07,3.06146e+08,2.00389e+09,4.48956e+08,6.27662e+08,-1.03561e+09,0.000978334,0.000149652,1.07159e-24
0,1.89133e+09,-2.36828e+07,3.06885e+08,-2.32332e+09,6.40951e+08,3.36445e+08,-1.43937e+09,0.00101951,0.000165424,-1.97574e-24
0,1.99829e+09,-4.03223e+07,3.16757e+08,4.44662e+09,-4.265e+08,3.73111e+08,-4.24347e+08,0.00097333,0.000154286,2.97325e-24
0,2.23157e+09,2.69979e+07,3.25783e+08,3.38035e+09,-7.89565e+08,-2.65678e+08,-5.83598e+08,0.00099581,0.000145376,2.36465e-24
0,2.08032e+09,-2.56237e+07,3.0074e+08,1.48465e+10,-2.5866e+07,-6.16051e+07,6.43535e+07,0.000974311,0.00014085,-1.88865e-23
0,2.30078e+09,-1.23193e+07,3.32533e+08,-2.83188e+07,-2.04109e+08,2.48866e+08,-1.65328e+08,0.000890076,0.000128643,2.84789e-28
0,2.098e+09,-1.11911e+07,3.16565e+08,-1.68716e+09,-4.27772e+08,-7.84814e+07,-9.49874e+08,0.00097716,0.000147442,-3.60013e-25
0,2.07956e+09,-2.03924e+07,3.35046e+08,-5.5101e+09,7.37553e+07,-5.30415e+08,-5.87289e+08,0.000925476,0.000149107,-6.87996e-24
0,2.00903e+09,7.47451e+07,3.00686e+08,1.17759e+10,9.21811e+08,-2.54229e+08,-8.82985e+08,0.000950629,0.000142278,1.27762e-22
0,1.9248e+09,-1.47677e+07,3.08934e+08,-2.10423e+09,4.60554e+08,1.7127e+08,-1.22275e+09,0.00100515,0.000161328,-1.21337e-24
0,2.15886e+09,5.18332e+07,3.1427e+08,9.24627e+09,3.87635e+08,-1.791e+08,-5.15919e+08,0.000928534,0.000135169,2.29647e-23
0,1.86902e+09,-1.74373e+07,3.31741e+08,-5.72965e+08,8.73425e+08,1.39864e+08,-8.66649e+08,0.000969055,0.000172002,-1.04647e-26
0,2.05559e+09,1.68235e+07,3.06685e+08,9.4353e+09,5.1398e+08,-1.23842e+07,-5.99856e+08,0.00105535,0.000157454,7.1633e-23
0,2.01411e+09,1.91815e+07,3.13071e+08,1.62039e+09,-1.27625e+09,-6.14785e+08,-1.11134e+09,0.00105821,0.000164487,8.77106e-25
0,2.19849e+09,-5.8319e+06,3.38114e+08,-2.48887e+09,-3.58233e+08,-3.26459e+08,-4.09908e+08,0.000940719,0.000144676,-2.20402e-25
0,2.03673e+09,-3.13456e+07,3.19784e+08,4.23706e+09,8.73817e+07,3.48135e+08,-3.66867e+08,0.000988972,0.000155277,3.13577e-24
0,2.04708e+09,6.72383e+07,3.13789e+08,-1.24187e+10,-1.54432e+09,-1.39909e+07,4.64143e+08,0.000939758,0.000144052,6.91146e-23
0,2.05118e+09,1.78801e+07,3.04922e+08,1.58834e+09,-9.85051e+08,-2.3335e+08,-1.11573e+09,0.00102241,0.000151988,1.03645e-24
0,1.96351e+09,-5.08946e+07,3.10777e+08,-8.65198e+09,4.87616e+08,1.51739e+08,-1.07456e+09,0.000973982,0.000154159,-8.08763e-23
0,2.23888e+09,1.68477e+07,3.27275e+08,1.58405e+08,-1.04662e+09,-3.74696e+08,-5.36667e+08,0.00100181,0.000146443,-1.61682e-25
0,2.15014e+09,-3.79118e+07,3.33e+08,-3.59681e+09,-1.15155e+09,-4.16813e+08,-1.89653e+08,0.00091972,0.000142441,-8.64955e-26
0,2.18161e+09,3.54229e+07,3.24058e+08,-5.06272e+09,-1.17802e+09,1.03783e+08,1.77839e+08,0.000889691,0.000132155,7.05196e-26
0,2.06397e+09,-4.54771e+07,3.11144e+08,-8.87729e+09,-6.18657e+08,-2.78886e+08,-8.92505e+08,0.000998111,0.000150465,-6.2126e-23
0,2.1582e+09,835119,3.44356e+08,1.77283e+07,2.79478e+07,1.36834e+07,-1.81471e+08,0.000913125,0.000145695,-6.87747e-30
0,2.07328e+09,-7.24692e+06,3.35451e+08,-2.78093e+09,-2.4452e+08,3.41312e+07,-5.74458e+07,0.00090869,0.000147024,-9.90416e-26
0,2.09447e+09,-4.36535e+07,3.20773e+08,-8.29614e+09,2.03654e+08,1.85181e+07,-7.13242e+08,0.000935615,0.000143292,-2.8749e-23
0,2.14036e+09,3.8428e+07,3.18016e+08,5.82191e+09,-6.00507e+08,2.77109e+08,-7.67768e+08,0.000959571,0.000142574,9.96336e-24
0,2.14576e+09,-3.7288e+07,3.33099e+08,-3.60567e+09,-5.12089e+08,-4.75187e+08,-1.77805e+08,0.000915528,0.000142123,1.41107e-25
0,2.1811e+09,-4.0099e+07,3.17397e+08,-9.74836e+09,-1.07362e+09,-1.73461e+08,-7.89055e+08,0.00100767,0.000146637,-6.08822e-23
0,2.06137e+09,-1.32402e+07,3.28914e+08,-1.03047e+09,5.8721e+08,2.14516e+08,-6.98612e+08,0.00094326,0.000150507,-3.27402e-26
0,1.88385e+09,-4.44548e+07,3.1053e+08,-5.38112e+09,3.25599e+08,3.48801e+08,-9.80716e+08,0.000973213,0.000160423,-2.04176e-23
0,2.12123e+09,-2.12659e+07,3.30326e+08,4.36139e+08,4.48258e+08,2.21373e+08,-5.89596e+08,0.000947179,0.000147498,7.67701e-27
0,1.94013e+09,-4.22251e+07,3.12387e+08,-8.15894e+09,8.14477e+07,-1.66875e+07,-8.61119e+08,0.000963702,0.000155169,-5.59869e-23
0,2.05273e+09,3.45015e+07,3.01741e+08,8.57536e+09,-6.96376e+08,1.83086e+08,-1.07089e+09,0.00100162,0.000147233,7.24526e-23
0,2.12941e+09,4.87415e+07,2.58682e+08,1.33969e+09,9.80809e+08,5.95137e+08,5.03647e+08,0.00109873,0.000133474,-2.76372e-25
0,2.30393e+09,1.56688e+07,3.3585e+08,-1.17412e+09,1.63433e+07,2.04987e+08,6.41309e+07,0.00089671,0.000130716,3.73506e-27
0,2.3252e+09,1.01108e+07,3.30849e+08,1.61716e+09,-8.93591e+08,-3.87363e+07,-2.32128e+08,0.00091486,0.000130174,1.61955e-25
0,1.92044e+09,-3.42782e+07,3.13843e+08,-3.95276e+09,-1.56746e+08,7.70416e+07,-1.02818e+09,0.00100082,0.000163556,-9.21849e-24
0,1.9573e+09,-7.4774e+06,3.23681e+08,-1.80262e+09,8.0178e+07,1.46936e+08,-1.1383e+09,0.00100953,0.000166946,-5.64099e-25
0,1.95035e+09,-7.18975e+07,3.07154e+08,-6.00444e+09,2.12866e+09,7.67178e+08,-1.33626e+08,0.000898526,0.000141506,1.59542e-23
0,2.16916e+09,-8.16831e+06,3.2379e+08,-5.71826e+09,-1.18654e+09,-4.71429e+08,-6.49952e+08,0.000975009,0.00014554,-6.86306e-24
0,2.10053e+09,-7.98388e+06,3.19516e+08,-3.63181e+09,-1.64156e+09,-4.27032e+08,-9.34372e+08,0.00104292,0.00015864,-9.49428e-24
0,2.05991e+09,-3.38421e+07,3.20085e+08,2.19309e+09,1.3882e+09,9.34128e+07,-3.52016e+08,0.000997738,0.000155036,-2.19454e-25
0,1.84006e+09,2.82849e+07,2.85572e+08,9.781e+09,1.86515e+09,7.60249e+07,-1.06535e+09,0.000954671,0.000148162,1.51538e-22
0,1.93013e+09,-2.38318e+07,2.79207e+08,2.3982e+07,2.01207e+09,1.17157e+08,-9.32899e+08,0.000955629,0.000138239,-1.1328e-25
0,1.90278e+09,-1.32854e+07,3.08359e+08,2.7894e+09,2.96946e+08,1.71455e+08,-1.34605e+09,0.000982387,0.000159203,3.53404e-24
0,2.09449e+09,-5.39255e+07,3.20368e+08,-1.18959e+10,-1.20586e+07,-3.42758e+08,-7.53954e+08,0.000968954,0.000148209,-1.06715e-22
0,2.29594e+09,2.08793e+07,3.32656e+08,-4.46643e+09,2.13592e+08,1.29401e+08,1.55946e+08,0.000899824,0.000130374,5.76039e-25
0,1.87573e+09,-2.19532e+07,3.26139e+08,-4.30135e+09,1.41771e+09,3.94546e+08,-7.77662e+08,0.000938724,0.000163219,-3.6579e-24
0,2.07618e+09,-1.96085e+07,3.22348e+08,-1.52137e+08,1.73376e+08,3.36458e+08,-8.81909e+08,0.00099259,0.00015411,-1.27767e-27
0,1.95581e+09,-7.97184e+06,3.21462e+08,1.68501e+09,4.82616e+08,3.09379e+08,-9.42866e+08,0.000995921,0.000163692,6.85352e-25
0,2.15334e+09,984904,3.44783e+08,4.23294e+08,1.53702e+07,5.83941e+07,-1.08411e+08,0.000914015,0.000146348,4.29966e-28
0,1.92945e+09,-1.20888e+07,3.18547e+08,-1.43896e+09,3.59825e+08,5.99928e+07,-1.27394e+09,0.00100408,0.000165771,-2.00048e-25
0,2.12994e+09,-1.41363e+07,3.37739e+08,-3.27709e+09,-7.37661e+07,-9.46106e+07,-3.89898e+08,0.000901542,0.000142955,-7.21838e-25
0,2.04758e+09,2.05848e+07,2.53741e+08,-2.77765e+09,-2.22878e+08,2.81872e+08,6.17622e+08,0.00109294,0.000135439,1.94975e-24
0,1.99645e+09,1.28154e+06,3.1134e+08,-4.8977e+09,-1.04003e+09,-1.5863e+08,-1.09672e+09,0.00102005,0.000159074,-1.95026e-23
0,2.1314e+09,-1.15097e+07,3.17117e+08,-4.3139e+09,-1.51389e+09,-1.87792e+08,-8.4622e+08,0.00102645,0.000152718,-1.11307e-23
0,2.27123e+09,2.53674e+07,3.32156e+08,-3.47601e+09,-5.30872e+08,2.12998e+08,4.50279e+07,0.000894548,0.000130823,-9.73996e-26
0,2.17377e+09,1.68044e+07,3.2548e+08,7.08281e+09,9.95687e+08,5.76221e+08,-2.38758e+08,0.000958671,0.000143543,1.16109e-23
0,2.15045e+09,6.39502e+06,3.3986e+08,1.25637e+09,6.45843e+07,1.7768e+08,-3.70812e+08,0.000906932,0.000143333,3.71316e-26
0,2.03145e+09,-1.45171e+07,3.02268e+08,-3.04545e+09,-1.33421e+09,1.03228e+08,-1.07708e+09,0.00102321,0.000152248,-7.73826e-24
0,2.07054e+09,2.6929e+07,2.94303e+08,1.8716e+09,-1.7821e+09,2.74667e+08,-1.09192e+09,0.00106689,0.000151646,7.29883e-24
0,2.10678e+09,-802364,3.39187e+08,-2.34615e+09,-5.17225e+07,-1.13902e+08,-4.6933e+08,0.000944173,0.00015201,-4.10852e-25
0,2.13185e+09,2.93937e+07,3.00913e+08,-5.13013e+09,-7.20507e+08,-2.32549e+07,2.9995e+08,0.000950816,0.000134209,2.84078e-24
0,2.28797e+09,-6.1896e+06,3.16324e+08,-2.3814e+09,-1.88933e+09,-1.06016e+08,-5.1109e+08,0.000973191,0.000134549,-2.86494e-24
0,2.216e+09,6.85563e+06,2.99675e+08,-2.17376e+09,9.68425e+08,3.0958e+08,3.52254e+07,0.0010833,0.000146497,7.51057e-25
0,1.90876e+09,-1.13945e+07,3.23687e+08,-4.81102e+08,5.92995e+08,1.47707e+07,-1.16772e+09,0.000993913,0.000168547,3.69637e-26
0,2.05482e+09,-4.05378e+06,3.1633e+08,-5.79255e+09,-8.42098e+08,-2.77502e+07,-8.76378e+08,0.00101309,0.000155961,-2.12055e-23
0,2.23582e+09,-8.32166e+06,3.38974e+08,-2.56476e+09,-4.81316e+08,-2.30662e+08,-4.16624e+08,0.000947226,0.00014361,-3.08074e-25
0,1.98483e+09,-1.38844e+07,3.24792e+08,8.2802e+08,4.37464e+08,1.72072e+08,-8.91786e+08,0.000950554,0.000155546,3.11279e-26
0,1.93369e+09,2.09623e+07,3.05552e+08,-4.90901e+09,1.10912e+08,-2.65796e+08,-1.11853e+09,0.00101263,0.000160011,-1.99621e-23
0,1.9618e+09,-4.04003e+07,3.17405e+08,-1.30054e+09,1.09314e+09,4.85326e+08,-9.99574e+08,0.000981626,0.00015882,-5.3782e-26
0,2.15039e+09,1.49049e+06,3.44258e+08,7.44823e+08,1.51578e+07,8.43193e+07,-1.95348e+08,0.000916203,0.000146675,4.18022e-27
0,1.95645e+09,-2.14706e+07,3.04443e+08,-3.4769e+09,-7.6629e+08,3.56763e+08,-1.11007e+09,0.00101168,0.000157428,-8.21598e-24
0,1.91213e+09,2.3848e+07,3.10482e+08,7.56949e+09,1.27413e+09,3.15185e+08,-1.11307e+09,0.000937511,0.000152228,6.28217e-23
0,2.09041e+09,300613,3.1865e+08,-1.98717e+08,-7.07391e+08,4.17463e+08,-9.32099e+08,0.00100448,0.000153117,2.08528e-25
0,2.19887e+09,2.26268e+07,3.14609e+08,-6.13176e+09,-1.82388e+09,2.39745e+08,-2.92409e+08,0.00102305,0.000146375,-1.7347e-23
0,1.84693e+09,-4.24035e+07,3.04822e+08,1.17349e+10,-1.80042e+08,7.51691e+08,-4.61569e+08,0.000923849,0.000152474,8.42615e-23
0,2.05714e+09,2.02938e+07,3.01978e+08,2.41074e+09,-1.73879e+09,3.73989e+08,-1.2515e+09,0.001074,0.000157658,1.03084e-23
0,1.96846e+09,-3.37238e+07,3.14823e+08,-1.20216e+09,9.02791e+08,2.93551e+08,-9.59573e+08,0.000961904,0.000153841,-8.39151e-26
0,1.96677e+09,-6.40053e+06,3.26903e+08,3.76436e+08,3.9136e+07,8.48677e+07,-1.03702e+09,0.00100313,0.000166734,-5.2499e-26
0,1.98569e+09,2.4386e+06,3.30124e+08,-1.07965e+09,5.40106e+07,-1.03199e+08,-9.05168e+08,0.000983708,0.000163543,-3.87564e-26
0,2.04606e+09,2.63617e+07,2.72286e+08,-2.66224e+09,-1.00853e+09,2.58507e+08,3.42878e+08,0.00107127,0.000142563,-1.0354e-25
0,1.96398e+09,-296505,3.19469e+08,-2.13696e+09,-1.95446e+08,-2.33211e+07,-1.19389e+09,0.00100054,0.000162752,-1.13884e-24
0,2.07096e+09,4.0987e+07,2.99671e+08,8.24807e+09,-2.0186e+09,2.92494e+08,-1.11963e+09,0.00107467,0.000155505,1.13044e-22
0,1.61475e+09,-2.15466e+07,2.53098e+08,1.2194e+10,7.08872e+08,2.07134e+08,9.50463e+07,0.00112095,0.0001757,-7.42586e-23
0,1.833e+09,2.8103e+07,2.39763e+08,1.25158e+10,-6.11814e+08,8.00886e+07,4.36879e+08,0.00118694,0.000155256,-4.0034e-22
0,1.92712e+09,-2.42345e+07,2.86863e+08,-5.08877e+09,-1.24384e+09,5.72353e+08,-1.18592e+09,0.00110403,0.000164342,-5.45169e-23
0,2.04511e+09,-2.47652e+06,3.24445e+08,7.06997e+08,-7.13771e+08,2.54151e+08,-1.03194e+09,0.0010117,0.000160501,2.60419e-25
0,2.14405e+09,1.41497e+06,3.44703e+08,9.60739e+08,7.16667e+06,1.22153e+08,-1.22516e+08,0.000920122,0.00014793,6.06852e-27
0,1.96652e+09,2.15765e+07,3.19084e+08,2.05074e+09,9.41869e+08,-4.47287e+08,-7.91107e+08,0.00092687,0.000150392,2.46116e-25
0,2.13207e+09,-1.00528e+07,3.36174e+08,-3.72509e+09,2.56731e+08,-2.21954e+08,-5.28605e+08,0.000910348,0.000143539,-1.66808e-24
0,1.83938e+09,-4.04064e+07,2.85745e+08,-5.27392e+09,-3.01591e+08,6.42814e+08,-1.28806e+09,0.00106657,0.000165691,-4.80081e-23
0,1.84316e+09,-1.57113e+07,3.05088e+08,-4.33924e+09,9.64902e+08,8.30074e+07,-1.08095e+09,0.000960696,0.000159018,-1.28788e-23
0,1.96861e+09,-5.39372e+07,3.09993e+08,9.08457e+07,-2.11237e+09,-1.42971e+08,-7.55614e+08,0.000981705,0.000154587,-5.99132e-25
0,1.93525e+09,-4.074e+07,2.97277e+08,-1.84112e+09,8.10112e+08,8.29343e+08,-1.14881e+09,0.000984977,0.000151304,-2.32104e-25
0,2.18064e+09,2.22728e+07,3.27875e+08,2.31703e+09,7.48076e+08,1.34112e+08,-2.72724e+08,0.000877561,0.000131947,1.76113e-25
0,1.88505e+09,-3.31787e+07,3.22527e+08,4.79922e+09,1.13964e+09,5.87928e+08,-5.64024e+08,0.000930818,0.000159261,1.32057e-23
0,2.04889e+09,3.40578e+07,3.26803e+08,2.54287e+09,1.33569e+09,-1.26506e+07,-6.75009e+08,0.000906651,0.000144613,4.80604e-25
0,2.15696e+09,-1.47075e+07,3.03579e+08,7.57711e+09,2.9127e+08,2.14463e+08,3.17182e+08,0.000926532,0.000130404,-7.43414e-24
0,1.97636e+09,4.17294e+07,2.95745e+08,1.51495e+10,1.09949e+09,1.24048e+08,-7.12802e+08,0.00105537,0.000157927,4.45777e-22
0,1.95675e+09,1.18115e+07,3.11019e+08,2.74362e+09,1.23435e+09,2.35774e+07,-1.02711e+09,0.000953398,0.00015154,2.3572e-24
0,2.21464e+09,-811629,3.18722e+08,4.10179e+09,-1.27106e+09,4.4475e+07,-6.77391e+08,0.000987099,0.00014206,5.17156e-24
0,2.16036e+09,1.33329e+07,3.19191e+08,6.45764e+09,-9.83703e+08,-1.99991e+08,-7.97338e+08,0.000998609,0.000147543,2.18894e-23
0,1.75621e+09,-5.39892e+07,2.85693e+08,-4.48785e+09,1.0548e+09,7.87627e+08,-1.37172e+09,0.001047,0.000170322,-2.36256e-23
0,1.87849e+09,-2.68238e+07,2.58043e+08,-7.66346e+09,-6.48727e+08,-6.52155e+08,3.86749e+08,0.00104715,0.000143844,5.53024e-23
0,2.00663e+09,-4.32147e+07,3.16062e+08,-9.10607e+08,6.47975e+08,1.69593e+08,-1.00555e+09,0.000972307,0.000153147,-3.02611e-26
0,2.07373e+09,3.81994e+07,3.18925e+08,-2.68504e+09,-1.16026e+09,2.97278e+08,-5.58961e+08,0.000989461,0.000152172,-2.69791e-24
0,2.11043e+09,2.44032e+07,3.32053e+08,4.88306e+09,5.11204e+06,1.59993e+08,-5.92001e+08,0.000917183,0.000144309,4.20145e-24
0,2.06626e+09,-2.25628e+07,3.06917e+08,-3.15656e+09,-2.0564e+09,2.39979e+08,-1.10325e+09,0.00111481,0.000165591,-2.31841e-23
0,2.13501e+09,1.82996e+07,3.15666e+08,3.41122e+09,-1.57862e+09,2.30349e+08,-1.1284e+09,0.00104511,0.000154523,9.93808e-24
0,1.93165e+09,-1.73291e+07,3.15436e+08,-3.47269e+09,5.23557e+08,1.54137e+08,-8.60383e+08,0.000939888,0.000153483,-3.5385e-24
0,2.15369e+09,-1.18098e+07,3.24028e+08,-9.39071e+08,-5.241e+08,-1.20757e+08,-7.22694e+08,0.000961929,0.000144725,-7.98636e-26
0,1.91863e+09,3.66577e+06,3.2457e+08,-7.16685e+08,3.6513e+08,2.60604e+08,-1.12867e+09,0.00100508,0.000170027,5.98127e-26
0,1.88731e+09,2.00056e+07,2.91673e+08,-1.16115e+09,-1.76177e+09,2.82214e+08,2.35122e+08,0.000974058,0.000150535,-1.10362e-24
0,2.07787e+09,-1.48617e+07,3.18061e+08,-3.15022e+09,-4.19235e+08,-2.39692e+08,-1.06904e+09,0.00100016,0.000153096,-2.9358e-24
0,1.95668e+09,-2.87129e+06,3.1331e+08,6.58589e+09,-9.28596e+08,-4.64717e+08,-4.72741e+08,0.000959186,0.000153588,2.23058e-23
0,2.02288e+09,1.07181e+06,3.30992e+08,-2.21878e+09,5.97838e+07,-2.37091e+08,-8.49649e+08,0.000971195,0.000158911,-7.98759e-25
0,1.68796e+09,2.04329e+07,2.76457e+08,3.61447e+09,-1.40912e+09,9.05902e+07,-6.3218e+08,0.00107925,0.000176762,2.5243e-23
0,2.0528e+09,3.51076e+07,3.24502e+08,6.88989e+09,1.07824e+09,8.64949e+07,-6.51011e+08,0.000894781,0.000141445,1.40262e-23
0,1.84282e+09,-4.88881e+07,3.06593e+08,-4.59557e+09,7.04867e+08,2.03628e+08,-1.34849e+09,0.00103121,0.000171564,-2.56237e-23
0,1.94452e+09,-6.89539e+06,3.28051e+08,1.03139e+09,1.27583e+08,7.96001e+07,-1.0082e+09,0.000991649,0.000167297,1.22634e-26
0,1.85667e+09,7.08271e+06,2.93432e+08,-9.54316e+09,-1.1516e+09,1.97492e+08,-7.36416e+08,0.00111874,0.000176808,-2.3818e-22
0,2.01444e+09,-5.20351e+07,3.01846e+08,-7.07579e+09,-1.22072e+09,1.66807e+08,-1.17199e+09,0.00108589,0.00016271,-8.94988e-23
0,2.15414e+09,6.20321e+07,2.7743e+08,-4.65182e+09,8.73018e+08,5.59697e+08,3.79739e+08,0.00104553,0.000134653,7.42545e-24
0,2.22013e+09,-2.2842e+07,3.17119e+08,5.07662e+09,-2.10065e+09,-3.5407e+08,-1.52084e+08,0.000922808,0.000131812,8.05866e-24
0,1.98e+09,-2.28491e+07,3.02143e+08,9.45787e+09,-2.67533e+09,-6.48811e+07,-5.00953e+08,0.00096374,0.000147064,1.01322e-22
0,2.11448e+09,5.08121e+06,3.24277e+08,6.25696e+09,9.27217e+08,4.37051e+08,1.10167e+08,0.000933771,0.000143204,9.97641e-25
0,1.74031e+09,1.11095e+07,2.94412e+08,6.36795e+09,-2.37449e+09,4.13746e+08,-5.16038e+08,0.00116607,0.000197266,1.32769e-22
0,1.85355e+09,4.55531e+06,3.17222e+08,3.76854e+08,7.64809e+08,2.39925e+08,-1.31745e+09,0.00100349,0.00017174,-6.28827e-26
0,2.024e+09,-2.75157e+07,3.13443e+08,3.00355e+09,8.94906e+08,4.8279e+08,-7.36162e+08,0.000923685,0.000143045,2.67363e-24
0,1.90626e+09,-3.94572e+07,3.12198e+08,3.91918e+09,8.30179e+08,-1.88231e+08,-5.30678e+08,0.000989597,0.000162071,3.69162e-24
0,1.85244e+09,-1.47843e+06,2.91889e+08,-1.0349e+10,-1.43807e+09,2.7724e+08,-7.51485e+08,0.0010771,0.000169718,-2.79707e-22
0,2.25488e+09,-3.12452e+06,3.23585e+08,-2.17084e+09,-1.76541e+09,-1.87999e+08,-6.56301e+08,0.00101593,0.00014579,-3.22659e-24
0,2.22894e+09,2.63771e+07,3.05118e+08,6.23677e+09,2.20421e+09,3.05559e+08,2.34494e+08,0.0010494,0.000143652,-1.26593e-23
0,2.24068e+09,-6.63334e+06,3.18162e+08,4.36346e+09,-4.79651e+08,-156438,-3.56617e+08,0.00092624,0.00013152,1.51943e-24
0,1.95446e+09,3.22145e+07,2.87354e+08,7.60895e+09,1.44364e+08,-2.99332e+08,-1.12556e+09,0.00101248,0.000148859,7.10981e-23
0,1.90089e+09,3.6759e+07,2.64305e+08,7.20708e+09,-9.04711e+07,-3.17851e+08,-1.10358e+09,0.00101811,0.000141561,7.145e-23
0,2.02934e+09,4.52805e+07,3.17447e+08,9.11398e+09,1.32082e+09,1.5909e+08,-8.25042e+08,0.000941909,0.000147342,5.77575e-23
0,2.03968e+09,3.58959e+07,3.263e+08,-3.49776e+09,-1.59788e+09,-3.14058e+07,-2.97956e+08,0.000948093,0.000151672,-4.15269e-24
0,2.00771e+09,1.59073e+07,3.16437e+08,4.28085e+09,-8.94469e+07,-3.61942e+07,-1.00154e+09,0.00100068,0.000157719,9.16936e-24
0,1.90734e+09,-3.94284e+07,3.04034e+08,-2.73814e+09,2.42574e+08,2.11094e+08,-1.18101e+09,0.00103012,0.000164204,-3.48711e-24
0,2.17948e+09,1.82508e+07,3.2879e+08,3.65824e+09,-3.8325e+08,-2.8132e+08,-5.38136e+08,0.000958737,0.000144632,1.97824e-24
0,2.05178e+09,1.78519e+07,3.05071e+08,4.81116e+09,3.64472e+08,1.26804e+08,-6.98698e+08,0.00114896,0.000170835,1.76744e-23
0,2.112e+09,8.34539e+06,3.17687e+08,-1.84033e+09,-8.21105e+08,3.73344e+08,-7.99339e+08,0.000977937,0.000147101,-6.886e-25
0,2.18091e+09,9.95492e+06,3.40189e+08,3.28106e+09,-3.96183e+08,4.18845e+08,-4.07364e+08,0.000958674,0.000149539,5.21761e-25
0,2.07e+09,-8.88296e+06,3.30918e+08,-2.2542e+09,-1.92738e+08,6.71681e+07,-8.15179e+08,0.000971585,0.000155321,-7.72282e-25
0,1.97669e+09,2.53705e+07,3.3632e+08,9.87347e+09,4.38567e+08,9.97415e+08,-4.65396e+08,0.000918389,0.000156258,5.09528e-23
0,2.05307e+09,8.33915e+07,2.70764e+08,-9.38691e+09,-7.14087e+08,4.6603e+08,4.9426e+08,0.00104249,0.000137487,4.39658e-23
0,1.88324e+09,-3.83574e+07,3.10319e+08,-2.49429e+09,1.50082e+09,2.00357e+08,-1.21515e+09,0.00100296,0.000165267,-2.22443e-24
0,2.18063e+09,-2.70267e+06,3.2036e+08,-5.38192e+09,-1.43172e+09,1.55409e+07,-7.55712e+08,0.00100085,0.000147036,-1.41498e-23
0,2.15269e+09,8.07792e+06,3.24339e+08,4.73262e+09,-1.06703e+09,1.2743e+08,-7.58496e+08,0.00100988,0.000152156,8.51097e-24
0,1.94601e+09,-9.07866e+06,3.08225e+08,-2.74713e+09,-1.36109e+08,6.67417e+07,-1.4135e+09,0.00102459,0.000162283,-3.53706e-24
0,2.13803e+09,-2.21812e+07,3.20754e+08,-1.07456e+09,-3.95686e+08,2.9198e+08,-8.20679e+08,0.000984048,0.00014763,-4.01883e-26
0,1.84529e+09,3.06986e+06,3.00861e+08,-1.01306e+10,-2.20128e+09,4.11455e+07,-5.37625e+08,0.00102576,0.000167243,-1.86463e-22
0,2.08862e+09,-1.2133e+07,3.32574e+08,-1.57691e+09,-1.31957e+08,-3.2692e+08,-7.38608e+08,0.000962133,0.000153201,-1.27187e-25
0,1.93119e+09,-2.37884e+07,2.92851e+08,2.63282e+09,-2.01735e+08,-2.60974e+08,-5.91296e+08,0.00113891,0.000172708,3.13101e-24
0,2.05485e+09,-6.96064e+06,3.12229e+08,7.03122e+09,-5.47297e+08,1.3496e+08,-5.02955e+08,0.00102479,0.000155714,2.07432e-23
0,2.13141e+09,-941570,3.44113e+08,9.82181e+08,-8.67885e+07,1.33584e+08,-2.11684e+08,0.000933838,0.000150766,9.35683e-27
0,1.94576e+09,-2.15414e+07,3.14727e+08,-1.78539e+09,6.46373e+08,-9.7453e+07,-1.16941e+09,0.00100069,0.000161862,-8.64834e-25
0,2.0301e+09,-1.73634e+07,3.34085e+08,-3.20369e+09,-1.63357e+08,-9.10086e+07,-5.3176e+08,0.000934363,0.000153765,-1.3765e-24
0,2.15587e+09,-1.6842e+07,3.3582e+08,-4.71031e+09,-4.09929e+08,-4.15008e+08,-5.07659e+08,0.000946808,0.000147485,-2.61455e-24
0,2.05999e+09,-7.85185e+07,3.07373e+08,-1.17513e+10,4.56139e+08,2.77549e+08,-9.45862e+08,0.000999825,0.000149185,-1.59149e-22
0,2.09081e+09,-3.43674e+07,3.23094e+08,-6.40263e+09,1.89294e+08,-5.0746e+08,-8.15006e+08,0.000951963,0.000147107,-1.72444e-23
0,2.09361e+09,4.06134e+07,3.22923e+08,3.05375e+09,6.32971e+08,2.66919e+08,-1.9014e+08,0.000963623,0.000148631,8.18074e-25
0,2.19074e+09,-2.90037e+06,3.22869e+08,1.72769e+09,-1.34974e+09,1.766e+07,-8.00397e+08,0.00101531,0.000149635,1.65984e-24
0,1.91182e+09,9.21265e+06,3.03711e+08,2.18801e+09,4.75595e+08,1.43556e+08,-1.43572e+09,0.00100924,0.000160327,1.79503e-24
0,1.863e+09,-2.98582e+06,2.92376e+08,1.0462e+10,-1.17192e+06,3.84923e+08,-7.23681e+08,0.00106154,0.000166597,1.97285e-22
0,2.31395e+09,1.42813e+07,3.33558e+08,3.08224e+09,-7.02763e+08,-1.02364e+08,-2.36837e+08,0.000907065,0.000130754,4.37567e-25
0,2.20225e+09,7.05959e+06,3.28554e+08,1.1477e+09,-8.8086e+08,2.93326e+08,-5.50634e+08,0.000958891,0.000143058,2.17135e-25
0,2.05988e+09,-1.34599e+06,3.26449e+08,-2.46422e+09,-4.10384e+08,-2.29041e+08,-9.41535e+08,0.00101184,0.000160357,-1.33012e-24
0,2.03538e+09,-5.23391e+06,3.15121e+08,3.84138e+09,1.09211e+09,-1.33769e+08,-3.46592e+08,0.00104384,0.000161608,1.19086e-24
0,2.22166e+09,2.69315e+07,3.23679e+08,5.09951e+09,-1.07835e+09,-9.18663e+07,-7.34188e+08,0.0010173,0.000148212,1.02725e-23
0,2.18939e+09,1.1445e+07,3.27622e+08,3.68168e+09,-1.06353e+09,1.99799e+08,-6.35099e+08,0.000975084,0.000145912,2.76772e-24
0,2.22789e+09,-9.14011e+06,3.2537e+08,-3.20854e+09,-1.15482e+09,-2.57072e+08,-5.74207e+08,0.000955641,0.000139566,-1.57958e-24
0,2.07243e+09,2.51136e+06,3.21731e+08,6.71399e+08,-1.03337e+09,7.21199e+07,-8.22789e+08,0.00102475,0.000159086,4.4504e-25
0,2.15596e+09,3.96814e+07,3.00922e+08,4.18379e+08,-1.26807e+09,-6.40375e+07,1.35974e+08,0.000971856,0.000135649,8.50123e-26
0,1.97031e+09,-1.4095e+07,3.00973e+08,1.14683e+09,-6.85007e+08,2.69317e+08,-1.22289e+09,0.00102037,0.000155866,4.4854e-25
0,2.2174e+09,2.0956e+06,3.20181e+08,-6.97828e+08,-4.57578e+08,-3.49647e+08,-3.05491e+08,0.00091165,0.000131637,-3.73364e-30
0,2.02436e+09,-1.19938e+07,3.31247e+08,-8.96342e+08,2.93534e+08,1.01228e+08,-8.17709e+08,0.000959711,0.000157038,-1.82201e-26
0,2.13921e+09,-4.42452e+07,3.24581e+08,6.23985e+09,-1.04748e+09,-2.7801e+07,2.3693e+08,0.000877474,0.000133138,-2.07554e-24
0,1.97095e+09,-1.84031e+07,2.97716e+08,8.82288e+09,1.15624e+08,2.1827e+08,-6.64974e+08,0.00111659,0.000168662,1.07287e-22
0,2.09671e+09,4.6625e+07,3.14835e+08,9.50211e+09,-8.15705e+08,3.8698e+08,-1.04063e+09,0.00101404,0.000152264,8.65988e-23
0,2.13747e+09,3.8078e+07,3.1896e+08,7.16622e+09,-3.56203e+08,-4.33552e+08,-4.92081e+08,0.000932251,0.000139114,1.26882e-23
0,2.12604e+09,9.99448e+06,3.31601e+08,2.17148e+09,-1.90847e+08,4.09782e+07,-6.6357e+08,0.000949728,0.00014813,4.44178e-25
0,1.8801e+09,609837,3.07836e+08,1.06205e+09,4.93688e+08,2.21652e+08,-1.38066e+09,0.00102133,0.000167226,-5.45198e-26
0,1.99545e+09,1.78258e+07,2.88102e+08,2.59012e+09,-1.7891e+09,1.83014e+08,-1.0931e+09,0.00108795,0.000157078,1.4024e-23
0,2.05626e+09,7.41903e+07,3.07175e+08,-5.51745e+09,-3.09645e+09,-2.615e+08,-8.20495e+07,0.00098537,0.0001472,-3.0095e-23
0,2.00818e+09,-3.36094e+07,3.26664e+08,1.81297e+07,-5.43962e+08,-1.09495e+07,-3.65105e+08,0.000920661,0.000149761,-3.18794e-28
0,2.05775e+09,-8.64345e+06,3.37578e+08,-5.49541e+09,-2.71019e+08,-3.04375e+08,-2.30358e+08,0.00092714,0.000152099,-2.23065e-24
0,2.14116e+09,-2.33519e+07,3.13066e+08,-1.28835e+09,-1.52511e+08,-1.59868e+08,-4.15625e+08,0.00105057,0.000153607,-7.60448e-26
0,2.04735e+09,3.82312e+06,3.29711e+08,-9.75519e+08,1.12461e+08,-3.52718e+07,-8.72609e+08,0.000957375,0.000154179,-1.73015e-26
0,2.02246e+09,-8.41788e+06,3.19558e+08,-1.18012e+09,-6.91544e+08,9.89508e+06,-9.58492e+08,0.00101287,0.000160038,-3.66889e-25
0,1.82113e+09,1.19232e+07,2.47885e+08,5.13287e+09,-3.57876e+08,5.33957e+08,-1.32138e+09,0.00114427,0.000155754,5.75588e-23
0,2.03309e+09,-8.29212e+07,3.12023e+08,-8.84346e+09,-5.46014e+08,-1.80583e+08,-6.42664e+08,0.000949912,0.000145785,-3.79277e-23
0,1.93801e+09,-4.25928e+06,3.26268e+08,-2.93181e+09,4.3794e+08,-88731.5,-1.06765e+09,0.000997824,0.000167986,-3.56701e-24
0,2.2056e+09,-2.83051e+07,3.22072e+08,-5.3109e+09,-1.07299e+09,-2.38438e+07,-7.43805e+08,0.000993336,0.000145051,-9.93602e-24
0,1.9492e+09,1.73904e+07,2.85465e+08,2.8123e+08,-1.53285e+09,3.00577e+08,-1.20068e+09,0.00108231,0.000158506,2.88169e-24
0,2.10604e+09,-1.67512e+07,3.38725e+08,-5.94299e+09,1.26569e+08,-3.01641e+08,-4.36684e+08,0.000904004,0.000145396,-5.53675e-24
0,2.10575e+09,-2.87049e+06,3.18885e+08,1.16297e+10,-4.632e+08,4.50891e+08,1.54494e+08,0.00100903,0.000152803,-3.35557e-23
0,2.17958e+09,-1.08244e+07,3.18223e+08,-4.86338e+09,-1.55316e+09,-2.07277e+08,-8.45322e+08,0.0010072,0.000147053,-1.18575e-23
0,2.01923e+09,-1.25456e+07,3.26902e+08,-1.29117e+09,4.38191e+08,1.10374e+07,-9.4752e+08,0.000962628,0.000155844,-1.38704e-25
0,1.8785e+09,2.44022e+07,3.17036e+08,3.13841e+09,8.03357e+08,2.56669e+07,-1.25698e+09,0.00102011,0.000172165,7.10376e-24
0,1.89571e+09,379538,2.52147e+08,3.43053e+09,-1.09324e+09,5.59569e+08,-1.28788e+09,0.00115534,0.00015367,1.54898e-23
0,1.91514e+09,-3.36183e+06,3.30692e+08,-2.05647e+09,4.10116e+08,-1.60377e+08,-9.37044e+08,0.000990827,0.000171089,-1.17198e-24
0,1.88698e+09,3.35771e+06,3.20097e+08,-2.66247e+09,8.74976e+08,-3.2565e+08,-1.16238e+09,0.000969902,0.000164529,-3.98864e-24
0,1.86909e+09,-7.12322e+06,2.84483e+08,-1.00797e+09,-1.25321e+09,5.16913e+08,-1.28549e+09,0.00109596,0.00016681,9.68205e-25
0,2.15635e+09,-2.63476e+07,3.27294e+08,-4.24327e+09,-2.75978e+08,7.10205e+07,-6.07124e+08,0.000946232,0.000143621,-3.06803e-24
0,2.16033e+09,-1.82524e+07,3.38532e+08,-4.77008e+09,-1.54151e+08,-3.9532e+08,-4.10498e+08,0.00092965,0.00014568,-2.27908e-24
0,1.96112e+09,-2.56069e+07,3.18884e+08,3.07027e+08,1.63779e+09,4.42131e+08,-8.29025e+08,0.00089645,0.000145765,-1.0335e-25
0,1.80817e+09,7.27535e+06,3.00187e+08,-9.12773e+09,-8.37319e+08,3.13122e+07,-8.69975e+08,0.00104464,0.000173428,-1.77454e-22
0,1.85269e+09,-1.6592e+07,3.11955e+08,1.43761e+09,-6.66839e+08,2.14073e+08,-8.07495e+08,0.000946283,0.000159335,5.04811e-25
0,1.89687e+09,4.08567e+07,3.06385e+08,4.04584e+09,7.62957e+08,-3.17485e+08,-1.33917e+09,0.00103634,0.00016739,1.42964e-23
0,1.78959e+09,5.1945e+06,2.53763e+08,1.36334e+09,-5.90038e+08,6.01417e+08,-1.46747e+09,0.00116174,0.000164735,-1.62465e-25
0,1.90909e+09,1.08833e+07,3.10519e+08,-3.26551e+08,6.39083e+08,1.2934e+08,-1.15771e+09,0.000989585,0.000160959,1.95418e-26
0,1.98528e+09,-3.16068e+06,3.30782e+08,-3.44714e+08,5.49195e+08,1.54215e+08,-8.65621e+08,0.000955622,0.000159223,3.20953e-27
0,2.30255e+09,1.43226e+07,3.35345e+08,2.83234e+09,-4.53401e+08,-1.32176e+08,-1.85065e+08,0.000890955,0.000129759,2.16828e-25
0,2.03774e+09,-2.28768e+07,3.21469e+08,1.22055e+09,-5.11717e+08,487591,-8.16935e+08,0.000956452,0.000150888,1.75919e-25
0,1.96408e+09,1.14997e+07,3.20791e+08,1.46834e+09,-9.74926e+08,3.18736e+08,-1.13738e+09,0.00104463,0.000170619,1.62129e-24
0,2.16914e+09,-1.68111e+07,3.40385e+08,-5.21499e+09,-3.5905e+07,-4.7195e+08,-3.10332e+08,0.000919143,0.000144234,-2.24476e-24
0,1.94184e+09,9.25611e+06,3.17236e+08,3.67118e+09,6.49442e+08,2.13182e+08,-1.10185e+09,0.000962165,0.000157187,6.96753e-24
0,2.12702e+09,-5.78079e+06,3.43786e+08,-7.49454e+07,-6.30248e+07,1.8895e+07,-2.40381e+08,0.000940741,0.00015205,6.91363e-29
0,2.03229e+09,1.38877e+06,3.18081e+08,4.3029e+08,-9.23708e+08,2.62025e+08,-1.22581e+09,0.00107604,0.000168415,6.97008e-25
0,2.01147e+09,3.32081e+07,3.18847e+08,3.27717e+09,1.07219e+09,-5.13516e+08,-9.19911e+08,0.000961222,0.000152367,1.73753e-24
0,1.93346e+09,4.2438e+07,3.06318e+08,3.49371e+09,2.36944e+08,-4.70412e+08,-1.21461e+09,0.00106427,0.000168613,8.25867e-24
0,1.76236e+09,2.25924e+07,3.10618e+08,-5.71828e+09,-1.58138e+09,1.35864e+08,-6.91827e+08,0.000992676,0.00017496,-4.96469e-23
0,2.09591e+09,-2.00177e+07,3.28121e+08,3.79094e+09,8.1074e+08,-1.2179e+08,-2.81465e+08,0.000960327,0.000150342,7.56248e-25
0,1.98007e+09,-2.48341e+06,3.2594e+08,3.51213e+08,-2.62504e+07,-7.25811e+07,-1.06286e+09,0.000992506,0.000163377,-4.88919e-26
0,1.87871e+09,3.85561e+07,2.87807e+08,1.05104e+10,1.22225e+09,-7.86407e+07,-1.10112e+09,0.000969918,0.000148586,1.82838e-22
0,2.11143e+09,1.17013e+07,3.134e+08,1.17476e+09,-1.18618e+09,3.12569e+08,-7.67218e+08,0.000986994,0.0001465,8.84912e-25
0,2.10151e+09,-2.13462e+07,2.76636e+08,-4.55763e+07,-2.99992e+08,-3.37135e+08,3.53498e+08,0.0010206,0.000134349,1.17748e-27
0,2.14773e+09,-8.52887e+06,2.88925e+08,4.33448e+09,5.5305e+08,1.15565e+08,4.63884e+08,0.00107224,0.000144243,-4.58688e-24
0,1.91702e+09,-9.55025e+06,3.20663e+08,-1.67647e+09,-4.16582e+07,1.59459e+08,-1.25366e+09,0.00105988,0.000177287,-5.11874e-25
0,1.96003e+09,1.68237e+07,3.02825e+08,1.97463e+09,-7.01994e+08,-4.54636e+08,-1.25396e+09,0.0010772,0.000166427,1.6119e-24
0,1.93911e+09,2.7648e+07,2.45567e+08,-9.84258e+09,1.5186e+08,-1.86904e+06,-4.25732e+08,0.00110647,0.000140122,-9.81108e-23
0,1.84457e+09,-3.23399e+06,2.36834e+08,1.42247e+09,-7.75068e+07,1.40033e+08,-1.31534e+09,0.00111427,0.000143067,1.44869e-25
0,1.84735e+09,8.60629e+07,2.89775e+08,-9.91422e+08,2.48201e+08,-1.11861e+08,-8.39806e+08,0.00104108,0.000163303,-8.94339e-26
0,1.89264e+09,-7.13174e+06,3.18009e+08,-4.09072e+09,-8.85966e+08,-1.31286e+08,-8.34039e+08,0.000997024,0.000167524,-1.02356e-23
0,2.07515e+09,1.99136e+07,3.24365e+08,4.58393e+09,5.13793e+08,2.9502e+08,-6.90098e+08,0.000939667,0.000146879,5.8009e-24
0,1.88005e+09,-1.38812e+07,3.07737e+08,7.13145e+09,-1.5629e+08,5.56416e+08,-8.0307e+08,0.00101871,0.000166748,4.99362e-23
0,2.10819e+09,-1.30298e+07,3.28149e+08,-1.12196e+09,7.01451e+08,1.32354e+08,-5.94798e+08,0.000914107,0.000142284,-3.14277e-26
0,2.07046e+09,-6.96643e+07,3.0792e+08,-7.75117e+09,7.37794e+08,5.10434e+08,-7.83333e+08,0.000956965,0.000142321,-2.53957e-23
0,2.13714e+09,4.55516e+06,3.39057e+08,-6.16893e+08,-5.67371e+08,-3.09096e+08,-3.45156e+08,0.000988499,0.000156825,-3.32105e-26
0,1.93835e+09,-2.2233e+07,3.19511e+08,5.12084e+09,-6.0425e+08,4.50941e+08,-6.1215e+08,0.000968545,0.000159652,7.54148e-24
0,2.02713e+09,-1.63459e+06,3.26893e+08,2.04794e+09,2.22314e+08,1.03916e+08,-9.41471e+08,0.000960505,0.00015489,6.53327e-25
0,2.08669e+09,9.67973e+06,3.18351e+08,-3.19119e+09,-1.69455e+09,-2.72044e+08,-4.76629e+08,0.00100652,0.000153557,-5.10497e-24
0,2.00951e+09,6.55834e+06,3.19048e+08,-1.26272e+08,3.28143e+08,-1.25341e+08,-9.78402e+08,0.000955021,0.000151628,1.35139e-26
0,1.9564e+09,-3.11279e+07,3.2394e+08,-3.87956e+09,-1.57383e+07,-2.27131e+08,-8.20409e+08,0.000992648,0.000164362,-6.06354e-24
0,2.13733e+09,1.80767e+07,3.26792e+08,2.11439e+09,-7.69387e+08,2.68944e+08,-8.38025e+08,0.00101127,0.00015462,8.92589e-25
0,1.96556e+09,-3.04022e+07,3.12997e+08,-3.88019e+09,-2.34224e+08,5.68711e+07,-1.34688e+09,0.00103563,0.000164915,-1.14671e-23
0,1.95471e+09,-3.7164e+07,2.89247e+08,6.18253e+08,-4.88161e+08,8.27128e+08,-1.28495e+09,0.00105314,0.000155838,-3.81918e-25
0,1.90533e+09,-2.24969e+07,3.0541e+08,7.61729e+09,6.3701e+08,2.78442e+08,-8.69391e+08,0.0010484,0.000168051,8.37198e-23
0,2.01398e+09,-2.10699e+07,3.06445e+08,-6.515e+08,-3.86578e+07,-6.34699e+07,-1.08142e+09,0.00101562,0.000154535,6.85173e-26
0,1.83691e+09,-2.71259e+07,3.14626e+08,-5.71452e+09,1.02576e+09,2.66371e+08,-5.84323e+08,0.000880758,0.000150856,-8.23586e-24
0,1.76681e+09,-2.84431e+07,3.14787e+08,-5.63991e+09,6.31858e+07,2.5039e+08,1.93585e+08,0.000872536,0.000155457,4.21584e-24
0,2.22144e+09,-1.60288e+07,3.39595e+08,-4.26971e+09,1.458e+08,-6.71299e+07,-2.70285e+08,0.000882585,0.000134922,-8.5283e-25
0,2.31893e+09,1.48121e+07,3.29136e+08,3.77167e+09,-1.15081e+09,-7.91221e+07,-3.22234e+08,0.00092914,0.000131877,1.51176e-24
0,2.12988e+09,5.90273e+06,3.25258e+08,-1.3563e+09,-8.03773e+08,-6.7313e+08,-6.58766e+08,0.000985331,0.000150471,3.67254e-26
0,2.11144e+09,-6.95642e+06,3.43532e+08,-3.35901e+08,3.90861e+07,1.81022e+07,-2.67284e+08,0.000937067,0.000152461,-2.68473e-28
0,1.94927e+09,-1.22137e+07,3.10068e+08,-2.48728e+09,-4.41568e+08,-6.79369e+06,-1.43163e+09,0.00104469,0.000166177,-3.04513e-24
0,2.15211e+09,-1.8712e+07,3.33387e+08,-4.5031e+09,-4.82531e+08,-4.70527e+08,-6.26982e+08,0.000968949,0.000150102,-3.04219e-24
0,1.96701e+09,-2.48139e+06,3.28696e+08,-8.77989e+08,-1.26504e+08,1.50206e+08,-9.39525e+08,0.000976455,0.00016317,1.60561e-26
0,2.10463e+09,-3.27058e+07,3.28969e+08,2.57082e+09,1.18338e+09,6.28982e+08,-3.85977e+08,0.000884062,0.000138185,1.15772e-24
0,1.98509e+09,-3.6972e+07,3.06793e+08,-2.6043e+09,9.63932e+08,4.84226e+08,-1.08365e+09,0.000966453,0.000149364,-1.20524e-24
0,2.12939e+09,2.26099e+07,2.94846e+08,1.91744e+09,-2.24735e+09,9.28751e+07,-1.08009e+09,0.00106375,0.000147292,1.05099e-23
0,2.08326e+09,-3.57114e+07,3.111e+08,-2.13664e+09,-1.33027e+08,5.60073e+08,-8.11653e+08,0.000974019,0.000145454,-5.26024e-25
0,2.09225e+09,1.52526e+06,3.26834e+08,-2.06888e+09,-9.51565e+08,-6.22341e+08,-5.67658e+08,0.000973407,0.000152058,-8.70744e-26
0,2.13054e+09,-2.63662e+07,3.31264e+08,-5.31868e+09,-2.75507e+08,-4.61047e+08,-6.60901e+08,0.000950106,0.000147726,-5.93704e-24
0,2.08067e+09,-4.18907e+07,3.07589e+08,-8.01981e+09,-1.26007e+09,-4.58558e+08,-9.88265e+08,0.00103906,0.000153607,-5.60102e-23
0,1.9695e+09,9.01171e+06,3.15873e+08,6.67856e+09,1.08388e+09,6.53458e+07,-4.75716e+08,0.00103847,0.000166552,2.35927e-23
0,1.83556e+09,5.62059e+07,3.0344e+08,-8.44805e+09,-1.82697e+09,2.19756e+08,-7.03641e+08,0.00104681,0.00017305,-1.58497e-22
0,2.06206e+09,-3.66809e+07,3.05129e+08,-4.46472e+09,2.15372e+08,4.4086e+08,-8.05963e+08,0.000935194,0.000138384,-4.86047e-24
0,2.25985e+09,-2.05024e+07,3.14338e+08,6.30623e+09,-1.22862e+09,-1.52522e+08,-4.97873e+07,0.000950797,0.000132253,3.04003e-24
0,2.12551e+09,6.2388e+06,3.33415e+08,1.05822e+09,2.77859e+08,-1.22715e+08,-5.45556e+08,0.000917832,0.000143975,2.74292e-26
0,2.0799e+09,1.04609e+07,3.25552e+08,2.69684e+09,-6.2935e+08,1.44618e+08,-8.15344e+08,0.000976917,0.00015291,1.52798e-24
0,2.20247e+09,1.8925e+07,3.34088e+08,4.143e+09,-1.87543e+08,1.19417e+08,-5.03458e+08,0.000918183,0.000139277,1.72605e-24
0,2.05238e+09,1.14023e+07,3.32747e+08,2.5459e+09,9.87025e+08,2.06266e+08,-6.03356e+08,0.000884451,0.000143394,7.91853e-25
0,1.88538e+09,9.80681e+06,3.02557e+08,4.32464e+09,-1.41979e+09,5.95755e+07,-1.1572e+09,0.00107497,0.000172506,3.34211e-23
0,1.89016e+09,-8.99029e+06,3.16344e+08,-1.39227e+09,1.06483e+09,2.87898e+07,-1.29731e+09,0.00100139,0.000167597,-5.13022e-25
0,2.22249e+09,5.26415e+06,3.306e+08,3.13821e+09,-9.95471e+08,2.86314e+08,-2.07832e+08,0.000903398,0.000134382,2.47062e-25
0,1.93247e+09,-2.34338e+07,3.08258e+08,-2.71189e+08,-6.99125e+07,7.32452e+08,-1.14558e+09,0.00104725,0.000167052,3.25485e-26
0,2.17134e+09,2.63653e+07,3.21879e+08,6.83999e+09,-6.98351e+08,2.22797e+08,-4.95968e+08,0.000927976,0.000137563,8.23339e-24
0,2.0865e+09,-962035,3.28161e+08,-2.50722e+09,-1.26324e+09,-2.04178e+08,-4.35886e+08,0.000970092,0.000152574,-1.59934e-24
0,1.92653e+09,1.50877e+07,3.03211e+08,-1.44039e+08,2.5069e+08,-7.72944e+08,-1.08225e+09,0.00101414,0.000159613,2.17727e-25
0,2.08062e+09,-5.09641e+07,3.2405e+08,-2.2176e+09,1.20643e+09,1.50644e+08,-6.21603e+08,0.000904853,0.000140928,-1.39696e-25
0,2.02921e+09,1.55177e+07,3.18063e+08,1.17971e+09,-6.04921e+08,-3.80685e+08,-7.52823e+08,0.000946802,0.000148404,9.68022e-26
0,2.12822e+09,-1.99137e+07,3.3482e+08,-5.8267e+09,-4.71807e+08,-1.93166e+08,-4.8289e+08,0.000937969,0.000147565,-5.85266e-24
0,2.14503e+09,-2.92272e+07,3.21171e+08,-5.07775e+09,-7.8672e+08,-3.89297e+08,-7.67648e+08,0.00098218,0.00014706,-6.70516e-24
0,2.26455e+09,-1.43075e+07,3.38214e+08,2.26503e+09,5.16863e+08,1.41345e+08,2.44796e+08,0.000911035,0.000136065,-1.14011e-25
0,2.17648e+09,1.12726e+06,3.31082e+08,-9.71687e+08,-7.05999e+08,2.13587e+07,-6.23644e+08,0.000969295,0.000147448,-1.322e-25
0,1.86645e+09,4.07061e+06,3.10358e+08,-1.42457e+08,1.27539e+09,-1.06369e+08,-1.41422e+09,0.000994763,0.000165411,-5.37771e-29
0,2.16899e+09,4.53414e+07,2.96629e+08,-2.83161e+08,-7.65343e+08,4.04437e+08,-1.61345e+08,0.000938916,0.000128405,2.72512e-26
0,1.8416e+09,-1.10538e+07,2.59294e+08,-1.05534e+09,-1.50025e+09,1.4438e+08,-1.45388e+09,0.0011431,0.000160945,-3.95608e-24
0,2.15377e+09,-5.71233e+06,3.34831e+08,-1.3179e+09,-7.58613e+08,7.845e+07,-6.53369e+08,0.000985156,0.000153155,-2.93807e-25
0,1.89261e+09,-2.538e+07,3.00138e+08,8.0017e+07,-2.57248e+08,-6.47154e+08,-1.04222e+09,0.000999419,0.000158492,-4.81769e-26
0,2.08199e+09,-3.72006e+07,3.2049e+08,-2.69042e+09,6.12644e+08,4.30692e+08,-7.18568e+08,0.00095456,0.00014694,-7.24526e-25
0,1.93549e+09,-3.88948e+07,3.14988e+08,-4.5502e+09,6.2264e+08,-5.63638e+07,-1.27422e+09,0.000988097,0.000160806,-1.6272e-23
0,1.92856e+09,-5.47571e+06,3.21142e+08,6.1864e+08,5.64395e+08,9.88373e+07,-1.16138e+09,0.000981195,0.000163388,-3.09188e-26
0,1.96638e+09,-4.94262e+07,2.96071e+08,-7.60174e+09,-5.92883e+08,2.48773e+08,-1.23993e+09,0.00104689,0.000157626,-9.64956e-23
0,2.03331e+09,1.09822e+07,3.14397e+08,4.31459e+09,8.92041e+08,-1.28673e+08,-5.44173e+08,0.00108205,0.000167311,6.21175e-24
0,2.00528e+09,-1.32006e+07,3.27419e+08,-2.03168e+09,3.80008e+08,6.89138e+07,-8.73516e+08,0.00095339,0.000155668,-6.03331e-25
0,1.79642e+09,-2.37431e+06,3.21205e+08,-2.6362e+09,8.38424e+06,-2.82971e+08,-9.10138e+08,0.000965448,0.000172625,-2.53298e-24
0,2.24161e+09,-251765,3.35754e+08,-1.02028e+08,-4.65488e+08,-1.57398e+08,-4.12781e+08,0.00092926,0.000139187,-9.28617e-27
0,2.04544e+09,2.72225e+06,3.21823e+08,1.03056e+09,1.36123e+08,-2.35336e+08,-4.64854e+08,0.000896976,0.000141128,2.00336e-26
0,2.23877e+09,4.57503e+06,3.4252e+08,-4.39897e+08,-2.22726e+07,-1.64032e+08,1.60855e+07,0.000928084,0.000141992,2.27828e-28
0,2.04305e+09,6.24422e+06,3.26647e+08,7.31702e+08,-2.71766e+08,2.69642e+08,-8.31356e+08,0.000983161,0.00015719,-5.03643e-27
0,2.0436e+09,-9.02139e+07,3.05726e+08,-1.0377e+10,1.32441e+09,3.69866e+08,-7.25379e+08,0.000921144,0.000137805,-4.82519e-23
0,2.09123e+09,-3.21479e+07,3.11591e+08,-3.54448e+09,-1.47385e+09,-1.59631e+08,-9.97029e+08,0.00108687,0.000161942,-1.22798e-23
0,2.06083e+09,-4.14805e+07,3.02133e+08,-5.01799e+09,-8.21025e+08,3.0879e+08,-1.17574e+09,0.00104751,0.000153573,-2.30865e-23
0,2.20127e+09,1.69458e+07,3.36936e+08,5.48963e+09,-2.52502e+08,2.77505e+08,-4.56508e+08,0.000941439,0.000144101,3.90175e-24
0,2.11534e+09,2.94252e+06,3.22728e+08,4.33496e+08,-5.67014e+08,1.53068e+08,-7.11648e+08,0.000958177,0.000146185,5.08515e-26
0,1.998e+09,-2.03535e+06,3.30708e+08,-1.82953e+09,2.69254e+08,-3.60316e+07,-7.37713e+08,0.000940181,0.000155618,-3.77895e-25
0,2.11592e+09,-5.55533e+06,3.43801e+08,8.37322e+07,3.63154e+06,7.71958e+06,-2.44974e+08,0.000935632,0.000152024,-7.40105e-29
0,2.17804e+09,1.09034e+07,3.37367e+08,-1.05715e+09,-1.31554e+08,1.29317e+08,-4.70473e+08,0.000932526,0.000144443,-2.75604e-26
0,2.15088e+09,2.40056e+07,3.29714e+08,1.00966e+09,6.42529e+08,-3.92224e+07,-5.02184e+08,0.000909264,0.000139383,2.21066e-26
0,2.04657e+09,5.66927e+07,3.2051e+08,6.99953e+09,1.42888e+09,-8.19167e+07,-7.42347e+08,0.00093141,0.000145867,1.76464e-23
0,2.01979e+09,-592392,3.22202e+08,5.11238e+08,-4.72118e+07,1.69419e+08,-9.63842e+08,0.000982882,0.000156792,-3.97278e-26
0,2.08082e+09,-3.12891e+07,3.34967e+08,-4.57384e+09,2.32416e+08,-4.70982e+08,-6.4092e+08,0.000946532,0.000152371,-5.19627e-24
0,1.95447e+09,1.45877e+07,3.24111e+08,-2.4221e+08,8.37431e+08,9.92946e+07,-8.91656e+08,0.000934057,0.000154895,-1.83317e-28
0,2.16527e+09,-4.8221e+07,2.88565e+08,-7.0439e+09,-2.25666e+09,3.05052e+08,-9.65314e+08,0.00105053,0.000140005,-7.17605e-23
0,2.0582e+09,4.33085e+07,2.9705e+08,-8.39298e+09,-2.05428e+09,8.42894e+07,-5.85803e+08,0.00108802,0.000157029,-9.65224e-23
0,2.24696e+09,3.34033e+06,3.42348e+08,2.40233e+09,-1.58168e+08,9.11708e+07,-1.01028e+08,0.00095918,0.000146141,6.59512e-26
0,2.04649e+09,3.71989e+06,3.26173e+08,2.6179e+08,-2.08547e+08,3.72262e+08,-8.61975e+08,0.000993836,0.000158399,-1.37725e-26
0,2.23169e+09,-2.17656e+06,3.33566e+08,-1.93737e+09,-5.94578e+08,4.64199e+06,-4.28239e+08,0.000917921,0.0001372,-2.20305e-25
0,1.78471e+09,-1.70776e+07,2.46395e+08,-2.09855e+08,4.95092e+08,7.92341e+08,-1.34235e+09,0.00106344,0.000146818,-2.73852e-25
0,1.96324e+09,3.6714e+07,3.20618e+08,1.73002e+09,1.25721e+09,-9.17203e+07,-8.50566e+08,0.000945184,0.000154358,2.62209e-25
0,2.16145e+09,2.67063e+07,3.14216e+08,2.52922e+09,-8.45072e+08,-1.06825e+08,-7.10269e+08,0.000965379,0.00014034,1.30533e-24
0,2.12698e+09,-1.9937e+07,3.09099e+08,-4.24361e+08,-1.02181e+09,-2.46333e+08,-5.33436e+08,0.00103212,0.000149991,-3.2507e-25
0,1.98418e+09,1.22104e+07,3.06964e+08,2.59645e+09,-4.44633e+08,-6.36739e+08,-1.26002e+09,0.00103977,0.000160859,2.64342e-24
0,1.86658e+09,-1.12325e+07,2.96207e+08,-1.91845e+09,1.32814e+09,-5.84781e+07,-1.21235e+09,0.00099144,0.000157331,-1.58009e-24
0,2.17859e+09,-1.47696e+07,3.28009e+08,-4.09151e+09,-8.20943e+08,2.08832e+07,-5.51709e+08,0.000977488,0.000147171,-3.4145e-24
0,1.93168e+09,-1.19791e+06,3.0651e+08,1.84677e+09,4.84616e+08,2.41185e+08,-1.36542e+09,0.000997181,0.000158228,8.84754e-25
0,2.11553e+09,-2.56379e+07,3.13112e+08,5.45731e+08,-1.15991e+09,3.71279e+08,-7.30804e+08,0.000985077,0.000145798,5.70128e-25
0,2.08955e+09,1.44503e+07,3.23364e+08,2.12978e+09,5.90187e+08,-9.23457e+07,-6.41291e+08,0.000914708,0.000141554,3.51905e-25
0,1.92699e+09,3.1598e+07,2.97278e+08,-5.33692e+09,-2.02762e+09,-1.95305e+08,6.62456e+08,0.0010071,0.000155366,1.36483e-23
0,2.20384e+09,3.55669e+07,3.23455e+08,6.3136e+09,-5.80463e+08,-1.53525e+08,-6.78678e+08,0.000992592,0.000145682,1.37187e-23
0,1.99361e+09,-5.64809e+06,3.30826e+08,-1.25448e+09,3.69025e+08,1.06844e+08,-7.83633e+08,0.000925541,0.000153587,-9.07247e-26
0,2.07207e+09,7.43256e+07,3.14309e+08,7.86594e+09,1.47523e+09,-3.98935e+08,-5.86202e+08,0.000904551,0.00013721,1.04091e-23
0,1.93763e+09,-2.39764e+06,3.24723e+08,-5.39471e+08,7.27155e+08,-3.33322e+08,-1.07978e+09,0.000970282,0.000162607,-2.37917e-26
0,2.04233e+09,-1.19727e+07,3.22922e+08,-1.04075e+09,-1.57778e+08,1.95674e+08,-9.51109e+08,0.000997356,0.000157697,-1.24046e-26
0,1.98348e+09,1.92062e+07,3.0834e+08,6.47479e+09,1.48106e+09,-5.74053e+07,-7.41717e+08,0.000905007,0.000140687,1.4065e-23
0,1.9408e+09,-1.40976e+06,3.25442e+08,-4.05816e+08,3.42161e+08,6.48929e+07,-1.03183e+09,0.000978655,0.000164105,3.17002e-26
0,1.88509e+09,1.9359e+07,3.05867e+08,3.19875e+09,2.31771e+09,2.48725e+08,-9.93384e+08,0.000923572,0.000149855,2.01396e-24
0,2.22503e+09,4.06706e+07,3.19291e+08,-2.17894e+09,6.91638e+08,-2.24806e+07,5.88391e+07,0.000911582,0.000130811,9.39129e-26
0,2.06992e+09,9.75393e+06,2.83602e+08,-1.02366e+10,-8.57898e+08,-5.11274e+08,-1.9465e+07,0.00107956,0.000147912,1.80453e-23
0,2.23428e+09,2.43272e+07,3.2556e+08,3.3185e+09,-1.05333e+09,-2.39518e+08,-6.26376e+08,0.00100743,0.000146795,3.09016e-24
0,2.08618e+09,-5.18282e+07,2.79549e+08,-6.38622e+09,4.34587e+08,6.99866e+08,-5.64881e+08,0.000943291,0.000126402,-8.51035e-24
0,1.97331e+09,2.13249e+07,2.73575e+08,-8.98185e+08,-2.39684e+09,7.40991e+07,6.0692e+08,0.000999945,0.00013863,-1.83959e-24
0,2.13235e+09,-6.17221e+07,3.09528e+08,1.43782e+09,-8.64914e+08,-1.8188e+08,-2.42003e+08,0.00091294,0.00013252,1.99956e-25
0,1.88052e+09,-3.4237e+07,3.11113e+08,-2.80717e+09,1.35066e+09,3.85412e+08,-1.19159e+09,0.000961727,0.000159108,-2.18427e-24
0,2.17232e+09,-8.51531e+06,3.34419e+08,1.17918e+09,-2.38066e+08,-2.05276e+08,-5.463e+08,0.000929568,0.000143103,4.71585e-26
0,2.10678e+09,-5.50199e+06,3.3419e+08,-1.91704e+09,-3.01212e+08,-2.12969e+06,-5.88616e+08,0.000936621,0.000148573,-2.89148e-25
0,1.97901e+09,-2.01201e+07,3.21485e+08,5.23768e+09,-2.66919e+08,-3.38391e+07,-7.3464e+08,0.000987365,0.000160394,1.30078e-23
0,1.97615e+09,-8.06063e+06,3.30038e+08,5.43092e+08,1.78604e+08,1.32947e+07,-8.71071e+08,0.000983255,0.000164214,-2.21762e-26
0,2.12959e+09,-2.81465e+07,3.36695e+08,-5.70266e+09,2.04108e+08,-1.91382e+08,-4.72842e+08,0.000908563,0.000143646,-5.14997e-24
0,2.12351e+09,-1.03871e+07,3.35649e+08,-2.36181e+08,1.73784e+07,-2.47718e+08,-5.33731e+08,0.000923997,0.00014605,4.28133e-27
0,2.11532e+09,-4.37288e+06,3.43689e+08,1.64127e+08,1.67921e+06,7.54966e+07,-2.61613e+08,0.000937861,0.00015238,-1.88107e-28
0,2.05655e+09,-9.22002e+06,3.39809e+08,1.50338e+09,1.67057e+08,-2.83223e+07,-3.62987e+08,0.00093484,0.000154466,9.01721e-26
0,2.00142e+09,2.22842e+07,3.0909e+08,-6.66569e+09,-1.52143e+09,-1.37388e+08,-7.79984e+08,0.00105651,0.000163162,-4.67106e-23
0,1.96973e+09,1.12946e+07,2.82915e+08,-1.16097e+10,-1.58832e+09,-6.03147e+08,735061,0.00102886,0.000147777,5.12605e-23
0,2.17984e+09,-3.62839e+06,3.28212e+08,3.14074e+09,-6.60493e+08,4.24073e+08,-1.55187e+08,0.000888938,0.000133845,-1.42642e-25
0,1.96626e+09,1.90752e+07,3.03195e+08,6.9181e+09,1.62676e+09,2.11809e+08,-9.38596e+08,0.000950814,0.000146615,3.68271e-23
0,2.10353e+09,1.24985e+07,3.04507e+08,7.77305e+09,-3.58296e+08,2.37945e+08,-7.32794e+08,0.000969929,0.000140407,2.72548e-23
0,2.03768e+09,-4.37726e+07,3.26223e+08,-5.18619e+09,5.78766e+08,-1.39963e+08,-6.12319e+08,0.000920507,0.000147368,-6.93104e-24
0,2.06224e+09,5.0095e+06,3.2992e+08,-1.2677e+09,1.42248e+08,2.15348e+08,-7.21615e+08,0.000930726,0.000148899,-6.42808e-26
0,2.10086e+09,-1.93127e+07,3.25901e+08,4.41421e+09,-3.47481e+08,-1.15069e+08,-5.34161e+08,0.00101012,0.000156697,4.98802e-24
0,1.86806e+09,-1.41077e+07,3.12487e+08,-1.30895e+09,7.02445e+08,2.62396e+08,-1.11155e+09,0.000969416,0.000162163,-1.75848e-25
0,2.16719e+09,4.90547e+06,3.22631e+08,-3.69407e+09,-1.864e+09,-6.74543e+08,-6.89569e+08,0.0010521,0.000156627,-6.11115e-24
0,2.18085e+09,1.74559e+06,3.21196e+08,-3.04938e+09,-1.4596e+09,-2.78064e+08,-7.48228e+08,0.000994669,0.000146495,-3.5824e-24
0,2.01944e+09,1.12642e+07,3.16636e+08,3.99208e+09,-2.63581e+07,-2.52047e+07,-8.82586e+08,0.00097418,0.000152746,5.58396e-24
0,2.15149e+09,-5.11097e+06,3.41891e+08,1.22292e+09,-7.34634e+07,-1.67018e+08,-1.77585e+08,0.000945958,0.000150321,2.265e-26
0,1.81061e+09,3.52371e+06,2.90959e+08,1.61403e+10,1.82174e+09,3.53303e+08,-4.01544e+08,0.00103945,0.000167035,5.17714e-22
0,2.01654e+09,4.22338e+06,3.31834e+08,-7.5456e+07,2.42162e+08,2.88624e+08,-7.07161e+08,0.000932023,0.000153371,-3.15056e-27
0,1.79724e+09,-1.15591e+07,2.59221e+08,7.11811e+08,4.65931e+08,5.95211e+08,-1.38253e+09,0.00108139,0.000155972,-5.65343e-25
0,1.95379e+09,-1.69247e+07,3.21894e+08,-9.55863e+07,3.54838e+08,2.27019e+08,-9.77421e+08,0.000982561,0.00016188,-4.6667e-27
0,2.13872e+09,-2.49853e+07,3.29632e+08,-2.89666e+09,-7.84774e+07,-1.25842e+08,-7.06777e+08,0.000976889,0.000150564,-1.26e-24
0,2.18805e+09,-1.24221e+07,3.21353e+08,-7.77942e+09,-1.8808e+09,-6.12691e+08,-7.45181e+08,0.00103621,0.000152185,-2.72647e-23
0,1.81702e+09,4.37957e+07,2.72099e+08,8.08484e+09,2.29479e+09,-1.84324e+08,-1.10635e+09,0.000954279,0.000142904,7.05316e-23
0,2.04e+09,2.95731e+07,2.96457e+08,9.11872e+09,-2.04201e+09,-4.02421e+08,-2.1431e+08,0.000939514,0.000136532,4.27605e-23
0,2.22657e+09,4.56291e+06,3.22092e+08,5.33419e+09,-1.20403e+09,5.36398e+07,-5.98461e+08,0.000981184,0.000141937,7.78855e-24
0,2.28075e+09,2.17887e+07,3.27473e+08,-4.11009e+09,1.056e+08,1.70835e+08,1.00853e+08,0.000906768,0.000130195,3.10865e-25
0,2.15075e+09,-2.23944e+07,3.26969e+08,8.01886e+08,-7.04698e+07,-3.1402e+08,-4.6475e+08,0.00101152,0.000153777,7.41643e-27
0,2.17182e+09,6.76964e+06,3.28475e+08,8.39169e+08,-8.63508e+08,-1.75542e+08,-4.6799e+08,0.000950241,0.000143719,9.70076e-26
0,2.30573e+09,8.15555e+06,3.3148e+08,-3.30148e+08,7.08953e+07,1.26251e+08,5.72783e+06,0.000874506,0.000125722,4.2731e-29
0,2.08227e+09,-2.07103e+07,3.22517e+08,-9.82189e+08,-2.04862e+08,-8.16315e+07,-9.67466e+08,0.000987138,0.000152895,-1.49344e-26
0,1.95204e+09,1.31171e+07,3.23089e+08,3.10601e+09,2.83894e+08,-9.33006e+07,-1.13019e+09,0.000982978,0.000162696,3.79935e-24
0,2.06563e+09,5.63394e+06,3.18674e+08,2.01462e+08,-8.84921e+08,8.81769e+06,-1.13742e+09,0.00103729,0.000160028,7.98372e-26
0,2.00683e+09,-4.81568e+06,3.22967e+08,-7.43349e+09,-3.88351e+08,-8.26863e+08,-1.47861e+08,0.000904115,0.000145503,4.30486e-25
0,2.06757e+09,-1.23431e+07,3.2249e+08,-1.19667e+09,1.10295e+09,2.2199e+08,-6.5748e+08,0.000900593,0.00014047,1.29996e-26
0,2.00976e+09,-1.31763e+07,3.19417e+08,6.81289e+09,-6.35053e+07,6.06148e+08,-6.23439e+08,0.00101603,0.00016148,2.43426e-23
0,2.13708e+09,-1.35012e+07,3.37461e+08,3.84805e+08,-2.85008e+08,8.74085e+07,-4.32199e+08,0.000939014,0.000148278,4.5396e-27
0,2.1388e+09,-2.31605e+07,3.22856e+08,-1.10566e+10,-1.52421e+09,-5.7715e+08,-6.70077e+08,0.00101279,0.000152882,-6.47767e-23
0,2.22622e+09,-1.07411e+07,3.39831e+08,-1.90669e+09,-1.81536e+08,-2.60294e+08,-3.19965e+08,0.000915743,0.000139788,-6.94017e-26
0,2.09119e+09,2.57378e+06,3.2393e+08,2.40453e+09,-9.33599e+08,-1.76609e+08,-6.71008e+08,0.000997763,0.000154556,1.75782e-24
0,2.05678e+09,1.25048e+07,3.08222e+08,-1.09598e+09,-7.20657e+08,5.23801e+07,-1.00911e+09,0.000981037,0.000147015,-2.49e-25
0,2.02676e+09,-3.57632e+06,2.94824e+08,9.3283e+09,-3.27885e+09,-3.01423e+08,-8.88825e+07,0.000955138,0.00013894,8.9658e-23
0,2.23151e+09,8.21107e+06,3.18743e+08,3.10269e+09,-1.74799e+09,1.34936e+08,-6.33749e+08,0.00100352,0.000143339,4.84017e-24
0,2.0064e+09,3.28786e+06,3.19828e+08,3.79463e+09,8.37912e+08,6.92869e+08,-4.21353e+08,0.000970482,0.000154698,5.70078e-24
0,2.12439e+09,1.94723e+07,3.16179e+08,3.24751e+09,-1.17661e+09,4.01287e+08,-8.34387e+08,0.0010284,0.000153059,3.61314e-24
0,2.25412e+09,-1.57073e+07,3.27649e+08,-3.42696e+09,-4.88082e+08,-2.24612e+08,-4.06142e+08,0.00101875,0.000148081,-1.02317e-24
0,2.19391e+09,-1.09726e+07,3.3784e+08,-5.40044e+09,-5.04469e+08,2.87898e+07,-3.98745e+08,0.000915047,0.000140908,-3.3679e-24
0,1.96905e+09,-2.00315e+07,3.19868e+08,-4.65471e+09,-3.79621e+08,-2.82664e+08,-8.97953e+08,0.000978581,0.000158968,-9.84008e-24
0,2.12191e+09,4.11082e+07,3.29617e+08,-6.75287e+09,-5.82178e+08,-2.71968e+08,3.8995e+08,0.000888289,0.000137986,7.32919e-24
0,2.07504e+09,4.38475e+07,2.96334e+08,3.77499e+09,-9.72959e+08,-2.66195e+08,-1.00335e+09,0.00101149,0.00014445,8.10653e-24
0,2.32791e+09,-147509,3.39191e+08,6.27899e+08,-4.01195e+08,6.19453e+07,-1.09973e+08,0.000881468,0.000128436,3.86022e-27
0,2.07837e+09,-1.3165e+07,3.2594e+08,4.78849e+09,-1.99886e+08,1.89655e+08,-5.05746e+08,0.00104091,0.00016324,6.58517e-24
0,1.97693e+09,-3.54973e+06,3.22448e+08,7.53476e+08,2.16684e+08,4.59669e+08,-9.75032e+08,0.000966151,0.000157585,-6.47193e-26
0,2.27829e+09,-7.36607e+06,3.39758e+08,-3.09769e+09,-4.31237e+08,-1.39707e+08,-2.94457e+08,0.000917245,0.000136787,-3.31076e-25
0,2.07805e+09,175116,3.22302e+08,1.14773e+09,-9.46876e+08,1.84576e+08,-7.29061e+08,0.000992807,0.000153982,5.28105e-25
0,2.07599e+09,3.57465e+07,3.14019e+08,3.3832e+09,-9.52205e+08,-7.16192e+07,-1.01422e+09,0.00102786,0.000155477,6.22719e-24
0,2.1304e+09,-2.66012e+07,2.98765e+08,9.60884e+09,-2.43619e+09,-4.78932e+08,-1.16545e+08,0.000999373,0.000140151,6.08243e-23
0,1.84759e+09,-3.87288e+07,3.05687e+08,-7.33713e+09,7.06986e+08,5.19497e+07,-8.93256e+07,0.0009295,0.000153788,-3.25662e-24
0,2.114e+09,3.07776e+07,2.88992e+08,1.00792e+10,6.26438e+08,4.80213e+08,-4.26606e+08,0.00121173,0.000165648,1.32077e-22
0,2.11285e+09,6.95653e+06,3.31275e+08,1.22493e+09,6.91279e+08,1.24477e+08,-5.28021e+08,0.000893496,0.000140092,7.24464e-26
0,2.1314e+09,9.04132e+06,3.11607e+08,3.93625e+08,-1.20468e+09,2.65714e+08,-9.16505e+08,0.00103952,0.000151976,7.16652e-25
0,2.27461e+09,1.69348e+07,3.34692e+08,3.70552e+07,-7.78329e+08,-1.84508e+08,-5.94993e+07,0.000891412,0.000131164,-9.37642e-27
0,2.13947e+09,-2.07227e+07,3.38289e+08,-7.18468e+09,-3.90353e+08,-4.47629e+08,-4.62736e+08,0.000938546,0.000148401,-9.1655e-24
0,2.06816e+09,3.75116e+07,3.15127e+08,2.68481e+09,1.2047e+08,8.55587e+08,-5.40004e+08,0.000995518,0.000151688,1.03807e-24
0,2.29292e+09,-1.3871e+07,3.23493e+08,-4.90165e+09,-1.68204e+09,1.24523e+07,-5.40447e+08,0.000983925,0.000138816,-7.75243e-24
0,2.17757e+09,-2.03022e+07,3.29138e+08,-8.87846e+09,2.07987e+08,-4.77039e+08,-3.50418e+08,0.000987158,0.000149208,-2.05972e-23
0,2.18996e+09,-1.07958e+07,3.40512e+08,-3.79656e+09,-2.5177e+08,-2.89105e+07,-2.48491e+08,0.000901774,0.000140215,-6.40435e-25
0,2.06144e+09,1.92715e+06,2.71818e+08,5.73648e+09,2.49709e+09,-1.40102e+08,3.75285e+08,0.00109728,0.000144686,-5.35899e-23
0,2.04998e+09,-686751,3.19226e+08,1.88578e+08,-1.64533e+07,4.69868e+08,-8.58899e+08,0.000935345,0.000145654,-3.09557e-26
0,2.10743e+09,-1.18382e+06,3.25224e+08,-6.35221e+07,-1.14207e+09,2.79758e+08,-6.39072e+08,0.00100717,0.000155429,2.63864e-25
0,2.11583e+09,3.20953e+06,3.26254e+08,5.47522e+08,-5.20716e+08,2.14709e+08,-5.90581e+08,0.000943212,0.00014544,3.9769e-26
0,1.97888e+09,3.76976e+06,3.29158e+08,3.13308e+09,9.7337e+08,2.03946e+07,-6.91521e+08,0.000901017,0.000149871,1.6591e-24
0,1.95442e+09,2.28505e+07,3.09066e+08,1.94039e+09,5.37398e+08,7.2251e+07,-1.15388e+09,0.000989795,0.000156523,9.56554e-25
0,1.95227e+09,-3.51699e+07,2.69367e+08,-1.72768e+09,-6.32317e+08,2.25041e+08,-1.18766e+09,0.00107802,0.000148741,-1.19726e-24
0,2.03098e+09,-3.51198e+06,3.13287e+08,-2.43305e+09,-7.89654e+08,4.06689e+08,-9.62533e+08,0.001032,0.000159189,-2.49796e-24
0,1.97456e+09,-3.8822e+07,3.11744e+08,1.4392e+09,1.11056e+09,4.82417e+08,-9.05302e+08,0.000948938,0.000149818,7.44796e-25
0,2.0988e+09,-3.22193e+06,3.43529e+08,5.85605e+08,3.45133e+07,7.60077e+07,-2.85934e+08,0.000940854,0.000153997,3.1917e-27
0,1.99894e+09,-3.46461e+07,3.28007e+08,-4.22406e+09,2.38277e+07,-3.92052e+08,-8.84888e+08,0.0009931,0.000162958,-7.56891e-24
0,2.08513e+09,-2.95924e+07,3.33189e+08,-3.91495e+09,-2.75528e+07,-3.57672e+08,-6.06301e+08,0.000960369,0.000153461,-2.82041e-24
0,2.21045e+09,1.39343e+07,3.01598e+08,-1.41731e+09,1.24892e+09,1.14641e+07,2.86884e+08,0.00104328,0.000142347,7.67373e-25
0,2.00163e+09,-2.7238e+07,3.27075e+08,-2.17411e+09,7.74202e+08,1.7082e+08,-7.85155e+08,0.000958406,0.000156608,-6.37664e-25
0,2.19153e+09,-3.42334e+07,3.18743e+08,-6.60279e+09,-1.03823e+09,-2.70837e+07,-6.33717e+08,0.000985504,0.000143335,-1.51209e-23
0,2.07478e+09,2.11089e+07,2.95201e+08,3.05299e+09,-2.29048e+09,1.88194e+08,-1.16737e+09,0.00108842,0.000154861,2.53178e-23
0,2.23998e+09,4.79229e+07,3.16218e+08,1.17416e+09,9.16419e+08,-9.41989e+07,-8.7741e+07,0.000943107,0.000133138,-8.11488e-26
0,2.1229e+09,1.40658e+07,2.92965e+08,-2.92762e+09,1.19766e+09,-2.09534e+08,3.11094e+08,0.00120554,0.000166366,3.74985e-24
0,2.00931e+09,-1.35254e+07,3.25729e+08,3.25096e+09,4.47595e+08,1.75896e+08,-8.88277e+08,0.00095373,0.000154609,3.0689e-24
0,2.00269e+09,5.59776e+07,3.23185e+08,5.73632e+09,1.72744e+09,2.19647e+08,-7.02859e+08,0.000899591,0.000145172,1.06959e-23
0,2.17529e+09,-1.99492e+07,3.37523e+08,-5.13056e+09,-2.21601e+08,-3.55042e+08,-3.84265e+08,0.000957878,0.000148627,-2.92785e-24
0,2.25673e+09,-5.78754e+06,3.14746e+08,-3.25451e+09,1.13797e+08,3.01534e+08,-2.14885e+08,0.000940064,0.000131111,-3.16928e-25
0,1.94696e+09,8.37372e+06,3.10512e+08,-7.87822e+08,-6.45973e+08,-1.61891e+08,-1.19662e+09,0.00102364,0.000163255,-2.47152e-25
0,1.95437e+09,5.73866e+06,3.29399e+08,3.60864e+09,4.46198e+08,4.08179e+08,-8.90871e+08,0.000970907,0.000163641,5.75789e-24
0,2.03026e+09,3.14932e+06,3.2199e+08,1.87223e+09,-8.81914e+08,2.67229e+08,-1.14887e+09,0.00104341,0.00016548,1.64387e-24
0,2.01092e+09,-3.72138e+07,3.05465e+08,-4.59833e+09,-6.47176e+08,3.56216e+08,-1.02484e+09,0.0010327,0.00015687,-1.59909e-23
0,2.24873e+09,4.57705e+07,3.15332e+08,-2.65967e+09,-4.55584e+08,1.82951e+07,-5.78983e+07,0.000947812,0.000132908,-9.8722e-26
0,2.05934e+09,3.44435e+07,3.2203e+08,-1.37413e+09,-1.92484e+09,3.13974e+08,-5.99256e+08,0.000999632,0.000156318,-2.18743e-24
0,2.02712e+09,5.74515e+07,3.224e+08,6.18827e+09,1.58462e+09,-5.69948e+07,-6.46793e+08,0.000896269,0.000142546,8.28066e-24
0,2.14006e+09,-4.62605e+07,3.16154e+08,-6.76914e+09,-4.70692e+08,4.73085e+07,-8.82632e+08,0.00097851,0.000144556,-2.21711e-23
0,2.04491e+09,3.45251e+07,2.73242e+08,-9.22174e+09,-4.69256e+07,-1.1722e+08,3.25636e+08,0.00107285,0.000143355,4.07647e-23
0,2.01551e+09,-3.38198e+07,3.19928e+08,-3.40303e+09,-3.15062e+08,2.27169e+08,-8.69825e+08,0.000982609,0.000155973,-3.80735e-24
0,2.05947e+09,-5.67182e+07,3.18552e+08,-7.71161e+09,6.6116e+08,4.00356e+08,-6.08485e+08,0.000923677,0.000142871,-1.70145e-23
0,1.82229e+09,-1.94771e+07,2.93495e+08,-7.11201e+08,1.28763e+09,5.16886e+08,-1.34637e+09,0.000991231,0.000159646,-2.01593e-27
0,1.9811e+09,-1.00683e+07,3.26017e+08,2.83595e+08,-5.69118e+08,1.77833e+08,-1.07782e+09,0.00103929,0.00017103,1.25373e-25
0,2.1593e+09,7.73656e+06,3.33495e+08,2.75914e+09,-1.87399e+08,1.05677e+08,-5.44078e+08,0.000931555,0.000143875,6.37886e-25
0,1.89385e+09,4.36217e+07,3.02831e+08,4.92346e+09,1.35835e+09,-2.81263e+08,-1.11566e+09,0.00100509,0.000160717,1.78769e-23
0,2.10458e+09,3.17824e+07,3.33832e+08,3.65502e+09,3.62091e+08,3.22756e+08,-6.14199e+08,0.000946199,0.000150088,2.53211e-24
0,2.09567e+09,4.91271e+07,3.242e+08,7.96935e+09,6.8402e+08,5.94252e+07,-6.0068e+08,0.000926791,0.000143375,2.10924e-23
0,2.03438e+09,-1.6129e+07,3.21715e+08,-1.5823e+09,5.70612e+08,2.50732e+08,-7.30504e+08,0.000926239,0.000146475,-1.46591e-25
0,2.05384e+09,1.99235e+07,3.34287e+08,8.58099e+09,2.47589e+08,5.60993e+08,-8.86212e+07,0.000958489,0.000156005,7.9631e-24
0,1.81573e+09,1.75078e+06,2.83826e+08,-1.62453e+10,-1.78296e+08,-5.7834e+07,-6.65213e+08,0.00105366,0.000164703,-7.47547e-22
0,1.87639e+09,-3.24783e+06,3.02036e+08,5.63229e+09,1.98107e+09,4.76609e+08,-1.16569e+09,0.000956671,0.000153992,3.97106e-23
0,2.04668e+09,-4.6087e+07,3.23929e+08,-6.67475e+09,6.34845e+08,4.0567e+08,-4.82908e+08,0.000913926,0.000144647,-7.91564e-24
0,2.14056e+09,2.10182e+07,3.30846e+08,4.05147e+09,-5.21158e+08,3.01742e+08,-7.38595e+08,0.000986961,0.000152545,3.50262e-24
0,1.98836e+09,1.0296e+07,3.2814e+08,9.09687e+08,1.20789e+07,2.75017e+08,-8.8943e+08,0.000959083,0.000158278,-1.92623e-26
0,2.1396e+09,6.00418e+07,3.19338e+08,-2.78003e+09,4.94971e+08,-1.00138e+08,1.55104e+07,0.000892897,0.000133266,-7.94349e-27
0,2.0116e+09,-6.84e+07,2.9554e+08,-7.98025e+09,-7.0174e+08,2.2131e+08,-1.15156e+09,0.00104604,0.000153683,-9.3881e-23
0,1.88431e+09,-3.05381e+07,2.70336e+08,-2.66283e+09,3.33392e+08,2.49405e+08,-1.14788e+09,0.00103829,0.000148961,-3.38217e-24
0,2.05025e+09,-1.1987e+07,3.1101e+08,-2.80128e+09,-6.90375e+08,1.68113e+08,-1.11246e+09,0.00102976,0.000156209,-3.57042e-24
0,1.87614e+09,4.91467e+06,2.6698e+08,-6.37269e+09,-1.26409e+09,-3.16944e+08,4.05122e+08,0.00102975,0.000146536,2.85224e-23
0,1.85714e+09,2.90016e+07,2.75984e+08,7.76955e+09,3.62495e+08,-7.15414e+07,-1.37324e+09,0.00103442,0.000153721,1.33539e-22
0,1.95756e+09,-3.20447e+07,3.13597e+08,-5.33128e+09,2.03249e+08,4.44228e+08,-9.46791e+08,0.000993201,0.000159108,-1.75279e-23
0,1.93139e+09,2.89311e+07,3.18187e+08,-1.04488e+09,1.38139e+09,-4.22465e+08,-1.07267e+09,0.000980508,0.000161534,-4.96722e-25
0,2.02509e+09,2.39752e+07,3.14075e+08,6.80971e+09,1.47454e+08,6.05106e+08,-3.11515e+08,0.000982591,0.000152392,1.18868e-23
0,1.92831e+09,1.91223e+07,3.07744e+08,1.00367e+09,5.34598e+08,8.89677e+07,-1.36831e+09,0.000999051,0.000159441,-4.18706e-26
0,1.84233e+09,743924,2.73475e+08,-2.15726e+09,1.18676e+08,5.84457e+07,-1.21871e+09,0.00104277,0.000154788,-1.93814e-24
0,1.87893e+09,2.37875e+07,3.03958e+08,3.43164e+09,-8.10577e+07,-3.40545e+07,-1.02832e+09,0.000989311,0.000160043,6.1465e-24
0,2.00829e+09,-2.0671e+07,3.26065e+08,1.87752e+09,5.95693e+08,6.08831e+08,-8.00516e+08,0.000947763,0.000153879,9.16579e-25
0,1.90929e+09,-7.8625e+07,3.1069e+08,-3.31922e+08,-1.14558e+08,2.90169e+08,-5.94667e+08,0.000931803,0.000151628,1.21899e-26
0,2.13338e+09,2.15073e+07,3.31881e+08,6.91771e+09,5.61489e+07,3.86623e+08,-6.38607e+08,0.000929125,0.00014454,1.3227e-23
0,2.14745e+09,3.84663e+07,3.3037e+08,-7.2358e+09,-6.63638e+08,-2.27349e+08,2.96468e+08,0.000894957,0.000137683,6.81593e-24
0,2.05146e+09,-1.17497e+07,3.12798e+08,-2.3443e+09,-1.16951e+09,-6.34452e+08,3.72907e+08,0.000928274,0.000141539,1.35539e-24
0,2.00482e+09,2.85588e+07,3.14067e+08,5.81643e+09,1.91468e+08,7.83798e+08,-4.70124e+08,0.000995236,0.00015591,1.28078e-23
0,2.03324e+09,-1.42612e+07,3.14788e+08,-1.86738e+09,1.11735e+09,4.86998e+07,-6.56527e+08,0.000899209,0.000139217,-1.76953e-25
0,2.07957e+09,-8.00942e+07,3.02954e+08,-1.1429e+10,2.09448e+08,4.04165e+08,-9.31828e+08,0.00100619,0.000146583,-1.429e-22
0,2.08375e+09,4.48497e+07,3.04528e+08,1.26685e+10,1.31414e+09,2.42906e+08,-3.76573e+08,0.00103243,0.000150883,1.06313e-22
0,1.71556e+09,-7.16212e+06,2.53409e+08,-4.27552e+09,-1.99003e+09,1.32687e+08,5.34573e+08,0.00101189,0.000149469,-3.18255e-24
0,1.88974e+09,-9.59926e+06,2.88205e+08,3.63251e+09,-1.61745e+09,-5.03875e+08,-9.75958e+08,0.00105073,0.000160247,2.27461e-23
0,2.04234e+09,5.419e+07,3.09909e+08,6.55799e+09,2.82115e+08,-1.31044e+08,-1.07341e+09,0.00101506,0.000154027,3.53174e-23
0,2.03456e+09,2.38068e+07,3.19305e+08,6.01786e+09,-7.17558e+08,1.20705e+08,-9.4201e+08,0.000999642,0.000156884,2.3381e-23
0,1.94127e+09,-5.26663e+06,3.10848e+08,5.12527e+09,-8.18387e+07,-1.54394e+08,-5.33428e+08,0.000934242,0.000149596,7.41701e-24
0,2.01704e+09,-5.89289e+06,3.33334e+08,3.14005e+09,2.43609e+08,5.29895e+08,-6.60586e+08,0.000957158,0.000158179,2.21668e-24
0,2.14023e+09,2.16206e+07,3.33229e+08,2.79985e+09,-1.19944e+08,3.18211e+08,-6.12304e+08,0.000952133,0.000148245,7.85407e-25
0,2.19437e+09,1.66975e+07,3.34037e+08,4.39874e+09,-1.82708e+08,2.0609e+08,-5.1138e+08,0.000916442,0.000139505,2.06216e-24
0,1.99603e+09,2.61796e+07,3.20459e+08,1.86212e+09,2.43237e+08,-3.26669e+08,-9.42755e+08,0.000966254,0.000155131,4.08688e-25
0,2.07789e+09,1.74812e+07,3.30989e+08,6.17237e+09,3.01118e+08,4.45591e+08,-6.91675e+08,0.000921142,0.000146729,1.20759e-23
0,2.08037e+09,2.24945e+07,3.17354e+08,5.49197e+09,-8.25092e+08,7.54679e+08,-3.27003e+08,0.00103115,0.000157299,-1.19062e-24
0,2.18152e+09,6.51188e+07,3.01069e+08,-7.63254e+09,-9.19818e+08,5.47735e+08,1.6411e+08,0.000971128,0.000134024,-8.2802e-25
0,2.09303e+09,3.0902e+07,3.17831e+08,3.74151e+09,-6.67949e+08,1.11038e+08,-8.47008e+08,0.000983294,0.000149316,4.17877e-24
0,2.09135e+09,-8.1868e+06,3.31699e+08,3.40822e+09,-2.47757e+08,-1.35937e+07,-7.48739e+08,0.000989619,0.000156959,2.74169e-24
0,1.64697e+09,5.15071e+07,2.72297e+08,4.06538e+09,-1.99181e+08,1.10586e+06,6.3455e+08,0.0011673,0.000192992,-2.99394e-23
0,1.78976e+09,2.49221e+07,2.91882e+08,3.00544e+09,8.98549e+08,1.29311e+08,-1.58948e+09,0.00103166,0.000168248,1.05137e-23
0,2.02232e+09,-4.299e+07,3.31401e+08,-4.88688e+09,8.44235e+08,1.19164e+08,-4.95779e+08,0.000879776,0.000144171,-3.09384e-24
0,1.83035e+09,5.00431e+07,3.1259e+08,-6.12551e+08,-2.69377e+08,5.13972e+07,-1.08445e+09,0.00103844,0.000177346,1.01438e-25
0,2.13989e+09,-7.20957e+06,3.16625e+08,-2.45016e+08,-1.64722e+09,7.9895e+07,-1.05331e+09,0.00103926,0.000153771,-1.24033e-25
0,2.14837e+09,-2.2229e+07,3.3092e+08,-6.01183e+09,-5.3353e+08,-4.11675e+08,-7.29714e+08,0.000986396,0.000151937,-1.08809e-23
0,2.0856e+09,2.20435e+07,3.20249e+08,2.98634e+08,-4.37571e+08,-5.56702e+08,-9.06731e+08,0.00100559,0.000154412,-1.25475e-25
0,2.21596e+09,2.93504e+07,3.10046e+08,-3.96402e+09,-2.21094e+09,-2.77747e+08,-1.09983e+08,0.000972299,0.000136039,-4.91737e-24
0,2.05779e+09,-1.10807e+07,3.31573e+08,3.46408e+09,1.95224e+08,3.478e+08,-7.31987e+08,0.000969676,0.000156244,2.90209e-24
0,2.04822e+09,-7.44593e+07,3.15778e+08,-1.23664e+10,8.51283e+08,-1.07834e+08,-7.97434e+08,0.000946889,0.000145984,-1.30963e-22
0,2.18615e+09,3.28304e+07,3.10091e+08,1.07551e+10,1.33054e+09,-3.53504e+07,-1.49331e+07,0.00107683,0.000152741,-5.47526e-24
0,2.10727e+09,-9.21795e+06,3.22231e+08,-3.28884e+08,-5.65314e+08,-1.83106e+08,4.0629e+08,0.000901038,0.000137782,3.24682e-27
0,2.1369e+09,1.52816e+07,2.93594e+08,7.75107e+09,7.69171e+08,7.51555e+08,4.13815e+08,0.00100247,0.000137731,-6.92242e-24
0,2.13005e+09,1.89651e+07,3.19066e+08,5.62865e+09,-7.65465e+08,3.17025e+08,-7.11774e+08,0.000967448,0.000144917,8.62726e-24
0,2.15192e+09,3.04898e+07,3.21763e+08,8.37285e+09,-9.60371e+08,1.41678e+08,-6.34174e+08,0.000964043,0.000144147,2.67608e-23
0,1.923e+09,-1.08726e+07,3.10364e+08,-8.62361e+08,1.40918e+09,-2.2629e+07,-1.00693e+09,0.000975942,0.000157513,-2.29054e-26
0,2.1181e+09,-3.4864e+06,3.43629e+08,-1.3343e+09,5.43073e+07,-9.64447e+07,-2.73687e+08,0.000935352,0.000151746,-4.3416e-26
0,1.93664e+09,4.33776e+06,2.80256e+08,1.74801e+08,-4.90651e+08,1.27636e+08,-1.07748e+09,0.00103335,0.000149539,6.84299e-26
0,2.0981e+09,-1.09143e+07,2.9464e+08,-3.48222e+09,-2.4645e+09,1.78206e+08,-1.20903e+09,0.00109855,0.000154271,-3.49562e-23
0,2.08127e+09,-3.20413e+07,3.33848e+08,-6.89683e+09,2.01165e+08,-7.0113e+08,-6.28032e+08,0.000945838,0.000151718,-1.72333e-23
0,2.06622e+09,3.10332e+07,3.24115e+08,1.46241e+09,4.58841e+08,-2.88357e+08,-6.98676e+08,0.000965876,0.000151511,1.16385e-25
0,1.83528e+09,1.12772e+07,2.97529e+08,6.63398e+09,-8.13869e+08,-1.75092e+08,-1.15347e+09,0.00104041,0.000168667,8.53464e-23
0,2.13926e+09,3.23571e+07,3.16355e+08,4.18569e+09,-8.61348e+08,3.21333e+08,-7.76204e+08,0.000978407,0.000144687,4.15015e-24
0,2.29647e+09,1.0042e+07,3.24436e+08,6.11609e+09,-8.17091e+07,-1.3173e+07,-6.14757e+07,0.000948388,0.000133985,6.82178e-25
0,2.2395e+09,867189,3.36926e+08,2.39989e+08,-8.52547e+08,8.07043e+07,-5.27385e+08,0.000984663,0.000148139,6.00931e-26
0,2.1583e+09,-9.703e+06,3.36304e+08,-1.3104e+09,-5.42792e+08,-9.29054e+06,-5.11466e+08,0.000993789,0.000154851,-1.63703e-25
0,2.11286e+09,-2.61986e+07,3.09493e+08,2.02757e+09,-1.04766e+09,-3.89247e+08,-6.04938e+08,0.00106921,0.000156619,1.69273e-24
0,2.16389e+09,-2.49235e+07,3.30928e+08,-3.85211e+09,-3.03392e+08,-2.27317e+08,-6.49977e+08,0.000953734,0.000145857,-2.21836e-24
0,2.05608e+09,1.00688e+07,3.12306e+08,1.20669e+09,-9.18403e+08,4.18953e+08,-1.11355e+09,0.00103255,0.000156837,8.18208e-25
0,2.00324e+09,-4.21762e+07,3.1817e+08,5.155e+09,4.17705e+08,2.60606e+08,-4.28903e+08,0.000998408,0.000158574,8.34805e-24
0,2.0781e+09,4.08698e+06,3.03507e+08,-2.27076e+09,-1.42352e+09,-6.15459e+08,-1.13331e+09,0.00106176,0.000155071,-4.25405e-24
0,2.1255e+09,2.38938e+07,3.16227e+08,2.57818e+09,-9.05221e+08,3.81016e+08,-8.3541e+08,0.00099689,0.000148315,1.35959e-24
0,2.02562e+09,-2.20131e+07,3.16269e+08,-2.55977e+09,-9.16269e+08,-5.07329e+08,-8.80091e+08,0.000971135,0.000151627,-1.2199e-24
0,2.08115e+09,-7.24663e+06,3.22167e+08,7.81414e+08,-1.04733e+09,2.07494e+08,-7.95978e+08,0.00100901,0.000156197,5.69088e-25
0,2.08042e+09,1.0673e+06,3.10417e+08,-2.8579e+09,-2.12089e+09,1.20616e+08,-7.05931e+08,0.00100804,0.000150408,-1.03368e-23
0,2.13504e+09,-7.73666e+06,3.25372e+08,-1.11308e+09,-8.48393e+08,-3.78966e+08,-7.53635e+08,0.000987362,0.000150471,-3.06147e-25
0,2.06089e+09,-3.07571e+07,2.92562e+08,-7.8495e+08,-1.40406e+09,-2.17377e+08,-7.32367e+08,0.0011175,0.000158639,-2.05395e-24
0,2.18649e+09,-2.34554e+07,3.34839e+08,-5.18622e+09,-2.31501e+08,-3.21205e+08,-5.384e+08,0.000945248,0.000144755,-4.06726e-24
0,2.25617e+09,1.5283e+07,3.35094e+08,6.07841e+08,-8.37101e+08,-2.85589e+08,-1.56876e+08,0.000903497,0.00013419,1.22064e-26
0,2.12711e+09,-3.28706e+07,3.34209e+08,-6.92067e+09,2.77228e+08,-5.39414e+08,-5.40034e+08,0.000920763,0.000144669,-1.21576e-23
0,2.07074e+09,-1.15303e+07,3.1607e+08,-1.32873e+09,-8.09782e+08,3.1299e+08,-1.06784e+09,0.00104435,0.000159406,-3.70918e-25
0,1.95633e+09,3.89252e+06,3.08553e+08,4.5243e+09,1.97934e+08,-7.58081e+07,-9.81143e+08,0.000962952,0.000151877,9.95141e-24
0,2.15747e+09,1.48177e+07,3.33163e+08,5.77425e+09,2.50069e+08,2.81669e+08,-5.00008e+08,0.000917192,0.000141636,5.71718e-24
0,2.15225e+09,-1.83848e+07,3.1457e+08,1.991e+09,-1.43699e+08,-2.14446e+08,-4.47455e+08,0.0010189,0.000148922,3.39152e-25
0,2.17554e+09,-5.08635e+07,2.95848e+08,-2.86653e+09,-9.38278e+08,5.14524e+08,-6.23313e+08,0.00100456,0.000136608,-2.23959e-24
0,2.08195e+09,-2.18043e+07,3.05047e+08,-3.20336e+09,-3.33383e+08,2.30949e+08,-1.00306e+09,0.000977824,0.000143271,-2.94227e-24
0,2.24864e+09,1.69304e+07,3.33517e+08,2.36278e+09,-4.55587e+08,1.26618e+08,-3.20353e+08,0.000902282,0.000133826,1.68936e-25
0,1.91264e+09,1.71224e+07,3.05845e+08,1.90633e+09,-4.21176e+08,-1.91656e+08,-1.45699e+09,0.00103254,0.000165111,1.01477e-24
0,2.13166e+09,1.74263e+07,3.32052e+08,2.08713e+09,-3.41927e+08,3.30392e+08,-7.33246e+08,0.000978255,0.000152384,3.58604e-25
0,2.33397e+09,-6137.81,3.44895e+08,1.08025e+07,-5.75087e+07,281965,-2.51003e+07,0.000861551,0.000127313,1.91525e-31
0,2.18826e+09,-2.18974e+07,3.32317e+08,-4.82234e+09,-5.80292e+08,-2.42912e+08,-6.94524e+08,0.000983321,0.00014933,-5.18618e-24
0,2.03818e+09,4.00172e+07,3.24852e+08,2.39797e+09,7.7539e+08,7.26836e+07,-8.14079e+08,0.000947784,0.000151061,1.06257e-24
0,1.98829e+09,1.67363e+07,3.12526e+08,1.6701e+09,5.18987e+08,-1.13042e+08,-1.0481e+09,0.000959159,0.000150763,3.62138e-25
0,1.92138e+09,-5.85933e+07,2.96953e+08,-8.35206e+09,-3.52258e+08,2.26361e+08,-1.26499e+09,0.00104534,0.000161559,-1.40776e-22
0,2.02646e+09,-2.63806e+07,2.97283e+08,2.54874e+08,-1.05598e+09,-2.12923e+08,-1.26642e+09,0.00111403,0.000163429,-4.96683e-25
0,1.96855e+09,2.03613e+07,3.20258e+08,-1.77482e+08,1.34073e+08,-6.44547e+08,-9.55272e+08,0.000978728,0.000159227,1.04945e-25
0,2.10019e+09,1.26683e+07,3.21632e+08,3.4481e+09,-1.06187e+09,6.06564e+08,-8.01162e+08,0.00102254,0.000156596,2.21123e-24
0,2.12608e+09,-1.2464e+07,3.38209e+08,-6.49845e+09,5.02566e+07,-2.90799e+08,-4.08718e+08,0.000909069,0.000144612,-6.46337e-24
0,1.90984e+09,-5.49423e+06,3.08033e+08,-1.19846e+09,1.14047e+09,2.74485e+08,-1.30729e+09,0.000988327,0.000159404,-1.56608e-25
0,2.13189e+09,1.09076e+07,2.6837e+08,-5.10605e+09,-9.57366e+07,2.74169e+07,2.37561e+08,0.00102221,0.00012868,3.18071e-24
0,2.17596e+09,-2.73737e+07,3.32316e+08,-6.68318e+09,-4.32857e+08,-3.44045e+08,-6.58833e+08,0.000956724,0.000146113,-1.1513e-23
0,1.99454e+09,6.42672e+07,3.0194e+08,7.09554e+09,7.51e+08,-2.09896e+08,-7.81316e+08,0.000950153,0.000143837,2.5118e-23
0,2.05578e+09,-2.52674e+07,3.3686e+08,-4.48397e+09,4.94167e+08,-1.53646e+08,-4.62699e+08,0.000902922,0.000147953,-3.0372e-24
0,2.09141e+09,-2.5351e+07,3.34501e+08,-5.92495e+09,8.16951e+07,-3.49168e+08,-6.57613e+08,0.000955847,0.000152879,-1.09298e-23
0,1.93118e+09,3.24213e+07,2.72501e+08,3.00682e+09,-1.05444e+08,-2.23902e+08,-1.03633e+09,0.00103316,0.000145785,4.37336e-24
0,2.07877e+09,8.93815e+06,3.13031e+08,-1.53772e+10,-1.36022e+09,-5.93932e+08,-1.75177e+08,0.00101296,0.000152536,-1.25058e-23
0,2.09429e+09,5.72737e+06,3.18192e+08,1.18597e+09,-9.79391e+08,4.61936e+08,-9.27649e+08,0.00103039,0.00015655,7.33159e-25
0,2.02631e+09,-2.88821e+07,3.22147e+08,-4.3581e+09,-3.80342e+08,1.02081e+08,-9.40373e+08,0.00103138,0.000163971,-1.06937e-23
0,2.06835e+09,-2.74178e+07,3.05632e+08,-3.21674e+09,-1.20634e+09,-4.8683e+08,-1.09125e+09,0.00111031,0.000164065,-7.33661e-24
0,2.19321e+09,-1.53723e+07,3.37212e+08,4.0845e+09,1.39088e+08,3.64289e+08,4.24872e+08,0.00093996,0.000144522,-1.44992e-24
0,1.92598e+09,-7.06013e+07,3.03543e+08,-8.8936e+09,2.83244e+08,1.69358e+08,-1.08843e+09,0.00101886,0.000160578,-1.23368e-22
0,2.03962e+09,-4.17332e+07,3.01635e+08,-1.59405e+09,-1.02529e+09,-4.34875e+08,-9.45148e+08,0.00108961,0.00016114,-1.62681e-24
0,2.26888e+09,1.23322e+06,3.23018e+08,-8.73504e+08,-8.92912e+07,-1.03251e+07,-2.1672e+08,0.000898578,0.00012793,-5.43152e-27
0,2.21935e+09,5.74339e+07,3.09501e+08,-6.14199e+09,8.21248e+07,7.02365e+08,3.54886e+08,0.000944253,0.000131681,4.69054e-24
0,2.00138e+09,3.73451e+06,3.12137e+08,-7.01011e+08,2.38691e+08,1.83291e+08,-9.77489e+08,0.00100542,0.000156807,3.07805e-26
0,2.12521e+09,7.26909e+07,2.89832e+08,-3.12035e+09,-1.67468e+08,1.53016e+08,3.13241e+08,0.00103297,0.000140875,9.47574e-25
0,2.04303e+09,-1.93486e+07,2.68566e+08,-3.3238e+09,-1.28025e+09,-5.58953e+08,2.5318e+08,0.00106556,0.000140073,4.42343e-24
0,2.12161e+09,-1.41584e+07,3.40208e+08,-3.22366e+09,1.54333e+08,8.02293e+06,-2.76405e+08,0.000907607,0.000145538,-5.26842e-25
0,2.21784e+09,9.19653e+06,3.21213e+08,2.81457e+09,-1.54446e+09,2.04469e+08,-7.51044e+08,0.00101818,0.000147465,3.87449e-24
0,2.03576e+09,-5.25101e+06,3.19469e+08,-9.15865e+08,-5.82736e+08,4.72072e+08,-9.3769e+08,0.00103215,0.000161974,1.23221e-25
0,2.06965e+09,-1.02886e+07,3.30679e+08,-3.37327e+09,-1.01427e+09,-2.64089e+08,-2.40799e+07,0.00097857,0.000156351,1.48278e-25
0,1.99913e+09,-3.79844e+07,3.25881e+08,-5.55503e+09,9.93009e+07,-2.32883e+08,-8.00536e+08,0.00101297,0.000165125,-1.81764e-23
0,2.01172e+09,-1.65855e+07,3.14331e+08,-7.64553e+09,-9.52341e+08,-3.51595e+08,-8.32033e+08,0.000990582,0.000154778,-3.87303e-23
0,2.02197e+09,-2.10361e+07,3.31667e+08,-4.64615e+09,6.30737e+08,-1.05639e+08,-7.45583e+08,0.000930974,0.000152709,-6.54288e-24
0,2.15012e+09,-8.23199e+06,3.07418e+08,-2.0727e+09,-7.58974e+08,-8.54394e+07,2.78529e+08,0.000927632,0.00013263,1.47611e-25
0,1.95837e+09,4.2454e+07,3.16793e+08,2.0201e+09,5.35046e+08,-4.24083e+08,-9.49108e+08,0.000985362,0.000159396,5.95666e-25
0,1.99984e+09,-1.28513e+07,3.224e+08,-2.69765e+09,-6.86758e+08,-2.01714e+08,-1.17427e+09,0.00105846,0.000170638,-3.73045e-24
0,2.14726e+09,-4.98881e+07,3.22588e+08,-8.20751e+09,3.4805e+08,4.45152e+07,-6.53958e+08,0.000948162,0.000142444,-2.39996e-23
0,2.05429e+09,1.09469e+07,3.22824e+08,1.51044e+09,-6.09457e+08,-1.61251e+08,-8.35437e+08,0.000987611,0.000155199,4.02468e-25
0,2.08815e+09,3.54736e+07,3.22562e+08,3.21996e+09,2.35452e+08,1.67472e+08,-7.8827e+08,0.00094688,0.000146267,2.00748e-24
0,2.08867e+09,-1.97476e+07,3.28057e+08,-3.19071e+09,-1.7212e+08,-2.44889e+08,-8.58818e+08,0.000973033,0.000152829,-2.13072e-24
0,2.0209e+09,-8.465e+06,3.32024e+08,-3.53185e+09,-7.29632e+08,-1.49147e+08,4.27994e+07,0.000965124,0.000158566,3.61917e-25
0,2.04635e+09,-4.95245e+07,3.09215e+08,-9.86119e+09,-4.60914e+08,-6.12356e+08,-9.24446e+08,0.00104988,0.000158643,-1.11546e-22
0,2.1124e+09,-6.34608e+07,2.85404e+08,-6.98443e+09,-6.17653e+08,7.33026e+08,-7.86422e+08,0.00102475,0.000138453,-3.39914e-23
0,2.09618e+09,3.825e+07,3.24396e+08,5.83571e+09,3.70343e+08,4.58908e+07,-6.74612e+08,0.000924122,0.000143013,8.99547e-24
0,2.00764e+09,-1.0762e+07,3.35175e+08,-3.28361e+09,6.73368e+08,-9.76961e+07,-6.46132e+08,0.000922328,0.000153983,-2.05179e-24
0,2.11661e+09,-1.35757e+06,3.44706e+08,5.24132e+08,-1.76316e+07,2.5429e+07,-1.07933e+08,0.000926907,0.000150954,9.30383e-28
0,1.9843e+09,4.35095e+07,3.08797e+08,2.24334e+09,3.06799e+08,-7.3748e+08,-9.90283e+08,0.000994978,0.000154839,6.90613e-25
0,1.98306e+09,-2.85583e+07,3.17462e+08,-3.98247e+09,-3.98342e+08,-2.42213e+08,-1.26606e+09,0.00104175,0.00016677,-1.11219e-23
0,2.1931e+09,-5.81698e+07,3.04097e+08,-2.1302e+09,-1.18522e+09,3.73533e+08,-8.78232e+07,0.000897701,0.000124476,-4.8751e-25
0,2.06979e+09,1.16802e+07,3.15429e+08,2.90768e+09,-2.94577e+08,-6.31511e+08,-8.56512e+08,0.00098098,0.000149498,1.87778e-24
0,2.01219e+09,-1.18205e+07,3.22465e+08,-5.63327e+09,4.23494e+08,1.6818e+07,-7.30638e+08,0.000917379,0.000147015,-1.01713e-23
0,2.10676e+09,-2.60352e+07,3.36587e+08,-6.2652e+09,5.99925e+08,-3.06745e+08,-4.93886e+08,0.000896493,0.000143229,-8.0522e-24
0,1.82151e+09,-1.2323e+07,2.93548e+08,1.13125e+09,1.98209e+09,-2.01082e+08,-1.21256e+09,0.000965255,0.000155557,-3.65342e-25
0,1.82329e+09,-1.34525e+06,2.92605e+08,-1.26216e+09,2.34382e+09,-7.7136e+07,-1.20183e+09,0.000955459,0.000153334,1.11287e-24
0,2.16189e+09,4.32834e+06,2.79094e+08,-4.30404e+09,1.13973e+09,-1.37432e+08,2.59601e+08,0.00102585,0.000132434,2.82021e-24
0,2.03895e+09,-3.07188e+07,3.14999e+08,-1.19167e+10,-5.44291e+08,-3.83098e+08,-7.4881e+08,0.00102446,0.00015827,-1.50674e-22
0,1.97077e+09,-2.03645e+07,3.23494e+08,-4.64935e+09,-2.08152e+08,-9.4083e+07,-1.12689e+09,0.00102834,0.000168797,-1.64019e-23
0,2.24119e+09,-3.41248e+06,2.98337e+08,-9.68658e+07,5.77075e+08,-1.30206e+08,1.1378e+08,0.000959359,0.000127705,8.22657e-27
0,1.91847e+09,-1.22278e+07,3.02815e+08,2.24823e+09,1.02257e+09,3.37344e+07,-1.13871e+09,0.000997301,0.000157416,2.03057e-24
0,2.07223e+09,-5.02669e+07,3.21874e+08,-5.65556e+09,4.26925e+08,-1.2419e+08,-8.38932e+08,0.00096462,0.000149832,-1.35686e-23
0,1.75876e+09,6.47438e+07,2.58396e+08,-7.05961e+09,-1.21788e+09,-4.1564e+08,6.89766e+08,0.001009,0.000148241,7.91353e-23
0,1.90876e+09,-3.14754e+07,3.14105e+08,-1.27789e+09,1.06956e+09,4.26141e+08,-1.15024e+09,0.000994302,0.000163622,-1.17696e-25
0,2.1221e+09,-2.71258e+07,3.14935e+08,-5.82835e+09,-8.9931e+08,1.3669e+08,-9.42253e+08,0.00100068,0.000148508,-1.9946e-23
0,1.80821e+09,1.06762e+07,2.54895e+08,4.02358e+09,7.24113e+08,1.17234e+07,-1.22939e+09,0.0010575,0.000149071,2.12733e-23
0,2.07375e+09,7.88723e+06,3.27519e+08,1.58698e+09,-1.84734e+08,5.82636e+07,-7.81562e+08,0.000967948,0.000152873,2.16492e-25
0,2.1265e+09,-1.11601e+06,3.44287e+08,7.97982e+08,-3.04087e+07,6.7645e+07,-1.92134e+08,0.000930696,0.000150682,5.51767e-27
0,1.99997e+09,-1.2792e+07,3.10923e+08,2.39111e+09,3.5175e+08,-7.31049e+07,-9.46021e+08,0.00100896,0.000156857,1.45317e-24
0,2.08619e+09,-5.92466e+06,3.21788e+08,1.09056e+09,-6.18038e+08,-1.50688e+08,-1.01864e+09,0.00100668,0.000155278,1.45061e-25
0,2.0746e+09,-9.82342e+06,2.96489e+08,1.94471e+09,-1.48583e+09,5.50475e+08,-9.83588e+08,0.00104797,0.000149769,3.74016e-24
0,2.10079e+09,-2.40902e+06,3.04004e+08,-1.16046e+10,-1.83637e+09,3.03681e+07,-4.28688e+08,0.000995078,0.000143997,-8.43696e-23
0,1.98193e+09,-2.26742e+07,3.15773e+08,-6.80155e+08,5.78866e+08,3.79821e+08,-1.11658e+09,0.000999797,0.000159294,2.23482e-26
0,2.29983e+09,2.04432e+07,3.30321e+08,-4.45935e+09,2.07599e+08,1.28178e+08,1.54226e+08,0.000917247,0.000131743,6.16898e-25
0,2.04579e+09,-2.15883e+07,3.01863e+08,-1.5692e+08,1.18145e+09,-6.49198e+07,-7.20557e+08,0.000956276,0.000141101,1.24408e-26
0,2.16132e+09,1.80941e+07,3.14625e+08,-4.4653e+09,-9.47443e+08,4.21488e+07,1.70969e+08,0.000938396,0.000136603,4.55754e-25
0,2.10842e+09,-8.41562e+06,3.23251e+08,-2.61362e+09,-9.02771e+08,-2.91569e+07,-7.77584e+08,0.000989025,0.000151631,-1.92004e-24
0,1.91155e+09,1.97133e+07,3.14903e+08,1.34033e+09,1.87448e+09,-2.37668e+08,-9.56971e+08,0.000922107,0.000151905,-3.86283e-25
0,2.09037e+09,-1.2405e+07,3.34063e+08,-3.03642e+09,7.40673e+07,-2.87061e+08,-6.60956e+08,0.000943703,0.000150814,-1.33613e-24
0,2.21622e+09,-1.41902e+07,3.17811e+08,-3.87722e+09,-1.45201e+09,-3.59916e+08,-6.69908e+08,0.000981404,0.000140735,-3.80666e-24
0,2.01603e+09,-4.56972e+06,3.25758e+08,2.09734e+08,-3.32259e+08,-7.55205e+07,-9.78878e+08,0.000991762,0.000160252,-2.70854e-26
0,2.15105e+09,4.01641e+06,3.13242e+08,-1.91753e+09,-1.58248e+09,-5.38556e+08,-7.53987e+08,0.00102432,0.000149165,-2.70283e-24
0,2.14016e+09,3.91526e+07,3.20853e+08,6.9312e+09,-2.90891e+08,3.1776e+08,-6.9075e+08,0.000947689,0.000142077,1.45385e-23
0,2.31032e+09,-316438,3.27305e+08,-9.70746e+08,3.17869e+08,1.54891e+08,-1.3617e+06,0.000899872,0.000127486,5.17504e-27
0,1.86742e+09,-1.76506e+07,3.22126e+08,-3.64009e+09,7.39006e+08,-2.47943e+08,-1.17787e+09,0.000989896,0.000170755,-1.04342e-23
0,2.16009e+09,2.42842e+06,3.20829e+08,1.46634e+08,-1.16655e+09,-3.03476e+08,-7.61057e+08,0.00102785,0.000152662,-2.97556e-25
0,2.03443e+09,-1.20842e+07,3.2675e+08,-1.23184e+09,-1.31242e+07,2.89268e+07,-9.70059e+08,0.00100403,0.000161258,-8.04556e-26
0,2.1607e+09,-2.45341e+07,3.22104e+08,-2.12174e+09,-2.4006e+08,-2.16086e+08,-4.67232e+08,0.00091021,0.000135689,-1.8867e-25
0,2.04049e+09,-5.42042e+06,3.10431e+08,3.52055e+09,3.39988e+08,-1.96616e+08,-8.72249e+08,0.000979108,0.000148957,3.46062e-24
0,2.09365e+09,1.49136e+07,3.15919e+08,-4.12749e+09,-8.67715e+08,-1.23059e+08,1.3292e+08,0.000920303,0.000138868,7.07118e-25
0,2.17279e+09,-1.03306e+07,3.1951e+08,-3.2374e+09,-1.40009e+09,-3.98785e+08,-7.95123e+08,0.00102047,0.000150061,-3.91737e-24
0,1.84434e+09,-1.60136e+07,3.17895e+08,-1.75937e+09,1.00741e+09,-1.87653e+07,-1.28638e+09,0.000977135,0.000168422,-1.12303e-24
0,2.18322e+09,-194382,3.28217e+08,-6.92326e+08,-1.28958e+09,3.76312e+07,-4.38741e+08,0.00101307,0.000152301,-3.61283e-25
0,2.17132e+09,2.80302e+07,3.33968e+08,8.05531e+09,-3.78948e+08,4.78173e+08,-6.12792e+08,0.000944025,0.000145199,1.7329e-23
0,2.03398e+09,-2.48216e+07,3.24206e+08,-4.30458e+09,-5.17901e+07,-3.21458e+07,-7.74485e+08,0.000964561,0.000153746,-5.72746e-24
0,2.03052e+09,-5.83409e+07,3.24579e+08,-6.45988e+09,1.26368e+09,-1.76974e+08,-6.85622e+08,0.000927747,0.000148301,-1.64706e-23
0,1.98357e+09,-7.78185e+06,3.21602e+08,-4.9173e+09,1.43838e+09,-2.18737e+08,-8.61333e+08,0.000904714,0.000146684,-9.49426e-24
0,2.2279e+09,-9.01427e+06,3.37353e+08,2.25091e+09,5.80825e+07,2.25115e+07,-3.82604e+08,0.00091048,0.000137867,1.9441e-25
0,2.1245e+09,-43545,3.27535e+08,4.15156e+08,-5.18184e+08,8.46581e+07,-7.6482e+08,0.000985428,0.000151924,3.5753e-26
0,1.9261e+09,-1.09876e+07,3.26522e+08,-3.63201e+08,2.7949e+08,3.36201e+07,-1.02188e+09,0.000988625,0.000167597,3.6509e-26
0,2.17663e+09,1.67576e+07,3.24259e+08,4.04742e+09,-3.81372e+08,-2.16872e+08,-6.60452e+08,0.000971551,0.000144734,3.34839e-24
0,1.79927e+09,1.62507e+07,2.50299e+08,4.97931e+09,3.28045e+08,3.27478e+08,-1.26379e+09,0.00104867,0.000145882,4.15162e-23
0,2.03014e+09,2.06888e+07,3.15928e+08,2.5903e+09,-1.22932e+09,2.099e+08,-1.00613e+09,0.00104107,0.00016201,4.78369e-24
0,2.01898e+09,2.29666e+07,3.15518e+08,8.21588e+09,5.80775e+07,-2.10263e+08,-9.26927e+08,0.000972151,0.000151923,5.22069e-23
0,2.00654e+09,3.8754e+07,3.18158e+08,2.85116e+09,3.01446e+08,-5.27376e+08,-5.54574e+08,0.000903241,0.000143218,6.6101e-25
0,1.98881e+09,-1.31734e+07,3.07962e+08,-6.01123e+09,-1.83739e+08,-8.78669e+07,-9.0551e+08,0.000965146,0.00014945,-2.05611e-23
0,2.14992e+09,-1.0111e+07,3.41295e+08,-4.43104e+09,-6.46875e+07,-5.63843e+08,-2.93434e+08,0.000921637,0.000146308,-1.23778e-24
0,2.02853e+09,4.02977e+07,3.25595e+08,7.57772e+09,-4.75778e+08,5.05196e+08,-6.47608e+08,0.00094875,0.000152282,2.09984e-23
0,2.04427e+09,-3.85115e+07,3.05818e+08,-3.0651e+09,-6.8818e+08,4.83927e+08,-1.04806e+09,0.00103806,0.000155291,-4.70483e-24
0,2.23582e+09,-1.00714e+07,3.17139e+08,-3.43747e+09,-1.73215e+09,-2.80882e+08,-7.18637e+08,0.000991883,0.000140694,-5.07596e-24
0,1.96993e+09,-1.77118e+06,3.08874e+08,5.6567e+09,3.42467e+08,4.47048e+08,-9.28772e+08,0.000962283,0.000150881,1.98714e-23
0,2.06996e+09,828758,3.25179e+08,-6.67838e+08,-5.61289e+08,9.92212e+07,-8.64856e+08,0.000978422,0.000153705,-2.89288e-26
0,2.11716e+09,-2.80482e+07,3.22588e+08,-7.34886e+09,-7.25794e+08,-4.60417e+08,-7.03724e+08,0.000981158,0.000149497,-1.94956e-23
0,1.9284e+09,4.69714e+07,3.2184e+08,1.223e+08,1.29404e+09,-4.46273e+08,-9.26111e+08,0.000985717,0.000164511,1.30027e-26
0,2.13224e+09,-2.59632e+07,3.25494e+08,-4.63501e+09,-7.93941e+08,-2.76429e+08,-6.89788e+08,0.000969509,0.000147999,-4.87067e-24
0,2.09103e+09,2.8462e+07,3.20253e+08,1.3182e+09,-4.23563e+07,1.91291e+08,-4.33004e+08,0.000964286,0.000147686,6.41916e-26
0,1.89633e+09,6.15782e+06,2.51196e+08,-1.06479e+10,1.14166e+09,-3.37141e+08,3.07317e+08,0.00114948,0.000152265,9.07132e-23
0,1.72514e+09,5.06063e+07,2.87397e+08,8.32597e+09,1.56475e+09,2.32349e+08,-7.90399e+08,0.000989347,0.000164818,1.27731e-22
0,2.02802e+09,-4.99178e+07,2.77985e+08,7.98386e+08,1.36326e+08,-6.08318e+08,8.82921e+08,0.00106048,0.000145363,1.08125e-25
0,2.01978e+09,-2.08431e+07,3.18574e+08,-7.16236e+09,-7.98241e+06,-1.59916e+08,-8.12506e+08,0.000951791,0.000150123,-2.7331e-23
0,2.10087e+09,2.22358e+07,3.19349e+08,8.22162e+09,-2.26548e+08,2.78107e+08,-7.97262e+08,0.00096359,0.000146474,3.45153e-23
0,1.92651e+09,4.51951e+07,3.20998e+08,1.22722e+09,1.02655e+09,-6.18954e+08,-8.59713e+08,0.000996293,0.000166004,4.79601e-27
0,1.99357e+09,-6.364e+06,3.21068e+08,-3.94887e+09,1.73131e+06,1.00898e+08,-1.07864e+09,0.000985585,0.00015873,-7.24509e-24
0,1.98916e+09,-3.27456e+07,3.27876e+08,-3.98869e+09,1.09338e+09,2.33519e+08,-5.97267e+08,0.000931448,0.000153532,-2.17764e-24
0,1.95343e+09,-1.42449e+06,2.8595e+08,1.33315e+10,-1.73678e+09,-3.29966e+08,1.80322e+08,0.00103756,0.000151882,-3.72357e-24
0,2.00594e+09,1.32594e+07,3.31358e+08,-3.36907e+09,1.13639e+09,-1.20378e+08,-6.00545e+08,0.000896397,0.000148075,-1.78026e-24
0,2.12715e+09,5.84272e+07,3.05524e+08,6.2187e+09,-2.5545e+08,-2.02389e+08,-7.79937e+08,0.00096117,0.000138054,1.43643e-23
0,2.00783e+09,8.5793e+06,3.14364e+08,2.18755e+09,-1.79227e+08,5.7062e+08,-1.05777e+09,0.00100186,0.00015686,5.21411e-25
0,2.2274e+09,3.66069e+07,3.25437e+08,7.67843e+09,-2.8897e+08,-2.5616e+08,-4.16708e+08,0.000940407,0.000137399,1.07733e-23
0,2.17e+09,2.73099e+07,3.25565e+08,7.2681e+09,-7.00174e+08,1.31665e+08,-5.53655e+08,0.000938419,0.000140791,1.25429e-23
0,2.27491e+09,1.29458e+07,3.17758e+08,-4.41149e+08,2.79198e+08,1.7751e+08,7.97518e+07,0.00089595,0.000125145,8.64024e-28
0,2.20815e+09,1.24904e+07,3.36087e+08,-3.42547e+08,-8.9173e+07,1.14611e+08,-4.58953e+08,0.000916927,0.000139559,1.12912e-27
0,2.15201e+09,2.51566e+07,3.20995e+08,5.70586e+09,-1.42144e+09,2.83167e+08,-7.52992e+08,0.00101572,0.000151505,1.47652e-23
0,2.14851e+09,1.88768e+07,3.34525e+08,4.94258e+09,-5.64554e+08,5.21397e+08,-6.91366e+08,0.00100025,0.00015574,5.15587e-24
0,2.17687e+09,-1.1317e+07,3.40852e+08,-3.96822e+09,1.46605e+08,-3.0214e+08,-3.01353e+08,0.000897677,0.000140557,-9.94491e-25
0,2.08764e+09,-7.98055e+06,3.32201e+08,-9.67064e+07,-5.15235e+08,-8.86564e+06,-7.52334e+08,0.00100303,0.00015961,-6.73305e-27
0,1.78106e+09,-2.43561e+07,2.93295e+08,1.52791e+10,-6.92454e+08,6.9051e+08,-3.44498e+08,0.000986501,0.000162452,1.82221e-22
0,1.95975e+09,7.91067e+06,3.16177e+08,-5.80041e+09,6.14387e+08,-2.31571e+08,-7.94512e+08,0.000938036,0.000151338,-1.70267e-23
0,2.11125e+09,7.21372e+06,3.15919e+08,-3.80403e+09,-2.90492e+08,-3.65866e+08,-7.77317e+08,0.000956719,0.00014316,-2.71285e-24
0,2.24493e+09,-7.43944e+06,3.30961e+08,-1.78051e+09,-1.23682e+09,3.64219e+06,-7.07578e+08,0.00098972,0.00014591,-1.05752e-24
0,2.2771e+09,2.43718e+07,3.25542e+08,4.96972e+09,-9.80244e+08,-2.14775e+08,-4.26353e+08,0.000952559,0.000136181,4.10752e-24
0,1.96827e+09,-4.65574e+06,2.80876e+08,-5.07648e+09,-1.5652e+09,1.98312e+08,5.5126e+08,0.00100192,0.000142976,4.28994e-24
0,2.10263e+09,-1.89988e+06,3.43716e+08,2.07374e+08,5.33691e+07,4.96524e+07,-2.6939e+08,0.00093533,0.000152898,-1.08857e-28
0,2.09678e+09,-5.0994e+07,3.1825e+08,-8.20807e+09,-4.4165e+07,4.66519e+06,-8.19047e+08,0.000998821,0.000151602,-4.40052e-23
0,2.12581e+09,2.25561e+07,3.17218e+08,2.86806e+09,-1.39425e+09,2.86509e+08,-8.96487e+08,0.00102297,0.00015265,4.47064e-24
0,2.03832e+09,4.67485e+07,2.98949e+08,9.88236e+09,-1.82072e+09,-3.31622e+08,-8.17533e+08,0.00104298,0.000152969,1.59008e-22
0,1.98611e+09,-3.12673e+07,3.08138e+08,-1.14148e+09,-6.25531e+08,3.24016e+08,-1.19525e+09,0.00102966,0.000159749,-4.6525e-27
0,2.15494e+09,1.22113e+07,3.31553e+08,2.46351e+09,-8.90547e+08,3.48579e+08,-8.05554e+08,0.00101488,0.000156146,1.24923e-24
0,2.09794e+09,4.77157e+06,3.37764e+08,-3.11575e+09,6.04001e+08,-508731,-4.17767e+08,0.000884249,0.000142362,-6.63463e-25
0,1.95757e+09,-766727,2.98821e+08,1.74445e+10,-4.41675e+08,5.88466e+08,-4.54491e+08,0.00105483,0.000161018,3.92014e-22
0,2.11722e+09,-1.83166e+07,3.29373e+08,-1.86362e+09,-4.87354e+08,-8.75562e+07,-8.18279e+08,0.00100213,0.0001559,-5.2151e-25
0,1.8742e+09,3.55765e+07,3.14474e+08,2.1333e+09,5.57258e+08,-7.61008e+08,-1.09532e+09,0.000990789,0.000166246,6.84968e-25
0,2.04325e+09,-4.4397e+07,3.28026e+08,-6.83408e+09,7.8634e+08,1.43367e+08,-5.00456e+08,0.000922437,0.000148089,-1.07462e-23
0,2.14889e+09,3.48065e+07,3.09089e+08,-5.14551e+09,-2.53083e+09,1.45297e+08,-5.51837e+08,0.0010667,0.00015343,-3.76878e-23
0,2.2178e+09,2.59562e+07,3.24151e+08,3.20781e+09,-9.29203e+08,-1.35225e+07,-4.87281e+08,0.000956386,0.000139784,1.50424e-24
0,2.26447e+09,187597,3.36363e+08,1.44445e+09,-8.00221e+08,1.25999e+08,-3.42015e+08,0.00101428,0.00015066,2.18219e-25
0,1.91725e+09,-2.30355e+07,2.52016e+08,3.01862e+09,-1.38569e+09,6.68758e+08,-1.3201e+09,0.00114511,0.000150521,1.36208e-23
0,2.1328e+09,1.29093e+07,3.18052e+08,1.38167e+09,-1.17844e+09,3.45145e+08,-9.10838e+08,0.00102259,0.000152493,1.24527e-24
0,2.02781e+09,-2.02074e+06,3.32164e+08,-7.22854e+07,4.90246e+08,-1.50449e+08,-7.50662e+08,0.000924469,0.000151432,1.65649e-27
0,2.21653e+09,1.68248e+07,3.23814e+08,1.72121e+09,-9.19792e+08,1.94792e+07,-5.8016e+08,0.000955663,0.000139613,4.64388e-25
0,2.15414e+09,906032,3.34325e+08,-3.93588e+08,-8.25779e+08,1.75457e+08,-7.24331e+08,0.00102231,0.000158664,1.16698e-26
0,2.06219e+09,-6.75247e+06,3.27394e+08,2.48826e+08,-3.35267e+08,3.2733e+08,-8.22597e+08,0.000978755,0.000155387,1.64296e-26
0,1.86642e+09,1.42082e+07,2.7854e+08,-3.99039e+09,-1.72637e+09,3.47269e+08,6.19483e+08,0.000998325,0.000148987,-5.35454e-25
0,1.86733e+09,5.2347e+07,3.09685e+08,3.88393e+09,7.86321e+08,-7.72285e+08,-1.05461e+09,0.000997351,0.000165404,6.46536e-24
0,1.98703e+09,-2.78388e+07,3.25391e+08,-4.75116e+09,1.6666e+09,3.25249e+08,-6.16829e+08,0.000903593,0.00014797,-1.1297e-24
0,2.21745e+09,6.13213e+06,3.26521e+08,2.72396e+09,-1.32755e+09,3.29725e+08,-5.63754e+08,0.000988669,0.000145582,1.66905e-24
0,1.97524e+09,-6.71693e+07,3.05181e+08,-5.97984e+09,1.37182e+09,6.17884e+08,-9.85079e+08,0.000937124,0.000144789,-1.23355e-23
0,2.24927e+09,6.5646e+06,3.33522e+08,-1.0806e+09,3.00596e+08,-1.46826e+08,-2.78918e+07,0.000889423,0.000131884,-6.65727e-27
0,1.9798e+09,-2.54283e+07,3.21516e+08,8.26263e+08,5.8023e+08,3.54233e+08,-9.98202e+08,0.000963319,0.000156442,6.58759e-26
0,2.0606e+09,5.35796e+07,3.15523e+08,9.72134e+09,1.38233e+08,-1.58795e+08,-7.82774e+08,0.000956657,0.000146485,6.11066e-23
0,2.23743e+09,-1.49828e+07,3.28724e+08,-5.01969e+09,-1.21683e+09,-8.55283e+07,-6.29168e+08,0.00100434,0.000147558,-7.53052e-24
0,2.13948e+09,1.01576e+07,3.14702e+08,9.69355e+09,1.05944e+09,-3.21865e+07,-3.29726e+08,0.000978326,0.000143905,2.22471e-23
0,2.04672e+09,-2.01657e+07,3.15435e+08,-3.18263e+09,-1.15179e+09,2.02549e+08,-1.00847e+09,0.00103374,0.000159317,-7.14102e-24
0,2.09664e+09,-1.64713e+07,3.3213e+08,-1.08537e+09,-3.40668e+08,3.32474e+07,-6.76295e+08,0.000984241,0.000155914,-7.93763e-26
0,2.05582e+09,-1.81151e+07,3.09568e+08,5.0923e+09,5.83923e+08,5.90002e+08,-7.10125e+08,0.000937127,0.000141113,9.67613e-24
0,1.9617e+09,3.18898e+07,2.85978e+08,-8.79294e+09,-1.36506e+09,-5.06165e+07,1.84295e+08,0.000926557,0.000135074,9.91737e-24
0,1.99731e+09,1.69249e+07,3.25046e+08,1.2531e+09,-2.70824e+08,3.99205e+08,-1.07787e+09,0.00102219,0.000166353,-2.52406e-26
0,1.92937e+09,3.05688e+07,2.98024e+08,7.04613e+09,7.28018e+08,1.76385e+08,-1.0416e+09,0.000972449,0.000150211,4.97033e-23
0,2.1297e+09,-4.3262e+06,3.26799e+08,-1.06561e+09,-9.17673e+08,4.39379e+08,-6.00515e+08,0.000990413,0.000151977,-1.02416e-25
0,1.92276e+09,3.55988e+06,3.27693e+08,-3.2539e+09,1.34613e+09,-2.47175e+08,-9.1795e+08,0.000922511,0.000157222,-4.16421e-24
0,1.91719e+09,-3.34754e+07,3.0322e+08,-1.76006e+09,8.36209e+08,6.59723e+08,-1.25309e+09,0.000993945,0.000157201,-3.08784e-25
0,2.02635e+09,-6.87817e+07,2.70799e+08,-7.24831e+09,-1.74809e+09,5.96728e+08,-1.20991e+09,0.00112977,0.000150982,-1.52567e-22
0,2.20067e+09,-2.86949e+07,3.2625e+08,-8.01721e+09,-9.07658e+08,-1.77772e+08,-6.81411e+08,0.000987048,0.00014633,-2.4852e-23
0,2.27261e+09,-7.05937e+06,3.2596e+08,2.45712e+09,-1.52996e+09,-2.15382e+07,-1.62514e+08,0.000916704,0.000131483,9.87e-25
0,2.19483e+09,-2.68158e+07,3.11053e+08,-8.89038e+09,-1.85282e+09,3.44547e+07,-9.22095e+08,0.00103543,0.000146742,-7.96371e-23
0,2.01806e+09,2.73599e+07,3.32052e+08,3.38851e+09,6.09412e+08,2.84067e+08,-7.60588e+08,0.000931676,0.000153298,3.00104e-24
0,2.08182e+09,-3.32616e+07,3.27838e+08,-6.4923e+09,-2.51586e+08,-3.62644e+08,-9.22945e+08,0.000990624,0.000156,-2.28223e-23
0,1.87492e+09,6.06385e+07,2.97902e+08,5.63303e+09,1.86561e+08,-4.67327e+08,-1.25117e+09,0.00102923,0.000163532,4.03211e-23
0,2.14046e+09,-1.38446e+07,3.29254e+08,-5.1559e+09,-4.47246e+08,-1.18396e+08,-7.3771e+08,0.000963511,0.000148211,-7.2366e-24
0,2.06112e+09,-2.10853e+07,3.0808e+08,4.0531e+09,-1.09487e+08,3.3903e+08,-8.41929e+08,0.000972452,0.000145354,4.72094e-24
0,1.99589e+09,4.34027e+06,3.27269e+08,9.39919e+07,-1.81208e+08,2.81671e+08,-1.01628e+09,0.00103397,0.000169541,6.34638e-27
0,2.00754e+09,-3.64597e+07,3.23071e+08,-1.11726e+10,-6.68363e+08,-3.79086e+08,-6.52647e+08,0.000967137,0.00015564,-8.51357e-23
0,1.99411e+09,-2.42103e+07,3.0688e+08,-2.83627e+09,3.82677e+06,1.32646e+08,-1.20878e+09,0.00100041,0.000153957,-2.84567e-24
0,1.96001e+09,1.07526e+07,3.30267e+08,-7.07924e+08,1.15898e+09,-1.69632e+08,-8.2702e+08,0.000928178,0.000156401,-3.60734e-26
0,2.24031e+09,1.59186e+07,3.0368e+08,-3.79974e+09,1.0416e+08,-1.90681e+07,8.6172e+07,0.000974655,0.000132117,2.90336e-25
0,1.99153e+09,-7.52174e+07,2.74428e+08,-9.39015e+09,-9.38495e+08,6.59053e+08,-1.22661e+09,0.00108372,0.000149334,-2.21911e-22
0,2.01116e+09,3.76687e+07,3.2658e+08,4.43925e+09,9.47319e+08,5.97866e+07,-8.48319e+08,0.000944226,0.000153327,7.07077e-24
0,2.10633e+09,-1.90153e+07,3.21102e+08,-3.09839e+09,-4.32487e+08,2.74639e+08,-8.07959e+08,0.000979167,0.00014927,-2.26339e-24
0,2.05515e+09,-3.90417e+07,3.28223e+08,-9.1421e+09,1.53348e+08,-2.51024e+08,-6.58278e+08,0.000943542,0.000150691,-4.159e-23
0,2.14964e+09,1.62481e+06,3.39111e+08,7.83226e+08,-8.59257e+07,9.50825e+07,-4.16987e+08,0.000914985,0.000144341,7.23748e-27
0,1.74562e+09,-2.55661e+07,2.84604e+08,5.67789e+09,1.81276e+09,2.24832e+08,-1.01613e+09,0.00106467,0.000173582,7.09599e-23
0,1.91699e+09,-4.94393e+07,3.24495e+08,-9.7653e+09,6.81732e+08,-4.35743e+07,-7.1556e+08,0.000935818,0.000158409,-7.48402e-23
0,2.17664e+09,-2.7377e+07,3.28952e+08,-5.10575e+09,-2.76639e+08,-2.09856e+08,-5.31314e+08,0.000933023,0.000141006,-3.79833e-24
0,2.22105e+09,4.24351e+06,3.23118e+08,3.72571e+09,-1.36539e+09,-1.21729e+08,-6.08706e+08,0.000976827,0.000142108,4.39185e-24
0,1.95144e+09,-8.8476e+07,2.76755e+08,-1.14613e+10,2.48498e+08,8.86595e+08,-1.19921e+09,0.00106084,0.000150449,-3.19768e-22
0,2.01115e+09,-5.73433e+06,3.16421e+08,-5.26953e+08,9.94985e+08,3.22015e+07,-9.23248e+08,0.000952839,0.000149913,-9.80705e-27
0,2.29091e+09,2.07702e+07,3.34044e+08,-2.84685e+09,-1.38032e+08,2.14192e+08,1.03296e+08,0.000871392,0.00012706,5.50635e-26
0,2.08906e+09,4.2221e+07,3.05706e+08,7.06953e+09,-1.25368e+09,1.01622e+08,-1.08154e+09,0.00104486,0.000152901,5.24931e-23
0,2.07448e+09,1.42904e+07,3.14927e+08,7.62539e+09,-2.48795e+08,2.51018e+08,-8.06879e+08,0.000966661,0.000146749,3.01014e-23
0,2.11334e+09,-1.26395e+06,3.43191e+08,7.43013e+08,-4.5157e+07,6.01529e+07,-3.27822e+08,0.000945639,0.000153565,7.39137e-27
0,2.21546e+09,-2.59296e+06,3.25237e+08,-9.54169e+08,-1.3265e+09,2.7419e+08,-5.8828e+08,0.000976324,0.000143328,-2.7496e-25
0,2.08092e+09,-3.27559e+06,3.28346e+08,2.42004e+09,-3.66477e+08,1.32532e+08,-8.19536e+08,0.000996993,0.000157314,1.05707e-24
0,1.93164e+09,-1.26333e+07,3.1835e+08,6.1189e+07,2.38499e+08,-8.46185e+07,-1.34347e+09,0.00101821,0.000167809,-1.0084e-26
0,1.92495e+09,-4.43351e+07,3.14062e+08,-2.61475e+09,9.94487e+08,4.56451e+08,-1.0534e+09,0.000972536,0.000158673,-1.44097e-24
0,2.13405e+09,2.33203e+07,2.93738e+08,6.89022e+09,-1.63206e+09,1.68458e+08,-1.04887e+09,0.00105186,0.000144781,4.85255e-23
0,2.10543e+09,3.74908e+07,3.23338e+08,5.64452e+09,1.63356e+08,-3.21168e+08,-7.41393e+08,0.000983156,0.000150987,1.11603e-23
0,1.99868e+09,-3.51927e+06,3.01863e+08,1.92391e+09,-1.38485e+08,-9.36233e+07,-8.07088e+08,0.000950601,0.000143571,4.76194e-25
0,1.90426e+09,-1.89488e+07,3.22524e+08,-2.14557e+09,9.75928e+08,1.46904e+08,-1.01837e+09,0.000975849,0.000165279,-1.15842e-24
0,1.5335e+09,2.39214e+07,2.60351e+08,-9.76792e+09,-1.62848e+09,7.13474e+08,8.75765e+08,0.000988262,0.000167783,2.2103e-22
0,1.85769e+09,4.4287e+06,2.84257e+08,1.42816e+10,1.66845e+08,-7.42529e+07,-6.52324e+08,0.000979458,0.000149873,3.07899e-22
0,1.98057e+09,6.12676e+07,3.05952e+08,1.14053e+10,9.36938e+08,-1.60226e+08,-9.3174e+08,0.000957189,0.000147864,1.39692e-22
0,2.11838e+09,-2.04456e+06,3.44144e+08,4.1833e+08,-3.83105e+07,2.86096e+07,-2.11658e+08,0.000947375,0.000153907,8.07634e-28
0,1.96507e+09,-541738,3.18105e+08,5.16147e+07,5.86446e+08,-6.3585e+07,-1.11697e+09,0.000979899,0.000158626,-2.1795e-28
0,2.08614e+09,4.50193e+06,3.25228e+08,3.91357e+08,-4.62626e+08,1.50654e+08,-9.11197e+08,0.00100225,0.00015625,3.76446e-26
0,2.04867e+09,-4.68043e+07,3.21728e+08,-2.01338e+09,1.0648e+09,2.54475e+08,-7.78048e+08,0.000943582,0.000148182,-2.605e-25
0,1.9515e+09,2.49787e+07,3.23007e+08,2.12355e+08,1.08073e+09,-6.42934e+08,-7.75282e+08,0.000939348,0.000155478,-3.59897e-27
0,2.32469e+09,1.11809e+07,3.29934e+08,2.53197e+09,-1.13047e+09,-9.33597e+07,-2.88501e+08,0.000922991,0.000130997,6.3009e-25
0,2.0995e+09,2.05509e+07,3.26809e+08,7.9848e+09,-5.64798e+08,4.06756e+08,-7.47503e+08,0.000963729,0.000150015,2.73406e-23
0,2.10973e+09,-2.76838e+07,3.32936e+08,-5.39674e+09,-2.89721e+08,-2.74198e+08,-2.79918e+08,0.000894611,0.000141178,-2.00615e-24
0,2.20834e+09,1.09546e+07,2.92521e+08,-5.36618e+09,8.3632e+08,-1.09786e+08,3.00273e+08,0.00103788,0.00013748,4.39804e-24
0,2.10411e+09,-2.00514e+07,3.03782e+08,-3.95261e+09,-2.286e+09,-2.51393e+08,-9.56801e+08,0.001098,0.000158525,-3.03788e-23
0,2.22916e+09,5.51838e+06,3.39206e+08,1.68652e+09,-3.58329e+08,1.9494e+08,-3.75207e+08,0.00093648,0.000142502,7.34358e-26
0,1.97504e+09,-1.42708e+07,3.31517e+08,-5.41664e+08,4.03182e+08,-1.63421e+08,-7.96325e+08,0.000979716,0.000164448,-2.23271e-27
0,1.97267e+09,-9.01465e+06,3.12554e+08,9.29285e+08,4.48098e+08,4.0797e+08,-8.96715e+08,0.000945417,0.000149794,7.24935e-26
0,1.77444e+09,-5.8301e+07,2.91817e+08,-9.88721e+09,2.15439e+09,2.46035e+08,-1.23399e+09,0.000963631,0.000158475,-1.88489e-22
0,2.1652e+09,-2.70257e+06,3.20373e+08,-3.34298e+09,-1.04597e+09,3.47025e+08,-6.72499e+08,0.000968087,0.000143242,-3.21192e-24
0,2.05171e+09,2.48695e+06,3.26055e+08,2.40332e+09,5.21864e+08,1.93766e+08,-8.15656e+08,0.000930579,0.000147887,9.76957e-25
0,1.98194e+09,1.74578e+07,3.10757e+08,7.99092e+08,9.90835e+08,-4.76482e+08,-9.62989e+08,0.000958302,0.000150256,2.90326e-27
0,2.10851e+09,7.81677e+07,3.0978e+08,-2.67048e+09,-1.46834e+09,-4.967e+07,-1.501e+08,0.00102807,0.000151042,-2.34801e-24
0,2.1205e+09,-3.96568e+07,3.0332e+08,-7.90728e+09,-1.88739e+09,-8.18069e+07,-9.56825e+08,0.00107315,0.000153506,-8.33075e-23
0,2.0257e+09,-1.73039e+07,3.06744e+08,-1.7022e+09,-1.45504e+09,1.1486e+08,-1.18517e+09,0.00107043,0.000162091,-3.95609e-24
0,1.98935e+09,-780983,3.25188e+08,-4.82469e+08,2.89466e+08,-7.28022e+07,-9.64715e+08,0.000990698,0.000161944,3.04728e-26
0,1.94375e+09,2.02077e+06,3.07461e+08,2.80772e+09,1.10065e+09,5.87462e+08,-1.00691e+09,0.000941135,0.000148868,4.38711e-24
0,2.06539e+09,-2.36794e+07,3.20025e+08,-5.46229e+09,-4.48577e+08,4.50089e+08,-7.64093e+08,0.000963649,0.000149314,-1.21628e-23
0,2.10879e+09,-5.23201e+06,3.12293e+08,-2.52452e+09,-1.81671e+09,1.87664e+07,-1.07093e+09,0.00108449,0.000160602,-1.02098e-23
0,1.97196e+09,2.68014e+06,3.15226e+08,1.72052e+09,5.326e+08,-1.47176e+08,-9.3881e+08,0.000978648,0.000156441,4.29925e-25
0,2.04284e+09,5.05622e+06,3.2545e+08,-5.40887e+08,4.38047e+08,-3.96188e+08,-8.04466e+08,0.000986299,0.00015713,-9.19099e-27
0,2.13258e+09,8.24428e+06,3.2559e+08,1.92039e+08,-9.31579e+08,-4.05322e+08,-6.5563e+08,0.000994989,0.000151909,-1.93502e-25
0,2.0618e+09,2.23955e+07,3.29847e+08,6.4227e+09,-4.00907e+08,1.85208e+08,-8.44809e+08,0.000977301,0.000156348,2.04294e-23
0,2.105e+09,-3.96796e+07,3.26197e+08,-6.51366e+09,1.30688e+08,2.40568e+07,-5.80578e+08,0.000946039,0.000146601,-1.16565e-23
0,1.96684e+09,-4.16204e+06,3.16597e+08,-2.23288e+09,6.87587e+07,-1.71814e+08,-1.29055e+09,0.00100478,0.000161736,-1.32091e-24
0,2.07933e+09,6.68983e+07,3.11701e+08,-4.95741e+09,-2.7552e+09,-3.18743e+08,-2.00604e+08,0.00100714,0.000150975,-2.17295e-23
0,1.94478e+09,-3.20375e+07,3.09901e+08,-3.08871e+09,-8.01309e+08,1.48989e+08,-1.16352e+09,0.00105242,0.000167703,-7.61123e-24
0,1.94119e+09,3.80396e+06,3.20061e+08,2.0224e+08,3.34958e+08,-1.34646e+08,-1.00126e+09,0.000982963,0.00016207,-1.17778e-26
0,2.0729e+09,3.3273e+07,3.04925e+08,3.54045e+09,-4.13382e+08,2.25077e+08,-7.82761e+08,0.00098728,0.00014523,3.0354e-24
0,2.01956e+09,-2.12475e+07,3.06953e+08,-5.46155e+09,-1.26853e+09,7.57744e+07,-1.20544e+09,0.00106145,0.00016133,-3.96856e-23
0,2.07895e+09,7.82319e+06,3.33538e+08,-1.5164e+09,2.61494e+08,4.25583e+07,-6.89928e+08,0.000936501,0.000150248,-1.48104e-25
0,2.20414e+09,1.31381e+07,3.03748e+08,-3.90769e+09,9.64147e+08,6.80769e+08,9.01087e+07,0.000939585,0.000129482,1.75914e-24
0,2.26204e+09,2.66444e+07,3.01988e+08,-5.2221e+09,1.03749e+09,1.92919e+08,2.10379e+08,0.000995845,0.000132948,3.9196e-24
0,2.07462e+09,-4.45352e+06,3.23826e+08,-1.66467e+09,-2.4988e+07,-5.52277e+08,-8.06554e+08,0.000984321,0.000153642,-1.12967e-25
0,1.9326e+09,-5.87555e+07,2.99255e+08,-9.35125e+09,3.23903e+08,3.38102e+08,-1.10684e+09,0.000999852,0.000154823,-1.28258e-22
0,1.99516e+09,1.90659e+07,3.21949e+08,2.25338e+09,3.52933e+07,-1.21842e+08,-1.05415e+09,0.000997718,0.000160997,1.16125e-24
0,2.27681e+09,-1.51722e+07,3.27819e+08,5.12876e+09,-2.672e+08,-2.193e+08,-9.00766e+06,0.000906371,0.000130501,2.25465e-25
0,2.09305e+09,5.23475e+07,2.97903e+08,5.85229e+09,-1.35314e+09,1.04319e+08,-1.0787e+09,0.00104722,0.00014905,3.2584e-23
0,2.0212e+09,4.88119e+07,3.10493e+08,6.82862e+09,8.19686e+08,-6.44716e+08,-7.80993e+08,0.00092845,0.000142627,1.48732e-23
0,2.09625e+09,3.75651e+07,3.19982e+08,-6.41976e+09,-2.45234e+09,-6.91914e+08,-2.59772e+08,0.000987906,0.000150799,-6.08968e-24
0,1.88476e+09,2.31151e+07,3.06141e+08,1.07014e+09,7.04187e+08,-3.78239e+08,-1.12907e+09,0.000983634,0.000159772,4.00841e-26
0,1.97777e+09,6.6274e+07,3.15567e+08,1.02139e+10,7.32516e+08,-3.99328e+08,-5.41699e+08,0.000948483,0.000151337,4.96575e-23
0,2.09441e+09,-4.62966e+06,3.21323e+08,-2.80412e+09,-1.02593e+09,-1.53555e+08,-7.97227e+08,0.0009849,0.000151103,-2.44172e-24
0,1.99776e+09,-3.44558e+07,3.07974e+08,-4.25913e+09,-5.03901e+08,3.91849e+08,-1.12855e+09,0.00104441,0.000161006,-1.42188e-23
0,1.95903e+09,-4.13539e+07,3.1099e+08,-7.11226e+09,-3.45964e+08,7.84605e+07,-1.15795e+09,0.00103502,0.000164306,-6.79711e-23
0,2.1371e+09,-3.94452e+07,3.20883e+08,-9.63579e+09,-4.73677e+08,-4.38013e+07,-7.34486e+08,0.000967648,0.000145291,-4.98107e-23
0,2.16293e+09,3.27121e+07,3.27759e+08,5.14073e+09,-3.62537e+08,1.70257e+08,-7.98701e+08,0.000971609,0.000147233,7.51115e-24
0,2.16208e+09,-3.51227e+06,3.22333e+08,-5.3574e+08,-8.20661e+08,-3.38704e+08,-7.04052e+08,0.00100761,0.000150218,-2.10337e-25
0,1.85604e+09,-5.56429e+07,3.01206e+08,-7.87188e+09,1.37944e+09,6.41886e+08,-1.08574e+09,0.000971131,0.000157599,-5.9354e-23
0,1.79084e+09,-1.6287e+06,3.05451e+08,1.93514e+09,1.67976e+09,-3.66215e+08,-9.28001e+08,0.000937782,0.000159951,-3.29996e-25
0,1.99625e+09,-4.8395e+06,2.9965e+08,6.47514e+09,5.6605e+07,2.98005e+08,-9.2159e+08,0.000982026,0.000147409,2.83294e-23
0,2.12372e+09,1.77116e+07,3.2854e+08,5.14467e+09,3.69271e+08,1.55711e+08,-6.53452e+08,0.000915574,0.00014164,5.53927e-24
0,2.0126e+09,3.79973e+07,3.10168e+08,7.2593e+08,5.86374e+08,-1.51764e+08,-1.08371e+09,0.00101171,0.000155919,-7.61976e-27
0,2.30915e+09,-3.60813e+06,3.31741e+08,2.25954e+09,-4.77644e+07,-2.03305e+08,-2.52761e+07,0.000909637,0.000130682,1.55114e-26
0,2.01549e+09,3.66656e+07,3.25476e+08,8.03958e+09,2.69219e+08,4.98042e+08,-9.04993e+08,0.000948583,0.000153184,4.51781e-23
0,1.92473e+09,3.88116e+07,2.95282e+08,4.14045e+09,-2.6471e+08,-3.9049e+08,-8.82557e+08,0.000969181,0.000148687,8.17164e-24
0,2.2766e+09,1.82559e+07,3.27919e+08,-4.87931e+09,3.10992e+08,2.22579e+08,9.90132e+07,0.000907194,0.000130672,6.56301e-25
0,2.15909e+09,-2.22814e+07,3.03947e+08,2.58729e+09,-2.62909e+08,-1.02137e+08,2.87051e+08,0.000930999,0.000131062,-2.65359e-25
0,1.99934e+09,2.79276e+07,3.19166e+08,3.61126e+09,9.21326e+08,-4.67521e+08,-7.92053e+08,0.000940863,0.000150195,2.09359e-24
0,2.03935e+09,-3.85331e+07,3.16077e+08,-6.53537e+09,-5.72462e+08,8.698e+07,-9.47874e+08,0.00104171,0.000161453,-3.80141e-23
0,1.98318e+09,1.87941e+07,3.21747e+08,1.98578e+09,-5.29108e+08,-2.7032e+08,-7.56644e+08,0.000973783,0.000157984,8.18477e-25
0,1.90515e+09,1.84433e+07,3.11263e+08,6.78041e+09,7.62408e+08,1.34128e+07,-5.77467e+08,0.000971286,0.000158689,2.49274e-23
0,1.85787e+09,1.614e+07,2.99573e+08,3.45931e+09,7.98762e+08,-8.07776e+08,-1.08261e+09,0.000998956,0.000161077,4.39125e-24
0,1.9592e+09,-3.58723e+07,3.1932e+08,-8.66359e+09,1.06599e+09,-7.09075e+07,-8.36496e+08,0.000924661,0.000150706,-5.2431e-23
0,2.06235e+09,-2.15411e+07,3.295e+08,-1.11401e+09,1.33275e+09,8.22711e+07,-5.28812e+08,0.00089279,0.00014264,1.04459e-25
0,2.13455e+09,-2.69146e+07,3.10332e+08,1.25296e+10,-1.03525e+08,4.19686e+08,1.29795e+08,0.000987764,0.000143606,-2.34506e-23
0,1.9665e+09,1.67308e+07,2.9109e+08,2.38639e+09,1.03431e+08,2.27175e+08,-1.05473e+09,0.0010042,0.000148647,1.61299e-24
0,1.90176e+09,1.25667e+07,2.99128e+08,5.40805e+09,1.93366e+09,-2.91675e+08,-9.08679e+08,0.00094894,0.000149259,9.01562e-24
0,1.96105e+09,3.95928e+07,3.26619e+08,2.28826e+09,1.35924e+09,-4.26388e+07,-8.47379e+08,0.000927381,0.000154458,6.78633e-25
0,1.93856e+09,1.72428e+06,3.32146e+08,-1.35224e+09,2.34794e+08,-2.44286e+08,-8.78788e+08,0.000987949,0.000169272,-2.12538e-25
0,2.02011e+09,2.4733e+07,3.16355e+08,4.52732e+09,5.19246e+08,-2.40433e+08,-8.30242e+08,0.000948486,0.000148535,6.27476e-24
0,1.76645e+09,-2.45659e+07,2.60347e+08,-8.1959e+08,-7.06846e+08,-2.84085e+08,4.5257e+08,0.00111839,0.000164833,2.98909e-25
0,2.16974e+09,-1.64346e+07,3.28526e+08,-5.59189e+09,-5.65494e+08,-5.80392e+08,-5.58118e+08,0.000958464,0.000145123,-4.171e-24
0,2.13248e+09,-4.50481e+06,3.28758e+08,-1.04019e+09,-1.1111e+09,2.24344e+08,-8.89017e+08,0.00102358,0.000157803,-4.01032e-25
0,2.11887e+09,-7.31239e+06,3.31247e+08,-1.72758e+09,-5.94739e+08,-2.82733e+08,-7.32942e+08,0.00100713,0.000157446,-3.57415e-25
0,1.89923e+09,-6.45602e+06,2.55288e+08,2.05913e+10,-5.72546e+08,-5.65468e+08,1.51136e+08,0.00113383,0.000152405,-2.79824e-22
0,2.01613e+09,-6.61879e+06,3.0127e+08,-2.64036e+09,-1.56688e+09,1.37667e+08,-1.26453e+09,0.00109633,0.000163824,-1.1701e-23
0,1.82124e+09,3.24393e+07,2.76976e+08,-9.60895e+09,-1.2302e+09,-4.24281e+08,-9.98977e+08,0.00107408,0.000163347,-2.28551e-22
0,2.02205e+09,1.50192e+07,3.22434e+08,2.08974e+09,-4.25044e+08,3.22228e+08,-1.08918e+09,0.00101052,0.000161137,8.18472e-25
0,2.23275e+09,-6.14182e+06,3.2276e+08,1.27377e+09,-1.45225e+09,2.01905e+08,-5.75282e+08,0.00104629,0.000151249,1.35466e-24
0,2.01724e+09,-1.61681e+07,3.20829e+08,-3.20248e+09,2.84529e+08,-2.9476e+08,-7.67642e+08,0.000960353,0.000152738,-2.59732e-24
0,2.27297e+09,1.78543e+07,3.28178e+08,-1.18964e+09,2.91272e+08,-1.69092e+08,6.20196e+07,0.00090319,0.000130405,-3.15259e-27
0,1.90685e+09,-2.23883e+07,2.92429e+08,2.73469e+09,4.53227e+08,3.51771e+08,-1.04585e+09,0.00102484,0.000157166,4.08061e-24
0,2.00419e+09,5.82747e+07,3.09044e+08,7.431e+09,5.30035e+08,-1.63576e+08,-8.33776e+08,0.000978541,0.00015089,3.62502e-23
0,2.11026e+09,-8.17411e+06,3.26598e+08,-6.26982e+09,-2.01763e+08,-3.14643e+08,-6.23244e+08,0.000936251,0.000144901,-9.8568e-24
0,2.08099e+09,1.94624e+07,3.33916e+08,7.95482e+09,-5.99342e+08,7.74812e+08,-7.01309e+08,0.00101647,0.000163103,2.72713e-23
0,1.99002e+09,-2.39066e+07,3.09388e+08,-2.19878e+09,2.89255e+08,-4.91158e+08,-1.08802e+09,0.00100205,0.000155788,-1.30143e-24
0,2.13509e+09,-1.84474e+07,3.33273e+08,2.68516e+08,5.11313e+08,-4.31222e+07,-5.10779e+08,0.00091302,0.000142517,3.34332e-28
0,1.94515e+09,-6.21551e+07,3.18956e+08,-5.71275e+09,1.10642e+09,3.34011e+07,-9.07156e+08,0.000965702,0.000158351,-1.98861e-23
0,2.03393e+09,-6.71411e+07,3.15639e+08,-7.46247e+09,1.04974e+09,8.75128e+07,-8.73245e+08,0.000969619,0.000150472,-3.41827e-23
0,2.00699e+09,2.27814e+07,3.1072e+08,5.3264e+09,7.14541e+08,-4.2277e+07,-1.01512e+09,0.000954628,0.000147794,1.4576e-23
0,2.12173e+09,1.57896e+07,3.1585e+08,8.21571e+08,-1.08324e+09,-7.15864e+08,-7.45126e+08,0.00104208,0.000155129,-4.37663e-25
0,1.87814e+09,-1.50837e+07,2.57173e+08,1.90594e+10,-3.00694e+08,-5.09459e+08,5.43775e+07,0.00108934,0.000149163,-5.693e-23
0,1.9388e+09,2.64557e+07,2.59121e+08,-1.14151e+09,-4.09394e+08,-2.3233e+08,9.2705e+08,0.00107388,0.000143524,2.31961e-25
0,2.17448e+09,1.24907e+07,3.35412e+08,4.55206e+09,5.4527e+08,3.01687e+08,-2.40805e+08,0.000927534,0.000143072,1.88774e-24
0,2.12235e+09,-1.91925e+07,2.91223e+08,-3.22951e+09,8.83372e+08,3.7176e+08,-4.19412e+08,0.000921641,0.000126465,-2.6283e-25
0,2.16501e+09,3.27372e+06,3.04259e+08,3.594e+09,-1.34474e+09,2.3425e+08,-8.86279e+08,0.00103453,0.000145388,6.34858e-24
0,2.07298e+09,-1.81083e+07,3.03893e+08,-3.45238e+09,-4.42243e+08,-7.22453e+07,-1.03676e+09,0.000986005,0.000144546,-3.94143e-24
0,2.2167e+09,-4.16616e+06,3.37806e+08,-1.17966e+09,-6.84314e+07,-2.31397e+08,-3.59415e+08,0.000908253,0.00013841,-1.75092e-26
0,2.00811e+09,1.04606e+07,3.18765e+08,8.19237e+08,-5.60579e+08,2.64216e+08,-8.5114e+08,0.000985435,0.000156427,1.24687e-25
0,2.23412e+09,2.28287e+07,3.05282e+08,3.04653e+09,-3.60904e+08,-2.98777e+08,-2.78566e+08,0.000931189,0.000127243,5.29672e-25
0,2.15623e+09,1.39936e+07,3.32913e+08,-3.06542e+08,-2.46897e+08,1.50144e+08,-6.35039e+08,0.00094549,0.00014598,7.00527e-27
0,2.12776e+09,-1.49419e+07,3.04435e+08,8.26841e+08,-1.0792e+09,2.11018e+08,-8.90474e+08,0.00103751,0.000148445,7.0236e-25
0,1.91835e+09,9.21944e+06,3.11955e+08,-2.24782e+09,-1.81381e+09,9.84883e+07,6.17605e+08,0.000947537,0.000154085,-9.86422e-25
0,2.11388e+09,9.06458e+06,3.20253e+08,-2.14033e+09,-1.24035e+09,-7.71745e+08,-7.04152e+08,0.00102885,0.000155871,-4.85794e-25
0,2.02727e+09,-3.87646e+07,3.31965e+08,-6.01009e+09,2.60073e+08,-5.1499e+08,-8.03481e+08,0.000979713,0.000160427,-1.95065e-23
0,2.01958e+09,-4.67145e+06,3.25989e+08,-7.03377e+08,-2.70062e+08,-1.71351e+08,-1.0211e+09,0.000979521,0.000158109,1.68533e-26
0,1.97533e+09,-7.28758e+06,2.96322e+08,5.12959e+09,-2.74131e+09,2.28319e+07,-8.56628e+08,0.00104092,0.000156149,6.83029e-23
0,1.85696e+09,-4.39679e+06,2.36173e+08,-2.43758e+09,-3.09995e+09,-3.45578e+08,3.60085e+08,0.00109657,0.000139465,-3.28585e-23
0,2.06653e+09,5.48685e+07,3.0543e+08,6.58327e+09,-8.47797e+08,-1.87573e+08,-9.85644e+08,0.00104648,0.000154669,4.18486e-23
0,2.02776e+09,4.15302e+07,3.12741e+08,6.73084e+09,-5.45882e+07,-3.19055e+08,-1.03228e+09,0.000988936,0.000152523,3.39327e-23
0,1.90277e+09,6.75363e+06,3.1987e+08,-8.09072e+08,8.67646e+08,-3.50322e+08,-1.12525e+09,0.000962596,0.00016182,-1.55822e-25
0,2.08805e+09,-3.27928e+07,3.32478e+08,-8.19703e+09,1.97143e+08,-3.64789e+08,-5.92213e+08,0.000939491,0.000149594,-2.4982e-23
0,2.02813e+09,-1.05376e+07,3.26341e+08,-2.69617e+08,-1.48309e+08,9.75495e+07,-1.01489e+09,0.00101275,0.000162959,3.79408e-26
0,2.23659e+09,1.86211e+07,3.34828e+08,2.84166e+09,6.14644e+07,2.36992e+08,-2.86128e+08,0.000947922,0.000141909,3.70558e-25
0,2.11981e+09,-2.9178e+06,3.44262e+08,-1.0819e+09,1.04237e+08,-1.20031e+08,-1.93751e+08,0.000915846,0.000148736,-1.72247e-26
0,2.04955e+09,-4.09335e+07,3.20897e+08,-4.88825e+08,6.38765e+08,3.21597e+08,-7.62714e+08,0.000940282,0.00014722,-8.59215e-29
0,1.97287e+09,-7.90011e+07,3.03377e+08,-5.28954e+09,-1.65608e+09,1.3248e+08,-5.17931e+08,0.000996777,0.000153279,-2.11706e-23
0,2.20225e+09,2.73742e+07,3.09775e+08,-3.22973e+09,-6.07433e+08,2.64874e+08,1.8933e+08,0.000924968,0.000130109,6.82544e-26
0,1.80334e+09,6.24512e+06,2.83384e+08,-1.61375e+09,1.39167e+09,-1.84615e+08,-1.46563e+09,0.00104279,0.000163868,-2.15948e-24
0,2.08035e+09,1.24234e+07,3.32256e+08,1.50586e+09,-1.6245e+06,2.32802e+08,-3.90466e+08,0.000909464,0.000145252,7.24927e-26
0,2.16766e+09,1.22902e+07,3.17603e+08,1.65719e+09,-1.413e+09,-5.65006e+06,-7.83596e+08,0.00100372,0.000147063,1.68985e-24
0,2.01801e+09,-2.74297e+06,3.19235e+08,-1.88517e+09,-5.32141e+08,-1.5337e+08,-9.42571e+08,0.000984955,0.000155813,-6.86563e-25
0,1.92438e+09,-8.58411e+06,3.25905e+08,3.53866e+09,1.1935e+09,2.22384e+08,-8.71183e+08,0.00093213,0.000157862,5.13126e-24
0,2.13094e+09,-3.32905e+07,3.32357e+08,-4.88085e+09,2.397e+08,-2.22937e+08,-5.72645e+08,0.000943548,0.000147163,-4.74825e-24
0,1.88812e+09,2.16595e+06,3.21225e+08,1.24569e+09,3.0039e+08,-1.90159e+08,-9.17593e+08,0.000960311,0.000163377,1.11107e-25
0,1.75281e+09,915230,2.94886e+08,-1.23873e+09,-4.85416e+07,-1.98982e+08,-1.36631e+09,0.00102202,0.000171941,2.08841e-25
0,2.0425e+09,-4.37219e+07,3.30643e+08,-6.95785e+09,8.63524e+08,-3.89931e+08,-6.44949e+08,0.000911427,0.000147543,-1.9025e-23
0,2.02088e+09,3.22667e+07,3.06719e+08,2.98398e+09,-1.51802e+09,5.25937e+06,-1.02527e+09,0.00106735,0.000161996,1.08486e-23
0,2.0527e+09,-1.32469e+07,3.31766e+08,-1.48186e+09,-1.67796e+08,-2.60132e+07,-8.54311e+08,0.00101245,0.000163636,-2.2864e-25
0,2.19811e+09,-1.70633e+07,3.21499e+08,-7.23256e+09,-1.68419e+09,-3.09871e+08,-7.32875e+08,0.00103477,0.000151348,-2.84045e-23
0,1.97317e+09,-2.47955e+07,3.08343e+08,-2.55889e+09,-8.94409e+06,4.41726e+08,-9.68952e+08,0.00100519,0.000157078,-1.73815e-24
0,1.96015e+09,946367,3.12749e+08,-3.13801e+09,-3.69518e+08,-1.64358e+08,-8.82808e+08,0.000989323,0.00015785,-3.22779e-24
0,2.04483e+09,-1.92832e+07,3.09691e+08,-7.36693e+08,-4.02366e+08,4.04887e+08,-1.02043e+09,0.000996189,0.000150874,1.18936e-25
0,1.92954e+09,-8.89384e+06,3.05332e+08,-6.9084e+08,-1.9764e+08,2.01247e+08,-1.5097e+09,0.00103998,0.000164567,3.94408e-25
0,2.16246e+09,3.034e+06,3.38486e+08,-1.45208e+09,1.6887e+07,5.5298e+07,-3.28655e+08,0.000887814,0.000138968,-4.41223e-26
0,2.06729e+09,-3.7442e+07,3.34562e+08,-5.48693e+09,9.36058e+08,-4.0972e+08,-4.9112e+08,0.00089678,0.000145131,-7.18381e-24
0,2.05458e+09,4.76313e+07,3.08278e+08,5.51531e+09,-7.02354e+08,-1.68319e+08,-1.00397e+09,0.00102789,0.00015423,2.3007e-23
0,2.09113e+09,1.66368e+06,3.33138e+08,5.39274e+09,6.92001e+07,2.64024e+08,-5.83702e+08,0.000922931,0.000147032,6.13416e-24
0,1.99992e+09,8.22314e+06,3.33134e+08,-2.76585e+08,3.30803e+08,1.72836e+07,-7.18931e+08,0.000934846,0.00015572,3.6644e-27
0,1.96622e+09,-6.42588e+06,3.17421e+08,-2.79321e+09,-7.88698e+08,3.12777e+08,-8.66429e+08,0.00101137,0.000163272,-3.77216e-24
0,2.21222e+09,1.14793e+07,3.35547e+08,3.71292e+09,-7.98464e+08,1.75395e+08,-6.32717e+08,0.000988833,0.000149985,2.42695e-24
0,2.06644e+09,-1.3305e+07,3.33472e+08,-3.80117e+09,8.14935e+08,-2.64225e+07,-6.08683e+08,0.000905439,0.000146115,-2.1969e-24
0,1.87489e+09,-1.23572e+07,3.01216e+08,-2.97454e+09,5.6004e+08,4.24246e+08,-7.61712e+08,0.00106296,0.000170773,-3.30482e-24
0,2.09516e+09,2.50129e+07,3.22986e+08,3.52476e+09,5.61599e+08,-4.57648e+08,-3.77748e+08,0.000949652,0.000146397,6.40638e-25
0,2.06735e+09,-2.21603e+07,3.28025e+08,-6.03728e+09,7.6499e+08,-3.81165e+08,-7.44842e+08,0.000925513,0.00014685,-1.4234e-23
0,2.00154e+09,9.00911e+06,3.17536e+08,3.5617e+09,-1.47455e+08,-3.10469e+08,-7.96474e+08,0.00100144,0.000158873,4.38356e-24
0,2.18653e+09,-2.09437e+07,3.29765e+08,-6.78873e+07,2.53502e+08,4.13169e+08,-4.90015e+08,0.000944154,0.000142394,-1.71558e-27
0,1.77787e+09,-4.81183e+07,2.9843e+08,9.91027e+07,3.01646e+09,-4.24806e+07,-6.04813e+08,0.000951056,0.000159642,-2.7877e-25
0,1.88914e+09,-5.01505e+07,2.86917e+08,4.27086e+09,-8.11955e+08,6.42324e+08,-8.66536e+08,0.0010967,0.000166564,1.00795e-23
0,2.04454e+09,2.5196e+07,3.18603e+08,2.71849e+09,-9.31175e+08,-1.57513e+07,-9.53189e+08,0.00103106,0.000160671,3.66473e-24
0,2.14374e+09,2.05177e+07,3.01657e+08,-2.70457e+09,-1.83118e+08,6.26321e+07,7.21412e+07,0.000942945,0.000132687,7.70971e-26
0,1.79449e+09,1.3182e+07,3.02768e+08,-4.14323e+09,-1.81221e+08,1.64757e+08,-8.83381e+08,0.000986181,0.000166389,-1.23133e-23
0,1.93327e+09,-2.59972e+07,3.02776e+08,-7.26564e+08,4.74092e+08,-2.87229e+08,-1.09823e+09,0.00104263,0.000163289,2.67857e-26
0,2.02144e+09,9.06955e+06,3.25327e+08,-2.30664e+09,6.52371e+08,-1.1208e+08,-9.10672e+08,0.000956384,0.000153919,-1.13999e-24
0,1.92534e+09,3.19406e+07,2.98311e+08,6.54913e+09,4.18929e+08,-1.09786e+08,-9.65302e+08,0.00099308,0.000153867,3.82194e-23
0,1.93664e+09,-2.79875e+07,3.12216e+08,-9.27411e+09,6.50671e+08,-1.70298e+08,-9.85911e+08,0.000950648,0.000153259,-9.26655e-23
0,2.22164e+09,4.24345e+07,3.23943e+08,3.3308e+09,-1.49458e+09,-7.35551e+07,-1.30068e+08,0.000908887,0.000132527,1.49271e-24
0,2.05851e+09,-2.9581e+07,3.23786e+08,-5.68967e+09,-2.40549e+08,-2.77063e+08,-1.03633e+09,0.000991287,0.000155921,-1.83896e-23
0,1.91168e+09,-1.02711e+07,3.03481e+08,-3.16791e+09,2.15615e+08,4.3146e+08,-7.94091e+08,0.00105271,0.000167118,-4.18722e-24
0,1.82509e+09,4.92252e+07,3.03638e+08,-5.85224e+09,-1.29423e+09,-1.31513e+08,-1.05606e+09,0.00104572,0.000173975,-6.0621e-23
0,2.18515e+09,1.4787e+07,3.33932e+08,1.06714e+09,-3.53643e+08,-2.12288e+07,-5.917e+08,0.000990532,0.000151372,6.37712e-26
0,2.04945e+09,-1.00983e+07,3.0964e+08,-2.19381e+09,-3.64486e+08,1.20138e+08,-9.71301e+08,0.000979331,0.000147962,-9.51585e-25
0,2.08351e+09,3.08791e+07,3.26404e+08,1.56293e+08,-2.95073e+08,4.16103e+06,-6.41074e+08,0.000957219,0.000149958,-1.14644e-28
0,2.01074e+09,-1.91385e+07,3.17768e+08,-2.72261e+09,-6.2852e+08,3.39255e+08,-9.10416e+08,0.00101109,0.000159788,-2.82175e-24
0,1.92685e+09,-6.4647e+07,2.84429e+08,3.0144e+09,3.00207e+08,7.27062e+08,-8.82029e+08,0.00110953,0.000163782,6.76042e-24
0,2.0521e+09,2.56792e+07,3.1903e+08,1.4028e+09,-8.61594e+08,3.94313e+07,-9.23125e+08,0.00104409,0.000162319,8.49608e-25
0,2.10469e+09,-1.60704e+07,2.7987e+08,-2.72879e+09,-3.651e+08,-5.34924e+08,4.45452e+08,0.000999172,0.000132864,1.35883e-24
0,1.93965e+09,-1.84444e+07,2.98947e+08,-2.16117e+09,-1.17275e+09,2.15092e+08,-1.22384e+09,0.00105778,0.000163031,-4.71815e-24
0,1.85892e+09,-3.39048e+07,2.40417e+08,-1.57784e+10,3.48292e+08,-3.2865e+08,1.63089e+08,0.00115364,0.000149203,2.03632e-22
0,1.98853e+09,-1.25918e+07,3.22058e+08,-1.13694e+09,-2.0192e+08,8.56221e+07,-1.22794e+09,0.00103992,0.000168423,2.95447e-26
0,2.04141e+09,2.89201e+07,3.11503e+08,2.86069e+09,1.01931e+08,-7.66505e+08,-8.03551e+08,0.000970796,0.000148136,1.27953e-24
0,1.96557e+09,8.32056e+06,3.10536e+08,-4.08762e+09,-6.05655e+08,4.06454e+08,-6.04586e+08,0.00105032,0.000165938,-9.1854e-24
0,2.02398e+09,2.5334e+06,3.08847e+08,2.99702e+09,-1.22328e+09,3.05655e+08,-1.16392e+09,0.00105779,0.000161412,7.22917e-24
0,2.15862e+09,-3.36172e+07,3.23979e+08,-4.09309e+09,-3.25735e+08,-3.40607e+07,-7.56883e+08,0.000973331,0.000146084,-3.79173e-24
0,1.8568e+09,-2.6244e+07,2.92805e+08,-1.74104e+09,-2.45544e+08,5.54904e+08,-1.35649e+09,0.00103335,0.000162952,-2.34845e-25
0,2.32454e+09,1.07087e+07,3.31835e+08,2.49155e+09,-9.78404e+08,-8.02143e+07,-2.59523e+08,0.000916586,0.000130845,4.38109e-25
0,1.97487e+09,9.64862e+06,2.56053e+08,-9.09375e+09,-8.63019e+08,-2.76186e+08,2.92363e+08,0.00109168,0.000141542,5.69438e-23
0,2.13247e+09,1.50264e+06,3.34662e+08,-2.55985e+09,-7.13198e+07,6.91749e+07,-6.20583e+08,0.000939143,0.000147385,-6.55152e-25
0,1.87097e+09,-7.22461e+07,2.88682e+08,7.30056e+08,1.62933e+09,9.49084e+08,-8.13013e+08,0.00109736,0.000169318,1.47984e-24
0,2.11454e+09,1.98169e+07,3.20547e+08,4.33083e+09,-3.29471e+08,4.10663e+08,-6.09617e+08,0.000938324,0.000142243,2.71995e-24
0,2.10016e+09,-1.56176e+07,3.08637e+08,-1.29074e+09,-1.97368e+09,-6.55759e+07,2.40692e+08,0.000908307,0.000133484,-9.7892e-25
0,2.15824e+09,7.02385e+06,3.32828e+08,1.38481e+09,-5.88031e+08,4.18546e+08,-6.30311e+08,0.000960674,0.000148148,6.56545e-26
0,2.09171e+09,-1.56288e+07,3.12246e+08,-5.77035e+09,-1.64048e+09,-2.92158e+08,-1.02005e+09,0.00102436,0.000152915,-2.75042e-23
0,2.04476e+09,3.24734e+07,3.19836e+08,-1.49704e+09,5.68107e+08,-4.95421e+08,-8.7137e+08,0.000983851,0.000153891,-4.89891e-25
0,2.08369e+09,2.25403e+07,3.15127e+08,2.60386e+09,-5.91482e+08,-7.3771e+08,-7.19845e+08,0.000977436,0.000147822,1.32712e-24
0,1.83225e+09,-6.32876e+07,2.96055e+08,3.08475e+08,-2.24421e+09,-2.82917e+08,-7.19081e+08,0.00102619,0.000165812,-1.43597e-24
0,2.09139e+09,-5.33861e+06,3.32965e+08,9.74619e+08,-4.00018e+08,5.39983e+07,-6.71966e+08,0.000952967,0.00015172,6.01472e-26
0,2.14394e+09,4.67865e+07,2.86116e+08,1.08149e+09,1.00401e+09,7.86299e+08,4.43173e+08,0.00101222,0.000135084,4.85248e-26
0,2.04512e+09,-1.36125e+07,3.20221e+08,2.96598e+09,-2.40236e+08,8.97618e+07,-4.00628e+08,0.000941614,0.000147436,8.22938e-25
0,2.13796e+09,2.54267e+07,3.18128e+08,4.11735e+09,-3.86574e+08,3.78696e+08,-6.95536e+08,0.000953054,0.000141814,2.76375e-24
0,2.12692e+09,1.61704e+07,3.00686e+08,5.78378e+09,-1.88217e+09,1.81481e+08,-8.62501e+08,0.00103783,0.00014672,2.92175e-23
0,1.90091e+09,3.07586e+07,2.91291e+08,3.48427e+09,8.44619e+08,-7.569e+07,-1.21775e+09,0.000986903,0.000151231,7.21598e-24
0,1.94333e+09,1.14065e+07,3.17262e+08,5.86806e+08,7.70053e+08,-5.08118e+08,-9.35795e+08,0.000944483,0.000154194,-6.12316e-28
0,1.95394e+09,-1.36043e+07,3.09238e+08,-3.83682e+09,-6.08037e+08,-1.52087e+08,-1.18612e+09,0.00102363,0.000162003,-1.00259e-23
0,1.9161e+09,-2.6625e+07,3.20042e+08,-2.33062e+09,6.82595e+08,3.54172e+08,-8.87276e+08,0.00095971,0.000160298,-9.46966e-25
0,1.7917e+09,-6.38649e+07,2.91854e+08,1.88097e+09,-1.25829e+09,2.9658e+08,-7.56979e+08,0.00102802,0.000167457,4.30391e-24
0,1.82154e+09,4.00744e+07,3.08364e+08,-3.37517e+09,-4.55628e+08,-2.08325e+08,-9.43702e+08,0.00101138,0.000171215,-6.86842e-24
0,2.16564e+09,5.34848e+06,2.94008e+08,4.9671e+09,1.51807e+09,-2.67449e+08,-7.77435e+07,0.000943092,0.000128034,-2.9453e-24
0,2.07318e+09,-2.33767e+07,3.3767e+08,-6.27124e+09,3.70545e+08,-6.13561e+08,-5.4691e+08,0.000927911,0.000151134,-1.16981e-23
0,2.03297e+09,-1.91429e+07,3.19624e+08,-3.69436e+09,-1.03787e+08,-1.81815e+08,-6.61676e+08,0.000983007,0.000154548,-3.31053e-24
0,2.1126e+09,2.46876e+07,3.19105e+08,3.1351e+09,-3.83486e+08,4.26409e+08,-7.70224e+08,0.000965715,0.00014587,1.33448e-24
0,2.16476e+09,-9.37484e+06,3.38958e+08,1.01549e+09,2.52994e+08,-6.4396e+07,-3.16675e+08,0.000884301,0.000138464,1.27579e-26
0,1.87518e+09,-2.06998e+06,2.98122e+08,2.55948e+09,4.66991e+08,9.78436e+08,-9.77124e+08,0.000960963,0.000152777,3.23729e-24
0,1.94265e+09,4.25753e+07,3.05625e+08,4.48997e+09,1.39103e+08,-3.12434e+08,-1.18805e+09,0.0010253,0.000161304,1.58359e-23
0,1.86398e+09,2.08406e+07,2.98286e+08,-1.23004e+09,1.38135e+09,-6.12726e+08,-1.49133e+09,0.00101326,0.000162148,-1.62372e-24
0,1.88322e+09,-2.74646e+07,3.04533e+08,-1.51931e+09,3.86971e+08,4.90613e+08,-1.37796e+09,0.00104214,0.000168524,-8.13943e-26
0,2.11539e+09,1.88653e+07,2.90492e+08,-1.82269e+09,4.19561e+07,2.09092e+08,-2.47095e+08,0.000908265,0.000124726,-7.87304e-26
0,1.82564e+09,2.17992e+07,3.08447e+08,-1.82442e+09,5.18638e+08,-4.37919e+08,-1.0287e+09,0.00101151,0.000170898,-1.52961e-24
0,1.93212e+09,-3.19833e+07,3.17005e+08,8.54366e+08,9.93551e+08,5.48805e+08,-1.0247e+09,0.000970442,0.000159222,3.48532e-25
0,2.08139e+09,1.62087e+07,3.12325e+08,1.94584e+09,-4.47011e+08,-2.4801e+08,-8.12192e+08,0.000969982,0.000145552,5.62793e-25
0,2.12416e+09,-1.2063e+07,3.40714e+08,-6.00162e+09,1.39801e+08,-5.38608e+08,-3.78279e+08,0.000921491,0.000147807,-5.47629e-24
0,2.0161e+09,-2.97442e+06,3.29848e+08,-5.19065e+08,-4.27052e+08,-4.64647e+07,-9.88542e+08,0.00102374,0.000167492,-1.28475e-26
0,2.05276e+09,-2.57371e+07,3.31951e+08,-6.17844e+09,-1.16436e+08,-1.00597e+08,-5.94304e+08,0.000924282,0.000149465,-1.01831e-23
0,2.02191e+09,-1.21535e+07,3.22257e+08,-3.55526e+09,-2.7727e+07,-5.06148e+07,-5.82242e+08,0.000978266,0.000155919,-2.69372e-24
0,2.01121e+09,4.3862e+06,3.10669e+08,-2.84291e+09,-1.61603e+09,-2.62022e+08,5.34283e+08,0.00101227,0.000156364,1.31454e-24
0,2.03351e+09,-532760,3.21943e+08,-1.87325e+09,-1.37625e+08,-7.5499e+08,-7.71001e+08,0.000967646,0.000153197,7.10354e-26
0,2.12382e+09,1.41788e+06,3.28964e+08,1.59568e+09,-6.62782e+08,5.14314e+08,-5.11788e+08,0.000995218,0.000154152,-5.28671e-27
0,1.96711e+09,1.73143e+07,3.39666e+08,6.46053e+09,-1.02991e+08,6.47531e+08,9.44212e+07,0.000929019,0.000160416,-3.2659e-24
0,1.94226e+09,-2.09619e+07,3.24268e+08,2.32903e+09,1.2759e+09,5.85054e+08,-7.04314e+08,0.000964984,0.000161108,2.75353e-24
0,1.88265e+09,-3.59547e+07,3.09519e+08,-1.41119e+09,8.79891e+08,5.19545e+08,-1.26771e+09,0.00103621,0.000170359,-1.90517e-25
0,2.06177e+09,1.82623e+06,3.32985e+08,3.28539e+08,5.49243e+08,529884,-6.94222e+08,0.000920496,0.000148665,8.7378e-28
0,2.07551e+09,3.91753e+07,3.21491e+08,3.06574e+09,3.45322e+08,-1.75671e+08,-8.85316e+08,0.000965194,0.000149506,1.94806e-24
0,1.90679e+09,-1.5143e+07,3.10466e+08,-2.91285e+09,5.54598e+08,1.31534e+08,-1.19467e+09,0.00100008,0.000162835,-3.96859e-24
0,1.91223e+09,-1.37488e+07,2.95002e+08,5.59225e+07,-2.24131e+08,6.79753e+08,-1.41624e+09,0.00104245,0.00016082,-3.12676e-26
0,2.14246e+09,-1.81675e+07,3.05175e+08,-5.48904e+09,-1.97617e+09,2.27197e+08,-9.66594e+08,0.00104487,0.000148833,-3.60454e-23
0,2.05532e+09,-1.64989e+07,3.31019e+08,-5.92265e+08,1.65958e+08,1.06877e+08,-7.73387e+08,0.000964265,0.000155299,7.96228e-27
0,1.97363e+09,-2.16632e+07,3.26157e+08,-5.14148e+09,-1.09814e+09,-4.68296e+08,6.72176e+07,0.00100626,0.000166292,5.98596e-24
0,1.85396e+09,-6.04454e+07,2.83987e+08,3.55452e+09,1.7153e+09,8.00723e+08,-8.02091e+08,0.00106583,0.000163262,2.3081e-23
0,2.08042e+09,3.42282e+06,3.3049e+08,5.60968e+09,3.43585e+08,4.41976e+08,-6.13685e+08,0.000922219,0.000146501,8.37534e-24
0,2.01664e+09,-501606,3.29282e+08,3.01773e+09,4.26892e+08,3.5645e+08,-6.90997e+08,0.000978419,0.000159759,2.4703e-24
0,1.97131e+09,-3.03717e+07,3.04884e+08,-8.21135e+08,5.84157e+08,-1.91349e+08,-1.1105e+09,0.0010092,0.000156084,-3.25742e-26
0,2.05784e+09,-7.39968e+06,3.2802e+08,1.607e+09,5.90775e+07,2.99076e+08,-8.62856e+08,0.000986178,0.000157197,2.32788e-25
0,2.30803e+09,2.07312e+07,3.25502e+08,2.92116e+09,-1.14016e+09,-6.01643e+07,-3.10354e+08,0.000933209,0.00013161,9.11447e-25
0,2.11078e+09,-6.07681e+06,3.28071e+08,1.14051e+09,-4.64421e+08,2.74807e+08,-8.02012e+08,0.000974928,0.000151529,8.64715e-26
0,1.95654e+09,1.37172e+07,3.13476e+08,9.84165e+09,-1.44472e+09,1.5842e+08,-7.65514e+08,0.000972531,0.000155818,9.2968e-23
0,1.9978e+09,-1.88259e+07,3.33405e+08,1.09227e+08,6.1619e+08,9.98041e+07,-7.17419e+08,0.000951046,0.000158717,1.12974e-28
0,2.19976e+09,3.30414e+07,3.29786e+08,3.32566e+09,4.13199e+08,-9.85142e+07,-4.22625e+08,0.000901551,0.00013516,6.58292e-25
0,2.13716e+09,-1.33202e+07,2.81939e+08,-1.88706e+08,4.7872e+08,-4.69529e+08,4.78262e+08,0.0010009,0.000132041,2.27745e-26
0,1.78722e+09,3.58698e+06,2.96425e+08,-3.24033e+08,2.0267e+09,-4.51259e+07,-1.36577e+09,0.00097293,0.000161368,1.54142e-25
0,2.15757e+09,-1.48088e+06,3.44844e+08,-6.22423e+08,-7.96498e+07,-2.71609e+07,-7.64518e+07,0.000923195,0.000147554,-9.75495e-28
0,1.99296e+09,1.91401e+07,3.21068e+08,1.16649e+09,-7.01215e+07,-8.31835e+08,-9.03509e+08,0.00103004,0.00016594,-1.03836e-25
0,2.07437e+09,4.99946e+07,3.18327e+08,8.62901e+09,-2.98327e+08,8.13686e+06,-9.41745e+08,0.000969633,0.000148797,5.35551e-23
0,1.99985e+09,-3.29128e+06,3.4285e+08,-1.73328e+09,-1.06136e+08,-9.77018e+07,2.04726e+07,0.00088776,0.000152196,1.42493e-26
0,1.90351e+09,1.36991e+07,3.07864e+08,3.02866e+09,-6.48335e+08,-3.55774e+08,-1.08062e+09,0.00104604,0.000169181,6.75683e-24
0,1.94758e+09,2.81493e+07,3.16499e+08,4.41284e+09,-1.18022e+07,4.83818e+07,-9.3561e+08,0.000972611,0.000158058,9.53278e-24
0,2.08824e+09,1.86171e+07,3.14687e+08,2.5657e+09,-1.36431e+09,2.24924e+08,-9.64206e+08,0.00105351,0.00015876,5.00099e-24
0,1.95834e+09,-3.69688e+06,3.12572e+08,-1.56144e+09,-3.33388e+08,1.11473e+08,-1.37886e+09,0.00104997,0.000167586,-3.2262e-25
0,2.02535e+09,-2.69893e+07,3.31456e+08,-4.76348e+09,-2.03074e+08,-5.99617e+08,-8.91076e+08,0.000996156,0.000163024,-9.03966e-24
0,1.89614e+09,-2.33784e+07,2.65427e+08,-7.24786e+09,-8.76517e+08,-7.37638e+08,2.98201e+08,0.0010522,0.00014729,4.79541e-23
0,1.83396e+09,1.21998e+07,2.97694e+08,2.20683e+09,2.01844e+09,-1.47195e+08,-1.23167e+09,0.000984741,0.000159846,4.71725e-25
0,2.12753e+09,1.81336e+07,3.24297e+08,4.58455e+09,-9.94591e+08,4.02975e+08,-9.60539e+08,0.00102554,0.000156321,8.63977e-24
0,2.0704e+09,8.64783e+06,3.20097e+08,-6.96276e+08,-8.11121e+08,-7.99661e+08,-8.97219e+08,0.00103093,0.000159388,-1.20539e-25
0,1.97005e+09,9.13165e+07,2.84691e+08,-4.04587e+08,-1.26352e+09,-2.67714e+08,-7.44792e+08,0.00108223,0.000156392,-1.30042e-24
0,2.02912e+09,1.15715e+07,3.19788e+08,-1.8855e+08,-3.5089e+08,-1.02133e+08,-8.20402e+08,0.000961511,0.000151534,-1.0191e-26
0,2.13531e+09,1.74314e+07,3.36776e+08,9.86265e+08,-3.29761e+08,-3.20371e+08,-5.78505e+07,0.000995995,0.000157086,1.97658e-26
0,1.93156e+09,1.84929e+07,3.04476e+08,2.55251e+09,-8.10326e+08,3.22292e+06,-1.15459e+09,0.00105125,0.000165711,4.54085e-24
0,2.16797e+09,3.08156e+06,3.35603e+08,2.70243e+09,-2.5064e+08,1.14089e+07,-5.68125e+08,0.000939167,0.000145383,6.73317e-25
0,2.16559e+09,2.28897e+07,3.1027e+08,6.15424e+09,-1.23358e+09,1.19577e+08,-8.73197e+08,0.00100113,0.000143435,1.95425e-23
0,2.0966e+09,5.01112e+07,2.83566e+08,6.29591e+07,4.64111e+07,-3.04276e+08,-4.05781e+08,0.000956763,0.000129402,1.17298e-27
0,2.08474e+09,4.09014e+06,3.33813e+08,2.69153e+09,-3.95083e+08,4.37466e+07,-7.04196e+08,0.0010044,0.000160826,1.4198e-24
0,1.88872e+09,-1.48555e+06,3.05273e+08,2.22025e+08,1.69347e+09,9.46039e+06,-1.08966e+09,0.000951623,0.00015381,-4.74656e-26
0,2.07594e+09,7.80337e+06,3.32009e+08,7.65806e+08,1.15829e+08,4.5752e+07,-7.93032e+08,0.00096299,0.000154013,-3.8637e-28
0,1.88703e+09,-2.61068e+07,3.03163e+08,8.63436e+08,3.14287e+08,4.58408e+08,-1.46578e+09,0.00103726,0.000166643,-4.72182e-25
0,1.80635e+09,2.26946e+07,3.00128e+08,-5.24323e+09,-9.7233e+07,4.51301e+08,-8.51831e+08,0.00101329,0.00016836,-2.66654e-23
0,1.93231e+09,2.75154e+07,3.04498e+08,2.15906e+09,-8.3064e+08,-1.59434e+07,-1.11734e+09,0.00107028,0.000168657,3.28048e-24
0,2.20235e+09,1.08271e+07,3.29953e+08,1.89252e+09,-7.65221e+08,2.23618e+08,-6.64371e+08,0.000965652,0.000144673,4.14871e-25
0,1.99757e+09,8.78949e+06,2.93174e+08,-8.08667e+09,-4.69569e+08,-4.27694e+08,1.70871e+08,0.000960782,0.000141009,1.36318e-23
0,2.11584e+09,986189,3.25787e+08,-2.90111e+09,-5.29527e+08,5.40949e+07,-9.54565e+08,0.000993246,0.000152936,-2.2303e-24
0,1.94122e+09,-6.79601e+07,3.09629e+08,-9.14184e+09,1.21248e+09,2.95874e+08,-9.23419e+08,0.000959279,0.000153008,-7.26867e-23
0,2.04838e+09,-2.41138e+07,3.05906e+08,6.73905e+09,-2.30398e+09,6.38842e+08,-6.18044e+08,0.00106364,0.000158845,3.18097e-23
0,2.06823e+09,-1.94264e+07,3.36671e+08,-6.17081e+09,1.07151e+08,-3.2894e+08,-6.37968e+08,0.000962349,0.000156653,-1.32208e-23
0,1.87611e+09,-2.83756e+07,3.07739e+08,2.96656e+09,1.97145e+09,9.52292e+08,-1.04901e+09,0.000926346,0.000151949,1.01205e-23
0,1.97248e+09,-2.33154e+07,3.13388e+08,4.41554e+08,-1.96312e+07,3.84451e+08,-1.26989e+09,0.00104886,0.000166644,-1.98116e-25
0,2.1651e+09,-4.22857e+06,3.44558e+08,-7.40993e+08,-3.30328e+07,-1.07459e+08,-1.34363e+08,0.000920276,0.000146455,-2.3363e-27
0,1.93931e+09,-2.26563e+07,3.1158e+08,-4.09239e+09,-1.67702e+09,-4.02274e+08,-8.15794e+08,0.00099091,0.000159204,-1.25974e-23
0,2.02926e+09,-4.34252e+07,3.13288e+08,-4.29925e+09,-1.73851e+08,-1.45115e+08,-1.20322e+09,0.0010192,0.000157349,-1.11161e-23
0,1.96256e+09,-9.78768e+06,3.14986e+08,1.01041e+09,8.50938e+08,-9.24526e+07,-9.73691e+08,0.000956927,0.000153584,8.20913e-26
0,2.0311e+09,-2.4234e+07,3.22639e+08,-6.39298e+09,-5.81015e+08,-3.58245e+08,-7.64651e+08,0.000964438,0.0001532,-1.69075e-23
0,2.12982e+09,-2.55e+07,3.28089e+08,-5.01924e+09,-6.14241e+08,-2.53388e+08,-8.76361e+08,0.00102665,0.00015815,-1.06101e-23
0,1.92665e+09,-1.08568e+07,3.10492e+08,-3.8833e+09,-4.67819e+08,-5.70709e+07,-1.21751e+09,0.00102824,0.000165709,-1.16257e-23
0,2.30594e+09,5.50389e+06,3.43511e+08,-4.87865e+08,-2.46973e+08,-2.20792e+07,7.88639e+06,0.00085973,0.000128072,-2.81412e-28
0,2.1247e+09,8.00326e+06,3.07534e+08,2.52738e+09,-1.30173e+09,-1.18622e+08,-8.73948e+08,0.00103445,0.000149728,3.85221e-24
0,2.15949e+09,-1.35667e+07,3.21815e+08,-1.46905e+09,-1.13259e+09,-1.6174e+08,-9.31064e+08,0.00100942,0.000150427,-1.07665e-24
0,2.07859e+09,859932,3.23952e+08,-2.96911e+09,-6.74926e+08,-1.16064e+08,-7.75359e+08,0.000969288,0.000151065,-1.94434e-24
0,1.99428e+09,-1.54973e+07,3.09514e+08,-1.31249e+09,1.18001e+08,3.28719e+08,-1.02669e+09,0.000969395,0.000150451,-6.21384e-26
0,1.93526e+09,-3.15284e+07,3.03753e+08,3.83322e+09,-2.3463e+09,-2.50664e+08,-6.23123e+08,0.00102298,0.000160565,2.95996e-23
0,2.10603e+09,-6.17073e+06,3.42643e+08,4.46828e+09,-3.0589e+07,1.1445e+08,-8.79723e+07,0.000914129,0.000148725,4.69009e-25
0,2.00598e+09,-1.24015e+07,3.34119e+08,-5.59184e+09,3.94021e+08,-2.08723e+08,-7.5375e+08,0.000944473,0.000157313,-1.28073e-23
0,1.99178e+09,-1.04443e+07,3.1255e+08,5.3519e+09,1.00122e+09,8.63288e+08,-9.43472e+08,0.000950443,0.000149144,2.29826e-23
0,1.91205e+09,9.60336e+06,3.13399e+08,1.72473e+09,1.37807e+09,1.79563e+08,-8.07699e+08,0.000926391,0.000151843,4.75295e-25
0,2.12348e+09,-1.01347e+06,3.24169e+08,-1.73516e+09,-1.23738e+09,2.30766e+08,-9.75463e+08,0.00102479,0.000156443,-1.60545e-24
0,1.94317e+09,-5.66536e+06,3.17358e+08,2.09805e+09,4.81318e+08,-6.71181e+07,-8.48271e+08,0.000957146,0.000156321,8.01704e-25
0,1.86839e+09,619457,2.99087e+08,-4.34552e+08,-1.82201e+08,3.14316e+08,-1.4142e+09,0.00105041,0.000168147,3.54105e-25
0,1.93229e+09,-3.15502e+07,3.10509e+08,-4.06997e+09,-6.82065e+08,-6.24424e+07,-1.08326e+09,0.00102519,0.000164742,-1.25709e-23
0,2.09489e+09,3.12637e+07,3.17293e+08,5.975e+09,-6.40535e+07,-2.04133e+08,-7.37211e+08,0.000952655,0.000144289,1.2109e-23
0,2.04816e+09,-4.13366e+07,3.24323e+08,-6.59426e+09,1.4933e+07,-3.03495e+08,-9.75646e+08,0.000995507,0.000157637,-2.95628e-23
0,2.13446e+09,8.70408e+06,3.35231e+08,2.80867e+08,-1.8175e+08,5.02566e+07,-5.9965e+08,0.000947912,0.000148876,-1.03047e-27
0,1.98616e+09,-3.53358e+06,3.2216e+08,-5.42308e+09,-7.86255e+07,-1.33871e+08,-7.59027e+08,0.00095244,0.000154488,-1.19273e-23
0,1.97495e+09,4.42418e+07,3.20605e+08,3.01393e+09,1.07421e+09,-3.12351e+08,-9.04802e+08,0.000967969,0.000157136,1.86063e-24
0,1.96961e+09,-2.93436e+06,3.35344e+08,-3.8022e+09,6.49558e+08,-2.71353e+08,-6.60813e+08,0.000931289,0.00015856,-4.20807e-24
0,1.95096e+09,-2.56669e+07,2.71029e+08,6.68395e+08,3.27702e+07,-5.32347e+07,6.38414e+08,0.00116411,0.00016172,-4.33486e-27
0,2.01289e+09,-1.86065e+07,3.30164e+08,-3.49487e+09,4.89267e+08,-4.62707e+08,-8.67395e+08,0.000958061,0.000157146,-4.35041e-24
0,2.0442e+09,2.37e+07,3.24247e+08,3.69577e+09,-3.29617e+08,6.06925e+07,-8.01812e+08,0.000999667,0.000158565,4.36263e-24
0,1.78448e+09,1.3422e+07,2.74193e+08,7.46615e+08,-7.00657e+07,-2.18914e+08,-1.45164e+09,0.00104947,0.000161256,-5.29731e-25
0,1.88836e+09,-3.58766e+06,3.14443e+08,6.76674e+08,2.42072e+07,9.36894e+07,-1.16358e+09,0.000990369,0.000164913,-1.16116e-25
0,1.98589e+09,-3.18142e+07,3.28728e+08,-6.07676e+09,5.66207e+08,-2.19899e+08,-8.86344e+08,0.000967629,0.000160173,-2.32465e-23
0,2.27016e+09,-2.84235e+06,3.08938e+08,2.3994e+09,-1.92086e+09,-1.83383e+08,-3.62838e+08,0.0009513,0.000129459,2.48812e-24
0,2.13988e+09,1.33414e+06,3.34359e+08,4.24886e+09,-5.83998e+08,4.77393e+08,-5.77346e+08,0.000991563,0.000154933,2.41929e-24
0,1.97345e+09,-3.48092e+07,3.03458e+08,-3.08168e+09,-2.51003e+08,2.11349e+08,-1.399e+09,0.00103593,0.000159296,-5.3801e-24
0,2.05854e+09,-1.86904e+07,3.06276e+08,-5.45131e+09,-4.36609e+08,1.40305e+08,-1.08911e+09,0.00101389,0.000150849,-2.0648e-23
0,1.95723e+09,-3.26188e+07,3.23889e+08,-1.03584e+08,1.21237e+09,2.64456e+08,-6.76464e+08,0.000900358,0.000148994,-1.40214e-26
0,2.03727e+09,-5.03998e+06,3.30292e+08,-2.41974e+09,4.99038e+08,-1.49999e+08,-7.75984e+08,0.000943045,0.00015289,-1.02001e-24
0,1.93013e+09,-3.98183e+07,2.95993e+08,-6.5475e+08,9.5479e+08,3.67982e+08,-9.12342e+08,0.00109954,0.000168619,-3.89545e-27
0,2.07865e+09,2.24489e+07,3.30178e+08,4.51744e+09,2.13069e+08,4.79938e+08,-6.99682e+08,0.000926023,0.000147092,4.81129e-24
0,2.12108e+09,-7.1027e+06,3.19696e+08,2.61455e+09,-7.92295e+08,4.79115e+08,-8.34489e+08,0.00101103,0.000152386,1.03672e-24
0,2.16423e+09,-3.61133e+06,3.44277e+08,-7.10243e+08,6.76709e+07,-4.81733e+07,-1.78116e+08,0.000911377,0.000144978,-3.47935e-27
0,1.88275e+09,8.18649e+07,3.01194e+08,-3.304e+09,5.14731e+08,-3.10501e+07,-5.67684e+08,0.00104304,0.00016686,-4.38092e-24
0,1.88065e+09,386453,3.06313e+08,5.19119e+09,-3.07157e+07,-5.26907e+08,-7.13967e+08,0.000973947,0.000158633,1.43271e-23
0,2.1742e+09,6.2302e+06,3.20977e+08,-2.99836e+09,-1.49498e+09,7.04717e+07,-6.15209e+08,0.00101352,0.000149626,-4.36408e-24
0,1.98948e+09,-1.15157e+07,3.11795e+08,3.29391e+09,1.26873e+09,5.80746e+08,-1.02565e+09,0.000961084,0.000150623,6.86099e-24
0,2.00497e+09,-2.8366e+07,3.31065e+08,-6.05115e+09,-4.41032e+07,-1.49936e+08,-7.64042e+08,0.000964224,0.000159215,-1.70352e-23
0,2.05233e+09,-2.10118e+07,3.30212e+08,-5.91798e+09,5.20413e+07,-1.79074e+08,-8.10455e+08,0.000965285,0.00015531,-1.52291e-23
0,1.99924e+09,5.86575e+07,3.15695e+08,7.4847e+09,8.85335e+08,-3.59568e+07,-8.75926e+08,0.000978739,0.00015455,4.07115e-23
0,1.87596e+09,-7.14538e+07,3.01909e+08,-1.27779e+09,-5.11493e+08,-1.13352e+08,-8.66946e+08,0.00100416,0.000161606,-3.75493e-25
0,1.78849e+09,-4.00713e+06,2.94112e+08,4.96753e+09,9.85686e+08,8.49854e+07,-7.59696e+08,0.00104412,0.000171702,2.67861e-23
0,2.09465e+09,-2.30593e+07,3.33866e+08,-8.10956e+09,-1.23272e+08,-3.33248e+08,-6.07457e+08,0.000952766,0.000151861,-2.42992e-23
0,2.08121e+09,1.01564e+07,3.32792e+08,7.07453e+08,2.38221e+06,2.87572e+07,-7.3312e+08,0.000951901,0.000152212,-1.64035e-27
0,2.06818e+09,3.19638e+07,3.14678e+08,3.44327e+09,-5.17354e+08,-4.22323e+08,-1.01746e+09,0.00101196,0.000153972,4.98018e-24
0,2.29027e+09,1.15298e+07,3.07094e+08,3.20018e+09,-3.13074e+08,-1.40006e+08,-2.19277e+08,0.00096439,0.000129311,4.61199e-25
0,1.92912e+09,-1.58112e+07,3.32484e+08,-2.76485e+09,7.8301e+07,-1.73829e+08,-8.06051e+08,0.000992025,0.000170976,-2.26507e-24
0,2.02676e+09,2.5763e+07,3.2262e+08,-2.54772e+08,6.96266e+08,-6.04832e+08,-8.30936e+08,0.000949381,0.000151123,-2.83297e-26
0,2.08616e+09,2.50181e+07,2.88565e+08,-2.77932e+09,-2.81429e+08,3.53007e+07,5.11886e+08,0.000962741,0.00013317,8.87774e-25
0,1.89474e+09,-3.38151e+07,3.00623e+08,-3.74924e+09,2.85184e+08,3.44047e+08,-8.96063e+08,0.000961895,0.000152616,-5.49633e-24
0,1.92596e+09,-2.02714e+07,3.33191e+08,-4.32944e+09,5.11036e+08,-2.20474e+07,-6.9368e+08,0.000940864,0.00016277,-6.3079e-24
0,1.95813e+09,-1.78371e+07,3.32928e+08,-4.84075e+09,5.45289e+08,-1.98306e+08,-7.56559e+08,0.000939297,0.000159702,-9.46833e-24
0,1.84553e+09,-3.63945e+07,2.97804e+08,5.02154e+08,7.84369e+08,4.89669e+08,-1.50573e+09,0.00103535,0.000167069,-2.16996e-25
0,1.75843e+09,1.42389e+07,2.30938e+08,-2.17857e+09,-6.43054e+08,-2.87548e+08,9.77639e+08,0.00111188,0.000146025,4.97034e-24
0,2.03055e+09,-2.23579e+07,3.30653e+08,-7.37272e+09,3.70314e+08,-2.39338e+08,-7.15882e+08,0.000932568,0.000151858,-2.45246e-23
0,1.94376e+09,6.9002e+07,3.10545e+08,-3.78103e+09,-1.71356e+09,-4.50118e+08,-4.78446e+08,0.0010366,0.000165613,-8.27162e-24
0,1.91408e+09,-1.2348e+07,2.77743e+08,-3.73351e+09,-2.32201e+09,-3.17077e+08,5.75494e+08,0.00101596,0.000147422,-1.13684e-25
0,2.12222e+09,-3.64052e+06,3.10743e+08,3.85406e+09,-1.51513e+09,-1.14689e+08,-7.67049e+08,0.000988411,0.000144727,8.22243e-24
0,2.09931e+09,-566474,3.27569e+08,7.59786e+08,-6.08537e+08,1.4898e+08,-8.67882e+08,0.00101439,0.000158282,1.34614e-25
0,1.92051e+09,-2.26467e+07,3.29826e+08,-1.78413e+09,4.1874e+08,-1.26459e+08,-9.45628e+08,0.000981205,0.000168511,-6.87612e-25
0,2.10449e+09,9.29244e+06,3.41482e+08,-1.00862e+08,5.57689e+08,5.0808e+07,-3.30411e+08,0.00090304,0.00014653,1.85456e-28
0,1.9848e+09,7.51109e+06,3.14309e+08,1.51125e+09,-2.80382e+08,1.33725e+08,-1.28457e+09,0.00101844,0.000161279,2.29871e-25
0,1.944e+09,-7.5695e+06,3.18065e+08,-2.81084e+08,-4.20123e+08,-3.73353e+06,-1.08186e+09,0.000995908,0.000162944,1.67912e-26
0,1.74099e+09,2.78059e+07,2.9535e+08,-1.7054e+09,2.29423e+09,-5.73076e+08,-1.55838e+09,0.000982924,0.000166748,-3.94401e-24
0,2.00357e+09,-1.93579e+07,3.14763e+08,3.85083e+07,5.66026e+08,2.85951e+08,-1.05413e+09,0.00098633,0.000154954,-1.66323e-26
0,2.30408e+09,2.2229e+07,3.23668e+08,3.63063e+09,-1.03437e+09,-2.64548e+08,-3.13363e+08,0.000931253,0.000130819,1.47359e-24
0,1.90259e+09,-1.56185e+07,3.33963e+08,-4.47392e+08,4.72578e+08,1.03217e+08,-7.81994e+08,0.000972857,0.000170766,2.34022e-27
0,1.9353e+09,-9.35861e+06,3.06328e+08,7.33205e+09,-6.72641e+08,2.56326e+07,-5.67622e+08,0.00105051,0.00016628,4.33148e-23
0,1.90184e+09,7.33822e+07,3.05129e+08,6.09123e+09,1.90773e+09,-9.40549e+08,-8.81165e+08,0.000939189,0.000150682,2.24207e-24
0,1.96217e+09,-1.24165e+07,2.92709e+08,-1.03611e+09,-1.48431e+09,3.37841e+08,-1.38238e+09,0.00109181,0.000162873,-6.4666e-25
0,1.99502e+09,-1.20359e+07,3.30196e+08,-4.33823e+08,-1.68897e+08,-3.93325e+08,-6.44622e+08,0.000925318,0.00015315,2.13066e-26
0,2.12537e+09,3.75022e+06,3.25408e+08,-7.91396e+08,-1.23686e+09,-5.96546e+08,-6.80699e+08,0.00102046,0.000156238,-8.7425e-25
0,2.2479e+09,2.46459e+07,3.08634e+08,3.77878e+09,-6.59137e+08,-2.74969e+08,-3.50728e+08,0.000945122,0.000129764,1.49716e-24
0,1.9966e+09,4.24888e+07,3.22167e+08,2.72581e+09,4.79702e+08,-9.36611e+07,-1.07318e+09,0.00100055,0.000161446,2.37936e-24
0,2.02144e+09,1.8349e+07,3.20361e+08,1.06166e+09,1.25642e+08,-5.34209e+08,-8.79863e+08,0.000948029,0.000150245,-9.36513e-27
0,2.30047e+09,2.19679e+07,3.29971e+08,4.10847e+09,-5.55077e+08,-1.94192e+08,-2.46614e+08,0.000904754,0.000129775,9.04025e-25
0,1.9687e+09,-2.002e+07,3.30847e+08,5.27733e+09,-4.48832e+08,5.10492e+08,-2.42829e+08,0.00092604,0.000155624,1.25076e-24
0,2.00575e+09,-3.2899e+07,3.24974e+08,-5.58845e+09,-2.45182e+07,-6.15238e+07,-6.97562e+08,0.000960139,0.000155562,-1.20318e-23
0,2.05802e+09,-2.00825e+07,3.29461e+08,-3.14812e+09,3.48211e+08,-2.5359e+08,-7.22627e+08,0.000943221,0.000150997,-1.98057e-24
0,1.88803e+09,-3.42976e+07,3.12729e+08,3.72977e+09,5.3419e+08,2.64951e+06,-5.74715e+08,0.00100367,0.000166246,5.07214e-24
0,2.07531e+09,1.56998e+07,3.41017e+08,2.64016e+09,4.585e+08,2.1898e+08,-3.32756e+08,0.000912097,0.000149877,5.50686e-25
0,1.97736e+09,8.13056e+06,3.216e+08,-3.91896e+09,-1.34617e+09,-1.10422e+09,-6.57074e+08,0.000988893,0.000160835,4.28693e-24
0,2.2546e+09,1.8782e+07,3.15107e+08,2.72729e+09,-2.91764e+08,-2.32986e+08,-2.78718e+08,0.000921237,0.000128754,3.19379e-25
0,1.98387e+09,-2.35734e+07,3.23582e+08,1.2416e+09,6.89924e+08,3.56397e+08,-8.14254e+08,0.000939678,0.000153268,2.79389e-25
0,1.86504e+09,2.12248e+07,2.92575e+08,9.03957e+09,1.92343e+09,2.16059e+08,-1.03217e+09,0.000943229,0.000147968,1.10094e-22
0,2.03979e+09,1.56607e+07,3.2363e+08,4.81294e+09,-3.55034e+08,4.25255e+08,-1.00102e+09,0.00100405,0.000159301,1.09421e-23
0,1.83016e+09,-2.42283e+07,2.84928e+08,1.28174e+09,-1.06558e+09,-5.9335e+08,6.6586e+08,0.000980718,0.000152683,6.88781e-26
0,1.94603e+09,6.85924e+07,2.99943e+08,7.79523e+09,1.17901e+09,-1.04502e+09,-8.86558e+08,0.00095577,0.000147313,2.61837e-23
0,1.92711e+09,2.96322e+07,2.4408e+08,-4.45562e+09,1.36302e+09,1.50523e+08,7.06911e+08,0.00107918,0.000136685,2.41523e-23
0,2.29582e+09,-3.35003e+06,3.2301e+08,1.34152e+08,4.48816e+08,-5.83463e+07,4.84315e+07,0.000886755,0.000124762,-3.18577e-28
0,2.0879e+09,8.12544e+06,3.27779e+08,1.64349e+09,-7.50993e+07,9.63777e+06,-8.73942e+08,0.000961879,0.000151005,2.32736e-25
0,1.88016e+09,-2.48461e+06,3.18462e+08,5.11975e+08,8.43912e+08,2.73315e+08,-1.16796e+09,0.000976776,0.000165446,2.65757e-26
0,1.91503e+09,2.08185e+07,3.03924e+08,5.36163e+09,-6.87391e+08,3.53225e+07,-1.38286e+09,0.00104845,0.000166395,4.15394e-23
0,1.98508e+09,-5.70378e+07,3.0618e+08,-5.69148e+08,-2.04824e+09,4.37461e+07,-4.62702e+08,0.000992509,0.000153085,-1.43761e-24
0,2.14764e+09,-8.88965e+06,3.2442e+08,-3.99672e+09,-1.39984e+09,-4.90846e+08,-7.02637e+08,0.00100535,0.000151866,-4.25401e-24
0,1.95306e+09,1.08798e+07,3.2289e+08,1.42339e+09,1.1605e+08,2.39111e+08,-1.18347e+09,0.00102198,0.000168958,1.46115e-25
0,2.04102e+09,-2.06459e+07,3.06372e+08,4.17712e+09,-2.16919e+08,-2.66007e+08,-4.64193e+08,0.00109025,0.000163654,6.25338e-24
0,2.06425e+09,-2.4307e+07,3.18838e+08,-3.6173e+09,-9.55703e+08,-2.82333e+08,-1.19779e+09,0.00104345,0.000161168,-7.79089e-24
0,2.00853e+09,-2.21549e+07,3.23803e+08,9.47234e+08,1.84315e+08,3.1473e+07,-1.04714e+09,0.000985945,0.000158948,-1.22799e-26
0,2.06533e+09,7.08615e+07,2.9963e+08,9.15408e+09,-2.93764e+08,-8.12452e+08,-7.80016e+08,0.000997977,0.000144782,6.65935e-23
0,1.89411e+09,-3.81284e+07,2.95552e+08,2.67566e+09,6.90538e+08,-7.19585e+08,5.61671e+08,0.00098005,0.000152924,-2.32117e-24
0,2.10221e+09,-1.48858e+06,3.29503e+08,-4.30479e+09,-4.47719e+08,-1.23399e+08,-8.82166e+08,0.000994696,0.000155909,-6.38853e-24
0,2.04125e+09,4.70461e+07,2.53157e+08,-6.58364e+09,1.61736e+09,5.24942e+08,5.96772e+08,0.0010587,0.0001313,5.00464e-23
0,1.78456e+09,-2.84982e+07,2.90351e+08,-3.53206e+09,6.14594e+08,4.66375e+08,-1.55199e+09,0.00105584,0.000171787,-1.42584e-23
0,2.14103e+09,2.1108e+07,2.76041e+08,-3.30461e+09,4.3455e+08,6.60245e+07,2.75712e+08,0.00102918,0.000132691,1.21e-24
0,1.98218e+09,2.01624e+07,3.31128e+08,1.26826e+09,9.23529e+07,-3.05757e+08,-8.4896e+08,0.0010074,0.000168288,9.46611e-26
0,1.96498e+09,8.87279e+06,3.17439e+08,9.25742e+08,2.00108e+06,7.68229e+07,-1.30692e+09,0.00103094,0.000166546,-1.6737e-25
0,2.00123e+09,1.87311e+07,3.14745e+08,-6.31245e+09,-4.1298e+08,-1.44399e+08,-6.56395e+08,0.00103335,0.000162521,-2.3318e-23
0,2.2157e+09,4.69586e+07,3.24192e+08,5.39139e+09,6.09871e+08,-3.87598e+08,-3.44904e+08,0.000900659,0.000131781,1.55172e-24
0,2.03432e+09,2.51393e+06,3.26453e+08,3.00026e+09,-2.43169e+08,1.69482e+08,-9.75452e+08,0.00102035,0.000163738,2.90061e-24
0,2.10769e+09,-2.22282e+07,3.07877e+08,2.79713e+08,-1.35089e+08,-7.99646e+07,-4.59075e+08,0.00109125,0.000159402,-3.0876e-27
0,2.04592e+09,1.40416e+07,3.19429e+08,-4.46813e+09,-3.32069e+08,-4.73066e+08,-8.16833e+08,0.000976251,0.000152422,-5.78427e-24
0,1.82019e+09,4.95095e+07,3.01223e+08,6.32175e+09,3.8e+08,-3.06744e+08,-1.40971e+09,0.00104216,0.000172467,8.04564e-23
0,2.10595e+09,-9.65073e+06,3.22454e+08,-6.01919e+09,-1.19697e+09,-6.19119e+07,-7.57523e+08,0.000984568,0.000150753,-1.74573e-23
0,2.09057e+09,-4.49952e+06,3.14964e+08,2.71418e+09,2.4175e+08,-2.08774e+08,-8.2284e+08,0.000961012,0.000144786,1.15598e-24
0,1.95519e+09,1.60249e+07,3.32015e+08,-1.61226e+09,8.4757e+08,-2.66845e+08,-6.42048e+08,0.000915792,0.000155513,-4.19624e-25
0,2.31101e+09,1.6621e+07,3.32793e+08,3.22347e+09,-5.20776e+08,-1.49102e+08,-1.88949e+08,0.000896533,0.000129104,3.42968e-25
0,2.02017e+09,2.29696e+06,3.29736e+08,3.04909e+09,4.93723e+08,9.12448e+07,-7.98679e+08,0.000938667,0.000153211,2.0265e-24
0,2.13007e+09,-2.26169e+07,3.21509e+08,-1.98094e+09,-8.3936e+08,2.21009e+08,-8.84761e+08,0.00101893,0.000153795,-1.14059e-24
0,2.27141e+09,1.39553e+07,3.14202e+08,6.27596e+07,-7.95596e+08,-1.69354e+08,-1.77425e+08,0.000958086,0.000132531,-1.56639e-26
0,2.0959e+09,6.041e+07,2.64157e+08,-1.022e+10,1.69836e+09,6.41682e+08,5.97631e+08,0.00104035,0.000131121,1.2828e-22
0,1.95788e+09,-1.5886e+07,3.18803e+08,3.30432e+09,7.54938e+08,2.05331e+08,-2.16345e+08,0.00104035,0.000169401,1.97402e-24
0,2.09113e+09,-1.60582e+07,3.3063e+08,5.4667e+09,4.09932e+08,1.19061e+08,-2.57298e+08,0.000998301,0.000157842,4.60262e-24
0,1.81185e+09,3.73512e+07,3.03773e+08,7.75063e+09,-1.38798e+08,-2.61462e+08,-1.38423e+09,0.00106156,0.00017798,1.73517e-22
0,1.95936e+09,4.69201e+07,3.24271e+08,1.17672e+09,8.72823e+08,-5.59371e+08,-8.47618e+08,0.00100802,0.000166826,2.62806e-26
0,2.03823e+09,-1.02784e+07,3.03717e+08,1.93354e+09,-1.12426e+09,7.38465e+07,-1.07842e+09,0.00102672,0.000152991,2.45739e-24
0,2.13265e+09,9.43726e+06,3.41066e+08,3.61706e+09,-2.3493e+08,1.70967e+08,-3.28987e+08,0.000943181,0.000150839,9.42881e-25
0,1.94428e+09,2.92567e+06,3.08807e+08,4.42684e+09,-1.27789e+09,4.41899e+08,-1.28931e+09,0.00108166,0.000171798,2.47785e-23
0,2.06927e+09,2.00007e+07,3.29095e+08,1.54436e+09,-5.2424e+08,1.22503e+08,-6.71662e+08,0.000972124,0.000154605,2.74356e-25
0,2.11051e+09,1.12754e+07,3.35464e+08,1.35951e+09,-1.83033e+08,2.81342e+07,-6.62316e+08,0.000971637,0.000154441,1.1214e-25
0,2.01608e+09,-8.27488e+06,3.22643e+08,1.44613e+09,-2.09466e+08,-3.41276e+07,-1.08928e+09,0.00101654,0.000162682,2.16442e-25
0,1.95744e+09,-5.58693e+07,3.08697e+08,2.22361e+09,8.85043e+08,2.67542e+08,-4.50906e+08,0.00100484,0.000158468,1.15056e-24
0,1.84926e+09,-1.93463e+07,2.8765e+08,-2.10896e+09,1.60645e+09,1.98154e+08,-1.33899e+09,0.00106139,0.000165099,-2.02876e-24
0,1.93192e+09,-2.36342e+07,3.1857e+08,6.00154e+09,-1.82333e+08,1.69879e+08,-2.59044e+08,0.000947011,0.000156161,5.93933e-24
0,2.02967e+09,4.7592e+06,3.26013e+08,8.21951e+08,8.13869e+07,1.68678e+08,-9.72974e+08,0.000988109,0.000158713,-2.97205e-26
0,1.94046e+09,-2.5439e+06,3.20876e+08,1.00228e+09,2.48055e+08,-1.03019e+06,-1.27185e+09,0.00103086,0.000170464,-9.76118e-26
0,2.09689e+09,-6.50923e+06,2.83272e+08,8.31729e+09,-1.16723e+08,-3.8362e+08,4.24998e+07,0.00096225,0.000129991,-1.28891e-24
0,2.07815e+09,4.1133e+07,3.25329e+08,2.99921e+09,6.3324e+08,-4.06428e+07,-7.46088e+08,0.000965114,0.000151086,1.6734e-24
0,1.92591e+09,6.96132e+07,2.83088e+08,-3.50494e+09,-8.40463e+08,-9.5944e+07,-6.52071e+08,0.00110383,0.000162252,-8.27482e-24
0,2.06238e+09,1.19615e+07,2.96085e+08,6.8983e+09,-2.78855e+09,5.61085e+07,-9.74621e+08,0.00105242,0.00015109,1.04281e-22
0,2.24033e+09,2.0038e+07,3.20249e+08,-1.97326e+09,-3.62586e+08,1.21098e+08,1.29033e+08,0.000892746,0.000127615,1.7846e-26
0,1.74932e+09,1.32671e+06,3.0105e+08,1.0244e+10,1.93816e+09,6.84723e+08,-7.26499e+08,0.00101983,0.000175508,3.15302e-22
0,2.01018e+09,-1.00691e+07,3.31887e+08,8.68597e+08,5.60172e+08,6.7018e+07,-7.76763e+08,0.000928373,0.000153277,4.33221e-26
0,1.93902e+09,-1.26417e+07,3.01081e+08,-5.2785e+09,4.46085e+08,4.15761e+08,-6.25245e+08,0.00104585,0.000162394,-1.40489e-23
0,1.93436e+09,7.1529e+07,2.98482e+08,-2.99462e+09,6.60558e+08,-7.43821e+07,-6.43415e+08,0.00108084,0.00016678,-4.05948e-24
0,2.11046e+09,-4.14237e+06,3.36907e+08,5.02532e+09,2.03562e+08,2.38043e+08,-4.76153e+08,0.000918878,0.000146687,3.98627e-24
0,1.95922e+09,-2.92524e+07,3.22329e+08,-9.64244e+09,7.75954e+08,-5.97743e+08,-1.04007e+09,0.000959747,0.000157897,-1.20202e-22
0,2.11592e+09,4.07301e+07,2.81968e+08,7.96459e+09,-1.68294e+08,-4.22796e+08,-5.43283e+08,0.000969829,0.00012924,2.29356e-23
0,2.04359e+09,8.05188e+06,3.27039e+08,4.89844e+08,-2.18787e+08,8.61315e+07,-9.65105e+08,0.00102102,0.000163395,-2.49077e-26
0,1.97702e+09,2.56823e+06,3.27707e+08,1.10362e+08,-1.50878e+08,1.94789e+07,-1.06617e+09,0.00103642,0.000171795,-1.7542e-26
0,1.88076e+09,4.14501e+07,2.94462e+08,7.93009e+09,-1.04906e+09,1.25104e+08,-1.55361e+09,0.00109876,0.000172028,2.1248e-22
0,2.30743e+09,1.4909e+07,3.09684e+08,4.54487e+09,1.26367e+08,-1.37397e+08,-1.54609e+08,0.000971463,0.000130382,7.12302e-25
0,1.97666e+09,1.15671e+07,3.05462e+08,4.41425e+09,1.57267e+07,-2.52562e+08,-8.63248e+08,0.000957796,0.000148012,7.53437e-24
0,2.00009e+09,-1.94112e+07,3.06892e+08,3.96855e+08,-1.40318e+09,6.59601e+08,-1.31918e+09,0.00110436,0.000169452,4.20737e-24
0,1.94134e+09,1.87361e+07,3.28079e+08,-5.07043e+08,8.09866e+08,-3.00541e+08,-9.4142e+08,0.000952012,0.000160886,-4.34896e-26
0,1.9325e+09,939157,3.32222e+08,-1.16838e+08,1.11221e+08,1.26146e+08,8.99242e+08,0.00102953,0.000176989,-2.12303e-26
0,2.14847e+09,3.38282e+07,2.78609e+08,5.34521e+08,-4.32314e+08,-3.98724e+08,-3.76093e+08,0.000996707,0.000129251,-1.27655e-26
0,2.06973e+09,2.15409e+07,3.04563e+08,-8.30953e+08,-7.57301e+08,-8.83469e+08,-1.09445e+09,0.00102379,0.000150651,9.84084e-26
0,2.15686e+09,3.36619e+06,3.42051e+08,2.07079e+09,-4.14743e+08,1.57037e+08,-2.4441e+08,0.000957313,0.000151818,1.22128e-25
0,1.97057e+09,1.46629e+07,3.17875e+08,-1.87676e+09,-7.75052e+08,-3.39804e+08,-8.96602e+08,0.000987553,0.000159304,-8.88514e-25
0,2.10673e+09,2.04778e+07,3.24151e+08,1.71986e+09,-8.57247e+08,2.19e+08,-5.8992e+08,0.000979423,0.000150698,5.17356e-25
0,1.90659e+09,2.40764e+07,2.63265e+08,-8.57932e+09,-1.25092e+09,-2.50741e+08,2.98873e+08,0.000958206,0.00013231,3.06487e-23
0,1.92425e+09,-3.52756e+07,3.21048e+08,-3.12648e+09,1.32875e+09,3.58495e+08,-9.67007e+08,0.000953005,0.000159002,-1.93454e-24
0,2.01426e+09,6.94419e+07,3.14603e+08,6.65377e+09,1.20391e+09,-2.18594e+08,-9.20733e+08,0.000975844,0.000152415,2.51898e-23
0,2.08405e+09,-1.89038e+07,3.23493e+08,5.72543e+09,7.10008e+08,-6.77488e+07,-7.98669e+07,0.00100334,0.000155741,7.25385e-25
0,2.13473e+09,-2.85897e+07,3.02436e+08,8.68517e+09,-2.1141e+09,-3.65766e+08,-3.56707e+07,0.000961827,0.000136266,2.53541e-23
0,2.12532e+09,5.85511e+06,3.22358e+08,2.9322e+09,-3.65251e+08,-2.45112e+08,-6.65326e+08,0.000954322,0.000144747,1.33603e-24
0,2.01936e+09,1.21152e+07,3.35337e+08,-2.97617e+08,1.46855e+08,1.73748e+08,-7.29496e+08,0.000970438,0.000161151,7.31458e-27
0,1.88704e+09,2.21645e+07,3.29433e+08,1.66183e+09,8.67853e+08,-2.63867e+08,-9.22657e+08,0.000943516,0.000164715,3.24281e-25
0,1.87633e+09,-5.64955e+07,2.90835e+08,2.83356e+09,-3.26207e+09,-5.1816e+07,-8.07177e+08,0.00109013,0.000168972,7.47019e-23
0,1.95258e+09,4.59132e+07,2.73374e+08,-8.87056e+09,-1.36202e+09,2.51385e+07,4.65659e+08,0.00101441,0.000142024,4.45576e-23
0,1.87587e+09,-2.4668e+07,3.00084e+08,-3.39664e+09,4.91309e+08,-2.78088e+08,-1.26876e+09,0.00102516,0.000163997,-9.61901e-24
0,2.05053e+09,1.63622e+06,3.36212e+08,2.80922e+09,3.61672e+08,2.87355e+08,-6.22773e+08,0.000937583,0.00015373,1.28343e-24
0,1.91263e+09,1.31008e+07,2.85661e+08,-5.94107e+08,-1.74092e+09,1.52149e+08,-1.26677e+09,0.001082,0.000161602,-1.18053e-24
0,2.04331e+09,-210711,3.28663e+08,-1.66278e+09,-4.41448e+08,1.41676e+08,-8.88293e+08,0.000994952,0.000160036,-4.47444e-25
0,1.82528e+09,-3.0107e+07,3.17349e+08,2.82608e+09,-1.17524e+09,3.65735e+08,-6.08699e+08,0.000964211,0.000167641,3.22851e-24
0,2.00423e+09,1.77307e+07,3.23284e+08,9.79612e+08,-7.83565e+08,4.9661e+08,-6.15795e+08,0.000982784,0.000158524,1.75618e-25
0,2.14987e+09,1.1088e+06,3.40885e+08,6.31634e+08,-4.57231e+08,2.02979e+08,-3.554e+08,0.00096156,0.000152466,1.99734e-26
0,1.9367e+09,3.46186e+07,3.12579e+08,3.54737e+09,5.24302e+08,-2.87142e+08,-1.16341e+09,0.0009865,0.000159219,5.91816e-24
0,2.01599e+09,-7.75376e+06,3.20714e+08,4.83483e+09,1.3698e+09,5.64009e+07,-2.34056e+08,0.00100483,0.000159853,1.61715e-24
0,2.07142e+09,-1.20318e+07,2.59556e+08,1.3358e+09,-1.70172e+08,-1.75523e+08,3.35679e+08,0.000961791,0.000120515,-5.34665e-26
0,1.66401e+09,3.11647e+07,2.66721e+08,-2.06006e+09,-7.94268e+08,-1.66159e+08,-1.1402e+09,0.00106092,0.000170052,-5.36802e-24
0,2.05286e+09,-6.7937e+06,3.16288e+08,-2.75809e+09,-5.49694e+08,-3.0507e+08,-1.12634e+09,0.00102626,0.000158118,-2.39605e-24
0,1.83828e+09,2.896e+07,3.13026e+08,-4.76727e+09,-1.52789e+09,7.24544e+07,-6.81485e+08,0.000999233,0.000170151,-2.5575e-23
0,1.71653e+09,-8.38791e+07,2.82919e+08,2.75163e+09,-2.51091e+09,3.13782e+08,-7.98836e+08,0.00108206,0.000178346,5.84975e-23
0,2.01509e+09,-5.63741e+07,3.12639e+08,-7.18561e+09,-3.14431e+08,2.36489e+08,-1.12753e+09,0.00109349,0.000169653,-7.9024e-23
0,1.90195e+09,3.0537e+07,3.04352e+08,1.10593e+09,4.90996e+08,-5.92197e+08,-1.33043e+09,0.00103467,0.00016557,-1.16905e-25
0,2.01184e+09,-1.69642e+07,3.17224e+08,-1.78968e+09,3.14098e+08,-1.07907e+08,-9.20243e+08,0.000996238,0.000157085,-5.39028e-25
0,1.65586e+09,4.61031e+07,2.8596e+08,-6.50181e+08,-5.68418e+08,-3.58265e+08,-1.14493e+09,0.00100392,0.000173373,-3.53699e-25
0,2.01857e+09,2.272e+06,2.63742e+08,-3.77243e+09,3.05343e+07,-2.42601e+08,-4.54254e+08,0.00101147,0.000132156,-3.04231e-24
0,2.29149e+09,-2.58198e+06,3.35455e+08,-8.39169e+07,-9.90903e+08,4.01093e+07,-4.74774e+08,0.000955045,0.000139811,-8.00565e-28
0,2.09498e+09,-2.43999e+06,3.43013e+08,3.40128e+09,5.02122e+07,4.2741e+08,7.56985e+07,0.000951823,0.000155843,-1.45909e-25
0,2.12842e+09,-1.31218e+06,3.39232e+08,-4.91181e+08,-4.15971e+08,1.86881e+08,-4.74189e+08,0.000962761,0.000153447,-1.06197e-27
0,2.01184e+09,-4.67007e+06,3.32407e+08,-8.52503e+08,3.09774e+08,8.24212e+07,-8.39214e+08,0.000963508,0.000159196,-1.34807e-26
0,1.88012e+09,-2.17039e+07,3.08777e+08,-2.32295e+09,-8.98465e+08,-4.72561e+08,-9.09959e+08,0.00101585,0.000166835,-1.97969e-24
0,2.32885e+09,4.62074e+06,3.39197e+08,-7.23984e+08,2.00829e+08,6.63283e+07,3.7957e+06,0.000867092,0.000126292,8.3224e-28
0,2.03286e+09,1.174e+07,3.18168e+08,-2.20843e+09,5.39909e+08,-2.53128e+08,-8.16388e+08,0.000997114,0.000156061,-1.19846e-24
0,1.88362e+09,-1.21161e+07,2.43282e+08,-6.72148e+09,-7.84817e+08,-7.44677e+08,4.07383e+08,0.00122148,0.000157763,9.83501e-23
0,1.75884e+09,2.01624e+07,2.93336e+08,1.8594e+09,-7.77898e+08,-1.49819e+08,-1.14567e+09,0.00102793,0.000171437,2.66718e-24
0,2.05491e+09,3.39386e+06,3.35503e+08,2.55508e+08,-9.65432e+07,-8.24439e+07,-7.21744e+08,0.000976448,0.000159423,-9.364e-27
0,2.13417e+09,1.39388e+07,3.35945e+08,2.94263e+09,-3.21352e+08,3.30794e+08,-6.40734e+08,0.000967012,0.00015222,9.58349e-25
0,2.07426e+09,-2.73386e+07,3.04599e+08,1.76324e+09,-2.85553e+08,2.03219e+07,-7.68524e+08,0.000968746,0.000142258,3.36715e-25
0,1.71088e+09,-9.52528e+07,2.85784e+08,4.07137e+09,-4.93531e+08,4.96874e+08,-6.89529e+08,0.00110923,0.000185285,1.45068e-23
0,2.2453e+09,-1.12427e+07,3.23978e+08,-1.06548e+09,-1.04528e+09,-1.14492e+08,-5.28551e+08,0.000960024,0.000138523,-2.93082e-25
0,2.24433e+09,-2.26335e+07,3.08594e+08,-1.69261e+09,-3.12952e+08,3.26624e+08,-1.87957e+08,0.000910559,0.000125201,-6.61309e-26
0,1.91892e+09,-1.01477e+07,2.84988e+08,-3.39446e+09,-1.1306e+09,1.09168e+08,-1.61043e+09,0.00112465,0.000167027,-2.22964e-23
0,2.09312e+09,2.34251e+07,2.59672e+08,-1.73104e+09,-1.95332e+09,-5.36597e+08,-8.13084e+08,0.00108132,0.000134148,-7.59875e-24
0,1.99077e+09,4.34406e+07,3.25269e+08,5.16455e+09,3.49017e+08,1.82354e+07,-9.93623e+08,0.000976739,0.000159588,1.52098e-23
0,1.79603e+09,-3.93502e+07,3.05955e+08,-1.02668e+09,-1.59926e+09,-4.22416e+08,-8.76943e+08,0.000993602,0.000169261,-4.7924e-24
0,1.90993e+09,-3.33304e+07,3.19029e+08,5.46935e+09,1.56256e+08,6.78533e+08,-5.10739e+08,0.00102344,0.000170952,1.60462e-23
0,1.83521e+09,6.24669e+07,3.02203e+08,5.88217e+09,7.49125e+08,-3.78319e+08,-1.29197e+09,0.00102314,0.00016848,4.94378e-23
0,2.07644e+09,-1.10786e+07,3.28539e+08,3.88486e+09,4.06604e+08,2.41396e+08,-7.2841e+08,0.000946649,0.000149781,3.66749e-24
0,1.96012e+09,-7.19402e+07,3.03541e+08,-8.3667e+09,1.00906e+09,3.6173e+08,-1.30685e+09,0.00101363,0.000156968,-1.01872e-22
0,1.95205e+09,2.62799e+07,3.11235e+08,-5.05152e+09,1.5745e+08,-9.22672e+08,-9.61271e+08,0.000974809,0.000155423,-1.50444e-23
0,1.65031e+09,1.6384e+07,2.40987e+08,5.83677e+09,2.87402e+09,1.48374e+08,-1.40654e+09,0.00102948,0.00015033,8.77664e-23
0,1.9822e+09,2.76486e+07,3.16308e+08,5.14274e+09,-7.0014e+08,3.44012e+07,-9.54105e+08,0.0010385,0.000165717,2.12036e-23
0,1.74678e+09,-7.74235e+07,2.84144e+08,5.26525e+09,7.18485e+08,7.34081e+08,-6.92908e+08,0.00113358,0.000184396,6.98131e-23
0,1.9126e+09,-3.06542e+07,3.09524e+08,-1.31411e+09,1.23139e+09,2.28316e+08,-1.18787e+09,0.00096896,0.00015681,-1.973e-25
0,1.73225e+09,-1.57546e+07,2.31887e+08,-1.05806e+10,1.4125e+08,-9.26229e+08,4.47212e+08,0.00120506,0.000161315,3.0265e-22
0,1.9121e+09,-6.1637e+07,2.85036e+08,-2.053e+09,-2.46049e+07,1.14551e+09,-1.31605e+09,0.0010708,0.000159623,1.07529e-26
0,2.15672e+09,3.96121e+06,3.29509e+08,-8.57745e+08,-8.70729e+08,-1.36484e+08,-8.02022e+08,0.000987173,0.000150823,-2.70301e-25
0,2.16042e+09,-7.01716e+06,3.34901e+08,3.45731e+09,-7.07399e+07,8.72557e+07,-5.85405e+08,0.000958501,0.000148584,1.59932e-24
0,1.94779e+09,3.75414e+06,3.25419e+08,-3.47263e+09,-6.47012e+07,3.58946e+07,-3.20042e+08,0.000917192,0.000153236,-1.23922e-24
0,1.7249e+09,2.41337e+07,2.48588e+08,8.24977e+09,1.79958e+09,1.55048e+08,-1.40373e+09,0.00104402,0.00015046,2.72879e-22
0,1.99853e+09,1.83009e+07,3.13759e+08,-2.14897e+08,-5.16358e+08,-8.40807e+08,-1.03858e+09,0.00105492,0.000165618,5.33286e-28
0,2.22309e+09,-2.55811e+07,3.35455e+08,-6.67648e+09,-2.2809e+08,-2.77351e+08,-4.74774e+08,0.000926537,0.000139811,-6.60972e-24
0,2.09173e+09,-8.37306e+06,3.11907e+08,-2.25171e+09,-1.23504e+09,2.58049e+08,-9.00344e+08,0.0010149,0.000151336,-2.73877e-24
0,1.90914e+09,6.88797e+06,3.10916e+08,4.02119e+09,3.8692e+08,-2.54322e+08,-1.06823e+09,0.000991115,0.00016141,9.22647e-24
0,1.93239e+09,1.75734e+07,3.14774e+08,3.90541e+09,-6.92293e+08,1.50325e+08,-1.1215e+09,0.00103482,0.000168566,1.15865e-23
0,2.06201e+09,-1.11834e+07,3.40576e+08,-1.64075e+09,7.01078e+07,2.79999e+07,-4.03446e+08,0.000953452,0.000157479,-1.40917e-25
0,1.93465e+09,5.31847e+07,3.05801e+08,-2.16079e+09,-9.0789e+08,-3.71777e+08,-8.75269e+08,0.00100794,0.000159321,-1.71093e-24
0,2.01969e+09,1.23144e+07,3.32126e+08,8.67792e+08,2.95934e+08,5.657e+07,-8.31237e+08,0.000963808,0.000158492,2.08507e-26
0,1.84834e+09,4.09069e+07,2.58676e+08,4.16928e+09,-1.91386e+08,3.28147e+08,1.10869e+09,0.00119142,0.00016674,-3.43636e-23
0,1.83644e+09,1.60862e+07,3.00258e+08,8.41184e+09,2.25408e+09,3.7434e+08,-9.81137e+08,0.0010484,0.000171413,1.69037e-22
0,1.94694e+09,-8.40863e+06,3.12701e+08,4.88969e+09,-1.28513e+09,-2.78861e+08,-7.25939e+08,0.00100679,0.000161703,2.05676e-23
0,1.76523e+09,5.38117e+07,2.5203e+08,1.03483e+10,1.06817e+09,-3.1358e+08,-1.44969e+09,0.0010846,0.000154853,5.23898e-22
0,2.03811e+09,2.87236e+07,3.24124e+08,3.15453e+09,-2.7417e+08,-1.4277e+08,-1.06678e+09,0.0010184,0.000161958,3.88761e-24
0,2.25267e+09,-3.2374e+07,3.23133e+08,-6.47975e+09,-7.1041e+08,6.6505e+07,-4.17118e+08,0.000924826,0.000132661,-5.94188e-24
0,1.78508e+09,-4.62194e+07,2.94136e+08,9.03291e+09,5.52309e+08,7.56241e+08,-7.97195e+08,0.00101044,0.000166496,1.61202e-22
0,1.62625e+09,-4.90093e+06,2.4485e+08,-2.23463e+09,2.70024e+09,-6.60143e+06,-1.6784e+09,0.00104617,0.000157513,-1.0683e-24
0,1.94559e+09,-1.01344e+07,3.22584e+08,-7.05664e+09,8.01657e+08,-4.91798e+08,-1.06894e+09,0.00097429,0.00016154,-5.49013e-23
0,2.30305e+09,-1.48109e+07,3.20281e+08,-4.10586e+09,-1.77531e+09,2.0678e+07,-4.56249e+08,0.000972143,0.000135194,-5.1532e-24
0,2.27633e+09,3.44176e+07,3.19292e+08,5.3095e+09,-9.34809e+08,-3.77311e+08,-4.56895e+08,0.000957737,0.000134338,5.57008e-24
0,2.20132e+09,4.30285e+07,3.23533e+08,-9.81419e+09,-2.66997e+08,4.4432e+07,3.42356e+08,0.000924179,0.000135829,1.67029e-23
0,1.91778e+09,4.17055e+07,2.93575e+08,7.69303e+09,-1.09408e+09,-3.74788e+08,-1.29815e+09,0.00110046,0.000168459,1.70458e-22
0,2.18157e+09,-2.3975e+07,2.88555e+08,6.92437e+09,8.68859e+08,-2.29126e+08,4.01577e+08,0.000978216,0.000129388,-1.25902e-23
0,2.05247e+09,-942025,3.32927e+08,2.52101e+09,-4.08463e+07,-2.63124e+07,-8.40886e+08,0.000984099,0.000159629,1.21614e-24
0,1.98543e+09,1.04563e+06,3.16262e+08,3.28375e+09,-1.31722e+09,1.02858e+08,-9.71879e+08,0.00106201,0.000169169,1.05769e-23
0,1.93556e+09,3.56157e+07,3.17558e+08,-2.92343e+09,-1.08288e+09,-2.34987e+08,-7.16218e+08,0.00106238,0.000174299,-5.20091e-24
0,2.23269e+09,1.43882e+06,3.23708e+08,-6.82545e+09,1.58728e+09,-1.92132e+08,2.93308e+08,0.000989038,0.000143396,8.2402e-24
0,2.23973e+09,1.11197e+07,3.12985e+08,5.52672e+09,-3.6539e+08,-6.38211e+08,-1.52366e+08,0.000917489,0.000128212,1.94529e-24
0,2.00677e+09,4.28658e+07,3.14827e+08,2.64132e+09,6.05547e+08,-6.05361e+08,-1.00554e+09,0.000985501,0.000154608,1.22665e-24
0,2.09298e+09,-2.22687e+07,3.31863e+08,-3.13233e+09,-2.60838e+08,-3.54752e+08,-6.8757e+08,0.000967516,0.000153409,-1.40696e-24
0,1.96241e+09,3.46921e+07,2.85972e+08,5.82762e+09,-2.42251e+08,-8.60019e+07,-1.27985e+09,0.00108688,0.000158386,5.09302e-23
0,2.25869e+09,-2.41714e+06,3.36632e+08,-2.03064e+09,-9.07007e+08,-2.44937e+06,-5.00379e+08,0.000972712,0.000144972,-5.60471e-25
0,2.17077e+09,2.9817e+07,3.05977e+08,6.61738e+09,-2.0298e+09,-4.51977e+08,-7.24814e+08,0.001021,0.000143913,4.22045e-23
0,1.93447e+09,7.23524e+07,3.08468e+08,-2.07422e+09,-1.6485e+09,3.12766e+08,-6.72539e+08,0.00103571,0.000165153,-5.53016e-24
0,2.10684e+09,2.95424e+07,3.14031e+08,-2.19836e+09,-4.32798e+08,-7.1358e+08,-4.97351e+08,0.00100367,0.0001496,3.04431e-25
0,2.08598e+09,-1.99013e+07,3.0771e+08,-5.1013e+09,-1.05428e+09,-6.29042e+08,-1.03041e+09,0.00103526,0.000152714,-1.17128e-23
0,2.11089e+09,3.34378e+07,3.18781e+08,-8.17858e+09,-1.575e+09,-2.21731e+08,2.4149e+08,0.000925242,0.000139728,1.0002e-23
0,1.97796e+09,5.11563e+07,3.08339e+08,3.13761e+09,8.08658e+08,-4.11226e+08,-1.12144e+09,0.00098645,0.000153775,3.06694e-24
0,2.16969e+09,-3.87866e+07,3.13577e+08,3.82435e+09,-9.35149e+08,-3.13734e+08,2.25095e+08,0.000881965,0.000127467,9.2956e-26
0,2.08407e+09,-6.21571e+06,3.17766e+08,9.97772e+08,-1.64365e+09,8.24422e+07,-9.6215e+08,0.00106876,0.000162958,2.69191e-24
0,1.8399e+09,4.2104e+07,3.12224e+08,-1.38541e+08,-5.65863e+08,-5.5532e+08,-9.26242e+08,0.000989731,0.000167953,-2.29683e-25
0,2.21445e+09,4.35767e+07,3.25694e+08,-7.97437e+09,-4.9454e+08,1.7709e+08,2.77446e+08,0.000908289,0.000133588,5.76029e-24
0,2.1599e+09,-5.44237e+06,3.38303e+08,4.25412e+08,-2.4037e+08,-1.2624e+08,-4.55522e+08,0.000922715,0.000144524,-1.76591e-28
0,2.02932e+09,3.17219e+07,3.17469e+08,2.65258e+09,4.3844e+08,-4.11166e+08,-1.0177e+09,0.000985465,0.000154167,1.46313e-24
0,1.97061e+09,-6.89924e+07,3.0147e+08,-5.50303e+09,6.39763e+08,5.70214e+08,-1.17689e+09,0.00101032,0.000154563,-2.26763e-23
0,2.06743e+09,1.17677e+07,3.14024e+08,-3.78523e+09,-7.60139e+08,-7.93837e+08,-5.36279e+08,0.000978881,0.000148683,3.75437e-25
0,2.18691e+09,-7.18273e+07,2.97993e+08,-6.86424e+09,2.33421e+08,1.00567e+09,-2.76082e+08,0.00091148,0.0001242,-3.01474e-24
0,1.97599e+09,1.44957e+07,3.27849e+08,2.85385e+09,5.22482e+08,-6.70029e+07,-8.81517e+08,0.000971196,0.000161137,2.17353e-24
0,1.97092e+09,4.02306e+07,3.20406e+08,2.04439e+09,1.51202e+08,-1.45724e+08,-1.19024e+09,0.00102332,0.000166357,9.90226e-25
0,2.02116e+09,-2.66959e+07,3.00352e+08,1.039e+10,7.51345e+08,6.9339e+08,-6.25848e+08,0.00109384,0.000162548,1.64122e-22
0,1.73752e+09,-5.70049e+07,2.32322e+08,-6.28102e+09,2.43045e+09,-3.89057e+08,4.7722e+08,0.00120606,0.000161261,1.59461e-22
0,1.94216e+09,-3.07261e+06,3.11994e+08,-9.04e+09,-1.5597e+09,-6.29956e+08,-8.57585e+08,0.00109522,0.00017594,-1.10628e-22
0,2.05064e+09,-3.37008e+07,3.07247e+08,2.63121e+09,-1.08975e+09,-9.32249e+07,-7.75054e+08,0.00103624,0.000155259,3.66676e-24
0,1.95796e+09,5.37593e+07,3.0828e+08,2.9874e+09,6.03749e+08,-6.68194e+08,-1.0205e+09,0.000991893,0.000156173,2.17249e-24
0,1.99767e+09,9.26503e+06,3.23504e+08,-5.06647e+09,-1.30942e+09,-4.72767e+08,-6.42782e+08,0.00103778,0.000168057,-1.05219e-23
0,2.05079e+09,-5.67118e+07,3.12886e+08,-5.19034e+09,9.06613e+08,4.66351e+08,-8.17283e+08,0.000960008,0.000146467,-7.48727e-24
0,1.9502e+09,1.7733e+07,2.88186e+08,8.79531e+08,-1.20558e+09,-2.86881e+08,-1.41501e+09,0.00110688,0.000163566,-5.15399e-27
0,2.07271e+09,4.69716e+07,3.08222e+08,-7.6889e+09,-2.62926e+09,-1.31091e+08,-3.60589e+08,0.00103047,0.000153236,-5.42372e-23
0,1.94698e+09,2.73476e+07,3.16901e+08,3.49899e+09,-1.17393e+08,-3.08661e+08,-9.80765e+08,0.00100714,0.000163928,5.7658e-24
0,2.20881e+09,2.23959e+06,3.25403e+08,5.21272e+09,-1.15385e+09,1.81324e+08,-8.0497e+07,0.000938128,0.000138206,6.49131e-25
0,2.08438e+09,-2.01402e+06,2.69723e+08,-5.85395e+08,-3.75794e+09,-1.12158e+08,-1.26382e+09,0.00121791,0.0001576,-3.37236e-23
0,2.0496e+09,7.8649e+06,3.14245e+08,-3.45059e+09,-1.1254e+09,-7.36234e+08,-4.74458e+08,0.000958106,0.000146897,4.52658e-25
0,1.98049e+09,5.11996e+07,2.59853e+08,-9.58016e+09,-2.92821e+08,3.53702e+08,8.18743e+08,0.00116161,0.000152411,1.90728e-22
0,2.12653e+09,144363,3.42927e+08,9.75872e+08,-4.46179e+07,-1.9259e+06,-3.45541e+08,0.000951829,0.000153493,2.03552e-26
0,1.90882e+09,-2.61661e+07,3.09548e+08,-9.87828e+09,-8.81867e+08,-5.43283e+08,-1.01835e+09,0.00105318,0.000170792,-1.73451e-22
0,2.2018e+09,-2.13346e+07,3.37302e+08,-6.94253e+09,-2.78395e+08,-4.34962e+08,-4.79623e+08,0.000934698,0.00014319,-7.68029e-24
0,2.09006e+09,-4.14814e+07,2.79519e+08,-4.25056e+09,-2.44014e+09,2.62807e+08,-1.13204e+09,0.00110438,0.000147696,-4.86581e-23
0,2.15047e+09,-2.55965e+07,3.36563e+08,-7.66496e+09,-6.63957e+07,-4.63062e+08,-5.12918e+08,0.000932936,0.000146011,-1.36035e-23
0,1.85794e+09,3.38465e+07,3.1152e+08,2.29964e+08,2.54471e+08,-7.12591e+08,-1.08507e+09,0.00100544,0.000168583,7.68645e-26
0,2.09301e+09,6.18939e+06,3.20912e+08,1.04653e+08,-5.82318e+08,-5.60252e+08,-9.08367e+08,0.00100021,0.000153358,-1.67597e-25
0,2.26908e+09,-2.33533e+07,3.02358e+08,-7.71591e+09,-2.69143e+09,-4.00914e+07,-6.32233e+08,0.00104234,0.000138894,-5.55924e-23
0,2.10875e+09,1.98498e+07,3.30979e+08,-1.0358e+10,-9.31673e+08,-8.41428e+08,6.35203e+07,0.000984515,0.000154524,3.08123e-23
0,2.21566e+09,-6.59904e+06,3.37294e+08,-1.52308e+09,-2.76617e+08,-2.92081e+06,-4.74775e+08,0.000928591,0.000141361,-9.00284e-26
0,1.86382e+09,-3.07182e+07,3.12742e+08,-9.55422e+09,-5.50882e+08,-4.69972e+08,-8.79386e+08,0.00101217,0.000169839,-1.30193e-22
0,2.18359e+09,-2.07589e+07,3.39316e+08,-7.61893e+09,-5.24587e+07,-5.48393e+08,-3.8999e+08,0.000917733,0.00014261,-8.57665e-24
0,2.10808e+09,-1.26727e+07,2.85283e+08,4.7858e+09,8.96554e+08,1.78193e+08,3.11588e+08,0.00102858,0.000139196,-3.6777e-24
0,2.07476e+09,4.27698e+07,3.16632e+08,3.52986e+09,1.40685e+07,-3.13771e+08,-9.63071e+08,0.00101401,0.00015475,4.25386e-24
0,2.07843e+09,-4.30985e+07,3.14991e+08,-7.6978e+09,-5.62324e+08,1.4079e+08,-1.05601e+09,0.00102737,0.000155701,-5.84927e-23
0,2.06148e+09,-2.62578e+07,3.25058e+08,-8.48336e+09,-8.95784e+08,-5.74548e+08,-7.70453e+08,0.000997543,0.000157294,-3.87646e-23
0,2.05927e+09,-1.7139e+07,3.08653e+08,1.28332e+09,-6.57562e+08,1.04513e+08,-9.77148e+08,0.000996781,0.000149403,3.54458e-25
0,2.0685e+09,-4.48526e+07,3.25832e+08,-8.50815e+09,1.4589e+08,-2.53092e+08,-8.85246e+08,0.000976,0.000153741,-5.11434e-23
0,1.91368e+09,3.3066e+07,3.01421e+08,3.17095e+09,-9.50966e+08,-6.59056e+08,-8.92016e+08,0.0010192,0.000160533,7.13381e-24
0,1.97702e+09,-3.19494e+07,3.17977e+08,-6.11047e+09,3.7468e+07,-4.67036e+07,-5.44874e+08,0.000894882,0.00014393,-9.3875e-24
0,1.90746e+09,1.46176e+06,3.00713e+08,-7.413e+09,-1.02187e+09,-3.30945e+08,-7.8815e+08,0.00108388,0.000170875,-6.92106e-23
0,1.99083e+09,-821574,3.23861e+08,-2.07338e+09,-5.6607e+08,-4.98008e+08,-1.13937e+09,0.00102947,0.000167471,-7.30711e-25
0,1.80262e+09,9.05374e+06,3.09997e+08,3.89571e+09,-8.57948e+08,-3.85615e+08,-7.33676e+08,0.00101373,0.000174332,1.38579e-23
0,2.19457e+09,-2.84266e+06,3.44066e+08,-1.79212e+09,-1.19923e+08,-2.88931e+08,-2.04461e+08,0.000954582,0.00014966,-4.0026e-26
0,2.01038e+09,-4.8065e+07,3.05052e+08,-5.83334e+09,3.92403e+07,-2.08923e+08,-6.0891e+08,0.00100737,0.000152856,-1.51605e-23
0,2.00566e+09,-5.45805e+07,2.8558e+08,-6.9296e+09,-8.56138e+08,2.17498e+08,-1.30499e+09,0.001084,0.000154348,-8.64651e-23
0,1.83397e+09,-1.97492e+07,3.11513e+08,-8.11754e+09,-1.11485e+09,-6.9531e+08,-5.47926e+08,0.000921207,0.000156473,-1.91636e-23
0,1.72635e+09,-6.01251e+07,2.70974e+08,-8.68533e+09,-1.34829e+09,2.64609e+08,-9.60839e+08,0.00102265,0.000160519,-2.27116e-22
0,1.57375e+09,-7.1111e+07,2.40178e+08,-8.1532e+09,-1.30893e+09,3.88074e+08,-1.14805e+09,0.00104004,0.000158726,-3.89857e-22
0,1.79239e+09,-1.20198e+07,3.18305e+08,-4.26517e+09,3.69152e+08,-5.01884e+08,-4.96583e+08,0.000876348,0.000155628,-5.51419e-24
0,2.03871e+09,139643,3.24091e+08,-1.7055e+09,-2.95091e+08,-7.43966e+08,-5.13598e+08,0.000920132,0.000146272,2.07127e-25
0,1.69951e+09,1.47172e+07,3.08504e+08,-7.79479e+09,-8.38113e+08,-6.86947e+08,5.87614e+07,0.000895882,0.000162625,2.31419e-23
0,1.78379e+09,-2.83202e+07,3.09131e+08,-2.80912e+09,3.33223e+07,-1.79289e+08,-4.398e+08,0.000868303,0.000150477,-1.04366e-24
0,1.63009e+09,2.51696e+07,2.91778e+08,1.11485e+09,8.6292e+07,-5.24218e+08,-9.44413e+08,0.000963835,0.000172521,-4.38506e-26
0,1.75756e+09,-2.21625e+07,2.95462e+08,1.57936e+09,-1.10533e+09,-6.90177e+07,-9.07579e+08,0.00100737,0.000169349,2.84279e-24
0,1.83428e+09,-6.03274e+06,3.05662e+08,1.26345e+09,-1.08559e+09,-5.23347e+08,-6.99811e+08,0.000964044,0.000160647,3.70825e-25
0,1.67636e+09,-1.96955e+06,2.92335e+08,6.81351e+09,-1.25791e+09,-2.69588e+08,-7.43303e+08,0.00101459,0.000176932,1.04569e-22
0,1.68673e+09,1.97441e+07,2.98776e+08,3.7192e+08,-3.98475e+08,-5.05735e+08,-8.32188e+08,0.000969895,0.000171801,-2.27328e-25
0,1.71839e+09,-8.65613e+07,2.65686e+08,-5.24141e+09,-1.2676e+08,5.14709e+08,-9.17285e+08,0.00101984,0.000157681,-3.79583e-23
0,1.6696e+09,-5.30646e+07,2.92974e+08,-1.48922e+09,7.09207e+08,4.77234e+07,-9.02194e+08,0.000948276,0.000166399,-6.22906e-25
0,1.79386e+09,3.46742e+06,3.12306e+08,3.26258e+09,7.54105e+08,946095,-4.71546e+08,0.000881099,0.000153397,1.81624e-24
0,1.8247e+09,2.71989e+06,2.97427e+08,3.4718e+09,-4.67842e+07,2.42175e+08,-2.15568e+08,0.000859093,0.000140032,7.76116e-25
0,1.56299e+09,-4.91206e+07,2.93508e+08,-1.82133e+09,1.95827e+08,-2.70872e+08,-6.93758e+08,0.000896114,0.000168278,-1.00428e-24
0,1.55685e+09,-2.64083e+07,2.89932e+08,-2.92777e+09,1.26841e+09,-7.9582e+07,-9.45434e+08,0.000907925,0.000169083,-6.83116e-24
0,1.76685e+09,-1.47922e+07,2.87889e+08,-2.73097e+09,-1.5771e+09,-4.23442e+08,-7.30947e+08,0.00104888,0.000170904,-1.17064e-23
0,1.3931e+09,-7.8003e+06,2.56838e+08,-7.74055e+09,-2.1731e+09,-4.36443e+08,-6.82962e+08,0.000991982,0.000182886,-2.76705e-22
0,1.77051e+09,-9.47984e+07,2.72858e+08,-3.04894e+09,8.20472e+08,3.74513e+08,-8.59526e+08,0.00102923,0.000158618,-4.44665e-24
0,2.18034e+09,4.39225e+06,3.38069e+08,-4.32837e+09,2.14652e+08,-6.90022e+08,-2.66778e+08,0.000933817,0.000144792,-1.78636e-24
0,1.35166e+09,-2.1528e+07,2.75105e+08,-3.6299e+09,1.26388e+09,-4.39443e+08,1.23127e+08,0.000977242,0.0001989,-1.56877e-24
0,2.11409e+09,7.92474e+06,3.13782e+08,7.41344e+09,5.37206e+08,1.22233e+08,1.27647e+08,0.000915061,0.000135818,-2.67199e-24
0,1.88002e+09,-1.98637e+07,2.90798e+08,9.3436e+09,-1.44895e+09,-3.54701e+08,-7.49256e+08,0.00110375,0.000170727,2.2955e-22
0,1.91678e+09,4.08371e+07,2.76099e+08,3.74791e+09,-8.8307e+08,7.4005e+08,7.9092e+07,0.000983087,0.000141607,-5.30419e-24
0,1.69287e+09,-3.56899e+06,2.80504e+08,1.08997e+10,-6.71209e+08,-6.97782e+08,-8.99148e+08,0.00107506,0.000178134,5.3927e-22
0,1.44521e+09,-1.84805e+07,2.82515e+08,1.56013e+09,6.51839e+08,-1.77227e+08,-7.46063e+08,0.000902482,0.00017642,7.76225e-25
0,1.9354e+09,-1.67349e+07,2.86343e+08,6.55074e+09,-1.99176e+09,-5.41671e+08,-7.59685e+08,0.00109613,0.000162173,1.07609e-22
0,1.83503e+09,-9.81377e+07,2.5414e+08,6.71037e+08,-1.09084e+08,7.54534e+08,-8.2673e+08,0.00108291,0.000149976,-5.87242e-25
0,1.68365e+09,-3.3835e+07,3.05232e+08,7.05383e+09,-2.6184e+08,-4.39409e+08,-2.45032e+08,0.000929153,0.000168448,2.05899e-23
0,1.96576e+09,-4.93455e+06,3.12163e+08,1.10945e+10,3.27369e+07,-3.0382e+08,-1.88683e+08,0.000930906,0.000147828,2.41547e-23
0,1.9506e+09,-4.79433e+07,3.00505e+08,3.96556e+09,-6.22974e+07,-1.40748e+08,-7.1688e+08,0.00105715,0.000162861,8.13241e-24
0,1.94808e+09,-1.50044e+07,2.93101e+08,9.72026e+09,-1.12996e+09,-8.05687e+07,-6.22111e+08,0.00107616,0.000161915,1.32657e-22
0,1.86429e+09,-2.19667e+07,2.87413e+08,2.89651e+09,5.8452e+08,-4.71923e+08,-1.75737e+08,0.00105148,0.000162104,-3.21889e-25
0,1.54222e+09,-2.78164e+07,2.74857e+08,5.01483e+09,-5.73592e+08,-5.79978e+08,-7.80253e+08,0.0010377,0.000184941,6.39559e-23
0,2.0296e+09,1.94486e+07,3.06346e+08,3.61547e+09,-7.04524e+08,-5.51368e+08,1.80592e+08,0.00114254,0.000172454,9.49567e-25
0,1.78921e+09,-2.35262e+07,2.94246e+08,1.08473e+10,-8.90528e+08,-5.4236e+08,-7.58395e+08,0.00108282,0.000178075,3.70536e-22
0,2.04835e+09,-6.49191e+06,3.15625e+08,7.48108e+09,-8.57544e+07,-6.0691e+08,-1.02799e+08,0.000979035,0.000150857,4.95177e-24
0,2.02983e+09,6.07786e+06,3.15424e+08,1.05339e+10,1.20092e+08,-4.14954e+08,-7.21071e+07,0.000989531,0.000153767,7.55348e-24
0,2.05475e+09,3.51784e+06,3.19281e+08,1.03279e+09,-6.66523e+08,-7.55234e+08,-5.13185e+07,0.00102675,0.000159543,3.78189e-27
0,2.05243e+09,2.24217e+07,2.8722e+08,3.55293e+09,-3.73462e+08,5.76313e+08,7.08363e+07,0.00100737,0.000140973,-1.54766e-24
0,1.53824e+09,1.18702e+07,2.7798e+08,6.23045e+09,3.06904e+08,-6.44542e+08,3.13643e+08,0.00107065,0.000193481,-6.05033e-23
0,1.80881e+09,-2.50258e+07,2.7818e+08,1.3314e+10,-1.04671e+09,-4.73089e+08,-8.24441e+08,0.00109582,0.000168528,7.30367e-22
0,2.07441e+09,-3.32956e+06,3.13111e+08,1.23235e+10,-2.93223e+07,-2.81033e+08,-1.38362e+08,0.000969172,0.000146287,2.33388e-23
0,2.17127e+09,6.03565e+06,3.36186e+08,-4.73537e+09,-5.50153e+06,-8.39099e+08,-1.73601e+08,0.000911887,0.000141191,-8.38177e-25
0,1.93102e+09,2.40999e+07,3.01006e+08,-4.1934e+09,-3.88758e+08,-5.64037e+08,-1.63946e+07,0.00106084,0.000165362,2.62587e-24
0,1.91007e+09,-2.39979e+07,3.07528e+08,1.34313e+10,1.75019e+08,-5.38627e+08,-8.87281e+07,0.00100788,0.000162273,2.73141e-23
0,1.94248e+09,-2.25821e+07,2.98093e+08,1.03407e+10,-8.02682e+08,-5.68389e+08,-5.88738e+08,0.00113077,0.000173528,2.12239e-22
0,2.12408e+09,-4.49642e+07,2.88566e+08,-5.57244e+07,-1.34068e+09,-6.22182e+06,-6.31012e+08,0.00110497,0.000150115,-8.25137e-26
0,2.10472e+09,-3.78314e+07,2.93451e+08,1.63977e+09,-9.27059e+08,-2.36161e+08,-5.8272e+08,0.00115416,0.000160919,1.3832e-24
0,1.73394e+09,-4.19068e+07,2.75479e+08,9.42064e+09,-5.12717e+08,-5.86443e+08,-7.60948e+08,0.00111456,0.000177076,3.08179e-22
0,1.69342e+09,1.88479e+07,2.80209e+08,9.38077e+09,1.56372e+08,-7.37695e+08,3.42557e+08,0.0011261,0.000186335,-1.57865e-22
0,2.12942e+09,2.86505e+06,3.15909e+08,9.217e+09,-3.9953e+07,-3.84255e+08,-1.05956e+08,0.00101569,0.000150683,8.50608e-24
0,2.22035e+09,-3.00847e+07,2.92317e+08,6.7485e+09,-8.43609e+08,4.7382e+08,-1.92603e+08,0.00103043,0.00013566,6.75607e-25
0,2.00255e+09,3.57057e+07,3.02397e+08,-6.23094e+09,-1.49991e+09,-3.27758e+08,1.91369e+07,0.00104538,0.000157858,3.65191e-24
0,2.06087e+09,-1.3e+07,3.08681e+08,1.30405e+10,1.61484e+08,-4.41377e+08,3.9182e+07,0.00104683,0.000156796,-1.63241e-23
0,2.18856e+09,4.16964e+06,3.15713e+08,6.35271e+09,-1.79895e+08,-3.84514e+08,-4.43838e+07,0.00103196,0.000148867,1.74733e-24
0,1.90778e+09,-3.85725e+07,2.8081e+08,8.54303e+09,-3.61976e+08,-5.21548e+08,-5.83253e+08,0.00116176,0.000171002,1.32905e-22
0,1.98394e+09,5.08161e+07,2.67574e+08,-9.36176e+09,2.41076e+08,7.02785e+08,1.18771e+08,0.00108389,0.000146184,2.616e-23
0,2.31022e+09,3.98693e+06,3.15715e+08,-4.62169e+09,-2.22815e+08,7.21887e+07,-5.13207e+06,0.000985142,0.00013463,-9.07108e-26
0,2.31059e+09,2.43347e+06,3.18247e+08,-4.5125e+09,2.01353e+08,-2.08244e+07,6.79263e+07,0.00098796,0.000136076,3.48317e-25
