0,2.25828e+09,1.19067e+06,2.80477e+08,-7.4684e+09,-5.22324e+08,1.02473e+07,-1.25428e+08,0.00127224,0.000158011,-1.27152e-23
0,2.25722e+09,-1.80768e+07,3.18972e+08,2.0653e+09,-1.75771e+09,1.76598e+08,-1.1031e+08,0.000946036,0.000133686,1.2445e-24
0,1.37922e+09,6.95652e+07,2.59947e+08,3.77572e+09,-3.43802e+08,-4.20924e+08,-6.38659e+08,0.000869214,0.000163824,1.50463e-23
0,2.03787e+09,2.33213e+07,2.90872e+08,1.38508e+09,-1.67658e+09,-1.41198e+08,-9.77348e+08,0.00106526,0.000152048,3.4027e-24
0,2.04655e+09,-6.82681e+07,2.94171e+08,-6.30747e+09,-1.68182e+08,4.90089e+08,-9.18321e+08,0.00101608,0.000146051,-2.77802e-23
0,2.33417e+09,-11744.2,3.45019e+08,-1.11082e+07,-3.77446e+07,-477346,-1.5722e+07,0.00085586,0.000126507,-5.47858e-32
0,2.10196e+09,-6.21893e+07,3.07001e+08,-8.10925e+09,-2.95003e+08,3.30918e+08,-7.43593e+08,0.000980242,0.000143168,-3.62314e-23
0,2.07183e+09,9.48762e+07,2.98708e+08,1.35191e+10,5.09932e+08,-5.39726e+08,-8.64843e+08,0.000964763,0.000139096,1.73816e-22
0,2.04223e+09,7.34111e+07,3.15459e+08,1.35261e+10,7.59568e+08,1.66065e+08,-7.54349e+08,0.000953284,0.000147251,1.7169e-22
0,2.05463e+09,8.92579e+07,2.94751e+08,9.89482e+09,5.93891e+08,-5.11625e+08,-6.8262e+08,0.00094469,0.000135523,4.73268e-23
0,2.13188e+09,4.65997e+07,3.25526e+08,9.49041e+09,-2.23323e+08,3.73897e+08,-7.87556e+08,0.000964634,0.000147294,4.87486e-23
0,2.10671e+09,6.20524e+07,3.13033e+08,1.30081e+10,-4.31873e+08,1.23641e+08,-8.21511e+08,0.000991893,0.000147384,1.64848e-22
0,2.12657e+09,7.04194e+07,3.06731e+08,1.22781e+10,-2.77295e+08,-2.00082e+08,-7.42934e+08,0.000962765,0.000138867,1.06188e-22
0,2.12273e+09,5.47824e+06,3.42401e+08,8.19265e+09,8.57158e+07,8.88095e+08,-7.87247e+07,0.000910075,0.000146797,3.50439e-24
0,2.1385e+09,6.29243e+07,3.12335e+08,1.08858e+10,-3.11305e+08,-6.00317e+07,-7.51739e+08,0.000959478,0.000140135,7.08756e-23
0,1.98049e+09,-4.47963e+07,3.19704e+08,-4.4283e+09,4.85701e+08,5.91319e+08,-4.90187e+08,0.000929669,0.000150073,-2.53511e-24
0,2.17918e+09,1.51232e+07,3.41348e+08,5.28339e+09,1.47176e+08,5.35715e+08,-2.32557e+08,0.000888787,0.00013922,1.85787e-24
0,2.12943e+09,5.06692e+07,3.24615e+08,8.57088e+09,2.47852e+08,2.18569e+08,-7.25989e+08,0.000934124,0.0001424,3.02997e-23
0,2.19938e+09,3.07553e+07,3.32666e+08,6.1379e+09,-1.79638e+08,2.73816e+08,-5.27693e+08,0.000922108,0.000139473,5.94666e-24
0,2.11153e+09,3.96914e+07,3.33174e+08,8.02652e+09,4.34476e+08,5.30791e+08,-5.65607e+08,0.000908352,0.000143327,1.99734e-23
0,2.32448e+09,3.05401e+06,3.33649e+08,1.78898e+09,-8.31394e+08,-8.54806e+07,-2.09538e+08,0.000906197,0.000130073,1.58362e-25
0,2.17339e+09,2.61683e+07,3.26197e+08,8.45182e+09,-9.21596e+08,2.57173e+08,-6.59318e+08,0.000961162,0.000144258,2.50212e-23
0,2.10837e+09,6.77082e+07,3.13915e+08,1.0439e+10,2.4453e+08,-4.74808e+07,-7.96736e+08,0.000948116,0.000141165,6.60882e-23
0,2.04112e+09,4.79795e+07,2.95816e+08,5.22474e+09,-1.679e+09,1.01938e+08,-1.26105e+09,0.00107764,0.00015618,4.33565e-23
0,2.06104e+09,1.61244e+07,3.22502e+08,3.80616e+09,-1.09795e+09,2.43409e+08,-8.93225e+08,0.00101589,0.000158962,6.786e-24
0,2.06382e+09,4.29473e+07,3.02776e+08,5.67562e+09,-1.34108e+09,1.83384e+08,-1.1561e+09,0.00105422,0.000154661,3.3939e-23
0,2.08885e+09,4.76834e+07,3.20304e+08,1.02717e+10,-3.09245e+08,4.81769e+08,-7.28405e+08,0.000960411,0.00014727,6.013e-23
0,2.04216e+09,6.60659e+07,3.1278e+08,1.03269e+10,2.12908e+08,2.92714e+08,-9.25281e+08,0.000969045,0.00014842,9.9164e-23
0,2.12714e+09,2.8492e+07,3.00901e+08,2.69527e+09,-1.72029e+09,1.2393e+08,-9.66398e+08,0.00103232,0.00014603,7.15743e-24
0,2.00145e+09,-2.4608e+07,3.36772e+08,8.14877e+09,-4.73792e+08,1.01367e+09,4.08281e+08,0.000936875,0.000157643,-2.97306e-23
0,2.20903e+09,2.36347e+07,3.34417e+08,5.8298e+09,-2.29576e+08,2.49162e+08,-4.75674e+08,0.000929857,0.000140768,4.6207e-24
0,2.24318e+09,3.87239e+07,3.24796e+08,9.55003e+09,-6.30693e+08,-4.3253e+07,-5.31276e+08,0.000954225,0.000138165,2.67113e-23
0,2.08187e+09,5.42018e+07,3.22786e+08,9.79524e+09,1.9245e+08,4.12374e+08,-8.58295e+08,0.000956785,0.000148346,6.73732e-23
0,2.20982e+09,3.90753e+07,3.25498e+08,8.18456e+09,-4.28814e+08,6.42899e+07,-5.61708e+08,0.000944873,0.000139177,1.74208e-23
0,2.17686e+09,1.77683e+07,3.16856e+08,3.86495e+09,-1.85112e+09,2.88842e+08,-8.58425e+08,0.00103785,0.000151065,1.11814e-23
0,2.04991e+09,-2.73659e+07,3.11669e+08,-1.23921e+09,-1.34721e+09,7.01385e+08,-6.36921e+08,0.0011306,0.000171896,-3.76451e-26
0,2.17223e+09,3.29052e+07,3.34219e+08,9.1273e+09,-9.7111e+07,4.89059e+08,-6.10935e+08,0.000951432,0.000146387,2.87183e-23
0,2.17704e+09,1.36441e+07,3.36644e+08,2.01059e+09,-4.20276e+08,3.23565e+08,-5.14327e+08,0.000952222,0.000147246,1.61836e-25
0,2.12251e+09,1.93775e+07,3.33202e+08,5.49963e+09,-5.37465e+08,4.96241e+08,-6.91212e+08,0.000995665,0.000156304,7.96191e-24
0,2.09338e+09,6.18261e+07,3.19478e+08,1.14327e+10,2.23561e+08,2.43759e+08,-8.08713e+08,0.000949112,0.000144848,9.38074e-23
0,2.14835e+09,3.84224e+07,3.28789e+08,9.08752e+09,-1.79938e+08,3.7678e+08,-6.19081e+08,0.000957047,0.000146469,3.1057e-23
0,2.13245e+09,3.79399e+07,3.2603e+08,9.05627e+09,-5.01325e+08,4.4528e+08,-8.35511e+08,0.000988792,0.000151176,4.79614e-23
0,2.11711e+09,5.83889e+07,3.20138e+08,1.07801e+10,7.82773e+07,1.78523e+08,-7.22459e+08,0.00094355,0.000142678,6.36798e-23
0,2.05829e+09,-2.9694e+07,3.18727e+08,4.88015e+09,-2.28709e+09,4.4209e+07,-4.95406e+08,0.00100107,0.000155016,2.2497e-23
0,2.1709e+09,4.14624e+07,3.22986e+08,9.29234e+09,-7.53673e+08,3.03128e+08,-7.87378e+08,0.000970886,0.000144448,4.18026e-23
0,2.09527e+09,3.73139e+07,3.23227e+08,1.16057e+10,-7.56797e+08,4.77481e+08,-8.21947e+08,0.000974459,0.000150325,9.94415e-23
0,2.08007e+09,3.92793e+07,3.33582e+08,9.47377e+09,3.13287e+08,7.54587e+08,-6.24727e+08,0.000927459,0.000148737,4.18392e-23
0,2.09484e+09,3.84028e+07,3.21703e+08,8.92761e+09,-4.27908e+08,3.34548e+08,-8.99917e+08,0.000993668,0.000152597,5.77086e-23
0,2.04784e+09,6.00155e+07,3.20825e+08,1.12945e+10,5.76699e+07,5.32197e+08,-9.87203e+08,0.000965796,0.000151307,1.32023e-22
0,2.19757e+09,5.6979e+06,3.44493e+08,6.6787e+09,-2.60368e+07,6.57626e+08,-1.21802e+08,0.000903544,0.00014164,1.52215e-24
0,2.07846e+09,4.16664e+07,3.13469e+08,4.74932e+09,-6.50486e+08,1.64786e+08,-1.04405e+09,0.00101413,0.000152949,1.1957e-23
0,2.10187e+09,4.68161e+07,3.25983e+08,9.27385e+09,-7.84844e+07,4.97118e+08,-8.12068e+08,0.00095413,0.000147978,4.8267e-23
0,1.9207e+09,-1.98499e+07,3.05329e+08,-3.81496e+09,-1.57703e+09,5.34499e+07,-1.26607e+09,0.00112407,0.000178691,-3.57029e-23
0,2.14557e+09,1.91628e+07,3.18484e+08,6.53718e+09,-1.49224e+09,5.00568e+08,-8.52184e+08,0.0010327,0.000153291,2.18647e-23
0,2.10717e+09,-6.32845e+06,3.40607e+08,4.02608e+09,-2.44356e+07,6.13523e+08,2.20008e+08,0.00094351,0.000152511,-1.02094e-24
0,2.12002e+09,3.21634e+07,3.35387e+08,7.19704e+09,1.76973e+08,6.26002e+08,-5.80302e+08,0.000928316,0.00014686,1.48315e-23
0,1.98958e+09,5.5648e+07,2.90806e+08,1.19735e+10,7.84815e+08,-2.8624e+08,-9.16373e+08,0.000967967,0.000141483,1.61132e-22
0,2.09526e+09,4.04178e+07,3.29296e+08,9.84713e+09,-6.95011e+07,6.16186e+08,-7.58177e+08,0.0009551,0.000150106,5.48648e-23
0,2.06329e+09,2.62391e+07,3.14107e+08,5.5821e+09,-1.20428e+09,5.80976e+08,-1.02108e+09,0.00105157,0.000160087,1.93191e-23
0,1.89677e+09,-3.37761e+07,2.86174e+08,-3.08221e+09,-3.66672e+08,7.93375e+08,-1.30709e+09,0.00105536,0.000159227,-6.21642e-24
0,2.11977e+09,5.89627e+07,3.16444e+08,9.5659e+09,-1.11566e+08,8.34227e+07,-8.17366e+08,0.000964351,0.00014396,5.5172e-23
0,2.10729e+09,1.28153e+07,3.2806e+08,2.10301e+09,-6.38833e+08,1.74536e+08,-8.9738e+08,0.00101596,0.000158164,9.48761e-25
0,2.16899e+09,3.97642e+07,3.16906e+08,4.55563e+09,-5.05922e+08,6.02024e+07,-6.86228e+08,0.000952792,0.00013921,4.26175e-24
0,1.95771e+09,-2.37787e+07,3.04696e+08,-2.67478e+09,-1.15663e+09,1.63592e+08,-1.29206e+09,0.00109071,0.000169757,-8.80631e-24
0,1.98706e+09,2.12111e+07,3.13122e+08,1.01828e+10,-1.55058e+09,3.36397e+08,-6.82694e+08,0.000971272,0.000153053,7.54365e-23
0,2.27983e+09,8.37034e+06,3.22822e+08,8.23206e+07,-1.73319e+09,-6.74148e+07,-5.77579e+08,0.000977554,0.000138421,-3.4889e-26
0,1.99695e+09,-2.30719e+07,3.04168e+08,-4.07321e+09,-9.22135e+08,1.96874e+08,-1.13215e+09,0.0010499,0.000159917,-1.51227e-23
0,2.19011e+09,2.72353e+07,3.09584e+08,-4.357e+09,-2.20396e+09,8.92205e+07,-5.49596e+08,0.00105566,0.000149223,-1.86433e-23
0,1.78689e+09,-4.9592e+07,3.05134e+08,1.07203e+09,-4.15122e+08,-2.87323e+07,-9.35613e+08,0.00101859,0.000173936,2.20963e-25
0,1.80711e+09,-3.39653e+07,3.07098e+08,-4.70375e+09,-5.21586e+08,1.67664e+08,-1.26183e+09,0.00109286,0.000185719,-4.275e-23
0,2.1423e+09,2.88527e+07,3.32254e+08,8.91822e+09,-4.94581e+08,5.95472e+08,-7.21264e+08,0.000984963,0.00015276,3.52811e-23
0,2.26953e+09,9.53395e+06,3.30792e+08,1.82163e+09,-1.2632e+09,6.08541e+06,-6.84506e+08,0.000997665,0.000145413,1.10811e-24
0,1.94768e+09,-1.06557e+07,3.10777e+08,-3.76418e+09,-3.80457e+08,3.76611e+08,-1.18375e+09,0.00102331,0.000163283,-9.82546e-24
0,1.86206e+09,3.89639e+07,2.59148e+08,-9.93417e+09,-2.05523e+09,-7.83731e+08,-5.3394e+07,0.00113231,0.000157587,1.00808e-22
0,2.08222e+09,7.26024e+07,3.04422e+08,1.27304e+10,-4.26173e+08,-8.93064e+07,-8.11618e+08,0.000984296,0.000143905,1.59857e-22
0,2.07656e+09,1.10408e+07,3.10908e+08,2.33925e+09,-1.39081e+09,3.92241e+08,-1.1512e+09,0.00106937,0.000160109,5.26801e-24
0,1.88708e+09,-3.49648e+07,3.00782e+08,5.1445e+09,-5.02262e+08,3.96955e+08,-7.91143e+08,0.00104583,0.000166695,1.88561e-23
0,2.01583e+09,-1.59444e+07,3.10292e+08,8.82769e+09,-2.48041e+09,1.02875e+08,-7.58159e+08,0.00104384,0.000160675,1.27689e-22
0,2.03421e+09,6.5037e+07,2.97574e+08,1.1577e+10,-5.86575e+08,-1.05468e+08,-1.01238e+09,0.00102292,0.000149637,2.05673e-22
0,1.99741e+09,5.26073e+06,3.29461e+08,-3.46962e+08,-1.3204e+08,9.68062e+07,-9.27795e+08,0.00100529,0.000165817,3.4614e-26
0,2.07453e+09,1.60368e+07,3.24921e+08,2.15961e+09,-6.67921e+08,2.61388e+08,-1.01629e+09,0.00103428,0.000161993,1.24733e-24
0,1.95961e+09,2.64558e+07,3.21459e+08,-1.45381e+09,1.07002e+09,-2.72685e+08,-8.05742e+08,0.000931485,0.000152803,-4.30102e-25
0,2.12679e+09,3.12887e+07,3.11027e+08,4.12203e+09,-1.44588e+09,2.19222e+08,-1.02205e+09,0.00101876,0.000148986,1.06692e-23
0,2.12781e+09,2.61767e+07,3.1492e+08,3.39084e+09,-1.16736e+09,2.13878e+08,-1.09628e+09,0.0010286,0.000152235,6.10654e-24
0,2.18665e+09,6.50032e+06,3.43739e+08,5.28832e+09,-1.65354e+08,6.01738e+08,-2.29793e+08,0.000937693,0.000147404,1.29577e-24
0,2.14046e+09,2.32983e+07,3.21827e+08,3.91932e+09,-9.61017e+08,1.01691e+08,-8.85562e+08,0.0010292,0.000154744,6.50937e-24
0,2.09759e+09,3.54016e+07,3.27534e+08,6.15728e+09,-1.23682e+08,3.53465e+08,-8.52766e+08,0.00101343,0.000158245,1.97999e-23
0,2.0667e+09,3.51801e+07,3.20801e+08,8.469e+09,-9.12181e+08,4.69322e+08,-1.16973e+09,0.00106757,0.000165712,9.27891e-23
0,2.16543e+09,-1.44068e+07,3.25537e+08,-1.34956e+09,-1.06182e+09,-2.33581e+08,-8.33435e+08,0.00102706,0.000154402,-8.55031e-25
0,2.31098e+09,1.35017e+07,3.37065e+08,-1.97298e+09,1.08925e+07,1.5211e+08,5.09598e+07,0.000868892,0.000126731,1.20517e-26
0,2.00499e+09,-2.06653e+07,2.44723e+08,-4.1244e+09,1.13465e+09,-6.20678e+08,7.44456e+08,0.00109779,0.000133993,5.98807e-24
0,1.91939e+09,5.20555e+07,3.12039e+08,4.89398e+09,1.2283e+09,-2.40934e+07,-1.14431e+09,0.000960303,0.000156118,1.65389e-23
0,2.28119e+09,1.66321e+07,3.23797e+08,5.20526e+09,-1.23422e+09,-2.54833e+08,-3.15785e+08,0.00092321,0.000131042,3.99538e-24
0,1.80374e+09,-2.5343e+06,2.72494e+08,-1.1658e+09,1.5436e+09,4.74572e+07,-1.57767e+09,0.00105339,0.000159137,-5.99622e-25
0,2.19711e+09,1.24289e+07,3.34022e+08,3.81462e+09,-7.56891e+08,2.63552e+08,-6.59234e+08,0.000989155,0.000150379,2.50268e-24
0,1.98046e+09,2.69103e+07,2.60616e+08,-3.62421e+09,-2.15745e+09,2.3185e+07,4.43432e+08,0.000985271,0.000129655,-3.78656e-24
0,1.92734e+09,9.73843e+06,3.29699e+08,-1.77994e+08,3.43552e+08,-3.42215e+07,-9.04329e+08,0.000996708,0.000170501,1.39251e-26
0,2.1672e+09,-3.67986e+07,3.02274e+08,-4.83491e+09,-1.59915e+09,2.39419e+08,-9.9744e+08,0.00102649,0.000143171,-1.90884e-23
0,1.94854e+09,8.52313e+07,2.88663e+08,1.04241e+10,8.88364e+07,-2.77215e+08,-1.15121e+09,0.00104797,0.00015525,2.30049e-22
0,2.09935e+09,-1.89214e+07,2.8332e+08,2.44726e+09,9.18494e+08,-7.70867e+07,9.29548e+08,0.00107783,0.00014546,-3.08734e-24
0,2.10577e+09,-6.21858e+06,3.26576e+08,-6.24299e+08,-9.41717e+08,-4.02445e+06,-5.55297e+08,0.000999184,0.00015496,-1.93798e-25
0,1.98013e+09,5.78285e+07,3.14933e+08,4.50467e+09,7.08244e+08,5.87746e+07,-1.14332e+09,0.00101479,0.000161399,1.48265e-23
0,1.90005e+09,-7.8521e+06,2.89139e+08,-1.8797e+09,7.00034e+08,8.03519e+07,-1.38819e+09,0.00105135,0.000159988,-1.29095e-24
0,1.94111e+09,-2.10837e+07,3.09959e+08,-2.69512e+09,-2.76566e+08,3.33766e+08,-1.26096e+09,0.00106121,0.000169456,-3.91154e-24
0,2.09805e+09,1.95208e+07,3.30606e+08,4.28893e+09,-6.9239e+08,4.54002e+08,-7.1927e+08,0.00104394,0.000164502,5.00903e-24
0,1.91167e+09,-6.10536e+06,3.11848e+08,-2.45524e+09,-6.92014e+07,1.30994e+07,-1.259e+09,0.00100988,0.00016474,-2.26943e-24
0,2.14678e+09,-824191,3.34642e+08,-7.56373e+09,-9.59308e+07,-4.95114e+08,-6.00381e+08,0.000966074,0.000150593,-1.81325e-23
0,2.09567e+09,-1.45119e+07,3.2876e+08,-2.2195e+09,-6.52207e+08,-2.5456e+08,-4.74988e+08,0.000995321,0.000156142,-4.73244e-25
0,1.88682e+09,-5.16351e+07,3.11356e+08,-1.34977e+09,1.48305e+09,5.42004e+08,-1.16638e+09,0.000980998,0.000161881,5.88882e-27
0,2.19729e+09,-4.17773e+07,2.9869e+08,-7.90454e+09,-1.37976e+09,2.65338e+08,-8.15209e+08,0.0010159,0.000138097,-4.51361e-23
0,1.8606e+09,-1.13334e+07,2.98275e+08,-1.04254e+09,1.25267e+09,3.15742e+08,-1.3173e+09,0.00099469,0.00015946,-9.19464e-26
0,2.01119e+09,-4.48121e+07,2.953e+08,-3.59919e+09,2.71857e+08,2.64961e+08,-1.21157e+09,0.00104204,0.000153002,-7.14304e-24
0,1.66028e+09,-3.01425e+07,2.84547e+08,8.48095e+09,-1.73476e+09,3.01517e+08,-6.24692e+08,0.00105906,0.000181508,1.69651e-22
0,1.98955e+09,5.00064e+06,3.25315e+08,-8.00596e+08,-5.55542e+08,1.25257e+08,-7.76997e+08,0.00103357,0.000169001,-8.65648e-26
0,2.01431e+09,2.2052e+07,3.15968e+08,3.36732e+09,-4.39245e+08,3.56154e+08,-1.23141e+09,0.00103705,0.000162675,5.32666e-24
0,2.02468e+09,-3.98934e+07,3.22066e+08,-1.07878e+10,-4.35275e+08,-3.47006e+08,-6.45862e+08,0.00094965,0.000151061,-6.85979e-23
0,1.92475e+09,6.16118e+07,3.1006e+08,3.87196e+09,1.01927e+09,-2.77675e+08,-1.21691e+09,0.00103585,0.000166865,1.05049e-23
0,1.95804e+09,-9.39905e+06,3.22619e+08,-4.10046e+08,-1.97512e+08,-3.17918e+07,-1.17067e+09,0.00102449,0.000168802,7.60118e-26
0,1.80027e+09,-1.73783e+07,2.95734e+08,4.47244e+09,-1.41746e+06,3.60924e+08,-1.08469e+09,0.00109644,0.000180115,2.99324e-23
0,1.82985e+09,-4.50822e+07,3.10899e+08,-3.08977e+09,9.47253e+08,3.51368e+08,-1.21169e+09,0.00102768,0.000174607,-5.89379e-24
0,2.14562e+09,2.89655e+06,3.42387e+08,1.70508e+09,-2.36468e+08,3.51974e+08,-3.85614e+08,0.000965061,0.000154,5.38427e-26
0,1.97524e+09,2.0599e+07,3.09867e+08,4.76304e+08,1.96755e+08,-1.29928e+08,-1.28921e+09,0.00100873,0.000158244,-1.05641e-25
0,2.04245e+09,-3.36952e+07,3.06932e+08,1.67547e+09,1.49812e+09,2.8248e+07,-6.30672e+08,0.00108464,0.000162995,-2.25673e-25
0,2.01668e+09,1.65786e+07,3.10941e+08,8.60343e+08,-1.01871e+09,1.54654e+08,-1.25308e+09,0.00105192,0.000162189,9.49301e-25
0,2.26743e+09,2.31751e+07,3.21418e+08,-4.49702e+09,-6.50385e+07,5.31586e+07,9.60028e+07,0.000947818,0.000134358,4.35043e-25
0,1.99887e+09,5.30952e+07,2.78946e+08,5.21525e+09,-1.76713e+09,-4.47357e+08,-1.24989e+09,0.00115023,0.000160516,7.93418e-23
0,2.29591e+09,2.54335e+07,3.25524e+08,4.56984e+09,-9.69718e+08,-2.02775e+08,-3.32102e+08,0.000933442,0.000132348,2.40887e-24
0,2.09627e+09,9.10216e+06,3.19204e+08,3.71336e+09,-2.28109e+08,-4.69255e+08,-7.16108e+08,0.000973908,0.000148299,3.22866e-24
0,2.08781e+09,-3.81874e+07,3.0981e+08,-6.29935e+09,-1.38437e+09,-2.42732e+08,-1.32636e+09,0.0010785,0.000160039,-5.31246e-23
0,1.96547e+09,-5.33266e+06,3.11374e+08,-2.36663e+09,-2.97145e+08,5.6248e+07,-1.27483e+09,0.00102886,0.000162995,-2.04921e-24
0,1.97486e+09,-1.7174e+06,3.2525e+08,-3.07082e+09,-7.19021e+08,-2.39192e+08,3.65264e+08,0.00105336,0.000173485,2.63701e-24
0,1.96416e+09,-3.80832e+07,2.96609e+08,-2.17058e+09,3.95023e+08,-1.36373e+08,-1.2565e+09,0.00105518,0.000159343,-1.81385e-24
0,2.01536e+09,-4.4581e+07,3.20057e+08,-8.83003e+09,9.48079e+08,9.66509e+07,-8.33943e+08,0.000948894,0.000150693,-5.11501e-23
0,2.11902e+09,89551.2,3.42285e+08,7.53863e+08,-1.87248e+08,2.54068e+08,-4.04046e+08,0.000967093,0.000156214,-1.59718e-28
0,1.9822e+09,-4.26176e+07,3.0244e+08,-3.5276e+09,5.52666e+08,-1.38281e+08,-1.15158e+09,0.00103092,0.000157296,-7.68007e-24
0,1.95055e+09,-4.96395e+06,3.08142e+08,-1.03759e+09,2.88218e+08,9.59892e+07,-1.28543e+09,0.0010028,0.000158419,7.33839e-26
0,1.95936e+09,6.14282e+06,3.37052e+08,9.26308e+08,-2.42781e+07,-1.00981e+08,-4.83675e+08,0.00101125,0.000173956,3.9672e-26
0,1.9103e+09,3.44908e+07,2.69894e+08,6.87448e+08,-1.64016e+09,-2.87218e+08,-1.41245e+09,0.00114318,0.000161513,-2.12425e-25
0,2.04727e+09,-6.02552e+07,3.04824e+08,-9.0022e+09,-7.97609e+08,-1.53043e+08,-1.31523e+09,0.00104635,0.000155794,-1.31248e-22
0,1.88691e+09,-2.07261e+07,3.15041e+08,-3.63532e+08,4.23733e+08,2.65532e+08,-1.01826e+09,0.000995773,0.000166255,1.88152e-26
0,2.00039e+09,-1.42986e+07,3.14217e+08,-2.40453e+09,-4.50826e+08,2.37378e+08,-1.24493e+09,0.00103445,0.000162489,-2.22559e-24
0,1.99399e+09,-1.4468e+07,3.03339e+08,-1.60199e+09,-2.20722e+08,7.91292e+06,-1.22985e+09,0.00100785,0.000153322,-3.16783e-25
0,1.84408e+09,3.33465e+07,2.9062e+08,2.59362e+09,7.39252e+07,-5.21877e+08,-1.49964e+09,0.00105443,0.000166174,3.53649e-24
0,2.16488e+09,9.3564e+06,3.13683e+08,2.38464e+09,-1.41222e+09,-2.3683e+08,-9.60987e+08,0.00104884,0.000151973,3.91582e-24
0,2.13412e+09,-3.30241e+07,3.29272e+08,-4.71171e+09,3.70844e+08,-3.14772e+08,-4.3414e+08,0.000962966,0.000148575,-4.0104e-24
0,1.94089e+09,-1.28416e+07,3.30276e+08,9.24627e+08,-1.82861e+08,4.54118e+07,-9.82795e+08,0.00103919,0.000176835,1.09878e-27
0,1.92445e+09,2.54241e+07,2.75589e+08,-1.27741e+08,-7.01583e+08,-1.75048e+08,-1.35355e+09,0.0010893,0.000155992,-3.53615e-25
0,1.87307e+09,-1.98789e+07,3.13006e+08,-8.02329e+08,6.63235e+08,1.31793e+08,-1.41056e+09,0.000997781,0.000166738,8.95462e-26
0,2.00843e+09,-4.62e+07,3.03744e+08,-7.45183e+09,5.22943e+07,-2.38889e+08,-1.08307e+09,0.000981011,0.000148363,-4.88804e-23
0,2.05266e+09,-9.01044e+06,3.26667e+08,-5.16681e+08,-5.42947e+08,1.18052e+08,-9.39458e+08,0.000994125,0.000158208,1.20817e-26
0,2.01232e+09,-1.80407e+07,3.18277e+08,1.73433e+09,2.2856e+08,1.99918e+08,-9.85719e+08,0.00101209,0.000160077,5.04762e-25
0,2.08132e+09,-1.70549e+07,3.228e+08,-4.43709e+09,-6.79392e+08,-3.22686e+08,-1.08434e+09,0.00102307,0.000158672,-9.65153e-24
0,1.88537e+09,-3.01031e+07,3.12735e+08,1.45869e+09,6.89783e+08,2.52873e+08,-1.05869e+09,0.000983271,0.0001631,6.06983e-25
0,2.1211e+09,-3.01523e+07,3.32626e+08,-6.57095e+09,-8.22174e+07,-3.78986e+08,-6.65143e+08,0.000942524,0.000147804,-1.2505e-23
0,1.82592e+09,-2.19966e+07,3.07537e+08,2.40603e+09,1.56278e+09,1.29407e+08,-9.02606e+08,0.00111673,0.000188089,4.0632e-24
0,1.76169e+09,3.514e+07,2.59617e+08,-6.04377e+08,-3.74854e+08,-5.50312e+08,-1.5539e+09,0.00113958,0.000167937,6.15731e-25
0,2.19235e+09,5.81149e+07,3.06135e+08,1.16195e+10,-7.78375e+08,-3.19835e+08,-6.54348e+08,0.000980692,0.000136942,8.1644e-23
0,1.81663e+09,1.318e+07,2.72465e+08,-1.26031e+09,8.07631e+07,-1.44612e+08,-1.48457e+09,0.00108396,0.000162576,3.75963e-25
0,1.98892e+09,-1.28417e+07,3.33609e+08,2.25334e+08,-7.58158e+06,-2.40395e+07,-7.98645e+08,0.00104314,0.00017497,-1.68647e-26
0,1.96728e+09,-5.13365e+07,3.13089e+08,-9.55873e+09,1.30175e+08,-8.87511e+07,-1.22759e+09,0.00100094,0.000159297,-1.44283e-22
0,2.17913e+09,-9.46578e+06,3.03469e+08,-2.75866e+09,3.52535e+08,1.81797e+08,-3.72382e+08,0.000912814,0.00012712,-3.32361e-25
0,2.05461e+09,-5.07134e+06,3.4068e+08,1.27132e+08,3.57894e+06,5.57135e+07,-5.45343e+08,0.000961679,0.000159458,-1.8408e-27
0,1.89009e+09,-1.97971e+07,3.07304e+08,-1.19159e+09,2.94772e+08,4.06056e+08,-1.41185e+09,0.00101972,0.000165792,1.8353e-25
0,2.12078e+09,-3.38015e+07,3.09977e+08,-9.12154e+09,-1.51034e+09,-4.61988e+08,-1.00669e+09,0.00102136,0.000149284,-7.20547e-23
0,2.00399e+09,-2.56079e+07,3.19992e+08,1.73002e+09,3.22638e+08,3.99367e+08,-8.45244e+08,0.000996574,0.000159131,5.48926e-25
0,1.97837e+09,-1.84125e+07,3.06518e+08,-5.50064e+09,-4.86391e+08,4.94593e+07,-1.14109e+09,0.000990447,0.000153455,-2.38229e-23
0,2.09664e+09,-3.80967e+07,3.22735e+08,2.22089e+09,1.03402e+09,2.85458e+08,-6.31567e+08,0.000931747,0.000143424,7.6224e-25
0,2.07766e+09,3.56537e+06,3.18219e+08,-1.89158e+09,-6.70223e+08,-1.14984e+08,-7.30583e+08,0.000965543,0.000147885,-5.78684e-25
0,1.89342e+09,-1.80813e+07,3.14506e+08,-8.5677e+09,1.0291e+09,-3.30814e+08,-1.20068e+09,0.000973862,0.000161763,-1.19748e-22
0,2.17799e+09,-6.45652e+06,3.20152e+08,-2.98145e+09,-1.41622e+09,-2.62491e+08,-9.38609e+08,0.00102647,0.000150886,-4.65246e-24
0,1.8176e+09,-1.47168e+07,2.53006e+08,-1.44582e+09,-5.37437e+08,-6.82996e+06,-1.4539e+09,0.00113473,0.000157952,-8.50213e-25
0,1.73894e+09,1.12882e+07,2.64167e+08,3.82498e+07,1.21928e+09,-2.58169e+07,-1.53178e+09,0.00108431,0.000164721,-2.11229e-27
0,2.02154e+09,-2.4777e+07,3.33724e+08,2.28007e+08,-2.60257e+08,-3.67844e+08,-2.52738e+08,0.000992537,0.000163852,-5.60751e-27
0,1.88571e+09,-556095,3.03179e+08,1.34456e+09,5.91254e+08,6.74809e+06,-1.46415e+09,0.00100864,0.000162165,1.50607e-25
0,1.93096e+09,-1.97129e+07,3.21607e+08,-1.9705e+09,3.82867e+06,-9.42687e+06,-1.19689e+09,0.00101645,0.000169294,-9.34267e-25
0,2.10744e+09,-2.37865e+07,3.24557e+08,-3.42269e+09,-6.04899e+08,-3.44396e+08,-9.35875e+08,0.00100649,0.000155006,-3.09589e-24
0,2.09395e+09,-1.33613e+07,3.13125e+08,-4.57089e+09,-8.21153e+08,-1.53871e+08,-1.15562e+09,0.00105412,0.00015763,-1.4444e-23
0,2.07053e+09,-3.78669e+07,3.13246e+08,-7.49213e+09,-9.62083e+08,-2.25735e+08,-9.35171e+08,0.000995313,0.000150579,-3.92619e-23
0,2.00923e+09,163108,3.20705e+08,1.20493e+09,-5.19654e+08,5.84443e+07,-9.52898e+08,0.000998208,0.00015933,2.3399e-25
0,1.73646e+09,-1.25488e+07,2.44704e+08,-1.5538e+09,6.32136e+08,2.41953e+08,-1.48997e+09,0.00109693,0.000154581,-6.53375e-25
0,2.09254e+09,-4.13841e+07,3.14892e+08,-4.90124e+09,-2.95039e+08,-1.16541e+08,-9.80908e+08,0.000983947,0.000148068,-1.0091e-23
0,2.0574e+09,-4.87933e+06,3.42721e+08,3.04041e+08,1.44658e+07,5.74801e+07,-3.79211e+08,0.000963068,0.000160427,-6.42206e-28
0,1.86401e+09,3.62994e+07,2.84043e+08,5.48031e+09,-1.1734e+09,-4.25987e+08,-1.53193e+09,0.00111213,0.00016947,9.3092e-23
0,2.13471e+09,-3.95573e+07,3.13978e+08,2.4981e+09,-9.99571e+08,-1.35039e+08,2.31728e+08,0.000871092,0.000128122,7.81228e-26
0,1.74839e+09,-7.07113e+06,2.67278e+08,1.10321e+09,1.28589e+09,1.27346e+08,-1.50445e+09,0.0010976,0.000167791,9.51117e-25
0,2.06899e+09,-3.53423e+07,3.30363e+08,-7.19585e+09,2.10377e+08,-5.18894e+08,-7.86769e+08,0.000953599,0.000152265,-2.53625e-23
0,2.20221e+09,1.64094e+07,3.23573e+08,6.98443e+08,-6.16389e+08,5.61119e+07,-6.28774e+08,0.000942511,0.000138485,5.547e-26
0,1.93649e+09,2.34028e+07,3.27677e+08,9.59383e+08,7.36101e+08,8.43699e+07,-9.55731e+08,0.00099757,0.000168801,1.31302e-25
0,2.00454e+09,-146507,3.15255e+08,-1.68441e+09,-1.46396e+08,6.69775e+07,-1.11667e+09,0.000990553,0.000155785,-3.68685e-25
0,2.27071e+09,-5.07568e+06,3.03545e+08,-2.21779e+09,-2.44189e+09,-8.84043e+07,-6.57466e+08,0.00103032,0.000137732,-7.68956e-24
0,2.18781e+09,-1.73391e+07,3.17587e+08,-6.30907e+08,4.47434e+08,-4.57566e+08,1.37193e+08,0.000892681,0.000129583,-1.81205e-26
0,1.87826e+09,3.86509e+07,3.2142e+08,1.18118e+10,-1.48918e+08,4.02071e+08,-4.49629e+08,0.000965497,0.000165222,1.02067e-22
0,1.84688e+09,-7.74519e+07,2.70985e+08,5.43591e+09,-1.33297e+09,4.48787e+07,1.631e+08,0.000955492,0.000140195,-1.52571e-24
0,2.13593e+09,-2.64417e+07,3.29017e+08,-2.83779e+09,-3.76117e+08,-3.50815e+08,-6.03131e+08,0.000994407,0.000153178,-8.62631e-25
0,1.96757e+09,3.0622e+07,3.19896e+08,1.32613e+09,5.88603e+08,-2.12723e+08,-1.0575e+09,0.00101509,0.000165037,1.84439e-25
0,2.01852e+09,-3.13842e+07,3.28006e+08,-7.65239e+09,1.02163e+08,-3.22381e+08,-7.95832e+08,0.000948683,0.000154159,-3.27677e-23
0,1.86823e+09,-1.0988e+07,3.21124e+08,5.86999e+08,6.48683e+07,1.57399e+08,-1.33916e+09,0.00103142,0.000177288,-2.52535e-25
0,1.74522e+09,1.92725e+07,2.68454e+08,2.78722e+09,7.34201e+08,-2.15277e+08,-1.53773e+09,0.00109346,0.000168198,9.45833e-24
0,1.80105e+09,5.5247e+06,3.06995e+08,2.51276e+09,2.95983e+08,-3.45386e+08,-1.07856e+09,0.000987864,0.000168385,2.46371e-24
0,1.97394e+09,3.62892e+07,3.20753e+08,6.17082e+09,1.58142e+09,7.95781e+07,-8.48314e+08,0.000915739,0.000148802,1.72312e-23
0,1.95245e+09,2.39283e+07,3.21053e+08,9.35354e+08,3.99737e+08,-4.48961e+08,-9.62751e+08,0.00102092,0.000167877,-9.63791e-27
0,1.99e+09,7.75776e+07,2.79365e+08,9.77812e+09,6.92624e+08,-6.11375e+08,-8.41563e+08,0.000971679,0.000136408,7.44662e-23
0,1.90177e+09,-3.70251e+06,3.17231e+08,-5.97457e+09,8.2753e+08,-2.06368e+08,-1.12437e+09,0.000962042,0.000160477,-3.40513e-23
0,2.1574e+09,5.41615e+07,3.01735e+08,1.11834e+10,-1.23996e+09,-3.0043e+08,-8.81898e+08,0.0010192,0.000142545,1.35413e-22
0,1.96297e+09,-1.09151e+07,3.11973e+08,2.86331e+07,-8.71353e+08,-1.86114e+08,-1.17421e+09,0.00101835,0.000161846,-2.9218e-25
0,2.05512e+09,-1.96217e+07,3.31789e+08,-7.16695e+09,-1.71735e+08,-7.00046e+07,-6.65352e+08,0.000943126,0.000152263,-1.96532e-23
0,1.76423e+09,-2.63485e+07,3.01549e+08,2.26256e+09,-3.63864e+08,-7.8513e+07,-9.2283e+08,0.00101012,0.000172653,2.50721e-24
0,1.86087e+09,-3.01643e+07,2.66847e+08,-1.60326e+09,-1.07441e+09,4.91414e+08,-1.56992e+09,0.0010984,0.000157509,-6.85358e-25
0,1.82069e+09,4.61409e+06,2.87928e+08,1.74327e+10,1.31779e+09,1.46782e+08,-5.39151e+07,0.00100627,0.000159133,8.02565e-23
0,2.11587e+09,-2.80373e+07,3.36732e+08,-7.81081e+09,2.54169e+08,-6.6792e+08,-4.55234e+08,0.000919778,0.000146379,-1.54102e-23
0,1.98397e+09,2.31427e+07,3.10409e+08,6.51393e+09,-5.93889e+08,-3.99414e+08,-7.95232e+08,0.00103324,0.000161659,3.79412e-23
0,1.86217e+09,1.47344e+07,3.16316e+08,1.48191e+09,4.16908e+08,-3.73742e+08,-1.16604e+09,0.00100599,0.000170881,2.24075e-25
0,2.07855e+09,-1.94141e+07,3.34073e+08,-3.12356e+09,-7.95448e+07,-4.23747e+08,-6.10905e+08,0.000973071,0.000156396,-1.40313e-24
0,1.99406e+09,-2.08177e+07,3.32337e+08,-4.49678e+09,8.45168e+08,-3.98018e+08,-4.50871e+08,0.000940547,0.000156755,-5.83675e-24
0,1.81578e+09,3.54092e+07,2.57705e+08,9.30016e+07,-7.01073e+08,-3.85056e+08,-1.51346e+09,0.0011297,0.000160333,-1.43256e-24
0,1.71212e+09,-3.5155e+07,3.05754e+08,4.626e+09,-3.86874e+06,3.76519e+07,-8.26044e+08,0.00101174,0.000180679,2.2811e-23
0,2.02822e+09,2.30559e+07,2.97714e+08,4.48453e+09,3.92311e+08,-3.5739e+08,-9.33086e+08,0.00100172,0.000147038,8.62109e-24
0,1.92638e+09,-1.15594e+07,3.01591e+08,4.63328e+09,7.05965e+08,1.64064e+08,-1.07425e+09,0.000950892,0.00014887,1.32255e-23
0,2.21449e+09,-7.82746e+06,3.09414e+08,-8.72792e+08,3.66537e+08,1.88448e+08,-1.89307e+08,0.00089757,0.00012541,2.20092e-28
0,2.21888e+09,5.05979e+07,3.14277e+08,1.1091e+10,-8.28328e+08,-2.53838e+08,-5.62981e+08,0.000967874,0.000137087,5.45269e-23
0,2.27356e+09,3.34046e+07,3.22056e+08,4.55762e+09,-1.45022e+09,-1.06507e+07,-3.75896e+08,0.000941455,0.00013336,3.64068e-24
0,1.9121e+09,2.82805e+07,2.92236e+08,4.06736e+09,1.31492e+09,4.53556e+07,-9.75542e+08,0.000954198,0.000145835,8.286e-24
0,1.73824e+09,7.04762e+07,2.77305e+08,-3.13572e+09,-1.1362e+09,-6.69546e+08,-1.19637e+09,0.00109665,0.00017495,-1.15354e-23
0,2.05198e+09,-4.84083e+06,3.42329e+08,2.60001e+08,-8.84322e+06,5.17439e+07,-4.20286e+08,0.000967253,0.000161366,-1.18819e-27
0,1.90057e+09,1.82235e+07,3.19255e+08,2.85512e+09,1.54274e+08,-1.52762e+08,-1.05551e+09,0.00101902,0.000171173,3.67593e-24
0,2.04135e+09,8.46771e+06,3.34894e+08,6.65325e+09,5.8908e+08,4.81007e+08,-6.01061e+08,0.000922946,0.000151414,1.64269e-23
0,2.10625e+09,-2.9633e+07,3.32261e+08,-3.7744e+09,1.98406e+08,-3.69197e+08,-6.57996e+08,0.000959216,0.000151317,-2.91381e-24
0,1.95365e+09,-8.7169e+06,2.98754e+08,5.11861e+09,-3.75872e+08,3.43062e+08,-1.03672e+09,0.00101173,0.000154714,1.83843e-23
0,1.83324e+09,2.53654e+07,3.04664e+08,3.19258e+09,9.49452e+08,-2.33201e+08,-1.50016e+09,0.00104101,0.000173005,9.25019e-24
0,1.82539e+09,-4.96965e+06,2.92941e+08,9.19418e+09,-2.53294e+08,-8.26134e+06,-1.09008e+09,0.00106204,0.000170437,2.23488e-22
0,2.08926e+09,2.5219e+07,3.32695e+08,3.53657e+09,-7.03391e+08,2.22144e+08,-4.57544e+08,0.000939167,0.000149554,1.35994e-24
0,2.03998e+09,-2.59904e+06,2.96356e+08,3.28241e+09,9.56849e+07,-2.05096e+08,-9.34193e+08,0.000998461,0.00014505,3.32047e-24
0,2.11266e+09,4.93231e+07,3.18932e+08,6.24584e+09,-1.17444e+07,-1.85329e+08,-8.17432e+08,0.0010028,0.000151384,1.88397e-23
0,1.67428e+09,3.52254e+07,2.73705e+08,-1.52729e+10,-3.12166e+09,-1.16986e+08,-7.21709e+08,0.00121153,0.000198057,-2.83552e-21
0,1.93656e+09,6.32131e+06,2.93739e+08,1.47198e+10,1.89327e+09,5.0665e+08,1.05447e+08,0.00109239,0.000165694,2.37882e-23
0,2.15464e+09,1.77654e+07,3.35934e+08,7.15065e+09,-2.49313e+08,3.92731e+08,-5.69642e+08,0.000951513,0.000148352,1.27287e-23
0,1.83098e+09,1.53078e+07,2.63901e+08,2.06442e+09,-1.3272e+09,-3.43091e+08,-1.60543e+09,0.00113926,0.000164202,8.95569e-24
0,2.02956e+09,4.26481e+07,3.08466e+08,8.29985e+09,1.81161e+08,-3.35012e+08,-9.15506e+08,0.000964899,0.000146652,4.8945e-23
0,1.81662e+09,-3.99368e+07,3.21374e+08,-5.06377e+08,-5.54329e+08,-1.89769e+08,-7.05247e+08,0.000999125,0.000176753,-1.43966e-25
0,2.11925e+09,1.39949e+07,3.35119e+08,3.55106e+09,-5.1306e+08,2.13818e+08,-4.8595e+08,0.000948688,0.000150017,1.37285e-24
0,2.10572e+09,1.88929e+06,3.04707e+08,3.91023e+09,-1.529e+09,4.44908e+08,-8.99874e+08,0.0010367,0.000150016,8.6391e-24
0,2.14794e+09,-1.10672e+07,3.36248e+08,-5.6821e+09,-2.18785e+08,-2.65754e+08,-5.00142e+08,0.000945705,0.000148045,-5.61652e-24
0,2.03341e+09,1.81602e+07,2.64742e+08,3.4802e+09,-2.14965e+09,1.59649e+08,-1.04042e+09,0.00108974,0.000141879,2.75534e-23
0,1.82426e+09,-6.97461e+07,2.87292e+08,-5.32442e+09,4.79722e+08,9.92685e+08,-1.46246e+09,0.00107001,0.000168511,-4.51845e-23
0,2.11493e+09,-7.2049e+06,3.33289e+08,1.55431e+09,-8.32856e+07,-1.19136e+08,-5.611e+08,0.000951702,0.000149977,1.37721e-25
0,2.13094e+09,1.79397e+07,3.3712e+08,5.98024e+09,-2.03731e+08,5.61074e+08,-5.49866e+08,0.000962509,0.000152271,7.47043e-24
0,2.03339e+09,6.24804e+06,2.96783e+08,2.54029e+09,-3.19144e+06,2.40233e+08,-9.23039e+08,0.00099042,0.000144556,1.39117e-24
0,1.96621e+09,814497,3.05511e+08,8.99241e+09,-1.7079e+08,3.80372e+08,-8.39089e+08,0.000944624,0.000146776,5.99211e-23
0,2.30753e+09,8.80701e+06,3.13961e+08,1.21932e+09,-2.35961e+09,-1.68653e+08,-5.59104e+08,0.000999726,0.000136022,2.15654e-24
0,1.85254e+09,-3.79951e+07,3.17484e+08,1.46159e+09,1.99233e+08,3.29459e+07,-8.35735e+08,0.00100993,0.00017308,3.67997e-25
0,2.03696e+09,2.75125e+07,3.21589e+08,6.14222e+09,-7.67365e+08,7.23508e+08,-8.15436e+08,0.00101859,0.000160812,1.46586e-23
0,1.93671e+09,-1.17003e+07,3.13483e+08,8.58405e+09,2.53193e+08,2.37917e+08,-5.33562e+08,0.0010967,0.000177517,8.15286e-23
0,1.86681e+09,5.30222e+07,2.89712e+08,4.44634e+09,7.39881e+08,-5.70769e+08,-1.56399e+09,0.00107167,0.000166314,2.59129e-23
0,2.06135e+09,192309,3.03422e+08,-3.09399e+09,-2.04526e+09,-1.64518e+07,-1.1193e+09,0.00109987,0.000161897,-2.16657e-23
0,2.03371e+09,8.28223e+06,2.905e+08,1.40555e+10,1.57307e+09,1.0188e+08,-5.39643e+08,0.00104043,0.000148618,2.157e-22
0,1.9828e+09,3.74137e+07,3.21511e+08,3.62924e+09,-2.60872e+08,1.11427e+08,-8.46463e+08,0.0010148,0.00016455,5.30783e-24
0,2.28909e+09,285687,3.0109e+08,8.92912e+09,1.28699e+09,2.03025e+07,2.34598e+08,0.00108619,0.000142869,-2.01366e-23
0,1.88909e+09,-9.96543e+06,2.91825e+08,-5.18858e+09,-1.50746e+09,-1.09833e+09,-1.23862e+09,0.00107911,0.000166701,-1.38946e-23
0,2.09431e+09,6.11576e+06,3.10955e+08,7.29765e+08,-1.98355e+09,5.83306e+08,-8.91069e+08,0.00105389,0.000156477,5.2372e-24
0,2.02743e+09,-1.00878e+07,3.3129e+08,-4.79838e+09,5.79078e+08,-3.11943e+08,-6.77014e+08,0.000918888,0.00015015,-6.72172e-24
0,1.62272e+09,-1.86832e+07,2.76657e+08,-1.17472e+10,-1.77909e+09,3.94021e+07,-9.93828e+08,0.00105218,0.000179385,-8.57212e-22
0,1.86991e+09,3.5166e+07,3.00647e+08,3.00078e+09,4.46716e+08,-4.81916e+08,-1.35659e+09,0.0010373,0.000166778,5.24693e-24
0,1.81995e+09,-2.6926e+06,2.44025e+08,-1.11106e+08,1.03217e+08,5.8319e+06,-1.3476e+09,0.00110644,0.000148356,8.72888e-26
0,2.12305e+09,-1.59025e+07,3.31099e+08,1.11133e+09,-1.84308e+06,-1.79471e+08,-6.042e+08,0.000945962,0.000147527,3.70053e-26
0,2.06393e+09,1.92149e+07,3.18517e+08,4.568e+09,-1.06146e+09,6.17381e+08,-9.25703e+08,0.00104354,0.000161045,7.8592e-24
0,1.95814e+09,-3.1389e+07,3.22623e+08,1.95059e+09,3.93689e+08,-4.51166e+07,-6.45894e+08,0.00102892,0.000169525,7.07932e-25
0,2.22862e+09,-1.2208e+07,3.21943e+08,6.42056e+09,-1.22747e+09,-2.32594e+07,-1.0969e+08,0.000933863,0.000134904,3.06479e-24
0,1.92669e+09,-1.34805e+07,2.9719e+08,-5.45613e+09,-1.07537e+09,9.36958e+07,-1.31388e+09,0.0010658,0.000164398,-5.10216e-23
0,2.1e+09,2.50876e+07,3.32644e+08,4.76471e+09,-2.70178e+08,4.94336e+08,-7.45673e+08,0.000984635,0.000155968,6.00044e-24
0,2.13943e+09,7.78031e+06,3.34993e+08,2.15383e+09,-3.89291e+08,3.99933e+08,-6.05322e+08,0.000972472,0.00015227,2.42956e-25
0,1.85258e+09,-2.14773e+07,2.67595e+08,-1.6477e+09,-1.41904e+09,3.53969e+08,-1.60537e+09,0.00116232,0.00016789,-5.30671e-24
0,2.10216e+09,4.30301e+07,3.01919e+08,7.5165e+09,-1.43802e+09,9.39767e+07,-1.01995e+09,0.00103161,0.000148163,5.64879e-23
0,1.97245e+09,1.95119e+07,2.91768e+08,6.92731e+09,1.31596e+09,3.90704e+08,3.25248e+08,0.00118931,0.000175925,-2.28387e-23
0,2.05996e+09,2.46541e+07,3.23293e+08,5.89705e+09,2.36323e+08,3.68203e+08,-8.64933e+08,0.000939683,0.000147475,1.43984e-23
0,2.10332e+09,-2.11824e+07,3.02993e+08,2.07085e+08,-7.44741e+08,-3.04447e+08,-7.72608e+08,0.00114312,0.000164672,-2.2985e-25
0,1.82902e+09,-3.10656e+07,2.9892e+08,-5.35292e+09,-3.11326e+08,2.35826e+07,-1.34462e+09,0.0010434,0.000170524,-4.74132e-23
0,2.03162e+09,3.43297e+06,3.20446e+08,1.25336e+09,-1.01225e+09,6.03579e+08,-9.17123e+08,0.00106095,0.000167343,9.03454e-25
0,1.83798e+09,-5.75967e+07,2.62713e+08,-3.35866e+09,-6.03935e+08,6.90482e+08,-1.56071e+09,0.00113237,0.000161856,-1.78072e-23
0,2.30308e+09,6.4666e+06,3.13553e+08,3.08105e+09,6.13432e+08,-1.40992e+08,9.89501e+06,0.000953123,0.000129763,-1.88718e-25
0,1.93496e+09,1.28299e+07,3.01648e+08,2.48386e+09,-4.57455e+08,-2.75637e+08,-1.33235e+09,0.00102208,0.000159336,2.80128e-24
0,2.00664e+09,2.8011e+07,3.17586e+08,6.31643e+09,6.85677e+08,3.49111e+07,-7.6768e+08,0.00092284,0.000146056,1.61494e-23
0,1.95741e+09,3.71339e+07,3.01711e+08,8.02044e+09,8.28064e+08,1.04977e+08,-1.07618e+09,0.000950614,0.000146525,6.16812e-23
0,2.07584e+09,-2.3578e+07,3.00991e+08,-9.85537e+09,-1.97097e+09,-7.43589e+08,-8.81492e+08,0.00107472,0.000155831,-9.16399e-23
0,2.03943e+09,-2.86784e+07,3.24917e+08,-8.54139e+08,6.97868e+08,-4.04958e+08,-5.11031e+08,0.00103299,0.000164574,-1.72486e-25
0,1.82077e+09,-6.63735e+07,3.0353e+08,-3.20942e+09,-4.18856e+08,2.7444e+08,-1.17082e+09,0.00103219,0.000172071,-8.73624e-24
0,2.0934e+09,1.25019e+07,3.10581e+08,6.55453e+09,-1.40839e+09,5.46855e+07,-1.0052e+09,0.00102682,0.000152342,3.90038e-23
0,2.01909e+09,1.96446e+07,2.93714e+08,-3.16686e+08,-1.60865e+09,-8.23092e+08,-1.3438e+09,0.00112266,0.000163312,-6.86984e-24
0,2.18153e+09,1.39996e+07,3.27891e+08,1.55108e+08,-4.70411e+08,1.88668e+08,-6.41349e+08,0.000947476,0.000142409,2.09059e-26
0,2.0013e+09,5.87073e+07,2.89622e+08,6.13122e+09,-9.48199e+08,-3.70583e+08,-1.24543e+09,0.00106901,0.000154704,5.79483e-23
0,1.91079e+09,-2.11921e+07,3.06573e+08,8.90404e+09,-1.58594e+09,5.70451e+08,-6.84855e+08,0.00103626,0.000166261,6.78905e-23
0,2.25774e+09,2.11788e+07,3.07932e+08,4.72607e+09,1.83028e+09,9.28776e+06,9.37132e+07,0.000983983,0.000134205,-4.48696e-24
0,2.32019e+09,-3.77271e+06,3.33668e+08,4.42138e+07,3.33251e+08,-5.86868e+07,2.64915e+07,0.000875362,0.000125886,1.19789e-28
0,1.70274e+09,1.46306e+06,2.53433e+08,-1.6924e+08,-4.69891e+08,-1.42862e+08,-1.59514e+09,0.00115986,0.000172632,-2.04204e-25
0,2.05028e+09,-5.10944e+06,3.42076e+08,8.16315e+07,-2.41034e+07,3.86234e+07,-4.44577e+08,0.000970178,0.000161868,-6.17407e-28
0,1.89558e+09,-6.59043e+07,2.73426e+08,-5.39577e+09,-4.73389e+08,6.90085e+08,-1.43778e+09,0.0011289,0.000162838,-6.71772e-23
0,1.90714e+09,1.9415e+07,2.41959e+08,1.33955e+09,1.19306e+09,2.06883e+08,4.1261e+08,0.00103865,0.000131774,-1.50778e-24
0,1.8668e+09,-3.71412e+06,2.58201e+08,-4.10116e+08,-4.81788e+08,4.26743e+08,-1.33583e+09,0.00106712,0.000147596,6.20476e-25
0,2.05593e+09,-1.20916e+07,3.03457e+08,-1.63034e+09,-1.41065e+09,-4.07738e+08,-1.13003e+09,0.00106778,0.000157606,-3.86887e-24
0,2.02718e+09,-4.76777e+07,2.99445e+08,-1.19288e+10,-1.38443e+09,-4.57579e+08,-8.70088e+08,0.00103198,0.000152438,-1.78254e-22
0,2.07834e+09,6.66265e+06,3.33949e+08,-1.61335e+08,-1.66522e+08,9.88333e+07,-3.5618e+08,0.000910593,0.000146315,8.92319e-28
0,2.13097e+09,-7.54171e+06,3.32483e+08,-1.50831e+09,-7.20999e+08,-1.53074e+08,-7.70355e+08,0.00101304,0.000158059,-4.4985e-25
0,2.04883e+09,-1.53394e+07,3.25244e+08,-2.31135e+09,5.82856e+06,1.03943e+08,-9.19299e+08,0.000963794,0.000152999,-8.73664e-25
0,1.68303e+09,-2.33005e+07,2.50922e+08,5.08545e+08,-2.12973e+08,3.87454e+08,-1.57393e+09,0.00113535,0.000169268,-8.99062e-25
0,1.88674e+09,3.0641e+07,3.12214e+08,-7.215e+09,-1.67079e+09,-2.45939e+08,-7.94624e+08,0.00105526,0.000174622,-7.61761e-23
0,2.11616e+09,-3.50067e+07,3.09606e+08,-5.68072e+09,-1.51171e+09,-4.89235e+07,-9.41191e+08,0.00106002,0.000155086,-2.9988e-23
0,2.12296e+09,-1.77156e+07,3.08277e+08,-4.74894e+09,-1.65381e+09,-3.44473e+08,-9.69103e+08,0.00106991,0.000155363,-1.89727e-23
0,1.95515e+09,-6.21661e+07,3.16867e+08,-1.02459e+10,1.21238e+09,1.65764e+08,-8.74782e+08,0.000956524,0.000155022,-9.81122e-23
0,1.92624e+09,-3.48085e+07,3.03198e+08,-2.00706e+09,3.07664e+07,6.09597e+08,-1.21273e+09,0.00102292,0.000161012,-6.81923e-25
0,1.86864e+09,-6.55869e+07,3.01055e+08,-1.09709e+10,-4.22531e+08,-1.70966e+08,-8.17742e+08,0.000981004,0.000158049,-1.67948e-22
0,2.06763e+09,2.93041e+07,3.20982e+08,8.72908e+09,-1.07536e+09,7.06866e+08,-8.39925e+08,0.00104514,0.000162249,5.2056e-23
0,1.85728e+09,-2.55625e+07,3.05082e+08,-3.66625e+08,5.4443e+08,4.20739e+08,-1.42302e+09,0.00103675,0.000170299,3.84576e-26
0,1.97458e+09,-1.89751e+07,3.00092e+08,-6.6741e+09,-1.74278e+09,-9.18801e+08,-1.16651e+09,0.00109455,0.000166348,-4.60517e-23
0,1.93756e+09,-7.00487e+07,2.95736e+08,-9.72305e+09,-3.08884e+08,2.71402e+07,-1.22713e+09,0.00110017,0.000167922,-2.63536e-22
0,1.8068e+09,-5.61813e+07,2.96624e+08,-2.36725e+09,1.92194e+09,7.51717e+08,-1.34174e+09,0.000980097,0.000160903,8.09428e-26
0,2.09909e+09,-2.22868e+07,3.29295e+08,-3.50513e+09,-5.06293e+08,-3.67505e+08,-8.64783e+08,0.000997869,0.000156541,-2.87245e-24
0,1.63213e+09,-5.74099e+06,2.51371e+08,9.30887e+08,-6.3429e+08,3.35619e+08,-1.47561e+09,0.00114272,0.000175995,1.06007e-24
0,2.02795e+09,3.64913e+07,3.22304e+08,3.65887e+09,8.26038e+07,2.5427e+08,-1.04472e+09,0.00100525,0.000159765,5.6512e-24
0,1.71721e+09,-7.08852e+07,2.93047e+08,4.43929e+09,-4.05769e+07,6.37949e+08,-9.65417e+08,0.00101705,0.000173562,2.12303e-23
0,2.05012e+09,4.12636e+07,3.02957e+08,-5.86304e+09,-1.54736e+09,6.33331e+06,1.80047e+08,0.00089422,0.000132143,-3.54524e-26
0,1.74613e+09,1.18915e+07,3.08818e+08,-5.01747e+09,-8.73307e+08,-4.13623e+08,-1.09957e+09,0.00100199,0.00017721,-3.00626e-23
0,2.02007e+09,5.55676e+07,3.15616e+08,8.21481e+09,6.97172e+08,-1.08574e+07,-8.72641e+08,0.000993986,0.0001553,5.55727e-23
0,1.94582e+09,-5.05211e+07,3.07848e+08,-2.66871e+09,4.18026e+08,6.14071e+08,-1.09333e+09,0.00102203,0.000161694,-2.03684e-24
0,2.30655e+09,2.06946e+07,3.26605e+08,4.47343e+09,-1.07125e+09,-1.60953e+08,-3.40952e+08,0.000935506,0.000132467,2.41752e-24
0,1.92245e+09,-2.9995e+07,2.98387e+08,-7.66994e+09,-1.317e+09,-4.40122e+08,-1.19838e+09,0.00105444,0.000163662,-9.95735e-23
0,2.15361e+09,3.22199e+07,3.15025e+08,1.08637e+10,-7.00505e+08,-2.39597e+07,-6.75731e+08,0.000960858,0.000140552,6.27333e-23
0,2.08331e+09,1.54312e+07,3.17895e+08,5.42291e+09,-1.63549e+09,5.91918e+08,-9.35186e+08,0.00107009,0.000163287,2.02016e-23
0,2.11668e+09,6.69114e+07,2.79181e+08,-9.19504e+09,5.83305e+08,3.52814e+08,5.79303e+08,0.00104894,0.000138351,6.01513e-23
0,2.10953e+09,-2.61807e+07,3.3331e+08,-4.95522e+09,-2.22765e+08,-5.21437e+08,-7.0105e+08,0.000977994,0.000154525,-6.08495e-24
0,2.1733e+09,-5.04884e+07,3.10852e+08,-6.93833e+09,-2.2454e+09,-1.97295e+08,-7.19288e+08,0.00103588,0.000148165,-4.07075e-23
0,1.88371e+09,-1.39785e+06,2.63433e+08,1.90845e+09,-6.18431e+08,-1.16689e+08,-1.44731e+09,0.00107683,0.000150592,1.95576e-24
0,2.29395e+09,2.62646e+07,3.22862e+08,-4.06908e+09,1.92265e+08,1.84251e+08,3.54292e+07,0.000949552,0.000133645,1.96623e-25
0,1.96795e+09,-1.82082e+07,3.00285e+08,1.50564e+09,-2.9304e+08,5.23366e+08,-1.16142e+09,0.000998524,0.000152363,-7.52166e-26
0,2.17777e+09,1.74902e+06,3.09969e+08,-8.39587e+09,2.4265e+08,5.46741e+08,-4.7618e+06,0.000933462,0.000132863,1.27015e-24
0,2.12035e+09,-6.30979e+07,3.09797e+08,-1.07867e+10,-2.57593e+08,1.64575e+08,-8.32327e+08,0.00100753,0.000147207,-1.02135e-22
0,1.99462e+09,-5.53334e+07,3.08723e+08,-9.90829e+09,-1.46723e+08,-1.78569e+08,-9.38051e+08,0.00099903,0.000154628,-1.1299e-22
0,1.74258e+09,6.13386e+06,3.14614e+08,-1.71409e+09,3.61858e+08,-2.71495e+08,-1.20442e+09,0.00098283,0.000177445,-9.51389e-25
0,1.61993e+09,5.17238e+07,2.75948e+08,-5.88482e+09,-2.10927e+09,2.81806e+08,-1.02898e+09,0.00107408,0.000182965,-2.21224e-22
0,2.146e+09,-2.5714e+07,3.34571e+08,-6.15786e+09,-2.5054e+08,-5.07048e+08,-6.20284e+08,0.000968781,0.000151037,-9.3394e-24
0,1.89553e+09,-2.45444e+07,3.01345e+08,-7.81313e+09,-1.22999e+09,-1.80903e+08,-1.10967e+09,0.00104063,0.000165436,-1.09143e-22
0,2.05142e+09,-768344,3.19815e+08,1.55654e+09,-1.48252e+09,5.46265e+08,-8.96305e+08,0.00108609,0.000169321,3.8379e-24
0,2.06271e+09,-7.70766e+07,2.96223e+08,-1.17444e+10,-3.95445e+08,2.93309e+08,-1.03219e+09,0.00101879,0.000146306,-2.00816e-22
0,1.94054e+09,3.89376e+07,3.12908e+08,7.58301e+09,1.15739e+09,-1.24297e+08,-8.21149e+08,0.000916052,0.000147712,3.10479e-23
0,1.95021e+09,-2.41353e+06,3.00114e+08,-5.99515e+08,-6.01638e+08,4.53969e+08,-1.40176e+09,0.00105143,0.000161803,6.74919e-25
0,1.98918e+09,-8.61164e+07,3.01541e+08,-8.22573e+09,-2.41261e+09,-2.43998e+08,-6.25024e+08,0.000999574,0.000151526,-7.11753e-23
0,2.07509e+09,4.61368e+07,3.24073e+08,4.96098e+09,7.82806e+08,-8.24701e+07,-6.26965e+08,0.000945017,0.000147586,5.61178e-24
0,1.78194e+09,-7.66329e+07,2.83461e+08,-3.02448e+09,-4.56527e+08,5.3286e+08,-1.28546e+09,0.00104237,0.000165815,-8.641e-24
0,1.882e+09,-4.14032e+06,3.19463e+08,1.22072e+09,4.23405e+08,3.79797e+08,-1.21991e+09,0.001028,0.000174498,1.498e-25
0,2.0719e+09,-6.15566e+07,3.13041e+08,-1.1452e+10,-7.05741e+07,2.01926e+08,-7.93782e+08,0.000975087,0.000147325,-1.09979e-22
0,1.9485e+09,-919977,3.15404e+08,3.1514e+09,8.94909e+08,3.86112e+08,-1.17583e+09,0.000989455,0.000160163,6.36971e-24
0,2.08468e+09,-3.04313e+07,3.32401e+08,-6.68041e+09,1.62568e+08,-3.30112e+08,-6.80559e+08,0.000941924,0.000150189,-1.56247e-23
0,1.91507e+09,3.67269e+07,3.23571e+08,3.12e+09,1.49623e+09,-9.52491e+07,-9.27231e+08,0.000947343,0.000160063,2.41143e-24
0,1.89726e+09,-1.93863e+07,3.17002e+08,4.6928e+08,8.07196e+08,4.84493e+08,-1.12358e+09,0.000987357,0.000164972,4.74057e-26
0,1.89269e+09,9.65227e+06,3.1258e+08,-8.01241e+09,-1.28422e+09,-3.20464e+08,-5.21324e+08,0.00104601,0.00017275,-4.92071e-23
0,2.20807e+09,5.44814e+07,3.0723e+08,1.60497e+09,-1.12596e+09,3.44678e+07,-1.0235e+08,0.00096568,0.000134364,3.51374e-25
0,1.96834e+09,-5.70446e+07,3.17705e+08,-1.08168e+10,6.42964e+08,-6.97975e+07,-7.83409e+08,0.00094046,0.000151797,-1.00285e-22
0,1.76424e+09,-1.01343e+08,3.00226e+08,-6.5647e+09,-8.52831e+08,1.62169e+07,-5.50804e+08,0.000958712,0.000163147,-3.2689e-23
0,1.97125e+09,1.73577e+07,3.07751e+08,1.98843e+09,-2.57929e+07,-6.84476e+08,-1.23796e+09,0.00103376,0.000161391,5.24343e-25
0,1.90098e+09,4.5141e+06,3.17748e+08,2.66638e+09,3.78925e+08,1.40644e+08,-1.26084e+09,0.00101094,0.000168978,3.51228e-24
0,1.92397e+09,-5.24262e+07,2.58477e+08,2.05476e+09,-1.79321e+09,4.91766e+08,-1.1292e+09,0.00118781,0.000159577,2.02352e-23
0,1.92977e+09,-1.76915e+07,3.01734e+08,-1.55447e+09,-6.31749e+08,4.53859e+08,-1.42053e+09,0.00106559,0.000166613,-1.28899e-25
0,1.95191e+09,2.06616e+07,2.97258e+08,2.46734e+09,-4.45611e+08,-1.27849e+08,-1.27924e+09,0.00104429,0.000159036,2.91833e-24
0,2.05089e+09,7.35174e+07,2.94511e+08,1.31151e+09,7.69795e+08,4.1563e+08,-1.83625e+08,0.000973528,0.0001398,1.9473e-25
0,2.00109e+09,4.72587e+07,3.23236e+08,4.90323e+09,9.67758e+08,-1.51396e+08,-7.81888e+08,0.000978237,0.000158014,9.10597e-24
0,2.06327e+09,-1.05637e+07,3.35804e+08,-5.78504e+09,2.28565e+08,-2.41787e+07,-5.63063e+08,0.000928976,0.000151194,-8.0601e-24
0,1.74243e+09,-3.15173e+07,3.02671e+08,-2.08389e+09,2.25668e+08,3.0786e+08,-1.31033e+09,0.00105435,0.000183146,-2.08537e-24
0,1.97099e+09,-1.19432e+06,3.3134e+08,3.43288e+09,5.80004e+08,2.88055e+08,-7.54785e+08,0.000932331,0.000156733,3.46498e-24
0,1.87616e+09,-1.52708e+07,3.16566e+08,1.34593e+09,-1.45986e+09,1.63955e+08,-1.01593e+09,0.00105206,0.000177514,4.61908e-24
0,1.93557e+09,-8.36293e+06,3.22784e+08,-8.6117e+09,-1.27389e+09,-9.04311e+08,-6.31269e+08,0.00101037,0.000168494,-2.30049e-23
0,1.98545e+09,-6.28113e+07,2.68554e+08,-2.6626e+09,-1.76026e+09,2.58919e+08,-1.08757e+09,0.00119936,0.000162227,-2.23079e-23
0,1.93617e+09,-3.94775e+07,2.90817e+08,-4.65612e+09,-1.03629e+09,2.29433e+08,-1.37207e+09,0.00110046,0.000165292,-3.9451e-23
0,2.00773e+09,-1.53783e+07,3.11096e+08,1.15022e+09,5.00207e+08,8.19507e+08,-1.05974e+09,0.00100249,0.000155335,2.02943e-25
0,1.86693e+09,-5.03974e+07,3.05041e+08,-8.36232e+09,2.48046e+09,1.35062e+08,-9.8919e+08,0.000916996,0.00014983,-4.59196e-23
0,2.06718e+09,-2.43379e+06,3.05048e+08,1.66566e+09,-1.28049e+09,-6.38538e+07,-9.52117e+08,0.001027,0.000151551,2.07571e-24
0,1.71415e+09,-8.32552e+07,2.92175e+08,3.54836e+09,-4.93946e+08,1.68015e+08,-7.90064e+08,0.00103187,0.000175881,1.04915e-23
0,1.96666e+09,-1.5699e+07,3.30457e+08,5.17494e+09,9.80731e+07,1.64179e+08,-6.18779e+08,0.000935529,0.000157196,8.35072e-24
0,1.98449e+09,2.24404e+07,3.12782e+08,3.00539e+09,3.42043e+08,-1.60358e+08,-1.00299e+09,0.000955575,0.000150611,2.4362e-24
0,1.89358e+09,-2.69375e+07,3.11883e+08,1.16834e+09,-1.20479e+09,1.19389e+07,-1.11692e+09,0.00106829,0.000175953,2.30757e-24
0,1.86521e+09,-2.58062e+07,2.92821e+08,3.88299e+09,-1.10075e+09,-3.46336e+08,-6.07233e+08,0.000995174,0.000156233,1.10309e-23
0,2.05636e+09,-5.55871e+06,3.42331e+08,-5.9729e+08,-4.96059e+06,-7.16e+06,-4.19336e+08,0.000964523,0.000160568,-4.11108e-27
0,1.82591e+09,-4.24613e+07,3.05995e+08,-7.78715e+08,3.26509e+08,5.60893e+08,-1.38599e+09,0.00105205,0.000176309,2.70949e-25
0,2.09795e+09,4.2601e+07,2.92134e+08,-4.39728e+09,-3.30668e+08,1.03285e+08,3.3752e+08,0.000926408,0.000129,1.79728e-24
0,1.95694e+09,-5.78007e+07,2.9686e+08,-6.84583e+09,-4.79056e+08,2.52626e+08,-1.23899e+09,0.0010849,0.000164575,-8.48268e-23
0,2.15446e+09,1.83991e+07,3.07495e+08,4.89171e+09,-1.54398e+09,2.66917e+08,-8.47371e+08,0.0010086,0.000143952,1.21524e-23
0,2.00283e+09,7.21129e+07,2.62293e+08,-9.5307e+09,-1.22393e+09,6.39596e+08,4.23254e+08,0.00108098,0.000141567,2.93129e-23
0,2.02175e+09,-604071,3.22302e+08,-2.92868e+08,-5.96707e+08,-8.97984e+07,-1.17477e+09,0.00102906,0.000164049,-7.07224e-26
0,1.88335e+09,9.06354e+06,2.99865e+08,-7.93638e+08,1.25349e+09,4.51728e+07,-1.42902e+09,0.00102197,0.000162717,-9.81375e-26
0,2.02856e+09,-3.41318e+07,3.26976e+08,-8.69202e+09,-4.46402e+08,-7.92607e+08,-7.04626e+08,0.000969913,0.000156337,-3.58387e-23
0,1.81681e+09,2.58247e+07,3.04341e+08,2.77856e+09,1.6087e+09,-2.89627e+08,-1.43996e+09,0.00100179,0.000167815,4.27467e-24
0,2.08193e+09,4.57997e+06,3.18671e+08,1.87647e+09,-6.01744e+08,-5.29452e+08,-9.15604e+08,0.00100402,0.00015368,5.89911e-25
0,1.962e+09,3.6532e+07,3.01743e+08,5.9074e+09,9.06943e+08,-5.62265e+08,-1.00155e+09,0.000954958,0.000146866,1.71956e-23
0,1.86765e+09,-4.90599e+07,2.61474e+08,-5.76731e+09,1.16488e+09,6.93969e+08,-1.04775e+09,0.00107621,0.000150671,-3.31161e-23
0,1.9183e+09,-4.50073e+07,3.17581e+08,2.36058e+08,-2.83611e+08,-4.558e+08,-9.73956e+08,0.00106793,0.000176799,-1.48106e-25
0,2.14105e+09,-2.91863e+07,3.05178e+08,-6.22001e+09,-1.62859e+09,-3.26432e+08,-9.90692e+08,0.00101408,0.000144544,-2.62838e-23
0,2.03405e+09,-6.03575e+07,2.99562e+08,-8.97393e+09,-5.9975e+08,2.95544e+08,-1.1265e+09,0.0010677,0.000157244,-1.358e-22
0,1.90029e+09,-3.98346e+07,3.13164e+08,-2.00964e+09,1.05911e+09,3.92182e+08,-1.21482e+09,0.00103296,0.000170229,-1.04174e-24
0,2.00106e+09,-1.21452e+07,3.08994e+08,-8.16617e+08,-1.33043e+09,2.37611e+08,-1.15547e+09,0.00106656,0.000164694,-4.39548e-25
0,2.07831e+09,-4.6284e+07,3.25985e+08,-9.01707e+09,4.01361e+07,-5.03826e+08,-7.25024e+08,0.000951004,0.000149166,-4.24064e-23
0,2.10888e+09,2.15638e+07,3.27151e+08,1.00574e+10,-6.20294e+08,2.9121e+08,-8.68381e+08,0.00100518,0.000155934,8.19356e-23
0,2.32848e+09,8.02133e+06,3.3239e+08,1.95817e+09,-1.02293e+09,-5.60646e+07,-2.55954e+08,0.000916009,0.00013076,3.01149e-25
0,2.27147e+09,2.49749e+07,3.13853e+08,8.67302e+09,-5.42519e+08,-3.09883e+08,-3.80407e+08,0.00097496,0.000134712,1.67415e-23
0,1.99624e+09,-1.36815e+07,3.14699e+08,8.07119e+09,-1.90619e+09,4.23403e+08,-5.87508e+08,0.000979144,0.000154358,3.50299e-23
0,2.02933e+09,-6.1463e+07,3.08596e+08,-1.15996e+10,-3.384e+08,-5.84441e+07,-1.00188e+09,0.00104351,0.000158684,-2.2273e-22
0,1.98694e+09,2.31194e+07,2.18743e+08,-2.93932e+09,-5.24211e+08,2.69727e+08,-2.01658e+08,0.00104355,0.000114884,-1.45625e-24
0,1.94686e+09,-3.19766e+07,3.06456e+08,3.04362e+08,-7.27723e+08,-2.11315e+08,-1.17342e+09,0.00102164,0.000160817,-2.14224e-25
0,1.96418e+09,-1.65111e+06,3.24611e+08,5.90539e+09,5.76513e+08,2.11284e+08,-9.45534e+08,0.000950878,0.000157147,2.18988e-23
0,1.90056e+09,3.59053e+07,3.07627e+08,2.4244e+09,5.43718e+08,-2.48513e+08,-1.37441e+09,0.00103166,0.000166986,2.4982e-24
0,1.94891e+09,-3.21968e+07,3.12879e+08,-8.49168e+08,-2.55406e+08,1.9499e+08,-1.29161e+09,0.00106403,0.00017082,2.3196e-25
0,2.33217e+09,1.76347e+06,3.43014e+08,-2.78953e+08,1.35216e+07,2.68752e+07,-2.00284e+07,0.000863579,0.000127014,-9.84755e-30
0,1.8957e+09,-1.43656e+07,2.96722e+08,6.8633e+09,7.55985e+08,5.74739e+08,-1.22745e+09,0.00100716,0.000157644,7.71514e-23
0,2.07506e+09,-4.05282e+07,3.29503e+08,-8.99848e+09,3.53115e+08,-2.22418e+08,-5.91652e+08,0.000928719,0.000147473,-3.22997e-23
0,2.16765e+09,-3.39557e+07,3.01498e+08,2.26504e+09,-5.61537e+08,2.81186e+08,-4.76799e+08,0.00103374,0.000143783,4.22416e-25
0,2.14904e+09,-3.05897e+07,3.17695e+08,-3.83214e+09,-9.74273e+08,-3.00866e+06,-7.36492e+08,0.00102242,0.000151146,-5.35608e-24
0,1.87359e+09,4.56175e+07,3.04902e+08,1.41974e+09,1.14867e+09,-5.01418e+08,-1.41506e+09,0.00101169,0.000164639,2.1711e-25
0,2.03213e+09,1.41066e+07,3.19078e+08,2.04072e+09,-7.47944e+08,2.3215e+08,-8.59333e+08,0.000997553,0.000156632,1.02719e-24
0,1.97203e+09,1.57638e+07,3.1624e+08,-9.50748e+08,-1.20189e+08,-2.46032e+08,-9.20811e+08,0.000982137,0.000157498,1.55702e-26
0,1.97723e+09,-7.18591e+06,3.13697e+08,-1.1751e+09,-1.36742e+08,-7.8709e+08,-1.13651e+09,0.00103126,0.000163614,6.34546e-25
0,1.81383e+09,-7.05366e+06,2.95187e+08,5.95814e+09,-9.58155e+08,-3.2238e+08,-1.23259e+09,0.00104991,0.000170866,7.87656e-23
0,2.17579e+09,1.58521e+07,3.02437e+08,-1.21242e+09,-1.56581e+09,-2.56559e+08,-5.89683e+08,0.000997066,0.000138593,-1.47181e-24
0,2.14495e+09,-4.50494e+07,3.1636e+08,-6.44737e+09,-4.91175e+08,5.8631e+07,-7.26818e+08,0.00100005,0.000147499,-1.76766e-23
0,1.98324e+09,4.30266e+07,3.04709e+08,1.0515e+10,8.53799e+08,2.79292e+08,-1.02696e+09,0.000974869,0.000149781,1.46226e-22
0,1.88508e+09,-5.08015e+07,3.06014e+08,9.35378e+08,1.22994e+08,-6.16444e+07,-7.49868e+08,0.0010032,0.000162854,3.95386e-26
0,1.87439e+09,7.67651e+06,2.9091e+08,-2.43775e+09,5.34532e+08,8.55631e+07,-1.31067e+09,0.00104387,0.000162011,-3.16016e-24
0,1.99077e+09,-3.73963e+07,3.19724e+08,-4.89182e+09,5.10222e+07,-7.64831e+07,-7.89928e+08,0.00102932,0.000165312,-1.33475e-23
0,1.99448e+09,-2.54124e+07,3.17709e+08,-4.61731e+09,-2.28256e+08,-2.65495e+08,-1.24051e+09,0.00102775,0.000163715,-1.58564e-23
0,1.95666e+09,6.66229e+07,2.98374e+08,1.26571e+10,1.53777e+09,-1.51463e+08,-7.9935e+08,0.000953121,0.000145343,1.62858e-22
0,1.96462e+09,4.71864e+07,3.04707e+08,1.1525e+10,7.03202e+08,-1.51677e+08,-9.56161e+08,0.000955798,0.000148242,1.5479e-22
0,2.17344e+09,-2.80605e+07,3.18981e+08,3.15343e+09,-2.33561e+09,-5.17353e+08,-3.63841e+07,0.000887291,0.000130221,3.99535e-24
0,1.91792e+09,-7.4633e+07,3.16118e+08,-1.02339e+10,1.70843e+09,4.74898e+07,-8.47425e+08,0.000933844,0.000153919,-9.31351e-23
0,1.71248e+09,-3.23509e+07,2.93914e+08,6.55404e+09,-1.64534e+09,-2.77651e+08,-1.05925e+09,0.00104707,0.00017971,1.53004e-22
0,2.01376e+09,-6.04594e+06,3.16045e+08,-4.26934e+08,-3.66369e+08,-5.9971e+08,-1.1003e+09,0.00105467,0.000165522,8.04261e-26
0,2.27417e+09,3.15061e+06,3.31024e+08,1.03392e+09,-1.4408e+09,3.149e+07,-6.99573e+08,0.00100583,0.000146407,7.83625e-25
0,1.83865e+09,1.65508e+07,3.02943e+08,6.13475e+09,1.96367e+09,-1.57029e+06,-8.70179e+08,0.00104187,0.000171661,3.86458e-23
0,1.95819e+09,-2.97903e+07,3.2282e+08,-5.36768e+09,4.49852e+08,-3.92072e+07,-6.59051e+08,0.00101726,0.000167702,-1.56008e-23
0,1.99132e+09,5.42373e+07,3.16299e+08,1.2419e+10,-6.34468e+07,3.29377e+08,-9.35201e+08,0.000980764,0.000155784,2.04875e-22
0,1.91544e+09,3.60114e+07,3.05834e+08,3.36432e+09,4.98483e+07,-3.62284e+08,-1.34273e+09,0.00103969,0.000166005,7.7216e-24
0,2.21745e+09,2.94696e+07,3.15022e+08,1.84037e+09,5.72822e+08,-3.25645e+08,-2.17363e+08,0.000894935,0.000127139,-1.23168e-26
0,1.98716e+09,-2.94388e+07,3.20557e+08,-1.5095e+07,-1.76126e+08,-1.42793e+08,-7.51941e+08,0.0010145,0.000163654,-7.33e-27
0,2.09312e+09,8.11074e+06,3.132e+08,3.31791e+09,-1.46499e+09,4.04497e+08,-1.11511e+09,0.00107051,0.000160183,9.24537e-24
0,2.18778e+09,2.19179e+07,3.17199e+08,-3.0265e+09,-7.38029e+08,2.53154e+08,2.30359e+08,0.000914987,0.000132661,3.8989e-26
0,1.85609e+09,-5.01544e+07,3.21333e+08,-7.45978e+09,1.93923e+09,5.85341e+07,-7.3873e+08,0.000904696,0.000156625,-2.62802e-23
0,2.1207e+09,-1.12117e+07,3.09517e+08,-5.28608e+09,-1.58849e+09,2.16687e+08,-1.09773e+09,0.0010313,0.000150519,-2.82577e-23
0,2.0384e+09,1.88992e+07,3.07319e+08,1.23704e+09,-1.51333e+09,-2.25467e+08,-1.12584e+09,0.00105923,0.000159695,1.8551e-24
0,2.00308e+09,5.25939e+07,3.17275e+08,1.25535e+10,-4.48771e+08,5.22893e+08,-9.54354e+08,0.00101411,0.000160628,2.33818e-22
0,2.01907e+09,-2.75081e+07,3.10592e+08,-5.98708e+09,-8.35616e+08,-1.94883e+08,-1.02521e+09,0.000989627,0.000152234,-2.44089e-23
0,2.28051e+09,1.35995e+07,3.3516e+08,2.53174e+09,-4.6249e+08,4.98893e+07,-2.31599e+08,0.000890586,0.000130887,1.51561e-25
0,2.33411e+09,-5849.14,3.45107e+08,-2.26491e+07,-2.03452e+07,-806441,-9.31402e+06,0.000856589,0.00012665,-1.99471e-32
0,2.01213e+09,-4.11835e+07,3.18035e+08,-8.79321e+09,3.91482e+08,7.565e+07,-6.68235e+08,0.000931019,0.000147156,-3.78791e-23
0,1.97399e+09,-4.35559e+07,3.00651e+08,-2.49533e+09,7.04765e+08,-4.27372e+07,-1.12849e+09,0.00102401,0.000155963,-2.54652e-24
0,2.24796e+09,6.73239e+06,3.38078e+08,3.53343e+09,-1.64892e+08,1.56204e+08,-3.95243e+07,0.000895369,0.000134658,2.91628e-26
0,2.31227e+09,1.21068e+07,3.31744e+08,2.87041e+09,-8.69795e+08,-4.94391e+07,-2.71292e+08,0.000914441,0.000131196,4.93617e-25
0,2.02805e+09,-9.06499e+07,2.91603e+08,-1.02149e+10,5.66587e+08,7.68799e+08,-1.01386e+09,0.000975095,0.000140204,-9.6867e-23
0,1.83271e+09,-3.17974e+07,2.89333e+08,9.90763e+09,-1.30467e+09,3.91338e+07,-9.62635e+08,0.00114873,0.000181352,3.89163e-22
0,1.90998e+09,-6.89915e+06,3.07243e+08,-5.86532e+08,6.3429e+07,1.20314e+08,-1.07607e+09,0.00101155,0.00016272,8.5258e-26
0,2.12051e+09,3.33228e+07,3.19537e+08,1.10403e+10,-1.41225e+09,4.50512e+08,-8.63828e+08,0.00107081,0.000161359,1.34825e-22
0,2.1135e+09,-4.40129e+07,3.04318e+08,-8.98062e+09,-1.23621e+09,-1.36891e+08,-1.07493e+09,0.00101756,0.000146516,-8.33572e-23
0,2.07505e+09,3.2764e+07,3.09479e+08,2.83965e+09,-1.35329e+09,1.0764e+08,-1.17855e+09,0.00106543,0.000158901,7.66305e-24
0,2.05621e+09,-3.71189e+06,3.42395e+08,6.08961e+08,-2.59125e+06,6.99793e+07,-4.1488e+08,0.000964331,0.000160578,4.17961e-27
0,1.9808e+09,-1.93187e+07,3.13916e+08,2.68198e+09,9.86287e+08,-3.01085e+07,-5.85763e+08,0.00103549,0.000164104,1.49654e-24
0,2.00038e+09,-3.56477e+07,3.15068e+08,-9.7543e+09,5.50936e+08,2.00564e+08,-1.76745e+08,0.000943409,0.00014859,-1.23069e-23
0,2.07105e+09,4.62291e+07,3.03909e+08,7.4514e+09,-1.42748e+09,2.93414e+08,-1.08216e+09,0.00104595,0.000153484,6.06262e-23
0,2.06828e+09,-4.40794e+07,3.27081e+08,-7.11822e+09,-1.19964e+09,-5.47268e+08,-4.56705e+08,0.000963765,0.000152411,-7.84365e-24
0,1.7625e+09,3.50361e+07,2.8896e+08,-6.25784e+09,-1.93853e+09,-6.55113e+07,-9.41809e+08,0.00109788,0.000179997,-1.39194e-22
0,1.8484e+09,-1.00002e+07,3.05331e+08,2.52477e+08,1.06016e+09,1.55282e+08,-1.12921e+09,0.00100226,0.000165559,1.21759e-26
0,2.2165e+09,1.11092e+07,3.36825e+08,2.51533e+09,-3.38536e+08,2.79911e+08,-2.21203e+08,0.000897142,0.000136332,6.9826e-26
0,2.18242e+09,1.78709e+07,3.17151e+08,6.1793e+09,-2.09845e+09,2.07369e+08,-9.42115e+08,0.00109671,0.000159374,4.69494e-23
0,2.08839e+09,-1.48855e+07,3.26802e+08,-1.96375e+09,1.37781e+08,-3.40501e+08,-5.1364e+08,0.00101139,0.000158267,-4.26965e-25
0,1.98018e+09,-2.95123e+07,2.99159e+08,5.72517e+09,-1.05435e+09,-3.17341e+07,-6.71988e+08,0.00119558,0.000180625,4.92846e-23
0,1.72622e+09,4.76618e+07,2.57447e+08,4.69745e+09,9.74294e+08,-5.39621e+08,-1.0003e+09,0.00100421,0.000149766,1.93527e-23
0,2.05566e+09,4.09719e+07,2.93237e+08,3.40354e+09,-1.03458e+09,3.00614e+07,-1.0533e+09,0.00103021,0.000146957,7.06834e-24
0,1.9123e+09,-9.42953e+06,3.13593e+08,-5.57322e+09,-2.50736e+08,-1.88371e+07,-1.28457e+09,0.00105209,0.00017253,-4.2677e-23
0,1.89465e+09,8.57689e+06,3.07484e+08,2.73689e+09,-1.01924e+09,5.97971e+07,-1.35364e+09,0.001072,0.000173975,8.78221e-24
0,1.99302e+09,-2.28014e+07,3.23231e+08,-1.43275e+09,-1.07121e+09,-3.13051e+08,-7.97308e+08,0.000985668,0.000159857,-1.08109e-24
0,1.70162e+09,2.49024e+07,2.86944e+08,-4.35568e+09,-2.17267e+09,2.15821e+08,-1.04523e+09,0.00104752,0.000176642,-8.63366e-23
0,2.11604e+09,-2.36549e+07,3.13481e+08,-6.06311e+09,-1.2499e+09,-1.58789e+08,-9.2748e+08,0.000996479,0.000147623,-2.14231e-23
0,2.31528e+09,1.63998e+07,3.22368e+08,3.39404e+09,-1.56137e+09,-1.54942e+08,-3.90802e+08,0.000949976,0.00013227,2.5757e-24
0,2.29506e+09,997111,3.26669e+08,5.71097e+07,1.18671e+08,2.2643e+07,2.13559e+07,0.000887312,0.000126296,-1.21018e-29
0,2.0797e+09,2.77979e+07,3.14107e+08,8.71999e+09,-1.72835e+08,2.91628e+08,-9.94058e+08,0.000992453,0.000149895,6.30663e-23
0,2.11279e+09,2.67269e+06,3.18726e+08,9.63604e+07,-1.87714e+09,2.28937e+08,-9.34394e+08,0.0011031,0.000166409,1.88815e-24
0,1.90353e+09,8.10482e+07,2.93842e+08,-5.81936e+09,-2.3263e+09,-7.04981e+08,-6.54103e+08,0.00104675,0.000161584,-3.29326e-23
0,2.09109e+09,5.93564e+07,2.89336e+08,-8.30879e+09,-8.47644e+08,2.94634e+07,1.2459e+08,0.000992937,0.000137389,5.64507e-24
0,1.96941e+09,-8.39072e+06,3.00415e+08,-1.60615e+08,-4.64877e+08,3.88781e+08,-1.34738e+09,0.00105013,0.000160188,3.28813e-25
0,1.85541e+09,2.26177e+07,2.798e+08,6.29484e+09,1.09763e+09,-7.89831e+07,-1.1326e+09,0.000983037,0.000148244,4.5474e-23
0,1.8987e+09,3.41553e+07,3.12689e+08,8.04664e+09,1.22877e+09,-6.06486e+07,-9.91666e+08,0.000935993,0.000154145,5.83158e-23
0,2.0631e+09,6.02485e+06,3.05114e+08,7.44939e+09,-1.5206e+08,6.4104e+08,-8.92064e+08,0.000986062,0.000145829,3.3572e-23
0,1.95768e+09,2.41197e+07,2.98654e+08,4.50008e+09,-1.49157e+08,-2.1839e+08,-1.12956e+09,0.00102631,0.000156569,1.5483e-23
0,2.07912e+09,3.94686e+07,3.19779e+08,7.55817e+09,-5.3631e+08,4.61619e+08,-9.63142e+08,0.00100878,0.000155155,3.94481e-23
0,2.11578e+09,3.50611e+07,3.33118e+08,7.85852e+09,2.04953e+08,4.73819e+08,-6.79782e+08,0.000939191,0.00014787,2.37429e-23
0,1.84293e+09,-1.5153e+07,3.31626e+08,1.40792e+09,7.65371e+08,2.04911e+08,-7.92902e+08,0.000961237,0.000172969,5.06391e-25
0,2.01936e+09,-4.5909e+07,2.99304e+08,1.73322e+09,-4.12856e+08,9.17806e+08,2.52035e+08,0.000962376,0.000142641,-7.60143e-25
0,1.95773e+09,1.45182e+06,2.99194e+08,-1.30642e+09,-1.25153e+09,4.31768e+08,-1.33933e+09,0.00108778,0.000166242,-5.90388e-25
0,1.82814e+09,-1.31026e+07,3.07054e+08,-3.96218e+09,-4.9188e+07,4.70679e+07,-1.40543e+09,0.00103399,0.000173669,-1.77157e-23
0,1.88923e+09,-3.73738e+07,3.19006e+08,-4.39289e+09,5.19997e+08,-5.69021e+07,-1.08827e+09,0.0010154,0.000171456,-1.63108e-23
0,1.97906e+09,-6.10572e+07,3.09002e+08,-5.11129e+09,-9.23881e+08,-7.06566e+08,-2.3238e+08,0.000973068,0.000151931,2.7058e-24
0,1.87089e+09,-4.79505e+06,3.12705e+08,2.62498e+09,8.5762e+08,4.36246e+08,-1.02084e+09,0.000975399,0.00016303,4.1695e-24
0,1.86844e+09,-3.90594e+07,2.98049e+08,-1.81339e+09,2.73914e+07,5.91579e+08,-1.30399e+09,0.00103607,0.000165271,-3.82547e-25
0,2.25911e+09,4.6125e+07,3.08888e+08,-3.42143e+09,3.99994e+08,2.47173e+08,1.65903e+08,0.000956184,0.000130739,5.50627e-25
0,1.92848e+09,5.47948e+07,3.05253e+08,1.10539e+10,1.12909e+09,-1.87711e+08,-9.74046e+08,0.000950719,0.000150486,1.44265e-22
0,1.81998e+09,3.42073e+07,2.99943e+08,-2.83457e+09,-2.29353e+09,-2.12519e+08,-9.53172e+08,0.00105556,0.000173962,-3.45825e-23
0,1.66795e+09,-5.91914e+07,2.59593e+08,-4.76001e+08,-7.06375e+08,1.89279e+08,-1.2837e+09,0.00102326,0.000159257,4.24816e-25
0,1.98771e+09,-1.59735e+07,3.28936e+08,-5.19811e+09,-1.03447e+09,-4.89887e+08,3.94518e+06,0.000974128,0.000161204,4.1464e-24
0,1.86918e+09,-3.50674e+07,3.17284e+08,-3.07602e+09,8.49061e+08,6.34418e+07,-1.15278e+09,0.000994095,0.000168743,-5.31832e-24
0,1.84013e+09,1.02723e+07,2.86878e+08,1.13316e+10,2.91084e+08,-1.28965e+08,3.49227e+08,0.000957331,0.000149248,-7.97476e-23
0,2.10197e+09,3.74011e+07,3.25227e+08,1.07573e+10,-4.39139e+08,3.98436e+08,-6.66568e+08,0.00102573,0.000158706,8.46052e-23
0,1.77773e+09,-5.58197e+07,3.11944e+08,4.16149e+09,-7.62253e+08,2.6126e+08,-4.54439e+08,0.000961516,0.00016872,5.20952e-24
0,2.07657e+09,3.33086e+07,2.78477e+08,-6.4516e+09,-4.18556e+08,1.33808e+08,4.19283e+08,0.000976324,0.00013093,9.71747e-24
0,2.06516e+09,-2.49632e+07,2.84279e+08,-4.01366e+09,5.13662e+08,5.12147e+08,-6.08111e+06,0.00089066,0.000122603,6.06732e-25
0,1.83649e+09,-2.44686e+07,3.19979e+08,-1.57462e+09,1.29194e+09,2.66448e+08,-1.05744e+09,0.00098027,0.000170797,-3.09902e-25
0,1.89964e+09,5.92947e+06,3.06619e+08,5.37816e+09,9.14996e+08,2.92478e+08,-1.34463e+09,0.000980167,0.000158208,3.36118e-23
0,2.0082e+09,2.15598e+07,3.13608e+08,1.67316e+09,-7.34366e+08,3.13651e+08,-1.25218e+09,0.00105475,0.000164714,1.05494e-24
0,1.68629e+09,1.35778e+07,2.8231e+08,3.51356e+09,1.51027e+08,3.78902e+08,-4.50612e+08,0.00114407,0.000191535,1.21688e-23
0,2.0672e+09,1.70864e+06,3.20964e+08,-4.46055e+09,-1.52042e+09,-7.44688e+08,-6.80033e+08,0.000988814,0.000153528,-3.01975e-24
0,1.90806e+09,-8.19545e+06,2.95958e+08,-1.80024e+09,-5.80002e+08,5.41871e+08,-1.43067e+09,0.00106498,0.000165188,-4.86406e-25
0,1.89332e+09,1.21113e+07,2.91663e+08,5.85185e+09,1.59074e+09,3.4572e+08,-1.0186e+09,0.00094607,0.000145741,3.19855e-23
0,1.97123e+09,3.60742e+07,3.18115e+08,7.97995e+09,1.18977e+09,3.12818e+08,-7.81878e+08,0.000924549,0.000149203,4.24738e-23
0,2.13486e+09,1.28705e+07,3.36675e+08,4.28721e+09,-6.41221e+08,4.87776e+08,-6.19008e+08,0.000998891,0.000157529,2.81243e-24
0,1.91398e+09,-2.14813e+06,2.92645e+08,2.0076e+09,-4.22562e+08,1.12314e+08,-1.37268e+09,0.00104716,0.000160109,1.45187e-24
0,1.8245e+09,-3.38709e+07,3.15811e+08,-1.64926e+09,7.83155e+08,3.0871e+08,-1.11138e+09,0.00101502,0.000175694,-6.024e-25
0,2.00449e+09,-5.49629e+07,3.03462e+08,-3.30925e+09,2.98517e+08,3.41065e+08,-1.19227e+09,0.00101983,0.000154393,-4.73825e-24
0,2.1074e+09,7.79112e+06,2.98169e+08,1.22059e+09,-2.22194e+09,3.26313e+08,-9.65112e+08,0.0010581,0.000149707,7.82758e-24
0,2.20359e+09,2.37824e+07,3.29106e+08,4.76874e+09,1.12864e+08,-2.40264e+08,-3.89893e+08,0.000924373,0.000138055,2.08261e-24
0,1.8147e+09,-3.87319e+07,2.93035e+08,-2.76156e+09,1.14698e+09,6.98297e+08,-1.4952e+09,0.0010327,0.00016676,-3.64331e-24
0,2.11754e+09,4.72198e+06,3.34402e+08,3.7951e+09,-8.82112e+08,3.92723e+08,-6.96165e+08,0.00102903,0.000162504,3.38261e-24
0,1.89535e+09,-3.92179e+07,2.90989e+08,-1.94495e+09,2.02708e+08,5.77375e+08,-1.323e+09,0.00102918,0.000158007,-6.1078e-25
0,1.99535e+09,-5.82997e+07,3.01551e+08,-2.96253e+09,-1.02498e+09,-9.3352e+06,-1.04152e+09,0.00103573,0.000156526,-5.98481e-24
0,2.17259e+09,6.30055e+06,3.12536e+08,3.41779e+09,-4.49654e+08,-2.46788e+08,-6.01652e+08,0.000950581,0.000136745,1.78091e-24
0,2.09576e+09,4.47826e+07,3.19253e+08,9.56165e+09,6.42138e+07,2.45785e+08,-7.4556e+08,0.000962813,0.000146668,5.32974e-23
0,1.72157e+09,3.31454e+07,2.29403e+08,2.53333e+09,9.13197e+08,-2.81092e+08,-1.36309e+09,0.00110006,0.000146585,6.82521e-24
0,2.17499e+09,3.17916e+07,3.08455e+08,3.84535e+09,-2.04526e+09,-5.6105e+07,-2.2229e+08,0.000958165,0.000135886,6.12512e-24
0,2.16061e+09,-3.62771e+07,3.17013e+08,-8.04758e+09,-1.08269e+09,-1.88845e+07,-8.30517e+08,0.00101991,0.000149645,-4.39144e-23
0,1.98352e+09,1.46973e+07,3.23901e+08,5.9649e+09,1.12921e+09,3.43875e+08,-8.87571e+08,0.00091684,0.000149716,1.95487e-23
0,2.16127e+09,2.34343e+07,3.26659e+08,3.65232e+09,2.73296e+08,-8.02865e+07,-5.2391e+08,0.000922997,0.000139504,1.38688e-24
0,2.00401e+09,2.55146e+07,3.10977e+08,2.18238e+09,-9.8602e+08,1.4884e+08,-1.15038e+09,0.00105522,0.000163746,3.17087e-24
0,1.85231e+09,-2.63234e+07,3.12994e+08,5.10722e+08,1.14131e+09,4.37162e+08,-1.16629e+09,0.00100898,0.000170493,1.84503e-25
0,1.91551e+09,9.84682e+06,3.32685e+08,2.30221e+09,2.69388e+08,1.15328e+08,-8.49803e+08,0.000998453,0.000173411,1.4968e-24
0,2.01327e+09,-2.78074e+07,2.94332e+08,5.14731e+09,-6.59446e+08,-3.79344e+08,-4.5898e+08,0.000937286,0.000137027,7.28561e-24
0,1.99764e+09,-3.17283e+07,3.10197e+08,8.53163e+09,1.10673e+09,2.07216e+08,-4.50944e+08,0.00107847,0.000167468,5.90725e-23
0,2.04047e+09,2.405e+07,2.91845e+08,5.9713e+09,-2.24034e+09,-2.70616e+07,-1.01329e+09,0.00103072,0.000147422,5.78088e-23
0,2.0618e+09,-6.39605e+06,3.42567e+08,-9.71604e+08,1.61876e+07,-3.98508e+07,-3.92098e+08,0.000958716,0.00015929,-2.61899e-26
0,2.1633e+09,3.1392e+07,3.21771e+08,7.75905e+09,-9.60552e+08,2.86e+08,-6.97891e+08,0.00100144,0.000148954,2.54815e-23
0,1.97084e+09,-3.21896e+07,3.11912e+08,-1.88044e+09,-6.67982e+08,3.77542e+08,-1.12273e+09,0.00103975,0.000164555,-1.18553e-24
0,1.94737e+09,1.48127e+07,2.99321e+08,8.48075e+09,9.69192e+08,3.37771e+08,-1.11807e+09,0.000976876,0.000150151,9.58597e-23
0,2.09424e+09,-5.43027e+07,3.15092e+08,-9.51038e+09,-1.78563e+08,-4.62556e+07,-8.76012e+08,0.000985116,0.000148217,-6.87006e-23
0,2.1051e+09,-3.67411e+07,3.26987e+08,-7.46648e+09,-3.05747e+08,-4.36666e+08,-8.47654e+08,0.000995473,0.000154628,-3.04804e-23
0,2.15511e+09,3.88925e+07,3.25696e+08,3.86958e+09,1.35281e+08,-2.87372e+07,-5.32646e+08,0.000934332,0.000141203,1.84999e-24
0,2.00786e+09,1.24768e+07,3.3072e+08,2.36419e+09,-3.01356e+08,-3.67853e+06,-9.25594e+08,0.00101929,0.000167889,1.49628e-24
0,2.06051e+09,-1.228e+07,3.30213e+08,-2.88873e+09,-5.2668e+08,-4.84443e+07,-9.05792e+08,0.000998595,0.000160033,-2.37272e-24
0,1.81399e+09,-2.6587e+07,2.79637e+08,1.11006e+09,1.17584e+09,5.64581e+08,-1.45271e+09,0.00103896,0.000160162,1.24033e-24
0,1.88174e+09,5.87241e+07,2.98241e+08,2.25874e+08,-5.91123e+08,-3.79643e+08,-1.12118e+09,0.0010439,0.000165449,-3.97512e-25
0,1.95955e+09,-2.43697e+07,2.98981e+08,-3.63214e+08,-9.72736e+08,3.73217e+08,-1.27572e+09,0.001079,0.00016463,8.65825e-25
0,2.04897e+09,1.99883e+07,3.1468e+08,9.24145e+08,-9.00538e+08,2.09652e+08,-1.29571e+09,0.00104216,0.000160055,6.94096e-25
0,1.77143e+09,2.801e+07,2.93537e+08,-7.51569e+09,-1.34396e+09,3.58738e+07,-9.20425e+08,0.00104671,0.000173447,-1.34319e-22
0,1.99699e+09,-1.13055e+06,3.25726e+08,-2.23145e+09,-3.27346e+08,2.12062e+08,-1.12073e+09,0.00102803,0.000167681,-1.49947e-24
0,1.96626e+09,-1.3201e+07,3.13822e+08,2.15235e+09,1.89256e+09,3.3861e+08,-7.89443e+08,0.000911386,0.00014546,4.13675e-25
0,1.95846e+09,-6.22284e+07,3.16507e+08,-8.87164e+09,1.15173e+09,-4.00952e+07,-8.66487e+08,0.000938699,0.000151703,-6.20967e-23
0,2.05331e+09,6.06654e+07,2.96626e+08,7.05035e+09,-5.48547e+08,-1.47307e+08,-1.05967e+09,0.00101313,0.000146358,4.47432e-23
0,1.88729e+09,-4.46026e+07,2.92565e+08,-3.31526e+09,1.03904e+08,6.92519e+08,-1.23576e+09,0.00102475,0.000158856,-6.15727e-24
0,1.85728e+09,-8.392e+07,3.02043e+08,-1.2315e+09,-9.83363e+08,-1.4334e+08,-6.08027e+08,0.000993144,0.000161511,-9.7843e-25
0,1.60892e+09,-2.85803e+07,2.71596e+08,1.01365e+10,1.03373e+09,-1.90679e+08,-7.79271e+08,0.00109723,0.00018522,4.42788e-22
0,1.88117e+09,-8.2997e+06,2.88592e+08,8.58548e+08,2.77103e+08,2.66252e+08,-1.56131e+09,0.00104303,0.000160012,-5.10668e-25
0,1.98334e+09,-2.32066e+07,3.08685e+08,-8.94498e+08,1.22566e+07,1.55465e+08,-1.27964e+09,0.00103067,0.000160413,1.55423e-25
0,2.1339e+09,6.33362e+07,3.15232e+08,8.64879e+09,5.08327e+08,-2.32519e+08,-6.08245e+08,0.000931922,0.000137669,2.33473e-23
0,1.96152e+09,-1.96433e+07,2.82679e+08,-6.73521e+08,-6.48253e+08,1.62263e+08,-1.34628e+09,0.00103811,0.000149604,1.58604e-25
0,1.90988e+09,2.57084e+07,3.26622e+08,1.79245e+09,6.013e+08,-1.42542e+08,-9.59515e+08,0.00100891,0.000172541,7.01361e-25
0,1.97927e+09,-5.22738e+07,3.03027e+08,-3.00595e+09,-3.37144e+08,3.11127e+08,-1.13073e+09,0.00106973,0.000163776,-5.24682e-24
0,1.69336e+09,2.37011e+07,2.28147e+08,4.1751e+09,9.20805e+08,1.47321e+08,-1.52194e+09,0.00114471,0.000154228,6.36509e-23
0,1.94719e+09,-9.75575e+06,3.10917e+08,-9.95504e+08,1.13399e+08,1.81699e+07,-1.31519e+09,0.00101312,0.000161769,1.39983e-25
0,2.10384e+09,2.75956e+07,3.31922e+08,4.12372e+09,-1.65522e+08,4.16174e+08,-7.70527e+08,0.000984046,0.000155252,4.17347e-24
0,1.87236e+09,2.70333e+06,3.01676e+08,7.20586e+08,1.16809e+09,4.02282e+08,-1.42063e+09,0.00101851,0.000164102,2.59943e-25
0,2.04582e+09,2.86252e+07,2.51496e+08,-2.85287e+09,5.30538e+08,1.74967e+08,6.15596e+08,0.00106328,0.00013071,2.6454e-24
0,1.91509e+09,-4.96425e+07,3.15629e+08,-3.29771e+09,4.77678e+08,4.93041e+08,-1.03012e+09,0.00101214,0.000166811,-4.51444e-24
0,1.99918e+09,-6.60723e+07,3.00747e+08,-6.32924e+09,-1.9044e+08,-5.05877e+08,-7.3909e+08,0.000938648,0.000141206,-1.53692e-23
0,1.95604e+09,-4.57031e+07,2.9519e+08,-2.75014e+09,3.19066e+08,9.80013e+08,-1.13577e+09,0.00101629,0.00015337,-1.6954e-24
0,2.09381e+09,3.27114e+06,3.21246e+08,7.71279e+08,-9.9429e+08,3.08138e+08,-7.42403e+08,0.00104114,0.000159739,5.75673e-25
0,2.07603e+09,5.83276e+06,3.4051e+08,-7.85328e+09,4.57276e+08,-7.4874e+08,-6.62723e+07,0.000941371,0.000154403,-8.11576e-24
0,2.22501e+09,6.04346e+07,3.06805e+08,-1.39966e+09,-8.5075e+08,-7.57592e+07,-8.29051e+07,0.00100221,0.000138194,-1.44454e-25
0,1.92468e+09,-4.2561e+07,2.90586e+08,9.37691e+08,-1.19276e+09,2.41259e+08,-1.14024e+09,0.00110423,0.000166715,2.62956e-24
0,2.12416e+09,2.37157e+07,3.18324e+08,5.52064e+09,-1.72606e+09,2.84211e+08,-9.46083e+08,0.00108121,0.000162029,2.97369e-23
0,1.80855e+09,-5.17212e+07,3.15304e+08,2.60373e+09,3.32552e+08,3.39237e+07,-2.87165e+08,0.000987198,0.000172109,1.02666e-24
0,2.09161e+09,-4.89777e+07,3.08188e+08,-5.61989e+09,-6.81257e+08,2.86109e+08,-9.77704e+08,0.0010578,0.000155861,-2.55687e-23
0,2.10507e+09,-2.19168e+07,3.27692e+08,-5.72111e+09,-7.52242e+08,-4.08795e+08,-9.2873e+08,0.00102614,0.000159738,-1.6335e-23
0,2.00253e+09,3.87095e+06,3.36577e+08,-6.99617e+09,-4.33314e+07,-4.17243e+08,1.00143e+08,0.000920505,0.000154715,3.0282e-24
0,1.85822e+09,6.56051e+07,3.01464e+08,3.96146e+09,1.36088e+09,-6.99923e+08,-1.29987e+09,0.00102344,0.000166036,8.85622e-24
0,1.87156e+09,-5.51276e+07,2.94814e+08,-7.99373e+08,-5.87612e+07,3.5795e+08,-1.12844e+09,0.00109208,0.000172028,2.38781e-25
0,1.89659e+09,-7.57349e+06,3.30513e+08,-2.21957e+09,1.12997e+08,-7.69771e+07,-1.02327e+09,0.00102222,0.000178139,-1.63128e-24
0,2.03573e+09,-1.00177e+07,2.97683e+08,-1.22655e+09,-1.27683e+09,-4.69867e+08,-1.15094e+09,0.00105493,0.000154261,-2.46928e-24
0,1.97711e+09,3.26753e+06,3.18984e+08,-4.42902e+08,8.10548e+08,-2.96078e+08,-1.05523e+09,0.00097542,0.000157373,-2.25744e-26
0,1.87746e+09,-2.0624e+07,2.97879e+08,1.31396e+09,-3.13417e+08,2.42953e+08,-1.42334e+09,0.00106185,0.000168474,-3.81035e-26
0,2.1415e+09,6.2822e+06,3.2061e+08,1.04896e+09,-1.90139e+09,1.02651e+08,-8.64433e+08,0.0010996,0.000164624,4.03303e-24
0,1.84325e+09,2.18569e+07,3.04723e+08,1.73241e+09,1.64942e+09,-4.12306e+08,-1.43038e+09,0.00100468,0.000166092,4.85544e-25
0,2.14601e+09,2.89465e+07,3.26695e+08,3.93882e+09,-4.5008e+08,1.08821e+08,-6.39009e+08,0.00097425,0.000148314,2.92687e-24
0,1.9564e+09,6.48052e+07,3.03588e+08,-1.16842e+09,-9.03495e+08,-2.50475e+08,-8.27085e+08,0.00102003,0.000158284,-8.02418e-25
0,2.07922e+09,-2.81671e+07,3.31357e+08,-7.55479e+09,-3.06648e+08,-6.08553e+08,-8.00027e+08,0.00100242,0.000159752,-3.12072e-23
0,2.20447e+09,3.06748e+07,3.33798e+08,4.67988e+09,3.44694e+08,1.1665e+08,-4.22675e+08,0.000915989,0.000138698,2.27818e-24
0,1.89427e+09,-3.23784e+06,3.11902e+08,-1.30137e+09,6.56447e+08,-1.50267e+08,-1.37137e+09,0.00102718,0.000169131,-2.9615e-25
0,1.89377e+09,-1.62677e+07,3.27024e+08,-1.47618e+09,2.57603e+08,-1.63219e+08,-1.15976e+09,0.00101401,0.000175104,-3.1825e-25
0,2.03393e+09,8.88552e+07,3.09494e+08,9.69188e+09,1.58302e+09,-3.31665e+08,-8.11203e+08,0.0009352,0.000142305,4.73455e-23
0,1.97016e+09,-1.57899e+07,3.10725e+08,-2.51629e+09,-4.55325e+08,1.78759e+07,-1.16815e+09,0.00100615,0.000158686,-2.36073e-24
0,2.03053e+09,405249,3.23517e+08,5.41068e+07,3.76364e+08,-4.15471e+08,-8.90832e+08,0.000981843,0.000156433,1.50487e-26
0,2.07294e+09,-3.88944e+07,3.08369e+08,-5.80803e+09,-1.14502e+09,-9.00901e+07,-9.89148e+08,0.00105558,0.000157028,-2.99545e-23
0,1.93191e+09,-2.48773e+07,3.05168e+08,9.61739e+08,-6.1598e+08,2.16562e+08,-1.24671e+09,0.00107249,0.000169412,3.58257e-25
0,1.72196e+09,1.7423e+07,2.2804e+08,1.55434e+08,-5.01907e+08,-3.30066e+08,-1.59991e+09,0.00117451,0.000155541,-1.50577e-24
0,2.00221e+09,-2.02336e+07,3.14213e+08,-1.93872e+09,-1.34813e+08,4.00289e+08,-1.21027e+09,0.000997787,0.000156586,-5.70123e-25
0,1.81894e+09,-9.57576e+06,2.94919e+08,-3.14231e+08,2.13669e+09,-6.53523e+07,-1.29843e+09,0.000990506,0.000160599,2.73887e-25
0,1.99082e+09,8.51027e+06,3.13731e+08,-9.59944e+08,-1.59869e+08,1.28595e+08,-1.25589e+09,0.00100469,0.000158327,1.08119e-25
0,2.14899e+09,5.2848e+06,3.17189e+08,-3.92007e+09,-1.59687e+09,-1.47157e+06,2.8484e+08,0.000881006,0.000130035,-2.8806e-25
0,1.95155e+09,1.04901e+07,3.02212e+08,-9.67035e+08,5.34953e+08,-8.49833e+08,-1.15277e+09,0.0010174,0.000157551,-5.74837e-26
0,1.96514e+09,-1.888e+07,3.12995e+08,6.5865e+09,1.21156e+09,9.24655e+08,-1.00478e+09,0.000960597,0.000152998,5.10214e-23
0,1.88706e+09,-1.35677e+06,2.82038e+08,-1.24174e+10,-2.1052e+09,-3.82358e+08,-9.30656e+08,0.00110568,0.000165254,-4.91338e-22
0,1.99734e+09,-3.60452e+07,3.2819e+08,-7.52611e+09,3.28658e+08,-3.86168e+08,-8.90033e+08,0.000963708,0.00015835,-4.14594e-23
0,2.04296e+09,3.4662e+07,3.17946e+08,3.64483e+09,-5.67625e+08,1.18352e+08,-5.67144e+08,0.00101103,0.000157347,3.25868e-24
0,1.97418e+09,-6.34923e+07,3.15371e+08,-7.80975e+09,7.1591e+08,-8.54906e+07,-9.60079e+08,0.000992767,0.000158593,-6.01341e-23
0,2.09959e+09,5.89222e+07,3.22201e+08,4.40901e+09,1.30627e+09,-1.71904e+08,-6.10538e+08,0.00091464,0.000140359,2.09903e-24
0,1.9058e+09,-3.82796e+07,2.91465e+08,-1.72327e+09,8.07566e+08,4.96065e+08,-1.15172e+09,0.00108866,0.000166495,-6.02785e-25
0,1.93934e+09,2.46697e+07,2.69524e+08,1.22574e+10,-3.49538e+08,1.27e+08,4.28816e+08,0.00112014,0.000155673,-2.08217e-22
0,1.95434e+09,-1.30052e+07,3.32381e+08,-1.16775e+09,1.80974e+08,-1.74653e+08,-9.44704e+08,0.00101519,0.000172657,-9.36254e-26
0,2.06496e+09,-3.96626e+06,3.4275e+08,7.85539e+08,1.42142e+07,9.32727e+07,-3.74445e+08,0.000956814,0.000158815,1.1509e-26
0,1.9444e+09,-1.81829e+07,3.07818e+08,-5.0175e+09,-9.18014e+08,1.13076e+08,-1.30326e+09,0.00105421,0.000166892,-3.43919e-23
0,2.10307e+09,4.01843e+07,2.78188e+08,-7.59486e+09,8.95711e+08,6.23502e+08,4.08908e+08,0.00101271,0.000133958,2.81857e-23
0,2.12152e+09,2.7773e+07,2.87245e+08,-6.08275e+09,-5.52769e+08,-2.03608e+07,2.8921e+08,0.000968516,0.000131133,5.21531e-24
0,2.21133e+09,-2.65232e+07,3.09824e+08,-4.2667e+09,-2.25762e+09,-3.74194e+08,-5.75032e+08,0.000987682,0.000138382,-1.02544e-23
0,1.8308e+09,2.48809e+07,2.9175e+08,2.73648e+09,9.50043e+08,-4.68903e+08,-1.57296e+09,0.001038,0.000165412,4.61101e-24
0,1.91884e+09,-1.11069e+08,2.98648e+08,-7.88056e+09,-4.84661e+08,-3.48245e+08,-7.36328e+08,0.00095954,0.000149343,-4.09507e-23
0,1.97672e+09,1.73296e+07,3.11577e+08,-6.66009e+09,5.57978e+08,1.2602e+08,7.43593e+07,0.000943788,0.000148763,3.33853e-24
0,1.84375e+09,4.5063e+07,2.95421e+08,5.80316e+09,1.58403e+08,-6.83817e+08,-1.32001e+09,0.00107043,0.000171512,5.99363e-23
0,1.99737e+09,-7.08873e+06,2.88272e+08,-1.97155e+09,-2.44331e+08,-6.21422e+07,-1.34442e+09,0.00103991,0.000150085,-9.08832e-25
0,1.87028e+09,3.21442e+07,3.08879e+08,1.83873e+09,8.90892e+08,-3.66739e+08,-1.29966e+09,0.000993557,0.000164087,7.33921e-25
0,2.022e+09,1.59299e+07,3.07502e+08,-1.24043e+09,-1.38842e+08,-9.19056e+08,-9.78141e+08,0.00102401,0.00015573,6.81986e-25
0,1.97073e+09,-2.42301e+07,3.31979e+08,-6.47253e+09,5.41703e+08,-2.27782e+08,-7.69489e+08,0.000946368,0.000159421,-2.28643e-23
0,2.01527e+09,-6.5851e+07,3.16152e+08,-7.48091e+09,9.81306e+08,2.63758e+07,-8.59906e+08,0.000967894,0.000151841,-3.63255e-23
0,2.01116e+09,1.19394e+07,3.18979e+08,1.29147e+09,-3.9582e+08,2.37505e+08,-8.69079e+08,0.000975533,0.000154724,1.38633e-25
0,2.0927e+09,-2.33395e+07,2.97054e+08,-2.25909e+09,5.33024e+08,-6.14302e+07,-4.84411e+08,0.000986291,0.000140001,-5.66705e-25
0,1.95105e+09,-2.18207e+07,3.20451e+08,-2.34894e+09,2.36104e+08,3.6347e+08,-9.42041e+08,0.000996302,0.000163638,-1.23342e-24
0,2.29303e+09,2.69659e+07,3.13207e+08,4.07031e+09,-1.72557e+09,-1.66805e+08,-3.82526e+08,0.000953178,0.000130195,4.49272e-24
0,2.05868e+09,9.90293e+06,3.13437e+08,2.40039e+08,-8.53005e+08,-6.93243e+08,-1.09065e+09,0.00104656,0.000159341,-7.35446e-25
0,1.91804e+09,-2.41509e+07,3.01896e+08,-1.44694e+09,-4.78306e+08,4.33848e+08,-1.38439e+09,0.00104761,0.000164893,7.38488e-26
0,1.84603e+09,5.0824e+07,3.06593e+08,3.18957e+09,1.24925e+09,-4.09007e+08,-1.27278e+09,0.000999921,0.000166069,5.14389e-24
0,2.05598e+09,-4.64663e+07,2.78952e+08,3.38522e+09,-9.36719e+08,-2.85772e+08,3.68568e+08,0.000921682,0.000125052,-2.97233e-25
0,2.01416e+09,-5.23925e+07,3.02612e+08,-1.11896e+10,-4.91231e+08,-4.51117e+08,-9.05242e+08,0.00100243,0.000150608,-1.43494e-22
0,1.99378e+09,8.46835e+06,3.18157e+08,1.22189e+09,3.77729e+07,4.62842e+08,-9.23523e+08,0.000983311,0.000156912,-8.58974e-27
0,2.08718e+09,-4.42675e+07,3.27704e+08,-8.09986e+09,4.12409e+08,-3.14971e+08,-6.32374e+08,0.000954716,0.000149898,-2.89555e-23
0,1.99256e+09,-4.82683e+07,3.12215e+08,-1.0612e+10,3.76571e+08,-5.82275e+07,-9.48246e+08,0.000962421,0.000150802,-1.19317e-22
0,2.06677e+09,-3.15948e+06,3.17464e+08,9.01325e+08,-2.84942e+07,-3.87676e+08,-7.94354e+08,0.00101257,0.000155534,-1.26783e-26
0,1.8868e+09,5.01408e+06,3.2149e+08,-4.77967e+08,7.07897e+08,-1.78988e+08,-1.2797e+09,0.000997714,0.000169999,5.2123e-26
0,1.91455e+09,-4.56599e+07,2.98031e+08,-3.05949e+09,1.62444e+09,3.90795e+08,-1.1029e+09,0.00106404,0.000165636,-2.86411e-24
0,1.78095e+09,-1.19957e+07,2.36623e+08,-2.00805e+09,-1.5728e+09,2.27464e+08,-1.63845e+09,0.00118932,0.000158018,-1.93049e-23
0,1.8266e+09,4.20358e+07,2.78528e+08,-7.77673e+09,-5.99405e+08,-4.75909e+08,-6.43182e+08,0.00127266,0.000194061,-1.63318e-22
0,1.89491e+09,7.20707e+06,2.8027e+08,2.58969e+09,-2.65127e+09,2.62978e+08,5.61575e+08,0.00114517,0.000169379,1.57994e-23
0,1.98434e+09,-3.41471e+07,3.18183e+08,-1.73732e+09,5.82447e+08,4.07671e+08,-9.72086e+08,0.000994115,0.000159404,-3.37305e-25
0,2.07216e+09,2.99074e+07,3.19811e+08,8.27114e+09,-6.39589e+08,1.81834e+08,-7.79492e+08,0.000973599,0.000150262,3.88808e-23
0,1.76113e+09,1.1512e+07,3.01652e+08,1.70179e+10,4.84636e+08,1.99264e+08,5.25478e+07,0.000967952,0.000165794,-3.56267e-23
0,2.23849e+09,6.51061e+06,3.26644e+08,1.25832e+09,-1.49448e+09,3.09905e+07,-8.41943e+08,0.00102616,0.000149739,1.37253e-24
0,2.01814e+09,-1.93359e+07,3.22967e+08,-2.41949e+09,1.95615e+08,-9.51733e+07,-8.59751e+08,0.000947013,0.000151552,-1.01135e-24
0,1.89622e+09,6.20666e+07,3.1173e+08,-8.34105e+09,-2.01333e+09,-7.40248e+07,-5.77862e+08,0.00105448,0.000173351,-1.06305e-22
0,2.05483e+09,4.16742e+07,3.02617e+08,7.43158e+09,-1.52235e+09,1.29175e+08,-9.15001e+08,0.00108552,0.000159866,7.22524e-23
0,1.94862e+09,3.25797e+07,3.08001e+08,2.78199e+09,3.35496e+08,-2.46291e+08,-1.04361e+09,0.000986609,0.000155945,2.41048e-24
0,2.31542e+09,328822,3.27975e+08,-3.14022e+08,5.90831e+08,499770,3.87399e+07,0.000888743,0.000125889,4.77204e-27
0,1.88373e+09,-6.79064e+07,3.05843e+08,-2.83568e+09,6.35733e+07,2.25786e+08,-1.11807e+09,0.00101267,0.000164417,-3.74699e-24
0,1.7068e+09,-2.47239e+07,2.40677e+08,-2.53654e+09,-9.02329e+08,3.27663e+08,-1.76358e+09,0.00118079,0.000166504,-1.66267e-23
0,1.85441e+09,2.76665e+07,3.14094e+08,3.9347e+09,1.64272e+09,-1.48826e+08,-1.19764e+09,0.000986457,0.000167083,1.00165e-23
0,1.92184e+09,3.92645e+07,3.05905e+08,3.92779e+09,1.46161e+08,7.37232e+07,-1.29431e+09,0.00101639,0.000161782,1.16849e-23
0,1.94583e+09,-2.42413e+07,3.24325e+08,-1.56616e+09,7.30729e+08,4.0316e+08,-8.15859e+08,0.000980563,0.000163437,-1.82402e-25
0,2.06736e+09,-3.01297e+07,3.07663e+08,-5.21856e+09,-5.99081e+08,-6.4995e+08,-8.06874e+08,0.000978698,0.000145649,-7.13411e-24
0,1.8923e+09,3.66326e+07,3.07367e+08,2.26533e+09,-5.63096e+08,-4.56425e+08,-1.34339e+09,0.0010713,0.000174011,2.76885e-24
0,1.95068e+09,-1.81623e+06,3.20963e+08,2.38934e+09,2.9968e+08,7.69782e+07,-1.17778e+09,0.0010139,0.000166826,1.98902e-24
0,2.13877e+09,-1.75805e+06,3.22906e+08,-5.35149e+09,-1.52959e+09,-7.91428e+08,-6.94995e+08,0.00103531,0.000156308,-4.50515e-24
0,2.02558e+09,-1.91194e+07,3.16944e+08,7.68251e+08,5.16377e+08,4.79889e+08,-9.76842e+08,0.000996141,0.000155867,4.3918e-26
0,2.02113e+09,1.88539e+07,3.08943e+08,4.24095e+09,-1.08236e+09,-2.93877e+08,-1.13707e+09,0.00106073,0.00016214,1.86616e-23
0,1.87181e+09,-2.42593e+06,2.94911e+08,-1.72087e+08,-1.42316e+09,1.48312e+08,-1.3938e+09,0.00109759,0.00017293,8.43132e-25
0,2.12541e+09,-4.12673e+07,3.10072e+08,-5.20555e+09,-2.46281e+09,-7.63101e+08,-7.07159e+08,0.000999562,0.000145825,-1.55662e-23
0,1.8786e+09,-4.47651e+07,3.08981e+08,-3.55903e+09,7.10361e+08,4.8094e+08,-1.26154e+09,0.00102453,0.000168509,-8.05449e-24
0,1.8145e+09,-1.14701e+07,2.97402e+08,3.05156e+08,9.77048e+08,-8.2367e+07,-1.24081e+09,0.000999888,0.000163885,-6.92594e-27
0,1.95981e+09,2.44398e+07,2.95698e+08,2.24846e+09,-1.52557e+09,-1.52757e+07,-1.32961e+09,0.00107776,0.000162613,9.34411e-24
0,2.04159e+09,-3.24857e+07,3.08083e+08,-7.64169e+09,-1.45698e+09,-4.54476e+08,-5.86962e+08,0.00103907,0.000156799,-2.88784e-23
0,1.57833e+09,-4.51435e+07,2.58235e+08,-7.0893e+09,-2.59733e+09,1.72999e+08,3.79368e+08,0.00101094,0.000165404,-5.05901e-23
0,1.93668e+09,9.35124e+06,3.26311e+08,2.18755e+08,2.9407e+08,-1.26891e+08,-1.12651e+09,0.00100524,0.000169372,-2.69448e-26
0,2.02864e+09,4.54904e+06,3.22235e+08,-7.33397e+09,-1.10748e+09,-4.78176e+08,-7.00532e+08,0.00100054,0.000158928,-2.53554e-23
0,2.02927e+09,-5.26872e+06,3.3099e+08,-4.74789e+09,9.21159e+08,-1.80087e+08,-5.19154e+08,0.000896435,0.000146216,-4.4084e-24
0,1.90671e+09,1.69196e+07,3.11781e+08,-5.98196e+07,-1.44841e+09,5.96233e+07,-1.22396e+09,0.00109159,0.000178494,2.79342e-25
0,2.05605e+09,-3.32764e+06,3.42196e+08,5.85449e+08,-1.5106e+07,1.03204e+08,-4.32582e+08,0.000967875,0.000161087,2.70611e-27
0,1.86474e+09,1.35534e+07,3.18002e+08,2.1146e+09,-2.75493e+08,-1.20049e+08,-1.1428e+09,0.00102389,0.00017461,1.67359e-24
0,2.11613e+09,1.47898e+07,3.14901e+08,3.63469e+09,-1.46095e+09,4.54728e+08,-9.67231e+08,0.00103381,0.000153841,7.16778e-24
0,2.0451e+09,-1.00307e+07,3.01067e+08,-5.04116e+08,-4.62386e+08,-2.62389e+07,-8.3924e+08,0.00104328,0.000153585,-3.1936e-26
0,1.98168e+09,-1.53859e+07,3.23444e+08,5.6222e+08,3.65961e+08,-7.85353e+07,-9.71814e+08,0.000980446,0.000160025,-2.0939e-26
0,1.89652e+09,5.6776e+06,3.30175e+08,3.08946e+09,2.7491e+07,1.24563e+08,-8.94881e+08,0.0010155,0.000176793,4.25131e-24
0,1.88334e+09,7.58788e+06,3.22828e+08,-4.11508e+09,9.65522e+08,-3.20455e+08,-1.05804e+09,0.000967531,0.000165846,-1.29486e-23
0,2.0059e+09,1.52008e+07,3.11988e+08,3.05434e+09,-2.62152e+08,-4.448e+08,-1.17695e+09,0.00103766,0.000161393,4.31783e-24
0,1.78465e+09,-4.98673e+07,2.97462e+08,3.34227e+09,-2.48665e+08,3.80166e+08,-8.31579e+08,0.00100311,0.000167196,5.57611e-24
0,2.07267e+09,3.43801e+07,2.72108e+08,4.72833e+09,-1.32226e+09,-1.99069e+08,-9.12132e+07,0.00102294,0.000134296,5.66143e-24
0,1.90388e+09,-8.99109e+06,3.26319e+08,-7.9555e+08,-1.0632e+08,-4.77346e+08,-9.94632e+08,0.000990632,0.000169792,1.63643e-25
0,1.94045e+09,8.16546e+06,3.22577e+08,2.54968e+09,-8.8263e+08,-2.00228e+07,-9.36941e+08,0.00104244,0.000173294,4.05987e-24
0,1.93105e+09,9.87519e+07,3.01218e+08,-2.55497e+09,-7.72319e+08,4.88036e+06,-5.32747e+08,0.00108476,0.000169208,-2.98548e-24
0,2.08641e+09,-2.56848e+07,3.02112e+08,-2.50845e+09,-4.76122e+08,2.78011e+07,-8.36427e+08,0.0010328,0.00014955,-1.6495e-24
0,1.87587e+09,2.19505e+06,3.03689e+08,-1.0327e+09,-1.12716e+09,-1.07105e+08,-1.43587e+09,0.00109059,0.000176559,-2.38792e-24
0,2.11957e+09,-3.06484e+07,3.06737e+08,-4.63136e+09,-1.69841e+09,-2.4482e+08,-1.03692e+09,0.00104472,0.000151188,-1.9033e-23
0,2.03567e+09,-185902,3.07419e+08,1.49581e+09,-8.6727e+08,-2.80999e+08,-1.1448e+09,0.00107608,0.000162505,8.53069e-25
0,1.96051e+09,-929998,3.27072e+08,3.44752e+09,-2.08972e+08,6.2272e+07,-9.97521e+08,0.0010303,0.000171886,6.01283e-24
0,1.88201e+09,-6.90984e+07,2.55583e+08,-5.4669e+09,-7.22321e+08,5.65046e+08,-1.45239e+09,0.00115314,0.0001566,-8.76207e-23
0,1.99687e+09,2.17321e+07,2.56643e+08,3.18305e+09,2.03071e+09,4.14795e+08,9.15419e+08,0.00110763,0.000142355,-2.18486e-23
0,1.73464e+09,2.07165e+06,2.85984e+08,-1.11553e+10,-6.4356e+08,5.31407e+07,-1.10992e+09,0.00107856,0.000177818,-5.7955e-22
0,2.0648e+09,1.25143e+07,3.11395e+08,2.00179e+09,-1.43395e+09,-8.89976e+07,-8.02856e+08,0.00100529,0.000151609,2.90757e-24
0,2.04969e+09,8.00931e+07,3.07727e+08,1.39503e+08,-2.66561e+09,-3.32394e+08,-1.40866e+08,0.000980948,0.000147273,-1.51943e-24
0,1.87916e+09,-2.16839e+07,2.98543e+08,-1.78037e+09,-4.70402e+08,5.70914e+08,-1.38383e+09,0.00106787,0.000169653,-3.82093e-25
0,2.02535e+09,-4.06307e+07,3.01363e+08,-4.30311e+09,-1.31866e+09,2.08949e+08,-1.17309e+09,0.00109326,0.000162671,-2.57862e-23
0,2.02863e+09,3.42551e+07,3.18873e+08,9.11251e+09,-2.12639e+07,8.99248e+07,-1.0118e+09,0.000985207,0.000154861,8.16406e-23
0,1.96787e+09,-1.47445e+07,3.15795e+08,-3.08176e+09,3.45631e+08,627255,-1.17471e+09,0.00100188,0.000160777,-4.16257e-24
0,1.93449e+09,6.99188e+07,3.03896e+08,-4.72681e+09,-2.36854e+09,-5.60262e+08,-6.61277e+08,0.00106941,0.000167997,-3.48543e-23
0,2.09482e+09,-1.66907e+07,3.057e+08,-1.79294e+09,-1.24862e+09,-1.79281e+08,-1.10831e+09,0.0010737,0.000156687,-2.99061e-24
0,1.73002e+09,-2.97655e+07,3.01236e+08,-2.5053e+09,-2.06755e+08,1.36703e+08,-4.08101e+08,0.000950306,0.00016547,-1.36245e-24
0,1.65573e+09,4.2032e+06,2.90257e+08,-8.55588e+09,-3.95358e+08,3.61089e+08,-1.09619e+09,0.00103375,0.000181221,-2.67533e-22
0,1.9521e+09,-5.05089e+06,3.28072e+08,-3.5704e+08,-1.12366e+08,-9.35459e+07,-1.03561e+09,0.000988893,0.000166194,4.14535e-26
0,1.89657e+09,2.13652e+07,2.95153e+08,4.60496e+09,2.67423e+08,3.29765e+07,-1.27323e+09,0.00101346,0.000157719,2.02916e-23
0,1.83345e+09,5.47551e+07,3.1543e+08,3.21813e+09,1.2574e+09,-5.38226e+08,-1.14282e+09,0.001016,0.000174794,4.29299e-24
0,2.05969e+09,4.4916e+07,3.09884e+08,2.78919e+07,-3.08938e+09,-6.30222e+08,-1.68805e+08,0.000975815,0.000146813,-5.54037e-24
0,2.1205e+09,1.25712e+07,3.13915e+08,-6.4824e+08,-1.03228e+09,-6.34579e+08,-9.44428e+08,0.00105179,0.000155705,-7.58597e-25
0,1.988e+09,3.18029e+07,3.07484e+08,2.88681e+09,9.71529e+08,-4.74272e+08,-8.41952e+08,0.000969666,0.000149979,1.17474e-24
0,2.01309e+09,-2.3735e+07,3.17696e+08,-4.21397e+09,-6.39576e+08,3.62527e+08,-9.59956e+08,0.00104131,0.000164334,-1.21925e-23
0,2.04259e+09,-6.04889e+07,3.00052e+08,-6.82743e+09,-6.61344e+08,3.20375e+08,-1.17281e+09,0.00106844,0.000156951,-6.25112e-23
0,2.02468e+09,-2.728e+06,3.2756e+08,-4.65163e+08,-1.30788e+08,-9.06066e+06,-9.06649e+08,0.000987197,0.000159712,2.52176e-26
0,2.01503e+09,8.32551e+06,3.15086e+08,1.11386e+09,-7.76952e+08,2.62943e+08,-1.25157e+09,0.00104724,0.000163754,6.28007e-25
0,1.9254e+09,4.08936e+07,3.11927e+08,-5.30508e+09,-2.35077e+09,-9.64608e+08,-6.63384e+08,0.00104122,0.000168685,-1.42557e-23
0,2.04524e+09,-2.12739e+07,3.10806e+08,-4.29617e+09,-1.17796e+09,-1.0511e+08,-1.00607e+09,0.00106107,0.000161245,-1.53141e-23
0,2.21116e+09,4.99315e+07,3.18162e+08,-9.08023e+09,1.93373e+08,2.81339e+08,5.24443e+08,0.000952544,0.000137061,2.39421e-23
0,1.87854e+09,3.76101e+07,3.11982e+08,4.14585e+09,2.88181e+08,-6.04183e+08,-1.24986e+09,0.0010337,0.000171673,1.43014e-23
0,2.01461e+09,2.41756e+07,2.91465e+08,1.44559e+09,-1.17729e+08,4.59124e+07,-9.63948e+08,0.000968136,0.000140066,1.69533e-25
0,1.89388e+09,-2.39252e+07,3.02399e+08,8.61541e+09,1.55123e+09,3.15222e+08,-7.94772e+08,0.00108405,0.000173093,1.48231e-22
0,2.13136e+09,-7.89405e+06,3.12015e+08,-4.62561e+09,-1.39841e+09,-6.55723e+08,-9.43581e+08,0.00103934,0.000152151,-8.00771e-24
0,1.96944e+09,2.51412e+07,3.00288e+08,3.62772e+09,1.13447e+09,-7.43166e+08,-8.79966e+08,0.000966106,0.000147306,1.79789e-24
0,1.93659e+09,-3.3454e+07,3.14e+08,-4.38014e+09,2.70107e+08,2.97588e+08,-1.11699e+09,0.00101651,0.000164818,-1.332e-23
0,2.11001e+09,-4.38571e+07,3.11533e+08,-7.69344e+09,-6.79442e+08,-2.91283e+08,-7.76477e+08,0.000977369,0.000144304,-2.77152e-23
0,1.94816e+09,-2.73952e+06,3.11213e+08,1.77194e+09,-4.07383e+08,4.00282e+08,-1.28215e+09,0.00103287,0.000164998,4.35777e-25
0,1.99425e+09,-2.83374e+07,3.11248e+08,-5.26858e+09,-9.5223e+08,-5.42177e+07,-1.00187e+09,0.00104639,0.000163313,-2.55862e-23
0,1.94852e+09,-2.66413e+07,3.0725e+08,-7.55445e+09,8.24134e+07,2.57951e+08,-1.0295e+09,0.000987559,0.000155722,-5.76412e-23
0,1.9918e+09,-4.98496e+07,3.14826e+08,-6.83576e+09,-2.41974e+08,-2.52003e+08,-1.04158e+09,0.00106454,0.000168261,-5.51454e-23
0,1.9346e+09,5.74343e+07,3.15637e+08,-6.54828e+09,-1.53199e+09,2.26632e+08,-4.84349e+08,0.00103181,0.000168344,-4.1705e-23
0,1.89381e+09,2.70033e+07,2.77102e+08,-1.51101e+10,-1.93285e+09,4.10385e+08,-7.22392e+08,0.00117716,0.000172241,-1.23185e-21
0,1.99857e+09,-6.89268e+07,3.07779e+08,-9.7129e+09,1.6644e+08,3.0659e+08,-9.85058e+08,0.00103074,0.000158733,-1.2814e-22
0,1.78704e+09,-5.94156e+07,2.63797e+08,-7.38591e+09,1.32831e+09,6.6236e+08,-1.43213e+09,0.00103961,0.000153464,-1.18426e-22
0,2.05371e+09,1.50478e+07,3.09658e+08,1.0646e+10,-3.48508e+08,7.23852e+08,-8.4905e+08,0.000997677,0.000150429,9.8538e-23
0,1.991e+09,2.98974e+07,3.16099e+08,4.15606e+09,-6.7067e+08,-5.54129e+08,-1.05378e+09,0.00106144,0.000168517,1.49301e-23
0,1.87941e+09,-4.26879e+07,2.95281e+08,-4.79758e+08,4.39538e+08,6.56369e+08,-1.53576e+09,0.0010432,0.000163901,6.18106e-26
0,2.02804e+09,6.12418e+07,3.00932e+08,7.06336e+09,3.34958e+07,-2.56324e+08,-7.96907e+08,0.000962694,0.00014285,2.65137e-23
0,2.06854e+09,-1.61978e+07,3.15653e+08,-6.76337e+09,-1.324e+09,-5.73173e+08,-8.48968e+08,0.00101631,0.000155085,-2.31706e-23
0,2.00714e+09,2.12258e+07,3.01684e+08,4.48803e+09,5.80996e+08,-4.72602e+08,-8.17367e+08,0.000978795,0.000147118,6.38411e-24
0,1.92733e+09,-4.57098e+07,3.08897e+08,-5.60583e+09,-2.15222e+08,6.45171e+07,-1.05967e+09,0.00101362,0.000162454,-2.93032e-23
0,1.85816e+09,-4.05149e+07,3.1518e+08,-3.41339e+09,1.27255e+09,3.17559e+08,-1.08905e+09,0.00099274,0.000168389,-5.26876e-24
0,1.94562e+09,4.73261e+07,2.67242e+08,-6.4176e+09,-1.65975e+09,4.90938e+08,5.94363e+08,0.000995478,0.000136734,6.01443e-24
0,1.84323e+09,-1.58051e+07,3.13493e+08,-2.39992e+09,-3.81588e+08,7.52076e+07,-1.15288e+09,0.00100804,0.000171445,-2.72977e-24
0,2.24005e+09,-1.15952e+06,3.22082e+08,-3.93518e+09,-1.82271e+09,-5.36518e+08,-3.57781e+08,0.000985825,0.000141745,-2.46129e-24
0,2.04922e+09,-4.75316e+06,3.15165e+08,-2.20505e+08,-2.60123e+08,1.05232e+08,-1.08338e+09,0.000991107,0.00015243,3.86446e-26
0,1.99187e+09,-2.23974e+07,3.13295e+08,-6.2241e+09,-1.01761e+09,-7.89041e+08,-9.81715e+08,0.000992761,0.000156148,-1.74315e-23
0,1.68735e+09,2.95274e+07,2.78798e+08,-1.43051e+10,-1.64148e+09,3.67796e+08,-7.85562e+08,0.00109199,0.000180427,-1.29261e-21
0,2.31996e+09,1.46004e+07,3.28962e+08,3.30879e+09,-1.10516e+09,-1.16794e+08,-2.94412e+08,0.000924976,0.000131158,1.05709e-24
0,2.16775e+09,-3.52496e+07,3.27767e+08,-7.10346e+09,-4.25781e+08,-3.06086e+08,-7.54145e+08,0.000965728,0.000146019,-1.7464e-23
0,1.92802e+09,-3.92445e+07,3.13869e+08,-5.2431e+09,-1.36393e+08,2.59286e+08,-9.13762e+08,0.00100579,0.000163735,-2.00249e-23
0,1.94101e+09,-5.61219e+07,3.095e+08,-9.27639e+09,9.21854e+08,9.47985e+07,-1.10192e+09,0.000977751,0.000155906,-1.11101e-22
0,2.00811e+09,1.51199e+07,3.15407e+08,1.36437e+09,-2.09069e+07,-7.65305e+08,-9.51524e+08,0.00100713,0.000158186,-2.70677e-26
0,2.08938e+09,4.82953e+07,3.1487e+08,7.06464e+09,-2.46719e+07,-8.79631e+07,-6.53102e+08,0.000945502,0.000142487,1.7347e-23
0,2.01649e+09,2.04945e+07,3.0131e+08,4.96561e+09,2.4742e+08,-1.22572e+07,-8.06852e+08,0.000994988,0.000148674,1.12954e-23
0,1.89413e+09,5.68902e+07,2.93529e+08,5.38599e+09,1.35683e+09,-5.67274e+08,-1.23146e+09,0.000973328,0.000150835,1.89954e-23
0,2.04773e+09,-8.48575e+07,2.81822e+08,-6.45986e+09,-5.89039e+08,4.78541e+08,-9.0191e+08,0.00101941,0.000140298,-3.32261e-23
0,2.03271e+09,2.34658e+07,3.11297e+08,2.8901e+09,-1.29542e+09,2.53638e+08,-1.2973e+09,0.00107453,0.000164557,8.67907e-24
0,1.55445e+09,3.35429e+07,2.7929e+08,-1.05206e+10,-9.0092e+08,-1.61528e+08,-8.12866e+08,0.00102629,0.000184395,-4.65603e-22
0,2.14023e+09,-1.35518e+07,3.27313e+08,3.2756e+09,7.55265e+08,5.97735e+08,-4.49274e+08,0.000910134,0.00013919,1.86972e-24
0,2.06092e+09,-3.85257e+06,3.41854e+08,-4.47974e+08,-1.74186e+07,-7.38591e+06,-4.66598e+08,0.000969394,0.000160798,3.12172e-28
0,2.1557e+09,-3.57235e+07,3.32368e+08,-8.58195e+09,-5.32079e+07,-4.71648e+08,-6.32941e+08,0.000942059,0.000145247,-2.47387e-23
0,1.94989e+09,-3.51325e+07,3.07025e+08,-2.13492e+09,-1.05265e+09,-1.49135e+07,-1.24196e+09,0.00103672,0.000163239,-3.70798e-24
0,1.90706e+09,-2.77421e+07,3.11744e+08,-1.34502e+09,1.29476e+08,3.72239e+08,-1.33645e+09,0.00103775,0.00016964,7.81865e-26
0,2.10368e+09,1.38416e+07,3.21949e+08,5.18782e+07,-8.18657e+08,-6.70513e+08,-7.59872e+08,0.00101644,0.000155556,-3.11217e-25
0,1.94061e+09,1.37579e+07,3.18785e+08,-8.35656e+08,8.81819e+08,1.20129e+07,-1.11206e+09,0.000977591,0.000160589,-6.50487e-26
0,2.06889e+09,3.81167e+07,3.04938e+08,4.097e+09,-5.02083e+08,-6.78677e+07,-8.28889e+08,0.00100571,0.000148233,6.48258e-24
0,1.99906e+09,-3.517e+07,3.08276e+08,-1.38742e+09,-2.6168e+09,-5.57363e+08,-8.29613e+08,0.00104839,0.000161673,-1.72739e-23
0,2.09309e+09,5.0129e+07,3.11273e+08,7.31485e+09,-2.98296e+08,-1.68822e+08,-6.96911e+08,0.000969495,0.000144178,2.38085e-23
0,1.83662e+09,3.24774e+07,3.07297e+08,2.12251e+09,1.97691e+09,-1.51463e+08,-1.24801e+09,0.000978231,0.000163674,4.9401e-25
0,1.87969e+09,-1.05035e+07,3.26874e+08,-7.73056e+08,-1.2207e+08,-2.57758e+08,-9.20261e+08,0.000970657,0.000168796,4.60876e-26
0,2.03758e+09,1.2603e+07,3.22352e+08,6.97684e+09,2.73266e+08,5.92643e+08,-8.76562e+08,0.0009584,0.000151622,2.90022e-23
0,2.05838e+09,-5.21069e+07,2.97971e+08,-3.26928e+09,-1.42539e+09,2.56483e+08,-8.85624e+08,0.00107303,0.000155331,-1.05967e-23
0,1.92728e+09,-3.20296e+07,3.17371e+08,-1.58514e+09,3.9479e+08,3.98821e+08,-1.17735e+09,0.00103577,0.000170564,-2.98278e-25
0,1.69506e+09,-1.77495e+07,2.77292e+08,-3.12021e+09,7.67148e+08,-8.46223e+07,-1.2788e+09,0.000981585,0.000160576,-1.00052e-23
0,2.04159e+09,3.93983e+07,3.07254e+08,2.63856e+09,-1.16744e+09,1.70319e+07,-8.88615e+08,0.0010264,0.00015447,4.14759e-24
0,2.03076e+09,-3.64839e+07,3.1766e+08,-3.11613e+09,-6.7891e+08,-1.37503e+07,-1.19945e+09,0.00103867,0.000162474,-5.30036e-24
0,2.00926e+09,9.5193e+06,3.02788e+08,-5.71346e+09,-1.03578e+09,2.596e+08,3.72007e+08,0.000893839,0.000134698,2.73016e-24
0,2.03135e+09,-7.13833e+07,3.01719e+08,-5.96467e+09,-1.68505e+08,7.94578e+07,-8.33693e+08,0.00105418,0.000156579,-2.63776e-23
0,2.11945e+09,1.37949e+07,3.29761e+08,6.69405e+09,-4.25936e+08,4.89147e+08,-7.78825e+08,0.000984244,0.000153136,1.71963e-23
0,2.02985e+09,-5.43637e+06,3.28093e+08,-4.03033e+08,-4.82032e+07,7.5138e+06,-8.81434e+08,0.000984464,0.000159123,2.3244e-26
0,1.8223e+09,5.87544e+07,3.04681e+08,-6.37271e+09,-2.09572e+09,1.9398e+07,-6.69617e+08,0.00100809,0.00016855,-7.23083e-23
0,1.99428e+09,-4.71668e+07,2.97284e+08,-1.21499e+09,8.96099e+08,2.01481e+08,-9.48353e+08,0.000991879,0.000147858,-1.23215e-25
0,1.95854e+09,7.8412e+06,3.02098e+08,-1.15163e+10,7.22613e+07,-7.22291e+08,5.48274e+08,0.00105805,0.000163201,1.47596e-22
0,1.99075e+09,-4.39465e+06,3.13701e+08,-2.67117e+09,-5.82028e+08,-3.52449e+08,-9.30653e+08,0.000979025,0.000154274,-1.60382e-24
0,2.27379e+09,8.47161e+06,3.21031e+08,-3.814e+08,-3.16261e+07,1.18112e+08,3.60932e+07,0.000886168,0.000125116,2.76194e-29
0,2.16136e+09,-4.99447e+07,3.07355e+08,-9.17658e+09,-1.31339e+09,2.67198e+08,-8.82191e+08,0.00101394,0.000144186,-7.59492e-23
0,2.10346e+09,-3.07787e+07,3.05674e+08,-2.41237e+09,-2.4348e+08,1.22732e+08,-8.23434e+08,0.000991702,0.000144114,-1.01722e-24
0,1.89455e+09,1.23287e+07,3.11231e+08,2.24409e+09,8.37837e+08,-3.75045e+08,-1.09586e+09,0.000982017,0.000161323,1.17007e-24
0,2.10135e+09,-6.19702e+06,3.2722e+08,4.05758e+08,-1.04227e+09,2.00666e+08,-9.76268e+08,0.00103499,0.000161167,4.82284e-25
0,2.15147e+09,6.22058e+07,3.1797e+08,3.87121e+09,1.58922e+09,-5.30375e+06,-2.64141e+08,0.00090833,0.000134244,-4.5119e-25
0,1.81167e+09,-3.53842e+07,3.02453e+08,-1.50524e+09,-1.27357e+08,-1.53558e+08,-8.14188e+08,0.0010294,0.000171855,-4.33121e-25
0,1.98498e+09,6.18718e+07,3.19877e+08,5.16105e+09,1.6044e+09,4.9605e+07,-7.76327e+08,0.000935649,0.000150779,9.20625e-24
0,2.04483e+09,-4.59348e+06,3.43536e+08,-4.72742e+08,1.03512e+07,-1.8537e+07,-2.83028e+08,0.000963683,0.000161901,-1.78367e-27
0,1.89677e+09,-4.97595e+07,3.11537e+08,-1.27841e+09,1.71813e+07,1.36977e+08,-9.63125e+08,0.00100778,0.000165523,-1.36165e-25
0,1.80126e+09,2.90233e+06,2.80037e+08,-2.65763e+08,1.09417e+09,5.08365e+07,-1.66465e+09,0.00104728,0.000162818,6.86748e-26
0,2.02999e+09,-8.27315e+07,3.04533e+08,-8.0892e+09,1.36605e+09,1.70861e+08,-6.89725e+08,0.00100891,0.000151353,-3.74025e-23
0,1.84125e+09,2.3274e+07,2.93408e+08,-5.98338e+08,1.43672e+09,-4.59069e+08,-1.5539e+09,0.00102395,0.000163169,-3.38964e-25
0,2.01723e+09,-6.32905e+07,3.09757e+08,-1.01709e+10,-1.17954e+07,4.03001e+08,-9.16284e+08,0.000978881,0.000150312,-1.0259e-22
0,1.96013e+09,8.94893e+06,3.11356e+08,8.0164e+09,3.77345e+08,5.19696e+08,-1.02255e+09,0.000982008,0.000155986,7.02583e-23
0,2.27807e+09,2.66917e+07,3.27873e+08,-2.54173e+09,-1.99347e+08,3.47514e+08,6.85111e+07,0.00087491,0.000125922,1.68039e-27
0,2.00941e+09,2.20519e+07,3.14094e+08,2.72722e+09,-4.86984e+08,-7.44518e+08,-1.047e+09,0.0010437,0.000163143,2.81279e-24
0,2.0577e+09,2.96759e+07,2.94261e+08,1.34483e+09,-1.38141e+09,-1.2941e+08,-1.22378e+09,0.00106065,0.000151678,2.05209e-24
0,2.05862e+09,-8.4467e+06,3.14129e+08,-3.06824e+09,-4.91076e+08,-6.68604e+07,-8.43509e+08,0.000980908,0.000149679,-2.38686e-24
0,1.7895e+09,-9.41339e+06,2.95784e+08,-1.73592e+08,1.04931e+09,-3.42429e+08,-7.95051e+08,0.0010352,0.000171106,-1.98584e-26
0,1.81345e+09,2.18665e+07,2.87949e+08,3.81536e+09,6.70387e+08,-1.17939e+08,-1.56331e+09,0.00102873,0.000163346,1.75518e-23
0,2.07168e+09,-5.29171e+07,3.24342e+08,-9.05033e+09,3.30762e+07,-3.46024e+08,-9.27703e+08,0.00098975,0.000154956,-6.77417e-23
0,2.03075e+09,3.16555e+06,3.28806e+08,4.86392e+08,-1.08007e+08,9.842e+07,-8.61386e+08,0.000985043,0.000159492,-2.04748e-26
0,1.88153e+09,2.53517e+07,3.0419e+08,3.65276e+09,1.12619e+09,6.53861e+07,-1.15806e+09,0.000946155,0.000152966,7.64359e-24
0,1.92695e+09,-3.50374e+07,3.15361e+08,1.43764e+09,1.38057e+09,6.09462e+08,-1.02879e+09,0.00094777,0.00015511,1.21291e-24
0,2.05364e+09,2.0289e+07,3.19562e+08,8.57617e+09,-7.97928e+08,3.94693e+08,-8.85625e+08,0.00101544,0.00015801,5.89796e-23
0,2.1367e+09,3.66463e+07,3.1013e+08,-4.25012e+09,-2.56917e+09,3.98928e+08,9.55522e+07,0.000899317,0.000130531,-8.22863e-24
0,2.0019e+09,3.75965e+07,3.14817e+08,-1.07621e+10,-1.85696e+09,-1.18832e+08,-4.39411e+08,0.00106733,0.000167847,-1.13468e-22
0,2.06116e+09,1.23894e+07,3.17194e+08,1.17049e+09,-9.17805e+08,-7.50535e+08,-9.12465e+08,0.00104898,0.000161429,-3.42588e-25
0,2.03543e+09,5.50264e+07,3.04509e+08,-9.62711e+09,-1.15258e+09,2.36103e+08,2.3316e+08,0.000908508,0.000135916,8.19911e-24
0,2.20996e+09,4.97799e+07,3.21725e+08,4.75609e+09,7.25019e+07,5.48358e+07,-2.74883e+08,0.000931866,0.000135661,1.58658e-24
0,2.11109e+09,2.04321e+07,2.77058e+08,-3.93388e+09,-6.09019e+08,2.76894e+08,2.47854e+08,0.00093082,0.00012216,4.94823e-25
0,2.05124e+09,1.22903e+07,3.2737e+08,1.6049e+09,-3.66609e+08,3.68076e+08,-9.61239e+08,0.00101731,0.000162358,2.09225e-25
0,1.92572e+09,-2.16363e+07,2.87069e+08,1.37484e+09,7.32082e+08,3.93153e+08,-1.15108e+09,0.000993014,0.00014803,5.88272e-25
0,1.88211e+09,-8.35344e+06,3.07593e+08,-2.23819e+09,1.14436e+09,-2.67025e+07,-1.40549e+09,0.000992891,0.000162268,-2.55808e-24
0,1.77325e+09,2.20575e+07,2.83159e+08,4.01469e+08,-2.37279e+09,5.78071e+08,-3.67626e+08,0.00106926,0.000170743,1.27192e-23
0,2.04843e+09,-4.31669e+06,3.42797e+08,-6.60817e+07,1.8571e+07,-1.09754e+07,-3.76561e+08,0.000961652,0.000160929,3.17377e-28
0,1.94281e+09,1.8522e+07,2.88617e+08,3.91413e+09,-7.59378e+08,9.06286e+07,-1.19264e+09,0.00104665,0.000155487,1.33852e-23
0,2.05721e+09,-9.22148e+06,3.2476e+08,1.34322e+09,-4.07768e+08,2.46762e+08,-1.00704e+09,0.00100671,0.000158923,1.67186e-25
0,2.09349e+09,3.62236e+07,3.17267e+08,8.88055e+09,7.27032e+08,3.33986e+08,-6.65136e+08,0.00093972,0.000142414,3.83127e-23
0,2.22414e+09,2.93948e+07,3.31113e+08,1.98552e+07,-9.57291e+08,-5.21596e+07,1.25091e+07,0.000888158,0.000132222,-4.0373e-27
0,2.1075e+09,9.69891e+06,3.17199e+08,3.76139e+09,-3.30666e+08,3.92775e+08,-7.49586e+08,0.000946278,0.000142424,2.32413e-24
0,1.95944e+09,2.12874e+07,3.14697e+08,-1.22896e+10,-2.19989e+09,-3.91068e+08,-5.6143e+08,0.00102594,0.000164771,-1.57907e-22
0,2.00972e+09,-1.84934e+07,3.11798e+08,1.70525e+09,-7.00304e+08,1.11029e+08,-1.02844e+09,0.00103119,0.000159984,9.75367e-25
0,1.94327e+09,6.22057e+07,3.14645e+08,-5.20116e+09,-2.08069e+09,2.36736e+08,-4.67329e+08,0.00101487,0.000164322,-3.37093e-23
0,2.15612e+09,-1.27476e+07,3.33932e+08,-2.93526e+09,-7.71163e+08,-3.4275e+08,-6.59809e+08,0.000980857,0.000151911,-1.11897e-24
0,1.88392e+09,2.60108e+07,3.12173e+08,4.17244e+09,-8.92294e+07,2.06499e+08,-1.11981e+09,0.00101032,0.000167414,1.3131e-23
0,1.85542e+09,-6.43806e+06,2.95294e+08,-3.61195e+08,4.68157e+08,4.24465e+08,-1.14303e+09,0.00100867,0.000160531,1.28012e-26
0,2.08466e+09,-3.26755e+07,3.2205e+08,-2.64031e+09,3.24242e+08,-1.88953e+08,-6.41518e+08,0.00101793,0.000157255,-1.41324e-24
0,1.96076e+09,714805,2.98658e+08,6.69614e+09,1.11547e+09,7.3834e+08,-1.06739e+09,0.000958989,0.000146071,4.97525e-23
0,1.90195e+09,5.76241e+06,3.2162e+08,-1.13015e+10,-1.65317e+09,-7.89711e+08,-5.08078e+08,0.000976692,0.000165159,-4.50774e-23
0,2.0032e+09,3.94481e+06,3.16104e+08,-2.43534e+09,-1.26751e+09,-2.88198e+08,-9.47845e+08,0.00101926,0.000160838,-3.99555e-24
0,2.07034e+09,1.59396e+07,3.16131e+08,3.4195e+09,-1.32992e+09,5.99318e+08,-1.0655e+09,0.00104672,0.000159828,5.89319e-24
0,1.93935e+09,2.37927e+07,3.00991e+08,5.27656e+09,1.58281e+08,2.13515e+08,-1.50146e+09,0.00106699,0.000165598,4.13421e-23
0,2.28852e+09,4.73616e+06,3.20259e+08,5.18161e+09,-4.95904e+08,-9.29035e+07,-8.91211e+07,0.000941072,0.000131695,8.23993e-25
0,1.81136e+09,3.4627e+07,3.0213e+08,4.9496e+09,6.4494e+08,2.49239e+07,-1.33331e+09,0.00100814,0.000168155,3.34698e-23
0,2.0505e+09,6.50383e+06,3.07345e+08,3.08834e+08,-9.23574e+08,-7.15207e+08,-1.18088e+09,0.00104518,0.000156661,-9.90747e-25
0,1.94084e+09,-3.71682e+07,3.01629e+08,-1.61722e+09,-5.83513e+08,-4.59981e+08,-1.29198e+09,0.00105507,0.00016397,-4.8122e-25
0,2.19289e+09,4.28191e+07,3.20058e+08,7.85405e+09,-6.31563e+08,1.16041e+07,-6.89134e+08,0.000972526,0.000141943,2.33611e-23
0,2.11423e+09,1.10974e+06,3.3409e+08,3.09628e+09,-2.52421e+08,4.07796e+08,-6.75673e+08,0.000983947,0.000155483,1.30468e-24
0,1.85251e+09,-1.4665e+07,3.06275e+08,-3.6619e+09,5.12552e+07,-6.45659e+07,-1.26483e+09,0.00101951,0.000168555,-1.10657e-23
0,2.08887e+09,3.00707e+06,3.34131e+08,1.23502e+09,-3.75986e+08,1.58898e+08,-6.95918e+08,0.000996098,0.000159334,1.16137e-25
0,2.00689e+09,8.47135e+06,3.12129e+08,3.18722e+09,-6.14589e+08,-4.09602e+07,-1.01074e+09,0.000990005,0.000153974,4.10096e-24
0,2.05705e+09,2.31149e+07,3.18237e+08,7.70724e+09,-7.29971e+08,4.28914e+08,-9.3132e+08,0.00100973,0.000156212,4.26247e-23
0,1.96213e+09,-1.5612e+07,3.25974e+08,-1.29935e+08,1.11711e+08,-2.73469e+07,-1.07211e+09,0.0010111,0.000167976,2.34721e-26
0,1.97718e+09,-1.04942e+07,3.0365e+08,-5.25673e+09,1.95988e+09,-2.70742e+08,-9.31e+08,0.000927081,0.000142379,-1.39692e-23
0,1.98332e+09,1.47594e+07,3.16095e+08,-2.73255e+09,-1.06615e+09,-7.15154e+07,-9.29247e+08,0.00102123,0.00016276,-4.50575e-24
0,2.13637e+09,4.36418e+07,3.18452e+08,5.74642e+09,-4.92821e+08,1.16452e+08,-8.05111e+08,0.000984813,0.000146799,1.23813e-23
0,2.02837e+09,1.98381e+07,2.59966e+08,-9.91552e+08,-1.34874e+08,4.40734e+07,5.66917e+08,0.00102391,0.00013123,5.00786e-26
0,1.84669e+09,5.34015e+07,2.98221e+08,6.80077e+09,6.39497e+08,-1.46848e+08,-1.2334e+09,0.00104028,0.000167994,8.37295e-23
0,2.22533e+09,3.98933e+06,3.21762e+08,-2.92924e+08,-2.05559e+09,-3.10521e+08,-2.70018e+08,0.000938793,0.00013574,-8.39811e-25
0,2.08018e+09,-6.04386e+06,3.3177e+08,-3.19798e+08,-4.90095e+08,-5.71196e+07,-7.94042e+08,0.000996503,0.000158934,-2.50176e-26
0,1.91403e+09,2.42288e+07,3.08925e+08,7.67569e+08,8.32217e+08,-2.90632e+08,-1.2371e+09,0.0010038,0.000162013,-5.02047e-27
0,2.10262e+09,-3.56343e+07,3.19542e+08,-3.53402e+09,-3.02e+08,-4.77091e+07,-1.02017e+09,0.000997321,0.000151566,-4.02895e-24
0,2.03818e+09,-1.75917e+07,3.14975e+08,-2.45584e+09,-8.86033e+08,2.90357e+08,-9.70371e+08,0.00102275,0.000158053,-2.74399e-24
0,2.07276e+09,2.81556e+07,3.1375e+08,6.1956e+09,-1.01134e+09,3.76345e+08,-1.01968e+09,0.00102749,0.000155529,2.64283e-23
0,1.81409e+09,-1.8725e+07,2.91156e+08,2.37365e+09,1.85043e+09,9.04627e+08,-1.12265e+09,0.00101204,0.000162429,1.12515e-23
0,1.9048e+09,7.54797e+06,2.78256e+08,3.09226e+09,9.55218e+07,5.17836e+08,-1.36082e+09,0.00104114,0.000152091,5.94951e-24
0,1.83705e+09,5.35881e+07,2.76058e+08,5.68558e+09,1.47104e+09,-3.22962e+08,-1.23696e+09,0.000994697,0.000149475,3.40711e-23
0,2.15407e+09,4.1167e+07,3.00011e+08,1.16609e+10,-8.10803e+08,-2.20723e+07,-6.26912e+08,0.00102226,0.000142377,9.87104e-23
0,2.04928e+09,-2.31799e+07,3.36841e+08,-6.95509e+09,4.03065e+07,-3.45716e+08,-5.45205e+08,0.000931856,0.00015317,-1.42417e-23
0,1.90398e+09,-5.39613e+07,2.91027e+08,-2.77393e+09,-1.77039e+09,4.37898e+08,-1.03637e+09,0.00102808,0.000157145,-1.28047e-23
0,2.04058e+09,1.52796e+07,2.94784e+08,7.44634e+08,1.16782e+08,-7.31874e+07,-1.12573e+09,0.00102916,0.000148674,-7.3569e-26
0,1.75137e+09,-2.12914e+07,2.91446e+08,6.38184e+09,1.6777e+09,1.41047e+08,-9.67532e+08,0.00110305,0.000183558,1.05857e-22
0,2.18947e+09,-2.8559e+07,3.01811e+08,5.25444e+09,-1.3269e+09,-3.74639e+08,5.82964e+07,0.000972057,0.000133995,3.29194e-24
0,2.05681e+09,-1.37722e+07,3.14051e+08,-5.63329e+09,-1.50418e+09,-4.03816e+08,-9.9784e+08,0.00102587,0.000156637,-2.36299e-23
0,1.86927e+09,9.05677e+06,2.93673e+08,3.70313e+09,1.40927e+09,5.04012e+08,-1.19093e+09,0.00102662,0.000161288,1.87316e-23
0,2.12058e+09,-1.57079e+07,3.33114e+08,-4.46788e+09,-7.13003e+08,-5.11955e+08,-6.83666e+08,0.000970787,0.000152497,-3.20417e-24
0,1.94021e+09,-2.5531e+07,3.15816e+08,-2.83292e+09,-3.9871e+08,4.79383e+08,-1.13995e+09,0.00105225,0.000171279,-4.40354e-24
0,2.09348e+09,-1.38545e+07,3.34848e+08,-1.60884e+09,-3.10477e+08,-2.41953e+08,-6.60386e+08,0.00099005,0.000158356,-1.82186e-25
0,1.99706e+09,1.80423e+07,2.9513e+08,4.86667e+09,-1.08274e+09,-2.97611e+08,-1.20185e+09,0.00109345,0.000161592,3.47709e-23
0,1.98412e+09,-2.31015e+07,3.30726e+08,-5.66117e+09,7.72876e+08,-2.13065e+08,-6.86961e+08,0.000902349,0.000150409,-1.09762e-23
0,2.24162e+09,-1.21131e+07,3.37422e+08,-4.9011e+09,-3.26463e+08,-1.70297e+08,-3.50239e+08,0.000960329,0.000144555,-2.16732e-24
0,2.01381e+09,-1.80506e+07,3.37554e+08,-4.97455e+09,6.3613e+08,-2.70522e+08,-5.0522e+08,0.000913987,0.000153202,-5.82845e-24
0,2.04379e+09,-3.78042e+06,3.29189e+08,-1.75228e+09,-2.37198e+08,1.09353e+08,-9.40937e+08,0.000985272,0.000158696,-4.13812e-25
0,1.88245e+09,5.43943e+06,3.01299e+08,-4.0652e+09,-5.7268e+08,-2.24846e+08,-1.69866e+09,0.00108282,0.000173312,-2.42597e-23
0,2.03284e+09,-477462,3.18361e+08,2.04985e+09,-1.18143e+09,3.0865e+08,-9.04059e+08,0.00102561,0.000160619,2.46894e-24
0,2.08934e+09,2.55779e+06,3.16094e+08,7.22725e+08,-1.2891e+09,3.325e+08,-1.02699e+09,0.00106306,0.000160829,1.57477e-24
0,2.2634e+09,1.72309e+06,3.16285e+08,-4.62996e+09,-2.26895e+08,1.7929e+08,2.68969e+07,0.000927611,0.000129623,7.22652e-27
0,1.97482e+09,7.27314e+06,2.97372e+08,6.61941e+09,1.05294e+09,4.25819e+08,-9.71011e+08,0.000951382,0.000143261,3.57699e-23
0,2.13175e+09,-1.85413e+07,3.33676e+08,-3.38687e+09,-4.44628e+08,-3.27707e+08,-6.8166e+08,0.00098478,0.000154144,-1.77615e-24
0,2.09842e+09,-3.10037e+07,3.23444e+08,-4.70523e+09,-9.00035e+08,-4.13737e+08,-9.53169e+08,0.00100343,0.000154666,-8.51097e-24
0,1.92836e+09,-2.33534e+07,3.17e+08,-5.47335e+09,-7.30218e+07,-3.10378e+07,-1.01473e+09,0.00100628,0.000165421,-2.4849e-23
0,2.0872e+09,-584962,2.94994e+08,1.62764e+09,-1.82074e+09,-1.77341e+08,-1.1336e+09,0.00109999,0.000155467,5.51891e-24
0,2.10435e+09,2.27943e+07,3.23859e+08,-4.09232e+07,-5.15015e+08,-9.17486e+06,-7.88317e+08,0.00102171,0.00015724,-4.41298e-27
0,1.83965e+09,-67179.8,3.14178e+08,4.73973e+09,1.10076e+09,6.04054e+08,-1.08923e+09,0.000944334,0.000161275,2.3781e-23
0,2.19307e+09,-7.42545e+06,3.38225e+08,-6.70697e+09,-4.13294e+08,-3.38849e+08,-4.41189e+08,0.000944626,0.000145685,-6.72481e-24
0,2.12947e+09,-2.96342e+07,3.34233e+08,-7.88759e+09,-6.28872e+07,-4.6396e+08,-6.26085e+08,0.000952268,0.000149464,-2.11722e-23
0,2.0413e+09,-2.87085e+06,3.42256e+08,4.64921e+08,3.54645e+07,9.25431e+07,-4.30954e+08,0.000964328,0.000161685,2.35315e-28
0,2.00833e+09,-7.9104e+06,3.09048e+08,-2.02132e+09,-7.91937e+08,2.66747e+08,-1.18847e+09,0.00105213,0.000161904,-1.88581e-24
0,2.05491e+09,-150757,3.10081e+08,-4.77959e+08,-1.25019e+09,1.11522e+08,-1.21933e+09,0.00104785,0.000158117,-1.86742e-25
0,2.021e+09,2.01379e+07,3.17154e+08,-1.75924e+09,-3.9327e+08,-1.2089e+08,-9.7333e+08,0.00101235,0.000158867,-5.51195e-25
0,2.11486e+09,-1.77988e+07,2.98276e+08,-2.83492e+09,-1.88445e+09,-1.69857e+08,-1.0484e+09,0.00110577,0.000155955,-1.39966e-23
0,1.90627e+09,1.3216e+07,2.99661e+08,-7.16548e+08,1.17622e+09,-2.6478e+07,-1.2298e+09,0.000998053,0.000156891,-7.78154e-26
0,2.14296e+09,-2.08806e+07,3.36671e+08,-5.00523e+09,-1.99297e+08,-4.77647e+08,-5.32714e+08,0.00096833,0.00015213,-4.22481e-24
0,1.96387e+09,555167,3.0646e+08,-1.87773e+09,-1.04549e+09,1.8671e+08,-1.34957e+09,0.00108315,0.000169024,-3.05986e-24
0,1.96089e+09,5.89316e+06,3.1392e+08,7.23147e+09,4.76609e+08,7.60793e+08,-1.04545e+09,0.000976212,0.000156282,5.45277e-23
0,2.03898e+09,-1.75115e+06,3.37393e+08,-6.11217e+09,1.42122e+08,-3.04071e+08,-4.53615e+08,0.000914599,0.00015134,-7.82075e-24
0,1.67297e+09,-3.73552e+06,3.08632e+08,5.63516e+08,3.47785e+08,-4.1801e+07,-6.72886e+07,0.00101298,0.000186875,-9.89976e-27
0,1.84192e+09,-2.99315e+07,3.18889e+08,-3.24531e+09,-2.26078e+09,-1.19607e+08,5.12542e+08,0.00101113,0.000175056,-5.14099e-24
0,2.06958e+09,3.16161e+07,2.93365e+08,7.28051e+09,-2.06811e+09,1.25795e+08,-1.17742e+09,0.0010903,0.000154552,1.04909e-22
0,1.92943e+09,7.44218e+07,2.99529e+08,8.52298e+09,9.13237e+08,-4.74181e+08,-9.55527e+08,0.000945843,0.000146835,5.68587e-23
0,1.88713e+09,4.07517e+07,2.84629e+08,4.04639e+09,4.18045e+07,-4.6009e+08,-1.46379e+09,0.00106436,0.000160534,1.83131e-23
0,1.93053e+09,-2.10591e+07,3.11713e+08,-2.83015e+09,-2.31774e+07,3.18097e+08,-1.20496e+09,0.00104029,0.000167971,-3.91067e-24
0,1.91778e+09,1.76787e+07,3.13434e+08,1.89338e+09,-5.67878e+08,-1.53155e+08,-1.17853e+09,0.00102192,0.000167018,1.30576e-24
0,1.97535e+09,7.96889e+06,3.19742e+08,-2.10911e+09,-3.95076e+08,-2.4277e+08,-9.42495e+08,0.00100615,0.000162862,-9.34246e-25
0,1.86529e+09,-9.37766e+06,3.0125e+08,3.03522e+08,1.4091e+09,-3.37444e+07,-1.21498e+09,0.00099469,0.000160645,-3.1615e-27
0,1.93479e+09,-1.92984e+07,3.11215e+08,-3.5009e+09,-7.48162e+08,7.51205e+07,-1.28359e+09,0.00107721,0.000173271,-1.2702e-23
0,2.11263e+09,1.92789e+07,3.03414e+08,-7.44612e+09,-2.87588e+09,-4.68967e+07,-7.76798e+08,0.00111595,0.000160271,-1.31201e-22
0,1.93457e+09,6.41864e+06,3.32397e+08,2.38217e+08,7.21397e+08,1.3686e+08,-8.70854e+08,0.000965411,0.000165877,2.27682e-27
0,2.05163e+09,4.28823e+07,3.30855e+08,7.43233e+09,-7.9561e+08,5.43721e+08,-4.97716e+08,0.000938655,0.000151372,1.07533e-23
0,2.05366e+09,-2.6259e+07,3.38937e+08,-7.50247e+09,2.64709e+08,-6.15451e+08,-4.45503e+08,0.000905412,0.000149429,-1.43968e-23
0,1.92905e+09,-5.80513e+07,3.24747e+08,-4.82942e+09,-1.34363e+09,-7.58575e+08,-2.7191e+08,0.000943109,0.000158768,3.23237e-24
0,1.99749e+09,1.07639e+07,2.95633e+08,-2.46281e+09,-1.01853e+09,7.21773e+08,-9.82464e+08,0.00107128,0.000158551,-3.52952e-24
0,2.0001e+09,-4.14461e+06,3.17749e+08,7.33812e+09,3.48175e+08,9.87803e+08,-9.53317e+08,0.00100186,0.000159161,5.3114e-23
0,1.96146e+09,1.918e+07,3.20662e+08,1.13014e+09,-7.67549e+08,-2.08038e+07,-1.06161e+09,0.00102075,0.000166874,4.91588e-25
0,1.97754e+09,-1.98051e+07,2.92867e+08,4.16815e+08,4.62733e+08,1.49766e+08,-1.12459e+09,0.000979453,0.000145054,-4.24789e-26
0,1.98356e+09,-2.89965e+07,3.18964e+08,-1.48238e+09,-2.40222e+08,3.2681e+07,-1.25435e+09,0.00102821,0.000165339,-2.26712e-25
0,1.87176e+09,-1.95598e+07,2.90634e+08,4.33186e+09,6.59324e+08,5.52252e+08,-1.25179e+09,0.00099735,0.000154861,2.02968e-23
0,2.04713e+09,-7.08561e+07,2.96797e+08,-9.49578e+09,-2.84969e+08,7.53184e+07,-1.00134e+09,0.00102436,0.000148513,-1.07421e-22
0,2.11612e+09,2.99108e+07,3.10941e+08,5.22718e+09,-1.48344e+09,2.97587e+08,-1.0488e+09,0.00104274,0.000153219,2.09918e-23
0,2.07999e+09,2.85126e+06,2.9972e+08,-3.38209e+09,-1.70929e+09,2.50636e+07,3.95827e+08,0.000903486,0.00013019,-5.05474e-25
0,1.88873e+09,2.6898e+07,3.22153e+08,2.00254e+09,1.43829e+09,-1.56836e+08,-1.06207e+09,0.000964068,0.000164437,7.00495e-25
0,2.13541e+09,-3.62323e+07,3.31708e+08,-7.78439e+09,2.08122e+08,-3.49332e+08,-6.24391e+08,0.000930945,0.00014461,-1.92555e-23
0,1.85026e+09,-6.7004e+07,3.20841e+08,-2.21518e+09,-1.22496e+09,-4.53234e+08,-2.07718e+08,0.000932932,0.000161773,-4.80955e-25
0,1.89882e+09,1.60001e+07,2.85747e+08,-3.77697e+09,-1.14265e+08,6.19319e+08,-1.12542e+09,0.00105674,0.000159026,-1.12893e-23
0,1.82654e+09,-6.58352e+07,3.08644e+08,-2.21311e+09,-9.99914e+08,-4.15356e+08,-9.18146e+08,0.000996347,0.00016836,-2.61794e-24
0,1.89615e+09,1.86898e+07,3.17624e+08,2.83076e+09,-5.91055e+08,3.01859e+08,-1.08135e+09,0.00103735,0.000173767,4.05286e-24
0,1.84021e+09,-5.01931e+06,2.93469e+08,-9.65921e+08,1.78967e+09,-1.44786e+08,-1.24172e+09,0.000998358,0.000159214,-6.83306e-26
0,1.76124e+09,3.70118e+07,3.00344e+08,2.56693e+09,1.19404e+09,-7.49181e+08,-1.58578e+09,0.00104894,0.000178876,3.381e-24
0,2.23382e+09,7.79153e+06,2.97706e+08,7.52114e+09,1.92388e+08,-5.07299e+08,-9.19481e+07,0.000962735,0.000128306,1.43774e-24
0,2.04045e+09,-6.6704e+07,3.03645e+08,-1.10384e+10,-1.45534e+08,2.33344e+08,-8.39623e+08,0.00100168,0.000149063,-1.29292e-22
0,1.83062e+09,-6.03823e+07,3.22405e+08,5.08978e+08,-8.66155e+08,-1.9743e+08,-1.45563e+07,0.000933477,0.000164402,4.56895e-26
0,1.89573e+09,-2.88404e+07,3.03461e+08,-3.30194e+09,1.47249e+08,3.42593e+08,-1.41874e+09,0.00104211,0.000166817,-7.89382e-24
0,1.95843e+09,-1.71471e+07,3.11312e+08,-4.61648e+08,3.58257e+08,-1.12151e+08,-1.11728e+09,0.000986861,0.000156871,5.59021e-26
0,1.81853e+09,-1.75876e+07,3.05035e+08,4.15255e+09,-8.22419e+08,-2.88324e+08,-9.48167e+08,0.000994556,0.000166823,1.65211e-23
0,1.98476e+09,3.66763e+07,3.23119e+08,3.66272e+09,7.51052e+08,-3.088e+08,-8.63776e+08,0.000993749,0.000161782,4.23677e-24
0,1.76657e+09,6.77292e+06,2.80607e+08,-2.98311e+09,8.63122e+08,4.41427e+08,-1.19511e+09,0.00103534,0.000164457,-5.9822e-24
0,2.09013e+09,5.13686e+07,2.63306e+08,1.46852e+09,-1.04525e+09,-1.01144e+08,-6.51323e+07,0.00107024,0.000134824,5.7342e-25
0,1.85415e+09,2.49301e+07,2.85476e+08,-8.93644e+09,-1.37385e+09,6.77072e+07,-1.19597e+09,0.00114865,0.000176852,-3.5222e-22
0,1.74688e+09,-7.99903e+07,3.05513e+08,-2.1063e+08,-1.26542e+09,-4.61674e+08,-6.67784e+08,0.000979761,0.000171351,-1.55604e-24
0,1.67849e+09,1.95433e+06,2.55525e+08,3.6435e+09,-2.85967e+09,3.49003e+08,9.00784e+08,0.00103541,0.000157627,5.01129e-24
0,1.88921e+09,3.09011e+07,3.06484e+08,2.94934e+09,-7.33217e+06,-2.23741e+07,-1.27144e+09,0.00104777,0.000169979,5.57367e-24
0,1.90627e+09,-3.28868e+07,3.13104e+08,-1.34306e+10,-1.29908e+09,-4.5476e+08,-7.00784e+08,0.00100607,0.000165247,-2.38974e-22
0,2.1954e+09,2.60076e+07,3.00663e+08,7.62177e+09,-2.75761e+09,1.49467e+08,-9.0906e+08,0.00107499,0.000147221,9.18734e-23
0,2.01407e+09,9.38471e+06,3.28736e+08,5.44748e+09,6.33919e+08,4.07494e+08,-7.76364e+08,0.000916895,0.000149656,1.17021e-23
0,2.05232e+09,1.75906e+07,3.22492e+08,4.42493e+09,-9.00693e+08,4.77584e+08,-1.12594e+09,0.00105945,0.000166477,1.17977e-23
0,1.90339e+09,1.95651e+07,2.88399e+08,2.21132e+09,-1.22061e+09,-2.34786e+08,-1.43288e+09,0.00110943,0.000168099,7.53809e-24
0,1.93146e+09,-1.67574e+07,3.17962e+08,-1.32559e+09,1.99711e+08,1.77778e+08,-1.15967e+09,0.0010132,0.000166796,-9.88017e-26
0,1.91716e+09,-3.02075e+07,2.91219e+08,-3.60647e+09,-1.45537e+09,2.28856e+08,-1.3769e+09,0.00111735,0.000169726,-3.00165e-23
0,1.80038e+09,-2.49625e+07,2.95927e+08,4.06677e+08,3.59058e+08,-4.47372e+08,-1.20792e+09,0.000992716,0.000163172,-4.39055e-26
0,1.86188e+09,-6.04805e+07,3.13617e+08,-1.14009e+10,6.03413e+08,-4.75076e+07,-9.59072e+08,0.000966198,0.000162748,-2.15158e-22
0,2.02713e+09,-1.92453e+07,3.18195e+08,-5.46687e+09,-9.50033e+08,1.74428e+08,-8.92849e+08,0.00106112,0.000166562,-2.77281e-23
0,1.86067e+09,-3.18687e+07,3.05608e+08,6.4149e+09,-1.79149e+09,-2.56326e+08,-6.8596e+08,0.00102487,0.000168331,6.85636e-23
0,1.97487e+09,-1.12471e+07,3.26743e+08,-1.68749e+09,-2.26344e+08,-2.46397e+07,-9.89664e+08,0.00101773,0.000168384,-4.92638e-25
0,1.99396e+09,-2.07864e+07,3.00938e+08,1.22059e+09,8.56075e+08,-2.0309e+08,-9.82532e+08,0.00100503,0.000151683,1.39303e-25
0,1.97455e+09,2.50996e+07,3.04333e+08,1.9112e+09,-1.85967e+08,-1.85798e+08,-1.14385e+09,0.00108173,0.000166725,1.04414e-24
0,2.06022e+09,9.45415e+06,3.14413e+08,1.67059e+09,-1.13289e+09,4.29127e+08,-1.00286e+09,0.00105029,0.000160287,1.8509e-24
0,2.02198e+09,2.25356e+07,3.27924e+08,6.43764e+09,4.12827e+08,2.42801e+08,-7.45489e+08,0.000933089,0.000151328,1.76042e-23
0,1.9317e+09,-5.46662e+07,2.95354e+08,-5.76148e+09,-8.0837e+08,1.74537e+08,-1.28393e+09,0.00111085,0.000169848,-6.65749e-23
0,1.85286e+09,-4.08311e+06,2.92476e+08,6.42377e+09,1.93908e+09,9.93346e+08,-1.22603e+09,0.000980228,0.00015473,9.90536e-23
0,1.80965e+09,8.94017e+06,3.04388e+08,-9.22519e+09,-1.79885e+09,-2.79611e+08,-8.21455e+08,0.00106972,0.00017993,-2.00067e-22
0,2.04612e+09,1.53859e+07,3.25563e+08,2.34926e+09,-5.4687e+08,4.45353e+08,-9.75907e+08,0.00100679,0.000160194,8.93764e-25
0,1.77593e+09,1.19443e+07,2.81367e+08,2.79334e+09,4.24877e+08,7.92126e+08,-1.21693e+09,0.00102663,0.000162652,7.13735e-24
0,2.0754e+09,4.78695e+06,3.21521e+08,1.21291e+09,-5.32843e+08,-5.98473e+08,-8.7532e+08,0.00101096,0.000156617,-3.08961e-26
0,1.92288e+09,-2.55295e+07,3.14518e+08,-5.92349e+09,-4.18404e+07,1.18424e+08,-1.08791e+09,0.00102844,0.000168217,-3.82918e-23
0,1.73708e+09,-8.07903e+07,3.04132e+08,5.15756e+09,-1.05945e+09,-7.56405e+07,-1.98205e+08,0.00101354,0.000177453,1.31658e-23
0,1.96612e+09,-2.09239e+07,3.00082e+08,-1.03261e+09,-1.42008e+09,-6.32954e+08,-1.33703e+09,0.00107532,0.000164123,-4.6885e-24
0,1.86198e+09,-7.37239e+07,3.16388e+08,-9.02842e+09,1.86899e+09,2.6839e+08,-8.69221e+08,0.00094064,0.000159833,-6.34993e-23
0,2.1662e+09,-1.87196e+07,2.99208e+08,-4.41604e+09,-2.51229e+09,2.99248e+08,-9.80357e+08,0.00108004,0.000149181,-3.84384e-23
0,1.85553e+09,-3.63452e+07,3.02887e+08,7.01421e+09,-1.77335e+09,1.35543e+07,-6.46231e+08,0.00104876,0.000171194,7.82096e-23
0,2.07693e+09,-218326,3.12691e+08,-7.9909e+08,-1.41336e+09,3.66885e+08,-1.05869e+09,0.00105839,0.000159345,3.83466e-26
0,2.05368e+09,3.35098e+07,3.25256e+08,7.43932e+09,-1.74683e+07,4.16262e+08,-8.01228e+08,0.000952348,0.00015083,2.7579e-23
0,2.01798e+09,3.82711e+07,3.27469e+08,5.64377e+09,1.21902e+09,1.09896e+08,-7.40184e+08,0.000906456,0.000147096,1.03877e-23
0,1.94937e+09,278408,3.13054e+08,1.94309e+09,-2.5044e+08,2.48023e+08,-1.22909e+09,0.00103458,0.000166145,8.3447e-25
0,1.93147e+09,-2.64968e+07,2.85632e+08,-3.34495e+09,-1.44117e+09,1.94322e+08,-1.43549e+09,0.00110593,0.00016355,-2.3299e-23
0,2.0421e+09,-2.01661e+06,3.29235e+08,9.43302e+08,-5.94996e+08,2.96027e+08,-8.88493e+08,0.00101872,0.000164242,1.79998e-25
0,1.93811e+09,-1.8588e+07,3.20237e+08,-1.18801e+08,-3.3869e+08,1.26419e+08,-1.2903e+09,0.00106325,0.000175682,1.06151e-25
0,1.84414e+09,-1.52756e+07,3.09894e+08,-8.63901e+09,-1.5764e+09,-5.89078e+08,-8.59388e+08,0.00102349,0.00017199,-9.32764e-23
0,1.72716e+09,-5.87878e+07,3.00295e+08,7.93319e+09,5.86656e+08,1.80531e+08,-3.49258e+08,0.00104141,0.000181067,6.19483e-23
0,1.91704e+09,-6.49994e+07,3.10927e+08,6.01612e+08,-8.49753e+08,1.08464e+08,-4.19248e+08,0.00096594,0.000156667,2.11437e-25
0,1.96979e+09,-8.12373e+07,2.97955e+08,-8.96566e+09,5.23741e+08,3.21876e+08,-1.11816e+09,0.00105514,0.000159604,-1.33777e-22
0,2.14325e+09,1.58073e+07,3.31788e+08,4.48693e+09,-7.37673e+08,5.10572e+08,-7.1493e+08,0.000978977,0.000151551,3.43966e-24
0,1.99289e+09,-3.89194e+07,2.98278e+08,-3.81694e+09,-2.58255e+08,-2.37955e+08,-1.21065e+09,0.00105803,0.000158356,-9.81105e-24
0,1.88626e+09,3.40753e+07,3.0884e+08,7.18845e+08,1.05981e+09,-5.65526e+08,-1.25427e+09,0.00101357,0.000165955,-2.05054e-27
0,2.1356e+09,1.98721e+07,3.29163e+08,6.73755e+09,-7.98872e+08,5.23576e+08,-7.07635e+08,0.000989572,0.000152524,1.38941e-23
0,1.78468e+09,-3.43596e+07,2.9305e+08,5.45181e+09,-4.27551e+08,-1.85527e+08,-8.20296e+08,0.00103134,0.000169349,3.58314e-23
0,2.01584e+09,-2.34819e+07,3.12753e+08,-5.01995e+09,-9.08381e+08,2.81064e+08,-1.10376e+09,0.00104871,0.000162704,-2.54477e-23
0,1.96136e+09,-3.7671e+07,2.93434e+08,-9.03525e+09,-6.57518e+08,5.07903e+08,-1.15446e+09,0.00104854,0.00015687,-1.60356e-22
0,2.00878e+09,-2.2036e+07,3.26953e+08,-1.6859e+09,-4.26944e+08,-4.58473e+07,-1.0442e+09,0.00106769,0.000173779,-7.20929e-25
0,1.98363e+09,-1.24142e+07,3.20447e+08,5.07313e+08,-7.51074e+07,1.77377e+08,-1.10936e+09,0.00100724,0.000162716,-7.64253e-26
0,2.10816e+09,1.81996e+07,3.27118e+08,7.14979e+09,-3.34157e+08,4.62212e+08,-7.75427e+08,0.000955997,0.00014834,1.93669e-23
0,1.99247e+09,-3.17409e+07,3.23799e+08,-9.99761e+09,-7.63517e+08,-7.41212e+08,-7.58834e+08,0.00101081,0.000164268,-7.67674e-23
0,2.1479e+09,2.87503e+07,3.05345e+08,5.40831e+09,-1.59411e+08,-2.43914e+08,-6.86433e+08,0.000972664,0.000138274,8.34487e-24
0,2.04732e+09,-1.24866e+07,3.23226e+08,-6.2992e+08,-3.31671e+08,-1.08159e+08,-9.6382e+08,0.000988002,0.000155983,-2.24979e-27
0,1.79581e+09,-1.26148e+07,2.48304e+08,-2.02806e+10,-1.0842e+09,-4.2828e+08,7.29622e+08,0.0012155,0.000168065,3.78888e-21
0,1.78147e+09,-1.3738e+07,2.97387e+08,9.24248e+09,2.22528e+09,1.43457e+07,-3.17746e+08,0.00107619,0.000179653,3.16561e-23
0,2.06819e+09,-2.13221e+07,2.91136e+08,1.53409e+10,-2.2891e+09,-5.24438e+08,-1.78453e+08,0.00100065,0.000140859,1.93198e-22
0,1.98955e+09,2.64699e+07,3.00018e+08,-2.96443e+09,-1.00077e+09,1.7952e+08,-1.0705e+09,0.00109195,0.000164663,-8.22754e-24
0,2.04525e+09,4.50506e+06,2.84944e+08,4.76901e+09,-1.12171e+08,4.66008e+08,-9.8488e+08,0.00102534,0.000142851,1.20451e-23
0,1.95246e+09,-1.84643e+07,2.80645e+08,-3.76087e+08,-5.66689e+08,4.49669e+08,-1.31667e+09,0.00104075,0.000149597,5.06588e-25
0,1.98656e+09,-4.6674e+07,3.03598e+08,-5.10981e+09,6.59285e+07,-1.73739e+08,-1.06813e+09,0.00103764,0.000158578,-2.12702e-23
0,1.88651e+09,-9.34015e+06,3.05415e+08,3.0073e+09,1.77588e+08,3.18925e+08,-1.25954e+09,0.00105597,0.000170955,6.37751e-24
0,1.80362e+09,3.97723e+06,2.98884e+08,-4.87874e+08,2.29375e+09,-5.42294e+07,-1.36504e+09,0.000975857,0.000161712,4.75667e-25
0,2.00919e+09,-2.40316e+07,3.25328e+08,-8.25972e+08,-1.20248e+08,5.15029e+06,-1.01473e+09,0.00101044,0.00016361,3.25787e-26
0,1.89416e+09,-3.26353e+07,3.07302e+08,-4.91099e+09,2.24358e+08,3.39097e+08,-1.29096e+09,0.00101577,0.000164795,-2.42307e-23
0,2.01078e+09,-8.31559e+07,2.87116e+08,-7.0267e+09,7.62994e+08,7.73669e+08,-1.03542e+09,0.000983914,0.000140492,-3.10451e-23
0,2.11341e+09,-9.00059e+06,3.35078e+08,-1.48489e+09,-5.0514e+08,-1.60969e+08,-6.15496e+08,0.000991291,0.000157168,-2.1075e-25
0,1.94876e+09,5.85768e+07,2.92856e+08,5.90268e+09,9.57851e+07,-1.17349e+08,-1.3636e+09,0.00106545,0.000160113,5.16405e-23
0,2.08179e+09,-1.95261e+07,3.14654e+08,-7.70138e+09,-9.39185e+08,-3.65922e+08,-8.09991e+08,0.000977141,0.00014769,-2.99477e-23
0,2.12165e+09,-1.1568e+07,3.24725e+08,-4.99633e+09,-1.14191e+09,-4.11838e+08,-7.00474e+08,0.000988474,0.000151289,-6.66123e-24
0,2.29544e+09,2.37605e+07,3.29542e+08,5.39984e+09,-7.75676e+08,-1.18685e+08,-3.72667e+08,0.000932635,0.000133893,3.29173e-24
0,1.78801e+09,-4.7731e+07,2.85231e+08,-8.37845e+09,1.41912e+09,7.06527e+08,-1.29745e+09,0.00101424,0.000161796,-1.33955e-22
0,2.14771e+09,1.96938e+07,3.34801e+08,5.50738e+09,-3.92071e+07,3.48817e+08,-5.64112e+08,0.000919175,0.000143288,5.20847e-24
0,1.89027e+09,-5.8609e+07,3.07042e+08,-2.34213e+09,-1.80834e+09,7.401e+07,-7.93475e+08,0.00105788,0.000171834,-1.19182e-23
0,2.25635e+09,4.53158e+07,3.13011e+08,3.62435e+09,-1.25293e+09,-2.16346e+07,-3.52011e+08,0.000960233,0.000133207,2.10561e-24
0,1.84198e+09,-1.71395e+07,2.99492e+08,7.45628e+09,6.27003e+07,-4.60575e+08,-5.66741e+08,0.00106781,0.000173618,5.94022e-23
0,2.08674e+09,-4.31167e+07,3.07911e+08,-6.19218e+09,-1.19495e+09,-6.7125e+06,-1.31867e+09,0.00105413,0.000155544,-4.66095e-23
0,2.02659e+09,-3.46761e+07,3.03757e+08,1.95365e+09,-4.23665e+07,1.40283e+08,-5.94193e+08,0.00114183,0.000171145,8.82251e-25
0,1.8204e+09,-4.05258e+07,3.08779e+08,-3.54805e+09,1.13986e+09,3.32832e+08,-1.26834e+09,0.000995107,0.000168791,-8.45283e-24
0,2.07773e+09,-2.38628e+06,3.24947e+08,-5.72896e+09,-8.16741e+08,-2.758e+08,-6.60212e+08,0.000976352,0.000152696,-1.03127e-23
0,1.92113e+09,-4.96383e+07,3.04222e+08,-5.62312e+09,-1.09684e+09,2.63788e+07,-9.65834e+08,0.00099906,0.000158207,-3.09507e-23
0,2.0232e+09,-6.01921e+06,3.12945e+08,1.01827e+09,-1.49851e+09,-7.18582e+07,-1.14157e+09,0.00107356,0.000166056,2.08563e-24
0,1.836e+09,4.30598e+07,2.5871e+08,-1.65349e+10,-2.3423e+09,-3.77276e+07,4.10189e+08,0.00105202,0.00014824,3.98187e-22
0,2.20956e+09,2.96415e+07,3.25554e+08,4.04516e+09,-5.8407e+08,-2.90731e+08,-5.82745e+08,0.000995282,0.000146644,3.5393e-24
0,2.04084e+09,-6.58688e+07,3.01832e+08,-1.00342e+10,-6.05589e+08,1.35051e+08,-1.09662e+09,0.00104174,0.000154069,-1.57189e-22
0,1.72264e+09,2.39838e+07,2.84877e+08,9.82463e+09,3.70728e+09,2.20495e+08,-5.24568e+08,0.00112929,0.000186753,-3.42908e-23
0,1.92356e+09,-6.2711e+07,3.14843e+08,-8.13058e+09,1.28813e+09,1.81379e+08,-9.599e+08,0.000938363,0.000153589,-5.17017e-23
0,1.84493e+09,2.13364e+07,3.03019e+08,2.17783e+09,6.35261e+08,-5.04427e+08,-1.40957e+09,0.0010206,0.000167628,1.44299e-24
0,2.12442e+09,-1.22138e+07,3.3926e+08,-4.19301e+09,-2.55138e+08,-4.99927e+08,-3.63808e+08,0.000977885,0.000156164,-1.4498e-24
0,2.05413e+09,-1.30296e+06,3.19988e+08,6.32576e+08,-8.65141e+08,4.83531e+08,-9.98177e+08,0.00101389,0.000157941,4.67082e-25
0,2.20032e+09,5.82701e+07,3.10813e+08,-1.1296e+09,-2.13955e+09,3.11891e+08,-8.37184e+07,0.000933904,0.000131921,-8.2463e-25
0,2.03044e+09,-2.51226e+07,2.97545e+08,3.82971e+09,3.84669e+08,-1.25805e+08,-6.32139e+08,0.00111488,0.000163377,6.60458e-24
0,2.01128e+09,-9.58673e+06,3.21592e+08,-8.52856e+07,-2.23153e+08,3.68903e+08,-1.08111e+09,0.000992731,0.000158732,4.93048e-26
0,1.96257e+09,-1.476e+07,3.27021e+08,4.06093e+07,1.39603e+08,1.5116e+08,-9.62235e+08,0.0010029,0.000167113,-1.16934e-26
0,2.11841e+09,2.0397e+07,3.25554e+08,7.88046e+09,5.22438e+08,3.64269e+08,-5.87867e+08,0.000923488,0.00014192,2.0438e-23
0,2.02773e+09,8.96857e+06,3.32961e+08,4.59338e+09,7.65026e+08,8.02813e+07,-7.41661e+08,0.000935861,0.000153671,6.35198e-24
0,2.04985e+09,-3.37931e+06,3.42329e+08,-8.09556e+08,2.47432e+07,-6.69078e+07,-4.27407e+08,0.000966437,0.000161397,-1.51207e-26
0,2.27036e+09,7.51549e+06,3.30969e+08,3.79104e+09,-1.15668e+09,3.15869e+07,-4.16227e+08,0.000956275,0.000139404,2.07527e-24
0,2.03282e+09,-4.16727e+06,3.26814e+08,2.61528e+09,-1.20146e+09,3.72635e+08,-7.22302e+08,0.00100404,0.000161418,2.5049e-24
0,2.00449e+09,-6.93898e+07,3.17496e+08,-3.52932e+09,-1.47275e+09,-5.4939e+08,-5.7677e+08,0.000979247,0.000155105,-3.14455e-24
0,2.05157e+09,-5.96533e+07,3.2159e+08,-4.39504e+09,-1.18886e+09,-6.06293e+08,-5.40209e+08,0.000951523,0.000149154,-1.67599e-24
0,1.91443e+09,-9.58818e+06,3.07482e+08,-2.48191e+09,-1.06364e+09,2.90561e+08,-1.2546e+09,0.00105665,0.000169711,-6.05708e-24
0,1.76963e+09,-1.68792e+07,2.95845e+08,-2.83443e+09,7.48311e+08,4.72086e+07,-1.54257e+09,0.00101511,0.000169706,-7.18176e-24
0,2.17487e+09,1.3993e+07,3.33579e+08,2.15356e+09,-5.7397e+08,3.26694e+08,-6.44193e+08,0.000956527,0.000146711,3.24445e-25
0,2.03099e+09,2.19447e+07,3.3102e+08,5.60262e+09,5.16933e+08,1.54899e+08,-8.17372e+08,0.000941696,0.000153482,1.28933e-23
0,1.95452e+09,-3.5432e+07,3.22273e+08,-9.08028e+08,9.78603e+08,1.95522e+08,-8.61475e+08,0.000991228,0.000163439,-3.34795e-26
0,2.30056e+09,106891,3.31907e+08,1.01889e+09,-1.19595e+09,2.7319e+07,-3.77172e+08,0.000964094,0.000139092,2.90215e-25
0,2.03123e+09,4.9632e+06,3.18694e+08,-7.36469e+07,-5.87421e+08,-7.56885e+08,-9.43062e+08,0.00102406,0.000160672,-1.70341e-25
0,1.75488e+09,8.12236e+06,2.79314e+08,1.00077e+09,3.51716e+08,-2.07561e+08,-1.75914e+09,0.00108379,0.000172501,-1.08481e-24
0,2.09373e+09,-4.94561e+06,3.19474e+08,-3.62577e+09,-8.82997e+08,-2.30564e+08,-7.96612e+08,0.000967484,0.000147624,-3.3747e-24
0,1.93815e+09,-3.03552e+07,3.11784e+08,-3.48562e+09,-8.42894e+08,8.80573e+07,-1.133e+09,0.00106353,0.000171087,-1.13665e-23
0,1.94333e+09,-7.60578e+07,3.15556e+08,-2.14514e+09,-1.16567e+09,-3.05733e+08,-4.68222e+08,0.000966522,0.000156943,-1.38952e-24
0,1.94102e+09,-4.56381e+07,3.28936e+08,-8.05333e+09,5.78757e+08,-2.21566e+08,-8.42939e+08,0.000948407,0.000160722,-5.17388e-23
0,1.85649e+09,-4.65511e+06,2.99861e+08,-3.20554e+08,5.00668e+08,2.88196e+08,-1.47739e+09,0.00103367,0.000166958,7.36559e-26
0,1.98661e+09,-7.61602e+07,3.16364e+08,-3.17916e+09,-1.13315e+09,-2.75064e+08,-3.66552e+08,0.000939457,0.000149606,-1.51622e-24
0,2.03314e+09,3.30542e+07,3.32332e+08,6.12885e+09,4.78783e+08,3.6173e+08,-7.9289e+08,0.000953916,0.000155924,1.83099e-23
0,1.9196e+09,9.58136e+07,3.0132e+08,-2.39276e+09,3.77961e+08,8.19994e+06,-4.29996e+08,0.00106406,0.000167026,-1.22039e-24
0,2.04584e+09,-1.73252e+07,3.38848e+08,-5.85889e+08,2.11817e+08,2.46356e+07,-4.37431e+08,0.000993296,0.000164518,-6.22764e-27
0,2.05714e+09,-1.24146e+07,3.28659e+08,-1.18808e+09,-1.63011e+08,-6.25479e+07,-8.11463e+08,0.000998481,0.000159522,-8.43373e-26
0,1.93707e+09,5.78459e+06,3.27885e+08,-1.52517e+07,3.75365e+08,2.0998e+08,-9.89483e+08,0.00100114,0.000169463,-1.27642e-26
0,1.88419e+09,-6.00651e+07,3.17874e+08,-8.39668e+09,1.69451e+09,1.6108e+08,-8.15861e+08,0.000925803,0.000156189,-4.58581e-23
0,2.06106e+09,-1.25702e+06,3.21506e+08,-1.19337e+09,-7.82261e+08,-7.93705e+08,-8.07407e+08,0.001018,0.000158798,1.90551e-25
0,2.2255e+09,9.10031e+06,2.93072e+08,4.82329e+09,-1.19871e+09,4.03703e+07,-4.02648e+08,0.000963657,0.000126902,4.06622e-24
0,1.9547e+09,-4.06504e+07,3.28727e+08,-1.69096e+08,-1.24851e+09,-3.62705e+08,3.24362e+07,0.00101449,0.000170609,-3.40783e-25
0,1.91835e+09,4.58487e+07,2.95472e+08,4.05878e+09,-4.17642e+08,-6.95122e+08,-1.3486e+09,0.00107459,0.000165513,1.8483e-23
0,1.92969e+09,9.39799e+06,2.99651e+08,-9.51033e+08,-8.88563e+08,-975428,-1.09795e+09,0.00103534,0.000160772,-6.22678e-25
0,1.8786e+09,-1.22269e+07,3.08489e+08,5.7072e+08,3.55778e+08,1.43265e+08,-1.38043e+09,0.00103729,0.000170335,-2.33244e-25
0,1.6839e+09,2.83139e+07,3.04581e+08,4.22138e+09,2.44245e+09,2.19007e+08,-1.21467e+09,0.00096505,0.000174557,2.00361e-23
0,1.92249e+09,-4.3362e+07,3.18275e+08,-1.08978e+09,-6.55666e+07,-1.66026e+08,-4.21261e+08,0.000965724,0.000159879,-4.92188e-26
0,2.27114e+09,-1.5909e+07,3.29642e+08,-4.94643e+09,-1.10483e+09,4.71568e+07,-4.25963e+08,0.000951983,0.000138174,-3.9129e-24
0,2.02589e+09,-2.6022e+07,3.23588e+08,-5.15995e+08,-5.76408e+07,3.92183e+08,-9.41131e+08,0.00100636,0.000160742,5.72197e-26
0,1.87213e+09,2.18189e+07,3.14654e+08,1.10972e+09,1.30787e+09,-2.46572e+08,-1.19143e+09,0.000996144,0.000167425,1.12234e-25
0,1.90211e+09,8.40248e+07,3.01059e+08,-3.58061e+09,-2.06733e+09,-4.35418e+08,-5.11588e+08,0.00105073,0.000166306,-1.70864e-23
0,1.9642e+09,-5.2646e+07,3.21401e+08,-8.68708e+08,1.67495e+07,-2.43152e+08,-2.65561e+08,0.000933586,0.000152762,-1.20126e-26
0,1.89993e+09,-3.90815e+07,3.26845e+08,-5.68514e+09,1.39101e+09,-8.28514e+07,-6.84502e+08,0.000912762,0.000157022,-1.30198e-23
0,1.77497e+09,-4.39797e+07,2.93773e+08,-1.44899e+09,1.05516e+09,4.53689e+08,-1.40671e+09,0.00100148,0.000165753,-3.22191e-25
0,2.18446e+09,1.41627e+07,3.32446e+08,3.52866e+09,-8.24003e+08,2.64834e+08,-6.25702e+08,0.000992748,0.000151083,2.05794e-24
0,1.74163e+09,-7.06388e+07,2.87738e+08,4.72865e+09,-3.15978e+08,4.13789e+08,-9.56427e+08,0.00102658,0.000169603,2.46028e-23
0,2.06577e+09,3.92908e+07,3.28831e+08,6.36378e+09,-9.85327e+07,4.12303e+08,-9.24402e+08,0.00100066,0.000159285,2.39803e-23
0,1.87017e+09,1.04737e+07,2.62937e+08,-4.65225e+09,-2.54826e+09,9.49121e+07,5.19596e+08,0.00124886,0.000175584,-3.5777e-23
0,1.80025e+09,4.33807e+07,3.02459e+08,9.11735e+09,1.33854e+09,-2.32718e+08,-1.27057e+09,0.00100685,0.000169161,1.94192e-22
0,1.94898e+09,1.72604e+07,3.19248e+08,1.3765e+08,1.0939e+09,-1.11343e+08,-1.09792e+09,0.000978013,0.000160201,2.48363e-30
0,2.07027e+09,-1.05298e+07,3.22789e+08,-3.6937e+09,-1.32749e+09,-3.53937e+08,-7.06267e+08,0.000990442,0.000154426,-4.71736e-24
0,1.96461e+09,-2.92056e+07,3.23546e+08,8.40089e+08,8.81114e+08,-3.12056e+08,-1.62965e+08,0.00092938,0.000153056,-5.42199e-26
0,2.07826e+09,-2.31803e+07,3.32292e+08,-3.2746e+09,-1.74855e+08,-3.76577e+08,-7.22264e+08,0.000980459,0.000156765,-1.94636e-24
0,1.89555e+09,5.73561e+07,3.09022e+08,-3.1337e+09,-2.42642e+09,-8.29806e+08,-5.07783e+08,0.00102534,0.000167156,-1.59491e-23
0,1.88267e+09,3.82502e+07,3.14419e+08,2.73901e+09,1.27873e+09,-4.97264e+08,-1.06731e+09,0.00100505,0.00016785,1.74824e-24
0,2.02035e+09,-3.84365e+07,3.18107e+08,2.09347e+09,1.29006e+09,3.69433e+08,-6.49427e+08,0.000919864,0.000144834,8.33291e-25
0,1.94717e+09,-1.52496e+07,2.9896e+08,-6.65664e+08,-6.48091e+08,1.34767e+08,-1.09039e+09,0.00102575,0.000157489,2.69974e-27
0,1.99927e+09,-6.30578e+07,3.13525e+08,-6.84986e+09,5.61138e+08,-5.44428e+07,-9.52583e+08,0.0010141,0.000159031,-4.14051e-23
0,1.97045e+09,-3.19584e+06,3.24089e+08,7.98453e+08,-3.72731e+08,-5.04525e+07,-1.15369e+09,0.00103051,0.000169493,-4.36323e-26
0,1.8635e+09,1.959e+06,2.8912e+08,6.41588e+08,-9.64408e+08,1.18621e+08,-1.58234e+09,0.00110039,0.000170725,1.10252e-24
0,2.10221e+09,1.85976e+07,3.27245e+08,1.58775e+09,-5.52044e+08,2.59621e+08,-8.24004e+08,0.000989976,0.000154106,2.95856e-25
0,1.98082e+09,-1.98947e+07,3.18193e+08,2.67966e+09,1.26864e+09,4.35442e+08,-7.72936e+08,0.000910698,0.000146292,2.22364e-24
0,1.90564e+09,-4.03153e+06,2.96139e+08,1.81652e+08,2.41005e+08,5.15525e+07,-1.47186e+09,0.00103792,0.000161295,-1.12326e-25
0,2.04101e+09,-1.6226e+07,3.30694e+08,-9.27017e+08,2.36547e+08,-9.19932e+07,-8.19378e+08,0.000948758,0.000153722,-2.35108e-26
0,2.137e+09,-3.82231e+07,3.10859e+08,8.48854e+09,-2.57371e+09,-2.11528e+08,-4.61769e+07,0.000945596,0.000137551,2.89112e-23
0,2.03352e+09,-1.36432e+06,2.98295e+08,-2.30339e+09,-1.90697e+09,-5.8484e+08,-1.20644e+09,0.00109822,0.000161097,-1.36266e-23
0,2.21828e+09,3.63045e+07,3.09784e+08,4.89566e+09,-1.45582e+09,-1.09179e+08,-3.24171e+08,0.000973833,0.000135996,5.70892e-24
0,1.96109e+09,5.30186e+07,3.12017e+08,1.05468e+10,-4.34561e+08,7.6645e+07,-1.09162e+09,0.00106497,0.00016944,2.38773e-22
0,2.13566e+09,-3.13256e+07,3.20366e+08,2.91319e+09,9.35318e+08,5.15265e+08,-5.39758e+08,0.000928498,0.000139282,1.71567e-24
0,1.64587e+09,4.31071e+07,2.70285e+08,-1.04304e+10,-1.7374e+09,-4.368e+08,-1.08953e+09,0.00105243,0.000172831,-5.03643e-22
0,2.15684e+09,-2.45833e+07,3.32104e+08,-5.06804e+09,-3.96131e+08,-3.14141e+08,-6.65029e+08,0.000973843,0.00014995,-5.69427e-24
0,1.93697e+09,-1.41905e+06,2.96216e+08,-8.80394e+08,-1.54869e+09,2.59198e+08,-1.45472e+09,0.00112529,0.000172088,-9.08547e-25
0,2.08729e+09,6.81478e+06,3.30219e+08,2.75668e+08,-6.11786e+08,1.82723e+08,-7.67613e+08,0.000995836,0.000157546,7.83406e-26
0,2.10871e+09,-3.78828e+07,3.21025e+08,-4.66573e+09,-3.88271e+08,3.38575e+06,-9.82767e+08,0.000997272,0.000151822,-9.28226e-24
0,2.21968e+09,4.78607e+07,3.14165e+08,-1.2738e+09,-2.26449e+09,1.41986e+08,-1.6007e+08,0.000946493,0.000133963,-1.6127e-24
0,1.93404e+09,-1.46764e+07,2.97415e+08,-1.36167e+09,-5.02089e+07,5.79111e+08,-1.11896e+09,0.00102776,0.000158048,3.9821e-26
0,1.88957e+09,5.23149e+07,2.8814e+08,8.09779e+09,1.54407e+09,-6.19157e+08,-1.0689e+09,0.000968125,0.000147629,5.51874e-23
0,1.93147e+09,5.59645e+07,2.9583e+08,-3.59193e+09,-1.5235e+09,4.91642e+08,-8.30586e+08,0.00109681,0.000167991,-2.12086e-23
0,1.96781e+09,2.03195e+07,3.14521e+08,6.93966e+09,8.61897e+08,2.27477e+08,-1.07952e+09,0.000941677,0.000150511,3.90338e-23
0,2.20665e+09,5.31701e+07,2.95449e+08,1.15909e+10,-1.52005e+09,-3.32487e+08,-6.38319e+08,0.00100556,0.000134634,1.02684e-22
0,1.92071e+09,3.2003e+07,3.02347e+08,3.30566e+09,3.99621e+08,-5.95305e+08,-1.25701e+09,0.00102958,0.000162071,5.63042e-24
0,1.9262e+09,2.79783e+07,3.12467e+08,2.08217e+09,8.07836e+08,-4.57549e+08,-1.09224e+09,0.000989843,0.000160572,7.66546e-25
0,1.96824e+09,-3.14239e+07,3.23422e+08,-7.12127e+08,-8.56851e+06,2.85704e+08,-9.37087e+08,0.00100677,0.000165432,5.21551e-26
0,2.03783e+09,-4.71366e+07,2.90267e+08,-5.99971e+09,1.5662e+08,6.69044e+08,-8.74765e+08,0.000965464,0.00013752,-1.62264e-23
0,2.24538e+09,-1.45924e+07,3.30515e+08,1.64264e+09,1.05842e+08,2.92955e+08,-3.92632e+08,0.000940872,0.000138494,9.37177e-26
0,2.07881e+09,-1.4981e+07,3.15767e+08,-5.17333e+09,-1.39402e+09,-6.79043e+08,-7.84247e+08,0.000993856,0.000150964,-6.78145e-24
0,2.17162e+09,-2.42024e+07,3.3587e+08,-7.17179e+09,-2.16743e+08,-4.6056e+08,-5.23758e+08,0.000958876,0.000148303,-1.16196e-23
0,1.77929e+09,-3.52809e+07,2.76955e+08,1.67325e+10,2.08082e+08,-5.74338e+08,3.13635e+08,0.00103581,0.000161228,-4.16721e-22
0,1.88353e+09,1.21789e+07,3.0005e+08,3.75161e+09,-6.17154e+08,-7.14999e+08,-1.1019e+09,0.00103181,0.000164369,1.23157e-23
0,2.03498e+09,-3.18474e+07,3.23205e+08,-5.06865e+09,-5.74652e+08,-3.79719e+08,-1.11642e+09,0.00101363,0.00016099,-1.54205e-23
0,1.85177e+09,-4.36881e+07,2.94607e+08,-4.24444e+09,-2.8443e+08,4.52254e+08,-1.52909e+09,0.0010972,0.000174559,-3.04089e-23
0,1.97897e+09,3.20671e+07,2.97384e+08,4.31127e+09,-1.69165e+09,2.14203e+08,-1.50825e+09,0.00111379,0.000167371,4.32728e-23
0,1.97995e+09,-3.81662e+07,3.02229e+08,-9.89705e+09,-1.00687e+09,-7.18609e+07,-1.10149e+09,0.00104401,0.000159362,-1.77258e-22
0,2.16338e+09,2.02705e+07,3.34169e+08,-1.19226e+09,7.61459e+07,8.02808e+07,-5.06585e+08,0.00093221,0.000143995,-4.05607e-26
0,1.98046e+09,7.0531e+06,2.43955e+08,-1.01607e+09,2.79067e+08,-4.21449e+08,-4.15247e+07,0.00103576,0.000127586,-1.07938e-25
0,1.90754e+09,9.75914e+06,3.22361e+08,1.95062e+09,-2.79616e+08,5.08539e+07,-1.31063e+09,0.00102893,0.000173882,1.08451e-24
0,2.09312e+09,-2.4117e+07,3.26942e+08,-3.37017e+09,-2.31547e+08,-2.7794e+07,-8.37662e+08,0.000983053,0.000153551,-2.78002e-24
0,1.78088e+09,-1.65085e+07,2.98975e+08,2.16974e+09,-6.90822e+08,-1.32002e+08,-1.26464e+09,0.00103842,0.000174331,3.73183e-24
0,1.99319e+09,2.38672e+07,3.22346e+08,1.87225e+09,1.20053e+09,-2.93914e+08,-8.55022e+08,0.000939993,0.000152019,1.86767e-25
0,2.01725e+09,1.8823e+06,3.1855e+08,5.90983e+09,4.22473e+08,4.32782e+08,-9.75468e+08,0.000950892,0.000150158,2.01596e-23
0,1.98244e+09,-2.18033e+07,3.05009e+08,-1.5964e+09,1.12974e+08,4.96322e+08,-1.14754e+09,0.0010213,0.000157132,-1.77823e-25
0,1.8562e+09,2.61575e+07,2.89052e+08,8.27005e+09,1.36276e+09,-2.13076e+07,-1.17201e+09,0.000975721,0.000151942,1.05279e-22
0,1.84951e+09,-6.01037e+07,3.01631e+08,-4.90951e+09,4.10891e+08,4.49137e+08,-1.34665e+09,0.00107621,0.000175516,-3.62245e-23
0,1.91704e+09,-2.52527e+07,2.74037e+08,3.19082e+09,3.54787e+08,4.50812e+08,-1.15369e+07,0.00100838,0.000144146,1.0286e-24
0,2.24934e+09,2.63457e+06,2.89056e+08,-2.48319e+09,-2.78765e+09,-1.78316e+08,-6.82316e+08,0.00106182,0.000136452,-1.53744e-23
0,1.81762e+09,-4.14039e+07,3.0149e+08,-8.91069e+09,2.78374e+08,6.32673e+07,-1.16194e+09,0.00100361,0.00016647,-1.65449e-22
0,2.10503e+09,-2.74572e+07,3.34158e+08,-6.48487e+09,3.22824e+08,-3.15412e+08,-6.55107e+08,0.000934481,0.000148342,-1.31381e-23
0,2.07372e+09,3.32336e+07,3.22178e+08,5.29421e+09,-3.07898e+08,2.53078e+08,-8.61395e+08,0.000989084,0.000153666,1.16771e-23
0,2.17023e+09,1.66851e+07,2.93381e+08,8.28364e+09,2.56797e+09,-9.41861e+07,2.7674e+08,0.00104409,0.000141144,-5.42011e-23
0,1.74979e+09,-2.86004e+07,2.8403e+08,6.31232e+09,-2.05002e+09,-5.66097e+08,-9.12086e+08,0.00105444,0.000171159,1.54219e-22
0,1.93516e+09,1.96032e+07,3.16517e+08,3.92583e+09,-8.11278e+08,-1.94716e+08,-9.06098e+08,0.000980319,0.000160342,9.06487e-24
0,2.18469e+09,1.30286e+07,3.31499e+08,5.32028e+09,-4.76014e+08,1.55303e+08,-6.04345e+08,0.000950758,0.000144266,5.40367e-24
0,1.9991e+09,-1.27536e+07,3.20947e+08,-2.35883e+09,-1.22046e+08,4.15823e+07,-1.09984e+09,0.00101548,0.000163032,-1.55135e-24
0,1.91066e+09,3.39594e+07,3.17111e+08,4.31085e+09,-2.42042e+08,5.94272e+07,-1.00719e+09,0.00102588,0.000170265,1.36305e-23
0,1.97051e+09,-1.83099e+07,3.28559e+08,-5.69977e+09,2.15667e+08,8.32517e+07,-9.62561e+08,0.000972462,0.000162146,-2.01428e-23
0,2.19079e+09,1.81885e+06,3.24522e+08,4.42529e+08,-1.49365e+09,1.7942e+08,-9.0366e+08,0.00102399,0.000151683,8.60027e-25
0,2.0677e+09,-1.58311e+07,3.32186e+08,-5.36248e+09,5.33759e+08,-1.05437e+08,-5.65218e+08,0.000897948,0.00014426,-5.69005e-24
0,1.83937e+09,-2.73056e+07,3.02533e+08,-2.25194e+09,3.09419e+08,7.03461e+07,-1.41646e+09,0.00103354,0.000169994,-2.30375e-24
0,2.05745e+09,1.94509e+07,2.91969e+08,1.04639e+09,-2.2035e+09,4.87623e+07,-1.01177e+09,0.00107315,0.000152289,6.30445e-24
0,2.13382e+09,-4.34347e+06,3.34706e+08,3.02909e+09,2.07516e+08,-3.46099e+07,-4.82188e+08,0.000898653,0.000140961,6.88912e-25
0,2.06094e+09,2.17224e+07,3.25119e+08,4.14863e+09,-4.64398e+08,2.694e+08,-8.48309e+08,0.00100228,0.000158113,5.83989e-24
0,1.82849e+09,-4.17074e+07,3.05659e+08,-1.97383e+09,1.12395e+09,4.30148e+08,-1.26537e+09,0.00100645,0.000168243,-1.00641e-24
0,2.01307e+09,5.26535e+07,3.09273e+08,-1.04136e+10,-9.79608e+08,-1.8487e+08,4.72e+08,0.000930031,0.000142883,4.94077e-23
0,1.77471e+09,-560374,2.8987e+08,-1.56171e+09,1.48359e+08,-2.34172e+07,-1.7405e+09,0.00110089,0.000179813,5.29171e-25
0,2.16975e+09,1.41825e+07,3.33219e+08,4.03986e+09,-4.52296e+08,3.44658e+08,-5.7828e+08,0.000956498,0.000146894,2.00807e-24
0,1.71292e+09,5.94876e+07,2.66284e+08,5.42945e+09,-7.97768e+08,-8.51593e+08,-1.35951e+09,0.00105844,0.000164541,8.73467e-23
0,1.93505e+09,-5.29407e+06,3.26982e+08,9.87873e+08,-3.66628e+08,1.01444e+08,-1.17204e+09,0.00104222,0.000176113,3.57626e-26
0,2.05788e+09,-2.62244e+06,3.40708e+08,5.40046e+08,-1.16457e+08,3.76411e+07,-4.48732e+08,0.000971769,0.000160889,3.02248e-27
0,1.9418e+09,-1.73171e+07,3.23835e+08,-2.3358e+09,5.06803e+08,-9.54918e+07,-1.05817e+09,0.000997952,0.000166429,-1.82975e-24
0,1.83666e+09,3.8192e+07,2.81106e+08,5.21883e+09,3.01915e+09,-2.45506e+08,-1.06658e+09,0.00092232,0.000141164,-4.75917e-24
0,1.85727e+09,4.36084e+07,3.0453e+08,4.52049e+09,3.7904e+08,-4.20763e+08,-1.22783e+09,0.00102929,0.000168769,2.0177e-23
0,1.68616e+09,-1.75886e+07,2.60403e+08,2.99235e+09,-3.86108e+09,6.77435e+08,7.79464e+08,0.00128885,0.000199044,2.01682e-22
0,2.03083e+09,-4.59044e+06,2.93486e+08,-1.87052e+09,-2.23626e+09,1.65384e+08,-1.03574e+09,0.00108597,0.00015694,-1.16833e-23
0,1.83776e+09,-3.31982e+07,2.97889e+08,-4.13742e+09,7.39877e+08,2.65174e+08,-1.52887e+09,0.00102922,0.000166829,-2.00089e-23
0,2.26259e+09,-1.13564e+07,3.13928e+08,1.29829e+09,4.72918e+08,-1.65624e+08,1.77163e+08,0.000907342,0.000125891,-4.12476e-26
0,1.9904e+09,4.34052e+07,3.1931e+08,8.36481e+09,1.78954e+08,5.52516e+07,-9.57175e+08,0.000946465,0.000151836,5.40277e-23
0,1.95902e+09,2.97495e+07,3.05733e+08,-7.86934e+09,-1.83266e+09,-1.83999e+08,4.26735e+08,0.000897536,0.000140073,1.67605e-23
0,2.03848e+09,1.69799e+07,3.23354e+08,1.66534e+09,-5.29787e+07,-1.95372e+08,-8.26941e+08,0.000963328,0.000152808,2.62775e-25
0,1.91031e+09,-1.32695e+06,3.34166e+08,-1.12356e+09,6.62563e+08,7.65685e+07,-7.45233e+08,0.000939373,0.000164323,-9.90544e-26
0,2.08509e+09,4.65452e+07,3.14242e+08,1.55022e+09,-4.3631e+08,5.68874e+08,-3.26806e+08,0.00103106,0.000155389,-2.14299e-25
0,2.12108e+09,-3.43045e+06,3.2658e+08,2.93693e+09,-1.32288e+09,2.96122e+08,-5.53118e+08,0.00103746,0.000159736,3.02757e-24
0,1.9218e+09,5.28329e+07,3.00651e+08,5.31094e+09,1.0423e+08,-5.89245e+08,-1.12875e+09,0.00106208,0.000166154,3.13303e-23
0,1.78988e+09,-4.01886e+07,2.81925e+08,7.61353e+09,-1.51876e+09,1.50572e+07,-7.08896e+08,0.00114443,0.000180259,1.69771e-22
0,1.85295e+09,2.68823e+07,2.85585e+08,1.97255e+09,-2.08751e+09,5.39177e+08,-5.58002e+08,0.00109745,0.000169144,1.61537e-23
0,2.03572e+09,3.13236e+07,3.03838e+08,6.61844e+09,-1.95514e+09,4.1403e+08,-1.07256e+09,0.00106809,0.000159416,6.06699e-23
0,1.8939e+09,1.22122e+07,3.28026e+08,1.09108e+09,1.22055e+09,1.39019e+08,-9.3553e+08,0.000940152,0.000162835,1.90579e-25
0,1.76912e+09,1.86086e+07,3.08354e+08,1.28369e+09,2.00746e+09,-1.99067e+08,-1.28757e+09,0.000997905,0.000173933,-4.04083e-25
0,2.00887e+09,965296,3.22901e+08,1.70422e+09,-3.92021e+08,2.09764e+08,-9.815e+08,0.00101196,0.00016266,4.60095e-25
0,1.89715e+09,-1.42406e+07,3.15552e+08,1.81795e+09,4.28464e+08,2.58413e+08,-1.20202e+09,0.000999164,0.000166191,9.29738e-25
0,1.74368e+09,3.31558e+07,2.74853e+08,1.01543e+08,1.25712e+09,-4.16306e+08,-1.70981e+09,0.00110086,0.000173525,9.49027e-26
0,1.94156e+09,-9.92338e+06,3.22349e+08,1.38283e+09,-2.09314e+07,2.12584e+08,-1.1629e+09,0.00100611,0.000167041,9.66797e-26
0,1.9667e+09,4.28972e+07,3.11989e+08,1.9693e+09,6.67336e+08,-2.42778e+07,-1.16563e+09,0.00100824,0.000159944,1.06287e-24
0,1.84506e+09,3.66831e+07,2.99485e+08,1.37316e+09,1.28685e+09,-2.72401e+08,-1.60453e+09,0.00104707,0.000169957,4.66587e-25
0,2.09033e+09,-5.9544e+07,2.70489e+08,-2.75797e+08,-5.51693e+08,1.01724e+09,-5.58274e+08,0.00103564,0.000134011,3.0384e-26
0,2.22092e+09,4.46955e+06,3.39846e+08,2.56732e+09,-2.97067e+08,3.10042e+08,-2.91893e+08,0.000936191,0.000143257,1.48169e-25
0,1.92852e+09,3.66382e+07,3.25321e+08,3.39185e+09,1.46695e+09,-8.44082e+07,-8.39287e+08,0.000956177,0.000161297,2.84423e-24
0,1.95325e+09,-1.89207e+07,3.231e+08,-2.35553e+09,4.60645e+08,-1.15626e+08,-1.1088e+09,0.000983897,0.000162753,-1.72315e-24
0,1.92865e+09,1.632e+07,2.94606e+08,2.43585e+09,1.16148e+09,-4.33225e+08,-1.26723e+09,0.000995457,0.000152059,1.56019e-24
0,2.02558e+09,2.42065e+07,3.27597e+08,2.52538e+09,-1.98621e+08,1.92317e+08,-6.77029e+08,0.00097666,0.000157956,9.80313e-25
0,2.06134e+09,1.35662e+07,3.25425e+08,9.99943e+08,-1.68008e+08,3.01847e+08,-9.03328e+08,0.000978676,0.000154504,-1.23239e-26
0,2.04854e+09,-1.13025e+07,3.17899e+08,-1.73871e+09,-1.09306e+09,5.74905e+08,-9.27756e+08,0.00102963,0.000159782,-9.51941e-25
0,1.97974e+09,1.69081e+06,3.25812e+08,1.38728e+09,-5.31102e+07,2.55571e+08,-9.36952e+08,0.00101073,0.000166339,1.40949e-25
0,2.01278e+09,-2.91533e+06,3.21741e+08,2.56481e+09,2.48964e+08,9.13906e+07,-9.03697e+08,0.000962137,0.000153797,1.4075e-24
0,2.05636e+09,837737,2.93085e+08,2.36639e+08,-1.6354e+09,-3.47458e+08,-1.15078e+09,0.00107516,0.000153239,-1.45427e-24
0,2.01014e+09,-3.36321e+07,3.01905e+08,5.78406e+07,-2.8359e+09,-2.59984e+08,-7.98077e+08,0.00111881,0.000168036,-5.42203e-24
0,2.03907e+09,4.02063e+07,3.09371e+08,-4.65141e+09,-2.91933e+09,2.21652e+08,-4.22207e+08,0.00101465,0.000153945,-4.14844e-23
0,2.05748e+09,9.58114e+06,2.60282e+08,-2.83093e+09,3.27356e+07,-3.24944e+08,2.41508e+08,0.00111264,0.000140755,9.05201e-25
0,1.92784e+09,-1.07954e+07,3.09451e+08,-1.35271e+09,3.22339e+08,-6.42292e+08,-1.23244e+09,0.0010282,0.000165044,-3.25525e-26
0,2.1584e+09,6.28276e+06,3.37812e+08,1.36629e+09,-1.59994e+08,3.6952e+08,-4.12681e+08,0.000935502,0.000146416,1.60404e-26
0,2.09012e+09,-3.20595e+07,3.02167e+08,-2.69147e+09,-4.02565e+08,5.49316e+07,-5.73252e+08,0.000951037,0.000137491,-9.48318e-25
0,1.86062e+09,-1.11718e+07,2.41021e+08,-4.00535e+09,-4.96625e+08,-4.00416e+08,8.7239e+08,0.00120493,0.000156083,2.94788e-23
0,2.03653e+09,5.12061e+07,3.07395e+08,6.42774e+09,-5.40383e+08,2.5933e+08,-1.22274e+09,0.00101771,0.000153615,3.77435e-23
0,1.96583e+09,-3.09471e+06,3.0967e+08,6.4129e+09,1.02326e+09,5.14604e+08,-9.11213e+08,0.000931383,0.000146717,2.96962e-23
0,1.95527e+09,3.88285e+07,3.18398e+08,2.5912e+09,5.05514e+08,-1.21069e+08,-8.9273e+08,0.000975148,0.000158795,1.67862e-24
0,1.84261e+09,1.76251e+07,3.09284e+08,7.48829e+09,7.53921e+08,4.21486e+07,-1.22955e+09,0.000982817,0.000164967,8.92766e-23
0,2.10957e+09,5.25676e+06,3.17682e+08,5.8325e+09,-1.02924e+09,-1.86482e+08,-7.17176e+08,0.000997372,0.000150195,1.72278e-23
0,1.94444e+09,-1.39475e+07,3.2793e+08,-1.37368e+09,6.72854e+08,2.26244e+07,-9.93008e+08,0.000973465,0.000164175,-2.72234e-25
0,2.29568e+09,2.05133e+07,3.1509e+08,3.88834e+09,8.42314e+07,-6.49597e+07,-1.73353e+08,0.000994998,0.000136567,6.07664e-25
0,1.81424e+09,1.31143e+07,2.41822e+08,4.34536e+09,-6.86217e+08,4.45454e+08,-1.45155e+09,0.00115483,0.000153929,4.04052e-23
0,1.74519e+09,1.31426e+07,2.62823e+08,1.50553e+09,8.33781e+08,-6.65051e+08,-1.70103e+09,0.00110665,0.000166659,-1.35756e-25
0,2.31981e+09,-1.54952e+06,3.24381e+08,4.44794e+08,-1.20076e+09,8.51399e+07,-3.09035e+08,0.000928708,0.000129862,1.13462e-25
0,2.0106e+09,5.89765e+07,2.93681e+08,7.15805e+09,-9.70517e+08,-1.66285e+07,-1.1861e+09,0.00104798,0.000153075,7.11555e-23
0,1.90582e+09,-7.56484e+07,2.94408e+08,-2.27302e+09,-2.87386e+09,-3.29882e+08,-7.21526e+08,0.00109883,0.000169745,-4.41078e-23
0,1.96554e+09,2.95187e+07,3.23723e+08,8.88039e+09,1.4627e+08,9.41408e+07,-6.10974e+08,0.000944967,0.000155635,4.41071e-23
0,1.92292e+09,-6.05609e+06,3.11673e+08,-6.66367e+08,1.1102e+08,-5.10166e+08,-1.09319e+09,0.00102305,0.000165818,2.23319e-25
0,2.02434e+09,6.04785e+07,2.98229e+08,-1.12374e+10,-1.93552e+09,1.18093e+08,4.6393e+08,0.000924568,0.000136209,3.73097e-23
0,2.00207e+09,-6.66601e+06,3.03968e+08,4.42874e+07,-2.48448e+08,-4.42627e+08,-1.2089e+09,0.00102992,0.00015637,-7.73854e-26
0,2.28737e+09,1.76052e+07,3.14637e+08,-2.50956e+09,7.97521e+08,1.11454e+08,1.16009e+08,0.00092996,0.00012792,2.76881e-25
0,2.04416e+09,-7.39505e+06,3.39996e+08,-3.0888e+08,-9.30586e+07,6.93526e+07,-4.9323e+08,0.000971342,0.000161559,2.4697e-27
0,2.01731e+09,1.94391e+07,2.74957e+08,-6.3059e+09,-1.91296e+09,-3.86164e+08,2.50834e+08,0.00104035,0.000141799,1.22954e-23
0,2.15516e+09,-8.84956e+06,3.16183e+08,3.76479e+09,-1.1509e+09,-1.00396e+08,-7.16934e+08,0.000997515,0.000146345,5.30525e-24
0,1.76645e+09,2.04363e+07,2.36265e+08,3.15641e+09,-1.48976e+08,3.30539e+08,-1.48489e+09,0.00118116,0.000157982,1.79916e-23
0,1.894e+09,-3.95685e+07,2.96452e+08,-6.83005e+08,4.34924e+08,9.88014e+08,-1.17748e+09,0.000997655,0.000156154,-1.80263e-26
0,1.73288e+09,748462,2.94901e+08,7.29099e+08,8.32972e+08,-4.71313e+07,-9.6578e+08,0.00109655,0.00018661,1.14968e-25
0,1.96557e+09,4.10715e+07,3.1401e+08,4.00232e+09,3.99374e+08,-3.81238e+08,-8.4277e+08,0.00099449,0.000158875,6.0294e-24
0,1.91546e+09,1.61707e+07,3.06238e+08,3.63778e+09,-6.52026e+08,-3.34732e+08,-1.25291e+09,0.0010753,0.000171916,1.43447e-23
0,2.15354e+09,-2.56307e+06,3.39251e+08,5.2252e+08,-1.59651e+08,2.1831e+08,-3.43858e+08,0.000943581,0.000148644,-1.1575e-27
0,2.07263e+09,-3.67086e+06,3.01327e+08,5.31303e+09,-5.20654e+08,3.5342e+08,-9.89764e+08,0.00100185,0.000145653,1.37792e-23
0,1.68813e+09,-9.29208e+06,3.14756e+08,-9.61618e+09,-5.2673e+08,-5.33851e+08,-1.69891e+08,0.000849265,0.000158347,-8.66784e-24
0,1.77966e+09,3.55854e+06,2.38808e+08,-6.65019e+09,-2.2088e+08,-1.73362e+08,8.37606e+08,0.00115607,0.00015513,1.14702e-22
0,1.85221e+09,-9.16118e+06,3.01978e+08,1.67935e+09,1.35084e+08,1.59035e+08,-1.42602e+09,0.00100309,0.000163541,3.58528e-25
0,1.96886e+09,-1.409e+07,3.04333e+08,-4.08541e+08,-4.5554e+08,-5.54384e+08,-1.42111e+09,0.00106856,0.00016517,-5.82456e-26
0,1.96219e+09,-5.18995e+06,3.18741e+08,-7.81576e+08,-3.15684e+08,1.23331e+08,-1.14969e+09,0.00101372,0.000164671,8.21308e-26
0,2.08818e+09,5.91128e+07,3.06801e+08,1.1338e+10,1.71299e+07,-3.47677e+08,-7.2659e+08,0.000969649,0.000142464,9.06404e-23
0,1.98457e+09,-9.79315e+06,3.24269e+08,-1.0362e+09,-4.01869e+08,1.39655e+08,-1.13945e+09,0.00102904,0.000168141,-1.70605e-26
0,2.16064e+09,1.47608e+07,3.30539e+08,5.28575e+08,-6.74231e+08,1.82153e+08,-7.4995e+08,0.000994096,0.000152079,1.0433e-25
0,1.90361e+09,-2.41523e+07,2.92501e+08,-5.29711e+09,-3.41402e+08,2.40965e+08,-1.23088e+09,0.00103899,0.000159647,-3.49455e-23
0,2.12967e+09,7.50145e+06,3.16003e+08,2.8831e+09,-7.58747e+08,-4.6124e+08,-8.79736e+08,0.00100256,0.000148761,2.58137e-24
0,1.88968e+09,-5.77948e+07,3.00709e+08,7.64418e+07,9.10946e+08,1.02771e+09,-1.09358e+09,0.000997436,0.000158724,1.12185e-25
0,1.78978e+09,-2.93066e+07,3.00701e+08,8.27717e+08,1.51227e+09,-1.16056e+07,-9.48189e+08,0.00110143,0.000185053,-1.86149e-25
0,1.93383e+09,4.68207e+07,3.00681e+08,8.25492e+09,1.86906e+08,8.18506e+06,-1.30527e+09,0.00102234,0.000158958,1.18465e-22
0,2.04319e+09,-8.86469e+06,3.4177e+08,-3.56646e+08,-7.42618e+06,5.54036e+07,-3.27897e+08,0.000970313,0.000162307,-1.28397e-28
0,1.85521e+09,-8.91568e+07,2.9941e+08,1.19486e+09,-1.93699e+08,2.42419e+08,-8.59979e+08,0.000988789,0.00015958,8.59912e-26
0,1.94574e+09,-2.16472e+07,2.8121e+08,-1.49073e+09,-1.1907e+09,-4.70412e+08,-1.28099e+09,0.00113162,0.000163548,-4.40056e-24
0,2.12937e+09,4.91962e+07,3.08631e+08,1.07311e+10,-9.32596e+08,-1.86843e+08,-7.17053e+08,0.000998428,0.000144712,8.84351e-23
0,1.88512e+09,2.13011e+07,2.49224e+08,-9.60825e+09,5.90456e+08,-1.0448e+08,7.00517e+08,0.00112425,0.000148633,1.84597e-22
0,1.85463e+09,-3.54442e+06,2.36655e+08,-1.21594e+09,-1.05613e+09,-3.14655e+07,-1.42238e+09,0.00116323,0.00014843,-3.1689e-24
0,2.13436e+09,3.00016e+07,3.16579e+08,8.81486e+09,-1.28022e+09,2.72795e+08,-7.95279e+08,0.00100537,0.000149122,4.89886e-23
0,1.83212e+09,-2.45276e+07,2.90516e+08,-4.29264e+09,7.58853e+08,1.6245e+08,-1.25683e+09,0.00102277,0.000162179,-1.94801e-23
0,1.97911e+09,1.44545e+07,3.2272e+08,7.33893e+08,6.16763e+08,1.10657e+08,-9.97965e+08,0.000968284,0.000157891,2.72664e-26
0,1.8617e+09,1.66856e+07,3.08885e+08,-4.28822e+08,4.84846e+08,-1.69814e+08,-1.30842e+09,0.000991967,0.000164583,1.20221e-25
0,2.0068e+09,-1.14379e+07,3.20697e+08,-2.24716e+09,-6.04592e+08,5.74177e+07,-1.17799e+09,0.00105032,0.000167847,-2.15727e-24
0,1.99765e+09,-9.74546e+06,3.28593e+08,5.46578e+08,2.53425e+08,-8.69167e+06,-9.50106e+08,0.000971252,0.000159761,-2.5016e-26
0,2.0806e+09,-2.9889e+07,3.0285e+08,-4.45913e+09,-1.02294e+09,9.16743e+07,-9.79325e+08,0.000995833,0.000144952,-1.10548e-23
0,2.05407e+09,-1.13594e+07,3.29329e+08,1.14982e+08,6.84442e+08,1.75325e+08,-7.2816e+08,0.000925654,0.00014841,1.09493e-27
0,1.94203e+09,-5.07959e+06,3.21828e+08,-1.00703e+10,3.32993e+08,-3.80439e+08,2.21752e+08,0.000950842,0.000157571,2.08716e-23
0,2.17661e+09,-406531,3.22437e+08,-1.42473e+09,-1.27566e+09,-4.74921e+08,-6.85346e+08,0.00100687,0.000149155,-1.00219e-24
0,2.12866e+09,-2.67212e+07,3.10562e+08,-6.671e+09,-1.71342e+09,-5.14425e+08,-1.106e+09,0.00104867,0.000152996,-3.8274e-23
0,2.20052e+09,-4.75778e+06,3.17667e+08,-4.63759e+09,-1.24681e+09,1.96697e+08,-6.87259e+08,0.000979099,0.000141342,-7.76227e-24
0,2.01927e+09,-2.85159e+07,3.18943e+08,-6.70368e+09,1.13685e+09,1.60115e+08,-7.77037e+08,0.000935118,0.000147702,-1.76983e-23
0,1.91045e+09,-3.56601e+07,2.71766e+08,1.34284e+09,1.02262e+09,6.47134e+08,-8.94762e+08,0.00104897,0.000149219,1.58437e-24
0,2.12347e+09,-7.60311e+06,3.09916e+08,-5.70104e+08,-1.15205e+09,-2.98053e+08,-8.72096e+08,0.00101266,0.000147795,-6.68131e-25
0,2.11204e+09,1.40394e+07,3.2782e+08,1.60268e+09,-5.36424e+08,2.58241e+08,-8.36214e+08,0.000999793,0.000155183,3.04626e-25
0,1.72618e+09,-1.39493e+07,2.3175e+08,-2.28777e+09,2.08191e+08,2.90599e+08,-1.55444e+09,0.00115057,0.000154471,-4.85279e-24
0,2.04003e+09,-1.02012e+07,3.40671e+08,-2.63193e+08,1.24916e+08,8.08303e+07,-4.3201e+08,0.000968217,0.000161686,8.64119e-28
0,1.9365e+09,-2.94318e+07,2.90025e+08,-3.4384e+09,-8.14953e+08,3.24471e+08,-1.35856e+09,0.0010713,0.000160445,-1.2891e-23
0,2.06927e+09,1.01911e+07,3.1037e+08,-1.13412e+08,-1.73138e+09,-2.52154e+08,-1.01205e+09,0.0010499,0.000157475,-1.57654e-24
0,1.96873e+09,-2.79068e+07,3.14622e+08,-3.31602e+09,-1.02425e+08,-5.0396e+07,-1.30673e+09,0.00103469,0.000165353,-6.44982e-24
0,1.84199e+09,-5.71481e+07,2.98987e+08,3.60634e+09,-1.22671e+09,-8.56366e+07,-9.54206e+08,0.00103615,0.000168185,1.64016e-23
0,2.07548e+09,-1.09009e+07,3.2038e+08,-2.98615e+09,-1.11116e+09,-2.06104e+08,-7.49655e+08,0.000982241,0.000151623,-2.87438e-24
0,1.97364e+09,5.90905e+06,3.16389e+08,-4.55796e+09,1.84552e+09,-3.85027e+08,-7.3288e+08,0.000921091,0.000147658,-8.17502e-24
0,1.91432e+09,-1.43384e+07,3.19783e+08,1.44398e+09,2.59253e+08,1.85124e+08,-1.21748e+09,0.00101731,0.000169938,2.40333e-25
0,1.93238e+09,-240441,3.01122e+08,2.82902e+09,1.24809e+09,4.68468e+08,-1.16689e+09,0.00100625,0.000156804,6.58554e-24
0,1.99454e+09,-2.26762e+07,2.98964e+08,-9.92399e+09,-2.53323e+09,-7.64834e+08,-1.04203e+09,0.00110796,0.000166073,-1.94667e-22
0,2.01201e+09,8.78601e+06,2.96067e+08,-4.39648e+08,-1.70947e+09,5.30896e+07,4.55839e+08,0.000889678,0.000130916,-1.52339e-25
0,1.8825e+09,-4.21574e+07,3.09392e+08,4.69141e+09,2.85032e+08,2.83258e+08,-6.65812e+08,0.00102277,0.000168094,1.38388e-23
0,1.97348e+09,-5.50271e+07,2.94779e+08,-5.78043e+09,-3.5918e+08,4.63182e+08,-1.22224e+09,0.00106814,0.000159548,-4.40969e-23
0,2.23459e+09,2.53343e+07,2.88071e+08,1.09658e+10,1.29475e+09,-8.46054e+07,7.492e+07,0.00111215,0.000143373,-2.30617e-23
0,2.01185e+09,-1.1514e+07,3.3303e+08,-3.04084e+09,-3.85799e+07,-4.27427e+08,-7.20111e+08,0.000977474,0.000161806,-1.86738e-24
0,2.06041e+09,6.44674e+06,3.21282e+08,-3.29335e+09,-9.9542e+08,3.83656e+07,-7.02875e+08,0.000983237,0.000153317,-3.78271e-24
0,2.01338e+09,-1.64996e+07,3.26759e+08,1.01161e+09,-1.23063e+08,4.17172e+07,-9.65651e+08,0.00103219,0.000167518,1.88185e-26
0,2.04606e+09,-4.54693e+07,3.2395e+08,-4.16989e+09,4.30019e+08,-8.98792e+07,-8.89673e+08,0.000986018,0.000156115,-6.75288e-24
0,2.06584e+09,-1.94406e+07,3.14837e+08,-5.17529e+09,-5.94618e+08,-1.79039e+08,-7.70915e+08,0.000999166,0.000152274,-1.07923e-23
0,1.91476e+09,-3.73625e+07,2.97077e+08,-1.08745e+10,-1.6921e+09,-3.17919e+08,-1.12987e+09,0.00105961,0.000164399,-3.02064e-22
0,2.13533e+09,-5.71047e+07,2.81207e+08,-5.61157e+09,-1.2542e+09,6.21183e+08,-8.35486e+08,0.00101138,0.000133191,-2.20825e-23
0,2.10562e+09,1.64887e+07,3.00074e+08,1.56072e+09,-1.7788e+09,2.48322e+08,-9.65818e+08,0.00103127,0.000146967,4.45045e-24
0,2.23867e+09,5.21981e+07,3.11092e+08,5.73612e+07,-8.60425e+08,2.65866e+07,-1.41126e+08,0.000952768,0.000132399,8.89493e-27
0,1.96193e+09,-6.79148e+07,3.10184e+08,-7.01324e+09,-1.65081e+09,-1.06702e+08,-5.11243e+08,0.000988207,0.000156237,-3.15632e-23
0,1.92732e+09,-2.45759e+07,3.2764e+08,-8.38238e+09,-1.21084e+09,-5.11741e+08,-3.77801e+08,0.000989293,0.000168177,-1.72193e-23
0,1.9701e+09,3.3554e+07,2.87185e+08,2.16209e+09,-1.27318e+09,-1.27619e+08,-1.46661e+09,0.0011171,0.000162842,7.1645e-24
0,1.97264e+09,-2.56782e+07,3.23466e+08,-4.12227e+09,1.83017e+08,-6.62652e+07,-1.09671e+09,0.00101036,0.000165674,-1.01992e-23
0,1.87616e+09,3.68944e+06,2.9975e+08,8.12667e+07,-1.77631e+08,-4.51932e+08,-9.94602e+08,0.00103593,0.000165508,-4.81644e-26
0,2.3252e+09,7.03932e+06,3.3955e+08,-9.66424e+08,1.15356e+08,9.77785e+07,1.38119e+07,0.000865776,0.000126429,1.16156e-27
0,1.96084e+09,2.41412e+07,3.17773e+08,2.64163e+09,4.34746e+08,-3.49855e+08,-1.01593e+09,0.000987132,0.000159974,1.79836e-24
0,2.31822e+09,4.92681e+06,3.23903e+08,1.47457e+09,-1.36683e+09,-6.31379e+06,-3.0423e+08,0.000934633,0.000130588,4.67091e-25
0,2.00431e+09,-2.4839e+07,3.30369e+08,-2.27659e+09,2.57383e+08,-5.37967e+08,-7.93826e+08,0.000957793,0.000157872,-9.8322e-25
0,1.96943e+09,-4.18614e+07,2.99378e+08,-6.8325e+09,-2.837e+08,4.11809e+08,-1.20785e+09,0.00104157,0.000158332,-6.37456e-23
0,1.9007e+09,8.55058e+07,2.89437e+08,-5.27208e+09,-1.22395e+09,2.62048e+08,-6.99209e+08,0.0010519,0.000160183,-3.24828e-23
0,1.94475e+09,-1.83644e+07,3.09041e+08,-4.56581e+09,5.9791e+08,-8.37852e+07,-9.37495e+08,0.000964062,0.000153199,-1.09268e-23
0,1.87082e+09,-3.75713e+07,2.98093e+08,-1.10545e+10,-1.26659e+09,-5.18789e+07,-1.07854e+09,0.0010427,0.000166142,-3.27437e-22
0,1.80696e+09,-7.40296e+07,3.10767e+08,-5.6804e+09,-6.23916e+08,3.41241e+07,-4.39531e+08,0.000960165,0.000165132,-1.48625e-23
0,1.99136e+09,-8.48501e+06,3.20098e+08,2.19632e+09,-7.05093e+08,-1.52247e+08,-7.4727e+08,0.000980205,0.000157562,1.33448e-24
0,1.8751e+09,-2.79727e+07,2.92013e+08,5.91579e+09,1.92447e+08,2.73675e+08,-9.69009e+08,0.00109965,0.000171251,5.56092e-23
0,1.94502e+09,3.947e+06,2.88422e+08,-1.10599e+09,-1.3351e+09,-1.54625e+08,-1.49037e+09,0.00113132,0.000167761,-4.33123e-24
0,1.66251e+09,-3.83649e+07,2.47637e+08,-2.50637e+09,5.38602e+07,4.61924e+08,-1.64902e+09,0.00112958,0.000168255,-7.13398e-24
0,2.05669e+09,2.11276e+07,2.71736e+08,4.90189e+09,1.4258e+09,7.52771e+08,5.11075e+08,0.00105781,0.000139762,-1.10359e-24
0,1.92393e+09,6.04157e+06,3.30288e+08,-7.52016e+08,3.76062e+08,-1.48412e+08,-9.51601e+08,0.00097952,0.000168157,-9.69272e-28
0,2.03319e+09,3.64446e+07,3.25999e+08,2.62186e+09,9.71171e+08,-1.72029e+08,-7.73672e+08,0.000941701,0.000150991,8.95674e-25
0,1.86523e+09,-4.02266e+07,3.03922e+08,-6.85616e+09,4.22462e+08,2.93878e+08,-1.2507e+09,0.00101672,0.000165665,-7.2238e-23
0,1.99375e+09,-2.14231e+07,3.31044e+08,-4.47074e+09,-3.46605e+07,-3.00376e+08,-8.70559e+08,0.000999312,0.000165926,-9.24591e-24
0,1.96257e+09,-6.26378e+07,3.15915e+08,-1.39736e+09,-1.26711e+09,-3.91759e+08,-7.42131e+08,0.00101787,0.000163846,-1.92325e-24
0,2.07543e+09,-4.1438e+07,3.15097e+08,-8.44967e+09,-6.7275e+08,2.1875e+08,-8.58821e+08,0.000994412,0.000150974,-5.612e-23
0,1.99814e+09,-1.42636e+07,3.33945e+08,-1.3342e+09,3.11528e+08,-2.35028e+08,-6.55558e+08,0.000943902,0.000157753,-1.60714e-25
0,1.93855e+09,3.73382e+06,3.04479e+08,-3.04863e+09,1.16852e+09,-1.55717e+08,-8.68294e+08,0.000962154,0.000151121,-3.50325e-24
0,2.06511e+09,8.1997e+06,2.98076e+08,4.90044e+09,-2.07257e+09,-1.29699e+07,4.37836e+07,0.00093305,0.000134675,6.09526e-24
0,1.90033e+09,2.62434e+07,2.98877e+08,2.58174e+09,3.8117e+08,-3.5537e+08,-1.46921e+09,0.00103577,0.000162903,3.00627e-24
0,1.82447e+09,1.24249e+07,3.00548e+08,-5.81903e+09,-6.73995e+08,7.54248e+07,-1.10364e+09,0.00108846,0.000179303,-6.84384e-23
0,1.94589e+09,-2.31325e+07,3.05363e+08,-2.74853e+09,-1.61027e+08,4.98719e+08,-1.183e+09,0.00100243,0.000157309,-2.74873e-24
0,1.98167e+09,7.58067e+07,3.12595e+08,9.38846e+09,1.55113e+09,-1.62494e+08,-8.0473e+08,0.000922808,0.000145567,5.0888e-23
0,2.26663e+09,3.16153e+07,3.22631e+08,-6.66405e+09,9.37218e+06,1.65082e+08,1.48044e+08,0.000946382,0.000134707,2.2286e-24
0,1.97373e+09,-3.26467e+06,3.34216e+08,2.58297e+08,1.81008e+08,-1.61927e+08,-7.89802e+08,0.000984599,0.000166724,-9.17196e-27
0,2.08228e+09,-2.86014e+07,3.33642e+08,-6.07322e+09,1.06904e+08,-4.51093e+08,-6.61056e+08,0.000949904,0.000152202,-1.18528e-23
0,1.94284e+09,-8.87381e+06,3.12001e+08,1.27589e+08,-2.53389e+08,4.39672e+08,-1.20871e+09,0.00101921,0.000163675,1.9562e-26
0,1.92558e+09,-2.64276e+07,2.89471e+08,5.6282e+08,4.86677e+08,4.72307e+08,-1.16572e+09,0.000979547,0.000147255,-8.32697e-26
0,2.10281e+09,-2.28992e+07,3.15037e+08,-3.45921e+08,1.04919e+09,-1.62745e+08,-4.29065e+08,0.00107411,0.00016092,5.54131e-26
0,2.04321e+09,-4.8234e+06,3.41994e+08,4.78333e+08,1.17253e+07,8.42666e+07,-4.50777e+08,0.000970443,0.000162433,8.13933e-29
0,2.25907e+09,2.98191e+07,3.26546e+08,-1.83603e+09,-1.35477e+09,2.67876e+07,-1.66488e+08,0.000945901,0.000136729,-6.14652e-25
0,1.95899e+09,-5.06234e+07,3.12112e+08,-7.26354e+09,7.34041e+08,3.98159e+08,-9.49493e+08,0.000954022,0.000151997,-3.49088e-23
0,1.81279e+09,7.09284e+06,2.97087e+08,-5.58744e+09,-1.31331e+09,1.3738e+08,-1.10125e+09,0.00106103,0.000173885,-6.98903e-23
0,2.14221e+09,-2.76165e+07,3.33354e+08,-6.60461e+09,-8.54567e+07,-3.52645e+08,-6.15002e+08,0.000944609,0.000146992,-1.13253e-23
0,2.0435e+09,1.84588e+07,3.27975e+08,6.56528e+08,2.48457e+08,7.52267e+07,-8.05065e+08,0.00095155,0.00015272,-2.97821e-27
0,1.79385e+09,-3.70957e+07,2.85459e+08,-2.662e+09,7.49481e+07,2.19439e+08,-1.60817e+09,0.00108254,0.000172267,-5.94571e-24
0,1.94164e+09,-1.04231e+07,3.08343e+08,-8.8676e+09,1.36158e+09,-1.71499e+08,-8.68511e+08,0.000946655,0.000150334,-7.20964e-23
0,2.09801e+09,-2.88812e+07,3.29872e+08,-6.18694e+09,-2.59374e+08,-3.77089e+08,-8.1781e+08,0.000978235,0.000153809,-1.56016e-23
0,2.08921e+09,-1.57042e+07,3.17404e+08,-2.34997e+09,-1.03945e+09,-3.78468e+08,-9.14377e+08,0.00100711,0.000153005,-1.77108e-24
0,1.93146e+09,-1.98521e+07,2.93872e+08,5.92653e+08,1.39648e+08,1.72979e+08,-1.0025e+09,0.0010176,0.000154827,-7.01585e-26
0,1.84689e+09,-1.8714e+07,3.11453e+08,-1.25604e+10,2.08513e+08,-1.05943e+08,-2.48711e+08,0.000985673,0.00016622,-8.71731e-23
0,1.85942e+09,305541,3.08289e+08,-5.02328e+09,-1.7652e+09,-1.08165e+08,-8.99589e+08,0.00103819,0.00017213,-4.26919e-23
0,1.822e+09,-5.49171e+07,3.12219e+08,-3.82703e+09,1.64072e+09,5.44101e+08,-9.20459e+08,0.000917452,0.000157215,-1.67605e-24
0,2.13343e+09,-3.00938e+07,3.35934e+08,-6.86369e+09,3.19107e+08,-4.5823e+08,-5.14015e+08,0.0009259,0.000145794,-1.1522e-23
0,2.02229e+09,2.19427e+07,3.22738e+08,9.22537e+08,3.05474e+08,1.36443e+08,-9.31135e+08,0.000955684,0.000152518,2.00586e-26
0,1.84162e+09,-3.50866e+07,3.13443e+08,3.95675e+09,3.27653e+08,4.1836e+07,-6.8557e+08,0.000992747,0.000168965,7.72482e-24
0,1.99514e+09,-194558,3.22778e+08,-7.47452e+08,1.27337e+07,1.31213e+07,-1.04436e+09,0.00098887,0.000159981,4.96576e-26
0,1.84535e+09,-8.32575e+06,2.89497e+08,-2.44672e+09,1.949e+09,3.41384e+08,-1.18175e+09,0.000978502,0.000153507,-2.35336e-25
0,2.02591e+09,3.63012e+07,3.11455e+08,8.66676e+09,-4.85883e+08,-7.02927e+07,-7.16623e+08,0.000965261,0.000148396,4.68536e-23
0,1.91496e+09,-8.2332e+06,3.01643e+08,3.63794e+09,1.47339e+09,7.62065e+08,-1.09517e+09,0.000947754,0.000149289,1.27622e-23
0,1.93344e+09,-1.90987e+07,3.14283e+08,9.58514e+08,3.69091e+08,4.62391e+08,-1.23271e+09,0.00101375,0.000164787,-1.06714e-25
0,1.93583e+09,9.14245e+06,3.03974e+08,1.79198e+09,-1.01708e+09,-1.57866e+08,-1.36738e+09,0.00106362,0.000167015,2.61125e-24
0,2.13026e+09,7.09678e+06,3.24911e+08,8.11672e+08,-5.67519e+08,-5.7543e+08,-6.66897e+08,0.000972556,0.000148336,-6.23677e-26
0,2.01283e+09,-2.35603e+07,3.1386e+08,-1.67521e+09,1.36371e+08,-1.10153e+08,-1.03228e+09,0.00098675,0.000153863,-3.55617e-25
0,2.15247e+09,3.17378e+07,3.19915e+08,4.13542e+09,-2.84799e+08,1.48478e+07,-7.10166e+08,0.000958435,0.000142449,3.46161e-24
0,1.99089e+09,-3.17842e+07,3.1515e+08,-5.8652e+09,-9.89927e+08,-2.8717e+08,-9.79781e+08,0.00102905,0.000162895,-2.80396e-23
0,1.84642e+09,-3.98249e+07,3.13447e+08,5.44814e+09,1.6499e+08,8.1828e+07,-4.88745e+08,0.00100065,0.00016987,1.49125e-23
0,1.69709e+09,-1.69985e+06,2.4335e+08,1.30535e+09,1.10246e+09,3.53136e+08,-1.5384e+09,0.00109308,0.00015674,2.0383e-24
0,1.76838e+09,-7.1435e+07,2.95243e+08,1.07106e+09,-7.35677e+08,-1.12022e+08,-1.04132e+09,0.000992377,0.000165684,4.76748e-25
0,2.01089e+09,-1.09838e+07,3.11037e+08,1.88398e+09,-5.90677e+08,7.08258e+08,-9.58315e+08,0.00102764,0.000158951,-1.95707e-25
0,2.14742e+09,3.32302e+06,3.19514e+08,5.75041e+09,-1.02929e+09,3.77159e+07,-7.5544e+08,0.00098222,0.000146145,1.31304e-23
0,1.87081e+09,2.27061e+07,2.97213e+08,2.87294e+09,2.72004e+08,-2.77044e+08,-1.24706e+09,0.000995207,0.000158107,3.85083e-24
0,1.88255e+09,6.9506e+07,2.97735e+08,-1.9033e+09,-1.15028e+08,-2.73028e+08,-6.2612e+08,0.00102722,0.00016246,-6.22316e-25
0,2.08021e+09,-2.43335e+07,3.023e+08,5.30855e+09,7.1713e+07,4.33012e+08,-7.91084e+08,0.000976349,0.000141885,1.05967e-23
0,1.97732e+09,-5.32277e+07,3.13973e+08,-1.83433e+09,9.47553e+08,5.39714e+08,-9.38303e+08,0.000974508,0.00015474,-2.33842e-25
0,2.17605e+09,5.77011e+07,3.08444e+08,2.08649e+09,5.06673e+08,-1.94316e+08,-1.96033e+08,0.000930336,0.00013187,2.6551e-26
0,1.86574e+09,-3.96899e+07,3.14837e+08,6.19993e+09,-2.78993e+07,1.2297e+08,-2.99348e+08,0.00100892,0.000170251,1.30735e-23
0,2.18954e+09,2.81935e+06,3.27204e+08,-6.61507e+08,-8.33806e+08,-5.00598e+08,-5.63745e+08,0.000975068,0.000145714,-1.34674e-25
0,1.89294e+09,-2.48066e+07,3.06018e+08,-3.46923e+09,-6.58797e+08,-1.25846e+07,-1.3441e+09,0.00107129,0.000173188,-1.29001e-23
0,2.04447e+09,-4.87981e+07,3.20499e+08,-7.59634e+09,-6.81219e+07,-2.51256e+08,-9.0376e+08,0.00101261,0.000158741,-4.60467e-23
0,1.97689e+09,2.60938e+07,2.95469e+08,1.42583e+10,1.63583e+09,1.67834e+08,-7.95949e+08,0.00102672,0.000153456,3.68228e-22
0,1.88687e+09,2.94231e+07,2.85452e+08,3.83215e+09,7.2061e+08,-1.22849e+08,-1.31111e+09,0.00100527,0.00015208,1.13873e-23
0,1.8083e+09,1.58193e+07,2.94005e+08,6.47857e+09,2.84885e+09,2.52489e+08,-1.15025e+09,0.000946246,0.000153847,4.31342e-23
0,1.98969e+09,-2.68298e+07,3.14171e+08,6.62516e+09,1.78653e+08,1.26791e+08,-2.9532e+08,0.00105312,0.000166286,1.4758e-23
0,1.9309e+09,-2.24504e+07,3.03174e+08,9.57214e+08,1.28128e+09,1.1805e+07,-9.68333e+08,0.000988901,0.000155269,7.83677e-26
0,2.04714e+09,2.96789e+07,2.99972e+08,3.52917e+09,-1.44823e+09,1.20197e+08,-1.18807e+09,0.00105067,0.000153958,1.29082e-23
0,2.00881e+09,-2.63438e+07,3.35504e+08,-4.79736e+09,7.60067e+08,-2.65098e+08,-5.87493e+08,0.000899313,0.0001502,-5.71294e-24
0,2.04082e+09,-3.50378e+07,3.14689e+08,5.32723e+08,2.46067e+08,1.45697e+08,-7.27697e+08,0.000949153,0.000146357,-3.94809e-27
0,1.95426e+09,1.54965e+07,2.91777e+08,4.64954e+09,1.34095e+07,9.22154e+07,-1.27762e+09,0.00103211,0.000154097,1.95006e-23
0,2.06265e+09,-2.55876e+07,3.30946e+08,-2.77382e+09,2.43114e+07,-3.64396e+08,-6.74927e+08,0.000964625,0.000154771,-1.16271e-24
0,1.92876e+09,-4.04147e+07,3.07721e+08,2.57437e+06,-2.22351e+09,7.59028e+07,-8.04846e+08,0.00108556,0.000173194,1.06754e-24
0,2.08132e+09,1.16241e+07,3.10529e+08,3.5379e+09,-1.56649e+09,6.57318e+08,-7.94642e+08,0.00102534,0.000152979,4.65063e-24
0,2.22367e+09,3.70873e+07,3.21364e+08,2.90497e+09,-5.81782e+08,5.20685e+07,-3.02272e+08,0.000945202,0.0001366,4.79262e-25
0,2.29495e+09,-1.00111e+07,3.26995e+08,6.03612e+08,-1.19697e+09,-4.84081e+07,-2.03518e+08,0.000907012,0.000129236,9.06361e-26
0,2.13929e+09,-2.9729e+06,3.29889e+08,-4.20612e+09,-1.10206e+09,-4.44559e+08,-4.06806e+08,0.000960332,0.000148088,-1.30903e-24
0,2.04358e+09,-3.35688e+07,3.17332e+08,2.43326e+09,-1.87461e+08,-3.42145e+08,-5.88704e+08,0.00102662,0.000159415,1.07982e-24
0,2.01034e+09,-1.61321e+07,3.10811e+08,-3.56391e+09,-4.79369e+08,1.52685e+08,-1.29604e+09,0.00102102,0.000157856,-7.62734e-24
0,2.06863e+09,-6.22946e+07,2.78975e+08,3.01942e+09,3.07198e+08,-8.01147e+08,8.28032e+08,0.00108384,0.000146167,-3.2663e-24
0,2.04555e+09,-5.22325e+06,3.41949e+08,-8.24019e+07,-2.86449e+07,4.26927e+07,-4.55558e+08,0.00097217,0.000162515,8.17439e-28
0,1.98896e+09,-1.65148e+07,3.22592e+08,-1.11534e+09,-3.79648e+08,5.03236e+08,-7.82896e+08,0.000979175,0.000158814,-3.11415e-27
0,2.27507e+09,2.01027e+07,3.07987e+08,9.37119e+08,-2.00802e+09,-1.61828e+07,-2.75297e+08,0.000944015,0.000127796,8.89408e-25
0,1.7217e+09,-1.28058e+07,2.45068e+08,1.27976e+09,1.03462e+09,4.40139e+08,-1.55014e+09,0.00109601,0.000156006,1.78925e-24
0,2.07591e+09,3.27724e+06,3.35136e+08,5.68447e+06,9.01838e+08,4.12961e+07,-5.08286e+08,0.000875455,0.000141334,-1.02338e-27
0,1.99508e+09,-6.75796e+07,3.14848e+08,-7.6682e+09,6.68205e+08,-1.81078e+08,-8.06419e+08,0.000950927,0.000150068,-3.78882e-23
0,2.13975e+09,-2.75622e+07,3.30265e+08,-3.56063e+09,-8.6303e+07,-2.16615e+08,-6.35255e+08,0.000960715,0.000148284,-1.94983e-24
0,2.08697e+09,2.55595e+07,3.23389e+08,3.18951e+09,-6.05986e+08,2.36851e+08,-1.05812e+09,0.00102499,0.000158828,3.57009e-24
0,2.17462e+09,-1.29626e+07,3.3362e+08,-3.70039e+09,-8.01584e+08,-2.69477e+08,-6.7099e+08,0.000987648,0.00015152,-2.48145e-24
0,2.05363e+09,-1.25192e+06,3.24774e+08,1.29138e+09,-2.08735e+08,1.52898e+08,-9.25954e+08,0.000978359,0.000154724,9.63695e-26
0,1.79208e+09,5.24891e+07,2.9316e+08,-1.99823e+08,2.42643e+08,-4.67232e+07,-8.14429e+08,0.0011017,0.000180223,3.11522e-26
0,2.18629e+09,-2.48173e+07,3.23387e+08,-8.19836e+09,-1.17873e+09,9.16905e+07,-5.78698e+08,0.000993265,0.00014692,-2.97378e-23
0,1.9137e+09,-3.91144e+06,3.25179e+08,8.00145e+08,7.28363e+08,3.12992e+08,-1.06135e+09,0.000958972,0.00016295,9.8234e-26
0,2.16663e+09,-3.4196e+07,3.23774e+08,-1.92649e+09,4.64877e+08,2.01221e+08,-2.70283e+08,0.000969957,0.000144947,-6.91527e-26
0,2.17484e+09,-6.17854e+06,3.16807e+08,-4.89956e+09,-1.32954e+09,2.33367e+08,-7.06407e+08,0.000981413,0.000142962,-1.03743e-23
0,1.8161e+09,-1.51766e+07,3.00735e+08,1.1248e+10,1.47161e+09,1.64266e+08,-7.15947e+08,0.000988573,0.000163702,2.08126e-22
0,2.0453e+09,5.45614e+07,3.11937e+08,1.00021e+10,-6.19785e+08,1.31218e+08,-1.05607e+09,0.00105074,0.000160252,1.48424e-22
0,1.99885e+09,-1.64563e+07,3.07339e+08,-2.82058e+09,-1.34613e+09,1.59344e+08,-1.05911e+09,0.00107839,0.000165811,-9.32974e-24
0,1.88415e+09,-3.69046e+07,3.0898e+08,-3.52813e+08,4.74579e+08,4.30059e+08,-1.19266e+09,0.00100844,0.000165372,1.21131e-26
0,1.99324e+09,-3.15154e+07,3.23827e+08,-1.12223e+09,-9.89646e+07,4.41991e+08,-6.76464e+08,0.000984508,0.000159946,-3.37332e-26
0,2.0391e+09,6.329e+07,3.05749e+08,1.06677e+10,3.23154e+07,-1.55519e+08,-8.51849e+08,0.000977127,0.000146513,1.0362e-22
0,1.95156e+09,5.25247e+06,3.11845e+08,8.57159e+08,-1.38577e+09,-2.21559e+08,-9.84834e+08,0.00103093,0.000164735,7.10818e-25
0,2.22348e+09,-1.43965e+07,3.3661e+08,-5.48521e+09,-5.59567e+08,-3.08967e+08,-4.2858e+08,0.000960594,0.000145423,-3.4208e-24
0,1.96699e+09,-6.2469e+07,3.09426e+08,-8.29593e+09,5.40888e+08,1.24171e+08,-1.15251e+09,0.00100796,0.000158562,-9.00713e-23
0,2.15511e+09,-8.00487e+06,3.18797e+08,-3.15514e+09,-1.427e+09,-1.97239e+08,-7.76732e+08,0.000989557,0.000146382,-4.1262e-24
0,1.90499e+09,1.97886e+07,3.07132e+08,-1.22772e+09,-1.33998e+09,6.93666e+07,-5.68401e+08,0.00105378,0.000169895,-2.03907e-24
0,2.06887e+09,-3.00947e+07,3.21603e+08,-8.83128e+09,-3.35813e+08,2.40526e+08,-6.97643e+08,0.00096425,0.000149891,-4.37079e-23
0,2.17708e+09,-1.90765e+07,3.36523e+08,-6.38526e+09,-4.70684e+08,-4.39234e+08,-5.57748e+08,0.000973196,0.000150432,-8.38265e-24
0,1.96475e+09,-2.59317e+07,3.03129e+08,-4.35111e+09,-5.0074e+08,3.63795e+08,-1.19869e+09,0.00105888,0.000163369,-1.84453e-23
0,2.07574e+09,-2.90408e+07,3.14957e+08,-2.26118e+09,-5.30896e+08,4.1786e+08,-9.38332e+08,0.00102418,0.000155402,-1.32193e-24
0,2.03805e+09,4.88395e+06,2.68667e+08,-6.72393e+09,1.27402e+09,-4.84739e+08,7.9675e+08,0.00108032,0.000142414,3.35492e-23
0,1.96036e+09,-1.24886e+07,3.15391e+08,4.71027e+08,-7.89427e+08,7.40605e+06,-1.01811e+09,0.00102935,0.000165607,1.63265e-25
0,2.14549e+09,-2.14072e+07,3.38526e+08,-7.69031e+09,-1.13147e+08,-6.34176e+08,-4.58781e+08,0.00095203,0.000150216,-1.29879e-23
0,2.00993e+09,-6.25328e+07,3.09142e+08,-6.07393e+09,3.59583e+08,-8.86004e+07,-7.77843e+08,0.00105766,0.000162676,-2.84393e-23
0,2.05523e+09,1.74788e+07,3.32186e+08,-2.09666e+09,-1.24496e+09,-2.82362e+08,-3.13064e+08,0.000952708,0.000153986,-8.89109e-25
0,1.96019e+09,-3.95207e+07,3.21288e+08,-8.08303e+09,6.20163e+08,2.06515e+08,-7.09719e+08,0.000939842,0.000154046,-3.54867e-23
0,2.21876e+09,3.35163e+07,3.15928e+08,-5.16613e+09,4.81398e+08,2.78212e+08,3.79756e+08,0.00100461,0.000143046,4.83021e-24
0,1.91347e+09,3.80711e+07,2.9516e+08,-4.34087e+09,-2.84026e+09,-2.11352e+08,-8.71917e+08,0.00107841,0.000166349,-7.86803e-23
0,1.92959e+09,1.89225e+07,2.97646e+08,-1.24966e+09,2.02938e+09,-6.93914e+08,-8.82614e+08,0.00103522,0.000159688,-3.23848e-25
0,1.96545e+09,4.9393e+07,3.16435e+08,-2.93941e+09,-1.55318e+09,4.50503e+08,-3.7478e+08,0.00105075,0.000169169,-7.67927e-24
0,1.86608e+09,5.3905e+07,2.849e+08,1.99079e+09,7.68326e+08,-6.06044e+08,-1.11849e+09,0.000988865,0.000150974,6.20755e-25
0,1.93137e+09,-4.1843e+07,3.03588e+08,-5.45341e+09,4.61821e+08,3.45227e+08,-1.15909e+09,0.00104614,0.000164441,-3.13418e-23
0,1.9496e+09,9.14563e+07,2.72776e+08,-1.31401e+10,-5.64062e+08,5.0888e+08,6.82077e+08,0.000996505,0.000139425,1.95791e-22
0,2.18476e+09,-2.14325e+07,3.30212e+08,-6.97733e+09,-5.54235e+08,3.19274e+07,-4.73566e+08,0.000939223,0.000141957,-9.8691e-24
0,2.11354e+09,6.20878e+07,3.09872e+08,7.00284e+09,8.30867e+08,1.37488e+06,-4.56154e+08,0.000939062,0.000137678,1.07169e-23
0,1.96413e+09,-1.13621e+07,3.15281e+08,-1.77182e+09,-1.61599e+08,-1.12256e+08,-1.31934e+09,0.00101371,0.000162721,-4.83664e-25
0,2.07258e+09,-7.97159e+06,3.34813e+08,-1.85132e+09,-5.1978e+08,-5.43838e+08,-4.9543e+08,0.000939382,0.000151752,5.98527e-26
0,2.16496e+09,-2.20286e+07,3.16542e+08,-7.04879e+09,-8.24272e+08,-3.65945e+07,-2.81718e+08,0.000939548,0.000137373,-6.52751e-24
0,1.82415e+09,-1.26862e+07,2.57155e+08,-1.23468e+09,-4.22681e+08,-2.96137e+08,-1.44792e+09,0.00113495,0.000159997,-3.90469e-27
0,1.95358e+09,-6.92188e+07,3.08834e+08,-7.80013e+09,1.53666e+09,-636231,-6.5717e+08,0.00102568,0.000162146,-4.62034e-23
0,1.99073e+09,2.54597e+07,3.1641e+08,1.97394e+09,3.43277e+08,2.14939e+08,-1.15098e+09,0.000985742,0.000156676,8.41224e-25
0,2.10337e+09,-3.10786e+07,3.3702e+08,-7.40752e+09,4.19561e+08,-6.05391e+08,-5.08554e+08,0.000917871,0.00014707,-1.58994e-23
0,1.84482e+09,-1.71652e+07,3.21674e+08,-4.60972e+09,1.56063e+09,1.35553e+08,-9.70923e+08,0.000946571,0.00016505,-1.07856e-23
0,1.93159e+09,-1.48805e+07,2.99825e+08,-3.47271e+09,-8.06873e+08,-8.19289e+07,-1.37292e+09,0.00105567,0.000163864,-1.16657e-23
0,1.93653e+09,-2.48921e+06,3.30502e+08,-4.70799e+08,1.8359e+08,1.85185e+08,-9.10919e+08,0.000979727,0.000167207,2.78643e-26
0,1.94871e+09,3.50223e+07,3.17185e+08,-3.80974e+09,-2.0529e+09,6.62675e+07,-5.25602e+08,0.00103873,0.000169071,-2.11243e-23
0,1.97197e+09,-7.2726e+06,3.1726e+08,7.14988e+08,4.18043e+08,2.33415e+08,-1.13306e+09,0.00100955,0.000162421,-4.9691e-26
0,2.25092e+09,656004,3.13165e+08,1.7807e+09,-2.90956e+08,1.15763e+08,-2.39483e+08,0.000913323,0.000127068,5.15111e-26
0,1.95231e+09,-4.09878e+06,3.05682e+08,3.03786e+09,-2.00928e+09,9.75658e+07,-1.18567e+09,0.00111403,0.000174429,2.93302e-23
0,1.87639e+09,2.07831e+07,3.02656e+08,-1.08797e+10,-7.54449e+08,-2.14973e+08,-6.65699e+08,0.00106584,0.000171917,-1.92991e-22
0,1.85814e+09,2.46565e+07,3.00179e+08,-3.41696e+08,2.02401e+09,-5.04163e+08,-9.08939e+08,0.00101752,0.000164378,8.18479e-25
0,2.04294e+09,-6.91515e+06,3.18005e+08,1.96274e+09,7.03903e+08,5.43258e+08,-8.19638e+08,0.000982966,0.000153009,1.20077e-24
0,2.08237e+09,3.13616e+07,3.00568e+08,3.78847e+09,-1.62178e+09,2.61718e+08,-1.0243e+09,0.00103791,0.000149811,1.25208e-23
0,1.75881e+09,-1.0707e+06,2.54737e+08,-1.26214e+09,2.20372e+08,-1.66306e+08,-1.49392e+09,0.00112845,0.000163438,4.70078e-25
0,2.14452e+09,-1.36676e+07,3.38347e+08,-2.0585e+09,-2.26769e+08,-4.78072e+08,-4.28764e+08,0.000935853,0.000147652,-7.02814e-26
0,2.25277e+09,1.14209e+07,3.28334e+08,-4.57462e+09,-6.02795e+08,-3.96104e+07,9.87829e+07,0.000906042,0.000132053,3.9761e-25
0,1.92014e+09,-2.23924e+07,3.08586e+08,-5.20467e+09,1.92264e+08,1.58971e+08,-1.19882e+09,0.00101228,0.000162683,-2.5731e-23
0,2.20815e+09,-2.88337e+07,3.35099e+08,-7.56091e+09,-3.08434e+06,-2.91358e+08,-3.96511e+08,0.000903971,0.000137183,-7.81729e-24
0,1.94365e+09,3.75246e+06,3.33295e+08,2.89595e+08,9.45564e+07,2.5281e+08,-7.74091e+08,0.000987969,0.000169416,-2.5792e-26
0,2.05896e+09,-1.55661e+07,3.38622e+08,-6.17754e+09,6.71458e+08,-3.13731e+08,-4.38324e+08,0.000897709,0.000147639,-8.09857e-24
0,2.08968e+09,-1.55073e+07,3.14917e+08,-2.42092e+09,-1.17774e+09,2.42944e+08,-9.71057e+08,0.00103082,0.000155346,-3.3851e-24
0,1.91787e+09,1.52657e+07,3.2386e+08,-3.94442e+09,-1.63638e+09,-2.67654e+08,-4.8259e+08,0.00101798,0.000171901,-1.03124e-23
0,1.87733e+09,-2.85198e+06,3.25834e+08,-4.4513e+09,1.47901e+09,2.57258e+08,-6.68205e+08,0.000887083,0.000153964,-2.67865e-24
0,1.96371e+09,-3.48973e+07,3.08669e+08,-1.08349e+09,-1.49913e+09,-3.03015e+08,-1.05967e+09,0.00111709,0.000175591,-5.01077e-24
0,2.09623e+09,-2.62872e+07,3.2479e+08,-8.2869e+08,-1.83461e+08,-5.05945e+07,-9.70722e+08,0.000994303,0.000154058,1.00838e-26
0,2.13419e+09,2.16965e+07,3.10091e+08,-7.58154e+09,-2.31568e+09,8.92627e+07,-4.97266e+08,0.00103124,0.000149836,-5.21046e-23
0,2.13165e+09,2.48795e+07,3.34691e+08,5.01607e+09,9.0239e+07,3.95547e+08,-5.78598e+08,0.00092793,0.000145695,4.61397e-24
0,2.04311e+09,-2.45947e+07,3.21309e+08,2.99082e+09,6.18895e+08,5.259e+08,-6.09409e+08,0.000916867,0.000144191,1.94295e-24
0,2.04653e+09,2.33677e+07,3.29731e+08,6.73383e+09,2.03669e+08,2.82813e+08,-8.09189e+08,0.000941704,0.000151724,2.07259e-23
0,1.92929e+09,-1.03858e+06,3.15646e+08,-7.93883e+07,4.75482e+08,-7.543e+07,-1.16571e+09,0.000982019,0.000160666,1.78676e-26
0,2.19966e+09,-798657,3.3836e+08,-3.49832e+09,-2.67072e+08,5.99017e+07,-4.38877e+08,0.000931844,0.00014334,-1.0633e-24
0,1.98586e+09,-4.5305e+07,3.07444e+08,-3.55489e+09,-1.12905e+09,-6.36799e+07,-1.08062e+09,0.00109828,0.000170033,-1.39005e-23
0,2.12492e+09,-1.82684e+07,2.61317e+08,-1.57648e+09,-1.14645e+09,2.76885e+08,-4.38027e+08,0.000990098,0.00012176,-7.14648e-25
0,1.92216e+09,-2.66662e+07,3.09528e+08,-5.09878e+09,-6.35742e+08,1.07159e+08,-1.1641e+09,0.00101654,0.000163695,-2.65274e-23
0,2.04099e+09,-5.257e+06,3.41972e+08,1.85657e+08,1.10669e+07,3.87731e+07,-4.53144e+08,0.000969125,0.000162379,-1.44477e-27
0,1.9895e+09,-1.58719e+07,3.27535e+08,8.70646e+08,-1.11875e+07,-1.0035e+08,-9.51926e+08,0.000998509,0.000164386,-1.86866e-26
0,2.04182e+09,1.56207e+07,3.18467e+08,-1.24135e+09,3.25694e+07,2.71587e+08,-8.68833e+08,0.000986854,0.000153922,-6.76146e-26
0,2.03985e+09,-5.8447e+06,3.28013e+08,-2.38528e+09,-8.00763e+07,-2.49775e+08,-8.84775e+08,0.00102571,0.000164937,-1.23637e-24
0,1.9634e+09,-8.02253e+06,3.08451e+08,-8.98054e+08,-1.32946e+09,4.94525e+08,-1.04588e+09,0.00107482,0.000168855,4.54781e-25
0,1.9652e+09,-3.63494e+07,3.15517e+08,-5.03527e+09,3.58107e+08,2.31206e+08,-1.00709e+09,0.00100187,0.000160853,-1.6323e-23
0,2.15485e+09,2.32628e+06,3.39014e+08,-4.10058e+09,-8.71811e+06,5.57518e+07,-4.25033e+08,0.000927163,0.000145867,-1.71057e-24
0,1.93653e+09,-4.22708e+07,3.10998e+08,-5.29964e+09,-7.00099e+08,6.80231e+07,-9.52064e+08,0.00108348,0.000174002,-3.32557e-23
0,2.0838e+09,-2.44266e+07,3.34093e+08,-6.31306e+09,-2.76277e+08,-6.60965e+08,-7.26843e+08,0.000980077,0.000157134,-1.37396e-23
0,2.07803e+09,2.55133e+07,3.06191e+08,-2.16322e+09,-9.29064e+08,-2.05566e+08,-6.10007e+08,0.00103598,0.000152648,-1.29774e-24
0,2.04867e+09,-1.22665e+07,2.93505e+08,-2.38389e+08,-1.04552e+09,3.45224e+08,-1.03684e+09,0.00103927,0.000148892,4.81385e-25
0,1.95229e+09,-1.09352e+07,3.19712e+08,-6.37359e+08,4.00762e+07,3.30076e+08,-1.05478e+09,0.000991387,0.000162353,7.81309e-26
0,1.79687e+09,-2.73347e+07,2.49094e+08,-1.4907e+09,1.27064e+08,4.2391e+07,-1.39279e+09,0.00109635,0.000151983,-2.23782e-25
0,1.9528e+09,-3.93648e+07,3.00891e+08,-2.95426e+09,6.36205e+08,4.23342e+08,-1.30999e+09,0.0010203,0.00015721,-3.679e-24
0,1.98584e+09,-7.47711e+06,3.21891e+08,-5.08023e+09,5.85483e+08,-1.34057e+08,4.22192e+08,0.000956065,0.000154971,5.4769e-24
0,1.80717e+09,7.01596e+06,2.86956e+08,1.87746e+09,8.07101e+07,-3.71459e+08,-9.80771e+08,0.000982859,0.000156065,7.5382e-25
0,1.88017e+09,-2.10561e+07,3.03037e+08,-1.79783e+09,-5.81833e+08,5.26152e+08,-1.2196e+09,0.00105794,0.000170515,-8.5735e-25
0,2.00663e+09,4.15817e+07,3.1835e+08,-1.12873e+09,4.3343e+08,3.12859e+07,-8.63743e+08,0.000983059,0.000155962,-9.43826e-26
0,2.05687e+09,-2.25392e+07,3.25626e+08,3.99595e+08,-1.13531e+08,-9.04067e+07,-9.49192e+08,0.000999572,0.000158244,-3.30736e-26
0,1.93984e+09,-5.16241e+07,3.18763e+08,-4.63401e+09,9.13958e+08,7.40548e+07,-8.69265e+08,0.000982775,0.000161494,-1.09729e-23
0,2.23478e+09,-4.74152e+06,3.10042e+08,-4.85417e+09,-1.54716e+09,5.5991e+07,-4.51043e+08,0.000967236,0.00013419,-6.54562e-24
0,1.78371e+09,4.97515e+07,3.13756e+08,7.47987e+09,1.02061e+09,-2.23781e+08,-1.03843e+09,0.000972825,0.000171121,7.66976e-23
0,2.08264e+09,2.49456e+07,3.15877e+08,4.27614e+09,6.34549e+08,4.51822e+08,-6.78548e+08,0.000971527,0.000147353,6.21743e-24
0,2.06479e+09,2.28985e+07,3.03675e+08,-4.83882e+09,-1.49699e+09,-5.35251e+07,-6.10048e+08,0.00101911,0.000149884,-1.35459e-23
0,1.93151e+09,4.06526e+06,3.08721e+08,2.34892e+09,2.95392e+08,-2.1226e+08,-1.24685e+09,0.00100986,0.00016141,1.74887e-24
0,1.96956e+09,-4.12763e+07,3.18792e+08,3.7619e+08,1.3798e+09,6.46983e+08,-7.657e+08,0.000913813,0.000147909,4.79792e-26
0,2.01289e+09,-3.64397e+07,3.22119e+08,-2.61678e+09,6.79292e+08,-1.56556e+08,-7.88003e+08,0.000976274,0.000156232,-1.75482e-24
0,2.25542e+09,3.80767e+06,3.3914e+08,1.55884e+09,-6.05986e+08,8.40932e+07,-4.18447e+08,0.00096767,0.000145505,1.52164e-25
0,2.07918e+09,1.80655e+07,3.14131e+08,5.016e+09,1.39012e+08,-2.25155e+08,-8.07761e+08,0.000953264,0.000144023,7.84375e-24
0,1.98062e+09,3.10265e+07,3.20191e+08,7.94143e+09,2.57537e+08,2.20333e+08,-8.56508e+08,0.000953281,0.000154109,4.49755e-23
0,2.16286e+09,-1.60928e+07,3.3413e+08,-4.93899e+09,-4.10202e+08,-3.36209e+08,-6.4109e+08,0.000969947,0.000149843,-4.79136e-24
0,1.84899e+09,-3.49944e+07,3.0532e+08,-1.42398e+09,2.40546e+08,5.00105e+08,-1.19112e+09,0.00105118,0.00017358,-7.86421e-26
0,1.90237e+09,-4.04314e+07,3.21217e+08,-6.33447e+09,-6.49311e+08,-8.34736e+07,-1.51615e+08,0.00103641,0.000174998,-7.02304e-24
0,1.89468e+09,1.64265e+07,3.17131e+08,3.50698e+07,1.02255e+09,2.97812e+08,-1.09166e+09,0.000994939,0.000166533,4.55806e-27
0,1.92203e+09,-4.14794e+07,3.06502e+08,-6.26403e+09,4.75103e+07,4.90051e+08,-1.1491e+09,0.00104768,0.000167071,-5.11663e-23
0,2.13006e+09,-1.54487e+07,3.31506e+08,-1.62043e+09,-3.25506e+08,-1.99861e+08,-7.32619e+08,0.00100091,0.000155773,-2.18742e-25
0,1.99051e+09,2.09637e+07,2.59305e+08,-2.94265e+09,6.56714e+07,-1.68441e+08,7.08479e+08,0.00103746,0.00013515,2.54605e-24
0,1.93209e+09,-3.77797e+07,3.20951e+08,-7.27122e+09,1.21341e+09,5.03546e+07,-7.44651e+08,0.000921943,0.000153149,-2.68807e-23
0,1.97399e+09,2.72155e+07,3.05652e+08,-4.62437e+09,-1.61855e+09,1.68981e+08,-6.31269e+08,0.000992381,0.00015366,-1.73807e-23
0,2.02235e+09,-1.36083e+07,3.29952e+08,-6.88554e+09,4.5911e+08,-3.88777e+08,-8.30832e+08,0.000940344,0.00015342,-2.56583e-23
0,2.19485e+09,-1.45188e+07,3.37367e+08,-6.79589e+09,-4.29098e+08,-4.1177e+08,-5.00635e+08,0.000964008,0.000148176,-8.52225e-24
0,2.08128e+09,-3.83108e+07,3.27189e+08,-4.46947e+09,2.97156e+08,-1.10399e+08,-6.29955e+08,0.000973352,0.000153017,-5.15327e-24
0,2.18506e+09,5.16465e+06,3.30156e+08,2.22684e+09,-8.69624e+08,3.90531e+08,-5.84811e+08,0.000968114,0.000146279,4.37477e-25
0,1.90649e+09,3.81258e+07,3.19269e+08,3.69506e+08,8.28398e+08,-3.16966e+08,-8.93943e+08,0.000981679,0.000164396,-5.26011e-29
0,2.00929e+09,4.27192e+06,2.50124e+08,-6.0757e+07,7.15881e+08,-8.78826e+07,-3.80427e+08,0.000962875,0.000119862,3.07562e-27
0,2.05131e+09,-1.2402e+07,3.2344e+08,-9.49491e+08,-6.37652e+08,6.5391e+07,-8.88053e+08,0.000993406,0.000156636,-1.50481e-25
0,1.87678e+09,9.97197e+06,3.05769e+08,1.91862e+09,1.47967e+09,-1.8827e+08,-1.20781e+09,0.00100167,0.000163194,9.12665e-25
0,2.03749e+09,7.80673e+06,3.17025e+08,-8.81006e+08,-4.73148e+08,-2.73421e+08,-8.77066e+08,0.000986237,0.000153455,-7.35635e-26
0,2.11957e+09,2.92527e+07,3.1776e+08,1.04782e+10,-1.07277e+09,1.01238e+08,-8.38696e+08,0.00099891,0.000149754,9.10727e-23
0,1.97968e+09,3.19745e+07,3.02932e+08,7.87939e+09,-7.68311e+08,4.59005e+07,-1.28959e+09,0.00103391,0.000158209,9.83513e-23
0,2.02454e+09,2.60239e+07,3.11208e+08,-3.90779e+09,-1.98129e+09,2.70781e+08,-5.73077e+08,0.0009854,0.000151473,-1.43074e-23
0,1.91792e+09,-2.40166e+07,3.07176e+08,-3.90657e+09,-4.8756e+08,3.20982e+08,-1.10929e+09,0.00102242,0.000163752,-1.1774e-23
0,2.01702e+09,8.93963e+06,3.25075e+08,5.08558e+09,1.46279e+09,6.95046e+08,-6.81932e+08,0.000923233,0.000148793,1.39098e-23
0,2.15865e+09,-2.52966e+07,3.28335e+08,-4.92958e+09,-5.29602e+08,-3.23684e+08,-7.52968e+08,0.00098379,0.000149636,-6.14353e-24
0,1.8685e+09,2.60019e+07,3.14492e+08,2.24518e+09,8.0518e+08,-5.14515e+08,-1.08308e+09,0.000980129,0.000164968,1.03704e-24
0,2.13415e+09,-1.61961e+07,3.31878e+08,-7.23441e+09,-5.90161e+08,-5.58309e+08,-6.16549e+08,0.000965109,0.000150082,-1.33453e-23
0,2.0111e+09,-2.10233e+07,3.16196e+08,-3.66617e+09,-1.85574e+08,1.37912e+08,-9.735e+08,0.000950654,0.000149467,-4.31039e-24
0,1.88453e+09,-1.65784e+07,3.01459e+08,-6.0895e+08,-1.33568e+07,5.72709e+08,-1.38916e+09,0.00103653,0.000165808,3.3704e-25
0,1.93548e+09,2.13343e+06,3.10664e+08,3.04824e+09,1.06593e+09,-2.34273e+08,-1.05459e+09,0.00101312,0.000162616,3.68361e-24
0,2.09454e+09,2.42083e+07,3.20878e+08,5.11811e+09,-1.1603e+09,4.88417e+08,-8.68711e+08,0.00102073,0.000156373,1.06903e-23
0,2.02741e+09,6.4564e+06,3.21972e+08,3.43049e+08,-1.20579e+09,-2.09396e+07,-8.73994e+08,0.00102789,0.000163238,2.67541e-25
0,2.07177e+09,3.08932e+07,3.2092e+08,1.21938e+10,1.39986e+09,1.55834e+07,-2.90818e+08,0.000967646,0.000149889,4.36171e-23
0,2.00246e+09,-1.49741e+07,3.26017e+08,-9.82791e+08,-4.61719e+08,1.31025e+08,-7.87752e+08,0.000986824,0.000160663,-8.92856e-26
0,2.08166e+09,3.77516e+06,3.14343e+08,-4.42844e+09,-1.50453e+09,1.43848e+08,-6.67172e+08,0.000983271,0.00014848,-1.08662e-23
0,1.99687e+09,4.95092e+07,2.88481e+08,6.09782e+09,1.96534e+08,-2.20141e+08,-1.01575e+09,0.00102449,0.000148004,3.11759e-23
0,2.02093e+09,-3.62867e+07,3.22442e+08,-3.68101e+09,1.87624e+08,-3.08148e+08,-1.03608e+09,0.000978637,0.000156143,-5.2645e-24
0,2.16869e+09,-2.88988e+07,3.27592e+08,-7.10413e+09,-7.58179e+08,-1.98871e+08,-6.97325e+08,0.000971513,0.000146752,-1.72164e-23
0,2.12405e+09,-1.34768e+07,3.34124e+08,-8.02421e+09,-4.00618e+08,-5.4375e+08,-5.29388e+08,0.000947305,0.000149016,-1.58139e-23
0,1.94655e+09,-3.43458e+07,3.19297e+08,8.49975e+08,1.21226e+09,6.08432e+08,-9.67216e+08,0.000969349,0.000159005,4.46591e-25
0,1.95054e+09,1.82284e+07,3.18921e+08,3.86888e+09,-1.97073e+07,-3.985e+08,-9.17207e+08,0.000998435,0.000163248,6.86288e-24
0,2.10239e+09,2.17301e+07,3.35019e+08,4.40341e+09,4.9979e+07,2.39794e+08,-4.39912e+08,0.000901295,0.000143623,2.17911e-24
0,2.10515e+09,-2.9121e+07,3.35256e+08,-5.3482e+09,2.21082e+08,-6.19757e+08,-4.84354e+08,0.000937147,0.000149246,-5.95464e-24
0,2.14882e+09,2.06081e+07,3.19606e+08,6.20612e+09,-1.55062e+09,3.58364e+08,-8.22359e+08,0.00102968,0.00015315,2.13961e-23
0,2.12787e+09,5.73955e+06,3.22949e+08,2.28371e+09,-1.44137e+09,3.44694e+08,-8.06211e+08,0.00104729,0.000158949,3.47361e-24
0,1.82626e+09,678470,2.58636e+08,-3.36713e+08,-9.96413e+08,1.50337e+08,-1.43544e+09,0.00112396,0.000159177,5.29917e-25
0,2.05688e+09,2.71563e+07,3.20515e+08,4.33678e+08,-6.40061e+08,-4.80214e+08,-4.96403e+08,0.000931391,0.000145134,-5.69959e-26
0,2.01946e+09,3.8857e+07,3.16932e+08,-1.50098e+09,-5.77936e+08,3.29714e+08,-8.34277e+08,0.000997505,0.000156547,-3.62181e-25
0,2.11802e+09,-2.42069e+07,3.35295e+08,-4.79756e+09,3.06956e+07,-3.60245e+08,-5.68616e+08,0.000923087,0.00014613,-3.87887e-24
0,2.07609e+09,-3.01079e+07,3.30301e+08,-7.61341e+09,-1.67305e+08,-1.01984e+08,-6.41189e+08,0.000946089,0.000150521,-2.18752e-23
0,2.31443e+09,5.90644e+06,3.17652e+08,2.54327e+09,-1.71132e+09,-1.13509e+08,-2.74603e+08,0.00093976,0.000128981,1.64277e-24
0,2.18829e+09,1.26558e+07,3.17002e+08,2.86063e+09,-1.90369e+09,3.03638e+08,-8.83812e+08,0.0010453,0.000151425,8.06152e-24
0,2.12296e+09,-2.97943e+07,3.20265e+08,-3.07578e+09,-9.257e+07,2.38098e+08,-7.78242e+08,0.000958468,0.000144592,-1.60251e-24
0,2.07715e+09,-1.37406e+07,3.13844e+08,-1.51739e+08,-1.41254e+09,-6.92533e+08,-8.38755e+08,0.00102982,0.000155598,-1.62621e-24
0,2.13038e+09,-3.03971e+07,3.35093e+08,-5.46215e+09,2.78578e+08,-5.07906e+08,-4.6056e+08,0.000922372,0.000145082,-5.35037e-24
0,2.14822e+09,3.13537e+07,2.85708e+08,-3.75021e+09,1.45194e+08,1.10102e+07,2.96021e+08,0.000969258,0.000128909,1.17236e-24
0,2.06042e+09,2.72666e+07,3.20151e+08,7.84814e+09,-4.90261e+08,-1.08474e+08,-6.38934e+08,0.000936954,0.000145585,2.50028e-23
0,1.86549e+09,-3.29028e+07,3.14983e+08,2.48598e+09,-6.32307e+06,-1.00503e+08,-7.02496e+08,0.000977587,0.000165063,1.56333e-24
0,2.00031e+09,2.19074e+07,3.22869e+08,4.17766e+09,-8.31187e+08,-7.85062e+07,-7.67429e+08,0.00101203,0.000163351,9.04837e-24
0,2.06729e+09,-3.34565e+07,3.20456e+08,-1.21535e+09,-1.00649e+08,1.87698e+08,-8.73943e+08,0.000979757,0.000151875,-6.67302e-26
0,2.02292e+09,3.62418e+07,2.7596e+08,-4.73641e+09,-1.22242e+09,-4.19657e+08,4.1236e+08,0.00100144,0.000136613,8.77053e-24
0,2.01233e+09,-3.37235e+07,3.07249e+08,2.95432e+08,-2.12534e+08,3.42289e+08,-1.23488e+09,0.00104161,0.000159037,-4.87785e-26
0,2.0973e+09,3.14221e+07,2.80311e+08,-2.43694e+09,2.08665e+08,-1.33213e+06,5.91212e+08,0.00102243,0.000136651,9.11981e-25
0,1.75512e+09,2.96046e+06,2.84391e+08,-7.51304e+09,3.23418e+08,-6.83738e+07,-9.39926e+08,0.00103922,0.00016839,-1.15795e-22
0,2.16633e+09,-268756,3.1879e+08,-1.28936e+09,-1.72778e+09,2.99068e+08,-8.74624e+08,0.00105343,0.00015502,-1.65077e-24
0,1.92531e+09,721731,2.77239e+08,-3.20699e+09,-3.10469e+09,-1.79198e+08,5.19013e+08,0.00115745,0.00016667,-3.74828e-23
0,2.00783e+09,-6.93454e+06,3.3417e+08,-6.36614e+08,1.24734e+09,-2.31862e+08,-5.66824e+08,0.000881626,0.000146732,3.76096e-26
0,2.00405e+09,-3.98502e+07,3.10496e+08,-1.30225e+09,-1.90882e+09,-1.04634e+09,-6.66151e+08,0.0010139,0.000157087,-4.10814e-24
0,1.97911e+09,-3.3711e+07,3.16509e+08,-4.47462e+09,-5.42759e+08,1.38058e+08,-1.03322e+09,0.00100548,0.000160801,-1.30731e-23
0,2.00602e+09,-1.91786e+07,3.24332e+08,-7.5122e+08,2.92123e+08,-6.62895e+07,-9.178e+08,0.00100553,0.000162573,5.84449e-27
0,1.96887e+09,-2.91473e+07,3.09034e+08,-3.14605e+09,1.36055e+08,2.61402e+08,-1.15311e+09,0.000991015,0.000155549,-3.84957e-24
0,2.07748e+09,5.39013e+06,3.30565e+08,1.77732e+09,-3.37262e+08,2.7604e+08,-8.89665e+08,0.000992634,0.000157946,3.25061e-25
0,2.05731e+09,-5.72489e+06,3.42354e+08,-6.55279e+08,1.10981e+07,-2.26724e+07,-4.16741e+08,0.000965085,0.000160599,-6.33527e-27
0,1.98272e+09,-8.10107e+06,3.03979e+08,-3.36975e+09,-1.31268e+09,3.82255e+08,-1.37337e+09,0.00109002,0.000167115,-1.6811e-23
0,2.26206e+09,-1.50016e+07,3.22621e+08,4.36261e+09,9.84574e+08,1.02679e+08,2.43926e+08,0.000915691,0.000130598,-1.12997e-24
0,2.0438e+09,2.45558e+07,3.19766e+08,3.10976e+09,-9.96618e+08,9.36139e+07,-8.83109e+08,0.00102355,0.000160142,4.63726e-24
0,2.02029e+09,3.71228e+07,3.16129e+08,2.65864e+09,5.58262e+07,-2.7931e+08,-9.13149e+08,0.000981255,0.000153544,1.55676e-24
0,2.15192e+09,-2.53832e+07,3.30648e+08,-3.23136e+09,-3.92047e+08,2.94773e+07,-5.11422e+08,0.000988787,0.00015193,-1.49915e-24
0,2.01034e+09,-3.48551e+07,3.12844e+08,-3.75217e+09,-3.77931e+08,1.15197e+08,-1.13358e+09,0.00101576,0.000158069,-7.62781e-24
0,2.16905e+09,9.18564e+06,3.4056e+08,2.39249e+09,-2.15325e+08,3.96996e+08,-3.60542e+08,0.00094205,0.00014791,1.62549e-25
0,1.93068e+09,-2.79797e+07,3.10497e+08,-1.7765e+09,-4.16259e+08,8.68366e+07,-9.25503e+08,0.000979747,0.000157565,-6.68993e-25
0,1.96317e+09,-3.31568e+06,3.0776e+08,4.53867e+08,-3.45995e+07,-7.69973e+08,-1.05144e+09,0.000985,0.000154415,-5.12102e-26
0,2.13228e+09,-1.02601e+07,3.06157e+08,-3e+09,1.12101e+09,1.54433e+08,-4.19458e+08,0.000891889,0.000128059,-1.72026e-25
0,1.91881e+09,-2.68396e+07,3.06094e+08,-5.34476e+09,-6.29859e+08,3.04465e+08,-1.37128e+09,0.00108245,0.000172675,-4.96649e-23
0,2.06369e+09,3.23833e+07,3.20272e+08,6.95541e+09,3.01463e+08,-7.66575e+07,-8.12229e+08,0.000944128,0.000146523,2.14346e-23
0,1.9635e+09,-6.44298e+07,3.04354e+08,-1.58254e+09,-2.20164e+09,-6.73697e+08,-4.56533e+08,0.00100122,0.000155195,-7.37324e-24
0,2.00814e+09,2.90699e+07,3.32434e+08,6.28481e+09,3.36574e+08,2.43714e+08,-6.82132e+08,0.000937022,0.000155118,1.57487e-23
0,2.10107e+09,-2.82172e+07,3.15129e+08,-7.15871e+09,-1.07906e+09,1.58994e+08,-9.9515e+08,0.00103813,0.000155704,-4.98711e-23
0,2.19545e+09,3.30275e+07,2.9093e+08,-6.92443e+09,7.97871e+08,1.79312e+08,2.80516e+08,0.00101336,0.000134285,1.02715e-23
0,2.05508e+09,-5.35299e+06,3.2918e+08,-2.51149e+09,2.33239e+08,-1.25186e+08,-8.13356e+08,0.000945116,0.000151388,-1.01079e-24
0,1.96062e+09,2.28433e+07,3.17704e+08,1.58365e+09,-4.98341e+08,2.16567e+08,-9.86729e+08,0.0010299,0.000166887,5.40509e-25
0,1.96399e+09,4.66241e+07,2.69453e+08,3.44964e+09,1.399e+09,-2.56938e+07,-4.02202e+08,0.000945118,0.000129667,4.52339e-25
0,1.86486e+09,-3.02183e+06,2.49124e+08,-9.53821e+08,-3.31523e+08,-1.03267e+08,-1.29608e+09,0.00112841,0.000150742,1.16786e-25
0,2.1059e+09,-1.1837e+07,3.33989e+08,-1.68422e+09,2.50472e+08,-5.64974e+07,-6.12346e+08,0.000937426,0.000148672,-1.95255e-25
0,2.01893e+09,-1.9728e+07,3.26045e+08,-2.55662e+09,-1.80691e+08,-1.75748e+08,-8.35413e+08,0.000979377,0.000158163,-1.27749e-24
0,2.31734e+09,1.31375e+07,3.34177e+08,2.5838e+09,-5.75147e+08,-1.11449e+08,-1.71742e+08,0.000898682,0.000129596,1.90344e-25
0,2.19004e+09,6.33996e+07,3.05292e+08,-3.51167e+08,-1.2711e+09,1.0338e+08,-6.25468e+07,0.000936445,0.000130541,-4.99684e-26
0,2.19822e+09,-2.21664e+07,3.39374e+08,-4.67581e+09,2.45301e+08,-3.16347e+08,-3.26193e+08,0.000889291,0.000137294,-1.67492e-24
0,2.02607e+09,-2.04071e+07,3.22212e+08,4.46963e+08,8.08182e+08,4.82159e+08,-7.11805e+08,0.000922962,0.000146782,5.26345e-26
0,1.81641e+09,-4.01653e+06,2.79127e+08,-1.22879e+09,-1.14856e+08,1.64537e+08,-1.52919e+09,0.00107205,0.000164741,4.88916e-25
0,2.05693e+09,2.86441e+07,3.28643e+08,7.347e+09,-8.88606e+06,1.57571e+08,-7.92435e+08,0.00095838,0.000153123,2.72219e-23
0,2.0368e+09,-2.23064e+07,3.15767e+08,6.99025e+09,-2.14284e+09,1.50315e+08,-3.91039e+08,0.00101172,0.000156849,3.20671e-23
0,2.13415e+09,7.92877e+07,3.08329e+08,1.8679e+09,-1.77219e+09,-5.62834e+07,-1.13495e+08,0.00094809,0.000136974,1.62256e-24
0,2.14618e+09,-6.16794e+07,3.14369e+08,5.9287e+09,-7.83725e+08,-3.54958e+08,4.29255e+08,0.000892798,0.000130775,-3.05057e-24
0,2.08447e+09,-1.82445e+07,3.17694e+08,1.42236e+09,7.60221e+07,-8.49549e+07,-5.32242e+08,0.0010282,0.000156708,1.49821e-25
0,1.80869e+09,-1.35215e+07,2.5344e+08,-1.82445e+09,-1.97014e+08,6.34742e+07,-1.40402e+09,0.00112767,0.000158013,-1.42936e-24
0,1.94285e+09,2.55803e+06,3.16099e+08,-2.12155e+09,-6.24409e+08,-4.29467e+08,-8.28379e+08,0.00100538,0.000163575,-7.64679e-25
0,2.03022e+09,-4.42874e+07,3.24182e+08,-4.44463e+09,9.79502e+08,1.60366e+08,-7.44853e+08,0.000932891,0.000148962,-4.57767e-24
0,2.11966e+09,2.22744e+07,3.29759e+08,5.86061e+09,-3.98069e+08,2.5873e+08,-5.63216e+08,0.000976559,0.000151925,8.52402e-24
0,1.90787e+09,2.58092e+07,3.04663e+08,1.58352e+09,1.40176e+08,-2.3905e+08,-1.17087e+09,0.00103318,0.000164985,3.44101e-25
0,1.94148e+09,4.72334e+07,3.00474e+08,5.452e+09,-9.36838e+07,-5.22793e+08,-1.00883e+09,0.00101806,0.00015756,2.49317e-23
0,1.83792e+09,-6.85563e+07,3.07396e+08,-1.4374e+08,8.73773e+07,5.75448e+08,-7.39954e+08,0.000951779,0.000159187,-2.36381e-26
0,1.99407e+09,-1.45064e+06,3.24676e+08,-5.24789e+08,6.24136e+07,6.58498e+07,-1.11536e+09,0.000995602,0.000162104,6.90368e-26
0,2.05943e+09,-1.14046e+07,3.25667e+08,2.85108e+09,9.66031e+07,5.37682e+08,-7.95406e+08,0.000966744,0.000152876,1.50957e-24
0,1.95316e+09,-3.49609e+07,3.15421e+08,-1.52498e+09,8.27875e+08,3.66976e+08,-1.07532e+09,0.000981739,0.000158544,-2.35615e-25
0,2.05243e+09,2.26026e+07,3.30504e+08,6.89807e+09,-2.27613e+08,4.84686e+08,-7.70713e+08,0.000975426,0.000157074,2.22258e-23
0,2.19442e+09,-1.01906e+07,2.81797e+08,-2.4054e+09,1.02261e+09,-1.6537e+08,2.69666e+08,0.000953897,0.000122495,5.16775e-25
0,2.04852e+09,1.0768e+07,3.29974e+08,-7.03766e+08,4.36115e+08,-3.87084e+07,-7.42304e+08,0.000937738,0.00015105,-1.39057e-26
0,2.02197e+09,1.79612e+07,3.1943e+08,1.51648e+08,5.261e+08,-2.40958e+07,-9.33871e+08,0.000964138,0.000152314,-4.07601e-27
0,1.94723e+09,-3.09565e+07,3.30564e+08,2.14083e+09,1.65988e+08,4.73188e+08,1.98145e+08,0.000923175,0.000156719,-7.31759e-27
0,2.23041e+09,4.89836e+07,3.13174e+08,1.03331e+09,-1.86474e+09,1.40262e+07,-2.07481e+08,0.000947021,0.000132972,8.89108e-25
0,1.71601e+09,-8.98571e+07,2.91085e+08,-1.22614e+09,-3.4808e+08,2.43069e+08,-1.13475e+09,0.00100997,0.00017132,-1.08063e-25
0,1.93608e+09,-5.58614e+07,3.15922e+08,-8.33104e+09,7.798e+08,1.09331e+08,-1.05315e+09,0.00095448,0.000155749,-6.86983e-23
0,2.00812e+09,-2.10455e+07,3.23627e+08,-2.94567e+09,1.20813e+09,3.20599e+08,-7.76619e+08,0.000921533,0.000148513,-7.85882e-25
0,2.03519e+09,4.97678e+06,3.33577e+08,-2.29586e+09,-2.14882e+08,3.29432e+08,-7.6622e+08,0.000977562,0.000160227,-8.82379e-25
0,2.03729e+09,-7.43963e+06,3.41826e+08,5.4838e+09,2.27153e+08,3.51375e+08,-7.9886e+07,0.00090178,0.000151304,1.43335e-24
0,2.10142e+09,3.45054e+07,3.18048e+08,-5.76578e+09,-1.67333e+09,-1.20654e+08,2.26449e+08,0.0008775,0.000132809,1.01251e-24
0,2.17358e+09,2.96702e+07,3.25657e+08,3.00297e+09,1.38465e+07,-7.44633e+07,-5.24855e+08,0.000920145,0.000137861,7.46593e-25
0,2.01124e+09,8.9981e+06,3.08355e+08,3.54855e+08,-5.94247e+08,-1.41047e+08,-1.03507e+09,0.00106264,0.00016292,-7.92757e-26
0,2.11279e+09,-3.93321e+07,3.28862e+08,-1.21356e+09,-1.21e+09,-4.22711e+08,-2.7843e+08,0.000926621,0.000144231,-3.4552e-25
0,1.82803e+09,-5.13316e+07,3.12518e+08,-4.0788e+09,2.26932e+09,2.87291e+08,-1.13181e+09,0.000934591,0.000159777,-2.82224e-24
0,1.94636e+09,-4.22306e+07,3.07978e+08,1.36742e+09,-1.5372e+09,-4.65747e+08,-4.35465e+08,0.000994231,0.00015732,1.14692e-24
0,1.95363e+09,1.37312e+07,2.96154e+08,-5.22088e+09,-2.21658e+09,-1.72093e+07,6.85314e+08,0.000946679,0.000143509,4.03277e-24
0,1.91721e+09,7.0679e+06,2.99023e+08,2.13398e+10,-1.19995e+08,5.48595e+08,-1.61822e+08,0.00101721,0.000158651,2.48043e-22
0,2.05317e+09,-1.30623e+06,2.7942e+08,2.57743e+09,-8.77041e+08,9.84274e+07,5.85283e+08,0.000938544,0.000127729,-9.01808e-25
0,1.95114e+09,7.30484e+07,2.93536e+08,8.75454e+09,1.86859e+09,-4.87856e+08,-9.07991e+08,0.000932175,0.00014024,3.80211e-23
0,2.08057e+09,3.27886e+07,3.07519e+08,3.43707e+09,-7.75203e+08,1.7979e+08,-1.01638e+09,0.000995912,0.000147201,4.29047e-24
0,1.9201e+09,-4.39234e+07,3.22404e+08,-6.42061e+09,1.01909e+09,1.38444e+08,-9.38033e+08,0.000938934,0.000157656,-2.58491e-23
0,1.98267e+09,1.7313e+07,3.27706e+08,-1.05211e+09,1.26699e+09,-7.0405e+07,-7.86334e+08,0.000919026,0.000151902,-3.17773e-26
0,2.0415e+09,-3.69832e+06,3.06279e+08,3.46206e+09,-3.99444e+08,3.91333e+08,-9.56074e+08,0.000983947,0.000147618,3.21836e-24
0,2.30413e+09,1.76513e+07,3.34279e+08,3.82022e+09,-4.24918e+08,-1.00494e+08,-2.23537e+08,0.00090165,0.00013081,5.56507e-25
0,1.78189e+09,677126,2.44977e+08,9.85388e+07,5.75949e+08,-2.36095e+08,-1.35629e+09,0.00109582,0.000150654,3.68838e-26
0,2.05279e+09,-3.99095e+06,3.42135e+08,3.70311e+08,1.17857e+06,5.36658e+07,-4.37823e+08,0.000960608,0.000160103,-9.31984e-28
0,2.29386e+09,2.53105e+07,3.28063e+08,4.60893e+09,-5.75842e+08,-2.2962e+08,-2.77586e+08,0.000907749,0.000129824,1.44541e-24
0,1.83444e+09,2.62536e+07,2.73692e+08,4.07491e+09,5.11712e+08,1.67358e+08,-1.54006e+09,0.00106249,0.00015852,2.52813e-23
0,2.13442e+09,2.87513e+06,3.40478e+08,1.16134e+08,7.49743e+08,1.8139e+08,-2.48296e+08,0.000853841,0.000136203,-5.03753e-27
0,1.96766e+09,-4.07708e+07,3.09469e+08,3.3076e+09,-1.01551e+08,1.92411e+08,-5.54941e+08,0.00107145,0.000168516,3.57631e-24
0,2.04351e+09,-7.6466e+06,3.1684e+08,8.3346e+08,-4.23954e+08,4.72214e+08,-8.67518e+08,0.000978345,0.000151689,-2.14826e-26
0,2.09933e+09,-2.12806e+06,3.30718e+08,2.9909e+09,-1.05986e+08,5.80477e+08,-7.22215e+08,0.000983052,0.000154865,1.22325e-24
0,2.11308e+09,3.24736e+07,3.29546e+08,7.27171e+09,1.69975e+08,4.05965e+08,-7.0795e+08,0.000929386,0.000144943,1.8402e-23
0,1.83072e+09,-1.41587e+06,2.60119e+08,-7.43544e+09,-3.16128e+08,-4.7303e+08,3.51e+07,0.000944224,0.000134161,6.11364e-24
0,2.17165e+09,1.43886e+06,3.36539e+08,3.07818e+09,-4.76831e+08,3.01182e+08,-4.80016e+08,0.000967494,0.000149932,7.2877e-25
0,2.03872e+09,2.27899e+07,3.15184e+08,3.11187e+09,-7.6233e+08,3.68231e+08,-1.18572e+09,0.00102319,0.000158184,3.96248e-24
0,2.08151e+09,5.97816e+06,3.29477e+08,4.5094e+09,-1.55458e+08,8.42508e+07,-7.74607e+08,0.000967679,0.000153171,5.93689e-24
0,1.93193e+09,5.93477e+06,3.28365e+08,1.23292e+09,4.71026e+08,7.43312e+07,-1.04156e+09,0.000980428,0.000166641,1.72223e-25
0,2.00691e+09,-3.75427e+07,3.05819e+08,-4.447e+09,-1.28389e+08,-2.45675e+08,-1.05179e+09,0.00103242,0.000157323,-1.22126e-23
0,1.9902e+09,-2.02538e+07,3.15352e+08,5.69301e+09,9.19296e+08,2.66295e+08,-7.02895e+08,0.00102469,0.000162365,2.23141e-23
0,2.05392e+09,4.4017e+07,3.16746e+08,9.70622e+09,3.11436e+08,1.11494e+08,-7.15323e+08,0.000941204,0.000145148,5.34881e-23
0,2.03415e+09,-4.32394e+07,3.28222e+08,1.59411e+09,-1.47085e+08,-2.01706e+08,-1.53747e+08,0.000916866,0.000147942,5.806e-26
0,2.05777e+09,-4.31733e+06,3.43535e+08,4.87644e+08,-1.15156e+07,5.2123e+07,-2.84409e+08,0.000962273,0.000160647,1.81046e-27
0,1.97149e+09,251543,3.20505e+08,-4.36645e+08,2.57456e+08,-2.66969e+08,-9.02303e+08,0.000965254,0.000156921,3.20102e-26
0,2.08249e+09,-2.84426e+07,3.0575e+08,-3.19441e+09,-1.33314e+09,-1.58534e+08,-9.30641e+08,0.00101896,0.000149604,-6.12975e-24
0,2.10034e+09,-2.54062e+07,3.33534e+08,-4.67241e+09,-1.17413e+08,-4.77883e+08,-7.11891e+08,0.000971399,0.000154259,-5.44273e-24
0,2.13554e+09,5.64665e+07,3.26138e+08,-6.94422e+09,-1.57399e+09,1.81065e+08,3.34825e+08,0.000877132,0.000133955,1.72836e-24
0,1.94232e+09,3.57121e+07,3.10215e+08,1.48879e+09,7.9126e+08,-6.10034e+08,-1.02051e+09,0.000991927,0.000158425,1.23515e-25
0,2.17861e+09,-4.87081e+06,3.34351e+08,1.00721e+09,-4.77663e+08,1.25149e+08,-5.65474e+08,0.00097274,0.000149286,6.68126e-26
0,1.67549e+09,-3.95784e+07,2.96744e+08,6.81452e+09,1.11885e+09,2.6229e+08,-1.02135e+09,0.00103728,0.000183712,1.33e-22
0,2.07087e+09,2.69213e+07,3.15891e+08,4.88406e+09,1.97014e+08,-4.98079e+08,-8.28732e+08,0.000970426,0.000148029,7.75654e-24
0,1.85525e+09,-6.33021e+06,3.16027e+08,2.36029e+09,6.62391e+07,-8.85214e+07,-2.26189e+08,0.000993592,0.00016925,5.02261e-25
0,1.93108e+09,4.34214e+07,3.21322e+08,4.96179e+09,1.0866e+09,-2.35343e+08,-9.24658e+08,0.00096007,0.000159751,1.15053e-23
0,2.03961e+09,6.94542e+07,2.71447e+08,1.00656e+10,7.44748e+08,2.01877e+08,-6.30471e+08,0.00116996,0.000155707,1.71263e-22
0,1.97807e+09,-4.43309e+07,3.09292e+08,-5.07796e+09,3.62017e+08,-9.2948e+07,-9.19919e+08,0.00100712,0.000157474,-1.64772e-23
0,2.09115e+09,-2.15163e+07,3.2333e+08,-2.32373e+09,-6.7044e+08,-1.24944e+08,-8.51952e+08,0.00101283,0.000156603,-1.31166e-24
0,2.08208e+09,-4.44118e+07,3.09275e+08,-2.82825e+09,1.09065e+09,1.5708e+08,-4.90192e+08,0.00107468,0.000159634,-7.012e-25
0,2.30649e+09,1.47006e+07,3.30203e+08,1.79074e+09,-8.93088e+08,-2.01295e+08,-2.66676e+08,0.000936212,0.000134031,2.54507e-25
0,2.03393e+09,2.91926e+07,3.15269e+08,1.61503e+09,-5.58426e+07,-4.80262e+08,-9.02291e+08,0.00100823,0.00015628,2.21492e-25
0,2.02683e+09,2.49211e+07,3.2188e+08,4.89454e+09,4.13211e+08,-1.66124e+08,-7.66718e+08,0.000954527,0.000151588,7.78798e-24
0,2.04598e+09,3.29421e+06,3.32692e+08,1.12791e+07,5.25948e+08,3.90236e+07,-6.51312e+08,0.000955242,0.00015533,-1.08604e-28
0,2.12989e+09,-2.24673e+07,3.25056e+08,2.02728e+09,-1.3595e+09,-3.26767e+08,-5.98775e+08,0.000980289,0.000149609,1.64139e-24
0,2.06477e+09,-4.12444e+06,3.42706e+08,4.19375e+08,-2.06002e+07,6.38801e+07,-3.8246e+08,0.000964712,0.000160121,2.24055e-28
0,1.95371e+09,-2.30486e+07,3.12475e+08,-4.77689e+09,1.21898e+08,4.99113e+07,-9.2864e+08,0.000986673,0.000157808,-1.27664e-23
0,2.3135e+09,1.70321e+07,3.2804e+08,1.63329e+09,-9.50343e+08,-2.23609e+07,-2.31372e+08,0.000923593,0.00013096,1.984e-25
0,2.00004e+09,-2.1829e+07,3.20095e+08,4.43613e+08,9.70798e+08,7.89496e+08,-8.89305e+08,0.000975364,0.000156102,2.13752e-25
0,2.0159e+09,-8.75171e+06,3.12721e+08,1.12873e+09,2.81439e+08,3.07708e+08,-1.10475e+09,0.0010057,0.000156011,3.14134e-26
0,2.06824e+09,-1.80504e+07,3.27774e+08,-3.97415e+09,-1.44433e+08,-4.96596e+07,-9.26289e+08,0.000983169,0.000155812,-5.32903e-24
0,1.77277e+09,6.92774e+06,2.71431e+08,1.88459e+09,-6.1742e+07,-2.56947e+08,-1.71399e+09,0.00112494,0.00017224,5.82472e-25
0,2.12337e+09,-4.87151e+07,3.15764e+08,9.73921e+08,-2.27397e+09,-4.55463e+08,-4.74248e+08,0.000982165,0.000146057,6.41409e-25
0,1.97192e+09,5.43992e+07,2.87888e+08,5.78258e+09,-9.80965e+08,1.85158e+07,-1.2735e+09,0.00106924,0.000156103,4.96701e-23
0,1.93598e+09,-3.54855e+07,3.03112e+08,-4.12043e+09,2.41649e+08,5.1449e+08,-9.82956e+08,0.000976129,0.00015283,-7.54047e-24
0,2.00479e+09,2.33576e+07,3.14259e+08,1.20032e+09,1.3335e+09,-3.37945e+08,-8.9858e+08,0.00095208,0.000149243,-2.95143e-26
0,2.14354e+09,4.93172e+07,2.78923e+08,-3.36024e+09,5.60054e+08,1.70399e+08,4.47371e+08,0.00105538,0.000137329,2.51872e-24
0,2.01063e+09,1.45984e+06,3.28269e+08,2.36275e+09,-4.50341e+08,1.18166e+08,-9.69531e+08,0.00101935,0.000166426,1.56756e-24
0,2.11022e+09,1.89902e+07,3.26653e+08,2.07555e+09,-4.41029e+08,3.23566e+08,-8.88652e+08,0.000980229,0.000151735,4.82269e-25
0,1.75998e+09,-6.15645e+06,2.48244e+08,3.72562e+09,-7.41179e+08,5.5337e+08,-1.33432e+09,0.0011012,0.000155324,1.88451e-23
0,2.10487e+09,-1.7659e+07,3.35576e+08,-5.55475e+09,8.84351e+06,-1.44189e+08,-5.68884e+08,0.000926853,0.000147767,-6.38388e-24
0,1.91636e+09,279062,3.16674e+08,-3.64036e+09,2.01249e+08,-3.16438e+08,-9.25471e+08,0.000977759,0.000161573,-6.076e-24
0,2.08637e+09,-2.03752e+07,3.28054e+08,4.62917e+08,1.04216e+08,-1.05736e+08,-8.7945e+08,0.000967662,0.000152152,-1.81427e-26
0,2.17412e+09,2.49359e+07,3.13893e+08,6.64054e+09,-1.78636e+09,2.84946e+08,-8.72946e+08,0.00102463,0.000147933,2.9621e-23
0,1.92497e+09,315412,3.23572e+08,-6.08907e+09,3.48144e+08,2.56609e+08,-2.61239e+08,0.000879674,0.000147866,-3.9471e-24
0,2.14169e+09,6.29281e+06,3.24611e+08,6.03268e+09,2.67278e+08,6.19428e+08,-6.56057e+08,0.000942373,0.000142833,1.05555e-23
0,2.31033e+09,1.81497e+07,3.2785e+08,3.79987e+09,-1.22073e+09,-8.87656e+07,-3.83459e+08,0.000940423,0.000133452,2.00123e-24
0,1.90076e+09,2.25729e+07,3.15251e+08,3.3219e+09,6.46239e+08,1.32035e+08,-1.05895e+09,0.000962795,0.000159684,5.37636e-24
0,2.16899e+09,1.4304e+07,3.2324e+08,3.18701e+09,-1.15929e+09,-2.97237e+08,-7.84588e+08,0.00102129,0.000152201,4.44172e-24
0,2.10779e+09,1.7378e+07,3.13688e+08,1.11651e+09,2.92396e+08,-3.00786e+08,-8.27868e+08,0.000972298,0.000144701,3.29411e-26
0,2.06981e+09,9.20585e+06,3.18276e+08,5.19377e+09,-5.77816e+08,-5.79278e+07,-8.71678e+08,0.000975788,0.000150047,1.18874e-23
0,1.9805e+09,-8.24179e+06,3.07645e+08,-1.42622e+09,-5.25777e+07,1.80077e+08,-1.32546e+09,0.00102049,0.000158521,-5.2588e-26
0,2.05021e+09,-1.53924e+07,3.37775e+08,-4.44895e+09,1.81035e+08,-1.50822e+08,-4.90124e+08,0.000912947,0.000150409,-3.10736e-24
0,2.01675e+09,-6.44171e+07,3.09723e+08,2.44925e+08,-2.315e+09,-1.18506e+08,-3.5346e+08,0.000979531,0.000150432,1.74481e-25
0,1.98989e+09,3.79179e+07,3.09586e+08,2.14354e+09,-5.77051e+08,-1.79782e+08,-1.04682e+09,0.00101347,0.000157675,1.52029e-24
0,2.30518e+09,1.92215e+07,3.2978e+08,2.99801e+09,-5.73937e+08,-2.18256e+08,-2.28259e+08,0.00090569,0.000129568,3.92975e-25
0,2.04925e+09,-600791,3.22437e+08,1.46944e+09,-6.69307e+08,1.86621e+08,-7.84028e+08,0.000980942,0.000154345,3.86261e-25
0,1.92522e+09,2.80152e+07,3.11167e+08,6.25853e+09,1.64364e+09,1.61078e+08,-1.10205e+09,0.000933525,0.000150883,3.15294e-23
0,1.98376e+09,-3.83807e+07,3.07122e+08,2.98323e+07,-2.15017e+09,-5.24308e+08,-4.98887e+08,0.000972942,0.000150629,-2.49493e-24
0,2.1161e+09,-2.87119e+07,3.25885e+08,-7.06067e+09,-4.64173e+08,-5.81185e+07,-7.36016e+08,0.000964767,0.000148577,-2.02496e-23
0,1.93516e+09,4.13841e+07,3.11022e+08,5.30338e+09,7.66907e+08,-3.08664e+07,-9.74465e+08,0.00098665,0.000158576,1.96791e-23
0,2.11239e+09,1.83739e+07,3.18557e+08,9.43868e+07,-1.20491e+08,-3.56422e+08,-7.92214e+08,0.000976289,0.000147228,-8.25874e-27
0,1.91023e+09,-6.86299e+07,3.10876e+08,2.29887e+08,-1.34753e+09,1.32112e+08,-2.75628e+08,0.000973649,0.000158454,3.85474e-25
0,2.06335e+09,6.71732e+07,3.12841e+08,1.04382e+10,6.37642e+08,-1.73684e+08,-7.68897e+08,0.000933354,0.000141513,6.35135e-23
0,2.0243e+09,-3.33198e+07,3.28303e+08,-6.86702e+09,8.24903e+07,-4.19525e+07,-6.83149e+08,0.000940247,0.00015249,-1.89888e-23
0,2.07237e+09,-6.17566e+06,3.30952e+08,-4.44519e+08,-2.58478e+08,-2.71588e+08,-8.12652e+08,0.00102517,0.000163717,6.90753e-27
0,1.85157e+09,-3.99241e+07,2.76878e+08,-3.90458e+08,-2.28317e+09,-1.4637e+08,-1.52337e+09,0.00112119,0.00016766,-1.02573e-23
0,1.86983e+09,8.75685e+06,3.21123e+08,4.96456e+08,5.79533e+08,3.08352e+08,-1.14226e+09,0.000987586,0.000169607,-4.49301e-26
0,2.02426e+09,2.58873e+07,3.28766e+08,4.98142e+08,8.62981e+08,-2.62565e+07,-7.80487e+08,0.000957673,0.000155538,6.87597e-27
0,2.04003e+09,-1.12554e+07,3.21914e+08,1.86631e+08,-2.15324e+08,5.34563e+08,-7.76296e+08,0.000985627,0.000155531,-2.7359e-26
0,2.15814e+09,-1.55259e+07,3.20436e+08,-2.72616e+09,-1.46179e+09,1.45252e+08,-8.52687e+08,0.00104342,0.000154925,-5.09417e-24
0,1.90384e+09,2.98603e+07,3.20879e+08,-2.105e+08,1.88613e+09,-4.00093e+08,-9.62251e+08,0.000931816,0.000157051,2.41598e-25
0,1.99547e+09,-1.33992e+07,3.28186e+08,-1.33616e+09,1.35176e+08,-2.00082e+08,-9.93143e+08,0.000977907,0.000160832,-1.22432e-25
0,2.28601e+09,-5.06873e+06,3.22088e+08,5.96072e+08,2.37075e+08,-4.38012e+07,4.09853e+07,0.000891704,0.000125637,-1.28603e-27
0,1.87079e+09,-2.70329e+07,2.87774e+08,-1.54215e+09,-1.02544e+09,4.98829e+08,-1.47157e+09,0.00109356,0.000168216,-4.75233e-25
0,2.02057e+09,2.46468e+07,3.21838e+08,4.29906e+08,5.91988e+07,-4.25389e+08,-7.20896e+08,0.000973408,0.000155045,-1.29622e-26
0,2.10384e+09,-1.20219e+07,3.28631e+08,-2.59788e+09,-4.9866e+08,-4.08502e+08,-8.52325e+08,0.00102202,0.000159645,-1.08201e-24
0,2.29779e+09,2.59952e+07,3.23522e+08,5.13272e+09,-1.04514e+09,-2.39857e+08,-3.39159e+08,0.000934216,0.000131535,3.52636e-24
0,1.98236e+09,4.13759e+06,3.28175e+08,5.39346e+08,1.84648e+08,-4.10001e+07,-9.79656e+08,0.000984578,0.000162995,-3.62622e-26
0,1.94876e+09,-4.83011e+06,2.77691e+08,6.29983e+09,1.04006e+09,2.61974e+08,7.72953e+08,0.00107803,0.000153615,-3.87044e-23
0,2.03967e+09,-1.4194e+07,3.19851e+08,4.90495e+08,2.04782e+08,4.95603e+08,-8.96803e+08,0.000984655,0.000154409,-6.22179e-26
0,1.95536e+09,5.87331e+07,3.13134e+08,-4.71395e+09,-2.20804e+09,4.32434e+07,-5.97258e+08,0.00102446,0.000164058,-3.28778e-23
0,1.94885e+09,5.40807e+07,3.21259e+08,1.4241e+09,1.55433e+09,-1.53426e+08,-8.11199e+08,0.000963522,0.000158832,-1.86177e-25
0,2.10831e+09,-1.74608e+06,3.23236e+08,-3.91556e+09,-1.08751e+09,-4.92813e+07,-7.82299e+08,0.000996835,0.00015283,-6.05292e-24
0,2.06465e+09,5.8322e+07,3.08674e+08,8.76777e+09,-3.81938e+08,-4.00882e+07,-1.11982e+09,0.00101542,0.00015181,8.6445e-23
0,2.08327e+09,2.22794e+07,3.3177e+08,3.56246e+09,-3.07308e+08,4.62184e+08,-8.01051e+08,0.000989983,0.000157659,2.62062e-24
0,1.92e+09,-1.79833e+07,3.21285e+08,-2.10877e+09,6.18188e+08,-8.10198e+07,-1.18015e+09,0.000989113,0.000165514,-1.46304e-24
0,1.8885e+09,-5.37625e+07,2.93237e+08,-2.87146e+09,-4.5299e+08,6.82874e+08,-1.37655e+09,0.00109241,0.000169623,-6.41271e-24
0,1.66548e+09,416930,2.78363e+08,-1.02615e+10,-1.5733e+09,2.72094e+08,-9.77594e+08,0.00105031,0.000175545,-5.26144e-22
0,2.09769e+09,-1.61826e+07,3.32381e+08,-4.5273e+09,-3.50634e+08,-5.97089e+08,-7.04493e+08,0.00100665,0.000159505,-4.66768e-24
0,2.00699e+09,-3.84491e+07,3.15116e+08,-6.14046e+09,-2.32309e+08,2.19511e+08,-1.00902e+09,0.00100426,0.000157678,-2.92012e-23
0,2.17047e+09,-2.30701e+06,3.21961e+08,-1.19293e+09,-1.4074e+09,1.66375e+08,-7.92337e+08,0.00101644,0.000150775,-9.27013e-25
0,1.96535e+09,-6.99653e+06,3.15535e+08,-3.93312e+08,-8.62609e+08,-8.44589e+07,-9.87239e+08,0.00101513,0.000162978,-2.5614e-25
0,2.00577e+09,-2.58605e+07,3.20515e+08,-1.51578e+08,7.78936e+08,6.75719e+08,-8.4995e+08,0.000981629,0.000156861,8.61549e-27
0,2.03633e+09,-3.16543e+06,3.32506e+08,5.45241e+08,-3.02492e+07,-9.84347e+07,-8.22389e+08,0.000991312,0.000161868,-2.02184e-26
0,1.98867e+09,-1.20346e+07,2.6349e+08,3.32799e+09,-1.96672e+09,5.85398e+08,-1.25171e+09,0.00114109,0.00015119,2.90297e-23
0,2.10295e+09,-1.50839e+07,3.33027e+08,-5.27151e+09,-4.35657e+08,-4.80826e+08,-6.62077e+08,0.00100101,0.000158522,-7.40069e-24
0,1.80585e+09,-6.68299e+07,2.88908e+08,-1.43979e+09,-2.95104e+09,-1.73048e+08,-1.0963e+09,0.00113226,0.000181144,-5.33234e-23
0,2.12661e+09,-1.80886e+06,3.07845e+08,1.45605e+09,-1.1533e+09,-1.76814e+08,-9.27899e+08,0.00103601,0.000149972,1.07505e-24
0,1.85235e+09,-2.32893e+07,2.80614e+08,3.15504e+09,-2.2615e+09,3.69558e+08,-2.87618e+07,0.00108728,0.000164712,1.59542e-23
0,2.00337e+09,3.76297e+07,2.63294e+08,-6.43929e+09,-4.2218e+08,1.0083e+08,6.5127e+08,0.0010043,0.00013199,2.12923e-23
0,1.95841e+09,1.19382e+07,3.00762e+08,-7.38646e+07,-9.40791e+08,1.84457e+07,-3.25365e+08,0.00111679,0.00017151,-2.43842e-26
0,1.87798e+09,-4.84257e+07,3.00821e+08,-3.74875e+09,-1.22994e+08,7.85054e+08,-1.26467e+09,0.00108573,0.000173916,-1.3878e-23
0,1.94854e+09,-4.91302e+07,2.99125e+08,2.91399e+09,-8.37421e+08,1.57567e+06,-7.50789e+08,0.000982664,0.000150851,3.3071e-24
0,1.96983e+09,-4.66651e+07,3.09565e+08,-5.73543e+09,6.48209e+08,4.0571e+08,-1.07742e+09,0.000984805,0.000154765,-2.19369e-23
0,2.00293e+09,2.4181e+07,3.22149e+08,2.3789e+09,-6.35916e+08,-5.85394e+07,-6.89492e+08,0.000983902,0.00015825,1.38495e-24
0,1.91844e+09,-2.81273e+07,3.15157e+08,2.64252e+09,1.48454e+09,4.24223e+08,-9.20935e+08,0.000955489,0.000156966,3.60933e-24
0,2.07567e+09,-1.86116e+07,3.30233e+08,-6.3504e+09,-2.34942e+08,-3.88508e+08,-7.58794e+08,0.000985694,0.000156821,-1.72024e-23
0,1.73633e+09,-9.23312e+07,2.80931e+08,-1.51397e+09,-2.26938e+09,-4.79666e+07,-1.06027e+09,0.00112316,0.000181724,-2.93907e-23
0,2.02826e+09,-4.04468e+07,2.68831e+08,-1.39753e+09,-2.0828e+09,6.94624e+08,-1.22078e+09,0.00116153,0.000153952,-3.37945e-25
0,2.05568e+09,-4.66257e+06,3.42424e+08,-3.20429e+08,5.81132e+06,-1.02e+06,-4.12967e+08,0.000964482,0.000160658,8.15614e-28
0,2.15135e+09,-1.11666e+07,3.10561e+08,-1.82626e+09,-1.31977e+09,-2.092e+08,-8.41697e+08,0.00104135,0.000150326,-2.19885e-24
0,1.90329e+09,-2.09394e+07,3.20002e+08,3.01884e+09,-8.75937e+08,5.7646e+07,-7.38159e+08,0.00101523,0.000170692,4.70161e-24
0,2.19981e+09,1.36682e+07,3.12834e+08,3.31936e+09,-2.05076e+09,1.20639e+08,-8.65217e+08,0.00103422,0.000147076,1.10605e-23
0,2.1328e+09,-1.87125e+07,3.33894e+08,-2.96628e+09,-3.25672e+08,-3.9779e+08,-7.05279e+08,0.000965445,0.000151143,-1.00126e-24
0,1.93865e+09,-5.93308e+07,2.99305e+08,3.91045e+09,-1.0001e+09,3.32818e+08,-5.88585e+08,0.000976133,0.000150703,4.25381e-24
0,2.23345e+09,-1.7595e+07,3.21215e+08,9.60204e+08,-1.81505e+08,1.43646e+08,-4.06295e+08,0.000919495,0.000132242,1.185e-26
0,2.32182e+09,1.20598e+07,3.32669e+08,2.77387e+09,-8.62417e+08,-8.73682e+07,-2.49256e+08,0.000911248,0.000130563,4.36353e-25
0,2.01096e+09,-2.23893e+07,3.22342e+08,3.38172e+09,9.00625e+08,3.21216e+08,-6.91948e+08,0.000969093,0.000155338,3.89698e-24
0,2.04265e+09,1.04619e+07,3.20845e+08,1.90486e+09,-9.63897e+08,-1.78815e+08,-7.51275e+08,0.000990514,0.000155583,1.25227e-24
0,2.12664e+09,-3.39986e+06,3.28345e+08,-8.31652e+08,-5.85721e+08,5.28448e+07,-8.66819e+08,0.000999943,0.000154387,-8.16116e-26
0,1.64611e+09,-9.90854e+07,2.843e+08,-9.666e+08,-1.08391e+09,4.65101e+07,-9.2849e+08,0.00110919,0.000191569,-2.8893e-24
0,1.78716e+09,-4.78833e+07,2.99082e+08,-3.04267e+09,-5.90465e+08,4.48988e+08,-1.28121e+09,0.00106109,0.000177574,-1.0465e-23
0,2.01565e+09,3.26122e+06,3.28836e+08,-2.96767e+08,-3.03452e+07,-9.25435e+07,-9.42272e+08,0.000987984,0.000161181,2.54466e-26
0,2.04929e+09,-9.83256e+06,3.3108e+08,-2.70884e+09,-1.2207e+08,-1.9019e+08,-8.33675e+08,0.000992484,0.000160344,-1.52766e-24
0,1.92893e+09,9.57198e+06,3.10424e+08,-3.46608e+09,-9.34858e+08,-3.93e+08,-3.88271e+07,0.00107597,0.000173157,1.68566e-24
0,1.99175e+09,4.83345e+07,3.08657e+08,1.21043e+10,1.13961e+09,-3.76958e+07,-4.84594e+08,0.000950306,0.000147267,8.1724e-23
0,2.08016e+09,8.31134e+06,3.21394e+08,1.71887e+09,-5.90932e+08,-6.8849e+08,-7.46903e+08,0.000979061,0.000151269,2.68331e-25
0,2.04611e+09,-2.49395e+07,3.16799e+08,-4.40364e+09,-8.1819e+08,2.49892e+08,-9.37088e+08,0.00100962,0.00015632,-1.14035e-23
0,2.04002e+09,-3.39765e+07,3.22844e+08,-5.85278e+09,-1.48861e+08,8.73154e+07,-7.97693e+08,0.000986826,0.000156171,-1.67886e-23
0,1.80748e+09,-1.93834e+07,3.14297e+08,6.76096e+09,6.88603e+07,-3.59458e+06,-2.60454e+08,0.000969903,0.000168654,1.43013e-23
0,2.12618e+09,3.55908e+07,3.17603e+08,-2.76793e+09,-1.70932e+09,1.84536e+08,-4.49448e+08,0.00101906,0.000152225,-5.01981e-24
0,2.04222e+09,249447,3.08257e+08,6.28258e+08,-1.48207e+09,-1.0821e+08,-1.29675e+09,0.00107024,0.000161545,7.58954e-25
0,2.07823e+09,-1.08553e+07,3.35771e+08,-3.25348e+09,-3.46477e+08,-4.08504e+08,-6.56703e+08,0.00097803,0.000158016,-1.50582e-24
0,2.15908e+09,6.62718e+06,3.35258e+08,5.894e+09,5.60718e+07,2.53406e+08,-5.5387e+08,0.00092897,0.000144249,6.68795e-24
0,1.98472e+09,-6.77684e+06,3.27003e+08,-2.53858e+09,1.71049e+08,-1.82822e+08,-9.67814e+08,0.000976266,0.00016085,-1.62404e-24
0,1.90331e+09,-6.28168e+07,2.68327e+08,-5.92909e+09,-1.05472e+08,1.0718e+09,-1.31326e+09,0.00107228,0.000151169,-5.54565e-23
0,1.75107e+09,-7.63283e+07,3.02126e+08,-1.44548e+09,-1.01865e+08,2.88371e+08,-1.03872e+09,0.00105442,0.000181928,-3.94435e-25
0,2.21321e+09,2.18859e+06,3.11572e+08,5.19364e+09,-3.44463e+08,8.42441e+07,-5.37193e+08,0.000953574,0.000134242,4.36235e-24
0,1.96923e+09,-4.44051e+07,3.17656e+08,-5.9519e+09,9.79992e+07,-2.82365e+07,-1.04086e+09,0.00099694,0.000160816,-2.83592e-23
0,1.71611e+09,-9.34294e+07,2.83896e+08,1.31992e+09,7.80248e+08,4.99451e+08,-8.74277e+08,0.00112857,0.000186698,2.34193e-24
0,2.15829e+09,-3.5523e+06,3.316e+08,1.42353e+09,9.53796e+07,-4.11428e+08,-3.71115e+08,0.000892328,0.000137098,3.29316e-26
0,1.83752e+09,-1.85899e+07,2.90043e+08,1.85157e+09,8.55569e+08,8.78919e+07,-3.85163e+08,0.0011152,0.000176028,7.79775e-25
0,2.07504e+09,3.2744e+07,3.18378e+08,-4.80532e+09,-2.10834e+09,1.55458e+08,-4.17521e+08,0.00100379,0.000154014,-1.88237e-23
0,1.97423e+09,-1.13916e+07,3.03871e+08,-3.55161e+09,3.1412e+08,1.3877e+08,-9.89832e+08,0.000978492,0.000150608,-4.79244e-24
0,2.14031e+09,-1.35562e+07,3.38486e+08,-4.59004e+09,-2.24887e+08,-4.02011e+08,-5.23003e+08,0.000976292,0.000154398,-3.36101e-24
0,1.94061e+09,-1.24432e+06,3.27701e+08,1.56079e+09,3.70546e+08,5.73115e+07,-1.06628e+09,0.000989982,0.000167174,3.88054e-25
0,1.91542e+09,4.09196e+06,2.9146e+08,3.64987e+09,-6.7747e+08,4.13793e+08,-1.08607e+09,0.00106717,0.000162386,9.10413e-24
0,2.08605e+09,-2.29872e+07,3.19895e+08,-4.27043e+09,-1.27347e+09,4.74293e+07,-7.84096e+08,0.00103308,0.000158422,-1.13643e-23
0,1.87732e+09,-7.33694e+07,2.73534e+08,-6.85794e+09,5.82469e+08,1.25433e+09,-1.29274e+09,0.00106375,0.000154993,-7.10285e-23
0,2.01647e+09,-1.3322e+07,3.31618e+08,-1.9029e+09,7.61608e+07,-3.75823e+08,-8.04449e+08,0.00097024,0.000159561,-4.3776e-25
0,2.1895e+09,3.31711e+07,3.12786e+08,5.85921e+09,3.03287e+08,-4.1045e+07,-3.95508e+08,0.000925245,0.000132178,4.21691e-24
0,1.84431e+09,5.76728e+07,2.99692e+08,7.83361e+09,5.89739e+08,-3.67139e+08,-1.31856e+09,0.00101289,0.00016459,1.16619e-22
0,2.02068e+09,2.27368e+06,3.04763e+08,4.09853e+09,-1.19349e+08,4.76952e+08,-6.45993e+08,0.00101819,0.000153564,4.94698e-24
0,2.06333e+09,-4.40172e+07,3.29533e+08,-4.92815e+09,1.10327e+09,-2.1867e+08,-5.97437e+08,0.000933411,0.000149075,-6.55712e-24
0,2.13235e+09,1.70815e+06,3.25281e+08,-1.67363e+09,-1.28461e+09,-3.83876e+08,-5.32814e+08,0.000978296,0.000149235,-9.6951e-25
0,2.16811e+09,1.0526e+07,3.31534e+08,-2.06608e+09,-2.40559e+08,-4.98922e+07,-6.10768e+08,0.000992185,0.000151719,-4.05249e-25
0,1.96722e+09,-4.18198e+06,3.03349e+08,8.74363e+09,-9.3667e+08,-1.24781e+08,-7.70642e+08,0.000949798,0.00014646,5.96028e-23
0,1.96977e+09,-1.31949e+06,3.15243e+08,9.72753e+09,1.1426e+09,5.11217e+08,-2.47306e+08,0.00103595,0.000165795,6.24862e-23
0,2.11001e+09,-2.7646e+07,3.33654e+08,-4.88212e+09,-1.04778e+07,-4.88249e+08,-6.95652e+08,0.000960823,0.000151934,-5.9741e-24
0,1.97566e+09,-6.94328e+06,3.17967e+08,-2.83946e+09,-6.58405e+08,-2.06907e+08,-1.11517e+09,0.00105154,0.000169237,-4.16843e-24
0,2.12509e+09,-2.25558e+07,3.38528e+08,-7.14664e+09,6.01262e+07,-4.55002e+08,-4.63476e+08,0.000917509,0.00014616,-1.02665e-23
0,2.05777e+09,-4.34878e+07,3.17029e+08,-6.20575e+09,-5.68665e+08,-2.69441e+07,-8.48728e+08,0.00101054,0.000155689,-2.339e-23
0,2.32079e+09,-4.52217e+06,3.25985e+08,6.21156e+08,8.44377e+08,-7.5404e+07,5.47168e+07,0.000890548,0.000125089,-2.44785e-26
0,1.88661e+09,6.55668e+07,3.0062e+08,9.02759e+09,-2.52974e+07,-1.23627e+08,-1.28966e+09,0.0010464,0.000166737,1.95196e-22
0,2.24913e+09,6.50891e+06,3.02344e+08,-3.36212e+09,1.30693e+09,-1.47658e+08,3.53193e+08,0.000973405,0.000130852,1.74644e-24
0,1.98613e+09,-4.44527e+07,3.26392e+08,-2.1834e+09,1.17647e+09,2.85604e+08,-6.54337e+08,0.000938468,0.000154224,-1.26816e-25
0,2.13487e+09,-1.49838e+07,3.39834e+08,-6.61902e+09,-2.35918e+08,-6.52352e+08,-4.38676e+08,0.00095235,0.000151597,-7.00671e-24
0,2.23223e+09,1.03029e+07,3.09783e+08,8.4855e+09,-4.44573e+08,-2.43699e+08,-2.96326e+08,0.000991746,0.000137632,1.42135e-23
0,2.28184e+09,2.50707e+07,3.26721e+08,-3.71464e+09,1.42302e+08,2.37853e+08,1.37811e+08,0.000893782,0.000127974,3.03994e-25
0,2.32075e+09,4.9987e+06,3.27828e+08,1.5204e+09,-1.11747e+09,-6.96449e+06,-2.62661e+08,0.000921526,0.000130174,2.62347e-25
0,2.14444e+09,-1.54784e+07,3.21089e+08,1.58885e+07,-1.18037e+09,3.32017e+08,-7.48058e+08,0.00101092,0.000151365,3.97326e-25
0,2.10538e+09,-5.48196e+06,3.24637e+08,-2.53341e+09,-1.26577e+09,-1.46196e+08,-5.707e+08,0.000965343,0.00014885,-1.93115e-24
0,1.97741e+09,-4.91363e+07,3.05785e+08,-5.07427e+08,-4.12887e+07,4.75088e+07,-1.07564e+09,0.00106438,0.000164595,8.99496e-26
0,2.14153e+09,-1.80295e+07,3.32484e+08,-4.52862e+09,-5.57381e+08,-4.69321e+08,-7.13712e+08,0.000975331,0.000151426,-3.80938e-24
0,1.90545e+09,6.9775e+07,2.96357e+08,8.92097e+09,-1.00386e+08,-1.69434e+08,-1.33298e+09,0.00106577,0.00016576,2.03293e-22
0,1.99915e+09,-5.09314e+06,3.13907e+08,-4.05713e+09,-6.35081e+08,-1.57109e+08,-1.17726e+09,0.00104673,0.000164357,-1.18304e-23
0,1.90309e+09,-1.31735e+07,3.01767e+08,1.18802e+09,2.90359e+09,-9.21759e+07,-3.01603e+08,0.0010915,0.000173075,-1.09636e-23
0,2.03346e+09,-4.10682e+06,3.26683e+08,1.4337e+09,-3.42989e+08,-1.94694e+07,-1.06308e+09,0.00100973,0.000162216,2.49086e-25
0,2.09844e+09,9.62775e+06,3.35735e+08,-4.17972e+09,3.73695e+07,-1.51646e+08,-4.0713e+08,0.000983987,0.00015743,-2.68869e-24
0,2.29045e+09,-2.22209e+06,3.39459e+08,-1.32339e+09,-7.52556e+08,-7.0547e+07,-3.98682e+08,0.000958891,0.000142113,-1.41877e-25
0,1.99251e+09,-4.33296e+07,3.29694e+08,-6.10219e+09,6.01341e+08,-1.44923e+08,-6.76622e+08,0.000947744,0.00015682,-1.59348e-23
0,1.82351e+09,1.8212e+06,2.58226e+08,-1.02257e+10,-2.62731e+09,-4.80403e+08,2.19589e+08,0.000995139,0.000140921,6.21016e-23
0,1.98836e+09,-3.80988e+07,3.21502e+08,-4.09687e+09,9.62207e+08,3.67571e+08,-8.30269e+08,0.000944313,0.000152688,-3.94888e-24
0,2.06074e+09,-1.95083e+07,3.31679e+08,-5.75309e+09,-1.73318e+08,-3.55893e+08,-5.69573e+08,0.000962794,0.000154964,-8.87328e-24
0,2.11282e+09,-4.42438e+06,3.25358e+08,-3.24614e+09,-1.21087e+09,1.44323e+08,-5.27659e+08,0.000969858,0.00014935,-3.26e-24
0,2.02224e+09,-3.26374e+07,3.23075e+08,1.74161e+09,1.12252e+09,4.14453e+08,-6.71481e+08,0.000911414,0.000145608,5.96526e-25
0,1.84931e+09,7.29951e+06,3.08347e+08,4.78523e+09,-3.21945e+08,-1.32291e+07,-1.04456e+09,0.000979095,0.000163251,1.84932e-23
0,2.06973e+09,-3.92483e+07,3.1561e+08,-3.05752e+09,-2.70648e+08,-2.37203e+08,-8.57148e+08,0.00106832,0.000162907,-3.07194e-24
0,2.08279e+09,-5.27167e+07,3.21593e+08,-8.28613e+09,2.9417e+08,-8.75418e+07,-6.74999e+08,0.000984626,0.000152031,-3.66247e-23
0,2.01743e+09,-5.33745e+06,3.29574e+08,-2.05877e+09,1.23362e+08,-1.34926e+08,-8.30367e+08,0.000953074,0.000155697,-5.88787e-25
0,1.93015e+09,6.47457e+07,2.87403e+08,7.77667e+09,-4.98493e+08,-2.82402e+08,-1.45284e+09,0.00109024,0.000162339,1.58525e-22
0,2.11036e+09,-1.61856e+07,3.36995e+08,-4.92941e+09,1.92812e+08,-3.28589e+08,-5.01373e+08,0.000904979,0.000144513,-3.71462e-24
0,1.99817e+09,-2.2057e+07,3.1804e+08,-5.69087e+09,-4.79265e+08,-3.25452e+08,-1.05681e+09,0.00103633,0.000164949,-2.63642e-23
0,1.74414e+09,-2.7072e+07,2.87646e+08,-3.55506e+09,2.33556e+09,8.31062e+07,-1.36556e+09,0.000995952,0.000164254,-8.40092e-24
0,1.9737e+09,-1.52727e+07,3.31929e+08,-4.80954e+09,9.08463e+08,-1.94145e+08,-6.46462e+08,0.000937041,0.000157588,-8.1005e-24
0,2.20835e+09,9.60208e+06,2.97832e+08,1.72176e+09,-2.73791e+08,-6.4786e+07,-2.98171e+08,0.000938018,0.000126507,9.87092e-26
0,2.061e+09,-4.47582e+07,3.23861e+08,-8.61993e+09,3.13361e+08,-4.38703e+06,-6.50512e+08,0.0009617,0.00015112,-3.67831e-23
0,2.01018e+09,-1.30399e+07,3.31598e+08,-4.76248e+08,8.28994e+08,8.45029e+07,-5.66287e+08,0.000885572,0.000146083,2.30852e-27
0,1.90767e+09,5.51498e+07,2.87762e+08,6.08163e+09,-7.53249e+08,-6.06731e+06,-1.53873e+09,0.00111866,0.000168745,9.58337e-23
0,2.10247e+09,-4.92349e+07,3.19667e+08,-4.75205e+09,9.94561e+07,1.95542e+08,-7.75898e+08,0.000980118,0.00014902,-7.00519e-24
0,2.10201e+09,-1.02639e+06,3.33254e+08,-4.53664e+09,2.87279e+08,-3.79518e+08,-6.20834e+08,0.000930845,0.000147577,-4.3561e-24
0,2.13464e+09,-1.62273e+07,3.37988e+08,-7.55029e+09,-2.5734e+08,-5.05025e+08,-4.86395e+08,0.000947311,0.000149993,-1.2493e-23
0,2.03729e+09,2.70231e+06,3.34171e+08,8.95268e+08,1.57029e+08,2.57961e+08,-6.93238e+08,0.000943339,0.000154733,1.84868e-26
0,2.06509e+09,-1.30695e+07,3.36602e+08,-3.16134e+09,4.8482e+08,-2.12059e+08,-5.12787e+08,0.00089012,0.000145086,-1.15923e-24
0,2.01021e+09,-4.48674e+06,3.31615e+08,-4.30902e+09,8.66466e+07,-5.16909e+08,-6.45666e+08,0.000952407,0.000157114,-4.89244e-24
0,1.88866e+09,2.36363e+07,3.04382e+08,-1.56635e+09,1.59753e+09,-4.12994e+08,-1.02813e+09,0.00105539,0.00017009,-1.73281e-24
0,1.98571e+09,-8.86622e+06,3.1153e+08,-1.32037e+10,2.61736e+08,7.29028e+07,-2.19045e+08,0.000919518,0.000144259,-4.2098e-23
0,2.21096e+09,9.91043e+06,3.01714e+08,-2.09934e+09,-1.26324e+09,-2.27023e+08,-4.05676e+08,0.000962091,0.00013129,-8.58301e-25
0,1.95425e+09,4.19885e+07,3.13891e+08,-8.62021e+09,-2.26476e+09,-2.17312e+08,-5.34319e+08,0.00101529,0.000163075,-7.68583e-23
0,2.03441e+09,-4.90256e+07,3.20405e+08,-7.60596e+09,1.13059e+09,-6.11021e+08,-6.77978e+08,0.00101467,0.000159804,-5.27337e-23
0,2.12347e+09,-1.54262e+07,3.39971e+08,-5.74024e+09,3.27457e+08,-3.5234e+08,-4.04076e+08,0.000898386,0.000143833,-4.78954e-24
0,1.97272e+09,-3.07404e+07,3.16216e+08,-7.2819e+09,5.75156e+07,-3.09235e+07,-1.06654e+09,0.00100213,0.000160636,-5.45776e-23
0,2.04183e+09,-2.28674e+07,3.07863e+08,2.17928e+09,-1.7719e+09,3.29077e+08,-5.80776e+08,0.00105253,0.000158698,5.82017e-24
0,2.00614e+09,-1.81071e+07,3.34694e+08,-6.44783e+09,3.76335e+08,-3.39e+08,-6.38691e+08,0.000916551,0.000152913,-1.48677e-23
0,2.0659e+09,-5.41447e+06,3.42535e+08,-9.46712e+07,5.64435e+06,9.78294e+06,-3.96424e+08,0.000962727,0.000159624,4.87352e-28
0,1.99069e+09,4.31016e+07,3.15438e+08,-5.77656e+09,-1.78139e+09,2.84907e+08,-5.72066e+08,0.00101875,0.000161427,-3.40705e-23
0,2.30663e+09,-1.3856e+07,3.25884e+08,-1.0024e+09,-6.8812e+08,2.7005e+08,-1.411e+08,0.00090327,0.000127615,-3.25523e-26
0,1.91265e+09,1.03616e+07,3.17053e+08,-6.05794e+08,2.05756e+09,-4.31508e+08,-8.23281e+08,0.000918042,0.00015218,6.09117e-25
0,2.03503e+09,2.15086e+07,3.27879e+08,-3.11913e+09,1.04478e+09,-4.73386e+08,-7.0718e+08,0.000921876,0.000148531,-2.88547e-24
0,2.00705e+09,1.90762e+07,3.1206e+08,-3.72015e+09,8.60832e+06,-1.26614e+07,-3.81194e+08,0.00110365,0.000171598,-3.9063e-24
0,1.86874e+09,2.95508e+06,3.02468e+08,-1.0753e+09,7.48025e+08,-4.483e+08,-1.17679e+09,0.0010119,0.000163782,-3.92934e-25
0,1.98582e+09,2.23448e+07,3.20039e+08,-2.47615e+09,7.21724e+08,-4.94922e+08,-1.0298e+09,0.00100065,0.000161268,-2.89626e-24
0,1.94596e+09,1.82615e+07,3.23262e+08,-2.22297e+08,1.70148e+09,-2.07245e+08,-7.92251e+08,0.000917875,0.000152477,1.38073e-25
0,1.96646e+09,3.33155e+06,3.40964e+08,-4.46162e+09,-2.99816e+07,-3.63344e+08,1.3708e+08,0.00090284,0.000156543,1.03383e-24
0,2.00532e+09,-4.70711e+07,3.09405e+08,-3.17863e+09,1.92039e+09,4.17901e+08,-8.52726e+08,0.000906992,0.000139942,4.9372e-25
0,2.07398e+09,-3.87859e+07,3.25664e+08,-4.20537e+09,2.50517e+08,4.44336e+08,-6.45094e+08,0.000951509,0.000149409,-3.33836e-24
0,1.79706e+09,3.98892e+07,2.76955e+08,1.29854e+09,-3.16511e+08,-1.80076e+08,-1.69652e+09,0.00115382,0.000177822,-1.11513e-24
0,1.86015e+09,2.37583e+07,3.16009e+08,3.30762e+09,2.21589e+09,2.06559e+06,-1.09875e+09,0.000923626,0.000156909,2.06009e-24
0,2.01434e+09,-3.82309e+06,3.2461e+08,1.35466e+08,5.0576e+08,-2.98295e+07,-9.26368e+08,0.000945601,0.000152383,-3.36692e-27
0,2.04376e+09,-2.32397e+07,3.26484e+08,-8.62356e+09,8.37837e+08,-4.09602e+08,-4.1745e+08,0.000988069,0.000157841,-3.66036e-23
0,2.03957e+09,-1.37883e+07,3.09631e+08,1.41611e+09,-1.39167e+09,7.08107e+08,-9.46943e+08,0.0010448,0.000158613,2.40592e-24
0,2.25054e+09,-4.96572e+06,3.14861e+08,5.22932e+09,1.36178e+09,3.11431e+08,3.33677e+08,0.000989057,0.000138373,-3.12853e-24
0,1.89347e+09,-1.12969e+07,2.97234e+08,4.63524e+08,9.08071e+08,-4.10591e+08,-1.16919e+09,0.000998755,0.000156783,-2.77824e-27
0,2.04013e+09,-5.79706e+06,2.56902e+08,-7.15578e+09,1.29827e+08,-4.65535e+08,5.45686e+08,0.00111511,0.00014042,3.6281e-23
0,2.13096e+09,6.3811e+06,3.29651e+08,-8.13337e+08,-1.06451e+08,2.7145e+08,-6.70844e+08,0.000934883,0.000144623,-9.88453e-28
0,2.0066e+09,-3.69651e+07,2.97011e+08,4.33071e+09,-5.69654e+08,2.30553e+08,-8.78961e+08,0.000984112,0.000145666,7.46332e-24
0,1.98542e+09,-4.03903e+07,3.06928e+08,-1.47535e+09,-3.51877e+08,2.6594e+08,-6.4825e+08,0.00106597,0.000164789,-3.77419e-25
0,2.04437e+09,2.22349e+07,3.29909e+08,6.23844e+09,7.01731e+08,3.93225e+08,-5.37658e+08,0.000922695,0.000148899,1.23585e-23
0,1.67867e+09,2.33408e+07,2.74769e+08,4.58773e+08,2.75478e+08,-1.81735e+08,-1.76642e+09,0.00115028,0.000188281,-1.16599e-24
0,1.96317e+09,-3.89384e+07,2.81571e+08,-6.14547e+09,-1.68477e+09,-201668,3.0392e+08,0.000920475,0.000132021,2.49534e-24
0,1.9742e+09,3.84365e+07,3.22855e+08,4.88836e+09,1.24631e+09,-4.6236e+07,-8.561e+08,0.000962557,0.000157414,1.03002e-23
0,2.07394e+09,-2.24266e+07,3.30738e+08,-4.15596e+09,-1.74948e+08,2.82648e+08,-6.84778e+08,0.000948532,0.000151265,-3.9695e-24
0,1.81803e+09,4.47643e+07,2.89404e+08,-1.01679e+10,-2.03557e+09,-3.23569e+07,-5.92859e+08,0.00100485,0.000159958,-1.75038e-22
0,2.14499e+09,1.71136e+06,3.40329e+08,-3.98875e+09,-2.8281e+08,-4.93545e+08,-1.72576e+08,0.000929159,0.000147422,-1.46815e-25
0,2.28886e+09,2.52852e+06,3.33878e+08,2.53811e+09,-7.22798e+08,-2.03129e+08,-1.6534e+08,0.000894905,0.000130541,2.65744e-25
0,1.7124e+09,1.21813e+07,3.10544e+08,-9.12966e+08,2.63389e+09,-2.58045e+08,-9.64091e+08,0.000938977,0.000170284,3.61454e-24
0,1.93164e+09,-8.75137e+06,3.00241e+08,1.18395e+09,9.09674e+08,-1.89616e+08,-1.07389e+09,0.000997324,0.000155017,1.56985e-25
0,2.14554e+09,1.94133e+07,3.25654e+08,1.38341e+09,-3.84933e+08,-5.18436e+08,-5.78974e+08,0.000960116,0.000145728,8.50893e-26
0,1.96053e+09,3.68718e+07,3.22388e+08,5.65489e+09,1.15196e+09,-1.4762e+08,-8.16833e+08,0.000975133,0.00016035,1.58309e-23
0,1.92827e+09,-4.32776e+07,3.03944e+08,-1.96598e+09,6.73709e+08,3.74441e+08,-7.34213e+08,0.00105174,0.000165781,-6.02416e-25
0,2.02979e+09,3.01668e+07,3.33035e+08,7.9338e+09,6.59828e+08,4.10294e+08,-5.96883e+08,0.000906476,0.000148729,2.50172e-23
0,1.9889e+09,-2.64947e+07,3.32785e+08,-3.16117e+09,4.46524e+08,2.32274e+08,-6.58049e+08,0.00093319,0.000156142,-1.6002e-24
0,1.86816e+09,2.62026e+07,3.12069e+08,7.34082e+08,9.51391e+08,-5.42537e+08,-1.1549e+09,0.000974032,0.000162708,-1.31946e-27
0,1.76162e+09,-2.03503e+07,2.71045e+08,8.31247e+08,-3.06824e+08,1.57997e+08,-1.711e+09,0.00115933,0.000178376,-1.18579e-24
0,2.01643e+09,1.00083e+07,2.87835e+08,-1.4527e+09,-3.17677e+08,1.02497e+08,8.8014e+08,0.00100882,0.000144003,2.27699e-25
0,1.99708e+09,3.59416e+07,2.77578e+08,-1.12446e+10,1.39449e+08,-3.85672e+08,2.79372e+08,0.00105065,0.000146032,6.02868e-23
0,1.85047e+09,2.60315e+07,2.9091e+08,8.41092e+09,2.07057e+09,1.14417e+08,-9.8909e+08,0.000944633,0.000148504,8.16108e-23
0,1.80432e+09,1.71885e+07,3.09939e+08,3.50884e+09,1.86955e+09,-2.30055e+08,-9.19037e+08,0.00095677,0.00016435,1.96895e-24
0,1.8612e+09,-5.91072e+07,3.10405e+08,-5.88775e+09,3.23193e+08,5.30218e+07,1.25882e+08,0.00103937,0.000173343,6.09247e-24
0,2.10162e+09,-3.21443e+07,3.28847e+08,-4.43355e+09,-2.03648e+08,-3.22998e+08,-7.77763e+08,0.00095974,0.000150173,-4.82947e-24
0,1.9627e+09,3.48137e+07,3.19242e+08,6.64479e+09,5.97211e+08,-4.84269e+07,-9.34798e+08,0.000990436,0.000161099,3.51898e-23
0,2.11529e+09,3.15332e+07,3.3085e+08,9.11251e+09,6.77574e+07,3.90844e+08,-6.3334e+08,0.000935672,0.000146347,3.26101e-23
0,1.95096e+09,-6.15138e+07,2.91785e+08,-1.06077e+10,-7.35927e+08,8.216e+07,-4.85866e+08,0.000961107,0.000143743,-7.14087e-23
0,2.05679e+09,-1.83896e+07,3.31205e+08,-2.36565e+09,-6.78516e+06,-3.81457e+08,-6.97122e+08,0.000947138,0.000152518,-6.27502e-25
0,2.04082e+09,4.05074e+07,3.15551e+08,-1.89113e+09,-8.2673e+08,8.56708e+07,-7.33433e+08,0.00104977,0.000162315,-1.34559e-24
0,1.91895e+09,-4.67897e+07,3.07091e+08,-2.65126e+09,1.36564e+09,5.06922e+08,-6.55782e+08,0.00103802,0.000166115,3.66122e-25
0,1.91654e+09,1.65552e+07,3.14696e+08,-6.35078e+09,-5.80045e+08,-4.42836e+07,-7.55934e+08,0.00102289,0.000167959,-3.38088e-23
0,2.21798e+09,-8.89244e+06,3.07607e+08,1.06635e+09,-4.12776e+08,-1.2766e+08,9.66874e+07,0.000890286,0.000123472,4.5496e-27
0,2.06342e+09,-5.13669e+07,3.1061e+08,-4.80484e+09,-3.33482e+08,1.2718e+08,-9.98214e+08,0.00102701,0.000154597,-1.34683e-23
0,2.10678e+09,-3.89047e+06,3.38234e+08,-2.80897e+09,-5.31978e+07,-1.44548e+07,-3.85434e+08,0.000905941,0.000145445,-4.92444e-25
0,1.97432e+09,3.76263e+07,3.12963e+08,8.8836e+09,-9.75211e+07,-1.16014e+08,-1.12096e+09,0.00100961,0.000160041,1.08521e-22
0,1.98541e+09,-6.25335e+06,3.34575e+08,1.93131e+09,7.22658e+08,2.27146e+08,-6.4669e+08,0.000922404,0.000155441,5.81661e-25
0,1.95953e+09,3.548e+07,3.18975e+08,5.68211e+09,3.22535e+08,-2.07439e+08,-7.10215e+08,0.000993821,0.000161776,1.64619e-23
0,2.06682e+09,-3.3926e+06,3.42101e+08,-7.80017e+07,2.02329e+07,2.24977e+07,-4.40114e+08,0.000961618,0.000159167,5.41169e-28
0,1.97879e+09,5.77405e+07,2.96548e+08,8.89369e+09,7.57974e+08,-6.22729e+08,-1.0068e+09,0.000978598,0.000146656,7.10148e-23
0,1.97718e+09,-6.6395e+06,3.25033e+08,4.79304e+09,-4.24492e+08,2.17509e+08,-7.90202e+08,0.000966435,0.000158875,8.96512e-24
0,2.06785e+09,2.93523e+07,3.1879e+08,6.00616e+09,-5.35509e+08,-8.00452e+07,-9.22955e+08,0.00101985,0.000157225,2.40446e-23
0,2.15429e+09,2.56469e+07,3.33767e+08,8.46555e+09,-4.47404e+08,5.10413e+08,-5.83156e+08,0.000959204,0.000148611,2.0868e-23
0,2.07075e+09,-5.15494e+07,3.08114e+08,-2.79479e+09,-2.21201e+09,-4.4127e+07,-4.19455e+08,0.00101542,0.000151089,-9.78938e-24
0,2.0784e+09,3.88954e+07,3.10634e+08,7.30583e+09,-3.71629e+08,6.59331e+06,-1.00081e+09,0.000982664,0.000146867,3.65103e-23
0,1.97103e+09,4.62452e+07,3.08661e+08,-1.45833e+09,-2.10395e+09,-1.48069e+08,-8.11951e+08,0.00105349,0.000164974,-8.73731e-24
0,2.0485e+09,1.66083e+07,3.32717e+08,6.33227e+09,7.97302e+07,4.15894e+08,-6.3618e+08,0.000933559,0.000151629,1.27609e-23
0,2.09825e+09,6.82908e+06,3.27989e+08,-1.23941e+07,-7.38898e+08,-2.43624e+08,-4.97213e+08,0.000946489,0.000147951,-5.92311e-26
0,1.94401e+09,6.65807e+07,3.04145e+08,3.17424e+09,4.21673e+06,-5.48361e+08,-1.04848e+09,0.00104119,0.000162896,4.79101e-24
0,2.05883e+09,-2.66392e+06,3.40175e+08,-5.86696e+08,1.9145e+08,-2.24868e+07,-3.03528e+08,0.000896985,0.000148207,-3.80453e-27
0,2.01639e+09,-4.75035e+06,3.05863e+08,-5.16729e+08,-4.03402e+07,-3.47021e+08,-6.8811e+08,0.000944144,0.000143216,2.40044e-26
0,1.99249e+09,5.24698e+07,3.1557e+08,8.29605e+09,6.51171e+08,-3.65048e+08,-8.51786e+08,0.000945969,0.000149823,4.22669e-23
0,2.04593e+09,6.95146e+07,3.08068e+08,1.05604e+10,7.20213e+08,-6.18023e+08,-7.16775e+08,0.000937945,0.000141232,5.70101e-23
0,2.06793e+09,1.70995e+07,3.21182e+08,4.0458e+09,-8.71483e+08,-1.05906e+08,-8.59829e+08,0.00103319,0.000160471,8.84221e-24
0,1.90149e+09,2.94105e+07,3.14074e+08,-1.63096e+09,-1.93665e+09,-2.29027e+08,-8.26914e+08,0.00103883,0.000171587,-9.12269e-24
0,2.12321e+09,1.54356e+07,3.34109e+08,7.90638e+09,3.49855e+07,4.74968e+08,-5.98051e+08,0.000937744,0.000147564,1.97677e-23
0,1.77769e+09,-5.1806e+07,3.09794e+08,9.09759e+08,-1.8017e+09,-6.0052e+08,-4.17278e+08,0.000951464,0.00016581,-2.31074e-25
0,1.91449e+09,-5.40858e+07,3.03584e+08,-3.22315e+09,-6.10291e+08,3.36084e+08,-5.18267e+08,0.00100057,0.000158662,-3.75183e-24
0,2.05946e+09,1.066e+07,3.22012e+08,1.56879e+09,-1.13806e+09,-3.65767e+08,-7.53216e+08,0.00102643,0.00016049,1.03252e-24
0,2.03574e+09,-21369.3,3.25708e+08,1.94125e+08,-9.19375e+08,8.18449e+07,-5.11694e+08,0.000935769,0.000149718,7.99458e-26
0,2.03792e+09,1.5273e+07,3.20769e+08,3.1793e+09,-8.53617e+08,-6.81901e+07,-8.93116e+08,0.00103153,0.000162363,5.01272e-24
0,1.9109e+09,5.74287e+07,3.03778e+08,2.56918e+09,-4.40268e+08,-3.71862e+08,-1.12188e+09,0.00105756,0.000168122,3.65611e-24
0,2.07643e+09,2.52074e+07,3.20027e+08,6.13298e+09,-1.3168e+09,1.58095e+08,-9.01914e+08,0.00105796,0.000163057,3.27265e-23
0,2.0482e+09,3.70896e+07,3.25872e+08,6.42524e+09,1.52277e+08,1.07247e+08,-6.70498e+08,0.000947837,0.000150802,1.51192e-23
0,2.04628e+09,1.8671e+07,3.20194e+08,4.10171e+09,9.61148e+08,-2.30925e+08,-7.31356e+08,0.000944199,0.000147745,3.30409e-24
0,1.97629e+09,-888938,3.14927e+08,-3.10988e+08,8.60074e+08,1.29932e+08,-1.00926e+09,0.000930578,0.00014829,3.27185e-28
0,2.02536e+09,-5.31029e+07,2.87979e+08,-8.69791e+09,-2.13776e+09,-3.87077e+07,-1.4309e+09,0.00113352,0.000161172,-2.72525e-22
0,2.09e+09,-2.17891e+07,3.3675e+08,7.11585e+09,-1.75998e+08,6.18584e+08,4.93156e+08,0.000959076,0.000154531,-1.56545e-23
0,2.10568e+09,6.67961e+06,3.10676e+08,2.47473e+09,-1.15006e+09,-3.45254e+08,-9.88386e+08,0.00100875,0.000148832,2.92544e-24
0,1.86817e+09,1.3721e+07,3.1445e+08,-3.13199e+09,-7.15675e+08,-1.73813e+08,-1.06039e+09,0.00100663,0.000169436,-6.00125e-24
0,1.97243e+09,6.11352e+06,2.81272e+08,-3.41367e+09,6.44444e+08,2.17389e+08,-8.86616e+08,0.00101875,0.000145275,-4.43331e-24
0,2.05615e+09,-3.00255e+06,3.43572e+08,4.12112e+07,2.6194e+07,2.70997e+07,-2.83834e+08,0.000959885,0.000160392,-9.4755e-29
0,1.9541e+09,-5.27649e+07,3.22442e+08,-6.92048e+09,1.02031e+09,1.87058e+08,-6.80143e+08,0.000958864,0.00015822,-2.24025e-23
0,2.07874e+09,1.79423e+07,3.15807e+08,8.28073e+09,-4.01335e+08,2.53767e+08,-7.81112e+08,0.000960638,0.000145942,3.54651e-23
0,2.06691e+09,1.61536e+07,3.25543e+08,5.97995e+09,-7.45041e+08,4.78044e+08,-8.20195e+08,0.0010224,0.000161031,1.65511e-23
0,2.14656e+09,1.7365e+07,3.32143e+08,5.08381e+09,-8.10209e+08,4.79281e+08,-7.08836e+08,0.00100017,0.000154759,5.95796e-24
0,2.17988e+09,1.66446e+07,3.37722e+08,7.27512e+09,-4.51978e+08,5.62551e+08,-4.79437e+08,0.000958456,0.000148491,9.04511e-24
0,1.91239e+09,-3.80755e+07,3.21198e+08,-3.31066e+09,1.49204e+08,-3.71631e+08,-6.92131e+08,0.000897822,0.000150794,-2.31118e-24
0,2.03521e+09,1.34746e+07,3.16686e+08,1.67437e+09,-8.25694e+08,-1.61093e+07,-1.0249e+09,0.00103376,0.000160857,1.1327e-24
0,2.16615e+09,-1.56166e+07,3.40296e+08,6.8933e+09,-6.67897e+06,6.08355e+08,3.48627e+08,0.000960221,0.000150848,-7.65184e-24
0,2.06494e+09,2.92118e+07,3.16589e+08,4.03121e+09,7.68809e+08,-3.18115e+08,-7.83656e+08,0.000951867,0.000145937,3.35603e-24
0,1.99032e+09,3.08777e+06,3.18393e+08,1.29005e+08,-8.73905e+08,-2.55492e+08,-9.07061e+08,0.00100709,0.000161105,-2.33583e-25
0,1.85085e+09,-2.85878e+06,3.20078e+08,-9.69502e+08,-1.6919e+08,1.16784e+08,-8.48234e+08,0.000964561,0.000166807,-3.26106e-26
0,2.03285e+09,1.78915e+07,3.1545e+08,2.94609e+09,-1.32925e+09,7.13482e+07,-1.08783e+09,0.00106162,0.000164738,8.37051e-24
0,2.01022e+09,-8.42412e+06,3.26244e+08,4.02838e+09,-9.95429e+08,1.84896e+07,-6.52936e+08,0.000952069,0.000154514,5.3924e-24
0,1.84109e+09,-5.86276e+07,3.04034e+08,-8.91563e+08,1.27437e+09,2.47467e+08,-5.54021e+08,0.00099694,0.000164632,1.89634e-25
0,1.88518e+09,-6.6396e+07,2.90981e+08,-1.06663e+10,-4.5923e+08,-3.58591e+07,-1.4101e+09,0.00107849,0.000166466,-4.13573e-22
0,2.00061e+09,-1.22229e+07,2.65692e+08,-2.98049e+09,1.66278e+09,3.96949e+08,-4.5023e+08,0.000926783,0.000123082,1.3235e-24
0,2.06918e+09,2.47316e+07,2.99072e+08,3.80617e+09,-1.98163e+09,2.10878e+08,-1.13499e+09,0.0010724,0.000155001,2.37064e-23
0,1.95296e+09,3.93932e+07,3.3059e+08,6.36233e+09,1.29904e+08,4.65745e+08,-5.74816e+08,0.00091748,0.000155308,1.39971e-23
0,2.07183e+09,6.22027e+06,3.20016e+08,-1.99665e+08,-1.18901e+09,-8.89718e+07,-9.06057e+08,0.0010475,0.000161797,-3.51273e-25
0,2.22244e+09,-8.83394e+06,3.20254e+08,8.6593e+09,-7.85649e+08,-2.37002e+08,-7.52551e+07,0.000935248,0.000134769,5.15045e-24
0,1.90475e+09,8.10584e+06,3.1496e+08,-6.89599e+08,-8.83563e+08,1.88246e+08,-1.11348e+09,0.00103169,0.000170595,-4.31623e-26
0,2.02233e+09,-4.85439e+06,3.17953e+08,6.34644e+09,-1.78768e+09,6.27604e+08,-6.73941e+08,0.000985285,0.000154908,1.484e-23
0,2.02865e+09,3.24597e+07,3.12531e+08,4.81184e+09,1.00787e+09,-6.06247e+08,-7.91626e+08,0.000955586,0.000147216,4.76635e-24
0,2.08978e+09,1.3405e+07,3.27598e+08,2.02739e+09,-7.99334e+08,4.10813e+08,-8.95991e+08,0.00100859,0.000158109,7.84739e-25
0,1.99674e+09,6.15022e+06,3.19304e+08,-3.77752e+07,-7.48116e+08,5.74116e+07,-8.69716e+08,0.00101118,0.000161701,3.66659e-26
0,2.06146e+09,-1.92463e+07,2.54367e+08,5.51046e+09,4.28069e+08,-4.26798e+08,4.26989e+08,0.00105625,0.000130333,-1.21088e-23
0,2.04164e+09,3.72836e+06,3.21392e+08,1.59698e+09,-7.64189e+08,2.81358e+08,-1.00701e+09,0.00103767,0.000163348,8.18628e-25
0,2.13254e+09,-1.61569e+07,3.29144e+08,-2.19236e+09,-3.89956e+08,3.15281e+07,-6.01004e+08,0.000994222,0.000153452,-6.03532e-25
0,2.06537e+09,3.11263e+07,3.30694e+08,8.10822e+09,4.09662e+07,4.51576e+08,-7.48011e+08,0.000949906,0.000152093,3.25607e-23
0,1.73958e+09,-4.05794e+07,2.60695e+08,-7.68714e+09,-1.86516e+09,6.42933e+08,6.6892e+08,0.00125111,0.000187492,5.85575e-23
0,1.74985e+09,-5.05459e+07,2.79754e+08,-8.5547e+09,1.63171e+09,3.24496e+08,-1.43214e+09,0.00101528,0.000162316,-2.06127e-22
0,1.95564e+09,1.72412e+07,3.10809e+08,-4.58245e+08,-8.74698e+08,3.34377e+08,-1.263e+09,0.00106995,0.000170047,5.7957e-25
0,2.13422e+09,1.44347e+07,3.33181e+08,3.77452e+09,-5.49125e+08,4.12804e+08,-7.22192e+08,0.00099125,0.000154748,2.49077e-24
0,2.22313e+09,1.43853e+07,2.88681e+08,-5.90097e+09,1.23287e+09,-1.50498e+08,3.16995e+08,0.0010656,0.000138372,7.73392e-24
0,1.78125e+09,-4.38526e+07,3.031e+08,9.74436e+09,1.14891e+09,4.23084e+08,-4.021e+08,0.00100484,0.000170986,1.15437e-22
0,1.95797e+09,-2.54399e+07,3.21006e+08,-2.72823e+08,4.05165e+08,1.8486e+08,-1.06197e+09,0.00100102,0.000164116,1.67499e-26
0,2.09238e+09,3.75072e+07,3.0313e+08,5.83086e+09,-1.43635e+09,6.73783e+07,-1.11737e+09,0.00104168,0.000150911,3.4247e-23
0,2.06624e+09,-2.52758e+06,3.42888e+08,1.40966e+07,-2.83866e+07,7.49781e+06,-3.68055e+08,0.000961335,0.000159531,-5.14275e-29
0,2.09814e+09,3.15535e+07,3.22344e+08,6.19564e+09,-7.40435e+08,4.16346e+08,-8.53958e+08,0.00100598,0.000154551,1.74335e-23
0,1.84414e+09,2.31589e+07,2.9244e+08,2.23177e+09,-8.06007e+08,1.12211e+07,-1.43669e+09,0.0010742,0.000170344,4.81128e-24
0,2.06621e+09,-3.7476e+06,3.24504e+08,-3.3693e+09,1.27857e+08,6.55129e+07,-7.57815e+08,0.000985627,0.000154796,-2.70054e-24
0,2.17854e+09,1.94742e+07,3.09487e+08,5.03519e+09,-2.25285e+09,1.91281e+08,-8.13119e+08,0.00105206,0.000149457,2.67852e-23
0,2.05822e+09,-2.73096e+07,3.18508e+08,-3.74723e+09,-1.12957e+09,-2.64352e+07,-8.03784e+08,0.00100584,0.000155653,-6.88255e-24
0,2.11913e+09,4.64925e+07,3.14647e+08,4.60739e+09,-4.19305e+08,-2.78518e+08,-7.3264e+08,0.000985854,0.000146379,6.76827e-24
0,1.99161e+09,1.19921e+07,2.90614e+08,1.24563e+09,-2.36797e+09,3.89236e+08,-1.21544e+09,0.00110743,0.000161595,1.82737e-23
0,1.96002e+09,1.02319e+07,3.13384e+08,-5.14201e+08,-2.54197e+08,2.47928e+08,-1.04632e+09,0.00100621,0.000160881,9.97341e-26
0,2.06347e+09,2.77815e+07,3.32665e+08,7.68567e+09,-2.68786e+07,7.15568e+08,-7.68462e+08,0.000973259,0.000156905,3.09738e-23
0,2.03359e+09,8.95488e+06,3.25985e+08,4.40394e+09,9.27082e+08,2.59777e+08,-8.20041e+08,0.000915683,0.000146785,6.28265e-24
0,1.84617e+09,5.33627e+07,2.94017e+08,-2.30564e+10,-1.98827e+09,-6.2228e+08,2.0202e+08,0.00103652,0.000165074,9.44468e-22
0,1.92282e+09,3.11354e+07,3.25456e+08,-1.49787e+09,-7.97867e+08,3.43036e+08,-5.55415e+08,0.000984272,0.000166598,-5.71177e-25
0,1.88209e+09,1.85536e+07,2.95707e+08,-1.61824e+09,1.63247e+08,-2.19005e+08,-1.45354e+09,0.0010664,0.000167548,-2.75273e-25
0,1.68835e+09,-1.74512e+07,2.82957e+08,-5.01733e+09,2.1049e+09,1.39785e+07,-1.34639e+09,0.0009954,0.000166823,-4.32668e-23
0,2.10749e+09,1.67349e+07,3.24568e+08,4.28652e+09,-1.05723e+09,3.94698e+08,-8.10004e+08,0.00102771,0.000158274,6.45289e-24
0,2.09443e+09,9.33573e+06,3.34414e+08,1.7561e+09,-2.87006e+08,3.01673e+08,-7.19709e+08,0.000999196,0.00015954,2.38944e-25
0,1.98627e+09,-729592,2.9685e+08,-1.18786e+10,-1.309e+07,-4.75763e+08,7.91549e+08,0.00112795,0.000168574,3.11132e-22
0,2.07414e+09,-1.00238e+07,3.25747e+08,-3.26381e+09,-9.12019e+08,1.63776e+08,-8.62063e+08,0.00105185,0.000165194,-5.70605e-24
0,1.78189e+09,2.74368e+07,2.78886e+08,2.90372e+09,1.53361e+08,4.38395e+07,-1.63353e+09,0.0010672,0.000167029,8.55468e-24
0,2.16814e+09,-4.51939e+06,3.17401e+08,-3.8507e+08,-1.36971e+09,3.28279e+08,-8.09461e+08,0.00101782,0.000149001,2.61693e-25
0,2.10563e+09,7.07832e+06,3.06097e+08,9.46863e+08,-2.13245e+09,3.99986e+08,-9.29671e+08,0.00104873,0.000152454,6.03278e-24
0,1.99978e+09,-2.40818e+07,3.14004e+08,-6.0324e+09,-4.67755e+08,-5.22397e+07,-1.06893e+09,0.00100525,0.000157844,-2.95493e-23
0,2.03433e+09,-5.1159e+07,2.9899e+08,-6.53518e+09,-9.72313e+08,3.19437e+08,-1.12766e+09,0.0010519,0.0001546,-5.44084e-23
0,2.17227e+09,-174193,2.96349e+08,-2.56417e+08,4.20291e+08,5.71718e+07,-2.81291e+08,0.000913928,0.000124681,1.52214e-28
0,1.95023e+09,9.25653e+06,3.19799e+08,-3.09483e+09,1.34026e+09,-2.77571e+08,-8.26116e+08,0.000968428,0.000158803,-4.03264e-24
0,1.87008e+09,-2.53693e+07,3.09823e+08,8.88131e+09,-4.38184e+08,3.30698e+08,-5.87528e+08,0.00100482,0.000166472,6.7375e-23
0,2.05638e+09,-1.31816e+07,3.29621e+08,1.91813e+09,-7.13976e+06,2.58962e+08,-8.04136e+08,0.000993422,0.000159237,4.54347e-25
0,2.15547e+09,7.87536e+06,2.68183e+08,-4.08687e+09,8.12267e+08,-1.68099e+08,2.03212e+08,0.00102753,0.000127845,1.26003e-24
0,1.8932e+09,3.28546e+06,3.03774e+08,5.24471e+09,1.14348e+09,1.99698e+08,-1.0165e+09,0.0010366,0.000166328,3.26784e-23
0,1.86882e+09,-3.52675e+06,2.96163e+08,-1.81764e+09,3.4061e+08,-5.0078e+08,-1.37031e+09,0.00106594,0.000168925,-1.02993e-24
0,2.07831e+09,1.83263e+07,3.36971e+08,6.48152e+09,-2.37902e+08,6.85128e+08,-6.26643e+08,0.00101055,0.000163847,1.51143e-23
0,1.84461e+09,1.56615e+07,3.02313e+08,-1.7829e+08,6.57592e+08,1.6379e+08,-1.07936e+09,0.001006,0.000164873,3.55461e-27
0,2.30166e+09,2.26436e+07,3.24919e+08,4.90651e+09,-1.23035e+09,-1.63215e+08,-4.35088e+08,0.000951438,0.000134312,4.37766e-24
0,2.02799e+09,-63787.9,3.11279e+08,2.99445e+08,-1.21447e+09,1.35994e+07,-1.17573e+09,0.00107064,0.000164333,4.02463e-25
0,2.03396e+09,3.99651e+06,3.29833e+08,-1.38635e+07,-4.4383e+07,8.44719e+07,-9.23435e+08,0.000996737,0.000161634,2.31471e-27
0,2.07591e+09,1.08106e+07,3.21766e+08,5.10232e+09,-2.70977e+08,3.05849e+08,-9.83981e+08,0.000987333,0.000153037,1.15659e-23
0,1.93927e+09,-2.69401e+07,3.15605e+08,-5.66841e+09,2.36573e+08,-2.36127e+07,-1.04555e+09,0.000983668,0.000160086,-2.48897e-23
0,2.06919e+09,-1.295e+07,3.07887e+08,-2.23902e+09,-1.88682e+09,4.5097e+08,-9.42497e+08,0.00105809,0.000157439,-6.70397e-24
0,2.0124e+09,3.60375e+07,3.23038e+08,5.16479e+09,-1.25907e+09,8.23513e+07,-6.46189e+08,0.000960686,0.000154213,1.15655e-23
0,2.072e+09,-3.24831e+06,3.17669e+08,-6.15386e+08,-1.00558e+09,1.41974e+08,-1.03743e+09,0.00102842,0.000157673,-1.22726e-25
0,1.93507e+09,-1.85469e+07,3.14883e+08,-1.05479e+09,5.84671e+08,3.72246e+08,-1.25105e+09,0.000992687,0.000161535,1.41061e-26
0,2.06784e+09,1.91455e+07,3.33798e+08,4.58963e+09,-4.01589e+08,4.90467e+08,-8.13435e+08,0.0010264,0.000165686,7.38917e-24
0,2.03664e+09,-5.63995e+06,3.22673e+08,-1.28925e+09,-4.69858e+08,-2.06194e+07,-1.1129e+09,0.00100067,0.000158541,-2.1151e-25
0,2.08275e+09,1.35469e+07,3.14275e+08,-1.52245e+09,-1.49369e+09,-1.75257e+08,-7.50225e+08,0.00101307,0.000152867,-2.32793e-24
0,1.76847e+09,-5.97605e+06,2.99089e+08,1.21672e+10,8.17738e+08,6.71381e+07,-3.20371e+08,0.000972978,0.000164554,1.20129e-22
0,1.9196e+09,-3.88746e+07,3.04959e+08,-4.35328e+08,9.03901e+08,5.61349e+08,-1.3012e+09,0.00100338,0.000159404,-5.40995e-27
0,2.02177e+09,-2.72336e+07,3.1424e+08,-4.94323e+09,1.24235e+08,2.87464e+08,-9.35882e+08,0.000987213,0.000153441,-1.17514e-23
0,2.00726e+09,-5.3997e+07,3.1502e+08,-6.17926e+09,3.55335e+08,-3.13421e+07,-1.12584e+09,0.00100043,0.000157008,-3.20029e-23
0,2.00075e+09,1.38885e+07,2.96171e+08,1.95556e+09,-9.64181e+08,1.13682e+08,-1.06155e+09,0.00101594,0.000150389,1.99205e-24
0,1.96171e+09,-3.82039e+06,3.29107e+08,2.69869e+08,-6.28841e+07,-1.4027e+08,-9.59187e+08,0.000983055,0.000164923,-3.20171e-26
0,2.15499e+09,3.32829e+06,2.97452e+08,1.69072e+09,-7.73342e+08,8.86329e+07,-7.02473e+08,0.000968244,0.000133646,4.59344e-25
0,1.91078e+09,-5.76065e+06,3.11352e+08,-1.44291e+09,-1.40506e+08,2.21265e+08,-1.25795e+09,0.00104919,0.00017096,-1.4768e-25
0,1.96755e+09,-4.25985e+07,2.98348e+08,-4.02036e+09,8.37929e+07,-3.05858e+08,-1.18232e+09,0.00103933,0.000157598,-1.15529e-23
0,1.87262e+09,-5.47131e+07,2.83126e+08,-1.70664e+09,2.16676e+08,1.12381e+09,-1.45569e+09,0.00106473,0.000160979,5.0405e-25
0,2.04716e+09,-329881,3.41599e+08,5.13066e+08,6.0863e+07,1.09295e+08,-4.86764e+08,0.000962219,0.00016056,2.7535e-28
0,1.87738e+09,-1.59639e+07,3.12715e+08,-2.67106e+09,1.36377e+09,1.22986e+08,-1.11037e+09,0.000958019,0.000159577,-2.37192e-24
0,1.9842e+09,1.44185e+07,3.15343e+08,-7.07878e+08,6.42598e+08,-4.27725e+08,-1.13043e+09,0.000990379,0.000157399,-3.03682e-26
0,1.97683e+09,2.01504e+07,3.21978e+08,5.0362e+09,5.58281e+08,3.20485e+08,-9.66907e+08,0.000960047,0.000156369,1.46429e-23
0,1.85423e+09,-2.2324e+07,2.99595e+08,4.26107e+09,7.82307e+08,-4.75757e+07,-9.17381e+08,0.00103387,0.000167047,1.48257e-23
0,2.14246e+09,7.10175e+07,3.10648e+08,5.10597e+09,-6.13391e+07,8.53908e+07,-3.82907e+08,0.000934197,0.000135455,3.16801e-24
0,2.0964e+09,-4.61904e+06,2.81689e+08,-5.42007e+08,-4.59659e+08,2.26503e+08,2.7147e+08,0.000918384,0.000123402,-1.03256e-27
0,2.13401e+09,1.64272e+07,3.34679e+08,2.00347e+09,-3.06812e+08,3.61763e+08,-6.529e+08,0.000961888,0.000150854,2.26721e-25
0,1.74149e+09,1.24045e+07,2.92299e+08,-3.07722e+09,2.45641e+09,-2.98376e+07,-1.32529e+09,0.000975338,0.000163704,-3.50178e-24
0,1.96102e+09,8.99898e+06,3.10703e+08,2.95241e+09,5.3105e+08,-1.84045e+08,-9.19236e+08,0.00108737,0.000172283,4.25804e-24
0,2.27722e+09,2.23288e+07,3.2092e+08,3.11559e+09,-1.62286e+09,-6.0198e+06,-2.81791e+08,0.000935424,0.000131826,1.97415e-24
0,1.93218e+09,4.66543e+06,2.92319e+08,1.20394e+09,-9.99047e+08,2.84342e+08,-1.62604e+09,0.00112965,0.000170904,2.55743e-24
0,1.94e+09,-1.36575e+07,2.33321e+08,6.76925e+08,-1.72071e+08,-4.00077e+08,6.4751e+08,0.0011554,0.000138959,1.42599e-26
0,1.94059e+09,-5.88058e+07,3.00893e+08,-4.22362e+09,2.67662e+08,7.99288e+08,-1.12144e+09,0.00101314,0.00015709,-9.992e-24
0,1.80471e+09,3.70124e+07,2.39185e+08,-1.22774e+10,-7.78339e+08,-5.76335e+08,5.00862e+08,0.00115913,0.000153624,4.98796e-22
0,1.95044e+09,-2.60521e+06,3.06957e+08,-1.77903e+09,-2.07883e+08,2.20523e+08,-1.30491e+09,0.00105569,0.000166142,-6.38432e-25
0,2.01135e+09,2.38317e+06,3.20951e+08,-1.63459e+09,1.40737e+08,-2.74681e+07,-1.13502e+09,0.000988383,0.000157716,-3.07683e-25
0,2.00174e+09,-1.70328e+06,3.36e+08,-1.67486e+09,3.8003e+07,1.26005e+08,-7.03838e+08,0.000987549,0.000165764,-3.09356e-25
0,2.17192e+09,9.94873e+06,2.7093e+08,-1.64001e+09,7.39442e+08,2.3e+08,-8.07408e+07,0.00101644,0.000126793,1.40589e-25
0,1.97931e+09,-2.19734e+07,3.03135e+08,3.85271e+09,1.03617e+08,-7.62781e+07,-8.42808e+08,0.00105046,0.00016088,7.68089e-24
0,2.06239e+09,-3.51642e+07,3.14261e+08,-3.62559e+09,-5.3849e+08,1.25372e+08,-1.00216e+09,0.00101102,0.000154056,-5.68902e-24
0,2.02354e+09,-6.03495e+06,3.29475e+08,-6.80166e+07,-5.66886e+08,-1.15028e+08,-1.02445e+09,0.00103797,0.000169003,-7.13186e-26
0,1.91435e+09,-193763,2.93041e+08,5.25257e+09,5.42631e+07,2.18327e+08,-1.11827e+09,0.0010116,0.000154851,2.55327e-23
0,1.82778e+09,-864585,2.91292e+08,4.93688e+08,1.72716e+09,-3.61207e+07,-1.29004e+09,0.000991153,0.000157959,-5.59156e-26
0,1.96466e+09,-4.0463e+07,3.04788e+08,-4.95231e+09,4.00507e+08,-6.3295e+07,-1.00484e+09,0.00100878,0.000156497,-1.72172e-23
0,2.00947e+09,-1.24627e+07,3.27234e+08,-2.62892e+06,3.1253e+07,1.9502e+08,-9.68809e+08,0.00101038,0.000164537,-3.483e-27
0,1.8846e+09,-3.11725e+06,2.98986e+08,-1.28615e+09,-5.54075e+08,3.03078e+08,-1.65595e+09,0.00112609,0.00017865,7.27106e-25
0,1.95669e+09,2.97525e+07,2.94825e+08,1.40503e+10,1.54617e+09,3.98745e+08,-4.15077e+08,0.00112707,0.000169823,3.7264e-22
0,2.00599e+09,-1.05547e+07,3.15207e+08,-3.49642e+09,-7.1789e+08,1.35985e+07,-1.13257e+09,0.00106554,0.000167431,-8.84515e-24
0,2.00186e+09,5.64168e+07,3.14745e+08,-1.78403e+09,-9.72545e+08,5.64848e+08,-4.18707e+08,0.00104702,0.000164619,-9.93173e-25
0,2.04451e+09,-154611,3.43036e+08,7.70357e+08,6.15732e+07,8.2712e+07,-3.52982e+08,0.000965385,0.000161976,1.25872e-26
0,2.03387e+09,1.40573e+07,3.24054e+08,2.03308e+09,8.47514e+06,1.04762e+08,-1.09503e+09,0.000995756,0.000158652,7.27549e-25
0,2.24907e+09,-1.20607e+07,3.29366e+08,-3.75399e+09,-1.3677e+09,-1.02614e+08,-7.50396e+08,0.00100669,0.000147426,-4.93478e-24
0,2.09005e+09,5.94695e+06,3.29863e+08,-3.74613e+08,-7.09765e+08,2.96152e+08,-8.8241e+08,0.00101493,0.000160182,1.16582e-25
0,2.00382e+09,-5.97819e+06,3.32045e+08,-1.47842e+09,2.63968e+08,-4.90659e+07,-8.64216e+08,0.000989191,0.000163915,-2.48403e-25
0,2.03454e+09,-1.52439e+07,3.11738e+08,2.20852e+09,-3.87091e+08,-4.51647e+08,-7.0857e+08,0.00105654,0.000161886,1.20383e-24
0,1.99289e+09,-1.61478e+07,3.28476e+08,-1.03575e+08,2.08067e+08,1.27453e+07,-9.60062e+08,0.000987934,0.000162835,8.99937e-27
0,1.95838e+09,5.84782e+07,2.95855e+08,-1.24967e+10,-1.42566e+09,-2.23285e+08,2.50018e+08,0.000970119,0.000146557,7.00484e-23
0,2.02406e+09,-4.41068e+07,2.95962e+08,-8.62839e+08,-1.1145e+08,7.46971e+08,-1.07712e+09,0.00103001,0.00015061,1.85184e-25
0,1.79965e+09,6.14722e+07,2.92483e+08,7.63952e+09,1.51273e+09,-5.21392e+08,-1.17684e+09,0.000982314,0.000159648,7.64511e-23
0,1.88806e+09,2.82577e+07,2.9519e+08,4.89628e+09,2.45445e+09,-2.27476e+08,-1.02397e+09,0.000934342,0.00014608,3.19521e-24
0,1.99563e+09,-2.6236e+07,3.09503e+08,-5.13278e+09,-7.04923e+07,-1.92594e+08,-9.8844e+08,0.000994763,0.000154278,-1.56456e-23
0,2.03367e+09,-7.34377e+06,3.16843e+08,-1.52359e+09,4.36976e+08,-1.52353e+08,-8.45739e+08,0.000967955,0.000150806,-2.9169e-25
0,2.0847e+09,2.67717e+07,3.29316e+08,6.73612e+09,-2.05638e+08,4.846e+08,-8.66338e+08,0.00101519,0.000160367,2.64785e-23
0,1.99955e+09,2.17897e+07,3.14102e+08,5.70611e+08,3.74965e+08,-5.16194e+08,-1.07077e+09,0.00099931,0.000156978,-2.72489e-26
0,1.92108e+09,14926.2,3.30943e+08,-3.44272e+09,1.05054e+09,-4.3383e+08,-7.85468e+08,0.000934813,0.00016104,-5.47278e-24
0,1.95756e+09,-2.1089e+07,3.09937e+08,-1.65314e+09,6.74372e+07,4.42196e+08,-9.1604e+08,0.000964565,0.000152718,-2.42906e-25
0,2.02708e+09,-1.08489e+07,3.29766e+08,-1.44172e+09,2.8314e+07,-3.38906e+08,-9.20806e+08,0.000981368,0.000159649,-1.25114e-25
0,1.98814e+09,-9.95284e+06,3.35256e+08,-1.24246e+09,3.93058e+08,-2.27327e+08,-7.25174e+08,0.00097873,0.000165041,-1.82326e-25
0,1.95269e+09,-4.97014e+07,3.06569e+08,-4.93069e+09,1.81981e+08,-1.38589e+08,-1.27094e+09,0.00102252,0.000160534,-2.27226e-23
0,1.77376e+09,-1.84168e+07,2.91628e+08,-2.62398e+09,1.42123e+08,2.4999e+07,-1.88764e+09,0.00109466,0.000179976,-5.9768e-24
0,1.88323e+09,-3.40096e+07,3.03834e+08,-1.68926e+09,4.47745e+08,7.26545e+08,-1.37219e+09,0.00102452,0.000165293,-1.24312e-25
0,1.96528e+09,-3.84317e+06,3.15735e+08,5.58609e+08,-5.86269e+08,-1.65866e+08,-7.12845e+08,0.00103858,0.000166854,1.38373e-26
0,1.98845e+09,-9.69562e+06,3.17417e+08,-4.79562e+09,-4.70419e+08,-2.74171e+08,-9.28641e+08,0.000985282,0.000157281,-1.10282e-23
0,2.1125e+09,-2.37187e+07,3.1973e+08,-5.03193e+09,-9.96419e+08,-2.06553e+08,-1.13471e+09,0.00102693,0.000155428,-1.62118e-23
0,1.96786e+09,3.31329e+07,3.17049e+08,-3.81851e+09,-1.96131e+09,4.79301e+07,-5.9381e+08,0.00103572,0.000166868,-1.9095e-23
0,2.02069e+09,-1.54089e+06,3.3485e+08,-7.6163e+08,6.73565e+07,-5.32079e+07,-7.2678e+08,0.000958846,0.000158891,-3.20682e-27
0,2.04426e+09,1.70731e+07,2.9805e+08,3.09856e+09,-1.75077e+09,2.46654e+08,-1.01935e+09,0.00107346,0.000156509,1.34439e-23
0,1.95291e+09,-3.58909e+07,3.16268e+08,-1.73936e+09,1.18999e+09,4.76194e+08,-9.79626e+08,0.000962429,0.000155863,-1.52504e-25
0,2.10219e+09,-3.27186e+07,3.28963e+08,-6.79644e+09,1.59194e+08,-1.77189e+08,-6.25747e+08,0.000967345,0.000151376,-1.64016e-23
0,2.05151e+09,1.01123e+07,3.23537e+08,9.31061e+08,-3.72009e+08,-4.38917e+08,-7.60152e+08,0.000970535,0.00015306,-1.85257e-26
0,1.97555e+09,502337,3.35053e+08,-7.69163e+08,4.99436e+08,1.77488e+07,-7.3083e+08,0.000973883,0.000165171,-2.87891e-26
0,2.02022e+09,-2.44129e+06,3.16326e+08,-1.36844e+09,-2.59626e+08,-4.53916e+07,-1.24927e+09,0.00101464,0.000158872,-1.1836e-25
0,1.95373e+09,1.39629e+07,3.1106e+08,-1.03411e+08,-1.47166e+08,6.44324e+07,-8.56831e+08,0.00103804,0.000165269,1.47277e-26
0,1.93291e+09,7.79803e+06,2.69194e+08,-4.2071e+09,3.901e+07,3.28456e+08,3.6381e+08,0.000972948,0.000135501,3.48966e-24
0,1.90898e+09,6.86408e+06,3.18023e+08,-3.8919e+09,-1.26839e+09,-2.23962e+08,-8.44252e+08,0.00101031,0.00016831,-1.12972e-23
0,2.00288e+09,1.0213e+07,3.31318e+08,-1.55995e+08,-1.19516e+07,1.63709e+08,-9.32692e+08,0.000998531,0.000165178,1.62269e-26
0,1.96374e+09,-1.13388e+07,3.30105e+08,-6.49864e+09,6.69571e+08,-4.53876e+08,-8.44484e+08,0.000937767,0.000157639,-2.70032e-23
0,1.94476e+09,1.17532e+07,3.19909e+08,-7.72554e+08,6.1246e+08,4.90894e+07,-1.14426e+09,0.000977426,0.000160785,2.28939e-27
0,1.90681e+09,-1.2046e+07,3.30876e+08,-1.21198e+09,2.69687e+08,-8.16294e+06,-9.53006e+08,0.000993534,0.000172401,-1.31893e-25
0,2.05948e+09,-4.51164e+06,3.11654e+08,2.05037e+09,-1.0171e+09,-2.76494e+08,-1.05223e+09,0.0010181,0.000154066,1.92296e-24
0,2.26579e+09,-1.29209e+07,3.21456e+08,-4.67302e+09,-1.44288e+09,-1.79787e+08,-4.75638e+08,0.000956145,0.000135652,-3.97752e-24
0,2.14989e+09,2.61477e+07,2.94681e+08,4.24355e+08,-2.72562e+08,1.31696e+08,-1.60009e+08,0.000904351,0.000123957,1.33799e-27
0,1.91738e+09,2.42428e+07,3.27152e+08,2.41717e+08,1.1533e+09,-1.78067e+08,-9.47535e+08,0.000966719,0.000164946,-9.66912e-28
0,2.09875e+09,-8.8661e+06,3.21406e+08,-2.20942e+09,-1.38558e+09,-1.29621e+08,-1.02814e+09,0.00104026,0.000159306,-4.02038e-24
0,1.95287e+09,2.73451e+07,3.07112e+08,-7.32153e+08,2.85002e+08,-1.22311e+08,-8.3448e+08,0.00105423,0.00016579,-5.7477e-27
0,1.9539e+09,-1.02816e+07,3.11759e+08,-5.08478e+09,-7.46067e+06,2.00015e+08,-1.14114e+09,0.00101207,0.000161483,-2.11614e-23
0,2.08448e+09,1.85847e+06,3.37626e+08,-2.7063e+09,-2.49347e+08,-2.14136e+08,-5.81611e+08,0.000965922,0.000156451,-8.45197e-25
0,1.73544e+09,1.01012e+08,2.86741e+08,-1.80251e+09,-1.51648e+09,-7.22278e+08,-8.58503e+08,0.00103101,0.00017035,-6.4103e-24
0,1.84248e+09,3.74082e+07,3.06187e+08,-3.18993e+09,3.63649e+08,-2.8673e+08,-9.44575e+08,0.00106037,0.000176214,-8.01772e-24
0,1.94134e+09,-1.83843e+07,3.24299e+08,-2.0448e+09,6.53935e+06,1.54795e+08,-1.12507e+09,0.0010375,0.000173313,-1.14101e-24
0,1.8876e+09,-1.53676e+07,3.27392e+08,3.16748e+08,4.93644e+08,1.5255e+07,-1.08521e+09,0.00098591,0.000171,-3.12391e-26
0,1.87021e+09,9.21591e+06,2.89966e+08,8.05891e+09,-1.41579e+09,-7.61009e+07,-9.04296e+08,0.000990418,0.000153559,9.5907e-23
0,1.99017e+09,6.94546e+06,3.3411e+08,-5.65546e+08,-3.08129e+06,2.90767e+07,-8.42481e+08,0.00100205,0.000168224,2.4212e-26
0,2.06006e+09,1.93974e+06,3.41559e+08,5.67564e+08,-7.07844e+06,2.28538e+06,-4.92649e+08,0.000975025,0.000161659,2.11315e-27
0,2.04623e+09,209464,3.28162e+08,2.84302e+08,-3.98602e+08,-4.60863e+07,-7.01497e+08,0.000949866,0.000152334,-1.3495e-27
0,2.0731e+09,3.25552e+07,2.97032e+08,5.7556e+09,-2.21402e+09,2.27475e+08,-1.23212e+09,0.0010992,0.000157492,6.97484e-23
0,1.99192e+09,3.08064e+07,3.21142e+08,9.56138e+08,-4.32306e+08,-3.83469e+08,-7.89805e+08,0.00100694,0.000162341,-3.50636e-27
0,2.01611e+09,-2.39996e+07,3.18384e+08,5.74369e+08,6.61553e+08,6.53818e+08,-8.12326e+08,0.000964202,0.000152267,1.00223e-25
0,1.90714e+09,-1.83408e+07,3.04625e+08,-3.52413e+09,-6.11422e+08,5.56827e+07,-1.63548e+09,0.00108781,0.000173754,-1.56729e-23
0,2.0209e+09,1.01285e+07,3.21193e+08,4.49715e+08,-4.60129e+08,-1.44375e+08,-8.59718e+08,0.000972408,0.00015455,-2.2902e-26
0,1.93606e+09,-1.31067e+06,2.94287e+08,-2.71092e+09,-3.95431e+08,5.48488e+08,-1.26787e+09,0.00105773,0.000160778,-3.94066e-24
0,2.01609e+09,-1.84508e+07,3.34709e+08,-4.80242e+09,6.95299e+08,-3.25031e+08,-5.65841e+08,0.0009227,0.000153185,-6.37945e-24
0,1.87138e+09,1.14721e+07,2.98337e+08,7.31045e+08,5.54865e+08,-4.14272e+08,-1.02783e+09,0.000953194,0.000151959,-1.42139e-26
0,1.83696e+09,-1.88747e+07,3.19437e+08,-1.43457e+09,5.50374e+08,2.22436e+08,-1.32912e+09,0.00101486,0.000176479,-2.55154e-25
0,1.79642e+09,5.17558e+07,2.98508e+08,-2.48924e+09,1.53583e+08,-4.60947e+08,-1.03494e+09,0.00104653,0.0001739,-3.54461e-24
0,2.0825e+09,530616,3.297e+08,-4.15092e+08,-3.83851e+07,-4.26816e+07,-8.61066e+08,0.000964327,0.000152672,1.71124e-26
0,1.96773e+09,-1.78282e+07,3.32726e+08,1.16127e+09,2.7746e+08,-5.51658e+07,-8.5337e+08,0.000994298,0.000168127,9.80741e-26
0,1.88422e+09,-3.95111e+06,3.25734e+08,-3.48627e+09,1.00057e+09,-2.41678e+08,-1.08777e+09,0.0009605,0.000166046,-7.62646e-24
0,2.02581e+09,-5.90754e+06,3.16156e+08,-5.21348e+09,6.65537e+07,-8.07866e+08,-9.5342e+08,0.000976866,0.000152453,-1.3102e-23
0,1.92963e+09,3.25244e+07,3.24845e+08,1.09523e+09,-3.78703e+08,-1.89564e+08,-6.76537e+08,0.0010023,0.000168732,1.291e-25
0,2.01164e+09,3.03186e+06,3.32127e+08,-1.24409e+09,2.61191e+08,-9.66417e+07,-8.42547e+08,0.000965368,0.000159385,-1.14845e-25
0,1.94097e+09,-1.48817e+07,2.48685e+08,-4.83725e+08,-1.08898e+09,-4.23303e+08,6.65909e+08,0.000985083,0.000126213,5.99579e-26
0,1.89644e+09,-4.83017e+06,3.137e+08,-2.81097e+08,4.82652e+08,2.25747e+08,-1.18958e+09,0.000983227,0.000162641,2.06322e-26
0,1.88905e+09,2.81782e+07,3.11642e+08,5.03926e+09,2.14131e+08,-2.10267e+08,-1.06065e+09,0.000983117,0.000162187,1.93344e-23
0,1.98374e+09,-304995,3.36872e+08,-3.98568e+06,-3.0268e+07,-1.63643e+08,-7.11427e+08,0.000998655,0.000169588,1.72384e-29
0,2.09847e+09,3.05177e+07,3.32277e+08,-4.95794e+09,-9.18232e+08,-3.21507e+08,1.56745e+08,0.000857299,0.000135747,1.69759e-24
0,1.88501e+09,-2.60329e+07,3.25541e+08,-2.58743e+08,5.08099e+08,1.10955e+08,-1.10616e+09,0.00101913,0.000176003,2.36513e-26
0,1.93617e+09,2.81714e+06,3.21954e+08,-3.49263e+08,7.55175e+08,-1.77323e+08,-1.17777e+09,0.000983013,0.000163459,1.75105e-26
0,1.86242e+09,4.78248e+07,3.00888e+08,-8.65889e+09,-2.00845e+09,-1.25784e+08,-5.47952e+08,0.00100487,0.000162344,-9.11357e-23
0,1.83248e+09,-1.1624e+07,2.99533e+08,-1.04533e+09,2.16765e+09,-2.71021e+08,-1.1646e+09,0.000976446,0.000159607,5.99326e-25
0,1.90812e+09,3.59465e+07,3.06786e+08,9.08012e+09,9.13664e+07,-8.86697e+07,-1.04357e+09,0.000980744,0.000157683,1.1034e-22
0,2.02706e+09,-2.96852e+07,2.74018e+08,2.96394e+09,-3.90232e+08,-4.66499e+07,4.58085e+08,0.00099242,0.000134155,-1.28685e-24
0,2.02572e+09,-1.8536e+07,3.1271e+08,-1.32031e+09,-1.63149e+09,2.93788e+06,-9.31162e+08,0.00101479,0.000156654,-2.81321e-24
0,2.01016e+09,-2.96439e+06,3.35471e+08,-5.37592e+08,1.46736e+08,-1.60158e+08,-7.1497e+08,0.000962209,0.000160581,8.83155e-27
0,1.93506e+09,3.36627e+07,3.07654e+08,3.17888e+09,5.97705e+08,-3.6426e+08,-1.21131e+09,0.00100311,0.000159483,4.44515e-24
0,2.00032e+09,-7.14518e+06,3.33865e+08,-2.50749e+09,1.91521e+08,-2.27134e+08,-7.48985e+08,0.000937126,0.000156412,-1.04296e-24
0,1.7938e+09,-9.19368e+06,3.22223e+08,1.20084e+09,4.34663e+08,2.33674e+08,-9.56755e+08,0.000992321,0.000178252,2.88127e-25
0,1.91361e+09,4.90619e+07,3.10113e+08,2.43544e+09,3.18092e+08,-4.88334e+08,-9.44733e+08,0.00100969,0.000163627,1.49277e-24
0,1.76097e+09,-6.28874e+07,2.912e+08,-1.5431e+09,6.12418e+08,7.89235e+08,-1.21067e+09,0.00103633,0.000171372,-1.40495e-25
0,1.75469e+09,2.68745e+07,3.02017e+08,-6.13273e+08,1.39201e+09,-5.99528e+08,-1.58879e+09,0.00105588,0.000181738,-6.66797e-25
0,1.93074e+09,-2.33907e+07,2.92577e+08,-4.62012e+09,-1.23208e+09,3.93095e+08,-1.42565e+09,0.00109028,0.000165216,-4.30202e-23
0,1.89428e+09,-2.65396e+07,3.00227e+08,7.48874e+09,-1.74284e+09,2.29344e+08,-6.57811e+08,0.00110648,0.000175368,9.05757e-23
0,1.8664e+09,5.08412e+06,3.04548e+08,2.03007e+09,2.17076e+09,-7.14036e+07,-1.00645e+09,0.000924091,0.000150787,-8.90388e-25
0,1.92994e+09,9.06037e+06,3.37773e+08,1.46171e+08,2.1964e+08,-6.08673e+07,-6.29392e+08,0.000986134,0.000172591,-2.58555e-27
0,1.84288e+09,2.03728e+07,3.05156e+08,2.72517e+09,-1.10577e+09,-3.75898e+08,-1.28546e+09,0.00104024,0.00017225,8.90502e-24
0,2.00451e+09,1.5104e+07,3.19023e+08,1.02793e+09,7.39089e+08,4.84201e+07,-9.60752e+08,0.000960191,0.000152817,1.04138e-25
0,1.8241e+09,6.35028e+06,3.23236e+08,3.05735e+09,6.82811e+08,2.09691e+08,-8.20834e+08,0.00101002,0.000178979,5.73796e-24
0,1.98849e+09,282373,3.20129e+08,-2.73823e+08,1.72043e+08,7.7095e+07,-1.16764e+09,0.000986905,0.000158883,4.25273e-26
0,1.80826e+09,6.85422e+06,3.02087e+08,1.96261e+09,-4.38826e+08,2.44269e+07,-1.27879e+09,0.00104255,0.000174168,1.86226e-24
0,1.91135e+09,1.78548e+07,2.97387e+08,3.10969e+09,2.50266e+07,6.86015e+08,1.11706e+09,0.00102492,0.000159466,-4.07215e-24
0,1.96378e+09,7.16949e+06,3.0335e+08,8.73647e+08,8.1585e+08,-3.01015e+08,-1.13967e+09,0.00100965,0.000155963,1.9148e-26
0,1.98852e+09,-2.02679e+07,3.15263e+08,-7.21484e+08,-1.69927e+08,1.2309e+08,-1.28805e+09,0.0010237,0.000162298,1.61818e-25
0,1.67935e+09,5.30588e+07,2.99306e+08,-1.82461e+09,3.99191e+08,-6.82375e+08,-9.01669e+08,0.000939039,0.000167362,-1.47651e-24
0,1.97008e+09,3.23752e+07,3.11115e+08,2.67285e+09,-4.82388e+08,-3.54721e+08,-8.89877e+08,0.00103553,0.000163532,2.94394e-24
0,1.8804e+09,2.46451e+07,3.09367e+08,-9.72016e+09,-1.30269e+09,-1.78521e+08,-5.76165e+08,0.00107758,0.000177285,-1.31591e-22
0,2.10148e+09,-7.48316e+06,3.10234e+08,4.20368e+09,-6.13889e+08,4.71938e+08,-8.69571e+08,0.00100929,0.000148999,4.92627e-24
0,1.84933e+09,-2.25494e+07,3.15434e+08,2.34995e+09,-8.68546e+08,-2.44127e+08,-6.96798e+08,0.000935267,0.000159526,2.12028e-24
0,2.06883e+09,4.85563e+06,3.33154e+08,-1.1552e+09,-3.68853e+08,-2.22472e+08,-8.03552e+08,0.00100091,0.000161182,-9.01028e-26
0,2.07375e+09,-1.41872e+07,3.25215e+08,3.84511e+08,-2.25336e+08,3.10863e+08,-7.70857e+08,0.000965687,0.000151443,-9.0802e-27
0,2.17063e+09,-1.06425e+07,3.42566e+08,-5.92248e+09,-1.96803e+08,-6.34715e+08,-3.4613e+08,0.000951174,0.000150113,-3.44669e-24
0,1.89934e+09,-2.0995e+07,2.95569e+08,1.07164e+09,-1.50072e+07,4.57525e+08,-9.95976e+08,0.00101955,0.000158659,-1.28441e-25
0,2.20756e+09,-1.49712e+07,3.13035e+08,1.04018e+10,-4.93299e+08,-7.40061e+07,6.99134e+07,0.000970985,0.000137687,-4.28294e-24
0,1.85558e+09,-7.59396e+07,3.0134e+08,-1.25206e+09,-1.52228e+09,2.16504e+08,-6.47636e+08,0.00101172,0.000164301,-2.25614e-24
0,2.16816e+09,6.15355e+06,3.19888e+08,-1.15719e+09,-9.80879e+08,-4.96342e+08,-7.49327e+08,0.00100561,0.000148366,-4.22046e-25
0,2.07362e+09,-5.4211e+06,3.33899e+08,-8.50895e+08,-1.21555e+08,-2.31466e+08,-7.43345e+08,0.000966405,0.000155613,1.43336e-27
0,1.84763e+09,-1.73381e+07,2.90763e+08,1.24767e+10,-2.73784e+09,5.98191e+08,-8.07597e+08,0.0010573,0.000166389,3.70971e-22
0,2.02274e+09,-5.03059e+07,2.76407e+08,9.26e+09,-2.21013e+08,8.45877e+06,5.79337e+08,0.000980601,0.000133999,-4.91915e-23
0,2.0578e+09,1.64547e+07,3.29764e+08,8.33456e+09,3.32412e+08,2.4098e+08,-6.01232e+08,0.000964546,0.000154569,3.29508e-23
0,2.04569e+09,1.37434e+07,3.11004e+08,1.01757e+09,-9.20575e+08,-2.5603e+08,-8.98034e+08,0.00105309,0.0001601,2.95304e-25
0,1.74598e+09,2.31291e+07,2.91824e+08,2.59734e+09,1.1255e+09,-4.45635e+08,-1.71415e+09,0.00105244,0.000175906,5.62548e-24
0,1.94404e+09,-1.76518e+07,3.17919e+08,1.07442e+08,-7.5496e+07,3.77272e+08,-1.00921e+09,0.00097324,0.000159159,-2.2826e-26
0,2.12215e+09,-1.48674e+07,3.16476e+08,1.70068e+08,-1.39242e+09,-3.76352e+08,-7.78563e+08,0.00105615,0.000157503,-6.96609e-25
0,1.90863e+09,-3.75158e+07,2.89585e+08,-5.09361e+09,5.85678e+08,4.36792e+07,-1.2972e+09,0.00106378,0.0001614,-3.50894e-23
0,1.95368e+09,3.36412e+07,3.10933e+08,2.16129e+09,6.5859e+08,-6.52116e+08,-1.2186e+09,0.00100383,0.000159761,7.69132e-25
0,1.84836e+09,-1.34528e+07,2.98499e+08,3.22938e+09,1.22776e+08,6.84709e+08,-1.42015e+09,0.00105294,0.000170043,8.36302e-24
0,1.89417e+09,2.44833e+07,3.19614e+08,5.1688e+09,8.02803e+08,1.30898e+08,-1.22554e+09,0.000969775,0.000163635,2.46365e-23
0,1.97922e+09,6.53948e+06,2.61428e+08,-1.70901e+09,-1.47067e+08,-2.79461e+08,4.69522e+08,0.00101638,0.000134249,3.53417e-25
0,1.80601e+09,3.87104e+07,2.91254e+08,5.40719e+09,2.03342e+07,-3.08376e+08,-1.31844e+09,0.00102739,0.000165686,4.61451e-23
0,2.04003e+09,-5.53326e+07,3.11753e+08,-4.17655e+09,1.32279e+08,1.55301e+08,-7.20905e+08,0.00104936,0.000160361,-7.18886e-24
0,2.16301e+09,1.61065e+07,3.16275e+08,4.8993e+09,-1.00293e+08,4.00992e+07,-7.12714e+08,0.000987465,0.000144387,6.49242e-24
0,2.1148e+09,1.19144e+07,3.35504e+08,3.7723e+09,-2.40061e+07,2.20799e+08,-4.91068e+08,0.000931176,0.000147727,1.68067e-24
0,2.06654e+09,-9.16953e+06,3.07745e+08,-1.6144e+09,-1.06373e+09,-2.683e+08,-9.47176e+08,0.00104892,0.000156204,-1.58357e-24
0,2.16713e+09,-9.63684e+06,3.43752e+08,-7.21658e+09,-2.99568e+07,-7.52576e+08,-2.17859e+08,0.000921152,0.000146113,-4.14358e-24
0,2.04989e+09,2.99325e+07,3.0341e+08,-7.95151e+08,8.85304e+08,1.41424e+08,1.02764e+09,0.0010573,0.000156494,2.07529e-25
0,1.91543e+09,-6.58291e+06,3.10644e+08,-2.92981e+07,-1.41133e+09,4.80314e+08,-1.20995e+09,0.00107781,0.000174798,2.93151e-24
0,2.05997e+09,2.15803e+07,3.21236e+08,3.82726e+09,-1.09785e+09,-2.59511e+08,-6.51276e+08,0.000994669,0.000155111,6.54917e-24
0,1.93618e+09,3.50022e+07,3.07924e+08,2.37712e+09,4.40448e+08,-2.49951e+08,-1.0952e+09,0.0010107,0.000160739,1.68851e-24
0,2.03099e+09,4.35827e+06,3.32897e+08,3.79326e+09,1.65473e+08,1.41138e+08,-7.92178e+08,0.000960151,0.000157377,4.00833e-24
0,2.12522e+09,-1.53859e+07,3.23451e+08,-5.26294e+09,-9.72867e+08,-7.56488e+08,-6.73297e+08,0.000972366,0.000147991,-2.85637e-24
0,1.9712e+09,-1.41789e+07,3.29319e+08,-1.37061e+09,1.81425e+08,-6.13527e+07,-9.67798e+08,0.000989274,0.000165273,-1.77834e-25
0,2.00224e+09,1.9318e+07,3.07241e+08,3.38998e+09,-1.95359e+08,-2.74774e+08,-1.1222e+09,0.00100299,0.000153907,5.03182e-24
0,1.81991e+09,2.3679e+07,2.52658e+08,-7.0947e+09,-2.69769e+09,-4.03861e+08,4.1416e+08,0.000968641,0.000134476,1.6781e-23
0,2.17334e+09,-3.55209e+07,2.82357e+08,-8.55417e+08,-1.16837e+09,5.44721e+08,-5.54603e+08,0.000985671,0.000128057,6.55456e-26
0,2.04274e+09,-3.79289e+07,2.91923e+08,7.50062e+09,-1.89301e+09,6.25566e+08,-7.81125e+08,0.00117809,0.000168358,7.00121e-23
0,1.83743e+09,-3.11017e+07,3.08295e+08,-6.70042e+09,-3.0683e+08,-2.12114e+08,-8.52098e+08,0.000963198,0.000161611,-3.86859e-23
0,2.11836e+09,-7.4242e+06,3.32604e+08,-3.36318e+09,-4.22603e+08,-4.51707e+08,-7.57252e+08,0.000984657,0.000154601,-1.73436e-24
0,2.10718e+09,-4.06009e+07,3.24931e+08,-2.58491e+09,4.40743e+08,8.25452e+07,-7.21576e+08,0.000952394,0.000146861,-8.61875e-25
0,2.18348e+09,4.2171e+07,3.05287e+08,-3.08883e+09,-3.80512e+08,3.78265e+08,2.1361e+08,0.000902401,0.000126171,1.3459e-25
0,2.17075e+09,-5.95931e+06,3.44445e+08,-7.24538e+09,1.90188e+06,-7.63464e+08,-1.20914e+08,0.000903788,0.000143409,-2.23277e-24
0,2.03777e+09,-2.90983e+07,3.11192e+08,-3.91571e+09,-5.81221e+08,-3.91678e+08,-8.73206e+08,0.00102682,0.000156808,-5.44691e-24
0,2.24522e+09,1.85238e+07,2.98882e+08,2.83979e+09,-1.83393e+09,-1.60302e+08,-5.59341e+08,0.000977606,0.000130138,4.03995e-24
0,2.07589e+09,-5.15744e+07,3.19951e+08,-8.04937e+09,4.61987e+08,-2.32698e+08,-6.08085e+08,0.00101649,0.000156668,-3.80798e-23
0,1.72238e+09,-6.56705e+07,2.979e+08,8.06973e+09,2.24454e+09,9.88225e+08,-7.71668e+08,0.00101167,0.000174977,2.3077e-22
0,2.15568e+09,-2.84671e+07,3.21325e+08,-5.77961e+09,-1.2018e+09,-2.01536e+08,-7.82604e+08,0.00100417,0.000149682,-1.44138e-23
0,1.84057e+09,-2.44694e+07,3.16311e+08,1.00623e+10,1.33972e+06,2.31419e+08,-4.347e+08,0.00101521,0.000174469,9.01447e-23
0,2.31873e+09,-5.55787e+06,3.34064e+08,5.08375e+08,2.71041e+08,-8.0311e+07,1.2366e+07,0.000873164,0.000125799,-9.04637e-28
0,1.94872e+09,-6.13315e+07,2.99628e+08,-6.69952e+09,6.52325e+08,-2.1249e+08,-1.12121e+09,0.0010076,0.000154925,-5.20803e-23
0,1.92389e+09,-1.63575e+07,3.1624e+08,3.56635e+09,5.47015e+08,8.76046e+08,-1.05095e+09,0.000975645,0.000160372,8.54479e-24
0,2.17877e+09,5.08406e+06,3.38931e+08,3.45189e+09,-3.78418e+08,1.00284e+08,-3.07652e+08,0.000945023,0.000147009,7.34941e-25
0,2.05776e+09,1.65018e+07,3.20775e+08,3.33957e+08,-5.38897e+08,-6.79692e+08,-9.25821e+08,0.00102971,0.000160517,-2.42208e-25
0,2.16567e+09,-3.14068e+07,3.1997e+08,-8.82775e+09,-8.5127e+08,-4.82136e+08,-5.60498e+08,0.00102504,0.000151446,-2.82999e-23
0,2.10278e+09,-1.15062e+07,3.18939e+08,-4.34965e+09,-5.4579e+08,-4.99222e+08,-9.97379e+08,0.00100783,0.000152863,-6.30156e-24
0,2.2163e+09,-4.30646e+07,3.00008e+08,-4.37869e+09,-3.93338e+08,8.09574e+08,-2.57365e+08,0.000927583,0.000125562,-1.66479e-24
0,2.00888e+09,3.62605e+07,3.00007e+08,2.71165e+09,-2.17582e+08,-6.80226e+07,-1.09674e+09,0.00105176,0.00015707,2.9837e-24
0,1.93447e+09,-4.62615e+07,3.1069e+08,-2.17175e+09,-6.13741e+08,3.24813e+08,-1.17506e+09,0.00107579,0.000172779,-2.51046e-24
0,2.22338e+09,-8.65917e+06,3.19098e+08,-3.76413e+09,-1.52947e+09,-3.51614e+08,-7.38338e+08,0.000990995,0.000142226,-4.51555e-24
0,1.83926e+09,1.99896e+07,2.8579e+08,3.7176e+09,-5.72061e+08,-1.77149e+08,-1.77179e+09,0.0011001,0.000170937,2.44209e-23
0,1.80864e+09,5.0318e+07,2.9905e+08,4.38403e+09,5.75201e+08,-4.93624e+08,-1.27282e+09,0.00101641,0.000168059,1.92432e-23
0,2.19093e+09,-6.63994e+07,2.88938e+08,-5.37879e+09,-4.63182e+08,1.02545e+09,-3.25265e+08,0.000944994,0.000124625,-4.41431e-24
0,2.01017e+09,4.92444e+07,3.15232e+08,7.30111e+09,2.27881e+08,-2.24329e+08,-1.08962e+09,0.00103983,0.000163064,6.02892e-23
0,2.14997e+09,-3.79659e+07,3.24032e+08,-7.92819e+09,-6.27731e+08,-2.45964e+08,-7.1226e+08,0.000987723,0.000148864,-2.71378e-23
0,2.07365e+09,-1.67644e+07,2.97496e+08,5.84374e+08,-7.91894e+08,-1.45835e+08,-9.20129e+08,0.00101284,0.000145308,3.81297e-26
0,1.83624e+09,1.60932e+06,3.03856e+08,1.61474e+09,-6.14697e+08,3.76305e+08,-1.30463e+09,0.00107378,0.000177685,1.04392e-24
0,2.08397e+09,-4.65638e+07,3.2454e+08,-1.0269e+10,8.01383e+08,-4.34359e+08,-4.52922e+08,0.000988383,0.000153922,-5.80452e-23
0,1.97808e+09,-2.20118e+07,3.16285e+08,1.07425e+10,4.67409e+08,1.05556e+08,-4.1834e+08,0.00106583,0.000170421,9.73472e-23
0,2.12786e+09,-1.14441e+06,3.21321e+08,1.96922e+09,-1.3908e+09,-1.00255e+07,-6.68028e+08,0.00099774,0.000150666,2.06045e-24
0,2.23004e+09,-1.60249e+07,3.35983e+08,-5.23246e+09,-6.53579e+08,-3.16744e+08,-5.15438e+08,0.000945865,0.000142506,-3.31548e-24
0,2.09735e+09,-4.10777e+07,3.12905e+08,-6.89334e+09,-5.47495e+08,-2.413e+08,-7.55339e+08,0.000999577,0.000149128,-2.27155e-23
0,2.08405e+09,3.70786e+07,3.15412e+08,5.50469e+09,-5.82926e+08,-2.42774e+08,-1.06825e+09,0.00106544,0.00016125,2.64342e-23
0,2.17301e+09,2.51962e+07,2.80403e+08,7.0673e+08,1.04743e+09,3.20862e+08,4.09355e+08,0.000968094,0.000124922,-2.54905e-25
0,2.12361e+09,-2.06965e+07,3.24903e+08,-7.35787e+09,-5.59414e+08,-6.02755e+08,-8.43688e+08,0.000989912,0.000151452,-2.38419e-23
0,2.21054e+09,-4.04694e+06,3.19049e+08,2.31625e+08,9.42992e+08,-4.18883e+07,7.31197e+08,0.00101024,0.000145808,-3.42998e-26
0,2.16624e+09,7.29129e+07,3.05869e+08,7.8854e+09,7.70067e+08,-7.95667e+08,-4.68212e+08,0.000933431,0.000131798,7.68666e-24
0,2.06821e+09,-5.32569e+07,3.23388e+08,-6.70723e+09,6.61871e+08,-1.51136e+08,-7.70613e+08,0.000942321,0.000147343,-1.93292e-23
0,2.05412e+09,-6.14414e+07,3.07762e+08,-6.98893e+09,4.48997e+08,-6.07474e+07,-8.57682e+08,0.000962499,0.000144208,-2.66288e-23
0,2.16493e+09,-1.43623e+07,3.36817e+08,-6.4146e+09,-4.66995e+08,-5.8727e+08,-5.29755e+08,0.000953452,0.000148337,-6.5711e-24
0,2.03125e+09,7.37415e+06,2.98385e+08,-1.17666e+09,-6.40975e+08,-1.34112e+08,-1.1378e+09,0.00107093,0.000157317,-4.37589e-25
0,2.26141e+09,-1.13806e+07,3.40005e+08,-5.29645e+09,-4.73656e+08,-2.97829e+08,-3.76118e+08,0.000943047,0.000141788,-2.24882e-24
0,2.18337e+09,-1.25848e+07,3.30034e+08,4.6141e+08,-6.32755e+08,-1.20167e+08,-7.55994e+08,0.000978152,0.000147856,7.34963e-27
0,2.16444e+09,-4.73715e+07,3.23423e+08,-9.98114e+09,-1.85218e+08,-1.1461e+08,-6.69111e+08,0.000964665,0.000144146,-4.61757e-23
0,2.00048e+09,8.49297e+07,2.53382e+08,-1.15427e+10,1.59827e+07,3.0077e+08,5.33758e+08,0.00113268,0.000143467,1.90707e-22
0,2.33063e+09,5.05882e+06,3.30672e+08,8.26063e+08,-1.19478e+09,-7.34206e+07,-2.79446e+08,0.000920839,0.00013065,1.35547e-25
0,2.23812e+09,-9.81278e+06,3.20911e+08,-1.3871e+09,-1.65915e+09,1.84598e+08,-6.37742e+08,0.00100812,0.000144549,-1.31401e-24
0,2.1368e+09,1.62077e+07,3.12041e+08,1.52914e+09,-1.39509e+09,-3.40599e+08,-1.11433e+09,0.00107864,0.000157516,1.65901e-24
0,2.15151e+09,-1.00423e+07,3.20815e+08,-4.87612e+09,-1.34995e+09,-6.28271e+08,-8.18497e+08,0.00100961,0.000150545,-6.16826e-24
0,2.06757e+09,-1.75807e+07,3.12033e+08,-1.13426e+09,-1.15719e+09,-2.34993e+08,-8.82619e+08,0.00101605,0.00015334,-1.11442e-24
0,2.15037e+09,-3.33238e+07,3.21979e+08,-9.34259e+09,-7.85025e+08,-4.22121e+08,-5.9638e+08,0.000978568,0.000146523,-3.18286e-23
0,2.10949e+09,-4.014e+07,2.97621e+08,-4.53794e+09,-1.94693e+09,-1.56589e+07,-9.23691e+08,0.00110916,0.000156488,-3.15452e-23
0,2.14389e+09,-4.37856e+07,3.28425e+08,-1.11711e+10,6.48373e+07,-3.49879e+08,-5.61476e+08,0.000943051,0.000144467,-5.18758e-23
0,1.99805e+09,-2.17452e+07,2.95116e+08,-3.51166e+09,-3.29398e+08,-1.32181e+08,-1.19707e+09,0.00105123,0.000155269,-7.38215e-24
0,1.88501e+09,-1.6492e+07,2.83533e+08,9.90131e+08,3.89525e+06,2.01631e+07,-1.49803e+09,0.0010914,0.000164162,-4.88366e-25
0,2.30204e+09,2.85743e+07,3.15342e+08,-5.92348e+08,-6.09526e+08,7.29688e+07,-1.61636e+08,0.000965298,0.00013223,-1.87369e-26
0,2.17681e+09,-3.50482e+07,3.0286e+08,-2.86792e+09,-1.0771e+09,7.81351e+07,-6.74906e+08,0.000983749,0.000136869,-2.26939e-24
0,2.01663e+09,-7.51448e+07,3.05469e+08,-6.31628e+09,4.35276e+08,4.12572e+08,-1.1292e+09,0.00102483,0.000155237,-3.47712e-23
0,2.03873e+09,-7.05618e+06,3.24774e+08,2.66164e+09,-1.04738e+09,4.46253e+08,-1.00655e+09,0.00103487,0.000164858,2.93744e-24
0,2.20686e+09,-8.20051e+06,3.13076e+08,-1.10873e+10,-1.93358e+09,-5.72419e+08,-5.30936e+08,0.0010452,0.000148278,-4.87164e-23
0,2.26333e+09,-1.12442e+07,3.3849e+08,-4.2827e+09,-6.15881e+08,-2.32865e+08,-4.14811e+08,0.000950772,0.000142192,-1.44861e-24
0,2.15165e+09,-1.57573e+07,3.33095e+08,-8.69469e+09,-2.63734e+08,-5.03668e+08,-4.41111e+08,0.000983707,0.000152287,-2.0275e-23
0,2.16294e+09,3.62623e+06,3.36624e+08,-8.49453e+09,-7.37057e+08,-7.53293e+08,-1.21703e+08,0.000952283,0.000148206,3.97145e-24
0,1.9582e+09,1.27096e+07,2.97019e+08,-9.29654e+09,-1.66725e+09,-5.04679e+07,-1.00987e+09,0.00111918,0.000169756,-2.30751e-22
0,2.12643e+09,-3.3607e+07,3.30632e+08,-5.06075e+09,-2.26978e+07,-4.00794e+08,-7.37527e+08,0.000953277,0.000148222,-6.58181e-24
0,2.07893e+09,-6.34496e+07,2.98616e+08,-9.6832e+09,-9.11323e+08,-831107,-8.79005e+08,0.0010765,0.000154628,-1.23175e-22
0,1.95024e+09,-4.69988e+07,2.9801e+08,-4.44102e+09,3.93523e+08,-1.78415e+08,-1.13817e+09,0.00102527,0.000156668,-1.58746e-23
0,2.26074e+09,-1.44417e+07,3.35514e+08,-5.73424e+09,-8.74835e+08,-2.6209e+08,-5.56661e+08,0.000975582,0.000144785,-5.68509e-24
0,2.19408e+09,-3.70614e+07,3.2249e+08,-8.27578e+09,-6.94219e+08,1.47351e+07,-6.05437e+08,0.000988606,0.000145307,-2.64569e-23
0,1.88357e+09,-1.31418e+07,2.95296e+08,-3.20781e+09,-1.1215e+09,7.68543e+07,-1.55376e+09,0.00110349,0.000172999,-1.86908e-23
0,2.22938e+09,-2.01105e+07,3.36804e+08,-6.14712e+09,-4.0955e+08,-3.34528e+08,-4.66248e+08,0.000936509,0.000141483,-4.81462e-24
0,2.15241e+09,4.57642e+06,3.37343e+08,-9.18191e+09,-7.40965e+08,-7.4634e+08,-5.99132e+07,0.000929075,0.000145612,6.514e-24
0,2.10575e+09,-1.09903e+07,2.963e+08,-2.0958e+09,-2.03817e+09,-3.27021e+08,-1.05899e+09,0.00108098,0.000152104,-1.09892e-23
0,1.96218e+09,-3.87941e+07,3.2656e+08,1.13616e+09,-8.34375e+08,1.79611e+08,-7.90601e+08,0.00103215,0.000171777,6.6157e-25
0,2.05896e+09,-7.2801e+07,3.1411e+08,-8.14021e+09,9.10146e+08,2.02062e+08,-9.09632e+08,0.000990635,0.000151129,-4.69235e-23
0,2.01917e+09,-8.46825e+07,2.9865e+08,-1.11847e+10,4.53939e+08,1.20831e+08,-8.73844e+08,0.00102445,0.000151523,-1.61183e-22
0,2.07313e+09,-3.82415e+07,3.09945e+08,-8.17258e+09,-1.14477e+09,-5.99868e+08,-1.14543e+09,0.00103388,0.000154571,-6.36618e-23
0,2.18702e+09,-2.34519e+07,3.35873e+08,-6.19718e+09,-2.75281e+08,-4.39269e+08,-5.44278e+08,0.000947142,0.000145458,-6.81188e-24
0,2.19309e+09,-2.14113e+06,3.24127e+08,-1.15559e+10,7.27335e+08,-2.19531e+08,1.1996e+08,0.00100588,0.000148664,1.05479e-23
0,2.15143e+09,-3.45467e+07,3.17259e+08,-7.40142e+09,-1.1535e+09,-1.0616e+08,-7.25492e+08,0.000992882,0.000146414,-2.64514e-23
0,2.17985e+09,-2.37361e+07,3.38491e+08,-6.8593e+09,2.44006e+07,-5.21782e+08,-4.14705e+08,0.000915655,0.000142185,-6.95665e-24
0,2.12052e+09,-4.82889e+07,3.24846e+08,-1.00194e+10,2.78135e+08,-1.92314e+08,-5.63939e+08,0.000957021,0.000146608,-4.36184e-23
0,2.03885e+09,-5.35116e+07,3.01457e+08,-5.39722e+09,2.85472e+08,4.73174e+07,-9.7201e+08,0.00100456,0.000148531,-1.71576e-23
0,2.17548e+09,-6.90239e+07,2.91529e+08,-5.56131e+09,-3.03635e+08,9.63778e+08,-4.66781e+08,0.000952991,0.000127707,-5.96132e-24
0,1.97458e+09,-4.0243e+07,2.93121e+08,-2.69452e+09,7.13029e+07,-2.95742e+07,-1.25395e+09,0.0010879,0.000161497,-3.91875e-24
0,2.1164e+09,8.46087e+06,3.36389e+08,-1.01829e+10,-9.74096e+08,-8.98208e+08,-4.31242e+07,0.000950242,0.000151035,1.86193e-23
0,2.12096e+09,-5.61096e+07,3.2155e+08,-9.16732e+09,2.08965e+08,-1.024e+08,-8.1611e+08,0.000976181,0.000147995,-5.20328e-23
0,2.01862e+09,-8.80323e+07,3.02187e+08,-1.25774e+10,1.31711e+09,1.70538e+08,-7.13861e+08,0.000992899,0.000148637,-1.49797e-22
0,2.15554e+09,-1.38777e+07,3.42597e+08,-5.89927e+09,2.4832e+08,-6.64476e+08,-1.92019e+08,0.000878696,0.000139658,-2.66202e-24
0,1.94492e+09,-2.93359e+07,3.16174e+08,-1.09283e+10,-1.19086e+09,-7.50496e+08,-8.59064e+08,0.000985921,0.000160275,-1.09807e-22
0,2.0528e+09,-4.2955e+07,3.03307e+08,-7.12051e+09,-3.60579e+08,-2.76765e+08,-1.05151e+09,0.0010667,0.000157608,-5.41587e-23
0,2.10116e+09,-6.46287e+07,2.92214e+08,-8.24131e+09,-7.84499e+08,2.1312e+08,-8.67405e+08,0.0010053,0.00013981,-5.32836e-23
0,1.70275e+09,-2.03057e+06,2.67007e+08,-2.99783e+09,1.68294e+09,-1.6904e+08,-1.60136e+09,0.00105473,0.000165391,-1.86651e-23
0,2.13039e+09,-3.59088e+07,3.33286e+08,-9.83581e+09,7.90283e+08,-3.69095e+08,-3.06351e+08,0.000914457,0.000143061,-2.19643e-23
0,2.08866e+09,-4.02579e+07,3.22867e+08,-2.30113e+09,-5.44214e+08,-4.48567e+06,-8.9812e+08,0.00103822,0.000160488,-1.43606e-24
0,2.172e+09,5.7652e+07,3.05756e+08,-1.01628e+10,6.63924e+07,2.9788e+08,4.18361e+08,0.000951247,0.000133908,2.85572e-23
0,2.08645e+09,-6.15961e+06,3.3425e+08,-1.19701e+10,-8.35787e+08,-1.11956e+09,-3.22074e+08,0.000980184,0.000157026,-7.45387e-24
0,2.13543e+09,-8.43227e+07,2.69649e+08,-8.58045e+09,-7.0281e+08,1.14301e+09,-4.37815e+08,0.000981489,0.000123936,-3.31581e-23
0,2.0709e+09,-6.20046e+06,3.39286e+08,-7.7031e+09,-2.51373e+08,-8.46152e+08,-1.37697e+08,0.000880374,0.000144236,-7.98519e-25
0,2.0114e+09,-6.86554e+07,2.72399e+08,-1.49127e+10,-1.60085e+09,3.63506e+08,-8.73795e+08,0.00109064,0.000147703,-6.49509e-22
0,2.10619e+09,-6.13495e+07,3.24318e+08,-9.99891e+09,8.74827e+08,-1.63928e+08,-6.81595e+08,0.00091698,0.0001412,-4.53221e-23
0,2.08569e+09,-2.66597e+07,3.37215e+08,-8.41532e+09,8.44463e+08,-6.34287e+08,-1.98773e+08,0.000883909,0.00014291,-1.31589e-23
0,2.08458e+09,-1.26735e+07,3.41551e+08,-5.26526e+09,2.56317e+08,-8.18316e+08,-1.47694e+08,0.00086003,0.000140913,-2.05946e-24
0,2.09505e+09,-5.46835e+06,3.35956e+08,-1.25652e+10,-7.57497e+08,-1.02735e+09,-2.08036e+08,0.000940993,0.000150895,7.21879e-25
0,2.05768e+09,-6.24821e+07,3.22333e+08,-1.03138e+10,1.2035e+09,-1.21865e+08,-4.81911e+08,0.000905848,0.0001419,-3.70808e-23
0,2.13341e+09,-3.81451e+07,3.30856e+08,-8.01954e+09,9.88392e+07,-4.82189e+08,-5.91692e+08,0.0010072,0.000156199,-2.91277e-23
0,2.09475e+09,952371,3.35097e+08,-1.09594e+10,-7.28252e+08,-8.5715e+08,-8.32036e+07,0.000934032,0.000149417,1.00769e-23
0,2.08107e+09,1.04466e+07,3.27254e+08,-1.31205e+10,-7.78961e+08,-1.01381e+09,-7.62426e+07,0.00101184,0.000159114,3.13448e-23
0,2.00435e+09,-6.34162e+07,3.25233e+08,-7.40951e+09,1.9789e+09,-2.19599e+08,-4.1126e+08,0.000868827,0.000140979,-9.79253e-24
0,1.7603e+09,3.49806e+07,2.54283e+08,2.3462e+09,1.23033e+09,-4.74016e+08,-1.4628e+09,0.0010585,0.000152904,3.25628e-24
0,2.01083e+09,1.56601e+07,3.23321e+08,-1.46654e+10,6.21392e+08,-6.58347e+08,2.60953e+08,0.000934286,0.000150223,4.69388e-23
0,2.11091e+09,-3.44321e+07,3.33921e+08,-9.62471e+09,5.68158e+08,-7.2875e+08,-4.31352e+08,0.000978102,0.000154724,-4.36124e-23
0,2.03498e+09,1.32892e+07,3.27791e+08,-1.37035e+10,-8.48179e+08,-1.04099e+09,-1.19631e+07,0.000967378,0.000155824,5.11346e-23
0,2.20104e+09,-6.37267e+07,2.92246e+08,-6.32079e+09,-6.14534e+08,9.33836e+08,-3.7264e+08,0.000948529,0.000125942,-8.44849e-24
0,2.05603e+09,-4.97638e+07,3.29739e+08,-5.31449e+09,1.81794e+09,-1.68231e+08,-2.61455e+08,0.000857123,0.000137463,-7.20383e-25
0,2.05369e+09,1.38781e+07,3.28481e+08,-1.36841e+10,-7.6854e+08,-8.52833e+08,6.28972e+06,0.000940418,0.000150417,3.36669e-23
0,1.79954e+09,3.36558e+07,2.53264e+08,5.87488e+09,5.51701e+08,-3.50492e+08,-1.39742e+09,0.00107771,0.000151675,7.78535e-23
0,2.06681e+09,3.25392e+06,2.65235e+08,6.60938e+08,-3.12264e+09,-1.83767e+08,-1.11316e+09,0.00117162,0.000150355,7.17084e-24
0,2.03636e+09,-3.32875e+07,2.60631e+08,-5.14963e+09,-3.00919e+09,1.87779e+06,-1.0967e+09,0.00118521,0.000151693,-1.54201e-22
0,2.04137e+09,-9.06268e+07,2.76406e+08,-1.23931e+10,-6.03259e+08,6.57395e+08,-9.20755e+08,0.00106024,0.000143559,-2.88388e-22
0,2.334e+09,115929,3.44811e+08,7.82231e+07,-9.88353e+07,3.17498e+06,-4.20045e+07,0.00086865,0.000128329,7.82509e-30
0,2.00858e+09,-1.01652e+08,2.96616e+08,-1.36819e+10,1.23457e+09,4.70523e+08,-7.6557e+08,0.000948801,0.000140114,-1.54331e-22
0,2.11019e+09,6.52883e+07,3.11041e+08,-8.38272e+09,-7.30821e+08,3.15985e+08,2.49817e+08,0.000906493,0.000133617,5.75235e-24
0,2.33417e+09,-1045.19,3.45015e+08,-1.93672e+06,-2.77368e+07,-81120.4,-1.12544e+07,0.000855433,0.000126442,-3.71579e-33
0,2.33412e+09,-53327,3.44828e+08,-3.72522e+07,-8.46524e+07,-1.46526e+06,-3.5401e+07,0.000863322,0.000127542,-2.17418e-30
0,2.33396e+09,231627,3.42732e+08,1.02884e+08,-3.45119e+08,2.52315e+06,-1.26155e+08,0.000882012,0.000129519,4.18596e-28
