0,1.64776e+09,9.88496e+07,3.13501e+08,-4.40608e+09,-4.13007e+09,1.13349e+08,6.58803e+08,0.000873582,0.000166206,-7.14091e-23
0,1.77518e+09,5.80518e+07,3.27175e+08,-6.08725e+08,-2.62844e+09,2.71504e+07,3.23292e+08,0.00087789,0.000161799,-2.00095e-24
0,2.00818e+09,5.26555e+06,3.42269e+08,2.43874e+09,-3.92842e+08,1.35178e+08,-8.59434e+07,0.000909873,0.000155077,4.6352e-26
0,2.06096e+09,3.44567e+06,3.42523e+08,3.39161e+09,2.42267e+08,4.59045e+08,-2.95106e+08,0.000923534,0.000153487,1.13917e-24
0,2.33106e+09,-1.1177e+06,3.44012e+08,-1.06275e+07,-2.0149e+08,-1.49653e+07,-6.34422e+07,0.000870692,0.000128495,-2.56346e-29
0,2.06457e+09,6.33896e+06,3.41282e+08,4.68131e+09,1.48796e+08,5.25427e+08,-4.01113e+08,0.000941561,0.000155644,3.59952e-24
0,2.3116e+09,-502540,3.33407e+08,1.46417e+09,-1.06472e+09,-9.16902e+07,-1.90557e+08,0.00090262,0.000130187,1.87168e-25
0,2.08665e+09,7.18267e+06,3.39929e+08,4.82826e+09,-4.51372e+07,5.01087e+08,-4.97272e+08,0.000960119,0.00015641,4.25295e-24
0,2.31854e+09,1.32248e+07,3.2813e+08,2.13654e+09,-9.91159e+08,-1.67898e+08,-2.46392e+08,0.000916664,0.00012973,3.55924e-25
0,2.15121e+09,4.43375e+07,3.25503e+08,1.21776e+10,-3.23418e+08,3.93996e+08,-6.37762e+08,0.000954099,0.000144366,7.46909e-23
0,2.18892e+09,5.20334e+06,3.44407e+08,6.81272e+09,-7.26609e+07,6.9245e+08,-1.28615e+08,0.000908197,0.000142897,1.51634e-24
0,2.10301e+09,6.22891e+07,3.17116e+08,9.21263e+09,3.63593e+08,1.75036e+07,-6.67029e+08,0.000936012,0.000141143,3.64688e-23
0,2.19885e+09,4.33058e+07,3.22804e+08,8.15706e+09,-3.81817e+08,2.12472e+07,-5.89078e+08,0.000941522,0.000138221,1.83926e-23
0,2.11964e+09,5.45535e+07,3.20729e+08,1.11404e+10,7.97006e+07,1.69885e+08,-6.04489e+08,0.000933632,0.00014127,5.55752e-23
0,2.18727e+09,4.80203e+07,3.17725e+08,9.10301e+09,-7.72556e+08,-1.79572e+07,-7.84291e+08,0.000979081,0.000142222,4.39736e-23
0,2.24703e+09,2.70423e+07,3.23222e+08,8.6274e+09,-1.46601e+09,1.90539e+08,-6.80388e+08,0.000996532,0.000143345,3.18729e-23
0,2.04973e+09,5.15946e+07,3.10798e+08,9.93286e+09,-1.45216e+08,-1.62907e+08,-6.68071e+08,0.000928573,0.000140798,5.02533e-23
0,2.26957e+09,6.93119e+06,3.35334e+08,2.66199e+09,-5.92029e+08,9.26049e+07,-1.32504e+08,0.000892947,0.000131935,1.05513e-25
0,2.26461e+09,1.97451e+07,3.37411e+08,5.44405e+09,-2.7322e+08,1.67309e+08,-3.6362e+08,0.000908792,0.000135404,2.27475e-24
0,2.24496e+09,3.04319e+07,3.2914e+08,5.34875e+09,-3.45066e+08,-3.36943e+07,-4.51505e+08,0.000926642,0.000135858,3.39589e-24
0,2.0745e+09,4.44553e+06,3.38101e+08,3.66707e+09,-2.19077e+08,3.79361e+08,-6.31339e+08,0.0009814,0.000159948,2.43117e-24
0,2.10893e+09,3.63128e+07,3.35617e+08,6.42419e+09,5.86113e+08,5.54572e+08,-5.04982e+08,0.000896449,0.000142662,9.88838e-24
0,2.26672e+09,1.92939e+07,3.34184e+08,5.23588e+09,-6.76585e+08,1.5771e+08,-4.5551e+08,0.000932515,0.000137481,2.93763e-24
0,2.33159e+09,4.80373e+06,3.3433e+08,1.10581e+09,-9.01308e+08,-4.02379e+07,-2.15612e+08,0.000904848,0.000129748,8.68841e-26
0,2.24098e+09,-1.63048e+07,3.25555e+08,4.72864e+09,-1.50311e+09,-2.12638e+07,-7.23869e+07,0.000922041,0.000133948,2.07412e-24
0,2.1828e+09,6.0061e+06,3.4363e+08,5.30158e+09,-1.88182e+08,6.10709e+08,-2.40089e+08,0.000942541,0.00014838,1.34421e-24
0,2.24564e+09,2.35481e+07,3.37168e+08,4.84578e+09,1.08174e+08,1.28335e+08,-3.07372e+08,0.000887652,0.000133275,1.38293e-24
0,2.18764e+09,2.50845e+07,3.3241e+08,5.95793e+09,-3.60054e+08,3.98398e+08,-4.59473e+08,0.000919933,0.000139783,4.195e-24
0,2.06809e+09,-104830,3.40264e+08,2.91993e+09,-2.48969e+08,3.33198e+08,-5.01288e+08,0.000988747,0.000162679,9.44804e-25
0,2.20105e+09,4.3491e+07,3.25253e+08,7.43257e+09,-2.0839e+07,-2.03979e+07,-4.84015e+08,0.000909812,0.000134444,9.55538e-24
0,2.13949e+09,7.25569e+07,3.06298e+08,7.76957e+09,4.06077e+08,-5.53344e+08,-6.70543e+08,0.000940066,0.000134584,1.79547e-23
0,2.25677e+09,1.32553e+07,3.40668e+08,3.20128e+09,-7.76728e+06,2.09228e+08,-2.25134e+08,0.000881094,0.000133004,2.61053e-25
0,2.30879e+09,1.04859e+07,3.33423e+08,4.10591e+09,-1.00297e+09,8.46353e+07,-3.44364e+08,0.000935549,0.000135107,1.40628e-24
0,2.15901e+09,5.89088e+07,3.10371e+08,1.18013e+10,-5.5091e+08,-9.09981e+07,-6.48799e+08,0.000959874,0.000137988,7.60286e-23
0,2.2344e+09,-2.70505e+07,2.98544e+08,3.11457e+09,6.81128e+08,-3.37962e+08,2.16653e+08,0.000969794,0.000129577,-8.60986e-25
0,2.26693e+09,1.37087e+07,3.34422e+08,3.67841e+09,-6.52413e+08,1.92004e+08,-3.72353e+08,0.000922437,0.00013608,7.47113e-25
0,2.0606e+09,-178705,3.38497e+08,2.08543e+09,-3.24627e+08,2.91137e+08,-6.2579e+08,0.000994498,0.000163367,4.202e-25
0,1.95514e+09,7.28e+06,3.0113e+08,1.82301e+09,-1.55678e+09,9.29749e+07,-3.51172e+08,0.00102072,0.000157211,3.16917e-24
0,2.13888e+09,7.10736e+07,3.08005e+08,1.09381e+10,-1.54497e+08,-3.32248e+08,-8.20266e+08,0.000974019,0.000140262,8.47916e-23
0,2.00726e+09,8.22908e+07,3.02666e+08,1.1041e+10,7.62247e+08,-1.86302e+08,-9.07691e+08,0.000991625,0.000149522,1.37699e-22
0,2.22174e+09,3.0193e+07,3.26389e+08,7.99292e+09,-8.38323e+08,2.09299e+08,-5.4602e+08,0.000946133,0.000138994,1.46302e-23
0,2.12816e+09,3.32624e+07,3.18629e+08,-2.98424e+09,-7.74546e+08,3.64601e+08,-3.98307e+08,0.00102118,0.000152891,-1.98648e-24
0,2.26052e+09,1.55148e+07,3.16011e+08,1.01821e+10,1.04766e+08,7.25134e+07,-2.35081e+08,0.00103345,0.000144472,2.00066e-23
0,2.31069e+09,3.22606e+06,3.40034e+08,5.57014e+08,-6.46579e+08,-1.14769e+07,-3.01931e+08,0.000927282,0.000136456,2.22909e-26
0,2.1467e+09,5.95647e+07,3.12562e+08,1.15937e+10,-3.68303e+08,-8.89511e+07,-6.69892e+08,0.000962703,0.000140171,7.67257e-23
0,2.28654e+09,827468,3.30006e+08,-1.22325e+09,-1.36372e+09,-5.54097e+07,-4.81758e+08,0.000986764,0.000142415,-6.36666e-25
0,2.12018e+09,2.84082e+07,3.34435e+08,1.41868e+09,5.26274e+08,2.07418e+08,-4.54739e+08,0.000934485,0.000147405,1.37087e-25
0,2.14279e+09,5.68128e+07,3.08835e+08,1.1263e+10,-1.00262e+09,3.99475e+07,-7.61696e+08,0.000988646,0.000142491,9.34044e-23
0,2.32557e+09,4.51461e+06,3.33466e+08,1.8522e+09,-6.30591e+08,-8.97566e+07,-1.73324e+08,0.000900566,0.000129133,9.80123e-26
0,2.26421e+09,-8.57533e+06,3.02153e+08,-3.00256e+08,1.01918e+09,-1.50695e+08,1.80699e+08,0.000968959,0.000129305,7.88068e-26
0,2.07572e+09,3.78322e+07,3.11941e+08,5.17618e+09,-1.02269e+09,2.17229e+08,-9.80917e+08,0.00102565,0.000154136,1.65779e-23
0,2.16352e+09,-1.39886e+07,3.22402e+08,-4.61748e+09,-1.51376e+09,2.66212e+08,-7.44979e+08,0.00100162,0.000149259,-1.2176e-23
0,2.15311e+09,3.48269e+07,3.29329e+08,7.22405e+09,-2.55676e+08,2.66425e+08,-7.29669e+08,0.000966448,0.000147823,1.90323e-23
0,2.1778e+09,2.78295e+06,3.30722e+08,-1.00998e+09,-1.21713e+09,3.41412e+07,-6.84985e+08,0.00102799,0.000156111,-6.33968e-25
0,2.14595e+09,3.46158e+06,3.42239e+08,1.99896e+09,-2.27314e+08,3.87999e+08,-3.95912e+08,0.000967406,0.000154283,1.04226e-25
0,2.04874e+09,7.78156e+07,2.93146e+08,9.85699e+09,-7.00666e+07,-5.0605e+08,-9.70193e+08,0.00103096,0.000147516,1.19055e-22
0,2.23345e+09,-2.09892e+07,3.23401e+08,3.17708e+09,-1.92894e+09,-2.65733e+08,-1.34713e+08,0.00090984,0.000131744,2.74163e-24
0,2.22959e+09,2.10955e+07,3.34116e+08,7.19079e+09,-5.52303e+08,3.26736e+08,-4.92458e+08,0.000941481,0.000141086,8.4172e-24
0,2.30842e+09,2.8671e+06,3.43666e+08,1.45841e+09,7.73937e+06,8.18026e+07,1.34659e+07,0.000912471,0.000135844,-1.42271e-27
0,2.01897e+09,2.50862e+07,3.01035e+08,6.09484e+09,-8.47734e+08,2.9039e+08,-3.57341e+08,0.00101991,0.000152072,8.30884e-24
0,2.05982e+09,5.79641e+07,3.09892e+08,1.31915e+10,-8.96638e+08,4.68561e+08,-9.15142e+08,0.00102133,0.000153656,2.2772e-22
0,1.97607e+09,-2.11613e+07,3.07915e+08,4.96097e+09,-2.20306e+09,5.76516e+08,-5.0608e+08,0.00104371,0.000162633,1.84514e-23
0,2.06504e+09,5.111e+07,3.14976e+08,4.6742e+09,6.33752e+08,2.66402e+07,-8.32489e+08,0.000954611,0.000145605,7.23966e-24
0,2.15903e+09,5.43759e+07,3.18091e+08,1.19748e+10,-4.93583e+08,8.51811e+07,-7.47961e+08,0.000969666,0.000142862,9.28607e-23
0,1.97743e+09,8.22562e+07,2.82684e+08,7.4195e+09,5.64623e+07,-5.6576e+08,-1.13041e+09,0.00103973,0.000148634,7.05728e-23
0,2.25096e+09,7.43577e+06,3.14672e+08,-4.88115e+09,-4.2628e+08,-8.74649e+07,2.20919e+07,0.00095925,0.000134098,2.59301e-25
0,2.01001e+09,-6.22708e+06,3.1905e+08,-5.97739e+09,-7.37175e+07,2.07822e+08,-8.81556e+08,0.000982215,0.000155908,-2.06292e-23
0,2.18371e+09,2.50066e+07,3.2171e+08,3.68629e+09,-1.18303e+09,1.3076e+08,-7.65058e+08,0.00101819,0.000150002,4.89875e-24
0,2.15713e+09,4.45778e+07,2.94e+08,7.10439e+09,-1.6722e+09,-1.40934e+08,-8.32712e+08,0.0010189,0.000138868,4.13844e-23
0,2.18438e+09,1.82937e+07,3.25056e+08,-7.78321e+08,-1.02482e+08,-4.83586e+07,-5.44049e+08,0.000937368,0.000139489,-8.09995e-27
0,2.11474e+09,4.00171e+07,3.14279e+08,5.7826e+09,-1.26507e+09,1.4874e+08,-9.75452e+08,0.00104089,0.000154691,2.49999e-23
0,2.12841e+09,1.81137e+07,3.30306e+08,-6.33316e+08,-4.34577e+08,-5.96199e+07,-5.92072e+08,0.000954782,0.000148172,-2.72995e-26
0,1.9037e+09,2.05035e+07,2.93069e+08,3.1998e+09,-1.46226e+09,4.64024e+08,-3.33423e+08,0.00105294,0.000162097,3.34205e-24
0,2.05937e+09,5.82585e+07,3.02636e+08,1.10099e+10,-1.20738e+09,3.34921e+08,-1.06562e+09,0.00105021,0.000154334,1.85563e-22
0,2.02654e+09,-5.62897e+06,3.38926e+08,1.0813e+08,-2.05487e+08,1.7802e+08,-6.12565e+08,0.00100111,0.000167429,4.40495e-27
0,2.11622e+09,6.4502e+06,3.2038e+08,4.86887e+09,-1.44388e+09,3.49154e+08,-6.3649e+08,0.000981721,0.000148625,7.31191e-24
0,2.17283e+09,-593222,3.4142e+08,-3.39004e+09,-2.1989e+08,6.73555e+07,-2.75834e+08,0.000905947,0.000142353,-5.72064e-25
0,1.75869e+09,4.31968e+07,2.9071e+08,5.71792e+08,-4.62729e+07,-6.0015e+07,-5.43116e+08,0.00103308,0.000170768,2.29522e-27
0,2.18601e+09,2.33346e+07,3.34005e+08,3.72417e+09,5.21096e+07,2.05073e+08,-4.92751e+08,0.000909044,0.000138895,1.25693e-24
0,2.28847e+09,327300,3.39461e+08,-1.2852e+09,-5.74529e+08,-5.02598e+07,-2.76377e+08,0.000909702,0.000134941,-5.17831e-26
0,2.06729e+09,5.58186e+07,3.13544e+08,2.55097e+09,1.10849e+09,-3.7971e+08,-7.46699e+08,0.00093639,0.000142021,3.71892e-25
0,2.08843e+09,-1.74391e+07,2.52682e+08,-7.11058e+09,1.06978e+07,-4.94469e+08,2.78747e+08,0.00119153,0.000144166,2.36074e-23
0,2.23724e+09,-1.63722e+07,3.04953e+08,4.93052e+08,5.49173e+08,-1.42929e+08,2.34813e+07,0.000947827,0.000129196,-6.97059e-27
0,1.99756e+09,-2.94673e+06,3.17953e+08,-6.32907e+09,-1.56808e+09,-2.73029e+08,-5.47725e+08,0.000948745,0.000151012,-1.55807e-23
0,2.06066e+09,-9.5899e+06,2.9019e+08,5.12287e+09,3.46368e+08,3.85678e+08,5.65819e+08,0.00100473,0.00014149,-6.99109e-24
0,2.07891e+09,-2.28758e+07,3.29091e+08,-7.79186e+09,-2.9614e+08,-8.44506e+07,-5.55263e+08,0.000933573,0.000147784,-1.88611e-23
0,2.02629e+09,4.88375e+07,3.03277e+08,8.31291e+09,-1.2537e+09,4.95996e+08,-1.17396e+09,0.00107831,0.000161391,1.02167e-22
0,2.15782e+09,2.08914e+07,3.04531e+08,3.3187e+09,-2.1902e+09,2.5323e+08,-9.44194e+08,0.00104776,0.00014787,1.52273e-23
0,1.98371e+09,-1.46774e+07,3.27692e+08,-4.51438e+09,-1.87807e+08,-3.51075e+08,-8.52274e+08,0.000984285,0.000162595,-8.43519e-24
0,2.1633e+09,2.64129e+07,3.0244e+08,4.30379e+09,-1.91799e+09,3.37734e+07,-9.28775e+08,0.00103566,0.00014479,1.74367e-23
0,1.98984e+09,-3.008e+07,3.08554e+08,-7.87735e+08,-1.62051e+09,1.37847e+08,-1.00113e+09,0.00104256,0.000161665,-1.30356e-24
0,2.06477e+09,1.63097e+07,3.19645e+08,2.6722e+09,-2.9561e+08,-2.45042e+08,-7.67426e+08,0.000973659,0.000150731,1.38028e-24
0,2.1992e+09,4.02072e+06,3.20383e+08,1.35775e+09,3.37671e+08,-1.85885e+08,-3.91112e+08,0.000896733,0.000130637,3.00608e-26
0,2.04102e+09,6.11589e+06,3.00547e+08,8.07327e+08,-1.67144e+09,1.94362e+08,-2.12007e+08,0.0010708,0.000157679,1.8339e-24
0,2.04791e+09,-5.45828e+06,3.42123e+08,9.89146e+07,4.14235e+07,1.56093e+07,-4.38073e+08,0.000964898,0.000161196,-7.42801e-28
0,2.30948e+09,1.21667e+07,3.38335e+08,-3.19931e+09,1.2284e+08,3.26166e+07,1.02572e+08,0.000890584,0.000130469,1.19416e-25
0,2.07197e+09,5.7009e+06,3.42e+08,4.35436e+09,1.57718e+08,6.918e+08,-3.88863e+07,0.000912808,0.000150668,7.46785e-25
0,2.15037e+09,2.38594e+07,3.23334e+08,3.06443e+09,-3.79268e+08,-3.40419e+07,-7.15541e+08,0.000974751,0.000146566,1.61152e-24
0,1.99052e+09,-4.10221e+07,2.99701e+08,3.48126e+08,-2.39128e+07,3.0252e+08,-7.77345e+08,0.00108848,0.000163886,-4.74965e-26
0,1.77232e+09,5.37921e+07,2.81071e+08,2.51499e+09,-2.16588e+08,2.21493e+08,-5.75035e+08,0.00108919,0.000172734,2.70384e-24
0,2.19062e+09,-2.50883e+07,2.96843e+08,-2.0248e+09,3.56364e+08,-1.73982e+08,7.85627e+07,0.000948657,0.000128549,9.57728e-28
0,1.9129e+09,4.05593e+07,2.67224e+08,3.61511e+09,-1.0059e+09,-5.57126e+08,-1.3667e+09,0.00111175,0.000155306,2.11731e-23
0,2.18332e+09,7.72076e+06,3.24867e+08,1.89664e+08,-9.14829e+08,-5.64074e+07,-7.42771e+08,0.000983488,0.000146338,1.09635e-26
0,2.07843e+09,3.59014e+07,3.23345e+08,9.67576e+09,1.28749e+09,1.53181e+08,-2.14901e+08,0.000907057,0.000141113,1.39273e-23
0,2.32375e+09,2.63361e+06,3.27629e+08,-9.23946e+08,-1.46942e+09,-1.02265e+08,-3.64897e+08,0.000944883,0.00013322,-4.14419e-25
0,2.03115e+09,1.61766e+07,3.16418e+08,1.98939e+09,-4.74029e+08,-7.41069e+07,-1.16199e+09,0.00100397,0.000156402,9.53265e-25
0,2.16828e+09,1.57319e+07,3.22247e+08,2.13486e+09,-1.46507e+09,2.30708e+08,-8.2387e+08,0.00102354,0.000152118,2.89832e-24
0,2.00197e+09,1.3931e+07,3.15981e+08,-2.90748e+09,-3.22583e+08,-9.94496e+07,-1.02274e+09,0.00101342,0.000159953,-2.9735e-24
0,2.17593e+09,-3.16667e+07,3.07798e+08,-6.70333e+09,-1.73798e+09,5.9496e+07,-8.51358e+08,0.00105794,0.000149651,-4.19438e-23
0,1.93928e+09,3.88522e+07,2.87785e+08,3.79769e+09,-1.14477e+09,1.78571e+07,-1.29531e+09,0.00111509,0.000165477,2.3356e-23
0,1.95562e+09,2.10882e+07,3.00502e+08,-1.39951e+09,-2.01881e+09,-2.87627e+08,-4.95256e+08,0.000989979,0.000152121,-5.12594e-24
0,2.0754e+09,-3.96485e+07,3.30649e+08,-5.49284e+09,6.14254e+08,-9.24895e+07,-5.70193e+08,0.000920944,0.000146723,-6.86215e-24
0,2.1251e+09,-1.67084e+07,3.12299e+08,-1.29911e+09,-5.99618e+08,-2.45159e+08,-8.3721e+08,0.000988434,0.000145258,-2.12859e-25
0,2.11841e+09,-2.34701e+07,3.17282e+08,-7.5098e+09,-1.66294e+09,-3.40426e+08,-9.18429e+08,0.00104794,0.000156953,-4.90127e-23
0,1.83368e+09,4.22104e+07,2.53656e+08,2.09687e+09,-5.48624e+07,-5.25232e+08,-1.4221e+09,0.0010943,0.000151375,1.53732e-24
0,1.85257e+09,-5.71696e+06,2.95363e+08,4.83543e+09,1.98751e+09,1.34131e+08,-9.77912e+08,0.0010566,0.000168458,2.53049e-23
0,2.1159e+09,3.85507e+07,3.09909e+08,-1.51964e+09,-1.04428e+09,1.32051e+08,-6.31342e+08,0.00101586,0.000148789,-8.18408e-25
0,2.30831e+09,-2.31695e+06,3.30345e+08,2.23825e+09,-1.13247e+09,-7.72373e+07,-1.84551e+08,0.000913382,0.000130715,4.233e-25
0,2.05629e+09,6.73628e+06,3.2814e+08,1.04764e+09,-2.85145e+07,46720.2,-7.68164e+08,0.000948089,0.000151295,3.42057e-26
0,2.13636e+09,-4.0478e+07,3.19693e+08,-3.25547e+09,-4.62448e+08,-4.51105e+07,-5.93023e+08,0.0010034,0.000150153,-1.92354e-24
0,2.2332e+09,-9.69189e+06,3.21155e+08,9.67247e+08,-1.5103e+08,1.7632e+08,-3.09627e+08,0.000925575,0.000133106,7.81663e-27
0,2.25624e+09,-1.3104e+07,2.96801e+08,4.37057e+07,-6.35006e+07,-3.90046e+08,8.22557e+07,0.000983595,0.000129389,4.79835e-29
0,1.86665e+09,-4.36163e+06,2.89607e+08,1.32166e+09,-1.8817e+09,2.07138e+08,-1.17269e+09,0.00113333,0.000175834,1.40607e-23
0,2.03611e+09,-1.90773e+07,3.28899e+08,-4.25457e+09,9.64439e+08,1.30161e+08,-6.22727e+08,0.000907242,0.00014655,-2.82399e-24
0,2.08554e+09,-6.54071e+06,3.32409e+08,-1.98631e+09,-2.01937e+08,1.74404e+06,-5.33167e+08,0.000968269,0.00015433,-3.48872e-25
0,2.02234e+09,-2.29342e+07,3.03315e+08,-4.18257e+09,-1.06123e+09,2.55454e+08,-1.07659e+09,0.00103584,0.000155357,-1.50523e-23
0,1.99116e+09,-2.96315e+07,2.9963e+08,-6.9947e+09,-5.48162e+08,4.18756e+08,-1.14439e+09,0.00102132,0.000153689,-5.88564e-23
0,2.13127e+09,-1.54015e+07,3.21809e+08,-4.69827e+08,-8.51468e+08,-2.25978e+08,-6.41711e+08,0.000984346,0.000148631,-1.78615e-25
0,2.02909e+09,-1.15413e+07,3.20451e+08,-1.21917e+09,3.88871e+08,1.34462e+08,-9.5735e+08,0.000968029,0.00015288,-8.48872e-26
0,1.98587e+09,1.49489e+07,3.10559e+08,4.67788e+09,-7.93401e+07,-2.53855e+08,-9.54192e+08,0.000962991,0.000150597,1.00806e-23
0,2.10307e+09,-6.1126e+07,3.11329e+08,-5.83752e+09,-1.38621e+08,2.53242e+08,-8.11867e+08,0.00101413,0.000150127,-1.67896e-23
0,2.01342e+09,1.93153e+06,3.31093e+08,-2.40928e+09,1.07689e+09,-2.57539e+08,-5.99077e+08,0.000901336,0.000148219,-8.83381e-25
0,2.0904e+09,3.68635e+07,3.22412e+08,4.93321e+09,1.66166e+08,1.40995e+08,-8.32451e+08,0.000948795,0.000146337,7.62184e-24
0,2.06535e+09,-4.62845e+06,3.41419e+08,-7.51175e+07,-3.35947e+07,2.00772e+07,-4.95572e+08,0.000967164,0.00015988,8.46509e-28
0,2.10394e+09,-2.84748e+07,3.13549e+08,-1.87107e+09,-6.82408e+08,-3.1093e+08,-5.84415e+08,0.000976746,0.000145564,-3.28656e-25
0,2.05098e+09,4.69381e+07,2.64494e+08,-4.00115e+09,-3.75559e+08,1.29296e+08,5.78645e+08,0.00108152,0.000139473,5.63542e-24
0,2.2095e+09,-1.07203e+07,3.26851e+08,-6.40286e+08,-8.53168e+08,-2.6249e+08,-4.94285e+08,0.000977725,0.000144634,-1.44409e-25
0,2.08334e+09,-2.07921e+07,3.20874e+08,-5.03331e+09,-1.012e+09,7.46342e+06,-9.27009e+08,0.00102079,0.000157222,-1.57536e-23
0,2.07049e+09,2.72716e+07,2.76221e+08,-2.14328e+09,-3.12663e+07,-1.13614e+08,7.91734e+08,0.00110094,0.000146875,1.14194e-24
0,2.14274e+09,-1.9155e+07,3.21146e+08,-4.30383e+09,-7.47539e+08,-1.82274e+08,-6.61418e+08,0.00096444,0.000144547,-3.85297e-24
0,1.86329e+09,-5.57127e+06,3.09081e+08,-3.66152e+08,1.23366e+09,1.5131e+07,-1.28192e+09,0.000972175,0.000161264,-8.14254e-27
0,2.03713e+09,-1.26719e+07,3.13144e+08,2.91008e+09,4.05846e+08,-7.30638e+06,-9.17743e+08,0.00095232,0.000146389,1.89551e-24
0,2.0241e+09,1.83955e+07,3.10797e+08,6.08609e+09,8.07721e+08,2.04173e+07,-7.77715e+08,0.00093846,0.000144099,1.51814e-23
0,1.8918e+09,-1.52309e+07,2.81179e+08,1.49827e+10,-1.25928e+08,-1.07895e+08,1.09014e+08,0.000998603,0.000148423,-5.86148e-23
0,2.31308e+09,-2.00188e+06,3.35692e+08,2.94193e+08,9.84242e+07,-7.24327e+07,4.58942e+07,0.000879164,0.000127591,-8.00281e-29
0,2.09259e+09,-4.9863e+07,3.11783e+08,-4.88955e+09,6.55554e+08,4.29346e+08,-6.58267e+08,0.000961973,0.000143328,-4.80214e-24
0,2.031e+09,1.9622e+07,3.0062e+08,1.32522e+10,2.52612e+08,3.8901e+08,8.3195e+07,0.00103551,0.000153272,-1.91449e-23
0,2.03771e+09,-6.49364e+07,3.08551e+08,-1.04146e+10,4.50037e+08,3.57056e+08,-7.80566e+08,0.000948453,0.000143616,-7.23612e-23
0,2.28256e+09,7.59018e+06,3.2002e+08,1.39759e+09,-1.04817e+09,-5.66739e+07,-2.43931e+08,0.000921719,0.000129227,2.15077e-25
0,2.28132e+09,2.32173e+07,3.23021e+08,-1.97797e+09,-9.42248e+08,3.71889e+07,-8.16832e+07,0.000938829,0.000132932,-2.19814e-25
0,2.2581e+09,-1.50936e+07,3.20402e+08,-3.29597e+09,-1.25821e+09,7.49673e+07,-5.40563e+08,0.000949955,0.000134789,-2.2356e-24
0,1.92775e+09,-3.80894e+07,3.01901e+08,-4.62047e+09,6.03979e+08,6.36116e+08,-1.1168e+09,0.000994175,0.000155696,-1.22071e-23
0,2.17239e+09,-1.46811e+07,3.01229e+08,1.85975e+09,4.82379e+08,-2.08397e+08,-1.21917e+08,0.00092212,0.000127863,-1.59261e-26
0,1.88066e+09,-7.75456e+07,2.81978e+08,-3.69273e+09,-3.12078e+07,2.83603e+08,-1.23993e+09,0.00110984,0.000166405,-1.56399e-23
0,2.22108e+09,-4.09199e+06,3.17366e+08,-3.85395e+09,-2.02851e+08,-1.03608e+08,-2.515e+08,0.000927253,0.000132493,-6.85447e-25
0,2.05013e+09,-3.58644e+06,3.21213e+08,-1.9493e+09,-2.29315e+08,-2.63396e+08,-1.00517e+09,0.00100747,0.000157849,-5.46337e-25
0,2.30553e+09,-2.09366e+06,3.34478e+08,-4.91352e+08,-2.35608e+07,-1.01693e+08,4.80819e+07,0.000878583,0.000127462,2.36757e-28
0,1.93914e+09,-4.57943e+07,3.12871e+08,7.68459e+08,-1.99844e+08,4.18552e+08,-6.79365e+08,0.000941753,0.000151947,-4.23017e-26
0,2.03826e+09,5.15347e+07,2.63454e+08,-6.46699e+09,-1.11109e+09,4.13033e+08,3.86616e+08,0.00102898,0.000133,5.86929e-24
0,2.2536e+09,-2.60307e+06,3.17224e+08,-4.33843e+08,-6.60603e+07,9.5026e+07,-1.97665e+08,0.000897489,0.000126333,-5.22168e-28
0,2.05666e+09,6.24581e+06,3.38078e+08,3.72971e+09,-3.38344e+08,4.19902e+08,-3.98981e+08,0.000973086,0.000159958,1.26235e-24
0,2.07294e+09,-5.48654e+06,3.41961e+08,-5.8517e+08,-4.53372e+07,-4.64017e+07,-4.5087e+08,0.000965821,0.000159326,-3.13424e-27
0,2.01289e+09,-6.82355e+07,3.18845e+08,-9.48747e+09,9.77146e+08,2.99817e+06,-7.56412e+08,0.000923525,0.000146288,-5.23646e-23
0,2.22113e+09,1.36452e+07,3.23101e+08,3.35965e+09,-1.26472e+09,-9.00668e+07,-8.28845e+07,0.000896445,0.000130403,9.03656e-25
0,2.06195e+09,-4.05106e+07,3.20419e+08,-8.61475e+09,7.49169e+08,6.94793e+07,-7.30629e+08,0.000952689,0.000148044,-3.83727e-23
0,2.04089e+09,-5.55937e+06,3.2035e+08,1.41065e+09,-6.25189e+07,1.7972e+08,-9.18598e+08,0.000953545,0.000149674,1.16842e-25
0,1.81759e+09,3.21638e+07,2.44104e+08,1.9127e+09,-3.50293e+08,-3.1514e+08,-1.41191e+09,0.00114047,0.000153167,1.85004e-24
0,2.15569e+09,7.98702e+06,3.19659e+08,2.1445e+09,-1.53047e+09,-5.80699e+07,-8.07581e+08,0.00101231,0.000150112,3.11191e-24
0,2.06535e+09,-4.43514e+06,3.31557e+08,1.80773e+09,7.42756e+07,-1.01386e+08,-7.21111e+08,0.000970983,0.000155875,3.22186e-25
0,1.8521e+09,-4.90133e+07,3.06994e+08,-1.57981e+09,2.28243e+09,5.9736e+08,-1.08665e+09,0.00095095,0.000157624,1.13554e-24
0,2.05665e+09,-9.31188e+06,3.41686e+08,-2.28277e+09,-6.60531e+07,-1.56252e+08,-4.66429e+08,0.000976236,0.000162189,-4.89189e-25
0,2.2364e+09,-6.53259e+06,3.34825e+08,2.91471e+09,-4.6297e+08,2.42927e+07,-5.25368e+08,0.000945728,0.000141591,7.51275e-25
0,2.09261e+09,472819,3.31778e+08,3.06295e+09,8.1521e+08,2.43271e+08,-5.9525e+08,0.000899088,0.000142548,1.34164e-24
0,2.0988e+09,1.48196e+07,2.96037e+08,-3.99769e+09,-7.78662e+08,5.85021e+08,-1.32281e+08,0.0008919,0.000125803,-1.52285e-24
0,1.95088e+09,-6.71517e+06,3.10156e+08,4.37887e+08,8.40558e+08,2.63247e+08,-1.14764e+09,0.000966886,0.000153718,1.15946e-26
0,1.90849e+09,-2.00798e+07,3.15363e+08,-3.03472e+09,5.47739e+08,2.1999e+08,-9.97786e+08,0.000990927,0.000163743,-3.53072e-24
0,2.1831e+09,-2.65153e+07,3.28536e+08,-6.8613e+09,-3.14467e+08,-4.77771e+08,-4.05783e+08,0.000952133,0.000143287,-6.68014e-24
0,2.07466e+09,-5.20343e+06,3.43401e+08,-8.29372e+08,-1.98904e+07,-7.97247e+07,-3.05419e+08,0.000963698,0.000159513,-1.23141e-26
0,2.14403e+09,531207,3.25427e+08,-1.06865e+09,-9.42e+08,-2.33085e+08,-9.11089e+08,0.00101299,0.000153755,-5.31732e-25
0,1.97359e+09,-6.57967e+07,3.02523e+08,-7.50256e+09,6.93298e+08,-3.10025e+08,-7.80687e+08,0.00107984,0.000165524,-7.20209e-23
0,2.29923e+09,363342,3.09295e+08,-8.5924e+08,1.59911e+09,-5.10144e+07,2.24299e+08,0.000935211,0.000125806,4.11839e-25
0,2.02863e+09,2.51157e+07,2.95535e+08,-6.09787e+09,-1.96841e+09,-5.57751e+07,-9.75083e+08,0.00111464,0.000162383,-7.36953e-23
0,2.07202e+09,2.59463e+07,3.24232e+08,4.58912e+09,9.96857e+08,8.18177e+07,-7.30944e+08,0.000913502,0.000142946,4.99768e-24
0,2.24771e+09,8.91411e+06,3.1723e+08,2.61742e+09,-1.81942e+09,9.10117e+07,-6.63981e+08,0.000996109,0.000140585,4.05481e-24
0,1.94039e+09,3.5952e+06,3.11692e+08,-1.22954e+09,1.43252e+09,-2.87735e+08,-9.6947e+08,0.000962892,0.000154673,-3.64764e-25
0,2.13472e+09,2.14826e+06,3.24403e+08,2.06154e+09,-8.02171e+08,1.2217e+08,-8.88056e+08,0.00100309,0.000152435,1.04022e-24
0,2.25459e+09,-4.64921e+06,3.05599e+08,-4.25086e+08,1.1548e+09,2.32831e+08,1.99794e+08,0.000925304,0.000125421,9.40615e-27
0,1.95461e+09,-6.09507e+07,3.08797e+08,-8.78751e+09,5.11257e+08,-4.01623e+08,-7.78756e+08,0.00104348,0.000164853,-9.98844e-23
0,2.07364e+09,2.01279e+07,3.08317e+08,9.88721e+09,1.11453e+08,2.12765e+08,-7.90703e+08,0.000972383,0.000144578,6.9451e-23
0,2.27006e+09,5.6171e+06,3.0969e+08,-2.25473e+09,1.32437e+09,2.36453e+08,4.27206e+08,0.000998798,0.00013626,1.38898e-24
0,2.22999e+09,-2.26244e+07,3.17691e+08,-5.18717e+09,-1.60679e+09,2.95352e+07,-7.68535e+08,0.00100976,0.000143853,-1.38425e-23
0,2.28216e+09,5.17107e+06,3.43183e+08,-2.93316e+08,-2.82476e+08,-6.47468e+07,-6.23556e+06,0.000855531,0.000128652,-3.35537e-28
0,1.91297e+09,-6.29149e+06,3.2139e+08,-2.19759e+09,7.17211e+08,-4.64371e+08,-1.01874e+09,0.000961165,0.000161481,-2.00567e-24
0,2.07946e+09,-1.0981e+06,3.2942e+08,1.42584e+09,-8.34661e+07,1.77687e+07,-7.65975e+08,0.000976384,0.000154675,1.45782e-25
0,2.20296e+09,-1.30165e+07,3.13601e+08,-3.45971e+09,8.4357e+08,3.38264e+08,-1.36588e+08,0.000885952,0.000126119,2.34051e-25
0,2.1879e+09,-1.08901e+07,3.33056e+08,-5.68304e+09,-8.30005e+08,-3.25948e+07,-5.01722e+08,0.000957912,0.00014582,-6.51526e-24
0,2.1963e+09,-8.24952e+06,3.34843e+08,-2.27576e+09,-6.43683e+08,-3.00907e+08,-5.38696e+08,0.000978112,0.000149121,-3.73018e-25
0,1.94823e+09,-5.34472e+06,3.15588e+08,1.94899e+08,1.19098e+09,-4.64052e+08,-8.76419e+08,0.000960702,0.000155622,6.11229e-27
0,2.16868e+09,-1.87332e+07,2.94822e+08,-2.13563e+09,4.76936e+08,4.08649e+08,-2.60162e+08,0.000917199,0.000124689,-2.45215e-26
0,1.94902e+09,2.33454e+07,3.19498e+08,-6.77851e+09,-7.16699e+08,-2.94389e+07,-5.24827e+08,0.00095848,0.000157121,-1.95716e-23
0,2.00309e+09,-4.04511e+07,3.16328e+08,-3.91704e+08,9.77724e+08,1.72102e+08,-8.8933e+08,0.000976214,0.000154164,-2.69981e-28
0,2.02468e+09,2.31604e+07,3.11675e+08,6.81179e+09,5.4185e+08,-1.75255e+08,-8.16865e+08,0.000933805,0.000143748,2.03829e-23
0,2.30827e+09,-8.67321e+06,3.39166e+08,-4.88745e+09,-8.00885e+08,-1.8599e+08,-3.68333e+08,0.000949765,0.000139554,-1.89452e-24
0,1.94058e+09,-3.39016e+07,3.15914e+08,-8.97548e+09,3.72344e+08,-3.22586e+08,-6.06997e+08,0.0010191,0.000165904,-7.47114e-23
0,2.22235e+09,1.60316e+07,3.38443e+08,4.40517e+09,-1.5063e+08,2.5559e+08,-3.57305e+08,0.000951841,0.000144957,1.5959e-24
0,1.76964e+09,-3.27642e+07,2.43712e+08,-5.10464e+09,1.05273e+08,8.22862e+07,-1.4373e+09,0.00111235,0.000153191,-6.88852e-23
0,1.96922e+09,3.05754e+07,2.94524e+08,-9.03338e+09,-1.17861e+09,-1.77145e+08,-8.43643e+08,0.00110369,0.000165072,-1.38593e-22
0,2.15959e+09,-4.34373e+07,3.18043e+08,-9.29265e+09,-7.34787e+08,1.17513e+07,-7.62254e+08,0.000980321,0.000144372,-4.84619e-23
0,2.29184e+09,1.59781e+07,3.28441e+08,-4.07883e+08,-4.39309e+08,-2.20307e+08,9.18852e+06,0.000929689,0.000133233,-2.7458e-28
0,2.14051e+09,-2.24759e+07,3.23772e+08,1.39124e+09,4.53731e+08,3.47985e+07,-4.42876e+08,0.000996705,0.000150761,1.12637e-25
0,2.11369e+09,-2.00108e+07,3.23559e+08,-1.0666e+09,-2.85731e+08,-1.5442e+08,-7.78516e+08,0.000981676,0.000150273,-5.03033e-26
0,2.15263e+09,1.82113e+07,3.38052e+08,4.59632e+09,-1.88342e+08,3.99373e+08,-4.85355e+08,0.000950645,0.00014929,2.70399e-24
0,1.93994e+09,-2.99516e+06,3.08496e+08,-9.6209e+09,-2.11926e+09,-3.15355e+08,-7.80755e+08,0.00101707,0.000161737,-1.25434e-22
0,2.06882e+09,-1.14993e+07,3.1813e+08,9.1623e+08,4.31757e+08,-3.38384e+08,-7.49004e+08,0.000963254,0.000148123,1.29077e-26
0,1.98332e+09,4.02323e+06,3.2639e+08,1.19074e+09,8.50869e+07,-1.50796e+08,-1.02875e+09,0.000974935,0.000160442,4.38209e-26
0,1.97436e+09,3.81612e+06,3.00655e+08,-2.01946e+09,-1.06878e+09,3.31249e+08,-5.46923e+08,0.00106882,0.00016276,-2.38426e-24
0,2.20359e+09,-3.28675e+07,3.19493e+08,-6.89797e+09,-1.08043e+09,-4.20539e+07,-6.48562e+08,0.000979389,0.000141999,-1.65016e-23
0,2.11668e+09,-1.01332e+07,3.2968e+08,-8.50852e+07,-5.53423e+08,-8.49485e+07,-8.61455e+08,0.000994879,0.000154956,-2.91736e-26
0,2.06272e+09,-5.8467e+07,3.20865e+08,-9.89222e+09,3.70481e+08,-1.09602e+08,-7.24725e+08,0.00094343,0.000146755,-5.6973e-23
0,2.12349e+09,-2.1138e+06,3.12673e+08,-3.94125e+09,-2.51342e+08,-1.4158e+08,-8.20061e+08,0.000952335,0.000140226,-3.40449e-24
0,2.05614e+09,-5.97388e+06,3.42978e+08,-5.86898e+08,2.86099e+07,-1.34292e+07,-3.49218e+08,0.000952763,0.000158928,-3.9532e-27
0,2.11306e+09,-2.10945e+07,3.32914e+08,-6.501e+09,-4.85024e+08,-3.5959e+08,-6.36734e+08,0.00094553,0.000148969,-1.091e-23
0,2.20104e+09,2.05529e+07,3.03088e+08,2.60403e+09,-1.88145e+09,-9.26026e+07,-8.71211e+08,0.00102672,0.000141382,6.33617e-24
0,2.09933e+09,2.51809e+07,3.30356e+08,1.90616e+09,-6.49045e+06,1.83555e+08,-6.62939e+08,0.000955336,0.000150334,3.03371e-25
0,2.05089e+09,1.96402e+07,3.12494e+08,5.42478e+08,1.44661e+07,-4.52007e+08,-9.92626e+08,0.000981333,0.000149526,-5.01518e-26
0,1.78052e+09,-4.12891e+07,2.90363e+08,3.86959e+09,-1.69069e+08,2.69313e+08,-6.14816e+08,0.000928756,0.000151459,4.96887e-24
0,1.96778e+09,4.86251e+06,3.14942e+08,-9.59609e+08,4.31363e+08,1.70186e+08,-1.17163e+09,0.000980411,0.000156914,1.68445e-26
0,2.22195e+09,-7.39709e+06,3.36477e+08,-3.60747e+09,-6.56851e+08,-2.97736e+08,-4.7999e+08,0.000979935,0.000148395,-1.18434e-24
0,1.91017e+09,-8.5996e+06,3.06292e+08,1.16944e+10,9.71531e+08,1.02525e+08,-3.83822e+08,0.000930291,0.00014917,7.07764e-23
0,2.01399e+09,379496,3.14515e+08,2.90531e+09,2.04381e+09,2.53635e+08,-7.03896e+08,0.000896649,0.000140026,3.20287e-25
0,2.13678e+09,-2.61589e+07,3.30973e+08,-5.00342e+09,-2.52168e+08,-4.80044e+08,-6.3226e+08,0.000958183,0.000148416,-4.76733e-24
0,2.03416e+09,-1.38147e+07,3.36406e+08,-2.41425e+09,1.17314e+08,-5.03742e+08,-5.24515e+08,0.000914784,0.000151285,-5.4878e-25
0,2.00429e+09,1.04983e+07,3.26127e+08,1.66791e+09,3.30049e+08,3.72051e+07,-5.95026e+08,0.000913284,0.000148605,2.13276e-25
0,1.78028e+09,-2.8164e+07,2.59524e+08,-4.26497e+09,-7.83639e+08,-7.10289e+07,-1.40723e+09,0.00111363,0.000162343,-4.21501e-23
0,2.28133e+09,2.85695e+07,3.27402e+08,-3.15783e+09,-3.86029e+07,3.63507e+08,1.24837e+08,0.000883663,0.000126818,1.20456e-25
0,2.07918e+09,3.13104e+07,3.18105e+08,7.47443e+09,2.95831e+08,-2.46481e+08,-1.24128e+08,0.000971033,0.000148564,3.56275e-24
0,2.21383e+09,1.10734e+07,3.18108e+08,2.2295e+09,-1.62995e+09,1.33062e+08,-6.99538e+08,0.00100101,0.000143836,2.91374e-24
0,1.97498e+09,5.49684e+07,3.01025e+08,3.32101e+09,1.95653e+06,4.04133e+08,7.45114e+08,0.0010227,0.00015588,-3.66016e-24
0,2.25427e+09,2.17424e+07,3.19881e+08,-9.16388e+08,-2.90965e+08,2.97989e+08,8.57225e+07,0.000879156,0.000124752,-2.33522e-27
0,2.17112e+09,-4.30456e+07,3.25144e+08,1.71752e+09,5.93658e+07,2.22391e+08,-1.6759e+08,0.000881035,0.000131943,4.16175e-26
0,2.25224e+09,-5.51701e+06,3.26548e+08,-3.98065e+09,-1.29355e+09,-3.70514e+08,-5.36008e+08,0.000968329,0.000140396,-2.22097e-24
0,2.08437e+09,-6.59276e+07,3.07407e+08,-4.77851e+09,-1.20155e+09,-2.43403e+08,-6.66449e+08,0.000949496,0.000140034,-6.4357e-24
0,1.94954e+09,-6.07873e+07,3.25952e+08,-9.02272e+09,6.94653e+08,-2.07328e+08,-7.22741e+08,0.000943177,0.000157694,-6.00914e-23
0,2.18826e+09,-1.58385e+07,3.3888e+08,1.48774e+09,4.37603e+08,-7.6295e+07,-2.50617e+08,0.00089036,0.000137883,2.51744e-26
0,2.14458e+09,-2.80103e+07,3.29643e+08,-5.68546e+09,-2.53948e+08,-1.61469e+08,-6.10555e+08,0.000945579,0.000145345,-7.15754e-24
0,2.00409e+09,3.6649e+07,3.07118e+08,1.35015e+10,1.05292e+09,2.851e+08,-4.40438e+08,0.000980286,0.000150225,1.3894e-22
0,1.96097e+09,-4.34387e+07,2.92037e+08,1.357e+10,-4.15926e+08,-9.53065e+07,4.84094e+08,0.000975482,0.000145274,-1.44729e-22
0,2.1458e+09,-2.50736e+07,3.32638e+08,-5.40152e+09,-4.90174e+08,-4.3737e+08,-7.10802e+08,0.000970928,0.000150512,-6.88857e-24
0,2.05899e+09,4.95776e+07,3.18855e+08,6.78485e+09,-1.83101e+08,-5.59813e+07,-5.98863e+08,0.000934235,0.000144675,1.44169e-23
0,2.16067e+09,-4.38033e+07,3.27073e+08,-9.91423e+09,2.74478e+08,-1.6666e+08,-4.53534e+08,0.000922422,0.000139632,-2.5821e-23
0,1.9478e+09,-2.31426e+07,3.1225e+08,-8.25303e+09,-1.21825e+09,-4.32225e+08,-6.27478e+08,0.000971532,0.000155745,-3.54166e-23
0,1.96684e+09,1.97107e+07,3.12036e+08,7.93067e+08,8.62611e+08,-3.40407e+08,-1.10791e+09,0.000988844,0.000156879,9.23746e-27
0,1.93455e+09,-1.88872e+07,3.11775e+08,-3.68181e+09,5.02902e+08,-3.78456e+07,-7.36177e+08,0.00102019,0.000164415,-6.0637e-24
0,2.12891e+09,4.90173e+07,3.1634e+08,1.06465e+10,-1.57693e+08,-1.48815e+07,-5.94677e+08,0.000950938,0.000141302,5.0979e-23
0,1.85997e+09,397095,3.05296e+08,3.90901e+09,-4.72512e+08,2.46346e+08,-8.31006e+08,0.000957612,0.000157182,6.41631e-24
0,2.27853e+09,-1.39246e+06,3.22481e+08,1.41991e+09,-1.07993e+09,-8.70768e+07,-3.41499e+08,0.000926146,0.000131078,2.71373e-25
0,2.103e+09,-9.64186e+06,3.28418e+08,1.56032e+09,-6.09231e+08,-2.80772e+08,-7.66772e+08,0.000975949,0.00015241,3.32925e-25
0,2.11146e+09,-1.52319e+07,3.34342e+08,-5.78687e+09,-3.03132e+08,-3.1594e+07,-5.00448e+08,0.000933735,0.000147853,-6.52231e-24
0,1.99295e+09,-1.39376e+07,3.04933e+08,-4.76757e+09,-4.00349e+08,1.45028e+08,-1.10116e+09,0.00101292,0.000154983,-1.61576e-23
0,2.13364e+09,2.9871e+07,3.27897e+08,4.31553e+09,-1.8051e+08,1.65756e+08,-5.41964e+08,0.00093833,0.000144202,2.71085e-24
0,2.06939e+09,1.83876e+07,3.27443e+08,-8.31844e+08,-2.14778e+08,-1.01857e+08,-9.28448e+08,0.000986606,0.000156112,5.33155e-28
0,2.044e+09,-225834,3.42195e+08,1.38632e+09,1.6102e+08,1.22285e+08,-4.28503e+08,0.000953765,0.000159674,1.0346e-25
0,1.962e+09,2.70111e+07,3.0339e+08,9.59304e+09,3.83589e+08,3.60356e+08,-6.53309e+08,0.00101705,0.000157269,9.19715e-23
0,2.20694e+09,-2.37922e+07,3.15545e+08,6.18427e+09,-1.40463e+09,-1.48441e+08,-9.60247e+07,0.000937933,0.000134104,4.53863e-24
0,2.03483e+09,-4.22328e+07,3.11041e+08,-9.86472e+08,-2.05959e+09,-6.86694e+08,-5.28488e+08,0.000974113,0.000148901,-3.99209e-24
0,2.11811e+09,2.48504e+07,3.07636e+08,1.16983e+10,6.32693e+07,3.57975e+08,-4.42465e+08,0.00105463,0.000153175,8.75502e-23
0,2.18397e+09,2.91392e+07,3.28966e+08,9.73684e+08,4.412e+08,1.29643e+07,-4.64044e+08,0.000894205,0.000134692,2.04426e-26
0,1.86375e+09,3.95685e+07,2.90259e+08,5.91521e+09,1.44167e+09,-3.38509e+08,-8.12736e+08,0.000952509,0.000148343,1.5763e-23
0,2.18976e+09,1.10795e+07,3.34805e+08,1.03057e+09,-5.15904e+08,2.3889e+08,-5.77017e+08,0.000949358,0.000145153,5.6346e-26
0,2.13051e+09,-4.03358e+06,3.38039e+08,-5.81264e+08,2.80724e+07,-1.16711e+08,-4.7988e+08,0.000922587,0.000146383,-1.24864e-27
0,2.01164e+09,-5.92495e+06,3.3106e+08,-4.82246e+09,5.95167e+08,5.97135e+07,-7.42273e+08,0.000924432,0.000152136,-6.60646e-24
0,2.08841e+09,-2.78977e+07,3.21102e+08,-5.20347e+09,-5.98652e+08,4.70942e+07,-7.12682e+08,0.00098486,0.000151427,-9.96615e-24
0,2.07146e+09,-5.4497e+07,3.2084e+08,-7.28895e+09,7.67032e+08,-1.06426e+07,-6.20308e+08,0.000923627,0.000143057,-1.70021e-23
0,2.18842e+09,-1.03761e+07,3.3805e+08,-2.44329e+09,-4.43605e+08,-3.15283e+08,-4.44667e+08,0.000974896,0.000150595,-2.89493e-25
0,2.02296e+09,2.46102e+07,3.14884e+08,6.92139e+09,4.03487e+08,-1.26419e+08,-8.98087e+08,0.000944257,0.000146979,2.54874e-23
0,2.06119e+09,-6.28083e+06,3.42973e+08,9.36306e+08,-3.47924e+07,1.17667e+08,-3.38312e+08,0.000955922,0.000159061,1.85778e-26
0,2.20551e+09,-1.7163e+07,2.87462e+08,9.212e+08,7.28805e+08,-3.08463e+08,1.96832e+08,0.00100853,0.000131451,-6.2714e-26
0,1.7787e+09,-3.77169e+07,2.65164e+08,-3.88646e+08,1.10655e+08,1.40643e+08,-1.29211e+09,0.00109373,0.00016305,2.48067e-25
0,1.91275e+09,-2.01513e+07,3.18839e+08,-2.32527e+09,4.50887e+08,4.09685e+08,-9.54588e+08,0.00098768,0.000164638,-1.17873e-24
0,2.00775e+09,1.94615e+07,2.87903e+08,-4.64337e+09,8.40753e+08,-2.26154e+08,-9.03294e+08,0.00101954,0.000146198,-1.39444e-23
0,2.22386e+09,1.30004e+07,3.19811e+08,3.22453e+09,-1.55987e+09,9.95498e+07,-7.31602e+08,0.00100736,0.000144867,4.74418e-24
0,2.23128e+09,1.99113e+07,3.3788e+08,2.58443e+09,-3.58092e+08,4.11662e+07,-2.42681e+08,0.000893797,0.000135346,1.78996e-25
0,2.17489e+09,-3.5698e+06,3.20495e+08,-2.27122e+09,-1.06482e+09,-4.24359e+08,-7.88666e+08,0.00100235,0.000147708,-1.11631e-24
0,2.31461e+09,1.02994e+07,3.38579e+08,-5.81754e+08,-8.68705e+07,1.52724e+08,4.89501e+06,0.000881882,0.000129001,-2.23454e-28
0,1.92923e+09,1.71407e+07,3.19512e+08,-3.31243e+08,5.09905e+08,-4.96511e+08,-1.05231e+09,0.000971804,0.000160946,4.95736e-26
0,1.99416e+09,-3.67931e+07,3.11423e+08,-5.16153e+08,-7.92123e+08,-6.9184e+07,-4.23558e+08,0.000974967,0.000152258,-1.25915e-25
0,2.14051e+09,3.12111e+07,3.06677e+08,4.72916e+09,-1.30506e+09,1.12068e+08,-8.63395e+08,0.00100225,0.000143595,1.09634e-23
0,2.1847e+09,3.81714e+07,3.21498e+08,-1.15981e+09,-2.10962e+09,-6.2557e+07,-9.229e+06,0.000907998,0.00013362,-1.14695e-24
0,2.06625e+09,4.57073e+06,3.40697e+08,1.92355e+09,-3.45199e+07,1.79588e+08,-5.47324e+08,0.000971553,0.000160196,3.12558e-25
0,2.11242e+09,-3.0243e+06,3.34663e+08,1.36368e+09,-1.51468e+08,3.0373e+07,-5.01183e+08,0.000929714,0.000147291,7.48371e-26
0,1.92326e+09,-5.0753e+07,2.70584e+08,-1.11654e+09,-3.05571e+08,4.60968e+08,-1.10208e+09,0.00108966,0.000153304,1.81289e-25
0,2.09884e+09,-4.83607e+06,3.10227e+08,-3.30514e+09,-1.35738e+08,4.10791e+07,-8.73381e+08,0.000958736,0.000141709,-2.3591e-24
0,2.24433e+09,1.65448e+07,3.16496e+08,-1.00409e+09,-3.43946e+08,-6.63666e+07,1.51257e+08,0.000961532,0.000135595,1.12969e-26
0,1.9405e+09,1.62371e+07,3.06396e+08,8.05163e+09,8.56721e+08,4.67817e+07,-7.84231e+08,0.0010585,0.000167132,8.05703e-23
0,2.31718e+09,8.79235e+06,3.39353e+08,-1.85377e+09,-8.14435e+07,7.48109e+07,-5.49941e+06,0.000881748,0.000129133,-3.02485e-27
0,2.10412e+09,5.22379e+06,3.38223e+08,1.00241e+09,1.45454e+08,2.32753e+08,-4.83628e+08,0.000918261,0.000147604,2.85376e-26
0,2.07288e+09,-3.49089e+07,3.24634e+08,-4.88249e+09,4.32575e+08,2.71438e+08,-6.08568e+08,0.000948221,0.000148501,-5.0074e-24
0,2.03199e+09,5.94663e+06,3.24794e+08,1.94231e+09,-3.60739e+08,4.41881e+07,-7.40589e+08,0.00097145,0.000155277,5.237e-25
0,2.09865e+09,4.99282e+06,3.22314e+08,5.49891e+09,8.54225e+08,-4.07313e+07,-6.3615e+08,0.000937051,0.000143914,7.24359e-24
0,2.24578e+09,2.74734e+07,3.28101e+08,-3.97931e+09,-6.24984e+08,1.47189e+08,9.19744e+07,0.000909975,0.000132945,1.22722e-26
0,1.99154e+09,-4.99103e+07,2.8358e+08,-3.99053e+09,-8.94725e+08,1.732e+08,-1.02139e+09,0.00109147,0.000155416,-1.59938e-23
0,2.16783e+09,2.04161e+07,3.03437e+08,2.59882e+09,-1.94895e+09,7.79242e+07,-8.24864e+08,0.00101739,0.000142407,6.93275e-24
0,2.20389e+09,-1.84449e+07,3.33541e+08,1.96695e+09,2.56167e+08,7.51134e+07,-4.55624e+08,0.000911059,0.000137882,1.74532e-25
0,2.11529e+09,7.69587e+06,3.23848e+08,3.43731e+09,3.55425e+08,2.011e+08,-4.8687e+08,0.000901693,0.000138048,1.25692e-24
0,2.20556e+09,-2.11183e+07,3.22489e+08,-5.27507e+09,-1.25146e+09,-1.2916e+08,-6.96611e+08,0.00100102,0.000146365,-9.69874e-24
0,2.0686e+09,-7.3151e+06,3.42425e+08,8.9539e+08,-7.88955e+07,1.6289e+08,-3.84137e+08,0.00096327,0.000159455,1.45993e-26
0,2.04006e+09,-9.91879e+06,3.32226e+08,-2.39509e+09,4.3294e+08,-1.14772e+08,-7.28549e+08,0.000924097,0.00015049,-8.03326e-25
0,2.0788e+09,-840649,3.23841e+08,-3.51582e+09,-7.044e+08,-3.08484e+08,-7.56784e+08,0.000966687,0.000150593,-2.50827e-24
0,2.16468e+09,5.10823e+07,3.17894e+08,8.61432e+09,-3.92479e+08,3.6405e+07,-7.65703e+08,0.00095408,0.000140112,3.23674e-23
0,2.27571e+09,4.95467e+06,3.03102e+08,1.81759e+09,-4.7223e+08,-5.40643e+06,-2.07842e+08,0.000982078,0.000130803,1.13084e-25
0,2.0959e+09,1.19773e+07,3.37266e+08,6.65772e+08,-3.34942e+08,-2.5564e+08,-7.30457e+07,0.00100109,0.000161092,8.06031e-27
0,2.21207e+09,7.51284e+06,3.30737e+08,1.05096e+09,-1.16099e+09,1.44748e+08,-6.16161e+08,0.00101209,0.000151323,5.77767e-25
0,2.12226e+09,1.63431e+07,3.26036e+08,-3.96038e+09,-6.46921e+08,-4.52915e+08,-4.56776e+08,0.000979525,0.000150481,-1.27045e-24
0,2.15525e+09,5.28886e+06,3.21625e+08,4.81701e+09,4.39636e+08,-1.49423e+08,-5.8971e+08,0.000945359,0.000141075,3.97985e-24
0,2.03936e+09,-4.18406e+07,3.16993e+08,-3.2642e+08,5.28582e+08,2.03972e+08,-9.59191e+08,0.000972251,0.000151125,5.55165e-27
0,2.12905e+09,-3.32137e+07,3.11347e+08,-4.95577e+09,-1.1861e+09,9.98537e+07,-8.2685e+08,0.00102413,0.000149765,-1.42659e-23
0,2.17789e+09,1.12132e+07,3.29297e+08,2.85669e+09,-5.09497e+08,3.06034e+08,-6.31034e+08,0.000948675,0.00014344,7.2386e-25
0,2.06732e+09,-722069,3.42444e+08,4.48708e+08,-1.62955e+08,2.98176e+07,-4.07282e+08,0.000980586,0.00016243,2.47924e-27
0,2.0748e+09,-2.09794e+07,3.21481e+08,-7.68316e+09,1.62163e+08,-6.01694e+08,-6.52129e+08,0.00096077,0.000148867,-2.6254e-23
0,2.32808e+09,7.85433e+06,3.33985e+08,1.88361e+09,-8.89326e+08,-5.40737e+07,-2.34626e+08,0.000909024,0.000130408,2.01081e-25
0,1.92024e+09,7.484e+06,2.74464e+08,-1.32495e+09,9.15565e+08,2.73938e+08,-9.89503e+08,0.000989329,0.000141407,-1.74188e-25
0,2.12267e+09,1.45028e+06,3.36534e+08,3.23435e+09,352475,2.30538e+08,-5.57325e+08,0.000934706,0.000148191,1.19199e-24
0,2.15964e+09,3.34861e+06,3.26734e+08,-2.07088e+09,-1.07383e+09,7.80376e+07,-7.47331e+08,0.00100693,0.00015234,-1.44473e-24
0,2.07658e+09,5.9137e+06,3.09942e+08,2.91924e+09,-1.904e+08,5.46492e+07,-9.54743e+08,0.000979782,0.000146238,1.99171e-24
0,2.05819e+09,1.81955e+07,3.23568e+08,6.91242e+09,6.90606e+08,7.64183e+07,-5.96157e+08,0.000916603,0.000144099,1.43254e-23
0,1.92018e+09,9.39795e+06,2.99244e+08,-9.68354e+09,-3.80665e+08,3.18628e+08,-7.41078e+08,0.0010139,0.000158008,-1.15335e-22
0,2.2541e+09,-2.60703e+06,3.38944e+08,-6.71016e+08,-4.08333e+08,-5.54901e+07,-3.36651e+08,0.000917895,0.000138022,-1.25461e-26
0,2.04955e+09,3.72632e+06,3.2044e+08,-1.35923e+09,-4.9183e+08,-4.61737e+07,3.83514e+08,0.00107722,0.000168419,1.71917e-25
0,2.24715e+09,-7.79311e+06,3.37915e+08,2.76327e+09,5.60258e+07,1.45849e+08,-2.95975e+08,0.000912994,0.000137291,2.80404e-25
0,1.92869e+09,1.28079e+07,3.12287e+08,9.31917e+09,1.76204e+09,6.11003e+08,-8.541e+08,0.000925293,0.000149821,9.80149e-23
0,2.06216e+09,-3.93034e+07,3.27293e+08,-2.41081e+09,1.22394e+09,2.13839e+08,-5.89776e+08,0.000906331,0.000143847,-1.08955e-25
0,2.12106e+09,-1.09092e+07,3.13864e+08,-2.5363e+09,-2.97925e+08,4.31576e+08,2.28971e+08,0.000891987,0.000131992,9.10851e-26
0,2.04177e+09,-2.25698e+07,3.16369e+08,-7.13116e+09,7.81996e+08,-3.49546e+08,-6.76754e+08,0.00093889,0.00014548,-2.37928e-23
0,2.17486e+09,-3.45542e+06,3.1926e+08,6.94407e+09,-1.01154e+09,1.06625e+08,-1.32143e+08,0.000940338,0.000138038,2.76385e-24
0,2.29287e+09,1.78433e+07,3.28034e+08,1.78062e+09,-1.02457e+09,-2.65392e+08,-4.00117e+08,0.000971735,0.000139023,4.53939e-25
0,2.31706e+09,-6.08865e+06,3.39768e+08,-3.20612e+09,-6.63471e+08,-1.12684e+08,-2.85819e+08,0.000920459,0.000134974,-4.00617e-25
0,2.25302e+09,-1.2535e+07,3.19496e+08,7.20337e+09,7.20258e+08,-1.09474e+08,2.11222e+08,0.000953149,0.000135164,-5.32708e-24
0,2.12086e+09,3.28457e+06,3.16369e+08,1.82547e+09,-7.70842e+08,1.36572e+08,-8.62301e+08,0.000991161,0.000147851,7.21152e-25
0,2.09291e+09,2.50579e+07,3.28952e+08,3.89543e+09,-1.57411e+08,1.05011e+08,-6.53335e+08,0.000932638,0.000146587,2.59396e-24
0,2.17311e+09,1.48077e+07,3.24006e+08,7.10898e+09,-7.57516e+07,1.44781e+08,-5.35099e+08,0.000941146,0.000140323,1.15349e-23
0,1.95998e+09,5.05468e+06,3.25071e+08,4.14856e+08,-2.66814e+08,-5.57784e+07,-8.29821e+08,0.000971661,0.000161154,-1.66953e-26
0,2.04985e+09,-2.77512e+07,3.00685e+08,-5.09948e+09,-1.1727e+09,1.86952e+08,-9.9606e+08,0.00102833,0.000150843,-2.24589e-23
0,2.0583e+09,-9.66146e+06,3.42011e+08,3.9427e+08,-3.60473e+07,1.27514e+08,-4.16848e+08,0.000969303,0.000161061,-1.20469e-27
0,2.20054e+09,3.52979e+07,3.29154e+08,2.27971e+09,8.02615e+08,-2.05052e+08,-2.34412e+08,0.000869615,0.000130076,-2.33555e-26
0,2.31237e+09,775047,3.42018e+08,1.2111e+09,-3.92324e+08,3.97977e+07,-1.932e+08,0.000922279,0.000136412,2.14135e-26
0,2.03885e+09,1.64825e+07,3.25037e+08,-5.02194e+09,-9.46326e+08,-2.02257e+08,-5.34099e+08,0.000936729,0.000149335,-5.55568e-24
0,2.10616e+09,-5.657e+07,3.16102e+08,-9.08106e+09,2.27495e+08,9.08374e+07,-6.5252e+08,0.000985222,0.000147866,-4.31558e-23
0,2.0829e+09,2.99477e+07,3.18146e+08,1.09288e+10,3.21172e+08,5.41617e+08,-7.59211e+08,0.000962534,0.000147019,8.84315e-23
0,2.22301e+09,-1.97625e+07,3.3306e+08,-4.4939e+09,-6.7762e+08,-1.86258e+08,-6.3225e+08,0.000976333,0.000146278,-3.59545e-24
0,2.05058e+09,-1.43398e+07,3.2097e+08,-6.3977e+09,4.06959e+08,-2.75588e+08,-5.31902e+08,0.000932358,0.000145939,-1.19184e-23
0,1.91596e+09,5.74675e+07,2.92744e+08,1.06072e+10,7.66612e+08,-5.66139e+08,-9.58523e+08,0.000961025,0.000146837,1.27293e-22
0,1.98063e+09,4.50886e+07,3.21628e+08,4.57813e+09,1.55253e+09,-3.5742e+08,-7.85852e+08,0.000926071,0.000150382,3.1241e-24
0,1.95227e+09,-8.73979e+06,3.06238e+08,-4.6394e+09,-1.4407e+09,7.09197e+06,-3.86504e+08,0.00105118,0.000164892,-1.40836e-23
0,2.17771e+09,2.64023e+07,3.28044e+08,5.873e+09,-7.09551e+08,2.9262e+08,-4.88083e+08,0.000956462,0.000144078,5.43693e-24
0,2.16934e+09,3.52589e+07,3.25524e+08,1.01627e+10,-7.58267e+08,3.56376e+08,-6.94206e+08,0.000996737,0.000149567,5.36923e-23
0,2.05626e+09,-6.17269e+06,3.41291e+08,-9.96542e+08,-1.84958e+08,-3.38184e+07,-4.99711e+08,0.000976546,0.000162083,-4.06865e-26
0,2.18953e+09,-1.13051e+07,3.08245e+08,9.52027e+09,6.14292e+08,-4.23938e+08,9.85011e+07,0.000965104,0.000135869,-1.02639e-23
0,2.07365e+09,1.94206e+07,3.18437e+08,4.86792e+08,-6.98404e+08,2.88839e+08,-1.03301e+09,0.000999532,0.000153492,2.00305e-25
0,2.17986e+09,1.86974e+07,3.20342e+08,-6.27369e+09,2.94585e+07,3.9251e+08,9.05268e+07,0.000918883,0.000135035,1.24036e-24
0,2.12022e+09,-5.01989e+07,3.22803e+08,-1.03437e+10,2.56592e+08,-1.34803e+08,-5.59629e+08,0.00095126,0.000144829,-4.57694e-23
0,2.17215e+09,-2.94487e+07,3.28885e+08,-3.77892e+09,-3.05985e+08,-1.70336e+08,-6.10465e+08,0.00094586,0.000143213,-1.90592e-24
0,2.31415e+09,-7.0404e+06,3.35162e+08,-2.27938e+09,-9.03889e+08,-4.06258e+07,-3.54215e+08,0.000921369,0.000133443,-3.60836e-25
0,1.8901e+09,1.01999e+07,3.17319e+08,1.49272e+09,6.88037e+07,2.34658e+08,-1.02827e+09,0.000969297,0.00016273,2.32372e-25
0,2.12901e+09,2.31989e+07,3.38347e+08,5.68147e+09,2.97444e+08,4.46931e+08,-4.44511e+08,0.000902527,0.000143431,5.18966e-24
0,1.99241e+09,-2.79738e+07,3.19159e+08,-3.28986e+09,4.69662e+08,8.94847e+07,-9.95534e+08,0.000965685,0.000154691,-3.46154e-24
0,2.07025e+09,4.37063e+07,3.19151e+08,4.82805e+09,6.0951e+08,-2.06394e+08,-8.70775e+08,0.000964427,0.000148676,7.78884e-24
0,1.84983e+09,-1.58856e+07,2.99459e+08,9.45787e+09,-3.06578e+08,-1.78068e+08,-4.15488e+08,0.00097892,0.000158473,6.07831e-23
0,2.07549e+09,5.73354e+07,3.13807e+08,2.17863e+09,3.22308e+08,6.13821e+07,-6.5861e+08,0.00101061,0.0001528,7.40589e-25
0,2.07871e+09,-1.63684e+07,3.35868e+08,-5.3524e+09,1.49592e+08,2.65654e+07,-5.68115e+08,0.00093638,0.000151296,-6.37725e-24
0,2.04599e+09,-7.65463e+06,3.42882e+08,-1.26704e+09,-9.95004e+07,-7.26598e+07,-3.41488e+08,0.000971812,0.000162863,-5.97347e-26
0,2.17199e+09,2.52051e+07,3.16565e+08,6.26576e+09,-3.31526e+07,1.75768e+08,-5.52955e+08,0.000928783,0.000135369,7.65978e-24
0,1.86388e+09,2.62677e+07,3.03376e+08,3.16638e+09,6.96489e+08,-4.03005e+07,-1.1298e+09,0.00097644,0.000158931,5.29411e-24
0,1.96265e+09,-4.96135e+07,3.27131e+08,-8.09778e+09,1.11533e+09,-8.57369e+07,-5.41045e+08,0.000898249,0.000149718,-2.40093e-23
0,1.72684e+09,-1.47376e+07,2.96357e+08,-7.35085e+08,-8.96241e+08,2.06354e+08,-5.22629e+08,0.0010093,0.000173214,-2.96033e-25
0,2.0464e+09,-1.00825e+07,3.41713e+08,3.15536e+08,-2.5042e+06,1.13997e+08,-4.46373e+08,0.000970729,0.000162095,-2.00182e-27
0,1.9946e+09,3.78867e+07,3.26971e+08,3.85782e+09,9.89024e+08,-1.2171e+08,-6.15041e+08,0.000914402,0.000149896,2.33432e-24
0,1.89525e+09,5.75456e+06,3.22509e+08,-4.05535e+08,5.20444e+08,-1.7506e+07,-9.98635e+08,0.000948929,0.000161477,1.56409e-26
0,1.88369e+09,-1.67423e+07,2.91355e+08,-1.93335e+09,1.94425e+09,3.05154e+08,-1.03658e+09,0.000966763,0.000149531,5.84956e-25
0,2.10292e+09,-4.66923e+07,3.1798e+08,-5.88829e+09,1.07397e+08,-1.99067e+07,-7.92127e+08,0.000965061,0.000145926,-1.29582e-23
0,2.08958e+09,3.85379e+07,3.18383e+08,4.05304e+09,-5.4445e+08,1.36441e+08,-9.09906e+08,0.00102387,0.000156004,6.60523e-24
0,2.2383e+09,-7.37642e+06,3.40764e+08,-2.84852e+09,-1.92423e+08,1.92661e+07,-2.38224e+08,0.000891306,0.000135695,-2.27073e-25
0,1.76346e+09,2.68476e+07,2.999e+08,-6.93501e+09,5.31075e+08,-3.5584e+08,-9.0769e+08,0.000995066,0.000169224,-7.51413e-23
0,2.19589e+09,4.54846e+07,3.1678e+08,6.28844e+09,-5.56519e+07,-2.9538e+08,-5.18912e+08,0.000929844,0.00013414,7.03158e-24
0,2.01129e+09,-2.02802e+07,3.2052e+08,1.2108e+09,8.30789e+08,3.49173e+08,-8.2827e+08,0.000925004,0.000147409,2.59304e-25
0,1.87837e+09,1.55554e+07,2.98888e+08,4.64374e+09,4.23142e+08,-3.05869e+08,-1.04005e+09,0.000999256,0.000159002,1.57407e-23
0,2.09855e+09,4.07583e+07,3.11104e+08,-1.07457e+09,-1.18939e+09,-1.08756e+08,-7.00031e+08,0.00102154,0.00015144,-8.87965e-25
0,2.03385e+09,-1.40241e+07,3.14518e+08,1.09177e+08,-1.98402e+08,9.67096e+07,-7.52923e+08,0.000933786,0.000144402,9.61198e-28
0,2.16057e+09,1.2352e+07,3.24496e+08,1.91074e+09,-8.93955e+08,-5.25023e+08,-6.3831e+08,0.000982354,0.00014754,6.36101e-25
0,2.11522e+09,1.57936e+07,3.24991e+08,2.97282e+08,-2.70953e+08,2.02057e+08,-8.14941e+08,0.000964105,0.000148129,2.77758e-27
0,2.13671e+09,-3.45736e+06,3.18839e+08,1.62771e+09,-3.57266e+08,4.96332e+08,-2.97823e+08,0.000997229,0.000148806,-9.09982e-26
0,2.00771e+09,6.59252e+06,2.89043e+08,4.57357e+08,-2.15268e+09,-1.07568e+08,3.30348e+08,0.000971511,0.000139865,5.08494e-25
0,2.01098e+09,-1.24917e+07,3.38967e+08,-6.05017e+08,1.34825e+08,-9.03987e+07,-3.64184e+08,0.000956932,0.000161299,-6.86094e-27
0,1.98949e+09,-7.24973e+07,3.17802e+08,-2.85052e+08,-8.34686e+08,-2.56794e+08,-2.05761e+08,0.000904533,0.00014449,-7.34454e-26
0,2.13078e+09,-3.13153e+07,3.31857e+08,-7.2602e+09,4.78903e+08,-2.95855e+08,-3.83612e+08,0.000943835,0.000146997,-1.16112e-23
0,2.20732e+09,1.65139e+07,3.38072e+08,5.17983e+09,-3.07121e+08,3.12995e+08,-4.57777e+08,0.000952442,0.000145875,3.281e-24
0,2.0339e+09,-1.04683e+07,3.41934e+08,-1.18162e+09,4.70757e+07,-4.44745e+07,-4.32332e+08,0.000964039,0.000162072,-5.99367e-26
0,2.15769e+09,9.49992e+06,3.21767e+08,1.21693e+09,-7.70562e+08,-4.01446e+08,-7.94712e+08,0.000996859,0.000148657,1.37772e-25
0,2.18156e+09,4.90152e+06,3.25909e+08,3.13414e+08,-1.04908e+09,-5.3706e+08,-5.72164e+08,0.00098199,0.000146702,-2.26295e-25
0,2.04902e+09,1.56245e+07,2.8636e+08,3.11543e+09,-1.45969e+09,1.4217e+08,-1.14397e+09,0.00109389,0.000152876,1.20516e-23
0,2.15288e+09,-3.70535e+06,3.11021e+08,-1.6945e+09,-8.2549e+08,3.20865e+07,3.0398e+08,0.000920681,0.000133008,2.16544e-26
0,2.05448e+09,5.27682e+07,3.13187e+08,-1.49987e+08,-1.61524e+09,3.92631e+08,-5.22179e+08,0.00102807,0.00015672,8.40327e-25
0,2.0742e+09,2.09763e+07,3.15143e+08,-3.23226e+09,-1.56307e+09,-3.54955e+08,-6.67342e+08,0.00100628,0.000152888,-5.16615e-24
0,1.90699e+09,2.18746e+06,3.12256e+08,-4.74393e+09,-1.74328e+09,6.15734e+07,4.68217e+08,0.00095196,0.000155876,1.60254e-24
0,2.08384e+09,-1.6224e+06,3.20025e+08,-2.23385e+09,-6.16462e+08,1.76444e+08,-8.07273e+08,0.000964179,0.000148074,-9.74341e-25
0,1.99442e+09,1.65479e+07,2.95021e+08,1.08113e+10,6.91318e+08,1.70365e+08,-3.80626e+08,0.00108861,0.000161031,1.01037e-22
0,2.27248e+09,1.62406e+07,3.27726e+08,-5.55287e+09,5.70609e+08,1.07035e+08,2.15746e+08,0.000927522,0.000133763,2.05688e-24
0,1.97663e+09,-3.77751e+07,3.00463e+08,1.97557e+09,1.8801e+09,2.20533e+08,-8.05659e+08,0.00104068,0.000158192,1.81755e-26
0,1.85817e+09,2.97433e+07,2.97308e+08,1.20892e+10,-5.60141e+08,1.28205e+08,1.63697e+08,0.0009799,0.000156784,-5.20084e-23
0,2.26258e+09,1.24886e+06,3.22065e+08,5.23149e+08,-7.85235e+08,-1.81595e+08,-2.70504e+08,0.000908142,0.000129269,1.49621e-26
0,1.85489e+09,7.81105e+06,3.10291e+08,3.54097e+08,1.72273e+09,-1.74197e+08,-1.26419e+09,0.000965115,0.000161447,-2.46711e-26
0,1.79865e+09,2.13559e+07,2.68199e+08,3.23741e+09,9.46405e+08,-9.99835e+07,-1.03002e+09,0.00098924,0.000147507,6.44e-24
0,2.32022e+09,1.07729e+07,3.35789e+08,2.51385e+09,-6.18089e+08,-6.37128e+07,-2.13565e+08,0.000903342,0.000130734,2.07246e-25
0,2.00843e+09,-2.10799e+07,3.06321e+08,7.65984e+08,9.54668e+08,3.48194e+07,-8.37973e+08,0.000980966,0.000149615,4.53789e-26
0,2.05088e+09,-9.85028e+06,3.41569e+08,1.14424e+07,1.58174e+07,6.03947e+07,-4.65398e+08,0.0009723,0.000161935,-1.89359e-28
0,2.15813e+09,6.16029e+06,3.41338e+08,3.19549e+09,-2.32919e+08,3.62941e+08,-2.57493e+08,0.000964276,0.000152514,3.60572e-25
0,2.28368e+09,-4.58965e+06,3.27961e+08,-2.63948e+09,-1.38146e+09,-3.93719e+07,-4.16313e+08,0.000983501,0.000141241,-1.60149e-24
0,2.21061e+09,-4.47078e+06,3.33119e+08,1.86283e+09,-3.59641e+08,3.30151e+08,-5.22594e+08,0.00095894,0.000144504,1.14992e-25
0,2.15736e+09,-7.85396e+06,3.25608e+08,-2.97034e+09,-1.42588e+09,-1.25975e+08,-5.32255e+08,0.000969661,0.00014635,-2.72867e-24
0,1.7305e+09,-3.34822e+07,2.88691e+08,7.27693e+09,-2.82211e+08,2.89907e+08,-9.14817e+08,0.00102444,0.000170901,9.697e-23
0,2.00413e+09,-2.07765e+07,3.12185e+08,-1.59985e+09,-1.27559e+08,-4.18592e+08,-8.8861e+08,0.000978826,0.000152473,-1.36435e-25
0,2.04747e+09,-6.32082e+06,3.10551e+08,-3.56375e+09,-1.00849e+09,-5.03782e+08,-1.06865e+09,0.00104485,0.000158479,-5.69461e-24
0,2.07686e+09,-7.49789e+06,3.27155e+08,3.41889e+09,-1.08338e+09,-3.77182e+07,-6.57273e+08,0.000978951,0.000154208,3.9951e-24
0,2.18586e+09,6.33007e+06,3.26136e+08,2.56431e+09,-9.55383e+08,-2.78601e+08,-5.74792e+08,0.000966534,0.000144209,1.33181e-24
0,2.1469e+09,1.18609e+07,2.9689e+08,1.28199e+09,-4.39523e+08,-4.48585e+08,-3.9806e+08,0.000942346,0.000130315,6.71884e-26
0,2.06504e+09,-6.86983e+06,3.30928e+08,6.75663e+08,1.69704e+08,1.68434e+08,-7.59594e+08,0.000950851,0.000152376,-3.62363e-27
0,2.1808e+09,-5.00579e+06,3.22549e+08,-3.1008e+09,-1.05789e+09,-3.54212e+08,-7.28142e+08,0.000986541,0.000145914,-1.87078e-24
0,2.14326e+09,-3.63846e+07,3.337e+08,-7.28442e+09,3.47816e+08,-4.26239e+08,-4.86764e+08,0.00089865,0.000139917,-1.10106e-23
0,1.97372e+09,-1.22068e+07,3.25638e+08,-4.75149e+08,6.3255e+08,4.6071e+07,-9.0991e+08,0.000940786,0.000155217,-6.06345e-28
0,2.16357e+09,-1.68088e+07,3.14065e+08,2.32093e+09,-6.56722e+08,9.42084e+07,-6.48916e+08,0.000964988,0.000140078,7.01406e-25
0,2.10505e+09,5.10194e+07,3.04093e+08,8.37988e+09,-2.04363e+08,-1.85031e+08,-6.70568e+08,0.000950216,0.000137267,2.99776e-23
0,1.96344e+09,-4.13084e+07,3.0329e+08,-4.28466e+09,-7.10734e+08,-1.04705e+07,-1.1458e+09,0.00106502,0.000164512,-1.76296e-23
0,2.13884e+09,-2.24427e+07,3.22798e+08,-5.95231e+09,-8.59223e+08,-5.71267e+08,-7.04468e+08,0.000969712,0.000146351,-7.65415e-24
0,2.05461e+09,3.4613e+07,3.1114e+08,4.75973e+09,1.11785e+09,-1.44208e+08,-8.12755e+08,0.000967904,0.000146575,7.03427e-24
0,2.09676e+09,-2.19643e+07,3.18249e+08,-3.97874e+09,-1.06886e+09,-2.97454e+08,-8.41962e+08,0.000994342,0.000150923,-5.46498e-24
0,2.27692e+09,2.70877e+07,3.1612e+08,4.65118e+09,-3.84631e+07,-1.31044e+08,-2.28916e+08,0.000949325,0.000131801,1.17106e-24
0,2.11949e+09,-3.78114e+07,2.93363e+08,1.22483e+10,-5.94396e+08,-1.98187e+08,2.50193e+08,0.00108578,0.000150285,-5.72997e-23
0,2.00639e+09,-5.71649e+07,2.99468e+08,-6.01137e+09,-1.19843e+08,2.61e+08,-1.09192e+09,0.00104869,0.000156524,-3.60962e-23
0,2.24323e+09,-6.38741e+06,3.20801e+08,-3.35234e+09,-1.57145e+09,-3.01325e+08,-6.59832e+08,0.000983118,0.000140594,-3.47753e-24
0,2.02185e+09,-3.07073e+07,3.20687e+08,-1.32835e+09,5.92827e+08,3.70169e+08,-8.07493e+08,0.000946715,0.000150159,-7.54119e-26
0,2.05338e+09,-6.53177e+06,3.4194e+08,2.25839e+08,1.38908e+08,1.20787e+07,-4.418e+08,0.000960239,0.000159904,-8.98422e-28
0,1.96601e+09,1.92484e+07,3.11446e+08,2.27083e+09,3.85388e+08,-3.08249e+08,-1.13811e+09,0.000996906,0.000157925,1.2109e-24
0,2.23587e+09,-1.79618e+07,3.20483e+08,-6.49889e+09,-1.39636e+09,-2.24698e+08,-4.92154e+08,0.000960229,0.000137637,-8.69117e-24
0,2.22156e+09,2.43392e+07,3.33519e+08,8.15456e+09,-5.73783e+08,3.58098e+08,-5.60151e+08,0.000950221,0.000142655,1.51306e-23
0,1.89926e+09,-3.00343e+07,2.87479e+08,6.27094e+09,-3.10752e+09,6.06298e+08,-2.80617e+08,0.00122292,0.000185105,1.29222e-22
0,1.94152e+09,-1.31456e+07,2.99033e+08,1.12032e+10,1.57325e+09,6.02287e+08,-5.01175e+08,0.000969463,0.000149317,1.2967e-22
0,2.19486e+09,2.90968e+07,3.31298e+08,-4.92878e+09,-4.55041e+08,3.52901e+08,1.10715e+08,0.000897122,0.000135414,1.1114e-25
0,2.107e+09,1.1712e+07,3.31086e+08,5.45913e+09,-1.03414e+08,2.06786e+08,-7.29924e+08,0.000946044,0.000148658,8.33832e-24
0,1.97605e+09,1.60621e+07,2.9923e+08,-4.88369e+09,5.3984e+08,-3.99829e+08,-4.64145e+08,0.00112199,0.000169901,-1.6747e-23
0,2.15373e+09,3.94509e+07,2.99158e+08,-6.16786e+09,1.45068e+08,3.22208e+08,2.10972e+08,0.000943336,0.000131032,3.47862e-24
0,2.333e+09,777282,3.43623e+08,-1.0097e+08,-6.45654e+07,1.23234e+07,-4.19159e+07,0.000868369,0.0001279,-3.79824e-30
0,1.88583e+09,-4.54958e+07,3.08944e+08,3.40713e+09,-8.81589e+08,8.57455e+07,-6.71616e+08,0.000986741,0.000161652,5.2186e-24
0,1.9657e+09,-1.05123e+07,2.92155e+08,7.27312e+09,-4.04506e+08,2.57541e+08,-9.01254e+08,0.00113798,0.000169133,8.50717e-23
0,2.09522e+09,-5.37635e+07,3.1031e+08,-8.92939e+09,-2.80334e+08,1.5535e+08,-8.7467e+08,0.00103618,0.000153462,-7.43484e-23
0,2.04741e+09,3.56527e+06,3.36416e+08,6.97801e+08,-6.49121e+07,3.47093e+08,-5.76977e+08,0.000953388,0.000156654,-1.50833e-26
0,2.32574e+09,4.03983e+06,3.26293e+08,2.76532e+09,-5.809e+08,-9.11941e+07,-2.01342e+08,0.000937812,0.000131572,2.94589e-25
0,2.19068e+09,-2.37893e+07,3.34871e+08,-5.54721e+09,-2.99779e+08,-3.25349e+08,-5.6021e+08,0.000941423,0.000143907,-4.9766e-24
0,2.13084e+09,-4.36707e+07,3.26463e+08,-9.07012e+09,1.95002e+08,-2.44452e+08,-4.74816e+08,0.000911352,0.000139627,-2.09108e-23
0,2.06263e+09,2.07847e+06,3.25668e+08,1.93139e+08,-9.14388e+07,6.01286e+07,-8.84981e+08,0.000962824,0.00015202,-9.7941e-27
0,2.31767e+09,1.14215e+07,3.36738e+08,-1.68939e+09,2.35105e+08,1.24055e+08,6.91653e+07,0.000886648,0.000128823,1.95796e-26
0,2.09978e+09,-2.6678e+07,3.27253e+08,-6.77468e+09,5.50371e+07,-2.15855e+06,-7.13085e+08,0.000962036,0.000149934,-1.77105e-23
0,2.00047e+09,-4.39983e+07,3.17326e+08,-7.6951e+09,1.32325e+08,-2.35673e+08,-8.15278e+08,0.000961015,0.000152442,-3.81113e-23
0,2.20279e+09,-2.09761e+06,3.21571e+08,-3.37608e+09,-1.12366e+09,2.33875e+08,-5.61008e+08,0.000956535,0.000139638,-2.65539e-24
0,2.16118e+09,-3.08678e+07,3.23485e+08,-6.28741e+09,-6.34153e+08,-4.22157e+08,-6.44148e+08,0.000947862,0.000141876,-8.40032e-24
0,2.07509e+09,5.33884e+07,3.26867e+08,3.22835e+09,1.85701e+09,-1.66132e+08,-4.96738e+08,0.000869623,0.000136982,-8.03172e-25
0,2.05086e+09,-8.45778e+06,3.41894e+08,-4.62693e+08,2.53662e+07,1.58027e+07,-4.47978e+08,0.000969364,0.0001616,-2.81715e-28
0,2.06289e+09,-1.14586e+07,3.31839e+08,-1.00435e+10,-1.50946e+08,-7.11036e+08,-5.27044e+07,0.000902525,0.000145181,-9.89416e-25
0,2.1704e+09,1.13876e+07,3.39435e+08,4.80431e+09,-2.59037e+08,5.45989e+08,-3.85798e+08,0.000962513,0.000150531,2.00984e-24
0,2.01152e+09,7.57432e+06,3.32944e+08,1.21633e+09,1.12224e+08,2.13916e+08,-7.3485e+08,0.000956121,0.000158256,8.27216e-26
0,2.26467e+09,3.64254e+07,3.14309e+08,-4.96515e+09,6.59118e+08,3.70174e+08,2.99243e+08,0.000952236,0.000132159,2.91656e-24
0,2.04372e+09,2.44619e+07,3.15845e+08,2.79348e+09,-4.52557e+08,-5.08324e+08,-9.38391e+08,0.000994546,0.000153701,2.26614e-24
0,2.23722e+09,-2.65407e+07,3.25659e+08,-6.39096e+09,-9.19449e+08,-1.57908e+08,-4.95648e+08,0.000941655,0.000137071,-6.79128e-24
0,2.21542e+09,1.90798e+07,3.36896e+08,5.64956e+09,-3.50356e+08,3.959e+08,-4.00723e+08,0.000915126,0.000139162,2.74806e-24
0,2.07153e+09,9.70147e+06,3.25531e+08,2.57843e+08,-4.35979e+07,2.03629e+08,-9.16577e+08,0.000965101,0.000151661,-1.8212e-26
0,2.20656e+09,1.76291e+07,3.36616e+08,6.53821e+09,-3.80538e+08,3.06526e+08,-5.13786e+08,0.000934384,0.000142542,6.96065e-24
0,2.13618e+09,-2.02936e+07,3.12803e+08,6.69625e+09,-2.51613e+09,-3.91007e+08,-1.20871e+08,0.000915659,0.000134081,2.09211e-23
0,2.04461e+09,-1.26169e+07,3.29919e+08,-4.91992e+09,-1.1655e+09,-3.12211e+08,-1.9029e+08,0.000955666,0.000154207,-1.2367e-24
0,2.20551e+09,-1.56443e+07,3.20381e+08,9.22088e+09,-1.01997e+09,1.73789e+08,-2.56215e+07,0.000955816,0.000138845,-3.65772e-25
0,2.29423e+09,1.81989e+07,3.35707e+08,-3.18366e+09,-1.71643e+08,1.44221e+08,6.91249e+07,0.000880799,0.000128884,5.06504e-26
0,1.99593e+09,5.10028e+07,3.10044e+08,-1.25711e+09,1.78043e+08,-7.0393e+08,-7.05939e+08,0.000993497,0.000154328,-6.84263e-26
0,2.00333e+09,-4.01852e+07,3.09637e+08,-1.16907e+10,1.28128e+08,7.80229e+07,-9.0034e+08,0.000978317,0.00015121,-1.58452e-22
0,2.10056e+09,2.83806e+07,2.9497e+08,1.06105e+10,4.03324e+08,1.84506e+08,-6.22706e+08,0.0010783,0.000151419,1.0957e-22
0,1.77552e+09,4.0067e+07,2.48985e+08,7.37666e+09,1.83914e+09,-1.4896e+08,-1.20905e+09,0.00103459,0.000145083,1.14954e-22
0,2.11055e+09,-8.00448e+06,3.30048e+08,-1.22054e+09,-9.72382e+07,-1.1081e+07,-7.27319e+08,0.000939761,0.00014696,-6.14177e-26
0,1.95667e+09,2.34969e+07,3.13452e+08,-5.36031e+08,-4.94553e+07,-4.17567e+08,-1.01905e+09,0.00100215,0.00016054,1.16424e-25
0,2.10993e+09,1.27418e+07,3.35304e+08,2.23389e+09,-4.11582e+08,4.57024e+08,-6.3404e+08,0.00098112,0.000155916,2.65425e-25
0,1.86836e+09,-4.63845e+07,3.12496e+08,-9.30704e+09,1.30327e+09,4.72655e+07,-9.28073e+08,0.00093251,0.000155968,-9.01501e-23
0,2.10083e+09,-2.52926e+07,3.3689e+08,-4.76976e+09,4.24677e+08,-9.19823e+07,-4.59048e+08,0.000893765,0.000143325,-2.92784e-24
0,2.09691e+09,-1.26857e+06,3.41351e+08,-6.85955e+08,-8.32929e+06,-8.6186e+07,-4.86263e+08,0.000962897,0.000156748,-5.66273e-27
0,1.88388e+09,-5.94311e+07,3.01567e+08,3.03308e+09,1.72136e+08,6.18991e+08,-3.95107e+08,0.000921577,0.000147524,1.52354e-24
0,2.14321e+09,1.0231e+07,3.2267e+08,-3.11439e+07,-1.3828e+09,-1.6637e+08,-7.43147e+08,0.00100715,0.00015163,-3.08757e-25
0,2.17486e+09,-2.13422e+07,3.2967e+08,-3.69772e+09,-4.29245e+08,-1.98806e+08,-6.83793e+08,0.000962867,0.000145953,-2.14257e-24
0,1.98597e+09,-3.24163e+06,2.91963e+08,-1.22454e+09,6.59261e+07,2.55598e+08,-1.0352e+09,0.00100828,0.00014823,-4.64638e-26
0,2.12331e+09,-3.30468e+07,3.15382e+08,-8.25471e+08,-1.89384e+09,-1.83564e+08,-6.94681e+08,0.000985306,0.00014635,-2.01037e-24
0,2.03047e+09,-3.85218e+07,3.14676e+08,8.68528e+08,1.16945e+09,-1.59828e+08,-4.98513e+08,0.00104388,0.000161778,-1.20829e-25
0,2.06924e+09,-2.78791e+06,3.31088e+08,8.62123e+08,-4.56157e+07,1.98731e+07,-7.6816e+08,0.000968122,0.000154905,9.38277e-27
0,2.12787e+09,1.37628e+07,3.36456e+08,1.6188e+09,-2.77378e+08,4.53535e+08,-6.01728e+08,0.000952706,0.000150641,3.24824e-26
0,1.89058e+09,-3.711e+07,3.01357e+08,6.05624e+09,1.33351e+08,8.73151e+08,-2.89997e+08,0.00093317,0.000148747,8.98787e-24
0,2.0629e+09,2.02035e+07,3.18442e+08,-3.61938e+09,-1.74745e+09,-7.95596e+08,-5.59996e+08,0.000981984,0.000151585,-1.9168e-24
0,2.20662e+09,1.22261e+07,3.15901e+08,-3.78684e+09,-8.67259e+08,-3.081e+07,1.89832e+08,0.000902978,0.000129271,3.71507e-25
0,1.87314e+09,1.26249e+07,3.07798e+08,-8.40757e+09,-1.50935e+08,-8.8977e+07,-7.45993e+08,0.000988032,0.000162355,-7.14267e-23
0,2.24722e+09,1.92695e+06,3.34614e+08,7.24447e+08,-7.91269e+08,1.05612e+08,-5.23692e+08,0.000961054,0.000143102,1.01418e-25
0,2.08907e+09,1.21143e+07,3.27249e+08,3.95339e+08,-6.56328e+07,1.12691e+08,-8.45931e+08,0.000973087,0.000152433,-1.62227e-26
0,2.05574e+09,-2.609e+06,3.31208e+08,-1.10279e+09,1.74824e+08,4.09027e+07,-7.85942e+08,0.000948481,0.000152813,-4.73303e-26
0,1.97718e+09,-4.90549e+06,3.1284e+08,8.03907e+09,-4.45654e+08,8.98801e+08,-1.70668e+08,0.000959379,0.000151798,-8.86862e-25
0,1.93413e+09,2.99778e+07,3.03596e+08,3.2777e+09,-6.53955e+08,-5.98875e+08,-9.29686e+08,0.000979917,0.000153816,5.13449e-24
0,1.88913e+09,5.65009e+07,2.50816e+08,6.89029e+09,-5.27946e+08,-3.54906e+08,-1.29319e+09,0.00114675,0.000152251,1.43905e-22
0,2.09261e+09,-1.00593e+06,3.4288e+08,-1.53939e+09,-1.24963e+07,-1.80843e+08,-3.58219e+08,0.000954394,0.000156381,-9.14668e-26
0,1.96625e+09,2.63339e+07,3.20085e+08,1.22378e+09,1.55423e+09,-3.4814e+08,-8.75643e+08,0.000924533,0.000150504,-1.33598e-25
0,1.87889e+09,2.05933e+07,3.01471e+08,-2.25114e+08,-2.25392e+08,-5.12311e+08,-1.02018e+09,0.00100519,0.000161285,5.14255e-26
0,2.11348e+09,4.41036e+07,3.09839e+08,-4.62595e+09,-1.67528e+09,2.89039e+08,-4.55233e+08,0.0010192,0.000149416,-1.31527e-23
0,2.08124e+09,-3.30431e+07,3.29905e+08,-4.40671e+09,3.01969e+07,-4.2539e+08,-7.98076e+08,0.000963703,0.00015276,-5.52681e-24
0,2.05979e+09,-7.6154e+06,3.42518e+08,-4.91935e+08,3.3053e+07,-3.99272e+07,-3.93289e+08,0.000960383,0.0001597,-1.50929e-27
0,2.12486e+09,1.65275e+07,3.18103e+08,3.70936e+09,-1.02782e+09,-2.03655e+07,-7.45774e+08,0.000961852,0.000143994,4.10533e-24
0,2.06701e+09,-2.6346e+06,3.26509e+08,-3.27332e+08,-2.96866e+07,1.32493e+07,-8.91422e+08,0.000976439,0.00015424,1.8899e-26
0,2.22314e+09,2.48194e+06,3.24855e+08,4.41068e+09,-9.40403e+08,-3.87751e+08,-2.97643e+08,0.000908322,0.000132728,2.35516e-24
0,2.15206e+09,-3.79135e+07,3.30473e+08,-5.72438e+09,3.36264e+08,-2.71367e+08,-5.54266e+08,0.00091266,0.000140149,-6.18605e-24
0,2.0482e+09,4.63147e+07,3.07274e+08,8.43697e+09,9.00333e+08,9.47981e+06,-8.22227e+08,0.000936198,0.00014045,3.95427e-23
0,2.04982e+09,-1.3482e+07,3.19198e+08,-4.45404e+09,-7.88242e+08,2.66462e+07,-8.78604e+08,0.000991259,0.000154359,-9.23726e-24
0,2.14475e+09,-5.85426e+06,3.21725e+08,7.46644e+09,-8.55235e+07,3.88875e+08,-1.76488e+08,0.00101579,0.000152375,6.35715e-24
0,2.04595e+09,-5.57147e+07,3.00541e+08,-3.22633e+09,6.61153e+08,4.37173e+08,-9.45538e+08,0.000985728,0.000144799,-2.37757e-24
0,2.32095e+09,9.82076e+06,3.35409e+08,1.989e+09,-5.87173e+08,-7.93766e+07,-1.85916e+08,0.000895018,0.000129342,1.04292e-25
0,2.06342e+09,-920790,3.37006e+08,-4.56014e+08,-2.25028e+07,8.54795e+07,-6.33842e+08,0.000964452,0.000157518,5.60439e-27
0,2.20451e+09,-1.6673e+07,3.24774e+08,-6.99961e+09,-1.10942e+09,-3.81202e+08,-5.45898e+08,0.000964622,0.000142111,-9.7485e-24
0,2.12374e+09,-5.61921e+07,2.77513e+08,-3.93725e+09,7.69929e+08,-2.99496e+08,1.43631e+08,0.00102758,0.000134275,1.43694e-25
0,2.02545e+09,-2.45653e+06,3.28866e+08,5.16401e+09,5.90182e+08,2.39343e+08,-7.65905e+08,0.000922689,0.000149814,9.16729e-24
0,1.99456e+09,2.06973e+07,3.23409e+08,-3.6137e+09,-1.5523e+09,7.03715e+07,-4.2943e+08,0.000953465,0.0001546,-6.09446e-24
0,2.05315e+09,-1.65594e+07,3.22947e+08,-6.21608e+08,5.63691e+07,-5.40489e+07,-9.40356e+08,0.000969821,0.000152547,2.76604e-26
0,2.01453e+09,3.25538e+06,3.2081e+08,4.98641e+09,1.52594e+09,7.1085e+08,-7.818e+08,0.000914015,0.000145555,1.41272e-23
0,2.13442e+09,-2.83771e+06,3.24541e+08,4.22255e+09,4.75754e+08,-1.50149e+08,-5.60669e+08,0.000912521,0.00013875,2.19709e-24
0,2.11718e+09,1.48647e+07,3.4083e+08,3.00033e+09,6.51011e+08,4.9288e+08,-2.45001e+08,0.000865106,0.000139267,7.67519e-25
0,2.02153e+09,1.28264e+06,3.31648e+08,9.02236e+08,7.56886e+07,7.8665e+07,-8.0002e+08,0.000949627,0.000155794,1.1973e-26
0,1.92008e+09,3.99489e+07,2.9447e+08,-7.20056e+09,-9.86823e+08,1.21525e+08,-8.57256e+08,0.00105207,0.000161349,-7.18935e-23
0,1.98243e+09,-6.84229e+06,3.11951e+08,-1.14879e+10,-1.32086e+09,-6.73589e+07,-5.22036e+08,0.000990617,0.000155881,-1.04601e-22
0,1.99229e+09,-3.04928e+07,3.19939e+08,3.00044e+09,8.18289e+08,-2.17587e+06,-5.1932e+08,0.00098855,0.00015875,1.61237e-24
0,1.88167e+09,-9.36236e+06,2.51944e+08,-3.73354e+09,-1.44138e+09,-1.42729e+08,-1.3696e+09,0.0011274,0.000150951,-3.43422e-23
0,1.96917e+09,-1.91327e+07,3.21761e+08,5.5935e+09,1.23539e+09,8.25044e+08,-7.85724e+08,0.000917822,0.000149972,2.19379e-23
0,2.09699e+09,-2.79192e+07,3.34339e+08,-5.09542e+09,3.65792e+08,-2.09921e+08,-5.50815e+08,0.000910905,0.000145232,-4.87123e-24
0,2.15085e+09,-4.30456e+07,3.14965e+08,-6.32695e+09,-2.62082e+08,2.81117e+07,-7.30188e+08,0.000965572,0.000141396,-1.34559e-23
0,2.04791e+09,1.04951e+07,3.01959e+08,2.29578e+09,-6.60885e+08,2.55902e+08,-1.07843e+09,0.00101133,0.000149118,1.4624e-24
0,2.2745e+09,1.48244e+07,3.32397e+08,9.53468e+08,-5.40318e+08,-2.67082e+07,-2.25757e+08,0.000916719,0.00013397,2.91565e-26
0,2.00136e+09,1.76765e+07,3.14345e+08,3.44871e+09,2.33733e+07,-2.788e+08,-9.27812e+08,0.00095343,0.000149751,3.37829e-24
0,2.12489e+09,-3.11125e+07,3.33285e+08,-5.38376e+09,1.53638e+08,-2.14628e+08,-5.84645e+08,0.000923672,0.000144877,-5.77218e-24
0,1.96347e+09,-8.22246e+06,3.38822e+08,-9.24473e+08,2.03548e+08,-7.80861e+07,-3.05899e+08,0.00093532,0.000161402,-2.71537e-26
0,2.31417e+09,6.80901e+06,3.37537e+08,2.99526e+09,-8.13686e+08,7.4952e+07,-3.54851e+08,0.00092701,0.000135211,5.46557e-25
0,2.12905e+09,1.52219e+07,3.38041e+08,4.86235e+09,4.92682e+08,3.20539e+08,-4.43107e+08,0.000890988,0.000141467,3.23226e-24
0,1.89735e+09,-3.17885e+07,2.95718e+08,2.40067e+09,-2.32692e+08,2.10446e+08,-1.09338e+09,0.0010116,0.000157666,1.95842e-24
0,2.20578e+09,4.05224e+07,3.21317e+08,6.56131e+09,-5.27376e+08,-5.69549e+06,-5.64328e+08,0.000936743,0.000136456,9.04024e-24
0,2.15058e+09,3.02685e+07,3.19059e+08,5.17293e+09,-1.33842e+09,2.02206e+08,-8.11341e+08,0.00101752,0.000150959,1.29621e-23
0,1.93911e+09,-2.0949e+06,3.13776e+08,-2.29795e+09,1.34971e+08,-1.20477e+08,-9.71867e+08,0.000956404,0.00015476,-1.16106e-24
0,2.09301e+09,1.55914e+07,3.16411e+08,-1.35522e+10,-8.07356e+08,-1.64457e+07,-1.51234e+08,0.000947081,0.000143175,-2.93927e-23
0,2.11406e+09,5.64707e+07,3.08293e+08,8.17006e+09,-2.08903e+08,-5.1333e+08,-7.8092e+08,0.000967935,0.000141154,3.51456e-23
0,2.29268e+09,-1.39776e+07,3.24881e+08,4.1035e+09,8.66964e+08,-2.73229e+06,2.02716e+08,0.000919803,0.000130339,-8.85856e-25
0,2.29133e+09,7.23003e+06,3.2797e+08,5.44572e+08,-1.13407e+09,-8.49734e+07,-4.18948e+08,0.000937649,0.000134211,8.5185e-26
0,2.14393e+09,1.7803e+07,3.02494e+08,1.34975e+09,-1.02168e+09,-1.03331e+08,-8.78504e+08,0.00100943,0.000142424,6.6173e-25
0,2.03932e+09,5.09752e+06,3.43249e+08,1.69188e+08,9.91237e+07,4.45494e+07,-3.07909e+08,0.000934049,0.000157215,-2.07912e-28
0,1.95106e+09,-4.09407e+07,3.21023e+08,-1.78448e+09,1.02007e+09,4.10991e+08,-7.84433e+08,0.00092871,0.000152808,-1.24572e-25
0,2.18879e+09,1.42712e+07,3.32472e+08,4.02719e+09,-8.19889e+08,3.19963e+08,-7.20389e+08,0.000985397,0.00014968,3.09906e-24
0,2.02484e+09,6.11164e+06,3.27758e+08,-3.97342e+08,5.52407e+08,1.54088e+07,-9.08646e+08,0.000944076,0.000152816,3.98913e-27
0,2.03814e+09,-5.69428e+06,3.31447e+08,-1.76714e+09,-3.03965e+07,-1.16924e+08,-7.39297e+08,0.000962667,0.000156551,-3.08608e-25
0,2.0884e+09,3.05634e+07,3.34372e+08,5.26198e+09,-3.62987e+07,4.6541e+08,-7.14263e+08,0.000983766,0.00015751,9.087e-24
0,1.8857e+09,2.18978e+07,3.07118e+08,-1.92149e+09,-9.24232e+08,-8.39243e+07,-9.91098e+08,0.000995056,0.000162062,-2.11956e-24
0,2.04156e+09,-6.24403e+06,3.16063e+08,-2.97882e+09,-8.98055e+08,1.41697e+08,-9.67254e+08,0.0010261,0.000158855,-4.58436e-24
0,1.81846e+09,-3.25147e+07,2.55525e+08,-4.87149e+09,-9.55986e+08,3.44201e+08,-1.39843e+09,0.00111088,0.000156098,-6.3976e-23
0,2.05158e+09,-1.69132e+07,3.12312e+08,4.77347e+09,-2.23374e+09,-2.5332e+08,-6.68089e+08,0.000993972,0.000151313,2.61807e-23
0,2.04346e+09,-2.2179e+07,3.32543e+08,-1.87289e+09,8.48881e+08,7.97916e+07,-4.05614e+08,0.000956707,0.00015569,-1.13654e-25
0,2.0706e+09,2.70372e+07,3.27373e+08,4.41601e+09,-1.14591e+08,4.37433e+08,-8.98728e+08,0.00098709,0.000156064,6.75033e-24
0,2.02583e+09,-1.01526e+07,2.85482e+08,3.73835e+08,-5.13752e+08,5.26558e+08,-1.35362e+08,0.00101173,0.000142574,-3.1068e-26
0,2.21141e+09,-521865,3.38766e+08,-2.64149e+09,-4.07424e+08,1.12219e+08,-3.40191e+08,0.000917909,0.000140614,-3.81391e-25
0,2.16214e+09,3.68859e+06,3.32988e+08,1.43697e+09,-5.53914e+08,1.13829e+08,-6.87712e+08,0.000964323,0.000148514,1.95362e-25
0,1.91615e+09,2.68144e+07,3.24993e+08,1.5579e+09,1.46768e+09,-6.49868e+07,-8.66391e+08,0.000937965,0.000159085,6.56131e-26
0,1.93135e+09,1.91934e+07,2.54163e+08,-6.70371e+08,-8.74103e+08,1.05234e+08,8.06453e+08,0.00108265,0.000142475,2.92624e-26
0,1.96925e+09,-2.80317e+07,3.03209e+08,2.15524e+09,-1.03291e+09,2.55483e+08,-9.73207e+08,0.00103028,0.000158634,2.72223e-24
0,2.19297e+09,1.1775e+07,3.2459e+08,1.0699e+09,-1.1877e+09,2.02754e+08,-6.18897e+08,0.000990838,0.000146658,6.01606e-25
0,2.06667e+09,-5.53773e+06,3.42832e+08,7.70029e+07,2.59012e+07,1.78858e+07,-3.65462e+08,0.000955905,0.000158571,-3.14732e-28
0,2.09961e+09,-2.12355e+07,3.31197e+08,-4.14772e+09,-2.99445e+08,-2.47334e+08,-4.03117e+08,0.000927196,0.000146258,-1.65687e-24
0,2.05585e+09,-2.07242e+07,3.12055e+08,-4.6608e+09,-1.09868e+09,8.01794e+07,-1.03443e+09,0.00100841,0.000153065,-1.51792e-23
0,2.09954e+09,-3.29428e+06,3.36218e+08,-2.7052e+08,-4.07188e+08,1.52138e+08,-6.63074e+08,0.000994969,0.000159333,1.51106e-26
0,2.22037e+09,1.04002e+07,3.38169e+08,1.52937e+09,-3.46436e+08,1.65557e+08,-4.46177e+08,0.000933191,0.000142128,7.27409e-26
0,2.09365e+09,-5.95951e+06,3.28313e+08,1.22108e+09,-6.51976e+07,2.22552e+08,-7.61414e+08,0.000946403,0.000148409,4.86107e-26
0,2.01785e+09,3.09509e+06,3.30325e+08,7.15284e+08,1.18058e+08,-2.13125e+07,-7.79779e+08,0.000960352,0.000157211,-3.30999e-27
0,2.18351e+09,-3.87776e+07,3.32116e+08,-6.42836e+09,4.85028e+08,-1.20187e+08,-4.09926e+08,0.000886649,0.000134861,-5.13279e-24
0,2.3285e+09,-1.7396e+06,3.405e+08,1.33922e+08,8.95196e+07,-2.68991e+07,-1.04032e+07,0.00086551,0.000126565,-4.93734e-30
0,2.02067e+09,-5.23741e+06,3.32678e+08,-1.02981e+09,-6.90947e+07,1.4014e+08,-8.44438e+08,0.00098399,0.000162001,-2.92905e-26
0,2.05849e+09,-5.77078e+07,3.04494e+08,-5.06224e+09,3.49977e+08,4.49837e+07,-8.30246e+08,0.000958268,0.000141748,-9.15721e-24
0,1.99011e+09,-1.50239e+07,3.03334e+08,-2.15201e+09,5.32473e+08,-6.14519e+07,-1.06848e+09,0.00100076,0.000152537,-1.25485e-24
0,1.95761e+09,7.58446e+07,3.07416e+08,9.40914e+09,8.11591e+08,-3.98968e+07,-9.02462e+08,0.000964507,0.000151463,8.62873e-23
0,2.04461e+09,514043,3.30079e+08,-1.32358e+09,1.64096e+08,-6.17971e+07,-8.29431e+08,0.000941467,0.000151989,-1.05728e-25
0,2.16244e+09,-5.61609e+06,3.34985e+08,-8.14469e+08,-4.62256e+08,-1.91209e+08,-6.29711e+08,0.000962317,0.000149073,-4.25474e-26
0,2.06789e+09,1.13541e+06,3.43838e+08,3.14258e+09,-8.53302e+07,2.59158e+08,-2.17219e+08,0.00096039,0.000159689,5.03137e-25
0,1.90882e+09,7.0007e+06,3.09593e+08,6.58802e+08,8.77069e+08,-1.30534e+07,-1.18095e+09,0.000974279,0.000158019,2.0448e-26
0,2.13161e+09,6.14119e+06,3.1088e+08,-9.21612e+08,-8.86107e+08,2.72626e+08,3.1304e+08,0.000950592,0.000138637,-3.56247e-26
0,1.99219e+09,4.07563e+06,3.22933e+08,1.57836e+09,-5.23542e+08,-1.09954e+08,-1.16997e+09,0.00101111,0.0001639,5.19608e-25
0,1.96008e+09,1.53087e+07,3.07955e+08,8.68452e+09,5.87893e+08,1.46161e+08,-7.98946e+08,0.000936819,0.000147187,5.409e-23
0,1.98903e+09,-3.72441e+07,2.97091e+08,-2.02912e+09,-2.93989e+09,-1.18228e+08,-7.68242e+08,0.00108058,0.000161401,-3.00028e-23
0,2.0217e+09,2.14507e+07,3.19459e+08,4.10044e+09,2.21729e+08,-3.05424e+08,-9.17652e+08,0.000979939,0.000154845,6.07175e-24
0,2.16811e+09,6.94943e+06,3.21564e+08,2.58967e+08,-3.81994e+08,-3.25072e+08,-3.9497e+08,0.000925441,0.000137257,-9.29473e-27
0,1.91915e+09,-4.14479e+07,3.09001e+08,-1.12247e+09,-8.98489e+06,5.90046e+08,-8.34591e+08,0.00105116,0.000169247,2.25465e-26
0,2.03181e+09,1.30717e+07,3.13622e+08,2.43233e+09,2.50807e+08,1.44916e+08,-1.03924e+09,0.000964612,0.000148894,1.26535e-24
0,1.92111e+09,-5.20883e+07,3.05185e+08,3.62755e+09,-1.06305e+09,3.02606e+08,-4.78659e+08,0.00103351,0.000164182,4.31466e-24
0,1.8818e+09,1.97234e+07,3.12661e+08,3.11813e+09,8.2099e+08,1.45098e+08,-1.38375e+09,0.00100144,0.000166388,7.23454e-24
0,1.99936e+09,4.09429e+07,3.23774e+08,-4.17278e+09,-1.47117e+09,1.82783e+08,-3.77108e+08,0.000982148,0.000159048,-8.45539e-24
0,2.02717e+09,2.27289e+07,3.18634e+08,1.22419e+09,1.10485e+09,-3.91357e+08,-8.74873e+08,0.000951717,0.000149593,1.70589e-26
0,2.07822e+09,1.56517e+06,3.43015e+08,2.98542e+09,-1.78954e+08,2.62667e+08,-3.30879e+08,0.000968285,0.000159818,6.28617e-25
0,2.26932e+09,-2.80984e+06,3.31054e+08,2.14957e+09,-7.20109e+08,-2.45602e+08,-9.9688e+07,0.000893299,0.000130317,1.6853e-25
0,2.29072e+09,2.83028e+07,3.24757e+08,5.44947e+09,-8.90059e+08,-2.46722e+08,-3.78145e+08,0.000935963,0.000132692,4.09463e-24
0,2.06607e+09,-1.90505e+07,3.31023e+08,-9.44216e+08,-1.32626e+07,-4.87446e+07,-8.64256e+08,0.000982807,0.000157464,-1.09119e-26
0,1.96593e+09,-4.62752e+07,2.68411e+08,-9.10537e+08,-4.2431e+08,5.45021e+08,-1.12787e+09,0.00107346,0.00014656,3.66927e-25
0,2.14488e+09,3.83255e+07,3.28782e+08,9.95752e+09,-4.0859e+08,4.94221e+08,-6.83451e+08,0.000948451,0.000145385,4.09652e-23
0,2.01524e+09,-1.98421e+07,3.14232e+08,-3.79426e+09,-6.12936e+07,-3.97152e+08,-8.41152e+08,0.000991873,0.00015466,-4.72382e-24
0,2.03862e+09,-2.93241e+07,3.21647e+08,-5.8247e+09,-8.50755e+07,3.56727e+07,-7.45661e+08,0.000947809,0.000149543,-1.26276e-23
0,2.20783e+09,-1.76678e+07,3.21854e+08,-8.44838e+08,-1.55383e+08,-3.29054e+07,-4.01888e+08,0.000907004,0.000132221,-9.84027e-27
0,2.24249e+09,3.49684e+07,3.28149e+08,7.69338e+09,-2.58131e+08,-6.7008e+07,-4.21887e+08,0.000928694,0.000135898,9.52099e-24
0,1.9736e+09,5.2599e+07,3.09513e+08,7.88186e+09,1.31554e+09,-3.83874e+08,-7.6429e+08,0.000923013,0.000144753,2.49529e-23
0,2.00653e+09,-4.81279e+06,3.20845e+08,4.26629e+09,-3.07406e+07,5.0365e+08,-7.67126e+08,0.000969733,0.000155061,5.6884e-24
0,1.96545e+09,1.40318e+07,3.29749e+08,1.46337e+09,4.58692e+08,8.04565e+07,-8.868e+08,0.00093838,0.000157435,2.49325e-25
0,2.28133e+09,3.0471e+07,3.27094e+08,-3.6007e+08,3.45315e+08,-9.84504e+07,3.5255e+07,0.000886133,0.000127052,1.01564e-27
0,2.18446e+09,-1.04211e+07,3.39476e+08,-3.10165e+09,-1.58574e+08,-3.403e+08,-4.03094e+08,0.000919861,0.000142951,-5.08983e-25
0,1.93104e+09,1.10284e+07,3.15174e+08,4.46182e+09,2.27702e+09,2.54118e+08,-6.45485e+08,0.000890448,0.000145335,2.41746e-24
0,2.12884e+09,-1.59287e+07,3.39553e+08,-5.04629e+09,-2.04434e+08,-4.66654e+08,-4.02257e+08,0.000931877,0.000148636,-2.68104e-24
0,1.9519e+09,3.19119e+07,3.12329e+08,1.15337e+09,5.59616e+08,-2.69822e+08,-1.09103e+09,0.00100239,0.000160395,7.0916e-26
0,2.11604e+09,2.54127e+07,3.30196e+08,6.06501e+09,2.73369e+08,3.84139e+08,-6.71783e+08,0.000938082,0.000146382,1.09501e-23
0,1.92093e+09,-1.19252e+07,3.07172e+08,-1.73215e+09,2.04661e+09,2.49999e+08,-9.70836e+08,0.000934043,0.00014936,7.59613e-25
0,2.05356e+09,3.54597e+07,2.94268e+08,4.40157e+09,-1.44584e+09,3.86561e+07,-1.15382e+09,0.00104732,0.000150078,2.04112e-23
0,2.00637e+09,2.85507e+07,2.85409e+08,6.37794e+08,7.87096e+08,-6.04862e+08,-4.2131e+08,0.000979212,0.000139294,2.22691e-27
0,1.86961e+09,-6.00392e+07,2.8903e+08,-5.34697e+08,-7.03305e+07,5.56147e+08,-8.82561e+08,0.00105644,0.000163319,1.07382e-25
0,1.99473e+09,-5.1456e+07,3.06869e+08,1.66133e+09,1.22389e+09,1.75919e+08,-4.2792e+08,0.00106436,0.000163741,1.09976e-25
0,1.95683e+09,8.62216e+06,3.08312e+08,1.18181e+09,1.6051e+08,-3.63811e+08,-1.16855e+09,0.00100689,0.000158643,-3.3908e-26
0,2.03253e+09,-3.99786e+07,3.15118e+08,-2.7973e+09,1.15248e+09,2.33467e+08,-6.45736e+08,0.00104452,0.000161941,-9.51591e-25
0,2.20406e+09,1.91331e+07,3.11704e+08,3.52879e+09,-1.82283e+09,2.22136e+08,-7.19593e+08,0.000993695,0.000140531,6.61141e-24
0,1.98905e+09,5.03977e+07,3.10051e+08,7.49466e+09,2.2481e+09,4.30483e+07,-6.19412e+08,0.000916801,0.00014291,1.45424e-23
0,1.99678e+09,-1.51829e+07,3.3704e+08,-3.15796e+09,3.76422e+08,-1.05564e+08,-5.268e+08,0.000900705,0.000152031,-1.32289e-24
0,2.07415e+09,-2.28964e+07,3.1979e+08,-2.41369e+09,-1.22729e+08,-5.00376e+06,-7.09153e+08,0.000963304,0.000148521,-7.94136e-25
0,1.95462e+09,5.70203e+06,3.32396e+08,-2.00361e+07,1.46643e+08,-5.91836e+07,-7.53882e+08,0.000947398,0.000161111,1.88751e-27
0,2.26727e+09,-5.16164e+06,3.17599e+08,-1.08345e+09,-4.60806e+08,2.49017e+07,-7.22861e+07,0.000927949,0.000129987,-1.75524e-26
0,2.02188e+09,3.05064e+07,3.1674e+08,2.80185e+09,1.11721e+08,-5.00046e+08,-8.84656e+08,0.0009743,0.00015263,1.57742e-24
0,1.92354e+09,3.23845e+07,3.03043e+08,2.99008e+09,-3.44069e+07,-2.92527e+08,-1.17982e+09,0.00100779,0.000158771,4.10099e-24
0,1.95064e+09,-6.74273e+07,2.87458e+08,-7.35785e+08,6.35263e+08,6.98897e+08,-8.36356e+08,0.00106653,0.000157171,1.6048e-27
0,2.06329e+09,-4.37804e+06,3.42801e+08,2.90624e+08,6.26947e+06,7.56071e+07,-3.70454e+08,0.000957441,0.000159072,-6.74192e-28
0,1.98633e+09,9.66653e+06,3.22289e+08,-1.73795e+09,1.74622e+08,-1.08382e+08,-1.07151e+09,0.00100494,0.000163054,-4.92965e-25
0,1.99447e+09,2.17708e+07,3.17221e+08,3.65604e+08,9.75426e+08,-4.43356e+08,-1.00602e+09,0.000968851,0.000154096,-2.63811e-30
0,1.91373e+09,7.02371e+06,3.10458e+08,6.26948e+09,2.37617e+08,-1.09771e+08,-9.13762e+08,0.000998324,0.000161955,3.36969e-23
0,2.0739e+09,-4.20138e+06,3.41899e+08,9.46168e+08,-2.81483e+08,2.05363e+08,-4.32304e+08,0.000985162,0.000162412,2.20911e-26
0,2.02341e+09,-648800,3.13208e+08,1.15462e+09,-2.41061e+08,-3.56065e+08,-1.03098e+09,0.00101644,0.000157338,-6.46993e-27
0,2.08586e+09,5.56302e+07,3.15593e+08,9.09542e+09,8.42572e+08,-1.7595e+08,-5.73693e+08,0.000952892,0.000144173,3.13859e-23
0,2.16261e+09,1.20974e+07,3.26783e+08,2.09256e+09,-1.1315e+09,3.66272e+08,-8.13825e+08,0.00100015,0.000151129,1.29945e-24
0,2.02763e+09,-2.47078e+06,2.91806e+08,2.66727e+08,-1.51187e+09,1.87876e+08,-1.25556e+09,0.00106227,0.000152877,1.56822e-24
0,2.31068e+09,1.10516e+07,3.3293e+08,2.93497e+09,-7.64515e+08,-1.28597e+08,-2.24508e+08,0.000901481,0.000129888,4.13003e-25
0,2.0572e+09,-2.33486e+07,3.24091e+08,-2.96958e+09,-5.92796e+08,-4.95508e+08,-1.04019e+09,0.00102762,0.000161891,-2.19347e-24
0,2.01638e+09,4.72489e+07,3.13e+08,8.72321e+09,9.5878e+08,-1.07087e+08,-7.67277e+08,0.000935793,0.000145262,4.17994e-23
0,1.90201e+09,-3.17011e+07,2.83276e+08,-3.02756e+09,3.65036e+08,7.88929e+08,-1.16186e+09,0.0010232,0.000152391,-3.49586e-24
0,1.95319e+09,-2.62688e+06,3.19843e+08,1.34579e+09,1.52905e+09,5.37261e+08,-8.47117e+08,0.000910318,0.000149068,5.24569e-25
0,2.05156e+09,-780256,3.4191e+08,2.82087e+09,-1.83992e+08,3.73813e+08,-1.40163e+08,0.000969555,0.000161585,8.95012e-26
0,2.14708e+09,-2.25597e+07,3.28444e+08,1.39347e+09,1.2805e+08,-4.48668e+07,-5.26462e+08,0.00099734,0.000152566,1.054e-25
0,2.00359e+09,1.87662e+07,3.3139e+08,4.87471e+07,1.11087e+09,4.32761e+07,-5.92429e+08,0.00090593,0.00014984,-5.63973e-27
0,2.30621e+09,2.14223e+06,3.27091e+08,-9.12692e+08,-1.46027e+09,-1.66206e+08,-4.33213e+08,0.00095265,0.000135115,-4.90475e-25
0,2.11641e+09,-2.84942e+07,3.21939e+08,2.41011e+09,-2.1271e+09,-2.26864e+08,-4.39931e+08,0.000977983,0.000148766,5.38903e-24
0,2.04843e+09,2.96053e+07,3.25209e+08,9.74148e+07,1.17808e+09,-6.19321e+08,-6.03888e+08,0.000903121,0.00014338,1.66672e-26
0,1.86811e+09,-9.7055e+06,3.13728e+08,1.97432e+09,1.8534e+08,-3.43624e+08,-8.44343e+08,0.000929875,0.000156162,5.51135e-25
0,2.11871e+09,-2.07066e+07,3.30053e+08,-5.04189e+09,-7.1574e+08,-5.55868e+08,-8.24699e+08,0.00101922,0.000158774,-7.65181e-24
0,2.29004e+09,-1.91585e+06,3.30257e+08,1.84151e+09,-1.20793e+09,-2.36809e+08,-1.90553e+08,0.00090794,0.000130938,3.79396e-25
0,2.06489e+09,5.60467e+07,2.95784e+08,9.57266e+09,-1.25328e+09,-3.3769e+08,-9.57764e+08,0.00106135,0.000152033,1.45178e-22
0,2.17135e+09,1.15513e+07,2.95273e+08,-2.50825e+09,-8.64337e+08,8.95643e+07,-5.03562e+08,0.00096495,0.00013122,-1.01159e-24
0,2.10327e+09,-3.46721e+07,3.10775e+08,-5.1589e+09,-1.0588e+09,5.61042e+08,-7.87669e+08,0.000988734,0.000146094,-1.4654e-23
0,2.10835e+09,3.76921e+06,3.30942e+08,2.87694e+08,-2.37238e+08,-2.35304e+07,-8.2048e+08,0.000976371,0.000153259,-9.35176e-27
0,2.0399e+09,2.39815e+07,3.12048e+08,8.61325e+08,-4.11188e+08,-3.22544e+08,-9.50008e+08,0.000986677,0.000150934,-4.34158e-26
0,1.96668e+09,6.76052e+06,3.10576e+08,-1.41652e+09,-2.14023e+08,-2.06629e+08,-1.08891e+09,0.000992637,0.000156756,-1.52604e-25
0,1.95894e+09,3.17667e+07,2.86215e+08,6.26472e+09,-6.02168e+08,-3.47998e+08,-7.1391e+08,0.000990156,0.000144668,2.64206e-23
0,2.03107e+09,2.16187e+07,3.18999e+08,1.76378e+09,-1.69859e+08,-3.88649e+08,-9.55352e+08,0.000987441,0.000155087,3.62811e-25
0,2.27906e+09,-1.73537e+07,3.30173e+08,5.10488e+09,7.67153e+08,8.81559e+07,2.43358e+08,0.000911569,0.000132061,-1.38444e-24
0,1.94189e+09,-4.57571e+07,2.9839e+08,-3.03713e+09,-7.34658e+08,6.55703e+08,-1.16531e+09,0.0010536,0.000161895,-6.59169e-24
0,2.08811e+09,-1.31844e+07,3.31226e+08,1.6852e+09,-3.17381e+08,-3.06618e+07,-8.04569e+08,0.000981157,0.000155636,3.23384e-25
0,2.22681e+09,2.32748e+07,3.28266e+08,7.17942e+09,-6.1218e+08,1.27801e+08,-5.31998e+08,0.000942597,0.000138953,1.03805e-23
0,2.15419e+09,-1.37117e+07,3.13567e+08,3.34106e+08,-1.11923e+09,-3.05876e+08,-7.44467e+08,0.00105376,0.000153387,-2.05261e-25
0,1.9419e+09,-1.81507e+07,3.22217e+08,-1.85272e+09,2.99946e+08,-3.50635e+08,-1.00118e+09,0.000981566,0.00016287,-7.27838e-25
0,2.17828e+09,-9.60185e+06,2.97936e+08,1.09501e+10,1.67081e+09,2.27265e+08,3.56949e+08,0.00105063,0.000143701,-4.853e-23
0,2.12835e+09,-3.57338e+07,3.26322e+08,-9.4308e+09,-6.8074e+08,-5.33482e+08,-8.13943e+08,0.000978903,0.000150086,-4.78902e-23
0,2.04249e+09,-1.44383e+07,3.40808e+08,-1.55331e+09,2.19645e+07,-8.22539e+07,-5.15419e+08,0.000981425,0.00016376,-1.75868e-25
0,2.08367e+09,-1.11144e+07,3.03184e+08,9.89095e+09,2.36528e+09,3.40229e+08,-2.51958e+08,0.000998957,0.000145353,2.68217e-23
0,1.99918e+09,-1.17609e+07,3.26644e+08,-1.19453e+09,1.53324e+08,-2.67514e+08,-8.30471e+08,0.000983095,0.000160627,-8.67854e-26
0,1.94344e+09,-1.8638e+07,3.1448e+08,-1.38553e+09,3.71472e+08,1.43632e+08,-1.23027e+09,0.000990405,0.000160263,-1.41457e-25
0,2.10713e+09,3.85429e+06,3.19413e+08,3.46498e+09,-2.14261e+08,-3.46497e+08,-7.89589e+08,0.000971679,0.000147293,2.71984e-24
0,2.18021e+09,-3.22981e+07,3.12465e+08,-7.12576e+09,-1.58007e+09,-8.79353e+07,-7.92599e+08,0.00103305,0.000148056,-3.46113e-23
0,1.98389e+09,1.06909e+07,3.01776e+08,8.26101e+09,-1.99533e+08,-3.71517e+08,-7.01319e+08,0.00100095,0.000152259,5.29258e-23
0,1.8454e+09,-3.19642e+07,3.16572e+08,4.61536e+09,1.39081e+08,8.01272e+07,-4.41089e+08,0.000994764,0.000170648,7.96632e-24
0,2.32499e+09,1.13635e+07,3.27656e+08,2.50984e+09,-1.31587e+09,-1.02908e+08,-3.18805e+08,0.000932148,0.000131366,9.03141e-25
0,2.14536e+09,1.38198e+07,3.06603e+08,-1.72581e+08,-1.31306e+09,2.05441e+07,-8.3909e+08,0.000998028,0.000142633,-9.23501e-26
0,1.98265e+09,-1.71419e+07,2.84551e+08,2.97143e+08,-1.00496e+09,3.38988e+08,-1.15685e+09,0.00102793,0.00014753,8.04553e-25
0,2.05834e+09,-5.28131e+06,3.42517e+08,5.81293e+08,-1.72022e+07,7.11891e+07,-3.97547e+08,0.000964177,0.000160444,3.34164e-27
0,2.2681e+09,3.60369e+06,3.20674e+08,-5.5403e+08,-2.45802e+08,1.46446e+08,-1.5808e+08,0.0008971,0.000126836,-2.04088e-27
0,2.1112e+09,-514023,2.77485e+08,8.86305e+08,-1.78661e+08,1.07942e+08,3.44605e+08,0.000937559,0.000123228,-1.8436e-26
0,2.16552e+09,-8.55133e+06,3.1947e+08,-1.92528e+08,-5.99448e+08,-6.55921e+07,-6.5845e+08,0.000970968,0.000143243,-2.50899e-26
0,2.04457e+09,4.14056e+07,3.1179e+08,-3.98755e+09,-1.60325e+09,-1.28485e+08,-7.78207e+08,0.00103734,0.00015819,-1.30624e-23
0,2.08299e+09,3.52781e+06,3.3213e+08,-6.86182e+08,-1.71625e+08,1.69507e+08,-7.78898e+08,0.000976636,0.000155723,1.01936e-26
0,1.98438e+09,-3.79143e+07,3.04461e+08,-2.78335e+09,-2.59791e+08,6.95462e+08,-1.14275e+09,0.00103328,0.000158535,-2.86015e-24
0,1.81853e+09,-2.9074e+07,3.13009e+08,6.60441e+09,1.02602e+09,1.2686e+08,-5.99203e+08,0.00100649,0.00017324,3.88162e-23
0,2.04975e+09,6.3999e+06,3.24182e+08,2.78844e+08,1.92501e+08,-1.29964e+08,-9.51312e+08,0.000962557,0.000152235,-1.47652e-26
0,2.15016e+09,-9.44355e+06,3.0657e+08,-2.79166e+09,-1.36062e+09,4.37007e+07,-8.39687e+08,0.00100042,0.00014264,-3.85238e-24
0,2.05156e+09,4.04653e+07,3.07962e+08,1.36148e+10,4.20709e+08,2.4269e+07,-2.89308e+08,0.000979965,0.000147104,7.31641e-23
0,1.97791e+09,3.4431e+06,3.15049e+08,-1.07512e+09,-4.89725e+08,-1.19722e+08,-1.02059e+09,0.00100305,0.00015977,-1.69965e-25
0,2.09259e+09,-2.71965e+07,3.18746e+08,-7.39171e+09,-6.17294e+08,-1.6777e+08,-5.51618e+08,0.00101469,0.000154559,-2.27319e-23
0,1.92287e+09,2.59736e+07,2.97692e+08,-7.59833e+09,-3.11093e+08,-3.62439e+08,-1.47065e+08,0.000944086,0.00014616,-4.95892e-24
0,1.87569e+09,-5.84454e+07,3.16408e+08,-1.93945e+09,1.9086e+09,6.86645e+08,-7.32473e+08,0.000918972,0.00015502,1.03089e-24
0,2.04376e+09,2.53713e+07,3.22033e+08,1.94825e+09,-7.62293e+08,-1.27589e+08,-8.56715e+08,0.00101285,0.000159594,1.18023e-24
0,2.17652e+09,-1.56007e+07,3.19681e+08,-4.10235e+09,-1.38311e+09,-1.84014e+08,-6.95185e+08,0.00099652,0.000146366,-5.92834e-24
0,1.90363e+09,4.82523e+06,2.88971e+08,7.42601e+09,-1.13013e+09,3.94818e+08,-8.00971e+08,0.00106301,0.000161366,6.26931e-23
0,2.22508e+09,1.24412e+07,3.28056e+08,3.43101e+09,-1.1271e+09,4.34049e+07,-4.7352e+08,0.000953009,0.000140507,1.924e-24
0,1.9816e+09,3.09164e+07,3.02071e+08,1.0534e+10,3.01491e+08,-7.93261e+07,-1.03388e+09,0.000981166,0.000149567,1.41804e-22
0,2.04197e+09,2.05914e+07,3.11237e+08,5.71782e+09,-1.07583e+09,1.77215e+08,-5.82931e+08,0.000923512,0.000140762,8.70609e-24
0,1.88016e+09,-2.2766e+07,3.16303e+08,8.0232e+09,1.19317e+09,2.55507e+08,-4.5567e+08,0.00102609,0.000172621,5.50707e-23
0,2.20242e+09,1.03326e+07,3.25811e+08,3.59017e+08,-1.02813e+09,1.64994e+08,-6.6563e+08,0.000969573,0.000143432,1.82399e-25
0,1.89936e+09,7.72788e+06,3.15439e+08,-4.2586e+07,7.72956e+08,1.78569e+07,-1.14307e+09,0.000960097,0.000159449,1.31809e-27
0,1.91474e+09,-1.38957e+06,2.97884e+08,1.62718e+09,5.96711e+07,3.22386e+08,-1.33343e+09,0.00102083,0.000158814,2.18701e-25
0,1.88718e+09,-6.13827e+07,3.07044e+08,-6.51918e+09,1.06212e+09,5.55473e+08,-9.59771e+08,0.000938695,0.000152725,-2.40307e-23
0,2.09899e+09,4.76667e+07,3.09681e+08,7.13809e+09,-2.3465e+08,2.10815e+08,-6.03995e+08,0.000946484,0.000139642,1.56974e-23
0,2.12784e+09,-1.18068e+07,3.20477e+08,5.71638e+09,-1.80661e+09,4.53743e+08,-3.33162e+08,0.000992981,0.000149554,5.70811e-24
0,2.15628e+09,-1.02065e+07,3.23013e+08,-1.94421e+09,-1.08852e+09,-9.29651e+07,-6.4671e+08,0.000963129,0.000144278,-9.48094e-25
0,2.31573e+09,1.58106e+07,3.2715e+08,3.57498e+09,-9.8134e+08,-1.48822e+08,-2.85541e+08,0.000928212,0.000131131,1.11922e-24
0,2.0983e+09,-2.96849e+07,3.16645e+08,-1.0231e+09,3.03849e+08,2.36675e+08,-7.16319e+08,0.000937594,0.000141488,-2.39242e-26
0,2.05863e+09,-1.48033e+07,3.41766e+08,-1.38012e+09,6.43872e+07,-1.20293e+08,-4.21979e+08,0.00096365,0.000159981,-9.3018e-26
0,2.09071e+09,-2.85541e+07,3.01644e+08,6.13455e+09,7.14935e+08,7.73288e+07,5.54805e+08,0.000950319,0.00013711,-1.01319e-23
0,1.99076e+09,-4.52273e+06,3.24763e+08,1.94735e+07,4.90336e+08,-1.37486e+08,-1.01285e+09,0.000976342,0.000159276,5.2155e-27
0,1.98201e+09,3.87878e+07,2.92622e+08,-8.71108e+09,-1.68002e+09,-2.55337e+08,4.51902e+08,0.00093708,0.000138349,3.3014e-23
0,1.98941e+09,-5.63334e+07,2.91671e+08,-5.43642e+09,-7.44632e+08,9.79565e+08,-1.02075e+09,0.00105662,0.000154912,-3.28869e-23
0,2.20801e+09,2.89016e+07,3.2239e+08,-1.73765e+09,-4.5691e+08,-1.26423e+08,-1.28438e+08,0.000941809,0.000137513,-3.31786e-26
0,2.03228e+09,7.0426e+07,2.98487e+08,6.76554e+09,7.90415e+08,-1.39678e+08,-7.4105e+08,0.000950725,0.000139636,1.92347e-23
0,1.90094e+09,2.42368e+07,3.34686e+08,-3.49965e+09,-1.1427e+09,-3.21352e+08,2.38335e+08,0.000964553,0.000169823,2.40832e-24
0,2.33167e+09,3.11026e+06,3.40355e+08,9.84658e+08,-5.25462e+08,2.36858e+06,-1.79446e+08,0.000893317,0.000130398,1.96759e-26
0,1.90793e+09,2.54611e+07,3.12204e+08,-3.3744e+08,1.38921e+09,-2.0724e+08,-1.22793e+09,0.00096662,0.000158173,-2.27697e-26
0,2.01113e+09,9.8196e+06,2.86902e+08,3.44234e+09,-2.04047e+08,-1.39387e+08,-7.95977e+08,0.00107574,0.000153462,5.57365e-24
0,2.16943e+09,-3.18107e+06,3.24023e+08,-3.05567e+09,-1.16844e+09,1.45898e+08,-6.1343e+08,0.000964514,0.000144058,-2.55785e-24
0,1.96279e+09,4.12813e+07,3.21459e+08,-1.97644e+09,-1.18565e+09,4.85846e+08,-5.24387e+08,0.00101158,0.000165674,-1.87558e-24
0,2.13031e+09,-1.24189e+07,3.01598e+08,5.65827e+09,1.12054e+09,2.22493e+08,5.61127e+08,0.000974974,0.000138032,-8.37696e-24
0,2.13848e+09,-4.99297e+06,3.25551e+08,1.68202e+09,-3.31256e+08,3.60757e+07,-7.53297e+08,0.000955915,0.000145524,2.3819e-25
0,2.222e+09,1.49e+07,3.25383e+08,1.96148e+09,-9.76802e+08,2.401e+08,-4.32061e+08,0.000923664,0.000135259,3.4815e-25
0,2.03274e+09,3.42479e+07,3.24102e+08,1.95022e+09,3.4395e+08,-5.14202e+08,-7.72037e+08,0.000982322,0.000156622,3.39814e-25
0,1.98764e+09,-1.55118e+07,2.93844e+08,-1.66376e+08,1.77676e+08,4.15404e+08,-9.18839e+08,0.00111096,0.000164239,-1.05322e-26
0,2.04047e+09,-3.78819e+07,3.16427e+08,-6.60357e+09,5.08205e+08,2.28988e+07,-7.74219e+08,0.000943512,0.000146316,-1.86526e-23
0,1.94582e+09,-5.3504e+07,3.11352e+08,-2.2773e+09,1.2347e+09,5.88895e+08,-1.11979e+09,0.000984041,0.000157457,-6.26111e-25
0,1.9683e+09,7.27426e+07,2.91614e+08,6.90788e+09,8.70417e+08,-3.04892e+07,-8.82088e+08,0.000973324,0.000144203,3.39427e-23
0,1.99975e+09,1.31673e+07,3.16668e+08,7.55923e+07,-5.89207e+08,1.10222e+08,-1.07466e+09,0.00101635,0.000160944,7.44689e-26
0,1.90791e+09,8.53989e+06,3.05517e+08,2.83437e+09,4.72667e+08,5.84279e+08,-1.34952e+09,0.00102582,0.000164266,5.44904e-24
0,1.9257e+09,4.34863e+07,3.04323e+08,3.35094e+09,1.35504e+08,-6.60427e+08,-8.45306e+08,0.000951369,0.000150348,2.93065e-24
0,2.05938e+09,-5.60856e+06,3.42128e+08,-999489,-2.88952e+07,6.27662e+07,-4.33847e+08,0.000968942,0.000160972,9.36468e-29
0,1.96094e+09,3.77981e+07,3.07933e+08,7.51958e+09,2.16126e+09,2.30476e+08,-9.00923e+08,0.000933648,0.000146613,3.98282e-23
0,2.18481e+09,-3.82385e+06,3.23594e+08,-1.06962e+09,-9.26541e+08,3.14232e+08,-6.22461e+08,0.000957162,0.000141766,-1.397e-25
0,1.86936e+09,-1.20604e+07,3.07355e+08,1.82381e+09,7.73235e+08,2.32649e+08,-1.28377e+09,0.000994244,0.000163471,1.39116e-24
0,2.1988e+09,6.69625e+06,3.05376e+08,1.44029e+09,-2.54385e+09,1.42362e+08,-9.43491e+08,0.00106147,0.00014742,8.99949e-24
0,1.96488e+09,-1.46527e+07,3.2518e+08,1.89159e+09,5.53587e+08,-2.02981e+07,-8.32198e+08,0.000926533,0.000153338,4.87789e-25
0,1.91773e+09,7.36458e+06,3.17121e+08,-1.00229e+09,8.88162e+08,-8.72426e+07,-1.16207e+09,0.000957226,0.000158289,-1.46182e-25
0,1.98588e+09,2.17955e+07,3.30318e+08,3.42111e+08,4.92928e+08,-37594.1,-8.47919e+08,0.000976231,0.000162379,-5.1796e-27
0,2.01947e+09,-7.72892e+07,3.04441e+08,-8.09331e+09,7.56858e+08,6.64525e+08,-8.01755e+08,0.00101663,0.00015326,-4.31439e-23
0,2.08862e+09,1.36496e+07,3.1222e+08,2.57535e+09,-7.05393e+08,-2.78966e+08,-8.7366e+08,0.00101916,0.00015235,2.16064e-24
0,2.02426e+09,1.68705e+07,3.31392e+08,4.94805e+09,6.45513e+08,2.60263e+08,-7.25096e+08,0.000913272,0.000149511,7.52872e-24
0,2.0296e+09,1.38867e+07,3.12151e+08,1.17547e+10,5.77428e+08,1.03646e+08,-1.3993e+08,0.000925111,0.000142282,1.96373e-23
0,2.14288e+09,7.05998e+06,3.17652e+08,-1.66846e+08,-9.63527e+08,-5.02519e+08,-8.48729e+08,0.000990327,0.000146802,-3.70358e-25
0,2.01194e+09,-1.68907e+07,2.87362e+08,-3.68728e+09,-3.44784e+08,3.06403e+08,-7.88497e+08,0.0010821,0.000154554,-7.47134e-24
0,2.11963e+09,-2.4608e+07,3.27535e+08,-2.98199e+09,-1.13651e+08,3.25978e+07,-8.36434e+08,0.000991363,0.00015319,-1.84578e-24
0,1.93741e+09,3.84656e+07,3.18665e+08,1.32636e+09,1.00975e+09,-4.84366e+08,-1.01521e+09,0.000974891,0.000160351,7.89193e-26
0,1.82953e+09,-3.00327e+07,2.90479e+08,-3.05406e+09,2.50357e+09,3.80801e+08,-1.08715e+09,0.00106687,0.00016939,6.04128e-24
0,2.0023e+09,-1.88588e+07,3.08769e+08,-1.74789e+09,1.06011e+09,3.62359e+08,-8.39495e+08,0.000932966,0.00014387,-1.3852e-25
0,2.03403e+09,-6.98839e+07,3.12363e+08,-8.61254e+09,7.96319e+08,2.81146e+08,-7.61845e+08,0.000986637,0.000151517,-4.71052e-23
0,1.98898e+09,-4.22573e+06,2.96528e+08,1.96942e+09,1.10364e+09,2.17291e+08,-8.36546e+08,0.00100009,0.000149099,1.16998e-24
0,2.30839e+09,1.70729e+07,3.33682e+08,-3.35305e+09,3.98757e+08,1.31837e+08,1.67287e+08,0.000893697,0.000129185,2.97146e-25
0,2.05352e+09,-2.50861e+07,3.19327e+08,-3.28304e+09,-3.269e+08,1.15802e+08,-9.96256e+08,0.00102331,0.000159127,-4.19097e-24
0,1.96347e+09,-1.45284e+07,3.14178e+08,6.36566e+08,-1.83641e+08,1.7256e+07,-1.18034e+09,0.000992046,0.000158739,-8.50133e-26
0,2.12261e+09,-3.52884e+07,3.30984e+08,-4.64385e+09,4.99218e+08,-2.54758e+08,-5.84636e+08,0.000922869,0.000143905,-4.16994e-24
0,2.16522e+09,-1.43336e+07,3.28344e+08,-1.95376e+09,-7.09061e+08,3.20928e+08,-3.00574e+08,0.000971097,0.000147262,-3.94148e-25
0,2.13382e+09,-2.18225e+07,3.33994e+08,-4.74295e+09,-2.0264e+08,-3.08627e+08,-6.93111e+08,0.000983047,0.00015387,-5.58171e-24
0,2.00101e+09,3.02685e+07,3.16252e+08,6.94588e+09,-2.95949e+08,-3.18532e+08,-1.03809e+09,0.00101632,0.000160625,4.76077e-23
0,1.96748e+09,4.72577e+07,3.19498e+08,2.02068e+09,6.72966e+08,-2.95081e+08,-9.46957e+08,0.000990823,0.000160899,6.84735e-25
0,2.24068e+09,2.21728e+07,3.27435e+08,6.66038e+09,-9.32966e+08,1.26622e+08,-5.35218e+08,0.000957048,0.000139855,9.1837e-24
0,2.19151e+09,2.86154e+07,3.13618e+08,-4.28309e+09,-2.44286e+08,9.62009e+07,1.26079e+08,0.000961389,0.000137581,5.60199e-25
0,2.07308e+09,-1.21714e+07,3.41417e+08,-1.5744e+09,1.25871e+08,-9.8443e+07,-4.55618e+08,0.000946186,0.000155828,-1.37473e-25
0,2.07869e+09,-4.2792e+07,3.07283e+08,-8.892e+09,-1.31948e+09,2.2137e+08,-9.73277e+08,0.00103335,0.000152755,-9.98403e-23
0,2.22953e+09,-1.57466e+07,3.35734e+08,-4.33938e+09,-4.45056e+08,-2.71289e+08,-4.63355e+08,0.000947894,0.000142738,-1.75169e-24
0,2.12194e+09,3.35808e+07,3.21085e+08,6.49451e+09,-8.56772e+08,1.65629e+08,-8.32685e+08,0.00101616,0.000153762,2.27983e-23
0,1.99286e+09,-6.79572e+07,3.20142e+08,-8.31194e+09,1.37357e+09,-1.60784e+08,-6.76776e+08,0.00094987,0.000152591,-4.14879e-23
0,2.29184e+09,3.82335e+06,3.21952e+08,1.3794e+09,2.80364e+08,-2.62497e+06,5.51877e+07,0.000918931,0.000129089,-9.42228e-27
0,2.2834e+09,2.50595e+07,3.31519e+08,-3.88901e+09,-518204,2.36556e+08,1.59948e+08,0.000892651,0.000129601,3.3918e-25
0,2.10988e+09,-2.57834e+07,3.13217e+08,-3.24252e+09,-7.21363e+08,-3.15323e+08,-8.08024e+08,0.00100456,0.000149129,-2.39647e-24
0,1.83539e+09,-1.80782e+07,2.95982e+08,-2.41145e+09,1.54612e+08,2.21108e+08,-1.61469e+09,0.00103649,0.000167149,-2.74374e-24
0,2.09519e+09,-1.21882e+07,3.2272e+08,2.36085e+08,5.1021e+08,-1.14047e+08,-3.37702e+08,0.000885377,0.000136374,-2.48587e-28
0,2.13814e+09,-1.90757e+07,3.21406e+08,-4.12458e+09,-9.97418e+08,-5.50956e+08,-7.27808e+08,0.000965166,0.000145084,-2.43755e-24
0,2.18559e+09,1.72097e+07,3.07975e+08,1.0809e+10,5.65904e+07,-5.8644e+07,-1.19142e+08,0.00102755,0.000144793,1.37164e-23
0,1.95068e+09,2.47835e+07,3.13719e+08,-9.20305e+09,-7.87114e+08,2.50456e+08,-5.28255e+08,0.00104836,0.000168603,-8.49874e-23
0,2.17552e+09,-2.62902e+07,3.33332e+08,-5.37412e+09,-1.05523e+08,-3.0171e+08,-5.10091e+08,0.000929298,0.000142386,-4.25205e-24
0,1.993e+09,5.10131e+06,2.90937e+08,2.60981e+09,-9.13821e+08,4.37899e+08,-1.12322e+09,0.00103461,0.000151031,2.94817e-24
0,2.15923e+09,1.26228e+07,3.1782e+08,2.54052e+09,-1.70603e+09,1.87891e+08,-7.63742e+08,0.00101481,0.000149372,4.7748e-24
0,2.08663e+09,-3.48808e+06,3.2624e+08,5.48941e+09,2.09449e+08,1.55436e+08,-7.92616e+08,0.0009597,0.000150047,1.0834e-23
0,2.12544e+09,7.76669e+06,3.3229e+08,6.43155e+09,-8.46289e+08,3.2792e+08,-5.40127e+08,0.000977573,0.000152833,9.90801e-24
0,2.06446e+09,2.86179e+06,3.17418e+08,1.69446e+09,-1.31483e+09,1.69559e+08,-1.06593e+09,0.00103628,0.000159331,2.74129e-24
0,2.07279e+09,-6.11652e+07,3.24602e+08,-6.98102e+09,1.39616e+09,-6.37309e+07,-6.2344e+08,0.000924888,0.000144839,-1.49213e-23
0,2.24779e+09,-1.6629e+06,3.33363e+08,-1.4779e+09,-8.12027e+08,-7.09279e+07,-5.68436e+08,0.000967876,0.000143543,-2.78852e-25
0,2.04727e+09,-4.08758e+07,3.23374e+08,-3.33053e+09,1.18217e+09,3.17541e+08,-6.51082e+08,0.000906785,0.00014323,-7.29651e-25
0,2.11558e+09,-2.99805e+07,3.33447e+08,-6.16053e+09,1.0378e+08,-3.63203e+08,-6.62661e+08,0.000949484,0.000149653,-1.13886e-23
0,1.91704e+09,1.68558e+07,3.19013e+08,-1.41239e+09,2.01164e+09,-2.90484e+08,-8.31824e+08,0.000880432,0.000146511,4.00185e-25
0,2.12029e+09,-3.60438e+07,3.13363e+08,-4.84513e+09,-5.57733e+08,-1.06173e+08,-7.51376e+08,0.000983067,0.00014529,-7.22562e-24
0,1.89581e+09,3.7797e+07,3.17726e+08,3.65696e+09,3.25666e+08,-2.59596e+08,-1.06543e+09,0.0010087,0.000169051,7.69772e-24
0,2.05904e+09,-8.59431e+06,3.05919e+08,9.02842e+08,1.04126e+09,3.49197e+08,-7.10572e+08,0.0010045,0.000149242,1.70509e-25
0,2.06808e+09,-1.55249e+07,3.2608e+08,-6.94449e+08,6.27423e+08,1.28212e+08,-6.69742e+08,0.000915344,0.000144325,-8.48264e-27
0,1.96323e+09,1.3851e+06,2.90017e+08,-5.23148e+09,-1.41265e+09,3.46837e+08,-6.68656e+08,0.00102916,0.000152033,-2.72538e-23
0,2.0974e+09,-3.88482e+07,3.27553e+08,-5.49063e+09,4.20668e+08,-1.53014e+08,-6.92609e+08,0.000978705,0.000152845,-1.06091e-23
0,2.07749e+09,1.61661e+07,3.19087e+08,1.9003e+09,-1.29245e+09,-1.7446e+08,-9.30187e+08,0.00104235,0.000160098,2.59951e-24
0,2.25894e+09,3.57072e+06,3.13869e+08,1.42014e+09,-6.10116e+08,1.20001e+07,-1.75254e+07,0.000957877,0.000133092,3.76535e-26
0,2.1316e+09,1.15726e+07,3.26032e+08,2.65617e+09,3.10708e+06,1.12432e+07,-6.22645e+08,0.000926425,0.000141699,6.83999e-25
0,1.94842e+09,-3.00176e+07,3.12588e+08,2.17148e+09,1.01528e+08,6.73698e+07,-6.79052e+08,0.000925293,0.000148446,6.17332e-25
0,2.11011e+09,-4.1708e+07,3.30502e+08,-6.42926e+09,6.722e+08,-1.96133e+08,-5.27612e+08,0.00091254,0.000142929,-9.49439e-24
0,2.16138e+09,-6.18149e+06,3.16312e+08,-4.86675e+08,-9.45607e+08,-3.02174e+08,-8.39899e+08,0.000997622,0.000146,-3.15842e-25
0,2.08664e+09,6.69358e+07,2.93659e+08,-8.49075e+09,-1.40405e+09,4.42016e+08,3.48144e+08,0.000950733,0.000133799,4.94955e-24
0,2.04469e+09,-6.62754e+06,3.41976e+08,3.41461e+07,1.34825e+07,3.12788e+07,-4.47538e+08,0.000966792,0.000161697,-3.15742e-28
0,2.02889e+09,-2.2972e+07,3.20722e+08,2.20055e+09,1.09965e+09,4.99713e+08,-6.93426e+08,0.000906996,0.000143376,1.19768e-24
0,1.92969e+09,1.27453e+07,3.15851e+08,6.65581e+07,7.40991e+08,1.22487e+08,-1.27599e+09,0.000992926,0.000162521,-1.85951e-26
0,2.17046e+09,-2.39382e+07,3.21081e+08,-6.97513e+09,-1.00019e+09,-1.90848e+08,-6.13604e+08,0.000978075,0.000144689,-1.52398e-23
0,2.23439e+09,1.37784e+07,3.31136e+08,2.81026e+09,-4.53704e+08,1.11924e+08,-2.19294e+08,0.000930266,0.000137865,2.24535e-25
0,2.03694e+09,1.32672e+07,3.14354e+08,7.51134e+07,-1.10787e+09,-1.63585e+08,-1.08013e+09,0.00103429,0.000159618,-2.95249e-25
0,1.98978e+09,-395066,3.07268e+08,-1.25992e+09,-9.11937e+08,8.26276e+07,-1.18632e+09,0.00102629,0.000158483,-7.58966e-25
0,1.93862e+09,-4.65798e+07,3.11553e+08,-3.78868e+09,1.0262e+09,7.21151e+08,-9.62048e+08,0.000959668,0.000154227,-3.14209e-24
0,1.97012e+09,3.27787e+06,3.21034e+08,-6.92608e+09,-8.68048e+08,-4.59635e+08,-4.11099e+08,0.00101646,0.000165633,-1.26322e-23
0,1.82951e+09,-7.22302e+07,3.07623e+08,2.73144e+09,-2.32613e+08,2.86424e+08,-1.26932e+08,0.000838359,0.000140966,6.63e-26
0,1.99855e+09,2.80164e+06,3.06843e+08,4.88425e+09,1.28871e+09,1.25372e+08,-8.31673e+08,0.000931048,0.000142946,9.24166e-24
0,2.17116e+09,1.30557e+06,3.23406e+08,-8.93819e+08,-8.51125e+08,3.16881e+07,-7.16285e+08,0.000993615,0.000148004,-2.03635e-25
0,1.88432e+09,-5.14754e+07,3.26123e+08,-2.01728e+09,-1.21149e+09,-4.04384e+08,-1.71771e+08,0.000902524,0.000156202,-4.1338e-25
0,2.0916e+09,-1.92468e+07,3.28149e+08,-8.36225e+09,-9.51184e+08,-1.99011e+08,-4.5223e+08,0.000961457,0.000150842,-2.03074e-23
0,2.0572e+09,-2.38968e+07,3.14932e+08,-2.62645e+09,-9.37094e+08,8.08093e+07,-9.11457e+08,0.00101419,0.00015526,-3.00586e-24
0,2.04317e+09,4.2298e+07,3.10456e+08,-4.64689e+08,5.6677e+08,-3.50905e+08,-7.07878e+08,0.00101541,0.00015429,-3.10824e-26
0,2.02261e+09,1.6721e+07,3.21501e+08,4.56511e+09,1.80838e+09,1.20084e+08,-6.50112e+08,0.000910515,0.00014473,3.62454e-24
0,1.96843e+09,-3.22225e+07,3.04892e+08,-3.07822e+09,-6.54517e+08,5.25391e+08,-1.09175e+09,0.00104463,0.000161803,-5.89197e-24
0,2.05575e+09,-1.78172e+07,3.34561e+08,-5.1284e+09,2.95567e+08,-2.48421e+08,-5.91596e+08,0.000916583,0.000149168,-5.99305e-24
0,1.939e+09,-5.72825e+06,3.33142e+08,-2.95074e+09,-4.84109e+08,1.53959e+08,-4.49222e+07,0.000932369,0.000160191,-3.69555e-25
0,2.04014e+09,-3.55827e+07,3.2953e+08,-5.48957e+09,-6.64098e+07,-6.30921e+08,-7.39745e+08,0.00100767,0.000162763,-1.29773e-23
0,1.93147e+09,-3.7153e+07,2.98228e+08,-1.65949e+09,-5.23608e+08,4.55569e+08,-5.61363e+08,0.000984743,0.000152049,-4.45838e-25
0,1.77191e+09,-8.68932e+06,3.25436e+08,-2.03949e+09,1.54271e+08,-2.9398e+08,-8.86182e+08,0.000964918,0.000177221,-1.21962e-24
0,2.22296e+09,1.72889e+07,3.16517e+08,5.5889e+09,-1.16038e+08,-647627,-1.0655e+08,0.000943653,0.000134362,1.02794e-24
0,2.09001e+09,-1.09631e+07,3.36999e+08,-7.31851e+09,-9.0464e+07,-3.3648e+08,-5.845e+08,0.000937561,0.000151175,-1.6056e-23
0,1.85072e+09,1.82552e+07,2.80949e+08,4.75995e+09,7.41944e+08,-4.99914e+07,-1.57171e+09,0.00105167,0.000159648,3.72191e-23
0,2.08685e+09,6.45345e+06,3.38196e+08,1.1679e+09,4.0156e+08,-6.71701e+07,-4.89652e+08,0.000906422,0.000146895,4.10259e-26
0,2.00021e+09,1.46584e+07,3.13582e+08,-2.87411e+09,-7.70502e+08,7.77046e+07,-1.14126e+09,0.0010406,0.00016314,-4.87577e-24
0,2.05705e+09,-6.86911e+06,3.10344e+08,3.44106e+09,-6.83087e+07,-2.98362e+07,-6.80384e+08,0.000969051,0.000146199,2.48113e-24
0,1.96631e+09,-1.95901e+07,3.18178e+08,-2.60497e+09,-4.08469e+08,-2.79989e+08,-7.99147e+08,0.000952812,0.000154179,-1.20911e-24
0,2.22628e+09,-394638,3.16518e+08,-6.86711e+08,1.66522e+08,1.16032e+08,1.62273e+08,0.000917717,0.000130475,3.5158e-27
0,2.11203e+09,-3.26252e+06,3.18352e+08,7.30715e+08,-1.58847e+09,-3.80208e+08,-9.40083e+08,0.00103956,0.000156696,-8.54051e-26
0,1.96968e+09,-4.57386e+07,3.02649e+08,-3.44501e+09,-1.24614e+08,7.54175e+08,-1.10953e+09,0.00103308,0.000158737,-5.85712e-24
0,1.94403e+09,-2.86305e+07,3.17814e+08,2.13954e+09,-7.80405e+08,-1.84777e+07,-7.33776e+08,0.00100156,0.000163737,1.64605e-24
0,2.07849e+09,1.49133e+07,3.04643e+08,-2.11643e+09,-4.75128e+08,-2.00177e+07,-9.90901e+08,0.0009794,0.00014355,-8.49071e-25
0,2.17999e+09,-1.33534e+07,3.25799e+08,1.55147e+09,-1.1566e+09,-1.55321e+08,-4.66191e+08,0.000946245,0.000141417,5.46669e-25
0,2.00891e+09,3.32811e+06,3.286e+08,-2.79204e+09,1.19692e+08,-3.54058e+08,-1.34398e+08,0.000972181,0.000159021,-4.27883e-25
0,1.93591e+09,9.32243e+06,3.24409e+08,9.48826e+08,9.44568e+06,2.04438e+08,-1.12965e+09,0.00100473,0.000168368,-8.37185e-26
0,2.21474e+09,1.20108e+07,3.26235e+08,4.05255e+09,-9.18432e+08,1.74981e+08,-6.2095e+08,0.000958186,0.000141142,2.7461e-24
0,2.08038e+09,-1.1767e+06,3.43389e+08,1.78607e+07,1.75988e+08,5.51191e+07,-3.00812e+08,0.000933705,0.000154118,-4.57529e-29
0,1.89688e+09,2.2035e+07,3.07043e+08,-3.50148e+09,2.77254e+08,-2.93832e+08,-1.20249e+09,0.00103391,0.000167356,-9.33577e-24
0,1.93956e+09,-1.83135e+07,3.11711e+08,-1.21828e+09,-1.01322e+09,-2.52833e+08,-6.6113e+08,0.0009523,0.000153047,-7.0467e-25
0,2.01076e+09,-4.90793e+07,2.9474e+08,-6.22377e+09,4.21819e+08,5.68386e+08,-1.0318e+09,0.000975956,0.000143057,-2.32546e-23
0,2.20172e+09,2.1441e+07,3.05942e+08,6.30669e+09,-1.41841e+09,-3.39904e+08,-3.5682e+08,0.000973239,0.000135237,1.24873e-23
0,1.95346e+09,1.83873e+07,3.06639e+08,-2.24977e+09,-5.82141e+08,-2.8752e+08,-7.98672e+08,0.000991088,0.000155574,-1.0628e-24
0,1.99313e+09,-4.05758e+07,3.13507e+08,-4.99308e+09,-2.12139e+08,6.40206e+08,-9.1334e+08,0.00103058,0.000162104,-1.66579e-23
0,1.9535e+09,-3.76731e+07,3.0672e+08,5.75726e+09,-1.01833e+09,-6.12369e+08,-1.03313e+07,0.000889828,0.000139713,4.84699e-24
0,1.96532e+09,-2.1897e+07,3.02961e+08,-1.57806e+09,-3.33821e+07,4.13333e+08,-1.1531e+09,0.000991415,0.000152831,-1.75917e-25
0,2.20226e+09,-1.43159e+07,3.22486e+08,-5.06127e+09,-1.83312e+09,-3.28185e+08,-7.62746e+08,0.00104071,0.000152395,-1.47393e-23
0,2.05865e+09,-3.29873e+06,3.33295e+08,-6.87549e+09,-7.42366e+08,-5.36515e+08,-2.33331e+08,0.000951372,0.000154027,-1.52313e-24
0,2.14261e+09,-4.20588e+07,3.23161e+08,-7.03038e+09,-1.17788e+08,-2.05531e+07,-6.41652e+08,0.000985333,0.000148614,-1.81788e-23
0,2.11847e+09,-4.98054e+07,3.15329e+08,-4.36664e+09,5.05684e+08,4.70932e+07,-5.19233e+08,0.00097581,0.000145247,-3.4738e-24
0,2.09849e+09,-3.18274e+07,3.19658e+08,1.02217e+08,-1.16179e+08,-1.89775e+08,-5.69102e+08,0.00103241,0.000157264,-5.14371e-27
0,1.99133e+09,1.48766e+07,3.14713e+08,6.54277e+09,-1.07518e+09,1.63073e+08,-7.78621e+08,0.000967121,0.000152845,2.44975e-23
0,2.09414e+09,5.40917e+07,3.12641e+08,5.85906e+09,-3.53164e+07,-6.03124e+08,-7.62124e+08,0.000980696,0.000146411,1.3325e-23
0,1.93472e+09,-2.06134e+06,3.32664e+08,2.54416e+09,-9.77347e+07,2.08526e+08,-8.6599e+08,0.00101347,0.00017426,1.88798e-24
0,2.23369e+09,2.93605e+07,3.20308e+08,-2.31887e+09,5.00081e+08,4.63694e+08,1.9444e+08,0.000948125,0.00013596,2.82867e-25
0,2.03449e+09,-2.42088e+07,3.21824e+08,4.6009e+09,-1.49059e+09,9.90178e+07,-6.40347e+08,0.000967132,0.000152985,1.00412e-23
0,2.02651e+09,-1.34316e+07,3.22038e+08,1.26887e+09,-4.56431e+08,2.6279e+08,-4.76737e+08,0.000899724,0.000142978,5.39856e-26
0,2.2417e+09,-1.09812e+07,3.30459e+08,-1.95057e+09,-9.72885e+08,-4.90304e+07,-5.30322e+08,0.000969374,0.0001429,-5.99863e-25
0,1.91377e+09,-1.87065e+07,2.96585e+08,-1.25116e+09,-9.91426e+08,-8.4177e+07,-1.46912e+09,0.00107749,0.000166984,-1.76456e-24
0,2.24466e+09,3.66615e+07,3.26149e+08,-2.19707e+09,1.40505e+09,-1.36627e+08,5.19931e+07,0.000903539,0.000131284,4.85934e-25
0,2.06983e+09,-2.74595e+07,3.32162e+08,-6.09495e+09,3.89483e+08,-2.30772e+08,-5.4535e+08,0.000935517,0.00015013,-1.00738e-23
0,1.8217e+09,-2.78126e+07,3.12509e+08,-3.89115e+09,9.2218e+08,5.13601e+08,-1.19065e+09,0.000991694,0.000170123,-9.5322e-24
0,2.16415e+09,-4.05336e+07,3.20344e+08,-1.04854e+10,-1.08448e+09,-3.31532e+08,-7.98402e+08,0.00100388,0.000148598,-7.26912e-23
0,2.11498e+09,1.83614e+07,3.20308e+08,6.93579e+08,-1.03232e+09,7.37419e+07,-8.43328e+08,0.000993026,0.000150391,3.57799e-25
0,2.06145e+09,-1.52461e+07,3.20058e+08,-1.94698e+09,-4.77367e+08,2.705e+08,-8.11902e+08,0.00101882,0.00015818,-7.76601e-25
0,2.02455e+09,-1.1435e+07,3.2828e+08,2.64277e+09,-8.24156e+07,1.58971e+08,-9.63288e+08,0.000997765,0.000161787,1.74517e-24
0,2.04926e+09,-4.51458e+07,3.03634e+08,-5.65981e+09,9.06613e+08,3.61097e+08,-8.53485e+08,0.000931738,0.000138053,-9.73973e-24
0,2.13768e+09,-2.59027e+07,2.96867e+08,-3.07255e+09,6.86392e+08,4.58121e+08,-4.23888e+08,0.000913856,0.00012691,-2.73777e-25
0,1.89115e+09,-5.98364e+06,2.63278e+08,-1.50759e+09,2.85253e+09,1.39578e+08,-7.8254e+08,0.000928349,0.000129241,4.1515e-24
0,2.04899e+09,-7.58544e+06,3.42268e+08,-1.86169e+08,-1.01248e+06,4.17594e+07,-4.13393e+08,0.000965554,0.000161288,1.00814e-27
0,2.07206e+09,-1.46108e+07,3.17823e+08,1.78676e+09,-3.43434e+07,-1.02769e+08,-5.35194e+08,0.000992511,0.000152236,2.80388e-25
0,2.21823e+09,4.5138e+06,2.99599e+08,-8.20604e+09,3.39413e+08,2.89359e+08,7.94805e+06,0.000981869,0.000132613,1.59523e-24
0,2.03756e+09,3.07156e+07,3.30102e+08,1.86241e+09,9.6947e+08,-2.88729e+08,-6.48333e+08,0.000909514,0.000147349,1.01185e-25
0,1.93745e+09,-9.44512e+06,3.08823e+08,7.03038e+09,-1.81739e+09,2.52972e+08,-7.24895e+08,0.000979774,0.000156173,4.21831e-23
0,2.0528e+09,-1.01936e+07,3.18381e+08,1.19123e+09,1.5684e+08,3.65996e+08,-8.58319e+08,0.000957777,0.000148548,5.32155e-26
0,1.95368e+09,-3.79556e+07,3.25596e+08,5.07232e+09,1.13403e+09,8.06619e+08,-5.07903e+08,0.000911938,0.000151982,1.32045e-23
0,2.03549e+09,3.24932e+06,3.05244e+08,5.37243e+09,8.76314e+08,4.73e+08,-8.37823e+08,0.000936612,0.000140455,1.39598e-23
0,2.1494e+09,7.32066e+06,3.34423e+08,2.42287e+09,7.30868e+08,2.53391e+08,-3.92049e+08,0.000878987,0.000136761,4.01691e-25
0,2.01164e+09,-2.68425e+06,3.31233e+08,1.82278e+09,-5.98465e+08,1.45151e+08,-9.08119e+08,0.00103245,0.000170001,8.78411e-25
0,2.07451e+09,-5.80036e+07,2.98825e+08,9.32242e+09,-5.79947e+08,8.8841e+07,7.333e+07,0.000950657,0.000136939,-5.66616e-24
0,1.79709e+09,-4.60437e+07,3.15971e+08,-1.06767e+09,1.59243e+09,5.24313e+08,-1.08729e+09,0.000981598,0.000172588,1.13756e-25
0,2.0794e+09,-5.893e+06,3.3378e+08,1.68023e+09,-3.94698e+08,1.77971e+08,-7.61616e+08,0.00100675,0.0001616,3.29769e-25
0,1.95793e+09,-4.36643e+07,3.18291e+08,1.46784e+09,9.78481e+07,-1.81242e+08,-3.35911e+08,0.000939974,0.000152806,9.06343e-26
0,2.25923e+09,-2.15954e+07,3.11665e+08,1.78228e+09,4.4223e+08,1.31095e+07,-7.04211e+07,0.000915532,0.000126299,9.48639e-27
0,2.05199e+09,-4.87188e+07,3.22646e+08,-1.16502e+10,-1.29881e+08,-2.57591e+08,-7.42252e+08,0.000961872,0.00015124,-1.04422e-22
0,2.28202e+09,2.52393e+07,3.25273e+08,6.2893e+09,-8.78451e+08,-1.4784e+08,-4.13372e+08,0.000957557,0.000136488,6.80684e-24
0,1.99389e+09,-3.96471e+07,3.05562e+08,-3.3232e+09,1.57109e+08,-2.71472e+08,-9.8589e+08,0.000994311,0.000152378,-4.19622e-24
0,2.00686e+09,8.23145e+07,3.01888e+08,-7.21903e+09,-9.26658e+08,-3.72939e+08,2.77572e+07,0.000925617,0.000139239,4.86765e-24
0,2.32581e+09,9.68821e+06,3.31574e+08,2.36741e+09,-1.00876e+09,-6.48516e+07,-2.4795e+08,0.000916217,0.000130618,4.03358e-25
0,2.12316e+09,-8.12508e+06,3.17522e+08,-1.41537e+09,-1.26741e+09,1.13576e+08,-7.15117e+08,0.000993321,0.000148552,-9.9951e-25
0,1.94957e+09,-2.95487e+07,3.11087e+08,-2.33324e+09,-1.4127e+09,7.31969e+07,-1.09188e+09,0.00108077,0.000172455,-8.13407e-24
0,1.99889e+09,-2.26002e+07,3.11416e+08,7.84107e+09,-2.01461e+09,5.31286e+08,-5.75322e+08,0.00101958,0.000158846,3.47328e-23
0,2.11802e+09,2.56046e+07,3.35604e+08,8.17747e+09,1.82253e+08,6.04952e+08,-4.67393e+08,0.000927655,0.000146988,1.78004e-23
0,2.00733e+09,-6.54521e+06,3.32946e+08,9.55726e+08,-5.2908e+07,2.67217e+08,-8.17289e+08,0.000997818,0.000165503,-3.79553e-27
0,2.12446e+09,-2.91285e+07,3.24032e+08,-7.11376e+09,7.07518e+08,-4.05427e+08,-3.61902e+08,0.001003,0.000152982,-1.65142e-23
0,1.94287e+09,-5.41327e+06,3.33612e+08,8.72088e+08,-1.60245e+08,1.15136e+08,-8.18758e+08,0.00102039,0.000175213,1.5149e-26
0,2.19604e+09,1.21634e+07,3.13423e+08,5.21942e+08,-1.84408e+09,-5.36924e+08,-6.90892e+08,0.00101059,0.000144233,-7.45805e-25
0,2.09743e+09,-1.3351e+07,3.2621e+08,-4.59483e+09,4.16189e+08,1.20304e+08,-6.44577e+08,0.000927422,0.00014424,-3.99228e-24
0,1.89658e+09,-3.0205e+07,3.06423e+08,-3.48951e+09,-7.22291e+08,8.19956e+07,-1.16507e+09,0.00105908,0.000171111,-1.17998e-23
0,1.98424e+09,6.71122e+07,3.05671e+08,-4.63233e+09,-1.59594e+09,-5.4449e+08,-8.61998e+06,0.000902861,0.000139086,1.90119e-24
0,1.6463e+09,-6.59627e+07,2.82413e+08,1.08357e+10,9.58787e+07,4.12869e+08,-3.77511e+08,0.000991616,0.000170106,1.56238e-22
0,1.99196e+09,-4.92273e+06,3.29768e+08,9.36005e+08,5.53153e+07,2.55896e+08,-9.50123e+08,0.00099906,0.000165394,-2.4888e-26
0,2.10074e+09,1.44193e+07,2.72458e+08,9.97353e+08,-2.71032e+08,8.22951e+07,3.68155e+08,0.00102131,0.00013246,-4.6299e-26
0,2.0291e+09,-2.47389e+07,3.22537e+08,-7.84842e+09,9.89675e+08,-2.30991e+08,-4.1307e+08,0.000974619,0.000154921,-2.42835e-23
0,1.9598e+09,-4.83632e+07,3.12964e+08,-2.81983e+09,1.34767e+09,4.32197e+08,-9.62764e+08,0.000958066,0.000152996,-1.00404e-24
0,1.99386e+09,-3.05602e+07,2.72217e+08,2.02542e+08,-3.5202e+08,-3.42247e+08,3.58394e+08,0.000953808,0.000130221,8.45273e-29
0,2.11793e+09,3.30671e+07,3.31605e+08,8.13977e+09,1.27483e+07,6.74277e+08,-6.07195e+08,0.000953396,0.000149274,2.36991e-23
0,2.02823e+09,-1.53122e+07,3.26789e+08,1.86761e+09,9.77375e+07,1.1286e+07,-9.28485e+08,0.00100354,0.000161691,5.4663e-25
0,2.09057e+09,3.73375e+07,3.26772e+08,5.0748e+09,2.34535e+08,-1.74569e+08,-6.16606e+08,0.000947844,0.000148155,5.86799e-24
0,2.07466e+09,2.38684e+07,3.31091e+08,7.52421e+09,-1.94045e+08,6.99798e+08,-7.48649e+08,0.000953388,0.000152149,2.29948e-23
0,2.06957e+09,9.05774e+06,3.41247e+08,2.64204e+09,2.19763e+07,2.17378e+08,-4.95641e+08,0.000958729,0.000158083,7.45771e-25
0,2.02063e+09,2.83261e+07,3.25643e+08,9.07558e+09,-4.28747e+07,4.91116e+08,-8.93737e+08,0.000973794,0.000156935,6.75725e-23
0,2.07355e+09,1.19743e+07,3.20426e+08,6.72571e+08,-6.82825e+07,1.26843e+07,-8.79274e+08,0.000960797,0.000148472,-1.53933e-26
0,1.99472e+09,-7.47507e+06,3.26723e+08,-3.80258e+09,-4.4011e+07,4.3469e+07,1.35366e+08,0.000925413,0.000151577,6.32008e-25
0,2.05479e+09,-1.78446e+07,3.23943e+08,-1.5375e+09,-5.32197e+08,1.28816e+07,-8.36606e+08,0.000988391,0.000155823,-3.81695e-25
0,1.91276e+09,-2.57548e+07,3.11326e+08,7.1748e+09,-1.51287e+08,5.69582e+08,-5.10257e+08,0.0010249,0.000166815,2.97972e-23
0,2.05042e+09,3.09972e+07,2.9871e+08,-5.96936e+09,-4.89608e+08,1.24011e+08,4.69236e+07,0.000915387,0.000133356,1.83008e-25
0,2.02558e+09,3.96231e+07,3.26748e+08,4.84822e+09,1.29756e+09,-1.075e+08,-7.25815e+08,0.000902458,0.000145576,4.77911e-24
0,1.90958e+09,-4.05073e+07,3.00836e+08,2.27146e+09,-7.71953e+08,1.96018e+08,-3.24373e+08,0.00100697,0.000158639,7.86631e-25
0,1.84472e+09,-9.46271e+06,3.0575e+08,-2.89695e+09,-5.30465e+07,-7.05096e+07,-1.08895e+09,0.00105,0.00017403,-5.40778e-24
0,1.69235e+09,-3.75733e+07,2.80571e+08,1.45788e+10,1.5612e+09,7.40179e+08,-4.6383e+08,0.00103567,0.000171702,7.45773e-22
0,2.03061e+09,4.04237e+06,3.35121e+08,5.12066e+08,-3.13214e+08,3.48848e+08,-7.50632e+08,0.00101036,0.000166745,-5.76056e-27
0,2.00628e+09,-4.73403e+07,2.5976e+08,-8.77002e+08,-1.31406e+08,-4.9658e+08,5.87192e+08,0.00106921,0.000138434,7.76031e-27
0,2.01711e+09,-1.18182e+07,3.20657e+08,5.60086e+09,4.05989e+08,5.99325e+08,-3.48657e+08,0.000940592,0.000149524,7.67607e-24
0,2.17209e+09,1.42037e+07,3.22288e+08,2.45596e+09,-1.17137e+09,2.8394e+08,-7.63327e+08,0.00100453,0.000149049,1.82634e-24
0,2.27325e+09,6.7953e+06,3.42338e+08,6.88826e+08,-1.73306e+08,6.49766e+07,-2.25298e+08,0.000908128,0.000136759,2.88927e-27
0,1.84421e+09,2.24698e+07,2.98338e+08,1.68517e+09,6.45206e+08,-8.682e+07,-1.45241e+09,0.00102187,0.000165308,7.44936e-25
0,2.14387e+09,-5.3266e+06,3.29085e+08,2.23285e+08,-9.20758e+08,-1.47382e+08,-8.60753e+08,0.00101626,0.000155996,-5.66898e-26
0,2.20445e+09,-1.88262e+06,2.83687e+08,-6.03827e+09,-8.10003e+08,3.4811e+08,-3.36977e+07,0.000975872,0.000125583,-2.78485e-24
0,2.21094e+09,5.35928e+07,3.14583e+08,9.34457e+09,-4.12814e+08,-3.38938e+08,-5.36165e+08,0.000945636,0.00013455,2.70185e-23
0,2.17512e+09,1.9444e+07,3.34277e+08,6.72792e+09,-5.18923e+08,5.4578e+08,-5.47788e+08,0.000984263,0.000151263,9.34356e-24
0,2.04509e+09,-2.11017e+07,3.22526e+08,-2.86934e+09,-7.81891e+08,-4.61617e+07,-6.75368e+08,0.000967567,0.000152593,-1.95948e-24
0,2.13614e+09,2.4429e+07,2.81233e+08,-3.28762e+09,-2.1587e+08,8.2867e+07,3.01606e+08,0.00100436,0.000132228,9.30887e-25
0,2.14877e+09,-9.51351e+06,2.88285e+08,-9.08892e+07,6.45183e+08,-3.11187e+08,2.86072e+08,0.000950145,0.000127474,3.24264e-26
0,2.13095e+09,2.04218e+07,3.22736e+08,7.74327e+09,-9.95566e+08,4.27657e+08,-9.1624e+08,0.0010158,0.000153844,3.65426e-23
0,2.29571e+09,2.08334e+07,3.2439e+08,5.92868e+09,-1.02016e+09,-1.63563e+08,-3.38177e+08,0.000949284,0.000134136,5.06036e-24
0,2.03478e+09,-7.08857e+06,3.40546e+08,4.13824e+08,3.73817e+07,1.14763e+08,-5.52773e+08,0.000964921,0.000161492,-3.86957e-27
0,2.05824e+09,-3.24829e+07,3.15988e+08,-1.81921e+09,1.49632e+08,4.59104e+08,-7.70531e+08,0.00095625,0.000146807,-2.46753e-25
0,2.03564e+09,-1.4381e+07,3.18722e+08,3.63015e+09,-7.6802e+08,4.5257e+08,-8.75249e+08,0.000985835,0.000154353,3.37439e-24
0,2.08595e+09,7.69959e+06,3.11006e+08,5.16372e+09,1.95895e+09,6.72549e+08,-3.39879e+08,0.000999194,0.000148976,1.11815e-23
0,2.01265e+09,1.18635e+07,3.1882e+08,3.34933e+09,-3.49107e+08,6.75554e+07,-9.60657e+08,0.000981204,0.00015543,3.72744e-24
0,1.95632e+09,-1.71099e+06,2.95626e+08,3.13849e+09,6.93729e+08,-4.72253e+07,-9.09738e+08,0.00109787,0.000165902,5.97438e-24
0,2.05711e+09,-1.50865e+07,3.11808e+08,-5.66328e+09,-1.39408e+09,-5.63345e+07,-7.40365e+08,0.00099124,0.000150248,-1.87708e-23
0,2.1523e+09,-1.61113e+07,3.32549e+08,-3.06961e+09,-6.82432e+08,-3.47148e+08,-7.41492e+08,0.00100681,0.000155561,-1.57554e-24
0,2.20771e+09,1.55674e+06,3.25676e+08,3.99144e+09,8.1957e+08,1.89684e+08,-9.43646e+07,0.000994201,0.000146662,7.57706e-25
0,1.96902e+09,5.82492e+06,3.09424e+08,-7.60637e+08,8.12931e+08,-1.46354e+08,-1.13043e+09,0.000951297,0.000149493,-5.06901e-26
0,2.2044e+09,1.1135e+07,3.3413e+08,3.34005e+09,-8.08523e+08,3.21865e+08,-5.62237e+08,0.00100274,0.000151989,1.39803e-24
0,2.18192e+09,5.51431e+06,3.26822e+08,4.7882e+09,-1.21287e+09,3.16436e+08,-8.25821e+08,0.00103544,0.000155094,9.24561e-24
0,2.04508e+09,-1.15019e+07,3.28936e+08,-1.90066e+09,-4.60145e+08,8.26106e+07,-9.80906e+08,0.00102093,0.00016421,-8.18402e-25
0,1.91786e+09,-2.78139e+07,3.17471e+08,4.16153e+09,1.23596e+09,2.1564e+08,-3.68608e+08,0.00106374,0.000176085,6.75455e-24
0,2.03946e+09,-6.6486e+06,3.42567e+08,6.7652e+08,6.61915e+06,1.11046e+08,-3.83477e+08,0.000967279,0.000162473,6.81797e-27
0,2.10583e+09,3.35619e+07,3.37059e+08,1.1752e+09,1.01072e+09,5.58495e+07,-2.26724e+08,0.000899835,0.000144027,-6.30226e-26
0,2.11332e+09,8.67225e+06,3.33185e+08,3.24035e+09,-6.41845e+08,5.2533e+08,-7.55654e+08,0.00100966,0.000159182,1.43736e-24
0,2.14498e+09,-3.78665e+07,2.97648e+08,4.94988e+09,-6.9612e+08,-3.52696e+08,3.5853e+08,0.000920478,0.00012773,-1.53569e-24
0,2.0444e+09,6.92525e+07,3.18361e+08,8.93777e+09,9.77967e+08,-9.12458e+07,-7.93057e+08,0.000967145,0.000150607,5.15825e-23
0,2.09053e+09,2.59332e+07,3.35905e+08,3.2672e+09,1.54706e+08,1.41401e+08,-4.37895e+08,0.000911156,0.000146404,9.90573e-25
0,2.10875e+09,1.79931e+07,3.2906e+08,8.3468e+08,-5.59722e+08,3.5194e+08,-7.60223e+08,0.000997295,0.000155623,8.13775e-26
0,2.18205e+09,1.83964e+07,3.21833e+08,1.00073e+09,-4.88751e+08,-4.23528e+08,-3.78925e+08,0.000933428,0.000137672,2.42724e-26
0,2.12555e+09,4.23984e+07,2.99525e+08,5.74197e+09,4.49568e+08,-1.80103e+08,-4.79279e+08,0.000930241,0.000131086,5.3272e-24
0,2.11472e+09,-1.51696e+07,3.2026e+08,-3.63656e+09,-8.5138e+08,7.31004e+07,-8.70212e+08,0.00100836,0.000152709,-5.1855e-24
0,2.02102e+09,2.24106e+07,3.2302e+08,2.03386e+09,-3.75493e+08,4.42212e+07,-8.211e+08,0.000970377,0.000155096,6.68598e-25
0,1.81403e+09,2.07966e+07,2.98628e+08,4.4248e+09,1.3854e+09,5.46178e+08,-3.76719e+08,0.001024,0.000168572,1.61942e-23
0,1.96004e+09,4.33343e+07,2.75949e+08,-1.51833e+10,-3.1659e+09,-1.69363e+08,-7.31268e+08,0.00113418,0.000159678,-9.07091e-22
0,2.22844e+09,1.44434e+06,3.22137e+08,4.09772e+07,-9.247e+08,1.15592e+08,-1.67185e+08,0.00091241,0.000131895,2.09806e-26
0,2.03805e+09,-3.5773e+07,3.15644e+08,-2.69376e+09,5.51305e+08,8.98801e+07,-9.3485e+08,0.000955772,0.000148026,-1.48985e-24
0,2.02308e+09,5.00146e+07,3.20334e+08,2.62759e+09,8.21907e+08,-3.87292e+07,-9.49185e+08,0.000975293,0.000154428,1.71433e-24
0,1.95902e+09,-9.91105e+06,3.22671e+08,7.17162e+09,6.59878e+08,4.58958e+08,-1.96472e+08,0.00100142,0.000164945,1.70215e-23
0,2.07163e+09,6.28153e+06,3.28875e+08,1.44063e+09,-5.26613e+08,4.34218e+08,-9.35922e+08,0.00101572,0.000161246,1.47326e-25
0,2.04714e+09,-2.28111e+07,3.33124e+08,-4.87143e+09,-2.26252e+08,-1.16876e+08,-6.96907e+08,0.000969962,0.000157839,-7.40303e-24
0,1.87938e+09,6.22531e+06,2.98777e+08,4.40789e+09,2.52871e+08,-4.74232e+08,-1.2642e+09,0.00108082,0.000171825,2.30495e-23
0,2.02505e+09,2.47272e+07,3.2752e+08,-1.11349e+08,1.29906e+08,1.86221e+08,-8.10548e+08,0.000992862,0.00016058,2.24404e-27
0,1.77724e+09,7.85968e+06,2.92924e+08,1.47446e+09,2.89592e+09,-3.5649e+08,-9.14897e+08,0.00106384,0.000175341,-8.61426e-24
0,2.19821e+09,-1.9592e+06,3.17121e+08,-5.06641e+09,7.52975e+08,4.99254e+08,2.35741e+07,0.000905564,0.00013064,1.44062e-24
0,1.84614e+09,-3.09039e+07,2.75041e+08,9.95051e+08,1.17702e+09,4.95701e+08,-1.12688e+09,0.000998406,0.000148744,7.19057e-25
0,2.01613e+09,-2.44475e+07,3.20944e+08,-1.24531e+09,7.30171e+08,4.25967e+08,-8.08871e+08,0.000943663,0.00015022,-4.49927e-26
0,2.09105e+09,1.28633e+06,3.21252e+08,-2.45763e+09,-9.87515e+08,1.60215e+08,-1.02929e+09,0.00103837,0.000159526,-3.03413e-24
0,2.07954e+09,2.68159e+07,3.08841e+08,5.98931e+09,-6.32805e+08,-5.61823e+08,-7.59884e+08,0.000964054,0.000143176,1.66543e-23
0,2.18288e+09,5.85924e+06,2.98348e+08,-4.74201e+09,-1.73028e+09,5.04126e+08,-4.16059e+07,0.000905213,0.000123721,-4.60999e-24
0,2.12652e+09,4.95015e+07,3.20479e+08,3.93952e+09,-7.06771e+08,-1.26734e+08,-3.45278e+08,0.000945759,0.000142531,2.04025e-24
0,2.09957e+09,2.51006e+07,3.38137e+08,4.45358e+09,-2.40922e+08,4.76774e+08,-3.24566e+08,0.000930089,0.000149791,1.33556e-24
0,2.05717e+09,3.6244e+07,3.28592e+08,2.85784e+09,5.18505e+08,-2.69812e+08,-5.4289e+08,0.00090635,0.000144771,6.33507e-25
0,2.27627e+09,-6.95233e+06,3.11891e+08,-3.82095e+09,-2.16699e+09,-1.2949e+08,-5.42437e+08,0.00100776,0.000138082,-8.81365e-24
0,2.03614e+09,-7.14759e+06,3.31946e+08,-5.13307e+08,-2.73498e+08,2.681e+08,-8.64145e+08,0.00101825,0.000166003,5.35023e-26
0,2.16348e+09,4.12274e+06,3.27394e+08,-8.91871e+07,-1.26722e+09,2.06051e+08,-8.42696e+08,0.00101595,0.00015374,2.55659e-25
0,2.05393e+09,-6.43439e+06,3.41829e+08,5.32421e+08,2.5788e+06,8.78048e+07,-4.55946e+08,0.000972317,0.00016182,1.16431e-27
0,2.11977e+09,2.58232e+07,3.08124e+08,6.25286e+09,-5.47058e+08,-4.63691e+08,-6.85922e+08,0.00096119,0.000139716,1.48208e-23
0,1.99955e+09,-8.13566e+06,3.36012e+08,-4.68468e+09,-2.16956e+07,1.65437e+08,-5.77764e+08,0.000958861,0.000161131,-5.93379e-24
0,1.86351e+09,-3.38097e+07,3.07779e+08,6.67752e+09,-6.29488e+07,7.85581e+08,-6.95419e+08,0.00100887,0.000166626,3.48654e-23
0,1.88394e+09,8.72985e+06,3.12608e+08,-2.33034e+08,1.53795e+09,-2.15436e+08,-1.24743e+09,0.000969295,0.000160838,2.68859e-27
0,2.12228e+09,3.51551e+07,3.21689e+08,3.21604e+09,-1.28151e+09,-1.67183e+08,-4.13975e+08,0.000945177,0.000143267,2.63917e-24
0,1.834e+09,4.42429e+07,2.49322e+08,-1.32158e+10,-1.72469e+09,2.91036e+08,6.26594e+08,0.00110756,0.000150566,3.6291e-22
0,1.82662e+09,-9.76401e+06,3.11183e+08,-9.13996e+08,2.06572e+09,1.1529e+08,-1.08747e+09,0.000944325,0.000160875,5.23324e-25
0,2.09756e+09,-1.62894e+06,3.42317e+08,-1.60245e+09,-1.89749e+08,-1.28183e+08,-4.17112e+08,0.000977522,0.000159529,-1.29057e-25
0,2.1163e+09,5.77085e+06,3.26952e+08,6.56582e+09,-8.76929e+08,7.00765e+07,-5.19686e+08,0.000936236,0.000144641,1.05123e-23
0,2.14022e+09,1.86021e+07,3.38063e+08,4.70854e+09,-1.96762e+08,4.98912e+08,-4.97968e+08,0.000949598,0.000149996,2.89068e-24
0,1.99303e+09,9.80226e+06,3.01938e+08,7.32877e+09,7.13872e+08,8.93235e+07,-3.17735e+08,0.00110458,0.000167341,2.7924e-23
0,2.00967e+09,7.19836e+06,3.18455e+08,1.7823e+09,-3.49572e+08,2.73596e+08,-9.62045e+08,0.000979457,0.000155207,3.84653e-25
0,1.97608e+09,5.65809e+07,3.09183e+08,-5.25044e+09,-1.56897e+09,3.52201e+07,-6.25127e+08,0.000996277,0.000155881,-2.05472e-23
0,2.00112e+09,3.20879e+07,3.12686e+08,3.62041e+09,-2.02629e+08,-1.8825e+08,-7.15123e+08,0.000942682,0.000147299,3.15286e-24
0,2.02237e+09,-674409,3.11394e+08,-8.78917e+08,2.06109e+07,-4.46849e+08,-1.0486e+09,0.000994544,0.000153135,1.17361e-25
0,1.9457e+09,3.40014e+07,3.15659e+08,2.06787e+09,1.14698e+09,-3.41515e+08,-1.03338e+09,0.000950544,0.000154211,5.45016e-25
0,1.94855e+09,-2.37312e+07,3.19538e+08,-1.14362e+09,2.41923e+08,2.63592e+08,-1.23463e+09,0.00100393,0.000164632,4.33896e-26
0,2.0129e+09,1.62577e+07,3.26881e+08,-1.5378e+09,8.86955e+08,-3.70764e+08,-7.35917e+08,0.000935103,0.000151854,-4.86181e-25
0,2.12918e+09,2.63116e+07,3.21809e+08,3.1329e+09,-4.70784e+08,-8.90384e+06,-6.05266e+08,0.000953787,0.000144158,1.4387e-24
0,2.03905e+09,1.8906e+07,3.09121e+08,3.67174e+09,-1.53046e+09,-3.18217e+08,-1.13786e+09,0.00104534,0.000158474,1.57838e-23
0,1.91323e+09,3.20691e+07,3.09776e+08,3.68002e+09,2.97711e+08,-6.48345e+08,-1.14626e+09,0.000989093,0.000160147,6.33844e-24
0,2.3034e+09,4.2121e+06,3.12132e+08,6.44724e+09,9.20606e+07,-2.08246e+08,-1.58434e+08,0.000982343,0.000133116,2.26184e-24
0,1.96526e+09,-1.76925e+07,3.21226e+08,-2.37616e+09,4.04745e+08,-8.93329e+07,-7.2872e+08,0.000912986,0.00014923,-8.65393e-25
0,2.16714e+09,-1.33397e+06,3.32141e+08,6.45628e+08,-4.41882e+08,6.60404e+06,-6.81646e+08,0.000960978,0.000147282,2.43758e-26
0,1.93378e+09,-3.99565e+07,3.10429e+08,6.92463e+09,1.50833e+09,6.13465e+08,-5.4528e+08,0.000936014,0.000150258,3.28209e-23
0,1.97316e+09,-4.71392e+07,3.20117e+08,-6.13419e+09,6.20157e+08,-3.53422e+08,-1.05172e+09,0.00098023,0.000159029,-3.20948e-23
0,1.96472e+09,-2.52468e+07,3.14569e+08,-5.82854e+09,4.60481e+08,7.66788e+07,-1.17115e+09,0.000971549,0.000155554,-2.62759e-23
0,2.17284e+09,-1.46383e+07,2.92165e+08,-1.45777e+09,-1.01774e+09,-2.00263e+08,-4.75856e+08,0.000974791,0.000131073,-4.46189e-25
0,1.95404e+09,-5.81466e+07,2.76847e+08,-5.80155e+09,3.46233e+08,8.53737e+08,-1.11915e+09,0.000990657,0.000140356,-2.38832e-23
0,1.78678e+09,-4.02481e+07,3.13938e+08,-5.31177e+09,1.0473e+09,-3.17987e+07,-8.78892e+08,0.000936647,0.000164569,-2.12343e-23
0,1.9829e+09,-2.04449e+07,3.19643e+08,2.92408e+09,1.34104e+09,7.47572e+08,-7.72329e+08,0.000918832,0.000148116,4.37389e-24
0,1.88945e+09,6.45585e+07,2.98157e+08,-3.7334e+09,-9.46542e+07,-3.71703e+08,-8.29449e+08,0.00108587,0.000171352,-9.5454e-24
0,2.03885e+09,-3.74342e+07,3.13774e+08,1.48997e+09,8.55937e+08,-1.66395e+08,-6.23092e+08,0.00108018,0.000166237,1.79598e-25
0,1.90189e+09,-3.03354e+07,2.66266e+08,1.33829e+10,2.38673e+08,-1.00531e+09,3.65456e+08,0.00109619,0.000153466,-2.47408e-22
0,2.28756e+09,-581686,3.11263e+08,-8.61045e+08,-2.23514e+09,-2.98692e+07,-4.61524e+08,0.000975583,0.000132746,-1.50628e-24
0,1.89671e+09,3.62909e+07,3.12016e+08,2.61499e+09,7.76243e+08,-3.25944e+08,-1.16919e+09,0.000992296,0.000163236,2.36014e-24
0,2.0068e+09,4.08464e+07,3.12636e+08,1.82753e+09,3.55545e+08,2.04119e+07,-3.36558e+08,0.00109052,0.000169891,4.03186e-25
0,2.04417e+09,2.57641e+07,3.28103e+08,3.53737e+09,1.00153e+08,-1.68719e+08,-7.25417e+08,0.000986709,0.000158373,3.15084e-24
0,2.15443e+09,-9.54955e+06,3.37265e+08,-8.48354e+08,-2.18442e+08,-2.21583e+08,-5.41957e+08,0.000954246,0.000149382,-8.01697e-27
0,2.17831e+09,-7.80318e+06,3.10278e+08,-3.08314e+09,-1.84949e+09,9.30203e+07,-7.66212e+08,0.00101635,0.000144769,-7.54839e-24
0,2.0348e+09,6.04812e+06,3.16788e+08,6.11886e+08,-1.53671e+09,3.10494e+07,-9.9738e+08,0.00106239,0.000165399,1.43464e-24
0,2.00019e+09,2.23618e+07,3.23392e+08,3.25909e+09,-2.61974e+08,3.04319e+07,-7.10033e+08,0.000989244,0.000159941,2.81274e-24
0,1.8744e+09,-3.87311e+07,3.17825e+08,6.46831e+09,-1.55035e+09,5.06729e+08,-1.81137e+08,0.000965558,0.000163721,-4.22001e-25
0,2.13082e+09,1.09231e+07,3.30215e+08,1.6423e+08,-1.49932e+08,-3.98404e+08,-5.45343e+08,0.00095097,0.000147373,-4.78387e-27
0,2.17774e+09,1.70525e+07,3.24144e+08,3.23299e+09,-1.10715e+09,2.55995e+08,-6.69079e+08,0.000985858,0.000146739,2.30092e-24
0,2.22665e+09,1.57835e+07,3.22728e+08,2.73473e+09,-1.18129e+09,-2.77158e+08,-5.55697e+08,0.000968146,0.000140322,1.79742e-24
0,2.04095e+09,-2.10746e+07,3.18654e+08,-8.90055e+08,-2.96766e+08,3.7202e+08,-9.63065e+08,0.00100074,0.000156246,6.08239e-26
0,1.99817e+09,2.04247e+07,3.24156e+08,3.1736e+09,3.50153e+07,-2.19351e+08,-8.84854e+08,0.000981498,0.000159224,2.91929e-24
0,1.95464e+09,3.43165e+07,3.01898e+08,-1.04228e+10,-2.90866e+09,-3.66318e+08,-6.0336e+08,0.00105888,0.000163547,-1.90023e-22
0,2.03326e+09,-5.92327e+06,3.13552e+08,-1.66975e+09,-1.44159e+09,7.33919e+07,-1.09552e+09,0.00105696,0.000162996,-3.5001e-24
0,1.87879e+09,-3.64103e+07,3.18239e+08,8.09031e+09,-6.97968e+08,5.10228e+08,-1.17962e+08,0.00100384,0.000170035,-1.69708e-24
0,1.88877e+09,-1.61001e+07,3.24104e+08,5.54362e+09,8.94777e+08,5.06314e+08,-1.0101e+09,0.000955333,0.000163931,2.87393e-23
0,2.07745e+09,-1.11251e+06,3.28882e+08,-2.24448e+09,-2.35242e+08,-2.94439e+08,-7.87858e+08,0.000954417,0.000151094,-5.35444e-25
0,2.05401e+09,1.54854e+06,3.17523e+08,-8.359e+08,-1.34349e+09,-3.84274e+08,-9.11774e+08,0.00102043,0.000157744,-1.59909e-24
0,2.01939e+09,-5.41591e+07,3.22667e+08,-2.57322e+09,-1.22022e+09,-7.39906e+08,-6.35817e+08,0.000987019,0.000157711,-3.60136e-25
0,2.2017e+09,-1.59976e+07,3.37038e+08,-3.46293e+09,-2.92941e+08,-3.13816e+08,-5.04288e+08,0.000942561,0.000144288,-9.67233e-25
0,2.12334e+09,-1.59236e+07,3.29626e+08,3.266e+08,-5.31172e+08,-3.93348e+07,-7.79091e+08,0.000979744,0.000152095,6.89698e-27
0,2.01927e+09,3.45455e+07,3.23993e+08,3.72131e+09,1.98745e+08,5.05763e+07,-8.64413e+08,0.000993129,0.000159348,4.93321e-24
0,2.24535e+09,-7.2032e+06,3.09969e+08,2.34474e+09,1.99769e+07,-2.06511e+08,6.56474e+07,0.000970761,0.000134013,-5.33999e-26
0,1.86213e+09,5.07238e+07,3.00904e+08,-3.3468e+09,-2.61616e+09,-5.1297e+07,-7.72711e+08,0.0010497,0.000169623,-4.56132e-23
0,1.93122e+09,2.1577e+07,2.62375e+08,-9.67915e+09,-1.11134e+09,-1.04209e+08,6.46115e+08,0.0011441,0.000155437,1.7889e-22
0,1.87944e+09,5.10561e+07,2.92345e+08,-8.9762e+09,-7.6752e+08,-2.32045e+08,-5.99073e+08,0.00103748,0.00016138,-8.27863e-23
0,1.97832e+09,-7.45713e+06,3.16983e+08,1.8388e+09,-3.93064e+08,1.1131e+08,-9.81364e+08,0.000991273,0.00015883,6.44628e-25
0,2.24905e+09,-2.65367e+07,3.22643e+08,4.82189e+09,-1.2579e+09,-3.56508e+08,-4.45848e+07,0.000906912,0.000130103,2.11867e-24
0,1.76697e+09,1.50361e+07,2.96321e+08,-1.10188e+10,-1.19005e+09,1.48237e+07,-6.22347e+08,0.00102118,0.000171253,-2.32734e-22
0,1.99222e+09,-1.0031e+07,3.24542e+08,7.04354e+09,2.47145e+08,4.71814e+08,-9.43528e+08,0.00097766,0.000159266,3.86787e-23
0,2.12126e+09,3.39879e+07,3.08776e+08,8.33953e+09,4.91389e+08,1.14408e+07,-6.36677e+08,0.00105372,0.000153382,4.47814e-23
0,2.0452e+09,-6.07703e+06,3.41936e+08,-4.73501e+08,-3.40691e+06,7.77268e+06,-4.55322e+08,0.000970889,0.000162322,-3.48109e-28
0,1.86977e+09,2.35119e+07,2.62891e+08,5.1665e+09,-1.50011e+08,-2.32202e+08,-1.2733e+09,0.00103425,0.000145416,3.45314e-23
0,2.12085e+09,2.2712e+06,3.34199e+08,9.0435e+08,2.22699e+08,4.60637e+08,-5.01572e+08,0.000933027,0.000147024,3.0785e-26
0,1.84812e+09,3.53555e+07,3.17707e+08,2.74584e+09,2.22218e+09,-1.90346e+08,-1.07192e+09,0.00093574,0.000160862,-6.33899e-25
0,1.79664e+09,3.68033e+07,3.08725e+08,1.61372e+09,2.10458e+09,-2.79917e+08,-1.21521e+09,0.000936543,0.000160931,-6.11359e-25
0,2.04859e+09,1.55241e+07,3.20929e+08,-1.58318e+09,-9.06804e+07,1.64605e+08,-8.27002e+08,0.000994708,0.000155829,-2.5632e-25
0,2.11995e+09,-3.7209e+07,3.12106e+08,-6.43257e+09,-1.88956e+08,-1.6209e+08,-4.07426e+08,0.000907492,0.000133604,-5.99138e-24
0,2.10201e+09,3.38584e+07,3.25783e+08,4.17755e+09,-8.65487e+07,1.94189e+08,-9.06857e+08,0.000975499,0.000151189,5.31563e-24
0,1.8888e+09,-2.27528e+07,3.13984e+08,8.18908e+09,8.36661e+08,3.86687e+08,-4.25477e+08,0.00106728,0.000177418,6.92077e-23
0,2.06673e+09,4.35325e+06,3.33071e+08,6.89558e+09,-5.72378e+08,5.69161e+08,-7.05005e+08,0.000997542,0.000160763,1.86786e-23
0,2.11556e+09,-1.32691e+07,3.29437e+08,1.61508e+09,-1.65386e+08,8.74964e+07,-7.60158e+08,0.000956336,0.000148921,1.88051e-25
0,2.10781e+09,8.47886e+06,2.92025e+08,-7.4774e+09,-1.81185e+09,-3.3765e+08,2.49102e+08,0.000997271,0.000138166,1.33125e-23
0,2.05494e+09,-1.72881e+07,3.11926e+08,1.43673e+09,-6.80038e+08,1.68586e+08,-1.01841e+09,0.00100027,0.000151834,4.81785e-25
0,2.02647e+09,-3.86727e+07,3.10718e+08,-5.9149e+09,-6.47814e+08,3.16378e+08,-1.13613e+09,0.00104007,0.000159475,-3.61102e-23
0,1.84126e+09,3.71743e+07,3.01539e+08,2.7092e+09,5.13464e+08,-3.08186e+08,-1.35839e+09,0.00101442,0.00016613,3.86406e-24
0,1.95851e+09,1.36982e+07,3.04131e+08,1.98275e+09,2.15763e+08,-1.70868e+08,-9.74983e+08,0.000968,0.000150318,6.52827e-25
0,2.17306e+09,-1.62348e+07,3.21361e+08,-4.88429e+09,-1.03077e+09,1.11482e+08,-5.56924e+08,0.000941379,0.000139215,-5.51085e-24
0,2.04268e+09,-1.10798e+07,2.66478e+08,-2.03523e+09,-4.89393e+08,432860,4.2395e+08,0.00105243,0.000137295,5.16863e-25
0,1.8616e+09,-4.02132e+07,3.14401e+08,-8.38272e+09,-1.31011e+09,-7.09306e+08,-6.7424e+08,0.000965045,0.000162984,-3.48776e-23
0,2.14448e+09,-3.06043e+07,3.26917e+08,-3.14059e+09,-2.86904e+08,-6.07323e+06,-7.53627e+08,0.000983015,0.000149857,-1.83666e-24
0,2.0408e+09,9.489e+06,3.3284e+08,5.98616e+09,-5.55448e+08,7.43222e+08,-7.26826e+08,0.00100656,0.000164163,1.14225e-23
0,2.07826e+09,8.66588e+06,3.19064e+08,2.58583e+09,4.25127e+08,-3.55537e+07,-6.73412e+08,0.000914133,0.000140342,7.31148e-25
0,2.02841e+09,-4.63386e+07,3.11103e+08,-2.51432e+09,6.49383e+08,7.21874e+08,-8.0685e+08,0.000959424,0.00014715,-5.3464e-25
0,2.17982e+09,-1.04639e+07,3.20454e+08,-2.91947e+09,-9.67037e+08,-6.23288e+07,2.56453e+08,0.000930798,0.000136836,2.64615e-25
0,1.92862e+09,2.51405e+07,3.16602e+08,1.87846e+09,-3.62029e+08,4.27646e+06,-1.08655e+09,0.00100967,0.000165747,9.07034e-25
0,2.1703e+09,-2.6787e+07,3.34368e+08,-4.15611e+09,-1.20223e+08,-3.01562e+08,-5.76281e+08,0.000962908,0.000148351,-2.60632e-24
0,2.26478e+09,1.55125e+07,3.18094e+08,-1.20426e+09,9.47884e+08,2.47251e+08,3.02835e+08,0.00095125,0.000133606,1.57706e-25
0,1.97205e+09,9.17621e+06,3.14825e+08,-6.69205e+09,-8.93192e+08,-2.3168e+08,-7.50055e+08,0.00104744,0.000167218,-3.62879e-23
0,1.79816e+09,-4.57196e+07,3.10834e+08,1.81675e+09,6.37228e+08,1.45039e+08,-7.01138e+08,0.000969402,0.000167573,9.41911e-25
0,2.15945e+09,-8.22754e+06,3.41203e+08,-6.13502e+09,-2.38564e+07,-2.78617e+08,-3.18985e+08,0.000910031,0.000143789,-3.83719e-24
0,2.13609e+09,-1.49617e+07,3.3632e+08,-4.68302e+09,-2.40776e+08,-5.11594e+08,-5.43937e+08,0.000937215,0.000147561,-2.84817e-24
0,2.22294e+09,4.84914e+07,3.18312e+08,-7.92862e+09,-6.24036e+08,4.28666e+08,1.71494e+08,0.000930109,0.000133186,1.92219e-24
0,2.24631e+09,5.47725e+07,2.99405e+08,1.37127e+09,-8.57823e+08,9.34235e+07,-2.37669e+08,0.000977388,0.000130274,1.75219e-25
0,1.92173e+09,1.99328e+07,3.07056e+08,3.73476e+09,-3.88081e+08,-2.56464e+08,-1.23713e+09,0.001041,0.000166332,1.15403e-23
0,2.15579e+09,-1.36171e+07,3.31459e+08,-2.91506e+09,-7.05042e+08,-7.2193e+07,-4.16793e+08,0.000920432,0.000141519,-7.25221e-25
0,2.08063e+09,-2.56106e+06,3.44088e+08,-3.85619e+08,4.35982e+07,-8.22424e+07,-2.17181e+08,0.000933398,0.000154362,-6.54599e-28
0,2.05517e+09,1.26272e+07,3.2928e+08,4.90704e+09,-7.32135e+08,6.73375e+08,-8.6197e+08,0.00102864,0.000164809,7.63649e-24
0,1.85404e+09,-5.10232e+07,3.0809e+08,-2.5049e+09,-1.61129e+09,-1.49208e+08,-7.14956e+08,0.000997215,0.000165709,-7.90906e-24
0,1.94056e+09,-3.71983e+07,3.07342e+08,-3.02741e+09,-2.71157e+08,9.31561e+07,-1.21226e+09,0.00101858,0.00016132,-4.71169e-24
0,2.00206e+09,-1.81712e+07,3.12005e+08,-1.84619e+09,4.13331e+08,-3.56922e+08,-9.15456e+08,0.000976729,0.000152215,-6.91698e-25
0,2.04152e+09,1.00787e+07,3.13163e+08,2.47093e+09,-1.25402e+09,-1.57991e+08,-1.04034e+09,0.0010674,0.000163737,5.41592e-24
0,1.86788e+09,2.29825e+06,2.98647e+08,1.1629e+09,1.16208e+09,-3.21539e+08,-1.14552e+09,0.000966655,0.000154554,9.95055e-26
0,2.30432e+09,2.07631e+07,3.2995e+08,4.691e+09,-8.38123e+08,-1.26132e+08,-3.36552e+08,0.000927835,0.000132854,2.096e-24
0,1.91642e+09,-3.30984e+07,3.21136e+08,1.41286e+09,1.39721e+09,6.17883e+08,-8.04141e+08,0.000924373,0.000154898,8.94865e-25
0,2.09236e+09,330995,3.32889e+08,2.65361e+09,-9.15501e+08,4.99058e+08,-7.09272e+08,0.00105139,0.000167274,1.2204e-24
0,2.05811e+09,-6.9868e+06,3.34965e+08,7.50479e+08,9.17111e+07,-4.87756e+07,-6.55761e+08,0.000933589,0.000151945,5.46304e-27
0,2.12126e+09,-3.2179e+07,3.12879e+08,-5.86858e+09,1.58562e+08,3.60501e+08,-7.88112e+08,0.00094051,0.000138722,-1.02701e-23
0,1.93883e+09,1.88422e+07,3.16582e+08,2.20295e+09,1.76315e+08,-5.80156e+07,-1.2291e+09,0.00098276,0.00016047,1.22387e-24
0,2.11256e+09,1.74392e+07,3.15312e+08,2.9944e+09,-1.06956e+09,-5.9322e+08,-9.03884e+08,0.00101375,0.000151309,4.04639e-24
0,1.85041e+09,2.45179e+07,3.1403e+08,2.26843e+09,1.36882e+09,-1.72381e+07,-1.02623e+09,0.000934126,0.000158529,1.39332e-24
0,2.07203e+09,-1.4104e+07,3.21066e+08,6.3997e+08,-8.959e+08,5.59191e+08,-8.52983e+08,0.00101156,0.000156744,4.08936e-25
0,2.1646e+09,-8.97316e+06,3.18196e+08,2.41321e+09,2.75934e+08,2.10505e+08,3.34612e+08,0.000906328,0.00013323,-1.87871e-25
0,2.08637e+09,-1.53084e+07,3.37086e+08,-6.69712e+09,-5.06511e+07,-1.67049e+08,-5.30496e+08,0.000947387,0.000153065,-1.21152e-23
0,2.09164e+09,-4.02236e+06,3.10484e+08,-4.0989e+08,-1.65205e+09,-2.10076e+08,-1.04162e+09,0.00106843,0.000158598,-1.93067e-24
0,1.98425e+09,-8.24337e+06,3.03484e+08,2.09493e+09,6.53395e+08,-4.13847e+07,-1.00498e+09,0.000987031,0.000150963,1.01096e-24
0,1.99402e+09,-6.65191e+07,3.20392e+08,-6.42735e+09,1.45242e+09,-4.11721e+07,-8.21368e+08,0.000957755,0.000153889,-2.20827e-23
0,1.91822e+09,-1.31399e+07,2.58583e+08,1.77372e+09,-1.16887e+09,6.15282e+08,-1.28204e+09,0.00115008,0.000155035,4.91752e-24
0,2.07944e+09,-3.92242e+07,2.98359e+08,3.17667e+09,-3.13911e+09,-3.25295e+08,-7.26203e+08,0.00101335,0.000145397,2.91594e-23
0,2.27701e+09,1.8422e+07,3.33766e+08,-4.1315e+09,6.15027e+07,1.74219e+08,1.26396e+08,0.000900997,0.000132069,3.63546e-25
0,1.88369e+09,-4.51092e+06,3.1921e+08,-4.97285e+09,-8.22433e+08,-2.17675e+08,-7.7046e+08,0.000973499,0.00016497,-1.35836e-23
0,2.06432e+09,-3.27604e+07,3.15319e+08,-1.81795e+09,-2.61755e+07,-3.59999e+08,-6.74099e+08,0.000962655,0.000147043,-2.50195e-25
0,2.08579e+09,3.13347e+07,3.03131e+08,-4.02591e+09,-1.49939e+09,2.10331e+07,4.05836e+08,0.000931963,0.000135444,6.18605e-25
0,1.99241e+09,-1.94011e+07,3.09948e+08,-1.10709e+09,1.03112e+08,5.47831e+08,-1.09707e+09,0.0009867,0.000153496,6.61571e-26
0,2.08855e+09,-2.11432e+07,3.07297e+08,5.50085e+09,1.13494e+09,3.22039e+08,-5.07955e+08,0.000980894,0.000144323,1.04549e-23
0,1.98479e+09,-2.61513e+07,3.22169e+08,-6.84518e+08,-1.47457e+08,6.98271e+08,-8.40187e+08,0.0010076,0.000163553,8.96931e-26
0,2.09005e+09,-2.20904e+07,3.21944e+08,-2.87904e+09,-1.00645e+09,8.82133e+07,-1.06921e+09,0.0010579,0.000162956,-5.06029e-24
0,2.03622e+09,-408921,3.07604e+08,-5.54898e+08,-2.17899e+09,-2.06095e+08,3.90125e+08,0.000861904,0.000130205,-6.48442e-25
0,1.98108e+09,-1.98441e+07,3.18297e+08,-3.49498e+09,-6.0816e+07,3.88679e+08,-9.75014e+08,0.00101564,0.000163182,-5.3269e-24
0,2.0514e+09,-1.46202e+06,3.05422e+08,3.20405e+09,2.09436e+08,4.70496e+08,-9.5244e+08,0.000997507,0.000148513,3.31716e-24
0,1.85155e+09,-2.66414e+06,2.64075e+08,-4.53595e+08,-1.00647e+09,5.56693e+08,-1.40544e+09,0.00115659,0.000164958,3.09447e-24
0,1.98993e+09,1.10217e+07,3.08173e+08,2.20767e+09,1.85403e+09,7.25378e+07,-8.60599e+08,0.000932015,0.000144338,8.78828e-26
0,2.09092e+09,2.71669e+06,3.12628e+08,-1.23008e+10,-1.54806e+09,-7.73953e+07,-4.55544e+08,0.000997139,0.000149089,-9.12156e-23
0,2.17756e+09,2.44659e+07,2.87132e+08,9.30337e+08,1.2929e+09,5.03174e+08,2.99085e+08,0.00105536,0.00013916,-6.71797e-25
0,1.90108e+09,2.63286e+06,2.92724e+08,-2.33224e+08,8.27127e+08,-2.31576e+08,-9.92594e+08,0.000973708,0.00014993,-5.95032e-27
0,2.28928e+09,1.73856e+07,3.21697e+08,1.59138e+09,-6.9613e+08,-2.01527e+08,-2.38962e+08,0.000915778,0.000128688,1.21711e-25
0,2.05293e+09,-8.00421e+06,3.39428e+08,-1.35993e+09,1.26558e+08,5.69113e+07,-3.92029e+08,0.000895564,0.000148071,-5.58606e-26
0,1.84522e+09,4.96377e+06,2.98352e+08,7.39624e+09,-4.82385e+08,-2.12015e+08,-9.66153e+08,0.000984191,0.000159133,6.99551e-23
0,2.05119e+09,-4.38179e+07,3.17121e+08,-5.45365e+09,-4.42508e+08,-5.27523e+07,-1.15363e+09,0.0010382,0.000160509,-2.41023e-23
0,2.2655e+09,4.50364e+07,3.13557e+08,2.83384e+09,-5.21159e+08,-3.14763e+07,-2.72787e+08,0.000955365,0.000132227,4.23323e-25
0,1.92844e+09,9.74806e+06,3.10236e+08,-1.79336e+09,2.15906e+09,-5.19886e+08,-9.15697e+08,0.000909345,0.00014629,-1.86095e-25
0,1.90678e+09,-3.68121e+07,3.19283e+08,-5.281e+07,7.77479e+08,6.90959e+08,-9.9e+08,0.000990536,0.000165862,1.68865e-27
0,2.27397e+09,-3.40347e+06,3.20883e+08,7.80415e+09,-1.88435e+08,-1.98592e+08,-6.08065e+07,0.000942518,0.000133,1.73639e-24
0,2.17247e+09,5.08255e+06,3.30438e+08,-2.09187e+09,-4.4191e+08,1.1597e+08,-5.24122e+08,0.000950921,0.000144637,-3.80101e-25
0,1.9319e+09,-3.96625e+07,2.94242e+08,4.49171e+09,2.07434e+09,5.06857e+08,-7.93962e+08,0.0010247,0.000156069,1.78401e-23
0,2.05956e+09,-5.49597e+06,3.42231e+08,-1.46791e+08,-1.98087e+07,3.22716e+07,-4.2682e+08,0.000966676,0.00016063,9.57833e-28
0,2.14728e+09,-2.8698e+07,3.17583e+08,-3.86149e+09,-1.32309e+09,-1.42312e+07,-9.13903e+08,0.00104113,0.000153983,-9.16727e-24
0,2.13294e+09,-1.20305e+07,3.18479e+08,-1.93546e+09,-1.00237e+09,-4.32747e+08,-7.6927e+08,0.000996537,0.000148798,-7.93237e-25
0,2.04329e+09,1.32745e+07,3.26338e+08,3.62788e+09,1.64807e+08,1.73224e+08,-9.10893e+08,0.000954725,0.000152481,3.73011e-24
0,2.18636e+09,-1.79203e+07,3.19786e+08,-6.07984e+09,-1.60095e+09,-5.36249e+08,-7.14945e+08,0.00099769,0.000145927,-1.09916e-23
0,1.8094e+09,-2.9327e+07,3.08116e+08,6.28374e+09,-1.47569e+09,2.37958e+08,-8.70946e+08,0.00101948,0.000173603,5.63567e-23
0,1.77995e+09,-1.48424e+06,2.50965e+08,-1.7101e+09,-1.12822e+08,-7.99769e+07,-1.49925e+09,0.00112687,0.000158883,-7.20322e-25
0,1.97592e+09,-7.82338e+06,3.07914e+08,8.86774e+08,-1.34494e+09,-6.01546e+08,-8.27417e+08,0.000993293,0.000154788,-4.26549e-25
0,1.98064e+09,-1.92626e+07,3.3462e+08,-3.39568e+09,3.94775e+08,4.9802e+07,-6.54506e+08,0.000924324,0.00015616,-2.18024e-24
0,2.092e+09,2.74486e+07,3.24816e+08,1.89119e+09,1.01274e+08,2.36497e+08,-8.4584e+08,0.000963886,0.000149659,3.83459e-25
0,1.94513e+09,-2.15379e+07,3.22107e+08,-1.54431e+09,-9.77472e+08,-9.85974e+07,-4.55522e+08,0.00094099,0.000155824,-6.59706e-25
0,2.10407e+09,-4.48724e+06,3.43796e+08,1.02624e+09,-9.05174e+07,1.32961e+08,-2.38224e+08,0.000940368,0.000153652,1.37255e-26
0,2.04949e+09,-5.01278e+07,3.18221e+08,-3.60982e+09,7.45588e+08,1.20511e+08,-8.93971e+08,0.000956472,0.00014851,-3.40464e-24
0,1.85496e+09,-4.05557e+07,3.03015e+08,-5.87016e+09,6.37317e+08,3.8535e+08,-1.15414e+09,0.000990397,0.000161785,-3.55425e-23
0,2.03669e+09,-4.03743e+07,3.16772e+08,-2.78068e+09,4.97935e+08,2.72294e+08,-9.80663e+08,0.000993879,0.00015458,-1.85652e-24
0,2.03543e+09,-5.45586e+07,3.23592e+08,-7.18041e+09,5.10758e+08,-3.1748e+08,-9.6475e+08,0.000999573,0.000158912,-4.33361e-23
0,1.97297e+09,-5.7541e+07,3.03181e+08,2.03853e+08,-9.76714e+08,9.40117e+07,-4.75527e+08,0.0010215,0.000156971,1.77477e-25
0,2.01584e+09,-3.07836e+07,3.08937e+08,9.49121e+09,1.83803e+09,7.00662e+08,-2.71539e+08,0.00102819,0.000157575,7.29195e-23
0,2.0593e+09,6.54278e+06,3.17617e+08,-3.45405e+08,-9.44646e+08,-7.80425e+07,-1.00142e+09,0.00101698,0.000156855,-2.34217e-25
0,2.10165e+09,-5.21203e+07,3.17884e+08,-7.79515e+09,-2.72034e+08,-1.17665e+08,-8.83054e+08,0.00100682,0.000152285,-4.12364e-23
0,2.06193e+09,3.02383e+07,3.18035e+08,4.28059e+09,1.2026e+07,-3.01445e+08,-8.44048e+08,0.00097985,0.000151133,6.06113e-24
0,1.82444e+09,-3.544e+07,2.47993e+08,-1.97741e+09,3.37853e+08,3.44412e+08,-1.41223e+09,0.00110834,0.000150655,-1.57118e-24
0,1.8402e+09,2.48698e+07,3.11948e+08,-9.78471e+09,-2.67404e+08,9.95348e+07,-6.69967e+08,0.00104015,0.000176325,-1.4625e-22
0,2.17406e+09,-2.72583e+07,3.21131e+08,-9.42648e+09,-1.5259e+09,-1.96239e+08,-6.18259e+08,0.000975139,0.000144038,-3.94742e-23
0,1.9508e+09,-2.8848e+07,3.01244e+08,-5.46234e+08,2.64396e+08,2.32327e+07,-5.17079e+08,0.00102785,0.000158721,-7.06364e-27
0,2.07851e+09,-6.53e+07,3.16136e+08,-8.64969e+09,4.46823e+08,-2.49949e+07,-8.62911e+08,0.000975914,0.000148434,-5.09596e-23
0,2.23545e+09,5.17504e+06,3.1783e+08,-2.21744e+09,-2.17413e+09,-7.71621e+07,-6.34177e+08,0.00101073,0.000143702,-5.5294e-24
0,1.90301e+09,2.20512e+07,3.01969e+08,7.48872e+09,1.63353e+09,2.12866e+07,-7.89832e+08,0.000905727,0.000143721,3.08579e-23
0,1.96087e+09,-4.44601e+07,3.11131e+08,8.75199e+09,-9.96533e+08,4.51454e+08,-3.49639e+08,0.000920273,0.00014602,1.33557e-23
0,2.07838e+09,-1.36324e+07,3.29294e+08,-2.75655e+08,-5.64651e+08,1.37192e+08,-9.46386e+08,0.00102586,0.000162535,4.69987e-26
0,2.05841e+09,-1.67258e+07,3.2343e+08,2.27495e+07,1.88932e+08,2.64945e+08,-9.25028e+08,0.000981722,0.000154254,-1.22225e-26
0,1.79729e+09,-6.37065e+06,2.73112e+08,1.28487e+10,1.97405e+07,1.69108e+07,-9.36465e+08,0.00109906,0.00016701,6.75866e-22
0,2.08802e+09,-4.95786e+07,3.28109e+08,-8.30434e+09,5.60935e+08,-4.19878e+08,-7.62084e+08,0.000957894,0.000150523,-3.95089e-23
0,1.73742e+09,-1.1885e+07,2.45079e+08,-1.76541e+09,1.46034e+09,2.69946e+08,-1.4328e+09,0.00109362,0.000154265,-1.87232e-24
0,2.01482e+09,6.51885e+07,2.7157e+08,-5.20994e+09,4.33693e+08,6.56041e+08,5.94168e+08,0.00096742,0.000130395,1.00722e-23
0,2.1536e+09,3.64822e+07,3.3141e+08,3.04956e+09,1.09099e+09,-1.95791e+08,-3.39311e+08,0.000877928,0.000135101,1.38677e-26
0,2.08595e+09,-1.9546e+07,3.26161e+08,-1.77299e+09,5.12413e+08,-1.77456e+08,-6.55163e+08,0.000924623,0.000144575,-3.08424e-25
0,2.11933e+09,6.58063e+07,3.10882e+08,-8.77669e+08,-2.37097e+09,-2.981e+08,-2.24312e+08,0.000963519,0.000141337,-2.96338e-24
0,2.21453e+09,-2.43171e+07,3.16372e+08,-6.18854e+09,-1.98732e+09,2.97432e+08,-5.75177e+08,0.000993182,0.000141888,-2.3475e-23
0,2.04713e+09,-4.69815e+07,3.2388e+08,-9.06262e+09,6.76049e+08,3.86418e+07,-7.00443e+08,0.000945564,0.000149599,-4.33049e-23
0,2.057e+09,-7.00681e+06,3.41698e+08,-4.45871e+08,-2.97434e+06,1.19558e+07,-4.67675e+08,0.000963339,0.000160025,3.82016e-28
0,2.15463e+09,-1.50962e+07,3.34421e+08,-1.6877e+09,-3.57654e+08,-2.93481e+08,-6.54572e+08,0.000975432,0.000151397,-1.5363e-25
0,1.9679e+09,-2.28206e+07,3.11054e+08,-5.8301e+09,2.04006e+08,-1.08012e+08,-7.28898e+08,0.000923251,0.000145933,-1.31629e-23
0,1.85485e+09,-1.76357e+06,3.0475e+08,9.20784e+09,7.1473e+08,-2.7239e+08,-4.16971e+08,0.000934192,0.000153487,3.58541e-23
0,2.00115e+09,-1.62098e+07,3.14189e+08,-2.20792e+09,-5.95565e+07,5.94584e+07,-1.11744e+09,0.000999389,0.000156908,-1.11618e-24
0,1.97383e+09,-1.07865e+07,3.03122e+08,7.74983e+09,1.79863e+08,6.926e+07,-9.40365e+08,0.00113927,0.000174959,1.11217e-22
0,2.0605e+09,-3.10898e+07,3.29437e+08,-5.10725e+09,2.71574e+08,-2.70069e+08,-8.16885e+08,0.000952189,0.000152238,-9.45053e-24
0,1.88432e+09,3.84675e+07,2.99725e+08,3.3622e+09,1.4592e+09,-5.702e+08,-1.13789e+09,0.000971841,0.000154584,2.8217e-24
0,2.32121e+09,1.32888e+07,3.2992e+08,3.07413e+09,-1.0819e+09,-1.00286e+08,-2.96858e+08,0.0009244,0.000131387,8.72142e-25
0,2.05741e+09,-2.79601e+07,3.36549e+08,-8.18886e+09,2.34859e+07,-2.88241e+08,-4.95427e+08,0.000930834,0.000152265,-2.05854e-23
0,2.10811e+09,-7.025e+06,3.43423e+08,5.79681e+08,-5.29096e+07,8.72189e+07,-2.72098e+08,0.00095052,0.000154845,2.54672e-27
0,1.80025e+09,-1.53968e+06,3.28862e+08,-1.6365e+09,-2.81778e+08,-6.34809e+08,-7.3138e+08,0.000965997,0.000176464,1.98432e-25
0,2.16746e+09,-6.92417e+06,3.16888e+08,4.09459e+09,-1.53526e+09,-3.11046e+08,-5.68003e+08,0.000964315,0.000140985,6.82286e-24
0,2.10517e+09,6.77254e+07,2.71816e+08,-4.33145e+09,1.03042e+08,8.68752e+08,3.10445e+08,0.000951423,0.000122847,1.93739e-24
0,2.07586e+09,-4.17518e+07,3.23446e+08,-3.60574e+09,1.91502e+07,-1.40475e+08,-1.02077e+09,0.000997896,0.000155485,-4.50809e-24
0,2.16236e+09,-2.87552e+07,3.25845e+08,-1.13714e+10,-8.18094e+08,-4.26248e+08,-5.21963e+08,0.000980629,0.00014777,-4.93518e-23
0,2.05241e+09,-4.12393e+07,3.12582e+08,9.29638e+09,-2.17784e+09,6.11715e+07,3.54062e+07,0.000917518,0.000139738,8.98209e-24
0,1.97202e+09,5.08596e+07,3.00955e+08,-5.04689e+09,-2.7907e+09,5.00672e+08,-5.73629e+08,0.00108283,0.000165253,-7.92596e-23
0,2.06082e+09,-6.38041e+06,3.43301e+08,-4.54467e+08,6.71125e+06,-3.09241e+07,-3.09853e+08,0.000962434,0.000160327,-1.35521e-27
0,2.06186e+09,-2.50471e+07,3.33033e+08,-4.66466e+09,4.44542e+08,-1.12395e+08,-6.07088e+08,0.00090704,0.000146506,-4.26664e-24
0,2.12499e+09,4.16761e+06,3.21008e+08,3.10661e+08,-1.33748e+09,-2.53635e+08,-7.55142e+08,0.00100903,0.000152427,-1.77619e-25
0,2.12173e+09,-5.20846e+07,2.94608e+08,9.87187e+09,1.04031e+09,-5.56378e+08,3.31826e+08,0.00101681,0.000141187,-5.0175e-23
0,2.23963e+09,-1.42341e+07,3.20872e+08,4.62114e+09,-2.72326e+08,1.03122e+07,1.83365e+08,0.000943408,0.000135162,-9.68078e-25
0,1.98644e+09,1.62512e+07,3.08178e+08,9.37226e+09,7.50705e+08,3.90015e+08,-5.82134e+08,0.0010013,0.000155342,7.28687e-23
0,2.05314e+09,6.58898e+07,2.97455e+08,9.20785e+09,6.24273e+08,-6.97895e+08,-8.57576e+08,0.000970792,0.000140646,5.32141e-23
0,1.99885e+09,-1.12388e+07,3.31137e+08,-4.39235e+08,2.44189e+08,-1.30605e+08,-8.62661e+08,0.000965292,0.000159914,1.919e-26
0,1.8943e+09,3.45853e+07,2.7363e+08,2.84504e+09,-1.28876e+09,-4.37086e+06,5.788e+08,0.00101965,0.000147287,-1.56791e-24
0,1.95148e+09,-1.46762e+07,2.88877e+08,1.00459e+09,4.24547e+08,2.13009e+08,-1.08572e+09,0.00115774,0.00017138,1.07359e-25
0,2.09451e+09,-6.3196e+06,3.42598e+08,3.53456e+08,7.34531e+06,9.5758e+07,-3.63102e+08,0.000950316,0.000155442,-3.75009e-28
0,2.06914e+09,-4.55619e+07,3.24312e+08,-1.14797e+10,2.19921e+07,-5.09382e+08,-5.7112e+08,0.00093577,0.000146671,-6.51912e-23
0,2.19394e+09,4.81828e+07,3.19106e+08,7.45939e+09,-4.03092e+07,-2.03181e+08,-4.93033e+08,0.000926504,0.000134759,1.09921e-23
0,1.86473e+09,524507,2.72908e+08,-1.46973e+09,-8.72884e+08,-5.8775e+07,-1.38293e+09,0.00110538,0.000161775,-2.19766e-24
0,2.03646e+09,-7.38018e+06,3.38504e+08,-3.1111e+09,-8.05127e+07,6.22219e+07,-4.91463e+08,0.000932886,0.000155066,-1.17648e-24
0,2.12588e+09,-8.33415e+06,3.3434e+08,-4.78912e+09,-2.75063e+08,-5.80811e+07,-6.20957e+08,0.000947675,0.000149042,-4.70492e-24
0,1.96562e+09,3.01293e+07,2.75831e+08,6.07602e+09,4.31651e+08,-6.50011e+07,-1.02161e+09,0.000998898,0.000140174,3.01088e-23
0,2.02233e+09,9.36152e+06,3.11798e+08,8.61507e+09,8.85464e+08,3.39648e+08,-5.19453e+08,0.00103323,0.0001593,5.57166e-23
0,2.10564e+09,7.10856e+06,3.18941e+08,3.70657e+09,-4.07206e+08,-753838,-7.76167e+08,0.000958381,0.000145166,3.10457e-24
0,2.11286e+09,1.47398e+07,3.33464e+08,6.3263e+09,4.0393e+08,4.3935e+08,-5.84413e+08,0.000916162,0.000144594,1.0411e-23
0,1.79132e+09,-1.83018e+06,2.99389e+08,4.17062e+09,-4.11379e+08,1.94692e+07,-5.70873e+08,0.000963533,0.000161039,7.5691e-24
0,2.01047e+09,-7.97863e+06,3.06929e+08,1.1884e+10,4.52726e+08,3.68537e+08,-1.38373e+08,0.00104861,0.000160086,4.71557e-23
0,1.98721e+09,-5.65001e+07,3.25922e+08,-9.39662e+09,9.87114e+08,-4.27799e+08,-5.27935e+08,0.000893659,0.000146569,-4.06299e-23
0,2.28114e+09,2.2398e+07,3.33844e+08,-4.83175e+09,-1.77727e+08,1.0837e+08,1.08995e+08,0.000902436,0.000132071,4.25475e-25
0,2.06685e+09,-6.34305e+06,3.42654e+08,-4.49074e+08,8.32104e+06,-2.46685e+07,-3.82655e+08,0.000960215,0.00015919,-8.01168e-28
0,2.16766e+09,-2.11212e+07,3.20917e+08,-4.17932e+09,-1.30721e+09,-1.09324e+08,-7.01337e+08,0.000988421,0.000146333,-6.08652e-24
0,2.15429e+09,5.10035e+07,2.85958e+08,-4.53654e+09,1.76708e+08,6.23589e+08,3.81784e+08,0.000995884,0.000132193,3.27042e-24
0,1.91111e+09,4.79597e+07,3.25834e+08,2.5923e+09,1.63179e+09,-6.21571e+07,-7.00829e+08,0.000900951,0.000153607,1.48718e-25
0,1.99546e+09,-1.53826e+07,3.1179e+08,-9.86574e+07,5.94696e+08,-1.01302e+08,-1.04943e+09,0.000977801,0.000152781,9.06065e-27
0,2.18734e+09,5.03073e+07,2.72982e+08,-5.99912e+09,1.65167e+09,4.38086e+08,4.73124e+08,0.00113938,0.000142195,3.59835e-23
0,2.11666e+09,-4.4862e+07,3.11296e+08,-8.2087e+08,-2.15797e+09,1.40884e+08,-2.84897e+08,0.000970025,0.000142661,-1.2024e-24
0,2.07278e+09,-2.19741e+07,3.32286e+08,-6.74577e+09,-8.85884e+07,-8.59268e+07,-7.50575e+08,0.000954227,0.000152971,-1.87348e-23
0,2.04501e+09,2.05616e+06,3.11532e+08,5.08625e+09,8.46512e+08,2.35514e+08,-5.49932e+08,0.0010661,0.000162407,1.3517e-23
0,2.08697e+09,6.18244e+06,3.08825e+08,1.04486e+09,-1.54623e+09,-6.32021e+08,-8.84231e+08,0.00103821,0.000153632,-3.46254e-25
0,2.05441e+09,-6.42561e+06,3.29397e+08,8.81278e+08,-2.85977e+08,5.25101e+07,-9.28188e+08,0.000995775,0.000159659,2.06082e-26
0,2.31092e+09,1.74878e+07,3.1766e+08,1.0585e+09,-1.55344e+08,5.24257e+07,-1.02172e+08,0.000956252,0.000131447,5.16123e-27
0,1.94856e+09,1.3431e+07,2.94515e+08,8.37604e+09,-3.66286e+08,3.93602e+08,-8.41029e+08,0.00108681,0.000164266,9.86445e-23
0,1.79707e+09,5.70956e+06,3.08445e+08,-6.90844e+09,-8.6404e+08,7.39176e+07,-7.61064e+08,0.00099492,0.000170765,-5.76169e-23
0,2.02142e+09,6.29013e+07,3.04993e+08,8.79826e+09,1.32349e+08,-3.33778e+08,-8.81832e+08,0.000964495,0.000145523,5.76667e-23
0,1.98919e+09,-2.96152e+07,3.29616e+08,-2.71676e+09,-8.19055e+08,-3.22408e+08,-5.27545e+08,0.000951354,0.000157643,-9.69507e-25
0,1.99962e+09,4.60492e+07,2.72715e+08,-5.47596e+09,-1.83507e+09,3.69049e+08,4.75042e+08,0.000977813,0.000133358,-1.59115e-24
0,1.82191e+09,-3.75882e+07,3.0885e+08,-2.35276e+09,9.28072e+08,8.9439e+07,-1.10204e+09,0.000980884,0.000166279,-2.31831e-24
0,2.09111e+09,-6.82278e+06,3.42159e+08,1.13024e+08,3.65351e+07,8.43126e+07,-4.01728e+08,0.000951878,0.000155751,-6.95725e-28
0,2.13706e+09,2.58686e+07,3.34204e+08,3.15368e+09,8.47703e+07,3.17247e+08,-6.12693e+08,0.000951247,0.000148761,1.318e-24
0,2.05096e+09,-3.02844e+06,3.34033e+08,1.42094e+08,-3.20696e+08,2.08968e+08,-7.69889e+08,0.0009941,0.000161905,1.78118e-26
0,2.15723e+09,5.75207e+07,3.16887e+08,8.21366e+09,2.58404e+08,-2.30145e+08,-5.84134e+08,0.000934526,0.000137277,1.8957e-23
0,2.10542e+09,1.49632e+07,3.08712e+08,-3.01674e+09,-1.50676e+09,4.19462e+08,-1.83806e+08,0.000905902,0.00013283,-2.15603e-24
0,1.84616e+09,-2.37206e+07,2.626e+08,-2.95752e+09,-1.09354e+08,2.06514e+08,-1.30213e+09,0.00106266,0.000151154,-6.87698e-24
0,1.92536e+09,-4.7091e+07,3.25682e+08,-1.10575e+09,-1.11444e+09,-6.48605e+08,-3.49189e+08,0.000939595,0.000158936,-2.45561e-25
0,1.86634e+09,6.14391e+06,2.95275e+08,-9.41917e+09,6.14694e+06,5.71184e+07,-9.77729e+08,0.00109584,0.000173374,-2.2558e-22
0,2.00993e+09,-2.21814e+07,2.98316e+08,1.76953e+09,-5.7429e+06,1.97739e+08,-7.54108e+08,0.00114363,0.000169739,7.72971e-25
0,2.11165e+09,1.86321e+07,2.98068e+08,2.25735e+09,-2.09799e+09,2.54512e+08,-9.72139e+08,0.00104881,0.000148044,1.01934e-23
0,2.31031e+09,1.65632e+07,3.27612e+08,3.0727e+09,-8.8077e+08,-1.68641e+08,-2.66575e+08,0.000918938,0.000130309,6.72398e-25
0,2.09192e+09,1.0055e+07,2.94876e+08,-5.55917e+08,-2.40117e+09,-1.12026e+08,-1.06349e+09,0.00106857,0.000150625,-4.79009e-24
0,2.00575e+09,1.30997e+07,3.25937e+08,-1.35226e+09,1.87418e+08,-3.21887e+08,-8.86822e+08,0.000973302,0.000158162,-1.4477e-25
0,2.05603e+09,-7.52889e+06,3.36811e+08,-6.97643e+08,-2.14709e+08,6.43134e+07,-6.48308e+08,0.000997047,0.000163332,-9.32098e-27
0,2.29982e+09,-9.50421e+06,3.25077e+08,4.00606e+09,-4.8552e+08,-1.9413e+08,-9.47109e+07,0.00091486,0.000129314,4.47968e-25
0,2.07352e+09,-6.3314e+06,3.42186e+08,-5.5668e+08,2.36246e+07,-2.02334e+07,-4.22408e+08,0.000955387,0.000157664,-2.59544e-27
0,2.06313e+09,3.55913e+07,3.3327e+08,2.57492e+09,1.09604e+09,7.76554e+07,-3.4833e+08,0.000962408,0.000155464,3.46961e-25
0,2.07769e+09,4.91385e+07,3.05179e+08,-4.87795e+09,-2.18708e+09,4.3368e+08,-4.64053e+08,0.00106656,0.00015666,-3.17855e-23
0,1.97937e+09,1.05907e+07,3.23829e+08,7.62598e+09,1.13809e+09,6.08827e+08,-9.04586e+08,0.000925379,0.000151394,4.75822e-23
0,2.05847e+09,-3.2151e+07,3.15155e+08,-1.90978e+09,1.04378e+08,1.90791e+08,-8.64282e+08,0.00100036,0.000153157,-4.90785e-25
0,2.25877e+09,-1.75485e+07,3.19635e+08,-5.12412e+09,-1.42e+09,-1.05095e+08,-4.94602e+08,0.000958889,0.000135691,-5.51019e-24
0,1.76545e+09,-2.8983e+07,2.85398e+08,1.36503e+10,-3.4262e+07,5.8121e+08,3.76771e+08,0.00100602,0.00016263,-2.31759e-22
0,2.07608e+09,2.4366e+07,3.03573e+08,-8.06963e+09,-1.28692e+09,-3.47297e+08,6.21002e+08,0.00104384,0.000152635,5.23671e-23
0,1.96091e+09,7.72739e+07,3.00335e+08,8.88976e+09,1.99507e+09,-3.92511e+08,-9.01804e+08,0.000932392,0.000142806,3.99739e-23
0,2.09997e+09,-5.89061e+07,3.22077e+08,-8.29981e+09,7.2664e+08,2.99662e+07,-5.96567e+08,0.000919155,0.000140973,-2.16115e-23
0,2.04742e+09,-3.43516e+07,3.01373e+08,-3.49398e+09,5.40982e+08,1.76174e+08,-6.46871e+08,0.00114091,0.000167938,-5.19609e-24
0,2.25723e+09,1.65135e+07,3.20574e+08,6.17136e+09,-1.61682e+09,-8.37567e+07,-5.57647e+08,0.000976789,0.000138725,1.34886e-23
0,2.05836e+09,-3.54525e+07,3.06942e+08,-7.24721e+09,-1.36736e+09,1.50571e+08,-7.37e+08,0.000981307,0.000146332,-3.67101e-23
0,1.86739e+09,-1.80314e+07,3.22196e+08,-1.25149e+09,7.18073e+08,-4.84332e+07,-1.04637e+09,0.000964181,0.000166358,-2.74746e-25
0,2.23917e+09,-6.01943e+06,3.37025e+08,3.72072e+09,-6.67252e+08,3.73465e+07,-3.29719e+08,0.000924135,0.000139095,9.44164e-25
0,1.97374e+09,2.0843e+07,2.99694e+08,-5.16104e+09,4.60505e+08,7.68247e+07,-3.96558e+08,0.00111578,0.000169422,-1.19421e-23
0,2.05858e+09,-4.35234e+07,3.13634e+08,-2.6126e+09,5.46198e+08,1.88699e+08,-8.58329e+08,0.000983594,0.000149855,-1.27453e-24
0,1.98029e+09,4.37215e+07,3.21627e+08,-3.39777e+09,-3.54735e+08,2.02135e+08,-7.088e+08,0.00101319,0.000164556,-4.13375e-24
0,2.04391e+09,1.67178e+07,3.30713e+08,4.54478e+09,8.27745e+08,1.30507e+08,-6.64536e+08,0.000908554,0.000147008,4.79156e-24
0,1.84441e+09,-6.92924e+07,3.10517e+08,4.29878e+09,-9.49394e+08,-1.49514e+08,-2.91358e+08,0.000954879,0.000160759,6.00677e-24
0,2.0728e+09,-5.28585e+06,3.43649e+08,-4.88196e+08,1.84602e+07,-1.45323e+06,-2.68833e+08,0.000953771,0.000158126,-1.80993e-27
0,2.11147e+09,-3.37306e+06,2.88689e+08,-7.21277e+09,-1.85278e+08,-4.13934e+08,4.0616e+08,0.000997792,0.000136422,1.54532e-23
0,2.05546e+09,-9.20996e+06,2.97997e+08,-9.66654e+09,-1.2795e+09,-6.23217e+08,6.09078e+08,0.00102967,0.00014928,9.86061e-23
0,2.07162e+09,-7.98334e+06,3.43966e+08,1.4436e+08,-4.98463e+07,5.49158e+07,-1.75079e+08,0.00095106,0.000157912,-1.80411e-29
0,2.24798e+09,-796240,3.17732e+08,1.23234e+09,-1.61597e+09,-6.96689e+07,-6.85685e+08,0.000989505,0.000139858,1.0947e-24
0,2.06212e+09,-3.53839e+07,2.99612e+08,-5.74308e+09,1.12777e+09,-3.3297e+08,1.0665e+08,0.000937684,0.000136239,-8.37907e-26
0,2.29662e+09,2.41228e+07,3.28126e+08,3.35317e+09,-5.96276e+08,-2.07654e+08,-2.35006e+08,0.000910446,0.000130079,5.63952e-25
0,2.17904e+09,1.414e+07,3.05408e+08,2.78862e+09,-2.18347e+09,2.42164e+08,-9.06345e+08,0.00104532,0.000146509,1.13699e-23
0,1.91161e+09,5.54882e+07,3.04649e+08,9.00939e+09,1.08143e+09,-1.02973e+08,-1.0418e+09,0.000967459,0.000154182,9.76156e-23
0,1.94246e+09,2.10054e+07,3.16212e+08,4.96634e+09,1.3884e+09,-2.52093e+08,-9.61447e+08,0.000928492,0.000151149,9.01945e-24
0,1.80933e+09,1.51105e+07,3.03555e+08,-6.13631e+09,-1.51208e+09,-8.13333e+07,-8.09526e+08,0.00100893,0.00016927,-5.34666e-23
0,2.04601e+09,-3.7522e+07,2.99985e+08,-5.55558e+09,-1.59089e+09,3.93165e+08,-1.04089e+09,0.00105864,0.000155216,-4.38069e-23
0,2.04358e+09,1.04959e+07,3.17479e+08,-3.5221e+08,-1.0338e+08,-3.39714e+08,-9.25597e+08,0.000968027,0.000150388,3.35763e-26
0,2.16765e+09,-2.78799e+07,3.15964e+08,-2.7169e+09,-4.05115e+08,-1.06656e+08,-5.33678e+08,0.000927825,0.000135243,-5.97419e-25
0,1.94583e+09,-1.78206e+07,3.13748e+08,-2.14273e+09,8.78511e+08,1.67723e+08,-1.02553e+09,0.000943711,0.000152165,-8.6614e-25
0,2.03048e+09,-2.10687e+07,3.199e+08,-3.05268e+09,7.73318e+08,3.37274e+08,-7.7215e+08,0.000968354,0.000152563,-1.52477e-24
0,2.00212e+09,2.08936e+07,3.09016e+08,-8.6055e+09,-7.98831e+08,-9.30743e+07,-6.13224e+08,0.00103649,0.000159977,-5.8176e-23
0,2.08641e+09,-1.19169e+07,3.29651e+08,-2.71309e+09,-3.49292e+08,-4.15432e+07,-8.98551e+08,0.000994866,0.000157188,-1.65895e-24
0,2.02217e+09,3.57467e+07,3.14275e+08,1.64234e+09,4.00215e+08,-5.87856e+08,-9.43448e+08,0.000982966,0.000152768,1.66594e-25
0,2.07047e+09,-7.71866e+06,3.43548e+08,3.62928e+08,-7.3662e+07,7.40222e+07,-2.49209e+08,0.000952053,0.000157972,4.07165e-28
0,1.9243e+09,-2.50858e+07,2.63583e+08,1.28882e+10,-1.19032e+08,-8.45543e+07,5.06598e+08,0.00102753,0.000140746,-1.87186e-22
0,1.84556e+09,-4.07862e+07,2.66056e+08,-1.9118e+09,3.96843e+08,2.16095e+08,-1.24778e+09,0.00104799,0.000151078,-1.18799e-24
0,1.92667e+09,-8.33726e+06,3.1118e+08,-5.46977e+09,-1.08751e+09,-4.42435e+07,-9.10255e+08,0.000998103,0.000161205,-2.57789e-23
0,1.97613e+09,3.71238e+07,3.20554e+08,7.24023e+09,7.20652e+08,6.46872e+07,-8.64853e+08,0.000943838,0.000153103,3.33334e-23
0,2.07762e+09,4.45146e+07,3.27882e+08,7.46093e+09,7.50924e+08,2.24504e+08,-5.66284e+08,0.000943232,0.000148857,2.03564e-23
0,2.15308e+09,-3.23524e+07,3.29651e+08,6.20837e+08,-1.44938e+09,-1.38459e+08,-1.45991e+08,0.000924254,0.00014151,1.74224e-25
0,2.18443e+09,-6.01758e+06,3.17916e+08,-1.87242e+09,-1.64823e+09,4.05917e+08,-6.38492e+08,0.000982781,0.000143031,-1.73501e-24
0,1.96646e+09,-5.00926e+07,2.92605e+08,-5.48956e+09,-3.98976e+08,6.04472e+08,-1.17868e+09,0.00103111,0.000153427,-3.14999e-23
0,2.00693e+09,3.00537e+07,2.96333e+08,-2.45094e+09,-5.28461e+08,6.45794e+08,-6.45238e+08,0.00104917,0.000154915,-1.74681e-24
0,2.07252e+09,-5.02086e+06,3.43093e+08,-3.3689e+07,2.2708e+07,9.44436e+06,-3.38071e+08,0.000952572,0.000157693,9.93437e-29
0,2.07074e+09,-7.08182e+06,3.36001e+08,2.50703e+09,5.62246e+08,8.68717e+07,-5.91409e+08,0.000911553,0.00014791,6.78851e-25
0,1.84731e+09,1.49688e+07,3.31217e+08,-7.97709e+08,-3.42156e+07,-3.69326e+08,-7.05917e+08,0.000960741,0.000172258,3.84522e-26
0,2.14227e+09,3.69708e+07,3.31393e+08,7.58949e+09,2.54459e+08,3.85065e+08,-5.8914e+08,0.000920368,0.000142374,1.59957e-23
0,1.8429e+09,-2.64267e+07,3.11556e+08,-3.53871e+09,5.71161e+08,4.78755e+08,7.81483e+08,0.000950375,0.000160668,6.04219e-24
0,1.83539e+09,-3.59692e+06,3.03492e+08,-1.5864e+09,-5.24476e+07,-4.50284e+08,-8.67863e+08,0.000941221,0.000155636,-1.71647e-25
0,2.04164e+09,-3.74058e+07,3.2547e+08,1.13795e+09,-1.21293e+09,1.01685e+08,-1.47927e+08,0.000922186,0.000147012,3.85791e-25
0,2.05346e+09,-2.87983e+07,3.04721e+08,-6.08747e+09,-9.88582e+08,3.94686e+08,-1.02809e+09,0.00103425,0.000153476,-3.70522e-23
0,2.08242e+09,-1.71077e+07,3.19481e+08,-4.41667e+09,-3.65327e+08,1.10672e+08,-7.28672e+08,0.000955172,0.000146541,-5.26077e-24
0,2.15756e+09,-2.31584e+07,3.39003e+08,-2.34467e+09,5.02174e+08,4.84065e+07,-2.5023e+08,0.000868043,0.00013639,-1.11936e-25
0,2.11104e+09,3.48208e+07,3.24865e+08,8.0612e+09,-4.39259e+08,2.2357e+08,-7.52414e+08,0.000990846,0.00015248,3.41569e-23
0,2.11042e+09,1.36463e+07,3.2452e+08,2.81223e+09,-1.05504e+09,3.40723e+08,-1.01713e+09,0.00102113,0.00015702,3.03941e-24
0,1.98342e+09,-2.57049e+07,3.20539e+08,1.43196e+09,8.96293e+08,5.47199e+08,-8.2488e+08,0.000950243,0.000153568,6.89324e-25
0,2.05783e+09,1.09259e+07,3.09891e+08,-9.5933e+08,-1.0555e+09,-6.47608e+07,-1.00335e+09,0.00100918,0.000151973,-6.84355e-25
0,2.07903e+09,-8.38766e+06,3.43045e+08,5.08916e+08,-5.93146e+07,8.57627e+07,-3.08706e+08,0.000955126,0.000157598,1.67007e-27
0,1.98969e+09,-2.25663e+07,3.27798e+08,-2.70119e+09,1.14134e+08,5.4514e+07,-8.91494e+08,0.000962883,0.000158634,-1.65648e-24
0,1.85998e+09,3.07422e+07,3.11314e+08,-6.14252e+09,-1.52833e+09,5.82261e+07,-6.02473e+08,0.000956077,0.000160023,-3.11065e-23
0,1.88099e+09,2.47382e+07,2.93165e+08,-4.13583e+09,8.46135e+08,-2.23623e+07,-8.92906e+08,0.0010178,0.000158631,-1.18969e-23
0,2.30513e+09,2.1898e+07,3.26868e+08,4.96104e+09,-1.14735e+09,-1.42771e+08,-4.11452e+08,0.000945187,0.000134028,3.84963e-24
0,1.99495e+09,-9.73529e+06,3.06421e+08,7.09911e+09,2.32693e+09,5.0349e+07,-3.5058e+08,0.00105274,0.000161699,5.29495e-25
0,1.78824e+09,1.59842e+07,2.83456e+08,-4.50114e+09,9.66519e+08,-1.46504e+08,-1.0533e+09,0.00103755,0.000164464,-2.75677e-23
0,1.83669e+09,-144400,3.04676e+08,-1.08326e+09,1.68263e+09,3.10015e+08,-1.29529e+09,0.000973056,0.000161414,2.32443e-26
0,2.13096e+09,2.04197e+07,2.88766e+08,3.43292e+09,1.64232e+09,6.23503e+08,5.26594e+08,0.00103457,0.000140194,-2.95442e-24
0,1.88465e+09,9.25524e+06,3.09034e+08,-9.17295e+09,-2.09069e+08,1.01267e+08,-6.43004e+08,0.00101248,0.000166021,-8.946e-23
0,1.83676e+09,-2.23024e+07,2.89128e+08,-1.76094e+09,2.22389e+09,4.58868e+08,-1.16053e+09,0.000982012,0.000154581,1.33239e-24
0,2.06124e+09,6.30572e+06,2.94301e+08,6.68626e+08,-2.02566e+09,7.03383e+07,-1.08719e+09,0.00107431,0.000153388,3.60379e-24
0,1.96654e+09,-3.04284e+07,3.26105e+08,2.37884e+09,-3.11358e+08,3.21763e+08,-1.42458e+08,0.000928526,0.000153975,-8.62071e-27
0,1.9621e+09,2.0064e+07,2.83831e+08,-5.32203e+09,-2.20119e+09,-4.3296e+06,5.14448e+08,0.000966536,0.000139816,4.44184e-25
0,1.94465e+09,973176,3.21311e+08,-2.05121e+09,1.29836e+09,-1.84637e+08,-1.03473e+09,0.000940688,0.000155428,-1.24246e-24
0,1.98504e+09,3.70933e+07,3.07767e+08,5.17152e+09,-3.4318e+08,-3.88259e+08,-9.35873e+08,0.00100338,0.000155568,1.76532e-23
0,2.13426e+09,206094,3.20489e+08,-2.43256e+09,-1.11417e+09,-4.88805e+08,-7.14541e+08,0.00099366,0.000149212,-1.11191e-24
0,1.89588e+09,-4.22757e+07,3.17865e+08,-6.83922e+08,1.6855e+09,3.97127e+08,-1.01642e+09,0.000961508,0.000161207,6.52138e-26
0,2.21847e+09,2.02343e+06,3.19674e+08,4.40443e+07,-1.42619e+09,-2.50932e+08,-7.29465e+08,0.000995673,0.000143473,-3.27166e-25
0,2.17687e+09,-2.93476e+07,3.23388e+08,9.99784e+08,-1.66788e+09,-1.82705e+08,1.45475e+08,0.000853542,0.000126799,2.38201e-25
0,2.08613e+09,-8.56496e+06,3.42353e+08,3.62052e+08,-3.30542e+07,9.23582e+07,-3.78515e+08,0.000957421,0.000157122,-4.59241e-28
0,2.02083e+09,2.44538e+07,3.20031e+08,1.60584e+09,8.47885e+07,-2.65845e+08,-9.27898e+08,0.000991847,0.000157075,2.54659e-25
0,2.01944e+09,6.56221e+06,2.97265e+08,2.29518e+09,-1.92089e+09,3.38307e+08,-1.26317e+09,0.00108409,0.00015958,1.43424e-23
0,2.06429e+09,6.49697e+06,3.30664e+08,4.31624e+09,-5.55282e+08,3.51651e+08,-5.57601e+08,0.000940706,0.000150685,2.73665e-24
0,2.30488e+09,1.91476e+07,3.31716e+08,4.34651e+09,-7.32055e+08,-1.02581e+08,-3.17966e+08,0.000921764,0.000132659,1.44721e-24
0,1.9241e+09,-5.33987e+07,3.07629e+08,-3.93301e+09,1.25947e+09,4.8295e+08,-1.0485e+09,0.000953263,0.00015241,-4.64167e-24
0,1.92713e+09,-1.74442e+07,2.65395e+08,2.78009e+08,1.03913e+08,-1.13586e+08,-1.05944e+09,0.00103884,0.000143064,-5.02214e-26
0,2.08082e+09,-2.50743e+07,3.34726e+08,-4.53234e+09,-1.92202e+08,-4.53234e+08,-7.16925e+08,0.00100516,0.000161693,-6.00625e-24
0,1.986e+09,-2.06295e+07,3.00286e+08,-8.32133e+08,-1.55308e+09,3.20957e+08,-1.27053e+09,0.00108944,0.000164725,-2.25682e-25
0,2.24663e+09,1.59813e+07,3.19411e+08,-5.63994e+09,-5.41734e+07,-6.35684e+07,2.15571e+08,0.000949982,0.000135062,2.10597e-24
0,2.07917e+09,1.16551e+07,3.20305e+08,2.06842e+09,-9.35326e+08,1.3511e+08,-7.9314e+08,0.000962309,0.000148248,1.09381e-24
0,1.99527e+09,-3.59425e+07,3.02986e+08,4.87516e+08,1.10085e+09,7.79108e+07,-9.49106e+08,0.000988123,0.000150048,1.68741e-26
0,1.97754e+09,1.96748e+07,3.23437e+08,4.9239e+09,1.52412e+09,3.56474e+08,-8.44513e+08,0.000914802,0.00014962,1.14389e-23
0,2.03371e+09,2.92558e+07,3.16515e+08,2.21803e+09,-2.76181e+08,-3.41128e+08,-9.83168e+08,0.00102393,0.000159358,1.17464e-24
0,2.03417e+09,-2.97877e+07,3.21879e+08,-2.08452e+09,3.01854e+07,1.53463e+08,-9.20921e+08,0.000988025,0.000156341,-7.08128e-25
0,1.92628e+09,-4.42581e+06,3.03633e+08,-2.21778e+09,1.63342e+08,-1.70911e+07,-1.27363e+09,0.000996731,0.000157111,-1.41649e-24
0,2.03415e+09,7.0371e+06,3.23968e+08,5.33849e+08,-8.96906e+08,1.55005e+08,-8.75555e+08,0.00103424,0.000164718,3.73137e-25
0,2.05569e+09,-4.79149e+07,3.03329e+08,-6.43631e+09,-1.2218e+09,5.37792e+07,-9.69308e+08,0.00105066,0.00015503,-4.33896e-23
0,2.00225e+09,-1.23944e+07,3.11108e+08,1.48448e+07,9.27017e+08,-3.3781e+08,-9.01985e+08,0.00095376,0.000148194,-3.18509e-27
0,2.22309e+09,3.5148e+07,3.0755e+08,-8.26564e+09,8.82767e+08,-2.11554e+07,3.09908e+08,0.00099921,0.000138234,1.38207e-23
0,2.03839e+09,-2.18859e+07,3.33135e+08,3.52179e+09,-1.10407e+09,1.58968e+08,-1.42673e+08,0.000959572,0.000156823,1.03423e-24
0,1.95904e+09,2.04186e+07,3.11454e+08,-2.392e+09,3.41754e+08,-2.90206e+08,-8.1184e+08,0.000965734,0.000153535,-1.38164e-24
0,1.96211e+09,9.13839e+06,3.11493e+08,-2.67097e+08,-1.30508e+09,-3.29913e+08,-7.59035e+08,0.000986761,0.000156653,-9.06313e-25
0,1.87333e+09,-4.36867e+07,3.17036e+08,-2.69778e+09,1.47084e+09,2.42458e+08,-9.8475e+08,0.000946631,0.000160205,-1.34362e-24
0,1.89283e+09,1.90836e+07,3.24963e+08,-3.35755e+09,-1.22281e+09,5.06713e+07,-4.26683e+08,0.000938912,0.000161193,-4.33755e-24
0,1.94414e+09,1.43544e+07,3.06757e+08,1.12007e+09,-1.28958e+09,-3.49356e+08,-1.04018e+09,0.00102813,0.000162225,6.53007e-25
0,2.13935e+09,2.72864e+07,3.19475e+08,-7.14993e+09,-1.82191e+09,-2.16779e+07,-2.93073e+08,0.0010052,0.000150109,-1.91195e-23
0,2.08366e+09,-1.06838e+06,3.33596e+08,2.35398e+09,-2.99918e+08,2.6602e+08,-7.22115e+08,0.000981637,0.000157161,6.81138e-25
0,1.92464e+09,-8.75902e+06,3.18293e+08,3.60445e+09,-1.21505e+09,-1.58952e+08,-5.64713e+08,0.000997377,0.000164944,7.86855e-24
0,2.03868e+09,2.15096e+07,3.26493e+08,2.46893e+09,4.41208e+07,3.22136e+07,-9.63336e+08,0.000992706,0.000158981,1.34901e-24
0,2.11754e+09,3.06917e+07,3.03008e+08,-4.51854e+09,-3.10107e+08,-2.08398e+07,6.6762e+08,0.000982204,0.000140548,5.25968e-24
0,2.13884e+09,-2.98646e+06,3.34486e+08,6.89392e+08,-7.02937e+08,-2.10632e+08,-6.51375e+08,0.000994934,0.000155595,3.54562e-26
0,1.84969e+09,5.01211e+07,3.13994e+08,5.40794e+09,1.22771e+09,-2.70929e+08,-1.05499e+09,0.000963239,0.000163515,2.12589e-23
0,1.83097e+09,-6.89169e+07,3.04549e+08,7.14409e+09,2.69421e+08,8.66618e+08,-5.14823e+08,0.000937202,0.000155887,3.13719e-23
0,1.99473e+09,-4.45332e+07,3.02002e+08,-4.08476e+09,-9.09362e+08,3.144e+08,-1.20125e+09,0.00107382,0.000162576,-1.81016e-23
0,2.0838e+09,-5.055e+06,3.42958e+08,1.10879e+08,-1.32135e+07,4.0786e+07,-3.48933e+08,0.000953609,0.000156948,-3.43596e-28
0,2.27065e+09,1.94666e+07,2.91753e+08,-2.54661e+09,1.3959e+09,6.04912e+07,2.40822e+08,0.00104029,0.000133665,1.79724e-24
0,2.06689e+09,-6.28123e+06,3.41567e+08,-2.61151e+08,2.18586e+08,5.30325e+07,-4.52905e+08,0.000954447,0.000157729,4.33033e-28
0,2.13974e+09,-2.56369e+07,3.09887e+08,-3.06541e+09,-1.47749e+09,-1.89573e+08,-8.14001e+08,0.00100289,0.000145243,-4.80755e-24
0,1.91556e+09,-4.34487e+07,3.28593e+08,4.40414e+09,-1.44826e+09,6.42478e+07,1.54671e+08,0.000965953,0.000165698,5.44646e-25
0,2.20905e+09,3.21958e+07,3.22302e+08,-5.12581e+09,3.73835e+08,1.56196e+08,3.77997e+08,0.000949123,0.000138478,3.2836e-24
0,2.00642e+09,-3.38635e+07,2.9757e+08,-1.65042e+09,-4.09073e+08,1.28099e+08,-1.23281e+09,0.00100917,0.000149669,-4.56166e-25
0,2.22982e+09,3.9479e+07,3.24835e+08,-6.13844e+09,-3.49424e+08,2.22638e+08,2.40688e+08,0.000907746,0.000132238,2.11198e-24
0,2.09289e+09,-2.38482e+07,3.09246e+08,4.65516e+09,8.53501e+07,-888350,-3.79274e+08,0.00108802,0.000160766,5.77692e-24
0,1.98751e+09,-5.42751e+07,3.06839e+08,-6.30179e+09,-3.56863e+08,4.10469e+08,-1.07247e+09,0.00106019,0.000163676,-4.74852e-23
0,2.06666e+09,6.28293e+07,2.95132e+08,-1.14194e+10,-6.84958e+08,3.35362e+08,1.90062e+08,0.00100286,0.000143215,2.08203e-23
0,2.07339e+09,-1.75878e+07,3.13004e+08,-5.18665e+09,1.97653e+08,2.67874e+07,-7.69025e+08,0.000933382,0.000140905,-7.7577e-24
0,2.01529e+09,-6.5849e+06,3.28028e+08,-3.84329e+08,1.68793e+08,1.90748e+07,-8.71402e+08,0.00095726,0.000155813,1.70988e-26
0,2.07479e+09,-4.20881e+06,3.19818e+08,-1.15831e+09,-8.01822e+08,-4.25281e+08,-9.07605e+08,0.00101369,0.000156255,-3.87553e-25
0,1.98232e+09,7.48906e+07,3.14192e+08,8.79168e+09,1.24811e+09,-5.04893e+07,-9.30715e+08,0.000977349,0.000154907,7.16586e-23
0,2.07991e+09,-7.88148e+07,3.05592e+08,-1.10133e+10,3.92895e+08,3.49514e+08,-8.46007e+08,0.000981516,0.000144209,-1.00755e-22
0,2.05963e+09,-7.81547e+06,3.18313e+08,-1.58095e+09,-1.41156e+09,3.0266e+08,-7.76392e+08,0.000980551,0.000151543,-1.39134e-24
0,1.89868e+09,1.26935e+07,3.07815e+08,-5.75123e+09,7.98531e+08,-7.43975e+08,-9.82308e+08,0.000951974,0.000154335,-3.18514e-23
0,2.08671e+09,-1.90613e+07,3.18147e+08,-1.9465e+09,-8.01014e+08,3.88554e+07,-7.64717e+08,0.000992803,0.000151366,-9.49736e-25
0,1.90868e+09,3.43658e+07,2.94901e+08,1.0797e+10,1.61003e+09,-6.66137e+07,-1.01297e+09,0.000954871,0.000147533,1.5313e-22
0,1.91887e+09,-1.01512e+07,3.16438e+08,3.99545e+09,-5.05832e+08,1.92223e+08,-6.99216e+08,0.00101923,0.000168081,7.00149e-24
0,2.06126e+09,-3.72231e+07,3.31294e+08,-8.45417e+09,4.08007e+08,-4.34451e+08,-7.54275e+08,0.000937256,0.00015064,-3.82827e-23
0,2.32309e+09,1.19844e+07,3.29788e+08,2.76182e+09,-1.06202e+09,-9.84801e+07,-2.55086e+08,0.000919593,0.000130546,6.21638e-25
0,2.11534e+09,5.68157e+07,3.17788e+08,5.88804e+09,1.13027e+09,-4.79058e+08,-4.99642e+08,0.000896021,0.000134609,2.54914e-24
0,2.11758e+09,5.05102e+07,2.73485e+08,-4.15452e+09,3.6755e+08,4.82777e+08,4.35221e+08,0.00101617,0.000131238,3.83523e-24
0,2.01726e+09,-2.48117e+07,3.08749e+08,-1.47922e+09,-4.72968e+08,1.30852e+08,-1.10176e+09,0.0010179,0.000155792,-3.65436e-25
0,1.99386e+09,-1.61944e+07,3.27759e+08,4.37426e+08,6.01233e+08,1.99992e+07,-8.6748e+08,0.000944298,0.000155228,1.23354e-27
0,1.82694e+09,-3.33698e+07,3.17459e+08,2.854e+09,-2.84724e+08,2.57894e+08,-6.50588e+08,0.000962478,0.000167245,2.0434e-24
0,2.27714e+09,3.0282e+07,3.27807e+08,6.16461e+09,-5.12627e+08,-1.7902e+08,-3.68494e+08,0.000924086,0.000133027,4.35407e-24
0,1.96798e+09,-1.35417e+07,2.67753e+08,3.81877e+08,-4.66876e+08,2.75158e+08,-9.73317e+08,0.00104462,0.000142126,8.94835e-26
0,2.02465e+09,-9.62414e+06,3.22413e+08,-8.93196e+08,-1.11813e+08,-2.09912e+08,-1.08147e+09,0.000992823,0.000158101,5.14345e-26
0,2.07906e+09,-7.84574e+07,3.09839e+08,-1.09876e+10,7.85176e+08,2.9439e+08,-7.61042e+08,0.000950491,0.00014165,-7.41397e-23
0,2.18573e+09,-9.23534e+06,3.22578e+08,-2.82922e+09,-8.99166e+08,-3.28226e+08,-6.18749e+08,0.000950901,0.000140337,-8.91776e-25
0,1.93095e+09,-4.56677e+07,3.02592e+08,-6.02701e+09,6.84477e+08,7.5022e+08,-1.16847e+09,0.00102089,0.000159981,-3.28485e-23
0,2.00194e+09,-2.08893e+07,3.31108e+08,-6.98941e+09,-1.76277e+07,-2.30579e+08,-5.55187e+08,0.00091955,0.000152088,-1.5303e-23
0,1.95791e+09,6.53678e+06,3.11298e+08,3.73851e+09,6.27148e+07,6.06299e+07,-7.99717e+08,0.0010343,0.000164449,6.58785e-24
0,1.90025e+09,4.08731e+07,3.1932e+08,3.04763e+09,1.12455e+09,-1.26491e+08,-1.12053e+09,0.000989878,0.00016634,4.28341e-24
0,1.93577e+09,-3.03426e+07,3.17873e+08,8.86544e+09,4.13482e+08,2.16244e+08,-4.21243e+08,0.00102756,0.000168736,5.31245e-23
0,2.06363e+09,1.21587e+07,3.08883e+08,1.21953e+10,8.9076e+08,2.07369e+08,-5.41568e+08,0.00104007,0.000155676,1.38292e-22
0,1.88504e+09,4.27927e+07,3.19857e+08,-3.365e+09,-4.03327e+08,4.83288e+08,4.11074e+08,0.00097978,0.000166251,1.50683e-24
0,2.07412e+09,-1.84175e+07,3.2117e+08,-3.23203e+09,-6.86134e+08,1.43049e+08,-6.74504e+08,0.000986464,0.000152751,-2.83093e-24
0,1.98755e+09,-2.25333e+07,3.18637e+08,2.43234e+08,4.72197e+08,2.50738e+08,-1.10695e+09,0.00096792,0.000155174,-3.58528e-26
0,1.98865e+09,-2.73616e+07,3.25057e+08,-1.15048e+09,3.97408e+08,1.88019e+08,-9.09241e+08,0.000959503,0.000156837,-6.5182e-26
0,2.03642e+09,-1.46773e+07,3.21526e+08,-3.44961e+09,-8.70636e+08,-3.44504e+08,-8.54967e+08,0.000993774,0.000156904,-3.63174e-24
0,1.86262e+09,6.25646e+07,3.02406e+08,8.26518e+09,5.32589e+08,-2.10702e+08,-1.21371e+09,0.00102437,0.000166312,1.31525e-22
0,2.03939e+09,-5.43311e+07,3.11855e+08,-9.3636e+09,-2.76577e+08,2.88144e+08,-7.01317e+08,0.000963659,0.000147359,-5.58104e-23
0,2.06544e+09,-1.18699e+07,3.06232e+08,-3.95702e+09,-1.24841e+08,1.85526e+08,-9.96763e+08,0.000962455,0.000142698,-5.14509e-24
0,2.11949e+09,-3.89355e+06,3.3297e+08,1.05481e+09,-2.29219e+08,9.38816e+07,-7.18759e+08,0.000956252,0.000150226,4.10043e-26
0,2.04974e+09,4.0183e+07,3.13515e+08,-1.01847e+10,-1.2016e+09,-9.28438e+07,7.53103e+07,0.000918611,0.000140505,5.96221e-24
0,2.08501e+09,-5.10113e+06,3.42406e+08,-2.55247e+08,-1.33583e+07,3.35262e+07,-4.01207e+08,0.000953959,0.000156662,8.20928e-28
0,2.08619e+09,290156,3.40049e+08,-1.27874e+08,9.26375e+07,-7.44398e+07,-5.36627e+08,0.000958869,0.000156296,1.79611e-27
0,1.86772e+09,1.15525e+06,2.76097e+08,-1.90244e+08,-7.42127e+08,3.41971e+08,-1.13971e+09,0.00104165,0.000153982,5.2308e-25
0,2.05743e+09,6.12872e+07,3.1213e+08,9.84921e+09,2.07502e+08,3.54649e+07,-5.19525e+08,0.000948452,0.000143889,4.14391e-23
0,1.93392e+09,1.34155e+06,3.0952e+08,3.03182e+09,3.97325e+08,-1.17833e+08,-7.719e+08,0.00104793,0.000167718,3.65817e-24
0,2.30919e+09,1.65333e+07,3.33874e+08,3.47817e+09,-4.91927e+08,-1.12857e+08,-2.1029e+08,0.000898667,0.000129934,4.26773e-25
0,1.97784e+09,-3.50106e+07,2.96938e+08,1.49581e+10,-1.15074e+09,2.23638e+08,3.18037e+08,0.00101255,0.000152017,-1.70762e-22
0,1.94272e+09,4.85428e+07,2.96102e+08,8.59412e+09,-4.10248e+08,-4.1629e+08,-1.26904e+09,0.00105963,0.000161505,1.58724e-22
0,1.68117e+09,9.87623e+06,3.03373e+08,4.42383e+09,-8.41978e+08,-2.88536e+08,3.24846e+08,0.00106398,0.000191999,-5.33484e-24
0,2.13406e+09,-2.14425e+07,3.2051e+08,-5.76389e+09,-1.21431e+09,1.23935e+08,-8.34038e+08,0.00102372,0.00015375,-2.13907e-23
0,1.84989e+09,-4.4385e+07,3.08942e+08,-3.99473e+09,1.43643e+09,3.75477e+08,-1.23933e+09,0.000986857,0.000164811,-9.55234e-24
0,2.16381e+09,-2.25105e+07,3.28309e+08,-2.56243e+09,-4.21019e+08,-1.92414e+08,-7.16752e+08,0.000956314,0.000145099,-7.23772e-25
0,2.10814e+09,-1.86956e+07,3.16692e+08,4.84107e+09,7.44029e+08,2.3404e+07,-3.99741e+08,0.00108194,0.000162533,6.47972e-24
0,2.05228e+09,-2.83896e+07,3.0917e+08,1.71395e+09,-5.2847e+07,2.24243e+08,-9.06101e+08,0.000969569,0.000146063,2.77248e-25
0,2.10084e+09,-4.75713e+07,3.22367e+08,-8.75476e+09,4.01063e+07,-5.1896e+07,-7.73552e+08,0.000965305,0.000148123,-4.22298e-23
0,2.32771e+09,4.58654e+06,3.20351e+08,2.42143e+09,-1.99075e+08,-5.25102e+07,-1.11263e+08,0.00096001,0.000132121,8.6743e-26
0,2.13677e+09,-3.45494e+07,3.21566e+08,-6.35045e+09,-3.48594e+08,1.0349e+08,-6.88389e+08,0.000972116,0.000146295,-1.4058e-23
0,2.03328e+09,8.81732e+06,3.04431e+08,3.92256e+09,-1.64953e+09,-1.53713e+08,-1.16103e+09,0.00106119,0.000158885,2.18094e-23
0,2.0139e+09,2.95924e+07,3.06387e+08,3.91889e+09,-5.5931e+08,-4.19156e+08,-1.19958e+09,0.00104034,0.000158273,1.10877e-23
0,2.09178e+09,-1.26193e+06,3.40637e+08,-5.0986e+08,-8.66213e+07,-1.20268e+08,-4.93431e+08,0.000956513,0.000155764,3.24292e-28
0,2.10781e+09,3.39942e+07,2.99486e+08,3.02722e+09,-1.73967e+09,5.67611e+07,-1.04813e+09,0.00104164,0.000148001,1.01072e-23
0,2.00811e+09,-5.64449e+07,3.19732e+08,-4.0283e+09,-1.48144e+09,-8.37306e+08,-6.42794e+08,0.000964103,0.000153504,-6.82015e-25
0,1.95233e+09,-6.97218e+06,3.08666e+08,2.57158e+09,5.4058e+08,-3.735e+07,-8.64012e+08,0.00104953,0.000165933,2.47438e-24
0,2.09076e+09,-7.65335e+06,3.29144e+08,4.35109e+08,-4.027e+08,1.76419e+07,-7.61391e+08,0.000964231,0.000151797,9.41893e-27
0,2.06274e+09,-4.14583e+06,3.35459e+08,7.27571e+08,-9.22291e+07,2.3683e+08,-6.78397e+08,0.000979378,0.000159274,-7.26206e-27
0,2.01522e+09,-1.24661e+07,3.12351e+08,5.3281e+09,5.0764e+08,2.3927e+08,-7.3343e+08,0.00105051,0.000162825,1.86382e-23
0,2.0986e+09,2.12174e+07,3.01858e+08,5.23202e+09,-1.88365e+09,-1.9373e+08,-1.11935e+09,0.00110864,0.000159464,4.97887e-23
0,2.08173e+09,2.49754e+07,3.07492e+08,2.55144e+09,8.08679e+08,-5.15552e+07,-6.82981e+08,0.00110483,0.000163194,1.76139e-24
0,2.07103e+09,-5.40731e+06,3.42825e+08,-6.29912e+07,3.60327e+07,2.69929e+07,-3.63369e+08,0.000951409,0.000157491,2.10738e-28
0,2.14422e+09,1.43211e+07,2.90589e+08,-4.06455e+09,-2.93206e+08,2.75697e+07,2.96995e+08,0.000985405,0.000133544,1.60257e-24
0,2.09388e+09,-2.56812e+06,3.40857e+08,-6.93943e+08,-1.4432e+08,-1.38289e+08,-4.73741e+08,0.000954452,0.000155373,-5.4535e-27
0,2.03193e+09,4.24379e+07,3.17184e+08,-6.63699e+09,-1.82401e+09,3.52485e+08,-3.66516e+08,0.00101572,0.000158554,-3.46713e-23
0,2.18302e+09,4.4097e+06,2.81393e+08,7.6285e+08,-7.37128e+08,-6.96222e+07,-3.38261e+08,0.000965026,0.000124393,7.05472e-26
0,1.84533e+09,4.04581e+07,2.99008e+08,5.58268e+09,-1.05264e+08,-6.29382e+08,-1.07867e+09,0.000981131,0.000158977,3.03981e-23
0,2.16709e+09,6.50489e+07,3.1161e+08,-3.10845e+09,-6.41001e+08,-7.45626e+07,-1.11998e+07,0.000959528,0.000137972,-4.25018e-26
0,1.9406e+09,-6.03153e+07,3.15144e+08,1.30408e+09,-3.02307e+08,8.64859e+07,-6.30306e+08,0.000943974,0.000153297,1.37916e-25
0,2.13351e+09,239651,2.98728e+08,4.87596e+08,-2.33534e+09,-2.41639e+08,-1.11531e+09,0.00110956,0.000155358,9.92249e-26
0,2.09756e+09,-7.72141e+06,3.38581e+08,-2.17131e+08,-1.81905e+08,-1.66409e+07,-5.1401e+08,0.000985269,0.000159038,6.15417e-28
0,1.96089e+09,2.72854e+07,3.16991e+08,2.27713e+09,1.29521e+09,-3.69269e+08,-9.70881e+08,0.000950389,0.000153637,5.06271e-25
0,2.27033e+09,8.72117e+06,3.06293e+08,5.31633e+09,1.68633e+09,-5.64275e+07,2.43804e+08,0.00101028,0.000136299,-7.35827e-24
0,1.95378e+09,341075,2.78604e+08,1.85216e+09,-9.80067e+08,4.69126e+08,-1.05778e+09,0.00106316,0.000151603,1.99339e-24
0,2.09659e+09,-2.54524e+06,3.42437e+08,-8.61922e+08,-1.77847e+08,-1.21086e+08,-3.45029e+08,0.000952074,0.000155503,-1.26965e-26
0,1.93473e+09,3.18414e+07,3.18452e+08,-6.39581e+09,-1.47657e+09,1.49847e+08,-5.81415e+08,0.000987356,0.000162516,-3.31195e-23
0,2.07944e+09,-1.21194e+07,3.17372e+08,2.91438e+09,-7.13596e+08,-5.30963e+08,-7.18385e+08,0.00098438,0.00015024,2.33823e-24
0,2.01306e+09,3.95422e+06,3.12856e+08,6.49945e+09,8.82832e+08,1.73919e+08,-7.80505e+08,0.000929646,0.000144479,1.9673e-23
0,2.16532e+09,-1.7247e+07,3.03549e+08,-4.77317e+09,-2.36062e+09,-1.90552e+08,-1.01998e+09,0.00111032,0.000155652,-4.1754e-23
0,2.09816e+09,1.96297e+07,3.0805e+08,2.40538e+09,-1.30766e+09,1.40299e+08,-8.21175e+08,0.00100182,0.000147086,2.95755e-24
0,1.93435e+09,-6.68495e+06,3.11494e+08,-1.68076e+09,2.2814e+09,-2.85518e+07,-8.29959e+08,0.000911535,0.000146787,1.39411e-24
0,2.08323e+09,-5.09376e+06,3.42057e+08,1.33211e+08,1.71466e+07,2.92499e+07,-4.30379e+08,0.000952655,0.000156422,-7.95022e-28
0,1.96166e+09,-1.58394e+07,3.08451e+08,4.9187e+09,2.7894e+08,9.4646e+08,-9.9567e+08,0.000993141,0.000156161,1.68368e-23
0,1.86461e+09,1.57894e+07,3.24995e+08,-4.51564e+09,-4.48756e+08,-6.03566e+07,-6.82068e+08,0.000962215,0.000167711,-9.13649e-24
0,1.94663e+09,-5.68778e+07,3.18591e+08,-2.90327e+09,1.45351e+09,7.71457e+07,-8.25784e+08,0.000946551,0.000154916,-1.45068e-24
0,1.84349e+09,-7.39806e+06,2.73445e+08,9.95975e+08,2.17954e+08,3.63443e+08,-1.21646e+09,0.00106449,0.000157897,-2.14071e-25
0,2.10473e+09,-3.52995e+06,3.43517e+08,-1.11466e+09,-2.05298e+08,-1.26252e+08,-2.08535e+08,0.000949564,0.000154981,-1.56263e-26
0,2.07096e+09,-934602,3.27882e+08,-3.50116e+09,5.15309e+08,-9.45908e+07,-6.89139e+08,0.000913849,0.000144684,-2.08897e-24
0,2.00587e+09,-4.22731e+07,3.26527e+08,-1.635e+09,-4.49166e+08,-3.69716e+08,-4.1244e+07,0.00094332,0.000153559,1.2853e-25
0,2.10863e+09,-1.87064e+06,3.10173e+08,2.21372e+09,-1.67336e+08,5.67937e+07,4.46372e+08,0.000956,0.000140625,-3.71066e-25
0,2.15051e+09,-2.74442e+07,3.08445e+08,-5.39639e+09,-1.69871e+09,-2.98231e+08,-9.96838e+08,0.00103463,0.000148396,-2.17603e-23
0,1.68223e+09,1.04987e+07,3.09088e+08,-1.56963e+09,1.14503e+08,5.48307e+08,-4.05998e+08,0.000982611,0.000180542,-2.34989e-25
0,1.9596e+09,-1.56334e+07,2.99991e+08,-4.3843e+09,-9.02818e+08,1.53072e+08,-1.27561e+09,0.00104962,0.000160683,-2.17972e-23
0,2.0496e+09,-2.37203e+07,3.10116e+08,-4.74373e+09,-1.41061e+09,1.46361e+08,-9.85341e+08,0.00104607,0.000158276,-2.27755e-23
0,2.01596e+09,-4.08557e+06,3.22513e+08,-2.2653e+09,1.38229e+08,9.52041e+07,-1.06471e+09,0.000973256,0.000155702,-1.00217e-24
0,2.04028e+09,-2.81411e+06,3.26762e+08,5.27667e+08,-2.1703e+08,-9.1396e+07,-1.0003e+09,0.000986031,0.000157918,-4.05323e-26
0,1.97528e+09,-2.46403e+07,3.06204e+08,5.65664e+09,4.23103e+08,9.32442e+08,-1.02626e+09,0.0010009,0.000155158,2.88684e-23
0,2.10711e+09,-1.05184e+07,3.2078e+08,-3.12856e+09,-7.53543e+08,3.3925e+08,-6.59908e+08,0.000958826,0.000145969,-2.28475e-24
0,2.08158e+09,2.23043e+07,3.18235e+08,2.9571e+09,-4.24468e+08,-3.15403e+08,-8.90661e+08,0.000991101,0.000151521,2.36823e-24
0,1.89134e+09,-2.62471e+07,3.17987e+08,-2.89387e+08,1.44374e+09,3.46734e+08,-9.71398e+08,0.000932674,0.000156808,-9.8111e-27
0,1.99563e+09,-2.64246e+07,3.24124e+08,1.78385e+08,3.36134e+08,-1.85407e+08,-5.1117e+08,0.000954039,0.000154952,-7.34212e-29
0,2.01451e+09,-4.8971e+07,2.96364e+08,-1.08507e+10,-1.18441e+09,2.39686e+08,-1.1135e+09,0.0010486,0.000154264,-2.42079e-22
0,1.97896e+09,-1.95235e+07,3.23227e+08,4.63743e+09,5.31804e+08,1.55226e+08,-4.3966e+08,0.000987855,0.000161348,6.11509e-24
0,2.09009e+09,-4.50096e+06,3.43574e+08,-1.67955e+07,-8.14764e+06,2.20198e+07,-2.8195e+08,0.000953513,0.00015674,3.32223e-29
0,2.24627e+09,3.57879e+07,3.19554e+08,-8.48919e+08,-4.28445e+07,-1.04485e+08,-6.97328e+07,0.000938953,0.000133576,-1.46496e-27
0,2.084e+09,3.7144e+07,3.14828e+08,9.40083e+09,-9.3377e+08,2.46709e+08,-8.06649e+08,0.000990134,0.000149578,6.16592e-23
0,2.0237e+09,3.11939e+07,3.11643e+08,6.16e+09,-4.9354e+07,-2.13264e+08,-1.02703e+09,0.000985759,0.000151804,2.56326e-23
0,2.12752e+09,2.68007e+07,3.14455e+08,-2.06826e+09,-1.79348e+09,-3.08515e+08,3.30554e+07,0.000933613,0.000137991,-1.2172e-24
0,2.08269e+09,5.38815e+06,2.98116e+08,4.03094e+09,-1.43588e+09,3.83374e+08,-1.11764e+09,0.0010499,0.000150283,1.2473e-23
0,1.81306e+09,3.1363e+07,3.11101e+08,1.29536e+10,1.77187e+09,4.70711e+08,-5.62027e+08,0.000961599,0.000165,2.66242e-22
0,2.27966e+09,8.73306e+06,3.2712e+08,2.17062e+09,-1.53997e+09,8.00464e+06,-5.63604e+08,0.000987589,0.000141714,1.82629e-24
0,1.9259e+09,-1.02371e+07,3.31033e+08,6.42238e+08,2.74856e+08,1.96803e+06,-7.9318e+08,0.000957683,0.000164611,-2.59771e-27
0,2.24207e+09,-1.2198e+07,3.18949e+08,-3.15931e+09,-1.15203e+09,1.09103e+08,-5.19531e+08,0.00099043,0.000140895,-2.32361e-24
0,2.0145e+09,3.9064e+07,3.24323e+08,3.46591e+09,9.95072e+08,-2.16332e+08,-7.6105e+08,0.00092491,0.000148906,1.96058e-24
0,2.01218e+09,-2.3829e+07,3.2056e+08,4.74384e+09,9.98497e+08,-6.20175e+07,-5.19461e+08,0.00100391,0.000159933,6.01676e-24
0,2.11455e+09,-7.2825e+06,3.42899e+08,-1.61002e+09,-2.04934e+08,-1.32859e+08,-2.73983e+08,0.000944097,0.000153096,-6.66796e-26
0,2.03404e+09,-4.21563e+07,3.06304e+08,-7.4406e+09,-4.45673e+08,4.28632e+08,-1.0513e+09,0.00101994,0.000153592,-5.7461e-23
0,1.82649e+09,2.29521e+07,3.17918e+08,4.69232e+09,-6.28282e+08,4.28981e+07,-9.91331e+08,0.000985811,0.000171589,1.90637e-23
0,2.14534e+09,-1.38139e+07,3.37297e+08,-2.58095e+09,-2.13519e+08,-2.5303e+08,-3.82962e+08,0.000945926,0.000148721,-3.45176e-25
0,2.14537e+09,2.95306e+07,3.12817e+08,7.56097e+09,-1.44635e+09,2.78868e+08,-8.4742e+08,0.0010122,0.000147589,3.53593e-23
0,2.1421e+09,-9.47577e+06,3.11885e+08,5.06124e+09,8.22549e+08,-1.21091e+08,1.46504e+08,0.000894552,0.000130245,-1.6814e-24
0,2.1246e+09,-3.41742e+07,3.14415e+08,4.34717e+08,6.80043e+07,2.44467e+08,-6.15299e+08,0.000938174,0.000138839,-7.06156e-27
0,1.99817e+09,-896785,3.00581e+08,2.65563e+09,1.38628e+09,-2.1948e+08,-7.38536e+08,0.000979412,0.000147332,5.22558e-25
0,2.05926e+09,1.35196e+06,2.93432e+08,-9.19593e+08,-3.18034e+08,7.90174e+07,-9.29801e+08,0.00100402,0.000143067,-2.46046e-26
0,2.32553e+09,1.35458e+06,3.42098e+08,9.32951e+08,-3.42956e+08,-1.81598e+07,-1.16011e+08,0.000883423,0.000129956,6.89204e-27
0,2.07683e+09,5.23191e+07,3.14267e+08,1.05479e+10,-2.71165e+08,4.59217e+07,-9.06429e+08,0.000976111,0.000147706,9.6712e-23
0,1.86573e+09,4.74291e+07,3.06814e+08,-6.24934e+09,-8.83372e+08,-8.36014e+07,-7.86614e+08,0.00102556,0.00016865,-4.02859e-23
0,2.02267e+09,806872,2.80862e+08,-7.07733e+08,-9.18791e+08,3.09097e+08,5.55717e+08,0.000934742,0.000129795,-1.08991e-26
0,2.31252e+09,1.56489e+07,3.2927e+08,2.27272e+09,-1.07367e+09,-1.41867e+08,-2.66847e+08,0.000930077,0.000132429,5.06445e-25
0,1.90763e+09,6.36285e+06,3.10272e+08,-4.74324e+09,3.77688e+08,3.06825e+08,-5.94746e+08,0.00103406,0.000168188,-1.04046e-23
0,2.02601e+09,1.18848e+07,2.74171e+08,6.85212e+08,-8.36184e+08,-1.04379e+08,-9.41188e+08,0.00104543,0.000141474,1.65022e-25
0,1.98728e+09,-5.93747e+07,3.04412e+08,-7.4204e+09,5.21985e+08,4.79959e+08,-1.07699e+09,0.000991239,0.000151838,-4.86502e-23
0,2.11608e+09,-1.00995e+07,3.41982e+08,-1.74413e+09,-1.30627e+08,-1.06187e+08,-3.5124e+08,0.000939678,0.000151862,-1.15536e-25
0,2.14628e+09,-1.21283e+07,3.25554e+08,2.89051e+09,6.72177e+08,-8.50661e+07,-2.96258e+08,0.00102061,0.00015481,4.99964e-25
0,1.91137e+09,3.17717e+07,3.10809e+08,5.9856e+09,-1.00509e+08,1.10167e+08,-1.19733e+09,0.00100915,0.000164099,4.02515e-23
0,2.17763e+09,3.36512e+07,2.95782e+08,8.37398e+09,-7.98594e+08,-4.84637e+08,-4.10622e+08,0.000963796,0.00013091,2.20023e-23
0,1.83607e+09,-7.24146e+06,3.05023e+08,-6.0539e+09,5.22992e+08,1.86554e+07,-9.60023e+08,0.000953461,0.000158396,-3.16632e-23
0,1.90571e+09,3.1006e+07,3.13978e+08,5.80061e+09,2.11556e+09,4.4053e+08,-8.71691e+08,0.000945736,0.000155816,2.71888e-23
0,2.15012e+09,3.31775e+07,3.17966e+08,7.11333e+09,-1.00139e+09,3.26242e+08,-8.37841e+08,0.000987574,0.000146046,2.26264e-23
0,1.83447e+09,4.66167e+07,3.15609e+08,4.06843e+09,1.43101e+09,-1.74969e+08,-1.04786e+09,0.000975382,0.000167808,9.61582e-24
0,2.00204e+09,4.28485e+07,3.11749e+08,3.95758e+09,-5.92634e+08,-8.56467e+07,-9.21553e+08,0.00102197,0.000159137,8.50847e-24
0,2.18201e+09,1.15474e+07,3.14607e+08,3.81862e+09,-1.99327e+09,3.72874e+08,-8.05032e+08,0.00104063,0.000150041,1.15345e-23
0,2.11124e+09,2.68226e+07,3.14645e+08,5.80507e+09,-1.0568e+09,1.07943e+08,-9.94613e+08,0.00102368,0.000152562,2.26379e-23
0,1.85622e+09,2.45379e+07,3.12949e+08,-3.8581e+09,2.46807e+06,1.08146e+07,-7.77634e+08,0.00101236,0.000170678,-8.26879e-24
0,1.88943e+09,-5.20181e+07,2.98395e+08,-2.71053e+09,-6.47493e+08,7.48104e+07,-1.07466e+09,0.000991071,0.000156519,-3.76471e-24
0,2.07579e+09,-2.00398e+07,2.62519e+08,8.3933e+08,1.42019e+08,-4.03084e+08,3.77703e+08,0.00102599,0.000129753,-9.83335e-27
0,2.07016e+09,-2.35662e+07,3.13241e+08,-1.33491e+09,6.36101e+08,2.46217e+08,-7.90548e+08,0.000926559,0.0001402,-7.90923e-26
0,1.95185e+09,5.07005e+07,3.08126e+08,1.40894e+10,1.44134e+09,5.05076e+08,-5.21454e+08,0.0010995,0.00017357,4.25501e-22
0,1.98742e+09,8.25721e+06,3.30782e+08,3.02331e+09,4.80951e+08,1.38448e+08,-8.99043e+08,0.000966813,0.000160915,2.7965e-24
0,2.24863e+09,-1.69857e+07,3.29317e+08,-6.59018e+09,-1.19432e+09,-2.45326e+08,-5.27501e+08,0.000975057,0.000142799,-9.09003e-24
0,1.97283e+09,3.50672e+07,3.08735e+08,6.16119e+09,1.53805e+08,7.24313e+07,-1.12954e+09,0.00103807,0.000162452,4.14498e-23
0,2.02277e+09,2.13577e+07,3.29924e+08,3.70664e+09,1.60178e+09,6.71213e+07,-6.35122e+08,0.000891761,0.000145451,1.55269e-24
0,2.0691e+09,-3.36559e+06,3.12292e+08,-3.09056e+09,-9.84458e+08,1.90112e+08,-1.12801e+09,0.00103671,0.000156472,-5.90511e-24
0,2.24872e+09,2.42295e+07,3.28497e+08,-3.20286e+09,-1.27812e+09,-4.83798e+07,-6.34437e+07,0.000919182,0.000134276,-6.76716e-25
0,2.21354e+09,4.20243e+07,3.19304e+08,-7.80943e+09,-6.27432e+08,2.04496e+08,1.78631e+08,0.000934052,0.000134737,3.23584e-24
0,1.93255e+09,5.29321e+07,3.06383e+08,3.43606e+09,-2.25998e+07,-2.47242e+08,-1.00369e+09,0.00102968,0.000163243,6.32057e-24
0,2.02475e+09,-2.92876e+07,3.0848e+08,-4.46395e+09,-1.32235e+09,2.87379e+08,-1.09572e+09,0.0010646,0.000162197,-2.41047e-23
0,2.07478e+09,3.79135e+07,3.16043e+08,4.58579e+08,4.62725e+08,9.45753e+07,-7.14905e+08,0.000934241,0.000142309,3.17806e-27
0,1.8062e+09,5.62656e+07,3.1234e+08,-1.79091e+09,-2.81786e+08,-1.68141e+08,-7.91184e+08,0.00100011,0.000172945,-7.42376e-25
0,1.98322e+09,3.5573e+07,3.07032e+08,5.56509e+09,-3.5589e+07,1.19355e+08,-1.1149e+09,0.00105127,0.000162752,3.07698e-23
0,2.07853e+09,-4.6133e+07,2.83446e+08,2.02442e+08,-7.7184e+08,-6.39428e+08,3.4444e+08,0.000984927,0.000134313,-1.4658e-27
0,2.09013e+09,-5.36467e+06,3.43259e+08,-3.24365e+08,-2.76479e+07,-2.98052e+06,-3.16502e+08,0.000951281,0.000156227,-5.98736e-29
0,1.8055e+09,5.45673e+07,2.84269e+08,-4.11731e+09,-5.20678e+08,-6.26868e+08,-1.05026e+09,0.00102883,0.000161985,-1.153e-23
0,1.88265e+09,-1.43335e+07,3.30152e+08,6.41748e+09,-8.04369e+08,5.74675e+08,5.72034e+08,0.000903031,0.000158361,-2.17649e-23
0,2.11217e+09,-1.33825e+07,3.42321e+08,-1.54021e+09,1.30347e+08,-1.02443e+08,-3.065e+08,0.000929536,0.000150651,-7.81863e-26
0,2.13572e+09,2.29055e+07,3.27297e+08,3.30958e+09,-8.45099e+08,-3.62902e+07,-6.86812e+08,0.000975894,0.000149555,2.66544e-24
0,2.02506e+09,-9.15617e+06,3.06937e+08,7.30776e+09,-2.90292e+09,1.0979e+08,-7.9415e+08,0.00105587,0.000160037,1.18806e-22
0,1.88461e+09,2.20284e+07,3.16844e+08,1.93452e+09,1.66205e+09,-1.94153e+08,-1.1123e+09,0.00095583,0.000160696,3.47969e-25
0,2.04785e+09,1.68918e+07,3.1432e+08,3.55674e+09,-7.05248e+08,-2.585e+08,-9.97225e+08,0.00104369,0.000160193,7.26441e-24
0,2.05143e+09,5.64328e+07,3.10148e+08,7.78411e+09,-2.56202e+08,-4.0411e+08,-9.7851e+08,0.00103216,0.000156048,6.0468e-23
0,1.96594e+09,2.71168e+07,3.01812e+08,3.58884e+09,-5.67063e+08,2.6471e+08,-1.22862e+09,0.00107047,0.00016434,9.47555e-24
0,1.96701e+09,-3.68113e+07,2.64938e+08,-4.87496e+08,8.44225e+07,-2.40696e+08,4.70369e+08,0.00103152,0.000138936,-9.08745e-27
0,1.91995e+09,-5.08836e+07,3.10964e+08,-5.72274e+09,-9.72986e+07,3.7074e+08,-1.06065e+09,0.00103392,0.000167459,-3.49084e-23
0,1.88904e+09,3.6604e+06,3.19376e+08,-3.10749e+08,-2.1575e+08,-1.18826e+08,-1.0995e+09,0.000989493,0.000167291,3.5553e-26
0,2.02222e+09,5.26447e+07,3.06086e+08,9.4494e+09,5.0917e+08,-3.34347e+08,-8.26001e+08,0.000946703,0.000143295,5.84888e-23
0,2.03387e+09,2.34558e+07,2.97525e+08,2.11915e+09,-1.14009e+09,-5.08237e+08,-1.05319e+09,0.00105049,0.000153671,2.53284e-24
0,1.87394e+09,-972401,2.65945e+08,8.19698e+08,-1.08704e+07,-4.34583e+07,-1.14739e+09,0.00106723,0.000151459,-1.4669e-25
0,2.10963e+09,-3.09733e+06,3.18404e+08,-3.28189e+09,-1.49277e+09,-4.92209e+07,-9.69413e+08,0.0010596,0.000159923,-9.36531e-24
0,1.86469e+09,1.61656e+07,2.90448e+08,8.54715e+08,1.24738e+09,-3.99273e+08,-1.15912e+09,0.000988059,0.000153902,1.25132e-26
0,1.94025e+09,1.96115e+07,3.09405e+08,7.92892e+08,-2.35611e+08,-5.67609e+08,-1.03382e+09,0.00101725,0.000162217,-1.97091e-25
0,2.08427e+09,-3.8892e+07,3.28881e+08,-8.78368e+09,4.1619e+08,-2.61141e+08,-5.53002e+08,0.000905427,0.000142869,-2.47643e-23
0,1.98682e+09,4.30327e+07,2.54977e+08,-6.36179e+09,-8.11271e+08,-7.24293e+07,4.85498e+08,0.00104316,0.000133874,2.08775e-23
0,2.14867e+09,4.50554e+07,3.2477e+08,6.4775e+09,2.7576e+08,-1.30176e+08,-6.06022e+08,0.000949132,0.00014346,1.07209e-23
0,1.92498e+09,-5.86825e+07,3.09312e+08,-5.40407e+09,6.45367e+08,5.67521e+08,-1.07922e+09,0.00101473,0.00016305,-2.23332e-23
0,1.94252e+09,5.60043e+06,3.04445e+08,1.89799e+09,-5.82441e+08,1.7665e+08,-1.19746e+09,0.00108746,0.000170435,1.63083e-24
0,2.02645e+09,1.61816e+07,2.82202e+08,5.56874e+07,9.1063e+08,2.27366e+08,-6.48064e+08,0.000955222,0.000133023,-2.1649e-27
0,2.09519e+09,-1.41872e+07,3.41607e+08,-6.89011e+08,3.65961e+08,8.10147e+06,-3.56988e+08,0.00092034,0.000150055,-7.3618e-27
0,2.24373e+09,-1.1327e+07,3.09186e+08,2.17081e+09,-7.08077e+08,1.53006e+08,-3.39606e+08,0.000935132,0.000128861,2.30714e-25
0,1.96544e+09,-3.0666e+07,3.05726e+08,-4.02181e+09,-2.6234e+08,6.45653e+08,-1.16764e+09,0.00102023,0.000158698,-1.05793e-23
0,2.1573e+09,4.76553e+07,3.29142e+08,-6.83712e+09,-1.39711e+09,9.44787e+07,2.55752e+08,0.000881404,0.000134477,1.68685e-24
0,2.18993e+09,1.35472e+07,2.80408e+08,-4.16533e+09,1.89162e+08,-1.90367e+08,8.55279e+07,0.00104227,0.000133457,4.09441e-25
0,1.90202e+09,-4.10076e+07,3.12092e+08,-4.86346e+09,9.50496e+08,2.22694e+08,-1.15203e+09,0.000971126,0.000159346,-1.6303e-23
0,2.12292e+09,-1.79846e+07,3.30872e+08,-2.55572e+09,-4.86309e+08,-4.2394e+08,-8.08861e+08,0.000982569,0.00015314,-7.23246e-25
0,1.94148e+09,-2.33127e+06,3.02198e+08,-3.23136e+09,-1.21497e+09,-9.19177e+08,-9.92772e+08,0.00101813,0.000158476,-8.04863e-25
0,1.92782e+09,3.35953e+07,3.20852e+08,4.98179e+09,1.11378e+09,4.43669e+07,-8.38633e+08,0.000949596,0.000158043,1.23227e-23
0,1.90597e+09,-4.80829e+07,3.08448e+08,3.43923e+09,-5.83753e+08,2.63231e+08,-3.96027e+08,0.000994118,0.000160881,1.92752e-24
0,2.05553e+09,-2.63249e+07,3.20172e+08,-4.15204e+09,-5.32032e+08,3.00426e+08,-9.26666e+08,0.00101995,0.000158868,-8.74051e-24
0,2.02402e+09,-2.91354e+07,2.51969e+08,-6.65929e+09,-5.2286e+08,2.49909e+07,-6.12202e+08,0.00104609,0.000130227,-2.7464e-23
0,2.06812e+09,2.5367e+07,3.06595e+08,1.86781e+09,-1.24014e+09,-8.37895e+08,-9.67444e+08,0.00105794,0.000156838,7.73698e-25
0,1.93379e+09,-4.79879e+07,3.18499e+08,-5.15905e+09,5.06456e+08,3.6078e+08,-8.67221e+08,0.00100547,0.000165603,-1.57483e-23
0,1.98284e+09,-3.39349e+07,3.21069e+08,2.30805e+09,1.46847e+09,5.51915e+08,-7.82717e+08,0.000920447,0.000149042,1.93277e-24
0,2.08163e+09,1.07504e+07,3.16068e+08,2.14032e+09,-2.6122e+08,-5.15534e+08,-9.31551e+08,0.00100612,0.000152766,7.43337e-25
0,1.96346e+09,-4.22459e+07,3.00955e+08,-1.1937e+09,2.12689e+08,-2.33386e+08,8.69778e+07,0.000912516,0.000139868,-1.08291e-26
0,1.80247e+09,-1.66409e+06,3.18644e+08,4.48613e+08,-4.5886e+08,9.91525e+07,1.74148e+08,0.00108829,0.000192391,-1.0473e-27
0,1.94494e+09,-3.56638e+07,3.16141e+08,-4.08683e+09,3.65848e+08,3.86084e+08,-1.08511e+09,0.000992506,0.000161327,-8.6907e-24
0,2.01988e+09,7.9305e+07,2.93667e+08,1.7553e+09,-1.53029e+09,3.22386e+08,-6.4529e+08,0.00111156,0.000161608,4.79994e-24
0,1.94382e+09,4.93624e+07,3.01184e+08,7.10541e+09,2.88477e+08,-1.12275e+08,-8.26463e+08,0.000945545,0.000146507,3.14454e-23
0,2.11775e+09,-5.43708e+07,2.9664e+08,-5.05751e+09,-5.96424e+08,3.14607e+08,-9.37771e+08,0.000990417,0.000138731,-1.2022e-23
0,2.07275e+09,-2.97425e+07,2.98831e+08,-5.9217e+09,-1.43451e+09,5.95026e+07,-9.28413e+08,0.00104467,0.000150611,-3.43756e-23
0,1.90198e+09,-2.87905e+07,3.11674e+08,-4.18059e+09,2.72734e+08,1.08359e+08,-1.21537e+09,0.000996033,0.000163218,-1.27125e-23
0,2.05215e+09,-1.17966e+07,3.14939e+08,-2.22435e+09,-3.14769e+08,-2.0927e+08,-8.88361e+08,0.00101038,0.000155061,-9.00747e-25
0,2.1811e+09,-1.83285e+07,3.31589e+08,-4.25456e+09,-9.61827e+08,-1.08115e+08,-5.28824e+08,0.000979487,0.000148909,-3.54977e-24
0,2.21908e+09,2.91836e+07,3.0855e+08,7.14129e+09,-3.76422e+08,-2.89583e+08,-1.23554e+08,0.000986714,0.000137197,4.25329e-24
0,2.08779e+09,7.36515e+06,3.16145e+08,-2.43795e+09,-1.0895e+09,-5.03091e+07,-4.04902e+08,0.000989533,0.000149841,-1.42241e-24
0,2.04034e+09,-1.19467e+07,3.22344e+08,-5.15447e+08,-5.64405e+08,-1.18726e+08,-1.12265e+09,0.00100476,0.000158739,-7.2502e-26
0,1.88663e+09,-4.8154e+07,2.97973e+08,-1.32572e+09,6.6723e+07,5.04551e+08,-1.37795e+09,0.00105699,0.000166939,2.58321e-25
0,2.05805e+09,-2.76238e+07,2.96797e+08,-3.50935e+09,-2.23008e+09,-7.07925e+08,-8.63521e+08,0.0010341,0.000149131,-1.46104e-23
0,1.92788e+09,7.54888e+07,2.94126e+08,8.73745e+09,1.26446e+09,-1.8277e+08,-1.13548e+09,0.00097292,0.000148433,9.23288e-23
0,2.17686e+09,-9.78118e+06,3.32552e+08,8.2465e+06,-1.35893e+08,6.84798e+07,-4.93328e+08,0.000928633,0.000141864,5.53332e-28
0,1.86267e+09,-1.2446e+07,2.61809e+08,2.62816e+09,-3.02187e+08,3.42677e+08,-1.09848e+09,0.00103947,0.000146103,3.06454e-24
0,2.06306e+09,2.14838e+07,3.26991e+08,6.94336e+09,-3.03182e+08,-4.68349e+07,-6.06172e+08,0.00100202,0.000158818,2.21499e-23
0,2.0684e+09,-6.22425e+06,3.43093e+08,5.55787e+08,1.59448e+07,6.7558e+07,-3.27795e+08,0.00094999,0.000157578,2.86777e-27
0,1.9697e+09,-5.91402e+07,3.18825e+08,-2.48416e+09,9.86512e+08,3.01703e+08,-9.07361e+08,0.000968517,0.000156769,-1.0407e-24
0,1.99861e+09,-1.39674e+07,3.06835e+08,2.49589e+09,8.04192e+08,3.38821e+08,-9.05739e+08,0.000945843,0.000145209,1.87333e-24
0,1.82381e+09,-2.06247e+07,2.564e+08,4.0762e+09,1.85078e+09,2.5663e+08,-1.11756e+09,0.00110479,0.000155318,2.94209e-23
0,2.11319e+09,-9.41076e+06,3.06952e+08,-1.41298e+09,-1.50508e+09,-4.97004e+08,-8.69538e+08,0.00100852,0.000146493,-2.26315e-24
0,2.2079e+09,5.38608e+06,3.02189e+08,1.84312e+09,-2.155e+09,1.3195e+08,-8.34837e+08,0.00102437,0.000140203,5.7354e-24
0,2.03386e+09,-3.27195e+06,3.33154e+08,-4.29141e+09,2.19666e+08,-1.23829e+08,-7.33352e+08,0.000946401,0.000155024,-5.0658e-24
0,2.06786e+09,2.73963e+07,3.21171e+08,2.28312e+09,-6.2145e+08,-1.4394e+08,-8.13419e+08,0.000981523,0.000152446,1.18196e-24
0,2.13706e+09,-3.16906e+07,3.05384e+08,-7.90479e+09,-1.25479e+09,6.16266e+06,-8.16167e+08,0.000989819,0.000141445,-3.93824e-23
0,2.13118e+09,-4.1862e+06,3.44062e+08,3.81921e+08,4.06834e+07,2.71666e+07,-2.12727e+08,0.000925943,0.000149486,5.44612e-28
0,1.87934e+09,-3.00022e+07,3.11489e+08,5.49037e+09,1.66848e+09,8.78075e+07,-4.64592e+08,0.00103695,0.000171868,1.21959e-23
0,2.23724e+09,2.15584e+07,2.92908e+08,-4.38157e+09,2.90692e+08,3.09034e+08,3.13799e+08,0.00103005,0.000134858,2.55053e-24
0,1.98403e+09,1.13223e+07,3.22555e+08,2.51975e+09,3.22016e+08,-3.26176e+08,-8.08606e+08,0.0009822,0.000159681,1.19339e-24
0,2.23281e+09,3.30059e+07,3.26847e+08,1.47524e+09,-1.72108e+09,-6.5693e+07,-1.10686e+08,0.000907952,0.00013291,7.28492e-25
0,2.17962e+09,3.13935e+07,2.93523e+08,1.26318e+08,1.55023e+09,5.79081e+08,5.92114e+08,0.00103586,0.000139497,-1.18026e-24
0,2.09709e+09,3.14622e+07,3.33874e+08,3.69563e+09,4.53268e+08,3.21812e+08,-6.17254e+08,0.00095251,0.000151647,2.88458e-24
0,2.12529e+09,1.46908e+07,3.29624e+08,4.57525e+08,-8.24228e+08,2.13965e+08,-4.98712e+08,0.00100196,0.000155399,1.50421e-25
0,1.95373e+09,2.78198e+07,3.15037e+08,-2.34199e+09,1.73078e+08,-3.82859e+08,-9.73477e+08,0.000990321,0.000159688,-1.44046e-24
0,2.17828e+09,-1.95945e+07,3.18399e+08,-6.64851e+09,-1.32319e+09,-5.17569e+08,-7.76917e+08,0.000994585,0.000145379,-1.44731e-23
0,1.86079e+09,-4.71123e+07,3.05363e+08,3.75578e+09,-1.56538e+09,1.74753e+08,-9.88034e+08,0.000986172,0.000161835,1.6245e-23
0,1.91339e+09,-5.46853e+07,3.13719e+08,-1.19579e+09,1.32641e+08,4.33667e+08,-9.00762e+08,0.000976497,0.000160106,-3.57717e-26
0,1.84657e+09,-4.22228e+07,3.00023e+08,-4.33274e+09,8.333e+08,5.3655e+08,-9.45843e+08,0.000986371,0.000160262,-9.43326e-24
0,1.9252e+09,3.42231e+07,2.59041e+08,-4.69668e+09,-9.82215e+08,3.05861e+08,6.65946e+08,0.00100336,0.000135005,7.63372e-24
0,2.20381e+09,2.19165e+06,3.16798e+08,1.3386e+09,-1.6151e+09,-8.62552e+07,-8.45544e+08,0.00102297,0.000147053,1.67718e-24
0,2.10029e+09,-1.48195e+07,3.09567e+08,-4.14034e+09,-1.49809e+09,1.73724e+08,-7.84373e+08,0.00100226,0.000147726,-1.10183e-23
0,2.23634e+09,2.27823e+07,3.1253e+08,5.06536e+09,-2.06097e+09,-8.15135e+06,-7.52306e+08,0.00102226,0.000142862,1.86609e-23
0,1.98139e+09,-4.86205e+07,3.00313e+08,-5.34572e+09,-1.79741e+09,-1.52001e+08,-6.4052e+08,0.00102179,0.000154869,-2.50294e-23
0,2.15557e+09,-2.66654e+07,3.26109e+08,-4.86399e+09,-7.08487e+08,-1.70738e+08,-9.10587e+08,0.000997745,0.000150945,-8.71939e-24
0,1.92052e+09,8.54223e+06,2.92761e+08,-4.09327e+09,-2.14948e+09,-1.86677e+08,-1.16356e+09,0.00107286,0.000163545,-4.59857e-23
0,2.03525e+09,-1.77618e+07,3.22996e+08,-2.92397e+08,1.5351e+08,2.1626e+08,-1.00723e+09,0.000974288,0.00015462,2.04965e-26
0,1.948e+09,1.60258e+07,3.11901e+08,-9.42196e+08,-1.4187e+09,5.34552e+08,-4.82583e+08,0.000968115,0.000155008,-4.06796e-26
0,1.76069e+09,1.80364e+07,2.99442e+08,-8.70508e+09,-3.23801e+08,-2.93607e+08,-1.15231e+09,0.00108469,0.000184474,-2.57491e-22
0,2.03726e+09,-2.66179e+07,3.06397e+08,-4.27624e+09,-8.87419e+08,3.52496e+08,-9.89237e+08,0.00101673,0.000152913,-1.22402e-23
0,2.06991e+09,-5.08119e+07,3.30294e+08,-6.85747e+09,1.03076e+09,-3.53664e+08,-5.47167e+08,0.000907106,0.000144746,-1.47035e-23
0,2.16007e+09,-2.65292e+07,3.35185e+08,-4.79827e+09,-2.422e+08,-3.46145e+08,-5.59346e+08,0.000965206,0.000149774,-3.85179e-24
0,2.17944e+09,8.23988e+06,3.2428e+08,2.6935e+09,-1.16437e+09,2.26182e+08,-7.16626e+08,0.000993225,0.000147783,1.97469e-24
0,1.85604e+09,-3.50911e+07,3.04318e+08,-1.61262e+09,5.83548e+08,4.76961e+08,-1.41733e+09,0.00102849,0.000168633,-2.71227e-25
0,2.21055e+09,3.6507e+07,3.17673e+08,6.36437e+08,-8.67892e+08,5.2781e+07,-5.95606e+07,0.000916247,0.000131672,4.82298e-26
0,2.03786e+09,1.45908e+07,3.18543e+08,1.98855e+09,-6.86133e+08,7.67379e+06,-9.06171e+08,0.000997424,0.00015591,1.06201e-24
0,2.29046e+09,-4.38074e+06,3.39183e+08,-2.10501e+09,-6.35241e+08,-8.3332e+07,-2.95338e+08,0.000922431,0.000136598,-1.65096e-25
0,2.08859e+09,-5.49603e+06,3.42724e+08,4.76534e+08,-1.88344e+07,8.53016e+07,-3.6577e+08,0.000955574,0.000156803,9.13046e-28
0,1.99094e+09,-4.14847e+07,3.27683e+08,-1.18183e+09,7.10162e+08,-5.33578e+08,9.02362e+07,0.000977523,0.000160888,-1.80254e-25
0,1.89615e+09,2.91271e+07,3.06163e+08,7.41962e+09,9.01033e+08,-3.15183e+08,-9.59573e+08,0.000936059,0.000151141,4.06736e-23
0,2.12666e+09,-3.99593e+07,3.3451e+08,-6.24446e+09,9.7452e+08,-3.2072e+08,-3.8014e+08,0.000897893,0.000141233,-6.80195e-24
0,2.09064e+09,-2.41732e+07,3.21079e+08,-5.43831e+09,-5.51491e+08,-3.40813e+08,-7.98864e+08,0.000990396,0.000152104,-1.07005e-23
0,1.99681e+09,-822883,3.19868e+08,-6.93691e+08,-3.2325e+08,-3.24776e+08,-8.61547e+08,0.000988967,0.000158422,6.5012e-27
0,2.14827e+09,-2.33193e+07,3.17369e+08,-2.21252e+09,-9.15467e+08,-2.83291e+08,-8.11004e+08,0.000979039,0.000144636,-9.84029e-25
0,2.31111e+09,1.59195e+07,3.28654e+08,7.77437e+08,5.27749e+08,-1.05617e+08,9.18621e+07,0.000910557,0.000129487,-1.29071e-26
0,1.98166e+09,-2.82823e+07,2.68306e+08,9.75595e+08,-9.98336e+08,7.70252e+08,-1.01359e+09,0.00108472,0.000146866,8.7346e-25
0,1.8647e+09,-2.20743e+07,3.15238e+08,-8.93576e+08,3.12132e+07,7.31475e+08,-1.15346e+09,0.00103051,0.000174214,2.5001e-25
0,2.12195e+09,-3.93317e+07,3.26603e+08,-2.05401e+09,-1.255e+08,-1.35277e+08,-6.47802e+08,0.000983983,0.000151451,-4.14808e-25
0,1.87319e+09,-1.40929e+07,2.9204e+08,-8.40897e+09,-1.90794e+09,-8.64912e+08,3.29678e+08,0.00103976,0.000162104,1.08757e-22
0,1.95814e+09,4.5528e+07,3.08849e+08,1.59784e+10,6.66076e+08,5.25261e+08,-3.93374e+08,0.000975385,0.000153843,2.31001e-22
0,2.21049e+09,-2.76193e+07,3.15753e+08,-8.18587e+09,-1.75131e+09,-1.51388e+08,-7.11426e+08,0.00102117,0.000145868,-4.02247e-23
0,1.82438e+09,5.69798e+07,3.1058e+08,4.71594e+09,1.44365e+09,-2.55086e+08,-1.13756e+09,0.000967208,0.000164656,1.5855e-23
0,1.94813e+09,2.54531e+07,2.92186e+08,3.63797e+09,1.00053e+09,7.19642e+08,2.62886e+08,0.00104477,0.000156698,2.92797e-24
0,1.68406e+09,-1.02107e+06,2.93658e+08,8.57007e+09,1.88776e+09,3.50764e+08,-1.13919e+09,0.00103497,0.000180473,2.96927e-22
0,1.93686e+09,9.01134e+06,2.82813e+08,-2.19962e+08,-8.3031e+08,2.42123e+08,-1.4791e+09,0.00108,0.000157697,6.47466e-25
0,2.01105e+09,-1.18457e+07,3.15472e+08,-5.35614e+09,1.05368e+08,-9.03279e+07,-8.91077e+08,0.000967557,0.00015178,-1.38166e-23
0,2.07744e+09,-3.89133e+07,3.32639e+08,-7.78216e+09,-5.25067e+08,-6.83858e+08,-4.11556e+08,0.000931825,0.000149204,-8.51963e-24
0,2.04879e+09,-4.40672e+07,3.23723e+08,3.13979e+08,8.93359e+08,3.45974e+06,-4.78095e+08,0.000971743,0.000153542,-1.04171e-26
0,2.11749e+09,-1.73026e+07,3.39251e+08,-5.77648e+09,2.32435e+08,-2.44947e+08,-3.47677e+08,0.000921739,0.000147675,-4.54931e-24
0,1.84189e+09,-4.63084e+07,2.99011e+08,-4.84908e+09,1.21323e+09,2.94971e+08,-1.3094e+09,0.0010088,0.000163768,-2.46978e-23
0,2.03554e+09,-4.83925e+07,3.11418e+08,-4.83976e+09,2.12492e+08,5.59339e+08,-8.69095e+08,0.000988576,0.000151242,-9.27256e-24
0,1.66982e+09,-1.22251e+07,2.94627e+08,-2.44593e+09,5.44664e+08,-3.17324e+07,-1.30007e+09,0.000996008,0.000175738,-4.82257e-24
0,2.15692e+09,-4.49361e+06,3.40929e+08,-3.76312e+09,9.91706e+07,-2.11172e+07,-3.07736e+08,0.000898768,0.000142062,-8.24307e-25
0,1.8653e+09,-2.19244e+07,3.13209e+08,4.69513e+07,2.17183e+08,6.65221e+08,-1.25859e+09,0.00103454,0.000173713,-2.42608e-25
0,2.03579e+09,-2.543e+07,3.2827e+08,-2.79915e+09,2.69099e+08,-7.34025e+07,-8.9699e+08,0.000958126,0.000154497,-1.71e-24
0,2.17908e+09,-4.1059e+07,3.32578e+08,-5.23651e+09,8.32066e+08,-5.55674e+07,-3.95481e+08,0.000878013,0.000134005,-2.48813e-24
0,1.88326e+09,5.30064e+07,2.78004e+08,-8.29647e+09,-3.10835e+09,-3.78991e+08,2.93861e+08,0.00099569,0.000146983,-3.82437e-24
0,2.07765e+09,-5.64316e+06,3.42073e+08,1.30481e+08,-2.1663e+07,8.77391e+07,-4.26134e+08,0.000956516,0.000157485,-8.32032e-28
0,1.99203e+09,6.359e+06,3.16673e+08,-4.73245e+09,3.57126e+08,-9.5362e+07,-8.70199e+08,0.000964543,0.000153333,-9.84725e-24
0,2.03064e+09,-1.53953e+06,3.15726e+08,-9.10462e+08,-4.1324e+08,3.27751e+08,-1.00134e+09,0.00100831,0.000156772,5.56899e-26
0,1.95187e+09,-3.96471e+07,2.7271e+08,6.51101e+09,-7.34931e+07,3.36697e+08,5.98235e+08,0.00095497,0.000133426,-1.86015e-23
0,2.12904e+09,-1.85746e+07,3.22757e+08,-1.99732e+09,-5.2053e+08,-1.83369e+08,-7.3221e+08,0.000987433,0.000149692,-4.92141e-25
0,1.99873e+09,-5.87292e+06,2.75961e+08,-4.43502e+09,-6.2772e+08,7.20712e+07,5.36286e+08,0.00100798,0.00013917,5.75393e-24
0,1.90208e+09,5.22261e+07,3.03669e+08,7.80227e+09,1.28649e+09,-4.0225e+08,-1.09443e+09,0.00095324,0.000152185,5.43489e-23
0,1.91552e+09,-4.04973e+07,3.30672e+08,-5.95281e+09,-5.76079e+08,-4.9486e+08,-2.46302e+08,0.00089929,0.000155242,-1.77801e-24
0,2.11276e+09,-2.40717e+06,3.44013e+08,9.76826e+08,-2.98745e+07,1.73288e+08,-2.21353e+08,0.000932494,0.000151835,1.03848e-26
0,2.28498e+09,2.48263e+07,3.31201e+08,-4.79423e+09,8.89914e+07,1.62959e+08,1.8656e+08,0.000892309,0.000129338,7.77929e-25
0,2.25011e+09,3.4722e+07,3.27734e+08,-4.84231e+09,-2.63548e+08,2.6506e+08,2.31941e+08,0.000905733,0.000131923,9.17832e-25
0,2.23083e+09,4.229e+07,3.03727e+08,7.97965e+09,-9.42486e+08,-2.55797e+08,-5.25723e+08,0.000985329,0.000134152,2.22758e-23
0,2.02807e+09,-2.37557e+07,3.21798e+08,-4.02051e+09,1.73714e+07,1.15212e+08,-8.78605e+08,0.000975019,0.000154708,-5.56313e-24
0,1.98467e+09,-1.78891e+07,2.78511e+08,-2.86866e+09,2.1841e+09,1.15636e+08,-5.97068e+08,0.000920005,0.000129105,2.19881e-24
0,2.00839e+09,-5.70458e+07,2.84986e+08,-5.49692e+09,-1.02485e+09,5.17261e+08,-1.00996e+09,0.00106397,0.000150975,-3.67338e-23
0,2.04487e+09,-6.30823e+07,3.11675e+08,-1.06165e+10,5.74976e+08,1.46553e+08,-7.81727e+08,0.000936493,0.000142739,-7.30349e-23
0,2.24556e+09,-7.1837e+06,3.08327e+08,-9.64408e+08,-3.55751e+08,2.60425e+08,-2.03518e+08,0.000933586,0.000128186,-1.75804e-26
0,1.99955e+09,-1.80744e+07,3.23143e+08,-4.22868e+09,-2.20633e+08,2.73116e+08,-7.6265e+08,0.000949302,0.000153415,-5.6263e-24
0,1.95556e+09,2.03858e+07,3.02661e+08,-5.64187e+09,-1.49382e+09,-1.14674e+08,-7.94128e+08,0.00110594,0.000171165,-4.46312e-23
0,1.79883e+09,-1.83711e+07,2.82958e+08,3.99112e+09,7.37844e+08,1.32671e+08,-9.82942e+08,0.000958669,0.0001508,1.14645e-23
0,1.95682e+09,-2.33496e+07,3.0799e+08,3.74835e+09,2.56228e+08,6.00569e+08,-9.74042e+08,0.000969331,0.000152566,6.26935e-24
0,1.75243e+09,2.00805e+07,3.03115e+08,8.36647e+08,1.37011e+09,-1.91629e+08,-1.32756e+09,0.00101016,0.000174727,8.68989e-26
0,2.04518e+09,-1.59718e+07,3.2842e+08,-3.03254e+09,8.2867e+08,-6.54762e+07,-5.57936e+08,0.00095086,0.000152692,-1.44206e-24
0,1.95152e+09,-1.67826e+07,3.05026e+08,1.74224e+09,-1.61259e+08,1.48554e+08,-1.12289e+09,0.000997421,0.000155899,4.69224e-25
0,2.03309e+09,3.62621e+07,3.08889e+08,4.11739e+09,-8.93573e+08,3.78426e+08,-9.91055e+08,0.00101835,0.000154719,7.82629e-24
0,1.96334e+09,-2.12572e+07,3.2008e+08,-4.51064e+09,-1.0838e+08,-3.56938e+07,-9.21704e+08,0.00100893,0.000164485,-1.16071e-23
0,1.83821e+09,-3.1748e+07,2.96204e+08,-1.14368e+09,1.65746e+08,4.63458e+08,-1.40863e+09,0.00106289,0.000171271,3.81434e-25
0,1.99598e+09,1.70511e+07,3.05817e+08,1.03799e+10,1.01091e+09,-1.82017e+08,-6.32493e+08,0.000987361,0.00015128,7.64737e-23
0,2.32017e+09,1.80372e+07,3.17205e+08,9.30178e+08,-3.74567e+08,-8.69244e+06,-1.58546e+08,0.000965778,0.000132038,1.44568e-26
0,2.07413e+09,-5.22913e+06,3.42532e+08,4.77955e+07,-1.01541e+07,8.87651e+07,-3.8923e+08,0.000958043,0.000158216,-2.83706e-28
0,2.04372e+09,2.15188e+07,3.01726e+08,6.26051e+09,-1.26846e+09,-4.51739e+08,-1.05912e+09,0.00106067,0.000156593,5.34419e-23
0,1.91796e+09,1.61855e+07,3.06205e+08,-6.97623e+09,-1.61503e+09,-1.29807e+08,-7.19369e+08,0.00107431,0.000171515,-6.86125e-23
0,1.96023e+09,-6.64705e+07,2.88787e+08,-5.96231e+09,-2.03473e+08,6.91075e+08,-1.0399e+09,0.00102471,0.000150964,-3.3954e-23
0,2.20521e+09,1.67231e+06,3.05855e+08,1.55717e+08,-1.78501e+08,1.86149e+08,-3.22664e+08,0.000915312,0.00012695,3.23383e-28
0,2.08075e+09,-6.91298e+06,3.03131e+08,8.9162e+09,1.64294e+09,2.89094e+08,4.05817e+08,0.00111418,0.000162318,-4.9263e-23
0,2.04319e+09,-2.25443e+07,3.00699e+08,3.06943e+09,2.05604e+08,4.5208e+08,-9.01596e+08,0.000964061,0.000141882,2.39304e-24
0,2.02457e+09,-4.24919e+07,3.10102e+08,-1.42761e+09,4.13557e+08,2.24737e+08,-1.05672e+09,0.000984927,0.00015086,-1.60164e-25
0,1.98747e+09,-5.59064e+07,3.17982e+08,-3.53468e+09,1.38877e+09,3.67711e+08,-8.59076e+08,0.000926184,0.000148184,-1.60438e-24
0,2.02053e+09,-2.00875e+07,3.08937e+08,1.13294e+09,-8.23458e+08,3.56643e+08,-1.33043e+09,0.00105286,0.000160981,7.73677e-25
0,1.8607e+09,-2.19241e+07,3.14558e+08,-3.05718e+09,8.52455e+08,1.15552e+08,-1.11833e+09,0.000978296,0.000165384,-4.60819e-24
0,2.17773e+09,2.96969e+07,3.12458e+08,1.0004e+10,-3.25899e+08,-1.78362e+08,-4.65163e+08,0.0010308,0.000147899,4.59225e-23
0,2.01933e+09,-1.96664e+07,3.05318e+08,6.39694e+09,1.59251e+08,6.45757e+08,-8.5998e+08,0.000971846,0.000146941,2.36734e-23
0,2.17956e+09,2.19202e+07,3.03497e+08,-4.84163e+09,-4.38469e+08,2.0411e+07,2.78719e+08,0.000946228,0.000131759,1.904e-24
0,1.93265e+09,-7.45458e+07,2.91508e+08,-6.36126e+09,5.44262e+08,9.6703e+08,-9.73029e+08,0.00101262,0.000152738,-2.95062e-23
0,1.97314e+09,-3.81505e+07,3.22045e+08,-1.8288e+09,1.31177e+09,2.74916e+08,-8.61056e+08,0.000936587,0.000152864,-1.2128e-25
0,1.96557e+09,-5.59414e+07,3.11925e+08,-1.1605e+09,-7.18283e+08,2.38009e+08,-5.52007e+08,0.000950981,0.000150915,-2.15693e-25
0,1.84338e+09,2.53172e+06,2.96019e+08,4.32179e+09,9.68537e+08,-5.9492e+07,-1.29958e+09,0.00103462,0.000166145,2.23216e-23
0,1.87555e+09,-2.72012e+07,2.93886e+08,8.26372e+09,-1.29487e+08,6.51418e+08,-7.38492e+08,0.00101379,0.000158853,7.118e-23
0,1.99385e+09,2.39999e+06,3.33639e+08,-4.64701e+08,3.906e+08,1.54768e+08,-7.74931e+08,0.000945471,0.00015821,3.81838e-27
0,2.07141e+09,4.90386e+07,3.21578e+08,-5.20562e+09,-1.57161e+09,-4.37256e+08,1.55124e+08,0.000918131,0.000142536,3.31563e-24
0,2.2316e+09,1.37597e+07,2.95277e+08,-7.20149e+08,-1.67688e+09,-1.73444e+08,-5.95206e+08,0.00101789,0.000134683,-1.12462e-24
0,1.92509e+09,-3.92159e+06,3.08368e+08,2.74497e+09,8.84799e+08,4.18525e+08,-9.31142e+08,0.00101155,0.000162033,4.62719e-24
0,2.16517e+09,1.69224e+06,3.19683e+08,-2.96467e+09,-1.43571e+09,-6.48562e+07,2.7928e+08,0.000873969,0.00012904,-1.30078e-25
0,1.83002e+09,-1.43683e+07,3.15445e+08,-1.10195e+09,1.34902e+09,3.21961e+08,-1.06136e+09,0.000969135,0.000167052,-1.66011e-26
0,1.87186e+09,8.39893e+07,2.91991e+08,-3.29825e+09,-1.78285e+09,-7.73647e+08,-8.19118e+08,0.00106468,0.00016608,-1.06006e-23
0,2.05337e+09,-5.37792e+06,3.42813e+08,1.43686e+08,3.79978e+07,8.57167e+07,-3.63755e+08,0.000956764,0.000159733,-6.81633e-28
0,2.05146e+09,-5.47719e+06,3.00635e+08,8.47018e+09,-1.21712e+09,3.33917e+08,-6.52777e+08,0.00106383,0.000155901,5.35966e-23
0,1.89151e+09,1.28968e+07,3.04825e+08,5.08741e+09,8.16402e+07,6.973e+07,-1.10479e+09,0.00105078,0.000169338,2.94316e-23
0,1.8672e+09,3.68948e+07,2.97051e+08,-6.0698e+09,-8.32106e+08,-4.79316e+08,-9.15774e+08,0.00103047,0.000163936,-3.41918e-23
0,2.10427e+09,5.82202e+06,2.91088e+08,-3.63459e+09,4.63336e+08,-6.82982e+07,-3.56991e+08,0.000931985,0.000128923,-1.25229e-24
0,2.0558e+09,1.4074e+06,3.21799e+08,8.08787e+09,9.57366e+08,8.5118e+08,-7.02421e+08,0.000922008,0.000144324,4.00807e-23
0,1.99767e+09,-1.63681e+07,3.03907e+08,6.09102e+07,-9.91893e+08,3.70166e+08,-1.18064e+09,0.00104781,0.000159405,8.06101e-25
0,1.93098e+09,-2.8396e+07,3.00532e+08,-4.93693e+09,4.95061e+07,-2.36055e+08,6.88639e+08,0.000943759,0.000146883,8.89859e-24
0,2.02966e+09,-2.92254e+07,3.13022e+08,-5.46267e+09,-1.10478e+09,1.13602e+08,-1.17324e+09,0.0010751,0.000165806,-3.82298e-23
0,2.10129e+09,-3.41885e+06,3.43461e+08,1.24533e+09,-9.03097e+06,1.45347e+08,-2.88472e+08,0.000944474,0.000154377,3.6362e-26
0,2.09875e+09,2.18655e+07,3.08562e+08,3.72732e+09,-1.9225e+09,3.34406e+08,-9.87977e+08,0.00104388,0.000153472,1.51683e-23
0,2.12768e+09,-3.39108e+07,2.98201e+08,-4.08151e+09,-1.93132e+09,2.18868e+08,-9.33783e+08,0.00103287,0.00014476,-1.82891e-23
0,2.29756e+09,-1.31855e+07,3.12897e+08,-1.1612e+09,-1.5264e+09,1.92415e+08,-2.86823e+08,0.000937408,0.000127663,-4.02774e-25
0,2.00113e+09,555945,3.38678e+08,1.75258e+09,3.21248e+08,1.61534e+08,-5.64528e+08,0.000950547,0.000160874,3.28165e-25
0,2.12211e+09,3.65519e+06,3.14778e+08,1.06185e+09,-1.39474e+09,4.87415e+08,-9.83329e+08,0.00101581,0.000150678,1.77834e-24
0,2.12202e+09,-1.78343e+07,3.16013e+08,1.27238e+09,-4.66439e+08,6.59142e+08,-6.58537e+08,0.000985134,0.000146707,-1.67751e-25
0,2.0587e+09,-5.60693e+06,3.06e+08,4.98338e+09,-1.05041e+09,2.7321e+08,-6.68957e+08,0.00108729,0.000161612,1.34558e-23
0,1.88144e+09,2.39055e+06,3.02037e+08,-5.3223e+09,1.63384e+08,-7.03093e+08,-1.00278e+09,0.00101871,0.000163539,-2.78953e-23
0,1.83764e+09,-1.38381e+07,2.90691e+08,-2.52393e+09,1.93207e+09,2.97595e+08,-1.14e+09,0.000962237,0.000152214,-3.51634e-25
0,2.2703e+09,-7.96928e+06,3.26373e+08,-8.18419e+07,-1.49968e+09,1.04576e+08,-4.367e+08,0.0010324,0.000148415,7.60267e-26
0,1.96424e+09,4.4753e+07,3.16641e+08,3.23567e+09,1.45431e+09,-2.50789e+08,-9.09679e+08,0.000933585,0.000150496,1.66881e-24
0,1.94003e+09,-1.32347e+07,3.2487e+08,2.21886e+09,-2.63966e+08,2.35659e+08,-7.60611e+08,0.000997548,0.000167046,9.39957e-25
0,2.1779e+09,-1.49593e+07,3.36726e+08,-6.44028e+09,-3.82576e+08,-3.18678e+08,-4.84716e+08,0.000968872,0.000149798,-7.90503e-24
0,2.0671e+09,-5.24051e+07,3.03728e+08,-3.26502e+09,-1.32496e+09,4.17871e+08,-1.10411e+09,0.00104016,0.000152836,-9.05238e-24
0,2.14049e+09,1.16547e+07,3.2473e+08,-3.23721e+09,7.75989e+07,3.27887e+08,-3.33165e+08,0.000964552,0.00014633,-7.60596e-25
0,1.88931e+09,7.51688e+07,2.85359e+08,1.18434e+10,9.83013e+08,-5.25699e+08,-1.04111e+09,0.000983755,0.000148585,2.3285e-22
0,1.97349e+09,4.74337e+07,2.88517e+08,1.22121e+09,1.56139e+08,-5.05892e+08,-1.21134e+09,0.0010386,0.000151839,-8.80238e-26
0,2.14441e+09,820105,3.30842e+08,-5.09287e+08,-3.45571e+08,-9.98237e+07,-7.46485e+08,0.000965569,0.000148969,-1.01551e-26
0,2.27063e+09,-390537,3.40082e+08,1.77738e+09,-3.5824e+08,-6.68097e+07,-3.06521e+08,0.000910149,0.000136317,9.16488e-26
0,2.05515e+09,-4.61768e+07,3.24936e+08,1.30001e+08,1.19456e+09,2.45236e+08,-6.43353e+08,0.000929103,0.000146899,-2.23368e-26
0,2.19697e+09,4.10548e+07,3.27037e+08,-3.7243e+07,-1.67613e+09,-6.52524e+07,2.94384e+07,0.000889042,0.000132341,-5.32932e-26
0,1.86231e+09,-2.50996e+07,2.98716e+08,-4.05274e+09,1.24005e+09,-2.52329e+08,-1.20142e+09,0.000990811,0.000158927,-1.64336e-23
0,2.23231e+09,2.48718e+07,3.31325e+08,-4.36829e+09,-4.05193e+07,2.13964e+08,1.9007e+08,0.000885426,0.000131417,5.99183e-25
0,1.89182e+09,1.70727e+07,2.9722e+08,2.50019e+09,-8.12906e+08,9.7265e+07,-1.49713e+09,0.00107336,0.000168633,5.80194e-24
0,1.90707e+09,4.0019e+06,3.00154e+08,-5.04273e+08,-1.36002e+09,-7.70486e+08,-1.13882e+09,0.00104916,0.000165127,-3.54392e-24
0,1.85795e+09,-5.21149e+07,3.11753e+08,-6.23315e+09,9.70909e+08,-1.13302e+07,-1.24269e+09,0.00100364,0.000168405,-5.53352e-23
0,2.01059e+09,-1.75257e+07,3.25199e+08,2.39043e+09,-4.60633e+08,-9.32267e+07,-8.16023e+08,0.00100912,0.000163217,1.52574e-24
0,1.98707e+09,1.31436e+07,3.08712e+08,5.07389e+09,7.22937e+08,-5.34398e+07,-7.81148e+08,0.000963999,0.000149768,1.06465e-23
0,2.01482e+09,-1.09585e+07,3.33164e+08,-6.19501e+09,3.76072e+08,-3.02742e+08,-6.8686e+08,0.00093267,0.000154223,-1.49314e-23
0,1.91415e+09,-3.43953e+06,2.88374e+08,-1.17036e+10,-1.39197e+09,1.37284e+08,-9.50188e+08,0.00114364,0.000172294,-5.21929e-22
0,1.99251e+09,-1.57903e+07,2.94249e+08,-6.15999e+09,2.8125e+07,2.93825e+08,-9.92889e+08,0.000994032,0.000146796,-2.76523e-23
0,2.07245e+09,-4.44374e+07,2.91278e+08,1.54044e+09,-8.41983e+08,-3.59438e+08,5.07542e+08,0.000953675,0.000134037,-4.70344e-27
0,2.25821e+09,1.59754e+07,3.24315e+08,4.8905e+09,-1.59369e+09,-1.06082e+08,-4.9438e+08,0.000992915,0.000142599,8.18836e-24
0,2.00543e+09,-2.65343e+07,3.00944e+08,-2.48983e+09,-7.75693e+07,1.35754e+08,-8.12051e+08,0.00108922,0.000163453,-2.13295e-24
0,1.92191e+09,-2.17853e+07,2.58742e+08,-4.14494e+09,-1.73356e+09,-5.07009e+08,4.28771e+08,0.00107455,0.000144664,1.18301e-23
0,2.23279e+09,3.43763e+07,3.26631e+08,8.83783e+08,-1.75134e+09,3.02423e+07,-5.20281e+07,0.00089777,0.000131333,4.34579e-25
0,2.06277e+09,-4.05948e+06,3.42337e+08,9.17062e+08,1.01649e+07,9.32039e+07,-4.1493e+08,0.000962361,0.000159714,2.17901e-26
0,2.11172e+09,-2.9654e+07,3.27617e+08,7.91206e+08,9.31468e+08,3.20552e+08,-5.83007e+08,0.000928128,0.000143992,5.71765e-26
0,2.07061e+09,-4.05137e+06,3.32533e+08,2.48659e+09,-1.78305e+08,-3.83605e+07,-8.22614e+08,0.000973182,0.000156289,1.06231e-24
0,2.02552e+09,-3.80909e+07,3.11438e+08,-4.40778e+09,-1.16923e+09,2.01641e+08,-1.00806e+09,0.00105046,0.000161515,-1.84215e-23
0,2.25046e+09,3.36689e+07,3.10272e+08,-7.68212e+09,4.9287e+08,1.77202e+08,1.93399e+08,0.000985618,0.000135888,6.77042e-24
0,2.10846e+09,-3.74724e+07,3.15582e+08,-6.77083e+09,-9.18699e+08,2.19646e+08,-7.55685e+08,0.000975735,0.000146042,-2.36572e-23
0,1.92239e+09,1.62961e+07,2.93911e+08,1.02107e+09,8.54562e+08,-1.23657e+08,-1.26546e+09,0.00104188,0.000159292,1.08127e-25
0,2.14701e+09,1.44934e+07,3.29235e+08,3.4481e+09,-9.85185e+08,4.66082e+08,-7.6072e+08,0.00098012,0.000150298,1.99295e-24
0,2.10145e+09,-2.12012e+07,3.29939e+08,3.98606e+08,-4.28211e+08,-2.34158e+08,-6.125e+08,0.00101574,0.000159476,-2.08941e-26
0,2.11625e+09,-3.59602e+06,3.43158e+08,5.52165e+08,-9.38211e+07,1.22465e+08,-3.22406e+08,0.000955674,0.000154966,1.68834e-27
0,2.25957e+09,5.0594e+06,3.41562e+08,-1.52278e+09,-1.74294e+08,7.61073e+07,-2.53296e+08,0.000907895,0.00013724,-4.14912e-26
0,2.0627e+09,-2.07726e+07,3.20257e+08,-4.41192e+09,-3.44618e+08,3.17161e+08,-8.43558e+08,0.000975493,0.000151456,-7.13916e-24
0,2.02175e+09,4.67053e+06,3.30654e+08,-3.36164e+09,7.99902e+08,-5.07596e+08,-5.76278e+08,0.000921713,0.000150744,-2.99769e-24
0,1.96197e+09,-7.17912e+07,3.06239e+08,-5.96148e+09,-9.28783e+08,1.49872e+08,-7.10071e+08,0.000945246,0.000147541,-1.88467e-23
0,2.14159e+09,-4.98992e+06,3.1676e+08,2.2974e+09,6.88712e+08,-2.04091e+08,-2.75065e+08,0.00100942,0.000149303,7.77839e-26
0,2.001e+09,-5.03124e+07,3.26448e+08,-8.51907e+09,5.47378e+08,-1.48036e+08,-6.45884e+08,0.000978245,0.000159593,-4.65882e-23
0,1.84061e+09,-8.12084e+07,3.00875e+08,1.36383e+09,-2.88338e+08,2.50735e+08,-9.45451e+08,0.000979256,0.000160074,1.91735e-25
0,2.1966e+09,-2.7397e+06,3.15532e+08,1.07981e+09,-1.6901e+08,4.24163e+08,-4.90507e+07,0.000930335,0.000133639,-2.37521e-26
0,1.89035e+09,-2.40551e+07,3.1347e+08,-1.17255e+10,-1.22484e+08,-4.55669e+08,-5.98305e+08,0.000947509,0.000157122,-1.18089e-22
0,2.04503e+09,204199,3.3488e+08,-2.69653e+08,-1.15478e+08,-3.4828e+08,-3.65385e+08,0.000908715,0.000148805,5.96737e-27
0,2.09559e+09,-2.48129e+07,3.10048e+08,-6.39233e+09,-1.7035e+09,-3.54237e+08,-8.02322e+08,0.00106659,0.000157804,-3.29358e-23
0,2.19284e+09,1.95433e+07,3.24099e+08,5.15031e+09,-8.37269e+08,2.18817e+08,-5.75891e+08,0.000946737,0.000139926,4.48764e-24
0,1.95301e+09,1.05799e+07,2.95148e+08,3.07509e+09,9.55871e+08,-1.37532e+08,-1.0141e+09,0.000984425,0.000148771,3.36889e-24
0,1.91829e+09,-1.3433e+07,2.84445e+08,8.95669e+08,-7.13556e+07,-1.40929e+08,-1.27489e+09,0.00104331,0.000154703,-1.94201e-25
0,2.13147e+09,3.14681e+07,3.1055e+08,-1.3451e+09,-4.14786e+08,-1.39695e+08,-7.86202e+08,0.000978347,0.000142543,-1.46591e-25
0,2.24668e+09,2.49498e+07,3.02179e+08,-2.98444e+09,1.32803e+09,2.9397e+08,3.78843e+08,0.00104983,0.000141203,3.08899e-24
0,2.10049e+09,2.03207e+07,3.33228e+08,2.30006e+08,1.10158e+08,3.62698e+08,-6.23656e+08,0.000933852,0.000148149,-1.03673e-26
0,1.99503e+09,-4.39486e+07,3.07717e+08,3.30275e+09,-2.19412e+09,-3.44182e+08,-5.19834e+08,0.00097094,0.000149759,1.26041e-23
0,1.87145e+09,-6.27448e+07,3.24245e+08,-6.63792e+09,4.6965e+08,-4.01298e+08,-4.15707e+08,0.000944019,0.000163559,-1.93591e-23
0,1.75837e+09,-1.81711e+07,3.01079e+08,-9.39763e+09,-1.59276e+09,1.45498e+08,-8.03919e+08,0.00100848,0.000172679,-2.11196e-22
0,1.97421e+09,-1.78271e+06,3.24054e+08,-2.89339e+09,4.27447e+08,5.19467e+07,-1.02807e+09,0.00097533,0.000160095,-2.63691e-24
0,2.03716e+09,3.90068e+07,3.09201e+08,4.98139e+09,-9.49148e+08,-3.63223e+07,-8.84745e+08,0.000988075,0.000149971,1.37979e-23
0,1.88811e+09,-4.50477e+07,2.92829e+08,-5.07409e+08,-9.4042e+07,4.96429e+08,-1.55166e+09,0.00107412,0.000166587,5.36954e-25
0,1.94823e+09,-1.70159e+07,2.70549e+08,7.30634e+09,-4.05527e+09,2.9733e+08,-9.38579e+08,0.00109879,0.000152587,3.54275e-22
0,2.02223e+09,-2.91174e+07,2.96963e+08,-1.13742e+09,1.26214e+07,-1.12974e+08,-1.15617e+09,0.00103724,0.000152317,1.54111e-26
0,1.86508e+09,4.40925e+06,2.76142e+08,-7.03491e+09,-1.81034e+09,2.1016e+08,2.64999e+08,0.00107928,0.000159797,-6.15064e-24
0,2.28051e+09,2.39315e+07,3.32291e+08,-4.83744e+09,-8.55778e+07,1.48398e+08,1.32199e+08,0.000905383,0.000131922,5.55578e-25
0,2.10135e+09,-5.70029e+06,3.37738e+08,-2.47202e+09,-8.97923e+07,-1.22054e+08,-4.86495e+08,0.000925212,0.000148704,-4.52145e-25
0,2.12333e+09,-1.24142e+06,3.39902e+08,-2.43558e+09,-3.50728e+08,-4.47379e+08,-3.66325e+08,0.000921607,0.00014753,-8.87664e-26
0,2.13512e+09,-336965,3.235e+08,-3.12523e+09,-1.36713e+08,-4.62702e+08,-6.09884e+08,0.00100448,0.000152193,-1.32266e-24
0,2.01803e+09,9.76215e+06,3.26458e+08,5.81364e+08,2.58975e+08,6.91651e+06,-9.97928e+08,0.000969053,0.000156764,-2.92396e-26
0,1.9507e+09,-5.15336e+07,3.11579e+08,-4.60978e+09,4.69291e+08,7.87952e+08,-9.89888e+08,0.000994548,0.000158856,-9.8007e-24
0,1.96136e+09,-4.15397e+06,3.15586e+08,-1.42089e+09,-6.41277e+08,-2.35084e+08,-9.37747e+08,0.000980875,0.000157825,-4.44671e-25
0,2.11476e+09,5.36722e+07,2.8916e+08,-9.07675e+09,-7.56149e+08,1.92509e+08,2.6189e+08,0.000989063,0.000135239,1.40787e-23
0,1.96444e+09,-1.22845e+07,2.86258e+08,-8.91452e+08,1.0795e+09,8.41174e+08,-6.31156e+08,0.000927632,0.000135174,-4.21037e-27
0,1.86564e+09,3.5923e+07,2.98969e+08,6.03103e+09,1.3861e+09,1.10701e+07,-1.11826e+09,0.000993639,0.000159231,4.20504e-23
0,2.0894e+09,1.59694e+07,3.32011e+08,-1.99152e+09,4.1612e+08,-3.03751e+07,-6.1785e+08,0.000924506,0.000146906,-3.33291e-25
0,2.1883e+09,7.15975e+06,3.27811e+08,2.60666e+09,-1.11884e+09,3.92256e+08,-5.34452e+08,0.000979167,0.00014668,9.07725e-25
0,2.0355e+09,-1.83166e+07,3.3032e+08,-6.541e+08,-2.75928e+08,1.95972e+08,-8.49279e+08,0.000998381,0.000162017,2.62525e-26
0,2.03923e+09,-8.24071e+07,3.00579e+08,-7.98534e+09,6.93468e+08,3.97179e+08,-8.79287e+08,0.000955388,0.000140823,-3.57845e-23
0,2.04104e+09,-5.00187e+07,3.20201e+08,-1.32354e+09,1.27808e+09,3.19815e+08,-8.01834e+08,0.00093623,0.000146877,3.08217e-26
0,2.25137e+09,1.83723e+06,3.40024e+08,-5.83521e+08,-4.8361e+08,-5.75601e+07,-1.71853e+08,0.00092283,0.000139375,-1.08324e-26
0,1.87352e+09,6.45993e+06,2.85311e+08,5.96193e+09,1.57892e+09,2.45906e+07,-1.14098e+09,0.000963477,0.000146724,3.46749e-23
0,1.99494e+09,-3.42016e+07,3.0376e+08,-2.41273e+09,-6.21153e+08,4.79773e+08,-1.3372e+09,0.00107591,0.000163824,-2.89876e-24
0,1.9978e+09,3.71856e+07,3.09633e+08,-4.90564e+09,-1.45247e+09,8.99829e+07,-9.24129e+08,0.00107666,0.000166868,-3.10499e-23
0,1.80485e+09,-4.94769e+07,3.06148e+08,6.26585e+09,3.72035e+08,4.06601e+08,-7.4558e+08,0.00101529,0.000172218,4.50269e-23
0,1.98999e+09,-2.8433e+07,3.33176e+08,-8.14559e+08,6.14846e+07,1.18455e+08,-7.11633e+08,0.000986915,0.000165235,-8.86429e-27
0,1.98542e+09,7.06275e+07,3.00875e+08,6.61318e+09,-7.54071e+07,-4.59286e+08,-1.10492e+09,0.00102972,0.000156047,4.65565e-23
0,2.09225e+09,9.28911e+06,3.13677e+08,-7.11829e+08,-1.03796e+09,2.31369e+08,-9.19295e+08,0.0010314,0.00015463,-9.42767e-26
0,1.93684e+09,-1.17824e+06,3.00999e+08,5.35453e+09,3.04475e+08,7.74433e+07,-5.97483e+08,0.000996995,0.000154941,1.34725e-23
0,1.85457e+09,-7.8892e+07,3.11966e+08,-2.93086e+09,1.90539e+09,7.07113e+08,-9.79444e+08,0.00096078,0.000161618,1.12169e-24
0,2.0663e+09,-1.71827e+07,3.04394e+08,-3.43444e+09,-2.06091e+09,-3.4284e+08,-9.9378e+08,0.00106375,0.000156704,-1.8623e-23
0,1.79523e+09,-8.06146e+07,2.74912e+08,2.47329e+09,-1.63057e+09,1.06645e+09,-1.029e+09,0.00115749,0.000177252,6.6739e-24
0,1.99704e+09,-2.28776e+07,2.81247e+08,-5.82798e+09,1.51291e+09,2.56097e+08,-7.63802e+08,0.000946276,0.000133266,-9.7952e-24
0,2.20735e+09,-3.43375e+06,3.43634e+08,-3.19208e+09,-1.22036e+08,-4.1745e+08,-1.54197e+08,0.000912061,0.000141987,-1.33825e-25
0,2.04986e+09,-8.34971e+06,3.11372e+08,-6.04785e+09,-1.16084e+09,-1.36624e+08,-1.02448e+09,0.00101214,0.000153744,-2.9092e-23
0,2.02519e+09,-3.83737e+07,3.12e+08,-5.26066e+09,-7.11132e+08,2.38381e+08,-1.17015e+09,0.00107518,0.000165641,-3.12209e-23
0,2.00164e+09,-6.02245e+07,3.18872e+08,-1.90603e+09,1.32798e+09,4.81382e+08,-8.53256e+08,0.00096753,0.000154133,-6.08618e-29
0,1.96331e+09,3.98745e+07,3.03639e+08,-5.22404e+09,3.02138e+08,-3.36283e+08,-7.15848e+08,0.00102777,0.000158951,-1.71282e-23
0,1.89197e+09,5.95172e+06,3.12286e+08,4.25404e+09,2.11295e+08,-2.64551e+08,-1.029e+09,0.00097961,0.000161693,1.06653e-23
0,2.04479e+09,4.92752e+07,3.03181e+08,5.06964e+09,-1.15108e+09,-2.4799e+08,-1.1004e+09,0.00106557,0.000157992,2.9027e-23
0,2.00224e+09,1.20107e+07,3.30454e+08,-5.5262e+08,1.63375e+08,4.90349e+07,-9.08136e+08,0.000981956,0.000162064,2.51289e-26
0,2.26153e+09,1.5057e+07,3.28205e+08,-1.7942e+09,-7.04223e+06,2.35156e+08,-1.42514e+07,0.000869881,0.000126242,-3.04837e-27
0,2.062e+09,-5.59757e+06,3.42218e+08,-6.37236e+08,-2.52938e+07,-771061,-4.26876e+08,0.000964147,0.000160014,-5.491e-27
0,2.08529e+09,-2.21513e+07,3.32181e+08,-1.73469e+09,1.06797e+09,9.45598e+07,-4.57507e+08,0.000889727,0.000141731,6.23187e-28
0,1.82889e+09,-9.76931e+07,2.72988e+08,1.52738e+09,1.92077e+08,1.18491e+09,-1.03907e+09,0.00116119,0.000173323,-1.43039e-24
0,1.88114e+09,2.47984e+07,3.2555e+08,6.14709e+09,3.49906e+08,-1.9411e+08,-4.72901e+08,0.000968246,0.000167564,1.47678e-23
0,1.93519e+09,1.03117e+07,2.92389e+08,7.95897e+09,-1.14121e+09,6.45721e+08,1.776e+08,0.00101898,0.000153957,-3.74199e-23
0,2.07307e+09,2.26605e+06,3.25817e+08,2.99024e+09,6.28354e+07,-6.7471e+07,-6.67797e+08,0.000918163,0.000144304,1.14906e-24
0,2.22074e+09,-1.41397e+07,3.38904e+08,-3.73952e+09,-2.76178e+08,-3.07873e+08,-4.30872e+08,0.000934845,0.000142666,-9.63672e-25
0,2.12697e+09,1.47872e+07,3.21797e+08,-1.97601e+09,6.52859e+08,-1.71987e+08,-6.3372e+08,0.000908754,0.000137489,-3.60182e-25
0,1.9941e+09,-2.49319e+07,3.22958e+08,3.12153e+07,1.11379e+08,3.63644e+08,-1.01082e+09,0.00098615,0.000159714,-2.60536e-26
0,1.99358e+09,2.93744e+07,3.01511e+08,4.60631e+09,-1.42115e+08,3.56751e+07,-9.44681e+08,0.0010158,0.000153631,1.21461e-23
0,2.30288e+09,2.07901e+07,3.30028e+08,4.61479e+09,-8.11502e+08,-1.28414e+08,-3.35955e+08,0.000928133,0.000133012,1.984e-24
0,2.01544e+09,-2.67339e+06,3.0957e+08,4.96124e+09,-8.74917e+07,4.45589e+08,-7.70185e+08,0.000941002,0.000144537,7.64423e-24
0,2.0418e+09,-5.98528e+07,3.05435e+08,-7.77332e+09,-2.43531e+09,6.04829e+07,-6.17726e+08,0.00103848,0.000155347,-8.44597e-23
0,2.30227e+09,1.92223e+07,3.33116e+08,-3.0718e+09,2.24988e+08,1.75124e+08,1.26647e+08,0.000897363,0.00012984,1.70444e-25
0,2.04024e+09,7.38372e+06,3.1971e+08,5.59321e+09,-6.778e+08,-3.60959e+08,-7.04202e+08,0.00101619,0.00015924,1.8073e-23
0,2.05946e+09,-3.95205e+07,3.24504e+08,-6.75542e+09,1.34684e+08,3.46945e+08,-4.99579e+08,0.000927229,0.000146101,-1.0834e-23
0,2.08359e+09,-3.90906e+06,3.42884e+08,-7.86935e+08,8.27459e+07,-4.19827e+07,-3.5706e+08,0.00094394,0.000155339,-1.12898e-26
0,1.97889e+09,-1.195e+07,3.02432e+08,-2.86976e+09,1.88307e+08,-1.75775e+08,-1.07019e+09,0.00101673,0.000155386,-3.23818e-24
0,2.08155e+09,-2.38357e+07,3.19501e+08,-2.91862e+09,9.83474e+06,1.78825e+08,-8.19715e+08,0.000963822,0.000147939,-1.5764e-24
0,2.21859e+09,1.75167e+07,3.07925e+08,4.28533e+09,-2.42236e+09,-6.34763e+07,-8.94658e+08,0.00105167,0.000145964,2.48668e-23
0,2.14906e+09,1.68873e+06,3.41836e+08,-1.18373e+09,1.71591e+08,9.27189e+07,-3.03806e+08,0.000893577,0.000142135,-2.1166e-26
0,1.99805e+09,1.06429e+07,3.08702e+08,1.21692e+10,1.38952e+09,1.15847e+08,-5.45315e+08,0.00104421,0.000161333,1.60028e-22
0,1.90003e+09,-3.33352e+07,3.06836e+08,-4.47577e+09,9.37387e+08,3.9371e+08,-1.34787e+09,0.00100981,0.000163074,-1.65398e-23
0,1.82247e+09,1.86366e+07,3.04426e+08,-1.51616e+09,-4.39201e+08,-9.90532e+07,-7.52483e+08,0.000961807,0.000160661,-4.42716e-25
0,1.86245e+09,-1.29335e+07,3.24783e+08,-2.99147e+09,-1.76258e+08,-4.32448e+08,-9.69698e+08,0.000988364,0.000172356,-3.26098e-24
0,1.78407e+09,1.29208e+07,2.73738e+08,7.37626e+09,-1.278e+09,2.53789e+08,-2.33079e+07,0.00104341,0.000160095,-3.84366e-24
0,2.2984e+09,2.16291e+07,3.21786e+08,7.32644e+08,-1.05583e+09,1.32681e+08,-2.38437e+08,0.000930915,0.000130332,1.20844e-25
0,2.32064e+09,1.69215e+07,3.19434e+08,1.48218e+09,-2.9889e+08,-2.27124e+07,-1.60797e+08,0.00095272,0.000131141,3.26149e-26
0,2.08157e+09,-1.46984e+07,3.2677e+08,1.09827e+08,-3.9545e+08,3.33268e+08,-8.79024e+08,0.000983222,0.000154348,4.25834e-26
0,2.31382e+09,1.31856e+07,3.312e+08,3.24245e+09,-8.7984e+08,-1.32365e+08,-2.46981e+08,0.000913748,0.000130794,6.73954e-25
0,2.27432e+09,2.56583e+07,3.33116e+08,-4.19312e+09,-2.95749e+08,1.82493e+08,1.26647e+08,0.00088647,0.00012984,2.37486e-25
0,2.20772e+09,-2.05755e+07,3.36905e+08,-5.61272e+09,-4.09515e+08,-3.1253e+08,-5.43241e+08,0.000962659,0.000146905,-5.25856e-24
0,1.96814e+09,2.38917e+07,3.07228e+08,7.80098e+09,1.1393e+07,1.88801e+08,-1.11442e+09,0.000984905,0.000153744,6.49895e-23
0,1.99991e+09,-3.00423e+07,3.16266e+08,5.84854e+09,-1.78275e+09,6.82731e+08,-3.79477e+08,0.000972882,0.000153851,2.28806e-24
0,2.026e+09,-1.15358e+07,3.00384e+08,1.35206e+09,-3.4428e+08,3.64975e+06,-8.64587e+08,0.0010531,0.000156137,2.71329e-25
0,2.1092e+09,6.16865e+06,2.95782e+08,-1.65027e+09,-1.58269e+08,4.53947e+08,-3.93478e+07,0.000960679,0.00013472,-3.62231e-26
0,2.12605e+09,2.02961e+07,3.14112e+08,1.01647e+10,6.83911e+08,3.2613e+08,-3.73969e+08,0.00107294,0.00015852,6.06753e-23
0,2.19531e+09,2.10535e+07,3.14078e+08,-1.21451e+09,-7.71861e+08,2.34513e+08,2.37021e+08,0.000915718,0.000131009,-3.03884e-26
0,2.17322e+09,2.25304e+07,3.26195e+08,5.96779e+09,-5.7256e+08,9.72682e+07,-6.03097e+08,0.000942797,0.000141512,7.7837e-24
0,2.00971e+09,-2.6017e+07,3.1653e+08,2.40746e+09,3.20798e+08,7.32998e+07,-7.21331e+08,0.000954908,0.000150399,9.62222e-25
0,1.70554e+09,6.70453e+07,2.52375e+08,5.67635e+09,-1.7301e+09,-1.95883e+08,3.07327e+07,0.00110769,0.000163909,3.66189e-23
0,1.87185e+09,2.40763e+07,3.08743e+08,2.23119e+09,-7.89524e+08,-7.00299e+07,-1.70071e+08,0.000990641,0.000163396,8.96822e-25
0,1.91312e+09,-8.21875e+06,2.97343e+08,-2.32622e+09,-1.20015e+09,9.48226e+06,-1.26469e+09,0.00108792,0.000169088,-7.59848e-24
0,2.03881e+09,1.38253e+06,3.22772e+08,1.58572e+09,-3.50614e+08,-1.11013e+08,-1.07657e+09,0.000993209,0.000157239,3.33209e-25
0,2.14298e+09,-1.79738e+07,3.1675e+08,1.80077e+08,-1.25532e+09,-3.29125e+08,-7.72122e+08,0.00101805,0.000150476,-3.64508e-25
0,2.22292e+09,-2.56421e+06,3.42392e+08,-4.58785e+09,-1.0143e+08,-2.15943e+08,-2.51993e+08,0.00091333,0.000140679,-1.05996e-24
0,2.17403e+09,3.9491e+06,3.40676e+08,2.59973e+09,-3.2764e+07,1.5625e+08,-2.89035e+08,0.000900974,0.000141185,2.36965e-25
0,2.22995e+09,-2.79868e+06,2.99655e+08,1.19372e+09,-1.6072e+09,-1.27948e+08,-4.92862e+08,0.000971339,0.000130526,8.22926e-25
0,1.91441e+09,-5.57538e+07,3.20584e+08,2.67119e+09,-1.35367e+09,-5.7017e+06,-5.10137e+08,0.000982993,0.00016461,4.31088e-24
0,1.99103e+09,3.85486e+07,3.03578e+08,6.80405e+09,1.68015e+08,-2.70135e+08,-1.01927e+09,0.000967088,0.000147454,3.32207e-23
0,2.10203e+09,-2.56221e+07,3.19438e+08,2.77779e+09,-1.61812e+09,-4.16486e+07,-4.09446e+08,0.000956954,0.000145425,3.2644e-24
0,2.03598e+09,-2.75583e+07,3.13042e+08,-4.62222e+09,-1.59323e+08,-3.87881e+08,-8.39178e+08,0.000993517,0.000152758,-8.20749e-24
0,2.09596e+09,-4.12879e+07,3.22252e+08,-2.02054e+09,8.47626e+08,2.50036e+08,-6.9108e+08,0.000935665,0.000143858,-2.38625e-25
0,2.10463e+09,-2.67493e+07,3.2162e+08,2.2088e+09,-8.9475e+08,4.55722e+07,-4.78908e+08,0.000964893,0.000147451,8.28462e-25
0,2.05544e+09,-5.83891e+06,3.41562e+08,-2.14608e+08,5.48552e+07,-1.22054e+07,-4.80582e+08,0.000959286,0.000159409,1.64017e-27
0,1.85232e+09,-5.59184e+07,2.93679e+08,-2.77169e+09,2.26302e+09,5.09579e+08,-7.79562e+08,0.000963085,0.000152694,4.15365e-24
0,2.08759e+09,-4.3278e+07,2.96169e+08,-6.10386e+08,-5.31611e+08,4.4436e+08,-9.04616e+08,0.00100269,0.000142254,1.23238e-25
0,2.18706e+09,-2.72333e+07,3.14831e+08,-8.78459e+09,-1.83843e+09,-2.0218e+08,-8.29393e+08,0.00103922,0.000149598,-6.36834e-23
0,2.19065e+09,-2.08834e+07,2.9064e+08,-9.50935e+07,8.31834e+08,-3.6223e+08,4.24361e+08,0.000995152,0.00013203,1.05821e-25
0,1.84707e+09,-1.68911e+07,2.92097e+08,-2.27007e+09,-2.38356e+08,2.42984e+08,-1.4496e+09,0.00105731,0.000167203,-2.54265e-24
0,2.0887e+09,2.4791e+07,3.11216e+08,5.05202e+09,-1.52446e+09,4.57872e+08,-1.05868e+09,0.001039,0.000154811,1.83275e-23
0,2.10088e+09,-2.5808e+07,3.32075e+08,-4.94661e+09,-2.76569e+08,-4.02733e+08,-7.59318e+08,0.000986357,0.000155908,-7.27078e-24
0,2.09144e+09,-1.35174e+06,3.44201e+08,3.73715e+07,3.49735e+07,-1.14608e+07,-1.99918e+08,0.000942322,0.000155083,-1.74083e-29
0,2.05988e+09,-5.30547e+06,3.43179e+08,-5.19358e+07,3.92934e+07,-2.9298e+07,-3.2883e+08,0.000958447,0.000159679,1.7927e-28
0,1.79427e+09,2.18343e+07,3.15518e+08,1.54513e+08,1.51289e+09,-5.9536e+08,-1.18642e+09,0.000988234,0.000173779,7.42768e-28
0,2.00965e+09,-2.06892e+07,3.32052e+08,-3.4536e+09,8.32898e+08,4.71997e+07,-7.20943e+08,0.000906437,0.000149769,-2.10648e-24
0,1.94294e+09,3.26703e+07,3.17024e+08,5.34327e+09,2.86274e+08,1.50435e+08,-8.47768e+08,0.000947811,0.000154651,1.44185e-23
0,1.76839e+09,-1.73195e+07,2.92483e+08,-1.62709e+09,7.48965e+08,4.34846e+08,-1.51382e+09,0.00104148,0.000172255,-4.78564e-25
0,2.08959e+09,-2.7385e+07,3.20103e+08,-6.51055e+09,-7.51989e+08,-8.62837e+07,-6.61292e+08,0.000992767,0.000152081,-1.79391e-23
0,2.02493e+09,6.24803e+07,3.06822e+08,3.41336e+09,8.14943e+08,-2.42504e+08,-8.62643e+08,0.000965776,0.000146336,2.74755e-24
0,2.01216e+09,-1.05175e+07,3.23786e+08,1.2803e+09,6.7223e+08,1.9797e+08,-9.36729e+08,0.000969928,0.000156075,2.55095e-25
0,1.9665e+09,-3.33608e+07,3.09209e+08,-1.03843e+10,-2.80557e+07,-1.80446e+08,-9.53805e+08,0.000980933,0.00015424,-1.30503e-22
0,2.07637e+09,-9.42985e+06,3.21087e+08,-3.76203e+08,-1.06969e+09,2.21545e+07,-7.36043e+08,0.0010041,0.000155274,-1.6263e-25
0,1.81584e+09,-3.76368e+07,2.61334e+08,1.02332e+10,4.99863e+07,-7.33089e+08,-3.68734e+08,0.00120044,0.000172766,1.91404e-22
0,2.0144e+09,-2.25981e+07,3.17788e+08,-4.28652e+09,2.20394e+08,3.59122e+07,-7.55942e+08,0.000951068,0.000150039,-5.40838e-24
0,1.76417e+09,2.4092e+07,3.18014e+08,3.02976e+09,1.38493e+09,-4.22288e+08,-1.1033e+09,0.000984348,0.00017744,3.53505e-24
0,1.8974e+09,1.48534e+07,3.02044e+08,6.17003e+09,1.18718e+09,9.61248e+07,-7.88552e+08,0.00104566,0.000166456,3.97262e-23
0,1.84899e+09,1.15482e+07,2.93323e+08,5.06925e+09,1.96812e+09,1.44468e+08,-1.18367e+09,0.00097085,0.000154015,2.56226e-23
0,1.91063e+09,-2.99704e+07,3.07474e+08,7.32534e+09,-1.62654e+08,6.35979e+08,-8.06195e+08,0.0010528,0.000169424,5.82403e-23
0,2.0346e+09,-6.40302e+07,2.86851e+08,4.63608e+09,-6.27119e+08,-3.95649e+08,5.71557e+08,0.000947293,0.000133555,-3.70808e-24
0,2.15654e+09,-1.71265e+06,2.99909e+08,-1.33498e+09,5.53876e+08,1.49864e+08,-3.42458e+08,0.000906923,0.000126125,-1.90009e-26
0,2.18854e+09,2.68729e+07,3.14838e+08,5.39806e+09,-1.77309e+09,1.12755e+08,-8.75441e+08,0.00104201,0.000149902,2.1986e-23
0,2.04901e+09,5.2262e+07,3.19448e+08,6.7338e+09,1.04948e+09,-1.75476e+07,-6.82569e+08,0.000914519,0.000142577,1.44098e-23
0,1.84121e+09,-2.00783e+07,2.99862e+08,-8.21296e+09,1.72575e+09,-1.71073e+08,-1.08648e+09,0.00094743,0.0001543,-9.34744e-23
0,2.17486e+09,-4.35258e+07,3.12798e+08,-7.58097e+09,-1.03647e+09,-2.44511e+07,-7.48403e+08,0.000992358,0.000142726,-2.79974e-23
0,2.18159e+09,4.92076e+06,2.94494e+08,-5.9535e+09,3.41932e+08,-3.87653e+07,3.44246e+08,0.000965508,0.000130334,4.90189e-24
0,2.02536e+09,2.79847e+06,3.2798e+08,-1.08106e+09,-3.17024e+08,1.69485e+08,-9.41177e+08,0.000980557,0.000158788,-4.93402e-26
0,2.04786e+09,2.25684e+07,3.36048e+08,1.30757e+09,1.03452e+09,1.05148e+08,-4.51578e+08,0.000896147,0.000147055,2.62697e-26
0,2.02848e+09,-1.43858e+07,3.13045e+08,-1.19435e+09,-1.31215e+09,5.40487e+08,-1.11782e+09,0.00106322,0.000164082,-9.20979e-27
0,1.91201e+09,-3.80255e+06,2.96599e+08,-1.87401e+09,-2.02471e+09,2.0602e+08,-2.53684e+08,0.00104059,0.000161421,-6.78481e-24
0,1.89388e+09,-3.36787e+07,3.12689e+08,5.97778e+09,6.96518e+08,2.98003e+08,-4.85949e+08,0.000981383,0.000162031,1.89803e-23
0,1.99622e+09,-2.24785e+07,3.18746e+08,-1.02575e+09,-1.99865e+08,3.76973e+08,-5.13224e+08,0.000972793,0.000155331,-3.35796e-26
0,1.9103e+09,5.34239e+07,3.17955e+08,1.27997e+09,1.93891e+09,-2.44911e+08,-9.1707e+08,0.000919027,0.000152965,-4.85352e-25
0,2.17928e+09,1.31627e+07,3.27587e+08,5.08859e+09,-1.02603e+09,9.38533e+07,-6.12277e+08,0.00096764,0.000145455,6.43896e-24
0,2.10752e+09,-3.31087e+07,2.86718e+08,4.52537e+09,5.94138e+08,-1.3307e+08,5.72749e+08,0.000981706,0.000133556,-5.35013e-24
0,1.88626e+09,-1.65166e+07,3.06196e+08,-3.63359e+08,1.38426e+08,5.32285e+08,-1.335e+09,0.00106458,0.000172813,1.08573e-25
0,2.07509e+09,2.80421e+07,3.05963e+08,2.54173e+09,-5.9843e+08,-2.60322e+08,-9.16901e+08,0.00101563,0.00014975,1.97811e-24
0,2.20125e+09,2.26627e+06,3.02747e+08,8.63072e+08,1.56233e+08,-1.94553e+07,-3.08691e+08,0.000922167,0.00012683,9.26043e-27
0,2.13181e+09,-5.25395e+07,3.15371e+08,-9.22497e+09,-3.60291e+08,-1.44964e+08,-7.02521e+08,0.000970641,0.000143593,-4.20883e-23
0,2.13055e+09,1.55065e+07,3.3759e+08,4.53608e+09,1.98766e+08,3.26528e+08,-5.29571e+08,0.000919502,0.000145697,3.15896e-24
0,1.97603e+09,1.60801e+07,3.04494e+08,-1.06718e+10,-1.51611e+09,-9.59341e+07,-7.07053e+08,0.00107036,0.000164936,-1.7409e-22
0,1.99252e+09,1.83837e+07,3.17441e+08,4.59057e+09,-5.93905e+08,-2.27643e+08,-1.07385e+09,0.00103083,0.000164229,1.64836e-23
0,1.90631e+09,-8.75081e+06,3.0566e+08,4.47429e+09,1.63875e+09,-6.90032e+07,-6.88963e+08,0.00106745,0.000171156,8.67193e-24
0,1.74304e+09,6.86977e+06,2.99698e+08,-4.17925e+09,-2.14284e+09,-1.78288e+08,-3.38832e+08,0.000995047,0.000171088,-2.70349e-23
0,2.21781e+09,1.05467e+07,3.17644e+08,7.94697e+09,-8.75729e+08,-3.29191e+07,-5.08374e+07,0.000941268,0.000134812,2.33867e-24
0,1.84674e+09,-1.37583e+07,2.62442e+08,1.25741e+09,8.55118e+08,-7.06635e+08,-3.46399e+08,0.00122487,0.000174067,-2.40997e-25
0,1.86613e+09,-6.06021e+06,3.05969e+08,-4.37201e+08,-8.30364e+07,3.50527e+08,-1.49423e+09,0.00106111,0.000173979,3.9193e-25
0,2.11677e+09,4.48568e+07,3.14034e+08,3.76286e+09,6.88811e+08,-4.08351e+08,-6.93435e+08,0.000923325,0.000136981,1.65735e-24
0,2.01139e+09,-2.31043e+07,3.34315e+08,-5.40396e+09,3.87825e+08,-5.1798e+07,-6.4609e+08,0.000917788,0.000152547,-8.16606e-24
0,2.10241e+09,5.32059e+07,3.15962e+08,-3.73456e+09,-6.62601e+08,1.17089e+08,-5.01292e+08,0.00101543,0.000152604,-3.46225e-24
0,2.00761e+09,-3.35688e+07,3.1575e+08,-1.51317e+09,3.63354e+08,3.7396e+08,-9.49132e+08,0.000968106,0.000152261,-1.59147e-25
0,1.93772e+09,-1.91857e+07,3.11148e+08,3.20624e+09,-4.56003e+08,2.67766e+08,-9.15867e+08,0.00098745,0.000158559,3.54179e-24
0,2.30659e+09,1.819e+07,3.2707e+08,4.72655e+09,-6.36238e+08,-1.486e+08,-2.66863e+08,0.000927066,0.000131456,1.58106e-24
0,1.97145e+09,7.25764e+07,2.89643e+08,8.80503e+09,8.06418e+08,-4.13082e+08,-1.13324e+09,0.00102801,0.000151035,1.07302e-22
0,2.10182e+09,5.6825e+06,3.19161e+08,1.12347e+09,-7.7067e+08,4.59395e+08,-9.74287e+08,0.00100874,0.000153177,3.06815e-25
0,2.28669e+09,-8.67385e+06,3.16044e+08,5.74232e+08,-1.11473e+09,1.64747e+08,-3.03624e+08,0.000937841,0.00012962,1.4263e-25
0,2.15986e+09,-7.24264e+06,3.16331e+08,-3.63816e+09,-1.79108e+09,-3.32262e+07,-9.162e+08,0.00105606,0.000154669,-1.27545e-23
0,2.05203e+09,8.479e+06,3.34407e+08,3.14887e+09,5.61065e+08,3.17283e+07,-3.81439e+08,0.000869469,0.000141692,6.71456e-25
0,2.09943e+09,-1.537e+07,3.13483e+08,1.68495e+09,-7.12989e+08,2.15705e+08,4.35353e+08,0.000917789,0.000137043,-2.14649e-25
0,1.9628e+09,-2.94821e+07,2.83392e+08,1.5249e+10,3.68561e+08,4.24502e+08,4.7877e+08,0.0010611,0.000153203,-2.92095e-22
0,2.08502e+09,-4.8613e+06,3.4297e+08,-7.48479e+08,-2.00003e+07,-3.58975e+07,-3.50786e+08,0.000955855,0.000157231,-9.15521e-27
0,2.00139e+09,-1.9156e+07,3.27791e+08,-2.72954e+09,1.12367e+08,2.48841e+07,-9.54371e+08,0.000975448,0.000159761,-1.87741e-24
0,1.97588e+09,-1.19613e+07,3.36663e+08,-2.99022e+09,6.19485e+08,7.97941e+07,-5.62902e+08,0.000906908,0.000154525,-1.12007e-24
0,2.2356e+09,3.72596e+07,3.2638e+08,-7.82862e+09,-5.91603e+08,1.74036e+08,1.33641e+08,0.000930289,0.000135815,2.18758e-24
0,1.97138e+09,-5.6302e+07,3.14757e+08,-5.04514e+09,3.60966e+08,1.23223e+08,-1.06894e+09,0.00102474,0.000163614,-1.96335e-23
0,2.10852e+09,5.00549e+06,3.4161e+08,1.18002e+09,-8.01617e+07,-1.92309e+07,-3.82996e+08,0.000956216,0.00015492,4.43241e-26
0,2.15622e+09,-1.82408e+07,3.20505e+08,2.85418e+09,1.02098e+09,7.15783e+07,-2.20429e+08,0.00103458,0.000153781,2.75994e-25
0,1.8457e+09,-2.04871e+07,3.16965e+08,-2.10799e+08,3.09941e+08,3.13597e+08,-1.2579e+09,0.00105916,0.000181891,2.13121e-26
0,1.74526e+09,1.5221e+07,2.91181e+08,5.19602e+08,-5.92673e+08,-1.15861e+08,-5.46051e+08,0.00103807,0.000173193,7.86342e-26
0,2.11342e+09,2.45311e+07,3.20932e+08,2.28706e+09,-3.44312e+08,2.46947e+08,-8.07504e+08,0.000984148,0.000149448,6.68951e-25
0,2.02789e+09,9.66459e+06,3.17069e+08,2.86396e+09,-1.28352e+09,8.16895e+07,-1.07169e+09,0.00105163,0.000164428,7.18385e-24
0,2.00187e+09,-2.54314e+07,3.09887e+08,-7.32513e+09,-5.80886e+08,-1.76612e+07,-1.1015e+09,0.00101225,0.000156695,-5.7204e-23
0,2.08449e+09,-2.7048e+07,3.11429e+08,-2.3558e+09,-5.93758e+08,-2.5959e+08,-7.9852e+08,0.00100207,0.000149712,-9.79854e-25
0,2.08621e+09,-2.78787e+07,3.24332e+08,2.71965e+09,-2.41321e+08,-1.94027e+08,-5.1344e+08,0.00101874,0.000158379,1.2158e-24
0,1.65571e+09,-1.71238e+06,2.50024e+08,-1.49349e+09,-1.38878e+09,-2.06384e+08,-1.7651e+08,0.0011758,0.000177554,-7.00125e-24
0,1.85878e+09,-2.56418e+07,3.14109e+08,-5.88809e+09,-1.40499e+08,-2.48964e+08,-8.53433e+08,0.00095918,0.000162088,-2.4307e-23
0,2.10595e+09,-6.15666e+07,3.22883e+08,-9.18754e+09,1.05394e+09,493865,-4.82321e+08,0.000887021,0.000135997,-1.94151e-23
0,2.06e+09,-1.84965e+07,3.26712e+08,-2.43156e+09,1.85593e+08,4.35212e+08,-7.00259e+08,0.000973812,0.000154445,-7.19877e-25
0,2.13402e+09,1.62953e+07,3.38107e+08,3.7432e+09,-2.13573e+08,4.58835e+08,-5.68545e+08,0.000961602,0.000152353,1.71134e-24
0,1.89084e+09,5.41374e+07,3.12826e+08,1.25118e+10,7.15599e+08,3.22809e+08,-9.87442e+08,0.000979579,0.000162065,3.0482e-22
0,1.85925e+09,1.54376e+07,3.33706e+08,-6.68814e+08,1.71788e+08,-2.23503e+08,-5.3751e+08,0.000896246,0.000160862,-9.62192e-27
0,1.80852e+09,-1.53928e+07,3.17967e+08,1.0671e+09,1.0667e+08,2.03236e+08,-1.39095e+09,0.00104617,0.000183934,-3.47981e-25
0,2.13723e+09,-2.61106e+07,3.24165e+08,2.87252e+08,-3.28036e+08,-2.64128e+08,-5.14928e+08,0.00102331,0.000155211,-1.56552e-26
0,2.16628e+09,4.39588e+07,2.91654e+08,3.27827e+09,3.32679e+08,-2.93853e+08,-3.75876e+08,0.000950377,0.000127953,6.71188e-25
0,1.69987e+09,-2.21659e+07,3.10425e+08,6.22244e+09,3.12079e+08,4.76939e+07,-6.06555e+08,0.000996399,0.000181959,4.07418e-23
0,2.16592e+09,8.68301e+06,3.14547e+08,3.74174e+09,-1.29522e+09,-3.73505e+08,-8.27799e+08,0.000991701,0.000144021,6.58472e-24
0,1.97086e+09,3.00074e+07,3.30723e+08,-2.25101e+09,-1.65477e+09,-3.86424e+08,-3.48866e+08,0.000952398,0.000159818,-2.60349e-24
0,2.09179e+09,5.00376e+07,3.21136e+08,9.12738e+09,1.10701e+09,-6.0423e+07,-5.4386e+08,0.000922894,0.000141685,2.60177e-23
0,2.10013e+09,6.89349e+06,2.92718e+08,-1.13269e+09,-2.20089e+09,-6.83355e+08,-1.11059e+09,0.00110388,0.00015386,-1.19756e-23
0,1.93573e+09,240653,3.11987e+08,5.92964e+09,4.71049e+08,4.10471e+08,-7.31129e+08,0.000942923,0.000151974,1.89508e-23
0,1.72104e+09,-2.06832e+07,2.39589e+08,-1.77503e+09,-8.95631e+08,-3.40094e+08,-2.66794e+08,0.00121884,0.000169677,-1.50341e-24
0,1.92818e+09,-2.6758e+07,3.17864e+08,-3.13779e+09,1.06748e+09,4.82235e+08,-1.04626e+09,0.000982001,0.000161885,-2.65509e-24
0,1.74719e+09,4.62866e+07,2.77007e+08,5.18205e+09,5.2315e+08,-5.75625e+08,-1.31662e+09,0.00101724,0.000161277,4.03061e-23
0,2.06333e+09,6.35489e+06,3.11067e+08,5.45864e+08,1.17693e+09,-1.07965e+08,-7.20951e+08,0.000917801,0.000138367,-1.65431e-26
0,2.22584e+09,9.47677e+06,3.25233e+08,-5.9218e+09,-1.47688e+09,-1.19675e+08,-3.73186e+08,0.00101632,0.000148502,-8.90451e-24
0,1.94844e+09,2.16515e+06,3.18944e+08,9.32138e+08,-6.60385e+07,-1.14933e+08,-1.17849e+09,0.00101405,0.000165992,-9.41262e-26
0,2.05642e+09,-2.2012e+07,3.26063e+08,-1.53133e+09,2.88797e+08,-2.60662e+08,-4.48529e+08,0.00100309,0.000159048,-2.3573e-25
0,2.32408e+09,1.07729e+07,3.27627e+08,2.72262e+09,-8.96166e+08,-8.73134e+07,-2.79648e+08,0.000928409,0.000130879,5.13788e-25
0,2.03916e+09,7.45655e+06,3.33275e+08,4.94539e+09,4.8135e+08,4.41306e+08,-5.1985e+08,0.000923641,0.000150957,6.08307e-24
0,2.02837e+09,4.46845e+06,3.10745e+08,-3.82532e+09,-3.02625e+08,-3.07136e+08,-8.76008e+08,0.000965026,0.000147842,-4.11695e-24
0,1.89985e+09,-6.75417e+07,3.0163e+08,7.19238e+08,-3.22465e+09,-2.09673e+08,-7.06898e+08,0.00105907,0.000168143,7.15351e-24
0,2.08742e+09,1.14368e+07,3.19653e+08,6.50176e+09,-7.81927e+08,2.09677e+08,-6.7494e+08,0.000972975,0.000148995,1.54956e-23
0,2.10723e+09,-2.04553e+07,3.20812e+08,-3.58488e+09,-4.84912e+08,-2.41517e+07,-8.06179e+08,0.000990379,0.000150779,-3.45952e-24
0,1.83783e+09,5.11063e+07,3.09768e+08,3.65783e+09,2.01631e+09,-3.23897e+08,-1.10518e+09,0.000959309,0.000161693,2.6566e-24
0,2.03696e+09,5.1619e+07,3.26523e+08,9.28151e+09,9.39841e+08,3.00374e+08,-4.73422e+08,0.000939654,0.000150626,3.76128e-23
0,1.88098e+09,-1.09218e+07,3.25823e+08,1.6224e+09,-1.27236e+08,4.3969e+08,-1.12123e+09,0.0010609,0.00018377,2.05157e-25
0,2.06882e+09,4.1146e+06,2.99963e+08,5.4582e+08,-1.89155e+09,-1.57076e+08,-1.02168e+09,0.00104277,0.000151194,7.15007e-25
0,1.90541e+09,-2.75745e+07,3.25686e+08,-1.35034e+09,1.14517e+09,2.53261e+08,-8.85495e+08,0.000935531,0.000159907,-8.0037e-26
0,1.83894e+09,5.73987e+07,2.98897e+08,-4.44001e+09,-3.29341e+08,-4.99717e+08,-8.44873e+08,0.00107164,0.000174181,-1.57051e-23
0,1.88041e+09,2.6032e+07,3.05853e+08,3.26313e+09,2.72178e+09,-1.71558e+08,-8.9955e+08,0.000898246,0.000146101,-4.62235e-24
0,1.78635e+09,2.342e+07,2.82764e+08,6.40763e+09,3.07251e+09,5.71093e+07,-1.10115e+09,0.00106883,0.000169186,3.96098e-23
0,1.8871e+09,4.86434e+06,2.60833e+08,-6.72448e+09,-7.4389e+08,1.03135e+08,-2.06561e+08,0.0011687,0.000161537,-2.93112e-23
0,2.15307e+09,-3.53485e+06,3.37973e+08,-1.34398e+08,-4.81033e+08,-9.33813e+07,-5.8878e+08,0.000981512,0.000154071,-1.59907e-26
0,2.08039e+09,1.95557e+07,3.20895e+08,2.24109e+09,-6.26675e+08,-2.00879e+08,-7.76596e+08,0.00097836,0.000150909,1.05583e-24
0,1.97948e+09,3.56366e+07,3.13609e+08,2.29128e+09,1.63798e+09,-3.22385e+08,-9.00474e+08,0.000965003,0.000152886,-2.59306e-26
0,1.9517e+09,-9.68632e+06,3.2749e+08,-2.31988e+09,3.25426e+08,5.17641e+07,-1.02727e+09,0.000986055,0.000165457,-1.40286e-24
0,2.08452e+09,-1.71822e+07,3.00403e+08,-2.92839e+09,-5.60423e+07,1.30782e+08,-7.93905e+08,0.00100087,0.000144236,-1.89193e-24
0,2.11714e+09,5.91652e+07,2.83491e+08,9.98904e+09,-2.06757e+09,-3.60046e+08,-1.13633e+09,0.00108291,0.000145004,2.26862e-22
0,2.1093e+09,3.4205e+06,3.40789e+08,4.83114e+09,-1.24669e+08,3.40455e+08,-3.65267e+08,0.000943264,0.000152398,2.64937e-24
0,2.10272e+09,-2.16213e+07,3.20251e+08,6.23722e+09,8.53203e+08,-1.55122e+07,-4.53221e+07,0.00108183,0.000164767,3.39579e-25
0,2.08901e+09,7.25612e+06,3.21267e+08,5.76167e+09,-1.018e+09,4.80163e+08,-6.37079e+08,0.0009876,0.000151882,8.32573e-24
0,2.11673e+09,3.20703e+07,3.13857e+08,1.0421e+10,-1.58799e+09,3.70922e+08,-9.50141e+08,0.00111663,0.000165568,1.67674e-22
0,2.11028e+09,-5.27156e+06,3.40924e+08,-3.24457e+09,-2.76093e+08,-1.24485e+08,-3.6204e+08,0.000951695,0.00015375,-8.5311e-25
0,2.11441e+09,-2.91291e+06,3.42917e+08,-1.58128e+09,-2.51926e+08,-1.31145e+08,-2.40431e+08,0.000952127,0.000154417,-5.66042e-26
0,2.26047e+09,-9.00411e+06,3.11252e+08,-7.41836e+08,-6.42437e+08,1.77064e+08,-2.50006e+08,0.000922925,0.00012708,-2.43204e-26
0,2.06618e+09,-5.61042e+06,3.42686e+08,-1.2456e+08,4.53739e+07,1.0922e+07,-3.74943e+08,0.000946399,0.000156965,4.3947e-28
0,2.30776e+09,2.02182e+07,3.28307e+08,4.29756e+09,-9.61153e+08,-1.61856e+08,-3.30641e+08,0.000929022,0.000132164,1.89259e-24
0,2.07961e+09,-6.17374e+06,3.13748e+08,-1.66624e+09,-1.06433e+09,1.81945e+08,-8.9526e+08,0.000981195,0.000148032,-1.02364e-24
0,1.96606e+09,5.03703e+07,3.05003e+08,7.24404e+09,2.09334e+09,-1.97147e+08,-7.97359e+08,0.000929406,0.000144182,1.7224e-23
0,1.96427e+09,-4.31925e+07,3.26469e+08,-2.50107e+09,9.11389e+08,-2.11398e+07,-6.81401e+08,0.00095348,0.000158472,-1.15254e-24
0,1.74767e+09,4.46118e+07,2.90534e+08,7.54511e+09,1.07457e+09,-7.35161e+08,-1.15782e+09,0.0009718,0.000161553,7.95304e-23
0,1.93582e+09,-3.93497e+07,2.93015e+08,-7.7207e+09,-4.75585e+08,1.29521e+08,-1.0897e+09,0.00100134,0.000151567,-7.53463e-23
0,2.08794e+09,2.05976e+07,3.15465e+08,5.56595e+09,-1.53878e+09,3.71285e+08,-9.42841e+08,0.00113791,0.000171926,3.53123e-23
0,1.89829e+09,-2.49993e+07,2.99685e+08,2.30699e+08,-4.69265e+08,4.45674e+08,-1.65123e+09,0.00107443,0.000169622,3.01075e-25
0,2.00683e+09,4.58872e+07,3.0363e+08,9.75468e+09,3.56178e+08,-4.58564e+08,-9.38921e+08,0.000972308,0.000147109,8.73814e-23
0,2.14481e+09,4.17863e+06,3.41694e+08,3.60373e+09,-1.91035e+08,4.49767e+08,-2.59819e+08,0.000960022,0.000152943,5.35468e-25
0,1.91683e+09,2.40226e+07,3.10906e+08,-5.4959e+09,3.10037e+08,-7.12254e+08,-7.3563e+08,0.000940295,0.000152514,-1.58495e-23
0,1.92903e+09,5.75285e+06,2.73309e+08,7.59234e+09,-2.07062e+09,4.27696e+08,-1.19161e+09,0.00107507,0.000152318,1.31628e-22
0,1.87126e+09,-1.56267e+07,2.84898e+08,-9.73979e+09,5.34277e+08,-4.77175e+08,-2.03221e+08,0.00105267,0.000160268,-5.96636e-23
0,2.05873e+09,4.70168e+07,2.93212e+08,-4.40513e+09,-7.71053e+08,1.68973e+08,3.73948e+08,0.000919943,0.000131022,1.6779e-24
0,2.13475e+09,2.47224e+07,3.09245e+08,7.1333e+09,-8.75131e+08,-1.81578e+08,-8.02538e+08,0.00101832,0.000147517,3.27483e-23
0,2.10197e+09,-4.02437e+06,3.42854e+08,-1.74059e+09,-1.53646e+08,-1.28e+08,-2.45461e+08,0.000946418,0.000154371,-8.08962e-26
0,1.89558e+09,8.72822e+06,3.00473e+08,4.39958e+08,1.67579e+09,9.55032e+07,-9.99597e+08,0.000949121,0.000150448,-1.11507e-25
0,2.17153e+09,9.49501e+06,3.39729e+08,4.53815e+09,-4.48128e+08,4.76269e+08,-4.78439e+08,0.000978107,0.000153022,2.16639e-24
0,1.75875e+09,-7.46812e+07,2.91431e+08,4.99644e+09,8.28447e+08,5.05902e+08,-8.20394e+08,0.001076,0.000178296,4.69821e-23
0,1.74878e+09,3.01662e+07,2.90982e+08,1.17831e+10,-8.73241e+08,-3.35028e+08,-8.45547e+08,0.00102144,0.000169958,4.1435e-22
0,2.16154e+09,1.99508e+07,3.22133e+08,-3.12731e+09,-1.24838e+09,8.85924e+07,-5.12619e+08,0.00104915,0.000156354,-3.97808e-24
0,1.92878e+09,-5.35091e+06,3.15208e+08,-1.2568e+09,5.03955e+08,-1.2307e+08,-1.2235e+09,0.000987611,0.000161399,-1.63373e-25
0,1.9287e+09,4.89223e+07,2.47509e+08,-8.36742e+09,-9.80508e+08,2.55542e+08,5.19941e+08,0.00100184,0.000128565,3.78237e-23
0,1.84096e+09,4.62386e+07,3.05131e+08,-2.84564e+09,-2.63606e+09,-4.74487e+07,-7.59596e+08,0.0010438,0.000173005,-3.90799e-23
0,2.09459e+09,-2.70259e+07,3.29811e+08,-3.5519e+09,-7.26769e+08,-2.89953e+08,-6.47783e+08,0.000949601,0.000149523,-1.9678e-24
0,2.1066e+09,1.33974e+07,3.21572e+08,1.38857e+09,-6.28632e+08,-7.06844e+08,-7.70359e+08,0.00098948,0.000151044,3.08279e-26
0,2.14793e+09,4.7739e+06,3.40957e+08,2.54322e+09,-3.31215e+08,4.02288e+08,-4.11299e+08,0.000985175,0.000156384,2.68643e-25
0,1.80188e+09,1.3932e+07,2.91355e+08,1.36921e+10,-1.8014e+09,-3.24929e+07,-7.55459e+08,0.00107403,0.000173666,6.69846e-22
0,2.01448e+09,2.77942e+06,3.33981e+08,-1.36482e+09,7.64834e+08,-1.26231e+08,-6.76491e+08,0.000926572,0.000153616,-1.88666e-25
0,2.05151e+09,-1.67866e+06,3.29007e+08,3.80399e+08,1.79062e+08,1.50499e+08,-8.27888e+08,0.000958107,0.000153655,-1.6232e-26
0,2.02e+09,-1.9015e+07,3.08675e+08,-4.68505e+09,-1.82805e+09,-1.21096e+08,-1.08462e+09,0.0011372,0.000173775,-4.61017e-23
0,2.07935e+09,-4.71242e+06,3.43196e+08,5.29487e+08,3.9998e+07,5.6549e+07,-3.21985e+08,0.000948226,0.000156505,2.43838e-27
0,2.12334e+09,-8.1827e+06,3.19111e+08,-2.43015e+08,-1.18212e+09,5.31798e+08,-8.26323e+08,0.00101204,0.000152096,5.75845e-25
0,1.68604e+09,-5.86696e+07,2.56662e+08,-7.13064e+09,-2.63005e+08,4.34573e+08,5.02313e+08,0.00112036,0.00017055,8.51936e-23
0,1.91481e+09,-9.29674e+06,2.82724e+08,-5.34584e+08,4.66183e+08,3.74586e+08,-1.18474e+09,0.00102689,0.000151622,5.11639e-26
0,2.09345e+09,-6.67168e+06,3.41922e+08,-1.70866e+09,-1.02792e+07,-6.94046e+07,-3.38635e+08,0.000937944,0.000153194,-1.16123e-25
0,1.95646e+09,1.52028e+07,3.28793e+08,4.90874e+09,1.01758e+08,2.05239e+08,-1.00241e+09,0.0010063,0.000169114,1.6518e-23
0,2.0692e+09,-6.29855e+06,3.36445e+08,-1.12726e+09,3.09503e+08,-1.56668e+08,-5.37868e+08,0.00093778,0.00015248,-6.77526e-26
0,2.07462e+09,-8.76076e+06,3.34602e+08,1.29553e+09,-3.83768e+08,1.54427e+08,-6.60909e+08,0.000970605,0.000156542,1.20315e-25
0,2.13832e+09,-1.08384e+06,3.15507e+08,-2.93124e+09,-1.05475e+09,-9.60945e+06,-7.99515e+08,0.00100262,0.000147936,-3.00786e-24
0,1.91366e+09,5.00172e+06,2.90621e+08,1.2812e+10,-2.11122e+09,1.43037e+08,-8.21227e+08,0.00113776,0.000172787,5.81506e-22
0,1.74717e+09,2.59283e+07,2.84925e+08,9.10126e+08,1.54003e+09,-2.34634e+08,-1.85184e+09,0.00106268,0.000173299,1.13176e-25
0,2.17268e+09,5.59153e+06,3.18227e+08,2.25005e+08,-1.53539e+09,-4.7437e+07,-7.79207e+08,0.00103523,0.000151628,1.57813e-25
0,2.08474e+09,6.55177e+07,2.98067e+08,5.41224e+09,-5.20214e+08,-9.32688e+08,-8.03791e+08,0.00102072,0.000145938,1.64639e-23
0,1.82111e+09,-4.73405e+07,2.91199e+08,2.87813e+09,-2.86051e+09,5.04746e+08,-9.95365e+08,0.0011589,0.000185311,9.94936e-23
0,1.8688e+09,3.39269e+07,3.10252e+08,-4.55747e+09,-6.35488e+08,-2.25415e+08,-7.85851e+08,0.00100428,0.000166727,-1.24288e-23
0,2.30952e+09,2.00783e+07,3.26715e+08,4.62838e+09,-1.22105e+09,-1.32658e+08,-4.04064e+08,0.000945776,0.000133794,3.38207e-24
0,2.17742e+09,3.07084e+07,3.04959e+08,-9.33729e+09,-2.05985e+08,-1.72057e+08,1.00614e+08,0.000993405,0.000139131,7.22511e-24
0,2.1559e+09,8.86257e+06,3.22152e+08,-2.43128e+09,-1.20875e+09,-4.4469e+08,-6.89115e+08,0.000981521,0.000146667,-1.28269e-24
0,1.81e+09,-5.0695e+07,2.93436e+08,-5.82128e+09,-9.62158e+08,3.86293e+08,-1.31177e+09,0.00107308,0.000173966,-8.82159e-23
0,2.02773e+09,-4.54243e+07,3.19857e+08,-3.41752e+09,-5.09192e+08,4.70732e+08,-6.47677e+08,0.00100676,0.000158808,-3.80058e-24
0,1.96881e+09,3.68303e+07,3.17043e+08,1.19632e+09,1.04502e+09,-2.66883e+08,-1.09494e+09,0.00098021,0.000157846,1.10888e-25
0,1.95634e+09,-4.04685e+07,3.02193e+08,2.18054e+09,2.10432e+09,4.8946e+08,-4.81062e+08,0.00111757,0.00017263,-2.17507e-24
0,1.99572e+09,-8.62195e+06,3.3119e+08,1.56092e+09,-2.15055e+07,3.3188e+08,-8.05817e+08,0.000960383,0.000159376,1.76829e-25
0,1.98786e+09,4.71233e+06,3.24873e+08,4.55423e+09,-1.8519e+08,1.12082e+06,-1.10674e+09,0.00101822,0.000166405,1.39531e-23
0,1.92705e+09,3.46233e+07,3.27698e+08,2.63353e+08,-4.16539e+08,-3.39298e+08,-5.31601e+08,0.000920155,0.000156474,-3.02282e-26
0,1.94401e+09,1.87068e+07,2.80162e+08,-9.61925e+08,-1.16215e+09,-1.04631e+09,-9.16737e+08,0.000992009,0.000142964,-3.77065e-25
0,2.05655e+09,391222,3.10119e+08,-2.78576e+08,9.20603e+08,1.25595e+07,-9.01731e+08,0.000933009,0.000140694,-1.28112e-27
0,1.86661e+09,-3.6282e+07,3.225e+08,1.69681e+09,-6.0628e+08,2.71768e+07,-3.10766e+08,0.000930662,0.000160794,3.32568e-25
0,1.97552e+09,3.92526e+07,2.95253e+08,-5.1796e+09,-2.80252e+09,2.35888e+07,-9.842e+08,0.00117233,0.000175212,-1.42003e-22
0,1.86623e+09,4.04201e+07,3.08257e+08,3.14872e+09,7.08135e+08,-4.06962e+08,-1.14971e+09,0.00101726,0.000168026,5.07021e-24
0,1.91356e+09,-1.04176e+06,3.03012e+08,3.36764e+09,1.76166e+09,1.20031e+08,-9.14878e+08,0.000930854,0.000147401,3.41574e-24
0,1.80821e+09,-7.08652e+07,2.86934e+08,8.4774e+08,-1.01777e+09,5.17302e+08,-1.14852e+09,0.00117136,0.000185876,3.46718e-24
0,1.97205e+09,-2.87909e+07,3.07044e+08,-1.05701e+09,-1.36682e+08,2.21536e+08,-1.2181e+09,0.00102273,0.000159237,9.91536e-26
0,1.90616e+09,-5.60395e+07,3.16902e+08,-2.2795e+09,1.53086e+09,4.66261e+08,-9.23295e+08,0.000935485,0.000155526,-1.67942e-26
0,1.94972e+09,2.17949e+07,3.32214e+08,2.94074e+09,-9.61959e+07,-3.47021e+08,-5.81443e+08,0.000917926,0.000156406,1.3249e-24
0,1.98165e+09,3.90533e+07,3.13682e+08,3.74574e+09,1.31529e+09,-3.53521e+08,-1.02851e+09,0.000961769,0.000152242,3.8385e-24
0,1.99044e+09,1.38503e+07,3.28398e+08,3.92741e+09,-2.12692e+08,1.74336e+08,-1.00615e+09,0.00102548,0.000169192,8.05614e-24
0,1.91037e+09,4.14513e+07,3.12518e+08,4.66487e+09,2.90664e+08,-4.03586e+07,-7.03655e+08,0.000977108,0.000159845,9.75141e-24
0,1.94833e+09,3.6596e+07,3.10975e+08,3.6685e+09,-2.40983e+08,-2.00002e+08,-1.01112e+09,0.00104756,0.000167202,8.62039e-24
0,1.90289e+09,6.15906e+07,3.05033e+08,8.93932e+09,8.52055e+08,-4.2845e+08,-1.05262e+09,0.000962041,0.000154215,8.8076e-23
0,2.10142e+09,-1.25148e+07,3.40677e+08,-4.65127e+08,3.39565e+08,-1.30036e+08,-4.12143e+08,0.000928176,0.000150474,-4.9415e-27
0,2.00183e+09,1.28073e+07,2.99086e+08,-1.85898e+09,-1.63231e+09,4.08046e+07,-1.22593e+09,0.00106947,0.000159786,-6.59005e-24
0,2.06678e+09,-1.05133e+07,3.35656e+08,1.6731e+09,-3.81853e+08,3.5486e+08,-5.86836e+08,0.000984307,0.000159856,1.28616e-25
0,1.92471e+09,-5.06712e+07,3.15445e+08,3.51816e+08,2.02249e+09,6.52575e+08,-9.1843e+08,0.000927504,0.00015201,-3.9955e-25
0,2.03056e+09,-4.43664e+07,2.90618e+08,2.41883e+08,-1.4156e+09,1.42401e+08,-8.75355e+08,0.0011693,0.000167353,1.40882e-24
0,2.11826e+09,1.46732e+07,2.95402e+08,-5.72479e+08,-2.2803e+09,-6.67709e+08,-7.81639e+08,0.00103098,0.000143776,-6.02669e-24
0,2.13274e+09,-2.1161e+07,3.18155e+08,-7.59381e+09,-1.1821e+09,2.42099e+07,-7.80608e+08,0.00101395,0.000151258,-3.81552e-23
0,2.18435e+09,-8.76648e+06,3.0659e+08,1.21728e+09,-1.6425e+09,4.42513e+07,-8.41406e+08,0.00101097,0.000141898,1.77216e-24
0,1.88588e+09,-9.16145e+07,2.8519e+08,-2.06442e+09,6.98776e+08,6.39612e+08,-1.10662e+09,0.00116539,0.000176234,-1.49683e-24
0,2.06505e+09,4.43835e+07,3.16035e+08,4.28299e+09,5.64241e+08,-4.63439e+08,-8.82319e+08,0.00098594,0.000150888,5.44052e-24
0,1.88259e+09,3.00513e+06,2.98776e+08,-9.43798e+09,-3.07745e+09,-3.73514e+08,-9.83971e+08,0.00109006,0.000172998,-3.52271e-22
0,1.79615e+09,3.78489e+07,2.89254e+08,3.89855e+09,2.95437e+08,-1.68692e+08,-1.82407e+09,0.00109414,0.000176201,2.81024e-23
0,2.01509e+09,-146588,3.07068e+08,-3.01612e+09,-4.46522e+06,2.01563e+08,1.07704e+08,0.000976679,0.000148831,3.09443e-25
0,1.92128e+09,-3.0661e+07,2.91334e+08,-4.02487e+08,6.70749e+08,4.56852e+08,-1.18677e+09,0.000995813,0.000151,3.63187e-27
0,1.88208e+09,-1.76556e+07,3.18705e+08,-7.30666e+08,1.01661e+09,-1.66585e+08,-9.33988e+08,0.000973259,0.000164808,-1.02006e-25
0,1.97179e+09,-3.2606e+07,3.24978e+08,2.1064e+09,1.54864e+09,5.22414e+08,-7.38964e+08,0.000928966,0.000153106,1.42101e-24
0,2.25474e+09,3.66123e+07,3.09995e+08,-7.5328e+09,7.06534e+08,2.65241e+08,2.31609e+08,0.000967671,0.000133041,7.90131e-24
0,2.01034e+09,5.93452e+07,2.99856e+08,6.34642e+09,8.8831e+08,-8.00118e+08,-9.31749e+08,0.000960956,0.000143333,1.6186e-23
0,1.96571e+09,-3.52291e+07,3.12202e+08,-8.11351e+08,9.84303e+08,2.00239e+08,-9.40485e+08,0.00094859,0.000150659,-2.10837e-26
0,2.05938e+09,1.20689e+07,3.20081e+08,2.23983e+09,-4.50796e+08,-4.31284e+08,-9.72153e+08,0.00101526,0.000157798,1.1965e-24
0,2.13324e+09,-4.52287e+07,3.28425e+08,-4.19338e+09,6.99503e+08,8.40223e+07,-4.80911e+08,0.000971921,0.000149633,-2.51859e-24
0,1.96593e+09,-8.86349e+06,3.16297e+08,-3.22073e+09,2.29764e+07,2.51939e+08,-1.11615e+09,0.0010238,0.000164718,-4.90824e-24
0,1.92652e+09,-1.40922e+07,3.00313e+08,-3.98187e+09,-1.20152e+09,-426178,-1.27348e+09,0.00106214,0.00016557,-2.19922e-23
0,1.95254e+09,-2.98759e+07,3.1289e+08,4.15756e+09,1.10379e+09,7.52683e+08,-9.39647e+08,0.000954402,0.000152941,1.3367e-23
0,2.08436e+09,-3.71894e+06,3.42969e+08,2.98091e+08,-2.79268e+07,9.23532e+07,-3.4926e+08,0.000955621,0.000157242,-5.25447e-28
0,2.25256e+09,3.76814e+07,3.19067e+08,3.44011e+09,-8.77959e+07,-4.69179e+08,-2.86589e+08,0.00091016,0.000128921,5.21065e-25
0,1.96785e+09,-2.60552e+07,3.12247e+08,-1.15363e+10,-1.82766e+09,-5.80233e+08,-9.23986e+08,0.00106197,0.000168507,-2.2027e-22
0,2.05433e+09,6.20389e+07,3.04962e+08,5.37306e+09,3.44251e+08,-2.36621e+08,-8.92323e+08,0.000980541,0.00014556,1.27542e-23
0,2.04076e+09,1.05409e+07,3.14034e+08,1.33573e+09,-8.21857e+08,1.14143e+08,-1.28314e+09,0.00104494,0.000160797,8.13275e-25
0,2.21373e+09,-2.60488e+06,3.43319e+08,-7.3146e+08,-1.42448e+08,-1.32121e+08,-2.63073e+08,0.00093556,0.000145093,-3.31469e-27
0,2.09332e+09,8.33338e+07,3.04566e+08,1.00908e+10,7.41118e+08,-5.61592e+08,-7.72577e+08,0.000954931,0.000138937,5.32054e-23
0,1.78851e+09,-4.1017e+07,3.18217e+08,-2.24956e+08,1.15859e+09,4.59866e+08,-6.50185e+08,0.00104752,0.000186378,-5.33361e-26
0,1.9127e+09,1.38324e+07,2.92877e+08,2.24036e+09,-3.08405e+08,-4.3261e+08,-1.44345e+09,0.00103774,0.000158901,1.70099e-24
0,2.31959e+09,8.01041e+06,3.31807e+08,2.17611e+09,-8.11411e+08,-5.36168e+07,-2.34014e+08,0.000910061,0.00013018,2.28886e-25
0,2.06502e+09,1.82008e+07,3.19112e+08,7.20085e+09,-1.57748e+09,4.32721e+08,-7.02664e+08,0.00101206,0.000156396,2.74306e-23
0,2.12015e+09,-2.62711e+07,3.29158e+08,-1.68976e+09,-2.92796e+08,5.49349e+07,-7.90349e+08,0.000993742,0.000154281,-3.13803e-25
0,1.94792e+09,4.96783e+07,3.16862e+08,-2.369e+09,-1.69808e+09,-6.84697e+08,-4.68086e+08,0.000986068,0.000160401,-2.75938e-24
0,2.12836e+09,2.10926e+07,3.3395e+08,2.27843e+09,-3.18868e+08,2.68054e+08,-6.59409e+08,0.000965167,0.00015144,4.59147e-25
0,2.17464e+09,4.77745e+06,3.34908e+08,2.52714e+09,-2.0941e+08,3.0613e+08,-5.88673e+08,0.000966735,0.000148883,5.10721e-25
0,1.92994e+09,2.80869e+07,3.13529e+08,1.05292e+10,1.69252e+09,-4.95192e+06,-4.4289e+08,0.00102205,0.000166038,7.51934e-23
0,2.00602e+09,1.86611e+07,3.16594e+08,6.30479e+08,-2.57678e+08,-4.17228e+08,-9.22855e+08,0.000991486,0.000156479,-8.62936e-26
0,2.18917e+09,3.07952e+07,2.98751e+08,6.58816e+09,-2.4803e+09,-3.1426e+07,-9.76638e+08,0.00105791,0.000144371,6.32684e-23
0,1.96397e+09,1.76434e+07,3.1865e+08,-8.17497e+08,-1.40742e+08,4.78911e+07,-1.26264e+09,0.00105133,0.000170576,1.62557e-25
0,2.05583e+09,-2.52188e+07,3.3585e+08,-5.70177e+09,4.85215e+08,-3.16826e+08,-5.20083e+08,0.000937421,0.000153141,-8.84491e-24
0,1.79966e+09,-2.83633e+07,3.25836e+08,8.80493e+08,1.01162e+09,-1.42477e+07,-4.18401e+08,0.00104543,0.000189279,-1.29221e-25
0,2.14054e+09,5.63566e+06,3.18963e+08,4.74141e+09,-1.85674e+09,4.08038e+08,-7.84397e+08,0.00103545,0.000154293,1.42083e-23
0,1.88865e+09,-4.34574e+07,3.02827e+08,-3.86748e+09,-2.32586e+07,5.104e+08,-1.24892e+09,0.00104044,0.000166825,-1.25064e-23
0,2.07313e+09,-2.95721e+07,3.27526e+08,-2.95587e+09,-6.2007e+07,1.07918e+08,-8.35793e+08,0.000977603,0.000154448,-1.86088e-24
0,2.21543e+09,-3.6558e+06,3.44237e+08,-2.87045e+09,-1.08648e+08,-3.64044e+08,-1.64792e+08,0.000925225,0.000143763,-1.25633e-25
0,1.87131e+09,3.82856e+06,2.98537e+08,3.41373e+09,-1.44092e+09,3.20363e+07,-1.69525e+09,0.00114989,0.000183446,3.74904e-23
0,2.04607e+09,-1.72032e+07,3.02234e+08,-2.04537e+09,1.22352e+08,3.88069e+08,-9.33317e+08,0.000981066,0.000144917,-5.42449e-25
0,1.87972e+09,-7.55681e+07,2.99364e+08,-1.21922e+10,1.4928e+09,3.43213e+08,-1.26721e+09,0.000975595,0.000155373,-3.12268e-22
0,2.03355e+09,-6.50547e+07,3.23001e+08,-7.52018e+09,1.51885e+09,-1.06499e+08,-6.52507e+08,0.000910682,0.000144649,-2.04883e-23
0,2.19078e+09,-9.62732e+06,2.94845e+08,-4.93248e+08,-1.41386e+09,-2.04378e+08,4.50143e+07,0.000968677,0.000130369,-2.60649e-25
0,2.05647e+09,-2.49649e+07,3.11344e+08,-3.95179e+09,-7.27922e+08,2.15332e+07,-9.85625e+08,0.000993486,0.000150411,-7.03811e-24
0,2.06834e+09,-533836,3.34125e+08,-3.88919e+08,3.1606e+06,-1.75008e+08,-6.42034e+08,0.000939639,0.000151792,7.3631e-27
0,2.08742e+09,2.25947e+07,2.65975e+08,3.90082e+09,1.75719e+08,-3.32582e+08,-4.0499e+08,0.000965581,0.000123032,1.79307e-24
0,1.98683e+09,-3.13162e+07,3.18789e+08,-2.69684e+09,7.09207e+08,1.89741e+08,-1.0115e+09,0.00100035,0.000160508,-2.13025e-24
0,2.00681e+09,3.06557e+07,3.12049e+08,3.4739e+08,3.9562e+06,-6.66088e+08,-9.85852e+08,0.00101303,0.000157522,-2.06953e-26
0,1.68731e+09,-9.88366e+06,2.88614e+08,-3.88782e+09,-8.8082e+07,-6.3845e+08,-3.7986e+08,0.0010641,0.000182015,-6.67424e-24
0,1.691e+09,1.44651e+07,3.00978e+08,1.75828e+09,1.05148e+09,-1.5978e+08,-1.42871e+09,0.000992521,0.000176658,1.52852e-24
0,2.1544e+09,5.18854e+06,3.41616e+08,-3.29309e+09,3.03894e+08,-2.78069e+08,-3.09246e+08,0.000909838,0.00014427,-7.53737e-25
0,2.06805e+09,-4.67957e+07,2.93846e+08,-3.82404e+09,1.27149e+09,6.81535e+08,-6.59218e+08,0.000920458,0.000130786,-3.12961e-25
0,2.04944e+09,5.39258e+06,2.95248e+08,8.51887e+08,-4.05503e+08,-2.20702e+08,-1.02402e+09,0.000981255,0.000141362,-2.86745e-26
0,2.0075e+09,1.33167e+07,2.96567e+08,3.23271e+09,-9.52474e+08,-1.56654e+08,-1.10807e+09,0.00104675,0.000154636,7.77812e-24
0,1.89708e+09,1.26262e+07,3.00739e+08,2.77294e+09,-1.10712e+09,-1.07172e+08,-1.32872e+09,0.00105384,0.000167062,9.1395e-24
0,1.94687e+09,2.42561e+07,3.16639e+08,4.67955e+08,8.01925e+07,-4.91812e+08,-9.19362e+08,0.000951085,0.000154684,-3.02497e-26
0,2.20551e+09,-1.85094e+07,3.07804e+08,-4.77166e+09,-2.46293e+09,-6.38719e+07,-9.44245e+08,0.00108181,0.000150979,-3.60623e-23
0,1.88816e+09,-2.08674e+06,2.4407e+08,3.67698e+09,-1.54811e+09,1.88641e+07,7.39474e+08,0.00100214,0.000129541,-4.831e-24
0,2.14474e+09,1.98908e+06,3.27755e+08,1.20368e+09,-1.03057e+09,1.24132e+08,-8.70007e+08,0.00102262,0.000156274,7.24918e-25
0,1.93399e+09,-3.3272e+07,3.17732e+08,3.57793e+09,-8.37511e+08,3.25417e+08,-5.53205e+08,0.000963147,0.000158234,2.64163e-24
0,2.01071e+09,4.83045e+07,2.92243e+08,5.04749e+09,-1.81761e+09,-1.16645e+08,-1.14553e+09,0.00105682,0.000153601,4.28854e-23
0,1.96769e+09,8.01889e+06,3.196e+08,5.15527e+07,-9.60348e+08,-2.41332e+07,-8.53852e+08,0.000996446,0.000161846,-6.35508e-27
0,1.93957e+09,-1.18444e+07,3.13082e+08,3.23409e+08,-7.60565e+08,7.50428e+08,-1.06076e+09,0.00103013,0.000166283,4.66418e-25
0,1.78495e+09,6.25222e+07,2.93622e+08,-5.26515e+09,-1.80553e+09,-8.14161e+08,-7.178e+08,0.000993294,0.000163396,-1.25022e-23
0,2.01379e+09,1.36304e+07,3.25971e+08,5.85864e+08,1.33866e+07,3.01011e+07,-9.84739e+08,0.000966603,0.000156463,-3.70374e-26
0,1.98634e+09,2.81029e+07,3.2222e+08,-1.14789e+09,1.00435e+09,-3.50134e+08,-9.28877e+08,0.000952643,0.000154536,-3.32424e-25
0,2.23612e+09,5.448e+07,3.06774e+08,6.38344e+09,-5.15882e+08,-7.52786e+08,-3.84338e+08,0.000945462,0.000129709,7.32238e-24
0,2.05565e+09,-3.23089e+07,2.96437e+08,2.77215e+09,-2.25114e+08,2.11152e+08,-9.00201e+08,0.000982925,0.000141743,1.61553e-24
0,2.07304e+09,-1.57546e+07,2.80774e+08,-9.06854e+09,1.04731e+09,3.42854e+08,4.46527e+07,0.000996462,0.000134961,1.39656e-23
0,1.98013e+09,-6.36315e+06,3.2707e+08,-4.78744e+08,7.23564e+08,3.65514e+08,-8.96742e+08,0.000950713,0.000157035,6.24707e-28
0,2.02134e+09,2.88747e+06,3.33119e+08,-3.78978e+09,1.40174e+09,-2.63055e+08,-4.98229e+08,0.000872438,0.000143779,-2.0228e-24
0,2.04242e+09,4.32815e+07,2.75673e+08,3.26856e+09,-1.83301e+09,-6.47292e+08,-1.18356e+09,0.00107796,0.000145496,1.68742e-23
0,2.2189e+09,-1.13283e+07,2.86241e+08,-8.42716e+07,1.47767e+09,-2.51824e+08,2.6981e+08,0.00100296,0.000129384,2.98964e-25
0,2.0662e+09,-4.9407e+06,3.42655e+08,1.63326e+08,1.23377e+07,5.54066e+07,-3.82157e+08,0.000955014,0.000158378,-7.01198e-28
0,2.04701e+09,-2.96791e+07,3.27027e+08,2.19727e+09,-1.20062e+09,-3.81612e+08,-4.30345e+08,0.000936077,0.000149546,1.32734e-24
0,1.94808e+09,1.91777e+07,2.47594e+08,6.80372e+07,-5.23586e+08,5.08927e+08,3.2606e+08,0.000962395,0.000122317,-1.50876e-26
0,1.74386e+09,4.3436e+07,3.07091e+08,1.34674e+09,1.57851e+09,-4.40421e+08,-1.38103e+09,0.00101357,0.000178488,1.74265e-25
0,1.93197e+09,-3.87532e+06,3.28623e+08,-9.62276e+08,3.0578e+08,-1.34981e+08,-1.02975e+09,0.000973123,0.000165526,-1.48742e-26
0,1.86076e+09,-1.48579e+07,2.9822e+08,1.30009e+08,1.11434e+09,4.62235e+08,-1.38713e+09,0.000989505,0.000158586,9.34247e-28
0,1.92272e+09,-4.53438e+07,3.01096e+08,-7.23641e+09,-1.28214e+09,1.62439e+08,-1.4935e+09,0.00110798,0.000173508,-1.65535e-22
0,2.12501e+09,-3.18606e+06,3.12462e+08,-3.69776e+09,-1.29593e+09,-6.33269e+08,-8.06193e+08,0.00101325,0.000148989,-3.02104e-24
0,1.9667e+09,-2.58733e+07,3.16158e+08,-4.29652e+09,3.7946e+08,3.48222e+08,-9.52111e+08,0.000965326,0.000155181,-7.48092e-24
0,2.11622e+09,1.04301e+07,3.39701e+08,-8.20132e+08,2.6849e+08,-1.84364e+08,-3.89968e+08,0.000903594,0.000145047,-1.78287e-26
0,2.02429e+09,-1.33261e+07,3.04908e+08,5.60563e+09,-8.49759e+08,1.16645e+08,-1.19062e+09,0.00105413,0.000158778,3.25976e-23
0,1.95315e+09,1.52044e+07,3.29573e+08,7.23981e+08,8.64272e+08,3.03078e+08,-8.54261e+08,0.000954248,0.000161019,1.04095e-25
0,1.79731e+09,5.51371e+07,3.05701e+08,-5.37131e+08,-9.34512e+08,-6.56676e+08,-8.35758e+08,0.000997307,0.00016963,-8.33352e-25
0,2.02607e+09,-3.23083e+06,2.75755e+08,5.63518e+09,3.4644e+08,3.05623e+08,5.17895e+08,0.00102085,0.000138941,-1.05986e-23
0,2.00773e+09,3.09348e+07,2.76128e+08,-5.78987e+09,-1.15606e+09,4.78968e+08,6.31363e+08,0.00094604,0.000130111,6.41813e-24
0,1.85663e+09,-6.66615e+07,2.96894e+08,-5.11495e+08,-2.31991e+09,-5.45404e+07,-8.23199e+08,0.00110073,0.000176018,-6.74464e-24
0,1.83609e+09,-3.25602e+07,2.90087e+08,-7.66997e+09,8.87741e+08,-1.30549e+08,-1.1023e+09,0.000982742,0.000155265,-9.08502e-23
0,2.00998e+09,-3.8983e+07,3.01477e+08,4.77534e+07,-2.16849e+09,6.73441e+07,-7.97986e+08,0.00104859,0.000157278,8.24764e-25
0,1.89702e+09,-2.98894e+07,3.15076e+08,-4.17679e+09,-2.49091e+08,-1.80988e+08,-6.72613e+08,0.000971271,0.000161319,-6.42529e-24
0,2.04158e+09,-3.44724e+07,3.27169e+08,-5.63744e+09,1.18609e+08,-4.97909e+08,-8.9714e+08,0.00098229,0.000157415,-1.64441e-23
0,1.90452e+09,7.86816e+06,2.72936e+08,2.47013e+09,5.57915e+08,7.06428e+08,-1.30317e+09,0.00101418,0.000145342,3.74389e-24
0,2.03573e+09,4.84014e+07,3.07889e+08,-5.63818e+09,-5.50447e+08,1.81826e+08,-7.02566e+08,0.00110477,0.000167089,-2.58956e-23
0,2.08833e+09,-5.35223e+06,3.17122e+08,-6.44772e+08,-1.13309e+09,-2.58855e+07,-8.0913e+08,0.00103547,0.00015724,-4.8575e-25
0,1.86831e+09,2.51275e+07,3.10793e+08,1.5824e+09,-9.05417e+08,-5.5985e+08,-8.99647e+08,0.00101086,0.000168156,7.18678e-25
0,2.03051e+09,-1.23481e+07,3.21353e+08,-7.48662e+09,-1.42078e+08,-2.85299e+08,-8.91771e+08,0.00104129,0.000164797,-5.11379e-23
0,1.9992e+09,1.8749e+07,3.24047e+08,1.11735e+09,5.36001e+08,-2.93374e+08,-8.68785e+08,0.000948089,0.000153674,4.76822e-26
0,2.07472e+09,-4.18124e+06,3.41762e+08,2.33001e+08,7.504e+06,7.06177e+07,-4.59306e+08,0.000957451,0.000157718,-1.57831e-27
0,1.97079e+09,-2.87223e+07,2.94124e+08,-3.74666e+09,-1.84951e+09,4.26036e+08,-1.257e+09,0.00110402,0.000164766,-3.42684e-23
0,2.10514e+09,1.06686e+07,3.1263e+08,-5.4224e+08,-1.14801e+09,4.24525e+08,-8.60043e+08,0.000998085,0.000148224,2.60552e-25
0,2.19148e+09,4.61268e+07,2.95576e+08,4.64786e+09,-3.07467e+08,-6.67621e+08,-4.19938e+08,0.000949904,0.000128119,3.04265e-24
0,1.95579e+09,4.52487e+07,3.21927e+08,2.25654e+09,1.06867e+09,-5.61213e+08,-7.45349e+08,0.000988108,0.000162644,2.07413e-25
0,1.90802e+09,5.73454e+06,2.91748e+08,4.51873e+09,-4.85736e+08,-3.35327e+08,-1.49163e+09,0.00106553,0.000162926,2.88777e-23
0,2.08411e+09,-4.64098e+07,3.05831e+08,-2.41736e+09,-2.14173e+09,-2.2302e+07,-7.03684e+08,0.0010561,0.000154977,-1.07336e-23
0,1.80297e+09,5.45856e+07,3.18874e+08,-7.98125e+08,-1.111e+09,1.88442e+08,-6.17329e+08,0.000990257,0.000175137,-4.90329e-25
0,1.95398e+09,-2.54276e+07,3.13264e+08,3.40418e+09,8.04364e+08,6.1482e+08,-1.02366e+09,0.000962939,0.000154379,6.90821e-24
0,2.00833e+09,-9.20167e+06,3.1697e+08,7.61098e+09,9.62852e+08,5.58976e+08,-5.12882e+08,0.00103887,0.000163962,4.82913e-23
0,2.07364e+09,3.07064e+06,2.608e+08,5.07876e+09,7.47426e+08,3.25954e+08,5.56352e+08,0.00100717,0.000126671,-6.48062e-24
0,1.97697e+09,5.3458e+07,2.80105e+08,-2.36618e+09,-9.17388e+08,-1.4074e+08,-6.50382e+08,0.00114518,0.000162254,-3.63323e-24
0,1.93697e+09,2.01408e+07,3.18427e+08,1.05393e+09,1.19102e+09,-4.30935e+08,-1.08866e+09,0.000961773,0.00015811,2.28994e-26
0,2.09303e+09,4.1845e+06,3.0196e+08,-2.11323e+09,-1.66736e+09,2.07695e+08,-1.15922e+09,0.00106206,0.000153222,-5.76541e-24
0,2.07428e+09,-4.29784e+06,3.43232e+08,1.99071e+08,1.17862e+07,5.53902e+07,-3.23247e+08,0.000958106,0.000158538,-4.1316e-28
0,1.89861e+09,-1.41969e+07,2.65069e+08,-2.81384e+09,-9.64216e+08,2.55473e+08,-1.38597e+09,0.00109159,0.000152399,-9.88733e-24
0,1.92282e+09,4.74964e+06,3.15083e+08,1.35351e+09,4.44338e+08,2.4857e+07,-1.34777e+09,0.00101501,0.000166324,1.48172e-25
0,1.71585e+09,-3.12237e+07,2.69846e+08,-5.53876e+09,2.52492e+09,1.55967e+07,-1.5531e+09,0.00101747,0.000160014,-6.6238e-23
0,1.89396e+09,-1.97128e+07,3.18627e+08,5.18811e+09,5.5047e+08,2.56727e+08,-4.26149e+08,0.000964576,0.000162273,9.79889e-24
0,2.12694e+09,-5.38722e+07,3.0657e+08,-5.32924e+09,-1.60787e+09,8.56103e+07,-6.73389e+08,0.00104781,0.000151029,-2.10726e-23
0,2.08434e+09,2.63846e+07,3.26274e+08,5.04174e+09,-1.68641e+08,-1.48064e+08,-5.88647e+08,0.000944101,0.000147786,5.81669e-24
0,1.98763e+09,-9.3091e+06,3.06847e+08,-3.97112e+09,5.04269e+07,-2.89181e+08,-8.99635e+08,0.000966797,0.000149252,-5.80431e-24
0,1.72663e+09,-7.09913e+07,2.83832e+08,3.36507e+09,1.76787e+09,3.59908e+08,-1.14074e+09,0.00109154,0.000179433,2.48052e-23
0,1.80634e+09,3.80732e+07,3.21637e+08,2.16206e+09,-5.23385e+08,-1.40128e+08,-9.48699e+08,0.000984215,0.00017525,1.98906e-24
0,2.27047e+09,9.7276e+06,3.14074e+08,3.38572e+09,-9.99377e+08,3.96151e+07,-3.41457e+08,0.000942113,0.000130322,1.09009e-24
0,2.12576e+09,-4.90786e+06,3.18117e+08,5.25968e+09,-5.0851e+08,-1.06856e+08,-7.07792e+08,0.000960289,0.000143706,8.22877e-24
0,1.83953e+09,5.80577e+07,2.70414e+08,-5.18329e+09,-5.00104e+08,-1.71706e+08,-8.24986e+08,0.00112738,0.000165727,-3.7751e-23
0,1.92727e+09,-2.35175e+07,3.12109e+08,6.66516e+08,4.74834e+08,6.60768e+08,-1.11071e+09,0.000982049,0.000159037,-7.6861e-26
0,1.98666e+09,3.21049e+06,3.25493e+08,-2.88943e+09,9.07346e+08,-2.03589e+08,-8.96202e+08,0.000949672,0.000155593,-2.65404e-24
0,1.76705e+09,4.10915e+07,3.08928e+08,-7.18939e+09,-1.62947e+09,-1.00424e+08,-7.99773e+08,0.00101431,0.000177329,-9.42651e-23
0,1.90253e+09,-7.31785e+07,3.13304e+08,1.7519e+09,-1.27408e+09,-2.31374e+08,-3.26641e+08,0.000951579,0.000156704,1.43029e-24
0,1.8167e+09,1.09278e+06,3.02716e+08,-1.01728e+09,1.51626e+09,-5.91816e+07,-1.15982e+09,0.000970556,0.000161723,-1.64334e-25
0,1.66377e+09,-1.43072e+07,2.71188e+08,-2.20423e+09,3.26213e+09,-2.18017e+08,-1.52053e+09,0.00100069,0.000163108,1.00632e-23
0,2.00957e+09,4.30451e+07,2.80001e+08,-4.83759e+09,-1.18947e+09,1.72408e+08,2.83474e+08,0.00092314,0.000128625,6.96836e-25
0,1.94805e+09,2.4376e+07,3.16342e+08,6.7907e+09,-2.5539e+08,1.09647e+08,-1.09787e+09,0.00100932,0.000163903,4.96396e-23
0,2.00978e+09,-4.68378e+06,3.2024e+08,-1.05623e+09,-1.50765e+09,1.42354e+08,-3.04696e+08,0.00107807,0.000171781,-1.45104e-24
0,2.01954e+09,-1.78168e+07,3.09707e+08,-1.32749e+09,5.3512e+08,7.7931e+08,-6.5757e+08,0.00102932,0.000157851,-2.45875e-26
0,1.95456e+09,-2.60834e+07,3.04412e+08,-5.99251e+09,-5.23914e+08,2.92303e+08,-1.25847e+09,0.00104043,0.000162041,-4.75936e-23
0,2.17479e+09,432219,3.43316e+08,2.24173e+09,-3.15399e+08,9.09586e+06,-8.95253e+07,0.000915677,0.00014455,6.16756e-26
0,1.93317e+09,-3.09475e+07,3.15842e+08,1.44852e+09,6.19951e+08,7.48818e+08,-1.00527e+09,0.000988658,0.000161527,8.11117e-25
0,1.83078e+09,-2.85878e+07,3.2716e+08,-6.65924e+09,-1.26023e+09,-6.48775e+08,-2.51839e+08,0.000955465,0.000170741,2.90127e-24
0,1.92263e+09,7.25436e+06,2.99203e+08,2.60711e+09,-1.03656e+07,1.67176e+08,-1.19559e+09,0.00101857,0.000158512,2.74216e-24
0,1.71408e+09,6.41079e+07,2.59719e+08,-5.35113e+09,-3.22478e+07,-4.2828e+08,-9.39888e+08,0.00113016,0.000171243,-6.74528e-23
0,1.9185e+09,-1.24389e+06,3.07986e+08,1.14954e+09,7.30106e+08,2.95581e+08,-1.2809e+09,0.00103183,0.000165645,3.04824e-25
0,2.07022e+09,-1.62548e+06,3.23514e+08,5.24884e+09,-5.76687e+08,2.66063e+08,-8.01469e+08,0.000984926,0.000153915,1.02721e-23
0,2.01116e+09,4.5738e+07,3.10537e+08,4.74264e+09,2.73136e+07,-3.47844e+08,-1.0115e+09,0.000992331,0.000153223,1.17945e-23
0,1.97573e+09,1.87261e+07,3.20121e+08,1.13792e+09,1.48568e+09,-6.25632e+07,-4.62558e+08,0.00106256,0.000172163,-6.20022e-25
0,1.86819e+09,-2.68108e+07,2.63883e+08,7.80017e+07,-1.74022e+08,-1.45739e+08,6.90541e+08,0.00105619,0.000149187,1.13799e-28
0,2.00762e+09,1.49414e+07,3.18449e+08,4.87446e+09,-9.04131e+08,6.49394e+08,-9.53683e+08,0.000995271,0.000157871,8.47548e-24
0,2.0203e+09,2.69126e+07,3.00056e+08,1.92e+09,-8.84322e+07,-1.84093e+08,-1.10404e+09,0.00100198,0.000148815,6.19211e-25
0,2.22e+09,-1.49658e+06,3.42888e+08,1.78051e+09,-3.24101e+08,-1.43821e+07,-1.58174e+08,0.000921679,0.000142357,5.60476e-26
0,1.92681e+09,-1.19846e+06,2.41035e+08,-6.40614e+08,5.04851e+08,1.59547e+07,-9.07328e+08,0.00102504,0.000128228,-5.73564e-27
0,2.31629e+09,1.53911e+07,3.29918e+08,3.53835e+09,-1.07354e+09,-1.03348e+08,-3.4815e+08,0.000931303,0.000132649,1.3241e-24
0,1.79872e+09,-2.92009e+07,3.29495e+08,-3.38364e+09,-2.88721e+08,-5.89285e+08,-2.39264e+08,0.000936622,0.000171574,-1.12155e-25
0,2.1037e+09,3.22408e+07,3.21188e+08,4.82147e+09,-8.981e+08,2.08476e+08,-7.90268e+08,0.000968276,0.000147834,7.37724e-24
0,2.00248e+09,1.91207e+07,3.20546e+08,3.98032e+09,-3.22279e+08,1.04106e+08,-1.20925e+09,0.00102145,0.000163508,9.58401e-24
0,1.875e+09,8.38645e+07,2.83848e+08,4.42832e+09,1.62246e+09,-1.18659e+09,-1.27686e+09,0.0010014,0.000151597,5.01767e-24
0,1.9718e+09,-610847,3.19092e+08,7.47949e+09,1.57602e+09,2.38825e+08,-4.04802e+08,0.00101643,0.000164487,2.88377e-23
0,1.88037e+09,2.53994e+07,3.08162e+08,1.50796e+09,1.29311e+09,-1.99542e+08,-1.24797e+09,0.00103148,0.000169041,5.44143e-25
0,1.87807e+09,1.69252e+07,2.49302e+08,-6.18275e+09,-5.4256e+08,-2.31322e+08,7.02395e+08,0.000992476,0.000131745,2.97545e-23
0,1.9086e+09,-4.84773e+06,3.06284e+08,-8.60368e+08,-4.89049e+08,2.43235e+08,-1.13525e+09,0.00102142,0.000163913,1.01846e-25
0,1.99631e+09,-3.18812e+07,3.1661e+08,2.36597e+09,6.95398e+08,7.65888e+08,-9.67097e+08,0.000994987,0.000157802,2.83644e-24
0,1.98639e+09,-2.53198e+06,3.06454e+08,-1.68609e+08,1.61784e+09,-1.99746e+08,-6.40845e+08,0.00111132,0.00017145,3.15224e-25
0,1.5573e+09,2.1384e+07,2.55247e+08,-2.69558e+09,-2.38905e+08,-2.68897e+07,-1.10239e+09,0.00107431,0.000176084,-1.15297e-23
0,1.90037e+09,-3.89064e+07,3.14308e+08,5.73283e+09,2.25465e+08,4.31881e+08,-1.44478e+08,0.000995567,0.00016466,5.9683e-24
0,2.313e+09,1.579e+07,3.30251e+08,3.62467e+09,-8.79712e+08,-1.0777e+08,-2.75097e+08,0.000919407,0.000131274,9.28047e-25
0,1.86738e+09,-7.99455e+06,3.24357e+08,-2.01561e+09,2.1793e+08,-1.69437e+08,-1.00911e+09,0.000987994,0.000171611,-1.11352e-24
0,2.11381e+09,1.82769e+07,3.2229e+08,6.71079e+09,-1.21033e+09,1.76723e+08,-6.12216e+08,0.000968438,0.000147657,1.58764e-23
0,2.15261e+09,-9.35455e+06,2.916e+08,-3.24469e+09,-3.64562e+08,-5.32214e+08,4.91593e+07,0.00106584,0.000144382,1.13362e-24
0,1.96183e+09,3.27278e+07,3.15003e+08,2.26145e+09,2.92639e+08,-4.07336e+08,-1.14424e+09,0.00099247,0.000159357,1.09924e-24
0,2.05728e+09,3.80485e+07,3.10105e+08,1.27715e+09,-8.03189e+07,6.84881e+07,-8.54819e+08,0.000979283,0.000147612,9.52195e-26
0,1.9892e+09,2.72309e+06,2.8248e+08,4.48559e+08,-5.63033e+08,-1.66921e+08,-1.38684e+09,0.00103438,0.000146889,-2.14165e-25
0,2.06583e+09,-4.41484e+06,3.42756e+08,1.80788e+08,-1.64441e+07,7.06191e+07,-3.74153e+08,0.000958452,0.000159024,-7.02208e-28
0,1.74625e+09,1.54481e+07,2.70477e+08,3.28018e+09,1.32187e+09,-5.3204e+08,-1.39791e+09,0.0010156,0.000157306,7.949e-24
0,1.85092e+09,-3.33825e+07,2.90205e+08,-4.8205e+09,-7.30545e+07,2.67534e+08,-1.40153e+09,0.00106019,0.000166227,-3.53981e-23
0,1.86253e+09,4.15171e+06,2.97387e+08,1.69749e+08,5.29711e+08,3.47568e+08,-1.31761e+09,0.0010109,0.000161408,-1.18846e-25
0,1.93047e+09,-3.60379e+07,2.94327e+08,-6.33192e+09,-5.86377e+08,2.57991e+08,-1.34717e+09,0.00103496,0.000157794,-6.22286e-23
0,2.00579e+09,1.19557e+07,3.24149e+08,7.52475e+09,-1.2896e+09,5.07305e+08,-8.22459e+08,0.00106349,0.000171867,4.80262e-23
0,1.94399e+09,-5.54226e+07,3.11011e+08,-5.74368e+09,1.88555e+09,6.00061e+08,-6.47978e+08,0.000954095,0.000152641,5.05572e-25
0,1.71854e+09,4.00303e+07,2.82257e+08,1.64606e+10,1.16333e+09,-5.01021e+07,-7.40825e+08,0.00106802,0.000175413,1.20436e-21
0,1.9008e+09,-7.60041e+06,3.14351e+08,-3.08881e+09,-1.00649e+09,8.32052e+07,-6.54482e+08,0.00101102,0.000167201,-5.51704e-24
0,1.95421e+09,2.56659e+07,2.84721e+08,3.73519e+09,3.63721e+08,2.3566e+08,-1.24355e+09,0.00102155,0.000148836,9.70429e-24
0,1.88643e+09,-2.0859e+07,3.19111e+08,4.53964e+09,-1.2061e+09,8.55023e+08,-8.16655e+08,0.00102676,0.000173688,3.72764e-24
0,1.77637e+09,-3.204e+07,2.49037e+08,4.71937e+08,-6.14768e+08,-6.11618e+08,5.78121e+08,0.00103104,0.000144547,6.63571e-28
0,2.21364e+09,1.24597e+07,3.07429e+08,7.80561e+08,2.98871e+08,-1.02014e+08,-1.96683e+08,0.000904445,0.000125609,1.89139e-27
0,1.91535e+09,-3.1719e+07,3.01224e+08,-6.30028e+09,-5.1089e+08,4.0429e+08,-1.28189e+09,0.00102946,0.000161902,-5.94005e-23
0,1.86613e+09,-1.3363e+07,2.99922e+08,9.77119e+08,7.97928e+08,5.89521e+08,-1.30129e+09,0.00101913,0.000163795,3.38856e-25
0,1.84855e+09,-3.21177e+07,3.16433e+08,6.76865e+09,1.43893e+09,3.16075e+08,-6.41011e+06,0.00101332,0.00017346,5.46395e-24
0,1.99314e+09,-1.97269e+07,2.51113e+08,-7.59188e+09,-6.05378e+08,-7.16438e+08,8.0969e+07,0.00111687,0.000140713,2.67812e-23
0,1.95338e+09,-1.68346e+07,3.11616e+08,3.34302e+09,8.61411e+08,6.35695e+08,-1.1175e+09,0.00097958,0.000156269,7.85559e-24
0,1.88368e+09,-2.50749e+06,3.16002e+08,-5.685e+08,9.80456e+08,2.03976e+08,-1.23623e+09,0.0010227,0.000171566,-1.92405e-28
0,1.93723e+09,3.56291e+07,3.06317e+08,1.5277e+09,2.93902e+08,-5.5317e+08,-1.31664e+09,0.00105495,0.000166811,5.69697e-26
0,2.20078e+09,3.01103e+07,2.97347e+08,7.29727e+09,-9.58382e+08,-1.89576e+08,-5.59043e+08,0.00097346,0.000131524,1.80084e-23
0,1.95696e+09,-5.80241e+06,3.37765e+08,5.28608e+09,-3.60158e+08,4.19658e+08,5.03553e+08,0.000962222,0.000166077,-1.00606e-23
0,1.94284e+09,4.36746e+07,3.08382e+08,1.76773e+09,8.80882e+08,-2.3537e+08,-1.2706e+09,0.00100961,0.000160253,6.81864e-25
0,1.95561e+09,2.54293e+07,3.00449e+08,5.95297e+09,6.83567e+07,2.67656e+08,-1.04665e+09,0.00099777,0.000153292,2.96986e-23
0,1.86366e+09,2.66976e+07,2.84748e+08,1.14125e+09,2.54296e+08,-7.49546e+08,-1.5037e+09,0.00105772,0.000161609,-5.11349e-25
0,1.82354e+09,-3.27426e+07,2.93084e+08,-2.12841e+09,1.04471e+09,4.69758e+08,-1.46893e+09,0.00102688,0.000165043,-1.64211e-24
0,2.26052e+09,3.8033e+07,3.17692e+08,5.54168e+09,-6.90117e+08,-4.62794e+08,-4.06335e+08,0.000948225,0.000133263,5.08257e-24
0,1.96648e+09,2.94627e+07,3.18142e+08,5.23059e+09,1.6636e+08,2.88496e+08,-1.06612e+09,0.000973505,0.000157496,1.77769e-23
0,1.75397e+09,-3.27459e+07,3.1209e+08,6.57188e+08,1.69364e+09,6.12024e+08,-1.27541e+09,0.000964249,0.000171572,5.55323e-25
0,1.9739e+09,1.88423e+07,3.23059e+08,2.07105e+09,2.60941e+08,3.11195e+07,-1.13944e+09,0.000999761,0.000163626,1.00642e-24
0,1.92308e+09,-1.8143e+07,3.105e+08,5.71045e+09,-1.92314e+09,8.95467e+08,-5.87038e+08,0.00100183,0.000161755,3.80373e-24
0,1.9262e+09,-1.206e+07,2.65389e+08,-5.84971e+09,1.68875e+08,7.80247e+07,1.88021e+08,0.000976992,0.000134608,5.24225e-24
0,2.16069e+09,-4.32312e+06,3.40621e+08,-1.8182e+09,4.93912e+07,2.07308e+08,-3.25439e+08,0.000918828,0.000144848,-9.73139e-26
0,1.9506e+09,7.91404e+06,2.9085e+08,3.53207e+09,2.99639e+08,4.24908e+08,-1.37895e+09,0.00103362,0.000154121,9.24312e-24
0,2.0763e+09,4.96123e+06,3.28588e+08,-1.03652e+09,-1.26658e+07,1.67596e+08,-6.97532e+08,0.000999994,0.000158255,-3.86212e-26
0,1.91938e+09,3.53958e+07,3.15949e+08,2.01418e+09,-3.9775e+08,-3.72712e+08,-9.46908e+08,0.00102242,0.0001683,1.1809e-24
0,1.9518e+09,7.6299e+06,3.24871e+08,-1.10438e+09,-2.43584e+08,-1.83217e+08,-1.09553e+09,0.00102093,0.000169931,-2.40629e-26
0,1.80538e+09,2.67231e+06,3.03479e+08,6.81855e+09,1.34077e+09,4.15892e+08,-1.24204e+09,0.00106518,0.000179053,1.36249e-22
0,1.76558e+09,2.18097e+07,2.47937e+08,7.90981e+09,1.41739e+09,-4.07221e+07,-1.22334e+09,0.00104269,0.000146423,1.70518e-22
0,1.90199e+09,1.82847e+07,2.9726e+08,4.16085e+09,3.93782e+08,1.1828e+08,-1.34823e+09,0.00102315,0.000159908,1.6436e-23
0,1.97742e+09,-2.50929e+07,3.13743e+08,-8.8154e+08,-1.85334e+09,5.0741e+08,-1.12359e+09,0.00108814,0.000172648,8.3334e-25
0,1.91404e+09,5.28235e+07,2.88766e+08,6.27503e+09,-4.41994e+08,2.01769e+07,-1.36206e+09,0.00105714,0.000159487,6.6975e-23
0,1.96843e+09,3.29128e+07,2.73163e+08,6.85756e+09,-1.50501e+09,-3.91952e+08,-1.14602e+09,0.00107931,0.000149778,1.02582e-22
0,1.7806e+09,-4.90421e+07,3.08046e+08,4.95968e+09,-4.65068e+07,6.11469e+08,-6.6299e+08,0.000990436,0.000171347,1.55197e-23
0,1.85855e+09,-5.25039e+07,3.0517e+08,-3.82401e+09,9.1738e+08,6.91157e+08,-1.20924e+09,0.000989932,0.000162545,-7.25226e-24
0,1.92167e+09,1.47948e+07,3.21148e+08,2.71495e+08,2.1811e+08,-5.21712e+07,-1.21947e+09,0.00102466,0.00017124,-6.82918e-26
0,1.84274e+09,2.63966e+07,2.88671e+08,1.03246e+09,6.43025e+07,1.292e+07,-1.52831e+09,0.00107745,0.000168787,-5.43437e-25
0,2.10459e+09,2.67448e+06,2.76662e+08,-1.15861e+09,5.24153e+07,4.49579e+07,-4.68861e+08,0.000953502,0.000125344,-4.60559e-26
0,1.98181e+09,-1.63421e+07,2.92369e+08,-8.79711e+09,-1.13589e+08,-8.88346e+08,-6.73728e+07,0.000952408,0.000140505,-1.64344e-24
0,2.0928e+09,4.85551e+07,2.77223e+08,5.50821e+09,9.17879e+08,-6.48961e+08,-4.25517e+08,0.000951084,0.000125986,1.83012e-24
0,1.95789e+09,-6.66664e+06,3.19666e+08,7.9858e+08,1.35783e+07,4.04544e+08,-1.08173e+09,0.00100152,0.000163518,-1.43137e-25
0,1.87563e+09,2.09047e+07,2.99341e+08,5.87379e+09,4.76533e+08,3.77046e+08,-1.46803e+09,0.000991931,0.000158307,4.9678e-23
0,1.78928e+09,5.84633e+07,2.95642e+08,3.21544e+09,9.2513e+08,-7.81131e+08,-1.40574e+09,0.00105044,0.000173565,6.98367e-24
0,1.72935e+09,2.8744e+07,3.10299e+08,1.85334e+09,-1.55321e+09,3.28872e+08,-1.94804e+08,0.00102588,0.000184076,4.40269e-24
0,2.011e+09,1.02621e+07,3.08089e+08,2.56826e+09,-6.33992e+08,-4.11686e+08,-1.24831e+09,0.00104426,0.000159983,3.13177e-24
0,1.95858e+09,1.98151e+07,3.3049e+08,3.13175e+09,-1.84605e+08,2.84088e+08,-1.00845e+09,0.00101997,0.00017211,3.93808e-24
0,2.14597e+09,6.3121e+06,3.30658e+08,1.60877e+09,-1.11796e+09,2.82312e+08,-8.65504e+08,0.0010307,0.000158814,1.25184e-24
0,2.15584e+09,2.37122e+07,2.76754e+08,-1.50572e+09,-1.49219e+09,-5.75164e+08,-6.70287e+08,0.00104832,0.000134576,-1.98116e-24
0,2.04931e+09,-4.48113e+06,3.42298e+08,6.86152e+08,3.97302e+06,9.47494e+07,-4.20274e+08,0.000963568,0.000160945,7.06499e-27
0,1.80753e+09,-6.85756e+07,3.04251e+08,-1.5351e+09,-5.02601e+08,8.12005e+08,-1.20287e+09,0.00105319,0.000177278,4.88049e-25
0,2.18232e+09,9.43695e+06,3.05096e+08,4.01975e+09,-2.06167e+09,1.85163e+08,-9.74183e+08,0.00105313,0.000147232,1.77794e-23
0,2.00566e+09,-3.98934e+07,3.1891e+08,-3.0992e+09,3.90971e+08,-3.82951e+06,-9.97253e+08,0.00101363,0.000161172,-3.65308e-24
0,1.97862e+09,3.24929e+07,3.04615e+08,1.49752e+09,-6.41571e+08,-4.05536e+08,-1.10152e+09,0.00105349,0.000162188,4.13841e-25
0,1.95305e+09,5.57508e+07,3.13857e+08,-3.22186e+09,-5.48997e+08,2.86688e+08,-6.70212e+08,0.00106431,0.000171036,-5.25358e-24
0,2.03977e+09,-2.3216e+07,3.2498e+08,-3.01744e+09,-2.33347e+08,-1.90326e+08,-9.39298e+08,0.00105099,0.000167445,-3.24449e-24
0,1.84389e+09,2.1259e+07,2.7687e+08,3.34881e+09,-5.16851e+08,-8.40637e+08,-1.48427e+09,0.0010959,0.000164554,1.30243e-23
0,1.88591e+09,4.51131e+07,2.9953e+08,4.21271e+09,-3.75981e+08,-7.79056e+08,-1.25994e+09,0.00108986,0.000173097,2.26891e-23
0,1.87075e+09,5.33913e+07,2.52134e+08,2.18036e+09,-8.77462e+08,-4.67866e+08,-1.20932e+09,0.00112441,0.000151545,4.54351e-24
0,2.00448e+09,-1.56533e+07,3.26582e+08,-3.44108e+09,-5.93672e+08,-3.12562e+08,-9.98248e+08,0.00101808,0.000165871,-4.70788e-24
0,1.84057e+09,3.6022e+07,3.09294e+08,3.5873e+09,3.25167e+07,9.07806e+07,-1.37449e+09,0.0010503,0.000176494,1.31011e-23
0,1.97924e+09,-2.6447e+07,2.89894e+08,-4.54473e+09,-2.07775e+09,-3.39426e+07,-1.37759e+09,0.00111076,0.000162691,-6.19305e-23
0,1.94098e+09,-1.80171e+07,3.18594e+08,1.19745e+09,5.77472e+08,3.78824e+08,-1.13327e+09,0.00100173,0.000164425,2.66527e-25
0,2.02236e+09,-2.32504e+07,3.1754e+08,6.0009e+09,1.88107e+08,6.61923e+07,-5.89618e+08,0.00107606,0.000168956,2.1801e-23
0,1.94415e+09,5.94504e+07,3.13409e+08,8.73764e+09,1.29963e+08,2.56771e+08,-8.62632e+08,0.00100035,0.000161263,8.32016e-23
0,2.19377e+09,-8.27821e+06,2.82428e+08,1.27674e+09,-1.20046e+09,3.22375e+08,-3.45971e+08,0.000971498,0.000125072,4.52422e-25
0,1.9896e+09,-2.43626e+07,2.87135e+08,1.6635e+09,-1.28173e+09,2.67434e+08,-1.38999e+09,0.00110432,0.000159374,4.90765e-24
0,2.06993e+09,-1.62248e+07,2.95028e+08,3.01663e+09,-8.54052e+08,1.10231e+08,-9.60479e+08,0.00101822,0.000145128,3.66977e-24
0,1.71711e+09,-2.85675e+07,2.95117e+08,9.48451e+09,-2.51732e+09,5.35004e+08,-7.82124e+08,0.00101288,0.000174083,2.10868e-22
0,1.83768e+09,-5.45168e+07,3.15704e+08,3.96333e+08,1.89613e+09,5.31607e+08,-9.83232e+08,0.000963202,0.000165473,-3.25666e-25
0,2.07772e+09,-1.42186e+06,2.50051e+08,1.84972e+09,9.54111e+08,-2.86548e+07,3.10635e+08,0.000999496,0.000120288,-7.04029e-25
0,2.05559e+09,-2.89928e+07,3.2159e+08,-4.02759e+09,-2.07681e+08,-1.01974e+08,-9.46794e+08,0.00100639,0.000157446,-6.5128e-24
0,1.996e+09,1.14735e+07,3.29938e+08,7.11473e+09,-5.33626e+08,8.21824e+08,-9.3749e+08,0.00104363,0.000172512,3.83042e-23
0,2.13318e+09,4.38752e+07,2.86493e+08,-1.14848e+10,7.92714e+08,-8.30789e+07,3.98664e+08,0.00104619,0.000140507,6.77582e-23
0,2.00317e+09,-2.89173e+07,3.22981e+08,-4.28179e+09,-9.01162e+07,-3.30652e+08,-1.01947e+09,0.00102657,0.000165518,-1.02233e-23
0,2.00875e+09,3.05563e+06,3.27869e+08,2.50877e+08,-7.09996e+08,-1.01233e+08,-1.05024e+09,0.00103692,0.000169246,-5.35399e-26
0,1.90901e+09,6.25397e+06,2.52177e+08,-2.23608e+07,-1.29325e+09,-1.58972e+08,-1.19957e+09,0.00112575,0.000148709,-1.13915e-24
0,1.78163e+09,9.51584e+07,2.96118e+08,1.71671e+09,-1.7424e+09,1.78039e+08,-6.45508e+08,0.00103499,0.000172023,8.71008e-24
0,1.99231e+09,2.59112e+07,2.63555e+08,4.12645e+09,2.00278e+09,-1.31345e+08,8.86813e+08,0.00125941,0.000166602,-7.08931e-23
0,1.96537e+09,2.41969e+07,2.50145e+08,5.65533e+09,-3.35023e+09,-1.53598e+08,-1.26635e+09,0.00123964,0.000157778,3.58334e-22
0,1.80025e+09,2.16123e+06,2.8737e+08,4.39293e+09,2.41392e+08,2.28304e+08,-1.66097e+09,0.00108004,0.000172405,3.85019e-23
0,1.76531e+09,-5.92466e+07,3.07653e+08,8.51171e+08,1.12375e+09,9.42965e+08,-1.16602e+09,0.00104822,0.000182681,1.87149e-24
0,1.84531e+09,-1.78024e+07,3.17673e+08,2.58744e+09,1.62654e+09,4.77652e+08,-1.0135e+09,0.000958598,0.000165024,4.90467e-24
0,2.03971e+09,7.78765e+06,3.26831e+08,5.23394e+09,-9.6601e+08,6.94751e+08,-1.05266e+09,0.00107096,0.000171604,1.57122e-23
0,2.31685e+09,1.43296e+07,3.32265e+08,3.31244e+09,-8.08727e+08,-9.46355e+07,-2.54666e+08,0.000912171,0.000130817,6.22692e-25
0,1.90501e+09,5.30095e+06,3.18606e+08,5.91909e+09,-7.35824e+07,-1.5885e+08,-4.45532e+08,0.00109,0.000182299,2.27832e-23
0,2.01241e+09,-3.97336e+06,3.30558e+08,8.37419e+08,-5.79672e+08,-1.01405e+08,-9.8586e+08,0.00103956,0.000170758,8.45945e-26
0,2.04132e+09,-1.82159e+07,3.31615e+08,-5.5544e+09,-4.28416e+08,-5.72829e+08,-8.28107e+08,0.0010124,0.000164465,-1.33031e-23
0,1.85946e+09,5.31292e+07,3.19286e+08,-3.03623e+09,-1.47666e+09,2.50206e+08,-7.04305e+08,0.00103419,0.00017758,-1.17392e-23
0,1.9719e+09,3.27323e+07,3.01485e+08,3.90247e+09,-5.08932e+08,-1.85061e+08,-1.33957e+09,0.00110008,0.000168191,1.68035e-23
0,2.03697e+09,-3.37938e+06,2.99056e+08,-7.16574e+08,-1.72619e+09,-6.16678e+08,-1.17961e+09,0.0010998,0.000161466,-6.23195e-24
0,2.10977e+09,-1.47939e+07,3.31053e+08,-6.07757e+09,-7.03274e+08,-2.67098e+08,-7.74531e+08,0.00100176,0.00015719,-1.54239e-23
0,2.11596e+09,5.39426e+06,3.43104e+08,2.74388e+09,8.97717e+07,2.9987e+08,-2.04243e+08,0.000916119,0.000148549,2.91513e-25
0,2.21591e+09,3.94903e+07,2.98899e+08,5.00986e+09,-4.04626e+08,-5.12988e+08,-3.19691e+08,0.000942936,0.00012719,2.93408e-24
0,1.95352e+09,1.16081e+07,3.00311e+08,9.54424e+07,-8.64698e+08,6.56574e+06,-1.19102e+09,0.00107031,0.000164537,5.72623e-26
0,1.98129e+09,3.37597e+07,3.03952e+08,1.14971e+09,-4.69211e+08,-5.86342e+08,-1.15715e+09,0.00105878,0.000162428,-3.0216e-25
0,2.07325e+09,-2.89848e+07,3.30073e+08,-5.92386e+09,-3.54264e+08,-4.19996e+08,-9.05508e+08,0.00100658,0.000160253,-1.79291e-23
0,2.06815e+09,-6.48717e+06,2.96618e+08,-2.48163e+09,-2.4745e+09,-4.98541e+08,-1.13054e+09,0.00112579,0.000161463,-2.93054e-23
0,2.17322e+09,-3.27747e+07,3.14717e+08,-7.89328e+09,-1.65218e+09,-1.65291e+08,-9.05251e+08,0.0010467,0.00015158,-5.39718e-23
0,2.12786e+09,1.30465e+07,3.12549e+08,8.00842e+08,-1.58248e+09,1.35393e+08,-6.1052e+08,0.00112402,0.000165101,2.08113e-24
0,1.88641e+09,-3.96927e+07,2.50744e+08,-2.70471e+09,-1.14775e+09,3.68026e+08,-1.20088e+09,0.00113499,0.000150865,-1.22438e-23
0,1.72913e+09,-9.17067e+06,2.35308e+08,2.51147e+09,-8.82793e+08,-5.13802e+08,1.22869e+09,0.00124415,0.00016931,-8.62911e-24
0,1.67627e+09,-2.985e+07,2.97485e+08,1.21797e+10,-5.06019e+08,7.47312e+08,-7.71991e+08,0.00110325,0.000195792,5.90551e-22
0,2.11533e+09,-3.64461e+07,3.02925e+08,-7.50588e+09,-1.98315e+09,-8.20229e+07,-1.09123e+09,0.00111976,0.000160355,-1.06701e-22
0,2.11735e+09,-1.87107e+07,2.8498e+08,1.10703e+09,9.12958e+08,-1.25757e+08,4.47302e+08,0.000997256,0.000134224,-2.87717e-25
0,1.9105e+09,-7.94941e+07,3.03857e+08,-1.02727e+10,9.38762e+08,3.02159e+08,-1.23862e+09,0.00104235,0.000165781,-2.42083e-22
0,1.89296e+09,2.52568e+07,3.16406e+08,5.10609e+09,1.42671e+09,2.28641e+08,-1.13865e+09,0.000975486,0.000163051,2.56891e-23
0,1.97453e+09,2.0044e+06,3.20426e+08,2.10797e+09,1.70387e+08,1.38159e+08,-1.00362e+09,0.000999037,0.000162124,1.00986e-24
0,1.99315e+09,5.03506e+07,3.06968e+08,3.61772e+09,6.30236e+08,-3.42912e+08,-1.28351e+09,0.00102077,0.000157211,6.85395e-24
0,2.0362e+09,4.6703e+07,3.13556e+08,8.72067e+09,-1.96153e+09,2.62715e+08,-9.14263e+08,0.00108261,0.000166712,1.20611e-22
0,2.10333e+09,-4.72192e+07,3.17215e+08,-1.08636e+10,-8.04387e+08,-3.78662e+08,-8.5566e+08,0.00101718,0.000153407,-1.06075e-22
0,2.1154e+09,-1.14789e+07,3.33706e+08,-4.18945e+09,-8.99214e+08,-4.13119e+08,-7.94647e+08,0.00103395,0.000163107,-5.3861e-24
0,1.71331e+09,-4.57586e+06,3.08046e+08,3.65403e+09,2.37779e+09,6.19014e+08,-1.19392e+09,0.00104942,0.000188683,3.33253e-23
0,1.97072e+09,-6.59969e+06,3.19516e+08,1.00409e+09,-4.54301e+08,3.71935e+08,-1.33158e+09,0.00108116,0.000175291,-8.2575e-27
0,1.95992e+09,2.16693e+07,3.07521e+08,3.75351e+09,-1.4784e+09,1.34683e+08,-1.41609e+09,0.00113329,0.000177818,3.07732e-23
0,2.04221e+09,-6.51544e+07,3.01051e+08,-1.10957e+10,-8.70006e+08,-8.30234e+07,-1.1386e+09,0.00107127,0.00015792,-2.47183e-22
0,2.13319e+09,-1.27154e+06,3.1383e+08,-6.56626e+09,-2.04228e+09,-1.53436e+08,-6.42316e+08,0.00110549,0.000162637,-4.61657e-23
0,2.25383e+09,-6.24251e+06,3.09827e+08,2.23913e+09,-7.8826e+08,2.13066e+08,-3.24536e+08,0.00094454,0.000129843,2.38045e-25
0,1.77942e+09,6.09842e+07,3.15174e+08,-3.97632e+09,-1.67231e+09,5.7877e+08,-5.24148e+08,0.00109294,0.000193585,-3.66029e-23
0,1.68305e+09,-4.81263e+06,2.9095e+08,1.24802e+10,1.79012e+09,2.40783e+07,-8.29917e+08,0.00116487,0.000201372,1.0054e-21
0,2.03567e+09,-3.74939e+07,3.27783e+08,-7.10711e+09,1.37992e+08,-4.42475e+08,-8.65853e+08,0.000961674,0.000154848,-2.94682e-23
0,1.55939e+09,-3.39793e+07,2.64529e+08,-8.45469e+09,-1.67221e+09,4.17784e+08,-8.34789e+08,0.00113496,0.00019253,-6.17998e-22
0,1.90949e+09,9.51875e+06,3.016e+08,3.2295e+09,-2.02156e+09,-1.88904e+08,-1.11606e+09,0.00105489,0.000166619,2.66755e-23
0,2.16534e+09,1.08738e+07,3.38952e+08,2.82282e+09,2.2871e+08,-1.00995e+08,-2.86041e+08,0.000932206,0.000145923,3.48406e-25
0,2.11754e+09,-2.96158e+07,3.28511e+08,-8.9261e+09,-7.06647e+08,-5.02776e+08,-8.2931e+08,0.000988278,0.000153319,-4.46422e-23
0,1.89618e+09,92548.1,3.28556e+08,-9.2825e+08,-6.27141e+08,-4.72681e+08,-9.57461e+08,0.00101363,0.000175634,-2.00333e-25
0,1.88319e+09,3.53021e+06,2.98282e+08,4.82126e+08,-1.91045e+09,1.90581e+08,-1.49141e+09,0.00112485,0.000178167,7.66758e-24
0,2.11223e+09,-3.71458e+07,3.33099e+08,-7.63164e+09,2.09769e+08,-5.10142e+08,-7.1134e+08,0.000961709,0.000151662,-2.58889e-23
0,1.90256e+09,-2.0859e+07,3.21728e+08,-6.42744e+08,6.72373e+07,8.22586e+07,-1.20592e+09,0.00106732,0.000180486,1.76675e-25
0,2.05425e+09,-5.39034e+06,3.41862e+08,6.4073e+08,-3.26456e+07,9.79508e+07,-4.578e+08,0.000974602,0.00016219,4.58592e-27
0,2.09076e+09,-6.12918e+07,3.16535e+08,-1.2261e+10,1.01512e+08,-1.83536e+08,-8.00231e+08,0.000973388,0.000147368,-1.29192e-22
0,1.71884e+09,5.56298e+06,2.85832e+08,1.23713e+10,2.44349e+09,-3.34343e+08,-8.65436e+08,0.0012077,0.000200833,7.59552e-22
0,1.96563e+09,-4.57708e+07,3.01899e+08,-4.60761e+09,-2.89471e+08,-5.95132e+07,-1.14266e+09,0.00104537,0.000160557,-1.79314e-23
0,1.92185e+09,-9.54395e+06,3.01098e+08,-4.68097e+09,-2.66934e+08,-6.49429e+08,-1.28007e+09,0.00108696,0.000170295,-2.34079e-23
0,2.0401e+09,-1.67271e+07,3.22984e+08,-1.50694e+10,-2.04722e+08,-9.7542e+08,-4.01155e+08,0.00104131,0.000164858,-1.66409e-22
0,2.10682e+09,-4.50329e+07,3.27431e+08,-7.26076e+09,1.52048e+08,-3.87266e+08,-7.56352e+08,0.000947205,0.000147209,-2.1632e-23
0,1.93649e+09,-6.17028e+06,2.97498e+08,-2.58908e+09,-1.07261e+09,-6.42692e+08,-1.04193e+09,0.00103738,0.00015937,-2.57762e-24
0,1.97877e+09,-7.26025e+07,3.14423e+08,-1.1069e+10,6.17379e+08,-1.64977e+08,-1.02521e+09,0.000993807,0.000157914,-1.81991e-22
0,2.1157e+09,-2.57603e+07,3.2673e+08,-4.61774e+09,-1.06043e+09,-2.56384e+08,-9.71676e+08,0.0010312,0.00015925,-1.1076e-23
0,1.8037e+09,1.50467e+07,3.07095e+08,3.32644e+09,-5.4037e+08,9.58913e+06,-9.29115e+08,0.000988316,0.000168269,6.94402e-24
0,2.01497e+09,-8.15545e+07,2.62389e+08,-8.47078e+09,-1.39836e+09,7.24806e+08,-1.00783e+09,0.00107129,0.000139503,-1.44852e-22
0,1.75219e+09,-4.17826e+07,2.83639e+08,-6.55153e+09,-9.79544e+08,-6.23269e+07,-1.00164e+09,0.000969402,0.000156924,-6.19768e-23
0,1.92952e+09,-4.32743e+07,2.96459e+08,-8.22403e+09,-1.57301e+09,2.21551e+08,-7.34657e+08,0.000967484,0.000148648,-7.28645e-23
0,1.74774e+09,-6.13302e+07,2.70842e+08,-9.60622e+09,-2.10341e+09,1.61757e+08,-8.42076e+08,0.00100798,0.000156204,-2.82917e-22
0,1.7039e+09,-7.06152e+07,2.85481e+08,-9.18829e+09,9.4504e+08,1.101e+08,-1.09262e+09,0.000959613,0.000160779,-1.86041e-22
0,1.79656e+09,-2.52697e+07,2.99636e+08,-1.0161e+10,-2.20772e+09,-3.40521e+08,-6.10132e+08,0.00101066,0.00016856,-1.60921e-22
0,1.72283e+09,8.18936e+06,2.33106e+08,3.53742e+09,-1.27116e+09,-1.0446e+08,-2.06834e+08,0.000942003,0.000127457,6.0608e-24
0,1.93708e+09,-3.45825e+07,3.22226e+08,-7.16278e+09,1.68933e+08,-4.97667e+08,-6.79166e+08,0.000920788,0.00015317,-2.51088e-23
0,1.72752e+09,1.80826e+07,2.8307e+08,-1.60305e+09,-4.50983e+08,-5.85033e+08,-9.79026e+08,0.00101378,0.000166118,1.09706e-25
0,1.99124e+09,-3.27436e+07,3.22676e+08,-7.06105e+09,-2.01192e+08,-4.69637e+08,-5.34137e+08,0.000915075,0.000148286,-1.38563e-23
0,1.4245e+09,4.8979e+07,2.84009e+08,1.70685e+09,9.35114e+08,-6.9498e+08,-1.27833e+09,0.000945848,0.000188578,8.53705e-25
0,1.68757e+09,-4.94472e+06,3.0968e+08,8.20286e+08,-1.80928e+08,-1.27524e+08,-9.36609e+08,0.000972423,0.000178446,-4.03204e-26
0,1.69844e+09,-1.74099e+06,2.85384e+08,1.68188e+09,-2.0151e+09,2.05872e+07,-1.15853e+09,0.00106123,0.000178316,2.097e-23
0,1.33951e+09,-2.53936e+07,2.69958e+08,-5.62936e+08,-1.36531e+09,4.22486e+07,-1.35427e+09,0.00102943,0.000207466,-5.07762e-24
0,1.68433e+09,-3.33094e+07,3.00664e+08,-3.18518e+09,1.48389e+07,-4.80842e+08,-9.23591e+08,0.000938738,0.000167571,-5.45549e-24
0,1.52962e+09,-4.34943e+07,2.74737e+08,-4.28652e+09,-1.51401e+09,-4.34827e+07,-7.2655e+08,0.0010903,0.00019583,-7.65571e-23
0,1.72677e+09,-6.89806e+07,2.64795e+08,-7.40281e+09,-4.37578e+08,4.06072e+08,-9.08111e+08,0.000987076,0.000151365,-9.51879e-23
0,1.61499e+09,1.13928e+07,2.92995e+08,2.82773e+09,-8.75086e+08,-9.33558e+07,-8.20853e+08,0.000934252,0.000169495,7.04513e-24
0,1.6068e+09,-5.09711e+07,2.81686e+08,-5.08744e+09,-2.08556e+07,-9.85258e+07,-8.38701e+08,0.000950923,0.000166705,-3.11158e-23
0,1.97379e+09,1.32718e+07,3.03865e+08,7.02761e+09,-1.7806e+09,-5.52367e+07,-4.26218e+08,0.000933903,0.000143774,2.54308e-23
0,1.51633e+09,1.44341e+06,2.80027e+08,1.7394e+09,1.74119e+08,-5.0363e+08,-1.55866e+09,0.00103637,0.00019139,1.68268e-25
0,1.68806e+09,-8.83618e+07,2.77502e+08,-8.03206e+09,1.49213e+08,1.23344e+08,-7.17502e+08,0.000941538,0.00015478,-7.89133e-23
0,1.56077e+09,-2.53856e+07,2.76815e+08,1.17931e+09,-9.71035e+08,-1.16801e+08,-1.34046e+09,0.00101516,0.000180047,2.09302e-24
0,1.84299e+09,-2.79892e+07,3.18454e+08,-3.46626e+09,2.88313e+08,-6.40193e+08,-5.39031e+08,0.000906203,0.000156584,-3.32581e-24
0,1.89952e+09,-2.51173e+07,2.89632e+08,1.58541e+08,-1.99007e+09,3.72243e+08,-9.74482e+08,0.00106341,0.000162145,5.04428e-24
0,1.74948e+09,-2.09581e+07,2.83371e+08,-2.95252e+09,-1.82075e+09,-1.74613e+08,-7.3128e+08,0.00110465,0.000178925,-2.86893e-23
0,1.90525e+09,-3.67846e+07,3.12056e+08,-2.15779e+09,-2.36782e+08,-3.60297e+08,-8.5511e+08,0.000996254,0.000163174,-8.58993e-25
0,1.92816e+09,-6.27012e+06,3.28745e+08,-2.44297e+09,4.65424e+08,-6.66675e+08,-2.60216e+08,0.000911407,0.000155392,-1.09785e-24
0,1.63912e+09,-5.99782e+07,2.78369e+08,-5.94172e+08,-5.86247e+08,-9.3519e+06,-7.62903e+08,0.00109049,0.000185196,-3.26789e-25
0,1.63329e+09,-9.09456e+06,2.85113e+08,1.08181e+10,-1.06477e+09,-2.18937e+08,-8.56106e+08,0.00105605,0.000184347,5.46666e-22
0,2.25443e+09,4.42867e+06,3.35341e+08,-2.14051e+09,-3.71025e+08,-3.91366e+08,-2.94041e+08,0.000944965,0.000140561,-1.98559e-26
0,1.71417e+09,-2.97455e+07,2.77736e+08,5.02629e+09,-1.07946e+09,-4.73909e+08,-9.46041e+08,0.00107962,0.000174922,6.6455e-23
0,1.67352e+09,-7.58517e+07,2.91434e+08,-1.47022e+09,5.9735e+07,-2.30046e+08,-6.39301e+08,0.000999525,0.000174062,-4.85646e-25
0,1.86478e+09,7.73856e+07,2.25988e+08,2.86869e+09,1.71967e+09,8.534e+08,5.70592e+08,0.00115561,0.000140045,-5.28239e-24
0,1.74667e+09,-1.22188e+07,3.05757e+08,7.29002e+09,2.42331e+07,-9.5344e+08,-6.83681e+07,0.000969641,0.000169736,4.73702e-24
0,1.96194e+09,3.78346e+07,2.76949e+08,7.71468e+09,1.55758e+09,3.72159e+08,5.24074e+08,0.00104882,0.000148051,-3.83013e-23
0,1.85313e+09,-6.83406e+07,2.61e+08,3.56046e+09,-1.5645e+09,2.53082e+08,-1.19787e+09,0.00112891,0.000158999,3.2709e-23
0,1.61444e+09,-4.19593e+07,2.69895e+08,1.03245e+10,-9.43662e+08,-2.76797e+08,-1.08186e+09,0.00121648,0.000203367,1.26126e-21
0,1.77065e+09,-8.89696e+07,2.55354e+08,1.13266e+09,-1.20201e+08,6.52605e+08,-7.32067e+08,0.00103019,0.000148569,-3.6967e-25
0,1.94947e+09,-2.93956e+07,3.05293e+08,4.583e+09,-5.26319e+08,-3.43077e+08,-9.63706e+08,0.00106472,0.000166738,1.95788e-23
0,1.77116e+09,-2.41254e+07,2.95014e+08,8.02335e+09,-4.09713e+08,-6.79992e+08,-8.11817e+08,0.0011344,0.000188951,1.96024e-22
0,1.96305e+09,-4.2739e+07,2.86709e+08,-3.29279e+08,-5.50385e+08,-1.34878e+08,-8.72401e+08,0.00105414,0.000153961,-1.01138e-25
0,1.95424e+09,-2.71261e+07,3.18049e+08,2.54709e+09,4.01028e+08,-7.79257e+08,-3.33049e+08,0.000966978,0.000157374,1.58318e-25
0,2.03172e+09,-3.7256e+07,3.09716e+08,-3.69028e+09,-6.09323e+08,-3.82453e+08,-8.29783e+08,0.00101744,0.000155099,-4.16825e-24
0,1.95101e+09,2.07753e+07,3.10247e+08,-3.26095e+09,-3.61474e+08,-4.92275e+08,2.63446e+07,0.000996442,0.000158453,1.11623e-24
0,1.91114e+09,-2.97449e+07,2.94137e+08,5.7603e+09,-4.87792e+08,-4.69391e+08,-1.21448e+09,0.00114167,0.000175711,7.33374e-23
0,1.99856e+09,-1.89943e+07,3.02117e+08,6.94847e+09,-8.5519e+08,-4.23376e+08,-6.86977e+08,0.00110724,0.000167379,6.02492e-23
0,2.08856e+09,-3.90921e+06,3.30552e+08,1.42451e+09,6.26225e+07,-5.09206e+08,-1.9985e+08,0.000927222,0.000146749,2.22094e-26
0,1.88441e+09,-1.84696e+07,3.05864e+08,1.08056e+10,4.09737e+08,-8.72291e+08,-1.3726e+08,0.00100742,0.000163517,1.10898e-23
0,1.97239e+09,-8.12131e+07,2.85242e+08,-2.685e+09,1.99348e+08,5.33067e+08,-9.3073e+08,0.00106793,0.000154441,-2.4108e-24
0,1.86282e+09,-3.57537e+07,2.82501e+08,1.26715e+10,-7.75207e+08,-4.57412e+08,-8.54615e+08,0.00117514,0.000178212,7.6387e-22
0,1.78178e+09,-4.07484e+07,2.87515e+08,-3.17426e+09,-4.32827e+08,-7.16239e+08,-5.77046e+08,0.00110252,0.000177907,-1.09542e-24
0,1.89775e+09,3.84126e+06,2.86541e+08,1.47052e+10,-1.64541e+09,-7.11825e+08,-7.87354e+08,0.00123374,0.000186283,1.5662e-21
0,1.87419e+09,-1.87587e+07,2.68234e+08,1.34079e+10,-1.72546e+09,-6.58644e+08,-8.11052e+08,0.00132344,0.000189412,1.89705e-21
0,1.91235e+09,-3.34506e+07,2.9405e+08,6.11131e+09,-4.17362e+08,-7.72616e+08,-7.86115e+08,0.00117628,0.00018087,6.97871e-23
0,1.77442e+09,7.9494e+07,2.31815e+08,-1.06955e+07,3.81742e+08,3.35915e+08,9.83994e+08,0.00134599,0.000175844,-6.13034e-25
0,2.06015e+09,-1.36549e+07,3.21403e+08,2.51502e+09,1.80034e+08,-7.81608e+08,-1.65446e+08,0.00097864,0.000152677,7.34122e-26
0,1.98641e+09,-7.61547e+07,2.9478e+08,-2.70872e+09,1.1405e+09,3.32542e+07,-7.41357e+08,0.001104,0.000163833,-2.67834e-24
0,1.96505e+09,-5.69293e+07,3.01066e+08,5.36214e+09,1.71083e+09,-5.48962e+07,-3.69969e+08,0.00100342,0.000153735,1.81077e-24
0,2.20714e+09,-2.41063e+06,3.33081e+08,-5.01102e+09,-4.4283e+08,-6.46582e+08,-2.39768e+08,0.000925198,0.000139622,-1.52555e-25
0,1.87489e+09,8.6171e+07,2.81274e+08,-3.24226e+09,-1.20108e+09,4.78934e+07,5.64363e+08,0.00107308,0.000160985,3.34905e-24
0,2.05768e+09,-2.87528e+07,3.13865e+08,1.66992e+08,-1.66601e+08,-6.66055e+08,-6.51314e+08,0.00107617,0.000164153,1.0621e-26
0,2.09038e+09,-1.28095e+07,3.23354e+08,3.73372e+09,-1.47509e+08,-5.3639e+08,-3.58625e+08,0.00103871,0.000160675,2.41458e-24
0,1.82173e+09,-5.1468e+07,2.88166e+08,-2.51867e+09,1.00412e+09,-7.81446e+08,-5.8364e+08,0.00108742,0.000172011,-9.13669e-24
0,2.03035e+09,-7.27584e+07,2.96936e+08,-5.50632e+09,4.42116e+08,1.52218e+08,-7.95181e+08,0.00106121,0.000155201,-1.95885e-23
0,2.01581e+09,-4.20824e+07,2.98072e+08,-3.37171e+08,-3.69508e+08,-5.83565e+08,-1.03871e+09,0.00114556,0.00016939,4.66548e-26
0,2.23262e+09,-2.52157e+07,2.93256e+08,4.9343e+09,-1.10819e+09,4.58118e+08,-1.6673e+08,0.00100246,0.000131673,-4.30146e-25
0,2.05946e+09,-5.75129e+07,3.10269e+08,-2.67517e+09,8.25611e+08,-1.79669e+08,-6.87351e+08,0.000989171,0.000149024,-1.68422e-24
0,2.13335e+09,-5.58135e+06,3.31091e+08,1.97869e+09,1.23784e+08,-5.41842e+08,-1.41616e+08,0.000925829,0.000143686,2.95404e-26
0,2.06118e+09,-3.53829e+07,3.09209e+08,4.63814e+09,1.33208e+09,-2.85526e+08,-2.13796e+08,0.00101051,0.000151592,-1.78809e-24
0,2.11462e+09,-8.40331e+06,3.22442e+08,1.67148e+09,1.93223e+08,-7.13325e+08,-8.60951e+07,0.000978522,0.000149207,-1.18013e-26
0,2.04394e+09,-2.4529e+07,2.84601e+08,3.36537e+09,-1.69817e+09,-7.69061e+08,-7.90971e+08,0.00126738,0.000176472,3.02873e-23
0,1.99033e+09,-3.18811e+07,2.70495e+08,6.60284e+08,-1.48362e+09,-7.97665e+08,-6.94802e+08,0.00135382,0.00018399,-5.60931e-24
0,2.07788e+09,-3.47268e+07,3.04663e+08,-4.67787e+09,-4.37997e+08,-7.38218e+08,-8.21278e+08,0.00113692,0.000166698,-9.92904e-24
0,2.18373e+09,6.61188e+07,2.96296e+08,-1.63275e+09,-2.71827e+09,2.54809e+08,-1.86566e+08,0.00103434,0.000140342,-5.67414e-24
0,2.20744e+09,5.0263e+07,2.98247e+08,-5.3003e+09,-3.03525e+09,3.38798e+08,-2.7361e+08,0.00103235,0.000139481,-3.74783e-23
0,2.32658e+09,-1.51885e+06,3.23428e+08,-3.19279e+09,-2.14762e+07,-1.03045e+07,-3.25114e+07,0.000966689,0.000134384,-5.20808e-26
0,2.20437e+09,2.44658e+07,3.1217e+08,-6.58529e+09,-1.17344e+07,-1.69738e+08,3.16876e+08,0.000990099,0.000140212,6.60796e-24
0,2.32241e+09,-227491,3.23101e+08,-4.00464e+09,1.99891e+08,8.04526e+06,4.07434e+07,0.000963548,0.000134052,1.36539e-25
