0,2.10834e+09,228319,2.56553e+08,3.32246e+10,6.67133e+08,-2.30057e+07,5.9436e+07,0.00135294,0.000164633,-9.8062e-22
0,2.11504e+09,-5.0474e+06,2.56442e+08,2.99125e+10,-8.72013e+07,-6.4798e+07,1.15753e+07,0.00137144,0.000166284,-1.35112e-22
0,1.54319e+09,7.52387e+07,2.35673e+08,-2.39163e+10,9.54831e+07,-2.59823e+08,-6.66735e+08,0.00121833,0.000186061,-1.12309e-20
0,1.81187e+09,6.07233e+06,2.7315e+08,-3.24529e+10,-3.28137e+08,-4.2159e+07,-4.49123e+07,0.00108233,0.000163167,-4.54532e-22
0,1.30649e+09,6.57064e+07,2.30191e+08,-1.63434e+10,-7.59915e+08,-3.8773e+08,-7.32972e+08,0.00104877,0.000184783,-3.96981e-21
0,1.05657e+09,4.09915e+07,2.29988e+08,2.85184e+09,-1.80653e+08,-5.57263e+08,-8.23957e+08,0.000838729,0.00018257,2.16379e-23
0,1.77467e+09,5.69427e+07,2.70226e+08,7.3367e+09,-5.03538e+08,-3.76052e+08,-1.15849e+09,0.00111339,0.000169533,1.85411e-22
0,2.28405e+09,2.46321e+07,3.26443e+08,6.17999e+09,-1.01597e+09,-3.68966e+07,-3.95442e+08,0.000940071,0.000134358,5.5507e-24
0,2.24685e+09,-7.08945e+06,2.9312e+08,5.50234e+08,-1.58377e+09,1.75496e+08,-3.36208e+08,0.000968154,0.000126303,4.99863e-25
0,2.12175e+09,-2.4041e+06,2.89174e+08,8.91718e+09,-2.39908e+09,1.21056e+08,-2.51066e+08,0.00107054,0.000145905,5.20118e-23
0,2.17906e+09,-4.83193e+06,3.14637e+08,-8.59126e+09,-4.60323e+08,-3.63789e+08,-4.11584e+08,0.000954571,0.000137832,-1.43881e-23
0,2.25833e+09,-1.2405e+07,3.22515e+08,3.88954e+09,-1.5376e+09,-1.39644e+08,-1.60453e+08,0.000925576,0.000132183,2.2803e-24
0,2.31458e+09,1.46285e+07,3.23291e+08,4.15723e+09,-1.31949e+09,-1.49136e+08,-3.8754e+08,0.000954341,0.000133298,2.99238e-24
0,2.0031e+09,6.48817e+07,3.15384e+08,1.28781e+10,4.67911e+08,4.20633e+08,-7.86266e+08,0.00094315,0.000148497,1.64388e-22
0,2.16895e+09,7.1915e+07,3.06877e+08,8.76482e+09,3.14003e+08,-6.78155e+08,-4.94788e+08,0.000918359,0.000129935,1.55358e-23
0,1.77239e+09,-8.07541e+07,2.98558e+08,-1.14934e+10,-7.20969e+07,5.729e+08,-2.87154e+08,0.000963992,0.000162383,-8.51727e-23
0,2.21896e+09,3.26965e+07,3.30295e+08,8.56815e+09,-2.87829e+08,1.78908e+08,-4.51098e+08,0.000938218,0.000139655,1.47146e-23
0,2.04783e+09,3.60216e+07,3.02605e+08,1.50007e+10,1.39478e+09,7.20034e+08,-3.0528e+08,0.00105712,0.00015621,2.50592e-22
0,2.14052e+09,-9.18312e+06,2.8739e+08,-8.9297e+08,-1.73738e+09,3.1527e+08,-3.33987e+08,0.00110796,0.000148757,-8.47332e-25
0,2.16506e+09,4.83348e+07,3.21845e+08,8.39508e+09,-2.70157e+08,8.3001e+07,-7.58813e+08,0.000952498,0.000141593,2.91455e-23
0,2.10019e+09,3.73451e+07,3.19311e+08,1.33574e+10,-9.62414e+08,5.73639e+08,-7.10707e+08,0.00100979,0.000153527,1.45205e-22
0,1.99013e+09,-6.37167e+07,3.11661e+08,9.46314e+09,-5.46952e+08,2.40214e+08,4.74519e+08,0.000885889,0.000138733,-3.06465e-23
0,2.1663e+09,3.8634e+07,3.27216e+08,7.79961e+09,-3.80099e+08,3.07888e+08,-7.16326e+08,0.000962337,0.00014536,2.18677e-23
0,2.29595e+09,6.93019e+06,3.35595e+08,1.5288e+09,-6.856e+08,2.5645e+07,-1.85904e+08,0.000895756,0.000130931,7.06011e-26
0,2.13261e+09,6.85474e+07,3.07373e+08,1.12203e+10,-4.94491e+08,-1.88703e+08,-8.50351e+08,0.000995944,0.000143545,1.09874e-22
0,2.25853e+09,2.54613e+07,3.28395e+08,6.29499e+09,-8.63919e+08,6.15877e+07,-4.91395e+08,0.000956333,0.000139053,7.11541e-24
0,2.11471e+09,4.78346e+07,2.97203e+08,1.11516e+10,1.09024e+09,4.79761e+08,-4.0498e+08,0.00111244,0.000156343,1.21888e-22
0,2.31028e+09,4.91291e+06,3.34744e+08,2.20195e+09,-7.05447e+08,-1.3888e+08,-1.82465e+08,0.000890796,0.00012907,1.73096e-25
0,2.1681e+09,3.42861e+07,3.32197e+08,6.35815e+09,3.99782e+07,3.31695e+08,-5.60096e+08,0.000920428,0.000141028,7.91063e-24
0,2.14878e+09,2.32938e+07,3.18576e+08,1.39691e+10,-2.27257e+08,3.17446e+08,-3.95999e+08,0.000986057,0.000146192,8.41624e-23
0,2.04703e+09,-5.17057e+06,3.13126e+08,1.02632e+10,-2.49178e+09,4.41999e+08,-5.61997e+08,0.00104275,0.000159505,9.32141e-23
0,2.19357e+09,-5.44185e+07,3.11067e+08,8.92291e+09,4.8935e+08,-2.04185e+08,5.4776e+08,0.000941892,0.000133568,-2.42381e-23
0,2.20523e+09,2.37726e+07,3.27598e+08,1.09615e+10,5.42678e+08,1.35261e+08,-1.14512e+08,0.0009369,0.000139182,9.71249e-24
0,2.15769e+09,3.39055e+07,3.26159e+08,4.16675e+09,-3.05909e+08,2.06648e+08,-6.21982e+08,0.000956096,0.000144524,2.81199e-24
0,2.10895e+09,5.37999e+07,3.24354e+08,9.07858e+09,2.73147e+08,3.01604e+08,-7.79527e+08,0.000943599,0.000145125,4.30283e-23
0,2.22886e+09,1.70321e+07,3.16882e+08,1.08265e+10,-6.93542e+08,1.78928e+08,-4.27322e+08,0.00102254,0.000145376,4.14793e-23
0,2.10007e+09,7.4466e+07,3.08421e+08,1.01987e+10,3.83138e+08,-2.7599e+08,-7.51836e+08,0.000945389,0.000138842,5.63905e-23
0,2.13702e+09,7.07477e+07,3.08911e+08,1.24318e+10,-1.15875e+08,-2.57959e+08,-6.99785e+08,0.000954625,0.000137993,9.62073e-23
0,2.1922e+09,5.78948e+07,3.09631e+08,7.85679e+09,-4.50818e+08,-4.75987e+08,-6.06589e+08,0.000961667,0.000135828,2.13152e-23
0,2.08986e+09,5.41276e+07,3.25594e+08,8.57809e+09,8.12395e+08,2.29745e+08,-5.62488e+08,0.000910805,0.000141901,2.49369e-23
0,2.12015e+09,4.39055e+07,3.31611e+08,6.058e+09,7.56373e+08,3.16978e+08,-5.48508e+08,0.000898386,0.000140516,8.17308e-24
0,2.18713e+09,3.26494e+07,3.1465e+08,-6.36337e+08,9.39954e+08,6.7023e+08,7.86618e+07,0.000943327,0.000135711,-4.59326e-26
0,2.15976e+09,5.65405e+07,3.10984e+08,9.34557e+09,-7.72686e+08,-8.95964e+07,-8.58462e+08,0.000978764,0.000140932,5.61841e-23
0,2.12915e+09,4.85756e+07,3.27632e+08,7.92521e+09,3.12172e+08,2.99997e+08,-7.26132e+08,0.000936978,0.000144182,2.48884e-23
0,2.14957e+09,4.73916e+07,3.17712e+08,8.7631e+09,-6.12023e+08,1.96998e+08,-7.66922e+08,0.000966082,0.000142789,3.62732e-23
0,1.91411e+09,4.11957e+07,2.8079e+08,2.38137e+09,-1.63495e+09,-3.66217e+07,-6.92273e+08,0.00111103,0.000162983,1.12277e-23
0,2.16644e+09,1.01528e+07,3.43531e+08,7.56893e+09,2.24605e+07,7.62942e+08,-1.86069e+08,0.000906914,0.000143809,4.19503e-24
0,2.12982e+09,4.43253e+07,3.14099e+08,8.4378e+09,-7.84811e+08,2.71538e+08,-7.00357e+08,0.000967416,0.000142671,3.00463e-23
0,2.104e+09,5.33211e+07,3.20891e+08,1.04254e+10,-8.94597e+07,2.8426e+08,-7.10601e+08,0.000955879,0.000145786,6.12475e-23
0,2.20756e+09,2.77829e+07,3.34154e+08,5.60416e+09,-1.6471e+07,2.32857e+08,-4.30357e+08,0.000903473,0.000136757,3.42198e-24
0,1.96059e+09,-2.34114e+07,3.02568e+08,6.94634e+09,-2.34585e+09,6.6169e+08,-7.21668e+08,0.00108564,0.000167542,5.59435e-23
0,2.13842e+09,4.1004e+07,3.25632e+08,8.33041e+09,-1.95665e+08,3.60018e+08,-6.90252e+08,0.000939709,0.000143096,2.48419e-23
0,2.13373e+09,4.40639e+07,3.30937e+08,7.3393e+09,4.79901e+08,3.28745e+08,-6.1547e+08,0.0009188,0.000142504,1.59548e-23
0,2.15609e+09,1.65078e+07,3.26754e+08,1.2535e+09,-9.3229e+08,1.77353e+08,-8.42358e+08,0.00100516,0.000152331,5.4015e-25
0,2.14246e+09,4.34268e+07,3.22501e+08,9.16621e+09,-5.27932e+08,3.34616e+08,-6.69836e+08,0.000951331,0.000143202,3.25736e-23
0,2.01638e+09,7.17656e+07,3.1632e+08,1.00897e+10,1.18604e+09,9.33579e+07,-7.07645e+08,0.000939405,0.000147369,6.61892e-23
0,2.29794e+09,1.21042e+07,3.39624e+08,1.4167e+09,1.40822e+08,-8.5167e+07,-1.49225e+08,0.000894287,0.000132171,1.27135e-26
0,2.17002e+09,1.3162e+07,3.42994e+08,7.4658e+09,-3.41669e+07,7.27768e+08,-2.83045e+08,0.000922984,0.000145887,6.07181e-24
0,2.13926e+09,2.4625e+07,3.23164e+08,3.90315e+08,-4.79072e+08,-1.38902e+08,-8.70989e+08,0.000995765,0.000150423,-2.20654e-26
0,2.17134e+09,2.05574e+07,3.15005e+08,2.21465e+09,-2.05458e+09,7.01354e+07,-8.96343e+08,0.00107581,0.000156071,8.73867e-24
0,2.1771e+09,7.57394e+06,3.13609e+08,1.00692e+10,-2.36941e+09,4.46213e+07,-6.28261e+08,0.00100309,0.000144494,8.17018e-23
0,2.32461e+09,6.4174e+06,3.2531e+08,1.53696e+09,-1.37182e+09,-5.26938e+07,-2.80217e+08,0.000928322,0.000129911,4.56348e-25
0,2.06821e+09,4.2639e+07,3.2763e+08,5.03701e+09,6.6295e+08,1.88059e+08,-7.12394e+08,0.000962729,0.000152508,8.81505e-24
0,2.18798e+09,2.25429e+07,3.12707e+08,1.118e+10,-1.72516e+09,2.11492e+07,-7.12726e+08,0.00100967,0.000144302,9.74951e-23
0,1.92021e+09,-1.17541e+07,2.98262e+08,1.46364e+10,6.43364e+08,-6.21547e+07,8.25184e+07,0.000939203,0.000145885,-3.28561e-23
0,2.19491e+09,1.0892e+07,3.31544e+08,5.30034e+09,-1.00509e+09,4.61506e+08,-5.04789e+08,0.00101314,0.000153035,4.06672e-24
0,2.16846e+09,3.69092e+07,3.31589e+08,8.69682e+08,1.08369e+09,-1.45115e+08,-3.18684e+08,0.000882969,0.000135018,-4.66919e-26
0,1.93853e+09,-2.36643e+07,2.3239e+08,1.47535e+10,-2.13272e+08,-1.1678e+09,-4.15181e+08,0.001101,0.000131988,3.42117e-22
0,1.91803e+09,5.77923e+07,2.83742e+08,-8.75026e+09,-1.34192e+09,4.17298e+08,-7.94539e+08,0.00112773,0.00016683,-2.00473e-22
0,2.09371e+09,3.93903e+07,3.24125e+08,5.09062e+09,-2.95216e+08,2.86792e+08,-9.47356e+08,0.00100167,0.000155068,1.14274e-23
0,2.16091e+09,3.74178e+07,3.03634e+08,5.0249e+09,-1.76757e+09,1.91938e+07,-8.90384e+08,0.00101527,0.000142658,1.87716e-23
0,2.13623e+09,-1.30294e+07,3.40584e+08,5.48522e+09,-1.77329e+08,6.58925e+08,2.48297e+08,0.000921267,0.00014688,-3.11927e-24
0,2.16877e+09,8.25067e+06,3.43214e+08,6.47668e+09,-1.36292e+08,6.9807e+08,-2.3925e+08,0.000947751,0.000149984,3.05668e-24
0,1.96748e+09,2.63319e+06,3.13958e+08,7.40029e+09,-1.32826e+08,5.71097e+08,-7.71243e+07,0.000943028,0.000150482,1.64737e-24
0,2.11077e+09,3.44698e+07,3.10383e+08,4.6618e+09,-1.28582e+09,9.41537e+07,-9.93436e+08,0.00103029,0.000151501,1.46754e-23
0,2.15199e+09,8.7768e+06,3.15131e+08,-1.37884e+09,-1.01017e+09,-3.6765e+08,-7.51165e+08,0.000997328,0.000146046,-5.95321e-25
0,2.0861e+09,3.88807e+07,3.26191e+08,5.64352e+09,-1.15576e+08,2.87605e+08,-8.92851e+08,0.00100166,0.000156624,1.55163e-23
0,2.16269e+09,2.83028e+06,3.12153e+08,2.22847e+09,-1.8653e+09,3.59848e+08,-7.45405e+08,0.00102394,0.000147791,5.05404e-24
0,2.10037e+09,5.01214e+07,3.20308e+08,7.78446e+09,4.16858e+07,-1.25725e+06,-7.48922e+08,0.000975581,0.000148777,3.02699e-23
0,2.14889e+09,4.11585e+06,3.21275e+08,-1.92979e+09,-1.38281e+09,1.47688e+08,-9.34618e+08,0.00101757,0.000152134,-2.30822e-24
0,2.04624e+09,6.99156e+07,3.19084e+08,2.61326e+09,2.21575e+09,-4.66025e+08,-4.61999e+08,0.000883276,0.000137735,-2.19008e-24
0,1.99246e+09,-5.13453e+07,2.96374e+08,-1.85331e+09,-7.10032e+07,1.92383e+08,-8.79418e+08,0.00112921,0.000167967,-9.98923e-25
0,2.17244e+09,-2.33992e+07,2.77061e+08,1.38478e+09,1.06362e+09,-4.80187e+08,4.8544e+08,0.0010328,0.000131718,-3.85081e-25
0,2.17161e+09,-5.23747e+06,2.65541e+08,-5.30822e+09,1.39201e+08,-1.83438e+08,2.27605e+08,0.00110305,0.000134879,4.28115e-24
0,2.10849e+09,3.24171e+07,3.17623e+08,7.23064e+09,-1.26333e+09,3.79055e+08,-9.14409e+08,0.00103683,0.000156189,3.69923e-23
0,1.83006e+09,3.46186e+07,2.93331e+08,3.13672e+09,-4.66628e+08,4.69797e+08,-6.01888e+08,0.0010739,0.000172129,2.94577e-24
0,2.05728e+09,5.08926e+07,3.19319e+08,5.37528e+08,-1.23901e+09,9.15381e+08,-2.88941e+06,0.000922051,0.000143116,7.90669e-27
0,2.14912e+09,2.5863e+07,3.33256e+08,4.54316e+09,-3.5372e+08,3.55005e+08,-6.73385e+08,0.000969055,0.000150268,3.98518e-24
0,1.98597e+09,-452177,3.05801e+08,-5.51172e+09,-1.15479e+09,-1.20911e+08,-1.17892e+09,0.00104021,0.000160172,-3.4698e-23
0,1.79042e+09,3.38792e+07,2.88163e+08,-9.26426e+09,-2.106e+09,3.44673e+08,-8.04221e+08,0.00106817,0.000171919,-3.20188e-22
0,1.64125e+09,2.33918e+07,2.70522e+08,1.00274e+09,-1.11914e+09,-2.34427e+08,-8.14263e+08,0.00112134,0.000184828,2.12446e-24
0,2.0956e+09,3.05089e+07,3.17822e+08,5.58539e+09,-9.92909e+08,4.61175e+08,-9.44749e+08,0.00101487,0.000153917,1.46867e-23
0,2.15345e+09,3.95479e+07,2.88088e+08,-1.48992e+09,-1.12421e+08,1.99276e+08,-3.9373e+07,0.00101468,0.000135744,-2.23552e-26
0,1.96947e+09,-2.65646e+06,3.18788e+08,-3.71795e+09,3.74628e+08,-3.59179e+08,-1.04387e+09,0.000974671,0.000157765,-6.60119e-24
0,1.98644e+09,9.91805e+06,3.22224e+08,3.54238e+08,-9.19934e+08,5.48511e+08,-2.72094e+08,0.00106072,0.000172061,2.6773e-25
0,2.03714e+09,4.41818e+07,3.11875e+08,3.74549e+09,4.31527e+08,-1.19869e+08,-9.97565e+08,0.000994258,0.000152216,5.32134e-24
0,2.01327e+09,-2.60072e+07,3.04427e+08,-1.59281e+09,-1.56096e+09,-5.77474e+07,-9.01862e+08,0.0010068,0.000152238,-3.25034e-24
0,2.22884e+09,-4.30356e+07,3.10602e+08,-4.17601e+09,-1.57241e+09,-2.87817e+08,-5.45188e+08,0.00104651,0.000145837,-6.10005e-24
0,2.09478e+09,-2.48339e+07,3.27649e+08,-5.79699e+09,-3.79065e+08,-6.12058e+08,-7.56119e+08,0.000954474,0.000149292,-8.98291e-24
0,1.94485e+09,3.3902e+07,3.10421e+08,2.42954e+09,5.28591e+08,-3.22666e+08,-1.10756e+09,0.000983314,0.000156949,1.48736e-24
0,2.0882e+09,2.33602e+07,3.30021e+08,4.72706e+09,-1.63137e+08,4.7613e+08,-7.4439e+08,0.000954419,0.000150837,5.45136e-24
0,2.09824e+09,-2.08366e+06,3.1373e+08,-3.09275e+09,-1.60566e+09,1.33953e+08,-9.06317e+08,0.00106688,0.000159521,-9.95467e-24
0,2.15186e+09,-4.3039e+06,3.22907e+08,2.18103e+09,4.00504e+08,-1.25015e+08,-3.93889e+08,0.00091223,0.000136888,1.86901e-25
0,2.20949e+09,-2.51032e+07,3.15645e+08,-7.14282e+09,-1.42562e+09,-4.86852e+07,-7.25405e+08,0.00103277,0.00014754,-2.8986e-23
0,2.20604e+09,-1.17824e+07,3.22228e+08,1.98731e+09,2.50789e+08,2.23464e+07,-4.01622e+08,0.000901157,0.000131629,1.44579e-25
0,2.10029e+09,1.57695e+07,3.01246e+08,2.94157e+09,-1.55521e+09,7.72905e+07,-1.07358e+09,0.0010284,0.000147504,7.64187e-24
0,1.76558e+09,-2.15634e+07,2.9181e+08,1.14434e+10,2.65578e+08,6.09527e+08,8.06434e+07,0.00101122,0.000167131,-1.23035e-23
0,2.05213e+09,1.84527e+07,2.49243e+08,6.75471e+08,-1.25448e+09,-5.99912e+08,-8.2249e+08,0.00116382,0.000141353,-1.12728e-24
0,2.17156e+09,-5.76582e+07,3.06997e+08,-8.14591e+09,-6.96975e+08,-2.73083e+08,-5.59611e+08,0.00102885,0.00014545,-2.60309e-23
0,1.99655e+09,7.60035e+06,3.103e+08,-9.43176e+08,-5.18898e+08,-2.78858e+08,-1.31439e+09,0.00102585,0.000159436,-9.8915e-26
0,1.99658e+09,-1.4245e+07,3.08786e+08,-5.31827e+09,-1.10161e+09,2.33555e+08,-1.05425e+09,0.00104538,0.000161675,-3.18663e-23
0,1.96725e+09,9.04868e+07,2.87078e+08,9.79359e+09,1.4587e+09,-3.6472e+08,-8.87617e+08,0.000965957,0.000140961,7.72789e-23
0,2.30285e+09,1.56953e+07,3.35782e+08,-2.10771e+09,-2.97964e+08,1.62796e+08,-7.8484e+06,0.000882012,0.000128607,-2.3903e-26
0,2.13032e+09,-3.73567e+07,3.11872e+08,-9.55425e+09,-6.70685e+08,3.27067e+07,-7.82788e+08,0.00101201,0.000148154,-6.77198e-23
0,1.86727e+09,3.52421e+06,3.13507e+08,2.25205e+09,-3.85802e+07,-2.60271e+08,-4.59308e+08,0.00108987,0.000182986,1.34149e-24
0,1.79368e+09,-2.57872e+07,2.92062e+08,1.43443e+09,2.00545e+09,-3.37121e+08,-8.45708e+08,0.00111128,0.000180947,-2.53278e-24
0,2.0296e+09,1.39218e+07,3.10888e+08,2.98096e+09,-9.39059e+08,-1.45742e+08,-1.10523e+09,0.00102447,0.000156925,5.28038e-24
0,1.96409e+09,-1.64365e+07,3.08241e+08,-6.05149e+08,-7.45575e+08,9.4557e+07,-1.16474e+09,0.00103987,0.000163196,-4.08229e-26
0,2.02925e+09,-6.04618e+07,3.1002e+08,-1.02308e+10,6.04198e+08,-1.12104e+08,-5.65506e+08,0.000989018,0.000151098,-6.89776e-23
0,2.13053e+09,-4.30415e+07,3.16921e+08,-5.37684e+09,4.48585e+06,-8.07848e+07,-6.24569e+08,0.00093585,0.00013921,-6.26274e-24
0,1.95544e+09,-3.10383e+07,3.12438e+08,-6.13739e+09,-5.88351e+08,1.40067e+08,-1.0015e+09,0.00103214,0.000164913,-3.9684e-23
0,1.97532e+09,-8.45588e+06,3.02372e+08,-1.1924e+09,-8.42341e+08,1.2333e+08,-1.33026e+09,0.0010516,0.000160974,-5.24765e-25
0,1.82317e+09,2.7969e+07,3.01583e+08,-1.65512e+09,7.17692e+08,-4.4406e+08,-1.30799e+09,0.000993725,0.000164379,-1.2928e-24
0,1.84661e+09,-4.30034e+07,3.08375e+08,-4.96109e+09,1.73656e+09,3.33372e+07,-1.23525e+09,0.000965647,0.000161258,-2.20174e-23
0,2.01845e+09,-6.37634e+07,3.10755e+08,-5.04818e+09,6.4606e+08,2.26183e+08,-7.80505e+08,0.00098286,0.000151319,-9.79515e-24
0,1.95073e+09,-2.86729e+07,3.20248e+08,-4.24196e+09,5.02851e+08,-2.80647e+08,-1.02068e+09,0.000958076,0.000157285,-9.49687e-24
0,2.16078e+09,-1.87913e+07,3.36956e+08,-7.11912e+09,-1.04979e+08,-5.77321e+08,-4.45967e+08,0.000925191,0.000144276,-8.42411e-24
0,1.99718e+09,-3.90219e+07,3.12537e+08,-1.0461e+10,4.56565e+08,-117933,-8.31599e+08,0.000975742,0.000152693,-1.05712e-22
0,1.9432e+09,5.62645e+06,3.20626e+08,-6.01819e+08,-1.82837e+08,-3.68236e+08,-1.19746e+09,0.00100386,0.000165635,1.34032e-25
0,1.90683e+09,3.10539e+07,3.03017e+08,3.77752e+09,7.63034e+08,-4.29705e+08,-1.21301e+09,0.00101109,0.000160674,8.40348e-24
0,2.09392e+09,-1.17252e+07,3.27603e+08,-1.40112e+09,-1.08053e+07,-5.1787e+08,-6.96464e+08,0.000957923,0.000149871,-3.2917e-26
0,2.03539e+09,-505293,3.26203e+08,1.06213e+08,-4.65173e+08,-5.51925e+07,-9.93963e+08,0.000986765,0.000158144,-1.90265e-26
0,2.05088e+09,2.50559e+07,3.05081e+08,4.02544e+09,-7.5571e+08,-3.30211e+08,-1.06263e+09,0.00102977,0.000153184,1.04312e-23
0,2.14563e+09,-2.78819e+07,2.98395e+08,5.61641e+09,4.60086e+08,1.36082e+08,3.96692e+08,0.000937863,0.00013043,-4.22739e-24
0,2.29149e+09,2.04277e+07,3.3381e+08,-5.14367e+09,1.3272e+08,6.45368e+07,1.63524e+08,0.00091098,0.000132706,9.11587e-25
0,1.97808e+09,-2.19174e+07,3.08496e+08,-2.82114e+09,-1.592e+08,2.40908e+08,-1.24049e+09,0.00101907,0.000158932,-3.29852e-24
0,1.83942e+09,1.12715e+07,2.81425e+08,-1.01941e+09,7.79181e+08,3.24281e+07,-1.31814e+09,0.00101069,0.000154632,-9.78906e-26
0,1.73663e+09,-6.58261e+07,3.10561e+08,2.04755e+09,2.82193e+08,3.22921e+08,-5.29987e+08,0.000960833,0.000171826,1.15224e-24
0,1.99075e+09,-2.30238e+07,3.09605e+08,-2.51324e+09,-8.37065e+08,3.15259e+08,-1.01955e+09,0.0010326,0.000160592,-3.34197e-24
0,2.26992e+09,3.30828e+07,3.08066e+08,7.98328e+09,3.35781e+08,-1.41397e+08,-1.80785e+08,0.0010203,0.000138472,6.09e-24
0,1.95667e+09,-3.56845e+07,3.07083e+08,5.60895e+09,-1.51393e+09,3.94747e+08,-7.40507e+08,0.0009832,0.000154305,1.77258e-23
0,2.31022e+09,1.16544e+07,3.38325e+08,-1.97203e+09,-1.65726e+08,9.84014e+07,8.81554e+06,0.000879162,0.000128751,-3.82918e-27
0,2.29135e+09,2.42697e+07,3.29494e+08,-2.33899e+09,1.038e+08,3.03784e+08,1.05784e+08,0.000909004,0.000130714,6.63916e-26
0,1.83145e+09,-4.51152e+06,2.82923e+08,4.52628e+08,1.24233e+09,1.66098e+08,-1.33951e+09,0.00101491,0.000156784,5.78093e-26
0,2.01234e+09,6.18025e+07,2.97352e+08,9.96794e+09,-5.47869e+08,-4.9353e+08,-7.65992e+08,0.000985958,0.000145689,9.3778e-23
0,2.07798e+09,-3.55979e+07,3.22154e+08,-5.83156e+09,-2.94962e+08,-9.78871e+07,-7.48366e+08,0.00103923,0.000161114,-1.80619e-23
0,2.22956e+09,-7.913e+06,3.26565e+08,-2.33822e+09,-6.63975e+08,-1.82733e+08,2.07991e+08,0.000897181,0.000131411,1.72976e-25
0,2.02108e+09,-3.53483e+07,3.12221e+08,-4.05326e+09,-6.84429e+08,4.03227e+08,-8.89706e+08,0.00103831,0.0001604,-1.02197e-23
0,1.91955e+09,3.34889e+06,3.10783e+08,-1.71348e+09,5.73948e+08,-3.77666e+08,-1.2565e+09,0.000983772,0.000159277,-8.32432e-25
0,1.90228e+09,-4.53636e+07,3.06142e+08,-3.41395e+09,1.02355e+09,4.37946e+08,-1.13296e+09,0.00097336,0.000156647,-4.35228e-24
0,1.82733e+09,-1.51133e+07,3.06072e+08,-8.49582e+08,9.52446e+08,4.00055e+08,-1.36316e+09,0.00102156,0.000171107,1.13789e-26
0,1.97964e+09,-3.4471e+06,3.2956e+08,-7.33066e+08,-4.36624e+08,-5.38561e+07,-9.55979e+08,0.00100404,0.000167148,-4.64091e-26
0,1.78388e+09,-5.69913e+06,2.53736e+08,-2.95316e+09,2.89494e+08,-2.31799e+08,-1.22171e+09,0.00104981,0.000149323,-7.93351e-24
0,2.04928e+09,5.93506e+07,2.94703e+08,8.9159e+09,-1.05858e+09,-5.412e+07,-8.26158e+08,0.00100449,0.000144454,7.23544e-23
0,1.93786e+09,-3.75471e+07,3.1939e+08,-6.06997e+09,4.75516e+08,2.78208e+07,-9.0263e+08,0.000998933,0.00016464,-2.88793e-23
0,1.83623e+09,2.03551e+07,2.66951e+08,-2.01662e+09,-2.08472e+09,5.48612e+08,5.65258e+08,0.000956062,0.000138992,-2.71276e-24
0,2.02251e+09,1.30153e+07,3.24162e+08,-5.96412e+08,1.38609e+08,-2.19249e+08,-9.84308e+08,0.000965838,0.000154802,4.36357e-26
0,2.28463e+09,1.92284e+07,3.33196e+08,-4.85832e+09,-1.56715e+08,6.65041e+07,8.10331e+07,0.000916914,0.000133725,3.56461e-25
0,1.87535e+09,1.10371e+07,3.10351e+08,8.56144e+08,5.56261e+08,-1.40032e+08,-1.32656e+09,0.00100701,0.000166649,-7.98747e-26
0,2.25466e+09,3.13887e+07,3.29317e+08,-5.28277e+09,-6.31035e+08,2.04069e+08,8.98288e+07,0.000901871,0.000131728,5.08928e-26
0,1.99213e+09,-6.06031e+06,3.18847e+08,-1.45349e+08,7.4604e+08,-6.28326e+07,-9.81586e+08,0.000942752,0.000150891,1.97656e-27
0,2.11127e+09,-8.28381e+06,3.30602e+08,-5.31503e+09,-3.03921e+08,-2.91786e+08,-5.79364e+08,0.000934447,0.000146324,-5.3085e-24
0,2.10998e+09,5.04241e+06,3.0773e+08,-1.33328e+09,-1.5626e+09,-6.01558e+08,-9.85233e+08,0.00105295,0.000153567,-3.3115e-24
0,2.09936e+09,-4.93321e+06,2.97852e+08,-3.43356e+09,1.12784e+09,2.72586e+08,-4.56989e+08,0.000906199,0.000128569,-3.10232e-25
0,1.97226e+09,-2.69171e+07,3.2116e+08,-1.91816e+09,8.27492e+08,-2.3765e+07,-1.01304e+09,0.000984684,0.000160344,-8.92244e-25
0,2.12868e+09,-3.35193e+07,3.06356e+08,-5.94602e+09,-1.43878e+09,-2.34057e+08,-9.30886e+08,0.00101956,0.000146734,-2.2872e-23
0,1.8427e+09,-4.71225e+06,2.88996e+08,3.02325e+09,1.47605e+09,4.3594e+08,-1.2807e+09,0.00102128,0.000160171,1.16109e-23
0,2.00791e+09,5.93716e+07,2.88829e+08,7.98562e+09,-9.24011e+08,6.59613e+07,-9.56095e+08,0.00103158,0.000148389,7.1694e-23
0,2.04983e+09,-1.05188e+06,3.00756e+08,-1.43172e+09,-9.62864e+08,1.54366e+08,-1.22874e+09,0.0010364,0.000152063,-9.07708e-25
0,2.02887e+09,-4.54022e+07,3.09207e+08,-5.25875e+09,2.26258e+08,4.88944e+08,-9.65804e+08,0.00100128,0.000152599,-1.47067e-23
0,2.11369e+09,-2.19405e+07,2.9732e+08,-5.11493e+09,-2.16676e+09,1.2044e+08,-9.48658e+08,0.00105283,0.000148096,-3.76167e-23
0,1.99836e+09,1.2279e+07,3.25332e+08,3.84872e+08,6.2794e+08,-1.82234e+08,-8.95883e+08,0.000979841,0.000159518,-2.41921e-27
0,1.97415e+09,-1.40979e+07,3.11008e+08,3.80479e+09,6.73669e+08,1.97687e+07,-7.16802e+08,0.00103322,0.000162774,6.29078e-24
0,2.03382e+09,-2.8264e+06,3.41966e+08,-6.91137e+08,2.65805e+07,-7.41645e+07,-4.65007e+08,0.00097167,0.000163376,-8.09641e-27
0,1.99863e+09,-1.30225e+07,3.13943e+08,5.37635e+09,1.1115e+09,-5.81073e+07,-4.87271e+08,0.00106167,0.000166766,1.09312e-23
0,1.90589e+09,-974252,2.75447e+08,-1.83062e+09,1.68065e+09,9.89095e+07,-1.11346e+09,0.000972299,0.00014052,-3.87402e-25
0,2.20459e+09,1.36064e+07,3.29445e+08,5.06329e+09,-4.11597e+08,7.61271e+07,-6.41754e+08,0.000946776,0.000141482,4.78495e-24
0,2.04414e+09,5.92351e+06,3.39648e+08,-2.92673e+09,-4.05651e+08,-2.75759e+08,1.96081e+08,0.000914212,0.000151903,5.77882e-25
0,2.04903e+09,-4.30899e+07,3.01941e+08,-7.99777e+09,-1.55989e+09,1.42467e+08,-9.34783e+08,0.00103404,0.000152374,-8.1629e-23
0,2.08205e+09,-1.49007e+07,3.21522e+08,-2.14476e+09,-6.52208e+08,-8.66671e+07,-9.93084e+08,0.00104986,0.000162125,-1.45659e-24
0,1.92087e+09,2.11423e+07,3.26678e+08,-5.6558e+08,1.22557e+09,4.25559e+07,1.12774e+08,0.000919197,0.000156326,2.15949e-25
0,2.3013e+09,1.19989e+07,3.29808e+08,3.11675e+09,-1.11326e+09,2.54628e+07,-3.65193e+08,0.000935771,0.000134109,1.02637e-24
0,1.95917e+09,-4.72793e+06,3.26458e+08,-3.48839e+09,1.82815e+08,-2.80376e+08,-9.17506e+08,0.000967934,0.000161288,-4.45509e-24
0,1.98794e+09,1.32192e+07,3.18074e+08,4.00545e+09,3.14736e+08,1.59751e+07,-7.2779e+08,0.000929402,0.000148706,4.11703e-24
0,1.92534e+09,1.49632e+07,3.09838e+08,1.16404e+09,5.77428e+08,-2.31038e+08,-1.27156e+09,0.00101356,0.000163107,4.5844e-26
0,1.88897e+09,-1.02411e+07,2.99791e+08,-1.45572e+10,-4.95708e+08,-1.59089e+08,-4.93661e+08,0.00096798,0.000153624,-2.08958e-22
0,2.06364e+09,-2.7113e+07,3.20831e+08,-4.95307e+09,-7.69629e+08,-4.53756e+08,-1.066e+09,0.00103089,0.00016027,-1.3299e-23
0,2.1125e+09,8.64504e+06,3.29868e+08,-4.12776e+08,-2.17349e+08,-7.14386e+07,-7.51638e+08,0.000972835,0.000151909,3.51736e-27
0,2.17266e+09,4.4056e+07,3.03292e+08,-5.01848e+09,-1.0033e+09,4.30519e+08,2.51476e+08,0.000936456,0.000130724,-1.08682e-25
0,1.9523e+09,9.41053e+07,2.75131e+08,6.94749e+09,3.39616e+07,2.6301e+08,-6.4365e+08,0.00103244,0.000145498,3.54766e-23
0,2.12274e+09,-3.56781e+07,3.13045e+08,-9.13517e+09,-1.25571e+09,-5.06953e+08,-7.50083e+08,0.000995798,0.000146852,-4.19108e-23
0,2.03375e+09,-8.2472e+06,3.35332e+08,2.40471e+09,-1.95668e+08,1.40207e+08,-2.22622e+08,0.000977615,0.000161193,2.68486e-25
0,2.01375e+09,-3.70894e+07,3.14761e+08,-8.48835e+09,-2.67174e+08,1.25952e+07,-7.70721e+08,0.000964139,0.0001507,-4.72888e-23
0,1.99041e+09,3.38059e+07,3.13349e+08,5.10676e+09,1.16339e+08,3.4953e+08,-7.6509e+08,0.000930572,0.000146499,9.09876e-24
0,2.297e+09,-1.0036e+07,3.13241e+08,4.95177e+09,-2.66877e+07,-2.40853e+08,-9.5023e+07,0.000949324,0.000129459,5.73124e-25
0,2.03369e+09,-6.2261e+06,3.22882e+08,-1.26915e+09,-8.85768e+08,-3.33601e+08,-1.02098e+09,0.00103081,0.000163658,-8.01303e-25
0,1.95043e+09,1.21082e+07,3.19886e+08,4.22322e+08,5.47275e+08,-2.36717e+08,-1.02713e+09,0.000974241,0.000159783,-1.22541e-26
0,1.79503e+09,5.1879e+07,2.90513e+08,4.19997e+09,5.29034e+08,-5.1133e+08,-1.50344e+09,0.00105839,0.000171292,2.46136e-23
0,2.12707e+09,-4.175e+06,3.34372e+08,-1.75314e+09,-5.69736e+08,-3.05569e+08,-6.37074e+08,0.000963643,0.000151483,-2.22395e-25
0,1.94282e+09,-4.04981e+06,3.19726e+08,1.5773e+09,-3.581e+08,692661,-7.91465e+08,0.000943303,0.000155237,3.18191e-25
0,1.82261e+09,-3.40708e+07,2.66651e+08,-1.02087e+10,-1.40742e+09,2.57127e+08,-7.02462e+07,0.000959771,0.000140416,-3.90216e-23
0,2.06152e+09,1.81273e+06,3.14377e+08,1.0262e+09,7.35335e+08,-1.6342e+08,-5.71595e+08,0.0010715,0.000163402,3.95776e-26
0,2.05288e+09,-3.60871e+07,3.25643e+08,-6.43498e+09,-2.399e+08,-6.04049e+08,-9.26464e+08,0.00100305,0.000159111,-2.39582e-23
0,1.98444e+09,-1.86111e+07,3.2546e+08,-2.77594e+09,1.62431e+08,-3.04024e+08,-1.01368e+09,0.000965752,0.000158389,-2.12402e-24
0,1.85381e+09,5.10066e+07,2.66254e+08,3.27106e+09,-1.07577e+09,-2.30941e+08,-1.42053e+09,0.00112207,0.000161158,2.14981e-23
0,1.89023e+09,3.3133e+06,2.66851e+08,6.14764e+08,-4.15061e+08,4.33055e+08,-1.25681e+09,0.00108156,0.000152688,-4.04364e-26
0,1.8849e+09,-1.33316e+07,3.10708e+08,1.22303e+09,9.39009e+08,-2.00191e+07,-9.93791e+08,0.000949763,0.000156559,2.24071e-25
0,1.85001e+09,3.84333e+07,2.83098e+08,4.71973e+09,-5.1795e+07,-4.93339e+08,-1.51776e+09,0.00107646,0.000164725,3.72019e-23
0,1.98428e+09,1.58919e+07,2.93019e+08,7.59789e+07,7.63088e+08,-4.51017e+08,-1.06164e+09,0.000967347,0.000142848,8.29628e-27
0,2.07655e+09,-3.86329e+07,3.26749e+08,-7.35517e+09,-1.06584e+08,-5.43384e+08,-8.57256e+08,0.000989683,0.000155728,-3.14921e-23
0,1.9106e+09,-2.81676e+07,3.08097e+08,7.32184e+08,3.37354e+08,3.95396e+08,-1.15167e+09,0.0010013,0.000161466,-1.15299e-25
0,1.994e+09,-1.95549e+07,3.23852e+08,-1.16837e+10,-8.04324e+08,-7.32526e+08,-5.50015e+08,0.000943498,0.000153236,-5.88097e-23
0,2.17412e+09,8.28283e+06,3.29304e+08,5.69823e+09,-4.82198e+08,-8.07033e+07,-6.08527e+08,0.000953597,0.000144437,7.69327e-24
0,2.14435e+09,-471141,3.41177e+08,-3.36178e+09,-3.61736e+08,-1.49748e+08,-2.76071e+08,0.000960241,0.000152779,-6.55331e-25
0,2.08604e+09,2.06896e+07,3.33553e+08,1.11541e+09,-1.03454e+08,2.34104e+08,-6.99938e+08,0.00097484,0.000155875,3.42894e-26
0,1.92954e+09,1.61953e+07,2.9487e+08,1.60272e+10,1.06713e+09,4.85698e+08,-4.61481e+08,0.00101179,0.000154621,3.65161e-22
0,1.87739e+09,4.85104e+07,3.14955e+08,3.37668e+09,1.08786e+09,-1.0434e+08,-1.07556e+09,0.000979524,0.000164327,5.82205e-24
0,1.95086e+09,3.07614e+07,2.88906e+08,3.8821e+09,-1.14926e+09,-3.91953e+08,-1.411e+09,0.00111389,0.000164958,2.6795e-23
0,1.94309e+09,2.98549e+06,3.1595e+08,2.80467e+09,-3.68838e+08,-2.79391e+08,-8.28825e+08,0.000967121,0.000157255,2.31391e-24
0,1.94848e+09,-2.56691e+06,3.39745e+08,-9.32736e+08,-6.31634e+07,-2.65864e+08,1.46957e+08,0.000946309,0.000165002,1.6741e-26
0,2.08325e+09,-3.99365e+07,3.26297e+08,-8.16348e+09,-7.86146e+07,-4.60105e+08,-8.18932e+08,0.000966709,0.000151415,-3.69043e-23
0,2.01072e+09,-8.37171e+06,3.28609e+08,-1.01321e+09,2.81017e+08,-1.61609e+08,-8.51198e+08,0.00095018,0.000155286,-4.60789e-26
0,2.03281e+09,-2.88916e+06,3.39198e+08,-3.32663e+09,-1.96059e+08,-1.12161e+08,-4.08019e+08,0.000940453,0.000156925,-1.20321e-24
0,2.12082e+09,5.77589e+07,3.19982e+08,9.60228e+09,1.50436e+08,1.49832e+08,-7.85899e+08,0.000944083,0.00014244,4.87667e-23
0,2.13358e+09,-154010,3.26655e+08,-2.35535e+09,-3.35448e+08,2.47395e+08,-5.79676e+08,0.000941082,0.000144082,-5.62233e-25
0,2.11567e+09,-2.71012e+07,3.3221e+08,-8.80878e+09,-3.55835e+08,-3.88174e+08,-6.21261e+08,0.000955363,0.000150015,-2.91553e-23
0,2.06271e+09,3.67008e+07,3.01761e+08,1.72616e+09,-2.32614e+09,5.26861e+08,-1.02552e+09,0.00107915,0.000157873,1.51234e-23
0,1.90068e+09,5.38095e+07,3.04544e+08,4.86458e+09,8.82979e+08,-5.27936e+08,-1.15507e+09,0.00100232,0.0001606,1.65351e-23
0,1.97484e+09,-2.21965e+06,3.41185e+08,9.77638e+08,-1.0112e+08,2.63236e+07,3.85432e+07,0.000950148,0.000164153,-4.43755e-27
0,1.97469e+09,-3.14699e+06,2.92394e+08,3.06371e+08,-1.55425e+09,-4.29509e+08,-1.34659e+09,0.00112609,0.000166741,-2.95645e-24
0,2.14379e+09,-3.16206e+07,2.99642e+08,-5.22488e+09,-2.18057e+09,1.01526e+06,-8.08256e+08,0.00099504,0.000139079,-2.42338e-23
0,1.92904e+09,5.06155e+06,3.38539e+08,-1.3058e+09,3.54598e+08,4.49177e+07,-4.1823e+08,0.000921977,0.000161803,-8.4419e-26
0,2.09745e+09,2.45215e+07,3.18697e+08,3.67452e+09,-8.77904e+08,-4.37171e+07,-6.48217e+08,0.000957935,0.000145553,3.40793e-24
0,2.01513e+09,1.00643e+07,3.07006e+08,1.99798e+09,-6.84256e+08,-1.50702e+08,-1.06684e+09,0.00100177,0.00015262,1.25406e-24
0,1.85885e+09,2.00722e+07,2.60848e+08,4.13317e+09,2.04176e+08,-2.29269e+07,-1.32775e+09,0.00109436,0.000153569,2.38947e-23
0,1.78999e+09,-1.1169e+07,2.49746e+08,-5.61009e+09,-1.07569e+09,-7.16918e+08,4.21738e+08,0.00113573,0.000158461,6.41494e-23
0,2.18442e+09,1.27564e+07,2.91242e+08,-6.75456e+08,-3.153e+08,-3.87365e+07,-2.34633e+07,0.000923595,0.00012314,-2.14762e-27
0,2.07241e+09,1.34717e+07,3.25422e+08,2.27009e+09,-7.00043e+08,4.33026e+08,-7.90048e+08,0.00100804,0.000158289,7.13848e-25
0,1.94882e+09,1.28639e+07,3.08631e+08,-1.05863e+09,-9.04252e+07,-5.57924e+06,-1.27741e+09,0.00101871,0.000161331,1.02319e-25
0,2.16798e+09,-1.82382e+07,3.27579e+08,2.85842e+09,2.8788e+08,2.56592e+08,-5.06843e+08,0.000926688,0.000140022,7.71971e-25
0,2.285e+09,-5.78304e+06,3.26738e+08,-2.9655e+09,-1.52781e+09,-5.52644e+07,-5.54476e+08,0.000971256,0.000138882,-2.51926e-24
0,2.0299e+09,-2.61653e+07,2.91251e+08,-3.04108e+09,-1.70971e+09,-2.40954e+08,-1.2849e+09,0.00111071,0.000159365,-1.79328e-23
0,2.32201e+09,5.90415e+06,3.25306e+08,2.84071e+09,-1.24391e+09,-1.29413e+08,-2.8241e+08,0.000934009,0.000130852,9.87944e-25
0,1.87124e+09,-4.03418e+07,3.06931e+08,7.87324e+09,-1.5794e+08,4.00478e+08,-5.59101e+08,0.000999487,0.000163942,4.46581e-23
0,1.80574e+09,2.36732e+07,2.36901e+08,1.69566e+09,1.59224e+08,-1.0124e+08,-1.37159e+09,0.00113142,0.000148435,9.0948e-25
0,1.85827e+09,-1.1906e+07,2.95135e+08,1.32191e+09,2.84305e+09,2.52887e+08,-9.06872e+08,0.000898539,0.000142708,-3.54969e-24
0,2.07055e+09,703141,3.22507e+08,1.19137e+08,1.07513e+08,-6.1904e+07,-9.08804e+08,0.00095461,0.000148689,-6.03997e-27
0,2.0834e+09,974988,3.22525e+08,6.79583e+08,-8.72688e+08,2.30424e+08,-8.77399e+08,0.00101627,0.000157326,3.66057e-25
0,2.13637e+09,9.41735e+06,2.99415e+08,5.94768e+09,-5.89142e+07,1.69132e+08,-4.35378e+08,0.00113763,0.00015944,1.53809e-23
0,1.98125e+09,2.61732e+07,3.07357e+08,-6.18033e+09,-2.13326e+09,-4.17686e+08,-3.61917e+08,0.00104449,0.000162034,-2.19448e-23
0,2.09733e+09,-3.1745e+07,2.9765e+08,-7.15451e+09,-2.00261e+09,-2.15139e+08,-1.11195e+09,0.00111142,0.000157731,-9.18047e-23
0,1.90548e+09,5.27731e+07,2.92928e+08,-1.06003e+09,-5.7859e+08,-2.90599e+08,-8.64594e+08,0.00104076,0.000159995,-2.97809e-25
0,2.22843e+09,-4.39081e+06,3.31642e+08,8.91014e+08,-6.91158e+08,8.15219e+07,-1.6587e+08,0.00100819,0.000150043,6.63114e-26
0,1.95945e+09,-1.44566e+07,3.12153e+08,6.38362e+09,-6.94844e+08,2.02509e+08,-6.16239e+08,0.00101521,0.00016173,2.25072e-23
0,1.78095e+09,3.48606e+07,2.37092e+08,1.27985e+09,5.19656e+07,-4.71e+08,-1.47662e+09,0.00115541,0.000153816,-8.54262e-25
0,1.9528e+09,-1.37527e+07,3.00836e+08,-5.62303e+09,-1.255e+09,4.06002e+08,-1.2836e+09,0.0010692,0.000164713,-5.92428e-23
0,2.06418e+09,-2.0432e+06,3.28847e+08,1.19348e+09,-1.11211e+08,1.51424e+08,-8.74879e+08,0.000971237,0.000154729,5.62646e-26
0,2.17634e+09,-1.17646e+07,2.9866e+08,1.16225e+10,2.54031e+07,-8.31622e+07,1.81011e+08,0.00104221,0.000143023,-2.8704e-23
0,1.99587e+09,3.87839e+06,3.28096e+08,4.98086e+08,2.06018e+08,5.53755e+07,-9.09771e+08,0.000955053,0.000156998,-2.2539e-26
0,2.03633e+09,571771,3.40685e+08,4.3523e+08,2.79132e+07,4.90867e+07,-5.64568e+08,0.000970283,0.000162332,-3.27632e-27
0,2.07795e+09,3.23922e+06,3.10416e+08,1.33773e+09,-1.0092e+09,-5.68722e+06,-9.12086e+08,0.000992439,0.000148256,7.56791e-25
0,1.98568e+09,8.32863e+06,3.04062e+08,2.31017e+09,8.24152e+08,1.08798e+08,2.10881e+08,0.00112285,0.00017194,-1.12255e-24
0,2.13683e+09,1.24965e+07,3.10746e+08,1.37165e+10,-1.32189e+08,2.98499e+08,-2.47873e+08,0.00100043,0.000145485,5.53856e-23
0,2.17318e+09,-2.81466e+07,3.31566e+08,-6.92144e+09,-2.92658e+08,-4.63646e+08,-5.63295e+08,0.000988057,0.00015075,-1.26175e-23
0,2.1778e+09,-1.21977e+07,3.31012e+08,-1.56648e+09,-9.48113e+08,1.90851e+08,-8.34867e+07,0.00100269,0.000152402,-3.12752e-25
0,2.08943e+09,2.68272e+07,3.20562e+08,2.97174e+09,-7.70158e+08,2.98794e+08,-1.0189e+09,0.00101354,0.000155499,2.75667e-24
0,1.80113e+09,-9.91144e+06,2.63669e+08,-4.95583e+08,-3.11513e+08,1.39123e+08,-1.48655e+09,0.00109999,0.000161028,5.57752e-25
0,1.91287e+09,6.10063e+07,2.96293e+08,8.83182e+09,2.0916e+09,-2.93223e+08,-8.63254e+08,0.000946859,0.000146663,4.68511e-23
0,2.11853e+09,-4.6869e+06,3.09751e+08,-8.12685e+08,-1.65698e+09,-4.99202e+08,-8.95651e+08,0.00105208,0.000153825,-2.95018e-24
0,2.02442e+09,-6.75342e+07,2.98667e+08,-1.26008e+10,-6.03179e+08,-1.63069e+08,-1.05639e+09,0.00105129,0.000155099,-3.12783e-22
0,1.93227e+09,-2.0876e+07,3.12983e+08,5.50567e+09,-3.7079e+08,2.08746e+08,-5.53372e+08,0.00103066,0.000166944,1.47568e-23
0,1.98954e+09,1.64152e+07,3.13274e+08,5.87438e+09,2.54913e+08,-1.46488e+08,-1.03222e+09,0.000973034,0.000153215,2.23614e-23
0,2.05949e+09,-2.60183e+07,3.24718e+08,1.83398e+09,9.96102e+08,3.40994e+08,-6.61997e+08,0.000911913,0.000143781,5.29049e-25
0,1.96696e+09,3.6374e+07,3.17381e+08,7.05331e+09,7.85806e+08,1.35073e+08,-9.41539e+08,0.000945494,0.000152561,3.55211e-23
0,2.09207e+09,-2.491e+07,3.33887e+08,-7.98551e+09,1.26406e+08,-4.78227e+08,-4.72983e+08,0.000960647,0.000153316,-2.04495e-23
0,2.08431e+09,3.2768e+07,3.22343e+08,7.45186e+09,-3.94755e+08,3.80726e+08,-7.52873e+08,0.000965843,0.00014937,2.41276e-23
0,2.25935e+09,-2.38968e+06,3.30185e+08,-2.59492e+09,-8.03137e+08,-7.93895e+06,-4.87172e+08,0.000936016,0.000136791,-6.46775e-25
0,2.01626e+09,-1.54869e+07,3.03364e+08,5.83587e+09,9.84639e+08,1.08487e+08,-6.35153e+08,0.00109192,0.000164288,2.52534e-23
0,2.00574e+09,-2.78158e+07,3.20726e+08,-8.69814e+08,1.75789e+08,2.04031e+08,-9.62746e+08,0.000997363,0.000159483,1.7477e-26
0,2.01836e+09,1.01613e+07,3.35127e+08,-1.22069e+09,1.9624e+08,1.29318e+08,-3.93976e+08,0.000996441,0.000165448,-6.67418e-26
0,2.00516e+09,3.15657e+06,3.20431e+08,8.54659e+07,-9.99862e+08,2.46768e+08,-7.20373e+08,0.00100689,0.000160905,3.06484e-25
0,2.11524e+09,-2.49107e+07,2.89939e+08,-3.84622e+09,1.03239e+09,4.07962e+08,-3.22206e+08,0.000906067,0.000124196,6.7616e-26
0,2.03919e+09,430121,3.42404e+08,5.15034e+08,-9.45165e+06,6.36777e+07,-4.23438e+08,0.000973084,0.000163392,1.55074e-27
0,1.77546e+09,-3.33725e+07,2.41253e+08,-1.69523e+09,-3.82388e+08,4.0496e+08,-1.47007e+09,0.0011262,0.00015303,-4.95909e-25
0,2.0139e+09,1.78311e+07,3.11242e+08,-2.56052e+09,4.98469e+08,4.92738e+07,-8.77956e+08,0.000966339,0.000149345,-1.38143e-24
0,2.02514e+09,-1.62765e+07,3.22158e+08,-7.11999e+09,-9.5907e+08,-6.40189e+08,-2.86143e+08,0.00097045,0.000154378,-1.06894e-24
0,1.88331e+09,4.32282e+07,3.07843e+08,4.95788e+09,9.41971e+08,-2.66202e+08,-1.20061e+09,0.00101682,0.000166208,2.34102e-23
0,1.92768e+09,1.55301e+07,3.07867e+08,1.32439e+10,1.72244e+09,4.00775e+08,-4.11316e+08,0.000936112,0.000149505,1.34707e-22
0,2.0253e+09,6.8899e+07,3.12403e+08,8.80885e+09,8.13159e+08,1.0785e+07,-8.92986e+08,0.000984532,0.000151864,6.64834e-23
0,2.03316e+09,-2.36565e+07,3.13896e+08,4.20987e+09,-3.49125e+07,-3.48952e+07,-4.73274e+08,0.00106327,0.000164157,5.46517e-24
0,2.12838e+09,-5.9103e+06,3.31719e+08,-2.57483e+09,-1.41856e+08,-1.43859e+08,-6.66182e+08,0.00094409,0.000147142,-7.01039e-25
0,2.02695e+09,-1.98317e+07,3.13423e+08,-3.64541e+09,-7.85339e+08,4.33368e+08,-1.02088e+09,0.00101701,0.000157258,-7.79289e-24
0,2.2176e+09,2.76355e+07,3.02191e+08,-5.61263e+09,-1.46425e+08,1.042e+08,1.80774e+06,0.00101022,0.000137662,-8.65734e-26
0,1.85257e+09,2.81275e+06,2.79102e+08,-1.33014e+08,-3.03248e+08,7.78188e+07,-1.40408e+09,0.00111262,0.000167624,1.60705e-25
0,2.02802e+09,8.76033e+06,3.3097e+08,1.67214e+09,4.07996e+07,1.5883e+08,-8.47228e+08,0.00097181,0.000158598,2.92041e-25
0,1.81931e+09,-6.04626e+07,2.98911e+08,-3.44771e+09,2.05801e+09,6.63895e+08,-1.37457e+09,0.000981895,0.000161324,-2.23064e-24
0,2.05547e+09,-2.08011e+07,3.04104e+08,-7.09139e+09,-7.19497e+08,-1.06108e+08,-9.81249e+08,0.00100359,0.00014848,-3.86107e-23
0,1.9853e+09,-1.28713e+07,3.36355e+08,4.86209e+09,8.30288e+08,1.47003e+08,-4.73988e+08,0.000905874,0.000153476,4.91723e-24
0,2.17189e+09,1.22871e+07,2.73725e+08,-1.45084e+09,1.26935e+09,1.577e+08,4.14285e+08,0.00103925,0.000130977,9.29362e-25
0,2.02295e+09,-2.09144e+07,3.2322e+08,-6.97014e+09,-2.79288e+08,-9.6325e+07,-3.15602e+08,0.000961709,0.000153658,-1.0044e-23
0,2.08392e+09,-1.70917e+07,3.1406e+08,-5.07333e+09,-1.49945e+09,-4.32062e+08,-7.53145e+08,0.00102341,0.000154235,-1.19806e-23
0,1.91035e+09,4.64694e+07,3.09446e+08,5.56447e+09,5.16973e+08,-4.20444e+08,-1.11155e+09,0.00103869,0.000168252,3.17722e-23
0,1.99749e+09,-2.29721e+07,3.16641e+08,5.55966e+08,-3.25244e+08,1.74113e+08,-7.97152e+08,0.000966628,0.000153229,1.15722e-26
0,2.19163e+09,1.93957e+06,3.12722e+08,-4.34025e+08,8.98499e+08,3.976e+07,-2.28242e+08,0.000884143,0.000126158,1.47532e-26
0,2.13278e+09,-2.16069e+07,3.17884e+08,1.04803e+09,6.20151e+07,-5.28809e+07,-3.33349e+08,0.00107498,0.000160223,4.37957e-26
0,1.97436e+09,2.55591e+07,3.02463e+08,6.17349e+09,1.25055e+08,1.59986e+08,-1.20369e+09,0.000991314,0.000151865,3.50397e-23
0,1.79933e+09,1.01366e+07,2.75782e+08,-9.70312e+08,-5.01275e+08,-2.29636e+07,-1.53559e+09,0.00110285,0.000169033,2.20121e-25
0,2.03395e+09,433996,3.4077e+08,4.78783e+08,-2.53734e+07,7.33752e+07,-5.6168e+08,0.000975392,0.000163418,-2.76199e-27
0,2.12986e+09,1.02028e+07,3.38965e+08,2.32934e+09,-1.07093e+08,2.55971e+08,-4.65273e+08,0.000942757,0.000150039,3.35586e-25
0,2.10306e+09,3.61636e+07,3.32235e+08,7.84782e+09,3.47498e+08,4.48688e+08,-6.34119e+08,0.000926499,0.000146365,2.22148e-23
0,2.13492e+09,2.88945e+07,3.3211e+08,-4.33739e+09,-1.45624e+09,-4.22973e+07,4.585e+07,0.000857601,0.000133409,-7.78508e-25
0,2.07492e+09,4.00953e+07,3.08191e+08,4.95843e+09,-7.98753e+08,-1.19048e+08,-9.79246e+08,0.00104537,0.00015527,1.7482e-23
0,1.71796e+09,-2.5519e+06,2.78018e+08,-5.30394e+07,2.42003e+08,1.04986e+08,-1.62588e+09,0.00109298,0.000176877,2.80984e-26
0,1.9271e+09,-1.4708e+07,3.19371e+08,-8.75414e+08,3.41375e+08,-1.73536e+07,-1.2132e+09,0.00100067,0.000165838,6.7642e-26
0,2.32715e+09,9.52312e+06,3.303e+08,2.23386e+09,-1.16281e+09,-7.55869e+07,-2.88582e+08,0.000922672,0.000130958,5.27674e-25
0,2.09099e+09,5.69482e+06,3.17048e+08,-4.33635e+08,-8.88173e+08,3.08414e+08,-9.74049e+08,0.00101177,0.00015341,1.71284e-25
0,2.01668e+09,-3.46117e+07,2.94556e+08,-5.37489e+09,5.62695e+08,2.77821e+08,-9.708e+08,0.00096304,0.000140661,-1.3469e-23
0,2.17775e+09,2.83399e+07,3.26699e+08,6.24862e+09,-3.28855e+08,1.73664e+08,-6.91872e+08,0.000943142,0.000141487,9.82928e-24
0,2.12352e+09,-3.31176e+07,3.29986e+08,-6.79415e+09,-2.63354e+08,-4.38098e+08,-7.63504e+08,0.000972175,0.000151072,-1.74486e-23
0,2.04583e+09,1.08044e+07,3.0792e+08,2.78064e+09,-1.17896e+09,-5.14319e+08,-1.07985e+09,0.00106875,0.000160859,6.11981e-24
0,1.99922e+09,-2.69425e+07,3.15956e+08,-2.84276e+08,9.49204e+08,-1.87495e+08,-7.09136e+08,0.000954406,0.000150834,-3.07679e-27
0,1.9175e+09,7.48577e+07,2.72728e+08,5.64766e+09,-2.63316e+08,-9.34832e+08,-1.13518e+09,0.00104101,0.000148064,3.73095e-23
0,2.07971e+09,-3.54519e+07,3.08184e+08,-1.62827e+09,-1.28844e+09,1.10786e+08,-8.41199e+08,0.00100186,0.000148462,-1.60278e-24
0,2.03205e+09,-221988,3.42414e+08,4.52652e+08,-2.3809e+07,6.09067e+07,-4.21817e+08,0.000977819,0.000164769,2.97877e-28
0,2.01924e+09,3.2855e+07,3.08155e+08,3.20772e+09,-7.85561e+08,-8.23216e+07,-1.02828e+09,0.00105741,0.00016137,6.43608e-24
0,2.0325e+09,5.89455e+07,2.84564e+08,-1.34528e+09,5.58812e+08,6.22491e+08,5.36323e+08,0.00109753,0.000153662,1.75803e-25
0,2.08848e+09,-2.5077e+06,3.37333e+08,-3.06565e+09,2.51977e+08,-1.57309e+08,-4.87372e+08,0.000922393,0.000148985,-1.00742e-24
0,1.94009e+09,-5.30415e+07,3.06538e+08,-7.21407e+07,-2.69322e+08,3.51062e+08,-9.54596e+08,0.000974069,0.000153905,4.98054e-26
0,1.95334e+09,-5.95619e+07,3.03135e+08,-2.44996e+09,-8.5767e+08,-9.83515e+07,-8.01329e+08,0.00098132,0.000152289,-2.16858e-24
0,1.86597e+09,-5.63375e+07,2.55555e+08,-3.05392e+09,-6.40741e+08,5.38306e+08,-1.36469e+09,0.00112572,0.000154173,-1.1839e-23
0,1.89057e+09,8.34675e+06,2.95533e+08,-9.17215e+09,-2.72921e+09,-4.24369e+08,-5.2001e+08,0.000966379,0.000151063,-8.2843e-23
0,1.84128e+09,-2.09574e+07,2.86983e+08,1.10778e+10,-5.63484e+08,1.77318e+08,-6.71965e+08,0.000952848,0.000148512,1.31077e-22
0,1.82426e+09,-9.21252e+06,2.80772e+08,5.63517e+08,4.77739e+08,-8.5583e+07,1.5033e+09,0.00113878,0.000175269,5.35599e-25
0,1.85609e+09,4.56243e+07,3.13296e+08,2.20276e+09,1.43984e+09,-5.16836e+08,-1.19968e+09,0.000992303,0.000167494,7.51366e-25
0,2.02237e+09,1.60389e+07,3.15729e+08,8.73794e+09,7.91661e+08,3.40138e+08,-9.59224e+08,0.000954332,0.000148989,6.57876e-23
0,2.05022e+09,2.70795e+07,3.10474e+08,2.04215e+09,-1.05532e+09,2.21254e+08,-1.19127e+09,0.00105483,0.000159738,2.76657e-24
0,2.12113e+09,-1.99778e+07,3.37362e+08,-7.85057e+09,1.69202e+07,-4.38035e+08,-4.94896e+08,0.000938704,0.000149299,-1.61402e-23
0,2.32094e+09,1.1796e+07,3.32936e+08,1.39652e+09,-5.49406e+07,-3.39151e+06,-9.96454e+07,0.000893038,0.000128105,9.20312e-27
0,2.03967e+09,-1.50496e+07,3.26866e+08,2.37322e+09,4.07502e+08,-2.20147e+08,-5.73251e+08,0.00099623,0.000159651,6.83361e-25
0,1.95189e+09,-6.18713e+06,3.16237e+08,-1.19178e+09,7.05517e+08,-6.83633e+07,-1.18239e+09,0.000965602,0.000156442,-1.74802e-25
0,2.09445e+09,6.31448e+06,3.40212e+08,3.96514e+09,-5.12666e+07,2.3367e+08,-2.32495e+08,0.000933156,0.000151577,9.5959e-25
0,2.17653e+09,-8.23174e+06,3.37503e+08,-1.61049e+09,-3.79347e+08,-2.53616e+08,-5.20789e+08,0.000953332,0.000147828,-9.91728e-26
0,2.09727e+09,4.53081e+07,3.24603e+08,8.90023e+09,-6.47309e+07,4.47259e+08,-8.65196e+08,0.000979181,0.000151552,5.25344e-23
0,1.96179e+09,-5.39598e+07,2.81033e+08,-6.73943e+09,-1.2525e+09,4.90503e+07,-1.28569e+09,0.00112403,0.000161022,-1.12012e-22
0,2.19617e+09,-1.70515e+07,3.204e+08,-3.19599e+09,-6.91937e+08,-2.04427e+08,-6.32769e+08,0.000945593,0.000137953,-1.21003e-24
0,1.96972e+09,-1.4381e+07,3.23485e+08,-2.55594e+09,3.00519e+08,-1.899e+08,-1.06973e+09,0.000984928,0.000161753,-2.02748e-24
0,1.79255e+09,-9.82733e+06,2.61236e+08,4.40799e+06,-2.25837e+08,2.08942e+08,-1.53814e+09,0.00109766,0.000159967,1.34376e-25
0,1.97603e+09,-2.9264e+07,3.18381e+08,-2.53742e+09,3.71845e+08,2.01922e+08,-1.0175e+09,0.000987824,0.00015916,-1.66416e-24
0,2.07331e+09,5.50799e+07,3.18624e+08,8.35769e+09,1.93628e+08,-5.77356e+07,-8.56378e+08,0.00101226,0.000155562,5.47076e-23
0,1.95996e+09,-3.20757e+07,3.29829e+08,-6.44036e+09,1.34592e+08,-3.19467e+08,-5.58396e+08,0.000905415,0.000152366,-1.28703e-23
0,1.83724e+09,6.00804e+06,2.73573e+08,-8.04438e+09,-1.16077e+09,-2.69135e+08,-1.60563e+08,0.000921079,0.000137152,-6.39849e-24
0,2.08103e+09,-4.61937e+07,3.04942e+08,-9.72985e+09,-1.12292e+09,-1.84461e+08,-1.01965e+09,0.00102667,0.000150443,-1.09276e-22
0,1.75569e+09,-5.42298e+06,2.65132e+08,3.85933e+08,4.90694e+08,3.41832e+08,-1.62733e+09,0.00109389,0.000165192,-7.2895e-25
0,1.88901e+09,-1.50706e+07,2.98752e+08,-6.69134e+08,-1.23744e+08,1.80031e+08,-1.31264e+09,0.00102847,0.000162655,2.42872e-25
0,2.25916e+09,3.40393e+07,3.21051e+08,7.45495e+09,-8.85652e+07,-2.32849e+08,-3.44526e+08,0.000931862,0.000132428,6.94058e-24
0,1.52979e+09,-5.81297e+07,2.56185e+08,1.50965e+10,-7.00087e+08,-2.22632e+08,-2.42775e+08,0.000967156,0.000161964,3.85134e-22
0,2.12377e+09,2.88145e+07,3.30376e+08,4.8724e+09,-4.84439e+08,2.06766e+07,-5.87019e+08,0.000940032,0.000146232,4.71276e-24
0,2.09951e+09,479908,3.21404e+08,4.34626e+09,6.14328e+07,1.43706e+08,-7.9223e+08,0.000936511,0.000143366,4.46572e-24
0,2.09163e+09,2.10932e+07,3.28417e+08,1.94819e+09,-3.78572e+08,1.19998e+08,-8.36654e+08,0.000997714,0.000156656,5.43557e-25
0,2.03478e+09,1.9886e+07,3.3216e+08,-1.02048e+08,7.93327e+08,-2.33174e+08,-6.08643e+08,0.00090416,0.000147596,-7.53638e-28
0,1.88025e+09,2.97367e+06,2.50479e+08,2.50249e+09,-9.64415e+08,1.91974e+08,-1.37406e+09,0.00112203,0.000149472,8.39403e-24
0,1.91128e+09,-4.59672e+07,3.02669e+08,5.54039e+09,1.42696e+08,3.46932e+08,-5.53847e+08,0.000998607,0.000158139,1.51653e-23
0,1.74487e+09,-8.05271e+07,2.94947e+08,3.65562e+09,-2.40664e+07,4.79453e+08,-6.40741e+08,0.000965749,0.000163247,5.81955e-24
0,2.05486e+09,3.48216e+06,3.05867e+08,9.41108e+08,-9.005e+08,-5.8046e+08,-1.16011e+09,0.00103438,0.000153968,-4.62359e-25
0,1.90707e+09,-9.5244e+06,3.03065e+08,-2.87794e+09,7.86768e+07,7.47417e+07,-1.45407e+09,0.00104226,0.000165632,-5.0148e-24
0,1.88838e+09,-6.41085e+07,2.69375e+08,-8.09902e+09,1.08607e+09,8.233e+08,-1.1281e+09,0.00100986,0.000144055,-7.69679e-23
0,1.60099e+09,-2.58785e+07,2.59222e+08,1.99183e+10,-3.69654e+08,1.18002e+08,-1.61029e+08,0.00103523,0.000167618,5.53056e-22
0,2.23072e+09,-1.33334e+07,3.39279e+08,-4.32002e+09,-3.30065e+08,-2.76847e+08,-3.96175e+08,0.0009332,0.000141934,-1.35732e-24
0,1.96874e+09,-4.85369e+06,3.08333e+08,-1.08219e+09,-9.73933e+08,9.92456e+07,-1.16409e+09,0.00104726,0.000164015,-7.27859e-25
0,2.29728e+09,2.39245e+07,3.21058e+08,4.73392e+09,-7.26833e+08,-1.92593e+08,-3.44781e+08,0.000947526,0.000132422,2.41633e-24
0,2.12984e+09,-2.71644e+07,2.69495e+08,2.29172e+09,8.84999e+08,-4.2295e+08,4.21483e+08,0.00106457,0.000134703,-1.48482e-24
0,2.03343e+09,5.05839e+06,3.26636e+08,5.37818e+09,-1.28665e+09,9.93557e+07,-3.81697e+08,0.000934555,0.00015012,6.70009e-24
0,2.0754e+09,2.98547e+06,3.04702e+08,-2.64684e+09,-4.68716e+08,3.2625e+08,-2.2213e+08,0.000877356,0.00012881,-3.83527e-25
0,1.98591e+09,4.11589e+07,2.93345e+08,2.291e+09,-3.79325e+08,-4.90804e+08,-1.32122e+09,0.00103306,0.000152597,1.59681e-24
0,2.1381e+09,7.52694e+07,3.04246e+08,1.36454e+10,-1.70529e+08,-4.17902e+08,-7.13769e+08,0.000978823,0.000139284,1.48141e-22
0,1.95025e+09,3.53096e+07,3.26e+08,1.02164e+09,7.51814e+08,-1.28005e+08,-8.71778e+08,0.000988861,0.000165296,8.42068e-26
0,1.74846e+09,-3.28135e+06,2.61724e+08,2.33574e+10,1.17711e+08,2.15623e+08,-2.01717e+08,0.00114084,0.00017077,1.23562e-21
0,1.96914e+09,559391,2.9975e+08,7.47857e+09,6.01477e+08,4.57716e+08,-9.82988e+08,0.000973519,0.000148193,5.38568e-23
0,2.04033e+09,3.52069e+06,3.26134e+08,-2.40003e+09,1.85268e+08,-3.10344e+07,-9.2857e+08,0.000966374,0.000154469,-1.06785e-24
0,1.97582e+09,3.98163e+07,3.14363e+08,3.1522e+09,2.66171e+08,-1.65134e+08,-1.04583e+09,0.000995555,0.000158398,3.68644e-24
0,2.00979e+09,-1.44606e+06,3.27826e+08,-1.24277e+09,1.08169e+08,-2.26294e+08,-9.1077e+08,0.000980794,0.000159982,-8.43661e-26
0,1.98237e+09,5.41454e+07,2.9705e+08,-5.21653e+09,-1.12711e+09,-3.30824e+08,-8.87312e+08,0.00112412,0.000168445,-2.89473e-23
0,2.01109e+09,4.08241e+07,3.02567e+08,2.10236e+09,-5.3397e+08,-2.23506e+07,-1.35143e+09,0.0010393,0.000156361,1.54253e-24
0,1.85471e+09,-1.4843e+07,2.61455e+08,1.43625e+09,-1.18912e+09,4.81761e+06,-1.39514e+09,0.00110757,0.000156133,4.14403e-24
0,2.24702e+09,1.18986e+07,3.29466e+08,1.63058e+09,-1.00471e+09,-3.20232e+08,-2.44823e+08,0.000925704,0.00013573,2.65691e-25
0,2.03241e+09,-9.14312e+06,2.92562e+08,1.15042e+09,7.00122e+07,8.64637e+07,-8.23882e+08,0.00113101,0.000162806,1.32206e-25
0,1.97897e+09,-1.64822e+07,3.2319e+08,1.52722e+09,1.20649e+09,2.96488e+08,-7.00717e+08,0.000917312,0.000149809,3.64251e-25
0,2.04021e+09,-530686,3.32052e+08,-1.1202e+09,-9.90422e+07,-2.69354e+08,-7.58522e+08,0.000979131,0.000159357,-2.99682e-26
0,1.84942e+09,5.93195e+07,2.96697e+08,-6.44428e+09,-1.1424e+09,-3.36171e+08,-9.664e+08,0.00109237,0.000175245,-7.08497e-23
0,2.16104e+09,2.26341e+07,3.33266e+08,1.30468e+09,-2.4458e+08,1.21176e+08,-6.78913e+08,0.000978396,0.000150884,8.75187e-26
0,1.9946e+09,-1.00259e+07,3.22376e+08,2.6401e+09,8.97693e+08,-3.35825e+08,-8.83257e+07,0.00101308,0.000163738,-7.99658e-25
0,1.93941e+09,-1.25891e+07,3.05927e+08,-5.34729e+08,-1.62438e+08,3.3498e+08,-1.19257e+09,0.00103903,0.0001639,1.92044e-25
0,2.30346e+09,2.32317e+07,3.2142e+08,5.04034e+09,-1.47796e+09,-1.96256e+08,-4.3369e+08,0.000964816,0.000134629,6.13585e-24
0,2.06571e+09,-3.27266e+06,3.1443e+08,-4.44226e+09,-1.08635e+09,-3.31551e+08,-9.67432e+08,0.00101338,0.00015425,-9.75519e-24
0,2.02392e+09,9.43165e+06,3.21414e+08,2.30013e+09,-558710,-2.10455e+08,-8.61886e+08,0.000941104,0.000149454,7.62534e-25
0,2.11627e+09,3.81012e+07,3.20517e+08,7.61448e+09,-1.83139e+08,-3.74685e+08,-6.49696e+08,0.000963798,0.000145971,2.30374e-23
0,1.97568e+09,1.91695e+07,3.04857e+08,2.80771e+09,6.97303e+07,-7.08693e+08,-1.1802e+09,0.00100659,0.000155322,2.32489e-24
0,2.0342e+09,-3.38868e+07,3.11433e+08,5.77798e+09,1.4615e+09,-1.82376e+07,-2.98501e+08,0.0010684,0.000163571,4.77339e-24
0,2.24588e+09,-1.14447e+06,3.251e+08,1.73921e+09,-1.43947e+09,1.53755e+08,-5.53163e+08,0.00104926,0.000151885,1.70549e-24
0,1.7069e+09,1.57762e+07,2.43185e+08,-4.6014e+08,4.05845e+08,-2.54023e+08,-1.67027e+09,0.00110975,0.000158107,1.02385e-24
0,2.31573e+09,1.33999e+07,3.21455e+08,1.91935e+09,-1.74715e+09,-1.99673e+08,-4.32195e+08,0.000975423,0.000135402,1.53819e-24
0,2.04766e+09,-2.85022e+07,3.20804e+08,-3.39259e+09,-5.03127e+07,-2.64785e+08,-9.4918e+08,0.00101112,0.000158411,-3.87293e-24
0,2.0314e+09,2.12371e+07,3.26813e+08,1.06883e+09,4.89488e+07,1.74586e+08,-8.74652e+08,0.000984003,0.000158307,3.05766e-26
0,2.03328e+09,2.8776e+06,3.13513e+08,-8.26245e+08,-1.4221e+09,-1.73083e+08,-1.12153e+09,0.00107212,0.000165312,-2.24788e-24
0,1.90146e+09,2.50195e+07,3.09326e+08,8.89186e+09,8.66403e+08,2.98572e+08,-6.59307e+08,0.000998379,0.000162414,8.40451e-23
0,2.16932e+09,1.53577e+07,3.19045e+08,6.41503e+09,-1.44277e+09,-3.61993e+08,-5.24517e+08,0.000982947,0.000144564,1.8883e-23
0,2.11737e+09,9.01993e+06,3.42011e+08,-1.98202e+09,-1.4143e+08,-3.98753e+07,-1.07855e+08,0.000982975,0.000158776,-6.83312e-26
0,1.86814e+09,3.39177e+07,3.26122e+08,2.055e+09,1.34964e+09,-5.16763e+07,-1.0259e+09,0.000951667,0.000166133,9.97141e-25
0,1.99032e+09,1.89716e+07,3.05994e+08,2.55577e+08,1.63202e+09,8.07976e+07,-5.74217e+08,0.00104506,0.000160669,-2.3778e-25
0,2.28128e+09,-9.90609e+06,3.03878e+08,-3.46071e+09,-2.80386e+09,-9.81911e+07,-6.88961e+08,0.00102503,0.000136538,-1.72713e-23
0,2.14358e+09,-2.0685e+06,3.28231e+08,4.06179e+09,-3.59108e+08,6.34678e+07,-5.93965e+08,0.000952991,0.000145925,2.71845e-24
0,1.70553e+09,-7.5395e+07,2.46305e+08,1.21327e+08,-1.91445e+09,-1.05465e+08,-1.20313e+09,0.00110245,0.00015921,-1.25966e-24
0,1.84823e+09,-24711.8,3.08608e+08,3.82534e+08,4.43019e+08,1.08321e+08,-1.54717e+09,0.00102237,0.00017071,-2.51451e-25
0,1.92527e+09,4.00668e+07,3.20497e+08,1.2155e+09,1.20055e+09,-1.98566e+08,-9.63556e+08,0.000976985,0.000162637,9.12302e-26
0,1.83298e+09,1.83195e+07,2.99315e+08,-4.17718e+09,-1.37849e+09,-4.98486e+08,-1.19665e+09,0.00103655,0.000169262,-2.19808e-23
0,1.9654e+09,5.65374e+06,3.12902e+08,1.53601e+09,-4.78539e+08,-2.87436e+08,-1.0806e+09,0.00101606,0.000161762,4.0397e-25
0,2.07386e+09,3.52511e+07,3.30983e+08,2.33234e+09,5.34186e+08,2.52656e+08,-7.16202e+08,0.000946458,0.000151052,8.94688e-25
0,2.29276e+09,-1.11528e+06,3.1602e+08,2.28193e+09,-1.15667e+09,9.66692e+07,-3.06126e+08,0.000940306,0.000129606,5.67975e-25
0,1.84395e+09,5.09728e+07,3.21663e+08,4.60743e+09,1.7504e+09,-2.83878e+08,-9.86553e+08,0.000957817,0.000167083,8.52806e-24
0,1.9552e+09,-5.10898e+06,3.36318e+08,4.44257e+09,4.42441e+07,1.09447e+08,3.85685e+07,0.000929007,0.000159801,-2.97986e-25
0,1.98734e+09,8.92995e+06,3.23156e+08,-6.0939e+09,-1.18388e+09,-1.80026e+08,-9.2839e+07,0.0010338,0.000168104,-2.9597e-24
0,1.85013e+09,-1.80811e+07,2.93509e+08,-7.01863e+08,1.64718e+09,-3.65649e+07,-1.22236e+09,0.000999994,0.000158642,1.60788e-26
0,2.0143e+09,1.41244e+07,3.24717e+08,2.97172e+09,-1.12761e+09,-8.17523e+07,1.86889e+08,0.00109873,0.000177122,6.94128e-25
0,1.90349e+09,4.50869e+07,3.12565e+08,4.05496e+09,9.99094e+08,-2.60922e+08,-1.09571e+09,0.000975456,0.000160176,8.59788e-24
0,2.02878e+09,1.61221e+07,3.12613e+08,8.4747e+08,-8.97608e+08,-1.08209e+08,-9.74432e+08,0.00103737,0.000159848,2.99531e-25
0,2.06161e+09,-1.20325e+07,3.32746e+08,-8.82424e+09,-1.71251e+08,-8.27591e+08,-6.68719e+08,0.000969417,0.000156465,-3.72669e-23
0,2.04316e+09,7.41708e+06,3.05737e+08,6.36888e+09,9.00128e+08,2.247e+08,-8.5702e+08,0.000939221,0.000140544,2.02727e-23
0,2.13217e+09,-4.73409e+07,3.13098e+08,-9.7194e+09,-7.45946e+08,4.95775e+07,-8.47618e+08,0.000986304,0.000144834,-6.8133e-23
0,2.16439e+09,1.71838e+07,3.3697e+08,-1.42974e+09,-3.87025e+07,7.21729e+07,-5.00742e+08,0.000960711,0.000149572,-8.8875e-26
0,2.08867e+09,7.2012e+07,2.97841e+08,1.06252e+10,4.87188e+08,-4.53272e+08,-6.94788e+08,0.000950256,0.000135505,5.9233e-23
0,1.9596e+09,-383607,3.32773e+08,-1.77052e+09,1.49489e+08,-2.5669e+08,-8.00826e+08,0.00094377,0.000160268,-3.8717e-25
0,1.74892e+09,-6.2736e+07,2.9338e+08,1.76316e+10,-2.54307e+08,3.36324e+07,4.26963e+08,0.00100425,0.000168462,-5.86244e-22
0,2.15524e+09,-1.93831e+07,3.11707e+08,-4.88961e+09,-1.58224e+09,-4.60972e+08,-8.82326e+08,0.00100762,0.00014573,-1.0601e-23
0,1.89801e+09,-2.69021e+07,2.57623e+08,-3.39931e+09,-1.52646e+09,2.92951e+07,-1.49869e+09,0.00114054,0.000154809,-3.36923e-23
0,1.84937e+09,1.65154e+07,2.99785e+08,-3.71898e+09,6.03461e+08,-2.40234e+08,-1.34906e+09,0.00102982,0.000166935,-1.49439e-23
0,1.99581e+09,2.59365e+06,3.00987e+08,2.66651e+09,3.49089e+07,-5.10577e+08,-1.14612e+09,0.000995176,0.000150082,1.9061e-24
0,1.96018e+09,-1.34499e+07,3.04013e+08,3.9881e+09,-9.54168e+08,-1.69931e+08,-5.8529e+08,0.000997227,0.000154664,7.54815e-24
0,1.95505e+09,-5.40344e+07,3.13963e+08,-9.04392e+09,7.10215e+08,1.34825e+08,-9.21359e+08,0.000941066,0.000151127,-6.79493e-23
0,1.96345e+09,2.64482e+07,2.88241e+08,-1.2849e+08,1.34597e+08,-4.36622e+08,-1.23176e+09,0.00100535,0.00014759,9.5881e-26
0,2.0412e+09,6.08769e+07,3.06507e+08,6.74845e+09,1.02246e+09,-4.00672e+08,-8.85036e+08,0.000959534,0.000144084,2.01422e-23
0,2.30527e+09,-502989,3.22432e+08,1.52082e+09,-1.13885e+09,8.50529e+07,-3.19308e+08,0.000934351,0.000130685,3.19979e-25
0,1.81057e+09,4.33736e+07,2.61412e+08,7.58729e+09,1.48379e+09,-4.55524e+08,-1.11495e+09,0.000991187,0.000143108,7.37265e-23
0,1.85706e+09,1.01095e+07,3.1609e+08,6.03398e+08,2.11624e+08,1.40088e+08,-1.41052e+09,0.00103177,0.000175617,-3.00075e-25
0,1.94812e+09,3.83432e+07,3.1279e+08,4.8237e+09,-1.78276e+08,-4.53238e+08,-1.13723e+09,0.00101498,0.000162965,1.87594e-23
0,2.11226e+09,5.06367e+07,3.14739e+08,7.61356e+09,7.97309e+08,-3.87111e+08,-5.85951e+08,0.000904875,0.000134831,1.19812e-23
0,2.19964e+09,-9.59186e+06,3.30139e+08,-5.44175e+09,-7.09893e+08,1.00353e+08,-5.71379e+08,0.000957072,0.000143645,-6.56879e-24
0,1.94593e+09,4.03974e+07,2.93169e+08,-2.49239e+08,3.04524e+08,-4.42879e+08,-1.2222e+09,0.00102353,0.000154203,1.45569e-25
0,1.707e+09,-3.48004e+07,2.80564e+08,4.67437e+09,1.06645e+09,-3.19054e+08,-1.07959e+09,0.00112088,0.000184229,4.36676e-23
0,2.04222e+09,-6.22014e+06,3.06875e+08,-2.64145e+09,-9.28334e+08,-4.4712e+08,-1.07598e+09,0.00102276,0.000153685,-2.43728e-24
0,1.88798e+09,4.45628e+07,3.16218e+08,4.11047e+09,9.26975e+08,-3.70716e+08,-1.03359e+09,0.000966068,0.000161807,7.80092e-24
0,2.11499e+09,-1.83299e+07,3.2062e+08,-5.01687e+09,-1.04862e+09,-2.38709e+08,-9.61984e+08,0.00101161,0.000153354,-1.26104e-23
0,1.84151e+09,-9.19996e+07,2.69573e+08,1.10236e+10,4.14895e+08,-9.63876e+07,4.36147e+08,0.00101543,0.000148645,-1.2265e-22
0,1.99743e+09,2.56268e+07,3.15043e+08,5.06075e+09,-8.60025e+08,-3.0425e+08,-1.03889e+09,0.00103484,0.000163219,2.39791e-23
0,1.76491e+09,3.01617e+07,2.98635e+08,-3.71013e+09,-7.26926e+08,2.51917e+08,-9.19188e+08,0.000973962,0.000164801,-1.16237e-23
0,2.03445e+09,1.1819e+07,3.00009e+08,1.35099e+08,-1.29245e+09,3.3024e+08,4.08174e+08,0.000950435,0.000140156,9.67168e-26
0,1.70716e+09,-1.19883e+07,2.67412e+08,5.70849e+09,2.22074e+09,-9.4143e+07,-1.17835e+09,0.00114755,0.000179754,9.06203e-23
0,1.92431e+09,-2.86208e+07,3.04725e+08,-2.06646e+09,7.60578e+08,-3.65375e+08,-1.10208e+09,0.00102229,0.000161884,-2.18445e-24
0,2.01965e+09,5.4834e+07,3.07046e+08,3.96883e+08,2.62199e+07,-4.75326e+08,1.33621e+08,0.0010478,0.000159297,6.62134e-29
0,1.91205e+09,3.05735e+07,3.18336e+08,9.49651e+08,-1.59671e+08,-6.14078e+08,6.17404e+07,0.00103136,0.000171711,3.40333e-27
0,2.12583e+09,3.21215e+07,2.90807e+08,1.2664e+09,-2.33655e+09,-9.27286e+07,-9.42513e+08,0.00105454,0.000144258,5.5978e-24
0,2.18014e+09,-1.18017e+07,3.08722e+08,-1.09451e+09,-1.89266e+09,-3.47734e+07,-9.69636e+08,0.00103349,0.000146349,-2.66987e-24
0,2.16808e+09,2.61774e+07,3.22622e+08,6.25546e+09,-9.87234e+08,3.31948e+08,-6.35296e+08,0.00096111,0.000143018,9.32167e-24
0,1.91712e+09,-1.66417e+07,3.07041e+08,4.8825e+09,1.0557e+09,5.95383e+08,-1.07074e+09,0.000962608,0.000154169,2.23658e-23
0,2.27986e+09,1.23349e+07,3.25721e+08,1.05268e+09,-4.59463e+08,-1.61723e+08,-1.79433e+08,0.000931512,0.000133084,2.73158e-26
0,2.04974e+09,200067,3.35211e+08,-1.30757e+09,-1.8047e+08,-5.71266e+08,-5.91766e+08,0.000941159,0.000153916,6.06211e-26
0,2.17228e+09,-2.11602e+07,3.13465e+08,-5.20145e+09,-1.51457e+09,-3.92344e+08,-8.19659e+08,0.000999169,0.000144182,-1.06917e-23
0,2.15553e+09,1.24492e+07,3.18309e+08,-1.82694e+09,-8.25613e+08,-9.65057e+07,-8.78246e+08,0.000992523,0.000146566,-7.6321e-25
0,1.96346e+09,4.75978e+07,3.25648e+08,4.80945e+09,1.21602e+09,5.92322e+07,-8.60735e+08,0.000966015,0.000160217,1.13933e-23
0,1.89121e+09,-6.03898e+07,2.76786e+08,-7.88518e+09,-2.08802e+08,1.7822e+08,-1.2596e+09,0.00103329,0.000151226,-1.18541e-22
0,1.73288e+09,2.50727e+07,2.95247e+08,-3.51259e+09,4.91363e+08,-3.27935e+08,4.99737e+08,0.00108101,0.000184182,6.07198e-24
0,1.96656e+09,-2.75802e+07,3.10522e+08,-2.2565e+09,5.08113e+08,-4.57117e+08,-8.97753e+08,0.00101314,0.000159976,-1.92251e-24
0,1.81803e+09,1.5045e+07,2.53015e+08,-7.71581e+09,-6.07851e+08,-5.92135e+08,5.85594e+08,0.00110544,0.000153844,1.12543e-22
0,2.01075e+09,53922.5,3.4096e+08,6.42577e+07,2.0762e+06,1.36098e+07,-5.60134e+08,0.000986547,0.000167288,-1.27288e-27
0,1.92744e+09,215880,2.98821e+08,-4.36855e+09,-2.10952e+09,-2.86941e+08,-4.67134e+08,0.000996514,0.000154495,-1.77224e-23
0,2.08732e+09,5.74808e+07,3.14863e+08,9.83061e+09,-1.93565e+08,1.08314e+08,-6.77885e+08,0.000965243,0.000145602,5.37493e-23
0,2.15596e+09,2.25127e+07,3.22599e+08,4.77572e+09,-1.00852e+09,4.26578e+08,-6.69719e+08,0.000977803,0.00014631,4.44606e-24
0,1.88381e+09,1.26858e+07,3.13046e+08,1.95584e+09,2.61955e+07,6.24003e+07,-1.50024e+09,0.00106079,0.000176279,1.04193e-24
0,2.00855e+09,-5.68654e+06,3.15342e+08,5.90943e+09,4.83994e+08,7.54463e+08,-9.30452e+08,0.000985604,0.000154739,2.59493e-23
0,1.99536e+09,4.76267e+07,3.2321e+08,5.57332e+09,1.06496e+09,-2.14493e+08,-7.92685e+08,0.000990495,0.000160441,1.39608e-23
0,1.91658e+09,-2.45171e+07,3.05163e+08,1.5034e+09,-2.63099e+09,-2.24041e+08,-8.32249e+08,0.00104042,0.000165658,1.21097e-23
0,1.58343e+09,3.89224e+07,2.84507e+08,-6.95991e+09,-1.26004e+09,1.45741e+08,-7.59583e+08,0.000965953,0.00017356,-1.11206e-22
0,2.00099e+09,-1.61548e+07,3.05601e+08,9.62022e+08,-1.33309e+09,1.63588e+08,2.17753e+08,0.00104845,0.000160124,5.15152e-25
0,1.95776e+09,5.05335e+07,3.00818e+08,8.23849e+09,-4.05879e+08,-4.6204e+08,-1.18086e+09,0.00104103,0.000159959,1.15509e-22
0,1.93845e+09,-4.78669e+07,2.96868e+08,-2.95411e+09,7.39746e+08,-7.39116e+07,-1.02026e+09,0.00100894,0.000154516,-4.15026e-24
0,2.12117e+09,1.30527e+07,3.22698e+08,2.2045e+09,-9.03777e+08,4.95056e+08,-7.25645e+08,0.000995131,0.000151392,5.94166e-25
0,2.13164e+09,-2.97425e+07,3.13289e+08,-6.56287e+09,-1.17882e+09,-3.02543e+08,-8.88468e+08,0.000990419,0.000145563,-2.12066e-23
0,2.15909e+09,-8.74137e+06,3.38285e+08,-1.87218e+09,-2.76965e+08,-4.78678e+08,-4.37955e+08,0.000931376,0.000145927,-1.97402e-26
0,2.01486e+09,-5.38469e+07,3.26984e+08,-6.74475e+09,-5.46718e+07,-7.72733e+08,-5.67769e+08,0.000916425,0.000148723,-1.2342e-23
0,2.10779e+09,-1.60486e+07,2.7783e+08,1.6382e+10,5.97568e+08,-1.63937e+08,3.09359e+08,0.00113702,0.000149871,-2.64687e-22
0,1.72951e+09,2.51915e+07,2.33477e+08,1.47687e+09,2.46694e+09,-3.0588e+08,-1.12516e+09,0.0012311,0.000166193,-8.71056e-24
0,1.76144e+09,7.07013e+07,2.91156e+08,3.76431e+09,-8.8001e+08,-9.31945e+08,-1.01446e+09,0.00099638,0.000164696,1.54709e-23
0,1.93285e+09,1.6246e+07,2.94058e+08,-6.11239e+08,-6.78478e+08,-2.54261e+08,-1.25243e+09,0.00102413,0.000155809,-3.13469e-25
0,2.00656e+09,1.31494e+06,2.69602e+08,-5.49958e+08,-1.81457e+09,-3.56273e+08,3.47363e+08,0.000988033,0.000132752,-8.4947e-25
0,1.86081e+09,-2.10443e+06,3.04609e+08,-8.37102e+08,7.19183e+08,2.2613e+08,-1.14917e+09,0.000965569,0.00015806,-9.13444e-27
0,2.05932e+09,-3.11275e+07,3.2208e+08,-2.45661e+09,1.97494e+08,-8.29062e+07,-9.17974e+08,0.000985483,0.000154131,-1.22263e-24
0,1.8478e+09,-1.21419e+07,2.70243e+08,-5.28117e+09,-7.00581e+08,-2.82041e+07,-1.20955e+09,0.00106651,0.000155979,-4.62186e-23
0,1.90306e+09,2.23169e+07,2.49323e+08,9.57209e+09,-1.81245e+09,-2.58351e+08,4.86122e+08,0.00110633,0.000144942,-6.29e-23
0,1.83566e+09,-3.3397e+07,2.93399e+08,-9.97907e+07,-2.47944e+09,-9.03597e+07,3.30707e+08,0.00104112,0.000166406,-1.29513e-24
0,2.07423e+09,8.27142e+06,3.19363e+08,8.36888e+08,-7.87637e+08,5.42356e+08,-8.52277e+08,0.00099836,0.000153715,2.30833e-25
0,2.14935e+09,-4.58146e+07,3.19146e+08,-9.54775e+09,-6.34601e+08,-2.30559e+08,-7.36471e+08,0.000977947,0.00014521,-4.74461e-23
0,1.70575e+09,4.03436e+07,2.25334e+08,2.70377e+09,1.01277e+09,-4.64139e+08,-1.39347e+09,0.00110074,0.000145411,7.68899e-24
0,2.09771e+09,26846.9,3.1342e+08,1.45901e+09,-8.52741e+08,-5.13145e+08,-1.01192e+09,0.0010125,0.000151278,2.49236e-25
0,2.20859e+09,-7.61113e+06,3.15901e+08,-1.53444e+09,-1.78122e+09,8.15418e+07,-9.33548e+08,0.00102966,0.000147276,-2.71188e-24
0,1.90517e+09,5.38526e+07,2.96361e+08,-7.47915e+09,-2.25391e+09,-2.41159e+08,-7.89348e+08,0.00106279,0.000165324,-1.09052e-22
0,2.18241e+09,1.07451e+07,3.11087e+08,2.39699e+09,-2.07288e+09,362837,-7.95392e+08,0.00103296,0.000147242,7.31909e-24
0,2.21038e+09,-1.44128e+07,3.37406e+08,-2.82876e+09,-8.13564e+08,-4.64895e+08,-2.72517e+08,0.000926006,0.000141351,4.31877e-26
0,2.09866e+09,-3.06993e+07,3.19e+08,-6.91e+09,-8.46949e+07,-1.62657e+08,-5.14151e+08,0.000962796,0.000146347,-1.35299e-23
0,1.92324e+09,7.60871e+06,3.24035e+08,-3.01248e+09,1.06285e+09,-4.13783e+08,-9.16019e+08,0.000930586,0.000156789,-4.11183e-24
0,2.12549e+09,-2.5635e+07,3.28931e+08,-3.81024e+09,-4.7908e+07,-1.95743e+08,-7.04791e+08,0.000980713,0.00015177,-3.08818e-24
0,1.88513e+09,-2.91797e+07,3.16774e+08,6.39561e+09,8.72261e+08,5.79125e+08,-7.47705e+08,0.000956298,0.000160694,3.54685e-23
0,2.06798e+09,-1.06783e+07,3.2184e+08,-8.51388e+08,-7.0864e+08,4.74845e+08,-8.03638e+08,0.00100995,0.000157178,8.50683e-26
0,1.98941e+09,-3.3691e+07,3.00345e+08,-1.90753e+09,-1.07767e+09,1.58809e+07,-1.47539e+09,0.00107222,0.000161875,-3.37289e-24
0,2.17316e+09,767425,3.12375e+08,5.33044e+09,-1.41364e+09,-1.93048e+07,-7.73066e+08,0.00100133,0.000143933,1.4236e-23
0,1.90078e+09,-1.55934e+07,3.1317e+08,2.38794e+09,2.99853e+08,2.74305e+08,-9.70093e+08,0.000955516,0.000157429,1.61799e-24
0,2.30428e+09,1.06216e+07,3.38764e+08,6.68291e+08,1.86119e+08,-1.24248e+08,-8.99574e+07,0.000868459,0.000127676,5.05462e-29
0,1.88794e+09,3.05925e+07,2.62172e+08,-1.31438e+09,-2.27752e+09,1.57457e+08,4.65343e+08,0.00107333,0.00014905,-4.40977e-24
0,2.11557e+09,3.97666e+07,2.97379e+08,-6.78166e+09,-1.0515e+09,4.5498e+07,2.91809e+08,0.00101682,0.000142931,7.71533e-24
0,2.09197e+09,-2.76392e+07,3.19564e+08,-6.81859e+09,-7.87608e+08,-5.40423e+08,-7.11931e+08,0.000974467,0.000148857,-1.47526e-23
0,2.08343e+09,-3.43261e+07,3.31426e+08,-2.82125e+09,-1.31234e+09,-3.37342e+08,-1.15087e+08,0.000906438,0.000144193,-3.95737e-25
0,1.96936e+09,4.79991e+07,3.064e+08,9.29808e+09,9.32724e+08,-4.27374e+08,-9.09916e+08,0.000940223,0.000146284,6.27892e-23
0,2.32794e+09,8.22135e+06,3.29982e+08,1.96599e+09,-1.18256e+09,-6.17307e+07,-2.75963e+08,0.000923205,0.000130863,4.3774e-25
0,2.33367e+09,-340152,3.42513e+08,8.25201e+07,1.60495e+07,-5.50552e+06,-4.08217e+07,0.000871257,0.000127875,5.09005e-31
0,2.101e+09,-2.03734e+07,2.98499e+08,-4.16354e+09,-2.17012e+09,-3.14181e+08,-1.12185e+09,0.00107217,0.000152329,-2.85028e-23
0,2.10444e+09,-1.10242e+07,3.09129e+08,-3.51578e+09,-1.43598e+09,1.94405e+08,-8.92833e+08,0.00101759,0.000149478,-8.55344e-24
0,1.92236e+09,-6.52619e+07,2.99972e+08,-3.07098e+08,9.58439e+08,2.13695e+07,-8.54606e+08,0.00107444,0.00016766,-2.37331e-27
0,1.99098e+09,2.27248e+07,3.06845e+08,2.53148e+09,1.08181e+08,1.35999e+08,-1.18985e+09,0.00101122,0.000155846,2.05853e-24
0,2.26036e+09,2.11309e+07,3.23795e+08,-6.4932e+09,-8.47113e+07,1.86568e+07,2.04093e+08,0.000947256,0.000135694,2.87662e-24
0,2.06992e+09,4.8622e+07,2.92494e+08,-8.83067e+07,-1.38697e+09,1.95152e+08,-8.30087e+08,0.00110402,0.000156005,5.41052e-25
0,2.03331e+09,-1.26713e+07,3.21187e+08,-6.78194e+09,-4.80315e+08,-1.7561e+08,-7.1443e+08,0.000957843,0.000151303,-1.97548e-23
0,2.1727e+09,1.65669e+07,3.25224e+08,-2.29141e+09,-5.87779e+08,-2.46838e+08,1.74443e+08,0.000873633,0.000130771,1.77503e-25
0,2.13779e+09,-2.76732e+07,3.32132e+08,-6.64631e+09,-3.04711e+08,-5.2746e+08,-6.62546e+08,0.00095248,0.00014798,-1.16547e-23
0,1.88535e+09,-1.79969e+07,3.00451e+08,-1.88754e+09,1.36282e+08,4.42764e+08,-1.2174e+09,0.00103168,0.000164409,-7.05232e-25
0,2.19748e+09,3.28182e+07,3.2453e+08,-3.28287e+09,-5.17591e+08,4.79933e+08,2.27965e+08,0.000896881,0.000132454,6.60741e-26
0,1.79419e+09,3.55135e+07,2.55377e+08,-7.68689e+09,-1.69623e+09,2.28512e+08,-1.05477e+09,0.00119528,0.000170131,-3.51525e-22
0,2.10341e+09,-1.12449e+07,3.23707e+08,-5.25654e+09,-1.30147e+09,-3.25748e+08,-6.81094e+08,0.000997034,0.00015344,-9.84087e-24
0,2.08001e+09,2.40081e+07,3.15094e+08,8.78183e+09,-4.29039e+08,5.35907e+08,-8.59417e+08,0.00099498,0.000150726,5.17473e-23
0,1.95484e+09,-2.50017e+06,3.12099e+08,3.38816e+09,3.00347e+08,8.41467e+08,-1.00397e+09,0.00100076,0.000159776,5.78426e-24
0,1.80189e+09,2.78355e+07,2.59414e+08,-1.70277e+09,-2.96685e+09,1.37553e+08,5.68797e+08,0.00107828,0.000155238,-1.74584e-23
0,2.06296e+09,3.49358e+07,2.90056e+08,3.39701e+09,-1.85082e+09,-6.80679e+07,-1.22425e+09,0.0010841,0.000152426,2.05393e-23
0,1.89494e+09,-3.67275e+07,3.03919e+08,-1.70669e+09,4.76412e+08,6.71263e+08,-1.1267e+09,0.00103512,0.000166017,-3.03423e-25
0,1.68631e+09,4.54214e+07,2.19496e+08,4.90641e+09,8.03151e+08,-4.34535e+08,-1.6e+09,0.00118096,0.000153718,1.04129e-22
0,2.08128e+09,-3.46739e+07,3.10606e+08,-7.08556e+09,-8.10725e+08,2.85331e+08,-8.65804e+08,0.00101141,0.00015094,-3.81278e-23
0,2.11242e+09,3.49606e+07,3.13204e+08,7.30507e+09,-9.55106e+08,3.44701e+08,-9.35913e+08,0.00101629,0.000150683,3.4384e-23
0,2.03176e+09,-590234,3.23615e+08,-5.62221e+09,-8.65977e+08,-1.81888e+08,-6.75683e+08,0.000984114,0.000156747,-1.26915e-23
0,1.9603e+09,-3.35169e+07,3.13e+08,2.15015e+07,8.34032e+08,5.43599e+08,-1.04118e+09,0.000971283,0.000155084,2.28689e-27
0,1.93487e+09,5.79696e+06,3.07382e+08,4.02789e+09,7.53652e+08,7.26841e+08,-1.14042e+09,0.00100686,0.000159954,1.55194e-23
0,1.83996e+09,-2.2473e+07,2.70545e+08,1.72457e+09,1.10939e+09,4.07463e+08,-1.21969e+09,0.00100952,0.000148438,2.21132e-24
0,2.09111e+09,1.19937e+07,3.20998e+08,2.58028e+09,-1.88135e+08,5.19888e+08,-9.28937e+08,0.000988401,0.000151726,8.98447e-25
0,1.98313e+09,2.34346e+07,3.27763e+08,2.48675e+09,1.47055e+08,-2.42715e+08,-8.00872e+08,0.000948721,0.0001568,1.03529e-24
0,2.25442e+09,-3.42934e+07,3.14911e+08,-9.64211e+09,-1.72585e+09,8.3964e+07,-5.93361e+08,0.00100939,0.000140998,-5.16363e-23
0,1.81699e+09,2.36875e+07,2.70881e+08,6.58201e+09,2.33203e+09,-6.42805e+07,-1.12932e+09,0.000966153,0.000144036,4.22228e-23
0,2.19498e+09,2.55662e+07,3.38126e+08,-4.01055e+09,-9.48164e+08,-1.60052e+08,1.49824e+08,0.00086724,0.000133594,4.62759e-25
0,1.9315e+09,-1.00842e+07,3.20278e+08,-1.93785e+09,9.55646e+08,-2.10193e+06,-1.09144e+09,0.000972159,0.000161202,-1.01526e-24
0,1.90407e+09,-3.27989e+07,2.94611e+08,-8.67897e+09,1.29522e+08,5.64673e+07,-1.22147e+09,0.00100785,0.000155942,-1.29885e-22
0,2.01473e+09,-5.38373e+07,3.08809e+08,-7.25082e+09,2.59706e+08,3.25322e+08,-9.18329e+08,0.00097851,0.000149982,-3.58281e-23
0,2.09243e+09,5.28414e+07,2.99677e+08,5.11028e+09,-9.51308e+08,-1.65474e+08,-9.99149e+08,0.00101818,0.000145823,1.7487e-23
0,1.9143e+09,7.9743e+06,3.123e+08,3.99667e+09,7.89859e+08,7.4127e+08,-1.159e+09,0.00101623,0.000165788,1.73889e-23
0,1.96442e+09,-1.36232e+07,3.11534e+08,-7.20425e+08,4.18863e+08,3.27355e+08,-1.16102e+09,0.000991393,0.000157223,5.0211e-26
0,1.80858e+09,3.99281e+07,2.88947e+08,5.10994e+09,-1.05834e+09,5.89751e+07,-1.60893e+08,0.00118938,0.000190021,1.55434e-23
0,1.93336e+09,-2.34598e+07,3.01192e+08,-3.37877e+09,5.23751e+08,2.03878e+07,-1.37166e+09,0.00101598,0.000158276,-7.48378e-24
0,1.90436e+09,7.00949e+06,3.22069e+08,3.25193e+09,-1.11478e+08,3.08872e+08,-1.04809e+09,0.00101836,0.000172227,5.28715e-24
0,2.12673e+09,1.84009e+07,3.04069e+08,1.93541e+09,-1.56296e+09,2.31217e+08,-1.06688e+09,0.00104179,0.00014895,4.21361e-24
0,1.6812e+09,4.2371e+07,2.33346e+08,1.85556e+09,-5.36008e+08,-7.91902e+08,-1.85423e+09,0.00124222,0.000172417,-6.08927e-24
0,1.98081e+09,-7.06802e+07,3.11254e+08,-6.6924e+09,1.41589e+09,3.71487e+08,-8.28412e+08,0.000950681,0.000149385,-1.78408e-23
0,2.012e+09,-1.48177e+07,3.25017e+08,1.15288e+10,7.72227e+08,6.34966e+08,1.87992e+08,0.000988797,0.00015973,-9.57245e-24
0,1.96601e+09,-2.23723e+07,3.02419e+08,-2.6962e+09,-1.44103e+08,1.61299e+08,-1.26398e+09,0.00102167,0.000157156,-2.97305e-24
0,1.99273e+09,-5.03667e+07,3.00527e+08,-7.94625e+09,-1.08887e+09,-1.75222e+08,-1.1522e+09,0.00106888,0.0001612,-1.03601e-22
0,1.85196e+09,-2.19186e+07,3.0022e+08,-5.50043e+09,-4.87155e+08,5.424e+07,-1.25452e+09,0.00102795,0.00016664,-4.34447e-23
0,2.21167e+09,2.34028e+07,3.34701e+08,-1.13084e+08,7.32647e+08,-2.4347e+08,-1.87595e+07,0.000871765,0.000131927,1.10793e-26
0,1.77033e+09,2.28066e+07,3.00216e+08,6.0199e+09,9.22416e+08,6.60748e+06,-1.1653e+09,0.00101895,0.000172795,6.41289e-23
0,2.04601e+09,716168,3.28834e+08,2.23799e+09,-7.91456e+08,1.10293e+08,-8.07133e+08,0.00105229,0.000169122,1.81959e-24
0,2.05538e+09,2.06757e+07,2.86232e+08,-4.84795e+09,-1.28002e+09,-8.98181e+07,4.43644e+08,0.00100317,0.000139701,5.37041e-24
0,1.55529e+09,3.57613e+07,2.11711e+08,1.48804e+09,6.45131e+08,-9.33747e+08,-1.83509e+09,0.00120482,0.000164004,-3.00137e-24
0,2.06296e+09,-1.06523e+07,3.28706e+08,-1.21236e+08,3.40247e+07,1.38211e+08,-8.51557e+08,0.000980022,0.000156154,6.29001e-27
0,2.00049e+09,-7.2347e+07,2.98434e+08,-9.17459e+09,-1.57519e+08,1.18967e+08,-1.11847e+09,0.00103234,0.000154004,-1.25277e-22
0,1.70428e+09,-3.88645e+06,2.52466e+08,-3.08323e+09,7.08342e+07,3.77606e+08,-1.44144e+09,0.00108024,0.000160022,-1.26434e-23
0,2.16099e+09,2.20426e+07,3.03152e+08,7.23776e+08,-1.96452e+09,1.60116e+08,2.67424e+06,0.00092533,0.000129808,7.97286e-25
0,1.83929e+09,3.93849e+07,3.13871e+08,1.54067e+09,1.50543e+09,-3.09664e+08,-1.26652e+09,0.000991598,0.000169214,3.15162e-25
0,2.02843e+09,4.58861e+07,3.0896e+08,6.03566e+09,-4.04164e+07,-5.65354e+08,-9.5872e+08,0.0010009,0.000152451,2.3669e-23
0,2.12121e+09,-1.25759e+07,3.14544e+08,-4.53072e+09,-1.76415e+09,-1.87008e+08,-8.64561e+08,0.00106608,0.000158085,-1.90077e-23
0,2.03088e+09,-4.90415e+06,2.98419e+08,-1.89692e+09,-1.39637e+09,2.62535e+08,-1.15239e+09,0.00105981,0.00015573,-3.63214e-24
0,2.17651e+09,3.95808e+07,3.2406e+08,4.27927e+09,-7.13038e+08,-1.36998e+08,-3.89409e+08,0.000947034,0.000141004,2.52583e-24
0,2.1488e+09,3.55902e+07,3.14855e+08,5.43215e+09,-7.11934e+08,5.5777e+07,-8.1282e+08,0.000981569,0.000143825,1.07127e-23
0,1.99135e+09,2.3102e+07,3.0885e+08,7.04621e+09,-6.29537e+08,-3.17435e+08,-9.23884e+08,0.00109554,0.000169914,7.10995e-23
0,1.69618e+09,2.43867e+07,2.2383e+08,2.35001e+09,-1.10564e+09,-4.95726e+08,-1.79901e+09,0.00126496,0.000166926,1.90305e-23
0,1.66359e+09,8.5527e+06,2.74447e+08,-3.09785e+07,1.12395e+08,-1.13243e+08,-5.90292e+08,0.00118756,0.000195916,1.19334e-26
0,1.80115e+09,3.64369e+07,3.14303e+08,3.9472e+09,1.40669e+09,-2.86194e+08,-1.21494e+09,0.000996196,0.000173837,1.17734e-23
0,2.11956e+09,2.36578e+07,3.36279e+08,7.58296e+09,1.20997e+07,5.61643e+08,-4.80018e+08,0.000924586,0.000146691,1.30273e-23
0,2.07463e+09,-3.50325e+07,3.11493e+08,-7.47882e+09,-1.27552e+09,-2.59895e+08,-9.22948e+08,0.00103725,0.000155736,-4.85775e-23
0,1.99434e+09,2.6528e+06,3.23106e+08,2.59764e+09,1.35665e+08,8.66835e+07,-1.06535e+09,0.000972786,0.000157602,1.74864e-24
0,2.18012e+09,3.38126e+07,3.23577e+08,2.65738e+09,-9.94419e+08,-1.49288e+08,-4.82571e+08,0.000948283,0.000140746,1.21664e-24
0,2.02423e+09,9.62309e+07,3.05017e+08,1.16346e+10,1.60502e+09,-4.33567e+08,-7.38948e+08,0.0009226,0.00013902,6.79909e-23
0,2.03039e+09,-1.45351e+07,3.09319e+08,1.08454e+08,-8.62756e+07,2.3113e+08,-1.18454e+09,0.000991674,0.000151077,-1.51049e-26
0,2.06326e+09,-6.404e+07,3.1575e+08,-1.27802e+10,2.10744e+08,-2.23396e+08,-7.97759e+08,0.000974769,0.000149173,-1.5837e-22
0,1.73898e+09,2.35204e+07,2.25223e+08,-6.73126e+08,-2.19319e+09,-4.72119e+08,-1.80658e+09,0.00126429,0.000163743,-5.91164e-23
0,2.10248e+09,-3.93905e+07,3.18103e+08,1.61583e+09,-1.16281e+09,-1.92322e+08,1.48661e+08,0.000870875,0.000131762,2.0381e-25
0,1.92639e+09,1.04449e+07,2.85499e+08,8.36387e+09,6.36193e+08,-4.6259e+07,-9.70617e+08,0.000958856,0.000142107,6.8395e-23
0,2.11287e+09,-3.53722e+07,3.19345e+08,-5.42314e+09,-7.89278e+08,-1.93597e+08,-9.63617e+08,0.00103388,0.000156264,-1.68644e-23
0,2.16016e+09,2.48601e+07,3.33387e+08,7.37012e+09,-2.06409e+08,4.5459e+08,-5.82394e+08,0.000947047,0.000146162,1.37702e-23
0,2.08775e+09,-8.60587e+06,3.33244e+08,-1.95893e+09,2.65301e+08,-1.18836e+08,-5.75498e+08,0.000922717,0.000147283,-3.01331e-25
0,1.90725e+09,1.28853e+07,3.07644e+08,2.11561e+09,1.04059e+09,-8.96075e+07,-1.31742e+09,0.0009887,0.00015948,1.60701e-24
0,2.0604e+09,1.96708e+07,3.08975e+08,9.49424e+09,-6.12218e+08,5.45665e+08,-8.41421e+08,0.000983125,0.000147428,6.1485e-23
0,1.84323e+09,-1.83042e+07,2.80799e+08,3.02206e+08,-1.93887e+08,2.06933e+08,-1.25584e+09,0.00109767,0.00016722,-1.09626e-25
0,1.92791e+09,4.88834e+07,2.66773e+08,1.5548e+09,-6.99068e+08,-9.68893e+08,-1.33645e+09,0.00109949,0.000152141,-1.38078e-24
0,2.02701e+09,-1.58705e+07,3.02566e+08,-3.53207e+08,-1.36536e+09,-5.92878e+08,-1.076e+09,0.00110593,0.000165079,-2.89732e-24
0,2.16106e+09,3.47423e+07,3.22998e+08,1.84552e+09,-3.65272e+08,-9.04518e+07,-6.37043e+08,0.000954058,0.000142596,2.92171e-25
0,1.80018e+09,-1.71913e+07,2.99694e+08,-2.37662e+08,1.2489e+09,1.81011e+08,-1.4589e+09,0.00100509,0.000167328,2.37222e-27
0,2.08151e+09,8.72445e+07,3.05456e+08,1.23172e+09,1.98432e+09,1.7841e+08,-1.04683e+08,0.000926884,0.000136017,-1.34349e-24
0,1.93482e+09,-3.11147e+07,2.87865e+08,2.18454e+10,3.84165e+08,2.93697e+08,3.98548e+08,0.00104947,0.000156141,-7.49677e-22
0,1.86372e+09,2.30842e+07,2.92182e+08,3.37032e+09,-6.45521e+08,-6.59435e+08,-1.14297e+09,0.00101588,0.000159264,8.90841e-24
0,2.00361e+09,-1.68678e+07,3.26748e+08,-6.82904e+08,1.07509e+08,-1.2015e+08,-9.79956e+08,0.000978647,0.000159597,3.84707e-26
0,1.87863e+09,2.35136e+07,2.88485e+08,7.70877e+09,1.30466e+09,-1.07424e+08,-1.11442e+09,0.000971149,0.000149131,7.16039e-23
0,1.98622e+09,1.1246e+07,2.78391e+08,-7.7935e+09,4.12317e+08,1.10838e+08,4.24448e+08,0.000993336,0.000139227,2.64021e-23
0,1.99565e+09,-2.79333e+07,3.21207e+08,-2.90794e+09,3.49165e+08,3.19463e+07,-1.01787e+09,0.000984967,0.000158534,-2.63906e-24
0,2.03169e+09,-8.0163e+06,3.35038e+08,-5.61402e+08,6.28283e+08,-1.45442e+08,-5.6223e+08,0.000906173,0.000149433,-1.46364e-26
0,1.89637e+09,3.17883e+07,3.04945e+08,6.18014e+09,-1.03212e+08,-2.19342e+08,-1.4238e+09,0.00104828,0.000168568,6.59745e-23
0,2.01133e+09,-4.85338e+07,2.81651e+08,-6.67414e+09,-3.89623e+08,5.26172e+08,-1.01369e+09,0.000991166,0.000138795,-3.66163e-23
0,2.0499e+09,-6.20329e+07,3.1609e+08,-1.06067e+10,4.30959e+08,-1.87594e+08,-7.63494e+08,0.000973728,0.000150147,-9.05951e-23
0,2.11381e+09,1.86715e+07,3.34154e+08,5.65951e+09,-3.05815e+08,6.25242e+08,-5.86407e+08,0.000963285,0.000152277,6.29187e-24
0,1.90159e+09,8.93275e+07,2.94043e+08,-6.48398e+09,-6.95589e+08,-6.57847e+08,-7.6119e+08,0.00107538,0.000166286,-3.29042e-23
0,1.75323e+09,1.36141e+07,2.7655e+08,2.88949e+09,9.82357e+08,2.81702e+08,-1.58737e+09,0.00106868,0.000168572,1.39419e-23
0,2.12312e+09,3.01154e+07,3.30572e+08,8.16059e+09,-2.41861e+08,3.73533e+08,-7.6929e+08,0.000965699,0.000150361,3.06456e-23
0,1.85069e+09,-4.46993e+07,2.97521e+08,-2.84544e+09,7.44682e+08,5.4628e+08,-1.28546e+09,0.00101461,0.00016311,-3.63622e-24
0,2.03485e+09,3.23746e+06,3.36388e+08,1.3505e+09,6.77251e+08,1.05832e+08,-5.02892e+08,0.000905296,0.000149657,1.10707e-25
0,2.0626e+09,-5.79945e+07,3.18682e+08,-1.04927e+10,4.94762e+08,-1.68393e+08,-6.73882e+08,0.000946807,0.000146286,-6.56859e-23
0,2.06919e+09,2.71541e+06,3.05812e+08,-7.53876e+08,-1.51356e+09,-1.99029e+08,-1.01575e+09,0.00105054,0.000155262,-2.02259e-24
0,2.04873e+09,5.20804e+07,2.9507e+08,-8.35856e+09,-8.51873e+08,4.31423e+06,4.9067e+08,0.000962033,0.000138557,2.5879e-23
0,1.84399e+09,7.78239e+07,2.97455e+08,-5.9173e+09,-2.09053e+09,-8.06076e+08,-7.2043e+08,0.00104274,0.000168205,-2.62345e-23
0,2.16519e+09,2.36662e+07,3.32675e+08,6.83622e+09,-4.91196e+08,3.65728e+08,-7.20891e+08,0.000986929,0.000151639,1.60349e-23
0,1.93312e+09,-5.5718e+06,3.21013e+08,-7.11433e+08,6.37585e+08,1.20161e+08,-1.12424e+09,0.000965911,0.000160399,6.9915e-27
0,2.10549e+09,4.19423e+07,3.25199e+08,8.51626e+09,3.23816e+07,3.2995e+08,-7.90106e+08,0.000956969,0.000147806,3.75569e-23
0,2.13756e+09,2.61708e+07,3.01469e+08,4.73883e+09,-1.86696e+09,5.6498e+07,-9.32081e+08,0.00104115,0.000146838,2.17531e-23
0,1.80392e+09,-4.48222e+07,2.88031e+08,-6.93901e+09,-7.93943e+08,-1.6716e+08,-2.90802e+07,0.00117959,0.000188343,1.34382e-24
0,2.07075e+09,2.20155e+07,3.09199e+08,8.79047e+09,9.0525e+08,4.86829e+08,-6.99417e+08,0.000932356,0.000139217,4.31775e-23
0,1.81344e+09,4.73493e+07,3.01142e+08,-7.33931e+09,-1.77081e+09,5.35505e+07,-9.3052e+08,0.00104624,0.00017374,-1.33126e-22
0,2.18262e+09,2.90877e+07,3.03655e+08,6.03664e+09,-2.42239e+09,4.68275e+07,-8.92111e+08,0.00105037,0.000146132,4.64097e-23
0,2.00075e+09,1.09198e+06,3.0644e+08,-2.28076e+09,-1.32076e+09,-1.0484e+08,-1.02136e+09,0.00104657,0.000160296,-5.04785e-24
0,1.72223e+09,-6.00357e+07,2.21926e+08,-3.77717e+09,-1.02933e+09,5.11767e+08,-1.70191e+09,0.00124967,0.000161032,-8.22584e-23
0,2.00934e+09,-4.79825e+07,3.2314e+08,-9.59578e+09,1.07075e+09,-2.84119e+08,-6.47571e+08,0.000913585,0.000146922,-5.0889e-23
0,1.94965e+09,-4.1794e+07,3.08355e+08,-9.12922e+09,1.20406e+08,-5.28162e+08,-9.15085e+08,0.00102954,0.000162832,-1.14972e-22
0,2.12823e+09,-2.29825e+07,2.93241e+08,-2.53258e+09,-5.51594e+07,3.25333e+08,-2.98692e+07,0.000912199,0.000125689,-4.20445e-26
0,1.98304e+09,-5.11191e+07,3.11725e+08,-5.16625e+08,-1.68387e+09,-1.29058e+08,-5.78965e+08,0.000993437,0.000156164,-1.32602e-24
0,2.04018e+09,3.23916e+07,3.26081e+08,-2.86615e+09,-1.23988e+08,4.48181e+08,8.74215e+07,0.00105281,0.00016827,1.38669e-25
0,1.90097e+09,7.85014e+07,2.97315e+08,1.05134e+10,-1.71965e+08,-5.64956e+08,-1.07957e+09,0.00100104,0.000156565,2.04138e-22
0,2.02722e+09,-1.04889e+06,3.40639e+08,1.70625e+08,-3.01502e+06,6.11154e+07,-5.75535e+08,0.000980448,0.000164747,-3.2679e-27
0,2.14603e+09,2.00595e+07,3.36305e+08,4.01681e+09,-3.5391e+08,4.73578e+08,-6.14481e+08,0.0010006,0.000156805,2.53135e-24
0,2.15108e+09,3.40084e+07,3.27821e+08,7.36295e+09,-5.36388e+08,3.8117e+08,-7.60704e+08,0.0009867,0.000150372,2.18693e-23
0,2.08811e+09,1.62413e+07,3.15592e+08,3.32672e+09,-5.85727e+08,2.14496e+08,-1.06654e+09,0.00100653,0.000152124,3.74855e-24
0,1.96193e+09,1.65409e+07,3.10758e+08,4.40134e+09,-1.37527e+09,1.1683e+08,-1.32639e+09,0.00109731,0.000173807,3.33365e-23
0,2.03979e+09,4.30863e+07,3.01317e+08,-7.43615e+09,-6.65112e+08,-2.68209e+08,3.43658e+08,0.000930477,0.00013745,1.35235e-23
0,1.97947e+09,1.55688e+06,3.16357e+08,6.74094e+08,-4.13543e+06,7.10363e+07,-1.23501e+09,0.00102168,0.000163284,-1.32465e-25
0,2.00391e+09,2.15072e+07,2.9959e+08,-2.15986e+09,1.75427e+08,-5.80357e+07,-1.10938e+09,0.00102962,0.000153932,-1.22123e-24
0,1.8055e+09,-8.41777e+07,2.2978e+08,-6.09491e+09,-1.09601e+09,7.78498e+08,-1.53456e+09,0.00120726,0.000153644,-2.21482e-22
0,1.93178e+09,4.01161e+07,3.11413e+08,3.95105e+09,-1.40823e+08,-4.46287e+07,-1.27695e+09,0.0010408,0.000167782,1.29074e-23
0,1.96971e+09,-1.49888e+07,3.3031e+08,-2.15987e+09,3.3324e+08,-1.35378e+08,-8.86112e+08,0.000960002,0.000160987,-9.31218e-25
0,1.91575e+09,-7.57284e+06,2.92095e+08,1.82043e+09,-1.12562e+09,-1.84872e+08,-1.48147e+09,0.00110819,0.000168966,4.04966e-24
0,1.82822e+09,2.11179e+07,2.44195e+08,-1.61865e+08,-4.0054e+08,-6.12124e+08,-1.37933e+09,0.00112432,0.000150175,-2.51632e-25
0,2.00046e+09,5.77108e+07,2.99838e+08,1.12191e+10,-9.75494e+08,-8.73388e+07,-1.13436e+09,0.00104538,0.000156686,2.60761e-22
0,2.1363e+09,1.56797e+07,3.33534e+08,1.74284e+09,-6.62973e+08,3.22235e+08,-7.47466e+08,0.00101297,0.000158152,3.88184e-25
0,1.81417e+09,-4.16985e+07,3.22915e+08,-8.24911e+08,-4.05018e+08,1.68234e+07,-3.0219e+08,0.000964445,0.000171667,-6.48933e-26
0,2.101e+09,1.53821e+07,2.9764e+08,3.96538e+09,-2.12947e+09,2.19935e+08,-1.1241e+09,0.00107499,0.000152289,2.68283e-23
0,1.78559e+09,-2.74673e+07,2.83947e+08,9.57183e+09,-1.21335e+09,5.92021e+07,-8.79971e+08,0.00110514,0.000175741,2.96959e-22
0,1.86781e+09,-8.80833e+07,2.45234e+08,-9.8231e+09,-1.36539e+09,7.02344e+08,-1.49376e+09,0.00119812,0.000157306,-7.42966e-22
0,2.05733e+09,2.38674e+07,3.01139e+08,2.47368e+09,-3.34066e+09,-4.32344e+08,-9.63404e+07,0.000944509,0.000138251,1.31041e-23
0,2.23033e+09,-1.19504e+07,3.22032e+08,-1.25638e+09,-6.06802e+08,-1.25277e+08,1.56921e+08,0.000886389,0.000127984,1.35632e-26
0,2.03121e+09,1.93727e+06,2.86114e+08,-7.45708e+08,-2.05239e+09,-1.73505e+08,-1.34552e+09,0.00113189,0.000159436,-7.66049e-24
0,1.88593e+09,-2.88039e+07,3.17147e+08,-1.53211e+09,1.14437e+09,3.09945e+08,-1.07638e+09,0.000977456,0.000164374,-2.76997e-25
0,2.20225e+09,-3.13395e+07,3.28756e+08,-5.78679e+09,-6.29567e+08,-3.50626e+08,-6.22115e+08,0.000953691,0.000142369,-6.15551e-24
0,2.09956e+09,1.2986e+07,3.34761e+08,1.9328e+09,1.36193e+08,6.52472e+07,-6.09637e+08,0.000934663,0.000149026,2.87066e-25
0,2.3239e+09,2.65959e+06,3.35423e+08,-4.36845e+08,2.64566e+08,3.69959e+07,-6.07067e+06,0.000878727,0.000126832,5.52206e-28
0,1.96341e+09,-1.27109e+07,3.04195e+08,9.94813e+08,1.08772e+08,-1.68166e+07,-1.13766e+09,0.000988018,0.000153076,-3.96951e-26
0,2.0624e+09,-9.08939e+06,3.40711e+08,-1.48925e+09,8.01048e+07,-1.95947e+08,-3.16514e+08,0.000965569,0.000159513,-9.69722e-26
0,2.11747e+09,-1.04227e+07,3.19313e+08,-5.33905e+09,-1.43678e+09,-7.62342e+08,-7.84863e+08,0.00100201,0.000151102,-5.73102e-24
0,1.77067e+09,1.76523e+07,3.08479e+08,-1.83951e+09,-3.22336e+08,-3.18689e+08,-9.55651e+08,0.00099897,0.000174036,-7.96685e-25
0,2.04512e+09,2.2314e+07,3.30242e+08,2.53747e+09,-3.37791e+08,5.14715e+08,-7.78886e+08,0.00100656,0.000162538,7.4013e-25
0,1.82245e+09,-2.43058e+07,2.86416e+08,8.65633e+09,-3.47199e+08,1.23653e+08,-8.9852e+08,0.00114193,0.000179466,2.20214e-22
0,1.93968e+09,-5.84562e+07,2.9744e+08,-2.26965e+09,-1.3105e+09,-8.68703e+07,-8.57025e+08,0.00101207,0.000155196,-4.40749e-24
0,2.00271e+09,-1.16895e+07,2.93025e+08,-4.06072e+09,-1.48117e+09,-1.77463e+08,-1.36381e+09,0.00111621,0.000163318,-2.91582e-23
0,2.0061e+09,-2.83519e+06,3.42144e+08,5.55092e+08,1.75604e+07,7.37306e+07,-4.08186e+08,0.000981257,0.000167355,3.26902e-27
0,1.92315e+09,12029.8,3.31281e+08,-4.77181e+08,3.33688e+08,9.65302e+07,-8.7826e+08,0.000969463,0.000166999,1.54666e-26
0,1.82828e+09,-5.98504e+07,3.03322e+08,-1.03156e+10,2.3122e+08,-1.11415e+08,1.51497e+08,0.00106992,0.000177506,4.34645e-23
0,2.28153e+09,1.94578e+07,3.1377e+08,5.74591e+09,-2.11366e+09,-3.38792e+08,-4.92931e+08,0.000977339,0.00013441,1.65346e-23
0,2.13315e+09,-4.87149e+07,3.05225e+08,-9.76983e+09,-1.66076e+09,2.09598e+07,-8.79296e+08,0.00103491,0.000148081,-1.05701e-22
0,1.96571e+09,-1.04397e+07,2.991e+08,-2.20499e+09,-1.41277e+09,2.49256e+08,-1.55594e+09,0.00110834,0.000168643,-8.08997e-24
0,1.95947e+09,-2.96549e+07,3.0104e+08,-5.4071e+09,-6.27806e+08,2.13441e+08,-1.20369e+09,0.00104083,0.000159907,-3.38061e-23
0,1.89412e+09,-3.65955e+07,3.1284e+08,5.83239e+09,1.41216e+09,1.4866e+08,-6.00679e+08,0.0010159,0.000167791,2.27066e-23
0,1.79376e+09,9.49194e+06,3.15812e+08,3.50701e+08,2.79319e+08,-1.82632e+08,-1.01362e+09,0.000989527,0.000174217,-4.05871e-26
0,1.92937e+09,-4.52943e+07,2.96813e+08,-3.6447e+09,1.11585e+09,-1.92699e+08,-1.1138e+09,0.000996185,0.000153253,-9.24117e-24
0,2.02145e+09,-1.11222e+07,3.22265e+08,-2.46044e+09,-3.60746e+07,-3.36305e+08,-1.0373e+09,0.000999432,0.000159332,-1.36215e-24
0,2.02812e+09,-1.31327e+07,3.24958e+08,-1.43297e+09,-3.28133e+08,2.83896e+07,-6.52977e+08,0.000938231,0.000150329,-1.65423e-25
0,1.9174e+09,4.40765e+07,3.23305e+08,1.59791e+09,9.97179e+08,1.93684e+08,-9.23501e+08,0.00100823,0.000170004,8.71496e-25
0,2.0456e+09,-6.75624e+06,3.24191e+08,-3.87715e+09,-4.77806e+08,-1.52879e+08,-1.08015e+09,0.00100805,0.000159758,-6.79473e-24
0,2.07936e+09,-4.23302e+07,3.07954e+08,-6.38044e+09,-1.31422e+09,-4.14913e+07,-1.04639e+09,0.00106644,0.00015794,-4.57292e-23
0,1.71825e+09,-7.10402e+07,2.41886e+08,-9.30557e+09,1.46237e+09,8.24069e+08,-1.50482e+09,0.00108234,0.000152366,-3.67176e-22
0,1.97765e+09,-2.11352e+07,3.21854e+08,-7.69503e+07,-5.43589e+08,-3.70912e+08,-1.04586e+09,0.00105933,0.000172402,-2.24962e-25
0,2.22288e+09,-1.33886e+07,3.21956e+08,5.0237e+08,-6.65293e+08,-1.19459e+08,1.81794e+08,0.000882619,0.000127836,5.41138e-27
0,2.0435e+09,1.23487e+07,2.95006e+08,-8.54715e+08,-2.09363e+09,2.0236e+08,-1.19191e+09,0.00110263,0.000159179,-2.76183e-24
0,1.95838e+09,-1.65536e+07,2.9085e+08,4.24425e+09,3.18449e+07,-7.83872e+07,-7.63156e+08,0.00119027,0.000176774,1.86723e-23
0,1.98142e+09,-5.2497e+06,3.15555e+08,-2.39149e+09,-7.62568e+07,-2.23786e+08,-1.24798e+09,0.00101612,0.000161824,-1.66533e-24
0,1.94102e+09,-3.69817e+06,3.29046e+08,-9.84063e+08,1.73225e+08,1.26788e+07,-9.67745e+08,0.000980529,0.000166222,-1.3595e-26
0,2.10535e+09,2.23089e+07,3.12715e+08,4.21648e+08,-1.04253e+09,-2.09965e+07,-1.01437e+09,0.00102276,0.000151914,1.85948e-25
0,2.08391e+09,6.98371e+07,3.05916e+08,-1.35046e+10,-5.20284e+08,1.31219e+08,3.94645e+08,0.000979236,0.000143751,8.56648e-23
0,1.95693e+09,771310,3.15285e+08,1.94918e+08,1.01335e+09,1.09203e+07,-1.10852e+09,0.000940109,0.000151463,3.78704e-28
0,1.98547e+09,-7.64187e+07,3.06913e+08,-1.28837e+10,5.12911e+08,2.5148e+08,-8.35812e+08,0.000975737,0.000150829,-1.97354e-22
0,2.10621e+09,1.74598e+07,3.37455e+08,1.62851e+09,7.76644e+07,2.21319e+08,-5.08992e+08,0.000942458,0.000150999,1.45738e-25
0,2.03373e+09,-6.60093e+07,3.04102e+08,-8.41219e+09,-3.96878e+08,4.54938e+07,-1.05611e+09,0.00103004,0.000154022,-8.36746e-23
0,1.94783e+09,1.5489e+07,2.90822e+08,1.04024e+10,1.28814e+09,-4.9153e+08,-7.87344e+08,0.0010626,0.000158652,1.32512e-22
0,2.14941e+09,-2.29526e+07,3.18978e+08,-3.37394e+09,-1.17554e+09,1.54961e+07,-9.68843e+08,0.00101159,0.000150123,-5.45089e-24
0,1.9348e+09,1.24055e+06,2.95743e+08,-3.6055e+09,-1.32945e+09,3.4111e+08,-1.30833e+09,0.00109928,0.000168031,-2.33727e-23
0,1.87781e+09,-6.08083e+07,2.73728e+08,-8.83685e+09,1.33344e+08,4.7934e+08,-1.23277e+09,0.00104837,0.00015282,-1.76662e-22
0,2.16948e+09,3.67096e+07,3.12802e+08,9.23952e+09,-1.60943e+09,2.20178e+08,-6.89542e+08,0.00100316,0.000144639,4.87842e-23
0,1.81489e+09,2.39047e+07,2.99163e+08,2.79805e+09,3.81196e+07,-6.75583e+08,-1.16059e+09,0.00102184,0.000168438,3.86608e-24
0,1.99289e+09,1.31108e+07,3.13369e+08,3.08874e+09,7.97345e+07,4.21758e+08,-1.11787e+09,0.00103536,0.000162804,4.21066e-24
0,1.9217e+09,-7.62884e+07,3.08105e+08,-1.05257e+10,1.42237e+09,5.65692e+08,-8.49885e+08,0.000938047,0.000150396,-8.10786e-23
0,2.12637e+09,-5.82845e+07,2.79939e+08,-5.28302e+09,-1.62108e+09,6.37175e+08,-9.63512e+08,0.00104062,0.000136998,-2.95274e-23
0,2.32833e+09,8.09582e+06,3.32015e+08,1.92328e+09,-1.07495e+09,-6.00297e+07,-2.76234e+08,0.000920272,0.000131229,3.41754e-25
0,2.106e+09,1.73021e+07,3.34271e+08,1.62377e+09,7.45812e+06,1.38887e+08,-6.36132e+08,0.000950881,0.000150927,1.68949e-25
0,1.90215e+09,2.17718e+07,2.53369e+08,6.50183e+08,-1.89471e+09,-3.69417e+08,-1.36007e+09,0.00114431,0.000152424,-1.63809e-24
0,2.08828e+09,-6.97756e+07,3.07888e+08,-1.04701e+10,-2.25167e+07,1.88478e+08,-9.02724e+08,0.00100913,0.000148782,-1.08433e-22
0,1.97859e+09,1.10758e+06,3.23299e+08,2.43851e+09,-1.38617e+08,8.40359e+07,-1.02074e+09,0.0009864,0.000161176,1.49476e-24
0,2.25182e+09,2.47119e+07,3.11183e+08,-5.64925e+09,6.97983e+08,1.63673e+08,2.35783e+08,0.000935904,0.000129335,2.88386e-24
0,2.02453e+09,3.82254e+06,3.08286e+08,1.21773e+09,2.68194e+08,3.55594e+08,-1.08611e+09,0.0010081,0.000153509,6.8191e-26
0,1.89735e+09,-5.12172e+07,2.94417e+08,-4.63907e+09,3.3723e+08,4.3228e+08,-1.57024e+09,0.00105539,0.000163767,-2.76968e-23
0,1.84318e+09,-2.50348e+07,3.00317e+08,-2.54315e+09,1.7456e+09,3.79779e+08,-1.21674e+09,0.000976038,0.00015903,-1.11706e-24
0,1.73757e+09,-1.20109e+07,2.9229e+08,4.49319e+09,-7.37397e+08,-4.91002e+08,-1.12093e+09,0.00102072,0.000171702,3.28622e-23
0,1.82951e+09,-7.82322e+07,2.94934e+08,1.89457e+09,1.30148e+09,6.53394e+08,-5.61825e+08,0.000985262,0.000158834,2.54221e-24
0,2.06592e+09,5.58242e+06,3.20999e+08,1.56832e+09,-5.02705e+08,3.37171e+08,-9.69798e+08,0.00105179,0.000163426,3.45502e-25
0,2.10619e+09,-2.07088e+07,3.19152e+08,-6.00026e+09,-7.56335e+08,-4.0285e+08,-7.10706e+08,0.000966359,0.000146433,-1.0265e-23
0,1.87614e+09,-7.43343e+07,3.13177e+08,-7.81383e+09,1.95479e+09,5.80966e+08,-7.11571e+08,0.000912198,0.00015227,-1.145e-23
0,2.13976e+09,8.50998e+06,3.365e+08,1.02537e+09,-1.94897e+08,5.04611e+07,-5.54182e+08,0.000961489,0.000151204,3.52297e-26
0,2.13897e+09,5.26641e+07,3.10964e+08,-5.25984e+09,-8.45037e+08,7.16674e+08,1.59686e+08,0.000931803,0.000135466,-1.20219e-24
0,1.95513e+09,-4.37517e+06,3.14353e+08,1.97153e+09,9.81854e+08,3.00862e+08,-5.60101e+08,0.000899853,0.000144681,6.19187e-25
0,1.86569e+09,1.06599e+07,3.27943e+08,-5.74131e+08,6.24199e+08,-2.78735e+08,-1.00613e+09,0.000992804,0.000174511,-2.166e-26
0,2.10553e+09,-6.97188e+07,3.12764e+08,-1.21789e+10,2.73471e+08,1.14013e+08,-7.85709e+08,0.000973632,0.000144627,-1.18497e-22
0,1.93472e+09,-7.39239e+07,3.16045e+08,-3.07643e+09,-1.19924e+09,-8.18082e+08,-4.46515e+08,0.000950475,0.000155264,1.21903e-24
0,1.86425e+09,-2.43699e+07,2.97053e+08,6.58989e+09,-8.59205e+08,-4.84485e+08,-9.59052e+08,0.00106044,0.000168973,7.84196e-23
0,2.26604e+09,2.82169e+07,3.26268e+08,5.9599e+09,5.20894e+07,-2.2051e+08,-2.70302e+08,0.000927931,0.000133605,2.56785e-24
0,2.00722e+09,1.80308e+07,3.15053e+08,1.13712e+09,1.7212e+09,1.45719e+08,-7.89036e+08,0.000929451,0.000145886,-2.1275e-25
0,2.15019e+09,3.83323e+07,3.19096e+08,7.59216e+09,-9.24586e+08,2.85754e+08,-7.47825e+08,0.000974128,0.000144564,2.30737e-23
0,1.81348e+09,4.19279e+07,3.17727e+08,4.89629e+09,1.73767e+09,5.30926e+07,-1.0399e+09,0.000945616,0.000165674,1.81799e-23
0,1.79041e+09,-6.46128e+07,2.96357e+08,-4.23743e+09,6.83833e+08,6.77553e+08,-1.30647e+09,0.00103918,0.00017201,-1.874e-23
0,1.91435e+09,1.04085e+06,3.24308e+08,7.54736e+08,3.96164e+08,-3.53735e+08,-1.09061e+09,0.000996249,0.000168774,-4.48532e-26
0,1.95626e+09,1.26156e+07,3.22954e+08,2.50139e+09,6.39418e+08,-1.81284e+08,-1.1157e+09,0.000977939,0.000161446,1.75432e-24
0,1.99571e+09,-3.7535e+06,3.2597e+08,-6.04296e+08,9.24441e+07,-2.82666e+07,-1.0338e+09,0.000989197,0.000161571,5.14375e-26
0,2.00418e+09,-2.34001e+07,3.09087e+08,-4.40973e+09,1.67208e+08,-1.06493e+08,-1.13904e+09,0.000996162,0.00015363,-1.12127e-23
0,2.14023e+09,-619191,3.0918e+08,-1.80892e+09,-1.79926e+09,3.78017e+08,-8.63064e+08,0.00104034,0.000150288,-3.18274e-24
0,1.89981e+09,-6.54262e+07,3.11597e+08,-4.34407e+09,-9.47001e+08,-4.41308e+08,4.90028e+06,0.000852502,0.000139823,1.50392e-24
0,2.16949e+09,2.7885e+07,3.19302e+08,5.55509e+09,-1.21224e+09,3.43708e+08,-7.86304e+08,0.0010009,0.000147311,1.09543e-23
0,2.2072e+09,-4.18795e+06,3.0266e+08,2.36598e+09,-1.88124e+08,-2.45456e+07,1.53512e+08,0.000899667,0.000123366,-8.79887e-26
0,1.8835e+09,-2.8833e+07,3.12054e+08,-3.95553e+09,7.98224e+08,2.2612e+08,-1.34152e+09,0.00100748,0.000166917,-1.25132e-23
0,2.00752e+09,1.251e+07,3.31823e+08,-3.68643e+08,6.25782e+08,-2.34449e+08,-7.23491e+08,0.000939266,0.000155252,-1.09908e-26
0,2.01119e+09,3.29021e+06,3.29948e+08,8.28443e+08,-1.16002e+08,-2.89743e+08,-8.73183e+08,0.0010072,0.000165238,-2.92819e-26
0,1.86875e+09,2.04393e+07,3.0084e+08,-2.11599e+09,6.44265e+08,-6.49532e+07,-1.29759e+09,0.00101591,0.000163546,-1.98775e-24
0,2.29913e+09,3.21225e+06,3.19035e+08,-1.17036e+09,-2.15385e+08,1.67783e+08,-1.01171e+07,0.000900928,0.000125016,-5.31467e-27
0,1.88288e+09,-6.29294e+07,3.07918e+08,-3.8983e+09,7.61881e+08,5.25365e+08,-1.0466e+09,0.00103932,0.000169966,-9.13172e-24
0,2.04934e+09,-2.721e+07,2.89981e+08,2.38991e+09,-9.38575e+08,-1.51519e+08,-8.96495e+08,0.00107679,0.000152367,3.31441e-24
0,2.03719e+09,-3.04163e+07,3.11567e+08,-1.10251e+10,6.05869e+08,-2.83563e+08,-8.80121e+08,0.000959507,0.000146746,-1.15081e-22
0,1.99964e+09,-1.04806e+07,3.23913e+08,-1.37269e+09,4.90618e+08,2.05026e+08,-9.4216e+08,0.000958252,0.000155223,-1.41708e-25
0,2.06584e+09,2.90382e+06,3.21483e+08,3.99364e+08,7.22822e+07,-4.8801e+08,-7.11456e+08,0.000998076,0.000155319,-9.43145e-27
0,1.78737e+09,-4.30262e+07,3.00362e+08,5.14777e+09,-6.72381e+08,2.64659e+08,-8.53257e+08,0.00100789,0.000169374,2.43882e-23
0,1.71433e+09,2.27244e+07,2.69486e+08,3.37328e+09,1.33125e+09,-2.01356e+08,-1.64022e+09,0.0010339,0.000162526,1.68872e-23
0,2.04859e+09,-3.01155e+06,3.10954e+08,3.96047e+09,1.41177e+09,2.51563e+08,-4.15182e+08,0.00106575,0.00016177,4.6599e-24
0,1.90776e+09,4.25088e+07,3.14525e+08,4.63731e+09,1.26501e+09,-3.69586e+08,-1.0044e+09,0.000944609,0.000155734,8.54614e-24
0,1.954e+09,7.92944e+07,3.16556e+08,6.13221e+09,1.98336e+09,-1.3127e+08,-8.9063e+08,0.000944407,0.000152998,1.50157e-23
0,1.82996e+09,1.52169e+06,2.38383e+08,1.33838e+09,1.49609e+08,2.93081e+08,-1.24813e+09,0.001098,0.000143033,5.94821e-26
0,2.16706e+09,1.44418e+07,3.2804e+08,-1.19182e+09,-8.57392e+08,-5.99202e+08,-5.32976e+08,0.00100827,0.000152627,-6.51487e-26
0,1.80554e+09,2.25847e+07,3.18938e+08,1.11201e+09,1.04596e+09,-4.65476e+08,1.41373e+08,0.000953358,0.000168405,-2.84013e-25
0,1.93295e+09,4.15463e+06,3.25894e+08,-6.64239e+07,9.48507e+08,2.0369e+08,-9.44019e+08,0.000950105,0.000160187,2.85238e-28
0,2.22153e+09,1.50899e+07,3.12743e+08,9.24017e+09,-7.79768e+08,-4.01804e+08,-2.71315e+08,0.000965047,0.000135858,1.84652e-23
0,1.93789e+09,1.43675e+07,3.12983e+08,3.53507e+09,5.92351e+08,3.47949e+07,-1.23821e+09,0.000986957,0.000159401,7.10973e-24
0,1.92578e+09,2.25582e+07,3.07188e+08,-1.40806e+09,1.03422e+09,-3.98028e+08,-1.24631e+09,0.000988218,0.000157635,-8.89688e-25
0,1.8909e+09,-5.15611e+07,2.93291e+08,-1.15782e+09,9.74467e+08,7.53718e+08,-1.32615e+09,0.00100117,0.000155288,-3.47766e-27
0,2.22586e+09,2.08037e+06,3.16551e+08,4.76848e+09,-1.82473e+09,-1.28845e+08,-4.11728e+08,0.00095744,0.000136163,7.85893e-24
0,1.86744e+09,3.64977e+07,3.08573e+08,-4.04415e+08,4.33651e+08,-3.39156e+08,-1.19958e+09,0.00101322,0.000167423,1.29197e-25
0,1.95157e+09,1.80174e+07,3.06725e+08,1.03244e+10,-1.28838e+09,-6.10891e+07,-1.03636e+09,0.00107613,0.000169135,2.54897e-22
0,1.90642e+09,4.80954e+07,3.18076e+08,2.7925e+09,1.13196e+09,-3.52494e+08,-7.70521e+08,0.000946204,0.000157869,9.5983e-25
0,2.3257e+09,6.97583e+06,3.31685e+08,1.94031e+09,-9.45534e+08,-1.98959e+07,-2.18617e+08,0.000905013,0.000129071,2.18648e-25
0,1.86209e+09,-5.65654e+07,3.0395e+08,-3.69457e+09,1.43566e+09,5.10335e+08,-1.15865e+09,0.00096681,0.000157813,-4.8499e-24
0,2.15505e+09,-1.08917e+07,3.33263e+08,-5.01055e+09,-8.92361e+08,-4.21455e+08,-6.7063e+08,0.000993705,0.000153669,-5.46737e-24
0,2.28825e+09,-4.99247e+06,3.21019e+08,5.3812e+09,-1.13191e+09,-2.36563e+08,-2.11037e+08,0.000942406,0.00013221,3.43304e-24
0,1.94197e+09,4.37314e+07,3.02896e+08,6.08376e+09,3.28966e+08,-5.92293e+08,-1.28474e+09,0.00103183,0.000160939,4.29768e-23
0,1.98192e+09,-8.40887e+06,3.32131e+08,-2.46711e+09,-4.61345e+07,-1.57317e+08,-8.94587e+08,0.000992747,0.000166364,-1.43538e-24
0,1.80981e+09,3.35956e+07,3.00009e+08,7.9896e+08,1.47039e+09,-5.43115e+08,-1.44809e+09,0.00100355,0.000166356,4.47061e-27
0,2.0203e+09,-553005,3.25212e+08,4.71358e+08,-2.15327e+08,-2.3829e+08,-9.49508e+08,0.000971382,0.000156366,-4.96912e-26
0,2.17071e+09,-2.63667e+07,3.19153e+08,-6.60346e+09,-1.03327e+09,-4.23013e+08,-7.64137e+08,0.00097663,0.000143591,-1.36041e-23
0,1.93602e+09,3.2133e+07,3.16281e+08,4.71877e+09,3.8907e+08,-3.69304e+08,-8.65268e+08,0.000963857,0.000157462,9.72833e-24
0,2.02147e+09,6.17756e+07,3.10088e+08,9.14126e+09,1.00882e+09,-5.34508e+08,-8.44089e+08,0.000948794,0.000145543,4.71895e-23
0,2.00581e+09,1.17001e+06,3.40652e+08,-3.01283e+08,1.67195e+06,-1.23054e+07,-5.55052e+08,0.000991476,0.000168385,4.30016e-27
0,2.02716e+09,4.04604e+07,3.04524e+08,-8.12584e+09,-3.05994e+09,-5.04997e+08,-5.89389e+08,0.0010679,0.000160422,-1.01803e-22
0,2.1313e+09,2.63727e+07,3.30061e+08,7.77673e+09,-3.41975e+08,4.93938e+08,-7.4021e+08,0.000961016,0.000148827,2.30502e-23
0,1.98435e+09,1.30184e+07,3.0639e+08,3.04348e+09,8.40852e+08,-3.30026e+07,-9.08845e+08,0.000960716,0.000148338,2.64104e-24
0,1.9681e+09,-2.89496e+07,3.13554e+08,4.58497e+09,1.0098e+09,-2.21721e+08,-5.83298e+08,0.00108542,0.000172927,8.368e-24
0,1.89449e+09,5.05516e+07,2.90278e+08,7.09382e+09,-8.88438e+07,1.21023e+08,-1.60959e+09,0.00109503,0.000167783,1.40178e-22
0,1.97199e+09,4.2475e+07,3.06256e+08,5.68239e+09,-2.7423e+08,-4.33016e+08,-1.20518e+09,0.00105109,0.000163238,3.75732e-23
0,1.85944e+09,4.06118e+07,3.03675e+08,2.92188e+09,7.84301e+08,-4.55651e+08,-1.35089e+09,0.00102446,0.00016731,4.58517e-24
0,2.04947e+09,-9.5519e+06,3.28209e+08,-6.04187e+09,-2.27572e+08,-2.3834e+08,-8.52965e+08,0.000968133,0.00015504,-1.67653e-23
0,2.16337e+09,-2.8665e+07,3.08222e+08,-9.82692e+08,7.51991e+08,3.78972e+07,-4.05029e+08,0.00094055,0.000134003,-5.64359e-27
0,1.92048e+09,-1.4725e+07,2.85899e+08,7.82796e+09,-1.24856e+09,1.94203e+08,-8.60282e+07,0.000929367,0.000138353,3.109e-24
0,2.03783e+09,2.28687e+07,3.18823e+08,5.46833e+09,1.73921e+08,3.79538e+07,-1.03619e+09,0.000983023,0.000153796,1.71736e-23
0,1.94016e+09,-1.55143e+07,3.01117e+08,-2.41887e+09,6.89876e+08,-2.0889e+08,-1.14188e+09,0.000999358,0.000155103,-2.52784e-24
0,2.02565e+09,3.50434e+07,3.15142e+08,5.02045e+09,-7.70883e+08,4.94481e+07,-9.96196e+08,0.00101499,0.000157908,1.66761e-23
0,2.03904e+09,1.59646e+06,3.41134e+08,-2.34947e+08,-2.0839e+08,-2.1686e+07,8.87263e+07,0.00097064,0.00016239,1.14944e-29
0,1.99426e+09,-1.08729e+07,3.09133e+08,5.68265e+09,1.55727e+09,5.35301e+08,-7.27496e+08,0.000925277,0.000143428,1.80311e-23
0,2.05022e+09,-3.33075e+07,3.10213e+08,-4.99451e+08,-1.82066e+09,2.32554e+08,-3.05764e+08,0.000974155,0.000147397,-1.84147e-25
0,1.83439e+09,-1.66539e+06,2.43055e+08,2.71918e+09,-7.15964e+08,5.17945e+08,-1.30652e+09,0.00110737,0.000146726,5.5585e-24
0,1.91519e+09,5.81628e+06,3.24895e+08,-4.41757e+09,9.36744e+08,-3.93398e+08,-9.2889e+08,0.000939891,0.000159444,-1.18016e-23
0,1.87743e+09,-3.82122e+06,3.0348e+08,9.32322e+08,6.23934e+08,3.09527e+08,-1.29301e+09,0.000995808,0.000160969,3.3307e-26
0,1.95599e+09,3.66894e+07,3.13049e+08,1.80894e+09,3.55983e+08,-7.24492e+08,-1.00604e+09,0.00100079,0.000160173,2.74679e-25
0,2.13037e+09,-4.30139e+07,2.74552e+08,-2.28913e+09,-2.19607e+09,5.31762e+08,-8.70169e+08,0.00106601,0.000137383,-7.86688e-24
0,1.86814e+09,4.46975e+07,3.15812e+08,2.70726e+09,1.21667e+09,-1.22982e+08,-1.15198e+09,0.00100911,0.000170591,3.62081e-24
0,2.00218e+09,2.79468e+07,3.20335e+08,5.17914e+09,-9.67371e+07,1.0176e+08,-1.01708e+09,0.000988883,0.000158215,1.58771e-23
0,1.99052e+09,3.06341e+07,3.03343e+08,5.14678e+09,-9.18999e+08,-2.08976e+06,-1.22238e+09,0.00102795,0.000156653,2.66379e-23
0,2.08038e+09,1.68283e+07,3.14748e+08,6.76209e+09,6.64225e+08,4.41845e+08,-6.85836e+08,0.000942775,0.000142636,1.94884e-23
0,1.99961e+09,1.62175e+06,3.40578e+08,1.84988e+08,-1.03642e+08,-7.16574e+07,-7.72505e+07,0.000964365,0.000164253,6.99186e-29
0,1.98105e+09,4.01339e+07,3.14346e+08,2.22229e+09,-3.15972e+06,-5.25795e+08,-9.56383e+08,0.00101308,0.000160751,9.90083e-25
0,2.00139e+09,-9.55619e+06,3.27894e+08,-2.23463e+09,1.75177e+08,1.82647e+07,-9.62675e+08,0.00096626,0.000158306,-9.31657e-25
0,1.8953e+09,6.59855e+06,3.19399e+08,4.14168e+09,1.11503e+09,2.83285e+08,-1.02798e+09,0.000965066,0.000162635,1.23781e-23
0,1.94345e+09,1.69359e+07,3.35576e+08,-1.81146e+09,5.25601e+08,-1.25414e+08,-4.00939e+08,0.000944538,0.000163093,-3.30303e-25
0,2.00086e+09,7.43301e+06,3.21362e+08,4.90939e+09,-9.78014e+08,-2.48721e+07,-8.88497e+08,0.0010029,0.000161078,1.58027e-23
0,2.09106e+09,4.27626e+07,3.3067e+08,-8.42548e+09,-1.74768e+09,-2.621e+08,2.24257e+08,0.000886495,0.000140186,8.84815e-24
0,2.07899e+09,1.36632e+07,3.3286e+08,1.9661e+09,-5.41705e+08,4.65074e+08,-7.52623e+08,0.00100499,0.000160905,2.63628e-25
0,2.06175e+09,-2.78673e+07,3.2095e+08,-1.0349e+10,-1.23262e+09,-8.16288e+08,-5.98107e+08,0.000968881,0.000150825,-3.19471e-23
0,1.8576e+09,2.11296e+07,3.05785e+08,4.03081e+09,-6.5809e+08,-3.22832e+08,-1.38257e+09,0.00106317,0.000175011,2.3064e-23
0,2.0595e+09,4.26467e+07,3.28235e+08,6.94975e+09,-1.15059e+08,1.9659e+08,-4.94938e+08,0.000924517,0.000147346,1.17836e-23
0,2.15231e+09,3.49971e+07,3.22808e+08,6.62309e+09,-4.08336e+08,1.64309e+08,-6.56868e+08,0.000971272,0.000145674,1.36717e-23
0,1.93921e+09,2.52833e+07,2.82001e+08,3.65732e+09,1.62044e+08,-5.0479e+08,-1.39946e+09,0.0010399,0.000151222,9.43515e-24
0,2.06707e+09,8.56041e+06,3.1989e+08,1.29583e+09,-1.34312e+09,2.01162e+08,-9.03932e+08,0.00104875,0.000162299,2.11765e-24
0,1.95799e+09,-1.46399e+07,3.16629e+08,-1.3323e+10,3.2215e+08,-6.39152e+08,-8.81084e+07,0.000928765,0.000150191,-3.13846e-23
0,1.98699e+09,4.15157e+07,3.08315e+08,6.04694e+09,3.52816e+08,-1.45662e+08,-9.67933e+08,0.00101442,0.000157404,2.83713e-23
0,1.78207e+09,5.42978e+06,2.46527e+08,-2.111e+09,-3.63135e+08,-2.22751e+08,-1.77841e+09,0.00112458,0.000155572,-2.29647e-24
0,2.18828e+09,-5.12097e+06,3.20552e+08,-1.42614e+09,-1.47214e+09,-4.17698e+08,-5.50356e+08,0.00101631,0.000148875,-1.41273e-24
0,1.9103e+09,4.65131e+07,2.7667e+08,3.16727e+09,-6.74771e+08,-6.674e+08,-1.51249e+09,0.00108858,0.00015766,1.01102e-23
0,2.25953e+09,-3.1174e+06,3.1118e+08,-1.07025e+09,-6.13081e+08,2.66996e+07,-2.478e+08,0.000917191,0.000126315,-4.83291e-26
0,2.10599e+09,3.62508e+07,3.26629e+08,7.4594e+09,-5.63197e+08,1.82069e+08,-5.92849e+08,0.000944325,0.00014646,1.69225e-23
0,2.06271e+09,-4.97529e+06,3.17145e+08,-1.08273e+09,-1.42759e+09,1.03271e+08,-9.87322e+08,0.00104743,0.000161043,-1.46662e-24
0,2.14327e+09,3.94293e+06,3.0828e+08,-1.79674e+09,-2.13714e+09,-1.43838e+08,-8.6567e+08,0.00104805,0.000150748,-7.26791e-24
0,2.06305e+09,1.27139e+06,3.10308e+08,5.86695e+09,4.2892e+08,5.49612e+08,-8.90369e+08,0.000961363,0.000144601,1.77155e-23
0,1.95785e+09,4.69348e+07,3.04046e+08,5.22024e+09,3.32783e+07,-1.39839e+08,-1.11688e+09,0.00102197,0.000158707,2.33977e-23
0,2.05074e+09,-3.25046e+07,3.20414e+08,-2.01343e+09,-2.58492e+08,-7.9959e+07,-8.56506e+08,0.00103069,0.000161038,-7.58451e-25
0,2.04207e+09,-940166,3.20447e+08,1.43958e+08,-6.18735e+07,1.80409e+08,-9.90097e+08,0.000969723,0.000152171,-1.22743e-26
0,1.95521e+09,2.09131e+07,2.81156e+08,1.80456e+09,-1.53403e+09,-5.06274e+08,-1.47095e+09,0.00111471,0.000160294,3.83044e-24
0,2.00573e+09,2.68028e+06,3.20156e+08,2.72625e+09,-9.86585e+08,1.86352e+08,-9.27272e+08,0.00102977,0.000164373,3.75274e-24
0,2.13456e+09,2.86793e+07,3.2736e+08,7.11327e+09,-6.74098e+08,4.80535e+08,-6.28515e+08,0.000966043,0.000148154,1.34632e-23
0,2.0613e+09,-1.84133e+07,3.15182e+08,-1.45302e+09,-1.58091e+09,-4.9832e+07,-9.85373e+08,0.0010695,0.000163531,-3.73925e-24
0,1.84533e+09,4.20722e+07,3.05514e+08,2.24923e+09,5.44725e+07,-4.95132e+08,-1.20385e+09,0.00100252,0.000165978,1.50617e-24
0,2.14769e+09,-3.06464e+07,3.11612e+08,-5.61826e+09,-5.28238e+08,1.50492e+08,-7.55861e+08,0.000954482,0.000138488,-9.93655e-24
0,2.12974e+09,4.06962e+07,3.14446e+08,6.28016e+09,-5.51607e+08,2.1578e+08,-8.09445e+08,0.000974131,0.000143826,1.51171e-23
0,1.91591e+09,3.42492e+07,3.04368e+08,2.92575e+09,-3.55338e+08,-3.54028e+08,-1.36765e+09,0.00105916,0.000168263,5.89421e-24
0,1.98256e+09,-3.16037e+07,3.15012e+08,-7.37709e+09,1.55491e+09,2.07189e+08,-2.05835e+08,0.000868011,0.00013792,6.4336e-25
0,2.09256e+09,2.35638e+07,3.17304e+08,1.4898e+09,-8.34911e+08,-6.75166e+07,-9.4486e+08,0.00101044,0.000153217,6.65027e-25
0,2.09116e+09,7.50276e+06,3.17768e+08,1.91376e+09,-8.76985e+08,-1.24767e+08,-1.08941e+09,0.00102431,0.000155652,1.3808e-24
0,2.03253e+09,-1.6866e+07,3.11717e+08,-3.4935e+09,-1.21767e+09,2.45262e+08,-1.08051e+09,0.00105637,0.000162009,-1.13978e-23
0,1.87508e+09,3.5141e+07,2.98922e+08,2.6443e+09,-2.37476e+08,-2.2936e+08,-1.37953e+09,0.0010843,0.000172857,4.97539e-24
0,1.79301e+09,-1.66445e+07,2.5634e+08,-1.1418e+08,-2.53839e+08,6.85876e+08,-1.53562e+09,0.0011235,0.000160622,4.37309e-25
0,1.991e+09,-2.56128e+06,3.23761e+08,9.24945e+08,-5.21564e+08,1.38135e+08,-9.25219e+08,0.00104223,0.00016948,1.75261e-25
0,2.15732e+09,2.62476e+07,3.16093e+08,4.16195e+09,-9.68266e+08,2.53936e+08,-8.40131e+08,0.000999553,0.000146456,5.36514e-24
0,1.82414e+09,-2.87706e+07,3.11591e+08,1.92273e+09,-5.69528e+08,-2.55133e+08,-7.48403e+08,0.000941328,0.000160793,9.98788e-25
0,1.87413e+09,-1.82734e+07,3.16748e+08,-2.04338e+08,5.64194e+08,9.5415e+07,-1.29424e+09,0.000985764,0.000166605,2.79585e-26
0,1.63473e+09,3.72918e+07,2.79054e+08,9.70694e+08,1.71716e+09,-6.6832e+08,-1.99192e+09,0.00109147,0.000186318,-1.71407e-26
0,1.78728e+09,1.23954e+06,2.64892e+08,-5.74756e+08,-2.03954e+08,3.76933e+08,-1.60215e+09,0.00113504,0.000168224,1.19785e-24
0,2.01235e+09,-2.45126e+07,3.13661e+08,-5.38889e+09,-7.17878e+08,2.11445e+08,-1.02323e+09,0.00105367,0.000164234,-2.78598e-23
0,1.99682e+09,4.34762e+07,3.00002e+08,-5.25881e+09,-3.37287e+09,1.31726e+08,-6.45033e+08,0.00103739,0.000155857,-9.46263e-23
0,1.86848e+09,4.24738e+07,2.99885e+08,1.04711e+10,9.48202e+08,-2.64448e+08,-1.16889e+09,0.00098441,0.000157995,2.04516e-22
0,2.02275e+09,9.48243e+06,3.1665e+08,-3.25122e+09,3.23867e+08,-3.19127e+08,-9.28985e+08,0.000989907,0.000154964,-3.69474e-24
0,1.69005e+09,3.19343e+07,2.67759e+08,2.86192e+09,1.03395e+09,-7.25809e+08,-1.94865e+09,0.00111207,0.000176188,1.00401e-23
0,1.9297e+09,-4.71257e+07,3.08746e+08,-6.15285e+09,6.41359e+08,3.4741e+08,-1.17056e+09,0.00098327,0.00015732,-3.34672e-23
0,1.84127e+09,-715725,2.66945e+08,-1.32504e+09,-1.56435e+08,-5.2332e+07,-1.5644e+09,0.00107483,0.000155828,3.42337e-25
0,1.98259e+09,3.94913e+06,2.98681e+08,-1.42293e+09,-1.19095e+09,-1.9068e+08,-1.40164e+09,0.00107408,0.000161813,-2.98348e-24
0,2.02772e+09,4.16947e+07,2.97591e+08,-4.80865e+09,-3.83611e+09,2.77192e+07,-7.46515e+08,0.00107273,0.000157435,-1.29782e-22
0,1.96597e+09,4.55452e+07,3.06022e+08,1.17419e+10,-3.04829e+07,4.85217e+06,-1.0534e+09,0.00101932,0.000158668,2.53529e-22
0,2.00005e+09,8.14414e+06,2.66924e+08,-1.01336e+09,-1.50793e+09,-2.68382e+08,-1.33434e+09,0.00110167,0.000147028,-4.58875e-24
0,2.12921e+09,2.81971e+07,3.0899e+08,9.6928e+09,5.03902e+08,-1.22276e+07,-5.74409e+08,0.000944043,0.000136999,3.57263e-23
0,2.10755e+09,4.44168e+07,2.81826e+08,-7.91422e+09,-4.85568e+08,2.49791e+08,3.0748e+08,0.00102389,0.000136916,1.41041e-23
0,2.09962e+09,-2.0501e+06,3.26995e+08,7.78601e+08,-3.17052e+08,-3.95799e+06,-8.47563e+08,0.000997874,0.000155409,1.66587e-26
0,2.18238e+09,-2.26273e+07,3.21508e+08,-5.27806e+09,-1.19368e+09,-2.40608e+08,-9.04933e+08,0.00101478,0.000149497,-1.25395e-23
0,2.19777e+09,1.33539e+07,2.94251e+08,-2.12187e+08,1.76013e+08,2.48287e+08,2.15269e+08,0.000922824,0.000123553,-7.96702e-28
0,1.94309e+09,6.67362e+06,3.08511e+08,-2.13274e+09,2.54985e+08,-1.63471e+08,-1.11101e+09,0.000977112,0.000155139,-1.10776e-24
0,2.01758e+09,-4.43895e+07,2.64036e+08,-1.39618e+09,1.12983e+09,2.92054e+08,-4.43322e+08,0.000955113,0.000124993,1.37759e-25
0,1.86508e+09,3.05059e+07,2.88173e+08,1.64452e+09,-2.45528e+08,-1.6757e+08,-1.4751e+09,0.00105764,0.000163417,3.47841e-25
0,2.00629e+09,956190,2.95445e+08,2.24828e+09,-1.88525e+09,-1.94212e+08,-1.00195e+09,0.00107893,0.000158883,1.05269e-23
0,1.77477e+09,-3.02523e+07,2.39665e+08,-7.27267e+08,7.84599e+08,3.31505e+08,-1.40212e+09,0.00110516,0.000149241,1.286e-25
0,1.96568e+09,-1.92584e+07,3.19215e+08,-4.31826e+08,5.62753e+07,1.32522e+08,-1.00498e+09,0.00103948,0.000168807,5.84711e-26
0,1.96186e+09,-6.60071e+07,3.01962e+08,-6.37467e+09,8.35765e+08,2.42977e+08,-1.15001e+09,0.00099104,0.000152538,-3.57912e-23
0,2.04808e+09,6.46967e+06,3.19534e+08,-1.50619e+09,-5.46805e+08,8.34176e+07,-1.09476e+09,0.00100542,0.000156863,-4.11836e-25
0,1.84539e+09,4.71934e+06,3.09188e+08,1.37494e+08,1.6728e+09,-1.31647e+08,-8.69953e+08,0.000935181,0.000156686,6.9823e-27
0,1.70207e+09,-2.11444e+07,2.91256e+08,1.04325e+10,3.01114e+08,-2.44191e+08,-6.26804e+08,0.000996417,0.000170506,1.88761e-22
0,2.02181e+09,557723,3.42041e+08,-5.54755e+08,-2.03167e+06,-9.37032e+07,-4.32575e+08,0.000983102,0.000166317,-2.36883e-27
0,2.32282e+09,8.75142e+06,3.38314e+08,-1.51182e+09,2.45309e+08,8.64118e+07,6.75304e+07,0.000875223,0.000127475,1.26599e-26
0,1.96473e+09,-4.86445e+07,3.02368e+08,-1.89869e+09,7.31521e+08,6.31667e+08,-1.03076e+09,0.000988499,0.000152128,-3.49073e-25
0,2.12072e+09,-1.58206e+07,3.25182e+08,-1.48574e+09,-4.81763e+08,-2.17824e+08,-8.48022e+08,0.000991858,0.000152087,-2.26547e-25
0,2.15888e+09,-3.61964e+07,3.20761e+08,-5.38532e+09,-7.06564e+08,-3.0379e+07,-7.9842e+08,0.000981082,0.000145767,-1.01127e-23
0,1.99351e+09,3.89093e+06,3.09574e+08,-3.2512e+08,-9.10631e+07,9.39961e+07,-1.17011e+09,0.000999607,0.00015523,6.57217e-26
0,2.02727e+09,4.16855e+06,3.20919e+08,1.91644e+09,-3.79737e+08,2.49795e+08,-1.12525e+09,0.00101235,0.000160256,6.46238e-25
0,1.90619e+09,-9.8832e+06,2.84204e+08,-1.1334e+09,-1.49876e+09,-7.77205e+08,-1.66779e+09,0.00115786,0.000172632,-1.15211e-23
0,2.20772e+09,1.43535e+06,3.36014e+08,3.6915e+09,4.72861e+08,1.51062e+08,-3.79615e+08,0.000894197,0.000136097,9.64374e-25
0,1.7972e+09,-2.04782e+07,2.90355e+08,1.35249e+10,5.89621e+08,4.433e+07,-6.3144e+08,0.00105154,0.000169886,4.32423e-22
0,1.92115e+09,5.3701e+06,3.10539e+08,-4.73298e+08,9.51084e+08,-2.10274e+08,-9.23697e+08,0.000985268,0.000159261,-4.28104e-26
0,1.9748e+09,-3.01897e+07,3.09155e+08,-2.29136e+09,4.30886e+08,1.92064e+08,-1.1233e+09,0.00098921,0.000154861,-1.27271e-24
0,2.05873e+09,4.8216e+07,2.85073e+08,6.38766e+09,-1.63816e+09,-1.26779e+08,-1.2504e+09,0.00108041,0.000149605,7.20834e-23
0,2.11999e+09,-2.36015e+06,3.2164e+08,-9.77944e+09,-1.02688e+08,-3.03978e+07,-7.77797e+07,0.000910352,0.000138117,-4.19826e-24
0,2.19854e+09,3.06101e+07,3.23511e+08,1.16912e+10,-1.04351e+09,1.57108e+08,-5.44223e+08,0.000987101,0.00014525,6.18029e-23
0,2.04993e+09,-5.65339e+07,3.18774e+08,-8.66704e+09,9.31519e+08,-4.17918e+07,-8.11127e+08,0.000950506,0.000147808,-4.59998e-23
0,2.019e+09,724235,3.40461e+08,-5.57642e+08,2.76022e+07,-7.00965e+07,-5.87167e+08,0.000979407,0.000165156,1.62285e-27
0,2.14327e+09,7.60491e+06,2.80339e+08,-3.36034e+09,2.23711e+08,-2.11242e+08,2.53446e+08,0.00101787,0.000133137,7.60558e-25
0,1.8366e+09,1.38783e+07,3.17991e+08,9.46889e+08,1.89297e+09,-2.03738e+08,-1.12245e+09,0.000949711,0.000164434,-2.76833e-25
0,2.0449e+09,-6.69916e+07,3.16453e+08,-1.13477e+10,3.19241e+08,-2.52632e+08,-9.30835e+08,0.000980841,0.000151788,-1.40543e-22
0,1.85641e+09,-5.84355e+07,2.87487e+08,-4.28469e+09,8.08307e+07,4.94824e+08,-1.37308e+09,0.00106044,0.000164221,-2.2264e-23
0,2.16119e+09,3.0526e+07,3.07559e+08,7.88486e+09,-1.2746e+09,-4.60777e+08,-2.13754e+08,0.000988767,0.000140712,1.9063e-23
0,1.82901e+09,-3.24343e+07,2.90494e+08,-1.22956e+09,9.12309e+08,5.2837e+08,-1.15723e+09,0.00103304,0.000164073,-1.0499e-25
0,2.26385e+09,2.0237e+07,3.22278e+08,8.31444e+09,-1.65834e+09,9.74807e+07,-5.69227e+08,0.00100642,0.000143272,2.83723e-23
0,1.8254e+09,4.23039e+06,2.85513e+08,1.84845e+09,3.16867e+08,4.59233e+08,-1.60048e+09,0.00107773,0.000168569,7.8264e-25
0,2.0281e+09,-5.54067e+07,2.98476e+08,-9.44689e+09,-7.18154e+08,-3.07464e+08,-1.1417e+09,0.0010378,0.000152733,-1.27469e-22
0,1.9834e+09,-1.06713e+07,3.05367e+08,6.17115e+08,8.63963e+08,6.03964e+07,-9.79647e+08,0.000985568,0.00015174,3.27905e-26
0,2.01298e+09,-7.08914e+07,2.96516e+08,-6.54469e+09,1.08028e+08,4.2152e+07,-9.09961e+08,0.0010342,0.000152339,-3.57585e-23
0,2.19558e+09,-1.95559e+07,3.32719e+08,-4.97219e+09,-5.39701e+08,-3.58084e+08,-5.63461e+08,0.000963324,0.000145983,-3.60903e-24
0,2.09671e+09,-4.00537e+07,3.28811e+08,-7.39445e+09,4.24414e+08,-1.75035e+07,-5.73891e+08,0.000928234,0.000145568,-1.58505e-23
0,1.94011e+09,-2.65434e+07,3.11269e+08,-6.4505e+09,-1.18371e+08,1.60784e+08,-1.16762e+09,0.00101056,0.000162134,-4.6786e-23
0,2.07664e+09,-6.31049e+07,3.22459e+08,-1.21166e+10,7.92381e+08,-2.52873e+08,-7.48163e+08,0.000955593,0.000148384,-1.17278e-22
0,2.02866e+09,4.25614e+07,3.12949e+08,9.3182e+09,6.62824e+08,1.97007e+07,-1.00345e+09,0.000950284,0.000146595,7.3324e-23
0,2.20043e+09,2.11434e+07,3.09756e+08,-6.88795e+09,-4.26781e+08,4.37407e+08,2.68126e+08,0.000917044,0.000129093,3.17437e-24
0,1.98289e+09,8.87244e+07,3.07513e+08,7.48933e+09,1.3928e+09,-5.2808e+08,-1.00178e+09,0.000985013,0.000152759,3.67731e-23
0,2.06888e+09,5.50456e+07,2.59128e+08,-5.14413e+09,1.88533e+08,-2.73206e+07,4.44063e+08,0.00111502,0.000139657,1.08946e-23
0,2.22731e+09,1.86916e+07,3.09068e+08,-4.38128e+09,-2.09413e+08,7.7915e+07,1.56796e+08,0.000929051,0.000128918,6.19278e-25
0,2.30379e+09,8.49671e+06,3.2371e+08,4.06999e+09,-1.8697e+09,7.18098e+07,-5.25722e+08,0.00102292,0.000143732,7.30797e-24
0,1.97285e+09,-5.84685e+07,3.03139e+08,-6.74698e+09,-1.78402e+08,3.96857e+08,-1.05893e+09,0.00106609,0.000163809,-5.95273e-23
0,2.01766e+09,-2.62109e+07,3.18825e+08,3.87697e+08,7.80815e+08,3.58438e+08,-8.77895e+08,0.000973959,0.000153902,3.0374e-26
0,2.01809e+09,1.69167e+06,3.41842e+08,-3.80319e+08,1.41656e+07,-5.37293e+07,-4.51747e+08,0.00097813,0.000165685,1.25659e-27
0,1.99833e+09,3.1077e+07,3.14443e+08,-9.04403e+09,-1.88471e+09,-7.00005e+06,-6.76782e+08,0.00101498,0.00015971,-9.21025e-23
0,1.93955e+09,4.27793e+07,3.20531e+08,5.36401e+09,1.54806e+09,-1.36058e+08,-8.15577e+08,0.000915387,0.000151278,9.12728e-24
0,1.97072e+09,-412997,3.07815e+08,1.16008e+09,9.82719e+08,1.76718e+08,-9.34103e+08,0.00098587,0.000153987,2.84276e-25
0,2.08601e+09,-3.09174e+07,3.3024e+08,-3.31362e+09,1.25131e+08,-3.10556e+08,-7.95143e+08,0.000971663,0.000153825,-2.45978e-24
0,2.05965e+09,-7.25479e+07,3.00972e+08,-8.37468e+09,6.06812e+08,1.35142e+08,-7.63384e+08,0.00102054,0.000149129,-5.14814e-23
0,1.7322e+09,2.29946e+07,2.39173e+08,1.21975e+09,8.56421e+08,-7.25085e+08,-1.45048e+09,0.00110523,0.000152603,-8.98692e-26
0,1.89514e+09,-1.87901e+07,2.99587e+08,-8.71379e+09,-1.09251e+09,-4.36045e+08,-1.37323e+09,0.00108787,0.000171972,-2.07817e-22
0,1.98927e+09,-9.80554e+06,3.19486e+08,-9.71672e+08,-4.5158e+07,-9.326e+07,-1.1864e+09,0.00100935,0.000162106,7.45439e-26
0,2.08541e+09,3.16021e+07,3.1981e+08,-4.40056e+08,-1.87072e+07,-1.31343e+08,-7.97494e+08,0.00100499,0.000154121,1.8105e-26
0,2.0238e+09,927133,3.4034e+08,-3.10867e+08,7.76091e+06,-5.6058e+07,-5.93402e+08,0.000977603,0.000164402,5.18835e-27
0,1.9582e+09,2.43243e+07,3.21671e+08,2.57206e+09,3.74768e+08,-1.10636e+08,-8.53944e+08,0.000969139,0.000159199,1.51786e-24
0,1.90017e+09,-9.73649e+06,2.91069e+08,-4.26924e+09,-8.20689e+08,1.61203e+08,-1.50729e+09,0.00109901,0.000168346,-3.22172e-23
0,2.02028e+09,-5.494e+07,3.09622e+08,-8.54283e+09,-4.49387e+08,3.31967e+07,-1.02718e+09,0.00104386,0.000159979,-9.44402e-23
0,2.17398e+09,-7.2423e+06,3.32601e+08,-7.68244e+09,-6.77247e+07,-5.13187e+08,-4.70786e+08,0.000943034,0.000144277,-1.24565e-23
0,2.26921e+09,-5.2105e+06,3.04988e+08,3.35819e+09,1.76828e+09,9.07405e+07,3.71783e+08,0.000991918,0.000133317,-3.77925e-24
0,1.97595e+09,2.02601e+07,3.01541e+08,4.33203e+09,-9.64386e+08,-4.36397e+08,-9.90319e+08,0.001026,0.000156573,1.63196e-23
0,2.15635e+09,2.08081e+07,3.3809e+08,2.886e+09,1.72751e+06,2.6907e+08,-4.4394e+08,0.000928385,0.000145559,5.99793e-25
0,2.00311e+09,-4.75219e+06,3.16156e+08,1.0559e+09,4.96382e+08,3.2623e+08,-1.02937e+09,0.000999635,0.000157775,1.20934e-25
0,2.16973e+09,5.95074e+07,3.1254e+08,1.05768e+10,-1.8948e+08,-3.87771e+08,-7.179e+08,0.000971803,0.000139984,6.24259e-23
0,2.16895e+09,-1.31734e+06,3.14277e+08,-4.0233e+09,-1.44219e+09,2.71603e+08,-7.67788e+08,0.00099475,0.000144137,-8.25795e-24
0,1.85366e+09,-3.16878e+07,2.95122e+08,-5.0014e+09,-2.014e+08,8.5247e+07,-1.49817e+09,0.0010851,0.000172759,-4.74396e-23
0,2.19148e+09,-1.17296e+07,3.06938e+08,-3.23492e+09,6.20113e+08,2.59186e+08,-2.1827e+08,0.000893816,0.000125188,-1.03864e-25
0,1.93804e+09,3.31105e+07,3.09079e+08,6.54356e+09,1.7526e+08,-2.32637e+08,-1.23941e+09,0.00100361,0.000160055,4.9076e-23
0,2.08336e+09,-6.12096e+07,3.1069e+08,-1.11462e+10,-3.03017e+08,-2.23051e+08,-7.80258e+08,0.000952906,0.000142106,-8.41513e-23
0,1.97326e+09,-6.16544e+07,3.16331e+08,-9.77518e+09,2.7345e+08,-3.43235e+08,-9.15892e+08,0.00100488,0.000161091,-1.19883e-22
0,2.05461e+09,-4.66719e+06,3.19851e+08,-5.53812e+08,-1.37215e+08,-3.962e+07,-1.04465e+09,0.000979933,0.000152551,3.99011e-26
0,1.78851e+09,-626193,2.88898e+08,1.54312e+09,2.86689e+08,2.02983e+08,-1.79314e+09,0.00109109,0.000176243,-6.53808e-25
0,2.04477e+09,2.38795e+07,3.22893e+08,4.53851e+08,2.10171e+07,-7.63143e+07,-9.861e+08,0.000984275,0.000155428,-3.57228e-26
0,2.06932e+09,2.85038e+07,3.24326e+08,-1.28684e+10,-1.60188e+09,-8.12786e+08,1.99365e+08,0.000977716,0.000153238,9.95368e-23
0,2.17845e+09,3.66857e+07,3.24125e+08,5.73909e+09,-3.13702e+08,-1.7178e+08,-6.27223e+08,0.00100384,0.000149358,1.02323e-23
0,1.99293e+09,-3.40692e+06,3.06743e+08,-3.2836e+09,-3.12476e+08,-3.18471e+08,-7.5408e+08,0.0010318,0.00015881,-3.25536e-24
0,1.81633e+09,-8.81791e+07,3.09754e+08,-1.46423e+09,1.66227e+08,-1.15378e+08,-6.38904e+08,0.000949541,0.000161933,-2.77909e-25
0,2.15685e+09,4.4178e+07,2.9756e+08,4.1643e+09,-1.336e+08,-1.87995e+08,-8.77298e+07,0.00090996,0.000125539,4.02172e-25
0,2.10363e+09,-3.13111e+07,3.33416e+08,-6.49227e+09,2.79263e+08,-4.51152e+08,-6.13209e+08,0.000923661,0.000146396,-1.19195e-23
0,1.8749e+09,1.71083e+07,2.99069e+08,2.87283e+09,-5.17333e+08,-6.55621e+08,-9.24589e+08,0.000991823,0.000158207,3.73866e-24
0,1.94488e+09,-1.28938e+07,3.23859e+08,-2.75404e+08,1.165e+08,1.76917e+07,-1.07469e+09,0.00100413,0.000167207,4.44931e-26
0,2.09511e+09,2.71882e+07,3.13876e+08,7.40276e+08,-8.72118e+08,5.78525e+07,-1.11027e+09,0.00101981,0.000152782,3.0435e-25
0,1.84657e+09,-3.15161e+07,2.97395e+08,-4.74683e+09,4.83124e+08,3.24825e+08,-1.44965e+09,0.00105682,0.000170203,-3.27856e-23
0,2.20152e+09,2.61222e+07,3.25008e+08,2.92502e+09,-7.35895e+08,-3.18622e+08,-5.69304e+08,0.00101906,0.000150443,1.85776e-24
0,1.95251e+09,-3.78225e+07,2.54435e+08,-4.52701e+09,-2.06894e+09,-2.71895e+07,-1.23866e+09,0.00112449,0.000146534,-6.50916e-23
0,1.81432e+09,-7.4714e+07,3.15644e+08,5.14525e+08,-4.61018e+08,3.08525e+07,-3.26921e+08,0.000948497,0.000165013,3.87264e-26
0,1.88637e+09,3.40598e+07,2.89896e+08,3.19701e+09,-7.29852e+08,-4.47396e+08,-1.48436e+09,0.00104476,0.000160558,1.00342e-23
0,2.03984e+09,-7.33014e+06,3.11431e+08,-4.34264e+09,-1.23742e+09,-5.22259e+08,-5.22789e+08,0.00101761,0.000155362,-3.36084e-24
0,2.0751e+09,1.59515e+07,3.33273e+08,2.3299e+09,7.64897e+08,1.85475e+08,-5.92865e+08,0.000900328,0.000144598,6.0774e-25
0,2.28006e+09,8.1562e+06,3.14843e+08,-1.04909e+09,-2.25519e+09,-3.23788e+08,-6.92235e+08,0.00102019,0.000140873,-3.60275e-24
0,2.17822e+09,-6.17047e+06,3.15076e+08,8.34983e+08,-1.38103e+09,-6.02623e+07,-8.35595e+08,0.00100065,0.000144743,5.97916e-25
0,1.95238e+09,-7.3182e+06,2.80277e+08,-8.67108e+08,-1.04616e+09,1.19357e+08,-1.6576e+09,0.00111481,0.000160038,-3.03867e-25
0,2.0726e+09,-3.65041e+07,3.12633e+08,-1.11406e+09,-7.78906e+08,8.46526e+08,-1.76338e+08,0.000900514,0.000135834,1.38495e-26
0,1.97353e+09,3.43985e+07,3.11114e+08,2.7116e+09,-4.44684e+08,-9.936e+07,-1.1482e+09,0.00104511,0.000164755,3.59673e-24
0,1.92633e+09,1.68429e+07,3.12073e+08,1.61726e+09,4.75574e+08,-3.54769e+08,-1.18083e+09,0.000995865,0.000161334,3.11571e-25
0,2.11791e+09,-4.81265e+07,3.25707e+08,-9.03292e+09,2.30333e+08,-2.23715e+08,-6.72325e+08,0.000930228,0.000143057,-3.30717e-23
0,1.99634e+09,2.273e+07,3.1029e+08,1.10281e+09,-2.55471e+06,-2.8253e+08,-9.73256e+08,0.000978253,0.00015205,8.47263e-27
0,2.02565e+09,-1.54261e+07,3.32429e+08,-3.5112e+09,1.81648e+08,-2.47028e+08,-7.58527e+08,0.000948733,0.000155697,-2.96323e-24
0,2.10009e+09,-1.27811e+07,3.13523e+08,-4.11699e+09,-1.0961e+09,-7.48065e+07,-8.87694e+08,0.000982671,0.000146703,-7.14785e-24
0,2.15874e+09,-5.71594e+07,3.04435e+08,-9.639e+09,-2.30715e+09,-5.13096e+06,-7.50515e+08,0.00101683,0.000143397,-9.43564e-23
0,2.05112e+09,4.75108e+07,3.19271e+08,4.69088e+09,4.18973e+08,-1.4612e+08,-8.5525e+08,0.000965558,0.000150296,7.65247e-24
0,2.00954e+09,-5.90403e+06,3.28052e+08,-6.91835e+08,-4.76291e+08,-1.05985e+08,-8.00858e+08,0.000981644,0.000160251,-6.3024e-26
0,2.03082e+09,7.31894e+07,3.08117e+08,8.38839e+09,9.01342e+08,-4.08771e+08,-8.06458e+08,0.000938149,0.000142336,3.38424e-23
0,2.00126e+09,1.10675e+07,3.1115e+08,2.65769e+09,3.295e+07,-3.10427e+08,-1.003e+09,0.000967425,0.000150412,1.616e-24
0,2.12908e+09,-1.37727e+07,3.03002e+08,-3.48815e+08,-1.63327e+09,-2.45514e+08,-6.70295e+08,0.00105124,0.000149608,-1.25955e-24
0,1.89184e+09,-3.99329e+07,3.04071e+08,-1.78432e+09,7.52859e+08,2.85889e+08,-1.36089e+09,0.00101321,0.000162851,-7.22154e-25
0,2.29904e+09,2.21304e+07,3.26123e+08,2.96268e+09,-1.14908e+09,-1.99361e+08,-3.01993e+08,0.000945648,0.000134142,1.13049e-24
0,1.9497e+09,2.0727e+07,3.15567e+08,2.99442e+09,-5.06269e+07,-1.05946e+08,-1.06339e+09,0.00101453,0.000164206,3.81269e-24
0,1.99242e+09,6.49222e+07,3.12231e+08,8.06139e+09,1.40527e+09,-3.16587e+08,-8.18227e+08,0.000917689,0.00014381,2.79456e-23
0,1.97057e+09,-2.88606e+07,3.06045e+08,8.88564e+09,9.07607e+08,3.04306e+08,-6.44178e+08,0.00105063,0.000163171,8.93876e-23
0,2.04383e+09,1.70888e+07,3.05176e+08,-7.75074e+08,-1.15077e+09,-3.40998e+08,-1.17347e+09,0.00108182,0.000161532,-1.62077e-24
0,2.0552e+09,6.06638e+07,3.17245e+08,7.05055e+09,1.13991e+09,-2.14668e+08,-7.71174e+08,0.000940768,0.000145219,1.86843e-23
0,2.00716e+09,-5.56799e+06,3.09296e+08,-7.82694e+08,-1.91747e+09,3.57397e+07,-1.15864e+09,0.00111294,0.000171499,-3.88753e-24
0,2.03045e+09,1.98302e+06,3.41347e+08,2.40083e+08,2.09622e+06,6.43594e+06,-4.96692e+08,0.000978205,0.00016445,-2.34265e-27
0,1.87464e+09,1.23426e+07,2.75325e+08,-2.18357e+09,7.39308e+07,-5.61754e+08,-1.67777e+09,0.00110009,0.000161568,-1.04909e-24
0,2.0278e+09,-3.59813e+07,3.27299e+08,-5.89316e+09,4.80784e+07,-5.73196e+08,-8.95272e+08,0.000977449,0.000157766,-1.8413e-23
0,2.09324e+09,-2.79651e+07,3.1501e+08,-5.76329e+09,3.06556e+07,-1.54081e+08,-8.03944e+08,0.000963026,0.000144925,-1.24545e-23
0,2.06279e+09,-5.57147e+07,2.83448e+08,5.96226e+09,-7.08445e+08,-2.98407e+08,4.98685e+08,0.000935258,0.000128513,-6.44583e-24
0,1.92427e+09,-1.87736e+07,3.16946e+08,-2.59035e+09,-1.83037e+08,-1.85374e+08,2.5119e+08,0.000961494,0.000158368,6.31895e-25
0,1.82616e+09,1.94052e+07,2.75985e+08,4.48714e+09,2.02987e+09,-9.94039e+07,-1.15414e+09,0.000961841,0.000145362,1.21584e-23
0,2.06077e+09,-2.02502e+07,3.12253e+08,6.89741e+09,7.73119e+08,2.747e+08,-4.79979e+08,0.00107067,0.000162231,2.85056e-23
0,1.85237e+09,3.89533e+07,3.07533e+08,3.63994e+09,1.11802e+09,-2.97311e+07,-1.42274e+09,0.00100295,0.000166511,1.22979e-23
0,2.03542e+09,-1.1686e+07,3.0073e+08,-4.06775e+09,-1.25012e+09,-4.4666e+08,-1.20959e+09,0.00106965,0.000158039,-1.37898e-23
0,1.95377e+09,-9.73647e+07,2.91022e+08,-1.3713e+10,1.06041e+09,3.93227e+08,-9.99363e+08,0.000980125,0.000145993,-2.98492e-22
0,1.97252e+09,-1.96161e+07,3.04894e+08,-3.76787e+09,-1.2711e+09,2.74796e+08,-1.31672e+09,0.00109636,0.000169466,-2.25037e-23
0,2.09683e+09,-2.29859e+07,3.2982e+08,-1.19173e+09,-2.78054e+08,-3.19579e+08,-6.71726e+08,0.00097508,0.000153375,-3.08867e-26
0,2.01967e+09,3.48959e+06,3.32699e+08,-1.5711e+09,3.14972e+08,-5.42984e+07,-7.39144e+08,0.000936763,0.000154312,-2.22835e-25
0,1.77408e+09,-6.83563e+06,3.14681e+08,-7.16827e+09,6.39673e+08,7.72424e+07,-3.92903e+08,0.000866748,0.000153742,-1.51978e-23
0,2.01173e+09,4.65648e+07,3.07368e+08,6.79105e+09,-1.64264e+08,-5.10638e+08,-9.90162e+08,0.00101233,0.000154672,3.98456e-23
0,2.03461e+09,4.50569e+07,3.26316e+08,8.19691e+09,9.06377e+08,1.47111e+08,-1.92673e+08,0.000978579,0.000156947,1.2898e-23
0,2.26438e+09,2.39425e+07,3.13867e+08,7.754e+09,-2.08714e+09,1.54502e+07,-5.97684e+08,0.0010038,0.000139137,3.24179e-23
0,2.11339e+09,2.10973e+07,3.34622e+08,3.36751e+09,-1.62556e+08,2.33915e+08,-3.61626e+08,0.000902983,0.000142973,6.90249e-25
0,1.98307e+09,4.11573e+06,3.25917e+08,6.72187e+09,3.15213e+08,2.99544e+08,-8.86263e+08,0.00095674,0.00015724,2.90734e-23
0,1.87468e+09,4.53389e+07,2.94705e+08,4.77607e+09,1.05791e+09,-3.55655e+08,-1.46697e+09,0.00102387,0.000160955,2.57676e-23
0,2.26556e+09,1.60384e+07,3.28054e+08,1.85183e+08,-1.11134e+09,3.18766e+08,-1.08189e+08,0.000880092,0.000127438,6.65466e-26
0,1.99907e+09,4.97778e+07,3.07437e+08,3.36639e+09,9.37229e+07,-4.28545e+08,-1.05669e+09,0.00100517,0.000154586,4.33358e-24
0,2.12416e+09,-2.8301e+07,3.34513e+08,-7.39076e+09,-5.76848e+07,-5.66876e+08,-5.82363e+08,0.000950934,0.000149753,-1.60504e-23
0,2.11685e+09,-1.78936e+07,2.96739e+08,-2.31618e+09,-1.24501e+09,-1.89591e+08,3.11203e+08,0.000967004,0.000135554,1.55646e-25
0,1.59348e+09,-4.01251e+07,2.47617e+08,1.58486e+10,3.63149e+08,6.58122e+08,1.54374e+08,0.00125042,0.000194308,-4.98126e-22
0,1.75449e+09,1.72285e+07,2.82064e+08,-1.33288e+09,7.64282e+08,-7.37214e+08,-1.75462e+09,0.00106515,0.000171242,-7.57244e-26
0,2.09523e+09,5.17477e+07,3.04269e+08,6.16462e+09,-7.49018e+08,1.20888e+08,-9.54519e+08,0.00099935,0.000145125,2.20319e-23
0,1.99247e+09,-1.13658e+07,3.27601e+08,-3.41639e+09,1.02281e+08,-5.29093e+08,-9.28052e+08,0.000997929,0.00016408,-4.26698e-24
0,1.91115e+09,2.64442e+07,3.00218e+08,5.31202e+09,3.85901e+08,-3.44258e+08,-1.41683e+09,0.0010462,0.000164345,3.69751e-23
0,2.15831e+09,2.55954e+07,3.17741e+08,2.96041e+09,-1.18814e+09,2.67551e+07,-8.51756e+08,0.00101308,0.000149143,3.68383e-24
0,1.78415e+09,-4.98204e+07,2.92408e+08,3.10101e+09,3.19056e+09,2.90215e+08,-5.33488e+08,0.000920739,0.000150901,-1.80944e-23
0,2.00805e+09,-2.87953e+07,3.10162e+08,-1.19143e+10,9.68089e+07,-6.62838e+08,-2.71949e+08,0.000994461,0.000153604,-5.78848e-23
0,2.01609e+09,3.36483e+07,2.96458e+08,3.2547e+09,-9.76842e+08,1.54232e+08,-1.16363e+09,0.00102928,0.000151351,6.72009e-24
0,1.91849e+09,3.56953e+07,3.22332e+08,8.60844e+09,3.96318e+07,4.11705e+08,1.04794e+08,0.00100754,0.000169281,-9.97046e-24
0,2.04743e+09,-3.50952e+07,3.33139e+08,-6.73762e+09,2.65625e+08,-4.13189e+08,-5.9778e+08,0.000919751,0.000149654,-1.439e-23
0,2.0636e+09,4.70066e+07,3.01489e+08,4.29065e+09,-6.34256e+08,1.35581e+08,-1.08739e+09,0.00102341,0.000149519,1.00373e-23
0,2.12924e+09,-2.07302e+07,3.20811e+08,-4.64453e+09,-1.18595e+09,-3.65339e+08,-7.75444e+08,0.00102331,0.000154182,-7.90487e-24
0,1.99109e+09,4.09664e+07,3.08481e+08,5.34682e+09,-3.40303e+08,-2.39439e+08,-1.08574e+09,0.000997282,0.00015451,2.09907e-23
0,2.07386e+09,-5.87861e+07,3.03867e+08,8.68771e+09,-9.90553e+08,3.13348e+08,2.36769e+07,0.000957894,0.000140353,-6.20192e-24
0,2.27918e+09,-2.06814e+07,3.06624e+08,1.45528e+09,1.1406e+09,-3.50172e+08,1.57111e+08,0.000926054,0.000124584,-2.24338e-25
0,1.86297e+09,-5.50167e+07,3.01757e+08,-5.72243e+09,6.09506e+08,2.99899e+08,-1.36633e+09,0.00103549,0.000167726,-4.87479e-23
0,2.13851e+09,1.79023e+07,3.15555e+08,4.16248e+08,-1.28899e+09,3.28665e+07,-8.4098e+08,0.00100647,0.000148514,3.59363e-25
0,1.95695e+09,-4.28323e+07,3.03058e+08,-7.81383e+09,6.20539e+08,-8.94089e+07,-1.04188e+09,0.000972304,0.000150573,-6.10463e-23
0,2.00212e+09,-1.92444e+07,3.35249e+08,-4.48943e+09,7.77515e+08,-1.59988e+08,-5.55203e+08,0.000898663,0.000150479,-4.19935e-24
0,2.09775e+09,3.17951e+07,3.15106e+08,2.70051e+09,-6.67375e+08,2.31969e+08,-1.06761e+09,0.00100515,0.000150985,2.0316e-24
0,2.12735e+09,6.10611e+07,3.06366e+08,1.15303e+10,-6.34175e+08,-2.35227e+08,-7.84304e+08,0.000990345,0.000142622,1.10914e-22
0,1.99864e+09,-7.02995e+06,3.25554e+08,-5.54382e+09,9.3759e+08,-1.07121e+08,-7.28835e+08,0.000926958,0.00015099,-1.14184e-23
0,2.17282e+09,-1.28326e+07,3.11506e+08,-5.8653e+09,-1.59325e+09,3.49196e+08,-7.06843e+08,0.000998079,0.000143089,-2.12739e-23
0,2.13712e+09,-1.4869e+07,3.09152e+08,-3.80257e+09,-1.80564e+09,-4.8691e+08,-8.83133e+08,0.00103629,0.000149907,-9.81176e-24
0,1.86824e+09,-6.19933e+07,3.07894e+08,-5.29568e+09,1.24573e+09,2.83352e+08,-1.22838e+09,0.00101606,0.00016745,-2.93679e-23
0,1.86393e+09,3.61845e+07,2.84081e+08,4.16137e+09,1.68471e+09,-1.60923e+08,-1.13055e+09,0.000959376,0.000146218,9.04509e-24
0,2.05575e+09,6.42612e+06,3.2906e+08,2.76423e+09,3.65108e+07,5.55928e+07,-8.55201e+08,0.000953612,0.000152643,1.40601e-24
0,2.13637e+09,1.94632e+07,3.36689e+08,3.14897e+09,-1.00115e+08,4.00031e+08,-5.50527e+08,0.000941902,0.000148442,9.56756e-25
0,1.9674e+09,-5.15235e+07,2.96529e+08,-5.20953e+09,-1.15966e+09,1.79602e+08,-8.44496e+08,0.000964394,0.000145355,-1.84685e-23
0,2.07838e+09,-4.06769e+06,3.03647e+08,1.49117e+08,-1.21674e+09,-3.32329e+08,-1.23163e+09,0.00107981,0.000157757,-9.27116e-25
0,2.09039e+09,-9.23516e+06,2.92279e+08,-2.46903e+09,1.48432e+09,1.88759e+08,-3.95107e+08,0.00089553,0.000125213,4.25883e-25
0,1.75177e+09,3.08773e+07,2.87995e+08,4.45004e+08,2.03985e+08,-6.5001e+08,-1.67089e+09,0.00106439,0.000174988,-3.40836e-25
0,2.13587e+09,-2.1189e+07,3.29568e+08,-6.85384e+09,-4.84684e+08,-5.62691e+08,-7.3858e+08,0.000977354,0.000150808,-1.53527e-23
0,1.97396e+09,-6.01238e+06,3.05866e+08,3.56266e+08,-7.82736e+08,-1.54664e+08,-1.12716e+09,0.001007,0.000156034,-9.81104e-26
0,1.90604e+09,-4.81835e+07,3.15766e+08,-8.72057e+09,-4.66102e+08,9.89929e+07,3.29119e+07,0.000915771,0.000151712,1.02161e-24
0,1.99028e+09,-1.14784e+07,3.17128e+08,3.68545e+09,1.82186e+09,8.11063e+08,-8.19814e+08,0.000917743,0.000146232,8.57707e-24
0,2.09947e+09,8.84943e+06,2.59258e+08,-1.10116e+09,-8.82821e+08,-6.00724e+08,1.08663e+08,0.00109449,0.000135155,3.67501e-25
0,1.77457e+09,5.4797e+07,2.46812e+08,5.53844e+09,-4.7371e+08,-7.46386e+08,-1.50139e+09,0.00109683,0.000152549,9.04458e-23
0,2.22104e+09,-1.98508e+07,3.19767e+08,4.37964e+09,-1.99153e+09,-2.02752e+08,-1.58274e+08,0.000925689,0.000133273,5.34066e-24
0,1.96722e+09,2.61859e+07,2.80236e+08,-5.66795e+09,-1.47704e+09,9.75689e+06,7.85893e+08,0.00101108,0.000144032,1.88808e-23
0,1.969e+09,-1.6399e+07,3.08437e+08,-2.26076e+09,-4.22401e+08,1.87842e+07,-1.17893e+09,0.000996436,0.000156088,-1.5588e-24
0,2.15662e+09,-3.14542e+07,3.1322e+08,-8.4082e+09,-1.48893e+09,-3.46267e+08,-7.40708e+08,0.00100865,0.000146494,-3.76566e-23
0,2.03096e+09,4.00943e+06,3.41437e+08,1.76428e+08,-976500,-6.22208e+07,-4.15072e+08,0.000982116,0.000165109,-1.16523e-27
0,2.02175e+09,7.6854e+06,3.17336e+08,2.07392e+09,-1.31062e+09,2.06244e+08,-9.80059e+08,0.00104302,0.000163714,3.85397e-24
0,2.17864e+09,3.28853e+07,3.13607e+08,7.80697e+09,8.14966e+08,-1.41836e+08,-3.00416e+08,0.000939012,0.000135167,7.05235e-24
0,1.92022e+09,1.00308e+06,3.14672e+08,-3.94392e+08,-3.73007e+08,4.59643e+07,-1.01149e+09,0.00100051,0.000163957,3.58404e-26
0,2.07168e+09,-4.56051e+07,3.02463e+08,-3.26e+09,-6.60276e+08,4.20639e+08,-1.07682e+09,0.0010387,0.000151649,-5.34879e-24
0,1.90842e+09,4.31835e+07,3.04935e+08,1.21788e+10,2.65357e+08,-2.4137e+08,-3.59507e+08,0.000929404,0.000148504,6.80658e-23
0,2.15529e+09,-4.22809e+07,3.12446e+08,-1.05561e+10,-1.11399e+09,-1.53702e+08,-7.10988e+08,0.000985765,0.000142904,-6.66003e-23
0,2.02909e+09,-1.93004e+07,3.09842e+08,-7.53151e+09,-1.09175e+09,-6.68163e+08,-1.08485e+09,0.0010397,0.000158762,-5.00572e-23
0,1.85345e+09,5.95755e+06,3.11968e+08,1.37656e+10,3.48847e+08,3.27502e+07,1.56605e+08,0.000951391,0.000160135,-5.75695e-23
0,2.04645e+09,792554,3.13628e+08,-8.41372e+07,-1.29674e+09,4.31915e+08,-1.0813e+09,0.00105098,0.000161067,1.20823e-24
0,1.96926e+09,8.27889e+07,2.94226e+08,9.12684e+09,7.02555e+08,-5.99915e+08,-9.67964e+08,0.000962211,0.000143763,7.05642e-23
0,1.86305e+09,2.10821e+07,2.99745e+08,8.79083e+08,9.34954e+08,-5.6323e+08,-1.36159e+09,0.00100989,0.000162481,-2.14711e-26
0,2.11306e+09,-5.04235e+07,3.11297e+08,-6.84011e+09,-4.8351e+08,2.15255e+08,-9.06101e+08,0.00102715,0.00015132,-3.2898e-23
0,1.93931e+09,4.35426e+07,3.03455e+08,1.37492e+10,3.73961e+07,-8.16754e+07,-4.92907e+08,0.000970119,0.0001518,1.6009e-22
0,2.03476e+09,1.20664e+07,3.27493e+08,2.51793e+09,5.28264e+07,1.51519e+08,-9.16128e+08,0.000964487,0.000155233,1.2151e-24
0,1.96433e+09,4.37879e+07,2.99717e+08,-7.44591e+09,-3.05277e+09,-3.07824e+08,-6.76181e+08,0.00104416,0.000159319,-1.20447e-22
0,1.82376e+09,4.38091e+07,3.11041e+08,1.80367e+09,1.34385e+09,-2.97603e+08,-1.28534e+09,0.000991748,0.000169142,8.08746e-25
0,1.83184e+09,-2.78112e+07,2.90781e+08,1.70316e+08,1.14836e+09,2.65135e+07,-1.46029e+09,0.00101005,0.000160332,-1.243e-26
0,2.04619e+09,-2.7541e+07,3.14312e+08,-9.13452e+09,-1.0286e+09,-6.75015e+08,-9.36855e+08,0.0010202,0.000156712,-6.7651e-23
0,2.08768e+09,-7.35593e+06,3.33636e+08,-6.82818e+08,-1.86504e+08,-4.71721e+07,-6.93384e+08,0.00094751,0.000151423,-4.1937e-27
0,2.10393e+09,2.55944e+07,3.35098e+08,3.81029e+09,4.06508e+07,4.32077e+08,-6.41006e+08,0.00096627,0.0001539,2.77284e-24
0,2.05193e+09,-3.57463e+07,3.11401e+08,-5.65469e+09,-7.03155e+08,1.44022e+08,-9.26847e+08,0.000993566,0.000150783,-1.94719e-23
0,1.95684e+09,-3.20998e+07,2.82797e+08,1.68296e+09,-3.23941e+09,-4.0317e+08,-8.90516e+08,0.00108839,0.000157292,2.20652e-23
0,2.026e+09,-2.97535e+07,2.96227e+08,-3.72732e+09,-1.85008e+09,-5.91232e+07,-1.31485e+09,0.0010974,0.000160453,-2.90333e-23
0,2.13038e+09,1.38621e+07,3.0563e+08,2.30867e+09,-2.21428e+09,1.93412e+08,-9.67858e+08,0.00105183,0.000150898,1.14438e-23
0,2.03158e+09,1.53679e+06,3.39474e+08,-2.8306e+08,-7.62611e+07,-8.82116e+07,-5.75171e+08,0.000980887,0.000163905,3.83404e-27
0,1.96759e+09,6.44322e+07,2.93405e+08,1.51028e+10,6.50297e+08,-2.06631e+08,-5.96095e+08,0.00102322,0.000152582,2.98613e-22
0,1.85418e+09,3.14774e+07,3.13339e+08,4.01979e+09,7.0454e+08,-4.05368e+08,-1.16059e+09,0.00101273,0.000171143,1.16814e-23
0,1.99077e+09,-3.35617e+07,3.13804e+08,-3.96135e+09,-5.43114e+08,3.12124e+08,-1.10605e+09,0.00103984,0.000163909,-1.13088e-23
0,1.91375e+09,6.52904e+07,2.92575e+08,7.89423e+09,2.44313e+09,-6.75118e+08,-9.36653e+08,0.000912914,0.000139567,9.90933e-24
0,2.09602e+09,-5.61991e+07,3.17699e+08,-1.02996e+10,-1.32379e+08,-1.53889e+08,-8.35849e+08,0.000980773,0.000148658,-8.08001e-23
0,1.9798e+09,6.2837e+07,3.0522e+08,-2.52481e+09,-1.11992e+09,4.17668e+08,-6.98655e+08,0.00108516,0.000167296,-4.92385e-24
0,1.82671e+09,-6.4377e+07,2.74606e+08,8.67756e+08,-2.72541e+09,-2.00801e+08,-8.46691e+08,0.00107334,0.000161353,8.75144e-24
0,1.7931e+09,1.24813e+07,2.24345e+08,3.07714e+09,-1.18263e+09,3.34531e+08,-1.5041e+09,0.00120654,0.000150957,3.092e-23
0,2.09864e+09,2.36296e+07,3.18943e+08,8.11477e+09,-1.29148e+09,3.29179e+08,-7.34109e+08,0.00105841,0.000160853,4.77854e-23
0,1.97938e+09,-3.8923e+06,3.21805e+08,-7.56117e+09,-1.67401e+09,-9.58009e+08,-5.03513e+08,0.000987226,0.000160502,2.23328e-24
0,2.10137e+09,5.16543e+07,3.0034e+08,6.43686e+09,-4.83638e+08,-1.92673e+07,-8.122e+08,0.000985056,0.00014079,1.9864e-23
0,2.01535e+09,-1.8207e+07,3.17939e+08,-1.01509e+09,7.71677e+08,4.25748e+08,-9.31876e+08,0.000969923,0.000153014,-2.29921e-26
0,1.93856e+09,-4.46325e+07,3.1727e+08,-4.62685e+09,2.36013e+08,1.14618e+08,-1.0251e+09,0.00101903,0.000166778,-1.53225e-23
0,2.09277e+09,3.49871e+07,2.8826e+08,-6.1851e+09,-7.33543e+08,2.53074e+07,4.14178e+08,0.000984269,0.000135574,8.71709e-24
0,1.83667e+09,1.8591e+07,2.98346e+08,1.56017e+09,1.43951e+09,-1.50443e+08,-1.315e+09,0.00098931,0.000160702,6.3136e-25
0,1.91169e+09,5.86441e+07,3.01129e+08,-4.36497e+09,-2.16492e+09,2.18498e+08,-8.40617e+08,0.00107093,0.000168692,-4.82337e-23
0,1.73368e+09,-7.60899e+07,2.75431e+08,1.06969e+09,-1.42336e+09,1.62869e+08,-8.43379e+08,0.00106824,0.000169713,5.14472e-24
0,2.00724e+09,-2.53789e+07,3.11671e+08,3.26887e+09,-6.94792e+08,-3.07697e+08,-7.14947e+08,0.000949552,0.00014744,3.13516e-24
0,2.00552e+09,2.00358e+07,3.05912e+08,3.43153e+09,1.68638e+08,-1.01096e+08,-8.86593e+08,0.000944655,0.000144093,3.0632e-24
0,2.03908e+09,-2.17813e+07,3.23492e+08,-7.99864e+09,-8.6198e+08,-6.15172e+08,-6.53703e+08,0.000969785,0.000153852,-2.27342e-23
0,1.93987e+09,1.30686e+07,3.09051e+08,9.31755e+08,-6.80243e+08,-3.33292e+08,-1.21337e+09,0.00102521,0.000163332,-1.66425e-25
0,2.09431e+09,4.73001e+07,2.98596e+08,5.14812e+09,-9.14057e+08,1.7201e+07,-8.91357e+08,0.00101207,0.000144296,1.43609e-23
0,2.26199e+09,4.50243e+07,3.03735e+08,3.76548e+09,-2.96178e+07,-2.06375e+08,-1.55745e+08,0.00102441,0.000137556,6.44856e-25
0,1.91401e+09,3.0489e+07,3.22672e+08,1.48782e+08,1.25093e+09,-2.32269e+08,-9.90585e+08,0.00096712,0.000163041,2.90107e-27
0,1.87073e+09,3.87755e+07,3.06007e+08,-4.65412e+09,-2.52171e+09,5.76295e+07,-8.16835e+08,0.00105398,0.000172406,-6.94653e-23
0,2.21957e+09,-2.65768e+06,3.13604e+08,-7.71952e+09,-7.17224e+08,5.48926e+07,-3.0046e+08,0.000956665,0.000135168,-9.16765e-24
0,2.25249e+09,2.48209e+07,3.2441e+08,1.23101e+09,-1.62994e+09,1.66183e+08,-1.94304e+08,0.000914965,0.000131776,6.20058e-25
0,1.98083e+09,4.35297e+06,3.33485e+08,9.28809e+08,6.8355e+08,2.22741e+08,-7.32879e+08,0.000935079,0.000157427,1.00294e-25
0,1.99781e+09,8.73736e+06,3.24748e+08,7.91132e+09,6.59077e+08,4.43685e+08,-8.54136e+08,0.000945574,0.000153705,4.55422e-23
0,2.00153e+09,-3.44178e+07,3.21145e+08,-5.23503e+09,4.97026e+08,2.09948e+08,-7.96108e+08,0.000949716,0.000152382,-1.00986e-23
0,1.96176e+09,-3.83171e+07,3.0697e+08,-3.02203e+09,-6.80009e+08,1.56056e+08,-1.04311e+09,0.00104644,0.000163743,-5.71425e-24
0,2.08764e+09,-5.77287e+06,3.0038e+08,4.1013e+08,-2.1884e+09,3.63559e+08,-1.06405e+09,0.00107383,0.000154508,5.47181e-24
0,2.2378e+09,3.73288e+07,3.08643e+08,5.41208e+09,1.11405e+09,-1.69228e+08,-3.82232e+06,0.000972806,0.000134172,-1.80922e-24
0,1.96744e+09,-9.92665e+07,2.9744e+08,-1.07455e+10,1.23592e+09,3.41736e+08,-1.08592e+09,0.000982578,0.000148548,-1.498e-22
0,2.0277e+09,4.20076e+07,3.00323e+08,-8.09613e+09,-3.19477e+09,1.50432e+08,-5.5749e+08,0.00105599,0.000156403,-1.57989e-22
0,2.01882e+09,-7.02841e+06,3.22764e+08,-7.84421e+09,-1.73195e+08,-1.44704e+08,-6.99883e+08,0.000958045,0.00015317,-3.18279e-23
0,2.04146e+09,1.56815e+06,2.86946e+08,1.47601e+10,3.05422e+09,2.06053e+08,5.16594e+08,0.00107652,0.000151315,-3.77395e-22
0,2.10011e+09,-6.53656e+07,2.97668e+08,5.08321e+09,-2.36319e+09,-1.98655e+07,-1.29261e+07,0.000942095,0.000133532,1.01576e-23
0,2.04007e+09,-5.27371e+07,3.12519e+08,-4.25869e+09,6.69508e+08,3.0749e+08,-1.01336e+09,0.000992828,0.000152092,-7.24527e-24
0,2.26245e+09,1.24688e+07,3.16471e+08,4.14719e+09,-1.31981e+09,-7.38081e+07,-6.60751e+08,0.000988331,0.000138247,5.28023e-24
0,2.10078e+09,-9.27082e+06,3.08719e+08,3.51048e+07,-1.41275e+09,-1.72054e+08,-1.13332e+09,0.00105106,0.000154458,-5.41751e-25
0,2.00241e+09,-5.80837e+06,3.37093e+08,8.13402e+08,2.39013e+07,-6.56299e+07,-5.3317e+08,0.000994164,0.000167362,1.90243e-26
0,2.02572e+09,-3.27922e+06,3.31621e+08,-8.94104e+08,-1.53625e+08,-8.63524e+07,-8.23022e+08,0.000973058,0.000159295,-1.33581e-26
0,2.06094e+09,9.99061e+06,3.17222e+08,-1.0339e+09,-9.85028e+08,-1.75081e+07,-1.19327e+09,0.00103946,0.000159995,-6.94089e-25
0,2.00351e+09,3.40489e+07,3.3031e+08,2.27984e+09,1.08033e+09,1.14172e+08,-6.66451e+08,0.00094947,0.000156535,8.40348e-25
0,1.89915e+09,5.01302e+07,2.97155e+08,3.83037e+09,8.64878e+08,-9.33705e+08,-1.18085e+09,0.00099303,0.000155376,5.51188e-24
0,2.05855e+09,-6.92466e+06,3.10465e+08,2.812e+09,3.14753e+07,-1.06839e+08,-9.28615e+08,0.00102996,0.000155336,2.28903e-24
0,1.82932e+09,-6.02986e+07,2.82175e+08,2.68191e+09,7.82483e+08,3.82787e+08,-8.37888e+08,0.00112068,0.000172866,8.11061e-24
0,1.78064e+09,-2.67351e+07,2.19283e+08,-3.30566e+09,-7.74346e+08,1.96922e+08,-1.4758e+09,0.00119898,0.000147652,-3.10536e-23
0,2.1332e+09,-2.46529e+07,3.07185e+08,-4.6565e+09,-4.40236e+08,8.48858e+06,1.71208e+08,0.000945526,0.000136157,1.14217e-24
0,2.26162e+09,2.84727e+07,3.06183e+08,-4.62169e+09,9.77679e+08,2.22324e+08,2.15371e+08,0.000946285,0.00012811,2.27016e-24
0,1.93605e+09,-3.84059e+07,3.19723e+08,-4.7372e+09,1.76261e+09,-6.58614e+07,-6.20781e+08,0.000863668,0.000142628,-3.38694e-24
0,2.17421e+09,2.58438e+07,3.06881e+08,2.57793e+09,-2.06352e+09,-1.09667e+08,-9.24546e+08,0.00104506,0.000147507,8.98435e-24
0,2.15804e+09,1.38487e+07,3.08993e+08,6.69272e+09,-1.38534e+09,2.48487e+07,-7.89199e+08,0.00100225,0.000143504,2.55057e-23
0,1.91988e+09,5.10589e+07,3.02903e+08,2.87725e+09,1.20464e+09,-6.46811e+08,-1.19497e+09,0.000985663,0.00015551,1.87832e-24
0,1.99303e+09,-73093.1,3.07262e+08,-1.05517e+09,-9.46265e+08,1.24988e+08,-5.9658e+08,0.00111907,0.000172526,-7.57057e-25
0,2.06988e+09,-3.04842e+07,3.12753e+08,2.94271e+09,-1.56062e+09,4.65469e+08,-3.24648e+08,0.000982729,0.000148488,1.85928e-24
0,1.85987e+09,-2.47162e+07,3.22514e+08,-6.27965e+09,-2.70184e+08,-1.14697e+08,1.15573e+07,0.000871492,0.000151122,5.80292e-25
0,1.55785e+09,-1.413e+07,2.24813e+08,6.099e+09,9.19999e+07,1.10965e+09,5.84807e+08,0.00102715,0.000148228,-5.03457e-23
0,1.92749e+09,-8.9754e+07,3.04066e+08,-4.66182e+09,-1.96892e+09,-2.09274e+08,-4.42348e+08,0.0010077,0.000158967,-1.83001e-23
0,2.20052e+09,1.06082e+06,3.10525e+08,4.04908e+09,-1.75229e+09,1.0384e+08,-7.39988e+08,0.00101968,0.000143892,9.61695e-24
0,2.00374e+09,-1.23081e+07,3.16521e+08,-2.94756e+09,-9.699e+08,1.08133e+07,-1.01461e+09,0.00103292,0.000163165,-5.36846e-24
0,2.19406e+09,5.89666e+06,3.31171e+08,1.3714e+09,-7.65801e+08,1.01216e+08,-6.35136e+08,0.00101202,0.000152753,3.31971e-25
0,1.95377e+09,-3.85618e+07,3.14412e+08,-4.43474e+09,6.36198e+08,2.03052e+08,-1.09762e+09,0.00100381,0.000161539,-1.23232e-23
0,2.07528e+09,-3.1496e+07,3.31353e+08,-7.68669e+09,1.40119e+08,-3.72025e+08,-7.42935e+08,0.000949787,0.000151649,-2.74851e-23
0,2.18787e+09,4.43237e+07,3.21574e+08,9.05481e+09,-3.93581e+08,2.63776e+07,-6.09867e+08,0.000946781,0.000139158,2.74273e-23
0,2.0509e+09,-7.5471e+07,3.01175e+08,-7.8811e+09,2.30829e+07,4.30932e+08,-9.52971e+08,0.0010089,0.000148157,-5.23166e-23
0,1.68925e+09,-4.70592e+07,2.70192e+08,1.01837e+09,-2.19381e+09,-2.49224e+08,-8.69526e+08,0.00104511,0.000167163,7.24383e-24
0,2.02295e+09,-2.61766e+06,3.412e+08,-1.50712e+08,-1.1127e+07,1.8714e+07,-4.40325e+08,0.00097244,0.000164016,1.18222e-27
0,2.19023e+09,2.24986e+07,3.01275e+08,-7.7081e+09,-4.42531e+08,-6.1147e+07,1.22467e+08,0.000973458,0.000133903,4.17438e-24
0,2.20606e+09,-2.66516e+07,3.10976e+08,-7.59623e+09,-1.89052e+09,-2.66662e+08,-9.01314e+08,0.00102173,0.000144027,-4.1117e-23
0,2.00474e+09,-3.24338e+07,3.2627e+08,1.13011e+09,-4.19393e+08,-8.2523e+07,-4.43521e+08,0.000918774,0.00014953,8.08457e-26
0,2.0164e+09,-3.28376e+07,3.13077e+08,-5.91673e+09,-7.4163e+08,1.99785e+08,-9.98493e+08,0.00100318,0.000155759,-2.77966e-23
0,1.80605e+09,1.2203e+07,2.36945e+08,1.03978e+10,4.21452e+08,9.68067e+08,7.3684e+08,0.00112876,0.000148089,-2.48109e-22
0,2.09275e+09,-3.96175e+06,3.16171e+08,1.65067e+09,-1.98694e+08,-4.53085e+08,-8.83303e+08,0.000975776,0.00014742,2.09031e-25
0,1.9573e+09,-4.91192e+07,3.16303e+08,-7.38363e+09,1.30232e+09,1.32413e+08,-9.40972e+08,0.000937766,0.000151545,-3.51287e-23
0,2.16782e+09,-2.13173e+07,3.30551e+08,-3.45296e+09,-5.13606e+08,-2.55115e+08,-7.244e+08,0.000964271,0.000147033,-1.8187e-24
0,2.11032e+09,-7.00502e+07,3.10078e+08,-1.00652e+10,2.20445e+08,3.29525e+08,-7.80646e+08,0.000995673,0.000146298,-7.19221e-23
0,2.1406e+09,9.50952e+06,2.99024e+08,2.35746e+08,-2.06039e+09,-5.36455e+08,-9.23832e+08,0.0010584,0.000147849,-2.64884e-24
0,1.78227e+09,-5.6876e+07,2.85364e+08,1.42509e+09,1.73838e+09,9.28047e+08,-8.74271e+08,0.000961181,0.000153898,3.00538e-24
0,2.14062e+09,4.35196e+07,2.70917e+08,4.05089e+08,-2.99017e+08,-2.1867e+08,2.76129e+07,0.00107066,0.000135502,1.28057e-27
0,1.88403e+09,-1.28971e+07,2.91802e+08,-1.01852e+10,3.92349e+08,3.51943e+07,-9.17171e+08,0.00102025,0.000158019,-1.78831e-22
0,1.98474e+09,-3.36157e+07,3.18913e+08,-4.23104e+09,2.14069e+08,-6.69585e+06,-1.1281e+09,0.000977809,0.000157117,-9.28958e-24
0,2.19204e+09,2.2498e+07,2.90072e+08,3.55863e+09,5.34847e+08,2.76429e+08,3.18215e+08,0.00103904,0.000137496,-9.39242e-25
0,1.98363e+09,-3.27396e+07,3.18141e+08,-6.2569e+09,-8.43482e+08,3.05661e+08,-8.62346e+08,0.000996421,0.000159809,-3.19727e-23
0,2.26485e+09,1.19939e+07,3.30767e+08,1.09472e+09,-2.00851e+08,-1.48529e+07,-2.97074e+08,0.000912326,0.00013324,1.80789e-26
0,1.78361e+09,2.06013e+07,2.76667e+08,-8.03571e+09,-1.86519e+09,-3.17387e+08,8.30933e+08,0.000938855,0.000145632,8.27452e-23
0,1.99987e+09,-2.57509e+07,3.10325e+08,-6.24133e+09,-1.04489e+09,-7.69214e+07,-1.04658e+09,0.00101817,0.000157992,-3.75219e-23
0,2.1623e+09,-3.32239e+07,3.12781e+08,-6.07888e+09,-9.32844e+08,-7.77262e+07,-8.77478e+08,0.000997366,0.000144271,-1.74682e-23
0,1.66508e+09,-3.88388e+07,2.36304e+08,-3.07874e+09,3.27084e+08,5.4078e+08,-1.67204e+09,0.00113177,0.000160618,-1.70577e-23
0,1.77069e+09,-2.48116e+07,2.88252e+08,4.12882e+09,2.0346e+09,3.61054e+08,-9.59086e+08,0.00103423,0.000168363,2.27671e-23
0,1.5391e+09,-2.85297e+07,2.5611e+08,8.49253e+09,7.75988e+08,3.18493e+08,-9.33659e+08,0.00105342,0.000175292,3.76356e-22
0,1.95531e+09,-4.58491e+07,3.13532e+08,-4.57618e+09,1.89391e+08,2.33199e+08,-1.08188e+09,0.00100267,0.000160777,-1.34994e-23
0,2.28567e+09,1.28434e+07,3.19985e+08,6.57329e+09,8.17302e+08,3.23046e+07,-1.11816e+07,0.0009729,0.000136202,-2.51376e-26
0,1.99586e+09,-3.11669e+07,3.30887e+08,-3.82967e+09,4.91408e+08,-3.50731e+08,-6.91655e+08,0.000966408,0.000160217,-4.95805e-24
0,2.14299e+09,-6.65762e+07,3.0437e+08,1.18466e+10,3.57556e+08,-2.68629e+08,5.58784e+08,0.000953235,0.000135388,-6.73961e-23
0,2.08159e+09,-7.04152e+07,3.16655e+08,-1.12997e+10,3.71807e+08,-4.33717e+07,-6.45248e+08,0.000958642,0.00014583,-7.75574e-23
0,2.19734e+09,2.53679e+07,3.27979e+08,-6.24217e+09,-1.37401e+09,2.51541e+07,-2.79484e+07,0.000915109,0.000136591,-2.20362e-24
0,1.99583e+09,4.39628e+07,2.96525e+08,5.93005e+09,-1.19832e+09,-6.19733e+08,-1.19312e+09,0.00106535,0.000158282,5.75718e-23
0,2.20562e+09,-7.53207e+06,3.29289e+08,-6.68694e+07,-7.09977e+08,1.13367e+08,-2.13045e+08,0.000910169,0.000135884,6.52413e-27
0,2.31496e+09,1.24191e+07,3.27803e+08,2.61116e+09,-9.5764e+08,-1.10548e+08,-2.52759e+08,0.000915878,0.00012969,4.79122e-25
0,1.59783e+09,-3.84745e+06,2.56597e+08,1.13481e+10,1.5195e+09,3.16952e+08,-9.60867e+08,0.00110532,0.000177504,1.00295e-21
0,1.99325e+09,-8.20706e+07,3.1309e+08,-1.00851e+10,3.06351e+08,-2.3508e+08,-5.77917e+08,0.000923262,0.000145022,-5.23593e-23
0,2.14142e+09,2.38013e+07,3.25097e+08,4.88289e+09,-3.475e+08,1.88741e+08,-5.8172e+08,0.000923589,0.000140214,3.76084e-24
0,2.02535e+09,-6.46538e+06,3.38402e+08,-3.47322e+09,-1.16736e+08,-8.28303e+07,-4.97139e+08,0.000961902,0.000160718,-1.94195e-24
0,2.01051e+09,1.12292e+07,3.34896e+08,1.0718e+10,6.98894e+07,9.42819e+08,-5.59409e+07,0.000934766,0.000155706,8.17458e-24
0,2.11784e+09,-1.91828e+07,3.2919e+08,-1.36094e+08,-6.52507e+08,3.68467e+08,-1.61441e+08,0.000906134,0.000140846,1.88225e-26
0,2.04603e+09,-2.94507e+07,3.00607e+08,-8.38291e+09,-1.65133e+09,-3.83851e+08,-8.66664e+08,0.00102733,0.000150937,-6.41622e-23
0,2.08547e+09,-9.58664e+06,3.34373e+08,-4.11638e+09,2.34733e+08,-1.22787e+08,-6.17653e+08,0.000920263,0.00014755,-2.93467e-24
0,2.13601e+09,4.90704e+07,3.02654e+08,1.32287e+09,-3.05706e+09,-1.75181e+08,-1.76216e+08,0.000970429,0.000137501,5.25123e-24
0,2.22763e+09,-1.02406e+07,3.25444e+08,-4.72561e+09,-1.29363e+09,-4.58261e+08,-5.34195e+08,0.000971521,0.000141934,-2.85538e-24
0,2.16502e+09,2.16129e+07,3.22719e+08,6.80784e+09,-1.18917e+09,4.0795e+07,-6.76058e+08,0.00098297,0.000146522,1.90833e-23
0,2.16846e+09,-5.14679e+07,3.14487e+08,-1.0748e+10,-7.81506e+08,1.4526e+08,-6.96509e+08,0.000975078,0.000141413,-6.78149e-23
0,1.82056e+09,-3.97946e+07,2.56307e+08,1.90799e+09,-2.55657e+09,-2.39103e+08,8.22684e+08,0.00101327,0.000142652,6.01899e-24
0,1.76139e+09,-7.06359e+07,3.03376e+08,-6.57534e+09,1.6444e+09,-4.29886e+08,-6.19789e+08,0.000870877,0.000149997,-2.93935e-23
0,2.32459e+09,1.10268e+07,3.30712e+08,2.45419e+09,-1.07943e+09,-9.41862e+07,-2.83553e+08,0.000923178,0.000131337,5.47485e-25
0,2.14749e+09,-6.30833e+06,3.28154e+08,5.22758e+09,2.3838e+08,4.57892e+07,-3.29495e+08,0.00098333,0.000150261,3.85969e-24
0,2.05038e+09,3.83001e+07,3.12306e+08,-1.97989e+09,3.42233e+08,-3.23416e+08,-7.63381e+08,0.000987128,0.000150355,-6.82084e-25
0,1.83997e+09,1.70886e+07,2.97812e+08,-1.22205e+10,-1.9071e+09,-9.07842e+08,1.55041e+08,0.000954748,0.000154533,1.51733e-22
0,1.95025e+09,-3.04255e+07,3.19183e+08,-1.37985e+09,1.20526e+09,4.81006e+08,-9.67396e+08,0.000970105,0.00015877,-3.16597e-26
0,1.9371e+09,-1.12411e+07,3.28498e+08,-3.87757e+08,5.51638e+08,-3.92241e+07,-9.23863e+08,0.0009575,0.000162375,6.36997e-27
0,2.15116e+09,8.09925e+06,3.29834e+08,5.16936e+09,-9.51692e+08,5.21007e+08,-4.06826e+08,0.000962219,0.000147536,1.66364e-24
0,1.91978e+09,-2.49627e+07,2.9674e+08,-7.60217e+09,-3.4715e+08,2.79948e+07,-9.73733e+08,0.000979433,0.000151391,-5.88561e-23
0,1.74253e+09,4.49101e+07,2.78432e+08,4.43985e+09,6.24272e+08,-5.8478e+08,-1.13317e+09,0.000977844,0.000156245,1.68579e-23
0,1.99069e+09,-3.56982e+07,3.23609e+08,-7.68103e+09,1.29926e+08,-2.34758e+07,-6.92931e+08,0.000968678,0.000157469,-3.40724e-23
0,2.07237e+09,-2.99715e+06,3.12098e+08,4.39265e+09,1.13968e+09,2.23516e+08,-4.54106e+08,0.00109286,0.000164585,7.90601e-24
0,2.08129e+09,5.18078e+07,3.06527e+08,1.03359e+10,-5.31147e+08,-1.29518e+08,-8.12602e+08,0.000975405,0.000143655,8.34372e-23
0,2.24781e+09,1.66269e+07,3.17772e+08,3.30251e+08,-1.83074e+09,1.1697e+08,-2.46745e+08,0.000935139,0.0001322,3.74663e-25
0,2.0271e+09,2.91786e+07,3.05592e+08,-2.42141e+09,1.91323e+08,-5.85933e+08,-8.28499e+08,0.000986935,0.000148783,-1.21216e-24
0,1.92515e+09,-4.11385e+06,3.12467e+08,5.931e+06,5.94046e+08,3.22491e+08,-8.8501e+08,0.000926973,0.000150455,-5.04293e-27
0,1.97566e+09,-6.86301e+06,2.91828e+08,-1.11665e+09,-2.09163e+09,-2.63929e+08,-1.26342e+09,0.0010892,0.000160887,-1.09201e-23
0,2.01292e+09,-1.85976e+07,3.27756e+08,-2.51224e+09,2.15174e+08,-2.34612e+08,-7.55719e+08,0.000943808,0.000153677,-1.07662e-24
0,1.91597e+09,2.98117e+06,3.31214e+08,1.45005e+09,7.32538e+08,2.66505e+08,-8.47441e+08,0.000954992,0.000165089,4.87758e-25
0,1.91198e+09,-1.12257e+07,2.91381e+08,-6.75447e+09,1.96864e+08,7.24707e+07,-9.25383e+08,0.000981165,0.000149527,-3.96368e-23
0,2.03428e+09,-1.5131e+06,3.41045e+08,-1.04691e+08,2.20477e+07,3.37444e+07,-5.38287e+08,0.000971687,0.000162902,1.51161e-27
0,1.87678e+09,-3.16475e+07,3.17617e+08,-5.1704e+09,1.52933e+09,-5.42353e+07,-8.90417e+08,0.000931437,0.000157632,-1.46198e-23
0,1.99212e+09,-1.70655e+07,3.31127e+08,-1.65933e+09,3.72905e+08,-1.15916e+08,-8.26724e+08,0.000949014,0.000157744,-3.49754e-25
0,2.03626e+09,-3.80922e+07,3.21627e+08,-7.49355e+09,1.08035e+09,-8.17123e+07,-6.74826e+08,0.000893023,0.000141052,-1.91771e-23
0,1.68742e+09,1.68121e+06,2.36945e+08,2.45943e+08,1.29094e+09,9.97415e+07,-1.59893e+09,0.00110483,0.000155139,-3.80936e-26
0,2.00639e+09,1.23936e+07,3.35749e+08,-6.63648e+09,-7.18241e+08,-3.3889e+08,4.31177e+08,0.000884567,0.000148023,1.06239e-23
0,1.80726e+09,-1.57018e+07,3.11578e+08,5.92935e+09,1.22765e+09,1.2378e+08,6.62322e+07,0.000905135,0.000156048,-2.7179e-24
0,1.93645e+09,5.82981e+07,3.06826e+08,8.90552e+09,8.01115e+08,-4.98616e+08,-9.35294e+08,0.000956399,0.000151539,6.69475e-23
0,2.07212e+09,1.24665e+07,3.19368e+08,-4.91293e+08,-8.19811e+08,4.75836e+08,-8.38679e+08,0.00100107,0.000154292,2.24868e-25
0,2.11531e+09,-410493,3.20118e+08,3.03117e+09,7.01736e+07,-1.90767e+08,-7.86119e+08,0.000968452,0.000146559,1.60129e-24
0,1.82503e+09,-4.7511e+06,3.09178e+08,-1.24401e+09,3.03244e+09,-2.10743e+08,-8.93843e+08,0.000913135,0.000154694,5.36164e-24
0,1.81362e+09,6.12171e+07,3.07916e+08,-5.86113e+09,-1.4724e+09,7.41897e+07,-7.27665e+08,0.000999988,0.000169778,-4.45876e-23
0,2.00577e+09,-5.65658e+07,2.91653e+08,-5.9728e+09,-2.74558e+09,1.45502e+08,-9.45991e+08,0.00109303,0.000158934,-1.14478e-22
0,1.92427e+09,-5.92926e+07,3.23134e+08,1.03421e+09,9.49293e+08,5.57343e+08,-1.91069e+08,0.000952667,0.000159977,2.17318e-25
0,2.10925e+09,1.32451e+07,3.24972e+08,5.64243e+09,-6.31501e+08,3.90031e+06,-8.00848e+08,0.000959814,0.000147879,1.16283e-23
0,1.87253e+09,2.51114e+06,3.09055e+08,1.34044e+09,2.78905e+09,-2.16455e+08,-8.1699e+08,0.000919282,0.000151725,-3.05149e-24
0,2.12278e+09,-5.01656e+07,3.30686e+08,-4.99326e+09,1.5808e+09,-1.15823e+07,-3.66275e+08,0.000866895,0.000135045,-9.4998e-25
0,2.18402e+09,2.12404e+07,3.21576e+08,-6.78387e+09,-1.25209e+09,331700,-3.22436e+08,0.00101436,0.000149354,-1.18781e-23
0,2.07752e+09,-3.80664e+06,3.28328e+08,-2.00057e+07,-2.7151e+08,-9.80879e+07,-9.27844e+08,0.000990262,0.000156499,-9.88706e-27
0,2.02596e+09,-710080,3.41162e+08,1.81096e+08,2.38607e+07,6.30062e+07,-5.3164e+08,0.000972754,0.000163807,-2.67459e-27
0,2.26816e+09,2.10036e+07,3.20136e+08,-4.30285e+09,8.1473e+07,9.76567e+07,1.23662e+08,0.000928679,0.000131077,4.7246e-25
0,2.12303e+09,1.38984e+07,3.18558e+08,1.43366e+09,-2.44456e+08,-3.56244e+07,-8.15561e+08,0.0009699,0.000145532,1.50791e-25
0,1.90433e+09,-3.09106e+07,2.9287e+08,8.21982e+09,1.42689e+08,-3.36752e+08,3.30578e+08,0.000900153,0.000138436,-1.80793e-23
0,1.91449e+09,-9.10024e+07,2.91252e+08,-8.68582e+09,-9.29808e+08,7.86301e+07,-8.75737e+08,0.0010651,0.000162034,-1.31558e-22
0,2.0765e+09,2.32095e+07,2.96623e+08,3.15771e+09,-1.69072e+09,1.56173e+08,-1.07789e+09,0.00106056,0.000151498,1.20682e-23
0,1.94985e+09,1.01442e+07,3.19695e+08,4.65873e+09,3.34357e+08,7.33045e+07,-1.18675e+09,0.000986463,0.000161739,1.52749e-23
0,2.29963e+09,2.41505e+07,3.26801e+08,5.18719e+09,-8.64197e+08,-1.78142e+08,-3.13393e+08,0.000920246,0.000130776,2.65639e-24
0,2.03278e+09,1.48512e+07,3.16211e+08,3.61665e+09,1.12714e+09,-3.08773e+08,-6.74904e+08,0.000941982,0.000146531,1.52919e-24
0,1.78506e+09,3.14343e+07,3.29686e+08,-7.16002e+08,-7.78914e+08,-1.14779e+08,-3.62214e+08,0.000971132,0.00017936,-2.66971e-25
0,2.0241e+09,-1.3533e+06,3.42749e+08,3.29794e+08,7.98552e+06,5.39294e+07,-3.83097e+08,0.000973533,0.000164852,-6.16838e-28
0,2.06391e+09,-2.15938e+07,3.15887e+08,-3.46397e+09,-4.65742e+08,1.51202e+08,-9.51473e+08,0.00100608,0.000153983,-4.52297e-24
0,2.03648e+09,-1.78562e+07,3.136e+08,-1.73186e+09,4.79931e+08,1.37834e+08,-8.49645e+08,0.000949386,0.000146197,-3.01978e-25
0,2.12378e+09,4.45501e+07,2.9818e+08,7.36572e+09,2.14522e+08,-4.19297e+08,-6.29998e+08,0.000947838,0.000133077,1.66495e-23
0,2.02419e+09,3.52332e+07,3.12754e+08,1.08595e+09,7.5506e+08,-1.20097e+08,-9.25296e+08,0.000966102,0.000149271,8.14481e-26
0,2.20582e+09,1.25838e+07,3.10687e+08,7.03664e+09,2.38502e+08,1.29409e+08,-2.88339e+08,0.000958037,0.000134938,6.49717e-24
0,1.84007e+09,3.6298e+07,2.90062e+08,-5.69653e+09,-3.87576e+08,-2.62476e+08,-8.93858e+08,0.001061,0.000167252,-3.89327e-23
0,1.73727e+09,-7.56768e+06,2.43619e+08,-3.87137e+08,7.24463e+08,2.15236e+08,-1.57306e+09,0.00110738,0.000155288,2.02641e-25
0,2.12547e+09,2.5811e+07,3.21744e+08,1.85419e+09,-1.84496e+08,-2.7594e+08,-7.3309e+08,0.000971934,0.000147127,3.26072e-25
0,2.10761e+09,1.6547e+07,3.23901e+08,8.29435e+09,-9.01171e+07,6.14675e+08,-6.53e+08,0.000948906,0.000145829,2.5967e-23
0,1.86776e+09,3.44519e+07,2.88506e+08,5.59536e+09,1.27595e+09,-3.47543e+08,-9.47903e+08,0.000989244,0.000152805,2.09407e-23
0,2.06442e+09,-3.63302e+06,2.96279e+08,-9.22064e+08,-1.7358e+09,4.34715e+08,-1.14494e+09,0.00105374,0.00015123,-5.84872e-27
0,2.17292e+09,2.48187e+07,3.23746e+08,3.27906e+09,-6.06544e+08,-4.76475e+08,-5.20002e+08,0.000968285,0.000144266,1.81889e-24
0,2.13324e+09,4.96553e+06,3.36554e+08,3.19818e+09,-1.35357e+06,6.28733e+07,-5.19037e+08,0.00092054,0.000145231,9.88086e-25
0,1.85511e+09,-7.83706e+06,2.98882e+08,4.2196e+09,9.55423e+08,6.87171e+08,-9.45997e+08,0.000978044,0.000157576,1.8285e-23
0,2.14142e+09,1.25708e+07,3.25895e+08,2.45179e+09,-6.24373e+08,2.61677e+08,-8.09249e+08,0.000975988,0.000148532,8.73447e-25
0,1.82284e+09,4.05e+07,2.73056e+08,1.19918e+10,1.24522e+09,2.10256e+08,-1.98064e+08,0.000944667,0.000141508,6.30951e-23
0,1.94561e+09,-1.03966e+08,2.94167e+08,-9.85329e+09,1.20294e+09,2.77614e+08,-6.81253e+08,0.00102577,0.000155092,-8.96692e-23
0,2.02729e+09,7.18665e+07,2.90374e+08,-5.03527e+09,-1.17515e+09,-6.36995e+07,-5.41196e+08,0.00107532,0.000154021,-1.52352e-23
0,1.89025e+09,5.82978e+06,3.11093e+08,3.21715e+09,4.50807e+08,-3.15797e+07,-1.31712e+09,0.000985957,0.000162267,5.88202e-24
0,2.05444e+09,1.79435e+07,3.26219e+08,3.96131e+09,7.89069e+07,2.47964e+08,-9.38221e+08,0.000973549,0.000154587,5.295e-24
0,1.9651e+09,3.54975e+07,3.15561e+08,1.7207e+09,1.05676e+09,-3.79982e+08,-1.07014e+09,0.00097819,0.00015708,3.18543e-25
0,2.11932e+09,3.02253e+07,3.01883e+08,4.27284e+09,-1.87143e+09,1.06842e+08,-1.0324e+09,0.00104908,0.000149434,2.0399e-23
0,1.95388e+09,4.54387e+07,2.93909e+08,6.33934e+09,-1.84421e+08,-4.00482e+08,-9.34982e+08,0.00100992,0.000151916,3.51973e-23
0,2.0736e+09,-2.80843e+07,3.23001e+08,-1.10412e+09,1.05472e+09,2.24019e+08,-6.52245e+08,0.000945033,0.000147206,1.13229e-26
0,2.10225e+09,-4.4135e+07,3.23759e+08,6.23393e+09,-1.57539e+08,2.30367e+08,7.85715e+08,0.000976046,0.000150316,-1.65125e-23
0,1.98788e+09,-2.45955e+07,2.9896e+08,-5.46811e+09,-1.49648e+09,2.00399e+08,-1.20521e+09,0.00106615,0.00016034,-5.07698e-23
0,2.00204e+09,-8.83538e+07,3.04451e+08,-9.98688e+09,1.54132e+09,1.00436e+08,-5.66127e+08,0.000992836,0.000150981,-5.80824e-23
0,2.01039e+09,3.87643e+07,2.99879e+08,6.33475e+09,-1.41996e+09,-5.82978e+08,-9.12336e+08,0.00103637,0.00015459,5.26377e-23
0,2.01699e+09,-1.59563e+07,3.31775e+08,-5.85031e+09,-1.0631e+08,-5.61842e+08,-5.23576e+08,0.000923258,0.000151867,-7.53447e-24
0,2.01221e+09,-3.40744e+07,3.1173e+08,1.34428e+09,-2.16425e+09,-5.5764e+08,-3.45369e+08,0.000955465,0.00014802,1.32144e-24
0,2.00444e+09,1.72742e+07,2.98983e+08,8.06816e+09,1.77849e+08,4.10354e+08,-1.03095e+09,0.000996149,0.000148586,6.60312e-23
0,1.90545e+09,-3.31226e+07,2.9956e+08,1.95642e+09,-2.33564e+09,-4.1233e+08,-8.85389e+08,0.001002,0.000157527,9.59147e-24
0,1.69364e+09,5.87698e+07,2.55813e+08,-1.13468e+10,-2.31906e+09,8.54057e+07,-1.13731e+09,0.00118735,0.000179342,-1.49304e-21
0,2.15361e+09,-1.61436e+07,3.28141e+08,-1.3016e+09,3.05735e+08,-2.93501e+06,-5.69731e+08,0.000947986,0.000144442,-7.62552e-26
0,1.93669e+09,5.98362e+07,3.08884e+08,-4.17681e+09,-1.87217e+09,9.83328e+07,-7.58956e+08,0.00103989,0.000165852,-2.62248e-23
0,2.02253e+09,-135624,3.41355e+08,7.76456e+08,2.16866e+07,5.77781e+07,-5.1881e+08,0.000977281,0.000164942,1.39541e-26
0,2.04111e+09,-2.44309e+07,3.163e+08,-5.55277e+08,-8.37898e+08,-3.47498e+08,-7.08549e+08,0.0010066,0.000155987,-3.01137e-25
0,2.26802e+09,1.55524e+07,3.18246e+08,6.57949e+09,-1.51847e+09,1.3624e+08,-5.09636e+08,0.000978826,0.000137348,1.12548e-23
0,1.93133e+09,1.52619e+07,3.07693e+08,-1.74973e+09,-1.52806e+09,-3.36951e+08,-9.50773e+08,0.00102761,0.000163715,-5.09243e-24
0,2.21708e+09,-5.9221e+06,3.16822e+08,-1.65506e+09,-9.4799e+08,1.24459e+08,-2.42253e+07,0.000900576,0.000128693,-1.56184e-25
0,2.21068e+09,6.90449e+06,3.38087e+08,-9.84009e+07,-4.0717e+08,1.42979e+08,-4.66904e+08,0.000947598,0.000144919,6.17092e-27
0,2.12012e+09,-264834,3.2612e+08,-3.77424e+08,-2.67965e+08,6.03901e+07,-8.55107e+08,0.00098644,0.000151736,1.44326e-26
0,1.795e+09,-2.66909e+07,2.55935e+08,-2.12474e+09,-3.66461e+08,-3.09084e+08,-1.46594e+09,0.00113193,0.000161393,-2.78449e-24
0,1.93282e+09,4.14223e+07,3.17098e+08,5.07025e+09,3.48539e+08,-1.4628e+08,-1.03004e+09,0.00100726,0.000165252,1.94076e-23
0,2.18567e+09,1.33128e+07,3.15058e+08,5.3609e+09,-1.67311e+09,2.17833e+08,-8.69374e+08,0.00104818,0.000151092,1.9495e-23
0,2.1365e+09,6.78101e+06,3.19765e+08,2.90833e+09,-9.8534e+08,3.1912e+08,-8.6947e+08,0.00101616,0.000152086,2.43357e-24
0,2.00377e+09,-3.42662e+06,3.20666e+08,-1.99086e+09,6.18579e+08,7.97254e+06,-9.71015e+08,0.000939948,0.000150421,-6.41364e-25
0,2.0552e+09,-4906.21,3.2299e+08,2.03793e+09,-5.67615e+08,-1.96533e+08,-6.88383e+08,0.000973994,0.000153071,7.37998e-25
0,1.56764e+09,5.65427e+07,2.79896e+08,-8.45474e+09,-2.18674e+09,-4.35649e+08,-1.15641e+09,0.00110858,0.000197933,-5.68181e-22
0,2.09158e+09,3.03337e+07,3.23398e+08,8.43432e+09,-1.44374e+08,3.74915e+08,-7.94238e+08,0.000958322,0.000148175,3.6945e-23
0,1.91758e+09,-6.52124e+07,3.04464e+08,-5.34e+09,1.16121e+09,6.9483e+08,-1.12964e+09,0.00100093,0.000158922,-1.73263e-23
0,1.95976e+09,3.0542e+07,2.31315e+08,1.05722e+10,-8.75283e+08,-4.32192e+08,-1.17575e+08,0.00116458,0.000137457,8.02797e-23
0,2.10568e+09,1.71188e+07,2.9365e+08,-2.66666e+09,-1.12093e+09,-1.35467e+08,-7.53803e+08,0.000991201,0.000138229,-2.41764e-24
0,1.79845e+09,9.68362e+06,3.00113e+08,-1.07231e+09,-1.44586e+09,-1.79598e+08,-9.29472e+08,0.00101303,0.000169048,-3.64844e-24
0,2.04175e+09,-5.52672e+07,3.05681e+08,-8.43603e+09,-7.4711e+08,-1.26215e+07,-1.00172e+09,0.00103104,0.000154362,-8.04058e-23
0,2.10476e+09,5.3693e+06,2.96315e+08,-7.24318e+08,-2.12193e+09,2.99907e+08,-9.47242e+08,0.00104809,0.000147554,-6.21996e-25
0,1.94813e+09,1.41574e+07,3.14525e+08,1.54672e+09,2.07554e+08,-4.55629e+07,-1.29679e+09,0.00101147,0.000163301,2.43641e-25
0,2.07048e+09,8.32667e+06,3.22714e+08,1.52274e+09,-6.58816e+08,2.11044e+08,-7.25129e+08,0.000974712,0.000151923,3.39635e-25
0,1.97826e+09,5.67985e+06,2.29044e+08,6.4333e+09,-1.32076e+09,-4.42538e+08,1.76105e+07,0.00120269,0.000139248,2.80316e-23
0,1.93477e+09,-6.50681e+07,3.02861e+08,4.11856e+09,-2.66298e+09,-3.19044e+08,-5.38947e+08,0.00100763,0.000157731,3.82851e-23
0,1.91538e+09,-4.11081e+07,3.02295e+08,-4.14916e+09,5.78348e+08,4.65047e+08,-1.18178e+09,0.00100852,0.000159169,-1.08914e-23
0,1.90538e+09,-3.28201e+07,3.01115e+08,-3.7374e+08,-2.43993e+08,2.17643e+07,-1.10618e+09,0.00101152,0.000159855,6.59608e-26
0,2.22425e+09,-3.92993e+06,2.88795e+08,-8.08875e+08,1.0455e+09,-1.02346e+08,1.99771e+08,0.000942999,0.000122438,1.48133e-25
0,2.22688e+09,-1.23883e+07,3.23599e+08,-5.14303e+09,-1.62786e+09,-9.73621e+07,-5.98217e+08,0.00107479,0.000156183,-1.44902e-23
0,1.72732e+09,-7.23475e+07,3.00097e+08,4.50432e+09,-4.55646e+08,-2.13036e+08,-4.13561e+08,0.0010292,0.000178809,1.33334e-23
0,2.2085e+09,5.33344e+07,3.14622e+08,-5.76282e+09,-3.19152e+08,5.22747e+08,3.39524e+08,0.000917176,0.00013066,2.45713e-24
0,2.09958e+09,-1.11582e+06,3.24102e+08,5.89604e+08,-1.00674e+09,1.3859e+08,-6.31247e+08,0.000990944,0.000152967,2.99041e-25
0,2.03736e+09,-171666,3.3055e+08,2.36112e+09,7.05699e+08,6.12173e+07,-6.60659e+08,0.000907441,0.000147227,6.611e-25
0,1.70915e+09,-3.47368e+07,2.66524e+08,-3.83859e+09,2.49006e+08,-1.70694e+08,-1.5035e+09,0.00106026,0.000165337,-2.7295e-23
0,2.16196e+09,7.51088e+06,3.38805e+08,1.34889e+09,391696,2.16538e+07,-4.24544e+08,0.000910936,0.000142755,4.98254e-26
0,2.02918e+09,564048,3.39582e+08,4.23573e+08,-5.26542e+07,1.01654e+08,-6.47283e+08,0.00098463,0.000164777,-7.49972e-27
0,1.96827e+09,1.07913e+07,3.09317e+08,4.78324e+09,-9.41084e+08,4.61451e+07,-1.11321e+09,0.0010275,0.000161473,2.09086e-23
0,1.92897e+09,-1.73587e+07,3.16181e+08,5.32333e+08,9.22817e+07,1.83174e+08,-1.02856e+09,0.000999148,0.000163772,-7.41509e-26
0,2.10648e+09,-2.27236e+07,3.29999e+08,-3.20113e+09,5.36368e+08,-5.7143e+08,-4.25575e+08,0.000965664,0.00015128,-2.0637e-24
0,1.95479e+09,-4.19547e+07,3.05256e+08,-3.54261e+08,1.3929e+08,3.30937e+08,-1.01969e+09,0.00100978,0.000157686,3.66075e-26
0,2.00207e+09,136088,3.34255e+08,-7.03447e+08,2.98836e+08,-8.07848e+07,-5.9246e+08,0.000913795,0.000152562,-1.29598e-26
0,1.99136e+09,-3.16866e+07,3.09931e+08,-1.57713e+09,-9.04318e+07,1.13116e+08,-1.04948e+09,0.00100335,0.000156159,-2.9904e-25
0,2.22491e+09,-2.11846e+07,3.20154e+08,-6.86647e+09,-1.25316e+09,1.53928e+08,-5.69264e+08,0.000965172,0.000138884,-1.55069e-23
0,2.02843e+09,-6.44846e+06,3.24294e+08,-3.39033e+08,-5.81643e+08,-1.38249e+08,-1.05552e+09,0.00100512,0.000160693,-8.41957e-26
0,2.18595e+09,5.44316e+07,3.17572e+08,-6.18909e+09,-7.06111e+08,3.83614e+08,3.38639e+08,0.000905589,0.000131562,2.47238e-24
0,2.09275e+09,-1.06891e+07,3.1588e+08,-5.93453e+08,-1.70851e+09,-2.59115e+08,-9.41416e+08,0.00104775,0.000158147,-2.35644e-24
0,2.32664e+09,9.71915e+06,3.31157e+08,2.20054e+09,-1.06103e+09,-8.16926e+07,-2.6441e+08,0.00091682,0.000130493,4.06575e-25
0,2.0852e+09,7.02138e+07,3.17345e+08,1.21465e+10,7.05214e+08,3.97849e+07,-6.99853e+08,0.00094466,0.000143767,9.66838e-23
0,2.08804e+09,-6.40663e+07,3.15857e+08,-1.06768e+10,4.48824e+08,3.14571e+07,-7.09598e+08,0.000963073,0.000145684,-7.16105e-23
0,2.17536e+09,1.00875e+07,3.22817e+08,-1.86249e+08,-1.21899e+09,1.41214e+08,-8.80674e+08,0.0010139,0.000150459,8.76331e-26
0,2.04154e+09,-1.68729e+06,3.30492e+08,-3.03522e+09,7.6804e+08,-3.86671e+08,-6.54241e+08,0.000910416,0.000147381,-1.95144e-24
0,1.9406e+09,6.20995e+06,3.17901e+08,-9.64693e+08,-7.86228e+07,-1.08403e+08,-1.26525e+09,0.00102189,0.000167402,1.33454e-25
0,2.01032e+09,-1.20318e+07,3.24415e+08,-2.0378e+09,2.31553e+08,-3.38513e+08,-9.65945e+08,0.000958582,0.000154691,-6.95418e-25
0,1.79908e+09,-2.38608e+07,2.5241e+08,-2.4822e+09,5.60468e+08,9.10027e+07,-1.34981e+09,0.00106999,0.000150119,-4.7509e-24
0,1.86656e+09,-7.14462e+07,2.95941e+08,-3.81887e+09,3.0595e+08,8.46698e+08,-9.87697e+08,0.00100399,0.000159181,-6.97888e-24
0,1.94471e+09,1.02077e+06,2.98943e+08,6.20359e+08,1.03206e+09,-2.2496e+08,-1.01586e+09,0.000980692,0.000150753,7.92739e-27
0,2.07677e+09,-5.55403e+07,3.17146e+08,-1.22196e+10,-1.8143e+08,-2.77772e+08,-8.60755e+08,0.000985449,0.000150489,-1.47995e-22
0,2.06605e+09,-5.48859e+07,3.23683e+08,-1.10038e+10,5.00523e+08,-3.62146e+08,-6.11897e+08,0.000936448,0.000146711,-6.75349e-23
0,2.05066e+09,-3.07842e+07,2.97769e+08,6.08866e+08,-1.27788e+09,2.35826e+08,-9.40079e+08,0.00102508,0.000148849,1.09042e-24
0,2.10873e+09,-1.80986e+07,3.22071e+08,-2.30411e+09,-7.91417e+08,3.06244e+08,-7.33394e+08,0.000975859,0.000149045,-1.21405e-24
0,2.08932e+09,8.49517e+07,3.04924e+08,1.14495e+10,6.89066e+08,-4.91902e+08,-7.97881e+08,0.000972983,0.000142001,9.36332e-23
0,1.75397e+09,3.59608e+06,2.91481e+08,-2.98762e+09,-4.98327e+08,-1.31034e+07,-1.01853e+09,0.000998295,0.0001659,-6.42147e-24
0,2.14808e+09,-3.94567e+06,3.17601e+08,-1.93215e+09,-1.19277e+09,2.64869e+08,-8.40476e+08,0.00102071,0.000150915,-1.62883e-24
0,2.28007e+09,3.66388e+07,3.18211e+08,7.38701e+09,-1.19036e+09,-3.13806e+08,-4.69394e+08,0.000957802,0.000133673,1.46553e-23
0,2.04147e+09,-3.45339e+07,3.18329e+08,-4.24159e+09,-1.23773e+09,-1.25531e+08,-7.73767e+08,0.0010212,0.000159237,-1.01593e-23
0,1.93663e+09,-2.91591e+07,3.07384e+08,8.52575e+09,9.37464e+08,3.43423e+07,-3.37062e+08,0.00108443,0.000172122,4.60502e-23
0,1.92926e+09,-6.07346e+07,3.18324e+08,-1.08555e+10,1.25545e+09,-2.40341e+08,-8.39804e+08,0.00092873,0.000153238,-1.21783e-22
0,2.01522e+09,-1.94447e+07,3.15877e+08,-4.76139e+09,-5.55626e+07,2.38591e+08,-9.92493e+08,0.000990595,0.000155272,-1.17684e-23
0,2.12481e+09,7.94075e+07,2.99989e+08,1.04638e+10,-5.65401e+07,-6.87809e+08,-8.11273e+08,0.0010125,0.000142948,9.07549e-23
0,2.12121e+09,-1.73098e+07,3.36609e+08,-5.38862e+09,-4.21827e+08,-5.14142e+08,-6.12879e+08,0.000995496,0.000157973,-6.59936e-24
0,2.00214e+09,-1.51878e+06,3.41536e+08,3.50776e+08,-4.49214e+06,5.90199e+07,-5.06185e+08,0.000985533,0.000168117,-2.96223e-27
0,2.11566e+09,-1.06287e+07,3.23464e+08,9.90469e+08,-5.37262e+08,1.29737e+08,-8.52426e+08,0.00101318,0.000154906,1.35838e-25
0,1.85265e+09,3.12607e+06,2.91831e+08,5.85564e+09,2.61492e+09,-1.74976e+08,-4.94565e+08,0.00112109,0.000176595,-2.91417e-23
0,2.01231e+09,-1.65138e+07,2.80931e+08,4.10909e+09,-6.77905e+08,-3.38014e+07,4.16378e+08,0.000935902,0.000130658,-2.37172e-24
0,2.0997e+09,-1.11277e+07,3.25734e+08,-6.83448e+09,6.59531e+08,-2.65737e+08,-3.37179e+08,0.00092653,0.000143736,-8.86165e-24
0,1.83604e+09,-925469,2.8096e+08,-6.64795e+08,1.86261e+08,-1.91259e+08,-1.47859e+09,0.00105442,0.000161353,4.6215e-25
0,1.75798e+09,-3.3603e+07,2.83069e+08,1.86942e+10,-4.91353e+08,3.54458e+08,1.12655e+08,0.000987985,0.000159085,-2.06709e-22
0,1.85097e+09,3.88262e+07,3.16901e+08,3.5256e+09,7.16372e+08,-3.11489e+08,-8.74611e+08,0.000986505,0.000168898,5.22591e-24
0,2.10484e+09,2.00064e+07,3.36886e+08,3.96042e+09,-4.78976e+07,3.56066e+08,-5.82099e+08,0.000967753,0.000154892,2.75583e-24
0,1.96457e+09,-2.94883e+07,3.1445e+08,-4.61519e+09,-5.56987e+08,1.02916e+08,-8.49287e+08,0.000998422,0.000159808,-1.20615e-23
0,2.23037e+09,-1.79213e+07,3.00656e+08,1.42188e+09,4.60087e+08,-3.65476e+08,2.10408e+08,0.000958134,0.000129158,-7.58069e-26
0,1.99437e+09,1.41015e+07,3.14136e+08,4.03545e+09,-2.12353e+08,-2.26547e+08,-1.02143e+09,0.000993668,0.000156514,7.94867e-24
0,1.77465e+09,-3.1042e+07,2.73932e+08,-3.12236e+08,-7.90598e+08,-2.42247e+08,-3.27763e+08,0.00119044,0.000183755,-5.50957e-25
0,2.07705e+09,-1.19874e+07,3.04552e+08,-9.72391e+08,-6.71161e+08,1.55418e+08,-1.05598e+09,0.00106659,0.000156391,-1.44315e-25
0,2.15195e+09,-627401,3.34844e+08,2.18571e+08,4.5536e+07,-4.13092e+08,-4.04932e+08,0.000911683,0.000141858,3.90774e-28
0,2.04179e+09,-1.69954e+07,2.89212e+08,1.10095e+09,-2.57533e+08,4.06976e+08,-8.65283e+08,0.000993845,0.000140775,-2.62277e-26
0,1.91305e+09,-1.73469e+07,2.67016e+08,-5.70738e+09,2.36382e+09,3.88164e+08,2.74783e+08,0.00101081,0.000141085,4.71243e-23
0,1.96792e+09,-6.40124e+06,3.18309e+08,-6.76639e+08,-2.96158e+08,-7.98359e+07,-1.2404e+09,0.00102414,0.000165654,8.26844e-26
0,1.881e+09,-8.32503e+06,3.11208e+08,-1.61647e+09,7.77652e+08,-3.78149e+08,-1.15707e+09,0.000971486,0.00016073,-9.86525e-25
0,2.09079e+09,-1.4163e+07,3.07756e+08,-4.10488e+09,-1.2528e+09,-8.2702e+07,-1.09591e+09,0.0010599,0.000156013,-1.3913e-23
0,1.94817e+09,1.27266e+06,3.08152e+08,-4.04007e+09,5.09413e+08,-2.03993e+08,-7.8917e+08,0.00099904,0.000158024,-8.03573e-24
0,2.12356e+09,2.17685e+06,3.31527e+08,1.20851e+09,-1.92468e+08,3.85254e+08,-6.14623e+08,0.000941438,0.000146976,5.67588e-27
0,2.1009e+09,1.72618e+07,3.35251e+08,1.24678e+09,2.65126e+08,2.66941e+08,-5.82638e+08,0.000920539,0.000146895,8.24922e-26
0,1.94993e+09,-4.0253e+07,3.15879e+08,-4.96794e+09,4.66667e+08,3.76014e+08,-9.60028e+08,0.000978569,0.000158524,-1.30547e-23
0,2.14159e+09,3.91028e+06,3.33519e+08,-1.25373e+09,-3.86968e+08,-2.40914e+08,-6.40953e+08,0.000954033,0.000148576,-6.6818e-26
0,2.05376e+09,-6.44341e+07,3.1766e+08,-4.49123e+09,1.16429e+09,2.40546e+08,-6.62102e+08,0.000964736,0.000149218,-3.76258e-24
0,2.0217e+09,-3.76753e+07,3.24394e+08,-3.24716e+08,8.41231e+08,5.29648e+08,-6.76489e+08,0.000943209,0.000151344,1.1737e-28
0,2.10362e+09,-3.88589e+07,3.24912e+08,-5.74082e+09,3.92162e+08,-6.06109e+08,-5.34179e+08,0.00098242,0.000151738,-1.1197e-23
0,2.03648e+09,6.34951e+07,2.90102e+08,2.37759e+09,-8.76588e+08,-6.91819e+08,-1.03054e+09,0.00106511,0.000151728,2.47611e-24
0,1.94374e+09,5.44098e+07,2.92749e+08,6.47294e+09,3.41091e+06,-5.41526e+08,-1.05594e+09,0.00102198,0.000153921,4.38603e-23
0,1.99295e+09,-2.61552e+07,3.09021e+08,-6.1157e+09,-3.11627e+08,-1.89011e+08,-1.12494e+09,0.00103655,0.000160725,-3.70815e-23
0,2.00843e+09,-2.64535e+07,3.25708e+08,-1.50724e+09,7.72599e+08,2.5509e+08,-7.4065e+08,0.000963068,0.000156181,-1.43265e-25
0,2.0601e+09,-1.86131e+07,3.3335e+08,-7.03831e+09,4.04994e+08,-3.42698e+08,-7.01419e+08,0.000931784,0.000150774,-2.00253e-23
0,2.12786e+09,3.56562e+07,2.94404e+08,-5.35435e+09,-2.03705e+09,2.0824e+08,-5.23174e+08,0.00108078,0.000149534,-3.10917e-23
0,1.91996e+09,-6.29626e+06,3.31478e+08,-3.12913e+08,-1.34575e+08,2.83952e+07,-8.43456e+08,0.00100466,0.000173452,2.45887e-26
0,2.06844e+09,-2.4397e+06,3.19655e+08,-1.45682e+09,-5.37875e+08,-6.3674e+07,-1.10112e+09,0.00102154,0.000157869,-3.90607e-25
0,2.27582e+09,-1.90561e+07,3.24403e+08,3.44965e+09,4.7352e+08,-1.37568e+08,9.51747e+07,0.000900085,0.000128301,-2.67844e-25
0,2.13881e+09,-1.73508e+07,3.24416e+08,-4.17067e+08,3.41327e+08,-2.7543e+08,1.90108e+08,0.000887634,0.000134637,-4.81547e-28
0,2.12298e+09,-3.5832e+07,3.2507e+08,-7.04433e+09,4.51026e+08,-5.28829e+08,-4.89597e+08,0.000965778,0.000147879,-1.62976e-23
0,1.89474e+09,-1.18821e+07,2.68975e+08,-4.53962e+08,-1.11251e+09,2.39224e+07,-1.26843e+09,0.00110603,0.00015701,-5.80601e-25
0,2.23202e+09,-3.78063e+07,3.08332e+08,-4.65222e+09,-1.10002e+09,3.77932e+08,-5.78528e+08,0.000959045,0.000132483,-5.72269e-24
0,2.04976e+09,-3.36915e+07,2.98281e+08,-1.39728e+09,-2.06305e+08,7.91015e+08,-8.46922e+08,0.000989385,0.000143975,1.14092e-26
0,2.03922e+09,-9.69862e+06,3.04655e+08,3.36683e+09,-2.56623e+09,3.03019e+07,-8.51353e+08,0.00102769,0.000153534,2.6119e-23
0,1.96472e+09,-1.89527e+06,3.31576e+08,-5.36269e+09,1.15476e+09,-4.80287e+08,-6.90412e+08,0.000907111,0.000153088,-1.31532e-23
0,2.24032e+09,1.5769e+07,3.34876e+08,5.54523e+09,-4.51607e+08,1.36543e+08,-3.94356e+08,0.000930896,0.000139147,3.13621e-24
0,2.23521e+09,1.52785e+07,3.37001e+08,-7.29494e+08,-8.60587e+08,1.39908e+07,3.34918e+07,0.000866796,0.000130686,-3.0043e-26
0,2.02701e+09,3.65116e+07,2.80384e+08,-1.75006e+09,-1.46064e+09,-9.08609e+08,-1.05506e+09,0.0010718,0.000148256,-2.84756e-24
0,2.00188e+09,-1.91516e+07,3.18894e+08,-5.39927e+09,5.56172e+08,-1.05612e+08,-1.01646e+09,0.000951137,0.000151514,-1.57545e-23
0,2.12802e+09,-2.92441e+07,3.3257e+08,-1.95956e+09,4.30497e+08,2.1882e+08,-1.74942e+08,0.000960229,0.000150066,-2.24713e-26
0,2.0909e+09,1.37934e+06,3.26577e+08,2.4678e+09,-5.28967e+08,1.59024e+07,-8.98994e+08,0.000985966,0.000153998,1.32478e-24
0,2.13821e+09,8.32527e+06,3.3278e+08,4.12777e+09,7.29085e+07,-1.41453e+08,-5.68597e+08,0.000911534,0.000141867,2.17648e-24
0,1.75696e+09,-2.26801e+07,2.65615e+08,-7.24374e+08,-2.8283e+07,3.01743e+08,-1.3861e+09,0.00108535,0.000164083,5.91758e-25
0,2.15699e+09,-1.2177e+07,3.37303e+08,5.53104e+08,1.51717e+08,1.08269e+08,-4.30625e+08,0.000944162,0.000147645,3.18391e-27
0,1.93823e+09,-1.84687e+07,2.80323e+08,1.47623e+09,-8.52464e+08,-2.64064e+08,-1.22991e+09,0.00109446,0.00015829,1.08546e-24
0,2.1435e+09,-1.98043e+07,3.29248e+08,-7.85117e+09,3.45988e+08,-4.28623e+08,-3.54234e+08,0.000951017,0.000146079,-1.37771e-23
0,2.12993e+09,1.57467e+06,3.36739e+08,2.26629e+09,-3.06309e+07,1.0618e+08,-5.40312e+08,0.00093956,0.000148543,3.90234e-25
0,1.88214e+09,-1.12575e+06,2.68969e+08,1.22353e+09,2.48505e+09,1.53415e+08,-8.43895e+08,0.0009439,0.000134889,-2.36082e-24
0,2.07802e+09,-5.43279e+07,3.0587e+08,8.95255e+09,-6.8962e+08,6.97863e+07,5.2257e+08,0.000933149,0.000137353,-2.8206e-23
0,2.11289e+09,-2.7993e+06,3.35703e+08,-1.38124e+09,-2.90345e+08,3.8442e+07,-3.47803e+08,0.00089811,0.000142695,-6.06196e-26
0,2.04049e+09,-4.44009e+07,3.25602e+08,-1.25999e+09,-3.79891e+08,-1.76743e+08,-5.08219e+08,0.000966929,0.000154293,-9.02331e-26
0,1.99321e+09,-2.02766e+06,3.39396e+08,-3.07234e+08,-1.01691e+07,-2.02422e+07,-6.76898e+08,0.000994518,0.000169343,9.35578e-27
0,1.81656e+09,4.28016e+07,3.03683e+08,1.92792e+09,1.56144e+09,-3.72108e+08,-1.38641e+09,0.000999193,0.00016704,9.13395e-25
0,1.9044e+09,4.45049e+07,3.0913e+08,6.99821e+09,2.92924e+08,-1.83221e+08,-1.04658e+09,0.00100679,0.000163426,5.68388e-23
0,2.22391e+09,-5.70647e+06,3.4086e+08,-8.28628e+08,-1.42508e+08,1.27521e+07,-2.73509e+08,0.000951896,0.000145897,-9.18554e-27
0,2.046e+09,-1.79301e+07,2.93428e+08,-1.44607e+09,-1.68662e+09,-4.31695e+08,-1.08505e+09,0.00110551,0.000158547,-6.76596e-24
0,2.1397e+09,-1.66877e+07,3.38298e+08,-4.53164e+09,-6.50486e+07,-5.86735e+08,-4.41583e+08,0.000918301,0.000145188,-2.06845e-24
0,2.07384e+09,-4.55882e+07,3.23971e+08,-2.28708e+09,-7.8194e+08,-5.30591e+08,-6.46509e+08,0.000946821,0.00014791,-2.56393e-25
0,2.02828e+09,-3.3325e+07,3.15167e+08,-6.77991e+09,4.08454e+07,-7.5552e+07,-9.52147e+08,0.000968858,0.000150547,-2.89708e-23
0,2.04219e+09,-1.51032e+07,3.24905e+08,-1.01212e+09,4.93052e+08,1.83706e+08,-8.63988e+08,0.000936597,0.000149009,-3.33752e-26
0,2.09653e+09,-1.41781e+07,3.10621e+08,1.11551e+09,-1.45594e+09,-4.56024e+08,5.65739e+08,0.000907088,0.000134394,1.12995e-25
0,1.94688e+09,2.87035e+07,2.75616e+08,2.97134e+09,-2.71717e+08,-1.92451e+08,-1.16258e+09,0.00102407,0.000144975,4.38678e-24
0,2.02735e+09,-3.90179e+07,3.29363e+08,-1.23398e+09,4.17707e+08,-6.71284e+08,-1.45009e+08,0.000952865,0.000154803,-2.60911e-25
0,2.17056e+09,4.69251e+07,2.87997e+08,-2.5048e+09,3.96443e+08,5.69158e+08,3.56411e+08,0.000941754,0.000124955,4.69697e-25
0,1.85524e+09,3.83386e+07,2.9366e+08,9.20459e+09,1.45009e+09,-4.0403e+08,-9.28554e+08,0.00101371,0.000160457,1.11988e-22
0,1.85221e+09,-1.53602e+07,2.64282e+08,1.94297e+09,1.29668e+08,1.99769e+08,7.09365e+08,0.00120241,0.000171566,-1.89512e-24
0,2.07535e+09,-3.98276e+07,3.12684e+08,-5.65551e+09,-4.59611e+08,4.70737e+08,-7.86831e+08,0.00098251,0.000148031,-1.49478e-23
0,1.98202e+09,5.19658e+06,2.74802e+08,4.64643e+09,1.02628e+09,-1.17805e+08,-8.28478e+08,0.000976054,0.000135327,8.68871e-24
0,1.77504e+09,3.62773e+07,2.54105e+08,2.35812e+09,1.05542e+09,-1.42867e+08,-1.35908e+09,0.00108858,0.000155835,5.101e-24
0,1.64232e+09,6.57784e+07,2.72322e+08,-7.07997e+09,-2.36878e+09,-1.92671e+08,-8.98235e+08,0.00102761,0.000170395,-2.11149e-22
0,2.248e+09,-2.84089e+06,3.26228e+08,-2.52944e+09,-1.03624e+09,3.52364e+07,-5.17864e+08,0.000940902,0.000136543,-9.3977e-25
0,2.17934e+09,-1.41678e+07,3.36724e+08,-3.72011e+09,-4.65048e+08,-3.542e+08,-5.30241e+08,0.000987458,0.000152569,-1.5483e-24
0,1.80573e+09,-4.92062e+07,3.00966e+08,2.54599e+09,3.47823e+08,3.05248e+08,-9.65206e+08,0.00104948,0.000174921,4.25578e-24
0,2.07865e+09,4.6678e+07,3.28171e+08,8.60945e+09,5.26107e+08,4.39107e+08,-7.25617e+08,0.000936575,0.000147864,3.82856e-23
0,1.93385e+09,-3.00742e+06,3.18087e+08,-7.83325e+08,5.60464e+08,1.14966e+08,-1.202e+09,0.000976973,0.000160696,2.78574e-26
0,2.15749e+09,1.57671e+07,3.0556e+08,8.19316e+09,8.63918e+07,1.7277e+07,1.37255e+08,0.000981817,0.000139053,-5.87076e-24
0,2.11793e+09,3.74399e+07,3.17055e+08,8.40923e+09,3.25707e+08,-1.94764e+08,-3.07736e+08,0.000916723,0.000137234,1.03228e-23
0,2.10673e+09,-197501,3.30315e+08,-2.77121e+09,2.59711e+08,-7.783e+07,-7.33064e+08,0.000933792,0.00014641,-1.04459e-24
0,2.11831e+09,-3.23102e+07,3.27683e+08,-9.92619e+08,5.02263e+08,-1.98717e+08,-4.7742e+08,0.000950942,0.000147102,-6.03219e-26
0,2.02825e+09,-3.43494e+06,3.12153e+08,1.29757e+10,-1.58679e+08,4.16046e+08,1.17382e+08,0.00101463,0.000156155,-3.64847e-23
0,2.21839e+09,-9.00875e+06,3.42089e+08,-5.25268e+09,-5.95906e+07,-4.24706e+08,-2.28265e+08,0.000902173,0.00013912,-1.33083e-24
0,2.17282e+09,3.81027e+07,3.28542e+08,4.81189e+09,969308,-1.5592e+08,-3.18908e+08,0.000897743,0.000135743,1.69798e-24
0,1.85986e+09,2.76685e+07,2.53071e+08,2.37536e+09,2.12414e+08,-3.96275e+08,-1.30722e+09,0.00110593,0.000150484,3.15273e-24
0,2.2488e+09,-2.11873e+07,3.13182e+08,-2.04617e+09,-1.42161e+08,3.27875e+08,-1.55297e+08,0.000898474,0.000125127,-6.77103e-26
0,1.86007e+09,-4.95998e+07,3.08332e+08,-6.85288e+09,1.35496e+09,8.05955e+07,-9.40899e+08,0.000941246,0.000156024,-3.76148e-23
0,2.0897e+09,3.24012e+07,3.31383e+08,2.90893e+09,1.95664e+08,3.454e+08,-7.30768e+08,0.000942276,0.000149425,1.36612e-24
0,2.1604e+09,4.13473e+07,3.12474e+08,8.00192e+09,-7.93822e+08,3.48001e+07,-6.1758e+08,0.00096712,0.000139882,2.34924e-23
0,2.04017e+09,-5.00287e+07,3.02869e+08,-8.73002e+09,-4.58488e+08,-1.23522e+08,-8.92454e+08,0.00104068,0.000154492,-8.02334e-23
0,1.97794e+09,-4.69539e+06,3.0787e+08,1.24495e+09,-2.98825e+08,-5.81395e+08,-1.20211e+09,0.00104908,0.00016329,-2.29269e-25
0,2.18771e+09,-2.36437e+07,3.29411e+08,-1.91454e+09,1.51071e+08,-1.78915e+08,-4.01749e+08,0.000952856,0.000143474,-1.88496e-25
0,1.97776e+09,505689,2.99765e+08,2.18697e+09,-1.22736e+09,2.63619e+08,-1.21979e+09,0.00103464,0.000156818,4.43773e-24
0,2.02403e+09,-7.43394e+07,2.84039e+08,-7.47497e+09,-1.97192e+08,4.29336e+08,-8.77299e+08,0.000997095,0.000139926,-4.30648e-23
0,1.95184e+09,3.07893e+07,3.21806e+08,3.63154e+09,1.07145e+09,3.78612e+07,-1.00414e+09,0.000945467,0.000155882,5.29774e-24
0,2.12191e+09,1.06486e+07,3.1212e+08,8.64226e+09,-1.20092e+09,-2.16686e+08,-2.08485e+08,0.00094287,0.000138691,1.56494e-23
0,2.20551e+09,3.77877e+07,3.27648e+08,5.03597e+09,3.58727e+08,-2.85751e+08,-3.6629e+08,0.000910863,0.000135317,1.89391e-24
0,1.84046e+09,2.64908e+07,2.55739e+08,1.5102e+09,-3.46908e+08,-5.22895e+08,-1.32245e+09,0.00112377,0.000156153,-1.14332e-25
0,1.96355e+09,-2.20381e+07,2.54196e+08,-4.39725e+09,-6.02237e+08,-3.82491e+08,6.93714e+08,0.00119461,0.000154651,2.44317e-23
0,1.90167e+09,-5.46433e+07,3.13869e+08,-4.71412e+09,1.66218e+09,2.12446e+08,-8.14311e+08,0.000930759,0.000153621,-5.62558e-24
0,1.98332e+09,-5.00216e+07,3.22708e+08,-1.56005e+08,-6.04205e+08,-2.6874e+08,-9.60499e+07,0.000928381,0.000151058,-2.06274e-26
0,2.02573e+09,-3.98746e+07,3.11565e+08,-9.8343e+09,-5.36664e+08,1.18002e+07,-7.4155e+08,0.00102229,0.000157232,-9.32744e-23
0,2.2196e+09,2.58677e+07,3.12758e+08,6.07751e+09,-1.58899e+09,9.59566e+07,-5.93062e+08,0.000997809,0.000140598,1.41423e-23
0,2.02803e+09,-1.06814e+07,3.12416e+08,-5.47006e+09,5.83141e+08,-9.43196e+06,-1.01171e+09,0.000950461,0.000146417,-1.48224e-23
0,1.93791e+09,-1.56837e+07,3.2188e+08,-1.57149e+08,6.66429e+08,1.54188e+08,-8.33931e+08,0.000932427,0.000154873,9.32411e-29
0,1.98837e+09,-2.26035e+06,2.82897e+08,-1.54997e+09,-1.05044e+09,-4.61409e+07,4.41114e+08,0.000943218,0.000134197,4.72457e-26
0,2.23783e+09,-4.48484e+06,3.34474e+08,-3.13423e+09,5.52779e+08,-3.63195e+08,1.09229e+08,0.000950959,0.000142133,-1.39552e-25
0,1.96503e+09,-3.77278e+06,3.2907e+08,-9.03235e+07,1.00508e+09,1.772e+08,-7.89425e+08,0.000916806,0.000153531,-1.03516e-27
0,1.92847e+09,-5.20967e+07,2.82775e+08,-2.82684e+09,-1.5393e+08,8.78802e+08,-1.16345e+09,0.00103674,0.000152019,-3.03176e-24
0,1.9893e+09,4.29877e+07,3.19146e+08,4.89058e+09,1.14011e+09,-2.13572e+08,-9.25031e+08,0.000965161,0.000154843,9.77857e-24
0,2.00211e+09,4.34409e+07,2.96973e+08,5.28323e+09,-1.66443e+09,2.00685e+08,-9.79893e+08,0.00109118,0.000161855,3.99159e-23
0,1.94883e+09,9.81703e+07,2.89424e+08,1.31265e+10,8.71464e+08,-1.08614e+09,-9.69905e+08,0.00098394,0.000146127,2.28232e-22
0,2.0908e+09,-5.43036e+07,3.2253e+08,-3.62434e+09,1.11466e+09,2.01371e+08,-6.24446e+08,0.000919964,0.000141915,-1.26998e-24
0,2.16484e+09,7.31001e+06,3.12166e+08,7.32569e+09,-1.33765e+09,-7.44424e+07,-2.04359e+08,0.000977838,0.000141003,1.04054e-23
0,1.70288e+09,5.95261e+07,2.92603e+08,-3.99053e+08,1.43484e+08,-9.05619e+08,-8.57831e+08,0.000945297,0.000162428,3.85969e-25
0,2.30463e+09,-1.63822e+07,3.28404e+08,-7.47943e+08,-6.91797e+08,1.64145e+08,-1.4615e+08,0.000898184,0.000127989,-2.08734e-26
0,1.95385e+09,1.76748e+07,2.5629e+08,2.10009e+09,1.20177e+09,-2.94354e+08,2.25702e+08,0.00117268,0.000153823,-3.92417e-24
0,2.00104e+09,6.8556e+07,2.72034e+08,3.72124e+09,-5.62392e+08,-7.43532e+08,-9.48242e+08,0.00102416,0.000139231,7.52282e-24
0,2.08915e+09,1.72394e+06,3.40047e+08,1.32537e+09,-5.48457e+07,2.44624e+08,3.92702e+08,0.000966973,0.000157393,-7.03546e-26
0,2.08712e+09,-2.86795e+07,2.94366e+08,-3.98379e+09,-1.16913e+09,-3.3318e+07,-1.09119e+09,0.00102525,0.0001446,-1.06482e-23
0,2.00044e+09,-1.20673e+06,3.40706e+08,-3.64033e+08,1.97295e+07,-2.72656e+07,-5.81621e+08,0.000990323,0.000168667,5.243e-27
0,1.77456e+09,-1.54713e+07,2.43568e+08,-8.77651e+09,-1.69731e+09,-5.32588e+08,7.94868e+08,0.00113076,0.000155202,3.08436e-22
0,2.08834e+09,2.50475e+07,3.27889e+08,3.54098e+09,-2.8736e+08,3.71689e+08,-8.38934e+08,0.000995802,0.00015635,2.98241e-24
0,1.76055e+09,3.51643e+07,2.91936e+08,1.18276e+10,-4.94759e+07,-4.99397e+08,-1.10078e+09,0.000976312,0.000161893,3.78776e-22
0,1.97633e+09,8.20936e+06,3.38217e+08,1.11401e+09,5.77435e+08,2.29136e+08,-4.90891e+08,0.000906013,0.000155049,1.03675e-25
0,2.11094e+09,7.88639e+07,2.92447e+08,1.32628e+10,-1.15656e+09,-7.20274e+08,-9.14543e+08,0.00104423,0.000144666,3.05379e-22
0,2.12422e+09,3.92658e+07,3.24488e+08,2.39449e+09,-3.14404e+08,-5.19602e+07,-1.72409e+08,0.000871969,0.000133199,1.34265e-25
0,1.83424e+09,-5.37343e+06,2.98446e+08,-3.7966e+08,8.29106e+08,9.07782e+07,-1.44507e+09,0.00101527,0.000165192,6.49458e-26
0,1.9948e+09,5.50778e+07,2.67313e+08,2.51959e+09,-1.15881e+09,-6.96739e+08,-1.01768e+09,0.00105405,0.000141248,4.17228e-24
0,2.18083e+09,8.2712e+06,3.12323e+08,4.48184e+09,-1.343e+09,1.64707e+07,-1.97932e+08,0.000999863,0.000143193,3.49331e-24
0,2.04557e+09,-6.4422e+06,3.2223e+08,7.74029e+08,-2.22418e+08,3.73389e+07,-1.06047e+09,0.000994321,0.000156631,-2.94619e-26
0,2.00362e+09,3.11845e+07,3.26354e+08,2.47469e+09,3.49049e+08,3.16105e+08,-9.11004e+08,0.00099843,0.000162626,1.75621e-24
0,2.04564e+09,2.87009e+07,3.09814e+08,6.82369e+09,5.00754e+08,-1.55886e+08,-8.09607e+08,0.000940414,0.000142427,2.01447e-23
0,1.98676e+09,-5.07398e+07,3.06661e+08,-6.18618e+09,-4.65242e+08,5.14755e+08,-9.6056e+08,0.00103515,0.000159778,-3.75076e-23
0,1.99538e+09,3.44964e+07,3.21377e+08,7.27583e+09,3.95396e+08,1.11445e+08,-9.01703e+08,0.000935684,0.000150702,3.18407e-23
0,2.08631e+09,-408821,3.33589e+08,-1.33559e+08,3.53981e+08,1.29609e+08,-5.65696e+08,0.000921076,0.000147274,9.75523e-29
0,1.84803e+09,-2.56896e+07,2.94575e+08,-1.55162e+09,5.02872e+08,6.71269e+08,-1.45756e+09,0.00102983,0.000164154,1.63563e-26
0,2.04714e+09,-8.28012e+07,3.04387e+08,-1.17137e+10,8.38308e+08,2.3902e+08,-6.57114e+08,0.000937693,0.000139425,-7.86226e-23
0,1.8451e+09,5.00701e+07,2.47304e+08,3.63321e+09,-6.23247e+08,-7.73577e+08,-1.34211e+09,0.00113771,0.000152491,2.20187e-23
0,2.17006e+09,9.36381e+06,3.17581e+08,1.26035e+09,-1.07016e+09,-3.98354e+08,-8.36784e+08,0.00101179,0.000148072,3.1314e-25
0,2.06882e+09,1.18376e+06,3.29991e+08,2.12207e+09,-9.27641e+07,-9.81092e+07,-8.48135e+08,0.000970326,0.000154773,6.26202e-25
0,2.00987e+09,-6.49327e+06,2.95561e+08,-3.42344e+09,-2.21082e+09,1.28728e+08,-1.02061e+09,0.00114573,0.000168486,-3.91797e-23
0,1.8327e+09,-2.45776e+06,3.07992e+08,8.18949e+09,-2.47959e+08,-1.18094e+08,-5.26268e+08,0.000954607,0.000160425,4.51503e-23
0,2.0176e+09,-1.31972e+07,3.25413e+08,4.36097e+09,5.21738e+08,4.43338e+08,-7.52451e+08,0.000958076,0.000154526,7.33075e-24
0,1.98504e+09,-1.96747e+07,2.65847e+08,1.75388e+10,2.10517e+09,-2.99062e+07,5.23922e+08,0.00113431,0.000151913,-8.11585e-22
0,1.97529e+09,2.11903e+07,3.069e+08,1.88641e+09,7.77692e+07,-2.13494e+08,-1.27724e+09,0.0010198,0.000158447,6.32805e-25
0,2.05088e+09,4.87188e+07,3.27834e+08,8.30442e+09,6.89853e+08,4.95713e+08,-7.41351e+08,0.000968778,0.000154859,4.69678e-23
0,2.11278e+09,-1.5641e+07,3.33116e+08,-2.57927e+09,5.44474e+08,9.39382e+06,-5.23297e+08,0.000899416,0.000141809,-4.96357e-25
0,2.00444e+09,-2.22019e+06,3.42236e+08,-4.15841e+08,2.85389e+07,-3.57471e+07,-4.38578e+08,0.000981155,0.000167521,4.21127e-28
0,2.0056e+09,2.34756e+07,3.32795e+08,-2.00282e+09,7.51252e+08,2.7971e+08,-6.05796e+07,0.000887815,0.000147318,1.77015e-25
0,1.87567e+09,-3.11345e+06,2.84048e+08,1.22519e+10,-2.33094e+09,5.82775e+08,-8.39847e+08,0.00110541,0.000167401,3.90795e-22
0,2.11167e+09,3.61656e+06,3.27288e+08,4.23808e+09,-6.57118e+07,5.11355e+08,-7.37285e+08,0.000976057,0.000151279,4.18677e-24
0,2.11948e+09,7.17971e+06,3.32398e+08,4.12623e+09,-3.81196e+08,8.02189e+07,-6.58556e+08,0.000955276,0.000149816,3.3591e-24
0,2.11883e+09,1.55027e+07,3.06892e+08,1.38472e+09,-1.33951e+09,2.39708e+08,-8.48988e+08,0.000998066,0.00014456,1.50618e-24
0,2.16962e+09,2.38952e+07,3.28922e+08,5.55827e+09,-3.77281e+08,3.08008e+08,-3.23886e+08,0.000916618,0.000138962,2.39236e-24
0,1.9625e+09,-5.47916e+06,3.25387e+08,-1.24661e+09,4.72285e+08,-4.44479e+07,-1.02171e+09,0.000969083,0.000160677,-1.54747e-25
0,1.98757e+09,-3.70653e+07,3.06399e+08,-2.64219e+09,3.00078e+08,4.09116e+08,-9.29994e+08,0.000978119,0.000150785,-1.4724e-24
0,2.06306e+09,2.8084e+06,3.35452e+08,1.7907e+09,9.15185e+07,-2.50553e+07,-5.17472e+08,0.000926853,0.000150706,1.99259e-25
0,2.25736e+09,-2.17022e+07,3.21838e+08,6.10439e+09,7.19008e+08,7.8254e+07,2.91852e+08,0.000920162,0.00013119,-3.02625e-24
0,1.88272e+09,983383,3.04786e+08,1.81871e+09,-9.57883e+07,1.08736e+07,-1.4687e+09,0.00103068,0.000166852,6.18823e-25
0,2.06968e+09,7.97316e+06,2.95068e+08,-1.44576e+09,-2.8292e+09,1.33279e+07,-1.17876e+09,0.0011366,0.000162041,-2.11807e-23
0,2.11818e+09,-2.65638e+06,3.25406e+08,4.2483e+09,-2.25724e+08,1.10447e+08,-7.78142e+08,0.000955775,0.000146832,4.24955e-24
0,2.14307e+09,4.12955e+07,3.15828e+08,5.92999e+09,-6.16755e+08,-1.81362e+08,-9.06085e+08,0.00102719,0.000151379,2.05654e-23
0,2.12339e+09,715108,2.76319e+08,7.30781e+08,2.69149e+08,-1.58538e+08,2.51431e+08,0.000952219,0.000123914,-1.09044e-26
0,2.069e+09,-2.54325e+07,3.17799e+08,-5.4602e+09,-5.71327e+08,-3.9783e+08,-8.34915e+08,0.000968302,0.000148731,-1.03203e-23
0,2.11489e+09,5.15087e+07,3.14944e+08,-9.5957e+09,-1.34824e+09,-4.04074e+08,1.61145e+08,0.000992788,0.000147843,2.40793e-23
0,2.05854e+09,1.92533e+07,3.3098e+08,3.01958e+09,7.22966e+07,3.94476e+08,-7.92308e+08,0.00098311,0.000158068,1.99602e-24
0,1.98537e+09,3.26337e+07,3.1622e+08,1.60936e+09,1.05518e+09,-5.48505e+08,-9.85512e+08,0.000966581,0.000153952,1.12887e-25
0,1.94867e+09,6.86134e+07,2.57489e+08,-9.70082e+09,-5.65315e+08,2.07597e+08,5.9757e+08,0.00114478,0.000151266,1.43591e-22
0,2.11847e+09,8.75932e+06,3.34178e+08,2.1783e+09,-1.83274e+08,1.52255e+08,-5.44783e+08,0.00093726,0.000147848,3.3416e-25
0,1.92184e+09,-2.68293e+07,3.03609e+08,-1.24773e+09,2.51974e+08,3.75925e+08,-1.41058e+09,0.001032,0.000163034,1.60276e-25
0,1.91763e+09,-1.56886e+06,2.73623e+08,-1.80759e+10,-2.52313e+09,1.58013e+08,-5.37678e+08,0.0010695,0.000152606,-9.30567e-22
0,2.01991e+09,-1.73102e+07,2.90049e+08,-5.83727e+09,-2.49128e+09,5.03882e+07,-1.25288e+09,0.00111711,0.000160411,-1.16243e-22
0,2.03985e+09,1.73597e+07,3.31825e+08,2.56969e+09,1.88708e+08,1.5389e+08,-7.08675e+08,0.000934468,0.000152011,9.4897e-25
0,2.06823e+09,-3.36924e+07,3.03626e+08,-4.31289e+08,-2.49536e+09,9.63262e+07,1.26833e+08,0.00104711,0.00015372,-1.11877e-24
0,1.80964e+09,9.73917e+06,2.68703e+08,-8.83658e+09,-7.18583e+07,1.29802e+08,-9.31637e+08,0.0010064,0.000149434,-1.35653e-22
0,1.90961e+09,3.23558e+07,3.03094e+08,3.2643e+09,-1.24762e+08,-6.16035e+08,-1.21526e+09,0.0010326,0.000163895,6.26254e-24
0,2.30066e+09,2.77855e+07,3.07968e+08,-1.52057e+09,6.28476e+08,5.57087e+07,1.42483e+08,0.00101997,0.000136534,1.14351e-25
0,1.93795e+09,-4.18568e+07,2.84171e+08,4.1357e+09,-1.11487e+09,5.80463e+08,-8.84552e+08,0.0012331,0.000180816,1.89188e-23
0,2.15767e+09,-2.06882e+07,3.07411e+08,4.32994e+09,-3.02784e+08,-4.00128e+07,-5.12458e+08,0.00107497,0.000153154,5.21822e-24
0,1.88857e+09,2.33259e+07,2.48415e+08,3.46795e+09,-1.30422e+09,-6.3571e+07,-1.29193e+09,0.00110536,0.000145394,2.3574e-23
0,2.03749e+09,-8.14884e+07,2.92968e+08,-4.09163e+09,6.44791e+08,-2.1992e+08,-6.46901e+07,0.000966234,0.000138934,-9.87378e-25
0,1.92085e+09,1.67486e+07,2.9168e+08,1.40095e+10,2.37971e+09,1.01569e+07,-3.91046e+08,0.00100587,0.000152742,1.26612e-22
0,2.07945e+09,3.28133e+07,3.10768e+08,1.00693e+09,-3.10928e+08,-4.69669e+08,-7.31512e+08,0.00103418,0.000154555,-7.13885e-27
0,1.92215e+09,-2.96521e+07,3.0591e+08,-4.59336e+09,1.54982e+09,2.86154e+08,-9.60429e+08,0.000911864,0.000145123,-5.89566e-24
0,1.92121e+09,-2.37819e+07,2.75774e+08,-7.22751e+09,7.45968e+08,1.8345e+07,-1.13189e+09,0.000995235,0.000142858,-6.30249e-23
0,2.16815e+09,1.76597e+07,3.22999e+08,3.01356e+08,-9.30621e+08,-4.32076e+08,-7.2088e+08,0.00104984,0.000156398,-2.46776e-25
0,2.18396e+09,7.72227e+07,2.97843e+08,-1.48605e+09,-9.73756e+08,2.74113e+08,6.64515e+07,0.00101181,0.000137988,-2.37526e-25
0,1.86723e+09,-3.64423e+07,2.92051e+08,-7.6818e+09,-1.36001e+09,1.87471e+08,-1.33444e+09,0.00108311,0.000169408,-1.88747e-22
0,2.08636e+09,-3.53601e+07,3.21345e+08,-6.89903e+09,4.21023e+08,-4.39163e+06,-7.80486e+08,0.000940658,0.000144882,-1.90106e-23
0,1.85478e+09,-2.54346e+07,3.24771e+08,-6.04356e+09,-4.36754e+08,-2.41878e+08,1.45819e+08,0.000927232,0.000162358,5.49544e-24
0,1.96685e+09,3.06142e+07,3.07341e+08,1.55779e+10,1.3341e+09,2.90417e+08,-4.64724e+08,0.000987891,0.000154368,2.56989e-22
0,1.86124e+09,-5.78906e+07,2.84154e+08,-1.06697e+09,5.27805e+07,5.90581e+08,-8.52684e+08,0.00123357,0.000188329,9.23474e-26
0,2.2381e+09,-8.85034e+06,3.31921e+08,-1.49351e+09,-9.5541e+08,-2.8822e+07,-5.95446e+08,0.000971441,0.00014407,-4.1372e-25
0,2.10448e+09,4.82197e+06,3.1994e+08,8.98854e+08,-6.22903e+08,1.28563e+08,-1.02233e+09,0.00100758,0.000153181,1.64329e-25
0,2.01103e+09,2.49815e+07,3.07526e+08,-7.97782e+08,-3.77424e+08,-4.60536e+08,-8.73528e+08,0.00102184,0.00015626,4.44833e-26
0,1.95303e+09,1.14738e+07,3.27648e+08,-2.76992e+08,3.80952e+08,-2.75782e+07,-1.0002e+09,0.000975464,0.000163648,2.18506e-26
0,2.28177e+09,3.91614e+06,3.22586e+08,7.02997e+09,-8.53075e+08,-2.34865e+07,-1.72719e+08,0.000957394,0.000135352,3.86161e-24
0,1.99456e+09,4.96672e+07,2.97101e+08,1.34544e+10,2.02118e+09,4.86837e+07,-4.66279e+08,0.00105045,0.000156471,1.68884e-22
0,1.6835e+09,1.95818e+07,2.48228e+08,-1.03353e+10,-2.81181e+09,3.55672e+08,7.62556e+08,0.00107379,0.000158327,1.16362e-22
0,2.0144e+09,-2.06766e+07,3.21721e+08,-5.88903e+09,1.27534e+09,-3.08577e+07,-8.16774e+08,0.000921105,0.000147111,-1.3333e-23
0,1.93669e+09,-3.91179e+07,3.02854e+08,-2.20288e+08,-6.71814e+07,7.45621e+08,-9.96655e+08,0.00101442,0.000158632,-2.00567e-26
0,1.87809e+09,-3.30668e+07,3.03221e+08,5.00084e+09,1.94285e+08,8.83608e+08,-8.18577e+08,0.000968595,0.000156382,1.56067e-23
0,1.9568e+09,4.16458e+07,3.04095e+08,1.52964e+10,1.82693e+09,2.7953e+08,-5.27864e+08,0.0010246,0.000159227,3.38253e-22
0,2.04461e+09,3.36424e+07,3.16879e+08,3.55717e+09,4.83016e+08,1.8906e+08,-6.98866e+08,0.000931329,0.00014434,2.72461e-24
0,1.80813e+09,-3.89501e+06,2.90448e+08,3.90193e+09,-1.31333e+09,-5.72008e+08,-1.13999e+09,0.00103351,0.000166017,2.68757e-23
0,2.10911e+09,-2.24095e+07,3.19615e+08,2.76112e+09,-1.98166e+08,6.70748e+08,-6.72813e+08,0.000963386,0.000145992,4.99202e-25
0,1.87249e+09,-1.41763e+07,3.09846e+08,2.84359e+09,-2.372e+08,1.34565e+08,-1.38177e+09,0.00106439,0.000176127,5.74251e-24
0,2.13578e+09,1.06622e+07,3.18915e+08,-1.81185e+09,-8.41698e+08,-6.89223e+08,-7.71083e+08,0.00100051,0.000149397,-2.72324e-27
0,1.91814e+09,3.1523e+07,3.03394e+08,-8.21907e+08,1.4585e+08,-4.38403e+08,-9.51245e+08,0.00101212,0.000160088,9.24991e-26
0,2.14519e+09,-9.98395e+06,3.28033e+08,-3.30063e+09,-4.71057e+08,1.02105e+08,-7.15711e+08,0.000955361,0.000146089,-1.96129e-24
0,2.06088e+09,-3.96603e+07,3.0093e+08,-6.80688e+09,-9.02005e+08,2.28511e+07,-1.04464e+09,0.000995941,0.000145427,-3.70747e-23
0,2.07252e+09,3.59321e+07,3.11244e+08,4.5802e+09,4.42336e+08,8.69889e+07,-7.4105e+08,0.000946385,0.000142125,5.79457e-24
0,1.7319e+09,-2.06613e+07,2.87329e+08,4.83871e+09,-2.10765e+09,-4.34548e+08,-9.42176e+08,0.00104116,0.000172732,8.77404e-23
0,2.14268e+09,1.48043e+07,3.29473e+08,2.44005e+09,-6.45623e+08,3.01561e+08,-7.81684e+08,0.000974498,0.000149845,7.88127e-25
0,2.00381e+09,2.27691e+06,3.3208e+08,1.26347e+08,1.98587e+07,-1.01756e+07,-1.01103e+09,0.000995314,0.000164948,-1.54608e-26
0,2.11953e+09,-3.29228e+07,3.17006e+08,2.18434e+09,-5.40979e+08,5.63354e+08,-6.27463e+08,0.000963614,0.000144122,5.52516e-26
0,2.16376e+09,1.73594e+07,3.34064e+08,4.4609e+09,-3.71741e+08,3.91514e+08,-5.83132e+08,0.000940649,0.000145228,2.56312e-24
0,1.92871e+09,5.00703e+07,3.08149e+08,2.21637e+09,7.26992e+08,-5.90423e+08,-1.308e+09,0.001026,0.000163923,1.14357e-24
0,2.11261e+09,3.62058e+07,3.24466e+08,4.17531e+09,6.42294e+08,-2.29391e+08,-5.44238e+08,0.000908668,0.000139558,1.90296e-24
0,1.85027e+09,-6.68643e+07,2.90065e+08,-4.36887e+09,1.09212e+09,9.59492e+08,-1.33548e+09,0.00101068,0.000158443,-1.17376e-23
0,1.9531e+09,-2.45335e+07,3.24855e+08,-2.8409e+09,-5.31142e+08,2.68442e+08,-6.03245e+08,0.000931556,0.000154944,-1.72223e-24
0,1.97641e+09,4.27247e+07,3.17767e+08,3.3502e+08,8.95186e+08,-2.79042e+08,-1.09584e+09,0.000981949,0.000157878,-9.73666e-28
0,2.07369e+09,235028,3.22586e+08,4.38667e+09,-3.45766e+08,2.02634e+08,-8.58354e+08,0.000975583,0.000151763,6.15751e-24
0,2.30127e+09,-3.61798e+06,3.20912e+08,4.86701e+09,-8.89539e+08,-2.20733e+08,-1.92382e+08,0.000944022,0.000131644,2.00327e-24
0,1.91287e+09,9.30791e+07,2.86884e+08,-1.78189e+09,-1.7462e+09,-1.34626e+08,-7.77652e+08,0.00105654,0.000158456,-7.61548e-24
0,2.07756e+09,2.46861e+07,3.116e+08,4.49512e+09,1.76931e+08,2.455e+08,-7.70434e+08,0.000965617,0.000144826,6.11054e-24
0,2.26039e+09,1.48664e+07,3.41868e+08,6.27208e+08,5.13709e+08,6.29711e+07,-1.38678e+08,0.000854919,0.0001293,-1.15089e-27
0,2.0907e+09,-3.617e+07,3.18753e+08,1.25832e+09,-2.09532e+08,6.12298e+08,-5.76289e+08,0.00096571,0.000147234,-9.78418e-26
0,1.78152e+09,1.75024e+07,2.38647e+08,-1.30812e+10,-1.80486e+09,-7.04069e+08,4.1409e+08,0.00112593,0.000150826,6.1864e-22
0,2.06622e+09,5.22665e+07,3.18183e+08,5.30202e+09,9.71524e+08,-3.49578e+08,-6.46362e+08,0.000913673,0.000140699,4.65315e-24
0,2.10244e+09,2.19709e+07,3.08172e+08,7.36629e+09,5.20157e+08,1.39963e+08,-4.32585e+08,0.00113609,0.000166526,3.40827e-23
0,2.18325e+09,1.85324e+07,3.14136e+08,-7.07558e+09,-9.37582e+08,-2.02774e+08,1.75091e+08,0.00095217,0.000137003,5.25824e-24
0,2.12975e+09,6.28961e+07,3.13941e+08,-1.13816e+10,-5.80348e+08,2.14249e+08,4.84705e+08,0.000969595,0.000142926,5.21952e-23
0,1.93582e+09,4.48743e+07,3.14347e+08,1.04464e+09,1.13934e+09,-6.84809e+08,-1.08065e+09,0.00098473,0.000159905,4.1842e-27
0,1.85455e+09,-1.45012e+07,2.48238e+08,3.63965e+09,-1.63355e+09,6.82845e+08,-1.35427e+09,0.00117288,0.000156994,3.52251e-23
0,1.97399e+09,-4.64189e+07,3.19159e+08,-2.76782e+09,-9.74081e+08,-3.16395e+08,-8.98309e+08,0.00106661,0.000172452,-4.21482e-24
0,2.07264e+09,-1.67794e+07,3.27073e+08,-3.40575e+08,-4.10763e+08,-2.34861e+08,-9.21681e+08,0.000988102,0.000155927,-3.13265e-26
0,2.09273e+09,-2.30664e+07,3.35686e+08,-5.17582e+09,5.07224e+07,-5.93067e+08,-5.78932e+08,0.000966239,0.00015499,-6.61904e-24
0,2.15294e+09,-3.01242e+07,3.27886e+08,-6.11644e+08,-1.55299e+08,3.20778e+08,-4.13094e+08,0.00097842,0.00014901,9.37805e-28
0,1.88928e+09,2.1485e+07,2.85617e+08,1.6478e+08,1.02081e+09,-3.56612e+08,-1.13338e+09,0.00100279,0.000151599,6.13367e-28
0,2.04385e+09,-5.09651e+06,3.19329e+08,-4.34305e+09,-6.87328e+08,-4.35038e+08,-6.99443e+08,0.000950917,0.00014857,-3.69236e-24
0,1.79814e+09,1.1763e+07,2.99411e+08,1.31117e+09,1.79947e+09,1.74374e+08,-1.32686e+09,0.000988143,0.000164537,6.5004e-25
0,1.74503e+09,-3.20218e+07,2.91155e+08,8.92046e+09,-9.06076e+08,1.01637e+08,-7.8695e+08,0.00111473,0.000185991,2.39514e-22
0,2.04478e+09,-3.48554e+07,3.22768e+08,2.90032e+09,-1.64151e+09,-3.41351e+08,-5.24017e+08,0.00098189,0.000154991,5.4071e-24
0,2.09753e+09,3.46358e+07,3.2661e+08,3.51997e+09,3.24312e+08,1.40441e+08,-7.22778e+08,0.000935504,0.000145669,2.2879e-24
0,1.90672e+09,2.74876e+07,3.09204e+08,7.43514e+09,1.38335e+09,-2.13666e+08,-8.2894e+08,0.00102441,0.000166123,5.11558e-23
0,2.18847e+09,7.78703e+06,3.35784e+08,6.27253e+08,-5.15273e+08,2.72453e+08,-5.56725e+08,0.000963693,0.000147863,3.45536e-26
0,1.99487e+09,2.89244e+06,3.37894e+08,-5.04775e+07,1.73509e+07,-7.45194e+06,-7.64579e+08,0.000995676,0.000168649,2.80652e-27
0,2.28142e+09,3.29547e+07,3.20941e+08,6.78618e+09,-1.08613e+09,-2.52234e+08,-4.47477e+08,0.000950989,0.000133781,1.00662e-23
0,1.82177e+09,-1.55096e+07,2.66897e+08,2.0447e+09,1.07596e+09,5.71017e+08,7.05454e+08,0.00106029,0.000155337,-1.86477e-24
0,2.01303e+09,4.44262e+06,3.16483e+08,-1.55201e+09,-7.99153e+08,-8.66267e+08,-1.08799e+09,0.00104659,0.000164542,4.67583e-25
0,2.06118e+09,6.79107e+07,3.17565e+08,-1.11446e+10,-1.60843e+09,7.34046e+07,4.34041e+08,0.000923207,0.000142238,3.61734e-23
0,2.00604e+09,2.51193e+07,3.05602e+08,7.82454e+09,5.15399e+08,-7.68577e+07,-8.60266e+08,0.00108123,0.000164715,7.33443e-23
0,1.9474e+09,-7.19394e+07,2.66914e+08,-3.70581e+09,-4.63647e+08,1.57632e+09,-9.22516e+08,0.00102771,0.00014086,-5.64142e-24
0,1.83308e+09,6.64324e+06,2.81214e+08,8.80342e+09,3.27229e+08,-1.52608e+08,-8.75643e+08,0.00116577,0.000178841,2.4204e-22
0,2.15993e+09,-1.504e+07,3.37598e+08,-6.94474e+09,-3.99751e+08,-5.34694e+08,-5.04216e+08,0.0009506,0.000148579,-8.72168e-24
0,2.02234e+09,-1.67402e+07,3.30663e+08,-1.82574e+09,2.15424e+08,-1.20212e+08,-8.25117e+08,0.000954937,0.000156138,-4.09986e-25
0,2.20116e+09,-590062,3.37722e+08,-1.30369e+09,-4.9386e+08,9.75682e+07,-4.84731e+08,0.000970223,0.000148861,-1.16913e-25
0,2.11606e+09,-2.38223e+07,3.12229e+08,4.92143e+09,7.60728e+07,4.08042e+08,-6.86895e+08,0.000964932,0.000142377,6.40134e-24
0,1.99506e+09,2.20046e+06,3.40226e+08,-9.87174e+07,-2.17327e+07,-1.42337e+07,-6.12395e+08,0.000996051,0.000169861,2.68922e-27
0,2.21202e+09,1.44967e+07,3.00237e+08,1.33152e+09,-5.26513e+08,-1.00878e+08,-3.66551e+08,0.000942545,0.000127931,9.5202e-26
0,2.04559e+09,-1.10841e+07,3.05995e+08,1.72559e+09,-1.9434e+09,-4.89723e+08,-8.0518e+08,0.00102188,0.00015286,3.27164e-24
0,2.10943e+09,-3.3515e+07,3.17347e+08,-2.31987e+09,2.10893e+08,7.65053e+07,-6.62628e+08,0.000973888,0.000146514,-6.29229e-25
0,1.89567e+09,-1.04664e+07,3.02268e+08,-1.50097e+09,-6.22981e+08,-2.28739e+08,-1.20733e+09,0.00102726,0.000163797,-7.69448e-25
0,1.79736e+09,1.08061e+07,2.88436e+08,4.87905e+09,-6.73691e+08,-9.24263e+07,6.68375e+08,0.00118766,0.000190593,-3.69189e-23
0,1.94339e+09,-1.91646e+07,3.13283e+08,6.11111e+08,7.44703e+08,7.18523e+08,-1.10942e+09,0.000983615,0.000158563,1.05387e-25
0,1.95529e+09,780314,3.02644e+08,4.62827e+09,1.06859e+09,5.33845e+07,-1.09635e+09,0.00103138,0.00015964,1.8358e-23
0,2.02103e+09,3.07776e+07,3.13156e+08,4.10475e+09,-5.60715e+07,-5.43904e+08,-1.03231e+09,0.00100567,0.000155827,7.87638e-24
0,2.13732e+09,6.17443e+06,3.15248e+08,5.52612e+07,-8.08028e+08,1.117e+08,-8.08154e+08,0.000980433,0.000144611,6.60158e-26
0,2.04003e+09,-5.11102e+07,3.17781e+08,1.66033e+09,-1.40687e+09,-9.57372e+06,-3.26954e+08,0.00100595,0.0001567,1.62061e-24
0,1.81322e+09,-7.70484e+07,2.61519e+08,-4.16087e+09,-5.37195e+08,1.34955e+09,-1.36327e+09,0.00110675,0.000159625,-2.67403e-23
0,1.79853e+09,-1.02473e+06,2.78585e+08,5.60962e+09,7.66784e+08,-3.66628e+08,-8.65095e+08,0.00119534,0.000185154,6.61529e-23
0,1.93378e+09,6.58039e+07,3.18425e+08,5.60929e+09,1.77004e+09,-1.53704e+08,-8.23395e+08,0.000948828,0.000156239,1.13192e-23
0,2.12891e+09,-2.01497e+07,3.34534e+08,-5.62409e+09,-3.57842e+08,-3.11238e+08,-6.13398e+08,0.000956132,0.000150245,-7.10199e-24
0,2.10137e+09,-1.26808e+07,3.38739e+08,-6.32985e+09,5.96099e+07,-5.74083e+08,-4.39974e+08,0.00091799,0.000147979,-7.19351e-24
0,1.89927e+09,5.29395e+07,2.76059e+08,-6.9064e+09,-2.37756e+09,-2.29999e+08,-8.26075e+08,0.00112045,0.000162857,-1.38047e-22
0,2.04867e+09,-1.41829e+07,3.14325e+08,-5.7144e+09,-7.71394e+08,-5.17405e+08,-1.03802e+09,0.00100669,0.000154455,-1.78207e-23
0,1.78522e+09,2.95199e+07,3.09518e+08,-8.8312e+09,-5.4746e+08,-6.37743e+07,-6.46717e+08,0.000993654,0.000172278,-9.46326e-23
0,2.07699e+09,9.53885e+06,3.10017e+08,3.07996e+09,-5.88952e+08,-3.52573e+08,-1.03909e+09,0.00104844,0.000156493,4.37519e-24
0,2.14423e+09,1.75781e+07,3.35871e+08,3.5535e+09,-3.07315e+08,-6.17868e+07,-4.45277e+08,0.000939134,0.000147106,1.35158e-24
0,1.99728e+09,3.64641e+07,3.07651e+08,5.14111e+09,8.89777e+08,-3.29234e+08,-8.22735e+08,0.00106658,0.00016429,1.56473e-23
0,2.205e+09,1.30378e+07,2.85271e+08,-2.5642e+09,8.23209e+08,-3.28381e+08,2.51322e+08,0.0010694,0.000138353,2.46027e-25
0,1.99342e+09,1.26965e+06,3.42009e+08,-1.63502e+08,-6.80005e+07,-3.61881e+07,-4.50694e+08,0.000995231,0.000170751,1.30448e-27
0,2.25284e+09,-6.24179e+06,2.97126e+08,1.7922e+08,-1.51571e+09,1.09012e+08,-3.54211e+08,0.000963247,0.000127042,1.9255e-25
0,2.07049e+09,6.41853e+06,3.06997e+08,-1.52393e+10,-1.22076e+09,-3.45325e+08,-4.12398e+08,0.00105783,0.000156847,-1.72094e-22
0,1.82902e+09,-7.29765e+07,2.65545e+08,-3.50377e+09,1.41907e+08,1.67419e+09,-1.30597e+09,0.00108318,0.00015726,-6.11512e-24
0,2.00062e+09,-4.37354e+07,3.12442e+08,1.08242e+09,2.1767e+07,5.0543e+06,-4.83371e+08,0.00101443,0.000158426,6.59319e-26
0,1.96425e+09,2.93953e+07,2.85865e+08,2.21476e+09,-1.28716e+09,-3.62551e+08,-1.09964e+09,0.00103581,0.000150746,4.32634e-24
0,2.04111e+09,5.4281e+07,3.22261e+08,7.10522e+09,6.35358e+08,-9.60707e+07,-6.54738e+08,0.000996817,0.000157382,2.50833e-23
0,2.15128e+09,-1.76782e+07,3.3353e+08,-6.41154e+09,-4.7607e+08,-1.1451e+08,-6.15316e+08,0.000950783,0.000147408,-1.06451e-23
0,1.75375e+09,5.08665e+07,2.68002e+08,-6.27047e+09,-2.19799e+09,-1.6681e+08,-9.76767e+08,0.00106098,0.000162136,-1.36766e-22
0,1.88969e+09,3.30334e+06,3.21793e+08,-4.32567e+08,-5.00892e+07,4.61853e+08,4.86006e+07,0.000879236,0.000149724,-2.598e-31
0,2.16864e+09,1.12226e+07,3.17784e+08,9.03998e+07,-1.4157e+09,-4.66752e+08,-8.81821e+08,0.00106226,0.000155659,-1.0292e-24
0,2.11096e+09,2.8053e+06,3.18454e+08,6.38892e+09,6.85969e+08,-2.14086e+08,-4.89054e+08,0.000998632,0.000150651,1.04134e-23
0,1.72959e+09,5.5623e+07,2.73953e+08,7.00484e+09,-4.27634e+08,2.93206e+08,3.55494e+08,0.00100239,0.00015877,-3.70112e-23
0,2.12655e+09,3.52836e+07,3.1239e+08,1.75946e+08,-7.68763e+07,-1.46181e+08,-8.05988e+08,0.000973169,0.000142959,-9.26158e-27
0,2.05487e+09,-2.61308e+07,3.29443e+08,-4.80101e+09,5.17362e+08,-1.95983e+08,-7.65265e+08,0.000926931,0.000148608,-6.8207e-24
0,1.98362e+09,4.61454e+06,3.06197e+08,-1.64784e+10,-1.47783e+09,-1.85302e+08,-4.38375e+08,0.00100686,0.000155422,-2.54453e-22
0,1.93166e+09,-3.04057e+07,3.11124e+08,5.90997e+08,1.37796e+09,-2.74961e+08,-5.04118e+08,0.00100183,0.00016136,-9.8965e-26
0,1.95521e+09,3.34694e+06,2.94532e+08,3.75318e+09,1.91799e+09,-3.48704e+08,-8.47131e+08,0.000945492,0.000142429,2.73778e-25
0,1.81924e+09,-6.36115e+07,2.77164e+08,-4.23154e+09,3.09049e+08,1.47371e+09,-1.32594e+09,0.0010863,0.0001655,-1.66734e-23
0,1.9088e+09,-821247,2.92584e+08,2.95919e+09,-1.00305e+09,1.06555e+08,-6.55687e+08,0.0010017,0.000153543,4.10528e-24
0,2.05565e+09,-1.03946e+07,3.27274e+08,-2.00919e+09,1.58996e+08,-4.86667e+06,-8.88912e+08,0.000950546,0.000151333,-5.01104e-25
0,2.07949e+09,-1.05104e+07,3.33522e+08,-6.60671e+09,2.57807e+08,-1.11811e+08,-6.23244e+08,0.000933979,0.000149797,-1.33389e-23
0,1.72253e+09,2.82488e+07,2.72442e+08,-4.73075e+09,-1.25538e+09,-1.20022e+08,-1.10414e+09,0.00104025,0.00016453,-4.67812e-23
0,2.03684e+09,-3.26423e+07,3.12798e+08,-3.10558e+09,-6.3635e+08,8.69504e+07,-9.6176e+08,0.00102792,0.000157858,-4.22872e-24
0,2.11199e+09,4.22245e+07,3.15596e+08,3.18868e+09,2.88997e+08,-2.57301e+08,-7.99926e+08,0.0009508,0.000142078,1.66057e-24
0,2.04425e+09,1.75415e+07,3.20823e+08,-4.97212e+08,-1.27839e+09,-4.05657e+08,-8.02013e+08,0.0010206,0.000160171,-1.12107e-24
0,2.17141e+09,-1.16366e+07,2.97439e+08,4.20326e+07,-8.26383e+08,-2.2041e+08,1.32147e+08,0.000894352,0.000122508,-1.00441e-26
0,2.26435e+09,-2.8974e+06,3.11475e+08,5.23785e+08,-9.14978e+08,7.21283e+07,-3.29974e+08,0.000934789,0.000128586,7.1884e-26
0,1.83727e+09,1.48262e+07,3.0631e+08,-1.3986e+10,-1.39536e+09,-1.03387e+08,-4.52075e+08,0.00094812,0.000158071,-1.85003e-22
0,2.06001e+09,-9.5842e+06,3.25691e+08,-2.08949e+09,-6.24261e+08,-8.72827e+07,-6.90146e+08,0.000986433,0.000155956,-7.84054e-25
0,1.968e+09,-1.43334e+07,3.31942e+08,8.99519e+08,3.25764e+07,-3.19054e+06,-8.95728e+08,0.000998646,0.000168441,1.06903e-27
0,2.13593e+09,408568,3.36567e+08,2.45815e+09,2.83382e+07,1.28622e+08,2.91251e+08,0.000903882,0.000142428,-2.25739e-25
0,2.08803e+09,-1.90226e+07,3.30675e+08,-3.00747e+09,9.73428e+08,-1.90926e+08,-4.51644e+08,0.000925689,0.000146599,-1.07677e-24
0,2.06456e+09,1.76253e+06,2.96717e+08,4.54008e+09,1.10117e+09,-1.18961e+08,-7.22998e+08,0.000956908,0.000137526,4.96233e-24
0,2.27835e+09,1.76428e+07,3.30382e+08,3.01044e+09,-1.01722e+09,-2.37598e+08,-2.71959e+08,0.000917883,0.000133102,8.69268e-25
0,1.96966e+09,-3.3971e+07,3.02107e+08,2.4729e+09,-2.17054e+09,3.43835e+08,-4.55274e+08,0.000994125,0.000152479,9.22004e-24
0,2.08279e+09,-2.25118e+07,3.02415e+08,-6.85949e+09,-1.20902e+09,-2.45995e+08,-1.07593e+09,0.00102157,0.000148329,-4.01462e-23
0,2.20313e+09,4.53146e+06,3.37567e+08,2.44943e+09,-3.09356e+08,-2.78222e+07,-4.27412e+08,0.000912484,0.000139812,3.25195e-25
0,1.74803e+09,-2.64518e+07,2.70467e+08,-1.65409e+09,1.75652e+09,5.30593e+08,-1.49508e+09,0.00104947,0.000162381,-3.80599e-25
0,2.01054e+09,-3.16158e+06,3.34344e+08,3.31988e+08,3.58901e+08,-5.11298e+07,-5.03771e+08,0.00100806,0.000167635,7.04382e-28
0,2.28126e+09,1.72695e+07,3.23719e+08,-1.5941e+09,1.85029e+08,1.99989e+08,1.40769e+08,0.000915973,0.00012998,3.29084e-26
0,2.04726e+09,-1.55253e+07,3.35921e+08,4.49057e+08,-6.84842e+07,-7.64385e+07,-6.77625e+08,0.00100701,0.000165233,-9.79935e-27
0,1.8842e+09,-8.74242e+06,3.25885e+08,-1.05964e+09,4.31685e+08,-5.37485e+08,-9.62632e+08,0.000944691,0.000163391,-1.26248e-25
0,2.09915e+09,-5.30425e+06,3.41749e+08,-1.64291e+09,1.71812e+08,-1.636e+08,-2.84288e+08,0.000944959,0.000153842,-1.09566e-25
0,2.10614e+09,3.74889e+07,3.02851e+08,4.54885e+09,2.56257e+08,-3.41746e+08,-6.96065e+08,0.000971813,0.000139742,4.91954e-24
0,2.1869e+09,4.48008e+07,3.16435e+08,-8.72428e+09,-1.58427e+09,7.654e+07,5.87862e+07,0.000954526,0.000138116,-3.34909e-24
0,1.99881e+09,-3.57817e+07,2.74241e+08,3.44289e+07,4.55261e+08,-1.11901e+08,-5.59653e+08,0.00095366,0.000130845,1.05229e-28
0,2.02964e+09,-3.29957e+06,3.12115e+08,-9.3802e+09,-1.34999e+09,-1.70859e+08,-6.10232e+08,0.00108486,0.000166829,-9.04006e-23
0,2.00597e+09,4.769e+06,3.07076e+08,1.58276e+09,-9.78938e+08,-3.34547e+08,-1.10222e+09,0.00100756,0.000154238,8.96175e-25
0,2.05011e+09,-5.22078e+07,3.02305e+08,-6.85999e+09,-7.73939e+08,-7.3051e+07,-9.44115e+08,0.00102219,0.000150731,-3.81211e-23
0,1.78081e+09,-294351,2.87704e+08,-1.08572e+09,8.49112e+08,1.51863e+08,-1.39869e+09,0.00102984,0.000166378,-1.18678e-25
0,1.95562e+09,9.8136e+06,2.95355e+08,8.41611e+09,1.05826e+09,3.37767e+08,-9.17195e+08,0.000961849,0.000145267,7.20324e-23
0,2.16593e+09,4.7684e+06,3.37939e+08,-3.20716e+08,9.4493e+07,-3.07416e+08,-3.76177e+08,0.000915161,0.000142788,1.64652e-27
0,2.23773e+09,-1.77178e+06,3.22997e+08,-2.88659e+09,-5.33687e+08,-1.13846e+08,1.77317e+08,0.000901235,0.000130085,2.29129e-25
0,2.16268e+09,-4.0654e+07,3.21152e+08,-8.58688e+09,-7.77819e+08,-7.94063e+07,-7.54796e+08,0.00099346,0.000147526,-3.93094e-23
0,2.02987e+09,-5.29213e+07,2.89934e+08,9.83468e+09,-8.02545e+08,-2.79815e+08,3.35117e+08,0.00107455,0.000153481,-4.19836e-23
0,2.14385e+09,-2.48915e+07,3.22446e+08,-2.71389e+09,-7.95224e+08,-2.25776e+07,-9.90975e+08,0.00101027,0.000151949,-2.3018e-24
0,1.98595e+09,-3.15349e+07,2.92092e+08,2.09396e+09,5.04002e+08,2.61118e+08,-5.56179e+08,0.0010393,0.000152859,1.10348e-24
0,2.06476e+09,-1.04257e+07,3.33193e+08,-9.03716e+08,2.83629e+08,-1.08654e+08,-7.12074e+08,0.000933016,0.000150562,-2.76202e-26
0,1.96962e+09,-9.44036e+06,3.18255e+08,-6.29067e+09,-5.87853e+08,-1.14832e+08,-9.41808e+08,0.000990744,0.000160086,-2.96038e-23
0,2.0048e+09,-2.21705e+06,3.40365e+08,-3.50462e+08,-4.48363e+07,-875114,-6.04587e+08,0.00099275,0.000168544,5.96077e-27
0,1.87189e+09,-6.59646e+06,2.76921e+08,-6.30576e+07,8.27318e+08,-6.12206e+07,-1.38953e+09,0.00106238,0.000157165,2.53505e-26
0,1.98591e+09,9.49761e+06,3.09967e+08,-5.00494e+08,7.6667e+08,-2.21681e+08,-9.51161e+08,0.000964197,0.000150495,-2.53147e-26
0,2.2675e+09,3.0057e+07,3.30262e+08,-5.72559e+09,-1.1032e+08,1.87591e+08,1.92079e+08,0.000899259,0.000130977,1.33499e-24
0,2.10859e+09,2.13726e+07,3.39215e+08,2.03716e+09,6.05416e+08,1.57953e+08,-3.54897e+08,0.000871313,0.000140171,1.97952e-25
0,1.95935e+09,-5.27764e+07,2.98809e+08,-9.23298e+09,-6.53332e+08,2.86719e+07,-8.02525e+08,0.000972727,0.000148345,-7.79453e-23
0,1.96996e+09,6.62388e+07,2.81167e+08,-1.16529e+10,3.24034e+08,3.39398e+08,4.39572e+08,0.00103384,0.000147556,1.17398e-22
0,2.02507e+09,2.0426e+07,3.28896e+08,1.24525e+09,3.41116e+08,-8.1027e+07,-8.78725e+08,0.000960962,0.000156072,9.87441e-26
0,2.25736e+09,2.18561e+07,3.15685e+08,3.53548e+09,-3.641e+08,-2.13017e+08,-2.73579e+08,0.00092559,0.000129441,6.99625e-25
0,1.77444e+09,-3.64012e+07,2.75261e+08,-1.42793e+10,-2.40259e+09,2.97413e+08,-3.68687e+08,0.00100302,0.000155593,-4.52706e-22
0,1.81317e+09,-2.42235e+06,2.69955e+08,5.63006e+08,1.55974e+09,-1.58464e+08,-1.44579e+09,0.00103759,0.000154482,1.54897e-26
0,2.05672e+09,1.76462e+07,3.31098e+08,1.07159e+09,4.51501e+08,1.59598e+08,-4.75212e+08,0.000913565,0.000147069,6.00843e-26
0,1.89239e+09,1.16475e+07,2.95033e+08,3.50281e+09,8.48634e+08,-8.52437e+06,-1.07068e+09,0.000972218,0.000151573,6.48134e-24
0,1.84932e+09,1.22832e+07,2.96767e+08,-3.47265e+09,-2.24916e+09,-2.72031e+08,-8.1869e+08,0.00104003,0.000166898,-3.27239e-23
0,1.99568e+09,-4.33652e+07,3.13371e+08,-9.34806e+09,-2.40347e+08,2.14691e+08,-8.03461e+08,0.000965998,0.000151686,-7.0658e-23
0,2.06765e+09,-1.15708e+07,3.13165e+08,-3.27752e+09,-1.12691e+09,5.00376e+07,-9.2844e+08,0.00101227,0.000153318,-5.85721e-24
0,2.18044e+09,2.6529e+06,3.3739e+08,-2.024e+09,-4.05746e+07,7.17702e+07,-4.72532e+08,0.000917563,0.000141979,-1.96678e-25
0,1.86303e+09,2.68304e+06,3.15106e+08,3.33297e+09,-3.76466e+08,2.50699e+08,8.77595e+08,0.000986094,0.000166785,-5.66872e-24
0,1.97629e+09,-5.83338e+07,3.23167e+08,-6.35394e+09,1.62886e+09,7.21754e+07,-7.11744e+08,0.00091336,0.000149354,-1.24544e-23
0,1.9838e+09,4.5045e+07,3.17529e+08,8.0324e+09,6.5419e+08,-2.75208e+08,-7.85936e+08,0.000931206,0.00014905,3.40134e-23
0,1.92044e+09,6.46452e+07,2.82532e+08,-1.10181e+10,-1.03053e+09,3.2225e+08,4.03927e+08,0.000970965,0.000142847,5.48003e-23
0,2.2963e+09,8.34704e+06,3.19963e+08,1.56595e+09,-1.00562e+09,-7.5144e+07,-2.8518e+08,0.000929723,0.000129546,2.48818e-25
0,2.22516e+09,4.3398e+06,3.10401e+08,1.48686e+09,-2.29376e+09,7.99782e+07,-7.93299e+08,0.00103337,0.000144151,5.20505e-24
0,1.91616e+09,2.89613e+07,2.99725e+08,5.38243e+09,3.16666e+08,-3.34049e+08,-1.09165e+09,0.00099365,0.000155426,2.32281e-23
0,1.90535e+09,1.92017e+07,3.02666e+08,4.02875e+09,1.77121e+09,-1.08634e+08,-1.01772e+09,0.000956751,0.00015198,6.05706e-24
0,1.81855e+09,-1.96843e+07,2.99086e+08,-1.7274e+09,-1.96296e+09,7.33203e+08,3.1027e+08,0.00108965,0.000179208,-3.54722e-24
0,2.16532e+09,1.67379e+07,3.40613e+08,5.51444e+09,1.42741e+08,3.72619e+08,-2.90048e+08,0.000904184,0.000142232,2.71189e-24
0,2.03544e+09,1.19186e+07,3.33695e+08,3.68264e+08,4.14603e+08,-1.78335e+07,-5.67768e+08,0.000895559,0.00014682,9.16156e-28
0,2.01823e+09,1.57616e+07,3.31354e+08,2.67185e+09,4.8677e+08,-5.84627e+07,-7.70245e+08,0.000937598,0.000153935,1.18752e-24
0,2.09653e+09,4.51307e+07,3.20857e+08,9.05318e+09,-4.34545e+08,6.86435e+07,-6.94355e+08,0.00096592,0.000147826,4.23316e-23
0,1.93834e+09,-2.0913e+06,3.0111e+08,-4.73051e+08,-3.69903e+08,5.9173e+07,-1.33117e+09,0.00104031,0.000161605,1.52007e-25
0,2.09653e+09,-4.43462e+07,2.96443e+08,1.31698e+09,-1.46313e+09,-4.6002e+08,4.03827e+08,0.000915828,0.000129495,2.21092e-25
0,2.04529e+09,-2.59049e+07,3.32625e+08,-5.11781e+09,3.7269e+07,-5.92004e+07,-7.29568e+08,0.000949821,0.000154469,-8.29031e-24
0,2.01613e+09,6.08909e+07,3.14777e+08,8.52327e+09,5.25425e+08,-1.65559e+08,-8.25092e+08,0.000936813,0.000146264,4.25133e-23
0,1.97409e+09,-1.07669e+07,3.11134e+08,-4.83195e+08,-1.06773e+09,-1.98478e+08,3.59048e+08,0.000897196,0.000141406,-4.76884e-26
0,2.00291e+09,3.9599e+07,2.89918e+08,7.2762e+09,-7.7627e+07,2.22776e+08,-1.15217e+09,0.000998442,0.000144523,5.2794e-23
0,1.92529e+09,-2.54921e+07,3.12937e+08,7.99895e+07,1.32478e+09,4.32356e+08,-1.02212e+09,0.000944852,0.000153576,6.39975e-27
0,2.15119e+09,1.52366e+07,3.14042e+08,-3.96505e+09,-2.19882e+09,-1.44269e+08,-6.82157e+08,0.00105375,0.000153832,-1.765e-23
0,2.04885e+09,1.86677e+07,3.33423e+08,1.87299e+09,-6.10616e+07,1.62001e+08,-7.81391e+08,0.000983195,0.000160002,4.10634e-25
0,1.93533e+09,7.16893e+07,3.01436e+08,1.07646e+09,-1.03586e+09,4.86547e+08,-6.82693e+08,0.0010605,0.000165177,1.05927e-24
0,1.80714e+09,5.92857e+07,2.93886e+08,2.07943e+09,4.10636e+08,-8.35402e+08,-8.34654e+08,0.000935969,0.000152212,4.20019e-25
0,1.98652e+09,-2.67707e+06,3.38458e+08,8.49921e+07,6.7877e+07,2.09239e+07,-7.34695e+08,0.000988823,0.000168473,-4.2032e-27
0,2.06013e+09,-6.32048e+07,3.02356e+08,-4.99975e+09,-3.56107e+08,4.4888e+08,-8.93912e+08,0.00100967,0.000148185,-1.3227e-23
0,2.04377e+09,1.29276e+07,3.07891e+08,4.99904e+09,-1.52518e+09,3.05527e+08,-9.08312e+08,0.00101845,0.000153428,1.77618e-23
0,1.8525e+09,8.97709e+07,2.8168e+08,5.79726e+09,2.37779e+08,-1.098e+09,-1.41121e+09,0.00110666,0.000168272,6.62892e-23
0,2.05652e+09,-3.84083e+07,3.16546e+08,-7.40915e+09,-1.72462e+08,-8.28909e+06,-8.13034e+08,0.000987473,0.000151995,-3.33947e-23
0,2.14705e+09,2.83223e+07,3.01637e+08,-5.78553e+09,-3.49592e+08,2.13335e+08,2.90667e+08,0.000979347,0.000137588,3.87798e-24
0,2.05209e+09,2.89809e+07,3.31363e+08,4.11383e+09,-6.24221e+07,3.06598e+08,-6.25086e+08,0.000928786,0.000149976,3.09132e-24
0,2.24422e+09,4.52225e+06,3.42796e+08,4.12475e+09,-1.39306e+08,2.32612e+08,-1.04069e+08,0.000935731,0.000142929,2.73888e-25
0,2.03271e+09,-4.41378e+07,2.91515e+08,3.44557e+09,-8.74813e+08,-2.38798e+08,5.60438e+08,0.00093648,0.000134303,-1.28187e-24
0,1.88636e+09,-7.01862e+06,3.13977e+08,-1.87688e+09,2.84385e+09,-1.19508e+08,-8.58509e+08,0.000897791,0.000149434,4.1787e-24
0,1.78106e+09,3.20846e+07,2.70512e+08,6.36874e+09,2.27633e+09,-3.00159e+08,-1.20763e+09,0.000963593,0.000146353,3.61357e-23
0,2.08778e+09,-7.00666e+06,3.41418e+08,4.98941e+09,-3.54454e+08,5.4281e+08,9.73621e+07,0.00092293,0.000150928,-1.95791e-24
0,2.19443e+09,1.88898e+07,3.13021e+08,1.87646e+09,-1.53213e+09,-3.73441e+08,-7.91741e+08,0.00101496,0.000144778,1.89047e-24
0,2.03891e+09,8.31793e+06,3.2924e+08,8.77804e+08,-1.96487e+08,-1.61349e+08,-9.24665e+08,0.000987016,0.000159382,-9.31376e-27
0,1.96553e+09,2.12972e+07,2.78372e+08,6.42237e+09,-6.8086e+08,3.01469e+08,-1.14412e+09,0.00103191,0.000146146,4.46512e-23
0,1.94023e+09,-2.83045e+07,3.27947e+08,4.48838e+09,-9.70942e+08,-1.65416e+08,-2.64057e+08,0.000901235,0.000152331,3.76565e-24
0,1.98059e+09,-5.33317e+07,3.14497e+08,-6.64597e+09,6.12252e+08,3.41402e+07,-8.44816e+08,0.000952282,0.000151213,-2.51291e-23
0,2.03599e+09,8.77968e+06,3.16399e+08,3.43749e+09,-1.37202e+09,7.75486e+08,-9.875e+08,0.00106657,0.000165748,4.38668e-24
0,2.09377e+09,-6.17036e+07,3.10301e+08,-9.43836e+09,-2.87885e+08,4.59831e+07,-8.04562e+08,0.00097652,0.000144722,-5.97871e-23
0,1.99539e+09,-1.75448e+06,3.40915e+08,3.92773e+08,3.49084e+07,3.20065e+07,-5.62706e+08,0.000990674,0.000169258,-4.36275e-27
0,1.88744e+09,8.42181e+07,2.77009e+08,3.77877e+09,-8.42357e+08,-1.08101e+09,-1.4432e+09,0.00115378,0.000169335,2.48496e-23
0,1.96207e+09,2.76597e+06,3.23243e+08,2.99832e+09,1.17552e+09,5.30022e+08,-8.57181e+08,0.000956708,0.000157613,4.7175e-24
0,1.92022e+09,-1.25956e+07,2.83003e+08,2.26984e+09,-2.53356e+08,6.68878e+08,-1.25452e+09,0.00102484,0.000151042,5.20418e-25
0,2.14517e+09,2.80611e+07,3.1879e+08,5.84928e+09,-1.22208e+09,3.71116e+08,-8.26832e+08,0.00102151,0.000151804,1.5295e-23
0,1.77193e+09,4.81896e+07,2.73608e+08,3.72786e+09,1.75989e+09,-5.8558e+08,-1.52613e+09,0.00103797,0.000160276,1.17085e-23
0,2.05696e+09,1.47421e+07,3.32382e+08,1.28803e+09,9.53141e+07,6.77665e+06,-7.60434e+08,0.000958164,0.000154829,9.52082e-26
0,1.97292e+09,-1.232e+07,3.1765e+08,1.30347e+08,-1.17421e+09,8.17113e+08,-9.38736e+08,0.00108552,0.000174774,1.98065e-24
0,2.0615e+09,9.21062e+06,3.33951e+08,1.01708e+09,-1.74798e+08,-9.54553e+07,-7.59267e+08,0.000993108,0.000160877,4.30029e-26
0,2.23767e+09,-2.13755e+06,3.37924e+08,-3.7142e+08,-6.05654e+08,-1.09925e+08,-4.07074e+08,0.000938279,0.000141695,-2.48471e-26
0,2.29825e+09,-4.83701e+06,3.28772e+08,9.755e+08,-4.46961e+08,1.34293e+08,-2.05535e+08,0.000901278,0.00012893,1.18619e-26
0,2.11104e+09,2.46506e+07,3.14162e+08,3.34767e+09,-1.25256e+09,3.34507e+08,-9.65738e+08,0.00102958,0.000153221,5.47212e-24
0,1.95008e+09,3.88846e+07,3.21227e+08,4.47645e+09,1.03249e+09,-3.03622e+06,-1.05446e+09,0.000966573,0.000159219,1.12956e-23
0,2.10516e+09,1.52689e+07,3.35222e+08,3.14809e+09,-1.91728e+08,1.5505e+08,-6.74431e+08,0.000962885,0.000153329,1.54471e-24
0,2.04901e+09,2.08229e+07,3.11399e+08,2.32199e+09,-1.0873e+09,2.67418e+08,-1.10756e+09,0.00104109,0.00015822,3.19137e-24
0,2.00549e+09,2.1488e+07,3.32479e+08,1.83375e+09,3.72112e+08,-2.6379e+07,-7.72639e+08,0.000955248,0.000158365,4.14223e-25
0,1.98316e+09,3.60618e+07,3.06675e+08,9.76944e+09,-1.34694e+08,4.44497e+08,-8.41536e+08,0.00107737,0.000166604,1.43042e-22
0,1.75516e+09,-1.57793e+07,2.71859e+08,-3.31026e+09,-2.13787e+09,-1.62268e+08,4.38476e+08,0.000950778,0.000147267,-3.68258e-24
0,2.14766e+09,-1.18361e+07,2.96131e+08,4.54283e+09,1.28849e+09,7.82378e+07,2.81513e+08,0.00103313,0.000142454,-4.77689e-24
0,2.00811e+09,2.00833e+06,3.14471e+08,7.28979e+09,1.1254e+07,4.53672e+08,-8.49219e+08,0.000960864,0.000150472,3.22503e-23
0,2.0377e+09,-2.57023e+07,3.02966e+08,-2.20975e+09,-9.91902e+08,5.45188e+08,-1.08165e+09,0.00103589,0.000154016,-2.17038e-24
0,1.92009e+09,1.21803e+07,3.01193e+08,7.76986e+08,-9.12358e+08,-4.44047e+07,-1.33421e+09,0.00106613,0.000167238,4.21225e-25
0,2.03099e+09,-4.63965e+07,3.17547e+08,-7.00247e+09,6.00897e+08,4.18083e+08,-7.81398e+08,0.000941649,0.000147227,-1.99199e-23
0,1.982e+09,-5.1745e+07,3.21798e+08,-9.75926e+09,6.96433e+08,-1.12411e+08,-7.60675e+08,0.000944457,0.000153342,-7.16991e-23
0,1.85925e+09,-2.33929e+07,2.91826e+08,1.51199e+09,1.12598e+09,1.20059e+09,-1.32822e+09,0.00103628,0.000162654,4.4675e-24
0,2.08988e+09,2.49194e+06,3.36736e+08,-2.20457e+08,-3.48358e+08,-2.82155e+08,-6.14984e+08,0.000995424,0.00016039,-1.59312e-26
0,1.99874e+09,-78374.2,3.38972e+08,4.46195e+08,6.1799e+06,5.24174e+07,-7.03608e+08,0.000993127,0.000168427,-1.16184e-26
0,2.09626e+09,-1.69545e+07,3.21941e+08,-1.71277e+09,-9.0411e+08,-1.00405e+08,-5.32667e+08,0.00111413,0.000171107,-1.15769e-24
0,2.11894e+09,-1.90781e+07,3.13481e+08,-5.47481e+09,-1.21171e+09,-4.82275e+08,-7.56215e+08,0.000990696,0.000146566,-9.02248e-24
0,1.81151e+09,6.90361e+06,3.04864e+08,-6.03543e+09,-8.94217e+08,3.73636e+08,-9.07532e+08,0.00103313,0.000173869,-5.87572e-23
0,2.02878e+09,2.86729e+07,3.2907e+08,2.28135e+09,1.35772e+09,-9.8922e+07,-5.28951e+08,0.000873239,0.00014164,-2.8379e-26
0,2.17776e+09,-7.47485e+06,3.36122e+08,-1.35771e+09,-4.91522e+08,1.72229e+06,-4.73239e+08,0.000927534,0.000143159,-1.02644e-25
0,1.99302e+09,5.21985e+07,3.18025e+08,5.27123e+09,1.04466e+09,-2.05438e+08,-9.76999e+08,0.000991373,0.000158192,1.5332e-23
0,2.11628e+09,2.59539e+06,3.16949e+08,-4.37419e+07,-1.45183e+09,3.17264e+08,-9.30733e+08,0.00104652,0.000156734,8.521e-25
0,2.0529e+09,1.67829e+07,3.00211e+08,6.22635e+09,-5.48746e+08,3.08835e+08,-9.99885e+08,0.00102833,0.000150381,2.78131e-23
0,1.97704e+09,1.85747e+07,2.60681e+08,-8.11408e+09,2.51308e+08,-4.69544e+08,6.86453e+08,0.00112349,0.000148137,7.96009e-23
0,1.84933e+09,-3.02923e+07,3.09983e+08,-1.09574e+09,-8.21252e+07,7.20258e+08,-1.29688e+09,0.00106792,0.000179005,5.67341e-25
0,1.9987e+09,-2.64213e+07,3.22576e+08,-8.65486e+09,9.42888e+08,1.03447e+08,-6.55777e+08,0.00090976,0.000146829,-3.1401e-23
0,2.03188e+09,3.53375e+07,3.0472e+08,-6.78386e+09,-2.22818e+09,-2.53421e+08,-5.12921e+08,0.00100842,0.000151232,-3.4841e-23
0,1.7535e+09,3.35961e+07,2.6582e+08,-1.73379e+09,-1.163e+09,-8.59975e+08,-1.68472e+09,0.00114371,0.00017338,-6.28952e-24
0,2.00837e+09,-9.56587e+06,3.25696e+08,1.07251e+10,7.52737e+07,4.5899e+08,-3.06216e+08,0.000989656,0.000160492,4.51305e-23
0,1.91703e+09,2.58256e+07,3.16216e+08,3.13965e+09,1.71753e+09,1.15049e+08,-8.42186e+08,0.000922741,0.000152207,2.22128e-24
0,2.08236e+09,-5.07724e+07,2.95917e+08,-5.48813e+09,-1.29122e+09,3.84789e+08,-1.09104e+09,0.00107263,0.000152428,-3.69344e-23
0,2.22788e+09,-8.69157e+06,3.3409e+08,9.61329e+08,-6.99539e+08,8.07842e+07,-5.20822e+08,0.000971432,0.000145675,1.12105e-25
0,1.97225e+09,3.51155e+07,3.31579e+08,2.92736e+09,5.66826e+08,2.98591e+08,-8.22354e+08,0.00096493,0.000162226,2.78296e-24
0,2.1093e+09,-3.18957e+07,3.14165e+08,-6.94379e+09,-8.57566e+08,-1.91914e+08,-7.22714e+08,0.000965275,0.00014377,-1.88425e-23
0,2.02173e+09,6.1805e+06,3.29461e+08,2.95315e+09,9.25771e+08,2.94625e+08,-8.04035e+08,0.000924707,0.000150691,2.28607e-24
0,2.15197e+09,-2.17915e+06,3.37397e+08,-1.94348e+09,-2.42579e+08,1.42644e+08,-4.40344e+08,0.000924427,0.000144937,-2.05473e-25
0,2.18818e+09,-2.23652e+07,2.9904e+08,-1.22818e+08,1.20344e+09,-2.37938e+08,2.70065e+08,0.0010092,0.000137919,1.92877e-25
0,2.03706e+09,2.03225e+07,2.94847e+08,2.18817e+09,-2.28197e+09,2.1339e+08,-1.20193e+09,0.00110496,0.000159933,2.08129e-23
0,1.95736e+09,1.00409e+08,3.00796e+08,1.15768e+10,1.48183e+09,-6.75797e+08,-9.86006e+08,0.000963848,0.000148118,1.32869e-22
0,1.90092e+09,-1.60694e+07,3.03815e+08,-9.33785e+08,2.61983e+08,3.545e+08,-1.44646e+09,0.00105744,0.000169006,3.1676e-25
0,1.89694e+09,1.98018e+07,2.8875e+08,2.43584e+09,9.54279e+08,3.02707e+08,-1.36158e+09,0.00105863,0.000161143,5.13705e-24
0,1.83469e+09,-6.08985e+07,2.81007e+08,1.75491e+10,-6.70479e+08,6.05103e+08,7.06983e+08,0.000996864,0.000152683,-7.97105e-22
0,1.93555e+09,2.96821e+07,2.70753e+08,-1.05556e+10,3.87789e+08,-6.26999e+08,7.1995e+08,0.00108929,0.000152374,1.68872e-22
0,2.00908e+09,-1.36615e+06,3.41257e+08,2.5532e+08,-3.60937e+07,1.4882e+07,-5.33392e+08,0.000996102,0.000169195,-3.47535e-27
0,2.05269e+09,1.22666e+07,3.18449e+08,-1.96179e+09,1.79372e+08,-3.69234e+08,-1.03562e+09,0.000978227,0.000151759,-5.71462e-25
0,1.95277e+09,-9.58174e+06,3.1348e+08,-3.32586e+09,-3.5307e+08,3.72527e+08,-1.12254e+09,0.00102468,0.000164492,-6.2735e-24
0,1.74827e+09,3.80973e+07,2.63301e+08,3.88671e+09,5.59582e+08,-7.27121e+08,-1.66331e+09,0.00108149,0.00016288,2.3485e-23
0,1.7714e+09,-5.0291e+07,3.17118e+08,-1.98101e+08,9.10733e+08,6.3127e+08,-9.60019e+08,0.00104831,0.00018767,1.67429e-26
0,1.99497e+09,-5.75985e+07,3.01016e+08,-8.0422e+09,1.8372e+07,3.15998e+08,-1.09926e+09,0.00103467,0.000156119,-8.36846e-23
0,1.98373e+09,2.37232e+07,3.17108e+08,6.65931e+09,-2.01744e+08,1.425e+08,-6.11735e+07,0.000995887,0.000159197,1.81304e-24
0,1.93775e+09,4.66425e+07,3.26434e+08,4.35796e+09,9.311e+08,-5.57003e+07,-8.77588e+08,0.000982865,0.000165574,9.35792e-24
0,1.87123e+09,-1.82858e+07,3.09203e+08,-1.03849e+09,6.82225e+08,3.07251e+08,-1.36728e+09,0.00104888,0.000173318,3.62931e-26
0,2.25196e+09,465138,3.25392e+08,2.44985e+09,-1.67228e+09,1.89572e+08,-5.57682e+08,0.00103317,0.000149286,3.2603e-24
0,2.04371e+09,2.11668e+07,3.26115e+08,5.84726e+08,1.83643e+08,-6.75481e+06,-9.78676e+08,0.000976451,0.000155812,-2.99535e-26
0,1.90842e+09,4.50199e+06,2.97402e+08,1.72818e+09,5.08282e+08,1.54037e+08,-1.3363e+09,0.00107524,0.000167561,1.04607e-24
0,1.89489e+09,-9.41844e+06,2.94365e+08,-2.46749e+09,1.15148e+09,1.28179e+08,-1.35614e+09,0.00100549,0.0001562,-2.93342e-24
0,2.09476e+09,1.44064e+07,3.1783e+08,1.21128e+09,-9.68606e+08,-6.623e+08,-9.1427e+08,0.00102849,0.00015605,-1.31399e-25
0,1.74651e+09,-2.96246e+07,3.18028e+08,1.4685e+09,9.85544e+08,7.43622e+08,-1.10125e+09,0.00103955,0.000189295,3.15812e-24
0,2.14969e+09,-7.39602e+06,3.1652e+08,-2.64739e+09,-1.99973e+09,-2.58921e+08,-8.63373e+08,0.00105944,0.000155991,-9.67589e-24
0,1.89718e+09,-2.99254e+07,2.92017e+08,-7.42259e+09,1.23961e+09,3.67327e+08,-1.1595e+09,0.001001,0.000154075,-6.58582e-23
0,2.05148e+09,-4.33274e+07,3.11885e+08,-4.9273e+09,4.75869e+08,3.99455e+08,-9.40003e+08,0.00098511,0.000149765,-9.88355e-24
0,2.07571e+09,1.4137e+07,3.21648e+08,-1.74961e+09,8.39904e+08,-7.7452e+06,-7.85776e+08,0.000943042,0.000146132,-3.29505e-25
0,2.31884e+09,1.08723e+07,3.26563e+08,2.48014e+09,-1.12554e+09,-8.27425e+07,-2.40797e+08,0.000921508,0.000129776,5.57174e-25
0,2.01169e+09,-1.78901e+06,3.39381e+08,-3.81591e+08,-3.99664e+07,-2.06329e+07,-6.73555e+08,0.000995222,0.000167898,9.17237e-27
0,1.97862e+09,1.94294e+07,2.97149e+08,-7.85008e+09,-1.71773e+09,-2.86998e+08,6.53669e+08,0.000977397,0.000146786,4.4099e-23
0,2.16767e+09,2.11272e+07,3.34854e+08,4.20883e+09,-3.03007e+08,2.27468e+08,-6.53823e+08,0.000971168,0.000150023,3.19434e-24
0,1.95242e+09,-5.39557e+06,3.15874e+08,-1.03931e+09,3.46831e+08,1.83351e+08,-1.29051e+09,0.000997406,0.000161367,6.63713e-26
0,1.69445e+09,-6.8445e+06,2.61338e+08,-1.14976e+09,6.46382e+08,2.69849e+08,-1.88448e+09,0.00112732,0.000173869,1.42742e-24
0,2.09037e+09,5.53691e+07,3.25561e+08,-7.12763e+09,-1.42222e+09,-2.85683e+07,3.4281e+08,0.00087355,0.000136049,5.28939e-24
0,1.74321e+09,-4.62826e+06,2.9197e+08,4.00056e+09,5.35197e+08,5.14061e+08,-1.6616e+09,0.00105178,0.000176162,3.28073e-23
0,1.78719e+09,3.6007e+07,2.42396e+08,2.81974e+09,2.58236e+07,-5.39156e+08,-1.46218e+09,0.00109295,0.000148236,7.08452e-24
0,2.12277e+09,-6.05056e+06,2.91556e+08,4.95006e+09,1.93254e+09,7.77883e+07,2.65704e+08,0.00102297,0.000140502,-1.13398e-23
0,1.97824e+09,9.58607e+06,3.14875e+08,-1.12458e+09,-7.50895e+08,-7.63173e+07,-1.3609e+09,0.00106461,0.000169453,-5.65668e-25
0,2.10375e+09,-3.83648e+07,3.16476e+08,-8.20557e+09,-1.07446e+09,-3.04989e+08,-8.68039e+08,0.00101967,0.000153393,-4.81185e-23
0,1.91126e+09,-5.60234e+07,2.96067e+08,-3.73114e+09,-5.61575e+08,3.86276e+08,-1.29403e+09,0.00108395,0.000167911,-1.59709e-23
0,2.08069e+09,-1.01711e+07,3.20651e+08,-6.20217e+09,-3.99504e+08,1.47013e+08,-7.99825e+08,0.00100316,0.000154595,-2.04967e-23
0,2.05795e+09,4.73756e+07,3.135e+08,1.00548e+10,-4.11232e+08,1.03402e+08,-8.14189e+08,0.000978839,0.000149112,7.93148e-23
0,1.89769e+09,-1.10172e+06,2.95102e+08,-6.26705e+08,-4.19534e+07,-5.36614e+08,-1.43364e+09,0.00106361,0.000165398,5.86815e-25
0,1.84871e+09,2.49545e+07,3.13729e+08,3.45756e+09,1.85582e+08,-1.66246e+08,-9.39536e+08,0.000979392,0.000166204,5.85004e-24
0,2.02453e+09,-9.20212e+06,3.41661e+08,-1.48606e+08,-1.18528e+08,6.4389e+07,-4.63329e+08,0.000981684,0.000165669,1.93667e-27
0,2.05987e+09,-5.38453e+07,3.01162e+08,4.24374e+09,-2.97199e+09,-4.31539e+08,-4.95547e+08,0.000989774,0.000144709,3.32414e-23
0,1.89079e+09,-3.46343e+06,2.91807e+08,4.90331e+09,-6.60028e+08,3.54868e+08,-1.54472e+09,0.00109657,0.000169234,4.13954e-23
0,1.76848e+09,-432434,2.80513e+08,-1.28581e+09,-3.14004e+08,3.52802e+06,-1.89405e+09,0.0011426,0.000181238,1.76587e-24
0,2.12864e+09,2.14206e+07,3.04063e+08,3.08516e+09,-2.70774e+09,6.59439e+07,-1.04111e+09,0.00110328,0.000157598,3.32764e-23
0,1.92367e+09,-1.55073e+07,3.25625e+08,4.64372e+09,-4.6274e+08,1.94721e+08,-7.45609e+08,0.0011055,0.000187131,1.74368e-23
0,2.00554e+09,3.04914e+07,3.14295e+08,4.46897e+09,-6.47754e+08,-4.24847e+08,-1.07834e+09,0.00103947,0.000162899,1.61185e-23
0,2.05035e+09,-3.42333e+07,3.11743e+08,-9.0029e+09,-3.03845e+08,3.10455e+07,-9.4462e+08,0.000993283,0.000151023,-7.32996e-23
0,2.04021e+09,-7.24928e+06,2.92945e+08,-5.0203e+09,4.11064e+08,-6.20117e+07,-9.78745e+08,0.000973284,0.00013975,-1.21382e-23
0,1.9923e+09,-1.098e+06,3.39309e+08,-5.11005e+08,4.02793e+07,-1.30533e+07,-6.81384e+08,0.000991041,0.000168784,8.46764e-27
0,2.05556e+09,3.47368e+07,2.74979e+08,-8.92512e+09,-3.00617e+07,1.81512e+08,6.54288e+08,0.00102222,0.000136746,5.60687e-23
0,2.08509e+09,2.52577e+07,3.0704e+08,-6.53601e+09,-2.53418e+09,3.62051e+07,-6.843e+08,0.00104076,0.000153257,-6.15511e-23
0,1.97399e+09,-5.64343e+06,3.18064e+08,-4.54318e+09,-5.30675e+08,-4.30421e+08,-9.07188e+08,0.000982981,0.000158385,-8.3958e-24
0,1.96495e+09,7.34953e+06,3.11212e+08,-4.53221e+08,-2.37303e+07,-8.79005e+08,-1.11814e+09,0.00101607,0.000160927,4.80861e-25
0,1.90816e+09,4.73226e+07,3.19124e+08,4.86459e+09,7.25035e+08,-3.92804e+08,-9.68306e+08,0.000991335,0.000165793,1.38783e-23
0,2.10987e+09,-1.53074e+07,3.35999e+08,-5.92733e+09,-5.59553e+07,-4.29766e+08,-4.8063e+08,0.000945467,0.000150566,-6.85997e-24
0,1.96704e+09,-6.01877e+07,3.15362e+08,-2.60211e+09,9.08397e+08,4.78342e+08,-3.15762e+08,0.000936306,0.000150112,2.25032e-25
0,2.10923e+09,-1.14585e+07,3.27563e+08,-1.54572e+09,-7.71537e+08,-2.05824e+08,-8.81049e+08,0.00102145,0.000158632,-6.07265e-25
0,2.00211e+09,3.81743e+07,3.15751e+08,5.43224e+09,5.07544e+08,-2.06088e+08,-8.53188e+08,0.000934296,0.000147347,1.11931e-23
0,1.94871e+09,6.8532e+07,3.03922e+08,1.17174e+10,7.26147e+08,-3.78171e+08,-9.23573e+08,0.000962458,0.000150106,1.61554e-22
0,1.95291e+09,-1.54094e+07,3.08249e+08,-8.77453e+09,9.12426e+08,-3.62926e+08,-9.25355e+08,0.000962749,0.000151962,-8.20873e-23
0,1.96288e+09,1.24275e+07,3.14839e+08,-3.77925e+09,-5.27821e+07,-3.5759e+08,-8.67162e+08,0.000979295,0.000157076,-5.20708e-24
0,1.96924e+09,2.59021e+06,3.08227e+08,-2.61797e+09,-1.00369e+09,-6.12125e+08,-1.23771e+09,0.00107329,0.000167992,-3.49167e-24
0,2.17259e+09,1.67397e+07,2.57262e+08,-1.79439e+09,1.56284e+09,1.19482e+07,3.53441e+08,0.00112851,0.00013363,3.06755e-24
0,1.94987e+09,-1.46142e+07,3.24141e+08,1.9918e+08,4.44364e+08,2.61661e+07,-1.14394e+09,0.000991059,0.000164751,-2.78034e-26
0,1.98833e+09,3.57795e+07,3.0828e+08,8.46607e+09,1.13888e+09,-2.12339e+08,-9.32874e+08,0.000945717,0.000146628,5.00937e-23
0,1.91484e+09,2.17288e+07,2.87367e+08,2.25654e+09,3.00469e+08,-4.18051e+08,-9.84593e+08,0.000973542,0.000146103,1.02188e-24
0,2.21263e+09,1.6306e+07,3.33977e+08,5.26994e+09,-7.48739e+08,7.84083e+07,-5.7027e+08,0.000956563,0.000144385,5.26612e-24
0,2.1206e+09,1.90667e+07,3.10124e+08,6.96522e+09,-1.60139e+09,2.50975e+08,-9.28369e+08,0.00102867,0.000150436,3.8544e-23
0,1.94058e+09,-1.33782e+07,2.64145e+08,-2.72049e+09,-2.2742e+09,1.73117e+08,-1.53617e+09,0.00116756,0.000158924,-4.41698e-23
0,2.00787e+09,-4.95172e+07,2.99156e+08,-2.83872e+09,-7.60922e+08,3.35152e+06,-1.36441e+09,0.00111036,0.000165434,-6.87986e-24
0,1.99829e+09,-879463,3.39373e+08,-2.73372e+08,4.36855e+07,-3.73057e+07,-6.75052e+08,0.000990259,0.000168178,8.56029e-27
0,1.71241e+09,-1.32216e+06,3.01124e+08,-4.36034e+07,-2.09363e+07,-2.17717e+08,-1.85979e+09,0.00111912,0.000196795,1.34818e-25
0,2.09741e+09,-2.56552e+07,3.31363e+08,-4.57888e+09,-2.6084e+08,-4.82781e+08,-7.67464e+08,0.000998835,0.000157802,-5.93501e-24
0,1.99237e+09,6.28963e+06,3.32524e+08,2.27645e+08,-6.8655e+06,-1.78129e+08,-8.55191e+08,0.000972319,0.000162279,-1.59276e-26
0,2.03881e+09,3.28892e+06,3.10579e+08,-3.61266e+08,-1.12331e+09,-2.12132e+08,-1.1372e+09,0.0010342,0.000157544,-7.31137e-25
0,2.05946e+09,-9.29738e+06,3.31681e+08,-8.91078e+07,-1.82301e+08,-4.51843e+07,-8.72753e+08,0.0010046,0.000161793,2.58078e-27
0,1.91077e+09,-8.88339e+06,3.11513e+08,-3.47714e+09,-7.35758e+08,-4.97739e+08,-1.18108e+09,0.00104899,0.000171017,-7.32014e-24
0,1.8767e+09,-4.53197e+07,3.01984e+08,4.88659e+09,-1.12708e+08,3.57948e+08,-3.87631e+08,0.00100816,0.000162225,7.33166e-24
0,2.0125e+09,-1.39468e+07,3.4134e+08,-2.35235e+07,-7.41178e+07,1.04175e+08,-4.57976e+08,0.000980341,0.000166276,8.53559e-28
0,2.03236e+09,1.49759e+07,3.22894e+08,4.97701e+09,1.13806e+09,5.5859e+08,-7.55388e+08,0.000910801,0.000144705,1.05057e-23
0,1.98217e+09,-4.72672e+07,3.01835e+08,-8.26946e+09,-1.29134e+09,-8.62606e+07,-1.10787e+09,0.00107603,0.000163852,-1.27299e-22
0,1.74654e+09,-6.69696e+06,3.09479e+08,6.34495e+08,-1.37728e+07,-2.88468e+07,-1.70543e+09,0.00111965,0.000198396,-1.17657e-24
0,1.97532e+09,1.57884e+07,3.14919e+08,5.12377e+09,-1.04639e+09,-3.39239e+08,-9.8028e+08,0.00104205,0.000166132,2.83747e-23
0,1.97929e+09,-3.78238e+07,3.17803e+08,-3.60761e+09,3.37969e+07,-2.29768e+08,-1.20679e+09,0.00101095,0.000162322,-6.9423e-24
0,1.86896e+09,-4.80632e+07,2.95251e+08,-6.46442e+09,2.1382e+09,2.33826e+08,-1.31376e+09,0.000962501,0.000152052,-3.93789e-23
0,2.13602e+09,-2.5024e+07,3.13377e+08,-6.20978e+09,-1.31462e+09,-5.50062e+08,-8.68553e+08,0.000991398,0.000145449,-1.43117e-23
0,1.96413e+09,-3.43899e+06,3.15542e+08,-4.06805e+09,-9.2366e+08,-2.70665e+08,-1.03051e+09,0.00105139,0.000168909,-1.22799e-23
0,2.11441e+09,-1.43486e+07,2.96282e+08,-5.27633e+09,-6.00429e+08,-5.37052e+08,3.03611e+08,0.000957563,0.000134179,5.71697e-24
0,1.8859e+09,4.66195e+07,3.21203e+08,5.31903e+08,1.78026e+09,-4.90089e+08,-7.60237e+08,0.000901552,0.00015355,3.29134e-26
0,1.94271e+09,-2.67066e+07,3.06983e+08,-6.48156e+09,3.11009e+08,-3.23179e+08,-1.27196e+09,0.00106557,0.00016838,-6.87144e-23
0,2.03535e+09,-9.38746e+06,3.27558e+08,-5.12459e+09,4.18936e+08,-2.19962e+08,-8.59637e+08,0.00096293,0.000154969,-1.14891e-23
0,2.19834e+09,8.33653e+06,3.36303e+08,5.89289e+08,-6.24692e+08,1.6798e+08,-5.50556e+08,0.000972759,0.000148813,6.12812e-26
0,1.99699e+09,745413,3.41341e+08,-8.95802e+07,6.06649e+07,-3.18942e+07,-5.24112e+08,0.000988436,0.000168952,1.58996e-27
0,2.14794e+09,-2.05596e+07,3.1389e+08,-5.74733e+08,-1.19826e+09,-4.01561e+07,-7.94819e+08,0.00103329,0.000151,-4.45628e-25
0,1.91871e+09,-4.07582e+07,3.20677e+08,-6.63617e+09,1.37767e+09,1.66464e+08,-7.881e+08,0.000931442,0.000155673,-2.08311e-23
0,2.17507e+09,-1.8569e+07,3.07925e+08,-4.29885e+09,-1.72244e+09,2.24518e+08,-9.44197e+08,0.0010434,0.000147715,-1.64482e-23
0,1.78875e+09,-2.20689e+07,3.02114e+08,1.0982e+10,-1.18813e+09,1.84754e+08,-4.72808e+08,0.000961553,0.000162403,1.08275e-22
0,2.06776e+09,5.49686e+07,2.88504e+08,7.2102e+09,-1.44569e+09,-7.88123e+07,-1.12268e+09,0.0010493,0.000146403,6.9983e-23
0,1.89668e+09,3.93234e+07,3.0103e+08,4.94946e+09,7.26549e+08,-4.21673e+08,-1.20064e+09,0.000972577,0.000154361,1.71585e-23
0,2.21819e+09,6.36764e+07,3.02971e+08,-1.70271e+09,-8.99337e+08,1.45848e+08,-9.24961e+07,0.00100742,0.000137598,-2.99234e-25
0,1.74773e+09,7.59383e+07,3.03612e+08,5.91505e+09,-1.26373e+08,1.47722e+08,-3.2458e+08,0.0010399,0.000180649,1.93628e-23
0,1.92451e+09,-7.73631e+06,3.12914e+08,-7.14352e+09,4.67631e+08,-4.46213e+08,-1.16441e+09,0.00104896,0.000170555,-8.61591e-23
0,1.85843e+09,-1.80485e+07,2.69996e+08,-1.6893e+09,-9.82616e+08,5.36326e+07,-1.87232e+09,0.00112911,0.00016404,-3.11707e-24
0,1.9479e+09,717338,3.30111e+08,-1.03537e+09,4.04232e+08,-1.2746e+08,-9.7366e+08,0.000981577,0.000166348,-7.64364e-26
0,2.00727e+09,-1.4322e+07,3.4072e+08,2.40936e+08,3.72759e+07,1.42667e+08,-5.0918e+08,0.000980457,0.000166426,-3.98737e-27
0,2.21863e+09,-2.28761e+07,2.95397e+08,-8.87093e+08,-1.20583e+09,3.89411e+08,-4.82573e+08,0.00096535,0.00012853,-8.79992e-26
0,2.08487e+09,-4.31812e+07,2.63548e+08,-5.85587e+09,1.06037e+08,5.21893e+08,-4.17552e+08,0.000973194,0.000123021,-6.81705e-24
0,2.12062e+09,3.7054e+07,3.09425e+08,2.6184e+09,-1.06562e+09,-6.76951e+07,-9.57804e+08,0.00100918,0.000147252,2.95459e-24
0,2.00518e+09,2.52849e+07,3.22483e+08,-4.4091e+09,1.07408e+09,-6.62216e+08,-8.10109e+08,0.000954682,0.000153537,-1.15556e-23
0,1.92656e+09,-2.87679e+07,3.23501e+08,-3.92875e+09,1.6021e+09,3.33187e+08,-6.63461e+08,0.000923878,0.000155134,-6.8313e-25
0,1.78991e+09,-4.54661e+07,2.943e+08,-7.70386e+09,2.29743e+09,1.0303e+08,-1.16954e+09,0.000988716,0.000162567,-9.00693e-23
0,2.02155e+09,3.58499e+07,2.95131e+08,4.89542e+09,-1.09918e+09,2.70069e+08,-9.89643e+08,0.00103147,0.000150588,1.67309e-23
0,1.95662e+09,1.62234e+06,3.33577e+08,4.09218e+07,3.16294e+08,-1.27983e+08,-8.41306e+08,0.000981077,0.00016726,2.25937e-27
0,1.88688e+09,1.19394e+07,3.14956e+08,-1.61142e+09,1.23893e+09,-4.28668e+08,-1.19567e+09,0.00097852,0.000163334,-1.5558e-24
0,2.00761e+09,-3.20335e+07,3.12705e+08,-6.30075e+09,-6.7939e+08,-1.70001e+08,-1.09711e+09,0.00101991,0.000158861,-3.59511e-23
0,1.94098e+09,-6.69304e+06,2.70641e+08,2.4579e+09,-4.53662e+08,-2.23378e+08,-9.54884e+08,0.00102245,0.000142566,2.35772e-24
0,1.97399e+09,3.5837e+07,3.09435e+08,5.42365e+09,-5.27808e+08,-3.52074e+08,-8.90604e+08,0.000982878,0.000154072,1.90217e-23
0,1.94559e+09,-2.15379e+07,3.14571e+08,2.74217e+09,-1.42806e+09,4.43008e+07,-5.45465e+08,0.00107503,0.000173816,7.24833e-24
0,1.99968e+09,-1.29057e+07,3.3959e+08,5.84247e+08,1.11377e+08,1.98987e+08,-6.01723e+08,0.000980606,0.000166529,-2.52488e-27
0,1.96726e+09,6.79577e+07,3.19295e+08,7.7058e+09,1.60577e+09,7.93624e+07,-9.68267e+08,0.000975374,0.000158307,5.4267e-23
0,2.10655e+09,-4.99308e+06,3.31151e+08,-2.83455e+09,-5.47316e+07,-3.26282e+08,-7.27304e+08,0.000971125,0.000152662,-1.18948e-24
0,2.00042e+09,-8.17744e+07,2.7614e+08,-8.00082e+09,-2.64762e+08,6.67007e+08,-1.10773e+09,0.00106263,0.000146687,-9.72734e-23
0,2.01173e+09,2.24615e+06,3.39041e+08,8.56529e+06,5.43557e+07,-6.18315e+07,-6.8755e+08,0.000989453,0.000166755,1.76998e-28
0,2.02219e+09,6.80285e+06,2.98207e+08,1.03752e+09,-1.58336e+09,-5.26229e+07,-1.00874e+09,0.00107723,0.000158856,2.52654e-24
0,1.94485e+09,-9.36007e+06,2.71175e+08,1.38897e+09,-2.04595e+08,1.89705e+08,-1.05448e+09,0.00105287,0.000146805,2.09556e-25
0,2.10046e+09,-3.98329e+07,3.1045e+08,-4.99478e+07,1.57431e+08,1.76858e+08,-6.99266e+08,0.000952033,0.000140711,-9.83412e-28
0,1.87209e+09,-4.6689e+07,2.85072e+08,-2.96139e+09,1.44724e+09,-9.68567e+07,-1.05057e+09,0.000952539,0.000145047,-3.98629e-24
0,1.9419e+09,-4.28643e+07,3.06574e+08,-5.79161e+09,2.97266e+08,4.87226e+07,-1.14012e+09,0.000980489,0.000154793,-2.7946e-23
0,1.92486e+09,-1.38228e+07,3.12343e+08,1.42003e+09,-5.76503e+08,-2.06674e+08,-5.0958e+08,0.00108591,0.000176209,5.84666e-25
0,2.05655e+09,-2.34736e+06,3.30079e+08,-2.97324e+09,5.40185e+07,-1.09439e+08,-8.18065e+08,0.000960414,0.000154148,-1.77375e-24
0,2.14339e+09,4.44919e+06,3.23112e+08,1.59933e+09,-1.23789e+09,1.72112e+08,-6.41301e+08,0.00106378,0.000160363,1.58249e-24
0,2.00674e+09,1.11076e+07,3.2374e+08,5.82536e+09,-4.18566e+08,1.29991e+08,-7.02235e+08,0.000946107,0.000152632,1.24867e-23
0,2.15301e+09,-2.03054e+07,2.72221e+08,3.88177e+08,1.60361e+09,-2.83077e+08,5.68963e+08,0.00110886,0.000140201,2.28008e-25
0,1.80994e+09,1.91961e+07,2.74128e+08,-2.28646e+09,3.87907e+08,-6.61706e+08,-1.87711e+09,0.00111696,0.000169172,-2.59415e-24
0,2.0604e+09,-5.11618e+07,2.96975e+08,-7.47218e+09,-1.44123e+09,1.557e+08,-1.13754e+09,0.00108118,0.000155836,-9.42513e-23
0,2.12454e+09,-2.03119e+07,3.20235e+08,-1.12075e+10,-1.15942e+08,-6.4466e+07,-3.72003e+08,0.00101428,0.000152883,-5.16254e-23
0,1.94446e+09,4.71197e+06,3.19638e+08,-1.7639e+09,-6.49468e+08,1.15547e+08,-1.00527e+09,0.00101439,0.00016675,-1.06071e-24
0,2.06e+09,-2.55215e+06,3.31987e+08,-1.35007e+09,-2.10774e+08,-2.75829e+08,-8.39298e+08,0.000990292,0.000159594,-9.04527e-26
0,1.88987e+09,-2.86106e+07,3.11336e+08,-7.15889e+09,1.67033e+09,1.77918e+08,-1.02001e+09,0.0009451,0.000155695,-3.9694e-23
0,1.97962e+09,-5.54683e+06,3.38489e+08,1.34941e+09,2.26173e+08,3.0171e+08,-6.97986e+08,0.000984491,0.000168335,1.93039e-25
0,2.27808e+09,3.27535e+07,3.21872e+08,4.02029e+09,-1.37153e+09,1.36142e+07,-2.88106e+08,0.000933876,0.000131948,2.09075e-24
0,2.10614e+09,4.16671e+07,3.12677e+08,5.80039e+09,-4.57097e+08,-1.15527e+08,-8.50011e+08,0.000969404,0.000143918,1.41443e-23
0,1.95547e+09,-1.62641e+07,2.93393e+08,-1.01265e+09,-6.59834e+08,3.51915e+08,-1.189e+09,0.00104162,0.000156281,1.25854e-25
0,1.94754e+09,2.46971e+07,2.99825e+08,1.76985e+09,3.66099e+08,-4.8403e+08,-1.24054e+09,0.00100212,0.000154276,3.56872e-25
0,2.00612e+09,-2.55878e+06,3.28877e+08,-2.87065e+09,3.78218e+08,-2.94271e+08,-7.425e+08,0.000941355,0.000154323,-1.79292e-24
0,2.01977e+09,5.67914e+06,3.40509e+08,-3.18201e+08,6.14172e+07,-9.78238e+07,-5.75468e+08,0.000988147,0.000166589,5.39857e-27
0,2.12149e+09,3.87729e+07,2.98516e+08,-5.91021e+09,-1.14383e+09,2.49946e+08,3.29322e+08,0.000914867,0.000128731,1.81721e-24
0,2.05938e+09,-2.98769e+07,3.21057e+08,-1.19438e+10,4.05974e+08,-2.17397e+08,-4.36504e+08,0.000978139,0.000152491,-7.56235e-23
0,2.15165e+09,3.82969e+06,2.77236e+08,-2.99669e+08,-9.6142e+08,-1.93517e+08,-5.87132e+08,0.0010053,0.000129531,-1.91483e-25
0,2.24552e+09,2.16358e+07,3.23593e+08,-5.87511e+09,5.46007e+08,-1.24597e+08,2.563e+08,0.000924513,0.000133228,2.26424e-24
0,2.01876e+09,1.67663e+07,3.30625e+08,-1.43364e+09,3.53906e+08,-2.48888e+08,-8.1284e+08,0.000981379,0.000160727,-2.59193e-25
0,1.84288e+09,1.89346e+07,2.70862e+08,3.54439e+09,8.84609e+08,2.00222e+08,-1.277e+09,0.00102541,0.000150712,1.32271e-23
0,2.20228e+09,-5.77315e+06,3.12014e+08,-1.25482e+08,-2.1085e+09,-4.4007e+07,-7.77144e+08,0.0010273,0.000145545,-5.21681e-25
0,2.10759e+09,-2.43646e+07,3.10312e+08,-4.98169e+09,-1.36861e+09,-7.3728e+07,-9.83647e+08,0.0010374,0.000152742,-1.89313e-23
0,2.1666e+09,5.92629e+06,3.24486e+08,4.47616e+09,-1.39298e+09,3.57081e+08,-6.45846e+08,0.000987679,0.000147922,5.34885e-24
0,2.10372e+09,2.43356e+07,3.086e+08,3.65414e+09,-1.2309e+09,-5.29412e+08,-1.12071e+09,0.00104923,0.000153915,1.07335e-23
0,1.89407e+09,-3.03716e+07,3.14272e+08,-3.46365e+09,1.35219e+09,2.65522e+07,-9.53511e+08,0.00094555,0.000156889,-4.50757e-24
0,2.29348e+09,-1.61853e+07,3.2558e+08,-4.08938e+09,-1.27372e+09,3.11368e+06,-4.31413e+08,0.000952578,0.000135227,-2.71066e-24
0,1.9861e+09,-3.44826e+06,3.41361e+08,6.68961e+09,-4.45712e+07,6.54757e+08,-9.99374e+06,0.000947959,0.000162931,-1.8037e-25
0,1.98629e+09,3.28722e+07,3.18571e+08,7.5913e+09,-8.63987e+08,-3.36916e+08,-9.00536e+08,0.00101644,0.000163022,6.37951e-23
0,2.05544e+09,-1.35859e+07,2.8905e+08,-4.94183e+08,-1.21227e+09,9.08091e+07,4.16595e+08,0.00093369,0.000131302,-5.32069e-26
0,2.04481e+09,-9.87041e+07,2.96695e+08,-1.11228e+10,1.38306e+09,6.93449e+08,-7.12861e+08,0.000935299,0.000135709,-5.13288e-23
0,1.99461e+09,-2.77278e+07,3.19505e+08,-2.48193e+09,6.91228e+08,3.92417e+08,-8.59544e+08,0.000946477,0.00015161,-8.24902e-25
0,1.72345e+09,2.486e+07,2.81913e+08,5.50957e+08,8.98593e+08,-6.98738e+08,-1.90762e+09,0.00109157,0.000178553,-4.90714e-26
0,2.03089e+09,6.6966e+06,3.3759e+08,-7.22287e+08,2.6505e+07,-1.51839e+08,-7.44593e+08,0.000988119,0.000164253,6.09681e-27
0,1.53526e+09,-6.25737e+07,2.374e+08,-5.62851e+07,-7.56839e+08,-8.03885e+08,6.09331e+08,0.00123862,0.00019153,8.3222e-25
0,2.07921e+09,-9.44969e+06,3.3523e+08,2.37114e+08,1.11965e+08,-1.40073e+08,-6.13381e+08,0.000936261,0.000150953,-2.63209e-27
0,2.02103e+09,2.0361e+07,3.22668e+08,7.47794e+09,1.32949e+07,2.92022e+08,-1.00864e+09,0.00096789,0.000154529,4.15996e-23
0,1.82531e+09,3.31055e+07,3.2301e+08,-4.37004e+08,5.14705e+08,-3.8572e+08,-7.45325e+08,0.000955697,0.000169122,-2.54183e-26
0,2.04144e+09,2.63083e+06,3.22708e+08,4.9752e+09,-7.66224e+08,-3.07602e+08,-6.8669e+08,0.000975331,0.000154179,1.05975e-23
0,2.10816e+09,1.99401e+07,2.66268e+08,-2.819e+09,-3.62834e+08,-2.18737e+07,-2.35571e+07,0.00101433,0.000128113,-6.54455e-26
0,2.07418e+09,-6.82836e+07,3.11787e+08,-1.28701e+10,1.019e+08,-1.83999e+07,-8.15329e+08,0.000986107,0.00014823,-1.683e-22
0,1.94144e+09,2.35474e+07,3.15755e+08,-5.7647e+08,1.00753e+09,-7.35348e+08,-1.00911e+09,0.000971474,0.000158,-2.85113e-25
0,1.92951e+09,-3.34501e+07,2.82267e+08,1.17392e+09,-1.97025e+09,2.71678e+06,4.94517e+08,0.000923815,0.000135144,1.06181e-24
0,1.80333e+09,3.56047e+07,2.97847e+08,2.25643e+09,1.61583e+09,-2.0734e+08,-1.28756e+09,0.0010033,0.000165711,1.96807e-24
0,2.02783e+09,8.00223e+06,3.3921e+08,-9.85624e+08,7.97131e+07,-2.01016e+08,-6.40875e+08,0.000985742,0.000164893,-3.59164e-26
0,1.92464e+09,7.11499e+07,3.07584e+08,-3.13243e+09,-1.1164e+09,9.07366e+08,-5.22498e+08,0.00112367,0.000179578,-9.24451e-24
0,2.15116e+09,-1.55369e+07,3.10164e+08,-3.14413e+09,-1.70888e+09,-4.73481e+08,-1.03215e+09,0.00103769,0.000149619,-7.57539e-24
0,1.84212e+09,3.86247e+06,2.86331e+08,5.97312e+08,3.68227e+08,2.34573e+08,-1.16789e+09,0.00102845,0.000159857,-1.32385e-25
0,2.11892e+09,1.14965e+07,3.18932e+08,5.20107e+09,-1.57721e+09,-1.62585e+08,-8.7256e+08,0.00104112,0.000156705,2.38888e-23
0,2.01426e+09,1.54524e+07,3.19888e+08,4.23276e+09,-7.66284e+08,3.70401e+08,-8.516e+08,0.0010189,0.000161814,7.25218e-24
0,1.85167e+09,3.14388e+07,3.2586e+08,2.39572e+09,-1.01506e+08,-1.8944e+08,-6.2629e+08,0.000953506,0.0001678,1.18351e-24
0,1.92825e+09,-5.66303e+07,3.2003e+08,-6.10177e+09,4.68848e+08,-4.59792e+08,-6.54825e+08,0.000962377,0.000159725,-2.15022e-23
0,1.9447e+09,9.56822e+06,2.76544e+08,5.03441e+09,-3.9799e+08,3.82671e+08,-1.24788e+09,0.00108042,0.00015364,2.92164e-23
0,1.85787e+09,-1.44338e+07,3.02206e+08,7.34234e+09,-5.02075e+08,1.46294e+08,-4.58436e+08,0.00101386,0.000164917,3.34479e-23
0,1.90222e+09,1.77718e+07,3.13322e+08,2.87385e+09,1.33364e+09,6.7094e+07,-8.56749e+08,0.00094816,0.000156175,2.49331e-24
0,2.21269e+09,-2.55885e+07,3.18453e+08,-3.54792e+09,-1.19845e+09,2.46333e+08,-7.4586e+08,0.000992729,0.000142875,-4.45743e-24
0,1.9546e+09,2.38272e+07,3.12035e+08,3.15448e+09,-3.97227e+08,-1.27658e+08,-1.13071e+09,0.00101349,0.000161795,5.08014e-24
0,2.09203e+09,-2.34507e+07,2.98861e+08,5.63893e+09,-5.3394e+08,2.99994e+08,-8.2031e+08,0.00100715,0.000143878,1.36835e-23
0,1.89508e+09,3.97007e+07,3.17753e+08,3.89302e+09,1.34845e+09,-1.21208e+08,-9.05728e+08,0.000942286,0.000157996,5.30765e-24
0,1.78611e+09,8.15485e+07,3.0282e+08,-4.40164e+09,-1.35184e+09,5.79391e+08,-8.72626e+08,0.00110198,0.000186832,-4.77289e-23
0,2.22747e+09,6.30162e+06,3.17822e+08,1.71165e+09,-2.1513e+09,6.09358e+07,-8.54313e+08,0.00105519,0.000150557,5.71611e-24
0,1.99609e+09,-1.10742e+07,3.37288e+08,3.23891e+09,-3.40408e+08,-6.83481e+07,-4.61275e+07,0.000935964,0.000158154,2.3244e-25
0,1.97243e+09,3.30705e+07,3.25052e+08,3.92934e+09,-6.94956e+08,-2.54041e+07,-6.92779e+08,0.00097176,0.000160144,5.57359e-24
0,2.06913e+09,-7.32771e+07,3.10531e+08,-1.05985e+10,4.84265e+08,1.01257e+08,-7.33082e+08,0.000943658,0.000141623,-6.74922e-23
0,2.04414e+09,-5.19467e+07,3.23906e+08,-5.71255e+09,-1.5172e+08,-4.8534e+08,-3.34654e+08,0.000963228,0.000152629,-4.87714e-24
0,2.11606e+09,-9.84846e+06,3.38732e+08,-1.77114e+09,-2.77347e+08,-3.57654e+08,-6.52583e+08,0.00100746,0.000161272,-1.84089e-25
0,2.02118e+09,1.08495e+07,3.39862e+08,-9.47347e+08,1.03973e+08,-2.77388e+08,-5.69975e+08,0.000979684,0.000164735,-3.06705e-26
0,2.0509e+09,2.5175e+07,3.20707e+08,1.76149e+09,-1.98794e+08,-6.75357e+08,-7.2709e+08,0.000990694,0.000154919,2.42161e-25
0,1.76313e+09,2.78925e+07,2.87108e+08,2.81577e+09,-6.50253e+08,-4.67259e+08,-1.8701e+09,0.00111853,0.000182141,1.13989e-23
0,1.92746e+09,1.4617e+07,2.8828e+08,4.76457e+09,4.23359e+08,-5.65789e+08,-1.22241e+09,0.00104141,0.000155758,1.9995e-23
0,2.03215e+09,7.38968e+06,3.34285e+08,5.9797e+08,3.74355e+08,2.1448e+08,-6.84111e+08,0.000932624,0.000153416,1.05864e-26
0,1.78303e+09,5.59282e+07,3.16471e+08,5.09253e+09,2.42391e+09,3.65859e+06,-1.00553e+09,0.000937147,0.000166335,1.17871e-23
0,1.88561e+09,1.87125e+06,3.06409e+08,7.87971e+09,-3.07511e+08,4.3858e+08,8.80543e+08,0.000983163,0.000159763,-6.94653e-23
0,2.13791e+09,-9.79706e+06,3.20837e+08,-1.04185e+09,-1.23828e+09,1.80985e+08,-7.76423e+08,0.00105273,0.000157984,-6.67783e-25
0,2.08177e+09,4.10844e+07,3.23617e+08,4.78407e+09,1.18272e+08,-4.30975e+08,-4.39072e+08,0.000919213,0.000142894,2.93808e-24
0,2.02463e+09,4.14643e+07,3.20263e+08,7.60056e+09,-2.9064e+08,4.77713e+08,-1.16215e+09,0.0010317,0.000163199,6.43691e-23
0,2.10459e+09,4.1174e+06,3.19153e+08,2.81376e+09,-1.40821e+09,6.30316e+08,-7.84545e+08,0.00100695,0.000152701,2.32279e-24
0,2.26711e+09,2.1894e+07,3.25538e+08,4.78695e+09,-7.08809e+08,-8.44812e+07,-2.76755e+08,0.000913273,0.000131138,1.67323e-24
0,2.16043e+09,-5.92798e+06,3.36777e+08,2.89763e+09,-6.17229e+08,-7.5019e+07,-3.77561e+08,0.00096287,0.000150096,8.85861e-25
0,1.83868e+09,4.87898e+07,3.13889e+08,8.34623e+09,1.30675e+09,-1.29324e+08,-1.0626e+09,0.000969102,0.00016544,9.45778e-23
0,2.02497e+09,-1.31856e+07,2.39423e+08,-4.51943e+08,1.42761e+08,-2.65578e+08,3.31716e+08,0.000996736,0.000117849,-5.91512e-27
0,2.19712e+09,-2.47244e+07,3.2019e+08,-8.4552e+09,-1.70877e+09,-1.92231e+08,-8.02372e+08,0.00104662,0.000152526,-5.45717e-23
0,1.95043e+09,-2.82132e+07,2.96463e+08,-2.44142e+08,-2.44298e+08,-2.04409e+08,-1.0752e+09,0.00106389,0.000161709,1.04845e-26
0,2.03732e+09,4.49046e+06,2.9376e+08,3.5636e+09,-5.25915e+08,-4.39708e+08,-1.04928e+09,0.00106321,0.000153304,7.82939e-24
0,2.11166e+09,-2.78088e+07,3.18261e+08,-4.53132e+09,-9.07488e+08,-4.75786e+06,-8.50839e+08,0.0010377,0.000156399,-1.05969e-23
0,1.83132e+09,-3.47703e+07,3.0407e+08,-6.95503e+09,-1.39378e+09,-1.38871e+08,-6.97339e+08,0.0010562,0.000175371,-6.92278e-23
0,2.03842e+09,-3.7261e+07,2.96779e+08,7.18891e+09,-9.87837e+08,3.16394e+07,3.02548e+08,0.000900061,0.000131042,-7.35465e-24
0,2.07055e+09,-3.5659e+07,2.93456e+08,-3.73401e+09,-1.52273e+09,2.46281e+08,-1.09872e+09,0.00108559,0.00015386,-1.78126e-23
0,1.59957e+09,1.96258e+07,3.00997e+08,-8.86618e+08,-4.16551e+08,-5.05158e+07,-1.54262e+09,0.00105062,0.000197701,5.68888e-25
0,2.16225e+09,9.66043e+06,3.36685e+08,-1.39e+10,-7.10278e+08,-8.72638e+08,-1.21244e+07,0.000987435,0.000153754,2.87944e-23
0,2.11377e+09,-5.73136e+07,3.24044e+08,-7.74955e+09,1.01162e+09,4.09301e+07,-6.00793e+08,0.00093315,0.000143053,-1.80283e-23
0,1.88401e+09,3.99427e+07,3.02275e+08,2.53472e+09,9.16145e+07,-1.93627e+08,-1.27197e+09,0.00104113,0.000167041,3.09488e-24
0,1.76443e+09,6.6533e+07,2.91609e+08,-9.5349e+09,-2.13298e+08,-2.41934e+08,-8.69211e+08,0.00103759,0.000171483,-2.0603e-22
0,2.07516e+09,3.53588e+07,2.645e+08,-8.13995e+09,9.1815e+08,-5.12007e+07,5.53987e+08,0.0010742,0.000136918,4.64176e-23
0,2.16666e+09,-1.15984e+07,3.35322e+08,1.5095e+09,-5.70996e+08,-2.14212e+08,-4.43783e+08,0.000960852,0.000148705,1.89775e-25
0,2.29531e+09,-2.09701e+07,3.13133e+08,-5.95507e+09,-2.33423e+09,6.15578e+07,-6.01363e+08,0.00101349,0.000138264,-2.32922e-23
0,2.12239e+09,2.32397e+06,3.41836e+08,-2.81189e+09,-3.14711e+08,-5.20591e+08,-3.87775e+08,0.000977098,0.000157373,-2.27059e-25
0,1.88038e+09,4.39018e+07,3.18016e+08,1.03045e+10,4.61105e+08,3.60294e+08,-9.36068e+08,0.000997112,0.000168635,1.79884e-22
0,1.99215e+09,5.24626e+07,2.65602e+08,-3.01803e+09,2.80001e+08,5.41736e+08,8.07572e+08,0.00104311,0.000139072,3.41307e-24
0,2.13939e+09,-4.43295e+07,3.17969e+08,-1.16611e+10,-1.04466e+09,-2.5617e+08,-8.55216e+08,0.00101514,0.000150877,-1.24594e-22
0,2.15421e+09,2.3784e+06,3.00412e+08,1.36721e+08,-1.84539e+09,-4.50955e+08,-9.28121e+08,0.00106596,0.000148652,-1.89361e-24
0,2.11792e+09,9.04056e+06,3.14746e+08,4.90505e+09,-8.02657e+08,-3.18073e+08,-8.03129e+08,0.00100615,0.000149524,1.14133e-23
0,1.78587e+09,2.32056e+07,2.42295e+08,-4.67834e+09,1.84315e+09,3.11362e+08,2.21657e+08,0.00125864,0.000170764,8.1381e-23
0,2.13087e+09,-4.64234e+07,3.30129e+08,-7.89252e+09,1.01918e+09,-1.47397e+08,-4.50798e+08,0.000917378,0.000142127,-1.44369e-23
0,2.05352e+09,-5.79189e+06,3.12455e+08,-5.25349e+09,-1.37689e+09,-2.18801e+08,-6.91788e+08,0.00105197,0.000160063,-1.73474e-23
0,2.05737e+09,1.53606e+07,3.36713e+08,-1.41999e+10,-9.32149e+08,-1.12656e+09,8.13006e+07,0.000938901,0.000153663,7.4893e-23
0,1.91017e+09,2.58726e+07,3.04221e+08,2.67215e+09,-2.93837e+08,-1.59075e+08,-1.20404e+09,0.00106173,0.000169095,4.16244e-24
0,2.10553e+09,1.99859e+07,2.80296e+08,4.82281e+09,1.18262e+09,4.96666e+08,6.32502e+08,0.00103472,0.000137746,-5.96349e-24
0,2.09099e+09,-1.57951e+07,3.19601e+08,-7.3773e+08,-6.62954e+08,-1.55885e+08,-8.3098e+08,0.000982348,0.000150149,-1.41154e-25
0,2.19434e+09,779877,3.22882e+08,-3.41201e+09,-1.48299e+09,-5.70398e+08,-5.25917e+08,0.000994989,0.000146406,-1.72802e-24
0,1.85902e+09,1.1955e+07,2.86941e+08,-1.96196e+09,-7.21008e+08,-3.1203e+08,-1.66891e+09,0.00113056,0.000174504,-3.11733e-24
0,2.10368e+09,-1.59144e+07,3.14749e+08,-2.11688e+09,-1.33777e+09,-1.43768e+08,-1.25511e+09,0.00107477,0.000160806,-4.57797e-24
0,2.15809e+09,-1.30212e+07,3.42179e+08,-8.43304e+09,-2.04822e+08,-7.9689e+08,-3.57947e+08,0.000955769,0.000151543,-1.13905e-23
0,2.02712e+09,-6.0499e+07,3.20237e+08,-1.27814e+10,2.39883e+08,-5.18906e+08,-7.98737e+08,0.000964488,0.000152366,-1.67773e-22
0,1.97062e+09,1.93135e+07,3.2424e+08,2.34553e+09,6.35138e+08,1.92941e+08,-9.98361e+08,0.000950119,0.00015633,1.48251e-24
0,2.2656e+09,6.51371e+06,3.2669e+08,8.99503e+07,-1.32125e+09,-3.08157e+08,-4.47022e+08,0.000951937,0.000137265,-1.63881e-25
0,2.08291e+09,-6.9079e+07,3.0401e+08,-6.15557e+09,3.79963e+08,3.55545e+08,-9.05158e+08,0.000972542,0.000141946,-1.71086e-23
0,2.09412e+09,-2.34926e+07,3.31629e+08,-5.27432e+09,8.63439e+08,-7.8637e+08,-9.62485e+07,0.00090163,0.000142784,-4.79671e-24
0,2.12733e+09,-3.13156e+07,3.28449e+08,-7.64202e+09,-5.99331e+08,-5.67402e+08,-7.71931e+08,0.000968856,0.000149586,-2.17749e-23
0,2.15445e+09,-1.51392e+06,3.43066e+08,-5.41349e+09,-3.53334e+08,-6.95077e+08,-2.55696e+08,0.000953607,0.000151848,-8.20451e-25
0,1.92749e+09,-5.95434e+07,3.14333e+08,-6.16471e+09,7.24915e+08,-2.81586e+08,-4.61619e+08,0.000994979,0.00016226,-1.93585e-23
0,2.17749e+09,-1.77969e+07,3.22803e+08,-6.44679e+09,-1.2349e+09,-5.332e+08,-5.55538e+08,0.000970661,0.000143896,-6.70836e-24
0,2.10124e+09,-4.80356e+07,3.04662e+08,-5.39996e+09,-9.83644e+07,1.2645e+07,-7.59602e+08,0.00102649,0.000148832,-1.30736e-23
0,2.26429e+09,737539,3.18554e+08,-6.59671e+08,-1.84143e+09,-1.80724e+08,-6.25381e+08,0.0010226,0.000143866,-1.33583e-24
0,2.01623e+09,2.77676e+07,2.96781e+08,9.08072e+09,-1.22901e+09,-1.12853e+08,-1.30308e+09,0.00106196,0.000156316,1.7403e-22
0,2.24231e+09,-3.99164e+07,3.05676e+08,-3.4133e+09,-5.73871e+08,5.69308e+08,-2.36218e+08,0.000923752,0.000125928,-8.5544e-25
0,2.07434e+09,-6.43092e+07,3.07274e+08,-1.24093e+10,-6.50946e+08,-5.26566e+07,-8.91934e+08,0.0010111,0.000149774,-1.87177e-22
0,1.92047e+09,1.87485e+07,3.3545e+08,4.26243e+09,6.81958e+08,3.42884e+08,-5.53718e+08,0.000953258,0.000166506,6.83793e-24
0,2.10318e+09,-4.35937e+07,3.05433e+08,-1.13642e+10,-1.61238e+09,-5.54577e+08,-8.70496e+08,0.00101367,0.000147209,-1.11158e-22
0,1.98596e+09,-2.51706e+07,3.17046e+08,1.34225e+08,-5.44786e+08,-3.58265e+08,-1.25943e+09,0.00111261,0.000177621,-4.18797e-25
0,2.1649e+09,-855549,3.43824e+08,-6.30403e+09,-2.90293e+08,-7.32512e+08,-1.6129e+08,0.000939727,0.000149245,-4.76331e-25
0,1.95902e+09,-2.36536e+07,2.96059e+08,-2.06895e+09,-4.45743e+08,-6.88917e+07,-1.33405e+09,0.00106378,0.000160764,-1.65146e-24
0,2.03428e+09,-6.27864e+07,3.19571e+08,-6.61103e+09,1.17043e+09,-2.00379e+08,-5.30373e+08,0.000986967,0.000155045,-1.90745e-23
0,2.23443e+09,-2.18673e+07,3.36501e+08,-7.05911e+09,-1.54205e+08,-3.51443e+08,-3.54188e+08,0.000948082,0.000142779,-6.30786e-24
0,2.07703e+09,-3.33613e+07,3.2643e+08,-7.46854e+09,-5.48803e+08,-6.10066e+08,-9.87569e+08,0.00103468,0.000162611,-4.19023e-23
0,2.04607e+09,-1.77807e+07,3.18195e+08,-1.08519e+10,-1.68021e+09,-3.95248e+08,-4.93289e+08,0.00099354,0.000154511,-5.74738e-23
0,1.90375e+09,3.65278e+07,3.03508e+08,1.68258e+09,-7.59057e+08,-1.04396e+09,-9.01634e+08,0.001014,0.000161658,-2.29693e-25
0,2.24368e+09,-1.73031e+07,3.17907e+08,-5.40911e+09,-1.73015e+09,-2.19746e+08,-6.48982e+08,0.00100694,0.000142674,-1.15486e-23
0,1.99345e+09,-4.99799e+07,3.26874e+08,-1.12829e+10,1.00161e+09,-6.72336e+08,-4.03796e+08,0.000904625,0.000148335,-6.55786e-23
0,2.24248e+09,-4.96125e+07,3.08997e+08,-5.97424e+09,-5.27485e+08,6.45584e+08,-3.38969e+08,0.000923289,0.000127222,-4.79803e-24
0,2.14485e+09,-3.01448e+07,3.23246e+08,-7.84636e+09,-7.69941e+08,-5.04259e+08,-4.86882e+08,0.000940705,0.000141772,-1.07646e-23
0,2.26384e+09,-2.33596e+06,3.32582e+08,-5.3249e+09,-1.00456e+09,-3.34425e+08,-2.59898e+08,0.000955177,0.000140326,-1.22923e-24
0,2.19668e+09,-2.36552e+07,3.25358e+08,-4.47591e+09,-8.8493e+08,-6.90261e+07,-6.17248e+08,0.0009643,0.000142826,-4.14567e-24
0,1.99151e+09,-3.48992e+07,3.08392e+08,2.34234e+09,3.43745e+08,8.76611e+08,-1.11794e+09,0.00100458,0.000155562,1.71323e-24
0,2.04659e+09,-2.91736e+07,3.15198e+08,-3.01526e+09,-1.03715e+09,-5.21441e+08,-1.21608e+09,0.00110766,0.000170592,-5.77382e-24
0,2.15605e+09,3.79178e+06,3.16092e+08,2.18883e+09,-2.22686e+09,2.74986e+07,-9.54802e+08,0.00111744,0.000163825,1.32372e-23
0,2.09835e+09,-5.14366e+07,3.25242e+08,-7.76799e+09,1.4616e+09,-2.97032e+08,-3.68721e+08,0.000972608,0.000150753,-1.92269e-23
0,2.0815e+09,-4.63784e+07,3.23519e+08,-9.41275e+09,-2.4177e+08,-5.4028e+08,-1.00489e+09,0.00100989,0.000156962,-8.42632e-23
0,2.04609e+09,-4.93701e+07,3.20182e+08,-1.0785e+10,-2.32145e+08,-3.72513e+08,-6.63834e+08,0.000960324,0.000150276,-7.25074e-23
0,2.17359e+09,84756.8,3.4431e+08,-6.98876e+09,-2.26827e+08,-7.49743e+08,-8.31312e+07,0.000921408,0.000145957,1.60288e-25
0,2.28726e+09,-1.74273e+07,3.35733e+08,-1.59843e+09,2.03309e+08,1.93209e+08,-1.06825e+08,0.000878269,0.000128916,-5.99169e-27
0,1.96816e+09,3.90156e+07,3.21177e+08,6.32027e+09,9.16549e+08,-2.23507e+08,-8.47314e+08,0.000988227,0.000161266,2.42824e-23
0,2.22216e+09,5.44999e+07,2.99838e+08,-1.99505e+09,9.30954e+08,6.37845e+08,2.79447e+08,0.00110769,0.000149461,8.59314e-25
0,2.20854e+09,-3.14111e+07,3.18847e+08,-9.31408e+09,-1.19833e+09,-2.49709e+08,-6.01113e+08,0.000988664,0.000142733,-3.30482e-23
0,1.72529e+09,-1.59263e+07,2.57448e+08,-3.52748e+09,1.37798e+09,-6.03344e+07,-1.71533e+09,0.00107801,0.000160861,-2.91851e-23
0,2.02142e+09,-5.44025e+07,3.27702e+08,-8.59158e+09,1.60512e+09,-3.71224e+08,-3.68473e+08,0.000876783,0.00014214,-2.00308e-23
0,2.27219e+09,-3.03007e+07,3.08903e+08,-2.96677e+09,-1.00862e+09,5.02968e+08,-2.47977e+08,0.000932658,0.000126794,-9.83579e-25
0,2.1229e+09,-1.49196e+07,3.12336e+08,-3.04326e+09,-2.19288e+09,-8.05169e+07,-1.05425e+09,0.00110745,0.000162935,-2.1166e-23
0,2.10798e+09,-3.6906e+07,3.30546e+08,-1.1065e+10,-3.01826e+08,-7.33562e+08,-7.83584e+08,0.00098867,0.00015503,-8.65049e-23
0,2.03488e+09,2.29758e+07,3.18749e+08,6.05177e+09,1.11143e+08,-3.64434e+08,-9.05708e+08,0.00100841,0.00015796,2.2772e-23
0,2.06828e+09,-6.50463e+07,3.22135e+08,-1.09691e+10,1.05922e+09,-1.60824e+08,-6.22761e+08,0.000933357,0.00014537,-6.57928e-23
0,2.17894e+09,1.81603e+06,3.44561e+08,-7.15735e+09,-1.91428e+08,-7.39044e+08,-2.07861e+07,0.000905027,0.000143114,9.37877e-25
0,2.10416e+09,-6.49314e+07,2.89342e+08,-9.87629e+09,-1.47939e+09,2.70428e+07,-1.17241e+09,0.00107867,0.000148328,-1.79045e-22
0,2.07816e+09,-4.56052e+07,3.08785e+08,-6.57502e+09,-5.13285e+08,-1.52666e+08,-9.93647e+08,0.0010205,0.000151631,-3.11074e-23
0,2.17219e+09,-6.43028e+06,3.10742e+08,-2.91638e+09,-1.75011e+09,-5.20515e+08,-7.61151e+08,0.00102498,0.000146628,-4.88359e-24
0,2.19087e+09,1.6775e+07,3.19411e+08,2.95348e+09,-1.27237e+09,-3.21816e+08,-8.10305e+08,0.00103473,0.000150855,4.28491e-24
0,2.02861e+09,-6.21684e+07,3.24011e+08,-9.04845e+09,1.41251e+09,-2.88458e+08,-4.87575e+08,0.000884023,0.000141196,-2.76564e-23
0,2.12986e+09,-5.67113e+07,2.96526e+08,-1.02743e+10,-1.76573e+09,2.42354e+08,-1.10014e+09,0.00105108,0.000146334,-1.77378e-22
0,2.08299e+09,-4.33936e+07,3.27891e+08,-1.00059e+10,5.715e+08,-3.88896e+08,-3.57603e+08,0.000914273,0.00014392,-2.78837e-23
0,2.28396e+09,1.71507e+07,3.3515e+08,-8.12579e+08,-8.68747e+08,2.64203e+08,1.46458e+07,0.000860408,0.000126257,-2.23808e-26
0,2.19815e+09,4.97521e+07,2.93256e+08,-9.98234e+09,1.43509e+09,4.34524e+08,3.3312e+08,0.00101246,0.000135073,4.75477e-23
0,2.14226e+09,-2.91338e+07,3.10845e+08,-6.47845e+09,-1.47518e+09,-4.8177e+08,-7.58527e+08,0.000994384,0.000144287,-1.5588e-23
0,1.73879e+09,3.38165e+07,2.66324e+08,2.40608e+09,7.0608e+08,-5.8505e+08,-1.67198e+09,0.00109021,0.000166984,3.85722e-24
0,2.1619e+09,-1.59699e+07,3.23886e+08,-2.31121e+09,-7.98508e+08,1.3955e+08,-9.10696e+08,0.00101168,0.000151566,-1.46849e-24
0,1.99823e+09,2.51144e+07,3.12405e+08,-1.33647e+10,-2.13468e+09,-3.40799e+08,-6.91832e+07,0.00093069,0.000145505,-3.34081e-24
0,2.07699e+09,-5.09317e+07,3.27984e+08,-8.05216e+09,1.30594e+09,-1.96983e+08,-3.49617e+08,0.00088581,0.000139881,-1.19764e-23
0,2.20997e+09,-3.08248e+07,3.15174e+08,-9.71685e+09,-1.609e+09,-3.08715e+08,-6.01606e+08,0.000983513,0.000140263,-3.7146e-23
0,2.07799e+09,-4.63238e+07,3.30248e+08,-6.04831e+09,1.62042e+09,-1.52416e+08,-2.37144e+08,0.000864626,0.000137412,-1.95492e-24
0,2.19586e+09,-3.01965e+07,3.16149e+08,-8.31912e+09,-1.4705e+09,-3.5365e+08,-7.86166e+08,0.00100122,0.000144151,-3.40545e-23
0,1.78192e+09,3.02843e+07,2.55808e+08,4.92213e+09,-1.53887e+08,-6.09839e+08,-1.57719e+09,0.00111045,0.000159413,6.23306e-23
0,2.08422e+09,-4.68174e+07,3.2697e+08,-8.99931e+09,2.52142e+08,-4.06407e+08,-8.4488e+08,0.000960848,0.000150737,-5.28689e-23
0,1.91096e+09,-7.52618e+07,3.23595e+08,-1.03244e+10,2.5745e+09,-5.25193e+08,-5.80116e+08,0.000884394,0.00014976,-7.29814e-23
0,2.00306e+09,-5.29148e+07,3.30892e+08,-7.62736e+09,1.82366e+09,-5.14121e+08,-4.12055e+08,0.000868725,0.000143507,-1.83745e-23
0,2.09791e+09,-1.33514e+07,2.72475e+08,-1.43114e+09,-3.22554e+09,-5.84277e+07,-1.20052e+09,0.00115669,0.000150229,-3.27152e-23
0,2.15085e+09,-6.14227e+06,3.43477e+08,-7.68123e+09,1.00802e+08,-7.77783e+08,-9.97681e+07,0.000896405,0.00014315,-3.04593e-24
0,1.97308e+09,-9.85323e+07,2.73089e+08,-1.4313e+10,-6.02637e+08,4.68431e+08,-1.12121e+09,0.00109509,0.000151569,-7.24828e-22
0,1.97361e+09,-1.02963e+08,2.92966e+08,-1.58615e+10,6.79908e+08,2.39318e+08,-9.16558e+08,0.000976393,0.000144937,-4.18932e-22
0,1.77411e+09,9.98611e+07,2.96749e+08,-1.87543e+10,-2.21942e+09,-3.6367e+08,6.44635e+08,0.000956204,0.00015994,8.89623e-22
0,1.64827e+09,-3.57725e+06,2.83313e+08,2.20971e+10,-2.91914e+08,6.60722e+06,-2.44837e+07,0.000906763,0.00015586,5.29244e-23
0,1.82574e+09,2.02342e+06,2.74572e+08,3.1489e+10,1.04639e+08,1.74321e+07,-2.27607e+07,0.00106642,0.000160378,1.94737e-22
0,1.88054e+09,-1.40621e+06,2.84828e+08,2.89614e+10,-1.42615e+07,2.52085e+07,-1.97208e+07,0.0010239,0.00015508,9.15149e-23
0,2.22302e+09,-1.5794e+06,3.25225e+08,7.48628e+09,-5.81488e+08,-8.24789e+06,-1.60505e+08,0.000926764,0.000135585,3.64045e-24
0,2.06378e+09,478943,2.83414e+08,2.95801e+10,-1.14925e+08,6.69442e+06,-4.7041e+07,0.00113137,0.000155368,2.40752e-22
0,2.23686e+09,-4.09134e+06,3.24446e+08,9.56294e+09,-1.33768e+08,-1.73634e+06,-5.13196e+07,0.000940056,0.00013635,2.36041e-24
0,2.29967e+09,5.66943e+06,3.211e+08,5.4634e+09,-1.22827e+09,-2.50287e+07,-2.3733e+08,0.000955547,0.000133422,3.33297e-24
