0,2.33416e+09,-72343,3.42732e+08,-2.72975e+07,-1.71149e+08,-93250.5,-3.4945e+07,0.000863099,0.000126731,-9.92862e-30
0,2.33416e+09,19885.1,3.44253e+08,-4.26276e+07,-599787,-966205,-7.94336e+06,0.00085959,0.000126777,-1.59897e-32
0,2.33416e+09,44085.4,3.44465e+08,1.57455e+07,-9.10148e+07,106411,-2.97606e+07,0.000859685,0.000126868,9.62478e-31
0,2.29135e+09,-1.71329e+07,3.34304e+08,1.84755e+09,-4.95551e+08,-1.41661e+08,4.84649e+07,0.000869081,0.000126797,2.05388e-26
0,2.31352e+09,5.07864e+06,3.4159e+08,7.49824e+07,1.33112e+08,-1.25612e+07,-6.9783e+07,0.000861927,0.000127263,-2.10313e-30
0,2.33417e+09,-7431.1,3.42646e+08,-9.03022e+06,5.15808e+06,-469473,-1.81113e+07,0.000863697,0.000126787,8.43774e-34
0,2.33172e+09,-1.76491e+06,3.39604e+08,2.53716e+08,1.41165e+08,-1.89572e+07,5.58206e+06,0.000873451,0.000127214,-5.52108e-29
0,2.33415e+09,56976.3,3.39632e+08,-5.02751e+07,-3.2467e+07,131988,-2.58512e+07,0.000874988,0.000127315,-2.94793e-31
0,2.33414e+09,140458,3.4092e+08,-7.15525e+07,8.47818e+07,935558,7.08133e+06,0.000868836,0.0001269,2.85493e-30
0,2.33416e+09,1509.35,3.44227e+08,-2.36596e+07,6.01583e+07,-802397,1.43214e+07,0.000859175,0.000126706,4.00479e-31
0,2.33417e+09,2327.23,3.42404e+08,-6.96443e+06,-1.60328e+08,182200,-4.11669e+07,0.000862415,0.000126509,-2.07901e-30
0,2.33392e+09,844928,3.38258e+08,1.7876e+08,-6.95658e+07,-1.30066e+07,-2.68904e+06,0.000872142,0.000126401,5.91276e-30
0,2.33415e+09,-222403,3.4055e+08,-6.072e+07,-3.41131e+08,1.52599e+06,-6.29239e+07,0.000867317,0.000126541,-1.67288e-28
0,2.33417e+09,2022.66,3.45031e+08,2.04592e+06,-2.97776e+07,87102.4,-1.21423e+07,0.00085429,0.000126279,4.83858e-33
0,2.33417e+09,4983.53,3.43836e+08,-2.41904e+06,-1.22714e+08,-260158,-3.00006e+07,0.000859608,0.000126625,-3.89821e-31
0,2.33417e+09,57259.4,3.42814e+08,7.75643e+06,-3.44028e+06,-275619,1.20387e+07,0.000863752,0.000126857,1.44362e-34
0,2.33417e+09,31254.2,3.43671e+08,-1.12001e+07,5.23418e+07,75999.5,5.71896e+06,0.000859328,0.000126523,1.00247e-31
0,2.33417e+09,881.697,3.42601e+08,-2.11437e+06,-2.05517e+08,-224544,-4.10937e+07,0.000860705,0.000126331,-1.52678e-30
0,2.33385e+09,395908,3.42526e+08,-2.37493e+08,-5.69806e+07,-1.66426e+06,-3.62609e+07,0.000878373,0.000128914,-1.90988e-29
0,2.33415e+09,202401,3.4191e+08,-4.96501e+07,7.86512e+07,2.00482e+06,607832,0.000861215,0.000126152,1.28686e-30
0,2.33415e+09,-83591.2,3.38248e+08,-2.70083e+07,-2.67324e+08,1.41832e+06,-4.24802e+07,0.000875601,0.000126886,-3.47114e-29
0,2.33417e+09,22074.8,3.411e+08,-1.588e+06,-1.31708e+08,204397,-3.37741e+07,0.000868018,0.000126846,-2.21179e-31
0,2.33415e+09,153685,3.42154e+08,-4.72914e+07,4.29215e+07,759069,3.20309e+06,0.000864301,0.000126695,2.41043e-31
0,2.02408e+09,-3.97575e+07,3.35156e+08,7.51508e+09,-1.49692e+09,7.79567e+08,2.59851e+08,0.00088252,0.000146132,-1.91967e-23
0,2.32444e+09,1.12917e+06,3.43356e+08,-1.29137e+08,-1.64103e+08,4.94854e+06,-6.60093e+07,0.000872099,0.000128823,-5.48064e-29
0,1.99548e+09,-523201,3.12158e+08,-1.39976e+10,6.91725e+06,9.03306e+06,-5.10914e+06,0.000896764,0.000140283,-1.02466e-24
0,2.28962e+09,803545,3.44123e+08,-8.20558e+07,-6.08814e+07,-8.25961e+07,-2.01726e+06,0.000851678,0.000128005,8.97187e-30
0,1.64912e+09,5.2254e+07,2.71098e+08,5.63667e+09,2.60795e+07,-5.78538e+08,-6.82727e+08,0.000902089,0.000148294,2.26749e-23
0,1.87659e+09,1.1492e+08,2.51828e+08,1.75957e+10,-2.9171e+08,-6.3158e+08,-1.08472e+09,0.001065,0.000142917,1.41956e-21
0,2.07109e+09,9.04239e+07,2.74299e+08,8.79799e+09,3.83192e+08,-1.12128e+09,-3.37208e+08,0.000955054,0.000126489,1.19624e-23
0,1.95494e+09,4.04764e+07,2.75588e+08,1.40976e+09,-1.60207e+09,-4.09587e+08,-1.14341e+09,0.00110297,0.000155486,2.64762e-24
0,1.98405e+09,7.33005e+07,2.32293e+08,6.77873e+09,-6.54466e+08,-1.00556e+09,-3.46016e+08,0.00104797,0.000122696,2.82412e-23
0,2.04866e+09,-6.55264e+07,2.88633e+08,-6.92507e+09,-1.01872e+09,3.50156e+08,-1.03959e+09,0.00105901,0.000149202,-6.10783e-23
0,2.33398e+09,426482,3.4375e+08,1.77746e+08,-2.07769e+08,4.18527e+06,-7.76754e+07,0.000869924,0.000128123,1.56949e-28
0,2.24387e+09,8.27376e+06,3.01913e+08,9.63321e+09,-1.26259e+09,-2.33604e+08,-2.98191e+08,0.00102674,0.000138148,3.16448e-23
0,2.25228e+09,1.79446e+07,3.20899e+08,3.63418e+09,-1.34699e+09,2.22145e+07,-4.25207e+08,0.000955174,0.000136091,2.49035e-24
0,2.14717e+09,-5.59831e+07,2.9757e+08,-9.87344e+09,-1.66153e+09,2.46611e+08,-9.08697e+08,0.00104426,0.000144721,-1.23671e-22
0,1.81232e+09,2.66689e+07,1.86344e+08,1.38905e+09,-5.07168e+08,-3.78591e+08,-2.31368e+08,0.00112211,0.000115376,5.00142e-25
0,2.22303e+09,-1.19766e+07,2.97002e+08,4.18334e+09,-1.87739e+09,-1.31137e+08,-1.86839e+08,0.00104316,0.000139369,7.84706e-24
0,2.334e+09,118232,3.4486e+08,6.22536e+07,-8.43277e+07,2.23179e+06,-3.5724e+07,0.000866476,0.000128026,3.76953e-30
0,2.05226e+09,7.51897e+07,3.12487e+08,1.02918e+10,9.69584e+08,-4.99972e+07,-7.29851e+08,0.000938062,0.000142834,6.21518e-23
0,2.00814e+09,-1.79386e+07,3.30509e+08,1.03829e+10,3.5228e+08,9.63186e+08,3.92363e+08,0.000932397,0.000153458,-2.57618e-23
0,2.10115e+09,6.28009e+07,3.11302e+08,1.2024e+10,-4.85094e+08,1.11272e+08,-8.62591e+08,0.000985517,0.000146012,1.342e-22
0,2.12014e+09,6.07569e+07,3.10433e+08,1.01074e+10,-2.98885e+08,-4.86747e+07,-7.67046e+08,0.000973147,0.000142489,6.47383e-23
0,2.00174e+09,6.38834e+07,3.28187e+08,6.86811e+09,2.02254e+09,3.76287e+08,-5.98876e+08,0.000889589,0.000145849,1.68324e-23
0,2.1739e+09,-2.707e+07,2.9222e+08,-2.90091e+09,-1.81269e+09,7.1138e+07,-1.12595e+08,0.00105176,0.000141379,-4.47249e-24
0,2.1396e+09,-3.51594e+06,3.14041e+08,-1.91117e+09,-1.01604e+09,1.41217e+08,-4.39056e+08,0.000973956,0.000142953,-7.7402e-25
0,2.13388e+09,4.81787e+07,3.23926e+08,8.1081e+09,-1.65389e+07,2.46061e+08,-7.17006e+08,0.000935606,0.000142026,2.44537e-23
0,2.03146e+09,7.40853e+07,3.19431e+08,9.57561e+09,1.56477e+09,840002,-7.27471e+08,0.000929814,0.000146206,4.92711e-23
0,2.02007e+09,-9.3158e+07,3.07095e+08,-1.20123e+10,4.73618e+08,2.34163e+08,-5.95949e+08,0.000936174,0.000142319,-8.4259e-23
0,2.08428e+09,3.58197e+07,3.21464e+08,8.05858e+09,-6.29e+08,4.60694e+08,-7.1859e+08,0.00101623,0.000156736,3.5116e-23
0,2.05411e+09,8.34426e+07,3.08355e+08,-1.10542e+10,-1.38138e+09,3.21206e+08,5.28861e+08,0.000921006,0.000138258,3.86916e-23
0,2.15687e+09,-1.90878e+07,3.17772e+08,8.09778e+09,-2.47733e+09,-9.81322e+07,-2.83772e+08,0.000944938,0.000139218,3.09943e-23
0,1.76058e+09,1.24375e+07,1.75582e+08,3.88213e+08,-1.94199e+07,-1.71741e+08,-2.26781e+08,0.00112887,0.000112582,1.394e-27
0,2.30804e+09,-3.20922e+06,3.43604e+08,2.44696e+09,-6.78186e+07,1.42781e+08,3.00962e+07,0.000876824,0.000130535,-1.99561e-26
0,2.32145e+09,1.09164e+07,3.34155e+08,2.40105e+09,-7.38212e+08,-8.64368e+07,-2.24826e+08,0.000906286,0.000130453,2.44316e-25
0,2.06424e+09,4.92654e+07,3.26778e+08,6.48747e+09,1.11549e+09,2.06659e+08,-4.85745e+08,0.000879732,0.000139265,8.7695e-24
0,2.17245e+09,2.47283e+07,3.21884e+08,2.60813e+09,1.1638e+09,8.97431e+08,1.93522e+08,0.00096782,0.000143398,1.44201e-24
0,2.00431e+09,7.13528e+07,3.17911e+08,1.03093e+10,9.87448e+08,1.66314e+08,-8.42544e+08,0.000963901,0.000152888,1.00415e-22
0,2.19356e+09,3.04858e+07,3.11343e+08,3.69486e+09,-1.22093e+09,-4.18532e+07,-7.02463e+08,0.000969965,0.000137672,4.10296e-24
0,2.11361e+09,3.04619e+07,3.01501e+08,5.16512e+09,-1.92025e+09,1.00374e+08,-1.15961e+09,0.00107559,0.000153431,3.82798e-23
0,2.09303e+09,2.18669e+07,3.02108e+08,2.83203e+09,-1.56914e+09,1.55395e+08,-1.05551e+09,0.0010433,0.000150591,7.74198e-24
0,2.25623e+09,3.19787e+07,3.24702e+08,9.95984e+09,-1.01708e+09,6.54071e+07,-4.86926e+08,0.000971264,0.000139778,2.93458e-23
0,2.13283e+09,6.19397e+07,3.13309e+08,1.00958e+10,-3.9511e+07,-1.18639e+08,-6.89485e+08,0.000948585,0.000139346,4.92348e-23
0,2.22623e+09,3.43115e+07,3.12534e+08,3.3497e+09,-6.74971e+08,-5.5412e+08,-1.86962e+08,0.000936221,0.000131434,9.12509e-25
0,2.13423e+09,1.28343e+07,3.3474e+08,9.43257e+09,2.44484e+08,4.7929e+08,-5.91483e+07,0.000928954,0.000145701,5.22367e-24
0,1.61509e+09,-2.3738e+07,2.86022e+08,2.71977e+09,-4.98733e+08,-3.75816e+08,2.5647e+08,0.000963927,0.000170706,-4.9524e-25
0,2.08001e+09,-7.68091e+06,3.09226e+08,5.56251e+09,-4.80482e+08,1.62634e+08,-4.50026e+08,0.00099084,0.000147304,7.08738e-24
0,2.29547e+09,2.12385e+07,3.23329e+08,6.44561e+09,-1.60301e+09,-1.40253e+07,-5.0583e+08,0.000985189,0.000138769,1.2544e-23
0,2.02805e+09,6.78249e+07,3.21795e+08,8.58537e+09,1.51305e+09,1.47211e+08,-6.72911e+08,0.000908897,0.000144216,3.2797e-23
0,2.09901e+09,5.10351e+07,3.20912e+08,-1.12337e+09,-3.16745e+08,1.0166e+09,1.43185e+08,0.000977072,0.000149382,-2.66032e-28
0,2.05704e+09,-2.40076e+07,3.13302e+08,-1.62381e+08,-2.158e+09,1.53924e+08,-5.83005e+08,0.00099834,0.000152055,3.1585e-25
0,1.68724e+09,8.72649e+06,1.5845e+08,1.0451e+09,1.57668e+08,-1.24181e+08,-2.18012e+08,0.00116454,0.000109362,1.17488e-25
0,2.11544e+09,5.73368e+07,3.24387e+08,9.16632e+09,-3.81337e+08,4.67266e+08,-4.73279e+08,0.00092319,0.000141564,1.98993e-23
0,2.137e+09,4.57631e+07,3.21524e+08,9.32224e+09,-2.12483e+08,2.18027e+08,-6.58687e+08,0.000941465,0.000141649,3.44223e-23
0,1.90421e+09,3.1749e+07,2.93521e+08,1.7182e+10,-3.88972e+08,3.02071e+08,-2.68194e+08,0.00100099,0.000154296,2.01552e-22
0,2.25074e+09,1.93027e+07,3.34811e+08,4.1098e+09,-4.06229e+08,1.65135e+08,-4.00577e+08,0.000914477,0.000136034,1.11712e-24
0,2.08811e+09,1.52234e+07,3.22104e+08,2.29955e+09,-7.99682e+08,3.53414e+08,-9.43502e+08,0.000996957,0.000153787,1.16787e-24
0,1.88126e+09,3.8315e+07,2.90088e+08,6.35882e+09,2.86904e+09,-9.36662e+07,-9.14466e+08,0.00091589,0.000141229,4.901e-24
0,1.68554e+09,-2.87297e+07,2.95113e+08,8.3757e+09,-1.64109e+08,2.11847e+08,2.52439e+08,0.000977832,0.000171204,-4.09212e-23
0,2.23248e+09,2.15547e+07,3.3365e+08,2.45131e+08,5.6021e+08,-1.35834e+08,-2.50665e+08,0.00087334,0.000130523,-4.21798e-28
0,2.19766e+09,3.69595e+07,3.26693e+08,7.76964e+09,-4.96957e+08,1.59115e+08,-6.49845e+08,0.000957326,0.000142311,1.84036e-23
0,2.17151e+09,5.43017e+07,3.11555e+08,7.86523e+09,-1.52432e+08,-2.56584e+08,-5.14531e+08,0.000934358,0.000134056,1.50776e-23
0,1.98151e+09,-3.5611e+07,3.0289e+08,-4.32524e+09,-1.03302e+09,1.15457e+08,-1.30401e+09,0.00107031,0.000163607,-2.34838e-23
0,2.28639e+09,1.94621e+07,3.25217e+08,6.95068e+09,-1.5174e+09,1.12623e+08,-5.21889e+08,0.000977722,0.000139071,1.28299e-23
0,2.16641e+09,3.98587e+07,3.24146e+08,7.72985e+09,-4.52582e+08,2.34322e+08,-7.0306e+08,0.000959705,0.000143594,2.08909e-23
0,2.24965e+09,4.07506e+07,3.17565e+08,7.37438e+09,-8.17779e+08,-2.81513e+08,-4.67837e+08,0.000939106,0.000132566,1.18982e-23
0,2.12536e+09,1.75578e+07,3.17869e+08,5.50195e+09,-5.3763e+08,3.0319e+08,-7.01099e+08,0.000972223,0.000145406,8.25987e-24
0,2.14673e+09,1.75235e+07,3.19121e+08,-1.41889e+09,-9.12836e+08,1.41908e+08,-7.06739e+08,0.000986417,0.000146635,-4.704e-25
0,1.89289e+09,6.36782e+07,2.87582e+08,7.49841e+09,-4.37486e+08,-5.69496e+08,-1.41215e+09,0.00107504,0.000163329,1.43027e-22
0,2.15892e+09,4.7491e+07,3.18428e+08,1.09976e+10,-7.6755e+08,2.42813e+08,-7.46592e+08,0.00097548,0.000143877,7.09689e-23
0,2.04836e+09,-4.7873e+07,3.1388e+08,-6.69878e+09,-5.06067e+08,-1.88113e+08,-8.94991e+08,0.00101629,0.000155731,-3.08997e-23
0,2.09054e+09,8.1623e+07,3.01919e+08,1.39871e+10,-2.9263e+08,-2.31509e+08,-9.47449e+08,0.000998762,0.000144243,2.60928e-22
0,2.11787e+09,6.50377e+07,3.12677e+08,1.43231e+10,-2.43283e+08,4.24377e+07,-7.76662e+08,0.000983702,0.000145231,1.96416e-22
0,2.12054e+09,3.00729e+07,3.07828e+08,3.71646e+09,-1.32596e+09,3.91192e+07,-9.32703e+08,0.00102663,0.00014903,8.41063e-24
0,2.19351e+09,3.18491e+07,3.02309e+08,-5.57376e+09,-7.33621e+08,-3.75419e+07,1.76193e+08,0.000950888,0.000131051,1.85147e-24
0,2.19147e+09,6.85146e+06,3.44451e+08,6.36629e+09,2.2443e+07,6.61818e+08,-1.30244e+08,0.000898054,0.000141155,1.60078e-24
0,2.31006e+09,6.42507e+06,3.26309e+08,2.77373e+09,-1.71362e+09,6.49821e+07,-4.99193e+08,0.000991274,0.000140023,2.8719e-24
0,1.6652e+09,1.35331e+07,1.46256e+08,1.10422e+09,-2.49712e+08,-2.08019e+08,-1.92412e+08,0.00121161,0.000106417,3.22955e-25
0,2.08178e+09,5.26934e+07,3.15981e+08,1.04986e+10,-2.78345e+08,3.92055e+08,-7.2761e+08,0.000963106,0.000146184,6.76507e-23
0,2.17258e+09,3.64981e+07,3.31065e+08,7.53029e+09,9.46082e+07,2.665e+08,-4.5937e+08,0.000909961,0.000138663,1.02774e-23
0,2.18239e+09,2.99948e+07,3.2583e+08,5.96628e+09,-7.33866e+08,2.44717e+08,-7.29265e+08,0.000981199,0.000146493,1.05725e-23
0,2.32777e+09,8.24622e+06,3.33629e+08,2.00636e+09,-9.06056e+08,-5.60024e+07,-2.36362e+08,0.000911434,0.000130632,2.36004e-25
0,2.02487e+09,-5.66428e+07,3.11119e+08,-7.16866e+09,-1.52959e+08,6.85464e+07,-1.07677e+09,0.00103837,0.000159544,-5.5287e-23
0,2.18411e+09,1.65831e+07,3.36162e+08,6.32119e+08,3.72624e+06,1.94539e+08,-4.4415e+08,0.000923614,0.000142155,1.05254e-27
0,2.21039e+09,4.59833e+07,3.06722e+08,-5.98245e+09,-4.55821e+08,3.92383e+08,1.22028e+08,0.000967461,0.000134249,5.40272e-25
0,2.09954e+09,4.58387e+07,3.28302e+08,8.17235e+09,2.01188e+08,4.84866e+08,-7.49504e+08,0.000941307,0.00014719,3.06943e-23
0,2.04177e+09,1.91644e+07,3.38552e+08,4.49107e+07,-9.2923e+08,2.02179e+08,-1.92212e+08,0.000955151,0.000158377,6.84943e-26
0,2.33417e+09,21857.9,3.4457e+08,4.55569e+06,-6.14681e+07,-149024,-1.64366e+07,0.000855529,0.000126293,7.35539e-32
0,2.13592e+09,1.39684e+07,3.13676e+08,4.17432e+09,-1.33749e+09,3.46589e+08,-9.19767e+08,0.00101156,0.000148555,7.76068e-24
0,2.11898e+09,4.34112e+07,3.1442e+08,9.48649e+09,-9.19037e+08,3.68913e+08,-7.92606e+08,0.000988917,0.000146738,5.37332e-23
0,1.79381e+09,-3.60396e+07,2.97588e+08,3.53631e+09,2.08629e+09,2.41155e+08,-8.74973e+08,0.00098774,0.000163863,6.33008e-24
0,1.88896e+09,6.94317e+06,3.06148e+08,1.20051e+09,-1.47804e+09,5.6547e+08,-6.89186e+07,0.00103401,0.000167585,1.27595e-24
0,2.05014e+09,6.70129e+07,3.04363e+08,1.48539e+10,1.87308e+08,1.69301e+08,-8.3126e+08,0.000983931,0.000146074,2.78797e-22
0,2.10449e+09,-3.04898e+06,2.83356e+08,9.55346e+09,7.70647e+08,-4.97288e+08,-2.34066e+07,0.00111232,0.000149767,-1.34883e-23
0,2.14879e+09,1.48809e+07,3.15049e+08,2.17644e+09,-1.32319e+09,5.33853e+07,-8.83833e+08,0.0010025,0.000146983,2.45423e-24
0,2.1277e+09,-3.65001e+07,3.23347e+08,-3.79968e+09,-2.34792e+08,-2.96841e+07,-8.61169e+08,0.000986978,0.000149991,-3.88008e-24
0,2.12575e+09,-5.32842e+07,3.18851e+08,-9.88723e+09,-1.50098e+07,-4.84147e+07,-7.01528e+08,0.000986082,0.000147907,-5.7939e-23
0,2.12837e+09,5.45305e+07,3.16255e+08,9.77266e+09,-4.72741e+08,1.97077e+08,-8.22605e+08,0.00096917,0.000144009,5.80699e-23
0,2.2553e+09,3.12506e+07,3.29949e+08,-4.47972e+09,-6.84733e+08,2.23601e+08,1.01532e+08,0.000898492,0.000131449,-5.3947e-26
0,1.7028e+09,1.0124e+07,1.54793e+08,4.37107e+08,-2.20363e+08,-1.77292e+08,-2.04187e+08,0.00118254,0.000107498,1.05541e-26
0,2.19006e+09,9.3123e+06,3.43636e+08,5.89144e+09,-8.21978e+07,6.16522e+08,-2.36876e+08,0.000925273,0.000145182,2.16818e-24
0,2.19775e+09,-2.17821e+06,3.22457e+08,-4.20846e+09,-1.12738e+09,1.49e+08,-6.33239e+08,0.000974472,0.000142976,-5.13599e-24
0,2.06187e+09,-3.55529e+06,3.15628e+08,-2.55362e+09,-1.21045e+09,-3.82834e+06,-8.86836e+08,0.00103654,0.000158672,-4.106e-24
0,2.14893e+09,1.71443e+07,3.24708e+08,1.69684e+09,-8.82056e+08,-1.66857e+07,-8.46828e+08,0.00101372,0.000153175,8.20506e-25
0,2.07481e+09,-4.94996e+07,3.22822e+08,-1.04146e+10,-7.52816e+07,-3.30693e+08,-8.24658e+08,0.00100908,0.000157003,-9.95224e-23
0,2.03122e+09,8.71423e+07,2.97744e+08,1.33169e+10,-5.77809e+07,-1.41968e+08,-1.01214e+09,0.00101093,0.000148186,2.90713e-22
0,2.09269e+09,494005,3.14081e+08,2.78311e+09,-3.62379e+08,3.75958e+08,-8.63685e+08,0.00100532,0.000150884,1.37774e-24
0,2.12295e+09,1.62948e+07,3.25822e+08,1.02028e+09,-6.9208e+08,2.11428e+08,-8.47958e+08,0.00100162,0.000153724,2.28282e-25
0,2.12359e+09,-5.15897e+07,3.22849e+08,-1.10827e+10,6.80699e+07,-2.19951e+08,-6.4216e+08,0.000955283,0.000145231,-6.45436e-23
0,2.18526e+09,8.43505e+06,3.17081e+08,4.47343e+09,-1.75992e+09,4.19048e+08,-7.57012e+08,0.00104499,0.000151628,1.05252e-23
0,1.88032e+09,1.92566e+07,2.84794e+08,1.68458e+09,-1.65835e+09,3.33322e+08,-1.52377e+09,0.00114239,0.000173027,1.55417e-23
0,2.09654e+09,4.00324e+07,2.91481e+08,4.91674e+09,-1.23537e+09,-1.23566e+08,-1.0333e+09,0.00104499,0.000145284,2.0566e-23
0,2.07094e+09,3.181e+07,3.00168e+08,4.59148e+09,-2.28222e+09,2.04877e+08,-1.18332e+09,0.00109179,0.000158248,4.64043e-23
0,2.09582e+09,-1.90465e+07,3.09119e+08,2.6527e+09,-2.65093e+09,1.03611e+08,-7.53016e+08,0.00103323,0.000152394,1.82988e-23
0,2.21997e+09,8.99846e+06,3.11295e+08,2.09012e+08,-1.87223e+09,-2.18804e+07,-6.42965e+08,0.00100191,0.000140493,2.49671e-25
0,1.97991e+09,-1.39503e+07,3.09822e+08,-3.51726e+09,-4.86926e+08,2.57523e+07,-1.05331e+09,0.00101499,0.000158829,-6.44835e-24
0,1.64089e+09,7.51891e+06,1.41011e+08,5.49245e+07,-8.95909e+07,-1.45296e+08,-1.81322e+08,0.00121627,0.000104521,-1.82947e-27
0,2.30275e+09,1.97934e+07,3.29252e+08,1.1231e+09,-1.00995e+09,7.90363e+07,-1.88119e+08,0.000907742,0.000129791,1.22332e-25
0,2.05971e+09,-5.18398e+06,3.41312e+08,-1.48444e+07,4.44585e+07,5.00751e+07,-4.97654e+08,0.00095932,0.000158968,3.10248e-29
0,2.23721e+09,781151,3.10781e+08,4.06507e+09,7.76315e+08,1.71379e+08,-1.47865e+08,0.000960474,0.000133424,8.2571e-25
0,2.10787e+09,6.36799e+06,3.28477e+08,-1.00059e+09,-5.90304e+08,8.62668e+07,-8.12268e+08,0.00100501,0.000156614,-1.32937e-25
0,2.0211e+09,8.63836e+07,2.90523e+08,1.17002e+10,-3.53306e+08,-3.24395e+08,-1.11662e+09,0.00105795,0.000152076,2.85771e-22
0,2.11151e+09,2.09887e+07,3.31296e+08,4.78877e+09,-6.37218e+08,4.78515e+08,-8.02432e+08,0.00100638,0.000157901,6.54305e-24
0,2.2005e+09,-1.28794e+07,3.03385e+08,-4.22592e+09,-2.27902e+09,-1.45091e+08,-7.76315e+08,0.00104489,0.00014406,-1.91068e-23
0,1.89544e+09,-1.06497e+07,3.1444e+08,2.41492e+09,-7.63114e+07,-3.64729e+07,-2.69006e+08,0.0010587,0.000175631,8.26062e-25
0,2.20599e+09,-6.40722e+06,3.15111e+08,2.94245e+08,-1.87973e+09,2.80828e+08,-8.0204e+08,0.00105001,0.000149987,1.66652e-24
0,2.12407e+09,-3.89836e+07,3.17951e+08,-4.35809e+09,-5.71108e+08,1.03963e+07,-8.65046e+08,0.00100481,0.00015041,-7.04968e-24
0,2.05163e+09,-5.80325e+07,3.26479e+08,-1.03633e+10,1.09046e+09,-4.02871e+08,-5.73694e+08,0.000909854,0.000144787,-5.3544e-23
0,1.82838e+09,-2.70213e+06,2.8332e+08,-6.79344e+08,-1.19838e+09,4.15518e+08,-1.58342e+09,0.00116326,0.000180255,2.92463e-24
0,1.95029e+09,-1.89743e+07,3.1209e+08,-3.4944e+09,1.59217e+08,2.71909e+08,-1.04985e+09,0.00100292,0.000160489,-5.60794e-24
0,1.93261e+09,-5.15058e+07,3.19115e+08,-8.01138e+09,1.63895e+09,1.43351e+08,-8.79125e+08,0.000925447,0.000152811,-3.91942e-23
0,2.16931e+09,-3.82986e+07,3.29605e+08,-7.91933e+09,-5.06225e+07,-2.84077e+08,-6.48763e+08,0.000944979,0.00014358,-1.98231e-23
0,2.13346e+09,5.85047e+07,3.24185e+08,5.63593e+09,1.43956e+09,-2.90293e+08,-4.28951e+08,0.000890915,0.000135377,1.14864e-24
0,1.9667e+09,1.40288e+07,2.84012e+08,-6.69756e+08,2.79912e+08,-5.81193e+07,-7.9705e+08,0.000989988,0.000142965,-4.53579e-28
0,2.06131e+09,6.25567e+06,3.32224e+08,6.34022e+08,2.54557e+08,-4.22279e+07,-6.41748e+08,0.000926409,0.000149311,3.34668e-27
0,1.96389e+09,5.8378e+06,3.13473e+08,-7.7509e+07,-2.14967e+08,2.54755e+08,-1.07209e+09,0.000995016,0.000158823,4.40248e-26
0,2.29464e+09,1.53778e+07,3.22818e+08,-2.91667e+09,1.36847e+08,5.77507e+07,4.32484e+07,0.000929436,0.000130756,5.61113e-26
0,2.10407e+09,2.02885e+07,2.94018e+08,-7.89244e+09,2.74656e+08,-3.6626e+08,-2.83716e+07,0.00107245,0.000149862,-4.69849e-24
0,2.06686e+09,-5.12812e+06,3.43093e+08,4.52651e+07,2.43824e+07,2.44718e+07,-3.37909e+08,0.000960329,0.000159412,-1.64037e-28
0,2.15508e+09,3.04484e+06,3.44077e+08,3.25649e+09,-1.46403e+08,4.9546e+08,-1.97445e+08,0.000957009,0.000152795,2.27688e-25
0,2.14546e+09,-2.26496e+07,3.07313e+08,-7.83845e+09,-1.86175e+09,-2.13561e+08,-7.98777e+08,0.00102718,0.000147132,-4.80176e-23
0,1.92675e+09,-5.28072e+07,3.09894e+08,-1.88729e+09,-1.71555e+09,1.38234e+08,-5.21537e+08,0.00103527,0.000166511,-5.29364e-24
0,2.17109e+09,6.04402e+07,2.90194e+08,-4.0496e+09,-2.71599e+08,4.87952e+08,2.70119e+08,0.000988792,0.000132165,9.5439e-25
0,2.19291e+09,-2.48629e+07,3.17081e+08,-4.45465e+09,-1.46826e+09,1.6866e+08,-7.57012e+08,0.00104865,0.000151628,-1.24713e-23
0,2.13009e+09,1.61065e+07,3.16997e+08,2.76317e+09,-1.53884e+09,3.43979e+08,-9.68466e+08,0.00105542,0.000157066,6.05542e-24
0,2.07835e+09,-7.30772e+06,3.2045e+08,-2.30682e+09,-5.49225e+08,3.52577e+08,-8.00524e+08,0.00100968,0.000155677,-1.2578e-24
0,1.9132e+09,-1.24846e+07,3.08543e+08,-6.18886e+08,-2.13111e+09,2.24036e+08,-9.85529e+08,0.00112528,0.000181475,-1.73786e-24
0,1.81136e+09,-3.0804e+07,2.76047e+08,-2.30191e+09,-3.7999e+08,3.62947e+08,-1.65984e+09,0.00114901,0.000175106,-4.1532e-24
0,2.09506e+09,2.59144e+07,3.25155e+08,6.28788e+09,-6.62925e+08,3.49621e+08,-8.63063e+08,0.00101354,0.000157302,2.01667e-23
0,2.24597e+09,4.47039e+07,3.21366e+08,2.71969e+09,-9.33308e+07,-5.47871e+06,-1.33157e+08,0.000906827,0.000129754,1.1577e-25
0,2.10137e+09,-3.97796e+06,3.32447e+08,1.72119e+09,1.4091e+08,-1.05748e+08,-6.17638e+08,0.000929598,0.000147067,1.80048e-25
0,2.00777e+09,-2.35009e+07,3.13698e+08,-3.5546e+09,-1.23519e+08,2.98001e+08,-9.82605e+08,0.00100245,0.000156624,-5.09958e-24
0,1.87303e+09,-5.94925e+07,3.07067e+08,-1.20137e+09,-6.25899e+08,1.93036e+08,-6.20011e+08,0.00103458,0.00016961,-4.08187e-25
0,1.97711e+09,-8.79118e+06,3.02199e+08,-4.03845e+09,-1.16236e+09,1.02936e+08,-1.16001e+09,0.00106529,0.000162828,-1.91186e-23
0,2.05081e+09,-1.81636e+07,3.16509e+08,-3.68664e+09,-2.96556e+08,2.72011e+08,-8.6232e+08,0.00100256,0.000154729,-4.88068e-24
0,1.90974e+09,-3.42576e+07,3.05361e+08,-2.96289e+09,-1.67407e+09,-3.21167e+07,-1.10072e+09,0.00112008,0.000179096,-2.21208e-23
0,2.0276e+09,-2.27647e+07,3.23807e+08,-3.20157e+09,-2.98762e+07,-1.7823e+08,-9.53268e+08,0.000980078,0.000156518,-2.96055e-24
0,2.07737e+09,4.02452e+07,3.17141e+08,-2.76445e+09,-9.02314e+08,4.78616e+08,-4.28636e+08,0.00100629,0.000153625,-2.08546e-24
0,1.86923e+09,1.88957e+07,2.97106e+08,7.75147e+09,1.40388e+09,1.67482e+08,-1.10943e+09,0.000963957,0.000153216,8.13382e-23
0,2.01596e+09,-1.57426e+07,3.21011e+08,-1.3982e+09,-4.18545e+07,-9.54466e+07,-9.93854e+08,0.000981752,0.000156329,-1.42207e-25
0,1.99122e+09,4.42676e+07,2.76118e+08,8.10422e+08,-1.60825e+09,-3.93987e+08,-1.37319e+09,0.00112877,0.000156524,-6.80859e-25
0,2.05644e+09,6.25667e+07,2.98585e+08,1.0085e+10,-7.21637e+08,3.66965e+07,-8.63677e+08,0.00100004,0.0001452,9.70991e-23
0,2.18468e+09,-4.11173e+07,3.25425e+08,-9.41864e+09,-3.57047e+08,-1.48853e+08,-6.37052e+08,0.000962385,0.000143355,-3.43817e-23
0,2.09718e+09,2.22429e+06,3.41636e+08,1.1732e+09,-1.4911e+08,2.5629e+08,-4.6647e+08,0.000966923,0.000157514,3.03409e-26
0,1.83523e+09,-6.50561e+07,3.09013e+08,-6.7791e+08,6.13383e+08,-1.95227e+06,-5.58398e+08,0.00102502,0.000172591,-3.73831e-26
0,2.00054e+09,-4.76283e+06,3.13435e+08,-2.34851e+09,-1.41577e+08,-8.90836e+07,-1.23039e+09,0.00100524,0.000157496,-1.47688e-24
0,1.95628e+09,3.4781e+06,2.88201e+08,1.04658e+09,1.02688e+09,2.68881e+07,-9.26594e+08,0.000956599,0.000140927,1.2562e-25
0,2.01248e+09,-3.54432e+07,3.20419e+08,-4.02088e+09,2.88273e+08,4.32813e+07,-8.01848e+08,0.000981872,0.000156329,-5.536e-24
0,2.24963e+09,4.17398e+07,3.2102e+08,9.39755e+08,-1.20189e+09,9.63664e+07,-1.14154e+08,0.000907852,0.000129549,1.73263e-25
0,2.0885e+09,5.90041e+07,3.20565e+08,7.0269e+09,6.75867e+08,-1.015e+08,-5.62177e+08,0.000936576,0.000143755,1.3413e-23
0,2.01762e+09,-1.33575e+07,3.17442e+08,-1.22239e+09,4.70374e+07,1.53366e+08,-1.03055e+09,0.000976182,0.000153588,-4.95601e-26
0,1.90814e+09,-5.61385e+07,3.08596e+08,-5.24389e+09,-5.98199e+08,-3.06516e+08,-9.646e+08,0.00109873,0.000177693,-3.16447e-23
0,2.01151e+09,3.88064e+07,3.23611e+08,-3.12249e+09,-1.00755e+09,5.54707e+08,-2.99726e+08,0.000992005,0.000159593,-2.99958e-24
0,1.64579e+09,1.25187e+07,1.45267e+08,7.60721e+08,2.29848e+08,-1.85035e+08,-1.9364e+08,0.0011836,0.000104471,2.29306e-26
0,1.95161e+09,-5.11193e+07,3.1249e+08,-8.32006e+09,9.98986e+08,1.83094e+08,-9.49085e+08,0.000953784,0.000152719,-5.68123e-23
0,1.93608e+09,-2.9629e+07,2.96148e+08,-2.07524e+09,1.21725e+09,3.20942e+08,-9.51574e+08,0.000946104,0.000144719,-4.38841e-25
0,1.64509e+09,-1.88514e+07,2.5913e+08,3.76853e+09,5.96622e+08,-1.45115e+08,-3.51423e+08,0.00119253,0.000187845,1.1996e-23
0,2.13952e+09,-1.20588e+07,3.16537e+08,-3.8691e+08,-1.30808e+09,-7.30059e+07,-9.91745e+08,0.00103024,0.000152422,-5.00121e-25
0,1.68318e+09,-1.87319e+07,2.87402e+08,-8.26033e+09,-3.24751e+06,-3.29746e+08,4.02451e+07,0.00102754,0.000175453,7.73577e-24
0,2.05456e+09,-2.28943e+06,3.42916e+08,7.96258e+08,-2.57128e+07,8.64459e+07,-3.64588e+08,0.000965425,0.000161134,1.23632e-26
0,1.89356e+09,-1.93529e+07,2.7725e+08,-2.98737e+09,-5.26877e+08,3.00618e+08,-1.52172e+09,0.00109542,0.000160388,-9.0676e-24
0,1.95895e+09,-3.05584e+07,3.11526e+08,-3.99567e+09,-2.24408e+08,-5.07007e+06,-1.18945e+09,0.00104003,0.000165393,-1.17962e-23
0,2.15473e+09,1.47285e+07,3.30592e+08,1.57883e+09,-1.45828e+08,7.81359e+07,-6.48799e+08,0.000940955,0.000144367,1.33762e-25
0,2.07282e+09,-5.38369e+06,3.42762e+08,-1.74608e+08,-2.24376e+07,-8.31712e+06,-3.73663e+08,0.000959358,0.00015864,5.91489e-28
0,1.94571e+09,-4.59186e+07,3.18245e+08,-2.53318e+09,-2.97418e+08,1.36147e+08,-5.40182e+08,0.000947685,0.000155006,-1.03258e-24
0,1.99167e+09,-5.69279e+06,3.24784e+08,-2.07743e+09,4.80169e+08,-6.90801e+07,-9.72799e+08,0.000956401,0.000155962,-8.326e-25
0,2.08559e+09,-1.43356e+07,2.91168e+08,1.58101e+09,-6.40377e+08,2.7439e+08,-7.37614e+08,0.00100736,0.000140637,3.61523e-25
0,2.05229e+09,-829756,3.26973e+08,5.35884e+09,1.4679e+07,1.48957e+08,-7.81762e+08,0.000949441,0.000151266,9.97303e-24
0,1.90241e+09,-2.83219e+07,2.97393e+08,-3.58074e+09,3.9529e+08,3.45362e+08,-1.24661e+09,0.0010084,0.000157638,-7.77682e-24
0,1.86559e+09,-3.771e+07,3.14222e+08,-3.09521e+08,1.10516e+09,3.80165e+08,-1.13719e+09,0.000973851,0.000164026,-1.78953e-30
0,2.07261e+09,-3.85652e+07,3.25722e+08,-3.08181e+09,5.51996e+08,-2.97066e+07,-6.73148e+08,0.000959459,0.000150784,-1.70857e-24
0,1.80587e+09,-1.78511e+07,2.62437e+08,-4.39119e+09,-1.26989e+08,-2.23346e+08,-1.54872e+09,0.00110246,0.000160215,-3.81753e-23
0,1.96628e+09,2.45522e+07,2.96672e+08,-7.74303e+09,-9.46118e+08,-2.71355e+08,-7.77129e+08,0.00102744,0.000155019,-5.26439e-23
0,2.00559e+09,-8.07623e+06,3.21931e+08,-2.74456e+09,-5.10453e+08,-1.51299e+08,-8.19167e+08,0.000968588,0.000155475,-1.70457e-24
0,2.08639e+09,3.9721e+07,3.01109e+08,7.5151e+09,-1.75485e+09,1.94998e+08,-1.2148e+09,0.00107035,0.000154474,8.73666e-23
0,1.98446e+09,-1.07135e+08,2.67507e+08,-7.52182e+09,4.90957e+07,8.82492e+08,-8.14923e+08,0.00101807,0.000137238,-4.60457e-23
0,2.12356e+09,-4.04556e+07,3.21524e+08,-6.93367e+09,-2.88424e+08,-1.06466e+08,-8.76978e+08,0.00099696,0.000150948,-2.5987e-23
0,2.10837e+09,1.12418e+07,3.24416e+08,5.57168e+09,-2.96895e+08,3.04398e+08,-7.89067e+08,0.000964035,0.000148337,9.98424e-24
0,2.05857e+09,-683159,2.88053e+08,-6.74632e+08,-1.63718e+09,2.97889e+08,-1.01306e+09,0.00106768,0.0001494,-1.24448e-25
0,2.08332e+09,4.04657e+07,3.0432e+08,3.3167e+09,-8.72197e+08,-5.7915e+08,-7.80417e+08,0.000979669,0.000143105,3.87426e-24
0,1.76711e+09,-5.36545e+06,2.71664e+08,-2.077e+09,1.0328e+09,2.70444e+08,-1.63304e+09,0.00105913,0.000162824,-2.70765e-24
0,2.07687e+09,4.02304e+06,3.15168e+08,-7.10379e+08,-5.16151e+08,-6.15122e+08,-9.54961e+08,0.00100897,0.000153113,3.95602e-26
0,2.01694e+09,-5.0357e+07,3.20625e+08,-4.76958e+09,9.04718e+08,-7.3628e+07,-8.49766e+08,0.000985679,0.000156689,-1.07913e-23
0,2.05474e+09,1.32087e+07,3.31376e+08,3.95052e+08,2.22163e+08,3.95875e+07,-7.30168e+08,0.000942158,0.000151945,-6.32345e-27
0,2.02601e+09,-1.35548e+07,3.24835e+08,-5.97316e+08,6.25113e+07,1.6425e+08,-9.01435e+08,0.000970301,0.00015557,2.61113e-26
0,2.08289e+09,-2.22271e+07,3.29172e+08,-8.02703e+09,-3.09784e+08,-1.32056e+08,-7.60205e+08,0.000977594,0.000154495,-3.49404e-23
0,1.99281e+09,-1.86846e+07,3.24591e+08,1.76953e+09,3.69082e+07,1.1496e+08,-5.4789e+08,0.000975346,0.000158865,3.08954e-25
0,1.93718e+09,1.15132e+07,3.09125e+08,-1.53593e+09,-1.48319e+09,-3.80646e+07,6.2304e+08,0.0009085,0.000144974,-1.38964e-25
0,1.99942e+09,-7.98832e+06,3.06272e+08,2.13794e+09,8.28216e+08,2.75283e+08,-8.58347e+08,0.00095671,0.00014655,1.19523e-24
0,1.85859e+09,5.82806e+06,2.96759e+08,1.40052e+10,-9.52471e+08,1.71907e+08,-3.53081e+08,0.000997156,0.000159214,1.61566e-22
0,2.20786e+09,1.0582e+07,3.29232e+08,2.66457e+09,-9.76553e+08,2.7201e+08,-6.71174e+08,0.000995181,0.000148399,1.2532e-24
0,1.79422e+09,-4.80949e+06,2.85554e+08,-9.52591e+08,5.51431e+08,3.91851e+07,-1.65038e+09,0.00106574,0.000169614,5.09777e-25
0,2.07999e+09,-2.69329e+06,3.30429e+08,2.09923e+09,-4.30199e+08,2.57765e+08,-8.01039e+08,0.00100081,0.000158989,6.07893e-25
0,2.11017e+09,-5.10209e+07,2.97797e+08,-4.24391e+09,-6.18496e+08,2.83946e+08,-6.42533e+08,0.000992155,0.000140017,-5.50712e-24
0,1.99975e+09,-4.22065e+07,2.71411e+08,-2.09561e+09,2.87799e+08,6.04146e+08,4.57297e+07,0.000980999,0.000133144,1.77494e-25
0,2.09503e+09,7.65307e+06,3.36357e+08,1.49755e+09,-2.13263e+08,4.81794e+07,-6.32503e+08,0.000978891,0.000157161,1.64377e-25
0,2.11666e+09,-1.97825e+07,3.16959e+08,-4.07604e+09,-1.70123e+09,-1.79405e+08,-9.78957e+08,0.00110296,0.000165162,-1.9494e-23
0,2.00742e+09,-2.66502e+07,3.21771e+08,2.15819e+09,4.69618e+08,-6.91712e+07,-6.30426e+08,0.000983382,0.000157627,6.55375e-25
0,2.15636e+09,-2.9515e+07,3.34296e+08,-6.52461e+09,-5.62629e+07,-4.1472e+08,-5.5676e+08,0.000931756,0.000144448,-8.93249e-24
0,2.07023e+09,-4.86047e+06,3.42186e+08,-3.3337e+08,-4.84744e+06,3.77136e+07,-4.26092e+08,0.000956936,0.000158171,8.95312e-28
0,2.29442e+09,-858628,3.22946e+08,4.90801e+09,1.64854e+08,-6.72407e+07,2.26771e+07,0.00092102,0.000129636,-1.46361e-25
0,2.0831e+09,-1.8003e+07,3.09494e+08,-1.06717e+09,-5.49115e+08,5.59045e+07,-9.90157e+08,0.000998786,0.000148393,-1.36135e-25
0,2.09427e+09,5.27411e+06,3.3447e+08,4.97142e+08,-4.00953e+08,1.87144e+08,-7.31417e+08,0.00100694,0.000160815,2.77762e-26
0,1.83793e+09,7.15649e+06,2.58337e+08,-8.21862e+09,-1.35533e+09,-1.14145e+08,7.04521e+08,0.001106,0.000155458,1.29731e-22
0,1.86135e+09,6.19159e+07,3.18566e+08,-5.35483e+09,-9.32186e+08,-8.75761e+06,-5.3801e+08,0.000995075,0.000170305,-1.69962e-23
0,2.16141e+09,1.89476e+07,3.06964e+08,4.24209e+08,-1.64853e+09,-2.00398e+08,-7.56684e+08,0.00102576,0.000145679,5.6015e-26
0,2.16236e+09,2.22914e+06,3.25434e+08,-7.27593e+08,-9.73398e+08,2.61284e+08,-7.85682e+08,0.000996772,0.000150014,-5.2671e-26
0,2.16274e+09,3.57282e+07,3.2246e+08,8.0333e+09,-6.32161e+08,2.62396e+08,-5.99104e+08,0.000942252,0.000140488,1.78431e-23
0,1.99772e+09,1.25188e+07,3.0552e+08,-4.74606e+09,4.67066e+08,-2.62426e+08,-1.10786e+09,0.000966207,0.000147766,-1.29577e-23
0,1.82478e+09,-1.86583e+07,2.65693e+08,-6.62115e+08,1.18027e+09,1.57027e+08,-1.19136e+09,0.001029,0.000149825,-3.52658e-26
0,2.05088e+09,-4.55562e+07,3.14337e+08,-8.10339e+09,-9.35015e+08,-3.41384e+08,-1.06368e+09,0.00106249,0.000162848,-7.82997e-23
0,1.96077e+09,-1.58048e+07,3.2301e+08,2.62217e+09,1.13739e+09,-1.08165e+07,-6.12159e+08,0.00097288,0.000160269,1.04729e-24
0,1.8537e+09,8.77108e+06,3.11768e+08,-6.47169e+08,4.89664e+07,-1.65269e+08,-1.03142e+09,0.000968796,0.000162939,7.75628e-26
0,2.11684e+09,4.31599e+07,3.2711e+08,7.27664e+09,2.15556e+08,3.60196e+08,-5.75626e+08,0.000921664,0.000142423,1.45644e-23
0,2.08536e+09,-1.1763e+07,3.28792e+08,-1.35322e+09,-2.60267e+07,-1.49836e+08,-7.90054e+08,0.000956331,0.000150782,-9.70931e-26
0,2.18868e+09,4.24624e+07,3.07258e+08,8.33213e+09,-8.25152e+08,-6.41775e+07,-5.55739e+08,0.000963786,0.000135301,2.31378e-23
0,1.94238e+09,2.25709e+07,2.7763e+08,-7.40666e+09,-1.0762e+09,-2.58625e+08,4.78088e+08,0.000998671,0.000142743,3.38191e-23
0,1.91749e+09,-1.50347e+07,3.10071e+08,-1.13853e+09,-3.94452e+08,-1.30186e+08,-1.31472e+09,0.00106871,0.000172818,-6.70333e-26
0,2.14297e+09,-7.3317e+06,3.04783e+08,-3.64803e+09,-1.67e+09,-1.42959e+08,-7.91388e+08,0.0010162,0.000144529,-8.49904e-24
0,1.84126e+09,3.63515e+07,2.83327e+08,1.29117e+09,-7.22847e+08,-3.39973e+08,-1.44259e+09,0.00109257,0.000168122,-5.83988e-26
0,2.09218e+09,4.6291e+07,2.99623e+08,4.84009e+09,-4.089e+08,1.54726e+07,-7.62782e+08,0.00096721,0.000138515,7.30027e-24
0,1.83244e+09,-5.26752e+07,3.13461e+08,3.584e+09,-4.43142e+08,3.55438e+08,-6.38734e+08,0.000949502,0.000162424,3.39743e-24
0,2.1104e+09,-3.69619e+06,3.30405e+08,8.12635e+08,-2.72859e+08,-1.16791e+08,-7.33136e+08,0.000961659,0.000150557,1.31075e-26
0,1.76241e+09,5.8305e+07,3.16603e+08,-2.275e+08,7.0408e+08,-8.79778e+08,-7.99711e+08,0.000965358,0.000173419,-1.48836e-25
0,2.03496e+09,-2.23768e+07,3.22244e+08,-6.16307e+09,-5.83602e+08,-6.35685e+08,-7.05765e+08,0.000954838,0.000151202,-1.04362e-23
0,2.07567e+09,1.34424e+06,3.33082e+08,1.50015e+09,-2.37734e+08,-1.89453e+07,-7.83407e+08,0.00097973,0.000157217,2.0405e-25
0,1.97049e+09,2.25252e+07,3.10607e+08,-7.91103e+08,6.59895e+08,-3.09749e+08,-1.20551e+09,0.00100225,0.000157984,-2.94863e-26
0,1.98303e+09,5.40491e+06,2.79994e+08,-4.26757e+08,-3.13006e+08,6.99975e+06,3.32415e+08,0.0010284,0.000145205,3.67697e-27
0,2.02616e+09,4.78326e+06,3.08935e+08,-4.47878e+09,6.03494e+08,8.54147e+07,-6.88393e+08,0.000923881,0.000140867,-4.63089e-24
0,2.05658e+09,1.67939e+07,3.25342e+08,6.27949e+09,-2.08628e+08,5.86939e+07,-7.7277e+08,0.000953369,0.000150819,1.60739e-23
0,2.05567e+09,-3.92123e+06,3.42337e+08,-3.55912e+08,-2.31031e+07,-2.44909e+06,-4.24163e+08,0.000970333,0.000161592,7.2902e-28
0,2.05564e+09,963745,2.78428e+08,-7.13653e+09,8.82449e+08,4.59771e+07,-2.55433e+08,0.00101985,0.000138134,-9.74905e-24
0,1.88222e+09,-6.34899e+06,3.05989e+08,-1.59227e+09,-4.90874e+08,-1.2144e+08,-1.40864e+09,0.00105482,0.00017148,-7.18547e-25
0,1.97293e+09,-5.17151e+07,3.14506e+08,-9.86219e+09,1.61117e+06,2.69828e+08,-1.02598e+09,0.0010064,0.000160431,-1.34176e-22
0,2.14814e+09,8.03541e+06,2.96367e+08,7.87627e+09,8.9828e+08,3.82926e+06,3.79282e+08,0.000988054,0.000136316,-1.67094e-23
0,2.14e+09,-3.0748e+07,3.26887e+08,-7.86071e+09,-4.44561e+08,-3.55874e+08,-7.0183e+08,0.00097737,0.000149295,-2.4581e-23
0,2.02487e+09,-1.29403e+07,3.1901e+08,-1.17908e+09,-1.54784e+08,2.31171e+08,-7.70233e+08,0.000958835,0.00015106,-6.43613e-26
0,2.05091e+09,378693,3.35901e+08,8.315e+08,-2.83961e+08,3.54892e+07,-6.66826e+08,0.000976452,0.000159925,3.04779e-26
0,2.05656e+09,-4.85256e+06,3.42772e+08,3.12912e+08,4.36983e+07,6.06717e+07,-3.72433e+08,0.000955164,0.0001592,-4.61735e-28
0,1.88636e+09,-8.43112e+06,3.10837e+08,-1.41723e+09,-1.3904e+08,1.46518e+07,-1.35086e+09,0.00104983,0.000172992,-9.98619e-26
0,1.91204e+09,-9.21097e+06,2.81882e+08,-1.06082e+09,-1.3051e+08,1.61856e+08,-1.16682e+09,0.00102324,0.00015085,6.44574e-26
0,2.12582e+09,6.16134e+07,3.05148e+08,1.00781e+10,-1.89495e+08,-2.13943e+08,-5.92915e+08,0.000964917,0.000138508,4.75175e-23
0,1.59729e+09,2.45939e+07,1.26298e+08,2.0988e+09,4.15592e+07,-3.44195e+08,-1.76139e+08,0.00124717,9.86135e-05,1.59054e-24
0,2.02238e+09,-3.18606e+07,3.24911e+08,-7.3923e+09,5.74337e+08,-3.19338e+08,-7.80818e+08,0.000939698,0.000150969,-2.99485e-23
0,1.87315e+09,-4.13686e+07,3.18137e+08,-8.57794e+09,9.85121e+08,-1.8441e+08,-9.17667e+08,0.000966119,0.000164087,-9.0538e-23
0,1.90448e+09,4.89869e+06,3.08465e+08,7.38093e+08,-6.62783e+08,5.55206e+08,-8.13718e+08,0.001035,0.000167636,1.66298e-25
0,1.94518e+09,-4.78314e+06,3.16049e+08,4.79392e+09,1.3466e+09,-1.9562e+08,-3.47983e+08,0.000962445,0.000156376,9.12313e-25
0,2.1004e+09,1.72874e+07,3.19155e+08,1.51281e+09,-1.0075e+09,-5.67053e+08,-8.42143e+08,0.00101316,0.00015395,3.89998e-25
0,2.17086e+09,-3.26218e+06,3.20141e+08,-6.65568e+08,-1.1306e+09,2.71891e+08,-7.60937e+08,0.00099923,0.000147358,-4.61698e-26
0,1.94229e+09,-2.35141e+07,3.17374e+08,-1.01822e+09,8.82137e+08,1.38076e+08,-1.04479e+09,0.00095044,0.000155304,-7.83984e-26
0,2.06375e+09,4.42594e+06,3.33285e+08,9.35995e+08,-3.28596e+08,2.22448e+08,-7.84239e+08,0.000984697,0.000159024,3.4313e-26
0,2.16323e+09,767267,2.93407e+08,-2.81934e+09,-4.49631e+08,-2.07223e+08,-5.71271e+08,0.000983996,0.000133463,-8.78608e-25
0,1.9241e+09,5.9716e+06,3.13132e+08,3.04864e+09,-1.02192e+08,-3.99505e+08,-1.00712e+09,0.00100877,0.000164169,3.94396e-24
0,2.22221e+09,2.73776e+07,2.95756e+08,2.50217e+09,3.36271e+08,1.48106e+08,2.76426e+08,0.00100799,0.000134154,-2.81256e-25
0,2.05966e+09,1.2441e+07,3.13132e+08,2.52065e+09,-7.5941e+08,4.00314e+08,-9.99421e+08,0.00101001,0.000153553,1.56042e-24
0,1.95932e+09,-2.23771e+07,2.86008e+08,-1.88895e+09,-9.88318e+08,-1.55985e+08,6.50663e+08,0.00104511,0.000152558,9.68325e-25
0,2.26944e+09,-3.46139e+06,3.33055e+08,-6.6584e+08,-1.13089e+09,-1.6713e+06,-5.2192e+08,0.000999163,0.000146634,-2.20455e-25
0,1.87875e+09,-1.86513e+07,2.96562e+08,-1.03908e+09,5.09627e+08,2.05637e+08,-1.4857e+09,0.0010316,0.000162838,1.80055e-25
0,1.85634e+09,-1.59595e+06,2.7906e+08,-5.27506e+08,-6.48477e+08,4.38701e+07,-1.48307e+09,0.00110638,0.000166319,1.80617e-25
0,2.0717e+09,-3.40526e+07,3.22144e+08,2.5853e+09,7.8559e+08,-2.16491e+08,-3.80369e+08,0.00103266,0.000160576,3.48878e-25
0,2.14437e+09,-2.75498e+06,3.33501e+08,4.48108e+09,-7.89844e+06,6.55151e+07,-5.94119e+08,0.000934306,0.000145307,3.29445e-24
0,2.08188e+09,1.23339e+07,3.27576e+08,9.97292e+08,-1.30874e+08,3.1045e+07,-8.23709e+08,0.000959304,0.000150943,2.51057e-26
0,1.99945e+09,-1.61288e+07,3.17675e+08,7.4868e+07,2.10376e+08,2.43926e+08,-9.24113e+08,0.000961587,0.000152778,-1.57304e-26
0,2.21768e+09,2.44073e+07,3.05152e+08,5.55507e+09,-1.86135e+09,-613369,-5.9475e+08,0.00101453,0.000139599,1.65792e-23
0,2.05228e+09,-2.95191e+06,3.36083e+08,2.9306e+08,-3.42663e+08,1.20158e+08,-6.69304e+08,0.000988197,0.000161828,1.20352e-26
0,1.9651e+09,659996,3.16456e+08,3.72611e+09,-7.92124e+08,-5.06247e+08,-7.92964e+08,0.00102203,0.000164585,8.49553e-24
0,2.04971e+09,9.88744e+06,3.2018e+08,7.90897e+08,-4.27218e+08,2.94575e+08,-9.47722e+08,0.000993614,0.00015521,3.79788e-26
0,2.03225e+09,-3.98512e+06,3.39868e+08,-8.25153e+07,-3.12062e+08,-8.83966e+07,2.38885e+08,0.000963522,0.000161137,8.95984e-29
0,1.96442e+09,-4.52342e+07,3.10907e+08,-5.0915e+09,1.16561e+09,6.12945e+08,-7.04717e+08,0.000913396,0.000144562,-3.77954e-24
0,2.30088e+09,2.22969e+07,3.29113e+08,3.67813e+08,-1.76443e+07,1.6905e+08,-9.00694e+07,0.000928215,0.00013277,-8.28158e-29
0,1.81691e+09,1.29483e+07,2.79949e+08,-1.0002e+09,-2.96833e+08,-2.28409e+07,-1.49864e+09,0.00111122,0.000171216,4.71164e-25
0,1.84619e+09,7.54602e+06,2.75347e+08,-6.99093e+08,-8.90453e+08,-5.23069e+08,8.76279e+08,0.00110517,0.000164829,5.0188e-25
0,1.85278e+09,1.19245e+07,2.86225e+08,6.75896e+08,3.14179e+08,1.57921e+08,-1.25648e+09,0.00101844,0.000157333,-1.69688e-25
0,2.23271e+09,1.15805e+06,3.3776e+08,3.57947e+09,-4.70444e+08,5.52638e+07,-4.41858e+08,0.000947232,0.000143295,1.14194e-24
0,2.1296e+09,-2.41028e+07,3.28196e+08,-4.64055e+09,-7.96479e+08,-1.2302e+08,-5.41988e+08,0.000927294,0.000142907,-3.54637e-24
0,1.85619e+09,-4.10479e+07,2.99929e+08,-5.50563e+09,-1.34153e+09,-2.35791e+08,-1.80249e+07,0.000997671,0.000161206,-1.04861e-25
0,2.14139e+09,3.51099e+07,3.13968e+08,5.18626e+09,3.48402e+08,1.96029e+08,-3.18813e+08,0.00100807,0.000147801,4.64307e-24
0,2.00684e+09,-3.06934e+07,3.17457e+08,-4.14061e+09,3.75418e+08,2.38179e+08,-8.90815e+08,0.000962004,0.000152177,-5.75238e-24
0,2.13624e+09,-7.19968e+06,3.2526e+08,-3.67953e+09,-1.10075e+09,-7.05544e+08,-6.14057e+08,0.000998276,0.000151996,-5.35821e-25
0,2.02612e+09,-1.58592e+07,3.3176e+08,5.68565e+08,5.6703e+07,-7.00389e+07,-7.33128e+08,0.000957254,0.000156742,-8.34422e-27
0,2.04645e+09,1.08564e+07,3.10535e+08,4.07294e+09,-8.61831e+08,-5.7911e+07,-1.01475e+09,0.000998414,0.000151502,8.90856e-24
0,2.11759e+09,-2.44412e+07,3.04915e+08,-6.81959e+09,-5.67498e+08,2.52426e+08,-8.30881e+08,0.000965954,0.000139089,-2.2453e-23
0,1.83152e+09,4.60235e+06,2.90754e+08,1.99321e+09,5.89384e+08,1.35725e+08,-1.30355e+09,0.00102027,0.000161968,1.84839e-24
0,1.87786e+09,-1.67247e+07,2.7137e+08,-1.66414e+09,-6.19078e+08,-1.85383e+07,-1.45016e+09,0.0011071,0.000159987,-1.48712e-24
0,2.1592e+09,1.51352e+07,3.30224e+08,-7.89748e+09,-6.75471e+08,-1.3363e+08,-2.10708e+08,0.000976319,0.000149316,-7.07036e-24
0,2.06694e+09,-4.41353e+06,3.42514e+08,6.09816e+08,-3.0873e+07,1.01278e+08,-3.97256e+08,0.000963303,0.00015963,3.63077e-27
0,1.72779e+09,-3.4435e+07,2.58904e+08,1.02874e+10,8.45304e+08,2.98135e+08,-9.48172e+08,0.00105324,0.000157825,3.75098e-22
0,1.95685e+09,-1.46857e+07,3.21298e+08,-1.64891e+09,4.77022e+08,2.61642e+08,-5.91172e+08,0.00092155,0.00015131,-1.59589e-25
0,1.92025e+09,-1.22731e+07,2.88665e+08,-5.31507e+09,-2.06499e+09,-3.11951e+08,4.0507e+08,0.00099069,0.000148927,7.25449e-24
0,2.05977e+09,-9.59071e+06,3.29826e+08,7.89551e+08,1.44135e+07,1.69618e+08,-7.68055e+08,0.000958804,0.000153531,-3.19762e-27
0,2.10144e+09,-1.64901e+07,3.3424e+08,-2.66233e+09,-3.38191e+08,-1.98003e+08,-7.21143e+08,0.000990206,0.000157496,-1.09826e-24
0,2.09279e+09,3.23285e+07,3.28385e+08,8.38318e+09,-2.98569e+07,4.71317e+08,-7.82038e+08,0.00094942,0.000148976,3.4507e-23
0,2.20407e+09,-1.44198e+07,3.25396e+08,-6.50085e+09,-1.3295e+09,-5.09339e+08,-5.79161e+08,0.000988313,0.000145909,-8.18322e-24
0,1.94693e+09,-1.84341e+07,3.09736e+08,-5.3593e+08,6.0607e+08,5.00843e+08,-1.14048e+09,0.000993994,0.000158134,1.37328e-26
0,2.09581e+09,-1.88882e+06,3.31307e+08,1.04103e+09,-8.97021e+07,-1.97491e+08,-7.1026e+08,0.000964104,0.000152406,3.09732e-26
0,2.14118e+09,-1.10552e+07,3.20707e+08,-1.95418e+09,-1.43284e+09,-5.61289e+08,-5.37126e+08,0.00104519,0.000156549,-1.61654e-24
0,1.86727e+09,4.27274e+07,3.07469e+08,5.91478e+09,1.41731e+09,-4.42283e+08,-1.04671e+09,0.000950151,0.000156454,2.10037e-23
0,1.8193e+09,-3.62977e+07,2.66281e+08,-1.57607e+09,-3.16589e+07,3.65538e+08,-1.43775e+09,0.00107652,0.000157564,-4.63067e-26
0,2.22563e+09,-2.99869e+07,3.06514e+08,-5.92908e+09,-1.63206e+09,1.56186e+08,-5.82137e+08,0.000997298,0.000137348,-1.59548e-23
0,2.02173e+09,9.94432e+06,3.24865e+08,-8.12369e+09,-1.03644e+09,-8.45855e+07,-3.14248e+08,0.000947803,0.000152299,-1.60545e-23
0,2.10397e+09,2.68663e+07,3.09832e+08,5.42504e+09,9.65622e+07,1.09734e+08,-7.35988e+08,0.000947462,0.000139524,8.61223e-24
0,1.53706e+09,1.49564e+07,1.23022e+08,6.70034e+08,-8.56704e+07,-2.31739e+08,-5.15081e+08,0.00129828,0.00010391,3.26459e-26
0,2.29329e+09,1.52389e+07,3.36046e+08,-3.5967e+09,-4.61474e+08,5.90778e+07,-3.83775e+07,0.000910046,0.000133353,-1.41007e-25
0,2.08318e+09,1.74437e+07,3.09055e+08,-5.20132e+09,-5.90284e+08,-4.38318e+08,2.39234e+08,0.000905451,0.000134331,3.51138e-24
0,2.12926e+09,1.81659e+07,3.18396e+08,4.53194e+09,-9.34275e+08,1.54738e+08,-7.10351e+08,0.00096493,0.000144289,5.48365e-24
0,2.07236e+09,-2.66749e+07,3.23744e+08,-1.68518e+09,2.07885e+08,1.23053e+08,-8.28257e+08,0.000999296,0.00015611,-3.06464e-25
0,2.15985e+09,-6.14385e+06,3.29592e+08,-545253,-4.15757e+08,-1.76799e+08,-7.05896e+08,0.000969152,0.000147892,-1.91179e-26
0,1.8851e+09,-3.36688e+07,3.06793e+08,-3.37418e+09,9.3992e+07,8.74574e+07,-1.42432e+09,0.00102043,0.000166072,-8.32093e-24
0,1.84232e+09,4.44999e+07,3.02311e+08,7.87606e+09,1.55954e+09,-2.8013e+08,-1.1829e+09,0.000951095,0.000156068,7.26845e-23
0,1.81846e+09,-2.61392e+07,2.72651e+08,-1.65026e+09,1.95544e+08,5.2175e+08,-1.41238e+09,0.00107548,0.000161252,-1.45261e-25
0,2.02161e+09,-1.55484e+07,3.23003e+08,5.06627e+08,4.97515e+08,1.96677e+08,-8.89841e+08,0.000960403,0.000153449,2.79904e-28
0,2.1671e+09,-1.34359e+07,3.26848e+08,-8.89957e+09,-1.09324e+09,-3.84134e+08,-5.38013e+08,0.000972239,0.000146635,-2.25988e-23
0,1.82505e+09,-2.19705e+06,3.17422e+08,-5.25422e+09,-1.57308e+09,-2.45584e+08,-2.29959e+08,0.000907888,0.000157904,-6.29435e-24
0,2.04629e+09,1.23798e+07,3.06594e+08,7.73207e+09,5.64722e+08,2.65636e+08,-8.98073e+08,0.00096567,0.000144686,4.12527e-23
0,2.05874e+09,-3.76639e+06,3.42106e+08,-8.95448e+07,2.52607e+07,-90716.6,-4.43765e+08,0.000965051,0.000160365,6.73066e-28
0,2.09349e+09,3.66116e+07,3.12307e+08,3.60461e+09,-4.47357e+08,1.88678e+08,-8.22896e+08,0.000967031,0.000144262,2.97755e-24
0,2.07727e+09,-2.03023e+07,3.27223e+08,-2.77046e+09,4.47927e+08,2.08829e+08,-7.0587e+08,0.000992771,0.000156386,-1.26152e-24
0,2.22234e+09,-9.0597e+06,3.35111e+08,-4.98288e+09,-6.26966e+08,-7.13291e+07,-5.12222e+08,0.000941042,0.000141901,-3.53292e-24
0,2.11793e+09,-4.66469e+07,3.16871e+08,-6.47982e+09,-5.82034e+08,-2.86659e+08,-7.62708e+08,0.000986806,0.00014764,-1.65963e-23
0,1.91999e+09,5.46387e+07,3.04381e+08,1.07029e+10,5.52098e+08,-1.01672e+08,-1.10286e+09,0.000987999,0.000156629,1.9134e-22
0,2.0179e+09,-3.21357e+06,3.30501e+08,6.67462e+07,5.87598e+08,1.84282e+08,-7.00515e+08,0.000952636,0.000156027,1.32181e-28
0,1.97352e+09,-2.35553e+06,2.90286e+08,3.689e+08,-1.14056e+09,3.01051e+08,-1.18252e+09,0.00105435,0.000155086,1.24655e-24
0,2.11863e+09,-3.96692e+07,3.2702e+08,-4.73684e+09,1.30799e+08,-1.91966e+08,-8.19498e+08,0.000958354,0.000147926,-6.51677e-24
0,1.80717e+09,5.00365e+07,2.76157e+08,8.18308e+09,1.91142e+09,-1.65577e+08,-1.09744e+09,0.00112823,0.000172408,1.94824e-22
0,1.78685e+09,6.26417e+06,3.01049e+08,-4.62624e+09,1.102e+08,4.27671e+08,-8.45801e+08,0.00102909,0.000173382,-1.94255e-23
0,2.32477e+09,1.10987e+07,3.30659e+08,2.54007e+09,-1.08193e+09,-8.92896e+07,-2.80962e+08,0.000921443,0.00013106,5.74187e-25
0,2.0209e+09,5.1587e+07,3.05125e+08,2.854e+09,2.24252e+08,5.24609e+07,-9.35299e+08,0.000980298,0.00014801,2.14904e-24
0,1.91227e+09,6.77649e+07,3.06529e+08,9.17487e+09,1.76791e+09,-6.93205e+08,-8.69354e+08,0.00092877,0.000148878,3.96056e-23
0,2.1811e+09,5.28172e+06,2.7225e+08,-2.20183e+09,1.14059e+09,-1.36294e+08,3.71954e+08,0.00102562,0.00012802,1.10885e-24
0,2.13696e+09,5.50361e+07,3.18573e+08,1.25347e+10,-2.87306e+08,1.6492e+08,-6.81789e+08,0.000962316,0.00014346,9.76286e-23
0,1.96542e+09,-1.60979e+07,3.18727e+08,-1.5672e+09,6.61368e+07,-5.41166e+07,-1.16345e+09,0.000999766,0.000162129,-2.76844e-25
0,2.32277e+09,9.8085e+06,3.332e+08,-5.32126e+08,4.48416e+08,1.50025e+08,5.43813e+07,0.000904934,0.000129812,3.53206e-27
0,1.87932e+09,4.30095e+07,2.67806e+08,6.76134e+09,1.03387e+09,-3.3296e+08,-1.11417e+09,0.00118162,0.000168382,1.17581e-22
0,1.76347e+09,1.99578e+07,2.99065e+08,-2.28059e+09,-6.24247e+07,3.79429e+08,-9.269e+08,0.00100975,0.000171243,-2.11236e-24
0,2.05164e+09,3.19403e+06,3.30958e+08,1.20421e+09,9.13441e+07,2.40881e+08,-7.55491e+08,0.000970497,0.000156555,7.1073e-26
0,2.06044e+09,2.89881e+07,3.1727e+08,1.50935e+09,-2.73347e+08,1.44303e+08,-1.08734e+09,0.00100515,0.000154776,2.22628e-25
0,2.07322e+09,5.49009e+07,3.05935e+08,1.06493e+10,2.52089e+08,-5.00101e+08,-7.95622e+08,0.000968208,0.000142874,8.10147e-23
0,2.14641e+09,-2.19315e+07,2.98e+08,-2.6913e+09,9.63887e+08,3.39733e+08,-3.08277e+08,0.000901741,0.000125194,9.68784e-26
0,1.95694e+09,-3.11791e+07,3.06072e+08,-2.80821e+09,1.49338e+09,3.91232e+08,-8.06197e+08,0.000908006,0.000142015,-2.12411e-25
0,2.05501e+09,1.82558e+06,3.41883e+08,2.00322e+09,-1.7399e+08,1.15359e+08,-7.80127e+07,0.00096633,0.000160764,3.57322e-26
0,2.04319e+09,-288687,3.19894e+08,1.09444e+09,1.17238e+08,2.77046e+08,-1.02521e+09,0.000975163,0.000152677,8.29278e-28
0,2.19607e+09,4.62338e+07,3.14118e+08,1.08588e+10,-1.20973e+09,1.50351e+07,-7.14461e+08,0.000993167,0.000142059,7.39386e-23
0,1.97222e+09,-2.18184e+07,3.09327e+08,-3.98928e+09,-4.21878e+08,3.28367e+08,-1.17712e+09,0.001025,0.000160763,-1.12847e-23
0,2.0032e+09,-1.12323e+07,3.23166e+08,-3.69168e+09,2.39422e+08,-4.59817e+08,-1.03005e+09,0.00096508,0.000155692,-5.31689e-24
0,2.05785e+09,-3.10348e+06,3.409e+08,-1.09253e+08,3.88864e+07,1.85221e+07,-5.35761e+08,0.000963649,0.000159636,1.38599e-27
0,1.97041e+09,2.76921e+07,2.77658e+08,3.26262e+09,-9.6834e+07,-3.31909e+08,-1.03341e+09,0.00121147,0.000170712,1.12653e-23
0,1.95924e+09,5.8582e+07,2.96139e+08,1.23276e+10,5.80782e+08,-1.30507e+08,-1.10212e+09,0.000984641,0.000148828,2.5938e-22
0,2.27921e+09,2.4841e+07,3.25091e+08,-4.502e+09,-2.45879e+08,1.83773e+08,8.41759e+07,0.00091478,0.000130478,2.10444e-25
0,1.851e+09,1.70219e+07,3.12826e+08,2.00353e+09,1.00962e+09,7.43712e+07,-1.37146e+09,0.000999076,0.000168848,2.02241e-24
0,1.8009e+09,1.83297e+07,3.10118e+08,-1.75623e+08,-6.14522e+08,1.96737e+08,-8.96271e+08,0.0010077,0.000173527,1.52285e-25
0,2.14113e+09,6.42104e+07,2.99591e+08,-2.00549e+09,-2.37103e+09,3.08254e+08,-7.5991e+07,0.00100783,0.000141017,-4.60207e-24
0,2.05101e+09,-5.01074e+06,3.41703e+08,9.12047e+07,-7.60538e+06,8.49506e+07,-4.22927e+08,0.000968253,0.000161313,-7.1528e-28
0,1.98815e+09,-3.76749e+07,2.85537e+08,-3.42548e+09,-7.2702e+08,5.29252e+07,-1.16643e+09,0.00107747,0.000154745,-9.58952e-24
0,2.06731e+09,2.29881e+07,3.08254e+08,5.41047e+09,-2.20872e+09,4.67902e+08,-9.20875e+08,0.00110726,0.000165102,4.42379e-23
0,2.14624e+09,5.35065e+07,3.0907e+08,1.00316e+10,-9.68638e+08,-1.87657e+08,-7.32769e+08,0.00100242,0.000144355,7.33665e-23
0,2.12085e+09,-1.13988e+07,3.38332e+08,-4.82237e+09,2.51373e+07,-8.60326e+07,-4.80471e+08,0.000927168,0.000147908,-3.41421e-24
0,1.87332e+09,-1.84539e+07,2.84538e+08,1.48419e+09,4.20299e+08,5.50263e+08,-1.3153e+09,0.00103673,0.000157469,3.82402e-25
0,1.89022e+09,2.79125e+07,3.17246e+08,-3.76542e+09,-6.54792e+08,9.15127e+06,-7.01876e+08,0.000952325,0.000159834,-5.44094e-24
0,2.05648e+09,2.31215e+07,3.15881e+08,1.492e+09,1.16347e+08,-3.40639e+08,-8.62621e+08,0.000971209,0.00014918,1.39422e-25
0,1.87093e+09,4.62933e+07,2.99978e+08,3.24038e+09,1.3393e+09,-2.46914e+08,-1.43081e+09,0.001014,0.00016258,7.27322e-24
0,2.12549e+09,4.23529e+07,3.14318e+08,7.41999e+09,-1.03868e+09,2.41113e+08,-8.43888e+08,0.00100512,0.000148637,3.16522e-23
0,2.02814e+09,4.1631e+07,3.01878e+08,7.09462e+09,2.51453e+09,-1.13682e+08,-6.10845e+08,0.000965765,0.000143749,3.3564e-24
0,2.07796e+09,1.81514e+06,3.07177e+08,1.30561e+08,-2.34144e+09,2.77044e+08,-1.03478e+09,0.00111499,0.000164824,4.84222e-24
0,1.79124e+09,-4.88815e+07,3.0208e+08,2.85753e+09,-6.37896e+08,7.25479e+08,-7.01786e+08,0.00100115,0.000168837,6.20848e-26
0,1.82596e+09,-4.10958e+07,3.10884e+08,-1.45303e+09,1.18504e+09,3.3429e+08,-1.22359e+09,0.000986823,0.000168015,-3.23777e-25
0,2.09525e+09,-4.29327e+06,3.264e+08,1.40232e+09,-4.22708e+08,2.0882e+07,-8.80494e+08,0.000970505,0.000151186,1.99077e-25
0,2.06486e+09,1.42037e+07,2.94399e+08,-2.83406e+09,-6.06204e+08,-4.49418e+08,3.32957e+08,0.000921693,0.000131411,1.0895e-24
0,1.80935e+09,203597,3.10373e+08,1.18894e+09,6.18752e+07,-3.93453e+08,-9.65513e+08,0.000992115,0.000170186,3.23404e-26
0,2.10096e+09,-9.45879e+06,3.04184e+08,-3.9487e+09,-2.54698e+09,1.15934e+08,-1.26877e+08,0.000994342,0.000143964,-1.46941e-23
0,1.93091e+09,4.13132e+07,3.04762e+08,3.7815e+09,5.33602e+08,-3.66175e+08,-1.34894e+09,0.00104373,0.000164735,1.07983e-23
0,2.0805e+09,-3.22521e+07,3.22728e+08,-3.30091e+09,-2.27421e+08,-2.35785e+08,-9.54185e+08,0.000980633,0.000152117,-2.76198e-24
0,1.71519e+09,8.47476e+07,2.97547e+08,4.53313e+09,1.16553e+09,-8.57056e+08,-1.04258e+09,0.00093873,0.000162849,9.2978e-24
0,1.8761e+09,-3.13053e+07,3.18544e+08,5.58547e+09,-5.82223e+08,-1.77668e+08,-3.5911e+08,0.000889188,0.000150975,7.1916e-24
0,2.10411e+09,-1.57945e+06,3.30807e+08,-1.2879e+08,-5.54329e+08,-2.44598e+07,-8.51582e+08,0.000994162,0.000156302,-1.37973e-26
0,2.11707e+09,-8.41555e+06,3.15402e+08,-3.0656e+09,-1.48807e+09,-1.9956e+08,-1.01926e+09,0.0010451,0.000155699,-7.36336e-24
0,1.91805e+09,-2.14174e+07,3.12461e+08,2.34102e+09,-1.18686e+06,6.53352e+08,-1.1634e+09,0.0010268,0.000167272,1.24609e-24
0,1.82475e+09,-1.39545e+07,3.0549e+08,3.55322e+09,-4.62183e+07,-2.66062e+08,-9.9571e+08,0.00100549,0.000168333,8.29631e-24
0,2.13672e+09,629522,3.10068e+08,6.9073e+09,5.97519e+08,-1.22617e+08,-4.71931e+08,0.00101558,0.000147374,1.4077e-23
0,2.01531e+09,-7.1543e+07,2.87297e+08,-8.04879e+09,1.93696e+08,4.24624e+08,-9.44844e+08,0.000993123,0.000141577,-5.44531e-23
0,2.05983e+09,-2.52945e+06,3.42988e+08,-4.17144e+08,-2.06994e+07,-2.3019e+07,-3.6002e+08,0.000961758,0.000160145,-5.81431e-28
0,2.33414e+09,6213.58,3.45112e+08,2.40263e+06,-2.7081e+07,86476.2,-1.1826e+07,0.000856794,0.00012668,4.39115e-33
0,1.83256e+09,-1.62168e+07,2.89318e+08,2.98615e+09,1.1785e+09,5.57579e+08,-1.3146e+09,0.000986131,0.000155687,9.99966e-24
0,1.95436e+09,-1.5488e+07,3.11738e+08,1.12368e+09,6.03236e+08,4.02123e+08,-1.21658e+09,0.000996308,0.00015892,1.7916e-25
0,2.09034e+09,1.48223e+07,3.09748e+08,3.92196e+09,-1.49311e+09,3.23021e+07,3.48547e+07,0.00112766,0.000167097,3.86314e-24
0,2.03355e+09,2.02207e+06,3.21609e+08,5.57316e+09,1.29133e+09,5.13425e+08,-4.35517e+08,0.000884606,0.000139902,8.30307e-24
0,2.10811e+09,1.17819e+07,2.9904e+08,-2.30011e+08,-1.68731e+09,3.66372e+07,-9.82269e+08,0.00102164,0.000144923,-2.79934e-25
0,2.32621e+09,8.19326e+06,3.26829e+08,1.82091e+09,-9.33707e+08,-4.97366e+07,-1.96921e+08,0.000923955,0.000129814,2.10908e-25
0,1.87373e+09,-1.39041e+07,3.19912e+08,2.44866e+09,-2.3865e+07,7.40682e+08,-1.01327e+09,0.00102921,0.000175723,1.38892e-24
0,1.97385e+09,-1.28249e+07,3.20415e+08,5.90664e+09,-6.24036e+08,-3.02671e+08,-5.38787e+08,0.000913072,0.000148219,1.12581e-23
0,2.13787e+09,-2.17542e+07,3.19017e+08,-4.88201e+09,-5.33831e+08,-4.79844e+08,5.04347e+08,0.00095927,0.000143145,5.74463e-24
0,2.08341e+09,-2.4665e+06,3.24536e+08,2.52937e+09,-1.59461e+08,1.01023e+08,-9.71094e+08,0.000999569,0.000155704,1.34793e-24
0,1.94757e+09,-3.97793e+07,3.04678e+08,-5.18735e+09,-1.13897e+09,3.22782e+08,-1.19886e+09,0.00107307,0.000167871,-4.39017e-23
0,1.8672e+09,-1.56984e+07,3.11069e+08,4.831e+09,-2.13916e+08,-1.87448e+07,-8.43169e+08,0.00102314,0.00017045,1.83927e-23
0,2.09728e+09,2.83861e+07,2.93428e+08,5.55632e+09,-2.51147e+09,1.61723e+08,-1.30382e+09,0.00111482,0.000155973,8.5174e-23
0,2.20047e+09,4.31424e+07,3.0219e+08,1.54964e+09,1.33812e+07,-4.85179e+07,-5.64436e+08,0.0010327,0.000141821,1.65048e-25
0,2.05647e+09,2.96247e+07,2.95157e+08,1.713e+09,-1.11276e+09,-2.95211e+08,-1.0701e+09,0.00106434,0.00015276,1.73359e-24
0,1.80615e+09,3.80022e+07,2.86773e+08,3.68706e+09,9.56297e+08,-5.42241e+08,-1.60734e+09,0.00104077,0.00016525,1.41362e-23
0,1.89197e+09,-3.50119e+07,2.74358e+08,-1.93685e+09,-4.92751e+08,5.48791e+08,-1.3293e+09,0.00104876,0.000152082,-9.27585e-25
0,1.99446e+09,1.90255e+07,3.2871e+08,6.59656e+08,4.08556e+08,8.04545e+07,-8.63103e+08,0.000946434,0.000155984,3.89172e-27
0,1.89348e+09,-3.50473e+07,3.10003e+08,8.01829e+09,1.75739e+09,6.826e+08,-6.11005e+08,0.00105564,0.000172831,1.14615e-22
0,2.18377e+09,-1.81721e+07,3.34069e+08,-1.79966e+09,-1.48314e+08,-1.21549e+08,-5.9192e+08,0.000954943,0.000146085,-1.88016e-25
0,1.97771e+09,-6.28959e+07,3.0697e+08,-7.75601e+09,-2.25072e+08,5.23606e+08,-1.04641e+09,0.00106398,0.000165145,-8.87435e-23
0,1.97766e+09,-3.27764e+06,3.23767e+08,1.24139e+09,3.88426e+08,1.03523e+08,-1.03629e+09,0.000969978,0.000158797,1.31882e-25
0,1.74444e+09,1.21511e+07,2.55284e+08,-7.15679e+09,-8.90251e+08,9.8187e+07,-1.04739e+09,0.00109433,0.000160147,-1.61476e-22
0,2.00017e+09,-6.0656e+07,2.943e+08,9.75264e+09,-3.40659e+08,-6.3338e+08,2.36868e+08,0.0009449,0.000139031,-1.53542e-23
0,2.30765e+09,1.70106e+07,3.33048e+08,2.00727e+09,-3.10455e+08,-1.50065e+07,-1.47696e+08,0.00088985,0.000128426,4.93207e-26
0,2.03249e+09,8.8792e+06,2.98131e+08,-1.0058e+09,-1.0878e+09,-3.41077e+08,-1.09432e+09,0.00106843,0.00015672,-1.46144e-24
0,2.13518e+09,-1.08575e+07,3.1909e+08,-2.08709e+09,-1.06244e+09,7.97641e+07,-6.40737e+08,0.000955958,0.000142863,-1.0846e-24
0,2.10893e+09,8.87496e+06,3.25032e+08,5.90378e+09,-1.8886e+08,3.83486e+08,-5.70496e+08,0.000945089,0.000145659,7.71575e-24
0,2.05314e+09,-2.14859e+07,3.19581e+08,8.70843e+09,-1.45713e+09,7.11768e+07,-2.45298e+08,0.000950347,0.000147926,1.75293e-23
0,1.97601e+09,-1.48886e+07,3.22444e+08,1.55312e+09,-6.3945e+08,-8.64869e+07,-1.09668e+09,0.00106264,0.000173401,8.60228e-25
0,2.112e+09,-3.25925e+07,3.35366e+08,-7.78433e+09,1.68776e+08,-6.33276e+08,-5.59043e+08,0.000924095,0.000146738,-1.79475e-23
0,2.15803e+09,2.59608e+07,3.30531e+08,8.21736e+09,-4.50096e+08,4.65166e+08,-4.43155e+08,0.000939693,0.000143926,1.24979e-23
0,1.92341e+09,-2.20042e+06,3.12803e+08,4.30657e+09,-5.45317e+08,7.22684e+08,-1.02022e+09,0.00103219,0.000167864,8.46885e-24
0,2.08143e+09,2.81958e+07,3.32316e+08,3.41316e+09,3.23203e+08,1.91572e+08,-4.51055e+08,0.000913375,0.000145828,1.30882e-24
0,1.96647e+09,2.99832e+07,3.23113e+08,2.22943e+09,5.84285e+08,2.8594e+08,-1.069e+09,0.000979399,0.000160926,1.60489e-24
0,2.04639e+09,-4.7914e+06,3.42178e+08,2.75537e+08,-3.97182e+06,6.29135e+07,-4.34368e+08,0.00097035,0.000162253,-1.44489e-27
0,2.10707e+09,-4.2037e+07,2.92724e+08,1.07402e+10,5.60565e+08,-5.54614e+08,2.87515e+08,0.000988334,0.000137304,-4.14122e-23
0,2.30339e+09,1.72671e+07,3.2109e+08,3.56563e+09,-1.22485e+09,-1.55286e+08,-3.24651e+08,0.00093953,0.00013097,1.72045e-24
0,2.02579e+09,2.83984e+07,3.07574e+08,1.0473e+10,1.37644e+09,-1.15843e+07,-4.86124e+08,0.00100972,0.000153304,6.47659e-23
0,2.01917e+09,-1.80821e+07,3.07778e+08,2.98005e+09,-4.97119e+08,-1.94945e+08,-8.66255e+08,0.00107056,0.000163184,4.20115e-24
0,2.03191e+09,-3.91425e+07,3.22349e+08,-7.14965e+09,3.91827e+08,9.34351e+07,-8.17537e+08,0.000951701,0.000150981,-2.62482e-23
0,2.1438e+09,1.55867e+07,3.29808e+08,5.07996e+09,-9.04796e+08,3.50885e+08,-4.8549e+08,0.000965728,0.000148571,3.66875e-24
0,2.04356e+09,-2.71207e+06,3.41918e+08,1.30512e+08,1.68281e+07,4.98923e+07,-4.59218e+08,0.000958219,0.000160324,-1.13704e-27
0,2.31979e+09,1.09178e+07,3.35824e+08,1.81644e+09,-4.9513e+08,-1.06308e+08,-1.48111e+08,0.000898322,0.000130046,6.64707e-26
0,2.07545e+09,2.96781e+07,3.00072e+08,3.61428e+09,-1.9007e+09,7.78663e+07,-1.17825e+09,0.00107021,0.000154733,2.09389e-23
0,2.16992e+09,4.17297e+06,3.37933e+08,4.17013e+09,-3.59469e+06,9.50761e+07,-4.78712e+08,0.000921842,0.000143564,1.89216e-24
0,2.03386e+09,-1.58922e+07,3.19314e+08,8.40107e+09,-7.24171e+08,3.67781e+08,-2.56565e+08,0.000973655,0.000152863,1.0076e-23
0,2.04993e+09,-4.95277e+07,3.03006e+08,-8.71055e+09,-1.52239e+09,-1.11711e+08,-1.24736e+09,0.00110224,0.000162926,-1.63294e-22
0,1.88739e+09,-6.88271e+07,3.02752e+08,-6.35608e+09,1.30481e+09,7.97495e+08,-1.25851e+09,0.00100017,0.000160435,-3.55504e-23
0,2.09422e+09,-3.52664e+07,3.19354e+08,-4.03761e+09,-4.08475e+08,-1.4601e+08,-1.01991e+09,0.000995175,0.000151757,-6.05063e-24
0,2.06702e+09,3.30884e+07,2.97458e+08,-8.25735e+09,-1.37503e+09,-1.36239e+08,-5.99383e+08,0.000984313,0.000141649,-3.61442e-23
0,2.07655e+09,-3.259e+06,3.16433e+08,2.5152e+09,-1.49655e+09,4.92255e+08,-9.71813e+08,0.00106989,0.000163035,5.50503e-24
0,2.32533e+09,1.06521e+07,3.31093e+08,2.50375e+09,-1.05945e+09,-8.03605e+07,-2.74311e+08,0.000919694,0.000130951,5.24709e-25
0,2.20308e+09,-8.10188e+06,3.42166e+08,-5.88472e+09,-2.73037e+08,-5.4473e+08,-2.53874e+08,0.000934158,0.000145086,-1.78089e-24
0,1.90789e+09,-4.13319e+07,3.02513e+08,-5.09784e+09,6.32501e+07,7.9217e+08,-1.01567e+09,0.000979323,0.00015528,-1.68031e-23
0,1.9684e+09,-1.48423e+06,3.09975e+08,-3.99488e+08,-1.55951e+09,-3.6528e+08,-1.17536e+09,0.00108764,0.000171277,-3.57713e-24
0,1.95632e+09,1.38506e+07,3.27259e+08,7.07035e+08,2.93272e+08,3.20734e+08,-8.94676e+08,0.000977155,0.000163462,-1.50237e-26
0,1.96854e+09,-6.96794e+07,2.98642e+08,-1.06216e+10,-1.50879e+08,2.50886e+08,-1.28488e+09,0.0010486,0.000159081,-2.62061e-22
0,2.04426e+09,-2.92878e+06,3.43339e+08,5.9837e+08,-826481,9.90926e+07,-3.1182e+08,0.000960038,0.000161241,3.88024e-27
0,2.10938e+09,-4.51873e+07,2.68525e+08,2.52814e+09,7.12017e+08,-1.88081e+08,2.86326e+08,0.00107043,0.000136266,-1.24111e-24
0,2.19293e+09,-1.49713e+07,3.412e+08,-6.48482e+09,-1.07198e+08,-5.64893e+08,-3.18024e+08,0.000918665,0.000142936,-3.89754e-24
0,2.05731e+09,-5.19879e+06,3.31356e+08,-6.49907e+09,-3.93273e+07,-2.03227e+08,-7.68589e+08,0.00095691,0.000154123,-1.79702e-23
0,2.11463e+09,6.08865e+07,2.91503e+08,1.41512e+09,4.91458e+06,-2.09779e+08,1.78238e+07,0.00102973,0.000141949,-5.69478e-27
0,1.80707e+09,2.978e+07,2.69236e+08,2.31691e+09,1.53873e+09,-7.26784e+07,-1.38291e+09,0.00102979,0.000153428,3.65811e-24
0,2.18378e+09,-8.09065e+06,3.30952e+08,7.73257e+08,-6.18847e+08,-8.9219e+07,-6.93357e+08,0.000978547,0.000148299,5.96774e-26
0,2.059e+09,-1.07282e+07,3.23937e+08,6.35966e+09,2.53371e+08,3.20794e+08,-1.47575e+08,0.00102028,0.000160518,5.79494e-24
0,2.06236e+09,5.42167e+07,3.24403e+08,6.24519e+09,7.9055e+08,3.2696e+07,-7.25083e+08,0.00095881,0.000150818,1.56023e-23
0,2.08212e+09,-6.72971e+07,2.97412e+08,-8.2103e+09,-6.38028e+07,3.09198e+08,-8.35595e+08,0.000986768,0.000140951,-4.3942e-23
0,2.15966e+09,5.88396e+07,3.14976e+08,5.54658e+09,8.88517e+08,2.69305e+08,-1.72941e+07,0.000984393,0.000143569,1.50406e-24
0,2.02653e+09,-5.71768e+07,2.62291e+08,-5.69122e+09,2.82751e+08,8.98925e+08,-7.37798e+08,0.000989476,0.000128067,-1.19889e-23
0,1.95104e+09,9.48967e+06,3.28513e+08,-5.33708e+09,8.74518e+08,-3.16874e+08,-8.17111e+08,0.000937255,0.000157814,-1.52867e-23
0,2.0451e+09,-1.00463e+07,3.27746e+08,1.02709e+09,-9.14836e+08,6.32687e+08,-5.86518e+08,0.000982496,0.000157454,1.66181e-25
0,2.18821e+09,-1.36454e+07,3.42406e+08,-6.81205e+09,1.76055e+07,-5.31197e+08,-2.33941e+08,0.000905066,0.000141623,-3.58095e-24
0,1.8915e+09,-6.97905e+07,3.08429e+08,-3.29808e+09,1.40215e+09,9.14226e+08,-8.41818e+08,0.000967105,0.000157696,-1.43213e-26
0,1.72077e+09,1.04796e+07,2.58668e+08,-2.34384e+08,1.20587e+09,-9.29213e+07,-1.45246e+09,0.00104957,0.000157773,1.07875e-26
0,1.87988e+09,-6.4346e+06,3.01338e+08,-1.37441e+09,4.00546e+08,3.60782e+08,-1.38869e+09,0.00104567,0.000167617,-6.32415e-27
0,1.96714e+09,-6.76438e+07,3.08405e+08,-1.15939e+10,2.61784e+08,1.87105e+08,-1.11036e+09,0.00100502,0.000157565,-2.36206e-22
0,2.31179e+09,1.70703e+07,3.3022e+08,3.48217e+09,-8.69014e+08,-1.43554e+08,-2.86861e+08,0.000917305,0.000131029,8.84268e-25
0,1.866e+09,1.77088e+06,3.27796e+08,-1.4237e+09,1.05951e+09,3.86805e+07,-1.01748e+09,0.00096778,0.000170008,-4.03208e-25
0,2.296e+09,-2.34772e+06,3.3962e+08,-1.08955e+09,-6.81581e+08,-7.07099e+07,-3.63769e+08,0.000942182,0.000139366,-7.52889e-26
0,2.16708e+09,8.12195e+06,3.24276e+08,2.00242e+09,-8.30174e+08,1.18723e+08,-7.47948e+08,0.000980914,0.000146781,7.52111e-25
0,2.08782e+09,-6.28461e+06,3.21654e+08,3.61103e+09,5.65772e+08,7.78109e+07,-2.62074e+08,0.00104814,0.000161479,1.74028e-24
0,1.93272e+09,-3.42294e+07,2.93643e+08,-3.17498e+09,-5.47154e+08,3.55683e+08,-1.39119e+09,0.00105377,0.000160102,-8.07144e-24
0,1.93226e+09,2.19116e+07,3.07832e+08,4.80299e+09,1.63789e+08,-7.97194e+07,-1.27395e+09,0.00101388,0.000161524,2.07991e-23
0,2.25986e+09,1.41836e+07,3.30244e+08,-2.18345e+09,2.28085e+08,2.47714e+07,2.38207e+08,0.00092384,0.000135005,1.21368e-25
0,2.31662e+09,6.37229e+06,3.19447e+08,-7.9616e+08,1.21935e+09,8.26198e+07,1.12405e+08,0.000911467,0.000125685,1.11544e-25
0,1.81342e+09,1.92497e+07,3.15369e+08,1.38786e+09,2.00628e+09,-2.66185e+08,-1.19343e+09,0.000960324,0.000167008,-4.74408e-25
0,2.00776e+09,1.07611e+07,3.02478e+08,3.59297e+09,-7.72355e+07,-1.57658e+08,-1.15817e+09,0.00101427,0.000152804,6.355e-24
0,2.21893e+09,-1.64653e+07,3.34963e+08,-4.85851e+09,-5.79446e+08,-3.12238e+08,-5.41714e+08,0.000970964,0.000146574,-3.2898e-24
0,2.06979e+09,-2.48729e+07,3.37281e+08,-7.43543e+09,3.23123e+08,-4.61727e+08,-4.97396e+08,0.00092302,0.00015041,-1.62008e-23
0,1.93015e+09,-2.89631e+07,2.98162e+08,-5.47827e+09,-9.12341e+08,-2.72625e+07,-1.3629e+09,0.00106292,0.000164195,-4.76629e-23
0,2.04092e+09,-2.04031e+06,3.42305e+08,1.03313e+09,3.34717e+07,1.34355e+08,-4.25662e+08,0.000966744,0.000162143,3.63944e-26
0,2.29708e+09,2.30242e+07,3.29154e+08,-4.00164e+09,2.16915e+08,2.25264e+08,1.1294e+08,0.000896666,0.000128485,3.40231e-25
0,2.03296e+09,-2.78096e+07,3.13892e+08,9.16534e+08,6.92944e+07,5.40931e+08,-9.8295e+08,0.00098187,0.000151602,-1.11247e-25
0,2.02187e+09,-4.12196e+06,3.41637e+08,6.8099e+08,3.11726e+07,1.04471e+08,-4.87537e+08,0.000974319,0.000164631,7.06695e-27
0,1.97639e+09,4.5806e+06,3.22183e+08,1.15267e+09,1.18316e+09,7.79749e+07,-2.89062e+08,0.00103392,0.000168546,-2.84073e-25
0,1.90269e+09,-2.81885e+07,3.17579e+08,2.00195e+09,1.32955e+09,6.36423e+08,-9.31501e+08,0.000954015,0.000159235,2.64393e-24
0,1.86594e+09,-4.55036e+07,2.91898e+08,-5.10965e+09,-791490,2.57935e+08,-1.42231e+09,0.00103131,0.000161332,-3.58257e-23
0,2.07719e+09,-2.40536e+07,3.222e+08,-9.54832e+09,-8.95793e+08,-4.14229e+08,-4.00689e+08,0.000956296,0.000148334,-2.15493e-23
0,1.82241e+09,5.14446e+07,2.7066e+08,7.4251e+09,1.57255e+09,-2.28931e+08,-1.12103e+09,0.000976647,0.000145049,6.99221e-23
0,2.16846e+09,-2.90681e+07,3.32814e+08,-6.65747e+09,-1.94861e+08,-4.36488e+08,-5.96465e+08,0.000947821,0.000145471,-1.02163e-23
0,2.12001e+09,-9.71856e+06,3.04648e+08,4.07792e+08,-8.43533e+08,1.56468e+08,3.99595e+08,0.000906315,0.000130238,6.14576e-27
0,1.91499e+09,3.37741e+07,3.20505e+08,-8.3603e+09,-6.81206e+08,-2.6286e+08,-3.98587e+08,0.00102839,0.000172119,-3.61398e-23
0,1.99908e+09,-2.77174e+07,2.7011e+08,-3.18005e+07,-1.65034e+08,2.91792e+08,-1.19494e+09,0.0010413,0.000140698,3.96653e-26
0,1.84944e+09,3.75251e+07,3.18904e+08,4.79154e+09,1.38646e+09,-3.59915e+07,-1.04694e+09,0.000980033,0.000168989,1.83301e-23
0,2.05514e+09,-4.27236e+07,3.22618e+08,-3.79843e+07,1.29057e+09,3.85039e+08,-6.2109e+08,0.000901023,0.000141444,-3.20436e-26
0,1.81063e+09,1.47638e+07,2.64226e+08,1.49822e+09,8.00785e+08,-2.96785e+08,-1.41743e+09,0.00105653,0.00015418,4.87575e-25
0,2.14203e+09,1.70498e+07,3.18015e+08,-4.47993e+09,-5.46058e+08,-9.2009e+07,2.21309e+08,0.00092069,0.00013669,1.3137e-24
0,2.22027e+09,-7.11033e+06,3.3889e+08,-6.51395e+09,-3.28919e+07,-5.07419e+08,-3.20317e+08,0.000913826,0.000139482,-3.97661e-24
0,2.12457e+09,-3.01889e+07,2.9815e+08,8.61319e+08,-1.48309e+09,-2.96048e+08,1.92989e+08,0.000883378,0.000123968,1.32611e-25
0,2.08122e+09,4.93381e+07,2.67824e+08,-6.51382e+09,-9.18454e+08,3.16438e+08,2.62211e+08,0.0010404,0.000133885,4.11751e-24
0,1.91755e+09,2.26561e+07,3.04197e+08,5.54144e+09,-1.91371e+07,-2.42783e+06,-8.33067e+08,0.000965425,0.000153154,1.79295e-23
0,1.96239e+09,2.96228e+06,3.18391e+08,1.82246e+09,-8.50562e+08,2.25463e+07,-1.03579e+09,0.00103969,0.000168687,1.76836e-24
0,1.84505e+09,-4.25931e+07,2.97426e+08,-4.39403e+09,5.44608e+08,4.61224e+08,-1.37895e+09,0.00101919,0.000164295,-1.94842e-23
0,1.99868e+09,2.32456e+07,3.18409e+08,3.80333e+09,-6.14278e+08,-3.02855e+08,-1.00842e+09,0.00100677,0.000160389,8.0496e-24
0,2.02312e+09,2.17923e+06,3.21228e+08,-2.05495e+09,4.11493e+08,2.01831e+08,-8.60923e+08,0.000964497,0.000153142,-5.67835e-25
0,1.88111e+09,-3.74438e+07,3.01156e+08,-4.73972e+09,5.15979e+08,5.15346e+08,-1.33839e+09,0.00101361,0.000162274,-2.11723e-23
0,2.18566e+09,-2.49252e+07,3.36662e+08,-7.58817e+09,-6.29231e+07,-5.03513e+08,-4.52768e+08,0.000929671,0.000143199,-1.04835e-23
0,1.85684e+09,5.52889e+07,3.21022e+08,-7.46412e+09,-1.58897e+09,7.62259e+06,-2.70952e+08,0.000994982,0.000172019,-3.351e-23
0,1.82691e+09,-4.39437e+07,3.07403e+08,-3.78795e+09,8.9496e+08,4.10071e+08,-1.22734e+09,0.00101275,0.00017041,-1.0644e-23
0,1.96706e+09,1.73748e+07,3.15034e+08,1.14991e+09,-9.59681e+08,2.46077e+08,-1.12814e+09,0.00104406,0.000167211,1.19963e-24
0,1.90969e+09,3.43862e+07,2.74754e+08,3.98915e+09,-1.4276e+09,1.6149e+08,-1.37524e+09,0.00111175,0.000159951,3.39036e-23
0,1.96076e+09,4.51461e+07,3.02522e+08,1.19465e+10,5.77774e+08,5.5378e+07,-9.96865e+08,0.000976843,0.000150715,2.09776e-22
0,1.75584e+09,-1.02858e+07,2.99083e+08,7.13341e+09,-1.44028e+09,-3.31207e+08,-1.05024e+09,0.000996835,0.000169797,1.22005e-22
0,1.99323e+09,2.14319e+07,2.98434e+08,4.55056e+09,-1.92691e+08,3.20236e+08,-1.20382e+09,0.000995594,0.000149064,1.2483e-23
0,1.90289e+09,1.47387e+07,3.09648e+08,-9.6868e+09,-6.6406e+08,-9.50168e+07,-6.027e+08,0.000983385,0.000160021,-7.97834e-23
0,1.80335e+09,3.56504e+07,3.05815e+08,6.09521e+09,4.1242e+08,-3.15743e+08,-4.6802e+08,0.000972464,0.000164912,1.67964e-23
0,1.83691e+09,2.41743e+07,2.75208e+08,1.954e+09,-8.53392e+08,2.62985e+08,-1.51544e+09,0.00112303,0.000168254,4.511e-24
0,1.85632e+09,1.08315e+07,3.30277e+08,-3.2724e+09,-5.76958e+08,-5.78376e+08,-6.40154e+08,0.000957011,0.000170271,-1.34188e-24
0,1.9783e+09,-5.14975e+06,3.04132e+08,-1.04748e+08,-5.0036e+08,2.41895e+08,-1.18019e+09,0.00101336,0.000155788,1.49346e-25
0,2.07075e+09,-3.89555e+07,3.058e+08,-7.58257e+09,-9.97709e+08,-1.86255e+08,-1.06902e+09,0.00101696,0.00015018,-5.30141e-23
0,2.16043e+09,1.19792e+07,3.05379e+08,5.48495e+09,-1.48007e+09,3.39652e+08,-8.56496e+08,0.00102055,0.000144256,1.5026e-23
0,1.87201e+09,7.33154e+06,2.73228e+08,-1.42712e+08,-8.84419e+08,-2.39245e+08,-1.40267e+09,0.00107313,0.000156628,-8.49933e-25
0,2.12535e+09,2.51974e+07,3.08204e+08,9.72279e+09,2.32586e+08,6.61215e+08,-3.49998e+08,0.00106817,0.0001549,4.70309e-23
0,1.90486e+09,1.42832e+07,3.05844e+08,8.29027e+09,4.32314e+08,-2.31831e+08,-5.38659e+08,0.00099997,0.000160555,4.56967e-23
0,1.87264e+09,3.52886e+07,3.08512e+08,5.8817e+09,1.53282e+09,-4.7752e+08,-9.93001e+08,0.000934664,0.000153983,1.58372e-23
0,2.13034e+09,-1.38972e+07,3.27861e+08,-8.72979e+09,-1.08129e+09,-6.32732e+08,-2.93629e+08,0.000916952,0.00014112,-2.77324e-24
0,1.98726e+09,-4.61685e+07,3.05373e+08,-1.02932e+09,6.52571e+08,4.85692e+08,-1.14238e+09,0.000993307,0.000152637,-2.26674e-27
0,1.99034e+09,1.75247e+07,3.12507e+08,8.01772e+08,-4.16986e+08,-9.96825e+07,-1.11784e+09,0.00101495,0.000159359,-2.99004e-26
0,2.08005e+09,1.17049e+07,3.05281e+08,1.16038e+09,-7.70526e+07,-5.65663e+07,-1.01426e+09,0.000993935,0.000145877,3.84075e-26
0,2.03108e+09,3.84862e+07,2.98035e+08,9.37452e+09,-2.34875e+08,-4.20993e+08,-9.93051e+08,0.00098882,0.000145097,9.07186e-23
0,2.05247e+09,1.48956e+07,3.16163e+08,8.34635e+08,1.8959e+08,-5.19313e+08,-8.44739e+08,0.000977387,0.000150557,-1.79947e-26
0,2.1664e+09,1.30185e+07,3.37264e+08,1.51338e+09,-1.14226e+08,2.94866e+08,-4.87298e+08,0.000924677,0.000143953,5.87118e-26
0,1.7478e+09,-8.58275e+06,2.66257e+08,1.22313e+09,6.02889e+07,2.04757e+08,-1.62232e+09,0.00111986,0.000170597,-1.09066e-24
0,1.93711e+09,-1.81343e+07,3.0531e+08,1.40203e+09,3.9682e+08,5.39012e+08,-1.22353e+09,0.00101625,0.000160172,2.44768e-25
0,1.87917e+09,-1.93073e+07,2.93357e+08,-1.72391e+09,-1.78451e+09,7.01325e+08,-1.17283e+09,0.00114238,0.000178337,-3.67016e-24
0,1.87195e+09,4.32221e+07,3.04493e+08,7.98183e+09,1.44233e+09,-1.83758e+08,-1.07335e+09,0.000940014,0.000152903,6.2891e-23
0,1.87845e+09,3.04406e+07,2.84943e+08,3.5601e+08,-8.64051e+08,-2.19495e+08,-1.38489e+09,0.00109928,0.000166751,-6.11836e-25
0,1.87691e+09,3.03567e+07,3.20125e+08,-4.83621e+09,-2.86158e+08,-1.08849e+08,-6.28047e+08,0.000933541,0.000159224,-8.34044e-24
0,1.94916e+09,1.67707e+07,3.27626e+08,4.29601e+09,-3.35977e+08,-1.55845e+07,-8.5472e+08,0.000963168,0.000161895,7.88626e-24
0,2.09284e+09,4.01419e+07,2.9172e+08,5.33527e+09,-1.78816e+09,1.05073e+08,-1.11633e+09,0.00105609,0.000147208,3.50934e-23
0,2.06642e+09,3.3141e+07,3.03027e+08,7.24248e+09,-6.23938e+08,2.65557e+08,-7.1474e+08,0.000965403,0.00014157,2.22733e-23
0,2.18125e+09,2.06186e+07,3.38016e+08,5.32367e+09,1.28175e+08,3.61731e+08,-3.99713e+08,0.000897865,0.000139137,3.00942e-24
0,1.90019e+09,-3.7187e+07,2.99089e+08,-2.57774e+09,5.08614e+06,2.92246e+08,-1.39752e+09,0.00102546,0.000161407,-2.93565e-24
0,2.13092e+09,-1.89617e+07,3.31434e+08,-9.33108e+07,-3.36215e+08,-1.19823e+08,-6.94872e+08,0.00102293,0.000159103,-1.1844e-26
0,1.74346e+09,-9.63797e+06,2.58538e+08,2.05529e+09,1.76571e+07,5.7899e+08,-1.56417e+09,0.00111674,0.0001656,8.69791e-25
0,1.90274e+09,-3.49232e+07,3.00316e+08,1.1708e+10,-1.60155e+09,8.05e+07,-6.80741e+08,0.0011416,0.000180183,3.71453e-22
0,2.0285e+09,-4.84622e+06,3.41296e+08,2.02494e+08,-5.00355e+07,6.39419e+07,-5.18108e+08,0.000984991,0.000165725,-2.39315e-27
0,1.95165e+09,6.52179e+07,3.07001e+08,1.04625e+10,5.9596e+08,-4.25199e+07,-9.98755e+08,0.000975534,0.000153455,1.41266e-22
0,2.02938e+09,-2.80767e+06,3.41559e+08,1.37523e+08,-3.88518e+07,7.93675e+07,-4.98766e+08,0.000979682,0.000164887,-1.57266e-27
0,2.00496e+09,9.87308e+06,3.34727e+08,1.26184e+09,1.30234e+08,-4.36947e+07,-7.36529e+08,0.000972724,0.000162395,1.06776e-25
0,1.82659e+09,-4.33779e+07,2.57808e+08,2.12236e+10,-8.87262e+08,-1.17772e+08,4.60307e+08,0.00109039,0.000153899,-1.28927e-21
0,1.8787e+09,9.17526e+07,2.95084e+08,-9.69253e+08,-1.03242e+09,-5.24932e+08,-8.26389e+08,0.00104572,0.00016425,-1.27948e-24
0,2.12297e+09,2.22989e+07,3.24223e+08,7.82346e+09,-9.06285e+08,-2.21426e+08,-5.78151e+08,0.000964487,0.000147298,2.56196e-23
0,1.76543e+09,1.92867e+07,2.72425e+08,1.91809e+09,-2.03182e+08,3.19345e+08,-1.64806e+09,0.001136,0.000175298,9.20431e-25
0,1.72206e+09,-1.31885e+07,2.48001e+08,1.43123e+09,1.87975e+09,4.57949e+08,-1.43136e+09,0.00103125,0.000148515,3.03036e-24
0,1.99599e+09,6.67446e+07,3.21e+08,8.5278e+09,1.62041e+09,1.05288e+08,-8.2654e+08,0.000931693,0.000149837,4.68314e-23
0,2.16829e+09,-3.72423e+07,3.15448e+08,-7.73128e+09,-1.29536e+09,-7.32933e+07,-7.99677e+08,0.00102091,0.000148524,-3.83294e-23
0,2.03853e+09,3.15786e+06,3.37183e+08,1.41814e+09,-7.83492e+06,-1.74113e+08,-6.06495e+08,0.000977764,0.000161727,1.36726e-25
0,1.91127e+09,9.81055e+06,3.06327e+08,-1.74437e+09,9.25196e+07,1.93609e+07,-1.1581e+09,0.00102079,0.000163605,-6.03969e-25
0,2.06326e+09,-1.97613e+07,2.70228e+08,-2.11664e+08,8.02305e+08,-5.16112e+08,5.0795e+08,0.00108755,0.000142438,2.68943e-25
0,2.17801e+09,4.41373e+07,3.08809e+08,9.40439e+09,-5.97679e+08,-3.09032e+08,-6.26447e+08,0.000962683,0.000136494,3.86271e-23
0,2.15409e+09,-1.99023e+07,3.17654e+08,-2.35338e+09,-7.6301e+08,-3.57274e+08,-7.03143e+08,0.000956506,0.000141051,-5.78568e-25
0,2.22517e+09,4.14337e+07,3.16438e+08,-5.03328e+09,-5.07897e+08,3.89237e+08,2.13134e+08,0.00091728,0.000130445,6.39854e-25
0,2.14094e+09,1.98579e+07,3.00036e+08,2.47553e+09,-2.31022e+09,6.47803e+07,-1.06595e+09,0.00107721,0.000150962,1.53046e-23
0,1.97278e+09,-2.93589e+07,2.96946e+08,4.71889e+09,-4.66929e+08,3.38911e+08,-7.96203e+08,0.00120157,0.000180862,2.41262e-23
0,2.22206e+09,1.1434e+07,3.2268e+08,6.14122e+09,-1.29812e+09,-6.86483e+07,-5.94369e+08,0.000979691,0.000142267,1.26975e-23
0,2.12378e+09,-9.21318e+06,2.91564e+08,-1.61577e+09,-5.39476e+08,-1.47455e+08,4.00422e+08,0.000936633,0.000128586,1.55857e-25
0,1.9025e+09,-3.48555e+07,3.10983e+08,-2.13592e+09,7.78588e+08,3.44545e+08,-1.1963e+09,0.00101106,0.000165267,-1.25076e-24
0,1.94535e+09,-3.87599e+07,3.1212e+08,-2.79614e+09,5.93039e+07,5.28931e+08,-9.89285e+08,0.000995501,0.000159722,-2.31848e-24
0,2.15351e+09,1.8904e+07,2.98421e+08,-7.04842e+08,1.13989e+09,6.49164e+08,3.684e+08,0.000986347,0.000136682,-1.5933e-25
0,2.00631e+09,-1.22469e+07,3.03772e+08,-2.20182e+09,-1.43787e+09,2.89663e+08,-1.24027e+09,0.00109745,0.000166164,-6.66924e-24
0,1.78573e+09,-2.3156e+07,2.68268e+08,-2.09605e+09,-3.17972e+07,3.51892e+08,-1.47601e+09,0.00106534,0.000160044,-1.77346e-24
0,2.11386e+09,-5.99227e+06,3.23416e+08,-1.20587e+09,-1.19717e+09,6.01607e+07,-9.34082e+08,0.00102756,0.000157214,-9.69149e-25
0,2.09523e+09,-5.19278e+07,3.18087e+08,-1.00128e+10,-3.00378e+08,-2.61775e+08,-7.55318e+08,0.000987359,0.000149896,-6.78841e-23
0,2.10417e+09,-3.26127e+07,2.88693e+08,-7.29865e+09,-7.25013e+08,4.32687e+08,-8.84349e+08,0.00100431,0.000137792,-3.89372e-23
0,2.11908e+09,-8.95302e+06,3.3669e+08,4.45574e+08,-9.15045e+06,5.35859e+07,-5.34843e+08,0.000928052,0.000147453,-1.47869e-27
0,2.30984e+09,5.9339e+06,3.26561e+08,-1.17884e+09,5.40828e+08,7.17004e+07,3.09789e+07,0.000892715,0.000126211,1.93064e-26
0,2.31773e+09,1.72239e+07,3.24596e+08,3.73894e+09,-1.13548e+09,-1.03216e+08,-3.26906e+08,0.000942898,0.000132052,1.62644e-24
0,2.02094e+09,-3.85502e+07,3.24295e+08,-5.63668e+09,2.54601e+08,7.66809e+07,-8.45925e+08,0.000944009,0.000151483,-1.30722e-23
0,2.06366e+09,1.11632e+07,3.21214e+08,1.03033e+10,9.92105e+07,5.12616e+08,1.65926e+07,0.000923905,0.000143808,-1.35467e-26
0,1.87146e+09,-2.30079e+07,3.07603e+08,-9.49137e+08,1.12801e+09,4.92741e+08,-1.26763e+09,0.00099797,0.000164032,-2.25621e-26
0,1.91272e+09,-3.09012e+07,2.97578e+08,-4.03157e+09,-5.23288e+08,3.59828e+08,-1.38984e+09,0.0010694,0.000166375,-1.95598e-23
0,1.98177e+09,-5.23859e+07,3.09357e+08,-1.48982e+09,-1.22014e+09,4.69037e+08,-1.56839e+08,0.00105732,0.000165049,-9.3039e-25
0,2.22018e+09,5.83666e+07,3.11441e+08,-1.16641e+09,-6.21063e+08,2.23843e+08,2.23134e+07,0.000956588,0.000134187,-4.26304e-26
0,2.23464e+09,-6.70732e+06,3.29356e+08,-1.29817e+09,-1.45745e+09,4.9557e+07,-7.97484e+08,0.00101865,0.000150135,-1.17701e-24
0,2.04545e+09,8.35999e+06,3.20317e+08,9.7472e+08,-1.13276e+09,-2.5706e+08,-8.18129e+08,0.0010313,0.000161502,4.06891e-25
0,2.17946e+09,5.15858e+07,3.19963e+08,7.33152e+09,4.70607e+08,-3.09638e+08,-4.05048e+08,0.000901424,0.000132337,6.64204e-24
0,2.14039e+09,2.92278e+07,3.00864e+08,-5.76212e+09,-1.44795e+08,1.88146e+07,3.0685e+08,0.000967685,0.000136022,4.40811e-24
0,1.9944e+09,-2.1718e+07,3.27058e+08,-4.52161e+09,6.71718e+08,1.21421e+08,-7.88136e+08,0.000933604,0.0001531,-6.09938e-24
0,2.14155e+09,-8.07059e+06,3.33433e+08,-1.57258e+09,-5.43717e+08,-3.65886e+08,-7.1144e+08,0.000982715,0.000153005,-1.52754e-25
0,2.15987e+09,2.08409e+07,3.32302e+08,1.6235e+09,-4.19969e+07,2.20287e+08,-6.22954e+08,0.000932711,0.0001435,1.22313e-25
0,1.6397e+09,2.2583e+07,2.298e+08,2.56714e+09,1.35768e+09,-2.40605e+07,-1.5967e+09,0.00111766,0.000156637,1.51523e-23
0,2.02039e+09,1.53944e+07,3.18693e+08,5.72933e+09,1.18098e+08,-3.14707e+08,-8.24166e+08,0.000960886,0.000151569,1.43469e-23
0,2.04584e+09,-5.44861e+07,3.18456e+08,-9.65898e+09,5.29088e+08,2.27363e+08,-7.02733e+08,0.000945293,0.000147145,-5.05142e-23
0,2.01895e+09,1.21049e+07,3.06009e+08,-2.37968e+09,-1.77693e+09,-9.16078e+08,-9.23227e+08,0.00104988,0.000159128,-5.12447e-24
0,2.17606e+09,3.82951e+07,3.17764e+08,6.58996e+09,-9.34991e+08,-1.50476e+08,-8.70292e+08,0.00102637,0.000149879,2.67316e-23
0,1.89001e+09,1.12657e+07,3.01557e+08,5.00954e+08,1.26745e+09,2.17998e+08,-1.28719e+09,0.00100287,0.000160011,7.91793e-26
0,1.74885e+09,2.40707e+07,2.90323e+08,-6.74139e+09,-3.48179e+08,1.8715e+08,-8.86139e+08,0.000999281,0.000165889,-6.74921e-23
0,2.04493e+09,-8.50799e+06,2.94013e+08,6.76814e+08,-8.71794e+08,6.74354e+08,-8.7142e+08,0.00100023,0.00014381,3.20786e-25
0,2.04407e+09,1.76869e+06,3.23096e+08,-5.28825e+08,-1.30857e+09,-3.03173e+08,-7.00008e+08,0.00102839,0.000162552,-1.03536e-24
0,2.07439e+09,-2.268e+07,3.29364e+08,-5.40595e+09,-3.08833e+08,-3.30305e+08,-7.84471e+08,0.00100855,0.000160134,-1.2139e-23
0,2.07801e+09,-4.25523e+07,3.06175e+08,-8.99661e+09,-1.48883e+09,-1.72237e+08,-1.01196e+09,0.00105911,0.00015605,-1.0824e-22
0,1.942e+09,-4.07458e+06,2.5066e+08,-2.14687e+09,-1.21489e+09,-5.34679e+08,6.27421e+08,0.00102742,0.000132612,2.64207e-24
0,2.1435e+09,5.16434e+07,3.09001e+08,9.99754e+09,-1.04528e+09,2.79546e+07,-7.55472e+08,0.000990106,0.000142731,6.6419e-23
0,1.9612e+09,-1.62232e+07,2.99567e+08,1.0469e+10,-3.70103e+08,-8.27108e+07,1.4437e+08,0.000960427,0.000146702,-1.74902e-23
0,2.17464e+09,-1.08399e+07,3.36589e+08,-3.60825e+09,-5.38012e+08,-4.47698e+08,-5.61224e+08,0.000973442,0.000150669,-1.17017e-24
0,1.88649e+09,5.66862e+06,2.91517e+08,5.07506e+09,4.15306e+08,-1.33861e+08,-1.17884e+09,0.0010313,0.000159365,2.80953e-23
0,2.12694e+09,-4.9197e+07,3.12637e+08,-2.88704e+09,-2.84029e+09,1.60049e+07,-3.38553e+08,0.000976501,0.000143535,-1.33597e-23
0,2.02577e+09,-1.69795e+06,3.01772e+08,6.27998e+08,-1.9672e+09,1.44609e+08,-1.22094e+09,0.00108718,0.000161954,4.58238e-24
0,2.08199e+09,5.8152e+07,3.15343e+08,7.31576e+09,3.09885e+08,5.99077e+07,-5.74875e+08,0.000911873,0.000138114,1.46632e-23
0,1.88758e+09,-5.89791e+07,3.13479e+08,-1.63245e+08,1.04261e+09,4.47614e+08,-8.44568e+08,0.00095814,0.000159123,6.43489e-28
0,2.04507e+09,-3.71294e+07,3.2625e+08,-6.30112e+09,1.18476e+08,-4.22775e+08,-8.50621e+08,0.000985124,0.000157157,-2.20818e-23
0,2.09842e+09,3.80634e+07,2.95788e+08,3.67063e+09,-1.15204e+09,-9.19008e+07,-8.87847e+08,0.00101956,0.000143715,7.38734e-24
0,2.09684e+09,-7.10743e+06,3.37693e+08,3.4044e+08,-1.08751e+08,-7.3087e+06,-4.61757e+08,0.000933508,0.00015034,-6.56297e-28
0,1.81554e+09,3.56155e+07,2.5503e+08,2.28836e+09,6.35336e+08,-2.13905e+08,-1.5085e+09,0.00109472,0.000153776,3.61536e-24
0,2.19928e+09,3.15319e+07,3.10406e+08,7.71227e+09,-1.87544e+09,8.97553e+07,-7.47588e+08,0.00102406,0.000144535,4.15781e-23
0,2.14234e+09,-3.02359e+07,3.34984e+08,-8.89231e+09,-2.36315e+08,-5.5033e+08,-6.46111e+08,0.000977237,0.000152804,-3.26414e-23
0,1.92032e+09,-1.40247e+07,3.11152e+08,2.38354e+09,2.25408e+09,5.65958e+08,-9.53816e+08,0.000910958,0.000147603,1.46048e-24
0,2.04376e+09,-1.4568e+07,3.02178e+08,-2.0875e+09,-1.92243e+09,2.5947e+08,-1.19838e+09,0.00108828,0.000160906,-9.36169e-24
0,1.61235e+09,-2.49333e+07,2.4872e+08,4.21324e+09,-4.31732e+06,-5.09112e+08,5.66023e+08,0.000970707,0.000149741,-1.25843e-23
0,2.14707e+09,-1.41138e+07,3.36992e+08,-5.54397e+09,-4.34194e+08,-3.2621e+08,-5.31934e+08,0.000956715,0.000150161,-5.42148e-24
0,1.80484e+09,2.1416e+07,2.6086e+08,2.74049e+09,1.16818e+09,7.8774e+07,-1.35432e+09,0.00105492,0.000152472,8.08775e-24
0,1.84436e+09,5.99117e+06,2.92415e+08,-2.11337e+09,1.05071e+09,-2.56232e+08,-1.37857e+09,0.00105115,0.000166655,-3.86037e-24
0,2.12776e+09,3.96599e+07,3.12965e+08,6.29948e+09,-8.34175e+08,2.65658e+08,-7.11019e+08,0.000960819,0.000141323,1.23244e-23
0,1.99527e+09,-1.92275e+07,3.30082e+08,1.46789e+09,-2.28786e+08,-3.64596e+07,-5.65147e+08,0.000920623,0.000152301,1.43892e-25
0,2.04316e+09,-2.00876e+07,3.17516e+08,-2.25078e+09,-7.58044e+08,-3.24134e+06,-9.63867e+08,0.00100039,0.000155466,-1.6502e-24
0,2.10672e+09,7.88725e+07,2.83701e+08,-1.08058e+10,-6.95713e+08,4.07814e+08,3.94505e+08,0.0010498,0.000141371,4.94056e-23
0,2.10452e+09,-3.11761e+07,3.31964e+08,-7.265e+09,1.2032e+08,-4.82617e+08,-6.26391e+08,0.000969585,0.000152941,-2.03971e-23
0,2.23645e+09,2.46591e+07,3.01666e+08,-3.02514e+09,1.42386e+09,3.71238e+08,5.01895e+08,0.000978963,0.000132049,2.88785e-24
0,2.02009e+09,4.81178e+07,3.08817e+08,4.52999e+09,1.83184e+08,-3.70095e+08,-9.39691e+08,0.000986065,0.000150743,8.74712e-24
0,2.01656e+09,-3.63371e+07,3.31325e+08,-8.46517e+09,6.35501e+08,-4.67827e+08,-7.94342e+08,0.000938189,0.000154147,-4.77778e-23
0,2.02909e+09,-6.67489e+06,3.41192e+08,-7.78184e+08,5.84467e+07,-4.71712e+07,-5.24187e+08,0.000976497,0.000164198,-1.44363e-26
0,1.84402e+09,-2.58346e+07,2.32933e+08,2.13737e+09,-9.22434e+08,3.4085e+08,-1.36104e+09,0.0011527,0.000145606,6.37004e-24
0,2.11573e+09,4.83546e+07,3.05845e+08,-1.24588e+10,-4.0139e+08,3.04203e+07,2.47822e+08,0.000973481,0.000140724,3.90399e-23
0,1.97879e+09,-2.24896e+07,2.97467e+08,-3.89994e+09,-1.28114e+09,4.48132e+08,-1.31214e+09,0.00106774,0.00016051,-2.13546e-23
0,2.15346e+09,-1.34504e+07,3.09286e+08,-5.52259e+09,-1.40134e+09,-4.28979e+08,-9.59883e+08,0.00101757,0.000146147,-1.522e-23
0,1.73592e+09,-2.05537e+07,3.03439e+08,-9.01172e+09,2.14172e+09,4.03425e+08,-5.15255e+08,0.00108416,0.000189511,-2.86086e-23
0,2.02336e+09,-3.05719e+07,3.1006e+08,-9.61628e+09,-1.12655e+09,-2.50386e+08,-8.48237e+08,0.00100319,0.000153729,-8.70463e-23
0,2.0249e+09,-2.37126e+07,3.3434e+08,-5.20751e+09,-4.70162e+08,-3.88417e+08,-4.49123e+08,0.000931369,0.000153782,-3.9347e-24
0,1.87933e+09,-2.56632e+07,3.04591e+08,5.27487e+08,-9.93004e+08,-2.90801e+08,-7.98053e+08,0.000987566,0.000160059,-1.075e-25
0,1.87227e+09,-1.06918e+08,2.99087e+08,-7.51367e+09,-1.01558e+09,2.62192e+07,-5.33489e+08,0.000966013,0.000154316,-3.76744e-23
0,2.07403e+09,-1.12208e+07,3.33565e+08,2.65528e+09,-2.81927e+08,9.01358e+07,-4.31407e+08,0.000938949,0.00015101,5.85029e-25
0,2.04189e+09,-2.73075e+07,2.98043e+08,-1.11464e+09,2.75729e+08,6.51127e+08,-8.85462e+08,0.000974908,0.000142301,5.07663e-27
0,2.045e+09,-1.42588e+07,3.06294e+08,1.35773e+08,-1.72808e+09,-5.30801e+08,-9.82794e+08,0.00103382,0.000154843,-2.26397e-24
0,2.09438e+09,969079,3.33219e+08,1.36005e+08,2.73087e+08,-1.54072e+08,-6.7462e+08,0.000936962,0.000149072,-4.55995e-28
0,1.9879e+09,-1.4757e+07,2.93256e+08,1.25568e+09,-1.11266e+09,2.28138e+08,-1.23625e+09,0.00104657,0.000154391,1.86912e-24
0,2.08083e+09,5.74926e+07,3.00631e+08,1.23972e+10,8.37318e+08,3.16463e+08,-4.93307e+08,0.00104704,0.000151273,1.37195e-22
0,1.94284e+09,-2.99478e+06,3.28963e+08,-6.087e+09,1.52949e+09,-4.04528e+08,-7.70277e+08,0.000912514,0.000154507,-2.14879e-23
0,1.93618e+09,-4.79436e+07,3.00498e+08,-5.50637e+09,-3.94282e+08,6.16117e+08,-1.29063e+09,0.00105763,0.000164145,-4.19212e-23
0,1.83042e+09,-8.76362e+07,3.05201e+08,-5.8884e+09,-4.38034e+08,8.54393e+07,-4.39592e+08,0.000956808,0.000159536,-1.48881e-23
0,1.85383e+09,-3.42705e+07,3.09703e+08,-7.77751e+09,1.08421e+08,-7.83302e+07,-9.22688e+08,0.000958192,0.000160077,-6.33978e-23
0,2.10365e+09,-2.14299e+06,3.09041e+08,1.99892e+09,3.97638e+08,1.42395e+08,2.63579e+08,0.000930904,0.000136756,-1.2433e-25
0,2.01739e+09,6.55857e+07,3.16043e+08,8.73132e+09,1.24968e+09,-1.33252e+08,-8.26681e+08,0.000971014,0.000152118,5.24777e-23
0,2.03414e+09,-4.1907e+06,3.41097e+08,-1.64577e+06,-1.68636e+07,2.00551e+06,-5.38587e+08,0.000985397,0.000165237,3.06955e-29
0,1.96687e+09,-3.17367e+07,3.03449e+08,-2.02688e+09,4.37229e+08,-2.72496e+08,-1.07635e+09,0.00103323,0.000159407,-1.37003e-24
0,2.03154e+09,-2.25153e+07,3.18409e+08,1.37703e+09,2.66721e+08,1.39573e+08,-8.91162e+08,0.00100155,0.000156976,1.97896e-25
0,2.05147e+09,-3.56179e+07,3.19408e+08,-5.38959e+09,-6.28012e+07,2.60653e+08,-8.54496e+08,0.000991691,0.000154403,-1.38123e-23
0,1.73471e+09,1.74017e+07,2.63739e+08,2.4537e+09,3.0977e+08,-3.83404e+08,-1.70543e+09,0.00111994,0.000170272,5.20236e-24
0,1.74575e+09,3.14394e+07,3.01293e+08,-7.34987e+09,-1.05495e+08,4.49079e+07,-8.56848e+08,0.00105127,0.000181435,-1.06594e-22
0,2.0321e+09,-2.73638e+07,3.21282e+08,3.44997e+09,-1.10778e+09,8.60011e+08,-2.43511e+08,0.00101587,0.000160612,-3.45001e-24
0,2.12265e+09,2.03397e+07,2.9587e+08,7.74229e+08,-4.13532e+08,-1.43127e+08,1.54247e+08,0.00091172,0.000127082,2.6145e-27
0,2.28998e+09,-8.77547e+06,3.32086e+08,-2.38245e+08,-2.42552e+08,-1.21791e+08,2.03871e+07,0.000869767,0.000126131,3.65275e-29
0,2.24963e+09,-2.32799e+07,3.30446e+08,2.04645e+09,-1.27314e+09,-3.1409e+08,-8.34331e+06,0.000871296,0.000127984,3.565e-25
0,2.08504e+09,1.67253e+07,3.01487e+08,1.0746e+09,-1.26052e+09,-2.32998e+08,-1.03767e+09,0.0010339,0.000149496,6.62142e-25
0,2.05686e+09,-2.4855e+07,3.05853e+08,-4.47315e+09,-1.1367e+09,3.46044e+08,-9.80717e+08,0.00103465,0.000153851,-1.63629e-23
0,1.89597e+09,-2.08649e+07,2.7086e+08,-3.00003e+08,-2.07759e+08,3.19693e+07,-1.34624e+09,0.00107938,0.000154202,1.64045e-25
0,1.88527e+09,4.82652e+07,2.98454e+08,9.92936e+09,1.45186e+09,-2.81795e+08,-1.13471e+09,0.000965226,0.000152804,1.39315e-22
0,2.04816e+09,-1.27154e+07,3.216e+08,3.51549e+09,3.30135e+08,-7.02852e+07,-6.86891e+08,0.00096556,0.000151611,2.64401e-24
0,2.00598e+09,-2.38032e+06,3.29973e+08,2.0927e+09,4.10735e+08,4.10352e+06,-7.51731e+08,0.000920331,0.000151389,5.30806e-25
0,2.28426e+09,1.58811e+07,3.18955e+08,2.23094e+09,-5.14484e+08,-2.23401e+08,-6.96215e+07,0.000911275,0.000127243,1.11295e-25
0,2.00725e+09,-5.63185e+07,3.20466e+08,-5.35108e+09,1.26317e+09,2.49479e+08,-7.30483e+08,0.00089622,0.000143085,-5.81576e-24
0,1.64641e+09,-4.10797e+07,2.41134e+08,-1.1597e+10,-1.9714e+09,-4.4486e+08,2.51953e+08,0.00129934,0.000190301,7.60576e-22
0,2.02587e+09,-4.65311e+06,3.40312e+08,-3.01534e+08,6.89752e+07,7.41902e+06,-5.88895e+08,0.000970626,0.000163049,4.32688e-27
0,2.01925e+09,-1.59564e+07,3.03241e+08,-2.28968e+09,-1.33983e+09,4.68546e+08,-1.07922e+09,0.00106236,0.000159541,-4.55001e-24
0,1.92271e+09,9.08395e+06,3.01694e+08,4.35771e+08,1.88999e+09,4.70724e+08,-1.03246e+09,0.000962416,0.000151013,-2.18789e-25
0,1.9271e+09,-6.19687e+07,2.53327e+08,-8.53647e+09,-1.43596e+09,1.3884e+08,-1.34014e+09,0.00114886,0.000151024,-2.92584e-22
0,1.90029e+09,-6.22065e+06,2.74526e+08,1.15466e+09,1.17738e+09,1.37806e+08,-1.14138e+09,0.000998479,0.000144246,3.97817e-25
0,2.07911e+09,-1.6903e+07,3.08614e+08,8.38667e+09,1.51876e+09,5.03409e+08,-5.0014e+08,0.000985083,0.000146221,4.20063e-23
0,2.01257e+09,-1.37838e+07,3.36894e+08,-4.05246e+09,-4.54966e+08,-6.27722e+08,3.57451e+08,0.000890627,0.000149086,2.75681e-24
0,2.06609e+09,-3.43685e+07,3.11542e+08,-1.34539e+09,-3.83163e+08,-3.12881e+08,-6.18137e+08,0.00101036,0.00015235,-8.88987e-26
0,2.02411e+09,4.92069e+07,3.05102e+08,1.14874e+10,-7.61482e+07,-2.27254e+08,-9.82517e+08,0.00100935,0.000152143,1.82969e-22
0,1.89997e+09,-3.0748e+07,2.99545e+08,-4.39975e+09,3.27666e+08,5.19764e+08,-1.16665e+09,0.000995489,0.000156946,-1.30393e-23
0,1.86394e+09,-5.60229e+07,3.06788e+08,-4.02318e+09,1.37071e+09,5.84775e+08,-1.2535e+09,0.000992776,0.000163402,-8.2879e-24
0,2.02478e+09,8.28772e+06,3.3365e+08,6.42143e+08,1.94963e+08,-1.04451e+08,-6.39941e+08,0.000927634,0.000152859,1.69096e-27
0,2.00521e+09,-3.32591e+07,3.01779e+08,-4.10511e+09,-9.43977e+08,5.04422e+08,-1.11482e+09,0.0010503,0.000158067,-1.57435e-23
0,1.89102e+09,-4.62617e+07,3.02658e+08,9.94796e+08,-4.52024e+08,-1.83976e+08,-6.85637e+08,0.00100646,0.000161084,1.25831e-25
0,2.06777e+09,-8.17555e+06,3.14278e+08,-5.70707e+09,-1.32346e+09,-3.45842e+08,-9.78431e+08,0.00100793,0.000153194,-2.06078e-23
0,1.93624e+09,-9.21458e+07,2.55477e+08,-1.09556e+10,-4.74115e+08,6.17719e+08,-1.15816e+09,0.00109489,0.000144464,-3.68719e-22
0,2.28734e+09,2.12483e+07,3.23261e+08,2.13842e+09,-3.73315e+08,-2.32213e+08,-2.08102e+08,0.000917957,0.000129731,1.33857e-25
0,1.9856e+09,5.9987e+07,3.13781e+08,1.09948e+10,6.80954e+08,5.73316e+07,-8.12564e+08,0.000939296,0.000148435,1.03643e-22
0,2.16879e+09,2.94629e+07,3.09198e+08,-8.31637e+09,6.2497e+08,-8.24664e+07,2.25657e+08,0.000961216,0.000137038,8.5588e-24
0,2.03394e+09,-3.76038e+06,3.42505e+08,-4.56831e+07,857284,-9.69289e+06,-4.09744e+08,0.00097071,0.000163463,3.08382e-28
0,2.07238e+09,2.45196e+07,3.09976e+08,4.24519e+09,-1.43085e+09,-2.19979e+08,-1.08837e+09,0.00104192,0.000155845,1.79507e-23
0,1.77284e+09,-2.08401e+07,2.93079e+08,-1.23851e+09,2.12431e+09,3.98852e+08,-1.20226e+09,0.000968122,0.000160046,7.07963e-25
0,1.84542e+09,-8.57254e+06,3.02906e+08,1.47853e+09,2.88214e+08,5.86165e+07,-6.78752e+08,0.00100588,0.000165103,3.87232e-25
0,2.22912e+09,-3.06741e+07,3.09737e+08,3.36869e+09,-2.41977e+09,-2.56486e+08,-1.55742e+08,0.000938324,0.00013038,6.14275e-24
0,1.79923e+09,-1.4232e+06,2.64911e+08,-1.79275e+09,-1.69094e+09,-4.30353e+08,-1.69547e+09,0.00115508,0.00017007,-2.47447e-23
0,1.9615e+09,-5.65795e+07,3.04441e+08,-5.49801e+09,-8.07151e+07,4.48172e+08,-1.0518e+09,0.00103508,0.000160652,-2.7474e-23
0,1.851e+09,-3.16983e+07,2.79114e+08,4.61119e+09,1.49114e+09,4.86036e+08,-1.07153e+09,0.00104157,0.000157059,3.4782e-23
0,1.83269e+09,7.46846e+06,3.11641e+08,3.42961e+08,1.46521e+09,-9.36034e+07,-8.43726e+08,0.000936772,0.000159294,-4.72862e-26
0,1.99094e+09,-9.43981e+07,2.70262e+08,-1.42653e+10,-3.86975e+08,5.61401e+08,-1.02873e+09,0.00106345,0.00014436,-5.36844e-22
0,2.02434e+09,-1.37955e+07,3.00883e+08,5.49806e+08,-2.92036e+08,6.89881e+08,-1.0584e+09,0.00100052,0.00014871,-1.94914e-25
0,2.04365e+09,1.62012e+07,2.71986e+08,-3.55975e+08,-5.75267e+07,-5.06955e+07,-8.0847e+08,0.00102285,0.000136129,1.83369e-26
0,1.92874e+09,-2.07041e+07,3.02745e+08,-3.0301e+09,-1.4826e+08,2.57765e+08,-1.08825e+09,0.00100265,0.00015738,-4.05357e-24
0,1.97332e+09,-5.90872e+07,2.89521e+08,-7.52496e+09,-4.0955e+08,-7.14123e+07,-1.15061e+09,0.00104379,0.000153143,-7.93734e-23
0,2.31152e+09,-237112,3.27545e+08,1.22654e+09,-8.20785e+08,8.19269e+07,-2.05954e+08,0.000905624,0.000128328,7.74771e-26
0,2.18858e+09,-2.54265e+07,3.01152e+08,3.45467e+09,-1.24776e+09,-4.32477e+08,5.42694e+07,0.000957534,0.000131758,1.46756e-24
0,1.98737e+09,2.30735e+07,3.37285e+08,3.30327e+09,6.5214e+08,4.52146e+08,-3.11899e+08,0.000937463,0.000159101,2.08394e-24
0,1.96977e+09,6.89397e+07,3.16323e+08,5.53569e+09,1.54052e+09,-6.88979e+07,-9.22542e+08,0.000956956,0.000153676,1.50001e-23
0,2.26831e+09,3.52301e+07,3.11665e+08,-1.345e+08,-5.92741e+08,-2.44683e+07,-7.48745e+07,0.000958555,0.000131705,-4.58377e-27
0,2.15945e+09,2.53228e+07,3.05033e+08,4.63872e+09,-2.28806e+09,4.39213e+07,-1.01646e+09,0.001071,0.000151284,3.34189e-23
0,1.77589e+09,-1.92138e+07,2.69552e+08,-2.52594e+09,-1.37535e+09,-4.15324e+07,-1.6789e+09,0.00114767,0.000174198,-2.37884e-23
0,2.00969e+09,-3.95847e+06,3.39965e+08,-4.44892e+08,2.61128e+07,6.36161e+06,-6.25234e+08,0.000978759,0.00016557,5.8172e-27
0,2.12054e+09,-5.17556e+06,3.22733e+08,2.80261e+08,5.09724e+08,-1.63294e+08,-6.22657e+08,0.000984772,0.000149876,-8.04872e-29
0,2.03749e+09,-3.37496e+06,3.41182e+08,8.66495e+07,1.04057e+07,1.78901e+07,-5.25644e+08,0.000970629,0.000162534,-1.21889e-27
0,1.87623e+09,1.79428e+07,2.89591e+08,-7.72607e+09,-1.51954e+09,3.01342e+08,-9.40341e+08,0.00106318,0.000164099,-1.39584e-22
0,2.24569e+09,2.59281e+07,3.29735e+08,-5.59132e+09,-1.12524e+09,6.5292e+07,-4.53093e+07,0.000923877,0.000135653,-1.47261e-24
0,2.02022e+09,762454,3.12182e+08,4.90389e+08,-7.25685e+08,1.96562e+08,-1.30391e+09,0.0010298,0.000159134,2.64118e-25
0,2.17899e+09,3.84295e+07,3.13686e+08,-3.31414e+09,2.56763e+08,3.60216e+08,5.14581e+08,0.000942703,0.000135711,1.23492e-24
0,2.05525e+09,-5.96323e+07,3.11372e+08,-7.29737e+09,2.44169e+08,3.54839e+08,-8.71945e+08,0.00100898,0.000152861,-3.65195e-23
0,1.95201e+09,4.36981e+07,3.2806e+08,5.00093e+09,1.23629e+09,-8.43616e+07,-5.32336e+08,0.000950619,0.000159764,5.66116e-24
0,2.17938e+09,2.32463e+06,3.11489e+08,2.3991e+09,-2.68461e+09,-1.12123e+08,-1.16187e+08,0.000906348,0.00012954,4.88103e-24
0,1.99374e+09,-1.34614e+07,3.04195e+08,5.32421e+09,3.85329e+08,5.06525e+08,-9.40237e+08,0.000969218,0.000147878,1.68035e-23
0,2.02215e+09,6.3156e+07,3.09351e+08,1.04898e+10,2.56448e+07,-2.10211e+08,-7.74039e+08,0.000966985,0.000147931,8.8601e-23
0,1.92632e+09,3.80138e+07,3.09156e+08,4.17284e+09,3.82873e+08,-4.38662e+08,-1.11363e+09,0.000997043,0.000160016,1.00263e-23
0,2.05805e+09,8.33583e+06,2.89267e+08,2.54013e+09,-1.06066e+09,3.33429e+07,-1.10236e+09,0.00105235,0.000147912,4.1893e-24
0,1.90831e+09,-1.99612e+07,3.03376e+08,3.92293e+08,1.3498e+09,9.86131e+08,-1.1509e+09,0.000994221,0.000158058,6.01064e-25
0,2.32422e+09,1.16659e+07,3.25185e+08,5.46768e+08,-6.50551e+08,25054.7,-1.55459e+08,0.000927549,0.000129774,1.75069e-26
0,1.97769e+09,-2.57718e+07,3.25858e+08,-2.03603e+08,5.60815e+08,2.53469e+08,-9.58618e+08,0.000978104,0.00016116,-1.29341e-28
0,2.03162e+09,-909367,3.1141e+08,-6.08175e+08,-1.52688e+09,3.70663e+06,-1.04724e+09,0.00105541,0.000161775,-1.24328e-24
0,1.83152e+09,1.76492e+07,2.94269e+08,4.27179e+09,1.58712e+09,3.39508e+08,-1.27013e+09,0.000995416,0.000159933,2.45328e-23
0,2.02459e+09,-5.8369e+07,3.19768e+08,-8.48947e+09,5.76689e+08,-1.49753e+08,-7.74854e+08,0.000980681,0.000154891,-5.25132e-23
0,1.8922e+09,7.63918e+07,3.15107e+08,-1.1974e+10,-2.39232e+09,-2.96302e+08,4.58069e+08,0.000891363,0.000148438,8.00113e-23
0,2.00074e+09,8.34802e+06,3.027e+08,4.25106e+09,5.73315e+08,8.12503e+07,-8.71746e+08,0.00109353,0.000165445,1.34119e-23
0,2.00729e+09,-3.35718e+06,3.42047e+08,7.54733e+07,5.47486e+07,2.73004e+07,-4.57529e+08,0.000977724,0.000166606,-8.24941e-28
0,2.06318e+09,6.67991e+06,3.19558e+08,5.57524e+09,-4.70443e+07,-4.68821e+08,-6.51101e+08,0.000997874,0.000154557,1.17249e-23
0,2.00786e+09,-2.49663e+07,3.11168e+08,-2.17425e+09,-7.82716e+07,3.9091e+08,-9.21671e+08,0.00099216,0.00015376,-8.48646e-25
0,2.13448e+09,9.13847e+06,3.14064e+08,3.58785e+09,-2.04748e+09,3.28085e+08,-8.21796e+08,0.00107291,0.000157866,1.53146e-23
0,2.0494e+09,-1.56056e+07,3.1374e+08,-2.76988e+09,-1.56384e+09,-4.65772e+07,-9.40543e+08,0.00106136,0.000162482,-8.584e-24
0,2.02698e+09,-1.49595e+07,3.33519e+08,-9.45208e+07,1.388e+08,1.32551e+08,-7.46381e+08,0.000982654,0.000161686,1.61153e-27
0,1.9454e+09,4.54832e+07,3.2416e+08,6.51879e+09,7.61358e+08,-1.88855e+08,-1.25128e+08,0.00102205,0.000170304,2.10034e-24
0,2.093e+09,2.01191e+07,3.2405e+08,6.24024e+09,6.99909e+08,2.47001e+08,-5.95881e+08,0.000926768,0.000143488,1.1288e-23
0,1.93831e+09,2.35332e+07,2.99177e+08,1.61969e+09,1.28832e+09,2.96614e+07,-1.19104e+09,0.00100982,0.000155864,8.14972e-25
0,2.0072e+09,1.71629e+07,2.78359e+08,1.77096e+10,7.0556e+08,1.61423e+08,-5.26023e+08,0.00108771,0.000150843,5.66186e-22
0,2.10675e+09,-3.46319e+06,3.1248e+08,-1.80105e+08,-1.90802e+09,2.77063e+08,-9.26951e+08,0.00106807,0.00015842,1.14445e-24
0,2.00426e+09,-4.0016e+07,3.05162e+08,-8.68665e+09,-1.1899e+09,4.73065e+07,-1.09017e+09,0.00104103,0.000158504,-1.18629e-22
0,2.15466e+09,1.29034e+07,3.18488e+08,2.9704e+09,-8.93154e+08,-3.30278e+08,-8.20966e+08,0.00100041,0.000147875,2.82844e-24
0,2.12684e+09,1.16483e+07,3.15485e+08,-2.14084e+09,-1.76337e+09,-3.63646e+08,-6.78848e+08,0.00103413,0.000153397,-4.54294e-24
0,2.00816e+09,-6.18962e+07,3.23731e+08,-7.13048e+09,1.55312e+09,-2.54658e+07,-6.1915e+08,0.000928743,0.000149721,-1.75412e-23
0,2.05585e+09,-1.19716e+07,3.20808e+08,-9.23205e+09,4.13075e+08,1.50826e+08,-2.56322e+07,0.000922022,0.000143878,-2.60299e-25
0,1.90415e+09,-6.22237e+07,2.60131e+08,-4.29872e+09,-4.49485e+08,5.38879e+08,-1.34565e+09,0.00111135,0.000151824,-2.81778e-23
0,1.98612e+09,1.41491e+07,2.9926e+08,2.54009e+09,-3.90659e+08,-3.20624e+08,-1.21347e+09,0.00100722,0.000151764,2.29112e-24
0,2.02296e+09,1.28026e+07,3.25099e+08,-4.74961e+09,5.53781e+08,-3.33183e+07,-6.17502e+08,0.000941878,0.000151364,-5.89736e-24
0,1.96798e+09,4.83101e+07,3.03527e+08,-2.95911e+09,-1.095e+09,-3.52622e+07,-8.49823e+08,0.0010288,0.000158674,-5.68607e-24
0,1.93279e+09,-7.10614e+07,2.99777e+08,-7.2171e+09,1.36834e+09,7.37569e+08,-8.2926e+08,0.000921579,0.000142937,-1.66518e-23
0,2.12355e+09,2.75839e+07,3.22484e+08,6.63789e+09,5.59027e+08,-4.65436e+07,-5.82054e+08,0.000949451,0.000144185,1.1922e-23
0,2.14886e+09,5.52388e+06,3.21315e+08,-3.37047e+08,-1.22308e+09,3.28948e+08,-7.84969e+08,0.00100867,0.000150824,2.37824e-25
0,2.32992e+09,4.37612e+06,3.40522e+08,1.11718e+09,-3.50654e+08,-1.70802e+07,-1.05836e+08,0.000874796,0.000127853,9.07615e-27
0,1.99879e+09,1.15206e+07,3.08448e+08,2.49607e+09,-9.12863e+08,-1.80989e+08,-1.15555e+09,0.0010272,0.000158514,3.64097e-24
0,2.13923e+09,-3.92645e+07,2.74794e+08,2.75272e+09,-2.10973e+08,-6.5025e+08,2.8994e+08,0.00102211,0.000131295,-3.35255e-25
0,2.05939e+09,-4.81268e+07,3.18651e+08,-6.33674e+09,-6.49359e+07,-1.28435e+08,-8.90376e+08,0.000985521,0.000152491,-2.21717e-23
0,1.95964e+09,-3.07843e+07,3.09353e+08,-5.70267e+09,-4.01382e+08,4.46994e+08,-1.11182e+09,0.00101965,0.000160963,-3.23704e-23
0,2.2107e+09,-1.0589e+07,3.14254e+08,-1.44276e+09,-1.13739e+09,-2.65638e+08,-6.42459e+08,0.0010123,0.0001439,-7.56618e-25
0,1.94199e+09,-3.42382e+07,3.3032e+08,-4.82825e+09,6.89114e+08,2.64874e+08,-5.16172e+08,0.000904467,0.000153843,-4.02628e-24
0,2.01128e+09,-5.19796e+06,3.32105e+08,9.76202e+08,1.71619e+08,1.29768e+08,-8.41182e+08,0.000983242,0.000162354,3.0244e-26
0,2.01033e+09,-2.04341e+07,3.18503e+08,-1.80201e+09,1.70498e+07,4.79355e+07,-1.17945e+09,0.00102203,0.000161924,-5.33624e-25
0,2.01263e+09,-2.75201e+07,3.07614e+08,-3.22053e+09,-1.08208e+09,3.3518e+08,-1.11216e+09,0.00103915,0.000158826,-8.24229e-24
0,2.17165e+09,-3.32537e+07,3.01049e+08,-2.24918e+09,-1.12989e+09,7.00196e+07,-7.62195e+08,0.000973989,0.000135021,-1.52321e-24
0,2.06375e+09,2.63791e+07,2.98526e+08,5.19094e+09,-1.65188e+09,3.38424e+08,-1.09987e+09,0.00105278,0.000152287,2.76161e-23
0,1.90071e+09,-1.99422e+07,3.31699e+08,-5.07708e+09,-2.6642e+08,-5.23103e+08,2.74126e+08,0.000910334,0.000158865,4.81506e-24
0,2.01072e+09,2.17536e+07,3.03078e+08,3.10783e+09,-8.07078e+08,-3.18878e+07,-1.22882e+09,0.00104677,0.000157781,6.46203e-24
0,2.0469e+09,-2.9298e+06,3.41879e+08,-2.85771e+06,1.24428e+07,2.13731e+07,-4.68794e+08,0.000972793,0.000162479,1.16957e-29
0,1.88377e+09,3.02686e+07,3.14854e+08,3.18375e+09,6.22835e+08,-3.1082e+08,-1.10506e+09,0.00102495,0.000171311,5.39977e-24
0,2.2083e+09,1.50443e+07,3.23687e+08,3.89262e+09,-8.9484e+08,3.12735e+08,-3.58343e+08,0.000939997,0.000137782,8.90249e-25
0,2.1661e+09,1.59752e+07,3.01852e+08,-6.64156e+09,-5.2362e+06,-1.59653e+08,2.66522e+08,0.000939636,0.000130941,4.78844e-24
0,1.87563e+09,1.50126e+07,2.75774e+08,9.56584e+09,1.1104e+09,2.82781e+08,-1.22329e+09,0.00100283,0.000147446,2.02526e-22
0,1.98042e+09,3.61572e+07,3.081e+08,-5.72551e+09,-1.40183e+09,3.83271e+08,-5.92295e+08,0.00105081,0.000163478,-3.35918e-23
0,1.94356e+09,5.73758e+07,2.4963e+08,-4.49722e+09,-1.8334e+09,-8.17302e+07,3.68739e+08,0.00107326,0.000137849,6.23011e-25
0,1.96236e+09,3.52785e+07,3.25511e+08,-1.70367e+09,7.22691e+08,2.16406e+08,-6.77e+08,0.000924746,0.000153394,-2.00319e-25
0,2.04276e+09,-1.81382e+07,2.91923e+08,-2.69984e+09,-6.20811e+08,-7.99694e+07,-1.13602e+09,0.00103894,0.00014847,-3.06062e-24
0,1.8841e+09,-3.77909e+06,3.33073e+08,-1.9156e+09,4.83516e+08,3.45802e+08,-4.09545e+08,0.000900127,0.000159126,-1.37734e-25
0,2.13893e+09,3.68845e+07,3.2461e+08,4.69191e+09,-2.48916e+08,8.28954e+07,-6.10933e+08,0.000969207,0.00014709,4.68289e-24
0,2.04197e+09,-575555,3.36127e+08,7.35002e+08,2.82838e+07,7.39339e+07,-6.85093e+08,0.000988908,0.000162783,3.13837e-27
0,2.02538e+09,-4.43969e+07,3.10526e+08,-5.26858e+09,-6.4192e+08,4.03451e+08,-1.00681e+09,0.00103754,0.000159073,-2.32867e-23
0,1.90859e+09,1.49328e+07,3.12299e+08,3.3135e+09,2.65976e+07,-4.24076e+08,-1.17902e+09,0.00103008,0.00016855,6.46657e-24
0,1.97416e+09,-1.75185e+07,3.20202e+08,-6.95535e+09,-8.59134e+08,-3.52889e+08,-6.59919e+08,0.000980288,0.000158999,-2.30384e-23
0,2.04062e+09,1.73488e+07,3.08487e+08,1.03138e+09,-1.45821e+09,1.7102e+07,-1.17444e+09,0.00106664,0.000161248,2.21257e-24
0,1.99051e+09,-3.2302e+07,3.12544e+08,-1.8284e+09,6.10122e+08,2.8377e+08,-1.04219e+09,0.000966578,0.00015177,-4.36655e-25
0,1.90236e+09,-5.45439e+07,3.11108e+08,-6.91867e+09,9.7145e+08,3.50568e+08,-9.90298e+08,0.000970815,0.000158765,-3.89654e-23
0,1.89934e+09,-8.30315e+07,2.79517e+08,-8.59956e+09,5.85937e+08,8.21559e+08,-1.15762e+09,0.00101148,0.000148855,-1.06889e-22
0,1.99991e+09,5.43327e+07,2.94958e+08,-3.00583e+09,-1.15271e+09,3.40771e+08,-7.50379e+08,0.00106967,0.00015776,-7.123e-24
0,2.03653e+09,4.57434e+07,3.17919e+08,3.28677e+09,8.60851e+07,9.93276e+07,-8.35244e+08,0.000971013,0.000151583,2.75941e-24
0,2.02557e+09,-5.3002e+07,2.85804e+08,3.31631e+09,-1.70561e+09,-4.45451e+08,4.67523e+08,0.000945789,0.000133449,1.66878e-24
0,1.97337e+09,-5.69729e+07,3.10323e+08,-6.28068e+09,4.0994e+08,5.75223e+08,-1.01321e+09,0.001013,0.000159299,-3.11016e-23
0,2.01217e+09,-1.49851e+07,3.13939e+08,-4.19588e+09,-1.21371e+09,1.75815e+08,-1.0522e+09,0.00103415,0.000161348,-1.63535e-23
0,1.98139e+09,607027,3.10555e+08,-1.04207e+09,-1.50882e+09,2.11859e+08,-1.12276e+09,0.00106906,0.000167561,-1.61482e-24
0,2.03637e+09,-2.74268e+07,3.32722e+08,-7.41156e+09,3.20758e+08,-3.36836e+08,-6.65843e+08,0.000929266,0.000151833,-2.27665e-23
0,2.17465e+09,5.39854e+07,3.10743e+08,-6.3217e+09,-1.50665e+09,3.20046e+08,7.63939e+07,0.000975602,0.000139407,-5.08431e-24
0,1.83636e+09,6.32295e+07,2.98454e+08,5.70477e+09,7.9374e+08,-3.57722e+08,-9.52497e+08,0.000944612,0.000153523,2.16292e-23
0,1.89195e+09,-1.13428e+07,3.07613e+08,3.09271e+08,3.0213e+08,2.29991e+08,-1.26487e+09,0.000996616,0.00016204,-1.1743e-25
0,2.01656e+09,-7.5449e+06,3.08004e+08,-3.46412e+09,-9.5506e+08,-8.26651e+07,-1.06308e+09,0.00102298,0.000156248,-7.26358e-24
0,1.93173e+09,-3.19347e+07,3.19571e+08,-5.74803e+09,4.24888e+08,1.64853e+08,-9.49465e+08,0.000962343,0.000159203,-2.09319e-23
0,2.02081e+09,-2.88485e+07,3.32161e+08,-4.61155e+09,1.9571e+08,-5.7049e+08,-7.6271e+08,0.000977681,0.000160701,-8.29744e-24
0,2.03496e+09,-1.6926e+07,3.24364e+08,-6.84285e+09,-6.69753e+08,-3.91861e+08,-7.96193e+08,0.00101352,0.00016155,-2.70882e-23
0,2.08553e+09,-2.1372e+07,3.22691e+08,-5.92525e+09,-1.13767e+09,-3.41911e+08,1.85524e+08,0.000986444,0.000152631,6.60525e-24
0,1.87427e+09,3.36689e+07,3.18707e+08,1.57817e+09,1.5282e+09,-1.5794e+08,-1.15885e+09,0.000971332,0.000165168,3.2269e-25
0,1.7962e+09,2.11312e+07,2.71707e+08,-3.66955e+09,-1.46634e+09,1.70081e+08,5.41446e+08,0.000975673,0.000147588,1.35415e-24
0,1.91231e+09,-5.4971e+07,3.07888e+08,-5.07469e+09,1.25652e+09,7.42885e+08,-1.09143e+09,0.000988007,0.000159073,-1.19851e-23
0,2.11398e+09,3.22152e+06,3.01308e+08,-8.41164e+09,-1.52003e+09,-2.96934e+08,2.28055e+08,0.00096829,0.000138011,1.5303e-23
0,2.04037e+09,3.31194e+07,3.18333e+08,3.25443e+09,-4.36238e+08,8.23992e+07,-8.40889e+08,0.00099632,0.000155443,3.11713e-24
0,1.83762e+09,1.78766e+07,2.84377e+08,-3.55901e+09,-8.08232e+08,-4.11261e+07,-1.02198e+09,0.00102564,0.00015872,-1.13049e-23
0,2.03348e+09,-5.33965e+07,3.0009e+08,-4.47381e+09,-7.37922e+08,3.0187e+08,-1.10363e+09,0.00105459,0.00015563,-1.68887e-23
0,2.01583e+09,-2.36519e+07,3.35127e+08,-5.82134e+09,6.56291e+08,-3.0042e+08,-5.92356e+08,0.000912941,0.000151774,-1.05174e-23
0,1.83121e+09,-2.95422e+06,3.02362e+08,-1.62352e+09,-3.96201e+08,2.65925e+08,-1.38369e+09,0.00104279,0.000172182,-4.8785e-25
0,2.03932e+09,4.82288e+07,2.89907e+08,8.59572e+09,4.32677e+08,-1.11793e+08,-8.74826e+08,0.000977676,0.000138985,5.49036e-23
0,2.11958e+09,-1.22057e+06,3.20295e+08,2.794e+09,4.81526e+08,1.78645e+08,-5.57046e+08,0.000925009,0.000139781,9.02262e-25
0,1.91662e+09,-1.24052e+07,3.01541e+08,3.21775e+09,1.21051e+09,9.32442e+06,-1.06593e+09,0.000992264,0.000156113,5.30067e-24
0,1.98702e+09,-234165,3.0822e+08,7.48728e+08,-1.13634e+09,-1.33604e+08,-1.25924e+09,0.00104458,0.000162031,3.84983e-25
0,1.88412e+09,-3.75949e+07,3.22103e+08,-3.52784e+09,1.03941e+09,1.51239e+08,-8.92771e+08,0.000944836,0.000161526,-4.23642e-24
0,1.94858e+09,-3.79664e+07,3.21948e+08,-5.33601e+09,-5.30137e+08,-6.80154e+07,-7.48382e+08,0.00101766,0.00016814,-1.76216e-23
0,1.90369e+09,-5.74479e+07,3.15615e+08,-3.95269e+09,1.58016e+09,5.08858e+08,-9.44695e+08,0.00097458,0.000161577,-3.02434e-24
0,1.76984e+09,7.60639e+06,2.98017e+08,5.68501e+07,2.22586e+09,-2.44442e+08,-1.23484e+09,0.000972755,0.000163799,2.51172e-25
0,2.05648e+09,-3.97892e+06,2.87456e+08,2.56013e+09,-3.19511e+09,-3.08796e+07,-1.15117e+09,0.00109984,0.000153736,4.70765e-23
0,2.02659e+09,266618,3.40236e+08,6.79621e+07,1.00659e+08,1.07693e+07,-5.97464e+08,0.000969857,0.000162826,-1.40667e-27
0,2.14556e+09,-2.14015e+06,3.19476e+08,2.72854e+09,3.12782e+08,1.91397e+08,-5.45547e+08,0.000929269,0.000138369,7.47352e-25
0,2.02449e+09,-1.42163e+07,3.17125e+08,-4.05217e+09,2.50329e+08,1.03647e+08,-1.02777e+09,0.000958996,0.000150221,-6.04311e-24
0,2.13797e+09,2.05806e+07,3.29413e+08,-7.68382e+09,-1.74502e+09,-3.58863e+08,-5.96923e+06,0.000910491,0.000140286,1.73657e-24
0,1.78288e+09,-2.64889e+06,2.83399e+08,-2.29544e+09,2.51681e+09,-9.92679e+06,-1.2405e+09,0.000947583,0.000150624,1.38783e-24
0,2.1955e+09,1.06339e+07,3.37244e+08,3.99e+09,-1.23398e+08,3.12059e+08,-4.06402e+08,0.000906523,0.000139248,1.10566e-24
0,1.84162e+09,-4.34855e+07,3.16882e+08,2.82795e+09,1.72627e+08,3.65481e+08,-5.45563e+08,0.000916301,0.000157665,1.61248e-24
0,2.08315e+09,-3.24813e+06,3.29733e+08,1.22165e+09,-8.05465e+08,9.73426e+07,-6.84179e+08,0.000977019,0.000154648,3.49253e-25
0,2.03293e+09,-2.38499e+06,3.41374e+08,-6.80655e+08,-3.47966e+07,-4.00268e+07,-5.19875e+08,0.000984686,0.00016535,-7.14427e-27
0,2.06936e+09,2.42421e+07,3.21667e+08,6.17763e+09,-5.08357e+08,-1.74406e+08,-8.14624e+08,0.000977108,0.000151884,1.905e-23
0,1.97579e+09,-3.81823e+07,3.13583e+08,-7.59639e+09,-2.72916e+08,-5.72982e+07,-8.94132e+08,0.000995869,0.000158057,-5.01751e-23
0,1.91109e+09,-5.06146e+07,3.14442e+08,-3.17396e+09,6.14535e+08,5.47846e+08,-9.72961e+08,0.000970835,0.000159737,-2.83044e-24
0,2.09047e+09,-5.0818e+07,3.14416e+08,-9.9455e+09,-5.56113e+08,1.99353e+08,-8.53561e+08,0.00100021,0.000150436,-8.77334e-23
0,1.85309e+09,-2.30721e+07,3.05131e+08,-2.69855e+09,1.31419e+08,2.38658e+08,-1.21935e+09,0.00100898,0.00016614,-3.49168e-24
0,1.95332e+09,2.87043e+07,3.12497e+08,6.39104e+09,-1.86931e+08,-2.4063e+08,-1.16573e+09,0.0010437,0.000166973,5.20252e-23
0,1.51013e+09,2.44857e+07,2.59486e+08,-5.12461e+09,2.24342e+09,1.0159e+08,-4.97476e+08,0.00104949,0.000180334,1.69613e-23
0,2.06157e+09,-1.43513e+07,3.18634e+08,-4.19989e+09,-1.44028e+09,6.45767e+07,-9.48545e+08,0.00104744,0.00016189,-1.62109e-23
0,2.09771e+09,2.28699e+06,3.01371e+08,1.33467e+09,-6.57959e+08,-3.10588e+08,-1.04406e+09,0.00101271,0.000145492,2.1604e-25
0,1.8783e+09,1.41219e+07,3.04464e+08,1.41076e+09,2.65824e+09,-5.27093e+07,-8.15706e+08,0.000885211,0.000143489,-2.45858e-24
0,2.1315e+09,-1.8026e+07,3.15488e+08,-1.84934e+09,-1.0863e+09,-4.07848e+08,-8.63841e+08,0.00100676,0.000149013,-1.13183e-24
0,1.94033e+09,-5.88076e+06,3.15682e+08,-6.23605e+08,-1.86451e+08,-1.92536e+07,-1.28914e+09,0.00100548,0.000163588,1.36523e-25
0,2.01832e+09,-1.46428e+07,3.29392e+08,1.39941e+09,7.77179e+08,2.45123e+08,-7.09495e+08,0.000941193,0.000153604,2.88707e-25
0,2.03701e+09,1.64151e+07,3.04788e+08,6.09341e+09,1.21519e+08,2.99735e+08,-9.46961e+08,0.000976869,0.000146164,2.15179e-23
0,2.06348e+09,2.9013e+07,3.07041e+08,7.3206e+09,-1.66589e+09,4.26607e+08,-1.05363e+09,0.00106889,0.000159048,6.26765e-23
0,1.97153e+09,-1.86349e+07,3.26272e+08,1.00246e+07,4.81325e+08,6.41025e+07,-9.64127e+08,0.000966574,0.000159961,-2.96796e-27
0,2.08833e+09,-3.31676e+07,3.06831e+08,-2.58506e+09,-8.20698e+07,1.65726e+08,-5.76982e+08,0.000928731,0.000136455,-6.68514e-25
0,2.00851e+09,1.59268e+07,3.15657e+08,5.53633e+09,-7.21516e+08,-3.95332e+08,-1.02203e+09,0.00106275,0.000167021,3.2849e-23
0,1.93713e+09,-4.80545e+07,3.11866e+08,-9.69598e+09,9.76118e+08,-2.17888e+07,-8.75896e+08,0.000961874,0.000154856,-9.70949e-23
0,1.84782e+09,4.76134e+06,2.90998e+08,6.64378e+08,4.28308e+08,7.24063e+07,-1.34516e+09,0.00101835,0.000160372,-1.78539e-25
0,1.88045e+09,-3.63145e+06,3.20511e+08,1.52688e+09,-6.9294e+07,-3.34417e+08,-6.58562e+08,0.000962806,0.000164104,2.38941e-25
0,2.03598e+09,3.93689e+07,3.19497e+08,4.40575e+09,7.25391e+08,2.16986e+08,-7.13603e+08,0.000943404,0.000148044,6.03719e-24
0,1.598e+09,3.10872e+07,3.09789e+08,4.74991e+09,5.3448e+08,8.26204e+07,4.6418e+08,0.00092947,0.000180187,-1.32082e-23
0,2.09899e+09,3.89911e+07,3.05638e+08,5.33186e+09,-6.07182e+08,2.96559e+07,-9.65375e+08,0.00099633,0.000145078,1.42829e-23
0,1.95973e+09,-6.09743e+07,3.13693e+08,-5.35322e+09,1.01983e+09,-7.15607e+07,-9.14487e+08,0.0010188,0.000163079,-2.22484e-23
0,1.66835e+09,-8.80876e+07,2.80625e+08,-4.0254e+07,2.51269e+07,7.58407e+08,-1.15992e+09,0.00106522,0.000179175,-3.87457e-25
0,1.98508e+09,-7.30961e+06,3.31146e+08,7.53194e+08,3.80888e+08,2.30644e+08,-8.19434e+08,0.000966356,0.000161205,2.26256e-26
0,1.9571e+09,-3.45389e+07,3.20218e+08,-6.11026e+09,-4.87409e+08,-6.27524e+07,-9.00127e+08,0.00102031,0.000166942,-3.12466e-23
0,1.91667e+09,-1.86005e+07,2.95909e+08,1.08052e+09,1.43399e+08,2.69519e+08,-1.25538e+09,0.00103599,0.000159943,-1.39064e-25
0,2.01552e+09,-3.3538e+06,3.19034e+08,4.26697e+09,9.5658e+08,7.00423e+08,-6.08453e+08,0.000910979,0.000144198,6.87223e-24
0,2.07335e+09,584914,3.27488e+08,3.57817e+09,2.18489e+08,2.48208e+08,-6.93592e+08,0.000945766,0.000149385,2.58541e-24
0,2.00663e+09,-1.71483e+07,3.12373e+08,2.83808e+08,-4.58063e+08,2.41197e+08,-9.80622e+08,0.00100302,0.000156141,6.27985e-26
0,2.09963e+09,8.04098e+06,3.23335e+08,1.41636e+09,-1.17427e+09,2.39812e+08,-7.71118e+08,0.00100259,0.000154394,1.12375e-24
0,1.73366e+09,-1.22509e+07,2.61669e+08,-3.77397e+09,-1.85382e+09,-2.3831e+08,7.62558e+08,0.000968231,0.000146139,8.72503e-24
0,2.0958e+09,3.53402e+07,3.22712e+08,4.84328e+09,-2.0029e+08,1.35291e+08,-6.55034e+08,0.000975047,0.000150138,6.22356e-24
0,1.89738e+09,4.07095e+07,2.90055e+08,2.84368e+08,-1.48052e+08,-3.56875e+08,-1.27872e+09,0.00106787,0.000163247,-1.99668e-25
0,2.01389e+09,5.36684e+07,3.24533e+08,5.39067e+09,1.3033e+09,1.31277e+08,-6.5787e+08,0.000933604,0.000150448,9.5043e-24
0,2.15439e+09,2.6829e+07,3.08206e+08,3.11646e+09,-1.35876e+09,8.49798e+07,-9.43503e+08,0.00102569,0.000146736,5.48732e-24
0,2.02121e+09,-1.4527e+07,3.25574e+08,9.02689e+09,2.95257e+08,3.80206e+08,-2.63161e+08,0.00101821,0.000164012,2.88497e-23
0,2.28184e+09,7.9743e+06,3.16986e+08,6.38897e+09,9.85078e+07,-3.4194e+08,-9.11301e+07,0.000926435,0.000128698,8.76981e-25
0,2.02912e+09,97749.2,3.42208e+08,4.39149e+08,-3.07113e+07,5.76519e+07,-4.42124e+08,0.00097423,0.000164302,-2.20749e-28
0,1.96357e+09,-1.11918e+07,3.07514e+08,5.68378e+08,6.20662e+07,4.93633e+08,-1.07819e+09,0.00099241,0.000155421,-1.59116e-25
0,1.77933e+09,-7.99644e+07,2.87552e+08,1.28106e+09,9.93012e+08,7.97156e+08,-9.76038e+08,0.00109331,0.000176687,3.13008e-24
0,2.0267e+09,1.54856e+06,3.04276e+08,7.29731e+09,5.92364e+08,5.57767e+08,-8.65392e+08,0.000950373,0.000142683,3.53764e-23
0,1.9997e+09,-2.42874e+07,3.02537e+08,-2.43035e+09,-1.38362e+09,3.89613e+08,-1.2044e+09,0.00107311,0.000162353,-6.66535e-24
0,2.01617e+09,-5.49742e+07,2.76739e+08,-5.49454e+09,-6.36783e+08,3.96942e+08,-9.40478e+08,0.000991325,0.000136069,-2.02372e-23
0,1.88207e+09,2.18901e+06,3.02414e+08,6.79152e+09,1.10401e+09,6.3454e+08,-1.29637e+09,0.000987779,0.000158717,8.11935e-23
0,2.09066e+09,-2.96742e+07,3.1998e+08,-7.45229e+09,-6.42592e+08,-2.22082e+08,-7.28435e+08,0.000970702,0.000148568,-2.45169e-23
0,1.86863e+09,1.74439e+07,2.79852e+08,-1.24482e+08,-1.99247e+08,-6.52031e+08,-1.30957e+09,0.00106187,0.000159028,1.27367e-25
0,1.93061e+09,7.5895e+06,3.07973e+08,3.42202e+09,1.31906e+09,547774,-9.41198e+08,0.000955124,0.000152363,4.26678e-24
0,1.79498e+09,-4.13434e+07,2.80622e+08,1.1078e+10,-4.39496e+08,-6.52584e+07,-6.66228e+08,0.00102468,0.000160195,2.2282e-22
0,2.0702e+09,1.07999e+07,3.35037e+08,6.32578e+09,1.67463e+08,3.02219e+08,-6.09666e+08,0.000928641,0.000150289,1.15299e-23
0,2.19114e+09,-1.24488e+07,3.20899e+08,-5.66571e+09,-1.4751e+09,-5.47397e+08,-7.33284e+08,0.00100451,0.000147113,-8.82454e-24
0,2.09157e+09,-8.29521e+06,3.27854e+08,-8.13145e+08,-5.73253e+07,-6.82632e+07,-8.41717e+08,0.000948633,0.000148698,2.69024e-27
0,1.88702e+09,-4.26849e+06,3.20013e+08,1.25608e+09,2.56597e+08,2.82825e+08,-1.25698e+09,0.00100748,0.000170855,2.21745e-26
0,2.23382e+09,-9.02658e+06,3.17147e+08,7.44367e+09,-1.39112e+09,-3.60774e+08,-1.7658e+08,0.000938194,0.0001332,1.00278e-23
0,1.93214e+09,5.92171e+07,3.01125e+08,1.17933e+10,1.63955e+09,1.68652e+08,-7.40534e+08,0.000978652,0.000152523,1.72507e-22
0,2.00847e+09,-3.99424e+07,3.17774e+08,-2.27314e+08,6.36125e+08,4.71249e+08,-9.28659e+08,0.000967806,0.000153123,-4.7048e-27
0,2.03856e+09,1.08696e+07,3.24831e+08,2.66505e+08,-4.48445e+08,2.38973e+08,-1.02886e+09,0.00100881,0.000160747,5.78309e-26
0,1.92395e+09,-7.66126e+06,3.0996e+08,9.19227e+08,5.3434e+08,6.65633e+08,-1.07957e+09,0.000991602,0.000159753,9.5805e-26
0,1.92616e+09,-3.53387e+07,2.97168e+08,-3.10556e+09,-3.80839e+08,5.99883e+08,-1.33701e+09,0.00104986,0.000161973,-6.37845e-24
0,1.91357e+09,-6.41719e+07,2.94143e+08,9.59882e+08,9.91989e+08,4.59875e+08,-8.76912e+08,0.00111309,0.000171098,7.39204e-25
0,2.029e+09,-4.56007e+06,3.29463e+08,1.93538e+09,1.12841e+08,1.01278e+08,-8.80109e+08,0.000982364,0.000159513,5.52104e-25
0,2.04049e+09,2.28393e+07,2.73708e+08,6.48721e+09,-1.08824e+09,-1.73283e+08,-8.99369e+08,0.00102871,0.000137989,3.88298e-23
0,1.883e+09,658884,2.8368e+08,-4.19684e+08,-4.06765e+08,-5.78065e+08,-1.26101e+09,0.00106559,0.000160534,4.34123e-26
0,1.9235e+09,-4.4462e+07,3.10059e+08,-3.74108e+09,1.25872e+09,4.06368e+08,-1.0978e+09,0.000960479,0.000154825,-4.7457e-24
0,2.10389e+09,1.01082e+07,3.34862e+08,2.91344e+09,-1.58071e+07,3.73261e+08,-6.1398e+08,0.000964879,0.000153573,1.09677e-24
0,1.99133e+09,-2.19846e+07,3.25802e+08,2.42037e+08,5.37275e+08,5.11949e+08,-8.06156e+08,0.000963301,0.000157606,1.93027e-27
0,2.17655e+09,-4.48029e+07,3.07013e+08,-8.70092e+09,-1.69423e+09,-3.32408e+07,-9.49805e+08,0.00101618,0.000143338,-6.76354e-23
0,1.93643e+09,3.5957e+07,3.16787e+08,5.20139e+09,1.47477e+09,-1.39058e+08,-9.86468e+08,0.000962013,0.000157379,1.42864e-23
0,2.07407e+09,-1.88353e+06,3.07064e+08,-7.06587e+08,-1.37697e+09,1.52517e+08,-1.13285e+09,0.00104967,0.000155403,-5.03591e-25
0,2.01171e+09,-1.25757e+07,3.19099e+08,-1.96948e+09,-6.26032e+08,2.84547e+08,-9.8039e+08,0.00100764,0.000159833,-1.08263e-24
0,1.94595e+09,-4.94028e+07,3.02357e+08,-4.19747e+09,1.64608e+08,6.4854e+08,-1.22053e+09,0.00104816,0.000162861,-1.33364e-23
0,2.20996e+09,2.52471e+07,3.06769e+08,9.5746e+09,-9.10598e+08,-1.35841e+08,-3.38216e+08,0.00100669,0.00013974,2.75618e-23
0,2.01827e+09,3.85709e+07,2.6134e+08,-5.40466e+09,-6.58105e+08,-5.66078e+07,4.98126e+08,0.00104171,0.000134887,1.19694e-23
0,2.15537e+09,3.88159e+07,2.99316e+08,7.33207e+09,-1.84688e+09,-5.05958e+08,-8.32024e+08,0.0010211,0.000141799,5.57984e-23
0,2.16933e+09,1.7468e+07,3.31014e+08,3.00766e+09,-5.07522e+08,2.18982e+08,-7.31029e+08,0.000970114,0.000148028,1.28114e-24
0,2.02578e+09,-1.25341e+07,2.84903e+08,-3.61464e+08,-7.34517e+08,1.33515e+08,7.8873e+08,0.00106448,0.000149707,1.43204e-27
0,2.06428e+09,4.13556e+07,3.1965e+08,6.74404e+09,-7.675e+08,3.97703e+08,-1.19073e+09,0.00105582,0.000163492,4.57817e-23
0,2.17337e+09,3.10682e+06,3.39788e+08,4.93707e+08,-3.94501e+08,1.41934e+08,-3.58237e+08,0.00098831,0.000154514,1.38589e-26
0,1.96953e+09,2.5034e+07,3.19619e+08,6.55071e+09,9.68061e+08,-2.2286e+08,-9.09073e+08,0.000978946,0.000158865,2.77521e-23
0,2.06186e+09,2.05233e+06,3.10964e+08,1.92936e+09,-4.13546e+08,-6.37592e+07,-9.89506e+08,0.000975639,0.000147143,6.24966e-25
0,2.26795e+09,1.21488e+07,3.09845e+08,6.06252e+09,-9.77071e+08,-1.60323e+08,-3.69319e+08,0.00102602,0.000140174,8.72165e-24
0,2.14829e+09,1.6635e+07,3.3261e+08,4.14158e+09,-6.0997e+08,4.31961e+08,-7.07416e+08,0.000980083,0.000151742,2.92664e-24
0,1.96846e+09,-3.27416e+07,3.21714e+08,-2.3444e+09,-1.24346e+08,8.31919e+07,-8.96081e+08,0.000996509,0.000162864,-1.33657e-24
0,2.05222e+09,-1.20668e+06,3.15661e+08,1.62421e+09,-6.49816e+08,1.56451e+07,-9.05163e+08,0.00100107,0.00015398,5.98597e-25
0,2.02614e+09,-3.00019e+06,3.40432e+08,-3.11993e+07,3.86544e+07,-3.26665e+06,-5.84324e+08,0.000971774,0.000163277,6.33629e-28
0,2.14638e+09,-2.43904e+07,3.09966e+08,4.437e+08,-1.72852e+09,-2.34596e+08,1.54902e+08,0.000870129,0.000125658,4.39342e-26
0,2.18395e+09,7.03034e+06,3.19607e+08,1.33297e+09,-1.60096e+09,2.77954e+08,-7.96737e+08,0.0010246,0.000149944,2.20447e-24
0,1.92943e+09,-2.8627e+07,3.11781e+08,-4.67623e+09,-1.02679e+08,5.283e+08,-1.16283e+09,0.00103747,0.000167648,-1.979e-23
0,2.1905e+09,-7.86053e+06,2.95123e+08,-4.22492e+09,2.99531e+08,-2.75136e+08,2.00482e+08,0.000998626,0.000134543,8.18794e-25
0,2.07445e+09,4.61299e+07,2.93103e+08,-3.72175e+09,-1.92098e+09,2.10828e+08,-6.78825e+08,0.00113058,0.000159741,-2.32727e-23
0,1.9153e+09,2.7526e+07,3.18817e+08,2.5862e+09,8.01839e+08,-2.15419e+08,-9.66538e+08,0.000983503,0.000163712,1.90095e-24
0,1.95432e+09,-1.92359e+07,3.27745e+08,-7.90056e+08,1.53095e+08,-1.49331e+08,-1.05126e+09,0.001,0.000167703,5.66986e-26
0,2.09086e+09,1.6966e+07,3.18788e+08,6.30591e+09,6.60738e+07,-1.73609e+08,-8.83783e+08,0.00100203,0.000152777,2.17977e-23
0,2.00041e+09,-1.83323e+07,3.18415e+08,-1.40925e+08,-2.81745e+08,4.25125e+08,-9.94161e+08,0.00101984,0.000162333,7.92346e-26
0,2.04325e+09,-2.37966e+07,3.30077e+08,-1.94855e+09,5.63705e+08,-7.81065e+07,-7.11992e+08,0.000956197,0.000154469,-5.11969e-25
0,2.12632e+09,-2.15127e+07,2.94336e+08,3.07832e+09,4.2209e+08,-5.85139e+07,-4.27097e+08,0.00114827,0.000158949,2.16215e-24
0,2.17729e+09,-9.9325e+06,3.21201e+08,-1.14986e+09,-1.17773e+09,-3.3185e+08,-7.42685e+08,0.000990922,0.000146184,-7.32767e-25
0,2.03743e+09,-2.92626e+06,3.40897e+08,2.00696e+08,-9.79433e+07,6.07205e+07,-5.49828e+08,0.000979915,0.000163957,-2.11662e-27
0,2.14029e+09,-2.07277e+07,3.17363e+08,1.57139e+09,-6.03506e+07,-1.09636e+08,-5.82346e+08,0.000934017,0.000138496,1.2426e-25
0,1.90754e+09,6.85077e+06,2.58992e+08,1.78616e+09,6.86493e+07,-3.91431e+08,-1.13932e+09,0.00106123,0.000144086,6.42806e-25
0,1.80608e+09,-3.43257e+07,3.06968e+08,-3.14493e+09,9.70813e+08,2.35858e+08,-1.24695e+09,0.000989657,0.000168206,-6.2522e-24
0,2.02669e+09,-2.33084e+06,3.42255e+08,1.50342e+08,3.12613e+07,1.65654e+07,-4.36312e+08,0.000971585,0.000164075,-1.12333e-27
0,2.01247e+09,-6.38276e+06,3.10823e+08,1.06253e+09,-1.99018e+08,2.26058e+08,-1.01209e+09,0.000990575,0.000152993,4.93101e-27
0,1.84817e+09,5.98507e+07,3.0522e+08,5.13755e+09,2.0211e+09,-1.5794e+08,-1.19321e+09,0.000972384,0.000160586,1.93241e-23
0,1.94216e+09,2.24113e+07,3.30437e+08,4.82252e+08,1.19943e+09,-1.54725e+08,-7.55048e+08,0.000929527,0.000158148,-1.86845e-26
0,2.15293e+09,-1.22799e+07,3.34084e+08,-3.56834e+09,-5.42607e+08,-2.87265e+08,-6.4467e+08,0.000980966,0.000152222,-1.93362e-24
0,2.2368e+09,2.30592e+07,3.21525e+08,3.62905e+09,-1.39355e+09,-2.08185e+08,-7.72059e+08,0.00102626,0.000147518,6.25762e-24
0,2.09485e+09,-1.89952e+07,3.31554e+08,-2.07018e+09,1.95861e+08,-2.06973e+08,-7.24119e+08,0.000954361,0.000151048,-4.8441e-25
0,2.0106e+09,4.74473e+07,2.88528e+08,-7.72509e+09,-2.80076e+09,2.25746e+08,-7.36139e+08,0.00110729,0.000158899,-1.80683e-22
0,1.97301e+09,-2.31302e+07,3.13194e+08,2.65214e+07,-3.37595e+08,2.18669e+08,-1.28748e+09,0.001023,0.000162389,7.44762e-26
0,1.87987e+09,-4.03591e+07,3.11721e+08,-2.8458e+09,7.5447e+08,3.43034e+08,-1.14854e+09,0.000999115,0.000165674,-3.30637e-24
0,2.03294e+09,-3.95995e+06,3.42565e+08,5.57296e+07,-7.3711e+07,5.72202e+07,-3.9832e+08,0.000979978,0.000165134,-7.87058e-29
0,1.94601e+09,-1.4791e+07,3.17067e+08,-2.81533e+08,-7.45103e+07,3.2594e+08,-1.12422e+09,0.0010122,0.000164921,7.56895e-26
0,2.15954e+09,8.28953e+06,2.9638e+08,-4.4263e+08,-2.84128e+09,-1.6909e+08,-7.52834e+08,0.00106017,0.0001455,-5.28033e-24
0,2.09339e+09,3.22668e+07,2.96427e+08,-5.74437e+09,-1.25225e+09,3.51696e+07,3.05518e+08,0.00091733,0.000129895,2.53665e-24
0,2.07019e+09,-1.5808e+07,3.20108e+08,-4.61931e+09,-9.44249e+08,3.22802e+08,-8.35188e+08,0.00101554,0.000157031,-1.25635e-23
0,2.10953e+09,-2.57257e+07,3.31401e+08,-4.72026e+09,-2.20541e+08,-4.48933e+08,-7.22634e+08,0.000961134,0.000150992,-5.10096e-24
0,2.28489e+09,-5.99291e+06,3.31159e+08,6.67356e+09,4.62777e+08,2.35994e+08,5.34436e+07,0.000942363,0.00013658,-8.68526e-26
0,2.01904e+09,-1.88266e+06,3.13308e+08,8.56799e+08,6.81159e+07,3.7931e+08,-9.79081e+08,0.000995843,0.000154532,-6.91244e-26
0,2.13762e+09,-1.4163e+07,3.25735e+08,-4.97594e+09,-1.03844e+09,-1.21032e+08,-5.41546e+08,0.000983217,0.000149825,-6.32581e-24
0,2.03623e+09,-1.80346e+06,3.4082e+08,3.26256e+08,-416674,3.85955e+07,-5.55211e+08,0.000973618,0.000162962,-3.74101e-27
0,2.05752e+09,-3.97997e+06,3.34417e+08,-1.81037e+09,3.91754e+08,-8.23621e+07,-6.52172e+08,0.000941988,0.000153105,-3.22536e-25
0,1.99529e+09,1.89831e+07,3.18076e+08,2.25203e+09,-3.91888e+08,9.65099e+07,-9.16052e+08,0.00100683,0.000160502,1.23821e-24
0,1.93462e+09,2.43354e+07,2.93205e+08,-1.03687e+10,-3.15156e+09,1.83413e+08,-7.36728e+08,0.00106981,0.000162137,-3.81973e-22
0,1.89041e+09,1.47965e+07,2.92416e+08,-2.20693e+09,-1.55926e+08,-3.10545e+08,-1.66717e+09,0.00106784,0.000165177,-1.46694e-24
0,2.03366e+09,1.18858e+07,2.67973e+08,-1.12318e+09,-1.39447e+09,-1.48137e+08,-1.00442e+09,0.00106944,0.00014092,-2.48397e-24
0,1.93189e+09,-5.44103e+06,3.21068e+08,-3.56541e+08,2.58974e+09,3.79952e+08,-4.99509e+08,0.000846063,0.00014061,-2.60944e-25
0,2.04064e+09,-7.98404e+06,3.3414e+08,-9.51555e+08,-1.4644e+08,-9.18829e+07,-7.14446e+08,0.000962647,0.000157626,-2.67166e-26
0,2.02544e+09,1.25095e+07,3.15051e+08,3.68787e+09,-6.07947e+08,-1.73529e+08,-1.01662e+09,0.0010392,0.000161645,7.9182e-24
0,2.01823e+09,-1.25361e+07,3.20188e+08,-1.81764e+09,-8.22395e+07,8.53523e+07,-1.12749e+09,0.000989398,0.000156966,-4.75458e-25
0,1.93252e+09,-2.67271e+07,3.23206e+08,4.08422e+08,2.8132e+08,9.18366e+07,-9.99928e+08,0.00100168,0.000167526,-4.39887e-26
0,2.00309e+09,-3.18595e+07,3.17285e+08,-5.19187e+09,-1.72267e+08,2.35257e+08,-9.51388e+08,0.000994818,0.000157577,-1.58573e-23
0,1.9263e+09,-74433.3,3.08576e+08,1.70363e+09,1.65436e+09,2.66225e+08,-1.03079e+09,0.000966442,0.000154815,8.16698e-25
0,2.04104e+09,-1.86703e+06,3.42558e+08,2.7229e+08,-2.13777e+07,4.16414e+07,-4.05271e+08,0.000974979,0.000163635,-1.01439e-27
0,2.15215e+09,-2.31773e+07,3.0212e+08,2.71957e+08,-1.17209e+09,-2.05121e+08,2.01802e+08,0.000886716,0.000124478,-1.16673e-27
0,2.08626e+09,-2.41702e+07,3.25435e+08,-5.82854e+09,-6.57348e+08,-2.3603e+08,-6.21044e+08,0.00096182,0.000150034,-9.38036e-24
0,2.12107e+09,-2.82336e+07,3.3467e+08,-5.11379e+09,1.10688e+08,-5.11814e+08,-5.88322e+08,0.000941125,0.000148494,-5.54097e-24
0,2.10963e+09,-7.33836e+06,3.20707e+08,-4.78921e+09,-1.41331e+09,-1.32806e+08,-8.27479e+08,0.0010076,0.000153176,-1.27199e-23
0,2.04687e+09,1.40336e+07,3.15578e+08,1.52961e+09,-7.87186e+08,1.37776e+08,-9.53155e+08,0.00102026,0.0001573,7.73163e-25
0,1.82264e+09,4.84282e+07,3.0215e+08,4.57838e+09,1.50592e+09,-5.13128e+08,-1.07868e+09,0.0009399,0.000155813,8.5488e-24
0,2.03706e+09,-8.81651e+06,3.0692e+08,-1.32299e+10,-1.43252e+09,-1.61724e+08,-6.77468e+08,0.000999029,0.000150522,-1.78776e-22
0,2.01364e+09,-2.52251e+07,3.14115e+08,-1.80378e+09,-1.62562e+08,5.94066e+06,-1.18134e+09,0.000996586,0.000155461,-4.92626e-25
0,2.1248e+09,-3.20852e+07,3.29735e+08,-5.08118e+09,-1.82049e+08,-3.20447e+08,-7.78894e+08,0.000970681,0.000150634,-7.48294e-24
0,2.11412e+09,-2.58221e+07,3.3525e+08,-5.1722e+09,1.98457e+08,-3.86663e+08,-5.57846e+08,0.00093116,0.00014766,-5.45507e-24
0,1.97746e+09,-2.75288e+07,3.23616e+08,-2.56378e+09,-1.00496e+08,2.4546e+08,-1.04436e+09,0.0010071,0.000164814,-2.00272e-24
0,1.95472e+09,-5.00078e+07,3.19426e+08,-4.76862e+09,6.98561e+08,1.05199e+08,-8.7941e+08,0.00097277,0.000158963,-1.09984e-23
0,2.07958e+09,2.43918e+06,3.24401e+08,-9.48854e+08,-4.07327e+08,4.83716e+07,-8.57202e+08,0.0010175,0.000158724,-6.90528e-26
0,2.06692e+09,-354482,3.18453e+08,1.46551e+09,-5.28224e+08,1.44596e+08,-1.12059e+09,0.00100593,0.000154985,3.4846e-25
0,2.07444e+09,-2.49005e+07,3.27755e+08,-5.80865e+09,-4.11693e+08,-6.11792e+07,-5.30189e+08,0.000948124,0.000149801,-8.20511e-24
0,2.00307e+09,-1.14868e+07,3.23924e+08,8.4344e+08,-1.7454e+08,3.86806e+08,-9.70389e+08,0.00101154,0.00016358,-8.21606e-26
0,2.01483e+09,-5.32434e+06,3.41377e+08,9.10176e+07,2.6367e+07,7.18667e+07,-5.10788e+08,0.000978953,0.000165866,-1.50916e-27
0,1.91209e+09,-6.22856e+07,3.0441e+08,-1.03238e+10,6.12891e+07,-1.55553e+08,-9.75006e+08,0.00099161,0.000157867,-1.5991e-22
0,1.99334e+09,-1.47926e+07,3.26717e+08,-2.338e+09,-1.82852e+08,-4.65931e+06,-9.87879e+08,0.00100532,0.000164775,-1.38617e-24
0,2.04074e+09,-2.36442e+06,3.41094e+08,1.38225e+08,-1.75773e+07,3.42674e+07,-5.34409e+08,0.000975769,0.000163092,-1.9415e-27
0,1.77627e+09,-1.91726e+07,2.70604e+08,-2.71563e+09,2.89396e+07,2.22013e+08,-1.31385e+09,0.00106609,0.000162412,-6.09795e-24
0,2.03233e+09,1.01517e+07,3.15442e+08,-1.45849e+08,-5.30832e+08,1.23308e+08,-9.64191e+08,0.00102935,0.000159767,5.42388e-26
0,1.96511e+09,3.32682e+07,2.85847e+08,3.95959e+09,-4.34826e+08,-2.41938e+08,-1.24847e+09,0.00103119,0.000149997,1.20779e-23
0,1.98228e+09,-5.68697e+07,2.97494e+08,-7.62795e+09,-2.21757e+07,8.71405e+08,-9.11357e+08,0.000973438,0.00014609,-4.41718e-23
0,1.98564e+09,2.7632e+07,3.19063e+08,6.32983e+09,1.03003e+08,-2.47093e+08,-9.14065e+08,0.000973326,0.000156399,2.52831e-23
0,2.06115e+09,-1.75804e+07,3.33508e+08,-4.29246e+09,4.72043e+08,-1.28736e+08,-6.22899e+08,0.00091396,0.000147885,-3.6025e-24
0,2.05437e+09,-3.02138e+07,3.03889e+08,-1.38908e+10,2.34694e+07,2.19948e+08,-3.30631e+08,0.00092849,0.000137345,-6.65411e-23
0,1.93492e+09,5.82021e+07,3.1538e+08,2.37079e+09,1.71485e+09,-4.26298e+08,-9.33029e+08,0.0009334,0.000152138,-1.98785e-25
0,2.07907e+09,-1.38875e+07,2.66711e+08,7.52297e+08,3.71947e+08,-1.40213e+08,5.41179e+08,0.00109744,0.000140783,-4.33882e-26
0,1.98578e+09,-2.24621e+07,3.28242e+08,-2.84842e+09,1.52616e+08,1.82605e+08,-9.04977e+08,0.00100572,0.000166242,-2.4218e-24
0,2.07045e+09,3.9059e+06,3.36031e+08,2.86345e+08,-4.88451e+07,-3.327e+06,-6.13704e+08,0.000970316,0.000157481,-4.57867e-27
0,1.93505e+09,2.58172e+07,3.14932e+08,3.97357e+09,5.85746e+08,-1.08876e+08,-1.1141e+09,0.000991527,0.000161372,9.09992e-24
0,2.00185e+09,-4.90566e+06,3.19806e+08,-2.31861e+09,-1.03784e+08,8.5457e+07,-9.99496e+08,0.00100291,0.00016022,-1.29706e-24
0,2.2326e+09,-8.86621e+06,2.97787e+08,-6.12632e+09,-1.17652e+09,-1.26568e+08,7.48251e+07,0.00100402,0.000133917,1.18109e-24
0,2.05396e+09,-8.45923e+06,3.30495e+08,-7.84935e+08,-4.30956e+08,2.37938e+08,-7.98158e+08,0.00102363,0.000164709,-4.92979e-28
0,2.07393e+09,-820306,3.36233e+08,-3.23206e+09,3.56973e+08,4.86153e+07,-5.20851e+08,0.000913281,0.000148064,-1.1221e-24
0,1.7762e+09,3.02451e+07,3.17615e+08,-2.23766e+09,3.30873e+08,-5.06578e+08,-3.33975e+08,0.000969436,0.000173352,-1.33025e-24
0,1.98419e+09,-1.93515e+06,3.29634e+08,-1.61255e+09,2.67431e+08,9.1469e+07,-9.26004e+08,0.000973389,0.000161709,-3.05393e-25
0,2.05298e+09,-5.18645e+07,3.23283e+08,-3.29011e+09,1.18638e+09,1.57674e+08,-7.18337e+08,0.000950021,0.0001496,-1.51095e-24
0,2.13377e+09,-3.1923e+07,3.35868e+08,-7.02528e+09,2.71154e+08,-5.47653e+08,-5.36932e+08,0.000929045,0.000146237,-1.29926e-23
0,1.9448e+09,-4.38172e+06,3.0327e+08,-3.44844e+08,-5.30424e+08,-7.90771e+08,-1.35789e+09,0.00106808,0.000166556,-6.65878e-26
0,1.89847e+09,3.27609e+07,2.67152e+08,-4.70515e+08,-7.49778e+08,-6.56742e+08,-1.27921e+09,0.00108014,0.000151996,-7.77626e-25
0,2.16504e+09,7.24781e+06,3.31273e+08,6.14461e+09,1.26997e+08,4.9534e+08,-4.99255e+08,0.000919548,0.000140701,6.69497e-24
0,2.03942e+09,-2.56659e+06,3.42799e+08,-7.91143e+06,-6.41511e+06,6.84239e+06,-3.78869e+08,0.00097556,0.000163979,4.50246e-29
0,2.1018e+09,1.17288e+06,3.36983e+08,2.8076e+09,6.79236e+08,1.78637e+08,-4.81588e+08,0.0008945,0.000143416,7.56923e-25
0,2.07685e+09,1.9544e+07,3.20527e+08,3.80395e+09,-5.94649e+08,-1.24206e+08,-8.96949e+08,0.0010286,0.000158747,6.46025e-24
0,2.32329e+09,-6.15604e+06,3.30923e+08,2.71391e+09,1.0927e+09,6.1156e+07,2.49545e+08,0.000923918,0.0001316,-5.27653e-25
0,1.64713e+09,4.86779e+06,2.63788e+08,-1.35365e+10,-2.08259e+09,-1.15008e+09,1.1387e+08,0.00108019,0.000172993,7.63458e-22
0,1.9276e+09,-7.65637e+06,3.22485e+08,-1.62694e+09,3.67378e+08,-7.38016e+07,-9.85114e+08,0.000987211,0.000165159,-4.72391e-25
0,1.99144e+09,4.73714e+07,3.2013e+08,5.65083e+09,4.47248e+08,-2.98195e+08,-7.80464e+08,0.000975858,0.000156872,1.4379e-23
0,2.08474e+09,-4.34317e+07,3.24419e+08,-4.8965e+09,2.03137e+08,-2.09471e+08,-8.96292e+08,0.000966404,0.000150388,-8.97589e-24
0,1.90439e+09,-4.5396e+06,3.20896e+08,-2.01312e+09,7.64312e+08,2.14799e+08,-1.16935e+09,0.000988898,0.000166632,-1.03214e-24
0,1.86788e+09,-9.45495e+06,3.08174e+08,-1.39849e+09,5.13599e+08,1.06632e+08,-1.21236e+09,0.000992945,0.000163822,-2.6113e-25
0,2.11679e+09,-1.87272e+07,3.37665e+08,-6.54381e+09,2.90042e+08,-3.0107e+08,-4.62909e+08,0.000909451,0.000145073,-8.25209e-24
0,2.06522e+09,-4.22697e+07,3.18247e+08,-2.88997e+09,2.85291e+08,-6.50749e+06,-1.00846e+09,0.000977418,0.000150618,-2.08936e-24
0,2.03865e+09,1.4966e+07,3.19493e+08,3.42898e+09,-9.49946e+08,1.26103e+08,-8.96239e+08,0.00100537,0.00015756,5.18012e-24
0,2.1272e+09,-7.01706e+07,2.90427e+08,-6.65448e+09,-2.78669e+08,7.06607e+08,-7.08343e+08,0.000966352,0.000131936,-1.71432e-23
0,1.98433e+09,-1.8525e+07,3.27833e+08,-4.21975e+09,1.32239e+08,-2.20633e+08,-9.91647e+08,0.000977647,0.000161518,-8.31692e-24
0,1.95809e+09,-2.87246e+07,2.99548e+08,-1.05289e+09,2.25145e+08,4.72256e+08,-1.30819e+09,0.00100637,0.000153954,1.46916e-25
0,1.83691e+09,-7.16655e+06,2.67111e+08,1.40976e+09,6.01137e+08,4.05363e+08,-1.2237e+09,0.0010479,0.000152379,7.76916e-25
0,2.08906e+09,2.25233e+07,3.06957e+08,3.18411e+09,-1.55332e+09,2.29818e+08,-9.90193e+08,0.001039,0.000152665,8.45816e-24
0,1.61749e+09,-431856,2.69599e+08,-1.07582e+10,-3.91522e+08,-9.12788e+08,-1.0456e+08,0.00102638,0.000171075,6.89529e-24
0,1.93493e+09,-1.22246e+07,2.98119e+08,-1.31707e+09,-9.05031e+08,2.34674e+08,-1.27255e+09,0.0010427,0.000160651,-6.80817e-25
0,1.84788e+09,7.81144e+06,3.09385e+08,-3.70559e+08,1.62869e+09,-2.01122e+08,-1.31661e+09,0.000979951,0.00016407,-7.84339e-27
0,2.15889e+09,-1.63802e+07,3.39935e+08,5.46316e+09,-7.69201e+07,5.47426e+08,3.286e+08,0.000946593,0.000149049,-3.64601e-24
0,2.0073e+09,2.87679e+07,3.25133e+08,1.07642e+09,9.5579e+08,-2.45444e+08,-8.46848e+08,0.000962244,0.00015586,4.08721e-26
0,1.93287e+09,-8.49083e+06,3.14223e+08,5.10974e+08,6.85966e+08,1.21915e+08,-1.16224e+09,0.000976067,0.000158678,-1.65223e-26
0,2.0016e+09,-1.04611e+07,3.33262e+08,-5.99177e+09,6.82326e+08,-2.40733e+08,-5.78882e+08,0.000899086,0.000149695,-1.04534e-23
0,2.06878e+09,-1.75234e+07,3.33743e+08,-1.87083e+09,-1.26956e+08,-5.84765e+08,-5.26732e+08,0.000915349,0.000147668,-5.16551e-26
0,1.86158e+09,1.50736e+07,3.11178e+08,1.84479e+09,1.62351e+09,-4.45287e+08,-1.1907e+09,0.00098308,0.00016433,1.64959e-25
0,1.8176e+09,-6.95891e+06,2.92538e+08,1.85613e+09,-4.67114e+08,-6.08365e+08,-1.12574e+09,0.00100152,0.000161193,7.41227e-25
0,2.08487e+09,4.8986e+07,3.26713e+08,4.89979e+09,9.19975e+08,3.77221e+07,-6.4609e+08,0.000930184,0.000145766,5.48783e-24
0,2.04511e+09,-2.14038e+07,3.15437e+08,2.06123e+09,1.56551e+09,4.34051e+08,-6.79283e+08,0.000924983,0.000142669,7.54795e-25
0,2.01784e+09,4.22051e+07,3.11429e+08,7.15501e+09,-5.83733e+08,-4.65031e+07,-1.02526e+09,0.00100898,0.000155724,4.77694e-23
0,2.13786e+09,4.00909e+07,2.99172e+08,8.80276e+09,-1.41864e+09,-3.95855e+08,-8.48925e+08,0.00100403,0.000140503,7.0923e-23
0,2.08831e+09,-2.52859e+07,3.3645e+08,-5.46674e+09,1.8245e+08,-2.7604e+08,-5.21813e+08,0.000910587,0.000146706,-5.61053e-24
0,2.01193e+09,-1.08706e+07,3.36994e+08,8.38385e+08,9.14267e+07,-7.4616e+06,-5.10708e+08,0.000988326,0.000165542,2.26102e-26
0,2.05928e+09,-3.35618e+07,3.28227e+08,5.09983e+08,1.52064e+09,3.4518e+08,-5.20622e+08,0.000884187,0.00014093,-1.34749e-25
0,2.03364e+09,-1.31475e+07,2.6524e+08,-2.71034e+09,-4.7232e+08,-2.10644e+08,5.91298e+08,0.00105223,0.000137239,2.08142e-24
0,1.92683e+09,1.53661e+07,3.31898e+08,-3.72082e+09,1.15886e+09,-8.54269e+07,-5.96626e+08,0.000885789,0.000152578,-2.58421e-24
0,1.94798e+09,-3.51764e+07,3.10539e+08,-7.22093e+09,-1.08571e+09,-3.47621e+08,-1.0511e+09,0.00100903,0.000160855,-5.52133e-23
0,2.02819e+09,-1.62758e+07,3.12897e+08,8.15676e+08,-2.29787e+08,2.15624e+08,-1.04797e+09,0.00100663,0.000155297,-3.25869e-26
0,1.9026e+09,9.79087e+06,3.16807e+08,2.4938e+09,5.33529e+08,-1.28954e+08,-1.04479e+09,0.000976979,0.000162679,1.94234e-24
0,2.10673e+09,4.38882e+06,3.03761e+08,6.12682e+08,-4.38261e+08,-3.69243e+08,-9.43354e+08,0.000977077,0.00014088,-7.72974e-26
0,2.16868e+09,-3.58089e+07,3.29699e+08,-6.58395e+09,-5.68396e+08,-4.64117e+08,-5.79848e+08,0.000952787,0.00014485,-8.47695e-24
0,2.12052e+09,-2.27526e+07,3.38687e+08,-7.66118e+09,1.92814e+08,-6.08369e+08,-4.22149e+08,0.0009198,0.000146909,-1.28838e-23
0,2.08034e+09,2.34702e+07,3.16193e+08,2.82603e+09,1.40068e+09,-1.4713e+08,-5.98288e+08,0.000935992,0.000142262,2.33991e-25
0,1.95816e+09,-1.22161e+07,3.05996e+08,-1.20387e+09,-8.46689e+08,2.26091e+08,-1.17972e+09,0.0010456,0.000163392,-4.51094e-25
0,1.85458e+09,2.41132e+07,2.7339e+08,6.50521e+09,1.51044e+09,-6.00953e+07,-1.01243e+09,0.00097224,0.000143321,4.13186e-23
0,2.13787e+09,4.19677e+06,3.29657e+08,2.80257e+09,-7.08074e+08,3.81181e+08,-7.45637e+08,0.000978527,0.000150888,1.03615e-24
0,2.06204e+09,2.5219e+07,3.28849e+08,8.32003e+09,3.42269e+08,6.63358e+08,-7.73274e+08,0.000944036,0.000150553,3.93392e-23
0,1.99029e+09,-7.52415e+06,3.30733e+08,-2.84529e+09,2.81621e+08,-1.23844e+07,-8.74314e+08,0.000955905,0.000158846,-1.92008e-24
0,1.81313e+09,-92658.5,3.091e+08,-9.24015e+08,1.93691e+09,8.10569e+07,-1.3302e+09,0.000963728,0.000164295,1.53535e-25
0,1.97081e+09,650555,3.21129e+08,3.82459e+09,1.12343e+08,-2.29777e+08,-8.9468e+08,0.000992281,0.000161685,5.94805e-24
0,2.24192e+09,-1.31852e+07,3.3897e+08,-2.99155e+09,-2.88151e+08,-7.05855e+07,-3.52092e+08,0.000921754,0.000139366,-4.29433e-25
0,1.9249e+09,-7.26244e+06,2.73975e+08,-1.767e+09,-3.24846e+08,1.63357e+08,-1.26874e+09,0.00104696,0.000149016,-7.72759e-25
0,2.08974e+09,-2.02027e+07,3.40585e+08,-6.52352e+09,3.59473e+08,-7.64937e+08,-3.17909e+08,0.000896282,0.000146076,-7.43882e-24
0,2.07338e+09,4.12799e+06,3.15588e+08,1.9034e+09,-4.263e+08,-4.676e+08,-9.81852e+08,0.00101295,0.00015418,5.90572e-25
0,2.0397e+09,1.93303e+07,2.82146e+08,-3.5204e+06,-1.62949e+09,-9.89061e+07,-1.114e+09,0.00106215,0.000146925,-5.64984e-25
0,1.74144e+09,-7.91005e+06,2.83755e+08,6.88134e+09,-4.11061e+08,-3.60899e+08,-8.95793e+08,0.00103154,0.000168082,8.95147e-23
0,1.992e+09,-1.6663e+07,3.08336e+08,-3.03266e+09,-3.08005e+08,4.8019e+07,-1.07701e+09,0.00100597,0.000155712,-3.63218e-24
0,1.96829e+09,-3.4151e+07,3.02499e+08,-1.9622e+09,-4.07027e+08,2.9933e+08,-1.20536e+09,0.00103426,0.000158952,-1.0575e-24
0,1.99418e+09,3.68763e+07,3.14761e+08,9.39958e+09,2.39289e+08,-1.72489e+08,-9.64753e+08,0.000965593,0.000152409,8.33394e-23
0,2.13921e+09,2.86916e+07,2.8961e+08,7.62629e+09,4.76587e+08,1.29151e+08,9.70277e+07,0.000954823,0.000129266,-2.41649e-24
0,1.94882e+09,-1.90856e+06,2.61895e+08,3.68183e+08,-1.28437e+09,3.27434e+08,-1.09574e+09,0.00106558,0.000143199,1.84873e-24
0,2.26194e+09,2.00741e+06,3.42794e+08,3.25375e+08,-1.91695e+08,3.41731e+07,-2.21556e+08,0.000910938,0.000138052,7.27552e-28
0,2.05433e+09,2.47208e+07,3.26581e+08,4.64691e+09,8.42135e+08,8.60734e+07,-7.64498e+08,0.000927115,0.000147385,6.09793e-24
0,2.16076e+09,7.18143e+06,3.21141e+08,-1.79282e+08,-1.151e+09,-4.97282e+08,-8.00674e+08,0.00102431,0.000152237,-6.20614e-25
0,2.07204e+09,1.58242e+07,3.33268e+08,6.26334e+09,3.23606e+08,3.4303e+08,-6.16213e+08,0.00091902,0.000147816,1.12478e-23
0,2.00732e+09,-4.87096e+06,3.16437e+08,1.94583e+09,-4.81516e+08,2.05533e+08,-1.1381e+09,0.00100515,0.000158454,8.30582e-25
0,2.01819e+09,-6.56663e+06,3.34312e+08,4.97609e+08,3.05611e+08,9.27072e+07,-5.6758e+08,0.000998551,0.00016541,5.37023e-27
0,2.01507e+09,-3.85872e+07,3.08178e+08,-3.23319e+09,-3.05899e+08,3.62357e+08,-1.06319e+09,0.00103478,0.000158256,-4.86556e-24
0,2.01796e+09,1.29852e+07,3.08129e+08,8.32344e+08,-1.03547e+09,2.26847e+08,-1.12309e+09,0.00103415,0.000157907,9.39639e-25
0,2.23591e+09,-1.22492e+06,2.96891e+08,-3.90489e+09,-2.61377e+09,-2.93949e+08,-7.62912e+08,0.00106147,0.000140945,-2.20923e-23
0,2.10492e+09,1.84872e+07,2.89718e+08,6.2258e+09,-1.68084e+09,2.11582e+07,-8.36232e+08,0.00103492,0.000142445,3.42385e-23
0,1.81216e+09,-5.08886e+07,2.97351e+08,3.58445e+08,1.03517e+09,4.31599e+08,-1.22493e+09,0.00103279,0.000169467,8.65578e-26
0,2.11558e+09,2.89814e+07,3.2085e+08,9.64903e+08,-4.41349e+08,-1.66614e+08,-6.07705e+08,0.000960526,0.000145674,5.34448e-26
0,2.28033e+09,1.59937e+07,3.23447e+08,4.16672e+09,-1.38834e+09,-2.76513e+08,-3.14199e+08,0.000932405,0.000132254,3.02999e-24
0,2.01542e+09,-5.41368e+06,3.37994e+08,1.56557e+08,1.93095e+08,1.11152e+08,-4.13737e+08,0.000994689,0.000166813,-7.69105e-28
0,2.03504e+09,-1.8121e+06,3.42002e+08,-1.19671e+08,2.84672e+07,1.88448e+07,-4.59795e+08,0.000970879,0.000163163,1.03664e-27
0,2.11508e+09,1.22568e+06,3.24658e+08,1.70858e+09,-8.06521e+08,-3.69608e+08,-7.38427e+08,0.000974473,0.000149579,5.21161e-25
0,2.16698e+09,-1.29046e+07,3.21728e+08,-8.24748e+08,-1.12898e+09,-2.53076e+08,-7.55483e+08,0.00100807,0.000149667,-5.86342e-25
0,2.20689e+09,-6.441e+06,3.26039e+08,-4.56879e+09,-1.12382e+09,-4.65189e+08,-5.82337e+08,0.000974043,0.000143902,-2.72412e-24
0,2.23393e+09,-2.68409e+07,3.03547e+08,7.358e+08,8.52799e+08,-3.69998e+08,7.29095e+07,0.000910742,0.000123752,-1.61885e-26
0,2.25809e+09,1.75528e+07,3.27676e+08,5.73527e+09,7.52793e+08,-6.10948e+07,-7.90271e+07,0.000926094,0.000134387,2.96954e-25
0,1.93981e+09,-1.45097e+07,2.90703e+08,3.27823e+09,4.4554e+07,1.33765e+08,2.36236e+08,0.00103466,0.000155056,-1.38758e-24
0,1.75463e+09,-3.19094e+07,2.83689e+08,-3.29446e+08,1.15973e+09,5.4399e+08,-1.33001e+09,0.00105016,0.00016979,-6.04403e-27
0,2.06657e+09,-1.03143e+07,3.26136e+08,2.41262e+08,-3.1532e+07,3.4173e+08,-8.83794e+08,0.000975016,0.000153872,-2.64292e-26
0,2.09356e+09,-1.47579e+07,3.21481e+08,-4.95379e+09,-1.01666e+09,-4.57868e+08,-7.77899e+08,0.000992439,0.000152396,-7.24097e-24
0,1.8733e+09,5.28325e+07,3.01735e+08,4.95573e+09,7.59847e+08,-4.72313e+08,-1.3659e+09,0.00101756,0.0001639,2.56313e-23
0,2.2942e+09,1.52449e+07,3.14666e+08,3.90132e+09,4.58057e+08,-1.4649e+08,-4.32626e+07,0.000961375,0.000131859,-4.59564e-26
0,2.12934e+09,3.08528e+07,3.17817e+08,4.62643e+09,-1.31012e+09,2.3689e+08,-9.4109e+08,0.00103272,0.00015414,1.22899e-23
0,1.9898e+09,-1.82456e+07,3.24732e+08,2.28845e+09,-4.00358e+08,-5.78355e+07,-8.02714e+08,0.00095347,0.000155605,9.94422e-25
0,2.01882e+09,3.19233e+07,3.25183e+08,1.08734e+10,-1.99857e+08,3.56256e+08,-5.84076e+08,0.000968091,0.000155936,7.3064e-23
0,2.07969e+09,4.18226e+07,3.19835e+08,9.28203e+09,-3.65341e+08,2.78446e+08,-7.15513e+08,0.000950048,0.000146107,4.32304e-23
0,2.09764e+09,4.77891e+07,3.18185e+08,3.99606e+09,3.53412e+08,-3.18101e+08,-7.10271e+08,0.000968522,0.000146912,3.29591e-24
0,2.08731e+09,8.00283e+06,3.28667e+08,4.17216e+09,-8.80126e+08,4.63736e+08,-8.91886e+08,0.00103037,0.000162242,5.99124e-24
0,1.96516e+09,-2.83161e+07,3.0119e+08,-1.79118e+09,1.32901e+09,5.2231e+07,-1.01358e+09,0.00097022,0.000148701,-5.33493e-25
0,1.84222e+09,-217593,3.04625e+08,-3.06904e+09,1.41333e+09,-1.79428e+07,-1.23865e+09,0.000993585,0.000164297,-6.59818e-24
0,1.8539e+09,1.41913e+07,3.14621e+08,9.38203e+08,9.19772e+08,2.17636e+08,-1.24332e+09,0.000990207,0.000168046,2.21186e-25
0,2.00205e+09,8.52825e+06,2.84223e+08,-9.37925e+08,-5.6789e+08,-9.48852e+07,-1.25069e+09,0.00104331,0.000148114,-1.54323e-25
0,1.83805e+09,-1.20737e+07,2.59804e+08,-1.5448e+07,6.58321e+08,1.69355e+08,-1.19338e+09,0.00105779,0.000149517,-2.19032e-26
0,2.08123e+09,-5.32682e+07,3.24623e+08,-7.73121e+09,4.7865e+08,-3.01358e+08,-7.91235e+08,0.000941464,0.000146846,-2.95853e-23
0,1.98098e+09,-4.21163e+07,2.8717e+08,9.35021e+08,1.74309e+08,3.82014e+07,-7.37264e+08,0.00115272,0.000167102,7.74943e-26
0,2.00002e+09,-2.01689e+07,2.965e+08,1.55414e+09,-5.1874e+08,5.57359e+08,-1.15166e+09,0.00103286,0.00015312,4.61591e-26
0,2.09581e+09,-4.78712e+07,3.20032e+08,3.24344e+09,-2.52733e+09,-2.26871e+08,-2.42248e+08,0.000964298,0.000147249,1.07504e-23
0,2.17336e+09,-3.59494e+07,3.07529e+08,-6.69684e+09,-9.48768e+08,1.55961e+08,-7.7506e+08,0.00097246,0.000137603,-1.95433e-23
0,1.99035e+09,-1.24921e+06,3.35198e+08,-3.64677e+08,2.09779e+08,1.9421e+08,-4.95746e+08,0.00099736,0.000167967,1.2643e-27
0,2.06485e+09,1.97178e+06,3.21015e+08,-1.62837e+08,-1.27213e+09,-2.33178e+08,-4.89138e+08,0.000981184,0.000152542,-3.5235e-25
0,1.8205e+09,-1.84997e+06,3.014e+08,-1.08606e+09,2.05365e+09,-2.0899e+08,-1.17992e+09,0.000990229,0.000163941,3.58997e-25
0,2.08676e+09,-6.39034e+06,3.26967e+08,-5.4262e+09,-1.30913e+09,-1.42262e+08,-4.84682e+08,0.000989567,0.000155052,-9.49638e-24
0,2.01258e+09,3.64304e+07,3.00724e+08,8.51214e+09,1.0608e+09,-1.81355e+08,-8.84236e+08,0.000944774,0.00014117,4.59397e-23
0,2.11492e+09,-3.15168e+06,3.25045e+08,-1.12103e+09,-9.00328e+08,3.55396e+07,-7.0395e+08,0.000968289,0.000148818,-3.234e-25
0,2.25495e+09,3.64266e+07,3.22538e+08,3.5731e+09,4.81923e+08,-1.41069e+08,4.89813e+06,0.000940074,0.000134464,-1.70682e-25
0,2.08155e+09,3.95419e+07,3.14824e+08,8.62075e+09,-1.07348e+09,3.39389e+08,-9.23704e+08,0.00100025,0.000151282,5.61246e-23
0,1.87069e+09,-4.29918e+07,2.73817e+08,-8.47321e+09,-2.37402e+09,-3.53658e+08,1.06605e+08,0.00126902,0.000185749,2.08714e-23
0,2.08504e+09,-1.87653e+07,3.26109e+08,-2.01912e+09,-8.53495e+07,-3.98811e+07,-9.22821e+08,0.000976872,0.000152787,-5.42765e-25
0,2.06979e+09,1.56233e+07,3.31633e+08,6.73944e+09,2.17448e+08,4.536e+08,-7.04274e+08,0.000935289,0.000149857,1.70274e-23
0,2.02144e+09,-4.18637e+07,2.74541e+08,-3.42774e+09,-7.30622e+08,3.00834e+08,-1.0251e+09,0.00105117,0.000142764,-7.51501e-24
0,2.06552e+09,-1.03819e+07,3.1837e+08,-4.07369e+09,-1.29791e+09,-9.70704e+06,-1.0115e+09,0.00104886,0.000161667,-1.38258e-23
0,2.05729e+09,1.62244e+07,3.3486e+08,1.71161e+09,6.18097e+08,1.50102e+07,-5.78646e+08,0.000897506,0.000146085,1.88293e-25
0,1.97673e+09,1.42442e+07,2.87479e+08,3.90752e+09,1.8157e+09,9.59317e+07,-7.89781e+08,0.000928998,0.000135106,3.36343e-24
0,1.94754e+09,-4.05526e+07,2.84903e+08,-2.78378e+09,-2.83533e+08,7.48591e+08,-1.13047e+09,0.00105003,0.000153608,-3.33017e-24
0,1.8885e+09,-5.60038e+07,3.08206e+08,7.69481e+09,-1.33312e+09,8.87038e+06,-4.84325e+08,0.000986229,0.000160954,4.25919e-23
0,1.95936e+09,-9.08223e+06,3.07053e+08,7.76299e+08,9.38061e+08,-2.68389e+08,-9.40116e+08,0.00100275,0.000157142,1.73572e-26
0,1.92584e+09,1.80962e+07,2.93494e+08,3.87961e+09,3.51627e+08,8.42805e+07,-1.37276e+09,0.00103107,0.000157134,1.28362e-23
0,2.0019e+09,2.11739e+07,2.98492e+08,3.96207e+09,-1.4549e+09,-3.38314e+08,-1.37923e+09,0.00108477,0.000161744,2.62092e-23
0,2.02164e+09,-4.96103e+07,3.3135e+08,1.66519e+09,-6.08357e+08,-3.89694e+07,3.82634e+07,0.000840987,0.000137839,3.3275e-26
0,2.15001e+09,1.86556e+07,2.89695e+08,-1.06697e+09,2.20776e+08,-1.35812e+08,4.73422e+08,0.00103826,0.000139896,4.63832e-26
0,1.83024e+09,2.02914e+07,3.11315e+08,1.12993e+09,1.64427e+09,-4.20116e+08,-1.25093e+09,0.00100854,0.000171548,-5.5961e-26
0,1.86116e+09,-1.00377e+07,2.99032e+08,4.37984e+09,1.36868e+09,-2.49601e+07,-6.26137e+08,0.000981256,0.000157658,6.94049e-24
0,2.08679e+09,2.05169e+07,3.10682e+08,1.48253e+09,-1.10685e+09,3.7536e+08,-9.87835e+08,0.00101417,0.00015099,1.26191e-24
0,1.80412e+09,-3.05652e+07,3.00323e+08,-1.22129e+10,-7.51277e+08,-7.64557e+08,4.37805e+06,0.000979389,0.000163034,5.40972e-23
0,2.13972e+09,4.58894e+07,3.14257e+08,-3.20054e+09,1.76625e+08,2.17281e+08,6.4731e+08,0.000981021,0.000144081,1.7219e-24
0,1.98394e+09,-763505,3.13971e+08,3.73233e+08,-6.11617e+08,-2.77902e+08,-9.32611e+08,0.000987669,0.000156305,-1.1556e-25
0,2.16144e+09,-2.56366e+07,3.24088e+08,-5.07212e+09,-5.96889e+08,1.23068e+08,-6.70163e+08,0.000964421,0.000144606,-6.83394e-24
0,2.18972e+09,-1.32351e+07,3.24527e+08,-4.68184e+09,-9.28452e+08,-4.3377e+08,-5.67292e+08,0.000960226,0.00014231,-2.67348e-24
0,1.9629e+09,1.0305e+07,3.32724e+08,-2.20846e+08,-4.19359e+08,3.48656e+08,-5.39778e+08,0.000993542,0.000168412,4.35257e-26
0,2.16799e+09,-3.85146e+06,2.68032e+08,3.25807e+09,1.27052e+09,-5.01111e+08,2.85944e+08,0.00106003,0.000131053,-4.13011e-24
0,2.04397e+09,6.88311e+07,2.99244e+08,9.85679e+09,-4.10885e+08,-1.41629e+08,-8.91416e+08,0.001033,0.000151235,1.14496e-22
0,1.96694e+09,-5.82789e+07,3.04124e+08,-3.59476e+09,-5.87366e+08,3.06027e+08,-1.0347e+09,0.00100863,0.000155953,-7.49106e-24
0,1.93098e+09,-2.32419e+07,2.61017e+08,1.3786e+09,-3.69882e+08,1.34237e+08,-1.1196e+09,0.00106113,0.000143436,3.35234e-25
0,1.89907e+09,-1.81693e+07,3.05014e+08,8.50474e+08,3.99232e+07,3.1974e+08,-1.25147e+09,0.00101379,0.000162826,-2.26157e-25
0,2.14513e+09,1.28666e+07,3.25054e+08,3.2893e+09,-1.28268e+09,2.52607e+08,-7.95186e+08,0.00103789,0.000157273,4.76375e-24
0,2.0978e+09,-1.45505e+07,3.2082e+08,1.77115e+09,-3.76634e+08,3.61703e+08,-6.65476e+08,0.00096437,0.000147483,1.58117e-25
0,1.92569e+09,-3.7946e+07,3.17199e+08,7.53323e+09,5.1786e+07,3.98285e+08,-1.52661e+08,0.00103485,0.000170459,1.22923e-23
0,2.03661e+09,-9.41113e+06,2.78187e+08,-1.13753e+09,-6.84843e+08,1.0558e+08,-1.19372e+09,0.00103162,0.000140913,-2.51624e-25
0,2.25328e+09,2.79527e+07,3.21895e+08,7.62268e+09,-7.30699e+08,-2.79729e+08,-3.7868e+08,0.000945608,0.000135086,1.0909e-23
0,2.14622e+09,-1.40507e+07,3.26025e+08,-6.04e+09,-9.23583e+08,-3.44327e+08,-4.78039e+08,0.000951474,0.000144535,-5.71968e-24
0,2.15794e+09,6.47841e+06,3.37279e+08,2.50584e+09,-6.22773e+08,4.06545e+08,-5.40239e+08,0.000993097,0.000155218,3.90726e-25
0,1.89143e+09,-4.03525e+07,3.07613e+08,-2.78895e+09,6.11733e+08,2.23877e+08,-1.17598e+09,0.00097565,0.000158675,-2.97135e-24
0,1.91706e+09,-3.17821e+07,2.96288e+08,-2.78369e+09,8.63843e+08,8.1845e+08,-1.07299e+09,0.00100922,0.000155978,-1.59782e-24
0,2.10548e+09,-2.02596e+07,3.15811e+08,-5.10219e+09,-1.30607e+09,-2.97806e+08,-8.50069e+08,0.000987849,0.000148172,-1.13588e-23
0,2.07165e+09,9.65857e+06,3.18936e+08,8.63817e+07,-1.04599e+09,1.79704e+08,-9.86161e+08,0.0010345,0.000159264,3.30899e-25
0,1.8639e+09,-1.69076e+07,3.09904e+08,7.27318e+09,1.43818e+09,3.18363e+08,-3.73467e+08,0.00105509,0.000175426,4.50206e-23
0,2.10315e+09,-3.28386e+06,3.22236e+08,1.73807e+09,-2.93678e+08,5.02554e+08,-6.98703e+08,0.000961011,0.000147242,4.73008e-26
0,2.21268e+09,1.54581e+07,3.23461e+08,9.11224e+09,5.56656e+08,9.31702e+07,-1.89413e+08,0.000981756,0.000143518,1.06497e-23
0,2.2424e+09,3.72274e+06,3.37572e+08,1.78876e+09,-5.7082e+08,-1.19369e+07,-4.32708e+08,0.000943084,0.000141972,1.99853e-25
0,1.94428e+09,-3.09686e+07,3.21542e+08,1.31181e+09,-8.03701e+08,-2.79832e+08,-6.90604e+08,0.000959423,0.000158668,3.83157e-25
0,2.27336e+09,2.20857e+07,3.20849e+08,5.5989e+09,-9.53843e+08,-3.38216e+08,-3.7356e+08,0.000960719,0.00013559,5.66575e-24
0,1.97829e+09,-1.44273e+07,3.03863e+08,-6.10632e+08,-8.76325e+08,6.04164e+08,-1.32536e+09,0.00106436,0.000163485,1.1603e-24
0,2.19761e+09,3.39793e+07,2.80177e+08,-4.44575e+09,3.97199e+07,5.39123e+07,1.45169e+08,0.00102623,0.000130836,1.14265e-24
0,2.33044e+09,-687636,3.4395e+08,1.19598e+08,-1.71941e+08,1.96666e+07,-7.79046e+07,0.000874668,0.000129092,7.57723e-29
0,1.7592e+09,1.441e+07,2.89509e+08,-1.19497e+10,-5.80228e+08,-9.14546e+08,2.43674e+08,0.000923955,0.000152054,1.07024e-22
0,2.20147e+09,2.66751e+07,3.26942e+08,5.08699e+09,-6.72294e+08,2.23071e+08,-4.43597e+08,0.000921765,0.000136892,2.65763e-24
0,2.01429e+09,-1.91188e+07,3.05933e+08,-3.23975e+09,-1.85383e+09,-7.84855e+07,-1.24335e+09,0.0011061,0.000167997,-2.3601e-23
0,2.17638e+09,-2.75571e+06,3.39063e+08,-3.08766e+08,-5.57886e+08,1.14519e+08,-4.36908e+08,0.00100311,0.000156277,-2.81695e-27
0,1.96386e+09,1.23588e+07,2.94654e+08,2.60446e+09,-8.16804e+08,-6.67369e+06,-1.46499e+09,0.00107628,0.000161484,5.57543e-24
0,2.27729e+09,2.76249e+07,3.29334e+08,-4.30083e+09,-2.99119e+08,1.9319e+08,9.71102e+07,0.000904723,0.000130838,1.83682e-25
0,1.86462e+09,-5.26037e+06,3.04172e+08,-1.36364e+10,7.60965e+07,4.91208e+08,-3.46636e+08,0.00097867,0.000159649,-1.36345e-22
0,2.02017e+09,-6.73471e+07,3.04422e+08,-9.25014e+09,-5.81139e+08,3.43962e+08,-6.74688e+08,0.00096448,0.000145339,-5.81003e-23
0,2.01159e+09,162475,3.2187e+08,-1.40795e+09,-7.06374e+08,1.13894e+08,-9.74519e+08,0.00102939,0.00016471,-5.80393e-25
0,2.15462e+09,-1.82773e+07,3.11694e+08,-8.49763e+08,-1.06264e+09,1.08264e+08,-8.04744e+08,0.000979623,0.000141716,-2.61982e-25
0,2.03044e+09,1.79011e+06,3.18509e+08,9.47178e+08,5.26619e+08,6.28465e+08,-7.81382e+08,0.000962543,0.000150991,1.61544e-25
0,2.08047e+09,-1.9527e+07,3.2337e+08,3.6323e+09,1.05029e+09,6.18413e+08,-6.47333e+08,0.000914522,0.000142146,4.02354e-24
0,2.31849e+09,2.91635e+06,3.2625e+08,1.6634e+09,-1.042e+09,-1.33642e+07,-2.49392e+08,0.00092102,0.000129603,2.48544e-25
0,1.90263e+09,-4.09955e+07,3.03291e+08,-3.09362e+09,8.60202e+08,5.3979e+08,-1.2061e+09,0.000979259,0.000156099,-3.29759e-24
0,2.08662e+09,-5.82107e+06,3.09465e+08,5.48961e+09,7.29637e+08,1.40409e+08,-7.59486e+08,0.000954717,0.000141593,1.08381e-23
0,1.75584e+09,-9.69455e+07,3.02176e+08,-1.57258e+09,-1.80063e+07,-6.29027e+06,-6.63781e+08,0.000959539,0.000165134,-4.13661e-25
0,2.08895e+09,-3.30376e+07,3.03223e+08,-6.74217e+09,-1.99721e+09,5.44803e+07,-1.19678e+09,0.00110161,0.000159906,-9.30583e-23
0,1.98441e+09,1.66553e+07,3.17613e+08,7.83064e+09,1.79088e+08,1.0261e+08,-5.3651e+08,0.000955684,0.000152961,2.69481e-23
0,1.92428e+09,1.46955e+07,3.08285e+08,4.58193e+09,2.08306e+09,1.59221e+08,-9.22465e+08,0.00091971,0.000147345,7.78423e-24
0,2.32106e+09,-337276,3.43365e+08,-1.11857e+09,-2.08717e+07,-7.53142e+07,-6.65748e+07,0.000872684,0.0001291,-2.55323e-27
0,1.87245e+09,3.0681e+07,2.95089e+08,7.2192e+09,2.4051e+09,2.87851e+08,-6.23163e+08,0.00113238,0.000178458,7.09324e-23
0,2.0105e+09,2.45884e+07,2.51979e+08,-1.3455e+09,-3.30914e+08,-2.50095e+08,6.93059e+08,0.00109752,0.000137554,3.59119e-25
0,1.9869e+09,-6.41926e+06,3.39273e+08,5.26721e+08,2.15202e+07,1.36208e+08,-6.74003e+08,0.00100047,0.000170835,-1.10504e-26
0,2.12196e+09,-5.54799e+07,2.84314e+08,-7.23023e+09,-1.27758e+09,5.11513e+08,-8.24487e+08,0.00104673,0.000140248,-5.16736e-23
0,2.01208e+09,-1.22699e+07,3.22873e+08,-2.85426e+09,-1.83003e+07,1.35578e+08,-1.04618e+09,0.000977864,0.000156916,-2.2719e-24
0,2.03561e+09,-5.76545e+07,3.07678e+08,-1.08624e+10,-8.34013e+08,-1.07675e+08,-1.13359e+09,0.00106971,0.000161684,-2.3139e-22
0,2.07575e+09,-3.7885e+07,3.26023e+08,-1.34783e+09,9.67972e+07,-9.70474e+07,-5.90487e+08,0.000983072,0.000154404,-1.15952e-25
0,2.03233e+09,4.07895e+07,3.21899e+08,3.46878e+09,1.48506e+09,2.87727e+08,-5.97596e+08,0.00088827,0.000140692,2.02445e-24
0,1.99385e+09,-5.61125e+07,3.06291e+08,-1.83439e+09,-1.24816e+09,1.78779e+08,-9.48279e+08,0.00101188,0.000155443,-2.42421e-24
0,1.95077e+09,-4.47071e+07,3.24042e+08,-1.40467e+09,1.23012e+09,2.83813e+08,-6.73071e+08,0.000976974,0.000162286,8.68039e-26
0,1.98912e+09,2.23185e+07,3.22179e+08,7.4468e+09,1.13025e+09,1.80203e+08,-3.30466e+08,0.00095814,0.00015519,1.64966e-23
0,1.84954e+09,1.63459e+07,2.6728e+08,4.23509e+09,-1.19919e+09,-6.80306e+07,-1.3302e+09,0.00107323,0.000155095,3.48923e-23
0,2.27395e+09,3.8215e+07,3.1504e+08,2.42473e+09,-2.35952e+06,7.46114e+06,-8.9945e+07,0.000981193,0.000135938,7.65924e-26
0,1.74779e+09,-3.10151e+07,3.07297e+08,1.49648e+08,2.07112e+09,6.3515e+08,-1.33996e+09,0.00100684,0.000177023,-2.64557e-25
0,2.29756e+09,5.82983e+06,3.22761e+08,1.69927e+09,-8.44339e+08,-2.51357e+07,-2.70424e+08,0.000923866,0.000129785,1.85873e-25
0,1.83785e+09,-2.76939e+06,3.09118e+08,-1.23193e+09,1.12339e+09,3.98027e+08,-1.1652e+09,0.000969869,0.000163128,-1.15485e-25
0,2.17747e+09,-1.09108e+07,3.37967e+08,-2.8928e+09,-5.06134e+08,-4.34864e+06,-3.82836e+08,0.000924884,0.000143552,-5.89301e-25
0,1.91286e+09,2.53907e+07,3.05146e+08,4.98122e+09,1.56222e+09,3.34459e+08,-1.07947e+09,0.000975628,0.000155636,2.35501e-23
0,1.95714e+09,1.24688e+07,3.07994e+08,1.14382e+09,-1.06341e+09,-3.31098e+08,-1.14895e+09,0.00106612,0.000167775,4.55269e-25
0,2.21968e+09,-2.52782e+07,3.00538e+08,3.08926e+09,-4.13413e+08,-5.70103e+08,8.71101e+07,0.000926388,0.00012543,1.20259e-25
0,1.82817e+09,-4.4048e+07,3.06869e+08,6.65972e+09,1.25373e+09,4.80315e+08,-5.51741e+08,0.000998382,0.000167585,4.69172e-23
0,1.97303e+09,-3.1538e+07,2.98571e+08,-3.32211e+09,3.12211e+08,3.34992e+08,-1.20827e+09,0.000997275,0.000150914,-4.69855e-24
0,2.23212e+09,-874681,3.10883e+08,3.24777e+09,1.78686e+09,7.47628e+07,3.55888e+08,0.000965069,0.000134412,-3.47914e-24
0,2.23143e+09,1.06411e+07,3.19348e+08,5.75526e+09,-1.4633e+09,-8.74716e+06,-6.20236e+08,0.000988793,0.00014151,1.20934e-23
0,2.12134e+09,-3.07002e+07,3.31422e+08,-2.74271e+09,1.72064e+07,-4.246e+08,-5.14028e+08,0.000973608,0.000152109,-7.82581e-25
0,2.26536e+09,4.84616e+06,3.23899e+08,-3.91452e+08,-1.55032e+09,-1.70053e+08,-5.83576e+08,0.000982469,0.000140473,-4.81655e-25
0,2.28139e+09,3.07142e+07,3.22684e+08,5.9747e+09,-7.39369e+08,-1.4334e+08,-3.21369e+08,0.000953272,0.000134833,4.41536e-24
0,1.99038e+09,-2.81319e+07,3.07677e+08,-2.80997e+09,-1.43632e+09,-8.01953e+07,-1.23124e+09,0.00109102,0.000168652,-1.18061e-23
0,1.76118e+09,-4.74038e+07,2.78898e+08,5.09203e+09,1.41737e+09,1.00712e+08,2.66285e+08,0.000916429,0.000145125,-9.43882e-24
0,1.99229e+09,5.14343e+06,3.12838e+08,-2.4873e+08,-1.51822e+09,-3.32319e+08,-9.99495e+08,0.00107078,0.000168139,-2.18047e-24
0,1.91952e+09,-2.40787e+07,3.09745e+08,-4.69592e+09,1.59527e+09,2.59263e+08,-8.94897e+08,0.000930211,0.000150105,-6.26778e-24
0,1.96649e+09,-2.62631e+07,3.09371e+08,7.85083e+09,1.13705e+09,1.35825e+08,-5.2219e+08,0.00104833,0.000164925,4.71086e-23
0,2.12649e+09,4.67722e+07,3.1938e+08,9.48698e+09,-2.07312e+08,1.57094e+08,-7.15648e+08,0.000953154,0.000143155,4.33583e-23
0,1.89832e+09,3.3265e+07,2.76127e+08,2.82101e+09,8.08141e+08,-3.13787e+08,-1.50343e+09,0.00104152,0.000151499,4.75751e-24
0,1.74058e+09,2.32254e+07,2.93583e+08,-4.83568e+09,6.60006e+08,-2.53449e+08,-1.0867e+09,0.00100141,0.000168908,-3.34394e-23
0,2.01484e+09,-1.40611e+07,3.13e+08,7.84638e+09,4.04971e+08,3.25562e+08,-6.61713e+08,0.0010617,0.000164932,5.58339e-23
0,2.08526e+09,-3.53898e+07,3.07664e+08,-5.52342e+09,-1.63123e+09,4.41073e+07,-1.15841e+09,0.00108493,0.000160073,-4.42867e-23
0,2.03707e+09,6.24598e+06,3.35356e+08,4.56014e+09,-7.24059e+07,-7.9503e+07,-5.61379e+08,0.000935041,0.000153933,4.30045e-24
0,1.92007e+09,-7.15712e+07,3.07019e+08,-1.5526e+10,5.9516e+08,-4.90064e+08,-6.47972e+08,0.000980858,0.000156839,-3.67665e-22
0,2.24448e+09,4.40614e+07,3.09451e+08,4.64049e+09,4.28685e+08,-2.18646e+08,-2.79208e+07,0.000990846,0.000136609,-2.24043e-25
0,1.80437e+09,-5.80069e+06,2.69788e+08,3.4983e+09,2.54502e+08,4.50371e+08,-1.71644e+08,0.00115246,0.000172315,5.2273e-24
0,2.01855e+09,5.4599e+06,3.17579e+08,-9.32666e+08,6.98844e+07,1.77837e+08,-1.01754e+09,0.000972605,0.000153021,2.18333e-26
0,2.13881e+09,1.38769e+07,3.34886e+08,2.33691e+09,-3.85922e+08,2.95088e+08,-6.46102e+08,0.000964471,0.000151013,4.57062e-25
0,1.9717e+09,-6.92474e+07,3.08214e+08,-9.21262e+09,1.43634e+09,2.76768e+08,-9.34314e+08,0.000941384,0.000147156,-6.20089e-23
0,2.01498e+09,-2.39873e+07,3.13749e+08,6.21926e+09,1.2793e+09,-4.50321e+07,-3.89961e+08,0.00105706,0.000164593,1.15759e-23
0,1.93007e+09,7.16746e+07,3.12866e+08,9.22626e+09,1.60391e+09,9.29649e+07,-8.26303e+08,0.000942729,0.000152817,7.39328e-23
0,2.11241e+09,1.48913e+07,3.08373e+08,9.31546e+08,-2.69679e+08,-2.96476e+08,-7.38629e+08,0.000986466,0.000144006,1.05089e-26
0,2.18388e+09,-2.32469e+07,3.34322e+08,-6.00748e+09,2.8577e+07,-4.32919e+08,-3.474e+08,0.000958215,0.00014669,-4.9032e-24
0,1.75187e+09,-1.0304e+08,2.984e+08,-1.59047e+08,2.05187e+08,1.16097e+08,-5.88657e+08,0.000971998,0.000165563,2.64232e-27
0,2.08907e+09,5.42019e+06,3.33683e+08,5.02263e+09,-5.23273e+07,1.91802e+08,-6.70221e+08,0.000944425,0.000150851,6.21277e-24
0,2.26064e+09,-102353,3.2179e+08,-4.14226e+07,-1.69084e+09,-1.38283e+08,-6.64634e+08,0.000991612,0.000141151,-2.9155e-25
0,1.87235e+09,4.29824e+07,3.16618e+08,4.2687e+09,1.80313e+09,-3.34582e+08,-1.06788e+09,0.000966121,0.000163373,6.40745e-24
0,1.92199e+09,3.01394e+07,3.1817e+08,3.82659e+09,4.90748e+08,-2.97907e+08,-1.0448e+09,0.00101418,0.00016789,8.15342e-24
0,2.10165e+09,-1.09624e+07,3.06424e+08,-4.12171e+08,-5.51601e+08,-3.08771e+08,-7.39923e+08,0.000976997,0.000142448,-6.57811e-26
0,1.88259e+09,-1.77598e+07,3.11599e+08,-6.96743e+09,1.82211e+09,-4.15656e+07,-9.15527e+08,0.000916553,0.000151704,-3.2221e-23
0,2.12517e+09,-3.7714e+06,3.00101e+08,-2.10458e+09,3.98793e+08,4.3419e+08,-2.4355e+08,0.0008894,0.000125594,-2.72491e-26
0,2.09268e+09,-6.64103e+07,3.04295e+08,-1.01566e+10,8.36502e+08,6.18246e+08,-4.94764e+08,0.000916588,0.00013328,-2.38116e-23
0,2.27116e+09,-2.56301e+07,3.19289e+08,-6.88695e+09,-1.65165e+09,3.87694e+06,-5.79996e+08,0.000980186,0.000137798,-1.69895e-23
0,1.95003e+09,-2.45868e+07,3.09006e+08,-3.99569e+09,-8.43654e+08,8.68367e+07,-1.12778e+09,0.00103217,0.00016356,-1.38003e-23
0,1.97674e+09,4.5991e+07,3.20212e+08,5.84753e+09,8.11304e+08,-3.12574e+08,-8.86501e+08,0.000998644,0.00016177,2.00614e-23
0,2.12829e+09,7.33165e+06,3.35953e+08,4.82653e+09,-1.16548e+08,3.55905e+08,-5.97116e+08,0.000958299,0.000151268,4.57615e-24
0,2.11154e+09,1.31714e+06,3.20566e+08,1.64023e+09,-1.30483e+09,-3.10112e+08,-9.0664e+08,0.00103929,0.000157781,1.55958e-24
0,1.95292e+09,-2.42711e+07,3.12406e+08,3.69065e+09,1.96685e+09,8.72277e+08,-8.88303e+08,0.000924999,0.000147971,1.11054e-23
0,1.83602e+09,2.75738e+07,3.19211e+08,5.03914e+09,5.54591e+08,-1.75965e+08,-1.0491e+09,0.00100941,0.000175496,2.49638e-23
0,1.88437e+09,-1.10112e+07,2.60128e+08,1.72807e+09,-5.34444e+08,6.59699e+08,-1.45348e+09,0.00112974,0.000155955,-3.37822e-25
0,2.28307e+09,3.32731e+07,3.21402e+08,7.1308e+09,-1.0832e+09,-2.40009e+08,-4.47912e+08,0.000950124,0.000133755,1.12743e-23
0,2.03876e+09,-1.36069e+07,3.029e+08,-1.80826e+09,-8.29103e+08,-5.27049e+08,-1.0233e+09,0.00100242,0.00014893,-6.31851e-25
0,2.10598e+09,1.27461e+07,3.1309e+08,7.12028e+09,-3.436e+08,5.23847e+08,-8.11142e+08,0.000977565,0.000145332,2.20517e-23
0,1.79819e+09,3.86398e+07,2.75157e+08,-7.59666e+09,-1.66958e+09,-3.92284e+08,-1.04332e+09,0.00106213,0.000162526,-1.3546e-22
0,2.07408e+09,4.40365e+07,3.10921e+08,5.91231e+09,1.32673e+09,-1.3941e+08,-6.47095e+08,0.000919608,0.000137856,7.28338e-24
0,2.03833e+09,-4.42445e+07,3.02021e+08,-5.39098e+08,-6.38063e+08,-4.31311e+08,-6.70727e+08,0.000961511,0.000142468,-9.26255e-26
0,2.00311e+09,-2.704e+06,3.11684e+08,6.48684e+08,4.96845e+08,-6.47458e+08,-9.04613e+08,0.000991981,0.000154352,-5.27603e-27
0,2.03308e+09,-4.96895e+06,3.41413e+08,-1.46263e+09,-4.1228e+07,-1.20567e+08,-5.02954e+08,0.000981106,0.000164756,-1.38683e-25
0,1.89776e+09,-1.17608e+07,3.00785e+08,4.19271e+09,-2.46124e+08,-4.0441e+08,-8.73303e+08,0.000976892,0.000154832,9.33831e-24
0,2.00655e+09,-5.4373e+06,3.33115e+08,-8.90882e+07,1.44698e+08,6.19389e+07,-7.7731e+08,0.000948927,0.000157535,2.57065e-27
0,1.91308e+09,-6.1448e+07,3.04309e+08,-7.763e+09,1.65087e+09,2.99142e+08,-1.01881e+09,0.000951537,0.000151358,-4.6175e-23
0,1.71302e+09,5.05754e+07,2.64859e+08,-9.49342e+08,1.14004e+09,1.07602e+07,-5.58046e+08,0.00116927,0.000180786,2.69852e-25
0,1.98232e+09,-6.6497e+06,3.394e+08,-4.08004e+07,-2.47204e+07,4.83932e+07,-6.70221e+08,0.00100291,0.000171713,1.85094e-27
0,2.12631e+09,1.85642e+07,3.33445e+08,2.01659e+09,-4.16579e+08,4.03043e+08,-7.18043e+08,0.000977598,0.000153306,2.53683e-25
0,2.07147e+09,-1.96502e+07,3.24562e+08,-5.73363e+09,-6.38917e+08,141715,-6.23651e+08,0.000953635,0.000149417,-1.02184e-23
0,2.07339e+09,1.81232e+07,3.1387e+08,2.72557e+09,-7.43991e+08,-5.63324e+08,-1.01567e+09,0.00102703,0.000155472,2.89426e-24
0,1.94461e+09,5.39152e+07,2.82831e+08,7.98145e+09,-5.62796e+07,-4.62836e+08,-1.1874e+09,0.00101533,0.000147673,9.14057e-23
0,2.14499e+09,-4.98809e+06,3.24304e+08,-4.50243e+08,2.62369e+08,-4.74712e+08,2.19544e+08,0.000896213,0.0001355,-1.5012e-26
0,1.92458e+09,-2.3098e+06,2.93048e+08,-1.0379e+09,-6.90679e+08,-1.92354e+08,-1.5045e+09,0.00106437,0.000162067,-4.52958e-25
0,1.93196e+09,-4.77877e+07,3.17346e+08,-6.0153e+09,2.95989e+08,3.01923e+08,-9.16752e+08,0.00101252,0.000166318,-2.94063e-23
0,1.96613e+09,2.61321e+07,3.04219e+08,5.10784e+09,-7.59023e+08,-1.52384e+08,-1.36576e+09,0.00104993,0.000162455,3.33493e-23
0,2.1388e+09,2.03047e+07,3.26424e+08,-8.29764e+08,-7.55952e+08,-7.20259e+08,-4.38877e+08,0.00100512,0.000153401,8.85142e-26
0,2.13349e+09,-5.72215e+06,3.15349e+08,-2.4468e+09,-1.19876e+09,1.22891e+08,-9.02549e+08,0.00100882,0.000149112,-2.80925e-24
0,1.99956e+09,-2.78338e+07,3.10113e+08,4.45828e+09,1.81424e+09,-4.9022e+07,-3.73758e+08,0.00105936,0.000164298,-1.42744e-24
0,1.87964e+09,-1.06763e+07,3.08734e+08,-6.02345e+09,1.90674e+09,-1.28858e+08,-9.82968e+08,0.000938159,0.000154094,-2.6903e-23
0,2.17739e+09,2.63769e+07,3.29678e+08,5.07568e+09,-5.07132e+08,1.6714e+08,-7.42731e+08,0.000986251,0.000149328,7.04356e-24
0,2.13572e+09,3.55628e+07,3.15747e+08,1.46687e+09,1.15675e+09,-2.48638e+08,-4.79516e+07,0.000876704,0.000129613,-2.02283e-25
0,1.85999e+09,5.28236e+07,2.97368e+08,-5.6842e+09,-1.65912e+09,-1.77685e+08,-9.52255e+08,0.00104467,0.000167017,-5.4038e-23
0,2.05943e+09,-2.98831e+06,3.25327e+08,4.28977e+09,4.99766e+08,1.86346e+08,-7.61903e+08,0.0009275,0.000146517,4.80659e-24
0,2.11006e+09,-2.27249e+07,3.26505e+08,-6.14529e+09,-6.61704e+08,2.33948e+07,-5.12945e+08,0.000957511,0.000148163,-9.81985e-24
0,2.09336e+09,4.3358e+06,3.16909e+08,9.94055e+08,-9.56739e+08,-6.12307e+08,-9.35375e+08,0.00102762,0.00015557,-2.5684e-25
0,2.10747e+09,-3.79661e+07,3.16224e+08,-7.90184e+09,-9.32622e+08,-2.35726e+08,-9.16839e+08,0.000996338,0.000149499,-4.11254e-23
0,1.86171e+09,-5.86924e+07,3.20065e+08,-4.79826e+09,1.28312e+09,1.99154e+08,-8.12233e+08,0.000981358,0.000168715,-1.13366e-23
0,2.16102e+09,-2.91188e+07,3.16125e+08,-6.85011e+09,-9.30259e+08,-3.49296e+08,-7.56851e+08,0.000981182,0.000143532,-1.66005e-23
0,1.84779e+09,-8.0173e+07,3.13171e+08,2.06791e+09,-7.52015e+08,4.18386e+08,-2.93859e+08,0.000902692,0.000152992,1.908e-26
0,1.79957e+09,-2.18383e+07,2.42032e+08,-1.6661e+08,2.41612e+08,3.11621e+08,-1.49291e+09,0.00111943,0.000150556,5.28312e-26
0,2.11931e+09,-2.24318e+07,3.10436e+08,3.10835e+09,-1.94032e+09,-4.07649e+08,-6.35358e+08,0.000978948,0.000143396,7.29039e-24
0,2.10356e+09,-4.7038e+06,3.13142e+08,-1.01204e+09,-1.11619e+09,2.87334e+08,-1.00457e+09,0.00102385,0.000152414,-2.84503e-25
0,2.04316e+09,5.76195e+06,3.11828e+08,7.73531e+09,3.83276e+08,6.18463e+08,-7.80535e+08,0.00094964,0.000144935,3.48445e-23
0,2.28904e+09,5.65773e+06,3.16725e+08,7.57816e+09,3.13778e+08,-1.4584e+08,-6.74904e+07,0.000966394,0.000133716,1.1505e-24
0,1.98492e+09,5.26339e+07,2.80699e+08,5.13439e+09,-1.47992e+09,-2.74095e+08,-1.22104e+09,0.00110561,0.000156351,5.33811e-23
0,2.05149e+09,-6.60108e+06,3.35024e+08,-1.04067e+09,6.73893e+06,6.82771e+07,-7.00973e+08,0.000957086,0.000156299,-3.72424e-26
0,2.12172e+09,-2.10751e+07,3.17428e+08,-5.28749e+09,-7.26027e+08,-3.79477e+08,-6.36062e+08,0.00096154,0.000143855,-5.77287e-24
0,2.15468e+09,-5.65528e+06,3.21229e+08,-5.22187e+09,-1.53589e+09,-5.01551e+08,-7.43902e+08,0.00102114,0.000152236,-9.78181e-24
0,1.76564e+09,-8.13299e+07,2.97216e+08,-1.98822e+09,-7.88614e+08,-3.86291e+08,-8.08396e+08,0.00100017,0.000168362,-1.54388e-24
0,1.8755e+09,-3.26551e+06,3.10188e+08,-2.73326e+09,-6.16206e+08,-2.73293e+08,-1.20975e+09,0.00105168,0.000173937,-4.70952e-24
0,2.02244e+09,-5.58724e+06,3.05041e+08,-3.18091e+08,-1.33985e+09,-9.81996e+07,-1.35207e+09,0.00108639,0.000163858,-1.05203e-24
0,2.02513e+09,-1.41161e+07,3.02592e+08,7.0084e+09,-5.60997e+08,9.08571e+07,-7.20162e+08,0.00106942,0.000159792,4.02361e-23
0,1.9617e+09,3.48224e+07,2.74465e+08,2.13373e+09,-1.5816e+09,-1.42085e+08,-1.33177e+09,0.00111109,0.000155455,1.00009e-23
0,1.84438e+09,-1.51944e+07,3.02736e+08,-5.63856e+08,4.81674e+08,6.46392e+07,-1.40255e+09,0.00101194,0.0001661,1.65678e-25
0,1.94494e+09,-3.52566e+06,3.24196e+08,-1.93816e+09,5.44941e+08,-1.41199e+08,-9.84481e+08,0.000962852,0.000160495,-8.59291e-25
0,1.87691e+09,2.50693e+07,3.03539e+08,8.4634e+08,1.74278e+09,-3.54888e+08,-1.25636e+09,0.000974164,0.000157545,-7.3296e-26
0,2.04691e+09,-1.05079e+06,3.2142e+08,-6.51895e+09,-1.08217e+09,-3.05615e+08,-7.55053e+08,0.000998525,0.000156795,-2.1647e-23
0,1.81366e+09,1.64059e+07,2.99842e+08,1.32271e+10,2.01984e+09,4.44421e+08,-5.11552e+08,0.000952591,0.000157486,2.46223e-22
0,2.16823e+09,7.69056e+06,3.20464e+08,4.15813e+09,-1.13871e+09,1.08884e+08,-5.46867e+08,0.000953165,0.000140877,3.54383e-24
0,1.77279e+09,-8.64147e+07,2.99604e+08,-3.05373e+08,-1.34582e+08,-1.22245e+08,-6.43854e+08,0.000995611,0.00016826,9.22577e-27
0,1.90928e+09,-7.55038e+06,3.0377e+08,-2.64215e+09,-2.69534e+08,-1.88762e+08,-1.26284e+09,0.00104638,0.000166481,-3.47364e-24
0,1.91936e+09,2.84551e+07,2.97786e+08,-6.20206e+09,-2.7459e+09,-2.6267e+08,-6.0503e+08,0.00103728,0.000160932,-7.70275e-23
0,2.00325e+09,-4.09806e+07,3.08066e+08,1.51308e+09,-1.69332e+09,2.83733e+08,-3.90226e+08,0.00097763,0.000150343,2.48889e-24
0,1.97291e+09,269355,2.7623e+08,-1.03268e+09,-1.96055e+09,4.24458e+07,-1.34729e+09,0.0011362,0.00015908,-7.11314e-24
0,2.13801e+09,2.51732e+07,3.35118e+08,4.03462e+09,-3.90538e+08,1.37656e+08,-3.88865e+08,0.000919745,0.000144163,1.39665e-24
0,2.16773e+09,1.46065e+07,3.30108e+08,2.32574e+09,-6.85943e+08,2.1165e+08,-7.21964e+08,0.000987017,0.000150306,7.74856e-25
0,1.91513e+09,3.49587e+07,3.23886e+08,-5.11111e+09,-1.55103e+09,-7.4677e+07,-5.04161e+08,0.00100359,0.000169728,-1.82543e-23
0,1.86075e+09,1.5538e+07,3.00138e+08,1.53989e+10,9.23039e+08,2.04819e+08,-4.11008e+08,0.00100204,0.000161629,2.95067e-22
0,1.94164e+09,1.13598e+07,2.98821e+08,-3.27181e+09,-1.17411e+08,-3.69118e+08,-1.34742e+09,0.00107202,0.000164985,-7.38774e-24
0,2.15756e+09,1.66632e+07,2.83343e+08,6.88841e+09,9.68336e+08,2.11718e+08,3.04305e+08,0.00104208,0.000136852,-9.18678e-24
0,1.90725e+09,5.02233e+07,2.84321e+08,4.67378e+09,-9.4855e+08,-6.7382e+08,-1.13383e+09,0.00105997,0.000158013,3.11888e-23
0,2.06252e+09,-4.04063e+07,3.20416e+08,-2.66392e+09,8.38629e+08,2.55354e+08,-8.05127e+08,0.000953936,0.000148196,-9.39206e-25
0,2.1789e+09,2.95359e+06,3.0425e+08,9.87253e+09,4.72855e+08,-2.04131e+08,6.32274e+07,0.000971283,0.000135625,-6.35418e-24
0,1.96742e+09,-1.26665e+07,3.02677e+08,-4.04535e+09,-3.18168e+08,-1.36994e+08,-1.16546e+09,0.00104976,0.000161499,-1.21391e-23
0,1.75289e+09,5.94615e+06,3.01991e+08,7.1309e+08,2.66597e+09,5.78733e+07,-1.25008e+09,0.000963133,0.00016593,-1.92672e-24
0,1.75672e+09,-7.04771e+07,3.03762e+08,3.97715e+09,6.7194e+08,2.66137e+08,-4.67221e+08,0.000996953,0.000172387,9.02179e-24
0,1.82888e+09,7.42925e+07,2.8691e+08,-8.89387e+09,-1.76291e+09,-7.37937e+07,-7.60982e+08,0.00107176,0.000168135,-1.83285e-22
0,2.20977e+09,4.51696e+07,3.2536e+08,7.46238e+09,4.56314e+07,-1.65657e+08,-3.55712e+08,0.000927448,0.000136555,7.60944e-24
0,2.08737e+09,-6.97848e+06,3.32071e+08,-3.10769e+08,-1.7482e+08,1.43151e+08,-7.69147e+08,0.000960599,0.000152817,1.38747e-26
0,1.99681e+09,-9.4394e+06,3.24633e+08,-1.05239e+09,-2.01748e+08,-1.28108e+08,-9.99932e+08,0.000981042,0.000159493,-2.36979e-26
0,2.26382e+09,-7.45806e+06,3.23692e+08,-1.47074e+09,-1.73968e+09,8.6079e+07,-6.45302e+08,0.00101124,0.000144592,-1.71078e-24
0,2.17109e+09,2.22663e+07,3.22188e+08,8.90514e+09,-4.6056e+08,1.38862e+08,-6.19458e+08,0.000951928,0.000141266,2.75343e-23
0,2.13221e+09,-2.15499e+07,3.18955e+08,1.8151e+08,-1.46476e+08,-1.20703e+08,-5.75145e+08,0.000933694,0.00013967,-3.42624e-27
0,1.95568e+09,2.86654e+07,2.79122e+08,3.84757e+09,-1.31437e+09,-4.69149e+08,-1.14689e+09,0.00106485,0.00015198,2.05015e-23
0,2.07355e+09,-3.51764e+06,3.32417e+08,2.94933e+09,9.77899e+08,3.88169e+08,-5.43011e+08,0.000895699,0.000143592,1.45699e-24
0,2.15059e+09,5.96259e+06,2.9101e+08,9.72102e+09,-9.44981e+08,-2.31215e+08,-7.89124e+07,0.00107108,0.000144934,1.82832e-23
0,2.02707e+09,3.19485e+07,3.14101e+08,1.08824e+10,7.78188e+08,5.09323e+08,-3.58382e+08,0.000943837,0.000146251,5.33259e-23
0,1.92183e+09,-1.94156e+07,2.7726e+08,-2.73438e+09,-1.44237e+09,5.29027e+07,-1.48617e+09,0.00112402,0.000162161,-1.71999e-23
0,1.96445e+09,-3.72651e+07,3.00771e+08,-4.83946e+09,-154679,-8.10688e+07,-1.17878e+09,0.00102969,0.000157653,-1.9873e-23
0,2.04609e+09,1.28145e+07,3.1449e+08,4.33403e+09,-2.87979e+08,-3.57311e+08,-1.01195e+09,0.00101205,0.000155555,9.70632e-24
0,1.81372e+09,1.71532e+07,2.94612e+08,-3.88749e+09,8.399e+08,-4.63184e+08,-1.41697e+09,0.00105033,0.00017061,-2.5299e-23
0,2.25388e+09,3.33712e+07,3.25642e+08,5.79891e+09,-7.79355e+08,-2.12891e+08,-3.69376e+08,0.000941153,0.000135978,4.86086e-24
0,1.87469e+09,-4.83309e+07,3.12904e+08,5.62714e+09,8.00722e+08,1.66376e+08,-3.05191e+08,0.00102345,0.000170823,1.25919e-23
0,1.84843e+09,1.92435e+06,3.05584e+08,6.104e+09,1.3855e+08,-6.82754e+08,-8.5813e+08,0.000970312,0.000160412,2.81573e-23
0,1.92241e+09,1.66378e+07,2.80239e+08,2.63039e+09,-1.1868e+09,-6.9621e+07,-1.24478e+09,0.00107184,0.000156248,8.69041e-24
0,1.99311e+09,2.06512e+07,2.93954e+08,3.78715e+09,2.15625e+08,-1.096e+08,-1.22195e+09,0.0010069,0.000148503,7.76354e-24
0,1.79655e+09,-5.97076e+07,2.72824e+08,-3.52717e+09,2.63457e+08,7.6017e+08,-1.46183e+09,0.00106602,0.000161886,-1.25583e-23
0,2.17698e+09,3.58253e+07,3.20772e+08,7.33097e+09,-8.48178e+08,2.59014e+08,-6.6536e+08,0.00096394,0.000142034,1.6476e-23
0,2.12123e+09,2.37142e+07,3.03726e+08,-4.29006e+08,-3.37695e+08,-2.51158e+08,-7.16286e+08,0.000986959,0.000141317,-1.05678e-26
0,1.90493e+09,-5.0416e+07,3.04137e+08,-4.55011e+09,6.74505e+08,-1.41704e+08,-1.10114e+09,0.00100156,0.000159907,-1.73013e-23
0,1.96051e+09,-3.40191e+07,3.17545e+08,-5.65085e+09,-1.53133e+06,-2.11839e+08,-6.77107e+08,0.00096292,0.000155965,-1.37042e-23
0,1.78638e+09,2.26354e+07,2.32053e+08,-3.84973e+09,-1.07902e+09,-3.61393e+08,8.82128e+08,0.00117684,0.000152873,3.43279e-23
0,2.15255e+09,-1.0853e+07,2.84917e+08,2.61219e+09,-1.85298e+09,-3.38584e+08,-5.6274e+06,0.00109821,0.000145361,5.07624e-24
0,1.99059e+09,-2.30457e+06,3.3413e+08,-2.13315e+09,-3.92507e+08,-2.92867e+08,-7.13831e+08,0.0009721,0.000163172,-5.64319e-25
0,1.969e+09,-1.28034e+07,3.05135e+08,7.47018e+09,-1.16957e+09,-4.91586e+08,-6.69467e+08,0.00100463,0.000155687,5.47664e-23
0,2.27699e+09,2.22845e+07,3.26424e+08,3.31661e+09,-1.16795e+09,-2.72519e+08,-3.64024e+08,0.000952782,0.000136588,1.795e-24
0,2.14281e+09,-3.3409e+07,3.2544e+08,-8.6875e+09,-7.234e+08,-1.54212e+07,-6.18545e+08,0.000978259,0.000148574,-3.30026e-23
0,2.23248e+09,2.81109e+06,3.39723e+08,9.45431e+08,-5.51289e+08,1.61408e+08,-3.99275e+08,0.000955646,0.000145424,4.71166e-26
0,2.16345e+09,2.80228e+07,3.2031e+08,5.42014e+09,-9.66886e+08,3.24961e+08,-7.15157e+08,0.000983633,0.000145632,7.99202e-24
0,1.8602e+09,-6.72348e+07,2.81784e+08,-3.68003e+09,1.96858e+08,1.01937e+09,-1.31033e+09,0.00107171,0.000162343,-1.06018e-23
0,1.82763e+09,-1.92876e+07,2.91077e+08,-1.54644e+09,8.69912e+08,-2.2158e+08,-1.46553e+09,0.00103353,0.000164605,-1.1331e-24
0,1.97584e+09,-1.35638e+07,3.18448e+08,-2.1412e+09,-2.17901e+08,-3.10707e+08,-1.26188e+09,0.00100925,0.000162662,-9.56931e-25
0,1.88889e+09,-429552,2.78102e+08,1.4317e+09,-4.32734e+08,2.78769e+08,-1.38997e+09,0.00108245,0.000159369,2.97554e-25
0,2.25278e+09,3.20707e+07,3.10616e+08,-6.09351e+09,5.90018e+08,2.15172e+08,2.51312e+08,0.000990621,0.000136588,4.83717e-24
0,1.93061e+09,2.95247e+07,3.06008e+08,2.79123e+08,1.49695e+09,-5.2812e+08,-1.12963e+09,0.000965169,0.000152983,1.3889e-26
0,2.21903e+09,4.46227e+06,3.14222e+08,-3.02595e+08,3.677e+08,1.8987e+07,-2.07075e+08,0.000889085,0.000125897,1.16872e-28
0,2.01805e+09,5.71229e+07,3.05543e+08,-7.87094e+09,-3.33676e+09,-3.61428e+08,-3.27305e+08,0.00102746,0.000155562,-8.65567e-23
0,2.0012e+09,-6.59326e+06,3.30711e+08,-7.69142e+08,6.3524e+08,-2.22378e+07,-4.83685e+08,0.00102028,0.000168609,-2.95003e-26
0,2.07368e+09,2.05596e+07,2.87717e+08,2.91249e+09,-2.00505e+09,-4.54904e+08,5.41688e+07,0.000950693,0.000131906,4.04358e-24
0,2.0082e+09,-1.8532e+07,3.06372e+08,7.11801e+09,-1.65667e+09,-3.3631e+08,-4.8495e+08,0.00103379,0.000157715,4.84866e-23
0,2.05275e+09,-6.61863e+06,3.21703e+08,1.68722e+08,-1.39488e+08,-5.58348e+06,-1.00104e+09,0.000995566,0.000156024,-1.68147e-26
0,2.17408e+09,-1.29268e+07,3.17276e+08,-2.89155e+09,-1.79916e+09,-4.92167e+08,-8.04738e+08,0.00102379,0.000149408,-5.55197e-24
0,1.95532e+09,-3.95967e+07,3.21445e+08,-7.63601e+09,6.02547e+08,2.41526e+08,-7.84954e+08,0.000934046,0.000153553,-3.22481e-23
0,2.16861e+09,2.19545e+07,3.3392e+08,2.50638e+09,-7.17294e+07,2.46597e+08,-5.9995e+08,0.000933983,0.000143814,4.89555e-25
0,2.09887e+09,1.77406e+07,3.35305e+08,4.70672e+09,1.47511e+07,2.94727e+08,-5.92528e+08,0.000923095,0.000147469,3.97356e-24
0,2.19164e+09,8.94225e+06,3.24253e+08,2.49535e+09,-1.17396e+09,3.24661e+08,-6.46996e+08,0.00100716,0.000149008,1.49776e-24
0,1.8319e+09,9.73795e+06,3.00204e+08,-3.1173e+09,-4.6385e+08,-4.9841e+08,-1.12573e+09,0.00101798,0.000166823,-4.73364e-24
0,2.17087e+09,-2.35526e+07,3.35981e+08,-4.32849e+09,-4.58109e+08,-4.04211e+08,-3.58323e+08,0.000916217,0.000141801,-9.52866e-25
0,1.9913e+09,-1.23002e+06,3.36107e+08,-2.66964e+08,3.52989e+08,2.12245e+08,-6.5237e+08,0.00093634,0.000158043,1.07392e-27
0,1.94462e+09,-1.24594e+07,2.72371e+08,7.26407e+08,-4.79335e+08,3.8365e+08,-1.31927e+09,0.00108756,0.000152328,4.18123e-26
0,2.0491e+09,-2.47704e+07,2.77181e+08,-6.11149e+09,-2.35614e+09,-1.88083e+08,1.69069e+08,0.00109694,0.000148383,-1.01676e-23
0,1.92776e+09,-6.09132e+07,2.97827e+08,-4.81079e+09,-2.19744e+08,5.42015e+08,-1.15532e+09,0.00105655,0.000163231,-2.44151e-23
0,1.95722e+09,4.3431e+07,2.96314e+08,8.73647e+09,1.64739e+09,2.26514e+08,-9.1692e+08,0.000934447,0.000141471,6.74627e-23
0,2.0838e+09,-2.16041e+07,3.18122e+08,-1.00138e+09,-1.49309e+08,-3.14883e+07,-1.00376e+09,0.000993941,0.000151739,-6.88893e-27
0,2.1046e+09,-3.12048e+07,3.2165e+08,-5.26568e+09,-3.49426e+08,-2.59003e+08,-6.91215e+08,0.000981574,0.000150015,-8.13996e-24
0,2.20695e+09,-4.31188e+06,3.22009e+08,-1.06924e+09,-1.32765e+09,1.65817e+08,-6.97678e+08,0.00101284,0.00014778,-5.87429e-25
0,2.0422e+09,-1.98613e+06,3.41259e+08,6.54968e+08,-1.24998e+08,1.21742e+08,-5.15192e+08,0.000984884,0.000164577,4.9955e-27
0,1.95899e+09,-1.3788e+07,2.84613e+08,-1.55547e+09,-9.11183e+08,4.75807e+08,-1.2912e+09,0.0010928,0.000158768,-6.45697e-25
0,1.87779e+09,8.68405e+06,3.28529e+08,-8.7946e+08,4.8169e+08,2.58759e+07,-1.05389e+09,0.000987559,0.000172779,-1.9181e-26
0,2.16311e+09,2.20929e+07,3.07159e+08,8.01419e+09,-1.34055e+09,3.84177e+08,-5.67541e+08,0.000984382,0.000139781,1.93904e-23
0,2.06231e+09,2.07896e+07,3.07508e+08,2.53312e+09,-1.23466e+09,-1.7537e+08,-1.17202e+09,0.00105516,0.000157333,5.28311e-24
0,1.77954e+09,-1.54912e+07,2.58635e+08,-1.15586e+09,9.81524e+08,2.46471e+08,-1.5859e+09,0.00106475,0.000154749,-1.00899e-25
0,1.92849e+09,9.3673e+06,3.2081e+08,-6.87055e+09,-2.04335e+09,-7.35444e+08,-3.60656e+08,0.000965468,0.000160608,-3.25215e-24
0,2.01185e+09,2.29515e+07,3.28847e+08,-8.26771e+08,1.06223e+09,-3.56337e+08,-6.76453e+08,0.000932606,0.000152439,-1.01363e-25
0,1.97571e+09,-8.14789e+06,3.1809e+08,6.43806e+09,1.06083e+09,8.04003e+08,-8.91369e+08,0.000950746,0.000153071,3.7095e-23
0,2.0684e+09,-2.15245e+07,2.77493e+08,1.05435e+09,-1.94167e+09,-5.62823e+06,3.11318e+07,0.00105343,0.000141326,2.04834e-24
0,1.98687e+09,-6.2793e+06,3.26024e+08,-2.51135e+09,5.64616e+08,-1.19449e+07,-9.87763e+08,0.000956754,0.000156993,-1.53456e-24
0,2.00729e+09,-2.09175e+07,3.03903e+08,2.95967e+09,-2.31348e+08,-2.63854e+08,-6.02471e+08,0.00105882,0.000160305,2.64387e-24
0,1.93354e+09,2.20512e+07,3.03319e+08,2.00147e+09,-9.72681e+08,-4.26979e+08,-9.69286e+08,0.00107579,0.000168762,2.69125e-24
0,2.1641e+09,-1.93292e+07,3.28255e+08,-7.09886e+09,-9.18239e+08,-4.77069e+08,-5.30065e+08,0.00097727,0.000148234,-1.00451e-23
0,2.08185e+09,2.15807e+07,3.25022e+08,1.04818e+09,-3.91558e+08,-7.11563e+08,-6.4482e+08,0.000998183,0.000155838,-4.73149e-26
0,1.84171e+09,-1.26654e+06,2.83187e+08,3.00317e+09,2.00859e+09,7.8986e+07,-9.32743e+08,0.000936769,0.00014404,1.63079e-24
0,2.03776e+09,4.22399e+06,2.90421e+08,-8.10342e+09,2.60086e+08,-5.49288e+08,-2.678e+08,0.00117719,0.000167772,-4.44014e-23
0,2.13149e+09,-2.11201e+07,3.26124e+08,-2.9344e+09,-4.22948e+08,-2.45058e+08,-8.20277e+08,0.000988614,0.000151261,-1.52157e-24
0,2.04939e+09,2.81343e+06,3.05832e+08,-7.80377e+09,3.35789e+08,-1.14239e+08,2.73796e+08,0.00101835,0.000151969,1.5028e-23
0,2.13445e+09,-1.95919e+07,3.23791e+08,-5.26102e+09,-7.17476e+08,1.23311e+08,-6.84768e+08,0.000998655,0.000151494,-1.02055e-23
0,2.08398e+09,7.88633e+07,3.00872e+08,9.25388e+09,8.73082e+08,2.62688e+08,-6.42119e+08,0.001004,0.000144952,5.90399e-23
0,1.92029e+09,5.80299e+06,3.32388e+08,7.29127e+08,2.09503e+08,2.22836e+08,-8.9064e+08,0.00100084,0.000173238,-2.3428e-26
0,1.9723e+09,-1.17695e+07,3.2252e+08,-5.83157e+09,-1.03583e+09,-3.48552e+08,-5.69878e+08,0.000951847,0.000155651,-1.0028e-23
0,2.04191e+09,-8.52393e+07,3.01485e+08,-5.76141e+09,-1.37067e+09,-3.81148e+08,-5.28762e+08,0.00096572,0.000142587,-8.73138e-24
0,1.85816e+09,-1.46565e+07,2.59896e+08,5.24414e+09,-7.10001e+08,2.24811e+07,8.84784e+08,0.00101889,0.00014251,-2.54902e-23
0,1.95279e+09,-1.28622e+07,2.63665e+08,-6.38909e+09,-9.84333e+08,-4.37741e+08,5.03342e+08,0.00107182,0.000144717,3.69871e-23
0,1.93484e+09,2.74485e+06,3.02858e+08,4.52185e+08,-1.44695e+09,-6.14799e+08,-1.05149e+09,0.00106564,0.000166802,-2.29896e-24
0,2.05546e+09,1.21153e+07,2.86737e+08,-1.35759e+10,-3.38304e+08,-3.65829e+08,-2.43876e+08,0.00116057,0.0001619,-1.2368e-22
0,2.06069e+09,-5.23811e+07,2.90626e+08,-4.0209e+09,-1.70727e+09,-3.6397e+08,-2.59245e+08,0.00105028,0.000148124,-5.0684e-24
0,2.10638e+09,5.2173e+06,3.23454e+08,-5.48912e+08,-7.73822e+08,-7.41433e+08,-6.90326e+08,0.000989217,0.000151904,-6.93879e-26
0,2.14083e+09,8.18968e+06,3.38414e+08,2.8891e+09,-4.32018e+08,4.44924e+08,-4.9506e+08,0.00096754,0.000152945,4.52808e-25
0,1.86376e+09,1.74596e+07,2.9134e+08,2.67318e+09,5.80993e+08,-1.76005e+08,-1.27373e+09,0.00100257,0.000156721,3.44818e-24
0,2.06179e+09,-6.0201e+06,3.27044e+08,1.20134e+09,7.90506e+07,-4.02515e+07,-8.88974e+08,0.000963786,0.000152877,6.28915e-26
0,2.10706e+09,-5.70083e+07,3.12049e+08,-8.18466e+09,-4.21764e+08,1.75253e+08,-9.47663e+08,0.00100422,0.000148721,-5.2237e-23
0,2.15171e+09,3.05208e+06,3.28759e+08,-1.16369e+10,-1.00834e+09,-7.95618e+08,-1.4139e+07,0.000980909,0.000149873,2.54521e-23
0,2.02623e+09,-1.84138e+07,3.24257e+08,-4.88131e+09,-8.22168e+08,2.09779e+08,-5.22603e+08,0.000957495,0.000153228,-7.6077e-24
0,2.0788e+09,4.07584e+06,3.35418e+08,4.26116e+08,1.22342e+08,-8.27384e+07,-6.5831e+08,0.000942595,0.000152089,-4.55956e-27
0,1.97022e+09,-1.80756e+06,3.39806e+08,8.1199e+08,-8.57784e+07,7.12127e+06,-3.29817e+08,0.00101722,0.000175441,2.25139e-26
0,1.95236e+09,3.01901e+07,3.00041e+08,-5.3622e+08,-4.90801e+08,-5.67682e+08,-1.20949e+09,0.00105771,0.00016255,-3.01545e-26
0,1.92913e+09,1.19329e+07,2.93817e+08,4.55557e+09,1.7068e+09,-6.49885e+07,-7.30966e+08,0.000931588,0.000141885,4.69469e-24
0,2.24788e+09,3.53634e+07,3.1219e+08,4.31068e+09,-5.75831e+08,1.22782e+07,-2.7164e+08,0.000967408,0.000134355,1.42325e-24
0,2.05809e+09,2.03852e+07,3.22925e+08,3.59636e+09,1.52071e+08,-2.98829e+08,-7.58308e+08,0.000955635,0.000149945,2.74086e-24
0,2.0656e+09,6.77017e+06,3.1939e+08,-3.1647e+09,-8.49526e+08,-1.81476e+08,-7.76521e+08,0.000966718,0.000149477,-2.52578e-24
0,2.07213e+09,1.61756e+07,3.06752e+08,2.76225e+09,-1.45789e+09,2.77263e+08,-1.08677e+09,0.00103661,0.000153457,6.45811e-24
0,1.94097e+09,-2.80549e+07,2.63777e+08,-2.74187e+09,-1.8614e+08,1.89759e+08,-1.22027e+09,0.00105882,0.000143892,-3.99788e-24
0,2.16637e+09,-3.55939e+06,3.16907e+08,-4.02317e+09,-1.34293e+09,2.49589e+08,-7.16837e+08,0.000988764,0.000144641,-7.11625e-24
0,2.07122e+09,-2.00654e+07,3.07041e+08,-3.34913e+09,-2.1666e+09,-1.27676e+08,-8.37043e+08,0.00106468,0.00015783,-1.92936e-23
0,1.93276e+09,-7.19337e+07,2.77717e+08,-5.28231e+09,-8.26081e+08,-4.77083e+08,-1.66146e+08,0.00100506,0.000144416,9.84574e-25
0,1.89515e+09,3.13252e+07,2.78326e+08,-6.33582e+09,-1.21978e+09,-3.18956e+08,5.36008e+08,0.000987361,0.000145006,2.72664e-23
0,2.1867e+09,-3.07032e+07,3.30515e+08,-6.69042e+09,-9.15878e+08,-5.79022e+08,-4.52853e+08,0.000950157,0.000143614,-4.24937e-24
0,1.97986e+09,-1.42918e+07,3.20395e+08,6.54474e+09,-1.65839e+09,6.80849e+08,-6.59116e+08,0.00101263,0.00016387,1.5837e-23
0,1.83975e+09,2.62775e+07,2.99622e+08,-7.98461e+08,-1.73013e+08,-4.08524e+08,-1.22253e+09,0.00104357,0.000169956,3.03495e-25
0,2.01213e+09,-4.75496e+06,3.39646e+08,-2.23632e+08,2.78168e+07,5.39877e+07,-6.40351e+08,0.000985285,0.000166315,5.71232e-27
0,1.89205e+09,-1.81979e+06,3.40369e+08,1.0435e+09,-1.83536e+08,3.97006e+07,-1.16746e+08,0.00100378,0.000180574,2.218e-26
0,2.00246e+09,7.1795e+06,3.3477e+08,2.66022e+09,3.1476e+08,1.24083e+08,-7.05743e+08,0.000954079,0.000159503,1.33021e-24
0,1.89803e+09,-6.34822e+06,2.77516e+08,1.15582e+09,-7.54798e+07,4.94886e+07,-1.44455e+09,0.00108705,0.00015894,-3.0244e-25
0,2.10571e+09,-3.17092e+07,3.23853e+08,-4.14154e+09,2.18081e+07,-1.08647e+07,-7.48957e+08,0.000949668,0.000146057,-3.84199e-24
0,1.86477e+09,-3.17105e+07,3.03632e+08,5.56209e+09,-1.18015e+09,-7.9112e+07,-7.44623e+08,0.000955931,0.00015565,2.38925e-23
0,2.0997e+09,3.16715e+07,3.1271e+08,5.10472e+09,-8.3953e+08,-9.88907e+07,-7.46532e+08,0.00096905,0.000144321,9.78093e-24
0,1.90363e+09,-8.07469e+07,3.10725e+08,-3.91418e+09,-1.2929e+09,-4.07056e+08,-2.12492e+08,0.000878602,0.000143412,-6.24011e-25
0,1.90286e+09,1.18557e+07,2.86561e+08,-4.75889e+09,-9.17146e+08,-7.45194e+08,4.66307e+08,0.000950933,0.000143206,1.31715e-23
0,2.05436e+09,7.34066e+07,2.84689e+08,7.64889e+08,-2.34093e+09,-1.0683e+08,-8.20829e+08,0.00106337,0.00014736,3.37319e-24
0,1.93817e+09,2.25054e+07,3.30378e+08,-1.19312e+09,-8.15894e+08,3.13425e+08,-4.8403e+08,0.000979536,0.000166971,-3.02428e-25
0,2.04252e+09,3.37475e+07,3.20701e+08,-9.19874e+09,-1.71733e+09,1.99998e+07,-4.16728e+08,0.00101561,0.000159464,-5.58071e-23
0,2.33127e+09,208499,3.43948e+08,-1.27442e+08,-5.5833e+07,3.18472e+06,-2.01625e+07,0.00086233,0.000127225,-3.1621e-30
0,2.0392e+09,-5.39556e+07,3.25187e+08,-8.42122e+09,9.21513e+08,8.00245e+07,-6.78026e+08,0.000926837,0.000147801,-3.01168e-23
0,2.04746e+09,3.61867e+06,3.12989e+08,5.43236e+09,-2.05564e+08,1.61381e+08,-9.16085e+08,0.000971678,0.000148537,1.34832e-23
0,2.0547e+09,4.0718e+07,2.91784e+08,6.00734e+09,-9.42603e+08,-2.24784e+07,-9.16746e+08,0.00101747,0.000144489,2.63107e-23
0,2.03497e+09,1.48097e+07,3.29108e+08,1.66724e+09,2.41431e+08,1.38506e+08,-8.80034e+08,0.000971162,0.000157062,3.31611e-25
0,2.00219e+09,-4.94898e+06,3.41706e+08,-5.77936e+07,9.13275e+07,1.88302e+07,-4.79387e+08,0.000983224,0.000167803,5.62399e-28
0,2.00372e+09,-1.08909e+07,3.25359e+08,-8.44394e+08,2.38016e+08,1.29262e+08,-9.88021e+08,0.00095709,0.00015541,1.32663e-26
0,1.94564e+09,3.54178e+06,3.00252e+08,-2.11606e+08,-7.85673e+08,-1.28097e+08,-1.1819e+09,0.00107055,0.000165207,-2.91899e-25
0,1.89566e+09,-3.0086e+07,2.93997e+08,-1.67251e+10,1.38199e+09,-1.54719e+08,-3.38283e+08,0.000953222,0.000147835,-2.19616e-22
0,1.95125e+09,-1.90174e+07,3.12528e+08,2.44881e+08,-6.03781e+08,2.56157e+08,-1.13516e+09,0.00104105,0.000166742,2.1857e-25
0,1.94574e+09,-2.04103e+07,2.89687e+08,-2.68288e+09,-4.70115e+08,-9.25731e+08,3.33227e+08,0.000927202,0.000138044,2.017e-24
0,2.13182e+09,1.62473e+07,3.23418e+08,3.86116e+09,-1.14795e+09,1.19088e+08,-6.32583e+08,0.000985992,0.000149585,4.35756e-24
0,2.20448e+09,-6.33078e+06,3.39565e+08,-2.16082e+09,-4.17269e+08,-3.29049e+08,-4.27925e+08,0.000943631,0.000145351,-1.35364e-25
0,2.00893e+09,-5.55253e+06,3.20094e+08,2.48594e+09,-6.54915e+08,1.60322e+08,-1.20414e+09,0.00102445,0.000163231,2.48968e-24
0,2.10163e+09,-2.29742e+07,3.22823e+08,9.55079e+09,9.2323e+08,1.81119e+08,1.08184e+08,0.000986858,0.000151588,-5.92023e-24
0,1.97078e+09,6.00561e+07,2.7362e+08,-3.47938e+09,-2.32517e+09,-3.54632e+08,-8.97059e+08,0.00103684,0.000143953,-2.60276e-23
0,2.10433e+09,2.34038e+07,3.22289e+08,1.80027e+09,-3.84104e+08,-1.68655e+08,-7.13114e+08,0.000973646,0.000149119,3.78367e-25
0,2.12886e+09,-5.68593e+07,3.0995e+08,-1.00863e+10,-7.83307e+08,1.41263e+08,-6.96537e+08,0.00101202,0.000147345,-7.43529e-23
0,1.99174e+09,1.89925e+06,3.40226e+08,9.3427e+07,-2.35606e+08,9.22101e+07,-4.01285e+08,0.000981711,0.000167694,2.97693e-27
0,1.9471e+09,2.81788e+07,3.17936e+08,2.40873e+09,1.09643e+09,-1.4866e+08,-1.11231e+09,0.000965212,0.000157606,1.54163e-24
0,1.9699e+09,-1.83088e+07,3.04641e+08,-2.52927e+09,-8.78829e+08,-2.86834e+08,-1.05905e+09,0.00107326,0.000165976,-3.82183e-24
0,1.92796e+09,-2.37039e+07,3.14241e+08,7.80421e+09,-6.29547e+08,6.63107e+08,-5.20338e+08,0.00100352,0.000163566,2.46296e-23
0,1.99596e+09,-3.52605e+07,3.09319e+08,-5.68396e+08,-3.86531e+08,2.65399e+08,-1.14827e+09,0.00103892,0.000161005,1.65546e-25
0,1.99592e+09,-2.22785e+07,2.93051e+08,-8.64598e+08,-3.87489e+08,-7.01997e+08,3.1146e+08,0.000913543,0.000134131,1.26978e-25
0,1.78416e+09,2.88305e+07,3.01106e+08,4.76986e+09,1.89264e+09,-6.94935e+07,-1.16053e+09,0.0010507,0.000177323,2.96685e-23
0,2.07364e+09,-2.66692e+07,3.07061e+08,-5.25685e+09,-1.33284e+09,60532.6,-9.52124e+08,0.00103847,0.000153774,-2.33537e-23
0,2.12942e+09,4.50197e+07,2.77229e+08,5.39526e+09,-3.19094e+08,-1.02156e+08,6.56461e+07,0.00109426,0.000142462,-1.04941e-24
0,1.86845e+09,-2.5596e+07,2.79131e+08,-6.69036e+08,8.35287e+08,4.15332e+08,-1.2843e+09,0.00101105,0.000151042,2.44496e-26
0,2.09537e+09,-6.5733e+07,3.16092e+08,-1.06258e+10,3.10548e+08,8.3793e+07,-7.01792e+08,0.000968702,0.000146131,-7.0194e-23
0,2.05632e+09,-1.73253e+07,3.28099e+08,3.29917e+09,8.55221e+08,6.2343e+08,-5.91369e+08,0.000910832,0.000145329,2.90853e-24
0,2.09656e+09,2.84728e+07,3.17242e+08,3.38181e+09,-8.84026e+08,3.37845e+08,-8.75875e+08,0.00100367,0.000151871,3.27034e-24
0,1.98818e+09,3.93537e+07,3.17669e+08,3.42637e+09,9.25784e+08,-3.32198e+08,-9.91995e+08,0.000981217,0.000156778,3.51101e-24
0,2.14397e+09,-1.30834e+07,3.31839e+08,-1.44089e+09,-6.09267e+08,-3.13008e+08,-7.30786e+08,0.000976225,0.000151098,-1.84873e-25
0,1.81687e+09,3.91044e+07,2.66702e+08,3.36381e+09,7.87263e+08,-1.46343e+08,-1.17953e+09,0.00104703,0.000153695,1.00924e-23
0,2.05174e+09,-1.33648e+07,2.79887e+08,6.39248e+09,4.59071e+07,-1.00901e+08,6.21469e+08,0.00106715,0.000145574,-2.45521e-23
0,2.09786e+09,-3.61215e+07,3.1717e+08,-3.09032e+09,-5.50065e+08,1.87177e+08,-9.25546e+08,0.00104658,0.00015823,-3.72452e-24
0,2.11951e+09,1.80509e+07,3.12529e+08,5.35796e+09,1.19403e+09,7.04193e+08,-2.06338e+08,0.00104924,0.000154715,1.26806e-23
0,2.15934e+09,2.98536e+07,3.0229e+08,2.83961e+09,-6.60344e+08,-2.68165e+08,-7.15684e+08,0.000975664,0.000136585,1.63734e-24
0,2.19521e+09,5.18773e+07,3.21865e+08,2.85378e+09,-1.83893e+09,1.26724e+08,-1.82494e+08,0.000919699,0.000134848,2.14896e-24
0,2.15276e+09,-6.3872e+06,3.39462e+08,-4.99923e+09,-1.39371e+08,-1.58335e+08,-4.39867e+08,0.000923369,0.000145603,-3.06496e-24
0,2.07138e+09,-1.8735e+07,3.12848e+08,6.99998e+09,-5.74791e+08,4.16968e+08,-5.24705e+08,0.00106649,0.000161076,2.09252e-23
0,1.9986e+09,-8.56203e+07,3.11098e+08,-1.07803e+10,1.61478e+09,1.26659e+08,-6.43117e+08,0.000935974,0.000145692,-6.27962e-23
0,2.11209e+09,1.75864e+07,3.14409e+08,1.4448e+09,-1.19783e+09,3.03451e+08,-9.46248e+08,0.00101702,0.000151396,1.42176e-24
0,1.97951e+09,2.47719e+07,2.80013e+08,-9.27521e+08,-1.43752e+09,-6.92343e+08,-1.33648e+09,0.00111209,0.000157312,-5.48897e-24
0,2.02478e+09,-1.19598e+07,3.25413e+08,-8.20355e+08,-3.80273e+08,1.74337e+08,-1.08151e+09,0.00102863,0.000165316,5.10217e-26
0,2.18393e+09,-1.5906e+07,3.35157e+08,-3.19062e+09,-5.15108e+08,-3.44661e+08,-5.9662e+08,0.000969646,0.000148807,-9.91217e-25
0,2.06107e+09,-1.32915e+07,2.70277e+08,4.88996e+09,-2.44996e+08,-9.73942e+07,4.07219e+08,0.00106994,0.000140306,-6.90677e-24
0,1.89459e+09,1.11712e+07,2.66841e+08,4.24389e+09,2.675e+08,6.97898e+07,-1.14263e+09,0.00105978,0.000149263,1.81404e-23
0,1.82688e+09,8.29918e+07,3.00876e+08,6.70699e+09,7.27361e+08,-1.02972e+09,-8.46963e+08,0.000937918,0.000154469,2.37834e-23
0,2.01366e+09,-3.99294e+06,3.41261e+08,2.12819e+08,-1.5751e+07,3.84948e+07,-5.26341e+08,0.000985192,0.000166963,-2.91682e-27
0,1.99524e+09,-4.65062e+07,3.11204e+08,-5.06424e+09,2.08197e+08,-3.48667e+08,-7.80761e+08,0.00102958,0.000160587,-1.5252e-23
0,2.13594e+09,-2.71821e+06,3.34183e+08,-6.86859e+08,-3.44431e+07,1.58117e+08,-5.57756e+08,0.000927075,0.000145048,-2.31004e-27
0,2.02473e+09,-2.1536e+07,3.1571e+08,3.51879e+09,1.40903e+08,4.14437e+08,-5.02661e+08,0.00107233,0.000167205,3.87411e-24
0,2.18268e+09,2.9002e+07,2.91975e+08,-4.84746e+09,2.82763e+08,5.09609e+08,6.05373e+07,0.000991334,0.00013261,1.16384e-24
0,1.8984e+09,3.01572e+07,3.17234e+08,3.20712e+09,1.69076e+09,-1.72944e+08,-1.1183e+09,0.000959789,0.000160387,3.17924e-24
0,2.03353e+09,2.1184e+07,3.07793e+08,-7.95785e+08,-3.17155e+08,-5.23551e+07,-9.78966e+08,0.000998898,0.000151192,-8.43743e-27
0,2.04407e+09,-1.46882e+06,3.42173e+08,-3.77133e+09,1.80929e+08,-1.77987e+08,-2.7125e+08,0.000902757,0.000151119,-1.07105e-24
0,2.25648e+09,6.41262e+06,3.02073e+08,1.78224e+09,-1.19996e+09,-3.76053e+07,-3.10155e+08,0.000953118,0.000127593,5.56658e-25
0,1.97279e+09,2.08746e+07,3.08483e+08,5.2509e+09,6.73018e+08,-2.2312e+08,-8.41803e+08,0.00113154,0.000176937,2.71978e-23
0,1.99941e+09,-7.13162e+07,3.05351e+08,-7.29365e+09,8.02915e+08,1.60413e+08,-9.23157e+08,0.000961072,0.000146776,-3.46682e-23
0,2.16791e+09,-3.2532e+06,3.18188e+08,-2.26442e+09,-1.09576e+09,-2.78173e+08,-6.73181e+08,0.000980605,0.000143925,-1.14686e-24
0,2.05545e+09,-3.93675e+07,3.23191e+08,-7.56536e+09,-3.11849e+08,-6.4141e+07,-8.00605e+08,0.00101292,0.000159267,-3.97005e-23
0,1.9859e+09,-3.87095e+06,2.71786e+08,2.6472e+09,-7.46656e+08,3.97002e+08,-1.04997e+09,0.00109602,0.000149999,3.3692e-24
0,1.95382e+09,4.00351e+07,3.06115e+08,-1.05345e+10,-4.77967e+08,-5.7316e+08,6.91472e+08,0.00100315,0.000157169,1.28661e-22
0,2.01637e+09,-3.18471e+06,3.41153e+08,2.38226e+08,-3.54475e+07,4.19151e+07,-5.37934e+08,0.000986526,0.000166912,-3.24582e-27
0,1.98536e+09,2.93957e+07,3.02723e+08,4.34102e+09,1.00327e+09,-6.62232e+08,-8.94778e+08,0.000940954,0.000143474,3.9703e-24
0,2.09049e+09,-1.10054e+07,2.98522e+08,5.79544e+09,-2.64014e+09,-1.74312e+08,1.22664e+08,0.000931821,0.000133064,1.47465e-23
0,1.98955e+09,3.34114e+07,3.10023e+08,-6.79946e+08,-1.40806e+09,2.70861e+08,-6.22489e+08,0.00099456,0.000154978,-2.1865e-25
0,2.1702e+09,2.69628e+06,3.39268e+08,3.32793e+09,-5.22064e+08,4.7462e+08,-4.15978e+08,0.000954389,0.0001492,3.98216e-25
0,1.72387e+09,5.04859e+06,2.61176e+08,1.6492e+09,-1.61885e+07,3.13462e+08,5.7738e+08,0.00113724,0.000172299,-1.005e-24
0,2.02452e+09,-2.45928e+06,3.08929e+08,-1.56549e+09,-3.8155e+08,-2.26949e+08,-9.51518e+08,0.00100507,0.000153367,-3.01682e-25
0,2.06135e+09,1.97958e+07,3.16881e+08,2.2784e+09,-8.56071e+08,-1.87262e+08,-1.00136e+09,0.00102525,0.000157606,2.14845e-24
0,2.11775e+09,-5.07274e+07,3.19043e+08,-6.39975e+09,8.68395e+08,2.98357e+08,-3.72141e+08,0.000875782,0.000131938,-3.1379e-24
0,1.84131e+09,-6.0403e+06,3.24398e+08,7.81822e+08,-4.38635e+08,4.836e+07,8.18398e+08,0.00101513,0.000178843,-4.68371e-26
0,2.30497e+09,2.05649e+07,3.2809e+08,-1.97945e+09,6.17228e+08,2.05476e+08,1.42819e+08,0.000938056,0.000133523,1.47372e-25
0,2.16418e+09,-2.62471e+07,3.3617e+08,-7.08817e+09,-1.07246e+08,-5.3989e+08,-5.23503e+08,0.000938276,0.000145746,-1.05453e-23
0,2.1201e+09,-5.49347e+07,3.2881e+08,-6.29551e+09,1.30947e+09,-6.77757e+07,-5.14087e+08,0.000882005,0.000136792,-6.29865e-24
0,2.03931e+09,-2.03463e+07,2.98176e+08,-5.55418e+09,-1.07646e+08,2.14646e+08,-9.78268e+08,0.000966386,0.000141299,-1.56554e-23
0,1.94633e+09,-5.3994e+07,2.93436e+08,-5.13758e+09,1.36406e+09,5.00452e+08,-1.12968e+09,0.000958566,0.000144517,-1.20652e-23
0,1.96997e+09,-2.57176e+07,3.10559e+08,3.58562e+09,1.43922e+09,7.71416e+08,-9.03734e+08,0.00092996,0.000146605,8.7615e-24
0,2.05459e+09,-6.55702e+07,2.89861e+08,-7.25175e+09,-2.23399e+08,2.84382e+08,-7.56734e+08,0.000980373,0.00013831,-2.91088e-23
0,1.92611e+09,4.15385e+06,2.79366e+08,-1.42231e+09,9.13232e+08,-2.85925e+07,-9.26807e+08,0.000997199,0.000144635,-4.20705e-25
0,1.84213e+09,-1.30585e+07,3.08768e+08,7.4171e+09,2.11506e+09,2.68616e+08,-6.82476e+08,0.000965654,0.000161857,4.74606e-23
0,2.15449e+09,-7.40487e+06,3.41531e+08,8.5783e+08,-3.31267e+08,2.84273e+08,-2.35829e+08,0.000964397,0.000152877,-5.09966e-27
0,1.85927e+09,2.94763e+07,2.97784e+08,-7.07983e+08,1.43296e+09,-5.40191e+08,-1.47055e+09,0.0010128,0.000162211,-5.28937e-25
0,1.95484e+09,4.27478e+07,3.11196e+08,-7.93407e+09,-8.25012e+08,6.04194e+08,-3.29899e+08,0.00103795,0.000165234,-4.29381e-23
0,1.91353e+09,-4.70226e+07,3.12698e+08,-1.97574e+09,1.31076e+08,2.24829e+08,-9.88404e+08,0.00100038,0.000163477,-8.32173e-25
0,2.1078e+09,-1.83172e+07,2.69161e+08,1.34968e+09,-6.96035e+08,-4.2771e+08,-1.68152e+08,0.00101228,0.000129265,1.67693e-25
0,2.15538e+09,1.39827e+07,3.34951e+08,6.53581e+09,-1.69324e+08,3.30564e+08,-5.9151e+08,0.00093337,0.000145048,9.44503e-24
0,2.03e+09,-6.01002e+06,3.40269e+08,-4.27733e+08,-5.90895e+07,-1.34706e+07,-5.98064e+08,0.000986263,0.000165318,4.48458e-27
0,2.24075e+09,3.61514e+07,3.25822e+08,-6.69822e+09,-6.35528e+08,1.86623e+08,1.31578e+08,0.000921046,0.000133927,1.03583e-24
0,2.00268e+09,-8.62321e+06,2.74272e+08,1.93329e+09,-5.99459e+08,1.91127e+08,-1.11063e+09,0.0010436,0.000142924,1.18773e-24
0,1.8562e+09,4.79797e+06,2.7124e+08,-4.51e+08,-4.66086e+08,-3.35764e+08,-1.38337e+09,0.00107708,0.000157391,-1.13251e-25
0,2.11538e+09,2.05396e+07,3.00624e+08,5.55476e+09,-2.55573e+09,2.17502e+08,-9.4559e+08,0.00108534,0.000154241,5.82888e-23
0,1.90432e+09,6.99344e+07,2.71031e+08,-9.04579e+09,8.24575e+08,2.40467e+08,7.82811e+08,0.00114391,0.000162807,2.01173e-22
0,2.11704e+09,-1.81987e+06,3.20528e+08,-2.75647e+08,-8.87864e+08,-6.02339e+08,-8.67436e+08,0.00100741,0.000152526,-3.76405e-25
0,1.94202e+09,-8.44534e+07,3.06012e+08,-4.01546e+09,-1.18904e+09,-3.03112e+08,-3.27384e+08,0.000926341,0.000145967,-2.18022e-24
0,2.05521e+09,-5.8895e+07,2.91388e+08,-8.57131e+09,-1.09352e+09,5.40116e+07,-9.84377e+08,0.00104502,0.000148163,-9.1962e-23
0,2.06584e+09,-1.29623e+06,3.24509e+08,-2.44429e+08,3.28595e+08,7.43513e+07,-8.60446e+08,0.000958473,0.00015056,6.58153e-27
0,2.16241e+09,3.88136e+06,3.37444e+08,-2.65808e+08,-8.79209e+07,1.58972e+08,-4.76258e+08,0.000927183,0.000144687,2.03538e-27
0,2.32335e+09,1.17885e+07,3.31158e+08,2.61467e+09,-9.92251e+08,-9.8644e+07,-2.627e+08,0.000915755,0.000130527,5.00879e-25
0,2.03439e+09,-1.29351e+07,3.22702e+08,-2.17146e+09,-7.89997e+08,-2.89638e+08,-8.11868e+08,0.00100213,0.000158961,-1.12685e-24
0,1.80231e+09,1.18126e+07,2.75484e+08,-1.63035e+08,-1.66773e+08,-1.92099e+08,-1.47145e+09,0.00107208,0.000163867,8.73136e-26
0,2.03267e+09,-6.08839e+06,3.42289e+08,-7.87462e+08,-1.46841e+07,-5.19666e+07,-4.26165e+08,0.000984173,0.000165729,-1.52591e-26
0,2.04423e+09,-2.35037e+07,3.13936e+08,-1.46203e+09,1.05292e+08,3.61685e+07,-8.58533e+08,0.000977221,0.000150073,-1.77206e-25
0,1.94401e+09,-3.2959e+07,3.19136e+08,-3.10697e+09,1.98029e+09,1.92037e+08,-7.37164e+08,0.000882054,0.000144801,6.63047e-25
0,1.99171e+09,-5.73599e+07,3.20227e+08,-1.42148e+09,1.12778e+09,4.01436e+07,-6.18496e+08,0.000983674,0.000158155,-5.74457e-26
0,2.04966e+09,-7.30948e+07,2.94039e+08,-1.09076e+10,-3.4504e+08,2.14536e+08,-8.88554e+08,0.0010237,0.000146858,-1.45889e-22
0,1.78611e+09,6.64859e+06,3.16192e+08,-2.99928e+09,-4.41704e+08,1.98284e+07,-7.10759e+08,0.000958273,0.000169641,-3.56697e-24
0,2.11365e+09,5.73702e+06,3.37602e+08,-2.04757e+08,1.90665e+08,1.53328e+08,-4.74696e+08,0.000924655,0.00014769,4.26511e-28
0,2.06198e+09,-1.89367e+07,3.24409e+08,-1.57704e+09,-2.98957e+08,1.09746e+08,-9.49432e+08,0.000997019,0.00015686,-3.03073e-25
0,1.9971e+09,1.13048e+07,3.07835e+08,-3.69213e+09,-1.68508e+09,-4.72431e+08,5.22331e+08,0.00092521,0.000142613,3.72602e-24
0,2.13856e+09,1.76474e+07,3.0765e+08,1.22365e+09,-1.68136e+09,3.10521e+07,-8.6571e+08,0.00101806,0.000146456,2.16863e-24
0,1.72889e+09,-3.39568e+07,2.84487e+08,-3.77074e+09,-2.13134e+09,-5.14147e+08,-7.03161e+08,0.00107606,0.000177065,-4.08338e-23
0,2.07683e+09,1.66022e+07,3.12631e+08,1.03469e+10,6.35123e+08,2.6034e+08,-2.63182e+08,0.00105799,0.000159262,4.72789e-23
0,1.9535e+09,-2.72884e+07,3.30486e+08,-3.20326e+09,5.55848e+08,-9.35707e+07,2.16246e+07,0.000893247,0.000151117,1.83439e-26
0,2.11124e+09,-6.94172e+07,3.08735e+08,-9.06937e+09,4.58939e+08,2.85005e+08,-5.35317e+08,0.000916164,0.000133974,-2.26403e-23
0,2.12266e+09,9.04331e+06,3.26198e+08,1.32735e+09,-5.3414e+08,3.15e+08,-8.42781e+08,0.000985699,0.000151476,1.50998e-25
0,2.08104e+09,-4.28015e+07,3.25003e+08,-1.64981e+09,6.65518e+08,-4.01658e+07,-5.21742e+08,0.000979352,0.000152949,-2.31098e-25
0,1.89986e+09,3.92161e+07,3.04367e+08,4.74681e+09,1.13636e+08,-5.4113e+08,-1.36806e+09,0.00103631,0.000166021,2.43682e-23
0,1.93483e+09,-1.2092e+07,2.87348e+08,-1.81819e+09,-8.63561e+08,3.47216e+08,-1.239e+09,0.00106434,0.000158069,-1.73872e-24
0,2.1973e+09,-1.3563e+06,3.36351e+08,2.19174e+09,-2.7722e+08,7.13599e+07,-5.0673e+08,0.000928007,0.000142054,2.74903e-25
0,2.08856e+09,-9.22579e+06,3.24049e+08,-5.26542e+09,-9.16646e+08,-3.87057e+08,-7.46894e+08,0.000980869,0.000152186,-8.40263e-24
0,1.9909e+09,-1.76176e+06,3.08395e+08,-1.68868e+09,-1.60813e+09,-1.94085e+08,5.26538e+08,0.000917657,0.000142147,-2.28247e-25
0,2.02011e+09,5.37735e+07,2.82082e+08,9.27553e+09,1.57688e+07,-5.1342e+07,-2.61369e+08,0.00102588,0.00014325,2.81265e-23
0,2.00132e+09,-3.70842e+06,3.40058e+08,3.61077e+07,2.81276e+07,5.70192e+07,-6.22954e+08,0.000985237,0.000167408,-1.24438e-27
0,2.13686e+09,1.32371e+07,3.33472e+08,1.04107e+09,-3.38666e+08,3.5144e+08,-6.90147e+08,0.000961282,0.000150015,9.13946e-27
0,1.97883e+09,-5.40168e+06,3.20686e+08,-4.30218e+09,-3.42011e+08,2.12345e+08,-9.36847e+08,0.000986433,0.000159859,-9.30603e-24
0,2.01664e+09,-1.53853e+07,3.19751e+08,-2.45705e+09,7.65114e+07,6.93372e+07,-8.4802e+08,0.000948119,0.00015033,-1.0111e-24
0,1.9046e+09,5.65091e+07,3.09243e+08,-4.0983e+09,-8.91812e+08,1.48637e+08,-7.97699e+08,0.00103388,0.000167868,-1.34428e-23
0,2.13319e+09,-6.00245e+07,3.06077e+08,-3.4299e+09,-2.28104e+09,-2.63048e+07,-5.1509e+08,0.000981971,0.000140896,-1.06296e-23
0,2.07476e+09,-5.61147e+07,2.98874e+08,-5.15233e+09,-6.62039e+07,2.84232e+08,-7.28778e+08,0.000985758,0.000142001,-9.50641e-24
0,2.18053e+09,-9.70007e+06,3.29704e+08,-1.31901e+09,-3.10856e+08,-2.82467e+08,-6.44419e+08,0.000959811,0.000145127,-5.18042e-26
0,1.99643e+09,4.82735e+06,2.92189e+08,-7.57267e+07,-7.26661e+08,6.93836e+07,-1.17442e+09,0.00105199,0.000153965,7.64241e-26
0,1.99316e+09,-7.8282e+07,3.11209e+08,-1.28933e+10,1.22908e+09,-1.29608e+08,-6.43617e+08,0.00093012,0.000145228,-1.28023e-22
0,1.90463e+09,4.74161e+07,3.12011e+08,4.37025e+09,-4.98567e+08,-2.11323e+08,-1.24154e+09,0.00107043,0.000175354,2.337e-23
0,1.92867e+09,-1.7961e+07,3.16955e+08,-3.11361e+09,1.75039e+08,1.46375e+08,-1.05604e+09,0.000973279,0.000159947,-3.6204e-24
0,1.9342e+09,1.26761e+07,3.11143e+08,4.69563e+09,4.97144e+08,-6.84448e+07,-1.02926e+09,0.000964274,0.000155117,1.25216e-23
0,2.09006e+09,6.13665e+06,3.35025e+08,1.41237e+09,-1.04221e+08,3.13399e+08,-5.50065e+08,0.000926326,0.000148484,5.68108e-26
0,1.95009e+09,8.83183e+06,2.80711e+08,-1.1399e+09,-1.32419e+09,-2.86119e+07,-1.3051e+09,0.00108905,0.000156766,-2.85622e-24
0,2.00328e+09,-3.37679e+06,3.421e+08,2.54525e+08,4.92281e+07,4.79784e+07,-4.49411e+08,0.000986626,0.000168486,-1.88894e-27
0,1.83416e+09,-2.85075e+07,2.79684e+08,-9.8289e+08,1.03479e+09,8.27406e+08,-1.33174e+09,0.00102992,0.000157048,1.01543e-26
0,1.94768e+09,8.65284e+07,3.03229e+08,-1.38571e+10,-1.64678e+09,2.96076e+07,5.14188e+08,0.00094105,0.000146509,1.34046e-22
0,1.9149e+09,5.22955e+07,3.18739e+08,-2.18439e+09,-8.21763e+08,3.1785e+08,-6.98224e+08,0.00100035,0.000166511,-1.95323e-24
0,1.90256e+09,4.02275e+07,3.11595e+08,4.42051e+09,1.77267e+09,-2.02805e+08,-1.03879e+09,0.000943604,0.00015454,7.16171e-24
0,1.75497e+09,3.71596e+07,2.82821e+08,-9.17735e+09,-2.89332e+09,5.61113e+07,-9.5524e+08,0.00107702,0.000173567,-4.97348e-22
0,2.10973e+09,-4.15719e+07,3.2775e+08,-5.13847e+09,1.94752e+08,-2.54717e+08,-7.78063e+08,0.000952736,0.000148009,-8.03814e-24
0,2.01201e+09,-6.51493e+06,3.4178e+08,-4.94433e+08,3.34019e+07,1.65444e+07,-4.71273e+08,0.000972346,0.000165173,-6.01726e-28
0,1.69093e+09,-4.90962e+07,2.90508e+08,2.60666e+09,1.03374e+09,1.48195e+08,-6.84514e+08,0.00107111,0.00018402,5.93908e-24
0,2.08849e+09,1.03318e+07,3.34669e+08,1.60063e+09,-2.46245e+08,4.34356e+08,-4.90212e+08,0.000932098,0.000149364,2.35891e-26
0,1.82171e+09,5.92512e+07,3.05102e+08,4.09017e+09,-4.97774e+07,-4.62486e+08,-1.30879e+09,0.00107802,0.000180548,2.26504e-23
0,1.93244e+09,-2.895e+07,2.99766e+08,-7.39326e+08,3.23657e+08,5.65098e+08,-1.15255e+09,0.000989096,0.000153432,6.86469e-26
0,2.01376e+09,-2.25532e+07,2.88981e+08,7.01558e+08,1.10303e+09,6.85046e+08,-2.99429e+08,0.000926828,0.000133003,1.13551e-25
0,1.63368e+09,-4.63675e+07,2.43919e+08,-6.89436e+09,-5.87738e+08,-1.03552e+09,8.76388e+08,0.00109866,0.000164037,2.08697e-22
0,2.02836e+09,-8.20437e+06,3.33338e+08,-5.81974e+08,2.55302e+08,1.01361e+08,-7.24904e+08,0.000963016,0.00015826,2.70037e-27
0,2.30442e+09,1.96655e+07,3.27699e+08,2.99182e+09,-7.38596e+08,-2.26925e+08,-2.69018e+08,0.000917459,0.000130467,5.63739e-25
0,1.90789e+09,-2.97833e+07,2.74545e+08,-1.31432e+10,-1.72011e+09,-5.31164e+06,-7.49565e+08,0.00105455,0.000151749,-3.94751e-22
0,2.17532e+09,-1.77253e+07,3.32611e+08,-2.62902e+09,-5.21169e+08,-5.93412e+07,-6.94592e+08,0.000981375,0.000150054,-1.00314e-24
0,2.0368e+09,-7.62991e+06,3.31125e+08,2.38663e+08,3.2459e+07,5.72754e+07,-8.57978e+08,0.000970582,0.000157789,-1.41617e-26
0,2.27906e+09,3.33762e+07,3.22628e+08,6.47024e+09,-8.69382e+08,-2.69346e+08,-4.26156e+08,0.000946878,0.000134042,7.672e-24
0,2.073e+09,-1.49716e+07,3.23501e+08,-2.91553e+09,-1.83421e+08,2.94748e+08,-6.81387e+08,0.000955595,0.000149125,-1.39132e-24
0,1.73752e+09,3.82787e+07,2.74417e+08,9.69837e+08,2.13801e+09,5.61845e+07,-1.4561e+09,0.0010241,0.000161743,-3.0128e-25
0,2.15022e+09,-1.2666e+06,3.29241e+08,-5.71196e+09,1.06382e+08,-6.52268e+08,-5.19515e+08,0.000934599,0.000143106,-6.23179e-24
0,1.81794e+09,1.8734e+07,3.18721e+08,1.32764e+08,-1.84587e+08,-3.66626e+08,-1.0499e+09,0.000988372,0.000173281,-7.33985e-26
0,1.7215e+09,-4.18223e+07,2.8427e+08,4.74714e+09,3.04101e+09,3.30092e+08,-7.87088e+08,0.00108623,0.000179369,-8.16292e-24
0,2.05231e+09,8.52165e+06,3.02087e+08,-9.5311e+09,-1.42475e+09,-1.916e+08,-2.44589e+08,0.00108024,0.000159004,-3.32185e-23
0,2.15966e+09,1.70032e+07,3.32568e+08,6.49994e+09,-4.16101e+08,3.02886e+08,-6.3048e+08,0.000955751,0.000147177,1.06146e-23
0,2.00224e+09,-2.06958e+06,3.40751e+08,4.56292e+08,4.21942e+07,6.5179e+07,-5.73069e+08,0.000988775,0.000168274,-3.97503e-27
0,1.95448e+09,4.1739e+07,2.99029e+08,2.15224e+09,-1.23265e+09,-4.89954e+08,-1.31077e+09,0.00112961,0.000172826,5.34077e-24
0,1.94152e+09,-3.06153e+07,3.24961e+08,-3.26925e+09,3.70514e+08,4.27912e+08,-4.82643e+08,0.0009456,0.000158269,-1.33615e-24
0,2.03122e+09,1.32189e+06,3.06952e+08,5.9459e+09,-2.39364e+09,2.04236e+08,-8.77616e+08,0.00101583,0.00015351,4.91543e-23
0,2.08053e+09,-2.00997e+07,3.35071e+08,-6.27562e+09,4.19628e+08,-1.89829e+08,-5.78286e+08,0.000917109,0.000147701,-1.01381e-23
0,2.11966e+09,-6.29688e+07,3.1521e+08,-7.69221e+09,7.06329e+08,1.95588e+08,-5.19866e+08,0.000910687,0.000135426,-1.24358e-23
0,2.17992e+09,3.88031e+07,3.21622e+08,5.2331e+09,-6.1488e+08,-2.74281e+08,-7.61466e+08,0.00102751,0.000151597,1.15757e-23
0,1.91488e+09,4.50236e+06,3.27742e+08,2.1749e+09,-4.73523e+08,-2.54125e+07,-9.30759e+08,0.000986904,0.000168914,1.41626e-24
0,1.84045e+09,7.47395e+06,2.56667e+08,2.32659e+08,7.07863e+08,-5.54326e+07,-1.29852e+09,0.00106259,0.000148188,-4.33483e-26
0,2.12622e+09,-2.57262e+07,3.36442e+08,-5.85895e+09,6.81814e+07,-4.13521e+08,-5.80717e+08,0.000951262,0.000150523,-8.40102e-24
0,2.15049e+09,-9.99236e+06,3.37598e+08,-3.0734e+08,-1.70782e+08,-1.79906e+08,-3.24652e+08,0.000960868,0.000150844,1.44388e-28
0,1.93462e+09,3.07038e+07,3.27505e+08,-2.69548e+09,6.16349e+08,-6.92732e+08,-1.28174e+08,0.000895591,0.000151611,-1.31412e-24
0,1.81478e+09,1.03769e+07,2.72824e+08,4.74238e+09,9.84955e+08,4.64304e+07,-1.45774e+09,0.00105776,0.000159018,4.16851e-23
0,1.73939e+09,4.07059e+06,2.82143e+08,7.14874e+09,3.69494e+09,2.76475e+08,-7.32444e+08,0.00111104,0.00018022,-4.30304e-23
0,2.03385e+09,-9.08916e+06,3.32645e+08,-1.71059e+09,1.48599e+08,-1.57742e+08,-8.15619e+08,0.000960885,0.000157156,-3.14385e-25
0,1.94277e+09,2.58057e+06,3.14536e+08,1.93083e+09,1.72531e+09,2.24057e+08,-9.26403e+08,0.000950278,0.000153851,6.30453e-25
0,2.15843e+09,2.23247e+07,3.23905e+08,4.47253e+09,-2.92686e+08,-2.67671e+08,-6.428e+08,0.000975585,0.000146401,4.57573e-24
0,2.19775e+09,2.59496e+07,3.23433e+08,1.68992e+09,-1.02256e+09,-4.17741e+08,-6.9991e+08,0.00103981,0.000153024,7.46982e-25
0,2.02442e+09,1.55231e+07,3.21313e+08,2.45291e+09,-4.24233e+08,-725339,-1.131e+09,0.00102727,0.000163048,2.02132e-24
0,1.98019e+09,-3.42799e+07,3.09082e+08,-2.24712e+09,3.31951e+08,4.32647e+08,-1.06267e+09,0.00097641,0.000152405,-8.89517e-25
0,2.10608e+09,-2.791e+07,3.34365e+08,-5.80457e+09,4.13922e+08,-3.34187e+08,-6.3453e+08,0.000933452,0.000148196,-9.44253e-24
0,2.02328e+09,-5.41491e+07,3.18938e+08,-8.05028e+09,2.76313e+08,-1.6238e+08,-8.87989e+08,0.000999166,0.000157502,-5.49095e-23
0,1.96915e+09,-3.94177e+07,3.28784e+08,6.98988e+07,9.54876e+08,2.6113e+08,-1.76446e+08,0.000942344,0.000157341,-4.70271e-26
0,2.16258e+09,-4.02863e+07,3.22743e+08,-2.90199e+09,3.73352e+08,1.20286e+08,-4.21516e+08,0.000892319,0.000133169,-4.40125e-25
0,1.80847e+09,2.42837e+06,2.79645e+08,5.44369e+09,5.54061e+08,2.61818e+08,-1.43352e+09,0.00107016,0.00016548,6.75456e-23
0,2.31912e+09,5.17171e+06,3.30869e+08,1.51991e+09,-8.33079e+08,-1.0364e+07,-2.14394e+08,0.000904239,0.000129008,1.15504e-25
0,1.87793e+09,-1.31152e+07,2.78033e+08,2.12764e+09,-4.77723e+08,2.80072e+08,-1.17241e+09,0.00105252,0.000155829,1.80571e-24
0,1.92229e+09,2.97001e+07,2.99678e+08,1.27179e+10,2.74368e+08,3.62399e+07,-1.32772e+08,0.000941439,0.000146767,3.13068e-23
0,2.18692e+09,1.3555e+07,3.25666e+08,2.69877e+09,-5.62876e+08,-3.30878e+08,-5.82329e+08,0.000984482,0.000146604,1.13111e-24
0,1.9778e+09,1.30257e+07,3.29307e+08,1.98296e+09,5.21928e+08,1.08712e+08,-9.58797e+08,0.000966911,0.000160993,8.22213e-25
0,1.85457e+09,2.12492e+07,3.08357e+08,5.33086e+09,2.41089e+09,1.61759e+08,-9.3941e+08,0.00090833,0.000151027,1.21954e-23
0,2.01163e+09,-3.50342e+07,2.92669e+08,-1.22291e+10,3.15709e+08,4.55144e+08,-5.1657e+08,0.000978115,0.000142305,-9.57316e-23
0,1.97245e+09,-2.21779e+07,2.96766e+08,-5.73421e+09,-1.41083e+09,-5.15751e+08,-1.34248e+09,0.00111265,0.000167404,-5.53319e-23
0,2.0857e+09,-1.93774e+07,3.37791e+08,-5.22185e+09,4.15612e+08,-2.0808e+08,-4.9657e+08,0.000918611,0.000148774,-5.16819e-24
0,2.00952e+09,-6.82663e+06,3.41535e+08,1.29184e+09,-4.45037e+07,1.68889e+08,-4.81263e+08,0.000977768,0.00016618,8.70267e-26
0,2.07956e+09,3.57917e+06,2.71536e+08,-4.16202e+09,-2.43728e+08,-5.74213e+08,2.78513e+08,0.00107888,0.000140873,4.24573e-24
0,2.10285e+09,-2.03121e+07,3.36586e+08,-1.26139e+09,2.84732e+08,-3.75807e+08,-3.74251e+08,0.000933072,0.000149349,-9.35508e-26
0,1.92288e+09,-2.08728e+07,2.84634e+08,2.05132e+09,-6.43315e+08,4.00295e+07,-1.13252e+09,0.0010687,0.000158194,2.26266e-24
0,2.0007e+09,-8708.84,3.38898e+08,4.26985e+08,1.31304e+06,6.37076e+07,-7.06316e+08,0.00099205,0.000168043,-1.19386e-26
0,2.28645e+09,-4.16741e+06,3.34828e+08,-1.43983e+09,-1.15553e+09,-5.00169e+07,-5.45686e+08,0.000982752,0.000143914,-5.33736e-25
0,1.93555e+09,5.51135e+06,2.9054e+08,1.35432e+10,-1.38659e+09,4.75521e+07,-6.9232e+07,0.000991342,0.000148808,3.00942e-23
0,2.00822e+09,1.56612e+07,3.09775e+08,-4.00822e+09,-4.7812e+08,-4.64715e+08,-1.10007e+09,0.00100147,0.00015448,-6.74194e-24
0,2.18913e+09,-2.43251e+07,3.13649e+08,-2.42019e+09,-9.15336e+08,-1.10454e+08,-6.89262e+08,0.000962064,0.00013784,-1.02679e-24
0,2.031e+09,1.4148e+07,2.71951e+08,-7.5251e+09,-9.31532e+08,-6.06067e+08,2.49039e+08,0.00104273,0.000139622,2.96407e-23
0,2.07896e+09,1.52541e+06,3.27161e+08,2.14358e+09,-2.65127e+08,2.14735e+08,-7.8684e+08,0.000947291,0.000149073,4.81745e-25
0,2.08915e+09,-1.43831e+07,3.36338e+08,-7.85431e+08,2.30309e+08,2.7781e+06,-3.81174e+08,0.000925211,0.000148953,-1.14823e-26
0,1.99205e+09,4.33457e+07,3.17463e+08,5.39874e+09,3.2173e+08,-8.75663e+07,-9.71002e+08,0.000987319,0.000157344,1.75437e-23
0,2.00314e+09,-326214,3.41049e+08,3.66534e+08,783507,6.00057e+07,-5.51477e+08,0.000994161,0.000169263,-4.42721e-27
0,1.80131e+09,-7.44462e+07,2.96671e+08,4.4226e+09,-5.83721e+08,5.73807e+08,-7.69434e+08,0.00106401,0.00017524,1.23356e-23
0,1.98393e+09,4.91249e+06,2.9533e+08,3.57494e+09,-1.82042e+09,-8.71752e+07,-1.35083e+09,0.00112088,0.000166856,3.33757e-23
0,1.98937e+09,-1.55468e+07,3.29112e+08,4.71055e+08,-4.48472e+08,1.42926e+08,-9.75699e+08,0.00102697,0.000169897,4.55201e-26
0,2.00949e+09,-3.85847e+07,3.31695e+08,-8.73801e+09,4.56269e+08,-3.91984e+08,-6.608e+08,0.000935116,0.000154355,-4.20958e-23
0,1.99449e+09,4.16641e+06,3.24378e+08,-1.30692e+09,-3.07474e+08,-8.4545e+07,-1.10002e+09,0.00102226,0.000166258,-1.6568e-25
0,1.97526e+09,-3.37857e+07,2.82841e+08,1.38449e+10,-2.63795e+09,-3.37786e+08,5.72687e+07,0.00105109,0.000150507,1.38225e-22
0,2.11231e+09,4.14933e+06,2.97435e+08,-1.31314e+08,9.73706e+08,9.52084e+07,-4.71441e+08,0.000907214,0.000127745,5.92319e-28
0,2.01642e+09,1.30152e+07,3.31767e+08,-5.48162e+08,5.38958e+08,-2.13146e+07,-8.22185e+08,0.000945515,0.000155568,-5.40931e-27
0,1.90523e+09,-1.71246e+07,3.2439e+08,-6.3664e+09,1.24648e+09,-4.05159e+07,-1.5528e+08,0.0009123,0.000155331,-2.62077e-24
0,2.05424e+09,2.99515e+07,3.13982e+08,-4.70907e+09,-2.06145e+09,1.81288e+08,-4.96845e+08,0.00103704,0.000158508,-2.3485e-23
0,1.91329e+09,5.90517e+07,3.1354e+08,4.8312e+09,1.42792e+09,-2.77671e+08,-1.13515e+09,0.000985103,0.000161433,1.45556e-23
0,2.09845e+09,-4.75338e+06,3.38163e+08,-1.48871e+08,1.84836e+08,1.12859e+08,-2.72279e+08,0.000926705,0.000149337,1.35122e-29
0,1.82663e+09,-9.09019e+06,2.69083e+08,2.87364e+09,2.11792e+08,4.02929e+08,-1.4619e+09,0.00107401,0.000158213,7.40225e-24
0,1.99229e+09,4.09094e+07,2.83601e+08,-8.89178e+09,-1.36864e+09,-3.87882e+08,2.45355e+08,0.000987647,0.000140591,3.27117e-23
0,2.11682e+09,-2.17571e+07,3.28092e+08,-2.93783e+09,-1.97526e+08,-1.81981e+08,-7.6577e+08,0.000970609,0.000150437,-1.39636e-24
0,1.94868e+09,-7.01646e+07,3.0034e+08,-9.94658e+09,1.57897e+08,-1.37752e+08,-1.1379e+09,0.00102507,0.000157989,-1.79127e-22
0,2.0217e+09,-7.95781e+06,3.40725e+08,1.24206e+09,-1.12874e+08,2.05289e+08,-5.40666e+08,0.000987336,0.000166399,7.32008e-26
0,2.02994e+09,-2.07751e+07,3.26633e+08,-5.32982e+08,-5.0114e+08,1.50166e+08,-1.02064e+09,0.00102977,0.000165698,5.2109e-26
0,2.17688e+09,-1.95256e+07,2.70102e+08,1.49105e+08,1.10903e+09,-5.01647e+08,3.37423e+08,0.00109544,0.00013592,3.41988e-25
0,2.30024e+09,1.69504e+07,3.1407e+08,5.89202e+09,-3.9328e+08,-2.11511e+08,-2.18188e+08,0.000985894,0.000134612,3.10529e-24
0,2.06323e+09,-7.02149e+06,3.34279e+08,-5.75425e+09,1.2645e+08,-6.90975e+07,-6.55638e+08,0.000941718,0.000152575,-9.84778e-24
0,2.14256e+09,-4.16099e+07,2.94251e+08,-4.88471e+09,-1.52071e+09,1.91931e+08,-8.11366e+08,0.00106064,0.000145664,-1.99663e-23
0,2.11705e+09,2.1709e+07,3.25051e+08,3.44935e+09,-8.28899e+08,-1.38876e+08,-6.87989e+08,0.0010392,0.000159558,4.42183e-24
0,1.92327e+09,4.81937e+06,3.22164e+08,-1.67599e+09,1.08473e+08,-1.45298e+08,-1.2095e+09,0.00100967,0.000169129,-4.4016e-25
0,2.21375e+09,-1.31078e+07,2.98922e+08,1.586e+08,-4.85581e+07,-1.94083e+08,1.01434e+08,0.000911624,0.000123097,-1.19546e-30
0,1.92108e+09,-1.34156e+07,3.40939e+08,-4.73236e+09,4.07109e+08,-2.90745e+08,-2.68755e+08,0.00090087,0.00015988,-3.35642e-24
0,2.05518e+09,-4.72621e+06,3.32971e+08,1.30584e+09,-1.6599e+08,2.97019e+08,-6.81628e+08,0.000957976,0.000155207,5.67515e-26
0,1.87959e+09,-6.09664e+07,3.05953e+08,-9.32529e+09,3.61532e+08,4.99038e+07,-9.97203e+08,0.000994906,0.000161947,-1.32548e-22
0,1.81069e+09,1.94985e+07,2.81982e+08,2.4713e+10,-2.79025e+08,5.2349e+08,-3.47974e+08,0.00105636,0.000164509,1.343e-21
0,2.05102e+09,2.41273e+07,3.24335e+08,8.44685e+09,-4.02614e+08,2.3298e+08,-6.99052e+08,0.000943488,0.000149197,3.3003e-23
0,1.84891e+09,2.45426e+07,2.826e+08,-1.41463e+10,-1.59111e+09,-4.41599e+08,-6.84927e+08,0.00102446,0.000156585,-3.50652e-22
0,2.00259e+09,-1.1702e+06,3.391e+08,-6.4108e+07,-2.03518e+07,1.58632e+06,-6.94515e+08,0.000995165,0.000168512,2.58034e-27
0,2.19745e+09,-9.66643e+06,3.34508e+08,-6.86788e+09,3.82236e+07,-1.58655e+08,-2.08054e+08,0.000887625,0.000135119,-2.93054e-24
0,2.11083e+09,6.5719e+07,3.22434e+08,-7.03366e+09,-1.73409e+09,2.27999e+08,4.59653e+08,0.000883633,0.000134977,3.1661e-24
0,2.04035e+09,6.13904e+07,3.01488e+08,9.78008e+09,-8.39793e+08,-3.09392e+08,-1.12109e+09,0.00106349,0.000157145,1.74447e-22
0,1.98378e+09,-4.07494e+07,2.91374e+08,-5.05971e+09,-1.80697e+09,3.31969e+08,-1.34747e+09,0.00109944,0.000161483,-6.45845e-23
0,2.09195e+09,-5.2035e+06,3.3111e+08,1.24757e+09,-4.03876e+08,3.88517e+08,-7.07289e+08,0.00096945,0.000153443,3.13549e-26
0,1.78649e+09,2.67787e+06,2.84826e+08,1.22064e+10,-4.10315e+08,5.41542e+08,-1.23694e+08,0.00105224,0.000167762,3.34254e-23
0,2.03243e+09,3.90211e+07,3.17277e+08,5.85024e+09,-5.79159e+08,-2.65335e+08,-1.02545e+09,0.00106517,0.00016628,3.46806e-23
0,1.88241e+09,2.88886e+07,3.12701e+08,5.16168e+07,9.28692e+08,-3.75926e+08,-1.29303e+09,0.00100628,0.000167161,2.03524e-26
0,1.87456e+09,-5.568e+06,3.155e+08,-3.29031e+09,4.9664e+08,-9.90214e+07,-9.25523e+08,0.000972926,0.00016375,-5.02916e-24
0,2.06275e+09,-5.06489e+07,3.11779e+08,-4.37657e+09,-1.0532e+08,1.80554e+08,-1.15942e+09,0.00100712,0.000152223,-1.0097e-23
0,2.20998e+09,-5.63333e+07,3.04263e+08,-5.85297e+09,-3.76094e+08,7.01998e+08,-4.25828e+08,0.000930275,0.000128078,-5.48359e-24
0,2.02069e+09,5.61341e+07,2.9848e+08,8.81841e+09,5.18842e+08,6.43419e+07,-8.46891e+08,0.000953772,0.000140883,5.49857e-23
0,1.87844e+09,-4.32438e+06,3.08437e+08,2.17094e+08,-7.76583e+08,-4.79252e+08,-1.03749e+09,0.00100295,0.000164682,-5.45928e-25
0,2.01712e+09,-1.18693e+07,3.4007e+08,4.36973e+08,-1.13187e+08,1.81735e+08,-5.76888e+08,0.000995066,0.00016776,-5.95302e-27
0,1.91229e+09,5.29956e+07,3.22563e+08,5.30428e+09,1.52624e+09,-4.03217e+08,-8.46649e+08,0.000960151,0.000161957,9.09137e-24
0,1.82023e+09,-2.96692e+07,2.79705e+08,1.2552e+10,-7.91587e+08,6.7306e+08,-2.31065e+07,0.00110695,0.0001701,-7.32678e-23
0,2.12974e+09,8.96818e+07,2.70884e+08,7.75631e+09,7.27585e+08,-1.95924e+08,-5.20251e+07,0.0011555,0.00014697,-1.00687e-24
0,1.90654e+09,-5.18661e+06,3.12949e+08,-1.87047e+09,1.56174e+09,-1.1762e+08,-9.32493e+08,0.000974963,0.000160035,-6.97038e-25
0,1.8881e+09,2.17337e+07,3.13393e+08,1.62925e+09,7.38941e+08,-6.12777e+08,-1.18787e+09,0.00101242,0.000168045,2.65744e-25
0,1.9999e+09,-2.18872e+06,3.41397e+08,-2.30161e+08,-3.82632e+07,-1.63174e+07,-5.19616e+08,0.000993598,0.000169614,3.03124e-27
0,2.16378e+09,-2.52544e+06,3.42802e+08,4.62273e+09,-5.95704e+07,2.3769e+08,1.79294e+08,0.000929183,0.000147208,-1.0835e-24
0,2.02726e+09,5.92876e+07,2.59475e+08,1.10415e+10,3.58782e+08,3.27997e+08,-6.27064e+08,0.00126148,0.000161461,3.3077e-22
0,2.02478e+09,5.01879e+07,3.23811e+08,6.66827e+09,6.91298e+08,-2.86271e+08,-7.25411e+08,0.000993884,0.000158946,2.16278e-23
0,1.91392e+09,3.05704e+06,3.14177e+08,-4.70444e+08,1.71925e+09,-2.42819e+08,-9.66004e+08,0.000920141,0.000151045,1.2909e-25
0,2.16931e+09,1.22418e+07,3.25422e+08,7.11527e+09,-1.37757e+09,5.13688e+08,-6.59552e+08,0.00102067,0.000153112,1.66776e-23
0,2.01223e+09,-7.95957e+07,3.00789e+08,-1.06217e+10,-3.65754e+07,4.0605e+08,-1.08708e+09,0.00105005,0.000156962,-1.99385e-22
0,1.93317e+09,-2.27681e+06,2.56074e+08,1.89754e+09,-1.98026e+09,6.51992e+08,-1.27173e+09,0.00111277,0.000147401,1.88695e-23
0,2.14318e+09,-1.28844e+07,3.40761e+08,-1.89669e+09,4.22257e+07,-2.69782e+08,-1.19908e+08,0.000974919,0.00015501,-7.18075e-26
0,2.04225e+09,-557838,2.9596e+08,1.18697e+09,-2.21756e+09,-8.23329e+07,-1.28384e+09,0.00110044,0.000159474,7.61813e-24
0,2.13522e+09,1.47043e+07,3.3368e+08,4.27233e+09,-1.36116e+08,3.00038e+08,-6.32074e+08,0.000933161,0.000145829,2.87808e-24
0,2.032e+09,3.53029e+07,3.19065e+08,-4.7969e+09,-1.33482e+09,2.32812e+07,-6.29535e+08,0.00099776,0.000156668,-1.2446e-23
0,1.82618e+09,2.8991e+07,2.87388e+08,6.14146e+09,6.39014e+08,-1.71605e+08,-1.36815e+09,0.00102703,0.000161625,6.66118e-23
0,1.90439e+09,-9.51214e+06,3.14364e+08,-4.15579e+07,1.38012e+09,2.42356e+08,-8.54542e+08,0.000971764,0.000160413,-2.9526e-26
0,2.06478e+09,-2.24932e+07,3.12028e+08,-2.09848e+09,-2.01888e+09,-7.10806e+08,-9.7709e+08,0.00105285,0.000159105,-9.31191e-24
0,2.04335e+09,-1.07671e+07,3.41813e+08,5.52402e+09,-3.70174e+07,2.6507e+08,-1.8115e+06,0.000925314,0.000154787,-5.20028e-26
0,1.999e+09,-2.84168e+06,3.3958e+08,-2.85674e+08,-4.05382e+07,-451747,-6.61137e+08,0.000992433,0.000168589,7.98054e-27
0,1.87301e+09,-1.99077e+07,2.98967e+08,3.8805e+09,-8.99563e+08,-7.23917e+07,-9.02467e+08,0.00102156,0.00016306,1.27758e-23
0,2.08448e+09,2.23527e+07,3.34028e+08,6.68325e+09,-3.54019e+08,5.01275e+08,-5.90997e+08,0.000942409,0.000151017,1.11059e-23
0,2.01024e+09,-1.48395e+07,3.39568e+08,-2.2473e+08,-6.62106e+07,9.73748e+07,-6.09329e+08,0.000995606,0.000168177,6.35036e-27
0,1.99292e+09,-8.11957e+07,3.10415e+08,-1.25242e+10,7.59923e+08,9.73528e+06,-9.39703e+08,0.00101032,0.000157367,-2.46662e-22
0,2.00352e+09,6.40678e+06,3.36656e+08,3.20334e+09,3.29653e+08,1.05025e+08,1.20233e+08,0.00094333,0.00015851,-2.93669e-25
0,2.12936e+09,-4.02684e+07,3.21877e+08,-3.0487e+09,9.93047e+06,8.88726e+07,-8.02969e+08,0.000959829,0.00014509,-1.57042e-24
0,1.8589e+09,1.53728e+07,3.14039e+08,1.65172e+09,1.31741e+09,9.76945e+07,-9.86721e+08,0.000966206,0.000163229,7.41016e-25
0,2.0119e+09,-7.93301e+06,3.27439e+08,2.42191e+09,3.38682e+08,2.00531e+08,-7.34182e+08,0.000942079,0.000153324,9.93932e-25
0,2.06241e+09,-1.24864e+07,3.13954e+08,-1.6609e+09,-7.33512e+08,-5.70518e+08,-1.03249e+09,0.00102473,0.000155992,-3.13453e-25
0,2.02138e+09,-9.44894e+06,3.09379e+08,3.88785e+09,-2.13575e+09,-8.00041e+08,-7.12868e+08,0.00101383,0.00015517,1.99123e-23
0,2.02969e+09,-5.16353e+07,3.08744e+08,-4.14385e+09,-2.90826e+09,-8.34554e+08,-6.51777e+08,0.00103939,0.000158105,-3.14181e-23
0,2.07813e+09,-3.51342e+07,3.33668e+08,-9.08669e+09,5.80325e+08,-6.21039e+08,-6.46089e+08,0.0009388,0.000150736,-4.361e-23
0,1.95851e+09,-1.93327e+07,3.02163e+08,3.94026e+09,-1.0148e+09,1.10546e+08,-7.73214e+08,0.00105306,0.000162468,1.05281e-23
0,2.04925e+09,-2.2442e+07,2.95839e+08,-1.08522e+09,-2.07713e+09,5.00408e+08,-3.33833e+08,0.00115901,0.000167321,-1.68499e-24
0,2.10031e+09,1.23948e+07,3.29236e+08,7.17768e+09,-1.64656e+08,4.37521e+08,-7.36275e+08,0.000948331,0.000148657,1.90951e-23
0,2.29387e+09,2.00304e+07,3.23709e+08,4.32266e+08,4.31196e+08,2.36909e+08,1.55369e+07,0.000944556,0.000133295,1.56511e-28
0,1.81866e+09,4.04807e+07,3.15853e+08,3.82481e+09,1.35563e+09,-2.3785e+08,-9.78971e+08,0.000968739,0.000168245,6.83665e-24
0,2.05966e+09,9.50344e+06,3.29723e+08,4.86343e+09,2.14778e+08,1.68335e+08,-7.74645e+08,0.000935409,0.000149747,6.92934e-24
0,2.17347e+09,-2.36168e+07,3.22473e+08,-4.37833e+09,-1.20171e+09,9.42141e+07,-7.2157e+08,0.00103197,0.000153112,-8.94722e-24
0,2.07593e+09,-2.82273e+07,3.22629e+08,2.10563e+09,1.12296e+09,5.64109e+08,-6.5083e+08,0.000917634,0.000142613,1.10009e-24
0,1.97103e+09,-4.78766e+06,3.31102e+08,-7.29907e+09,1.44189e+09,-6.65693e+08,-6.3949e+08,0.000906718,0.000152314,-3.34855e-23
0,2.03955e+09,-4.59384e+07,3.02032e+08,-8.22775e+09,-1.58295e+09,1.34924e+08,-1.13566e+09,0.00108423,0.000160562,-1.34625e-22
0,1.99511e+09,-3.0941e+06,3.41782e+08,-2.74879e+08,-2.15414e+07,-3.38023e+06,-4.81488e+08,0.000990461,0.000169676,2.46774e-27
0,1.93161e+09,-6.61696e+07,3.05231e+08,-5.13957e+09,-1.94748e+09,-1.12982e+08,-5.74174e+08,0.00101853,0.000160947,-2.81027e-23
0,1.9589e+09,-8.61897e+07,3.10955e+08,-8.56888e+09,2.25824e+09,4.79858e+08,-8.17467e+08,0.000914575,0.000145179,-1.85305e-23
0,2.03951e+09,2.41245e+07,2.93111e+08,4.30505e+09,-1.56579e+09,3.03424e+08,-1.28572e+09,0.00107662,0.000154728,2.40884e-23
0,2.25426e+09,2.8683e+07,3.18013e+08,-3.69478e+09,-2.83826e+08,3.12267e+08,4.25362e+07,0.000945993,0.000133453,-5.49633e-26
0,2.01218e+09,-1.71117e+07,3.39586e+08,-6.7171e+08,4.51165e+06,4.10868e+07,-5.98321e+08,0.000991681,0.000167361,-4.12941e-27
0,2.18233e+09,2.56784e+06,3.06993e+08,6.06041e+09,-1.29439e+09,1.04333e+08,-7.07254e+08,0.00101138,0.000142273,1.61791e-23
0,1.94059e+09,-1.60771e+07,2.94736e+08,-3.46456e+09,2.02635e+08,3.75638e+08,-1.11687e+09,0.00103149,0.000156662,-6.53914e-24
0,2.1293e+09,9.17785e+06,3.31989e+08,1.27865e+08,-1.97514e+08,2.25991e+08,-7.23155e+08,0.000959143,0.000149544,2.36095e-27
0,2.15747e+09,6.09253e+06,3.37174e+08,2.16126e+09,-6.4018e+08,3.88195e+08,-6.07136e+08,0.000994109,0.000155362,3.35882e-25
0,2.0052e+09,-2.07697e+07,3.16478e+08,-5.60808e+09,-4.59047e+08,-3.29563e+08,-9.53228e+08,0.000979856,0.000154649,-1.68099e-23
0,1.95824e+09,4.53698e+07,3.06695e+08,6.76791e+09,2.03407e+08,-5.77098e+08,-1.00367e+09,0.00102323,0.000160256,4.44615e-23
0,2.15036e+09,1.52795e+07,3.15932e+08,2.46725e+09,-7.03095e+08,-9.50005e+07,-7.68452e+08,0.000971075,0.000142671,1.17133e-24
0,1.99589e+09,-3.02199e+07,3.09025e+08,2.22509e+09,-1.76851e+09,-1.35776e+08,-4.98567e+08,0.00103367,0.000160044,5.9053e-24
0,2.22983e+09,798399,3.35828e+08,-2.62728e+08,-8.99907e+08,1.60544e+08,-5.36048e+08,0.000975162,0.000146867,1.28793e-26
0,2.05139e+09,-5.67392e+07,2.95639e+08,-5.79434e+09,-1.59943e+08,7.71976e+08,-9.50481e+08,0.000977258,0.000140839,-1.76972e-23
0,2.17905e+09,-1.85345e+07,3.36808e+08,-5.59618e+09,-3.65505e+08,-4.49107e+08,-5.38421e+08,0.000947755,0.000146491,-4.71477e-24
0,2.05535e+09,-2.88156e+07,3.31727e+08,-5.08241e+09,8.56009e+08,-7.62002e+07,-6.27792e+08,0.000904934,0.000146053,-5.75354e-24
0,1.93645e+09,-4.75409e+07,2.59579e+08,-6.75317e+08,-1.06698e+09,1.09922e+09,-1.25608e+09,0.00112606,0.000150947,3.85875e-24
0,1.76261e+09,-2.05076e+07,2.57731e+08,-9.44675e+09,1.11648e+09,-3.98091e+08,6.36764e+08,0.00107914,0.000157793,1.56588e-22
0,1.88843e+09,4.99135e+07,2.8291e+08,5.9975e+09,1.24895e+09,-8.58776e+08,-9.71634e+08,0.000971485,0.00014554,1.60882e-23
0,2.23677e+09,3.18244e+07,3.2935e+08,2.7124e+09,2.40653e+08,-1.64092e+08,-3.42417e+08,0.000895245,0.000131819,2.45259e-25
0,1.92269e+09,-8.05967e+07,2.96319e+08,-2.20362e+09,7.10899e+07,-2.26546e+08,-5.57001e+08,0.00104029,0.000160327,-1.05138e-24
0,2.21898e+09,-164893,3.2891e+08,1.98632e+08,-1.19823e+09,2.12098e+08,-7.23033e+08,0.000992962,0.000147182,2.78844e-25
0,2.17834e+09,1.03405e+07,3.37982e+08,2.52861e+08,-2.33602e+08,2.54431e+08,-4.69478e+08,0.000938689,0.000145643,6.56205e-28
0,2.02074e+09,-5.91872e+06,3.13957e+08,-4.92465e+09,-6.27938e+07,-2.75969e+08,-9.18394e+08,0.000969817,0.000150678,-1.05415e-23
0,2.10595e+09,-9.61679e+06,3.35515e+08,-3.8995e+09,6.08723e+08,-7.73897e+07,-4.93767e+08,0.000906819,0.000144472,-1.85863e-24
0,1.99632e+09,-8.80998e+07,3.04396e+08,-1.08014e+10,9.89142e+08,3.2891e+08,-9.52045e+08,0.000987626,0.000150592,-1.2914e-22
0,2.02084e+09,5.49751e+07,3.14889e+08,3.82826e+09,8.05158e+08,-1.17217e+08,-1.00294e+09,0.000981551,0.000152946,5.6052e-24
0,2.00204e+09,-4.54916e+06,3.40411e+08,-1.52059e+08,-2.01207e+06,2.93535e+06,-5.97652e+08,0.000989441,0.000168237,3.58133e-27
0,1.55397e+09,865334,2.70766e+08,-9.86186e+09,-9.57808e+08,2.34762e+08,-1.11945e+09,0.00106008,0.00018471,-6.88674e-22
0,1.87345e+09,-1.96298e+07,2.96438e+08,-5.83978e+08,8.06528e+08,2.25917e+08,-1.1535e+09,0.00100772,0.000159452,8.21165e-27
0,1.93445e+09,2.13721e+07,2.83428e+08,-3.25092e+09,-7.9976e+08,-5.54736e+08,7.32913e+08,0.000999367,0.000146423,6.17743e-24
0,1.94189e+09,-1.68343e+07,3.13556e+08,-1.24258e+09,-5.58908e+08,-9.62377e+07,-1.40532e+08,0.00104678,0.000169023,-1.18032e-25
0,2.09597e+09,1.22556e+07,3.40389e+08,-3.24662e+08,5.05642e+08,2.3975e+08,-1.89978e+07,0.000937741,0.000152291,-3.15562e-28
0,2.02858e+09,-1.78597e+07,3.40189e+08,-1.18321e+09,-2.87503e+06,-1.36834e+07,-5.42823e+08,0.000984727,0.000165137,-7.64882e-26
0,2.01978e+09,-1.1047e+07,3.24786e+08,-2.81846e+09,1.76451e+08,-2.11367e+07,-1.06357e+09,0.00097879,0.000157392,-2.21797e-24
0,2.10142e+09,2.04877e+07,3.09019e+08,-2.67632e+09,-1.76225e+08,-4.58121e+07,-8.54963e+08,0.000983901,0.000144685,-1.33123e-24
0,1.845e+09,-3.43473e+07,3.00734e+08,-4.05188e+09,-9.14532e+08,4.53352e+08,-1.45166e+09,0.00108275,0.000176487,-3.08823e-23
0,2.07535e+09,3.49921e+06,3.22753e+08,1.02547e+09,-6.62449e+08,3.65493e+08,-7.39363e+08,0.000981068,0.000152573,1.53272e-25
0,2.09146e+09,-3.5885e+06,2.99064e+08,1.0474e+08,-1.58175e+09,-1.35429e+08,-1.10389e+09,0.00104206,0.000149007,-3.78075e-25
0,1.9388e+09,-6.50825e+06,3.36098e+08,-3.96907e+09,9.09626e+08,-2.51271e+08,-5.65317e+08,0.000878188,0.000152237,-3.50173e-24
0,1.92999e+09,-1.96992e+07,3.2139e+08,-2.17313e+09,-3.45448e+08,-4.03571e+07,-7.82217e+08,0.000962466,0.000160274,-9.39489e-25
0,2.32334e+09,1.16234e+07,3.31709e+08,2.64205e+09,-9.56215e+08,-9.11694e+07,-2.57565e+08,0.000915741,0.000130743,4.75313e-25
0,1.97623e+09,-8.75249e+07,2.74229e+08,-7.31557e+09,1.85498e+08,1.02856e+09,-1.13996e+09,0.00104101,0.000144455,-6.3297e-23
0,2.03598e+09,4.53985e+07,2.89886e+08,3.71311e+09,-1.66841e+09,-1.34059e+08,-1.08855e+09,0.00106226,0.000151246,1.89383e-23
0,2.03781e+09,-3.04444e+07,3.29831e+08,-6.32534e+09,4.9364e+08,-1.07072e+08,-7.45703e+08,0.000921017,0.000149072,-1.46655e-23
0,2.00471e+09,-4.96753e+06,3.3879e+08,-5.69195e+07,-9.37696e+06,3.23366e+07,-7.0435e+08,0.000988412,0.000167039,2.36472e-27
0,2.03332e+09,-1.9136e+06,3.29079e+08,1.93675e+09,-1.98612e+08,-3.06888e+08,-6.42451e+08,0.000925819,0.000149837,3.42344e-25
0,2.03269e+09,-4.06008e+06,3.30008e+08,1.13308e+08,4.40619e+08,-1.07739e+08,-8.3669e+08,0.000943302,0.000153146,-7.05154e-28
0,2.25255e+09,4.01574e+07,3.16232e+08,-5.8418e+07,-1.5706e+09,2.79798e+08,-1.60946e+08,0.00092868,0.000130376,1.60147e-25
0,1.89471e+09,-1.78439e+07,2.63608e+08,-1.4727e+09,-2.52358e+09,-3.02492e+08,6.89246e+08,0.000972915,0.00013536,-3.85978e-24
0,1.82523e+09,-4.25878e+07,3.0967e+08,-2.08068e+06,-7.35328e+08,-2.43317e+08,-8.05911e+08,0.000955228,0.000162065,-1.91976e-25
0,2.11157e+09,-2.31755e+07,2.84716e+08,7.47038e+08,-2.04402e+08,-1.79879e+08,4.06517e+08,0.000998236,0.000134598,-8.39396e-27
0,2.00931e+09,-4.74033e+06,3.41163e+08,-7.28157e+07,-1.05211e+07,3.67041e+07,-5.34972e+08,0.000988954,0.000167916,1.31439e-27
0,1.88726e+09,3.399e+07,3.15056e+08,2.65986e+09,1.29206e+09,-3.87241e+08,-9.20198e+08,0.000924663,0.000154362,8.45694e-25
0,2.0146e+09,-5.91192e+07,3.25238e+08,-5.60658e+09,1.75274e+09,9.50423e+07,-5.63357e+08,0.000898871,0.000145114,-3.7101e-24
0,1.96148e+09,1.25573e+07,3.10431e+08,3.20367e+09,-1.85946e+08,-4.83749e+08,-1.18086e+09,0.00102193,0.000161735,5.0809e-24
0,2.17025e+09,-1.57348e+07,3.06099e+08,-1.03593e+09,-7.66134e+08,-1.90306e+08,2.55021e+08,0.000923818,0.000130299,1.73887e-26
0,2.00811e+09,1.28808e+07,3.29545e+08,8.39993e+08,6.45585e+08,-4.50516e+08,-7.14289e+08,0.000975693,0.000160118,5.68153e-27
0,1.96758e+09,2.28511e+07,3.11998e+08,4.83516e+08,3.93129e+08,-2.72075e+06,-8.76949e+08,0.000988773,0.000156789,-1.14242e-26
0,1.98505e+09,-1.66721e+07,3.13053e+08,2.88826e+08,-4.14074e+08,1.66939e+08,-1.01186e+09,0.00101541,0.000160136,3.65951e-26
0,1.79586e+09,-6.6689e+07,3.08082e+08,3.02556e+09,-1.03052e+09,-5.35805e+08,-5.84327e+08,0.000959765,0.000164648,5.65722e-24
0,1.99592e+09,-2.5341e+07,3.06405e+08,-6.27381e+09,-1.14496e+09,2.41e+08,-9.93684e+08,0.00104058,0.000159745,-4.74324e-23
0,2.19032e+09,2.08488e+07,3.17408e+08,6.8577e+09,-1.84846e+09,7.03151e+07,-6.14304e+08,0.00101022,0.000146395,2.5873e-23
0,2.03136e+09,-1.96284e+07,3.41184e+08,-1.44404e+09,1.89521e+07,-5.05181e+07,-4.34848e+08,0.000971397,0.000163154,-1.19261e-25
0,1.98743e+09,-5.51665e+07,3.15517e+08,-7.33299e+09,1.59925e+08,-2.12937e+08,-1.06649e+09,0.0010069,0.000159852,-5.56541e-23
0,1.82885e+09,-1.47333e+07,2.93811e+08,-8.98282e+08,8.81136e+08,-8.10928e+07,-1.39938e+09,0.00106875,0.000171698,-1.01761e-25
0,1.92068e+09,-4.35689e+07,2.95288e+08,-2.80208e+09,-2.46808e+09,-6.93332e+07,-9.796e+08,0.00110021,0.000169147,-3.82771e-23
0,2.04276e+09,3.54337e+07,3.18875e+08,7.75827e+09,-1.41425e+07,-4.74295e+06,-7.80513e+08,0.000939128,0.000146598,2.96395e-23
0,2.00736e+09,-4.57972e+06,3.39457e+08,-1.45674e+08,810760,3.68042e+07,-6.62968e+08,0.000988616,0.000167181,4.71551e-27
0,1.95814e+09,2.00297e+07,3.0804e+08,2.55545e+09,9.3589e+08,-1.8208e+08,-9.19467e+08,0.00093483,0.000147061,1.21419e-24
0,2.17475e+09,5.1506e+06,3.34034e+08,1.88552e+09,-2.45487e+08,2.20801e+08,-5.44017e+08,0.000954786,0.000146652,1.82852e-25
0,2.01125e+09,2.98686e+07,3.30026e+08,2.2479e+09,7.37224e+08,-1.11343e+08,-7.71964e+08,0.000952207,0.000156248,7.20842e-25
0,2.08958e+09,8.83876e+06,3.28939e+08,3.43686e+08,-1.45913e+08,-5.49535e+08,-6.91384e+08,0.000982218,0.000154619,-1.95016e-26
0,2.0663e+09,-3.11039e+07,3.13161e+08,2.93711e+09,2.96873e+08,2.26589e+08,-7.43056e+08,0.000957685,0.000145143,1.68286e-24
0,1.74379e+09,2.06588e+07,3.13573e+08,2.27172e+09,6.06529e+08,-4.47661e+07,1.32947e+08,0.000983594,0.000176873,-7.44087e-25
0,1.92966e+09,6.50592e+06,3.32794e+08,2.42448e+09,1.41658e+09,2.4105e+08,-7.20299e+08,0.000888626,0.000153255,1.0393e-24
0,2.04924e+09,3.67096e+06,3.18454e+08,2.24262e+09,-1.0744e+09,-2.25148e+08,-9.08868e+08,0.00104294,0.000162074,2.868e-24
0,1.94431e+09,5.0552e+07,3.23103e+08,7.43785e+09,1.64206e+09,2.18996e+07,-6.82615e+08,0.000890038,0.000147905,2.08741e-23
0,2.14828e+09,1.45522e+07,3.10972e+08,-1.86491e+09,-8.52162e+08,-6.69067e+08,-3.46385e+08,0.000935682,0.000135444,2.33002e-25
0,1.82982e+09,-3.49094e+07,2.89405e+08,-5.7596e+09,2.51453e+09,-1.1393e+08,-1.10748e+09,0.000951564,0.0001505,-2.5758e-23
0,1.89406e+09,1.57551e+06,2.90221e+08,3.84108e+09,9.87079e+08,2.27911e+08,-1.20402e+09,0.000978034,0.000149861,1.14617e-23
0,2.20573e+09,2.96528e+06,3.33057e+08,-3.24696e+08,-6.59619e+08,1.01078e+08,-5.65646e+08,0.000964197,0.00014559,-5.87142e-27
0,2.00543e+09,-4.09598e+06,3.4168e+08,-1.27435e+08,1.19552e+07,1.64161e+07,-4.91757e+08,0.000987916,0.000168319,1.62792e-27
0,2.11622e+09,8.02956e+06,3.32124e+08,-1.32137e+09,-5.82264e+08,-4.07147e+08,-5.45606e+08,0.000979431,0.000153714,-5.49382e-26
0,2.09591e+09,-6.14247e+06,3.18095e+08,-3.92075e+08,-1.48637e+09,-3.13345e+08,-9.03087e+08,0.00104078,0.000157959,-1.42637e-24
0,1.96541e+09,-4.37725e+07,2.98691e+08,-1.48608e+09,6.6213e+08,3.8214e+07,-1.19119e+09,0.00104964,0.000159518,-4.7225e-25
0,2.04412e+09,-1.88788e+07,3.41537e+08,-1.13281e+09,6.60683e+07,-3.74635e+07,-3.99925e+08,0.000964378,0.000161131,-4.87627e-26
0,2.0481e+09,2.91734e+07,3.25576e+08,1.1079e+10,-6.07759e+07,2.66071e+08,-2.88728e+08,0.000963474,0.000153159,3.55234e-23
0,1.96721e+09,-5.88849e+07,3.09214e+08,-6.56917e+09,3.40963e+08,4.85924e+08,-8.66461e+08,0.000998063,0.00015688,-2.968e-23
0,1.90907e+09,4.89846e+07,2.9477e+08,1.10383e+10,-4.87252e+08,-3.69613e+08,-9.05416e+08,0.000997849,0.000154072,1.9907e-22
0,1.89466e+09,2.11679e+07,2.90087e+08,3.85753e+09,1.03803e+09,-2.09853e+08,-9.89719e+08,0.000963493,0.000147518,6.47582e-24
0,2.10504e+09,3.7015e+06,3.33969e+08,-1.49964e+09,-1.96153e+08,2.17435e+08,-5.9396e+08,0.000952998,0.000151195,-1.39266e-25
0,2.03565e+09,-2.4548e+07,3.16889e+08,2.1846e+08,-5.81917e+08,3.28322e+08,-9.64799e+08,0.00100589,0.000156586,1.38755e-25
0,2.01781e+09,8.59529e+07,2.91565e+08,4.95581e+09,-1.58248e+09,-2.15244e+08,-1.06218e+08,0.00101169,0.000146185,9.64908e-24
0,2.09121e+09,2.54503e+07,2.96562e+08,9.30914e+08,-1.18469e+09,1.73337e+08,-9.38641e+08,0.00102017,0.000144674,9.61497e-25
0,1.87599e+09,-1.20745e+07,3.2789e+08,-5.71325e+09,9.63481e+08,-2.50986e+08,-9.67153e+08,0.000940096,0.000164312,-2.59249e-23
0,1.85421e+09,-3.73848e+07,3.03237e+08,1.11729e+10,8.62696e+08,2.06622e+08,-3.64845e+08,0.00104942,0.000171621,1.32782e-22
0,2.04526e+09,4.92011e+06,3.33903e+08,-1.78244e+09,-5.21e+08,-2.4352e+08,-4.86901e+08,0.000964868,0.000157522,-2.26037e-25
0,2.16653e+09,-1.14956e+07,3.21469e+08,-3.58431e+09,-1.72331e+09,-2.98943e+08,-7.39003e+08,0.00104425,0.000154945,-8.1355e-24
0,2.14433e+09,2.08294e+07,3.20465e+08,6.00795e+09,-1.4343e+09,4.7307e+08,-7.91913e+08,0.00101814,0.000152159,1.49414e-23
0,1.71258e+09,-9.28191e+07,2.72675e+08,4.22635e+09,-8.87423e+08,8.99869e+08,-7.39251e+08,0.00105368,0.000167765,7.42632e-25
0,2.0496e+09,-1.77728e+07,3.41003e+08,-9.59869e+08,1.09553e+08,4.36397e+06,-4.53662e+08,0.00096124,0.000159927,-2.93664e-26
0,2.00391e+09,5.43127e+07,3.02821e+08,-1.99026e+09,-1.47375e+09,3.56159e+08,-6.99919e+08,0.00105127,0.000158862,-3.64791e-24
0,2.06547e+09,6.18063e+07,2.97021e+08,3.72515e+09,-2.21611e+09,-5.38671e+08,-1.48459e+08,0.00101662,0.000146192,1.30336e-23
0,2.04776e+09,3.50189e+07,3.13019e+08,7.88936e+09,-1.63419e+08,2.12501e+08,-9.14978e+08,0.00096355,0.000147288,4.02451e-23
0,1.88878e+09,3.52569e+06,3.00387e+08,-1.72966e+09,7.18885e+08,-5.40784e+08,-8.86606e+08,0.000961385,0.000152897,-1.20646e-24
0,2.14116e+09,1.65513e+07,3.19605e+08,-4.70841e+08,-5.6002e+08,2.15327e+08,-7.25302e+08,0.000956936,0.000142839,1.59973e-26
0,1.95838e+09,5.59784e+07,3.17219e+08,4.56112e+09,1.09574e+09,-3.53836e+08,-9.93656e+08,0.000976524,0.000158178,8.87139e-24
0,2.01123e+09,9.65122e+06,3.00451e+08,1.16255e+10,-1.86242e+09,-2.11079e+08,-6.92114e+08,0.00107162,0.000160086,2.51207e-22
0,2.01918e+09,-9.86512e+06,2.9942e+08,-4.05694e+09,-6.5796e+08,-1.66372e+08,-1.24686e+09,0.00102076,0.000151366,-1.04566e-23
0,1.99177e+09,5.27318e+06,3.30841e+08,-1.1884e+09,-3.55308e+08,-1.59744e+08,-6.33693e+08,0.00095387,0.000158442,-9.54499e-26
0,2.07874e+09,-4.04587e+06,3.28898e+08,6.20777e+09,-1.08507e+09,7.8143e+08,-1.15112e+08,0.00102877,0.000162771,-9.03685e-24
0,1.93779e+09,4.91814e+07,3.21449e+08,5.63102e+09,2.15665e+09,9.29943e+07,-7.23956e+08,0.00087817,0.000145675,6.83609e-24
0,2.17315e+09,-3.17762e+07,3.20832e+08,-9.69147e+09,-1.39537e+09,-3.12634e+08,-7.44245e+08,0.00101884,0.000150415,-5.80853e-23
0,2.0725e+09,3.05986e+07,3.15202e+08,-9.55702e+09,-2.39848e+09,-9.48433e+06,-2.85815e+08,0.000990239,0.000150603,-5.52198e-23
0,2.07699e+09,5.05105e+07,3.00445e+08,1.99285e+09,-1.04212e+09,-7.79586e+08,-3.93745e+08,0.0010138,0.000146651,8.38669e-25
0,2.25128e+09,1.96251e+07,2.9803e+08,-4.30043e+09,1.54516e+09,1.2648e+08,3.9749e+08,0.00100314,0.000132799,5.84854e-24
0,1.99488e+09,6.40298e+06,3.33015e+08,-1.3699e+08,-3.44795e+08,1.47014e+08,-5.61458e+08,0.000955818,0.000159559,1.1155e-26
0,2.11146e+09,1.19921e+06,3.10861e+08,3.16749e+09,-1.4393e+09,2.37112e+08,-1.00624e+09,0.001041,0.000153262,7.1237e-24
0,2.15304e+09,1.65478e+07,3.25145e+08,5.15642e+09,-4.55635e+08,-3.41468e+08,-6.90023e+08,0.000967875,0.000146165,7.7194e-24
0,1.96956e+09,-2.18025e+07,3.16038e+08,-1.30923e+09,2.78485e+08,6.4938e+08,-1.059e+09,0.000994233,0.000159536,-1.04067e-27
0,2.04746e+09,-1.49612e+07,3.40809e+08,-5.18014e+08,1.67365e+08,7.38326e+07,-4.80521e+08,0.000957052,0.000159306,-1.60819e-27
0,2.09149e+09,2.801e+07,3.17997e+08,6.50974e+09,-1.08692e+09,4.15251e+08,-8.95099e+08,0.00100044,0.000152111,2.17241e-23
0,1.5513e+09,3.4113e+07,2.46095e+08,1.12732e+10,-3.41618e+09,-2.87033e+08,2.08844e+08,0.00109802,0.000174188,5.98842e-22
0,1.76429e+09,-1.24115e+08,2.67096e+08,7.25635e+09,-5.60311e+08,6.89629e+08,-3.82415e+08,0.0011074,0.00016765,2.9034e-23
0,1.93946e+09,-4.71926e+07,2.97044e+08,7.74973e+09,9.25121e+07,-2.53972e+08,7.29976e+07,0.00110903,0.000169856,-9.25637e-24
0,2.03552e+09,2.71997e+07,3.14709e+08,-2.05394e+09,-8.78963e+08,6.03348e+07,-7.73965e+08,0.0010507,0.000162447,-1.81884e-24
0,2.07421e+09,-9.57064e+06,3.30255e+08,1.40663e+09,1.14525e+08,8.21705e+07,-7.1973e+08,0.000955897,0.000152197,1.28482e-25
0,2.08161e+09,-1.51397e+07,2.89662e+08,3.94573e+09,-2.13543e+09,9.80592e+07,-8.82062e+08,0.00108097,0.00015042,2.58725e-23
0,1.99574e+09,-2.50136e+06,3.39735e+08,1.93564e+08,1.05295e+08,2.01284e+07,-5.71229e+08,0.000986343,0.000167905,-3.53177e-27
0,2.10504e+09,3.11123e+07,3.107e+08,3.71328e+09,-8.72981e+08,-5.23857e+08,-1.00269e+09,0.00102559,0.000151376,7.40118e-24
0,2.11599e+09,2.17719e+07,3.19436e+08,6.27709e+09,-1.34019e+09,5.61407e+08,-8.51241e+08,0.0010368,0.000156518,1.87086e-23
0,1.42568e+09,-4.48043e+07,2.76011e+08,5.8894e+09,-1.64401e+09,5.44587e+08,-4.71449e+08,0.000893514,0.000172984,2.65903e-23
0,2.07573e+09,8.15256e+07,2.95083e+08,1.15344e+10,1.33655e+09,-3.32972e+08,-6.06631e+08,0.00100001,0.00014216,7.69914e-23
0,2.05048e+09,3.96189e+07,2.97994e+08,5.28387e+09,-1.42218e+09,2.95065e+08,-1.05059e+09,0.00103208,0.000149992,2.32546e-23
0,2.14159e+09,1.2466e+07,2.70505e+08,5.11097e+07,-1.02325e+08,-2.25035e+08,2.65128e+08,0.00102491,0.000129457,-3.13749e-28
0,2.02053e+09,-1.10678e+07,3.11437e+08,-6.048e+08,-6.9504e+08,3.25197e+08,-1.08626e+09,0.00104056,0.000160387,2.04148e-25
0,1.96779e+09,4.07403e+07,2.95264e+08,3.21959e+09,-2.63754e+07,-3.37981e+08,-1.15894e+09,0.00103336,0.000155053,5.21864e-24
0,2.10492e+09,1.50164e+07,3.15851e+08,3.24011e+09,-1.35455e+09,4.72029e+08,-9.88846e+08,0.0010474,0.000157167,5.61276e-24
0,2.05222e+09,-4.90857e+06,3.4144e+08,8.46053e+08,-1.47647e+08,1.38877e+07,6.53906e+07,0.000951746,0.000158348,-3.60509e-27
0,1.31964e+09,-6.06919e+07,2.66478e+08,8.45567e+09,-4.23814e+09,8.48803e+08,-1.59579e+08,0.000901502,0.000182043,4.33163e-22
0,1.98115e+09,2.1782e+07,3.16458e+08,7.55865e+08,1.75278e+09,-1.4726e+08,-8.28311e+08,0.000924023,0.000147598,-1.85613e-25
0,1.89614e+09,9.06933e+07,3.10464e+08,1.39581e+10,1.78194e+09,2.26473e+08,-9.02977e+08,0.000954166,0.00015623,3.41794e-22
0,1.78021e+09,-1.66209e+07,2.84733e+08,4.2878e+09,1.92799e+09,6.23894e+08,-1.33126e+09,0.000996674,0.000159412,3.86113e-23
0,1.8863e+09,-1.52469e+07,3.0236e+08,-5.5458e+09,2.15979e+09,-2.51151e+08,-9.79885e+08,0.000921134,0.000147651,-1.97246e-23
0,1.98442e+09,-3.33741e+07,3.27078e+08,-5.97583e+09,8.78793e+08,-1.67544e+08,-6.6421e+08,0.000899685,0.000148289,-1.2059e-23
0,1.9819e+09,-3.09883e+07,3.1342e+08,-2.91294e+09,-3.70861e+08,5.82054e+07,-1.13786e+09,0.00100783,0.00015938,-3.51537e-24
0,2.13222e+09,-4.33979e+07,3.13788e+08,-6.76732e+09,-8.97716e+08,2.59661e+07,-9.03857e+08,0.00102486,0.000150823,-3.10561e-23
0,2.06798e+09,-791283,3.17377e+08,7.39745e+07,-1.18548e+09,4.66849e+08,-9.90306e+08,0.00105975,0.000162642,1.07563e-24
0,2.08538e+09,-1.23221e+07,2.79614e+08,-2.21086e+09,-2.16867e+07,-2.36424e+08,4.80869e+08,0.000990175,0.000132766,4.68213e-25
0,2.10446e+09,9.63682e+06,3.25981e+08,-1.09436e+09,-7.2062e+08,-1.26696e+07,-7.0185e+08,0.00097283,0.000150691,-2.17731e-25
0,2.11877e+09,-2.06312e+07,3.19242e+08,-6.06225e+08,-1.18201e+09,7.73627e+07,-8.92403e+08,0.00103644,0.000156163,-3.27724e-25
0,1.96036e+09,-4.59906e+06,3.22808e+08,4.31535e+08,7.7323e+08,3.14498e+08,-1.0458e+09,0.000988071,0.000162703,2.00095e-26
0,2.04807e+09,3.29598e+07,3.19831e+08,2.13793e+09,1.03193e+09,-3.88698e+08,-7.34306e+08,0.000944651,0.000147518,2.04155e-25
0,2.14453e+09,-9.02323e+06,3.09008e+08,-3.82133e+09,-1.65792e+09,-2.49533e+08,-9.35239e+08,0.00101355,0.000146043,-9.47394e-24
0,2.08581e+09,-4.08588e+07,3.19609e+08,-8.75884e+09,-5.26125e+08,-1.40374e+08,-8.25992e+08,0.00100169,0.00015349,-5.52874e-23
0,1.96301e+09,-5.03737e+07,2.90538e+08,-6.37969e+09,-1.30992e+08,5.95141e+08,-9.33283e+08,0.00106258,0.000157269,-4.4448e-23
0,1.87219e+09,2.41832e+07,2.81587e+08,2.28926e+09,5.39208e+08,9.06428e+07,-1.37204e+09,0.00103572,0.000155777,2.7398e-24
0,2.07269e+09,-7.77695e+06,3.4183e+08,1.46688e+08,1.31835e+08,5.29733e+07,-4.35901e+08,0.000959541,0.000158249,-8.40492e-28
0,1.8532e+09,1.94511e+06,3.14578e+08,-5.43554e+09,-7.43653e+08,-1.69e+08,-9.54122e+08,0.000999323,0.000169633,-2.74241e-23
0,2.03688e+09,1.73964e+07,3.19736e+08,5.39203e+09,-2.26109e+08,4.0929e+07,-1.04587e+09,0.000982114,0.000154165,1.64676e-23
0,1.96644e+09,-3.10547e+06,3.28942e+08,7.26796e+08,5.2425e+08,1.53952e+08,-9.20264e+08,0.000990619,0.000165709,2.91322e-26
0,2.14299e+09,-9.08554e+06,2.99538e+08,1.481e+09,-4.07794e+08,-2.84633e+08,-1.29244e+08,0.000902149,0.000126098,5.661e-26
0,2.03476e+09,8.18001e+07,2.80899e+08,1.27676e+10,-2.73854e+08,-4.14533e+08,-1.12696e+09,0.00105327,0.000145404,3.53074e-22
0,2.21783e+09,1.95654e+07,2.8983e+08,-4.62508e+09,-2.43574e+09,-7.98633e+07,-4.90874e+08,0.00104565,0.000136647,-1.9954e-23
0,1.92737e+09,-4.07077e+07,3.12448e+08,-2.39011e+09,1.13595e+09,4.33337e+08,-1.0722e+09,0.000991364,0.000160712,-1.1074e-24
0,2.13095e+09,-2.72458e+07,3.26824e+08,-3.07821e+09,-1.27328e+08,2.49401e+07,-6.9568e+08,0.000951523,0.000145935,-1.38104e-24
0,1.97318e+09,-1.99491e+07,3.06356e+08,-2.83236e+09,-9.53374e+07,2.12621e+08,-1.28491e+09,0.0010391,0.00016133,-3.74606e-24
0,1.91635e+09,-3.14896e+07,2.92291e+08,-2.96219e+08,-5.17475e+08,6.24898e+08,-1.35889e+09,0.00106642,0.000162656,7.304e-25
0,1.56769e+09,-9.6438e+07,2.5226e+08,2.57842e+10,-2.55011e+09,8.88681e+08,4.17908e+07,0.00128095,0.000206119,-6.80884e-21
0,2.02299e+09,1.51924e+06,3.14353e+08,5.69345e+09,-1.92475e+08,6.8592e+07,-9.29878e+08,0.00098073,0.000152396,1.78196e-23
0,2.14231e+09,3.26737e+06,3.29508e+08,-1.98908e+08,-4.8695e+08,1.89733e+08,-7.48131e+08,0.000968295,0.000148933,2.67296e-26
0,2.05619e+09,-3.96479e+07,3.1917e+08,-4.04196e+09,1.02566e+07,9.56429e+07,-1.00372e+09,0.000983789,0.000152708,-6.22226e-24
0,1.94083e+09,-5.57264e+07,2.95973e+08,-1.87369e+09,8.82517e+07,7.66273e+08,-1.2682e+09,0.00106714,0.000162736,-3.14083e-25
0,1.79699e+09,-3.32287e+07,2.91791e+08,-3.89228e+09,8.69174e+08,-2.63156e+08,-9.18728e+08,0.000931212,0.000151208,-9.74898e-24
0,2.03338e+09,3.24581e+06,3.25781e+08,1.0328e+09,-2.78739e+08,-671766,-1.08708e+09,0.00100586,0.000161155,2.09482e-26
0,2.02208e+09,2.70876e+07,2.88762e+08,-8.01161e+08,-2.86024e+07,-3.28297e+08,-1.14498e+09,0.00100326,0.00014327,1.18609e-25
0,2.07432e+09,513483,3.31052e+08,-8.78933e+08,-9.03075e+07,2.20504e+08,-7.59362e+08,0.000962875,0.000153671,-4.31603e-27
0,1.90449e+09,5.39058e+06,2.82182e+08,3.28925e+09,-1.55235e+06,-1.98686e+07,-1.35316e+09,0.00107991,0.000160008,9.37958e-24
0,2.07221e+09,-1.57089e+06,3.19438e+08,5.39528e+09,-6.85169e+08,9.96218e+07,-8.24404e+08,0.000992336,0.000152972,1.31295e-23
0,1.98973e+09,7.07842e+06,2.97703e+08,-5.36839e+09,-8.87382e+08,-1.17539e+09,-6.33328e+08,0.000962014,0.000143936,3.24917e-24
0,2.10361e+09,7.15934e+06,3.0802e+08,3.21571e+09,-2.09304e+09,3.63227e+08,-1.17436e+09,0.00108979,0.000159572,2.02955e-23
0,2.02776e+09,1.50711e+07,3.33169e+08,3.38939e+09,-4.36194e+08,5.94543e+08,-7.45464e+08,0.00101173,0.000166232,1.90126e-24
0,1.9533e+09,-3.01054e+07,3.05888e+08,3.10756e+09,5.76653e+08,5.47972e+08,-1.13937e+09,0.000986776,0.00015453,5.36186e-24
0,1.87535e+09,-4.45638e+07,3.08382e+08,-6.38959e+09,1.32962e+09,3.9402e+08,-6.13807e+08,0.00102493,0.000168539,-1.79362e-23
0,1.88567e+09,-2.50794e+07,3.08927e+08,-2.45123e+09,1.56723e+09,1.73395e+08,-1.2428e+09,0.000990234,0.000162229,-2.03978e-24
0,1.92007e+09,7.08384e+06,3.27236e+08,-3.74726e+09,-4.88383e+08,5.48511e+06,-3.34504e+08,0.000994282,0.000169454,-2.88023e-24
0,2.01185e+09,-3.48007e+06,3.25344e+08,-3.67271e+08,1.47817e+09,9.88491e+07,-7.0363e+08,0.000922668,0.000149208,4.43399e-26
0,1.94474e+09,-4.10951e+07,3.0001e+08,-6.69338e+09,1.43095e+09,1.97269e+08,-1.145e+09,0.000952651,0.000146963,-3.43699e-23
0,1.85238e+09,-1.29545e+07,3.15863e+08,1.93787e+09,1.52692e+09,2.5541e+08,-1.15569e+09,0.000964392,0.000164446,1.87822e-24
0,2.11042e+09,2.13495e+07,2.9525e+08,3.73778e+09,-2.70303e+09,7.84877e+07,-1.31542e+09,0.00114873,0.000160709,6.04911e-23
0,1.9479e+09,-1.51752e+07,2.94714e+08,-1.83783e+09,2.63544e+07,4.48615e+08,-1.3721e+09,0.00104025,0.000157388,-4.33678e-25
0,1.96805e+09,-1.47113e+07,3.10284e+08,3.26129e+09,8.92613e+08,7.44732e+08,-1.07493e+09,0.000990426,0.000156151,8.03023e-24
0,2.07046e+09,-3.3859e+06,3.41853e+08,4.81994e+07,5.57692e+06,2.83178e+07,-4.56788e+08,0.0009594,0.000158406,-4.02323e-28
0,2.01463e+09,1.6e+07,3.11056e+08,4.61504e+09,-8.73759e+08,-1.47159e+08,-9.06432e+08,0.000989655,0.000152801,1.23127e-23
0,2.06831e+09,545007,3.35784e+08,1.1054e+09,-6.24897e+08,3.44944e+08,-5.99193e+08,0.0010386,0.000168613,1.54532e-25
0,2.19202e+09,1.11276e+07,3.22874e+08,3.88438e+09,-1.34256e+09,-2.93741e+07,-5.89177e+08,0.000977531,0.000143986,4.67198e-24
0,2.06592e+09,-1.99613e+07,3.2752e+08,-5.39223e+09,5.25076e+08,-3.73948e+08,-8.18382e+08,0.000950154,0.000150632,-1.19386e-23
0,1.97213e+09,4.8894e+07,3.07111e+08,2.18432e+09,4.50532e+08,2.00482e+08,-1.06968e+09,0.0010015,0.000155959,1.4369e-24
0,2.07166e+09,-4.39831e+07,3.12496e+08,-6.84267e+09,-1.14244e+09,-1.04317e+08,-1.10874e+09,0.00107579,0.000162276,-5.74461e-23
0,1.86282e+09,2.17387e+07,2.58367e+08,-7.76559e+09,-2.03543e+09,7.8082e+07,4.80428e+08,0.000978566,0.000135724,1.79904e-23
0,1.96526e+09,-1.42127e+07,2.03656e+08,-3.60174e+09,-3.18752e+09,1.97757e+07,2.34164e+07,0.00137808,0.000142808,-1.5609e-22
0,1.94657e+09,7.64272e+06,3.05488e+08,5.06753e+09,1.06861e+09,-1.35823e+07,-1.01576e+09,0.000957751,0.000150306,1.51122e-23
0,2.08685e+09,1.59964e+07,3.36539e+08,6.23469e+09,1.09698e+08,2.60839e+08,-5.8673e+08,0.000927607,0.000149592,9.98712e-24
0,2.00323e+09,290669,3.35905e+08,1.46873e+08,-1.31324e+08,1.43549e+07,-6.55125e+08,0.0010026,0.000168119,-3.80495e-27
0,1.91527e+09,-2.03209e+07,3.11412e+08,-2.13527e+07,1.2038e+09,4.78287e+08,-8.36054e+08,0.000977213,0.00015889,-4.74313e-27
0,2.09753e+09,-3.94913e+07,3.00421e+08,-1.02236e+10,-2.32187e+09,-1.12259e+08,-1.24621e+09,0.00113795,0.000162984,-3.19544e-22
0,2.05102e+09,4.89121e+06,3.2844e+08,4.18778e+08,2.20556e+07,1.03962e+08,-8.69262e+08,0.000966787,0.000154817,-2.11778e-26
0,1.95248e+09,-2.2801e+07,2.81688e+08,-1.1267e+09,-9.82001e+08,1.37184e+08,-1.39586e+09,0.00106163,0.000153163,-6.92911e-25
0,2.06518e+09,7.03469e+06,3.27622e+08,-2.36901e+09,-5.39527e+08,-3.03447e+08,-9.41953e+08,0.00101004,0.000160234,-1.13476e-24
0,1.98957e+09,4.88759e+07,3.10746e+08,2.45768e+09,7.69999e+08,-2.44746e+08,-1.04325e+09,0.00102501,0.000160094,1.72129e-24
0,1.98161e+09,-6.81666e+07,3.08699e+08,-8.76671e+09,2.23963e+08,5.01144e+07,-1.16406e+09,0.00102366,0.000159467,-1.13183e-22
0,1.96882e+09,3.59918e+07,3.21913e+08,1.55619e+09,6.6454e+08,-6.39056e+08,-9.01809e+08,0.00100749,0.000164731,1.33984e-25
0,1.90956e+09,-3.18014e+07,1.89082e+08,-1.20192e+10,-2.63074e+09,6.0703e+07,-1.60685e+08,0.00138344,0.000136986,-6.55825e-22
0,2.07656e+09,-3.54909e+06,3.4355e+08,-2.71586e+08,-5.23252e+07,5.34576e+06,-2.86898e+08,0.000959547,0.000158749,-6.61668e-31
0,1.96657e+09,6.582e+06,3.21574e+08,5.59809e+08,1.07791e+08,3.23033e+08,-6.38505e+08,0.000977996,0.000159922,-1.52819e-26
0,1.99396e+09,-4.10338e+07,3.16605e+08,-3.71461e+09,-8.10129e+07,-1.79532e+08,-1.21315e+09,0.00101343,0.000160915,-7.4074e-24
0,1.99549e+09,-2.48179e+07,3.17217e+08,-4.91925e+09,-3.42766e+08,-2.59849e+07,-1.16807e+09,0.00101347,0.000161108,-1.79805e-23
0,1.96742e+09,1.34941e+07,3.0047e+08,1.28391e+09,-1.91447e+08,-2.47626e+07,-1.20042e+09,0.00104421,0.000159475,8.4127e-26
0,2.04039e+09,-1.62995e+07,3.28081e+08,2.61899e+09,-1.23572e+09,4.74588e+08,-1.83167e+07,0.00105017,0.000168861,-5.30886e-25
0,1.9613e+09,3.60219e+07,3.11228e+08,1.61779e+09,4.88001e+08,-3.90439e+08,-1.05311e+09,0.00104105,0.000165199,3.50291e-25
0,1.87429e+09,2.56603e+07,2.99951e+08,-1.96003e+09,-9.11774e+08,-2.29775e+08,-1.08925e+09,0.00112224,0.000179598,-4.03353e-24
0,2.16858e+09,-1.3623e+07,3.34987e+08,-4.17825e+09,1.10416e+08,-4.33339e+08,-4.94957e+08,0.000924953,0.000142881,-2.11449e-24
0,1.95312e+09,-4.80771e+07,3.15715e+08,-8.82646e+09,4.46522e+08,1.51529e+08,-1.03093e+09,0.00100216,0.000161996,-9.77783e-23
0,2.01741e+09,1.18071e+07,3.18256e+08,2.54595e+09,-2.79689e+08,-1.78333e+08,-1.19072e+09,0.00101864,0.000160696,2.15484e-24
0,1.98437e+09,-7.43817e+07,3.04052e+08,-1.60649e+10,-4.1303e+08,-2.93328e+08,-1.14479e+09,0.00106644,0.000163404,-8.30771e-22
0,2.09362e+09,1.13977e+07,3.17625e+08,1.54103e+08,-8.55121e+08,5.25299e+08,-8.12524e+08,0.000983504,0.000149208,2.90455e-25
0,2.25412e+09,3.85542e+07,3.10795e+08,2.41533e+09,-1.07651e+09,-5.2066e+07,-2.21305e+08,0.000959556,0.000132302,6.50207e-25
0,1.95744e+09,-1.52326e+07,2.96044e+08,5.25911e+09,1.81621e+08,5.23804e+08,-1.03698e+09,0.000985268,0.000149012,1.93851e-23
0,2.03915e+09,2.3413e+07,3.29309e+08,6.68921e+08,-1.13999e+09,1.03816e+08,-5.98435e+08,0.000987527,0.000159479,4.71505e-25
0,2.07321e+09,-1.05368e+07,3.05811e+08,1.06747e+10,2.09443e+08,2.28089e+08,-4.10377e+08,0.00107228,0.000158168,7.62651e-23
0,2.03013e+09,439495,3.28204e+08,5.68182e+08,-5.84664e+08,1.01456e+08,-8.46348e+08,0.00099452,0.00016078,9.01721e-26
0,2.0117e+09,2.71604e+06,3.2296e+08,4.08059e+09,-6.32583e+07,-1.22078e+08,-9.0242e+08,0.000955117,0.000153335,5.64948e-24
0,2.08939e+09,9.95986e+06,3.24603e+08,6.76606e+08,-7.96822e+08,-8.33057e+07,-1.02907e+09,0.00103114,0.000160196,1.15361e-25
0,1.92575e+09,-347816,3.06278e+08,5.65323e+08,-3.9518e+08,-4.81874e+08,-1.05906e+09,0.00103793,0.000165076,-2.75463e-25
0,2.12097e+09,2.95248e+07,3.28449e+08,5.94215e+09,-4.64809e+08,3.18601e+08,-7.96927e+08,0.000979216,0.00015164,1.26075e-23
0,2.03071e+09,1.33983e+07,3.01924e+08,8.54595e+08,-5.57678e+08,3.46592e+08,-1.06374e+09,0.00102598,0.000152541,1.38456e-25
0,1.91135e+09,-3.07676e+07,3.16459e+08,-7.27388e+09,8.56862e+08,1.14468e+08,-1.10308e+09,0.000976342,0.000161651,-5.67451e-23
0,1.49955e+09,5.57923e+07,2.62425e+08,-2.42392e+10,-4.84449e+08,-7.2176e+08,-8.43442e+08,0.00134529,0.00023543,-2.63442e-20
0,1.91849e+09,3.12281e+07,3.13148e+08,4.65219e+08,3.27275e+08,-5.8465e+08,-1.16049e+09,0.0010071,0.000164386,-2.69208e-26
0,1.99251e+09,-4.94958e+07,2.99494e+08,-6.15027e+09,-1.22497e+09,3.92573e+08,-1.14608e+09,0.00107178,0.000161099,-6.27392e-23
0,2.11387e+09,2.11717e+07,3.19617e+08,4.42165e+09,-9.09361e+08,3.31743e+08,-8.20777e+08,0.00100975,0.000152675,6.48275e-24
0,2.04417e+09,2.12316e+06,3.36756e+08,9.54913e+08,7.76525e+07,-8.45151e+07,-5.57362e+08,0.000930072,0.00015322,2.39906e-26
0,1.76912e+09,3.46832e+07,3.05029e+08,-6.86648e+09,-1.89124e+09,-2.63688e+08,-8.6849e+08,0.00105566,0.000182014,-1.11244e-22
0,1.93082e+09,1.26741e+07,2.92178e+08,4.77514e+08,3.15132e+08,2.90606e+08,-1.19729e+09,0.00101592,0.000153732,-1.29703e-25
0,2.04175e+09,1.19199e+07,3.28766e+08,3.51176e+09,-1.91854e+08,2.71504e+08,-8.89592e+08,0.000976981,0.000157315,3.37837e-24
0,1.93139e+09,-9.56595e+07,3.10048e+08,-1.38028e+10,1.94812e+09,-1.3778e+08,-9.30429e+08,0.000942316,0.000151271,-2.80068e-22
0,2.16372e+09,-1.44592e+06,3.42434e+08,-4.09835e+09,-5.88902e+07,-6.50433e+08,-1.32342e+08,0.000893789,0.000141453,-2.7709e-25
0,1.8412e+09,2.68586e+07,3.19204e+08,-1.22024e+09,1.28537e+09,-3.54369e+08,-1.04377e+09,0.000979121,0.000169747,-7.44165e-25
0,1.97747e+09,5.38378e+06,3.21052e+08,-1.17806e+09,-1.58432e+08,-1.42902e+08,-1.18737e+09,0.0010147,0.000164741,5.99932e-28
0,2.09511e+09,-2.86777e+07,3.26785e+08,-6.29148e+09,5.19037e+07,-1.61149e+08,-8.55828e+08,0.000968248,0.000151023,-1.76941e-23
0,2.11266e+09,-1.38757e+07,3.37853e+08,-5.18949e+09,-3.38557e+08,-7.1751e+08,-4.91093e+08,0.000953921,0.00015255,-3.00835e-24
0,1.90597e+09,-4.47059e+07,3.21628e+08,-4.71057e+09,1.31558e+09,-1.55518e+08,-9.1598e+08,0.00095218,0.000160678,-1.33423e-23
0,2.08204e+09,-1.66215e+07,3.36534e+08,-1.47386e+09,-1.88745e+08,-3.38461e+08,-4.77467e+08,0.000986237,0.000159412,-6.10492e-26
0,1.99392e+09,-9.26004e+06,3.00829e+08,1.95003e+09,-6.55381e+08,1.65757e+08,-1.20892e+09,0.0010496,0.000158356,1.47495e-24
0,1.15415e+09,8.12818e+07,2.63979e+08,-1.11781e+10,-3.09186e+09,-9.59861e+08,-6.99309e+08,0.00103789,0.000237389,-1.53205e-21
0,1.86988e+09,2.0259e+07,2.97399e+08,-6.53323e+09,-1.92257e+09,-1.74191e+08,-1.17651e+09,0.00107676,0.000171255,-1.16318e-22
0,2.07604e+09,-6.31462e+06,3.43101e+08,-5.07908e+08,-9.49131e+06,-5.72785e+07,-3.33966e+08,0.000954119,0.000157684,-1.86685e-27
0,1.92186e+09,-8.20336e+07,3.01235e+08,-7.1408e+09,3.1763e+08,7.56146e+08,-1.00489e+09,0.00102286,0.000160324,-5.46431e-23
0,1.89139e+09,9.6488e+06,3.16256e+08,5.45234e+08,7.29105e+08,-4.6347e+08,-1.10248e+09,0.000990084,0.00016555,-7.74147e-27
0,2.11609e+09,7.30122e+07,2.93016e+08,-8.81152e+09,-7.56949e+08,4.41594e+08,3.65194e+08,0.000994073,0.000137649,1.60502e-23
0,2.18963e+09,-1.49803e+07,3.37362e+08,-6.40129e+09,-5.79213e+08,-5.35371e+08,-4.7525e+08,0.000947995,0.00014606,-5.05226e-24
0,1.90141e+09,3.42934e+07,2.99285e+08,3.04926e+09,-6.39727e+07,-5.8522e+08,-1.10635e+09,0.00101984,0.000160524,4.40102e-24
0,2.02819e+09,7.0557e+06,3.28441e+08,-2.54361e+09,1.68787e+07,7.26113e+07,-9.52635e+08,0.000981541,0.000158949,-1.42537e-24
0,2.12769e+09,-1.1276e+06,3.35379e+08,2.23366e+09,-2.93096e+08,-2.25135e+07,-5.94416e+08,0.000944167,0.000148825,4.6039e-25
0,2.19715e+09,3.06411e+06,3.27796e+08,2.98068e+09,-1.36577e+09,3.66163e+08,-6.70685e+08,0.000996212,0.000148626,2.43618e-24
0,2.03401e+09,-4.58864e+06,3.1998e+08,-2.80527e+09,-9.55639e+08,9.59197e+07,-9.42829e+08,0.00101226,0.000159244,-3.85408e-24
0,2.17787e+09,-9.61671e+06,3.31497e+08,-2.104e+09,-9.44373e+08,-2.46454e+08,-7.15832e+08,0.00100783,0.000153403,-9.54135e-25
0,2.22006e+09,-2.10586e+07,3.28145e+08,-4.02108e+09,-1.00082e+09,-1.59983e+07,-7.19152e+08,0.00099012,0.000146349,-4.33148e-24
0,1.97316e+09,3.62869e+07,2.95655e+08,1.87422e+09,-3.19435e+08,1.56126e+08,-1.14378e+09,0.00103323,0.000154818,7.94079e-25
0,2.10318e+09,-2.56402e+07,3.15126e+08,-3.31515e+09,-1.47769e+09,-5.23241e+08,-6.46643e+08,0.0010414,0.000156037,-3.86318e-24
0,1.92515e+09,-2.18912e+07,2.936e+08,2.42838e+09,5.38261e+08,6.21663e+08,-1.20024e+09,0.00102325,0.000156054,3.34417e-24
0,2.17069e+09,-1.81362e+07,3.39076e+08,-7.38757e+09,-2.40906e+08,-6.33917e+08,-4.01989e+08,0.000927935,0.00014495,-7.3803e-24
0,1.31685e+09,4.79564e+07,2.74702e+08,-2.04864e+09,-1.8967e+09,-6.9792e+08,-1.31558e+09,0.000983519,0.000205167,-6.49584e-23
0,2.10328e+09,-8.77069e+06,3.32674e+08,-4.07836e+09,-3.108e+08,-4.09236e+08,-6.94886e+08,0.000988191,0.000156302,-3.48155e-24
0,1.97092e+09,-1.12623e+07,2.99888e+08,4.04368e+09,9.03875e+08,1.63043e+08,-1.03869e+09,0.000994902,0.00015138,9.9561e-24
0,1.90932e+09,3.72231e+07,3.14546e+08,1.08286e+09,7.41024e+08,-2.40505e+08,-1.19959e+09,0.00101203,0.000166724,7.59069e-26
0,1.89165e+09,-1.73472e+07,3.11565e+08,-1.02081e+09,-1.34813e+08,-3.36722e+08,-1.30769e+09,0.00102021,0.000168034,2.43743e-25
0,2.07303e+09,-3.68296e+07,3.05802e+08,-3.62362e+09,-1.13518e+09,-9.43478e+07,-1.11114e+09,0.00103251,0.000152309,-8.72114e-24
0,1.821e+09,-4.59839e+07,3.03494e+08,-6.18891e+09,1.05735e+09,4.25848e+07,-1.46901e+09,0.00101575,0.000169288,-7.32964e-23
0,2.01569e+09,-3.09387e+06,3.36004e+08,-1.74292e+09,2.87946e+08,-1.33355e+08,-5.90312e+08,0.000986317,0.000164413,-3.67702e-25
0,2.06419e+09,-4.26022e+06,3.10358e+08,3.50828e+09,-1.42545e+08,-7.44488e+07,-8.84301e+08,0.00101055,0.00015194,4.07863e-24
0,2.17858e+09,4.54099e+07,2.81897e+08,-2.85062e+09,7.15558e+08,5.25901e+08,3.79752e+08,0.00100004,0.0001294,1.33303e-24
0,1.9616e+09,-1.01111e+07,3.06886e+08,1.99069e+09,-8.07637e+08,5.16262e+08,-1.13756e+09,0.00104181,0.000162987,1.23728e-24
0,2.11518e+09,-4.05264e+07,3.17464e+08,-8.4878e+09,-5.02181e+08,-5.22574e+08,-4.77917e+08,0.00100097,0.000150234,-2.18265e-23
0,2.0332e+09,2.60736e+06,3.34469e+08,-3.96354e+09,3.03953e+08,-3.74501e+08,-5.83515e+08,0.000962909,0.000158402,-3.93859e-24
0,2.13504e+09,-1.88542e+07,3.34821e+08,-2.56949e+09,-1.4994e+08,-3.47344e+08,-5.65872e+08,0.000929755,0.000145806,-4.65225e-25
0,2.01475e+09,-2.67665e+06,3.17602e+08,-2.59794e+09,1.56179e+08,3.40454e+08,-9.80792e+08,0.000985565,0.000155363,-1.50135e-24
0,1.99391e+09,3.66591e+07,3.20846e+08,7.53908e+08,1.11576e+09,-4.49506e+07,-9.12612e+08,0.000945786,0.000152189,2.11136e-26
0,1.94058e+09,2.2732e+07,3.04377e+08,4.55448e+09,-4.129e+07,-3.55743e+07,-1.25064e+09,0.00100402,0.000157478,1.6213e-23
0,2.13345e+09,-3.94262e+07,3.14844e+08,-7.28371e+09,-1.08369e+09,-1.43965e+08,-9.03256e+08,0.00101574,0.000149897,-3.5323e-23
0,1.8503e+09,2.27969e+07,2.98693e+08,-2.66992e+08,1.28231e+09,-6.52142e+07,-1.19845e+09,0.000984289,0.000158893,-6.29077e-27
0,2.00793e+09,3.08638e+07,3.15902e+08,4.09696e+09,-4.55321e+07,-1.2771e+08,-1.09412e+09,0.00103134,0.000162258,1.00012e-23
0,2.07108e+09,-6.99535e+07,3.18167e+08,-6.06732e+09,1.20586e+09,2.43571e+08,-7.48099e+08,0.000941972,0.000144709,-1.03219e-23
0,2.10361e+09,-2.2299e+07,3.03589e+08,-1.31619e+09,-1.86688e+09,-2.21083e+08,-8.41081e+08,0.00105179,0.000151792,-4.47589e-24
0,2.03508e+09,-7.24748e+06,3.25676e+08,-3.51235e+08,1.95261e+08,-5.55381e+08,-8.53969e+08,0.000971812,0.00015552,5.92527e-26
0,1.87222e+09,-2.40836e+07,2.89753e+08,9.75938e+08,1.68225e+08,3.78534e+08,-1.34459e+09,0.00105054,0.000162586,-3.65856e-25
0,2.08491e+09,-5.08798e+07,3.2974e+08,-8.12233e+09,7.58686e+08,-3.64912e+08,-6.69861e+08,0.000919653,0.000145448,-2.78122e-23
0,2.18427e+09,241311,3.20292e+08,6.10353e+07,-1.52697e+09,-4.0493e+08,-7.70518e+08,0.00101783,0.00014925,-7.69565e-25
0,2.27928e+09,3.24749e+07,3.09358e+08,-5.84617e+09,1.01455e+09,3.42035e+08,1.85699e+08,0.000951897,0.000129197,4.18248e-24
0,2.19502e+09,-3.79708e+07,3.18354e+08,-1.01974e+10,-1.25916e+09,-9.82835e+07,-7.71604e+08,0.00100823,0.000146227,-6.98099e-23
0,2.20462e+09,-5.72175e+07,3.08456e+08,-4.60367e+09,1.83993e+08,7.2823e+08,-3.42378e+08,0.000916816,0.000128275,-1.24642e-24
0,1.93484e+09,-2.85344e+07,2.95932e+08,-1.57398e+09,-8.59703e+08,1.71765e+08,-1.60615e+09,0.00108666,0.000166204,-1.18839e-24
0,2.04079e+09,-3.17523e+07,3.2613e+08,-5.66003e+09,-1.53888e+08,-4.96319e+08,-9.1e+08,0.00101248,0.0001618,-1.78768e-23
0,1.92761e+09,8.43593e+06,2.8297e+08,-2.3986e+09,1.65383e+09,-3.54602e+08,-1.00135e+09,0.000937894,0.000137681,-2.29169e-24
0,1.99369e+09,-9.80016e+06,3.33106e+08,-2.73869e+09,-5.02223e+07,-2.78122e+08,-7.75714e+08,0.00099463,0.000166182,-1.7051e-24
0,2.02809e+09,-1.16682e+07,3.11863e+08,-9.40486e+08,-7.60972e+08,-4.63683e+08,-1.15811e+09,0.00103013,0.000158406,-4.19443e-25
0,1.71377e+09,4.17767e+07,2.80213e+08,4.6853e+09,2.73612e+09,-5.13407e+08,-1.34354e+09,0.000980398,0.000160302,1.58527e-24
0,2.13091e+09,-4.92693e+06,3.41807e+08,-4.91477e+09,-2.92846e+08,-6.52347e+08,-3.67406e+08,0.000967136,0.000155133,-1.85364e-24
0,2.12263e+09,-6.05841e+07,3.15427e+08,-1.24891e+10,-1.90239e+08,-4.71729e+07,-7.85216e+08,0.000969019,0.000143998,-1.20599e-22
0,1.92872e+09,-2.81037e+07,3.14839e+08,2.76767e+09,-1.0701e+09,5.01371e+08,-9.93019e+08,0.00105195,0.000171717,4.22676e-24
0,1.96036e+09,-3.94338e+07,2.97515e+08,5.70256e+08,-6.68667e+07,6.04619e+08,-1.16524e+09,0.00105899,0.000160719,-3.50368e-25
0,1.87e+09,3.59792e+06,2.9826e+08,2.95351e+09,1.81939e+09,-1.64745e+07,-1.16131e+09,0.000977393,0.000155891,3.59496e-24
0,2.05165e+09,-3.92663e+06,3.43102e+08,4.59979e+08,7.53837e+07,1.14893e+08,-3.35099e+08,0.000946015,0.000158204,1.43836e-27
0,2.06968e+09,-1.87725e+07,3.09566e+08,-7.81084e+08,-8.99945e+08,-3.27066e+08,-1.1421e+09,0.00103493,0.000154796,-6.15055e-25
0,1.94963e+09,-1.51305e+07,3.3003e+08,-2.32409e+09,2.14322e+08,-3.08084e+08,-9.11445e+08,0.000975615,0.000165151,-1.3239e-24
0,2.10299e+09,1.57569e+06,3.25047e+08,1.96134e+09,-9.15228e+07,-2.81686e+08,-7.76003e+08,0.000973803,0.000150515,4.09787e-25
0,1.98303e+09,1.85591e+06,3.09965e+08,3.17521e+09,-7.80156e+08,3.72308e+07,-1.23227e+09,0.00105574,0.000165021,7.37412e-24
0,2.03997e+09,-8.34518e+07,2.85964e+08,-6.38989e+09,5.08563e+08,7.02124e+08,-9.41358e+08,0.000976963,0.000136951,-2.02105e-23
0,2.09025e+09,1.64655e+07,3.16914e+08,7.94861e+09,-9.16581e+08,-3.74385e+08,-6.53914e+08,0.000998547,0.000151395,4.03968e-23
0,2.05094e+09,-2.42284e+07,3.12774e+08,1.22124e+09,-1.64134e+09,4.51734e+08,-1.02834e+09,0.00107123,0.000163366,4.69041e-24
0,2.1347e+09,-6.43775e+07,3.20592e+08,-6.85867e+09,1.17139e+09,2.87039e+08,-5.51473e+08,0.000898249,0.0001349,-6.65999e-24
0,2.20523e+09,-2.78539e+07,3.22171e+08,-1.06852e+10,-1.45766e+09,-4.18715e+08,-6.62924e+08,0.000991209,0.00014481,-5.10494e-23
0,2.18344e+09,-1.40366e+07,3.30557e+08,-4.62604e+09,-7.32258e+08,-5.20117e+08,-5.83224e+08,0.000959671,0.000145287,-2.24106e-24
0,2.08558e+09,-6.2113e+07,3.0659e+08,-1.06426e+10,-1.28603e+08,-1.16019e+08,-6.32324e+08,0.00100182,0.000147272,-7.71836e-23
0,2.1992e+09,-5.56904e+07,3.03515e+08,-4.27296e+09,-1.55934e+08,7.05985e+08,-4.09181e+08,0.000927668,0.000128029,-1.79276e-24
0,2.00038e+09,-2.51332e+06,3.34887e+08,-1.34701e+09,-1.22034e+08,-5.5101e+07,-7.10716e+08,0.000977917,0.000163715,-1.41457e-25
0,2.15283e+09,-5.73658e+06,3.43031e+08,-6.58999e+09,-2.08647e+08,-7.40092e+08,-2.38253e+08,0.000942813,0.000150228,-2.63229e-24
0,2.09969e+09,5.27023e+07,2.58892e+08,1.83407e+09,3.57609e+08,6.40009e+08,4.67696e+07,0.00105913,0.000130592,4.8744e-25
0,1.92451e+09,-2.86785e+07,3.17718e+08,-6.54228e+09,-3.38756e+08,-1.54885e+08,-1.31071e+09,0.00104476,0.00017248,-6.57252e-23
0,2.0196e+09,1.52933e+07,3.11119e+08,4.12853e+09,9.27578e+07,-5.05725e+08,-9.296e+08,0.0010096,0.000155529,7.21039e-24
0,2.23384e+09,1.06106e+07,3.17042e+08,4.6022e+09,-1.83308e+09,-1.87254e+08,-5.75769e+08,0.00101885,0.000144602,1.20382e-23
0,2.04364e+09,-3.80668e+07,3.13022e+08,-2.70229e+09,-6.35667e+08,-2.15139e+07,-9.77407e+08,0.00104337,0.000159812,-2.93494e-24
0,2.20327e+09,1.71139e+07,2.76406e+08,-1.6911e+09,2.05667e+09,1.40804e+08,4.75838e+08,0.00102496,0.000128583,3.3311e-24
0,2.13891e+09,-3.16266e+07,3.18365e+08,-6.61936e+09,-1.05504e+09,-4.10342e+08,-8.71122e+08,0.00100191,0.000149129,-1.99073e-23
0,2.10879e+09,3.45014e+07,2.94564e+08,7.26225e+09,-1.82629e+09,-4.3304e+08,-1.03067e+09,0.00107945,0.000150781,8.96041e-23
0,2.1386e+09,1.47579e+07,2.94352e+08,3.81734e+09,3.15333e+07,5.61347e+08,4.52698e+08,0.000940328,0.000129425,-1.44845e-24
0,2.08996e+09,-1.0408e+07,3.11853e+08,-1.26429e+09,-1.7131e+09,2.4619e+08,-1.10329e+09,0.00106954,0.000159591,-2.3277e-24
0,2.16405e+09,-3.54055e+07,3.17483e+08,-8.20739e+09,-1.14118e+09,-3.50513e+08,-8.50307e+08,0.00100406,0.000147303,-3.70634e-23
0,1.90498e+09,2.84605e+06,3.30419e+08,-3.87408e+08,4.08587e+08,1.5413e+08,-9.47848e+08,0.000964168,0.000167235,1.57168e-26
0,2.15705e+09,-2.42637e+07,3.18975e+08,-5.91185e+09,-1.64279e+09,-1.16492e+08,-8.76826e+08,0.00104417,0.000154408,-2.70208e-23
0,2.16139e+09,-1.24276e+06,3.44163e+08,-7.21085e+09,-1.03006e+08,-7.76041e+08,-6.16877e+07,0.000911064,0.000145071,-3.72851e-25
0,2.18439e+09,-2.6324e+07,3.39163e+08,-6.20277e+09,4.23116e+08,-3.99828e+08,-3.12251e+08,0.000875525,0.00013594,-3.95478e-24
0,2.12105e+09,457737,3.37326e+08,-8.63912e+08,-2.63839e+08,-4.55921e+08,-2.85634e+08,0.000954361,0.000151779,3.54371e-26
0,2.23318e+09,-9.21304e+06,3.30088e+08,-4.36032e+09,-1.10885e+09,-3.83945e+08,-5.42278e+08,0.000970045,0.000143383,-2.38145e-24
0,2.10638e+09,4.54209e+06,3.13808e+08,1.94158e+09,-9.51209e+08,-4.4625e+08,-7.63145e+08,0.00101857,0.000151747,1.10436e-24
0,1.84253e+09,-8.50587e+06,2.999e+08,-3.52663e+09,1.31141e+09,-4.49225e+08,-1.32972e+09,0.0010014,0.000162993,-1.57767e-23
0,2.29124e+09,-1.83078e+07,3.17149e+08,-4.46228e+09,-1.90073e+09,1.69377e+07,-5.47611e+08,0.000985417,0.0001364,-8.06485e-24
0,2.12031e+09,-3.82394e+07,3.21614e+08,-9.55239e+09,-9.83606e+08,-3.23312e+08,-7.96521e+08,0.00102345,0.000155239,-6.67893e-23
0,1.94629e+09,9.44813e+06,2.675e+08,-5.48721e+08,-1.88089e+09,8.75047e+08,2.57597e+08,0.0010232,0.000140629,1.08206e-24
0,2.15679e+09,-4.30289e+07,3.27823e+08,-8.59604e+09,1.95352e+08,-2.73101e+08,-5.48859e+08,0.000915034,0.000139081,-1.97436e-23
0,2.16466e+09,1.07128e+06,3.44356e+08,-6.83259e+09,-7.85479e+07,-7.51748e+08,-1.69556e+06,0.000893698,0.00014217,4.63583e-25
0,2.13808e+09,-6.33282e+06,3.15471e+08,-1.19101e+09,-1.47071e+09,-3.72979e+08,-7.24389e+08,0.00101322,0.000149499,-1.66495e-24
0,2.12502e+09,-7.49791e+07,2.91684e+08,-6.66667e+09,-4.51449e+08,8.26826e+08,-8.78506e+08,0.00100606,0.000138094,-2.7189e-23
0,2.0248e+09,-5.34335e+07,3.04251e+08,-6.38213e+09,-6.94816e+08,1.62944e+08,-1.19784e+09,0.00103228,0.000155113,-4.50617e-23
0,2.12292e+09,-3.75246e+06,3.42687e+08,1.16457e+09,-1.14046e+08,-4.79235e+07,-3.67757e+08,0.000969707,0.000156533,4.42927e-26
0,2.13548e+09,-2.02555e+07,2.96861e+08,-3.80493e+09,-2.52718e+09,-4.07456e+08,-1.00286e+09,0.00107801,0.000149859,-3.00268e-23
0,2.24617e+09,2.82969e+07,3.09327e+08,-1.23431e+09,8.26087e+08,3.1779e+08,3.59348e+08,0.000928867,0.000127917,1.14245e-25
0,2.0634e+09,-2.91041e+06,3.32487e+08,1.72846e+09,-1.68317e+08,1.02522e+08,-8.08189e+08,0.000996117,0.00016051,3.38366e-25
0,2.21522e+09,-1.35634e+07,3.284e+08,-2.50187e+09,-8.57932e+08,-2.21985e+08,-5.06761e+08,0.000944318,0.000139993,-5.74123e-25
0,2.162e+09,-3.90904e+07,2.96902e+08,-7.82128e+09,-2.30364e+09,-1.46822e+08,-9.2274e+08,0.00105407,0.000144753,-7.5712e-23
0,1.8053e+09,9.63487e+06,2.84214e+08,-4.34837e+07,1.6614e+09,-5.42656e+08,-1.35257e+09,0.000990299,0.000155906,-3.33275e-26
0,2.17975e+09,-3.29831e+07,3.15069e+08,-6.36579e+09,-1.29805e+09,-1.10499e+07,-7.19286e+08,0.000978553,0.000141444,-1.69648e-23
0,2.26492e+09,-6.82441e+06,3.33095e+08,-4.44522e+09,-1.20846e+09,-2.39754e+08,-3.85552e+08,0.000942965,0.000138679,-1.9831e-24
0,2.15138e+09,-5.06115e+07,3.0048e+08,-1.19379e+10,-1.94516e+09,-1.33799e+08,-8.38828e+08,0.00103628,0.000144736,-1.66076e-22
0,2.06652e+09,-7.28456e+07,3.16472e+08,-1.02553e+10,9.34198e+08,4.24136e+07,-7.81623e+08,0.000933252,0.00014292,-6.23601e-23
0,2.09495e+09,-8.46185e+07,3.07728e+08,-1.07699e+10,1.03341e+09,4.74787e+08,-7.40459e+08,0.000939325,0.000137978,-5.51845e-23
0,2.14909e+09,-4.95297e+06,3.41276e+08,-1.6086e+09,-1.57951e+08,-2.37756e+08,-4.53889e+08,0.000970024,0.00015404,-9.95389e-26
0,2.15419e+09,-3.49482e+07,3.32905e+08,-1.02612e+10,-1.27577e+08,-4.66606e+08,-5.76667e+08,0.000962577,0.000148755,-4.25363e-23
0,1.77949e+09,5.16595e+07,2.81496e+08,5.57073e+09,1.40366e+09,-7.66145e+08,-1.24223e+09,0.00101436,0.000160461,3.09843e-23
0,2.17311e+09,-2.11775e+07,3.30733e+08,-3.55175e+09,-6.23199e+08,-2.78309e+08,-7.62164e+08,0.000986799,0.000150184,-2.32881e-24
0,2.07371e+09,-5.00326e+07,3.3072e+08,-1.01537e+10,7.09739e+08,-5.47023e+08,-6.34679e+08,0.000923713,0.000147315,-5.55311e-23
0,2.03543e+09,-4.4508e+07,3.33633e+08,-6.10156e+09,1.64212e+09,-4.94194e+08,-3.13059e+08,0.00086019,0.000140996,-7.14325e-24
0,2.16046e+09,-3.11088e+07,3.32486e+08,-6.86505e+09,-2.39568e+08,-4.53277e+08,-6.71272e+08,0.00095696,0.000147272,-1.3364e-23
0,2.07209e+09,-4.45677e+07,3.3458e+08,-8.4389e+09,1.11541e+09,-5.93176e+08,-4.80203e+08,0.000893104,0.000144209,-2.59427e-23
0,2.17686e+09,-7.95198e+06,3.4307e+08,-5.25502e+09,-1.07791e+08,-5.69995e+08,-2.79982e+08,0.000948291,0.000149449,-2.05916e-24
0,2.04716e+09,-6.8337e+07,3.20553e+08,-8.00458e+09,1.6396e+09,1.71737e+07,-4.56734e+08,0.000880095,0.000137809,-1.09927e-23
0,1.98689e+09,3.42657e+07,2.80862e+08,5.20624e+09,-6.01557e+08,-2.89112e+08,-1.14602e+09,0.00102939,0.000145511,2.5712e-23
0,2.18499e+09,-1.74106e+07,3.4036e+08,-8.96074e+09,-1.35635e+08,-6.65096e+08,-3.49758e+08,0.00093457,0.00014558,-1.27187e-23
0,2.07913e+09,-5.65079e+07,3.25433e+08,-4.75896e+09,1.84978e+09,1.06512e+08,-2.62626e+08,0.000855493,0.000133905,1.44082e-24
0,2.16965e+09,-1.33486e+07,3.42708e+08,-6.58618e+09,1.99781e+07,-6.86561e+08,-2.7672e+08,0.000907021,0.000143269,-4.00095e-24
0,1.95787e+09,-7.33863e+06,2.64756e+08,-3.32575e+08,-2.1386e+09,1.46403e+08,-1.23359e+09,0.00114656,0.000155045,-2.44838e-25
0,1.96728e+09,-8.63969e+07,2.71413e+08,-1.11802e+10,-7.19091e+08,6.73956e+08,-9.71609e+08,0.00111031,0.000153182,-3.46982e-22
0,1.96327e+09,-8.91552e+07,2.83381e+08,-1.22937e+10,-2.89054e+08,3.58257e+08,-9.66865e+08,0.00105324,0.000152025,-3.24945e-22
0,1.96653e+09,-1.01454e+08,2.87291e+08,-1.40588e+10,6.40548e+08,4.3317e+08,-9.06275e+08,0.00102623,0.000149923,-3.64505e-22
0,2.04575e+09,-8.57622e+07,3.04293e+08,-1.24733e+10,6.82792e+08,2.30569e+08,-7.65027e+08,0.000949951,0.000141299,-1.21952e-22
0,2.32476e+09,3.78194e+06,3.40663e+08,1.08473e+09,-1.05054e+08,-5.96171e+07,-2.68629e+07,0.000866576,0.000126985,1.63696e-27
0,2.33353e+09,-1.22595e+06,3.42315e+08,1.50615e+08,8.431e+07,-1.77737e+07,-1.62554e+07,0.000869145,0.000127498,-3.84402e-30
0,2.33362e+09,-238193,3.37118e+08,6.47986e+07,-6.70257e+08,2.7397e+06,-1.43837e+08,0.000891807,0.000128832,1.79502e-27
0,2.33051e+09,-1.8264e+06,3.22925e+08,2.21903e+08,-1.56229e+09,3.60982e+06,-3.10379e+08,0.000955267,0.000132366,1.04223e-25
0,2.3311e+09,-5.49826e+06,3.27266e+08,-1.54917e+09,-1.50635e+09,2.37622e+07,-3.38468e+08,0.000938043,0.000131693,-6.43268e-25
0,2.33349e+09,-964925,3.31128e+08,-2.68387e+08,-1.18507e+09,4.15368e+06,-2.50256e+08,0.000920581,0.000130633,-4.38657e-26
0,2.33003e+09,-4.23639e+06,3.08749e+08,-1.36776e+09,-4.48771e+08,3.96078e+07,-1.58857e+08,0.00101193,0.000134089,-5.27093e-26
0,2.32509e+09,-785408,3.3556e+08,-1.44706e+09,-3.98708e+08,3.72147e+07,-1.54014e+07,0.000880703,0.000127104,-1.00268e-26
0,2.33412e+09,-213263,3.41548e+08,4.80186e+07,1.92115e+08,-1.23087e+06,3.07864e+07,0.000872942,0.000127736,-2.37924e-29
0,2.33407e+09,216451,3.37378e+08,6.58634e+07,-2.91889e+08,-3.32523e+06,-7.12581e+07,0.000878474,0.000126979,1.23833e-28
0,2.33412e+09,-220196,3.42854e+08,-7.43824e+07,-2.05e+08,406500,-4.55347e+07,0.000865223,0.000127091,-4.77605e-29
0,2.33414e+09,83522.2,3.39599e+08,2.2538e+07,-4.62507e+08,-314109,-9.73256e+07,0.000875497,0.000127378,1.69604e-28
0,2.33378e+09,-1.05396e+06,3.33947e+08,-3.26871e+08,-6.68476e+08,1.05705e+07,-1.22697e+08,0.000903704,0.000129313,-8.41254e-27
