0,2.12749e+09,2.402e+07,2.59965e+08,2.51263e+10,-6.99483e+07,-2.32215e+08,-2.49587e+08,0.00129822,0.000158634,1.34966e-21
0,1.83763e+09,4.28555e+07,2.41224e+08,-2.36817e+10,-1.67342e+09,-3.48537e+08,-5.9049e+08,0.00127464,0.000167321,-4.60533e-21
0,1.59811e+09,1.1913e+07,2.39605e+08,-2.38999e+10,-8.32907e+08,-3.17762e+08,-6.16086e+08,0.00116401,0.00017452,-6.55572e-21
0,1.42274e+09,1.45346e+07,2.71336e+08,2.26121e+09,-1.33739e+09,-4.167e+07,-4.39546e+08,0.000847423,0.000161615,6.39668e-24
0,1.48023e+09,9.30109e+06,2.65872e+08,-1.26839e+10,5.4008e+08,4.04123e+08,-1.46115e+08,0.00106116,0.0001906,-1.48618e-22
0,2.11428e+09,5.30616e+07,2.96202e+08,1.07568e+10,-1.63475e+09,-3.35893e+08,-6.79162e+08,0.000988443,0.000138477,1.03818e-22
0,2.20165e+09,2.90947e+06,3.17217e+08,-6.74401e+08,-1.90008e+09,-5.83574e+07,-4.32105e+08,0.000966558,0.000139263,-9.20718e-25
0,1.65064e+09,-4.07546e+07,2.72943e+08,-7.53323e+09,-1.31253e+09,4.24602e+07,-6.73147e+08,0.000941936,0.000155754,-8.57941e-23
0,1.63563e+09,-2.30926e+07,2.7665e+08,-4.74406e+09,-1.51414e+09,608500,-5.77945e+08,0.000910362,0.000153979,-2.4065e-23
0,1.77793e+09,1.08751e+07,2.76866e+08,1.79116e+09,-1.65772e+09,-1.31092e+08,-4.76893e+08,0.000953932,0.00014855,4.39162e-24
0,2.06196e+09,7.94542e+06,2.9189e+08,3.52132e+08,-1.83489e+09,-1.41222e+08,-4.76521e+08,0.000994142,0.00014073,1.98234e-25
0,2.1274e+09,-4.11385e+07,3.0896e+08,-1.60101e+10,-1.45369e+09,-2.57529e+08,-5.52243e+08,0.00102616,0.000149028,-2.21792e-22
0,2.30231e+09,-1.14511e+07,3.25802e+08,5.9581e+09,1.15547e+09,8.78639e+07,1.92967e+08,0.000949377,0.000134347,-2.5349e-24
0,2.28514e+09,-4.77394e+06,3.02126e+08,-2.53541e+09,-3.12373e+09,-1.03881e+08,-7.17851e+08,0.00106282,0.000140519,-1.96852e-23
0,2.26806e+09,-2.88137e+07,3.22339e+08,-8.42412e+09,-1.25676e+09,-3.55395e+07,-4.5625e+08,0.000950587,0.000135099,-1.62642e-23
0,2.28738e+09,6.33393e+06,3.44156e+08,2.26014e+08,2.19114e+08,9.745e+07,-6.69166e+07,0.000853015,0.000128343,8.05402e-29
0,2.30591e+09,2.10125e+07,3.05578e+08,1.53737e+09,-7.07433e+08,1.53864e+08,-2.2206e+08,0.00104185,0.000138066,1.29047e-25
0,2.28017e+09,3.0945e+07,3.06071e+08,7.68555e+09,-6.30368e+08,4.71621e+07,-3.51061e+08,0.00102476,0.000137556,1.17959e-23
0,2.22914e+09,4.07096e+07,2.87578e+08,1.39967e+10,-8.12983e+08,-3.19697e+08,-4.98729e+08,0.00106582,0.000137499,1.53635e-22
0,2.03071e+09,-7.87946e+07,3.04822e+08,-1.22869e+10,4.45667e+08,1.3469e+08,-6.28558e+08,0.000926938,0.000139139,-9.02253e-23
0,2.28444e+09,-2.20546e+07,3.04147e+08,-6.88098e+09,-1.71938e+09,1.48656e+08,-4.66192e+08,0.00101178,0.000134707,-1.91196e-23
0,2.3046e+09,2.238e+07,3.06071e+08,1.22344e+09,-1.23553e+09,1.0235e+08,-3.51061e+08,0.00103574,0.000137556,5.46072e-25
0,2.1417e+09,-5.06684e+07,3.09807e+08,-1.20125e+10,-4.83481e+08,-4.73642e+07,-5.67082e+08,0.000954147,0.000138022,-6.86791e-23
0,2.29426e+09,2.21818e+07,2.87578e+08,4.64471e+09,-1.73861e+09,-1.15498e+08,-4.98729e+08,0.00109695,0.000137499,1.28411e-23
0,2.27792e+09,8.89181e+06,3.25284e+08,-1.24108e+09,1.30543e+09,2.28471e+08,1.70799e+08,0.00095943,0.000137005,3.10924e-25
0,2.06345e+09,1.7709e+07,3.26167e+08,6.38981e+09,-6.39218e+08,5.68498e+08,-3.73263e+08,0.000903455,0.000142808,3.16621e-24
0,2.27551e+09,1.27328e+07,3.08119e+08,-8.61956e+09,-1.21795e+09,1.88701e+08,-2.33056e+08,0.00102412,0.000138672,-1.74733e-23
0,2.15277e+09,-6.91438e+07,3.01588e+08,-1.33871e+10,-8.35521e+08,2.91088e+08,-6.75654e+08,0.000972418,0.000136229,-1.33338e-22
0,2.28208e+09,565994,2.87578e+08,-7.81651e+09,-2.09226e+09,1.22734e+08,-4.98729e+08,0.00109113,0.000137499,-4.71609e-23
0,2.26551e+09,4.45764e+06,3.10686e+08,-9.42694e+09,-1.59123e+09,1.29092e+08,-3.70974e+08,0.00101488,0.000139177,-3.34499e-23
0,2.1976e+09,2.47923e+07,3.25702e+08,-5.15154e+09,7.932e+08,3.81619e+08,1.70451e+08,0.0009446,0.000139997,2.90685e-24
0,2.18632e+09,9.1445e+06,3.08895e+08,-1.21614e+10,-1.04443e+09,-8.64689e+07,-3.93407e+08,0.000988519,0.000139663,-5.36664e-23
0,1.8322e+09,4.47783e+07,2.91505e+08,1.34884e+10,3.11925e+09,3.83769e+08,4.14739e+07,0.000994852,0.000158282,-5.31228e-23
0,1.71994e+09,9.91646e+07,2.79089e+08,1.38254e+10,4.45702e+09,2.29608e+08,-2.13552e+08,0.00103365,0.000167728,-3.6292e-22
0,1.82831e+09,9.51177e+07,2.78524e+08,1.58597e+10,2.55949e+09,3.85277e+08,-1.90489e+08,0.00112513,0.000171403,3.70718e-22
0,2.0567e+09,5.2065e+07,2.78671e+08,7.11209e+09,4.68927e+07,-7.92298e+08,-4.48041e+08,0.00111585,0.000151191,2.83118e-23
0,2.29616e+09,1.68553e+07,3.29699e+08,3.68515e+09,-1.05729e+09,-1.71916e+08,-3.06957e+08,0.000928643,0.000133341,1.44464e-24
0,2.26679e+09,-1.9954e+07,3.16864e+08,-7.94144e+08,-7.41331e+08,2.82959e+08,-3.52245e+08,0.00093059,0.000130083,-2.84823e-26
0,2.23066e+09,-2.1902e+07,3.10234e+08,7.66038e+09,-1.47304e+09,-5.19891e+08,-1.22392e+08,0.000940075,0.000130743,1.17326e-23
0,2.02564e+09,3.91662e+07,3.32951e+08,8.47907e+08,-1.35335e+09,3.2103e+08,8.68559e+07,0.000881351,0.000144866,2.54769e-25
0,2.26174e+09,-4.30069e+07,3.11185e+08,7.79463e+09,7.16306e+08,-3.79676e+08,2.30986e+08,0.000945495,0.000130087,-8.23041e-24
0,1.97661e+09,2.92408e+07,2.94768e+08,1.60962e+10,7.7781e+08,5.96799e+07,-1.72098e+08,0.000985832,0.000147015,9.1813e-23
0,2.12698e+09,1.14669e+07,3.42602e+08,2.93485e+09,-2.95662e+08,1.12636e+08,-1.11636e+08,0.000892458,0.000143752,1.10886e-25
0,2.00139e+09,1.40732e+06,2.93413e+08,1.55251e+10,-4.46367e+08,1.25915e+08,-6.66559e+07,0.00102426,0.000150161,2.96993e-23
0,2.08406e+09,6.82235e+07,3.1662e+08,1.21109e+10,5.58984e+08,6.48549e+07,-7.11525e+08,0.000943971,0.000143412,9.75682e-23
0,2.14127e+09,5.19206e+07,3.21427e+08,7.16621e+09,5.12954e+08,1.37074e+07,-4.79296e+08,0.000915234,0.000137386,1.01266e-23
0,2.25053e+09,5.39704e+06,3.42264e+08,7.01121e+09,-1.62943e+08,4.52283e+08,-1.33921e+08,0.000919035,0.000139769,1.5162e-24
0,2.15132e+09,3.74828e+07,3.27616e+08,9.21636e+09,-1.44781e+08,3.69736e+08,-6.00609e+08,0.000948424,0.000144432,3.00811e-23
0,1.99217e+09,-1.93058e+07,2.88867e+08,1.4179e+10,-1.01568e+09,2.53566e+08,5.3177e+07,0.00106562,0.000154516,-4.97946e-23
0,2.18211e+09,6.30524e+06,3.44271e+08,6.67575e+09,2.35599e+07,7.05672e+08,-1.13289e+08,0.000904502,0.000142703,1.72309e-24
0,2.09544e+09,7.2044e+07,3.13787e+08,7.04808e+09,1.2015e+09,-3.25059e+08,-6.08905e+08,0.000919617,0.00013771,9.88966e-24
0,2.17312e+09,4.71559e+07,3.23039e+08,9.7129e+09,-4.19821e+08,1.50038e+08,-7.73939e+08,0.00096642,0.00014366,4.81098e-23
0,2.11586e+09,7.04773e+07,3.05692e+08,9.86584e+09,-7.81345e+07,-2.5408e+08,-7.09651e+08,0.000946723,0.000136779,4.89399e-23
0,1.97846e+09,-1.55544e+06,2.90591e+08,1.7114e+10,-5.51597e+08,-2.44118e+08,-5.71931e+07,0.000981762,0.000144199,4.90984e-23
0,2.16965e+09,4.13546e+07,3.25238e+08,9.40518e+09,-5.90873e+08,3.06653e+08,-7.65713e+08,0.000968957,0.00014525,4.20606e-23
0,2.15244e+09,6.13505e+07,3.17579e+08,6.81557e+09,7.4692e+08,-3.75487e+08,-5.20669e+08,0.000917708,0.000135402,7.20443e-24
0,1.86307e+09,2.71641e+07,2.99661e+08,1.53254e+10,4.3268e+08,2.45013e+08,-4.26674e+08,0.000976265,0.000157025,2.54708e-22
0,2.25361e+09,2.8034e+07,3.16153e+08,1.1514e+10,-7.07166e+08,2.28781e+06,-3.97462e+08,0.00103327,0.000144955,5.02775e-23
0,2.24091e+09,2.27189e+07,3.2634e+08,7.34487e+09,-1.09094e+09,1.10941e+08,-6.04038e+08,0.000963177,0.000140266,1.48646e-23
0,2.24028e+09,3.47147e+06,3.44669e+08,2.73353e+09,-5.86764e+07,3.27071e+08,-1.15958e+08,0.000918385,0.000141294,7.97095e-26
0,2.12477e+09,4.23524e+07,3.16239e+08,8.7126e+09,-8.33146e+08,3.85441e+08,-7.34839e+08,0.000981293,0.00014605,3.57715e-23
0,1.96328e+09,4.51053e+07,3.12287e+08,1.36219e+10,1.66523e+09,4.36983e+08,-5.54492e+08,0.000969251,0.000154173,2.06541e-22
0,2.08605e+09,7.89347e+07,3.03147e+08,7.55356e+09,9.56122e+08,-5.68355e+08,-6.68534e+08,0.000950978,0.000138197,1.59444e-23
0,2.16634e+09,4.94462e+07,3.15924e+08,1.08366e+10,-9.98214e+08,1.76437e+08,-8.75263e+08,0.000983394,0.000143411,8.42994e-23
0,2.17585e+09,3.05101e+07,3.33537e+08,9.06476e+09,-2.98505e+08,4.96189e+08,-5.95072e+08,0.000941321,0.000144296,2.41782e-23
0,2.3277e+09,3.67495e+06,3.23283e+08,1.01973e+09,-1.52973e+09,-1.17292e+07,-2.59596e+08,0.000931896,0.000129427,3.82544e-25
0,2.03668e+09,-3.35775e+07,2.8629e+08,1.71989e+10,-1.90373e+09,-2.8253e+08,6.05023e+07,0.00105676,0.000148546,5.63697e-23
0,2.04568e+09,7.77783e+07,3.0905e+08,9.8444e+09,8.95656e+08,-1.2238e+08,-8.47964e+08,0.000963401,0.000145545,7.2043e-23
0,2.2145e+09,1.32976e+07,3.34736e+08,3.51786e+09,-6.4139e+08,3.71976e+08,-4.69346e+08,0.000934605,0.000141271,7.11391e-25
0,2.1196e+09,6.02203e+07,3.10187e+08,9.65783e+09,-4.28902e+08,-2.43368e+07,-7.39338e+08,0.000963032,0.000140932,5.1921e-23
0,2.16668e+09,3.43246e+07,3.13749e+08,8.5001e+09,-1.84359e+08,-2.23782e+08,-4.18837e+08,0.000935558,0.000135475,1.59094e-23
0,2.2316e+09,3.175e+06,3.44059e+08,7.49348e+08,-1.21095e+08,1.59474e+08,-2.00931e+08,0.000926725,0.000142878,1.61993e-27
0,1.75327e+09,2.62217e+07,2.61512e+08,-8.8824e+09,-1.20909e+09,-2.83727e+07,-1.20295e+09,0.00115774,0.000172685,-4.51077e-22
0,2.15005e+09,3.41095e+07,3.07596e+08,3.31185e+09,-1.36436e+09,-4.63073e+07,-9.2591e+08,0.00101991,0.000145913,6.33732e-24
0,2.20489e+09,6.22784e+06,3.36403e+08,2.22142e+09,-6.47338e+08,3.94214e+08,-4.4329e+08,0.000942954,0.000143868,1.29816e-25
0,2.11744e+09,3.36372e+07,3.27164e+08,4.07641e+09,-3.54262e+08,2.78598e+08,-8.61218e+08,0.00100201,0.000154819,4.87736e-24
0,2.12136e+09,2.63277e+07,3.29329e+08,5.26288e+09,-6.30116e+08,4.30645e+08,-8.27363e+08,0.00101647,0.000157801,9.92433e-24
0,2.31957e+09,5.42087e+06,3.27551e+08,2.94604e+09,-4.85243e+08,-2.69188e+07,-1.41502e+08,0.000930007,0.000131328,2.02865e-25
0,2.06467e+09,4.26028e+07,3.2153e+08,4.29505e+09,1.04046e+08,2.69711e+08,-8.75647e+08,0.000990869,0.000154308,6.86949e-24
0,1.95294e+09,7.57572e+06,2.98524e+08,1.38637e+10,7.30842e+08,5.3757e+08,-3.57603e+08,0.00112629,0.000172163,3.0348e-22
0,2.12281e+09,1.9233e+07,3.11632e+08,4.37639e+09,-1.45543e+09,4.47317e+08,-9.37461e+08,0.00104101,0.000152821,1.03388e-23
0,2.1813e+09,6.80005e+06,3.43485e+08,4.57697e+09,-1.78628e+08,5.51358e+08,-2.37074e+08,0.000949176,0.000149465,8.75991e-25
0,2.10136e+09,2.84723e+07,3.04423e+08,3.82769e+09,-1.63269e+09,3.35598e+08,-9.50254e+08,0.00103546,0.000150007,1.08752e-23
0,2.11542e+09,2.45669e+07,3.16599e+08,9.15012e+09,3.19188e+08,3.76476e+08,-5.03966e+08,0.00107937,0.000161542,5.7605e-23
0,2.15336e+09,4.29465e+07,3.28439e+08,9.99872e+09,-2.09275e+08,3.85788e+08,-7.54262e+08,0.000960533,0.000146505,5.09662e-23
0,1.99539e+09,6.60264e+07,3.20142e+08,9.98802e+09,1.09711e+09,4.08202e+08,-6.98892e+08,0.000915331,0.000146856,6.76962e-23
0,2.12897e+09,1.67283e+07,3.34976e+08,1.39737e+09,-4.11551e+08,2.16481e+08,-6.18898e+08,0.00102173,0.000160761,1.47174e-25
0,2.11551e+09,3.35095e+07,3.17572e+08,4.54778e+09,-8.99378e+08,2.90331e+08,-1.05749e+09,0.00102194,0.000153409,1.0077e-23
0,2.01081e+09,4.80764e+07,3.15104e+08,-7.62538e+09,-9.1083e+08,1.20064e+08,-4.5812e+08,0.00100746,0.000157874,-3.03487e-23
0,2.14133e+09,-1.37629e+06,3.14328e+08,6.82821e+08,-1.52215e+09,3.88317e+08,-9.0452e+08,0.00105837,0.000155359,1.99561e-24
0,2.06606e+09,5.8753e+07,2.95907e+08,6.05671e+09,-9.14367e+08,-4.42675e+08,-1.03538e+09,0.00105349,0.000150884,3.83941e-23
0,2.10713e+09,-2.74051e+07,2.85341e+08,1.59855e+10,-6.8084e+08,-5.32933e+08,6.40034e+07,0.00101937,0.000138041,8.03923e-25
0,2.14475e+09,4.10219e+06,3.31823e+08,-9.84378e+07,-2.80703e+08,2.83553e+08,-6.42626e+08,0.000952974,0.000147438,1.29925e-26
0,2.0433e+09,5.30153e+07,3.16245e+08,4.92839e+09,4.90124e+08,-3.74835e+07,-9.16412e+08,0.000980873,0.000151811,1.08773e-23
0,2.04804e+09,-9.48283e+06,3.01127e+08,5.43303e+09,-2.91051e+09,1.30559e+08,-8.34724e+08,0.00105597,0.000155261,7.20521e-23
0,2.20931e+09,-1.59353e+07,3.34802e+08,-7.89146e+09,-6.0819e+08,-2.81719e+08,-5.16294e+08,0.000955066,0.000144733,-1.36497e-23
0,1.58385e+09,-2.53597e+06,2.73836e+08,-8.66055e+09,-4.20443e+08,4.13723e+08,-1.30048e+09,0.00105088,0.000181689,-4.43021e-22
0,2.16126e+09,-79632.2,3.44439e+08,-1.47414e+09,1.0616e+07,-1.88229e+08,-1.65296e+08,0.000915302,0.000145872,-2.78603e-26
0,2.02913e+09,-5.02338e+06,3.07639e+08,-4.13757e+09,-8.6037e+08,-1.30536e+08,-1.10562e+09,0.00102271,0.000155054,-1.08081e-23
0,1.99904e+09,5.70835e+07,3.05354e+08,-7.14118e+09,-7.74798e+08,5.3511e+07,-6.56282e+08,0.0010396,0.0001588,-3.92592e-23
0,2.12482e+09,-2.07226e+07,2.90195e+08,-5.74825e+09,-1.07327e+09,-1.78138e+08,2.39221e+08,0.000938702,0.000128202,3.73639e-24
0,2.07245e+09,-8.31069e+06,3.34519e+08,-7.94526e+09,2.09621e+08,-2.77201e+08,-5.68489e+08,0.000926892,0.000149612,-2.11028e-23
0,2.12111e+09,-2.13846e+07,3.25367e+08,-5.71025e+09,-9.49652e+08,-3.36314e+08,-9.4485e+08,0.00102587,0.000157363,-1.71476e-23
0,1.52796e+09,-3.10946e+07,2.70609e+08,-2.83142e+09,1.47191e+09,3.26737e+08,-1.48209e+09,0.00100034,0.000177165,-1.12335e-23
0,1.95701e+09,5.24682e+07,3.1699e+08,4.89002e+09,7.14643e+08,7.62147e+07,-9.89073e+08,0.00100019,0.000162008,1.6556e-23
0,2.19613e+09,-8.72637e+06,3.11053e+08,-4.78304e+09,-2.01476e+09,-4.05605e+08,-6.09948e+08,0.000988915,0.000140067,-9.53759e-24
0,2.08713e+09,-2.07834e+07,3.16335e+08,-5.13778e+09,-9.14922e+08,-3.5563e+08,-1.08087e+09,0.00100973,0.00015304,-1.42206e-23
0,1.8734e+09,4.34349e+06,2.92789e+08,-3.10387e+09,5.0455e+08,1.65694e+08,-9.45809e+08,0.000979388,0.000153066,-3.86614e-24
0,1.97354e+09,2.77473e+06,3.17582e+08,-2.16951e+09,2.60316e+07,-1.28744e+08,-1.11801e+09,0.0010017,0.000161194,-1.1191e-24
0,2.31366e+09,-8.65074e+06,3.22033e+08,1.09897e+09,9.04274e+08,-1.31357e+08,6.07234e+07,0.000898295,0.000125032,-6.59193e-26
0,2.00293e+09,-3.03012e+07,2.97072e+08,-3.46756e+09,-6.92362e+08,4.12063e+08,-1.17605e+09,0.001035,0.00015351,-8.05431e-24
0,2.2423e+09,-2.12803e+07,3.12348e+08,-4.36636e+09,-8.31145e+08,-47243.3,-4.25147e+08,0.000977277,0.000136133,-2.76243e-24
0,1.84997e+09,-4.18166e+06,2.91239e+08,-1.61226e+09,1.36888e+09,-9.22937e+07,-1.29113e+09,0.00101743,0.000160173,-1.29118e-24
0,1.71075e+09,-5.9694e+07,2.86156e+08,-1.34506e+09,2.02785e+09,5.65535e+08,-1.44706e+09,0.00102751,0.00017187,3.90641e-25
0,2.04798e+09,-3.37964e+07,3.29043e+08,-7.39009e+09,-2.27412e+08,-6.79074e+08,-8.54675e+08,0.0009904,0.000159125,-3.2014e-23
0,2.2577e+09,206165,3.27329e+08,-1.19957e+09,-1.59984e+09,-1.02634e+08,-7.88042e+08,0.0010143,0.000147056,-1.44933e-24
0,2.02871e+09,3.09886e+07,3.13574e+08,4.08199e+09,-3.53567e+08,-2.00548e+08,-1.0642e+09,0.00103358,0.000159759,9.84792e-24
0,1.90797e+09,2.11139e+07,3.05987e+08,-2.81856e+09,6.52434e+08,-2.82513e+08,-1.4128e+09,0.00102107,0.000163751,-5.47573e-24
0,1.75048e+09,1.00015e+08,3.04945e+08,5.54051e+09,3.4821e+09,-7.74396e+08,-1.02974e+09,0.000950577,0.000165597,-4.45117e-23
0,1.81751e+09,2.78146e+07,2.87355e+08,-5.78008e+09,-1.47838e+07,-3.39992e+08,-6.30024e+08,0.00117855,0.000186333,-5.42719e-23
0,1.72529e+09,3.8591e+06,2.29539e+08,-1.33694e+10,-1.61493e+09,-4.62868e+08,1.74692e+08,0.00121816,0.000162068,5.23544e-22
0,1.9164e+09,-732986,3.15024e+08,-5.71515e+09,-2.34381e+08,1.36902e+08,-5.95315e+08,0.000959966,0.000157802,-1.43025e-23
0,2.16103e+09,3.72405e+07,2.97074e+08,-3.77095e+09,2.7987e+08,1.65236e+08,2.14647e+08,0.000922022,0.000126749,7.65383e-25
0,2.04808e+09,6.20946e+06,2.88009e+08,-4.00214e+09,-1.94172e+09,-3.6748e+07,4.54573e+08,0.000957785,0.000134687,-5.58808e-25
0,2.07981e+09,1.05975e+07,3.13099e+08,-3.66021e+09,-1.26848e+09,1.96842e+08,4.65166e+08,0.0009012,0.000135668,4.29324e-25
0,2.04479e+09,1.2192e+07,3.17e+08,2.42556e+09,-7.14164e+08,-3.8064e+08,-9.8815e+08,0.00104478,0.00016197,2.41115e-24
0,1.9745e+09,-1.22979e+06,3.26215e+08,3.21658e+07,4.67929e+08,-6.89915e+07,-8.28621e+08,0.000926463,0.000153065,4.79975e-28
0,1.86409e+09,3.04113e+07,3.00324e+08,-6.2525e+09,-1.41583e+08,-1.16456e+08,-1.04262e+09,0.00105278,0.000169614,-5.6536e-23
0,1.85593e+09,-1.88086e+07,2.92618e+08,-1.85727e+08,6.41353e+08,1.9294e+08,-1.42041e+09,0.00103328,0.000162915,1.69833e-26
0,1.73885e+09,-7.54695e+07,2.78932e+08,4.93692e+09,-3.17785e+08,4.68356e+08,-9.80676e+08,0.00107141,0.000171866,3.53284e-23
0,1.27944e+09,-8.04387e+07,2.39946e+08,1.28444e+10,-3.23716e+09,1.25248e+08,-6.52798e+08,0.00110712,0.000207629,4.51805e-21
0,2.08948e+09,-7.56943e+06,3.29351e+08,6.65766e+08,4.02238e+08,-1.16134e+08,-7.39206e+08,0.000938663,0.000147955,4.20234e-27
0,1.78586e+09,1.04338e+08,2.97584e+08,1.12649e+10,2.19161e+09,-8.76593e+08,-1.04638e+09,0.00101086,0.000168443,1.80222e-22
0,2.03564e+09,-3.10557e+07,3.30986e+08,-7.27559e+09,4.97893e+08,-4.89836e+08,-7.48576e+08,0.000939409,0.000152743,-2.7416e-23
0,2.00287e+09,-1.82578e+07,3.02803e+08,-2.40967e+08,1.92332e+08,-1.28084e+08,-1.06209e+09,0.00102021,0.00015424,4.27634e-26
0,2.08202e+09,-2.94972e+07,3.3096e+08,-6.47866e+09,9.29602e+07,-5.34194e+08,-7.1992e+08,0.000944189,0.000150089,-1.50775e-23
0,1.94201e+09,-1.6591e+07,3.18281e+08,-3.58039e+09,-1.16113e+07,1.45164e+08,-1.01128e+09,0.000981937,0.000160933,-5.62446e-24
0,2.08936e+09,4.85129e+07,3.00105e+08,1.358e+10,1.12832e+09,-3.19526e+08,-4.03684e+08,0.000983604,0.00014128,7.40604e-23
0,1.89348e+09,2.61065e+07,3.16697e+08,3.22584e+08,6.03709e+08,-7.27581e+06,-1.17948e+09,0.000985027,0.000164752,-3.24107e-26
0,2.07334e+09,-1.36723e+07,3.06708e+08,-1.62565e+09,-1.35084e+09,3.84842e+08,-9.61008e+08,0.00100785,0.00014909,-1.38241e-24
0,2.02017e+09,-2.80105e+07,3.0906e+08,-3.67517e+09,3.67659e+08,2.66457e+08,-1.05563e+09,0.00100072,0.000153097,-5.39577e-24
0,1.94757e+09,6.89239e+06,3.23768e+08,-5.66827e+08,-4.3927e+08,-4.66038e+08,-8.27581e+08,0.000958655,0.000159369,-6.28358e-27
0,2.14969e+09,2.18449e+06,3.44741e+08,-1.72554e+08,1.81712e+07,-2.33539e+07,-1.12971e+08,0.000905937,0.000145283,-1.86903e-29
0,1.99496e+09,5.21458e+06,3.31934e+08,-5.78732e+09,2.41634e+08,-4.39554e+08,-7.43501e+08,0.000963089,0.000160245,-1.59409e-23
0,2.06997e+09,3.26967e+06,3.26763e+08,-9.27435e+08,-8.75362e+08,-5.27651e+08,-5.30328e+08,0.00104348,0.000164722,-2.47022e-25
0,1.97247e+09,5.45518e+06,3.2921e+08,-5.65241e+09,1.12937e+09,-3.89817e+08,-7.27924e+08,0.000919918,0.000153536,-1.54257e-23
0,1.89902e+09,1.47924e+07,2.99309e+08,6.16563e+09,8.25128e+08,-1.36416e+08,-9.51396e+08,0.000952321,0.000150097,2.66591e-23
0,1.92449e+09,3.94631e+06,3.13289e+08,-7.67714e+08,3.8529e+08,-3.33818e+08,-1.28221e+09,0.0010003,0.000162839,1.44816e-25
0,1.78279e+09,-8.7344e+07,2.85063e+08,4.98676e+09,-3.37229e+08,4.5874e+08,-5.63516e+08,0.00110315,0.00017639,1.9979e-23
0,1.99428e+09,2.41292e+07,3.29695e+08,-4.17117e+09,1.17788e+09,-3.91632e+08,-6.16911e+08,0.000919896,0.000152077,-5.67864e-24
0,1.87215e+09,1.45434e+07,2.9553e+08,-1.37338e+10,-1.74953e+09,-4.34534e+08,-1.97903e+07,0.000957703,0.000151179,3.50301e-23
0,1.88386e+09,1.44683e+07,3.10585e+08,-4.47069e+09,-1.66332e+09,-1.38352e+08,-8.6926e+08,0.00101357,0.000167103,-2.48273e-23
0,2.01105e+09,3.52448e+06,3.29654e+08,1.33524e+09,5.00903e+08,2.70868e+08,-7.71739e+08,0.000936258,0.000153473,2.12242e-25
0,2.02508e+09,-1.10016e+07,2.9601e+08,-3.89493e+09,-1.81373e+08,-1.59537e+08,-1.0903e+09,0.000983505,0.000143761,-6.29233e-24
0,2.06405e+09,1.01511e+07,3.29606e+08,1.98705e+09,3.60588e+08,3.54503e+08,-7.52223e+08,0.000950119,0.000151723,5.6759e-25
0,2.13909e+09,-1.51335e+07,3.315e+08,-3.41385e+09,-4.94858e+08,-4.03123e+08,-6.82347e+08,0.000965732,0.000149662,-1.46201e-24
0,1.65953e+09,4.8494e+06,2.72946e+08,3.84017e+08,-6.13697e+08,8.27882e+07,-9.24471e+08,0.00113048,0.000185932,3.79408e-25
0,2.14477e+09,-2.35369e+07,3.20439e+08,-7.97441e+09,-1.27728e+09,-5.17771e+08,-7.65494e+08,0.000999943,0.000149396,-2.712e-23
0,2.03072e+09,875190,3.29644e+08,-3.99039e+09,2.18157e+08,-1.86436e+08,-7.80033e+08,0.00096176,0.000156121,-4.74521e-24
0,2.04721e+09,2.1926e+07,2.97499e+08,4.79535e+09,-2.8894e+09,-2.87176e+08,-1.05875e+09,0.0011345,0.000164865,1.00383e-22
0,1.83912e+09,-3.21158e+06,2.83222e+08,-1.27423e+09,2.80808e+08,-1.98869e+08,-1.53639e+09,0.0010382,0.000159882,2.73519e-25
0,2.1854e+09,-3.58432e+06,3.38209e+08,-3.05529e+09,-3.00122e+08,-5.18301e+07,-4.13956e+08,0.00093308,0.000144402,-6.61724e-25
0,1.90158e+09,5.32847e+07,2.95528e+08,1.13975e+10,2.16665e+08,-5.18379e+08,-6.51961e+08,0.000920397,0.000143041,9.74724e-23
0,1.90422e+09,-527550,2.69596e+08,2.41622e+09,7.21415e+08,8.5209e+07,-1.12908e+09,0.000992474,0.000140513,2.45481e-24
0,2.03152e+09,6.65339e+07,3.20938e+08,8.55784e+09,1.38638e+09,-1.27191e+08,-7.38119e+08,0.00091844,0.000145095,3.1148e-23
0,2.04316e+09,2.55552e+07,3.25924e+08,1.09944e+09,3.72505e+08,1.21077e+08,-8.80001e+08,0.00097118,0.000154922,8.05983e-26
0,1.91813e+09,2.30814e+07,3.04617e+08,3.2308e+09,-4.05767e+07,-3.2095e+08,-1.30885e+09,0.00102137,0.000162203,6.15682e-24
0,2.151e+09,3.18992e+07,3.05751e+08,4.831e+09,-1.65993e+09,2.61263e+07,-9.81915e+08,0.00103316,0.000146856,1.91591e-23
0,1.88725e+09,4.27431e+06,3.01951e+08,1.44332e+09,-4.70325e+08,-3.05693e+08,-1.25515e+09,0.00106689,0.000170698,2.91057e-25
0,2.03962e+09,6.77817e+07,3.20074e+08,9.55667e+09,1.1034e+09,3.1502e+07,-7.97204e+08,0.000941274,0.000147713,5.88366e-23
0,2.21767e+09,3.15083e+06,3.01229e+08,-8.26869e+09,-1.20169e+09,-2.87302e+08,-4.32289e+08,0.00105846,0.000143772,-2.11959e-23
0,1.98223e+09,-2.49521e+07,2.79054e+08,2.21361e+10,-2.6287e+08,4.11315e+08,3.87225e+08,0.00115357,0.000162397,-1.16421e-21
0,2.12365e+09,-6.77495e+06,3.32234e+08,-1.76523e+08,-2.61557e+08,-1.36528e+08,-7.0032e+08,0.000968881,0.000151576,-4.19463e-27
0,1.99215e+09,4.39515e+06,3.21824e+08,-1.5392e+09,-3.99566e+08,-8.61544e+07,-1.04316e+09,0.000992537,0.00016034,-3.5944e-25
0,2.14108e+09,-1.07903e+07,3.17543e+08,1.50421e+09,1.10982e+08,1.32481e+07,-3.45519e+08,0.000893602,0.00013253,5.76779e-26
0,2.04891e+09,-2.19343e+06,3.03957e+08,1.2127e+09,1.26486e+09,4.01517e+08,-6.20785e+08,0.000910462,0.000135068,1.67416e-25
0,2.06785e+09,-4.54543e+07,3.24181e+08,-5.43737e+09,4.21873e+08,-2.64058e+08,-8.07974e+08,0.000960455,0.000150573,-1.19682e-23
0,1.88468e+09,4.10643e+07,3.27262e+08,-5.43247e+08,1.53039e+09,-1.88673e+08,-5.90446e+08,0.000898836,0.000156076,1.97497e-25
0,2.15603e+09,-1.76763e+07,3.32786e+08,-5.87281e+09,-3.52031e+08,-1.38479e+08,-5.67401e+08,0.000930438,0.000143615,-6.60105e-24
0,1.92865e+09,-7.54877e+06,2.81767e+08,6.87531e+08,1.13163e+09,-3.05e+08,-1.05805e+09,0.000980714,0.000143278,5.79535e-27
0,2.10142e+09,-1.98248e+07,3.29349e+08,-8.71431e+08,-5.31251e+07,-2.79541e+08,-7.67382e+08,0.000957026,0.000149992,7.7867e-27
0,1.8255e+09,3.13753e+06,2.93433e+08,2.0784e+09,-5.16103e+08,1.40924e+08,-8.80864e+08,0.00114007,0.000183256,2.94881e-24
0,1.98809e+09,3.25364e+07,3.20514e+08,1.64641e+09,4.81274e+08,-4.53614e+08,-8.60922e+08,0.000965087,0.000155589,2.00315e-25
0,2.00309e+09,2.74251e+07,3.22631e+08,5.37463e+09,3.76588e+08,-9.13261e+06,-9.48151e+08,0.000949152,0.000152877,1.37521e-23
0,2.00436e+09,-5.5368e+07,2.98797e+08,-1.18696e+10,-1.93187e+09,3.28398e+08,-9.45275e+08,0.00110883,0.000165297,-4.35588e-22
0,2.12791e+09,-2.46945e+07,3.1944e+08,-6.57061e+09,-1.29549e+09,-3.01367e+08,-8.40913e+08,0.00103686,0.000155652,-2.6316e-23
0,2.03813e+09,-7.05718e+07,2.88535e+08,1.07929e+10,1.16398e+08,-1.98373e+08,5.26113e+08,0.000951118,0.000134648,-5.90661e-23
0,1.95532e+09,1.34273e+07,3.1643e+08,1.84252e+09,6.75377e+08,-2.96437e+08,-1.06719e+09,0.00097771,0.000158224,5.23292e-25
0,1.91224e+09,1.75463e+07,2.9483e+08,-2.96924e+08,-1.05047e+08,1.66635e+07,-1.36443e+09,0.00104958,0.000161825,1.42605e-25
0,1.80282e+09,2.32013e+07,2.76562e+08,1.31227e+10,-9.40728e+08,3.85102e+08,-8.33872e+08,0.0011047,0.000169467,5.97062e-22
0,2.23635e+09,1.02479e+07,3.24373e+08,4.81841e+09,-1.43585e+09,-6.45052e+07,-5.34321e+08,0.000973089,0.000141142,6.77932e-24
0,2.27589e+09,1.76645e+07,3.13114e+08,-7.14987e+09,4.16911e+08,-3.33816e+07,4.85631e+07,0.000993777,0.000136722,1.06801e-24
0,2.00632e+09,-1.3899e+07,3.08344e+08,-1.14452e+09,-8.88327e+08,6.06349e+07,-1.17772e+09,0.00103015,0.00015832,-5.96309e-25
0,1.88812e+09,983579,2.68406e+08,1.03978e+10,-3.83681e+08,-1.59065e+08,5.89507e+08,0.000980687,0.00013941,-9.7142e-23
0,2.01172e+09,6.57439e+07,3.07415e+08,8.89047e+09,-2.03002e+08,-1.45569e+08,-1.0659e+09,0.00102808,0.000157102,1.03959e-22
0,2.01802e+09,2.87929e+06,3.29604e+08,-4.46723e+09,5.34192e+08,-1.78541e+08,-7.58966e+08,0.000936266,0.000152921,-6.28362e-24
0,2.19074e+09,5.29935e+06,3.15562e+08,5.02601e+09,-1.29296e+09,-1.12268e+08,-6.67595e+08,0.000975164,0.000140466,9.12469e-24
0,1.94892e+09,4.66604e+06,2.7734e+08,3.03699e+08,-1.24837e+09,3.68834e+07,-1.31441e+09,0.00107213,0.000152569,6.61933e-25
0,1.809e+09,2.34759e+07,2.72022e+08,1.12911e+10,-3.43332e+08,3.69108e+08,-9.77622e+08,0.00117164,0.000176182,6.13564e-22
0,1.92028e+09,5.99386e+06,2.97303e+08,-9.41757e+08,-4.36255e+08,3.04309e+07,-1.33586e+09,0.00106687,0.000165175,7.41016e-26
0,1.93334e+09,-3.92309e+07,3.1629e+08,-1.72283e+09,1.33794e+09,1.31381e+08,-9.28134e+08,0.000936849,0.000153267,-2.54111e-25
0,2.06778e+09,-4.23691e+07,3.22628e+08,-9.28252e+09,-2.21531e+08,-4.29875e+08,-7.58789e+08,0.000990675,0.000154571,-5.78952e-23
0,1.86928e+09,1.12223e+07,3.04254e+08,2.00044e+09,1.01655e+09,9.59707e+07,-1.42776e+09,0.00098631,0.000160537,1.86728e-24
0,2.0984e+09,2.32245e+07,3.30285e+08,6.01605e+09,-3.7579e+08,4.02954e+08,-8.05341e+08,0.00100414,0.00015805,1.54919e-23
0,2.1788e+09,979207,3.44443e+08,2.32157e+08,-3.88068e+07,5.24093e+07,-1.71063e+08,0.000927102,0.000146564,3.25314e-29
0,2.29393e+09,2.54448e+07,3.27858e+08,5.22891e+09,-7.31205e+08,-1.88822e+08,-3.37208e+08,0.000927277,0.00013253,2.79714e-24
0,1.99299e+09,3.07377e+07,2.50615e+08,-4.12345e+09,-5.41101e+08,5.31649e+07,5.34568e+08,0.00107443,0.000135108,6.56282e-24
0,2.16135e+09,-9.72368e+06,3.3214e+08,-5.21504e+09,-3.82577e+08,-6.90621e+07,-5.90952e+08,0.000932738,0.000143336,-4.93917e-24
0,2.03047e+09,2.28591e+07,3.10597e+08,3.32926e+09,-1.74271e+08,-3.09417e+08,-1.00057e+09,0.000972933,0.000148827,3.46368e-24
0,2.07591e+09,-4.39998e+07,3.21663e+08,-9.92202e+09,1.98499e+08,-1.82844e+08,-7.35302e+08,0.000963602,0.00014931,-6.2524e-23
0,2.06134e+09,2.20922e+07,3.11475e+08,4.19903e+09,-1.84626e+09,-2.87047e+08,-9.81273e+08,0.00108678,0.000164216,2.84027e-23
0,1.86347e+09,-1.65942e+07,2.73877e+08,4.28073e+09,-4.26121e+08,4.10548e+08,-1.00406e+09,0.00124396,0.000182827,3.42765e-23
0,2.14187e+09,1.7194e+07,3.27021e+08,3.79385e+09,-8.79836e+08,2.38353e+08,-8.85864e+08,0.00102324,0.000156228,4.96133e-24
0,2.05817e+09,2.36845e+07,3.12653e+08,5.20473e+09,-4.25046e+07,2.36299e+07,-8.73802e+08,0.000953382,0.000144827,1.02083e-23
0,2.28609e+09,2.36236e+07,3.31905e+08,-2.94053e+09,-1.81325e+08,2.57138e+08,9.09282e+07,0.000875022,0.00012704,4.0914e-26
0,1.92996e+09,-6.58234e+06,2.96074e+08,1.21589e+09,-2.5883e+09,-2.98943e+08,-8.00294e+08,0.00102652,0.000157478,6.4056e-24
0,2.17556e+09,-6.82101e+06,3.20548e+08,-4.79215e+09,-8.72032e+08,2.13553e+08,-6.55427e+08,0.000964836,0.000142159,-6.47074e-24
0,1.27952e+09,7.3454e+07,2.35467e+08,-6.51903e+09,-4.10241e+09,-3.47091e+08,-5.97387e+08,0.000984104,0.000181103,-1.24066e-21
0,2.28188e+09,-2.06103e+07,3.18848e+08,-5.88843e+09,-1.76776e+09,8.14792e+07,-5.37843e+08,0.000980896,0.000137061,-1.2673e-23
0,2.02887e+09,-3.23881e+07,3.28173e+08,-9.5816e+09,8.3679e+07,-2.05652e+08,-5.90946e+08,0.000938977,0.000151881,-4.4348e-23
0,1.94708e+09,4.37639e+07,3.06535e+08,2.81437e+09,4.27909e+08,-8.15455e+08,-1.06519e+09,0.00100168,0.000157698,1.86902e-24
0,1.85652e+09,-1.74644e+07,3.05031e+08,-2.9859e+09,3.2077e+08,1.69427e+08,-1.35589e+09,0.0010036,0.000164895,-5.21682e-24
0,2.1058e+09,1.32288e+06,3.13378e+08,-5.03524e+07,-2.14054e+09,-3.82923e+08,-8.80471e+08,0.00109657,0.000163188,-3.58782e-24
0,2.11027e+09,5.91875e+06,3.34078e+08,2.70385e+09,3.33941e+07,4.11085e+07,-6.6924e+08,0.00095293,0.000150859,9.3466e-25
0,1.87036e+09,1.47028e+07,2.92852e+08,1.29608e+09,1.05093e+08,1.51479e+08,-1.39657e+09,0.00104606,0.000163787,-1.1966e-25
0,2.06573e+09,1.32863e+07,3.28832e+08,1.21687e+09,-5.30345e+08,2.65608e+08,-9.03669e+08,0.00102248,0.000162763,2.01425e-25
0,1.79481e+09,-9.77991e+07,3.10851e+08,-4.51255e+09,3.37746e+09,6.59584e+08,-8.02627e+08,0.000925649,0.000160318,3.08712e-23
0,1.87704e+09,4.11288e+06,2.88842e+08,7.58142e+09,1.3921e+09,6.06564e+07,-7.29821e+08,0.000975356,0.000150089,4.86366e-23
0,2.3093e+09,1.53251e+07,3.3556e+08,-2.8212e+09,2.26119e+08,1.28436e+08,1.22381e+08,0.000880808,0.000127989,1.11905e-25
0,1.84064e+09,-6.96521e+07,2.81543e+08,6.99683e+08,-2.99917e+08,3.24186e+08,-1.13745e+09,0.00104622,0.000160029,-9.94666e-26
0,1.93448e+09,2.59359e+06,3.19274e+08,3.31041e+09,1.21775e+08,4.38539e+07,-1.24614e+09,0.0010146,0.000167454,6.20867e-24
0,2.18691e+09,-1.40046e+07,3.13184e+08,-5.46667e+09,-2.39497e+09,-2.57177e+08,-8.71164e+08,0.00109101,0.000156242,-4.06739e-23
0,1.76709e+09,3.21021e+07,3.09928e+08,-5.60832e+09,-1.31095e+08,-2.71806e+08,-7.89052e+08,0.00100856,0.00017689,-3.1994e-23
0,2.02395e+09,1.56356e+07,3.12679e+08,1.3167e+09,-5.17605e+08,7.59481e+07,-1.0318e+09,0.00100013,0.000154509,2.8239e-25
0,2.00242e+09,2.92127e+07,3.13993e+08,6.15241e+09,1.33157e+09,-5.87873e+07,-7.22123e+08,0.000894764,0.000140305,1.08135e-23
0,1.6768e+09,-5.64367e+07,2.82359e+08,-7.17838e+09,-8.4892e+08,-3.97779e+07,-7.71314e+08,0.000993813,0.000167349,-8.70945e-23
0,1.56529e+09,4.60421e+07,2.68804e+08,-4.9561e+09,-2.13977e+09,1.14188e+08,-8.79399e+08,0.00106879,0.000183541,-1.60881e-22
0,2.17487e+09,2.64838e+07,3.05321e+08,-5.55205e+09,7.28368e+07,-5.53044e+07,3.5515e+08,0.000928848,0.000130397,3.41994e-24
0,2.114e+09,1.57389e+07,3.13966e+08,1.62333e+09,-6.46636e+08,1.79568e+08,-8.74354e+08,0.00098643,0.000146502,4.28235e-25
0,1.87697e+09,1.53253e+07,3.16893e+08,5.65417e+07,6.38761e+08,-6.58437e+07,-1.31904e+09,0.00100308,0.000169352,-1.66348e-27
0,2.12555e+09,-4.05079e+07,3.11328e+08,-1.08716e+10,-1.68111e+09,-2.67069e+08,-9.28227e+08,0.0010527,0.000154188,-1.44539e-22
0,2.1914e+09,7.31916e+06,3.00496e+08,-5.0686e+09,-2.16753e+08,-2.94925e+08,1.57664e+08,0.000969841,0.000132989,1.75349e-24
0,1.83931e+09,-3.09122e+07,2.79833e+08,2.73925e+09,-2.37588e+08,4.84281e+08,-1.08062e+09,0.00106792,0.000162474,3.69864e-24
0,2.03581e+09,3.44599e+07,3.10889e+08,8.50258e+09,1.44547e+08,-2.23119e+08,-9.04742e+08,0.000964864,0.000147345,5.18985e-23
0,2.10639e+09,-2.19092e+06,3.10755e+08,-2.50584e+09,-1.54248e+09,-6.5189e+08,-8.59191e+08,0.00102482,0.000151191,-3.24837e-24
0,2.30662e+09,1.9114e+07,3.31406e+08,4.21658e+09,-6.81744e+08,-1.25195e+08,-2.63108e+08,0.000913412,0.000131235,1.08568e-24
0,1.8545e+09,-2.22904e+07,2.8842e+08,4.02384e+09,8.51406e+07,1.42501e+08,-9.88897e+08,0.00107036,0.000166467,1.56211e-23
0,1.93285e+09,-4.20097e+07,3.10297e+08,-1.15376e+10,-3.62227e+08,-1.94849e+08,-9.92308e+08,0.00100688,0.000161644,-2.28377e-22
0,2.18504e+09,-1.32759e+07,3.36141e+08,-4.56548e+09,-5.14731e+08,-4.18859e+08,-5.67008e+08,0.000956212,0.000147101,-2.54681e-24
0,2.04861e+09,6.5048e+07,2.90896e+08,7.863e+09,1.10732e+09,-5.33649e+08,-6.60689e+08,0.00107339,0.000152419,3.43673e-23
0,1.87012e+09,-1.31789e+07,3.043e+08,2.48931e+08,1.80462e+09,2.70964e+08,-1.20722e+09,0.000973922,0.000158474,-9.96802e-26
0,1.97587e+09,-5.65617e+07,3.09998e+08,-4.07975e+09,7.07957e+08,7.44116e+07,-9.66548e+08,0.00103452,0.000162307,-9.81962e-24
0,2.05047e+09,6.27929e+07,3.16609e+08,3.3306e+08,-1.98544e+09,-1.59587e+08,-7.86088e+06,0.000912453,0.00014089,1.04445e-25
0,1.92858e+09,1.64936e+07,3.15897e+08,-3.22516e+09,-1.48168e+09,-5.31233e+08,-8.65689e+08,0.00100023,0.000163836,-6.51239e-24
0,2.31529e+09,717165,3.25773e+08,8.21763e+08,-1.08853e+09,4.72573e+07,-2.50773e+08,0.000919008,0.000129309,1.23652e-25
0,2.1854e+09,-2.27266e+07,3.29316e+08,1.18529e+09,-6.67773e+08,-4.4913e+08,2.89201e+07,0.000863593,0.000130134,2.88224e-26
0,1.85338e+09,-3.49717e+07,3.01578e+08,-9.13652e+09,1.25744e+09,-1.22851e+08,-1.11917e+09,0.00096726,0.00015739,-1.38168e-22
0,1.9312e+09,3.50957e+07,3.14079e+08,1.81553e+09,3.49972e+08,-2.89051e+08,-1.20094e+09,0.00102833,0.000167241,6.35552e-25
0,2.19945e+09,-1.17471e+07,3.18586e+08,-4.03865e+09,-9.91031e+08,-2.71027e+08,1.96096e+08,0.000919023,0.000133118,1.10214e-24
0,2.0576e+09,-1.74557e+07,3.24872e+08,-2.81145e+09,-1.00645e+09,-2.62865e+08,-1.04856e+09,0.00103195,0.000162934,-3.80172e-24
0,1.72794e+09,-2.52705e+07,3.0588e+08,3.11726e+09,1.0252e+09,-1.7158e+08,-7.42192e+08,0.00097379,0.00017238,3.87702e-24
0,2.02037e+09,-2.38431e+07,2.77554e+08,-2.00089e+09,-1.32179e+09,4.81915e+07,-1.11115e+09,0.00107568,0.000147775,-4.55764e-24
0,1.94704e+09,1.7456e+07,3.01263e+08,-1.61987e+09,7.48259e+08,-3.55376e+08,-1.10236e+09,0.00100366,0.000155294,-9.30961e-25
0,1.97797e+09,1.30193e+07,3.38687e+08,5.52156e+09,4.41026e+08,2.38133e+08,-3.81277e+08,0.000915203,0.00015671,6.29784e-24
0,1.89718e+09,7.67801e+07,2.77958e+08,4.17719e+09,-1.24736e+08,-1.17554e+08,1.41483e+08,0.00100587,0.00014737,-1.60253e-24
0,2.1136e+09,-1.46679e+07,3.39819e+08,-5.27136e+09,5.79687e+07,-3.57554e+08,-4.05878e+08,0.000915751,0.000147232,-3.67787e-24
0,2.12104e+09,-5.21885e+06,3.43382e+08,-1.53424e+09,-1.24708e+07,-1.06561e+08,-2.97244e+08,0.000932963,0.00015104,-6.63092e-26
0,2.17496e+09,2.91391e+07,3.14068e+08,3.93756e+09,-1.11891e+09,4.21679e+07,-7.45382e+08,0.000976609,0.000141024,4.68493e-24
0,1.9966e+09,-3.24071e+07,3.09804e+08,-7.99645e+09,-2.78277e+08,-5.46562e+07,-8.82436e+08,0.000963339,0.000149477,-4.65159e-23
0,2.14175e+09,2.8534e+07,3.07197e+08,4.68378e+09,-1.55933e+09,2.9655e+07,-9.98037e+08,0.0010365,0.000148668,1.75548e-23
0,2.01227e+09,-5.04593e+07,2.85979e+08,-8.27502e+09,-9.4976e+07,3.55756e+08,-1.04628e+09,0.000987568,0.000140351,-6.68124e-23
0,2.02015e+09,-2.75728e+07,3.11944e+08,-4.67504e+09,2.21024e+08,5.35839e+07,-9.72128e+08,0.000968968,0.000149624,-9.62942e-24
0,2.1187e+09,1.42816e+07,3.30601e+08,7.28001e+09,-1.36169e+07,3.66843e+08,-6.92168e+08,0.00094524,0.000147494,1.85005e-23
0,1.987e+09,-4.98691e+07,2.81182e+08,-4.34921e+09,-8.30164e+08,8.23476e+07,-1.11735e+09,0.00106211,0.0001503,-1.81073e-23
0,1.90378e+09,-2.72392e+07,3.07193e+08,1.16228e+09,1.04502e+09,-1.07493e+08,-9.12716e+08,0.00108192,0.000174579,2.29633e-25
0,2.0401e+09,3.19474e+07,3.17064e+08,8.66096e+09,-7.6261e+07,-2.65254e+08,-8.82863e+08,0.000967429,0.000150354,5.47112e-23
0,2.14582e+09,1.97668e+06,3.4464e+08,4.23782e+07,1.29463e+07,-5.15696e+06,-1.35061e+08,0.000918925,0.000147589,-5.13564e-30
0,1.88296e+09,2.7356e+07,3.0403e+08,1.85677e+09,8.84469e+08,-3.39524e+08,-1.2926e+09,0.00098434,0.000158936,7.30042e-25
0,2.06406e+09,7.9118e+06,3.28747e+08,-4.16659e+09,1.87819e+08,-3.18181e+08,-7.08696e+08,0.000973975,0.000155127,-4.92724e-24
0,1.63122e+09,2.85217e+07,2.85819e+08,-5.12731e+09,-3.85053e+08,9.83906e+07,-1.36161e+09,0.00108208,0.0001896,-9.07426e-23
0,2.25403e+09,3.87816e+07,3.06315e+08,6.3759e+08,1.53178e+08,1.4742e+08,5.02736e+07,0.000997524,0.00013556,1.46433e-27
0,2.07079e+09,4.83751e+07,3.17821e+08,7.86608e+09,4.3662e+08,4.81029e+07,-8.88745e+08,0.000945688,0.000145143,3.44532e-23
0,1.83774e+09,1.85135e+07,2.6583e+08,1.72812e+09,-3.37324e+09,-7.23481e+08,2.6285e+08,0.00103231,0.000149324,1.18349e-23
0,2.08377e+09,-3.48215e+07,3.33542e+08,-9.75699e+09,-1.40601e+08,-6.95361e+08,-7.22624e+08,0.000990167,0.000158493,-6.0612e-23
0,1.98332e+09,9.44023e+06,3.15452e+08,1.63509e+09,-8.11521e+08,-9.15744e+07,-1.15347e+09,0.00104567,0.000166317,1.24362e-24
0,1.94069e+09,-4.14451e+06,2.94242e+08,2.19566e+09,9.60739e+08,-1.16748e+08,-1.16237e+09,0.00099286,0.000150535,1.47024e-24
0,1.95342e+09,1.27418e+07,2.8943e+08,-3.8076e+09,1.20826e+09,-4.67343e+08,-1.07351e+09,0.000954832,0.000141473,-9.71578e-24
0,2.14811e+09,2.51346e+07,3.22137e+08,8.38925e+09,-7.44916e+08,1.44994e+08,-6.74277e+08,0.000957772,0.000143631,2.73893e-23
0,2.10044e+09,-1.55476e+07,3.15384e+08,2.62186e+09,9.41195e+08,-1.11101e+08,-4.49838e+08,0.0010478,0.000157329,5.79147e-25
0,2.05631e+09,5.88729e+07,3.14079e+08,8.5458e+09,-1.83281e+07,1.31845e+08,-9.01438e+08,0.00100353,0.000153278,6.14979e-23
0,1.91904e+09,-4.81588e+06,2.82722e+08,-4.74514e+09,3.84628e+08,3.00838e+08,-1.07051e+09,0.00100611,0.000148225,-1.62014e-23
0,2.14425e+09,2.05264e+06,3.43938e+08,4.34286e+08,6.90636e+06,9.02077e+06,-2.34642e+08,0.000919326,0.00014746,7.89524e-28
0,2.00823e+09,3.20056e+07,3.18071e+08,4.50031e+09,-6.66452e+08,-2.05185e+08,-8.38041e+08,0.0010515,0.000166541,1.37897e-23
0,2.23038e+09,-7.60493e+06,3.25803e+08,1.36371e+09,-1.78315e+09,-8.46432e+07,-6.33083e+08,0.000986737,0.000144138,1.56177e-24
0,2.10419e+09,-5.52621e+06,3.4444e+08,-5.16895e+08,2.14654e+06,-3.08062e+07,-1.42352e+08,0.000925285,0.000151462,-1.18428e-27
0,2.03471e+09,-9.70588e+06,3.09794e+08,-2.71284e+09,-1.14055e+09,2.50072e+07,-1.11926e+09,0.00104793,0.000159553,-5.59758e-24
0,2.076e+09,-6.17561e+06,3.12343e+08,-3.78836e+09,-5.49728e+08,1.35031e+08,-8.69808e+08,0.000979674,0.000147396,-4.81079e-24
0,2.08715e+09,5.95762e+07,3.05115e+08,6.89424e+09,-3.96867e+08,-2.76607e+08,-9.70204e+08,0.00103096,0.000150714,3.85768e-23
0,2.25751e+09,-1.2796e+07,3.23192e+08,6.13865e+08,-5.80922e+08,-1.86043e+08,2.01509e+07,0.000877958,0.000125691,6.47378e-27
0,1.92164e+09,-2.28589e+06,3.2127e+08,3.22965e+08,-7.31242e+08,-1.74788e+08,-1.00966e+09,0.00104763,0.000175149,-1.3399e-25
0,2.17131e+09,-2.12925e+07,3.31748e+08,-2.19025e+09,-4.18685e+08,-1.87551e+08,-4.39336e+08,0.00094805,0.000144849,-2.53398e-25
0,1.76735e+09,-1.61216e+07,2.89387e+08,-1.01358e+09,-4.08731e+08,-3.54559e+08,-1.67282e+09,0.00105952,0.000173487,5.36825e-25
0,1.91803e+09,2.95941e+07,2.83166e+08,-7.6071e+09,-1.79223e+09,-1.91542e+08,-7.57233e+08,0.00103695,0.000153089,-7.69559e-23
0,2.18812e+09,-1.73191e+07,3.19117e+08,-6.60169e+09,1.1107e+08,6.9714e+07,-2.6117e+08,0.000897278,0.000130859,-3.43474e-24
0,2.01964e+09,3.92567e+07,2.99229e+08,8.93312e+09,-4.1794e+08,-4.01351e+08,-9.96905e+08,0.000987431,0.000146297,8.26038e-23
0,1.80999e+09,2.68482e+07,2.94958e+08,2.34244e+09,-1.16731e+08,-4.7596e+08,-1.29571e+09,0.00102405,0.00016688,2.3548e-24
0,1.95305e+09,1.0245e+07,3.12811e+08,1.77272e+10,4.34161e+08,6.73661e+08,8.43218e+07,0.000980191,0.000156992,-2.22297e-23
0,2.11806e+09,-4.93399e+07,3.30468e+08,-8.43936e+09,6.98077e+08,-3.51844e+08,-6.272e+08,0.000907863,0.000141648,-2.4991e-23
0,2.12901e+09,2.22275e+07,3.19987e+08,1.56684e+09,-8.59242e+08,4.38712e+06,-1.00423e+09,0.00101592,0.000152692,7.67979e-25
0,1.93775e+09,-2.30545e+07,3.11004e+08,-3.82204e+09,6.08746e+07,2.12383e+08,-1.1346e+09,0.00101403,0.00016275,-8.91391e-24
0,2.06626e+09,570495,3.15151e+08,-1.34082e+09,-1.20681e+09,-3.80529e+08,-9.74273e+08,0.00102616,0.000156512,-1.61032e-24
0,1.91087e+09,5.49917e+07,2.87583e+08,-4.02474e+09,-6.93294e+08,-1.76552e+08,-1.12173e+09,0.00111656,0.000168041,-1.9328e-23
0,2.10049e+09,-5.45133e+06,3.44185e+08,9.27849e+08,2.26693e+07,7.52208e+07,-1.82843e+08,0.000924982,0.000151567,9.44585e-27
0,2.01477e+09,1.98942e+07,3.02141e+08,2.49965e+08,-1.35504e+09,-2.77468e+07,-1.12938e+09,0.00105777,0.000158627,2.81639e-25
0,1.99685e+09,5.119e+07,3.04167e+08,3.36834e+09,3.62476e+08,6.46566e+07,-1.05829e+09,0.000995027,0.000151566,4.70471e-24
0,1.95067e+09,-4.95678e+07,3.20022e+08,-1.97849e+09,-6.28625e+08,-1.80671e+08,-3.70399e+08,0.000961071,0.000157671,-3.82657e-25
0,2.0052e+09,-2.16744e+07,3.13328e+08,-1.30182e+09,-1.31693e+09,1.02079e+08,-1.12268e+09,0.00104425,0.000163172,-1.88794e-24
0,2.01435e+09,-2.90616e+07,3.18041e+08,-4.97222e+09,-2.55982e+08,8.81764e+07,-9.11443e+08,0.00101907,0.000160899,-1.46815e-23
0,2.27484e+09,2.5155e+07,3.30001e+08,-4.72409e+09,1.37304e+08,1.95701e+08,2.18146e+08,0.000903162,0.000131017,9.69076e-25
0,1.88349e+09,1.39606e+07,3.04876e+08,7.15647e+09,1.45035e+09,3.48165e+08,-9.94084e+08,0.000950451,0.000153847,5.7705e-23
0,1.90085e+09,-5.14671e+07,3.13585e+08,-1.7994e+09,1.65691e+09,4.5524e+08,-9.0292e+08,0.000930714,0.000153541,3.03336e-25
0,2.11805e+09,-2.49023e+07,3.36027e+08,-4.98268e+09,2.79697e+08,-7.26721e+08,-2.22636e+08,0.00090608,0.000143749,-2.6061e-24
0,1.87938e+09,1.96285e+07,2.98429e+08,-8.78371e+08,1.54292e+08,-4.44137e+07,-1.62372e+09,0.00106395,0.000168945,6.04729e-25
0,1.86852e+09,-9.30218e+06,3.09039e+08,1.03171e+10,-7.78467e+08,3.61745e+08,-6.54607e+08,0.0009341,0.000154493,8.00147e-23
0,2.1156e+09,4.65642e+07,3.30346e+08,2.64588e+09,1.34068e+09,2.98652e+07,-4.51754e+08,0.000880497,0.000137488,1.28826e-25
0,1.95728e+09,1.55288e+07,3.02987e+08,9.23782e+09,1.1225e+09,4.38459e+08,-9.95058e+08,0.000970119,0.000150174,1.09686e-22
0,2.1111e+09,-3.90034e+06,3.438e+08,1.76446e+09,-6.18565e+06,2.03042e+08,-2.36759e+08,0.000931283,0.000151663,8.06712e-26
0,1.82458e+09,1.43686e+07,2.98144e+08,1.26283e+10,1.87307e+09,-1.64398e+08,-8.08788e+08,0.00100197,0.000163727,2.83741e-22
0,2.13985e+09,2.29035e+07,3.00415e+08,5.04406e+09,-2.19676e+09,1.44452e+08,-1.02865e+09,0.00106042,0.000148873,3.497e-23
0,1.66645e+09,-2.02064e+07,2.72164e+08,9.45577e+09,-1.46385e+09,-1.1136e+08,-1.01075e+09,0.00105534,0.000172358,4.09439e-22
0,2.11748e+09,-2.12766e+07,3.21093e+08,-5.48822e+09,-1.48205e+09,-2.07572e+08,-7.25282e+08,0.00100698,0.000152698,-1.49623e-23
0,1.86986e+09,1.21523e+07,2.863e+08,-2.33945e+09,1.69272e+08,-2.31966e+08,-1.05167e+09,0.000982822,0.000150483,-1.79675e-24
0,1.9661e+09,2.29124e+07,3.10444e+08,-6.18174e+09,-1.54587e+09,-3.43166e+08,-7.81193e+08,0.00104165,0.000164474,-3.35571e-23
0,2.12013e+09,-4.38778e+07,3.19989e+08,2.03704e+09,-5.80752e+08,6.37611e+08,4.42657e+07,0.000888202,0.000134055,-3.69668e-25
0,1.94315e+09,1.56443e+07,3.07446e+08,1.63524e+09,-2.92499e+07,2.06175e+08,-1.13645e+09,0.00102648,0.000162411,3.75217e-25
0,2.13284e+09,-1.1953e+07,3.07883e+08,3.86717e+08,-1.3841e+09,-2.11478e+08,-8.17453e+08,0.00099233,0.000143247,-4.81756e-26
0,2.09362e+09,2.29231e+07,3.12308e+08,9.5402e+09,-2.54916e+08,4.71563e+08,-8.3157e+08,0.00100944,0.00015058,7.05871e-23
0,1.9323e+09,1.20635e+06,3.26428e+08,-1.03794e+09,1.03105e+07,-1.97019e+08,-1.00902e+09,0.000991241,0.000167453,1.02112e-26
0,1.77948e+09,-2.10475e+07,2.74782e+08,1.13066e+10,-1.80509e+09,3.86632e+08,-8.95129e+08,0.0011293,0.000174383,5.11406e-22
0,1.71663e+09,-7.54401e+07,2.89777e+08,1.69794e+09,-3.7315e+08,4.63981e+08,-1.05829e+09,0.00100498,0.000169647,3.7405e-25
0,2.1268e+09,-2.91517e+06,3.4317e+08,1.77476e+09,-4.60274e+07,2.3727e+08,-3.05967e+08,0.000940265,0.000151716,9.6938e-26
0,2.0587e+09,-5.09664e+07,3.21184e+08,-5.20828e+09,8.03312e+08,-270491,-7.71596e+08,0.000965366,0.00015061,-9.88676e-24
0,1.98775e+09,2.14128e+07,3.07332e+08,1.29631e+10,-5.09108e+07,5.50487e+08,-6.59167e+08,0.00103611,0.000160197,2.16863e-22
0,1.92783e+09,-4.00346e+07,3.02051e+08,-4.0268e+09,-1.49442e+08,2.94134e+08,-1.15513e+09,0.00101972,0.00015977,-1.15972e-23
0,1.79616e+09,-7.8655e+06,2.95948e+08,-4.54647e+09,-3.25713e+08,-1.83735e+08,-1.33572e+09,0.00101224,0.000166784,-2.56458e-23
0,2.0563e+09,3.74227e+07,2.8138e+08,-6.31974e+09,-1.07448e+09,1.03936e+08,3.44416e+08,0.00094532,0.000129356,5.3961e-24
0,1.82067e+09,2.03867e+07,2.91673e+08,1.258e+09,5.07527e+08,-8.1626e+07,-1.72552e+09,0.00106724,0.000170973,-4.72955e-25
0,1.81436e+09,2.14605e+07,2.69571e+08,3.14029e+09,1.62808e+09,-8.35701e+07,-1.05692e+09,0.000971133,0.000144287,4.31631e-24
0,2.12468e+09,-4.252e+06,3.44117e+08,1.47466e+09,-4.27465e+07,2.14562e+08,-1.89294e+08,0.000944341,0.000152947,3.32653e-26
0,2.16898e+09,-1.31496e+07,3.14216e+08,6.92621e+09,-1.02843e+09,2.72873e+08,1.8238e+07,0.000949906,0.000137611,-2.19998e-24
0,2.03633e+09,-4.74783e+07,3.01619e+08,9.58344e+09,-3.46734e+09,-3.62024e+08,-5.60777e+07,0.000936119,0.000138657,9.37035e-23
0,2.05685e+09,-2.97521e+07,2.95978e+08,-4.42854e+09,-1.45899e+09,3.49825e+08,-1.1852e+09,0.00106678,0.000153509,-2.54494e-23
0,2.21638e+09,-2.76561e+07,3.20176e+08,3.74261e+09,-2.09386e+09,-2.92259e+08,-9.58499e+07,0.000910168,0.000131482,4.27062e-24
0,1.89738e+09,1.27806e+07,2.73403e+08,5.48333e+09,6.35237e+08,1.26329e+08,-1.01149e+09,0.00100662,0.000145049,2.8961e-23
0,2.00903e+09,6.04956e+07,3.2226e+08,7.28775e+09,1.05337e+09,7.47743e+07,-5.38932e+08,0.000933644,0.000149762,1.87435e-23
0,2.15667e+09,-4.93915e+07,3.22452e+08,-8.96054e+09,-9.70299e+07,1.19825e+07,-6.02904e+08,0.000951584,0.000142275,-2.89137e-23
0,2.06551e+09,-2.16357e+07,3.07777e+08,6.57919e+08,-5.03311e+08,2.13778e+08,-1.05593e+09,0.00103993,0.000154958,8.35257e-26
0,1.9516e+09,2.851e+07,3.2441e+08,2.2405e+09,4.71126e+08,-2.30425e+07,-1.01859e+09,0.00100277,0.000166687,1.43041e-24
0,2.14267e+09,1.21972e+06,3.44237e+08,5.41573e+08,-1.8034e+06,3.00129e+07,-2.03243e+08,0.000928445,0.000149162,1.67322e-27
0,2.08074e+09,2.89445e+07,3.13313e+08,4.27145e+09,-1.28462e+09,1.5367e+08,-1.02891e+09,0.00106325,0.000160101,1.48637e-23
0,1.94159e+09,-1.17256e+07,3.2904e+08,-3.84051e+09,-6.88851e+08,-3.80039e+08,-6.87282e+08,0.000976928,0.00016556,-3.89985e-24
0,2.27657e+09,-2.56153e+07,3.16779e+08,-6.91847e+09,-1.81978e+09,1.07716e+08,-5.41927e+08,0.0009829,0.000136768,-1.93742e-23
0,2.12444e+09,481479,3.26069e+08,1.45935e+09,-1.9571e+08,2.20814e+08,-7.87703e+08,0.000960525,0.000147426,1.1058e-25
0,1.94934e+09,2.34626e+07,2.86177e+08,-1.38217e+10,-2.01531e+09,4.63243e+08,-6.31313e+08,0.00109651,0.000160976,-5.56572e-22
0,2.10789e+09,-4.26135e+06,3.43531e+08,1.00706e+09,-3.18865e+07,1.82105e+08,-2.73895e+08,0.000948438,0.00015457,1.52106e-26
0,1.91982e+09,6.61933e+06,2.80645e+08,2.37809e+09,7.89358e+08,8.33445e+07,-1.03601e+09,0.000981154,0.000143428,2.04809e-24
0,1.86812e+09,-1.71788e+07,3.05915e+08,-2.7015e+09,5.31224e+08,1.61119e+08,-1.29747e+09,0.00100102,0.000163923,-3.54639e-24
0,1.80103e+09,-1.69297e+07,2.96135e+08,7.88739e+09,1.85983e+09,3.21127e+08,-8.23512e+08,0.00106303,0.00017479,1.38209e-22
0,2.0325e+09,-2.40772e+07,3.31211e+08,-6.27057e+09,6.32631e+08,-2.88755e+08,-6.86079e+08,0.000907338,0.000147857,-1.35871e-23
0,1.92095e+09,-1.4164e+07,3.07394e+08,-1.44692e+09,4.61723e+08,3.25971e+08,-1.2014e+09,0.000979997,0.000156821,-1.61176e-25
0,2.15438e+09,-2.95262e+06,3.30793e+08,2.31438e+08,-4.03902e+08,1.04655e+08,-6.94477e+08,0.000967065,0.000148488,1.25421e-26
0,1.9909e+09,3.45474e+07,2.75639e+08,-7.73273e+09,8.50206e+07,7.18262e+08,1.81837e+08,0.000973456,0.000134775,1.01761e-23
0,1.96837e+09,3.13113e+07,2.91409e+08,2.56476e+09,1.0616e+09,-6.25074e+07,-1.03887e+09,0.00112123,0.000165994,3.89708e-24
0,2.32694e+09,5.76543e+06,3.2977e+08,1.75579e+09,-7.13395e+08,-4.59635e+07,-2.16292e+08,0.000914851,0.000129651,1.20534e-25
0,2.04582e+09,9.19612e+06,3.20985e+08,2.01028e+09,-1.52518e+09,-6.49061e+08,-6.16092e+08,0.00096372,0.000151206,1.67944e-24
0,2.3017e+09,5.6376e+06,3.18423e+08,3.18349e+09,-4.83171e+08,-1.10388e+08,-2.12556e+08,0.000946859,0.00013099,4.44322e-25
0,2.03771e+09,-1.17966e+07,2.56363e+08,2.39745e+09,-5.078e+08,-4.75636e+07,4.12521e+08,0.000963391,0.000121204,-4.95793e-25
0,1.83485e+09,9.27212e+06,2.99419e+08,3.39354e+09,-2.57726e+08,1.24154e+07,-1.68275e+09,0.0010897,0.000177822,1.50032e-23
0,2.10365e+09,-3.34176e+07,3.15833e+08,-5.33935e+09,-1.16264e+09,-3.68092e+08,-9.97919e+08,0.00101494,0.000152378,-1.53595e-23
0,1.9119e+09,1.55009e+07,2.98291e+08,2.53671e+09,3.79774e+08,-2.33538e+08,-1.41616e+09,0.00100757,0.000157199,2.52204e-24
0,2.00453e+09,-6.09858e+07,3.04867e+08,-6.7937e+09,3.67537e+08,4.96146e+08,-1.05819e+09,0.00101399,0.000154217,-3.96811e-23
0,2.09984e+09,1.20297e+07,2.91631e+08,-4.28e+09,-1.00705e+09,-1.81214e+08,2.21197e+08,0.000973365,0.000135183,1.87444e-24
0,1.91449e+09,1.43721e+06,3.03108e+08,-2.7974e+09,-3.5066e+08,-5.37325e+07,-1.35667e+09,0.00104551,0.000165527,-4.66786e-24
0,2.31503e+09,1.6805e+07,3.28516e+08,3.7676e+09,-1.03206e+09,-1.30752e+08,-2.89757e+08,0.00092439,0.000131176,1.28989e-24
0,2.09409e+09,-3.9187e+07,3.28042e+08,-4.23588e+09,9.01108e+08,2.90079e+08,-4.84898e+08,0.000878537,0.000137624,-1.17524e-24
0,1.9647e+09,6.73582e+07,2.9289e+08,8.53151e+09,1.00406e+08,-6.17374e+08,-1.01524e+09,0.00098757,0.000147223,7.71226e-23
0,2.00781e+09,1.50326e+07,3.10176e+08,6.07816e+09,7.37931e+08,-1.50606e+08,-5.59005e+08,0.00114882,0.000177476,2.77684e-23
0,2.13531e+09,-5.62176e+06,3.30524e+08,-3.26004e+08,-1.39132e+08,1.07302e+08,-7.1418e+08,0.000965436,0.00014944,8.72731e-27
0,1.90623e+09,-1.99153e+07,3.1075e+08,-2.99224e+09,-1.88813e+08,-8.3333e+07,-1.19579e+09,0.00104314,0.000170051,-5.28233e-24
0,2.04957e+09,-2.4802e+07,2.88488e+08,-7.31919e+08,-7.55859e+08,-5.09288e+07,-9.27253e+08,0.00101753,0.000143223,-2.20314e-25
0,2.07727e+09,-3.95267e+06,3.42957e+08,7.25616e+08,3.12322e+07,1.24411e+08,-3.49222e+08,0.000953104,0.000157357,7.918e-27
0,2.05782e+09,-3.0716e+07,3.24593e+08,-8.30723e+09,-6.6706e+08,-8.30603e+07,-7.34436e+08,0.000974569,0.000153725,-3.99612e-23
0,2.24546e+09,3.03246e+07,3.0243e+08,-6.5223e+09,2.50896e+08,2.53279e+08,1.0612e+08,0.000983621,0.000132479,2.39432e-24
0,2.23437e+09,-6.67017e+06,3.21538e+08,-3.66323e+09,-1.47435e+09,1.85398e+08,-6.23601e+08,0.000974638,0.000140256,-4.68874e-24
0,1.94126e+09,1.28428e+07,2.85501e+08,-2.34062e+08,4.78491e+08,-1.4245e+08,-1.20328e+09,0.00100032,0.000147117,5.12593e-26
0,1.88497e+09,-5.50437e+07,3.15868e+08,-7.46948e+09,8.97255e+08,-2.90588e+08,-6.10302e+08,0.00091629,0.000153544,-3.24308e-23
0,1.8598e+09,2.37258e+07,2.55035e+08,2.929e+09,-5.71394e+08,-3.26701e+08,-1.61585e+09,0.00111215,0.000152509,1.03031e-23
0,1.82196e+09,-2.71786e+06,2.63364e+08,1.76195e+09,5.22205e+08,1.37221e+08,-1.24875e+09,0.00105221,0.000152097,1.34368e-24
0,2.06365e+09,4.71126e+07,3.00165e+08,-2.74526e+09,-1.58389e+09,3.38204e+08,-7.03047e+08,0.00108997,0.000158541,-8.25934e-24
0,1.99832e+09,-1.4715e+07,3.19023e+08,-7.96492e+09,1.50918e+08,1.59205e+08,-8.683e+08,0.00095816,0.000152966,-4.34968e-23
0,2.02183e+09,-6.83696e+07,3.18358e+08,-6.71898e+09,1.45909e+09,5.02581e+07,-7.93151e+08,0.000941658,0.000148274,-1.92677e-23
0,1.90681e+09,3.43164e+06,2.93052e+08,3.69934e+09,1.67351e+09,-5.99071e+07,-1.17335e+09,0.000972397,0.000149445,7.07218e-24
0,2.0363e+09,-6.52029e+06,3.20423e+08,-8.55467e+08,-8.6664e+08,-1.09392e+08,-1.05874e+09,0.00102614,0.000161468,-4.62244e-25
0,2.07056e+09,3.02625e+07,2.98276e+08,-6.74183e+09,-1.07844e+09,-1.69385e+08,1.98459e+08,0.000934464,0.000134615,5.55344e-24
0,1.90233e+09,-3.2177e+07,3.17096e+08,6.03552e+08,8.98671e+08,4.45133e+08,-1.03705e+09,0.000982554,0.00016378,1.37778e-25
0,1.79354e+09,2.87531e+07,2.71768e+08,-4.7151e+09,-2.40002e+09,-7.11834e+07,-1.27471e+09,0.00117007,0.000177296,-1.66936e-22
0,1.97348e+09,-2.16678e+07,2.82752e+08,-2.23833e+09,-5.15732e+07,1.34168e+08,-1.25179e+09,0.00101946,0.000146064,-1.40989e-24
0,2.16298e+09,9.5083e+06,3.08451e+08,-1.02335e+10,3.50037e+08,5.22377e+08,7.18038e+06,0.000957404,0.00013653,4.09164e-24
0,1.71115e+09,1.28002e+07,2.52223e+08,3.61555e+09,2.09039e+09,1.31553e+08,-1.3081e+09,0.00101793,0.000150043,1.80309e-23
0,2.02022e+09,6.76931e+06,3.35742e+08,-1.79193e+09,5.64053e+08,-2.89121e+07,-5.71096e+08,0.000944519,0.00015697,-3.07872e-25
0,2.05467e+09,2.02212e+07,3.03211e+08,-8.96444e+09,-8.96481e+08,-6.70823e+08,-5.86702e+08,0.0010817,0.000159628,-4.45605e-23
0,1.7659e+09,4.57102e+07,2.52136e+08,5.75856e+09,1.59775e+09,-1.19677e+08,-1.24439e+09,0.00105508,0.000150645,6.57733e-23
0,1.92926e+09,2.69373e+07,3.24498e+08,-6.46171e+07,1.61142e+09,-4.60076e+08,-7.87291e+08,0.000930892,0.000156574,1.31788e-25
0,2.0339e+09,-3.86958e+07,3.31266e+08,-5.47444e+09,1.08716e+09,1.37778e+08,-4.39003e+08,0.000895475,0.000145848,-3.52516e-24
0,2.15751e+09,113706,3.44723e+08,-1.43738e+09,3.51399e+06,-1.25347e+08,-1.19308e+08,0.00091939,0.000146899,-1.94778e-26
0,1.92011e+09,2.96347e+07,2.81505e+08,2.67909e+09,-1.34956e+09,2.04117e+08,-1.29896e+09,0.00110041,0.000161331,1.23055e-23
0,2.00482e+09,-2.66153e+07,2.92774e+08,-4.22438e+09,-1.95565e+08,9.74928e+07,-9.27708e+08,0.000982979,0.000143549,-7.69246e-24
0,1.86689e+09,1.73715e+07,3.08019e+08,-7.22656e+09,-2.04327e+09,1.33898e+08,-7.64599e+08,0.00102291,0.00016877,-1.01207e-22
0,1.93905e+09,3.91501e+07,3.24366e+08,2.15473e+09,1.08163e+09,-4.02579e+08,-6.17405e+08,0.000936716,0.000156695,6.21126e-26
0,1.97898e+09,-1.69499e+07,2.86836e+08,-4.14143e+09,-1.66212e+09,-2.02536e+08,-1.54168e+09,0.00114036,0.000165285,-4.46717e-23
0,2.12323e+09,-1.31431e+07,3.33471e+08,-1.67873e+09,-6.98129e+08,-2.74697e+08,-7.20694e+08,0.0010033,0.000157576,-4.1008e-25
0,2.09811e+09,-2.37852e+07,3.07051e+08,-2.0313e+09,-6.28865e+08,-2.35929e+08,-9.36749e+08,0.00100287,0.000146767,-7.89461e-25
0,2.0669e+09,1.41534e+07,3.28125e+08,6.49542e+09,2.32371e+08,1.21802e+08,-7.45439e+08,0.00092662,0.000147103,1.49e-23
0,1.91237e+09,-5.91603e+07,2.88906e+08,-9.15852e+09,-1.64885e+09,7.22518e+07,-1.25887e+09,0.00109631,0.000165621,-2.85121e-22
0,1.94159e+09,9.41484e+06,3.28435e+08,-3.8592e+09,1.38124e+09,-1.11505e+08,-7.59867e+08,0.000892664,0.000151001,-3.73227e-24
0,1.88996e+09,4.75798e+07,2.79101e+08,-1.07181e+10,-5.15659e+08,-6.64229e+08,-8.75328e+08,0.0010796,0.000159431,-2.27942e-22
0,1.90381e+09,-2.27171e+07,3.18147e+08,-6.80327e+09,-6.18404e+08,-2.47172e+08,-8.13391e+08,0.00100804,0.000168454,-3.98087e-23
0,2.15186e+09,-487686,3.44165e+08,-1.36651e+09,2.89193e+07,-1.25721e+08,-2.05399e+08,0.000915621,0.000146443,-2.91648e-26
0,1.81803e+09,3.19221e+07,3.08776e+08,-8.39068e+09,-2.05368e+09,-4.51698e+08,-5.31848e+08,0.000971049,0.000164923,-5.44113e-23
0,1.98667e+09,-1.53343e+07,3.26739e+08,-3.16065e+09,1.34584e+08,-2.94335e+07,-7.99676e+08,0.000997823,0.000164108,-3.05094e-24
0,2.19815e+09,1.74161e+07,3.37848e+08,4.87258e+09,-6.72607e+07,3.48129e+08,-4.68972e+08,0.000925209,0.000142201,2.69591e-24
0,2.13042e+09,-2.43851e+07,3.3117e+08,-3.55805e+09,-5.572e+08,-3.58059e+08,-7.75237e+08,0.00098938,0.000153797,-2.40329e-24
0,1.96269e+09,1.54079e+06,3.03462e+08,-6.99138e+08,-2.42464e+08,-3.56116e+08,-1.22629e+09,0.00102258,0.000158107,1.32935e-25
0,1.89022e+09,3.60179e+07,2.59065e+08,2.95414e+09,-3.93977e+08,-9.15828e+07,-1.32012e+09,0.00109336,0.000149852,7.74125e-24
0,1.98427e+09,5.23825e+07,3.00262e+08,5.68755e+09,-4.92236e+08,-5.95492e+07,-1.20193e+09,0.0010419,0.000157661,3.51308e-23
0,1.89125e+09,-7.99325e+07,2.65015e+08,-7.80969e+09,1.43486e+08,6.77253e+08,-1.42591e+09,0.00106553,0.000149309,-1.42686e-22
0,1.88509e+09,-650678,3.17965e+08,-2.16811e+09,4.49188e+08,-3.82956e+08,-9.87772e+08,0.000974582,0.000164386,-1.63048e-24
0,2.02287e+09,2.417e+07,3.17409e+08,4.34272e+09,-6.74299e+07,-2.11666e+08,-8.92061e+08,0.000975879,0.000153126,7.33949e-24
0,2.1378e+09,461137,3.44649e+08,-8.72023e+08,5.68537e+07,-9.37139e+07,-1.33446e+08,0.000910216,0.000146742,-5.52702e-27
0,2.20854e+09,-1.93987e+07,3.35817e+08,-6.1067e+09,-6.64569e+08,-3.60607e+08,-5.7784e+08,0.000986457,0.000149995,-7.69987e-24
0,1.82098e+09,-7.733e+06,2.56943e+08,8.8628e+08,3.02025e+07,4.64052e+07,-1.42595e+09,0.00109402,0.000154368,-4.96726e-25
0,1.94681e+09,-8.98879e+07,3.00175e+08,-1.47368e+10,4.20952e+08,4.31369e+07,-9.94207e+08,0.00107253,0.000165372,-6.41715e-22
0,2.14073e+09,4.60266e+07,3.20292e+08,7.56268e+09,1.11973e+08,-2.00637e+08,-6.20713e+08,0.000930745,0.000139256,1.63216e-23
0,1.99039e+09,4.69675e+07,3.13114e+08,-6.41548e+09,-1.84218e+09,6.21472e+07,-5.69816e+08,0.00102604,0.00016141,-4.05576e-23
0,1.99427e+09,-3.83454e+07,2.77784e+08,3.64497e+09,-1.12371e+09,-1.36674e+07,5.50915e+08,0.000941677,0.000131167,-2.13509e-24
0,2.2843e+09,1.03057e+07,3.31567e+08,-7.74442e+08,-4.20964e+08,1.55876e+08,1.61596e+07,0.000864744,0.000125518,-4.51681e-27
0,2.06715e+09,-2.33984e+06,3.42669e+08,3.1259e+08,-6.27347e+06,5.97203e+07,-3.90036e+08,0.000961746,0.000159427,-7.03658e-28
0,2.05274e+09,1.11323e+06,3.15571e+08,5.6439e+09,-3.20952e+08,2.7287e+08,-7.91726e+08,0.000958276,0.000147317,1.16516e-23
0,1.88773e+09,1.05867e+07,3.1297e+08,-4.3156e+08,5.74503e+08,-5.93904e+08,-8.13398e+08,0.000978849,0.000162285,-4.84002e-26
0,1.86052e+09,-3.08646e+07,3.06369e+08,-2.19847e+09,1.96474e+09,2.45162e+08,-1.1936e+09,0.000956172,0.000157451,-1.2808e-25
0,2.13787e+09,-3.75761e+07,3.16069e+08,-8.98858e+09,-8.62078e+08,-3.28777e+08,-7.38149e+08,0.00096698,0.000142961,-3.67204e-23
0,2.13798e+09,400163,3.44075e+08,-3.12875e+08,7.46077e+07,-5.67642e+07,-2.15403e+08,0.000908654,0.000146234,-2.82311e-28
0,2.2335e+09,6.64498e+06,3.40833e+08,1.34546e+09,-3.64088e+08,1.81394e+08,-3.7439e+08,0.000949834,0.000144945,4.24752e-26
0,1.91148e+09,2.57482e+07,3.28876e+08,1.66769e+09,2.10526e+09,-2.39043e+08,-4.61358e+08,0.000843553,0.000145136,-1.20758e-24
0,2.06329e+09,-2.55231e+07,3.32127e+08,-7.87567e+09,2.36709e+08,-2.82378e+08,-7.25116e+08,0.000945334,0.00015217,-2.93848e-23
0,2.02626e+09,-1.94029e+07,2.96998e+08,1.43853e+09,3.14114e+08,4.5296e+08,-8.06284e+08,0.000961311,0.000140903,2.36528e-25
0,2.14312e+09,1.26416e+07,3.30982e+08,5.27597e+08,-5.578e+08,2.98437e+08,-7.22084e+08,0.000970483,0.000149881,5.9661e-26
0,1.79909e+09,-6.69617e+07,3.02144e+08,-8.4861e+09,2.26888e+09,4.4353e+08,-1.17891e+09,0.000945559,0.0001588,-7.46609e-23
0,1.85e+09,-2.10768e+07,2.92234e+08,3.71706e+08,7.67025e+08,3.65484e+08,-1.37521e+09,0.000989424,0.000156293,-9.14551e-26
0,1.96788e+09,-8.16313e+06,3.25179e+08,-6.28106e+09,1.15587e+09,-2.1924e+08,-8.82855e+08,0.000921876,0.000152334,-2.24283e-23
0,1.94421e+09,-5.87586e+07,2.99763e+08,-8.95976e+09,1.01968e+08,6.06018e+07,-1.24293e+09,0.0010074,0.000155323,-1.30808e-22
0,1.96999e+09,7.61642e+07,3.12071e+08,-9.24102e+09,-2.41902e+09,-3.30779e+07,5.00166e+08,0.000872338,0.000138189,1.58557e-23
0,2.0255e+09,1.65996e+07,3.21848e+08,7.71578e+09,2.64225e+08,3.66394e+08,-8.53922e+08,0.000965049,0.000153344,3.97412e-23
0,2.02164e+09,1.7917e+06,3.39251e+08,-5.16581e+08,8.37992e+07,-8.59984e+07,-2.31456e+08,0.000972847,0.000163253,-3.28696e-27
0,1.92715e+09,401868,2.63615e+08,-1.09769e+09,-1.0785e+09,1.86735e+08,-1.32396e+09,0.00108511,0.000148433,-8.8481e-25
0,2.15314e+09,965287,3.44686e+08,6.33106e+08,-7.97308e+06,4.96261e+07,-1.2738e+08,0.000910475,0.000145753,1.61555e-27
0,1.81039e+09,-5.12811e+07,3.06224e+08,-5.89063e+09,2.50867e+09,3.36028e+08,-1.06634e+09,0.000936358,0.000158383,-1.01555e-23
0,2.15741e+09,-1.04291e+07,3.23528e+08,-1.20942e+09,-1.14103e+09,-4.13572e+08,-6.40806e+08,0.00100019,0.00014999,-6.60758e-25
0,1.93958e+09,9.39096e+06,3.22239e+08,-3.9934e+09,1.75273e+09,-4.53691e+08,-8.42765e+08,0.000914296,0.0001519,-7.65845e-24
0,1.80992e+09,7.12274e+06,2.49064e+08,-3.35802e+08,-1.89925e+08,-1.3961e+08,-1.37213e+09,0.00110976,0.000152714,2.1471e-25
0,2.20809e+09,4.75892e+06,3.214e+08,3.7381e+09,-1.59997e+09,3.27061e+08,-6.64307e+08,0.00101471,0.000147696,5.29201e-24
0,2.05336e+09,-2.45455e+07,3.11291e+08,-7.75031e+07,-3.05797e+07,-5.16535e+08,-7.83886e+08,0.000993492,0.000150614,3.04153e-26
0,2.00856e+09,-9.47815e+06,2.94885e+08,-1.7531e+09,-1.3268e+09,8.75301e+07,-1.30469e+09,0.00109352,0.000160544,-4.19155e-24
0,2.03765e+09,2.4651e+07,3.3269e+08,-4.61111e+08,6.39088e+08,9.00879e+07,-7.55776e+08,0.000938377,0.00015321,-2.69465e-27
0,2.04464e+09,-1.47067e+07,3.28161e+08,-2.95641e+09,-4.04809e+08,-3.43559e+08,-8.15537e+08,0.000962065,0.00015441,-1.49505e-24
0,2.00302e+09,-3.02238e+07,3.01253e+08,-1.44288e+09,-7.09959e+08,-3.08687e+08,-9.74878e+08,0.00101258,0.000152291,-5.46869e-25
0,2.13507e+09,9.55555e+06,3.33546e+08,4.17869e+09,2.47706e+08,2.15823e+08,-6.13143e+08,0.000917747,0.000143373,2.74851e-24
0,1.9365e+09,367654,3.23478e+08,1.34991e+09,4.25897e+08,2.67745e+07,-1.01456e+09,0.000966124,0.000161384,2.06794e-25
0,1.96722e+09,-3.23456e+07,3.26015e+08,-9.46791e+09,-1.70029e+08,-5.75317e+08,-5.08746e+08,0.000980542,0.000162499,-4.88067e-23
0,1.94328e+09,-7.77664e+06,3.12988e+08,2.45576e+09,1.28748e+09,5.87104e+08,-9.48769e+08,0.000934578,0.000150525,3.19037e-24
0,2.22548e+09,-2.68521e+07,3.1162e+08,-4.62832e+09,-1.37383e+09,6.51851e+07,-6.49045e+08,0.000964535,0.000135058,-6.64006e-24
0,2.05029e+09,-7.96793e+06,3.25485e+08,2.14639e+07,-9.72807e+08,1.89933e+08,-7.42172e+08,0.00103062,0.000163611,2.1433e-25
0,2.08207e+09,2.02698e+07,3.16265e+08,7.10194e+09,-9.70724e+08,2.59292e+08,-8.6613e+08,0.000992033,0.000150689,2.91108e-23
0,2.16789e+09,-1.08171e+07,3.23421e+08,-4.4251e+09,-1.2286e+09,8.82876e+07,-6.17503e+08,0.000965659,0.000144064,-6.04645e-24
0,2.15462e+09,388965,3.44957e+08,1.15849e+09,-3.81138e+07,1.30976e+08,-4.82223e+07,0.000914794,0.000146459,2.61232e-27
0,1.75064e+09,-1.84165e+07,2.80811e+08,-1.96532e+09,1.04203e+09,6.28958e+08,-1.50724e+09,0.00105837,0.000169769,-1.31249e-24
0,2.02687e+09,-1.45391e+07,3.3174e+08,-7.51617e+08,2.85653e+07,-7.31192e+07,-7.90344e+08,0.000969892,0.000158743,4.37288e-27
0,1.96382e+09,6.02461e+07,3.122e+08,5.60873e+09,8.3474e+08,1.57449e+08,-1.06899e+09,0.00102416,0.000162817,3.09241e-23
0,2.21882e+09,7.97888e+06,3.41505e+08,3.38154e+09,-2.14559e+08,3.05424e+08,-3.20867e+08,0.000943434,0.000145207,5.32224e-25
0,2.12658e+09,-2.51112e+06,3.01428e+08,3.12e+09,-4.91393e+08,2.32255e+08,-7.42471e+08,0.000992418,0.000140669,1.76824e-24
0,1.76189e+09,-1.92453e+07,2.84628e+08,-3.56312e+09,1.60818e+09,2.45839e+08,-1.50338e+09,0.00102143,0.000165009,-1.41076e-23
0,2.18957e+09,-2.97131e+07,3.21387e+08,-6.62528e+09,-8.95769e+08,-1.87053e+07,-6.28711e+08,0.00101469,0.000148937,-1.69818e-23
0,2.10704e+09,-3.06378e+07,3.18172e+08,-5.2862e+09,-8.71372e+07,-6.48581e+08,-5.64217e+08,0.000969273,0.000146364,-5.97387e-24
0,2.16896e+09,-1.54775e+07,3.38791e+08,-5.48017e+09,-2.40267e+08,-4.45282e+08,-4.31227e+08,0.000949247,0.000148272,-3.75632e-24
0,1.9432e+09,4.67805e+07,3.25004e+08,4.5079e+09,1.02109e+09,-1.58162e+08,-8.27667e+08,0.000946936,0.000158377,7.24514e-24
0,1.98202e+09,4.92789e+07,3.12079e+08,4.6765e+09,3.74545e+08,-6.21877e+07,-1.041e+09,0.00105741,0.000166494,1.75011e-23
0,2.06706e+09,-2.19852e+06,2.58225e+08,-1.77571e+09,3.08148e+07,-4.36659e+08,4.4515e+08,0.00105846,0.000132227,2.2862e-25
0,2.25235e+09,5.69652e+06,3.40395e+08,1.56115e+09,-4.68574e+08,1.4889e+08,-3.76982e+08,0.000953851,0.000144154,8.4756e-26
0,1.74579e+09,2.09605e+06,2.88872e+08,1.27581e+08,5.21591e+08,2.00855e+08,-1.59429e+09,0.0010664,0.000176454,-2.59238e-25
0,2.01629e+09,-4.23306e+07,3.27723e+08,-7.77685e+09,6.18164e+08,-3.90929e+08,-4.52538e+08,0.00092949,0.000151077,-2.15817e-23
0,1.98046e+09,-9.38808e+06,3.07975e+08,-2.35727e+09,-5.61117e+08,3.0949e+08,-9.64013e+08,0.000982646,0.000152809,-1.66861e-24
0,2.08626e+09,3.76047e+07,3.05499e+08,8.22557e+09,-8.23009e+08,-1.10996e+08,-7.56329e+08,0.000961817,0.000140842,3.80143e-23
0,1.96075e+09,1.39193e+07,3.14342e+08,2.86597e+09,1.76973e+08,1.89717e+08,-1.17911e+09,0.000984716,0.000157867,3.04183e-24
0,2.16321e+09,359900,3.44661e+08,1.18893e+09,-4.49279e+07,1.47503e+08,-1.30954e+08,0.000920851,0.000146718,9.6547e-27
0,1.76397e+09,-3.02654e+07,2.48845e+08,-1.33357e+09,-8.66552e+07,5.35789e+08,-1.41499e+09,0.00109675,0.000154719,6.66489e-25
0,2.19932e+09,-1.92436e+07,3.32136e+08,2.50282e+08,-2.62093e+08,4.88134e+08,-9.22754e+06,0.000867471,0.000131003,-6.68945e-27
0,2.04326e+09,-1.03583e+07,3.1483e+08,-1.78016e+09,-5.05631e+08,4.12428e+08,-1.06731e+09,0.00101924,0.000157047,-5.65447e-25
0,2.12119e+09,-5.85103e+07,3.00525e+08,-6.91134e+09,1.0436e+08,4.49641e+08,-7.57387e+08,0.000952651,0.000134969,-1.74188e-23
0,2.14858e+09,-401839,3.1361e+08,-7.24645e+07,-1.59477e+09,4.06867e+08,-9.54636e+08,0.00103641,0.000151276,1.17904e-24
0,2.09803e+09,-1.09736e+07,3.29138e+08,3.51182e+07,-1.22294e+08,-7.83197e+06,-8.29848e+08,0.000970616,0.00015227,-1.79751e-27
0,1.88693e+09,1.40269e+07,3.00941e+08,1.60933e+09,-4.06009e+08,-1.39859e+08,-1.39646e+09,0.00106555,0.000169942,5.63878e-25
0,1.87809e+09,6.06929e+07,2.96932e+08,1.02706e+10,1.13786e+09,-4.51304e+08,-1.24352e+09,0.000980652,0.000155045,1.84872e-22
0,2.09909e+09,3.11432e+07,3.24566e+08,4.70468e+09,-5.59439e+08,2.41927e+08,-9.71587e+08,0.000999645,0.000154567,9.11067e-24
0,1.79745e+09,1.72434e+07,2.81374e+08,3.2275e+09,1.31828e+09,-1.30574e+08,-1.51563e+09,0.00104513,0.000163606,1.20315e-23
0,2.15603e+09,130084,3.44063e+08,8.6723e+08,-3.38825e+07,1.1615e+08,-2.20246e+08,0.000925231,0.00014765,6.75516e-27
0,2.05534e+09,4.94437e+07,3.08066e+08,9.92197e+09,-3.28196e+08,-4.34452e+08,-8.82454e+08,0.000979464,0.000146808,8.76635e-23
0,2.06684e+09,3.62051e+07,3.22968e+08,6.06743e+09,-4.46779e+08,-6.14753e+07,-8.76365e+08,0.00099828,0.000155992,2.08921e-23
0,2.2323e+09,-1.07982e+07,3.38943e+08,-4.73104e+09,-4.6446e+08,-3.0175e+08,-4.38152e+08,0.000944996,0.000143485,-2.03342e-24
0,2.11709e+09,-1.34567e+07,3.35204e+08,-3.89465e+09,8.60025e+08,-3.77222e+08,-1.61508e+08,0.000888944,0.000140749,-1.19901e-24
0,2.13492e+09,-4.83663e+07,3.09458e+08,-6.54316e+09,-4.56679e+08,3.14646e+07,-6.90257e+08,0.000963428,0.000139649,-1.47504e-23
0,1.89269e+09,-3.32905e+07,3.21493e+08,-3.15646e+09,6.2312e+08,2.99371e+08,-9.84217e+08,0.000988301,0.000167873,-3.84413e-24
0,2.1477e+09,3.68339e+07,3.09724e+08,3.63191e+09,-2.63015e+07,-3.53469e+07,-5.24245e+08,0.000923126,0.000133125,1.44497e-24
0,2.10459e+09,-1.2769e+07,3.36345e+08,-4.93203e+09,4.86631e+08,-2.58732e+08,-4.46448e+08,0.000893,0.000142715,-3.48072e-24
0,1.86292e+09,-1.82002e+07,2.87049e+08,-2.67604e+08,-7.81545e+08,2.5143e+08,-1.46886e+09,0.00107903,0.000166264,7.45116e-25
0,1.92001e+09,-9.44184e+06,2.88316e+08,8.65572e+09,-2.43285e+09,3.66429e+08,-6.73505e+08,0.00102037,0.000153222,1.00483e-22
0,2.06969e+09,-5.03941e+07,3.10866e+08,-6.79605e+09,3.04113e+08,2.7074e+08,-6.96551e+08,0.000942161,0.000141512,-1.60903e-23
0,2.12603e+09,-3.33656e+06,3.37936e+08,-2.73176e+09,1.67104e+08,-1.89891e+08,-1.32796e+08,0.000885994,0.00014083,-1.74816e-25
0,2.03575e+09,4.46504e+07,3.17786e+08,1.17908e+10,-6.35287e+08,1.68323e+08,-7.44091e+08,0.00106142,0.000165691,1.82716e-22
0,2.0176e+09,4.64473e+06,3.14902e+08,2.1757e+09,-4.91821e+08,1.83203e+08,-1.21234e+09,0.00102378,0.000159788,1.35112e-24
0,2.04257e+09,-1.7044e+06,3.42136e+08,4.39861e+08,1.57871e+06,1.02046e+08,-4.43589e+08,0.000967618,0.000162079,-7.28321e-28
0,2.10886e+09,3.58321e+07,2.80904e+08,-6.3432e+09,-1.25131e+08,9.58849e+07,3.67298e+08,0.00095746,0.000127536,7.10298e-24
0,2.11308e+09,3.19219e+06,3.3047e+08,3.51921e+08,-2.18139e+08,3.67661e+07,-7.92723e+08,0.000972223,0.000152048,-6.09382e-27
0,2.2344e+09,5.25856e+07,3.15551e+08,2.48394e+09,1.793e+08,-1.61803e+07,-1.76901e+08,0.000958522,0.000135366,1.54449e-25
0,2.13538e+09,8.25698e+06,3.23022e+08,1.83796e+09,-1.388e+09,-3.08077e+08,-8.583e+08,0.00102019,0.000154326,1.916e-24
0,1.95943e+09,-3.66403e+07,2.66663e+08,-1.76588e+09,-1.00157e+09,2.71047e+08,-1.19525e+09,0.00110394,0.000150238,-2.48378e-24
0,2.11796e+09,-8.52314e+06,3.24524e+08,2.51999e+09,-6.58866e+08,6.4112e+08,-2.20952e+08,0.000981655,0.000150414,-5.82647e-25
0,1.93417e+09,-4.39554e+07,3.09076e+08,-4.99908e+09,8.19723e+08,3.61155e+08,-1.17537e+09,0.000991264,0.000158401,-1.75199e-23
0,2.04486e+09,-5.18058e+06,3.37908e+08,-4.43796e+09,7.60028e+08,-3.78283e+08,-4.87782e+08,0.000887259,0.000146617,-3.74862e-24
0,2.01784e+09,1.33439e+07,3.11908e+08,4.16481e+09,4.31778e+08,-6.32153e+06,-9.39286e+08,0.000945707,0.000146183,5.95001e-24
0,1.94232e+09,-5.14601e+06,3.0412e+08,-5.67794e+08,-5.09111e+08,-1.78372e+08,-1.34654e+09,0.0010586,0.000165751,-5.82347e-26
0,1.84512e+09,2.02805e+07,2.78447e+08,3.41964e+09,-5.65533e+07,-1.84292e+08,-1.56209e+09,0.00106964,0.000161419,1.28867e-23
0,2.24285e+09,4.91298e+07,3.16497e+08,7.91579e+08,-5.78474e+08,8.68649e+06,-1.8327e+08,0.00096154,0.000135686,3.11184e-26
0,2.10747e+09,-1.63188e+07,3.3197e+08,-3.51264e+09,-7.36791e+08,-4.15175e+08,-7.95943e+08,0.00100032,0.000157571,-2.5565e-24
0,2.15972e+09,2.33645e+07,3.03902e+08,3.77604e+09,-2.15662e+09,8.91131e+07,-9.9844e+08,0.00105293,0.000148162,1.93232e-23
0,1.88821e+09,-2.326e+07,3.00514e+08,2.4415e+09,1.79386e+09,7.0201e+08,-1.13641e+09,0.000951958,0.000151507,5.51945e-24
0,2.01371e+09,4.59399e+07,2.85841e+08,4.29377e+09,-1.56863e+09,692515,-1.35886e+09,0.00108459,0.000153955,3.13621e-23
0,1.91296e+09,-1.83949e+07,2.70069e+08,8.12989e+08,-1.14929e+08,4.77608e+08,-1.4223e+09,0.00108338,0.000152949,-5.8561e-25
0,2.06576e+09,-1.9013e+06,3.31433e+08,-1.49424e+09,-3.47652e+08,6.19277e+07,-8.52872e+08,0.000987711,0.00015847,-2.53016e-25
0,2.00976e+09,-1.31224e+06,3.2917e+08,-5.31422e+08,-3.55693e+08,3.15982e+08,-9.07958e+08,0.00102749,0.000168288,8.94898e-26
0,2.17507e+09,-1.89562e+07,3.25795e+08,-4.05821e+09,-1.73921e+09,-4.93487e+08,-6.24966e+08,0.00101828,0.000152524,-5.89544e-24
0,2.1594e+09,-1.91929e+07,3.21738e+08,4.29425e+09,-1.96194e+09,-3.35515e+08,-4.08652e+07,0.000880303,0.00013116,4.19246e-24
0,2.04984e+09,1.50721e+07,3.31907e+08,5.73297e+09,4.95375e+08,3.12128e+08,-6.99484e+08,0.000919309,0.000148853,1.06762e-23
0,1.93087e+09,-236102,3.12963e+08,4.25897e+09,1.08612e+09,3.41459e+08,-1.09012e+09,0.000962946,0.000156079,1.30865e-23
0,2.27024e+09,-1.08382e+07,3.28238e+08,7.02216e+08,-4.62574e+08,4.99942e+07,-2.80585e+08,0.000907025,0.000131141,1.40338e-26
0,1.92659e+09,-4.92134e+07,3.15384e+08,-3.78896e+08,3.63869e+07,3.16164e+08,-7.76935e+08,0.000963322,0.000157697,1.93377e-26
0,1.97285e+09,-1.13849e+07,3.24491e+08,-1.29622e+09,-7.73401e+07,1.25947e+08,-1.08231e+09,0.00102365,0.000168369,-1.02061e-25
0,2.09241e+09,-5.02101e+07,3.15675e+08,-5.70543e+09,-2.23927e+09,-7.16883e+08,-5.9263e+08,0.000999593,0.000150805,-1.21625e-23
0,2.13152e+09,5.5795e+07,3.24649e+08,3.17883e+09,1.49772e+09,-2.99231e+08,-4.29959e+08,0.000885084,0.000134806,-4.2284e-25
0,2.00535e+09,1.52458e+07,3.28986e+08,-2.45171e+09,6.29932e+08,-7.2049e+07,-8.19115e+08,0.000951468,0.000156093,-1.22333e-24
0,1.92479e+09,-5.3363e+07,2.83043e+08,1.2412e+09,1.10285e+09,5.0792e+08,-9.13676e+08,0.00112186,0.00016497,1.49929e-24
0,2.15208e+09,-2.36016e+07,3.19258e+08,5.83945e+09,-1.91614e+09,-2.47745e+08,6.76982e+06,0.00090317,0.000133984,6.23441e-24
0,1.85854e+09,1.78064e+07,2.69701e+08,3.07917e+09,-4.64129e+08,8.29783e+07,-1.52273e+09,0.00108448,0.000157373,9.85784e-24
0,2.02291e+09,5.20571e+06,3.23806e+08,5.3047e+09,1.42874e+08,1.2962e+08,-9.54168e+08,0.000982207,0.000157221,1.50523e-23
0,1.84774e+09,-5.88661e+07,2.7851e+08,-5.71253e+09,6.20975e+08,9.40466e+08,-1.16296e+09,0.00100993,0.000152227,-3.07676e-23
0,2.13867e+09,-2.58895e+07,3.14472e+08,-7.31134e+09,-1.72707e+09,-2.49364e+08,-8.47382e+08,0.0010644,0.00015651,-4.77608e-23
0,1.9124e+09,-2.14383e+07,3.27201e+08,-1.20557e+09,3.27096e+08,7.1618e+07,-9.94622e+08,0.00100806,0.000172473,-1.27006e-25
0,2.02523e+09,-5.92565e+07,3.16049e+08,-6.86054e+09,-1.9203e+09,-5.67282e+08,-4.49728e+08,0.000982613,0.000153343,-1.19159e-23
0,2.09802e+09,2.46497e+07,3.18874e+08,7.348e+09,1.20264e+09,6.16667e+08,-2.48571e+08,0.000973002,0.000147885,1.86897e-23
0,2.16198e+09,4.104e+07,3.30984e+08,2.26118e+09,1.06343e+09,-8.75623e+07,-3.91467e+08,0.000885927,0.000135629,3.42511e-26
0,2.13274e+09,2.50408e+07,3.22048e+08,2.75291e+09,-9.09093e+08,2.23941e+08,-8.63185e+08,0.000997253,0.000150587,2.00242e-24
0,1.85325e+09,-1.67414e+07,2.94841e+08,-2.39845e+09,9.79537e+07,-2.34131e+07,-1.50852e+09,0.00103912,0.000165318,-2.8153e-24
0,1.96237e+09,-8.68677e+06,3.22133e+08,-3.26003e+09,5.08682e+08,-3.7938e+08,-1.00374e+09,0.000957755,0.000157221,-4.33845e-24
0,2.00521e+09,-1.1447e+07,3.31327e+08,-1.01975e+09,-4.00104e+08,3.99467e+07,-8.21291e+08,0.00102261,0.000168969,-1.11683e-25
0,1.85375e+09,-2.78579e+07,3.02859e+08,-3.60061e+09,-8.53227e+08,1.83037e+08,-1.41503e+09,0.0010931,0.000178587,-2.1108e-23
0,1.8521e+09,-1.43665e+07,2.9138e+08,1.29212e+10,-1.18084e+09,-8.30096e+07,2.607e+08,0.00093336,0.00014684,-6.31106e-23
0,2.04726e+09,2.78774e+07,3.07666e+08,5.96119e+09,-3.39275e+08,-1.24555e+08,-9.26321e+08,0.000969678,0.000145725,1.88534e-23
0,2.08041e+09,3.10048e+07,3.17285e+08,3.1416e+09,-7.56975e+08,2.35835e+08,-1.0622e+09,0.0010131,0.000154508,3.58307e-24
0,1.87877e+09,-1.3894e+07,2.97814e+08,2.53387e+09,1.14996e+09,3.53883e+08,-1.07645e+09,0.000954317,0.000151274,3.58705e-24
0,2.1628e+09,9.44048e+06,3.35555e+08,3.29429e+09,-6.16237e+08,3.64714e+08,-6.10235e+08,0.000979177,0.000151918,1.21927e-24
0,2.28569e+09,3.17058e+07,3.19108e+08,-1.22439e+09,-6.73405e+08,1.69595e+08,-8.10959e+07,0.000919783,0.000128412,-5.10492e-26
0,1.77502e+09,-6.73369e+07,3.16807e+08,-2.96292e+09,-3.95001e+08,-2.01878e+08,-3.19873e+08,0.000935763,0.000167015,-1.08108e-24
0,1.9406e+09,-1.39072e+07,2.982e+08,-2.08901e+09,1.87956e+09,2.11868e+08,-7.80807e+08,0.00109686,0.000168548,1.6853e-24
0,2.12653e+09,1.524e+06,3.4393e+08,6.64336e+08,-2.27484e+06,5.72538e+07,-2.46435e+08,0.000938284,0.000151751,4.04244e-27
0,2.12776e+09,-2.19201e+07,3.29934e+08,-5.86693e+08,-1.66183e+08,-3.39298e+08,-3.88497e+08,0.000992541,0.000153905,1.18162e-26
0,1.9674e+09,-3.8182e+07,3.22606e+08,-1.65048e+09,-1.04962e+09,-4.18641e+08,-8.37511e+08,0.00101561,0.000166536,-1.37586e-24
0,2.25669e+09,1.61969e+07,3.02984e+08,4.76107e+09,3.65744e+08,-2.25636e+08,-1.14981e+08,0.000954381,0.000128136,3.78671e-25
0,2.07812e+09,3.53532e+07,3.17518e+08,7.81007e+09,-8.0342e+07,-1.37646e+07,-8.00333e+08,0.00094421,0.000144266,2.92461e-23
0,1.97422e+09,-7.00148e+07,2.6439e+08,-5.51218e+09,-5.48997e+08,6.09164e+08,-1.17065e+09,0.00105343,0.000141077,-3.62275e-23
0,1.9996e+09,7.77282e+06,3.26243e+08,1.03409e+09,2.13997e+08,9.55145e+07,-1.0417e+09,0.000975674,0.000159185,1.27915e-26
0,1.92315e+09,1.86411e+07,3.15184e+08,4.3424e+09,3.28949e+08,-1.69417e+08,-9.07851e+08,0.000954773,0.000156477,8.3087e-24
0,2.01061e+09,-6.3337e+07,3.13735e+08,-1.05153e+10,3.73139e+08,3.49536e+07,-8.31652e+08,0.000969666,0.000151307,-1.00096e-22
0,2.3248e+09,9.24186e+06,3.35427e+08,-4.60566e+08,1.09719e+08,1.2183e+08,-5.25085e+07,0.000898441,0.000129629,2.1967e-29
0,1.82636e+09,1.98919e+07,2.65664e+08,9.59248e+07,-1.73635e+08,2.24258e+08,-1.6254e+09,0.0011114,0.000161666,-2.98613e-26
0,2.12302e+09,-3.33433e+07,3.11784e+08,1.19282e+10,-2.90738e+08,1.09449e+08,3.13568e+08,0.00096554,0.000141798,-4.24844e-23
0,1.94048e+09,-1.19168e+07,3.00471e+08,1.52047e+10,-9.45298e+08,2.58312e+08,3.09558e+08,0.00100051,0.000154922,-1.81974e-22
0,2.04278e+09,5.92507e+07,3.10357e+08,9.36667e+09,8.41634e+08,-5.68257e+07,-7.21207e+08,0.000931385,0.000141504,4.56992e-23
0,1.9884e+09,5.65862e+07,3.23353e+08,7.42702e+09,6.8684e+08,2.97219e+08,-4.57549e+08,0.000944031,0.000153518,2.14509e-23
0,2.09172e+09,-6.34316e+06,2.84186e+08,6.14229e+09,-2.5824e+09,-2.65513e+08,-5.13668e+07,0.000961658,0.000130653,2.35365e-23
0,1.85155e+09,-5.48212e+07,3.2201e+08,-1.00115e+09,-1.08527e+09,-5.30972e+08,-5.95588e+08,0.00098844,0.000171903,-9.01153e-25
0,1.9645e+09,1.1101e+07,3.14362e+08,3.92287e+09,2.29925e+09,7.48124e+07,-6.05596e+08,0.000870549,0.000139306,-1.04402e-24
0,1.96364e+09,-4.02428e+07,3.12988e+08,-8.94061e+09,1.05917e+09,2.06642e+08,-8.64412e+08,0.000941014,0.000149989,-5.71904e-23
0,2.1876e+09,4.64106e+07,3.04044e+08,1.16104e+10,4.02225e+08,-6.12846e+07,-4.0964e+08,0.00103577,0.000143956,6.00763e-23
0,2.11222e+09,5.28113e+07,3.12652e+08,1.00752e+10,-3.8397e+08,9.42026e+07,-6.82066e+08,0.000968781,0.0001434,5.57982e-23
0,2.20101e+09,5.62735e+06,3.27471e+08,4.73776e+09,-9.946e+08,-1.40041e+08,-4.78149e+08,0.000950703,0.000141448,4.4609e-24
0,2.21959e+09,4.28465e+07,3.18986e+08,8.36495e+09,-6.6563e+08,-1.22775e+08,-5.15343e+08,0.000947599,0.000136183,1.85666e-23
0,1.89726e+09,-4.65194e+07,3.02481e+08,-5.93379e+09,4.13053e+07,3.69959e+08,-1.39223e+09,0.0010492,0.000167274,-5.59227e-23
0,2.22346e+09,4.11506e+07,3.12648e+08,-8.60505e+09,-9.40894e+08,1.53969e+08,-1.55739e+07,0.000997254,0.000140227,-4.01097e-24
0,2.01344e+09,1.41774e+07,3.13412e+08,3.78893e+09,-2.19784e+08,5.39042e+08,-1.003e+09,0.000997576,0.000155283,4.96959e-24
0,2.25396e+09,-2.20057e+07,3.17538e+08,6.99643e+09,1.17593e+09,-2.63834e+07,3.81609e+08,0.000983797,0.000138597,-1.06723e-23
0,2.13593e+09,-2.06573e+07,3.31521e+08,-3.90767e+09,5.83311e+08,-6.24294e+08,-2.40662e+08,0.000966049,0.000149942,-2.63511e-24
0,2.09889e+09,1.01705e+07,3.08894e+08,-1.79257e+08,-1.14118e+09,3.12963e+08,-1.00069e+09,0.00102656,0.000151079,4.28537e-25
0,2.0461e+09,-2.26959e+07,3.23455e+08,-3.02411e+09,-3.95169e+08,-1.07947e+08,-9.38247e+08,0.000990459,0.000156575,-2.55416e-24
0,1.88119e+09,-1.85895e+07,3.11291e+08,-6.51723e+09,1.85913e+09,-2.79225e+08,-8.68535e+08,0.000917592,0.000151839,-3.09395e-23
0,1.77278e+09,-3.97657e+07,3.04195e+08,3.85581e+09,3.62317e+07,4.02244e+08,-9.19865e+08,0.00100688,0.000172773,1.15045e-23
0,1.98229e+09,2.20376e+07,3.17776e+08,1.06732e+09,8.89775e+08,-4.56623e+08,-9.7611e+08,0.000977468,0.000156696,2.95709e-26
0,2.30021e+09,-4.62055e+06,3.32409e+08,1.42144e+08,-2.08044e+08,1.37703e+08,-1.5917e+08,0.000889831,0.000128592,2.81464e-28
0,1.91864e+09,-1.15343e+07,3.09241e+08,-8.66886e+07,-3.26015e+07,2.50471e+07,-1.36973e+09,0.00101424,0.000163473,3.7398e-26
0,2.16649e+09,4.32238e+07,3.26922e+08,5.67902e+09,-1.46005e+08,-1.17146e+08,-1.33318e+08,0.000970899,0.000146508,1.8828e-24
0,2.0306e+09,-3.49767e+06,3.41807e+08,-7.11722e+06,-1.21367e+07,6.5664e+07,-4.75616e+08,0.000976011,0.00016429,1.12785e-28
0,2.01052e+09,2.28396e+07,3.12283e+08,5.63593e+09,6.6916e+07,-2.23198e+08,-9.95714e+08,0.000985574,0.000153084,1.93251e-23
0,2.15068e+09,-1.08637e+07,3.16427e+08,1.46421e+09,-1.23927e+09,-1.64545e+08,-7.683e+08,0.00100964,0.000148547,1.00211e-24
0,2.05785e+09,3.6985e+07,3.17555e+08,-4.74682e+09,-1.28143e+09,1.21312e+08,-5.6536e+08,0.0010051,0.000155101,-1.12383e-23
0,2.0162e+09,-565182,3.29781e+08,7.73654e+08,8.18912e+07,-7.22007e+07,-9.50527e+08,0.000981727,0.000160577,-2.36972e-26
0,1.66048e+09,-1.05774e+07,2.43075e+08,2.39249e+09,1.89551e+09,4.00571e+08,-1.6764e+09,0.0010834,0.000158597,1.78991e-23
0,2.00755e+09,1.19737e+06,3.10578e+08,-2.27011e+09,-3.42906e+07,-1.02534e+08,-1.19273e+09,0.00101388,0.000156853,-1.31157e-24
0,2.12498e+09,8.64038e+06,3.22382e+08,1.96184e+08,-1e+09,3.41618e+08,-8.59468e+08,0.00100378,0.000152284,3.66869e-25
0,1.84452e+09,1.93707e+07,2.82276e+08,5.61236e+09,8.49023e+08,2.43215e+08,-1.39379e+09,0.0010078,0.000154229,5.081e-23
0,2.12195e+09,5.09514e+07,2.95651e+08,1.31693e+10,1.05194e+09,-8.82577e+07,-3.91541e+08,0.00103983,0.000144879,9.40736e-23
0,2.01676e+09,4.33702e+07,3.19979e+08,1.09954e+10,4.49756e+08,5.60091e+08,-3.48309e+08,0.00097314,0.000154398,5.85988e-23
0,2.09655e+09,-2.40998e+06,3.33028e+08,-5.57584e+09,6.71679e+08,-4.16353e+08,8.4645e+06,0.000933456,0.000148276,-1.73922e-24
0,1.96902e+09,5.89092e+07,2.97656e+08,7.33616e+09,-6.06557e+08,-3.26572e+08,-9.59265e+08,0.000995806,0.000150535,5.41081e-23
0,2.20266e+09,4.85821e+07,3.20325e+08,3.11858e+09,-2.11014e+09,8.9312e+06,-2.30533e+08,0.000932728,0.000135644,4.08017e-24
0,1.89644e+09,1.07703e+07,3.0687e+08,-2.56261e+09,9.1719e+08,-3.79069e+07,-1.22744e+09,0.000983458,0.000159137,-3.08772e-24
0,2.14126e+09,4.08969e+06,3.23549e+08,-2.31562e+09,-6.17598e+08,3.91452e+08,-6.10402e+08,0.000944943,0.000142782,-7.21424e-25
0,2.15118e+09,5.19802e+06,3.15887e+08,1.4402e+08,-1.75347e+09,-2.89365e+08,-4.54084e+08,0.00094772,0.000139167,-3.47616e-25
0,2.02683e+09,-2.97199e+07,3.14219e+08,-3.82455e+09,-2.26775e+07,1.21605e+08,-1.15639e+09,0.00100196,0.000155333,-6.93121e-24
0,2.13433e+09,-3.31584e+07,3.29125e+08,-5.56891e+09,-2.53816e+08,-3.29591e+08,-7.42635e+08,0.000954456,0.000147182,-8.37519e-24
0,1.85553e+09,-1.93677e+07,2.82007e+08,1.92089e+09,-1.55967e+09,-1.31733e+08,-1.16292e+09,0.00102031,0.000155068,6.71458e-24
0,2.1341e+09,1.16723e+07,3.06364e+08,3.3469e+09,-1.84009e+09,2.16366e+08,-9.37506e+08,0.0010536,0.000151251,1.16797e-23
0,2.28573e+09,-5.29256e+06,3.17713e+08,-3.23201e+09,-2.00466e+09,-1.12191e+08,-4.95705e+08,0.000997782,0.00013869,-5.34763e-24
0,2.04952e+09,-3.12788e+07,3.09585e+08,3.36088e+09,8.27e+08,2.83599e+07,-6.8357e+08,0.00109144,0.000164865,4.55535e-24
0,2.03804e+09,9.52238e+06,3.10831e+08,1.42024e+09,-2.12459e+08,-2.80399e+08,-1.08654e+09,0.000997413,0.00015212,1.28205e-25
0,1.93676e+09,2.71319e+07,3.18899e+08,-8.11919e+09,-1.85181e+09,-4.95994e+08,-4.03982e+08,0.000977171,0.000160897,-2.08638e-23
0,1.93944e+09,1.98087e+07,3.06856e+08,-6.22122e+08,5.97432e+08,-1.89019e+08,-1.28938e+09,0.0010079,0.000159468,7.15978e-26
0,2.11166e+09,-5.03172e+07,3.14749e+08,-5.98114e+09,-1.65684e+09,-6.43034e+08,-4.26119e+08,0.000990058,0.000147571,-3.29337e-24
0,2.07963e+09,2.43074e+07,3.07473e+08,-8.2857e+09,-1.04848e+09,-4.57456e+07,-6.16804e+08,0.00106766,0.000157853,-5.35315e-23
0,2.12438e+09,2.39365e+07,3.13108e+08,4.36103e+09,-1.54594e+09,7.37167e+07,-9.6766e+08,0.00103323,0.000152286,1.46047e-23
0,2.33162e+09,732010,3.39473e+08,-7.01288e+07,1.97198e+08,1.13292e+07,-1.84824e+07,0.000872475,0.000127028,2.13621e-29
0,2.02242e+09,-1.33455e+07,2.88112e+08,-6.81736e+08,-2.26491e+09,-3.97486e+07,-1.43231e+09,0.00115357,0.000164336,-7.93718e-24
0,1.79783e+09,3.33383e+07,2.70894e+08,-7.38133e+09,-9.35889e+08,-8.86927e+07,-8.07239e+08,0.00112188,0.000169043,-1.26883e-22
0,1.9344e+09,-1.04964e+08,2.80107e+08,3.97808e+09,-1.72069e+09,4.42218e+08,2.69249e+07,0.000933003,0.000135102,-1.04257e-26
0,1.78705e+09,-6.26395e+07,3.04205e+08,-7.58144e+08,4.20339e+08,1.06324e+08,-1.00756e+09,0.000960922,0.000163575,1.4085e-26
0,2.15687e+09,-1.52799e+07,3.34497e+08,-5.77998e+09,-6.47434e+08,-4.89869e+08,-5.58749e+08,0.000952646,0.000147741,-5.0836e-24
0,2.11983e+09,3.25989e+07,2.99938e+08,3.74386e+09,-9.67892e+08,-3.70028e+08,-7.75266e+08,0.000982967,0.000139082,5.29411e-24
0,2.04413e+09,-2.02735e+06,3.33827e+08,9.66993e+07,-2.86189e+08,-1.13565e+08,-8.00234e+08,0.000990329,0.000161731,-1.50524e-26
0,1.98885e+09,3.33672e+07,3.05513e+08,5.5537e+09,-1.03521e+09,4.91867e+08,-1.36154e+09,0.00108256,0.000166295,3.87924e-23
0,1.97511e+09,1.17416e+07,3.09662e+08,-2.80228e+09,1.49062e+08,-2.8028e+08,-1.13621e+09,0.000996557,0.000156243,-2.79329e-24
0,2.10582e+09,1.7415e+06,3.44274e+08,-3.53825e+08,3.08561e+07,-3.27596e+07,-1.95261e+08,0.000936605,0.000153123,-4.40475e-28
0,2.05219e+09,5.67263e+06,2.8701e+08,-3.45789e+07,-1.55796e+09,2.46889e+08,-1.0823e+09,0.00105214,0.000147148,1.05929e-24
0,2.06601e+09,-2.00327e+07,2.82328e+08,1.38916e+09,9.78784e+08,4.48643e+08,-3.49973e+08,0.00103762,0.000141795,4.14455e-25
0,1.95853e+09,4.11535e+07,3.07402e+08,9.83964e+09,5.71071e+08,-2.51818e+08,-8.58971e+08,0.000953212,0.000149611,8.47069e-23
0,2.13712e+09,-1.69853e+07,3.39244e+08,-7.0782e+09,7.33137e+07,-2.79008e+08,-4.03061e+08,0.000918121,0.000145741,-8.4959e-24
0,1.8762e+09,-4.76919e+07,3.08219e+08,1.77713e+09,-1.47152e+09,-1.33122e+07,-7.63187e+08,0.000984807,0.000161783,3.74814e-24
0,2.10419e+09,-4.67317e+07,3.07053e+08,-5.93473e+09,-9.13419e+08,1.41567e+08,-9.12958e+08,0.00102557,0.000149656,-2.424e-23
0,1.95176e+09,-3.00957e+07,3.2066e+08,-2.51135e+09,8.9606e+08,1.41165e+08,-1.01393e+09,0.000955824,0.000157035,-1.54233e-24
0,1.85703e+09,-4.19376e+07,2.75867e+08,5.33035e+09,-2.62105e+08,5.63459e+08,-9.81078e+08,0.00105718,0.000157047,2.98441e-23
0,1.98702e+09,4.21399e+07,3.08261e+08,1.46894e+09,2.57643e+08,-4.46647e+08,-1.04284e+09,0.0010009,0.000155276,1.31718e-25
0,1.9998e+09,-4.31631e+07,3.24715e+08,-5.26685e+09,6.16719e+08,-2.86054e+08,-9.58524e+08,0.000954415,0.000154972,-1.52191e-23
0,2.11781e+09,-3.01162e+07,3.29561e+08,-7.30903e+09,-1.6573e+08,-4.38301e+08,-6.33259e+08,0.000925122,0.000143962,-1.46424e-23
0,1.844e+09,3.38765e+07,2.92754e+08,5.20607e+09,1.03533e+09,-2.28092e+08,-1.31093e+09,0.000990839,0.000157306,2.95818e-23
0,2.12491e+09,-3.66917e+06,2.86903e+08,-1.43385e+09,-1.46999e+09,1.94337e+08,-8.53165e+07,0.00104267,0.00014078,-1.06772e-24
0,2.0118e+09,6.80064e+07,3.12524e+08,-5.00349e+09,-8.85749e+08,3.45054e+08,-5.48648e+08,0.00106066,0.000164768,-1.6031e-23
0,2.10344e+09,2.22874e+06,3.43335e+08,-2.769e+07,3.5013e+07,-1.66743e+07,-3.12652e+08,0.000935701,0.000152731,6.63229e-29
0,1.99607e+09,-9.15035e+06,3.15437e+08,-2.35731e+09,-1.05055e+09,2.77785e+08,-1.05728e+09,0.00104661,0.000165394,-3.8279e-24
0,2.04688e+09,-2.44462e+06,3.04602e+08,-1.5429e+09,-4.47809e+08,-6.65134e+08,-1.05997e+09,0.00102014,0.000151809,2.21724e-25
0,2.11801e+09,-1.47128e+07,3.37592e+08,-4.3918e+09,-3.2806e+08,-4.97221e+08,-5.96226e+08,0.000984957,0.000156993,-3.25046e-24
0,2.02716e+09,-7.8622e+07,2.88948e+08,-1.2068e+10,-9.48298e+08,2.94964e+08,-1.12464e+09,0.00105627,0.000150558,-3.26605e-22
0,1.91512e+09,1.71279e+06,3.21575e+08,-7.05424e+09,-1.20376e+09,-2.54421e+08,-4.04406e+08,0.000932196,0.000156529,-1.43439e-23
0,2.17537e+09,1.92242e+07,2.97064e+08,-5.67034e+09,2.22532e+08,-7.72526e+07,3.46981e+08,0.000959423,0.000131017,4.11964e-24
0,2.13052e+09,7.34238e+06,2.92745e+08,-2.74484e+09,-9.66322e+08,-2.65732e+08,-7.68574e+08,0.00101317,0.000139215,-1.98187e-24
0,2.05141e+09,-6.3254e+06,3.35293e+08,-5.70494e+08,-2.23525e+07,9.11461e+07,-6.34144e+08,0.000965046,0.000157732,3.36102e-27
0,2.10471e+09,-1.43348e+07,3.41131e+08,-7.07102e+09,1.79648e+08,-6.16935e+08,-3.10882e+08,0.000894053,0.000144908,-7.01616e-24
0,1.85729e+09,2.55764e+07,2.97017e+08,2.10825e+09,7.38165e+08,-4.39114e+08,-1.19664e+09,0.00104467,0.000167063,1.41134e-24
0,2.03575e+09,-5.8289e+06,3.41747e+08,1.58909e+08,-3.74773e+07,5.34743e+07,-4.74297e+08,0.000977611,0.000164115,-1.45121e-27
0,1.86981e+09,8.76402e+06,2.94404e+08,-1.05387e+10,-4.14687e+08,1.84249e+08,-7.04169e+08,0.00101981,0.00016057,-1.63971e-22
0,2.03771e+09,-5.71703e+07,3.13515e+08,-9.9286e+09,8.50962e+08,2.21316e+08,-8.51547e+08,0.00096708,0.000148791,-7.50209e-23
0,1.89042e+09,-1.60276e+07,3.10227e+08,5.59908e+09,8.09311e+08,2.32217e+08,-7.42928e+08,0.00101353,0.000166326,2.63715e-23
0,2.04268e+09,-2.88598e+06,2.8257e+08,-5.9305e+09,-3.25892e+09,5.00501e+07,7.27953e+07,0.00102759,0.00014215,-5.07167e-23
0,2.17619e+09,3.01572e+07,3.0105e+08,5.00815e+09,-2.37295e+09,-3.89826e+08,-2.22732e+08,0.000985058,0.000136271,1.67692e-23
0,2.09905e+09,4.71973e+07,3.25998e+08,-6.16364e+09,-1.35622e+09,7.84932e+06,2.05863e+08,0.000863693,0.000134138,1.0961e-24
0,1.80679e+09,-3.59831e+07,2.76899e+08,-3.30544e+09,-1.4525e+08,5.26299e+08,-1.74191e+09,0.00107532,0.000164798,-1.26945e-23
0,1.88969e+09,-4.11455e+07,2.87733e+08,-1.29061e+09,3.40754e+08,3.57979e+08,-1.28019e+09,0.00104275,0.000158773,-9.40407e-28
0,2.05723e+09,-1.32373e+07,3.33336e+08,-5.69337e+08,2.80061e+06,-9.28938e+07,-7.05564e+08,0.000962616,0.000155974,7.29728e-27
0,2.13801e+09,1.23887e+07,3.07368e+08,-6.42673e+09,1.05878e+09,7.06738e+08,1.51984e+08,0.000903756,0.000129927,6.89174e-24
0,1.88841e+09,-8.46366e+06,3.16926e+08,3.1135e+09,-1.24438e+08,2.71941e+07,-9.45389e+08,0.00098292,0.00016496,3.96655e-24
0,2.16234e+09,1.15823e+07,3.08133e+08,4.79745e+09,-2.15947e+09,3.85988e+08,-8.36188e+08,0.0010415,0.000148413,2.02849e-23
0,2.09806e+09,2.69898e+06,3.08244e+08,-1.12657e+09,-1.22627e+09,-5.20011e+08,-8.72706e+08,0.00102562,0.000150683,-1.26041e-24
0,2.16666e+09,-1.58179e+07,3.40396e+08,-5.68567e+09,-5.39137e+07,-5.24403e+08,-3.65314e+08,0.000930735,0.000146225,-3.61672e-24
0,2.06325e+09,-3.87802e+07,3.23547e+08,-1.01086e+10,5.15839e+08,-1.21338e+08,-6.98927e+08,0.000954082,0.000149613,-6.26418e-23
0,1.98105e+09,2.1102e+07,2.83816e+08,3.42469e+09,6.97792e+08,-4.73964e+08,-9.23127e+08,0.00112578,0.000161286,6.19973e-24
0,1.91562e+09,3.49422e+07,3.25621e+08,-6.21046e+09,-1.58802e+09,-5.60583e+08,-5.03108e+08,0.000997506,0.000169558,-1.21312e-23
0,2.0715e+09,-1.33828e+06,3.40364e+08,-5.85229e+08,1.63179e+08,-3.85946e+08,3.24227e+08,0.000958589,0.000157504,-1.61355e-26
0,1.98315e+09,-3.62452e+07,3.17271e+08,-3.21578e+09,-1.56208e+08,3.34114e+08,-1.00692e+09,0.00102523,0.00016402,-4.51134e-24
0,1.98058e+09,2.84916e+07,3.20225e+08,5.23019e+09,5.15379e+08,2.87255e+07,-9.93787e+08,0.000942693,0.000152417,1.37739e-23
0,1.99696e+09,2.43256e+07,2.99762e+08,4.12947e+09,-1.36664e+09,2.47831e+08,-1.18566e+09,0.00105537,0.000158421,1.836e-23
0,2.12637e+09,3.0895e+07,3.19641e+08,6.85332e+09,-8.27609e+08,2.03421e+08,-7.40696e+08,0.000970732,0.000145923,1.81858e-23
0,1.97217e+09,-2.02573e+07,3.31408e+08,-2.89639e+09,8.22993e+08,2.35966e+08,-6.46684e+08,0.000914478,0.000153671,-9.5223e-25
0,2.32843e+09,7.65474e+06,3.32782e+08,1.84006e+09,-9.77656e+08,-5.66865e+07,-2.45181e+08,0.000913426,0.000130548,2.41886e-25
0,1.98254e+09,-2.77532e+07,3.31084e+08,-3.99988e+09,-4.88769e+08,3.65716e+07,-5.77249e+08,0.000931305,0.000155528,-3.61712e-24
0,2.08414e+09,-1.03092e+07,3.09575e+08,-4.6112e+09,-1.54061e+09,-6.43026e+08,-6.88919e+08,0.0010287,0.000152801,-5.95319e-24
0,2.03573e+09,-1.39503e+06,3.04995e+08,5.89009e+09,1.17522e+09,2.30687e+08,-7.28546e+08,0.000919682,0.000137788,1.31628e-23
0,1.96464e+09,-1.95061e+07,3.15498e+08,-5.11602e+09,-5.78627e+08,-3.08695e+08,-8.35551e+08,0.000968832,0.000155583,-1.15725e-23
0,1.87606e+09,-7.2523e+07,2.96655e+08,-7.91969e+09,1.38711e+09,9.81685e+08,-1.05062e+09,0.000944188,0.000149301,-3.87729e-23
0,2.32289e+09,1.09933e+07,3.31101e+08,1.55404e+09,-9.6781e+08,-8.29603e+07,-2.21323e+08,0.000920243,0.00013117,1.86247e-25
0,1.88482e+09,-3.2552e+07,3.31064e+08,-1.92267e+09,-5.19479e+08,1.64948e+08,-4.03307e+08,0.000919491,0.000161506,-4.88812e-25
0,1.92085e+09,-1.03555e+07,2.93201e+08,-4.79756e+09,4.33489e+08,-1.27069e+08,-9.23108e+08,0.000958199,0.00014626,-1.28034e-23
0,2.05446e+09,-8.22035e+06,3.34928e+08,-5.21138e+09,-6.23184e+08,-8.21788e+08,-6.27947e+08,0.000967015,0.000157648,-3.05663e-24
0,2.0496e+09,-3.01589e+07,3.03589e+08,-2.85922e+09,-1.04147e+09,6.11371e+08,-1.0262e+09,0.00103508,0.000153317,-4.67359e-24
0,2.03813e+09,-3.5437e+07,3.21827e+08,-5.0412e+09,-1.14429e+08,-3.00017e+08,-6.93386e+08,0.000939812,0.000148399,-6.95895e-24
0,1.91266e+09,3.4445e+06,3.05206e+08,4.20066e+09,1.25502e+09,-2.52679e+07,-7.8903e+08,0.0010797,0.000172289,1.23431e-23
0,1.94772e+09,2.98482e+07,2.96716e+08,8.68846e+09,1.43604e+09,6.61297e+07,-7.09777e+08,0.00093111,0.000141846,4.70109e-23
0,2.165e+09,-1.96728e+07,3.35685e+08,-3.72158e+09,-2.2654e+08,-3.22105e+08,-5.70763e+08,0.000949949,0.00014729,-1.62645e-24
0,1.90576e+09,-1.31539e+07,2.87173e+08,-1.88265e+09,4.22482e+08,-6.15071e+07,-1.29988e+09,0.00101568,0.000153049,-9.92628e-25
0,1.72263e+09,7.65479e+06,2.80628e+08,1.1936e+09,2.06826e+09,4.11453e+07,-1.75419e+09,0.00104127,0.000169631,8.53009e-25
0,2.01534e+09,-3.07318e+06,3.13248e+08,7.53873e+09,1.71778e+08,7.45451e+08,-5.94605e+08,0.000958275,0.000148947,2.64275e-23
0,1.95453e+09,-5.12727e+07,3.16628e+08,-2.23686e+09,7.4673e+08,3.26976e+08,-1.03037e+09,0.000983903,0.000159389,-1.00828e-24
0,1.93548e+09,1.70121e+07,3.03412e+08,-7.52116e+08,-3.30767e+08,5.23018e+07,-1.33215e+09,0.00106275,0.0001666,1.90454e-25
0,2.02315e+09,-4.03554e+06,3.15487e+08,2.77243e+09,-3.87791e+08,4.08995e+08,-9.8768e+08,0.0010146,0.000158214,1.84098e-24
0,1.97695e+09,-7.44239e+07,3.04529e+08,-5.59859e+09,-1.07717e+09,7.09113e+07,-5.3385e+08,0.000959723,0.000147836,-1.3329e-23
0,2.20823e+09,-1.8825e+07,3.40841e+08,-5.4668e+09,1.50567e+08,-4.17967e+08,-2.87549e+08,0.000886122,0.000136773,-2.18876e-24
0,1.85174e+09,1.99555e+07,2.9439e+08,2.74458e+09,7.32491e+08,-1.03538e+08,-1.54436e+09,0.0010762,0.000171095,6.60813e-24
0,2.19067e+09,2.12524e+07,3.34158e+08,8.15446e+09,-4.86972e+08,2.75553e+08,-5.73382e+08,0.000961535,0.000146669,1.85931e-23
0,2.21428e+09,-5.55173e+06,3.30212e+08,-1.52661e+09,-1.2365e+09,-1.2334e+07,-7.26213e+08,0.00101344,0.000151132,-1.03816e-24
0,2.0141e+09,-5.34609e+06,3.41313e+08,4.43215e+08,4.55737e+07,8.0958e+07,-5.15603e+08,0.000978645,0.000165843,-2.05473e-27
0,2.12296e+09,1.64593e+06,3.43835e+08,-1.92442e+07,-3.13941e+07,-2.83679e+07,-2.57042e+08,0.000941918,0.000152553,8.02099e-30
0,1.88214e+09,9.18653e+06,2.93366e+08,-1.57466e+08,1.29315e+09,1.18249e+08,-1.3239e+09,0.00101005,0.000157435,9.23481e-30
0,2.00363e+09,2.88639e+07,3.08953e+08,-8.84118e+08,3.01023e+08,-1.64214e+07,-9.9331e+08,0.000997563,0.000153821,-1.79523e-27
0,1.86489e+09,-3.73267e+07,2.73833e+08,-2.23694e+09,3.10782e+08,6.58273e+08,-1.36814e+09,0.00103906,0.000152571,-1.35238e-24
0,1.91843e+09,-9.02913e+07,2.96143e+08,-2.39338e+09,-1.00975e+09,4.0218e+08,-7.58654e+08,0.00100197,0.000154671,-3.12083e-24
0,2.14585e+09,-2.5296e+07,3.32037e+08,-4.05307e+09,-4.25445e+08,-2.00421e+08,-7.0454e+08,0.000986472,0.000152641,-3.53229e-24
0,2.0486e+09,8.71669e+07,3.10208e+08,-4.89568e+09,4.98531e+08,1.97009e+08,1.97134e+08,0.00093692,0.000141872,2.50349e-24
0,1.93719e+09,7.29095e+06,3.27459e+08,5.90042e+09,4.96719e+08,1.13171e+08,-9.36329e+08,0.000950095,0.000160602,2.22472e-23
0,1.96607e+09,2.46866e+07,2.83806e+08,1.49856e+09,2.35346e+08,1.46272e+08,-1.241e+09,0.00100766,0.000145458,2.30582e-25
0,2.02633e+09,-7.67497e+06,3.3887e+08,-5.27616e+09,1.6919e+08,-4.64452e+08,-4.88502e+08,0.000918388,0.000153585,-5.9119e-24
0,2.08874e+09,-6.7113e+06,3.36474e+08,-4.40914e+09,2.82226e+08,-7.57843e+07,-5.60924e+08,0.000916765,0.000147681,-3.18834e-24
0,2.07497e+09,-1.68004e+07,2.91631e+08,-2.41225e+09,-6.81811e+08,2.93788e+06,3.33826e+08,0.000988835,0.000138978,4.0858e-25
0,2.04454e+09,-1.19998e+07,2.91146e+08,5.88529e+09,-4.71895e+08,-6.71528e+07,3.25862e+08,0.00091077,0.000129695,-4.42224e-24
0,2.09409e+09,-2.24098e+07,3.34341e+08,-5.06729e+09,2.92453e+08,-1.18886e+08,-5.36902e+08,0.000907099,0.000144827,-4.40457e-24
0,1.97072e+09,9.7275e+06,3.07803e+08,-7.61238e+07,-1.08376e+07,-2.79493e+08,-1.22539e+09,0.00102918,0.000160746,3.14066e-26
0,1.90569e+09,3.59324e+07,2.7404e+08,-6.36681e+09,1.60397e+08,-6.20961e+08,-8.04746e+08,0.00105407,0.000151576,-4.40815e-23
0,1.881e+09,-1.49406e+06,3.28901e+08,3.53449e+09,-1.57167e+07,4.60366e+07,1.72791e+08,0.000955294,0.000167037,-1.03192e-24
0,2.22144e+09,2.75739e+07,3.31165e+08,-3.63885e+09,-4.07412e+08,3.42708e+08,2.09748e+08,0.000886504,0.000132157,2.09471e-25
0,2.1808e+09,3.94638e+07,3.01111e+08,6.28599e+09,-1.40318e+09,-1.92638e+08,-7.31726e+08,0.000999411,0.000137992,2.1596e-23
0,1.89786e+09,-7.6469e+06,2.90998e+08,-5.02861e+07,-1.15623e+08,-3.77762e+08,-1.57565e+09,0.00108594,0.000166507,1.13289e-26
0,1.95298e+09,5.51695e+07,3.09271e+08,8.9991e+09,8.32101e+08,-4.753e+08,-8.6498e+08,0.000925887,0.000146622,5.16418e-23
0,1.73866e+09,8.80114e+06,2.57874e+08,1.56599e+10,-9.69732e+08,-3.78496e+08,3.7429e+08,0.00104135,0.00015445,-3.59265e-22
0,2.04063e+09,7.55255e+06,3.27028e+08,3.23732e+09,6.17548e+08,2.17101e+08,-8.33311e+08,0.000928894,0.000148863,2.52843e-24
0,2.09658e+09,1.13961e+07,3.33129e+08,6.54827e+09,-1.44969e+08,3.55677e+08,-7.48473e+08,0.000982306,0.00015608,1.79344e-23
0,2.01243e+09,2.42441e+06,3.10259e+08,4.57833e+09,-1.09067e+09,4.13574e+08,-7.25707e+08,0.0010085,0.000155482,7.65717e-24
0,2.0435e+09,5.5837e+07,3.09597e+08,1.06054e+10,-6.67273e+08,4.94057e+08,-9.86362e+08,0.000997197,0.000151078,1.17284e-22
0,2.23827e+09,-1.51818e+07,3.28376e+08,1.35092e+09,-1.86002e+09,-1.79518e+08,-4.75272e+08,0.000987264,0.000144841,1.39791e-24
0,2.1769e+09,3.02509e+07,3.33235e+08,6.85529e+09,-2.6508e+08,3.74466e+08,-6.19796e+08,0.000941542,0.000144129,1.10195e-23
0,1.99253e+09,3.05179e+07,3.09096e+08,7.99025e+09,1.25396e+09,1.08201e+08,-9.20971e+08,0.000954292,0.000148037,4.97094e-23
0,2.09885e+09,-3.019e+07,3.32952e+08,-7.55273e+09,-1.88743e+08,-5.17617e+08,-6.56816e+08,0.000965733,0.000153199,-2.13188e-23
0,2.07318e+09,4.25987e+06,3.42989e+08,-3.33764e+09,-1.43934e+07,-2.77966e+08,-1.97849e+07,0.000915361,0.000151438,-3.77608e-26
0,1.98594e+09,-8.43672e+06,3.06658e+08,-3.88467e+09,-8.98439e+08,-2.43945e+08,-1.2123e+09,0.00102885,0.000158869,-1.07522e-23
0,1.91434e+09,-2.36472e+07,2.61808e+08,1.67043e+10,-8.33896e+08,-1.83753e+08,3.82107e+08,0.00110333,0.000150893,-4.19236e-22
0,1.97199e+09,-2.17003e+07,3.10737e+08,-1.93431e+09,4.59089e+08,-3.93377e+08,-8.93181e+08,0.000993089,0.000156487,-1.00108e-24
0,1.75228e+09,-2.15971e+07,2.92772e+08,-4.65777e+07,1.60911e+09,4.65118e+08,-1.4591e+09,0.00101923,0.000170293,2.6105e-26
0,2.11335e+09,-2.87134e+07,3.38329e+08,-6.84983e+09,3.94721e+08,-6.71609e+08,-4.49492e+08,0.000940859,0.000150623,-1.2941e-23
0,2.03039e+09,5.22928e+07,3.15237e+08,8.65404e+09,4.82211e+08,1.24628e+07,-9.25577e+08,0.000977978,0.00015184,6.20189e-23
0,1.68548e+09,-7.37845e+07,2.96879e+08,2.78532e+09,1.27256e+09,5.35468e+08,-7.31634e+08,0.000969718,0.000170805,8.34788e-24
0,2.05504e+09,3.93297e+07,2.90757e+08,-6.66279e+09,-2.34632e+09,-2.52733e+08,-7.50915e+08,0.00110991,0.000157036,-7.44574e-23
0,2.17909e+09,4.55895e+07,3.12705e+08,1.11892e+10,-1.31451e+09,5.173e+07,-7.08645e+08,0.00100859,0.000144736,8.96985e-23
0,1.97735e+09,-2.91843e+07,3.28478e+08,-6.11946e+09,7.83907e+08,-1.75672e+08,-8.0235e+08,0.000927249,0.000154035,-1.812e-23
0,2.15038e+09,2.06082e+07,3.30262e+08,2.25814e+09,-6.99253e+08,2.77244e+08,-8.45177e+08,0.00101061,0.000155213,9.06524e-25
0,1.97199e+09,-3.82198e+07,2.55304e+08,1.49363e+10,-8.29547e+08,-1.48142e+08,3.66203e+08,0.0011518,0.000149118,-3.08032e-22
0,2.10761e+09,-4.28962e+07,3.19353e+08,6.8911e+08,6.60532e+08,3.44349e+08,-7.12889e+08,0.000947361,0.000143548,5.30957e-26
0,1.97376e+09,-1.24271e+07,2.9086e+08,4.92933e+09,-1.95601e+09,-1.27224e+08,-5.90562e+08,0.000967933,0.000142638,2.14591e-23
0,2.00738e+09,-3.69435e+07,3.0565e+08,-4.38089e+08,-1.50056e+09,9.80935e+06,-5.9592e+08,0.000979837,0.000149193,-4.98231e-25
0,2.19025e+09,1.31586e+07,2.92557e+08,1.91242e+09,-2.78835e+08,-1.81063e+08,-3.52777e+08,0.000944602,0.000126173,1.76368e-25
0,2.14546e+09,1.09359e+07,3.34266e+08,4.47507e+09,-1.98094e+08,2.31049e+08,-6.31914e+08,0.00096342,0.000150102,3.83365e-24
0,1.78085e+09,4.98577e+06,2.86815e+08,1.95496e+09,1.63703e+09,4.75687e+08,-1.46621e+09,0.00102597,0.000165237,5.62469e-24
0,1.90254e+09,4.85609e+07,3.01461e+08,-9.13935e+09,-2.29004e+09,1.45553e+08,-7.49225e+08,0.00107173,0.000169817,-2.19302e-22
0,2.27729e+09,2.69763e+07,3.30141e+08,-5.695e+09,7.49303e+07,1.23299e+08,1.89266e+08,0.000905711,0.000131301,1.42306e-24
0,1.96579e+09,2.00394e+07,3.06226e+08,-4.31095e+08,9.03689e+06,-1.79235e+08,-1.23866e+09,0.00101856,0.000158669,1.18192e-25
0,2.05612e+09,-1.15286e+07,3.07514e+08,-5.24137e+09,-1.37244e+09,-7.53632e+08,-1.12265e+09,0.00107933,0.000161425,-1.77605e-23
0,2.09621e+09,4.46663e+07,3.14402e+08,7.70491e+09,-7.02675e+08,1.32e+07,-8.32836e+08,0.00103051,0.000154563,4.47653e-23
0,2.30576e+09,5.99718e+06,3.27478e+08,1.85934e+09,-7.11455e+08,-2.91242e+07,-2.31223e+08,0.000908411,0.000129018,1.36953e-25
0,1.81668e+09,-2.61555e+07,3.12002e+08,3.42512e+09,-1.15961e+09,-4.43846e+06,-9.99344e+08,0.0010303,0.000176946,1.43943e-23
0,1.99398e+09,3.74234e+06,3.2757e+08,-3.32412e+09,1.31109e+09,-1.67037e+08,-7.19144e+08,0.00092189,0.000151448,-2.5429e-24
0,2.10644e+09,1.73172e+07,3.36915e+08,3.13265e+09,-2.32975e+08,5.22365e+08,-6.00493e+08,0.000976093,0.000156121,1.01126e-24
0,2.15661e+09,-4.8344e+07,3.27876e+08,-7.85484e+09,4.42794e+08,-1.49087e+08,-6.06563e+08,0.000910097,0.000138365,-1.6382e-23
0,1.96397e+09,-4.28618e+06,2.78463e+08,-1.95358e+09,-1.84873e+08,-7.70524e+06,-9.7632e+08,0.00103396,0.000146602,-9.17342e-25
0,1.92471e+09,1.27343e+07,3.02655e+08,2.77336e+09,7.62526e+07,1.4048e+08,-1.30016e+09,0.00106799,0.000167939,4.56665e-24
0,2.02066e+09,-2.9033e+07,3.05464e+08,-7.56951e+09,-1.25882e+09,-6.68044e+08,-1.11836e+09,0.00104558,0.000158061,-5.57866e-23
0,2.1451e+09,2.57914e+07,3.09621e+08,4.10855e+09,-1.81505e+09,2.34765e+08,-8.46748e+08,0.00104969,0.000151512,1.3928e-23
0,2.28854e+09,1.9645e+07,3.32246e+08,8.46042e+08,-8.56948e+08,1.69747e+08,-1.02761e+08,0.00088348,0.000128262,4.32423e-26
0,1.94634e+09,-1.83706e+07,3.05808e+08,-3.63038e+08,1.19742e+09,4.93239e+08,-9.31664e+08,0.0010332,0.000162335,-5.24806e-27
0,2.27385e+09,2.2387e+07,3.18389e+08,5.57317e+09,-6.08256e+08,-2.3842e+08,-2.45625e+08,0.000951916,0.000133289,2.99862e-24
0,2.20225e+09,1.74811e+07,2.80975e+08,-4.26665e+09,9.83076e+08,-4.06159e+07,2.42033e+08,0.00102117,0.000130286,2.38306e-24
0,1.81546e+09,-4.28347e+07,3.12592e+08,4.49811e+09,-1.35392e+09,-2.49153e+08,-7.74029e+08,0.0010409,0.000179226,3.04591e-23
0,1.93587e+09,-1.15011e+07,2.82838e+08,-2.25366e+09,-9.28163e+08,-2.59093e+08,-1.02144e+09,0.00101798,0.00014873,-2.65873e-24
0,2.11434e+09,-1.35858e+07,3.19551e+08,-4.66926e+09,-7.28941e+08,-1.65491e+08,-7.80555e+08,0.000959866,0.000145069,-6.07227e-24
0,1.96394e+09,-1.06192e+07,3.15273e+08,7.79598e+09,1.12769e+09,2.8948e+08,-2.84503e+08,0.00106346,0.000170718,3.41674e-23
0,2.05007e+09,-2.23426e+07,3.0055e+08,-1.44202e+09,-1.35317e+09,4.92559e+08,-1.28279e+09,0.00107925,0.000158224,-8.05378e-25
0,1.80334e+09,-3.70043e+07,2.98804e+08,-5.92027e+09,-2.23962e+09,-1.20222e+08,-5.38445e+08,0.0010061,0.000166705,-5.80319e-23
0,2.15157e+09,4.33742e+06,3.3889e+08,8.37054e+08,-4.48816e+08,1.64985e+08,-4.94116e+08,0.000997781,0.000157159,4.51588e-26
0,2.11165e+09,2.14132e+07,3.05287e+08,8.49479e+08,-1.587e+09,1.43756e+08,-9.81272e+08,0.00104957,0.000151739,2.02268e-24
0,2.21566e+09,-2.7764e+06,3.34477e+08,-3.84149e+09,-2.41112e+08,8.78568e+07,-4.81012e+08,0.000945651,0.000142756,-1.59133e-24
0,1.99302e+09,-2.27883e+07,3.12193e+08,-8.62089e+09,-1.75684e+09,-1.92257e+08,-9.23694e+08,0.00103097,0.000161495,-1.0074e-22
0,1.87647e+09,-1.71777e+07,3.21938e+08,-4.01319e+09,8.07233e+08,-1.6305e+07,-1.05441e+09,0.000955175,0.000163875,-9.31366e-24
0,1.85851e+09,4.63153e+06,3.12268e+08,1.02543e+09,5.57798e+08,-2.6109e+08,-1.30582e+09,0.000996328,0.000167404,-3.88697e-26
0,2.21372e+09,2.46564e+07,3.2814e+08,6.45062e+08,-1.31508e+09,-3.95341e+08,-2.02696e+08,0.000924054,0.000136973,6.56828e-27
0,1.96834e+09,-1.0041e+07,2.81981e+08,6.67281e+09,-1.92832e+08,3.31624e+08,-6.39929e+08,0.00104801,0.000150136,3.05029e-23
0,2.00026e+09,-1.59202e+07,3.23396e+08,-5.84743e+09,4.96562e+07,-2.79062e+08,-1.10036e+09,0.000984229,0.000159127,-2.44854e-23
0,2.18372e+09,-7.5842e+06,3.35653e+08,-3.60203e+09,-7.24667e+08,-1.87875e+08,-5.7838e+08,0.000973733,0.000149669,-1.90075e-24
0,2.11602e+09,1.05471e+06,2.93392e+08,8.44876e+08,5.06645e+08,-7.91255e+07,2.1898e+08,0.000922845,0.000127955,-3.08836e-26
0,2.1216e+09,9.73922e+06,3.36134e+08,3.05515e+09,2.55369e+08,9.00723e+07,-5.52012e+08,0.000910504,0.000144255,9.36949e-25
0,1.99704e+09,3.6706e+07,3.03819e+08,7.8291e+08,-7.21337e+08,-1.36319e+08,-1.20039e+09,0.00105472,0.000160459,4.34159e-26
0,1.78812e+09,-3.9721e+07,2.98214e+08,-4.22997e+09,-4.03578e+08,-1.01792e+08,-7.13682e+08,0.00100395,0.000167434,-1.1662e-23
0,2.00091e+09,-2.30449e+07,3.30229e+08,-6.52115e+09,-4.18859e+08,-7.73657e+08,-6.84902e+08,0.000968662,0.000159868,-1.4034e-23
0,2.30594e+09,1.95986e+07,3.30939e+08,4.04862e+09,-6.21481e+08,-1.48129e+08,-2.3885e+08,0.000900396,0.000129221,8.27608e-25
0,2.20005e+09,973182,2.98104e+08,-1.9628e+09,7.19179e+08,2.14942e+07,4.99072e+07,0.00092348,0.00012513,1.11365e-25
0,1.76791e+09,-4.00584e+07,2.97037e+08,6.80423e+09,-6.38089e+08,2.20297e+08,-1.00278e+09,0.00107693,0.000180941,1.00723e-22
0,2.05044e+09,3.97381e+07,3.17652e+08,8.98485e+09,5.46869e+08,-1.85306e+08,-8.2201e+08,0.000946422,0.000146619,4.78219e-23
0,2.0311e+09,-4.04944e+06,3.41564e+08,-7.14761e+08,-1.66314e+07,-1.17599e+07,-4.99636e+08,0.000980021,0.000164807,-9.75987e-27
0,2.0871e+09,-1.52627e+07,3.0669e+08,-4.9761e+09,-1.61629e+09,1.55209e+08,-9.65148e+08,0.0010559,0.00015516,-2.73429e-23
0,2.04846e+09,-1.22469e+07,3.06576e+08,-1.3196e+09,-1.2007e+09,-3.00565e+08,-1.20313e+09,0.00106887,0.000159969,-2.29298e-24
0,2.19403e+09,-1.09892e+07,3.38672e+08,1.28504e+09,2.62473e+08,-1.11316e+08,-3.52388e+08,0.000893162,0.000137869,2.69549e-26
0,1.93226e+09,7.00055e+06,2.96679e+08,-1.92871e+09,8.97158e+08,-5.1178e+07,-1.1562e+09,0.00101681,0.000156121,-1.36008e-24
0,1.73456e+09,-5.92579e+07,2.842e+08,-1.78503e+09,1.19017e+09,1.35757e+08,-1.34261e+09,0.000995785,0.000163156,-1.50876e-24
0,2.07315e+09,-1.80304e+07,3.14859e+08,-4.22491e+09,-1.41269e+09,-2.91903e+08,-1.05338e+09,0.00106241,0.000161353,-1.49946e-23
0,1.96854e+09,3.66961e+06,3.23602e+08,-2.02611e+09,9.21054e+08,-3.30933e+08,-8.51722e+08,0.000931201,0.000153077,-1.09003e-24
0,1.99647e+09,8.20646e+06,2.8301e+08,9.52464e+08,-7.10358e+07,7.70882e+07,-1.04444e+09,0.0010071,0.000142762,-2.38613e-26
0,2.06412e+09,-6.17382e+07,2.98046e+08,-6.71545e+09,-8.46149e+07,2.2146e+08,-7.67127e+08,0.000982333,0.000141843,-2.25574e-23
0,2.09853e+09,-3.19859e+07,3.32323e+08,-4.69569e+09,6.37975e+07,-5.1195e+08,-7.33578e+08,0.000952656,0.000150862,-5.69501e-24
0,1.92987e+09,-3.00692e+07,2.55044e+08,4.315e+09,-8.52276e+08,-3.45341e+07,6.73684e+08,0.0010036,0.000132632,-7.93707e-24
0,1.9773e+09,1.03103e+07,3.07973e+08,-1.8274e+09,-2.52961e+08,-1.68813e+08,-1.28979e+09,0.00101763,0.0001585,-5.83772e-25
0,2.0764e+09,-1.31508e+07,3.37235e+08,-8.78515e+09,1.60242e+08,-4.57234e+08,-5.50892e+08,0.000933232,0.000151569,-2.84596e-23
0,1.88565e+09,-8.34738e+06,3.0276e+08,-1.67318e+08,-2.14999e+08,5.81519e+07,-1.32172e+09,0.00105895,0.000170025,9.74118e-26
0,2.15428e+09,2.34432e+07,3.3358e+08,1.21809e+09,1.17205e+08,1.85624e+08,-6.11645e+08,0.000932541,0.0001444,5.35817e-26
0,1.77239e+09,3.88978e+07,2.92478e+08,-7.63574e+08,-3.54684e+08,-7.92526e+08,-1.1449e+09,0.0010119,0.000166982,7.69356e-25
0,2.00978e+09,-3.23383e+07,3.129e+08,-6.52359e+09,-6.14867e+08,-4.41601e+08,-1.0637e+09,0.00103199,0.000160669,-3.66818e-23
0,2.02589e+09,2.90019e+07,3.11075e+08,8.71125e+09,2.39454e+08,-2.84099e+08,-8.51645e+08,0.000958601,0.000147193,5.14688e-23
0,2.104e+09,2.92781e+07,3.15269e+08,-4.3599e+09,-1.50343e+09,2.2278e+08,-4.92335e+08,0.0010215,0.000153064,-1.05049e-23
0,2.24747e+09,3.80536e+07,3.22297e+08,6.29619e+09,-1.78847e+08,-2.77732e+08,-4.06208e+08,0.000939193,0.000134684,5.40617e-24
0,2.02821e+09,1.32383e+07,3.18892e+08,3.59729e+09,1.52787e+09,1.89741e+08,-4.45604e+08,0.00100661,0.000158267,2.07954e-24
0,2.12975e+09,1.78496e+06,3.44058e+08,1.00686e+08,-1.32801e+07,-3.73515e+07,-2.26343e+08,0.000934622,0.000150987,-7.00013e-29
0,2.2036e+09,9.43559e+06,3.41165e+08,7.10938e+08,1.2079e+07,2.34016e+08,-2.53763e+08,0.000903678,0.000139909,2.3465e-27
0,2.0934e+09,3.13761e+07,3.17122e+08,5.21667e+09,-1.04277e+09,3.07113e+08,-9.17431e+08,0.00100588,0.000152378,1.29739e-23
0,2.0446e+09,-4.46322e+07,3.09635e+08,-7.81895e+09,-5.08747e+08,-2.71205e+08,-1.00655e+09,0.00101548,0.000153784,-5.48122e-23
0,1.85435e+09,4.94777e+07,3.19922e+08,3.71611e+09,1.81268e+09,-2.39592e+08,-1.02329e+09,0.000947116,0.000163402,3.64072e-24
0,1.89837e+09,5.93897e+06,2.74427e+08,8.2428e+08,1.64713e+09,-2.26829e+08,-8.47619e+08,0.0010783,0.000155878,-3.49875e-25
0,1.95966e+09,2.74671e+07,3.25931e+08,-6.9506e+08,-6.26187e+06,3.25032e+08,-5.88251e+08,0.00102103,0.000169818,5.28602e-27
0,2.33078e+09,-3.92889e+06,3.29171e+08,-8.66867e+08,-1.04061e+09,3.42967e+07,-1.39623e+08,0.00089515,0.00012642,-7.88777e-26
0,2.1707e+09,-2.51382e+07,3.35541e+08,-6.00309e+09,1.22971e+07,-4.55286e+08,-5.35614e+08,0.000931225,0.000143946,-6.59938e-24
0,1.83052e+09,-2.98162e+07,2.8808e+08,2.4215e+09,-4.97278e+08,-8.98476e+07,-9.95678e+08,0.00105276,0.000165679,3.65031e-24
0,2.25691e+09,-2.56648e+06,3.15209e+08,9.54193e+08,-3.05571e+08,8.92676e+07,-2.67417e+08,0.000919983,0.000128489,1.22132e-26
0,1.81708e+09,-5.65208e+07,3.06273e+08,-8.16382e+08,1.75538e+09,8.19679e+08,-1.11193e+09,0.000971573,0.000163761,-3.92721e-26
0,1.92756e+09,2.09101e+07,3.22805e+08,-7.31523e+08,-5.41566e+08,-2.99253e+07,-7.21198e+08,0.00101023,0.000169182,-1.19006e-25
0,1.93688e+09,4.02028e+07,3.02992e+08,4.84694e+09,1.32801e+09,-2.969e+08,-1.14636e+09,0.000976454,0.00015275,1.35555e-23
0,1.92845e+09,-1.62122e+07,2.9829e+08,-1.17918e+09,2.10327e+08,1.69168e+08,-1.3899e+09,0.00104473,0.000161598,1.45466e-25
0,2.0936e+09,-6.5962e+07,3.14152e+08,-7.69239e+09,9.43597e+08,1.83636e+08,-5.1192e+08,0.00090881,0.00013637,-1.23289e-23
0,2.00876e+09,4.30539e+07,3.22836e+08,6.53454e+09,2.90307e+08,-3.12357e+08,-7.81023e+08,0.00100833,0.000162052,2.59883e-23
0,2.00591e+09,-1.57847e+07,3.16732e+08,3.37657e+09,7.9516e+08,3.9011e+08,-8.95478e+08,0.000938698,0.00014822,4.13807e-24
0,1.8893e+09,2.601e+07,3.02807e+08,2.10684e+09,9.96034e+08,-5.75177e+08,-1.3272e+09,0.00100781,0.000161527,9.55604e-25
0,1.81859e+09,4.82291e+07,2.87061e+08,-1.11552e+10,-8.87423e+08,-4.8344e+08,-7.21068e+08,0.000993485,0.00015682,-1.66316e-22
0,2.02984e+09,-1.73327e+07,2.97905e+08,2.3238e+09,-1.13393e+09,4.25816e+07,-1.12935e+09,0.00104436,0.000153274,3.98618e-24
0,2.01838e+09,2.77111e+07,3.28588e+08,-1.06027e+09,-1.41042e+09,1.03953e+08,-4.82335e+08,0.00101465,0.000165184,-1.06184e-24
0,2.07115e+09,-2.14263e+07,3.34565e+08,-1.16514e+10,-9.77647e+07,-8.85655e+08,-3.71236e+08,0.000962282,0.000155443,-4.63553e-23
0,1.89401e+09,-1.55564e+06,3.14867e+08,-4.55468e+09,6.29471e+08,-1.79712e+08,-8.61469e+08,0.000948053,0.000157608,-1.10706e-23
0,2.14815e+09,1.25482e+07,3.06164e+08,4.08772e+09,-2.19449e+08,-9.6237e+07,-7.23722e+08,0.000963654,0.000137345,3.58035e-24
0,2.10861e+09,-1.3495e+07,3.2208e+08,-1.74256e+09,-1.32281e+09,-1.58673e+07,-8.31392e+08,0.00103978,0.000158822,-2.23527e-24
0,2.05054e+09,-4.23073e+07,2.84173e+08,-3.43768e+08,-4.97611e+08,2.37339e+08,-8.32747e+08,0.00103075,0.000142845,6.63033e-26
0,2.09625e+09,3.23911e+07,3.03192e+08,2.00991e+09,-9.82039e+08,1.02482e+08,-9.91122e+08,0.00100543,0.000145421,1.5661e-24
0,2.11678e+09,3.45251e+07,3.16634e+08,7.34689e+09,-5.65428e+08,-1.05676e+08,-7.3514e+08,0.000953471,0.000142623,2.26482e-23
0,2.04748e+09,-4.96648e+06,3.4119e+08,-1.46457e+08,-2.92918e+07,-3.42137e+07,-5.22318e+08,0.000973504,0.000162224,1.79993e-27
0,2.23483e+09,-1.40678e+07,3.2134e+08,4.68992e+09,-1.7292e+09,-4.45871e+08,-2.25689e+08,0.00091872,0.0001321,5.32801e-24
0,1.92859e+09,5.315e+07,3.10555e+08,6.03819e+09,1.01886e+09,-6.8514e+08,-9.37744e+08,0.000957255,0.000154144,1.67451e-23
0,2.12634e+09,1.61576e+07,3.16276e+08,3.55259e+09,-4.83707e+08,-2.89781e+08,-8.4458e+08,0.00103249,0.000153574,4.49803e-24
0,2.09924e+09,8.56316e+06,3.18683e+08,3.00129e+09,-1.04061e+09,-5.54725e+08,-9.0894e+08,0.0010238,0.000155421,4.3616e-24
0,2.17594e+09,-1.36397e+07,3.25154e+08,3.98514e+08,-6.52142e+08,-8.5173e+07,-6.48233e+08,0.000964827,0.000144176,1.45958e-26
0,2.0202e+09,5.57163e+07,3.10117e+08,-3.5949e+09,-1.61036e+09,6.50541e+07,-7.12998e+08,0.00103368,0.000158678,-1.17804e-23
0,2.01167e+09,-4.9655e+07,3.09e+08,-1.51661e+09,-2.65178e+09,-3.28601e+08,-4.3046e+08,0.00106539,0.000163647,-1.45663e-23
0,1.93395e+09,2.92894e+06,3.14149e+08,-2.4201e+09,3.12081e+08,-1.81045e+08,-1.25583e+09,0.00102552,0.000166585,-2.42007e-24
0,1.95066e+09,-3.72357e+06,3.27527e+08,-9.75231e+08,-1.66972e+08,-2.28757e+08,-1.01201e+09,0.000991723,0.000166516,2.26215e-26
0,1.94952e+09,-1.19062e+07,3.01234e+08,3.56326e+09,7.77599e+08,-7.47448e+07,-7.72428e+08,0.00108019,0.000166908,6.84731e-24
0,2.11336e+09,2.8591e+07,2.67687e+08,-5.17972e+09,2.82923e+08,2.13548e+07,3.65934e+08,0.00105262,0.000133329,6.34686e-24
0,2.05489e+09,-3.98544e+06,3.42953e+08,-4.07513e+08,-2.48777e+07,-3.83735e+07,-3.5975e+08,0.000972437,0.000162296,-4.57893e-28
0,2.0878e+09,-1.80176e+07,2.90644e+08,-1.21656e+10,-6.5463e+08,-3.63785e+07,-2.60679e+08,0.00098612,0.000137279,-4.41426e-23
0,2.06052e+09,-9.16634e+06,3.10511e+08,-2.09155e+09,-1.06843e+09,2.03409e+08,-1.02771e+09,0.00103206,0.000155527,-2.3714e-24
0,2.19503e+09,1.13287e+07,3.33438e+08,3.34933e+08,-6.84835e+08,1.94532e+08,-6.5237e+08,0.000969062,0.000147207,6.85802e-26
0,2.05512e+09,-1.35342e+07,3.1771e+08,1.515e+09,-3.82112e+08,2.74224e+08,-1.08886e+09,0.00100774,0.000155791,2.24403e-25
0,1.96532e+09,2.78381e+07,3.05352e+08,9.05784e+08,-4.60207e+08,-5.30091e+08,-1.21157e+09,0.00103481,0.000160779,-3.79285e-25
0,1.92901e+09,1.32241e+07,3.16036e+08,-2.37824e+09,4.17133e+08,-4.88753e+08,-1.11967e+09,0.00102307,0.000167614,-2.57204e-24
0,2.11616e+09,4.41782e+07,3.09789e+08,1.55651e+10,5.36886e+08,2.28241e+07,-3.3004e+08,0.000990454,0.000144995,1.12535e-22
0,1.99297e+09,-5.87883e+07,3.07588e+08,-4.72237e+09,2.11955e+09,5.94009e+08,-6.40039e+08,0.000881007,0.000135972,2.84071e-24
0,2.18539e+09,1.8842e+07,3.125e+08,-5.56833e+09,-1.98914e+09,2.65399e+07,-5.34995e+08,0.00108416,0.000155029,-2.62469e-23
0,1.9708e+09,-6.89285e+07,3.10195e+08,-3.88351e+09,-1.49906e+09,-1.48607e+07,-6.79989e+08,0.000995156,0.000156633,-1.0751e-23
0,2.12428e+09,-5.13492e+07,3.04017e+08,-7.34556e+09,-4.81698e+08,-1.00105e+08,-6.36004e+08,0.000989707,0.000141642,-2.16977e-23
0,2.02329e+09,5.2084e+06,3.04996e+08,-1.32596e+10,-2.25423e+09,-2.19564e+08,-3.94113e+08,0.000973371,0.000146728,-1.07332e-22
0,1.90108e+09,5.8008e+07,2.98699e+08,3.63843e+09,1.8691e+09,-7.48484e+08,-1.06284e+09,0.000945645,0.000148581,2.32131e-25
0,1.74439e+09,-1.94277e+07,2.97697e+08,-2.17132e+09,3.00397e+08,-3.85274e+08,-7.44315e+08,0.00102483,0.000174896,-2.36288e-24
0,2.09557e+09,9.26707e+06,3.22196e+08,3.21924e+09,-1.33619e+09,4.80635e+08,-7.98029e+08,0.00101068,0.000155394,3.60659e-24
0,2.05049e+09,-3.86007e+06,3.4175e+08,-5.93685e+08,-2.29873e+07,-7.2902e+06,-4.76391e+08,0.00097036,0.000161727,-3.40439e-27
0,2.02106e+09,2.96097e+07,3.12702e+08,1.2328e+09,7.91391e+08,8.76448e+07,-8.41599e+08,0.000940948,0.000145585,1.66816e-25
0,2.23521e+09,-1.62171e+07,3.38679e+08,-2.11259e+09,6.70589e+07,-2.14338e+08,-2.95656e+08,0.000887406,0.00013446,-1.13604e-25
0,1.87318e+09,8.38525e+06,2.54146e+08,-6.01568e+09,-1.01338e+09,2.82158e+08,7.15517e+08,0.000989571,0.000134261,2.06036e-23
0,2.13119e+09,2.89792e+07,3.30968e+08,6.98143e+09,788287,1.6358e+08,-7.02988e+08,0.000940846,0.000146111,1.58562e-23
0,2.08554e+09,-8.51004e+06,3.0944e+08,-5.04424e+09,-1.20377e+09,-1.49447e+08,-1.01437e+09,0.00100762,0.000149505,-1.60607e-23
0,2.04821e+09,-7.4383e+06,3.16178e+08,-4.32159e+09,-1.06188e+09,-1.02943e+08,-9.55849e+08,0.000999522,0.000154294,-1.02372e-23
0,2.14375e+09,1.36471e+07,3.15288e+08,3.44226e+09,-1.53478e+09,-5.1127e+08,-7.51101e+08,0.0010127,0.000148941,7.38047e-24
0,2.21831e+09,700762,2.80518e+08,-4.33563e+09,1.59352e+09,-1.78221e+08,3.71914e+08,0.00107571,0.00013603,6.78225e-24
0,2.06927e+09,-1.43472e+06,2.60164e+08,-1.61284e+08,2.25836e+08,7.97917e+07,-4.11325e+08,0.000957186,0.000120344,2.04283e-28
0,1.85139e+09,-8.27526e+07,3.09431e+08,-3.04899e+09,-7.87383e+08,-1.14438e+07,-5.17142e+08,0.000973883,0.000162769,-3.21208e-24
0,2.29917e+09,-9.39799e+06,3.28573e+08,-1.85659e+09,-4.07097e+08,1.28847e+08,-1.54122e+08,0.00089161,0.00012742,-6.24063e-26
0,2.08169e+09,-7.6434e+06,3.29899e+08,-1.52496e+09,-5.43666e+08,-1.98739e+06,-9.04779e+08,0.00100992,0.000160048,-4.07627e-25
0,2.13062e+09,4.02791e+07,2.94559e+08,1.59447e+10,1.12301e+09,-1.90909e+08,1.78983e+07,0.00107836,0.000149083,-3.68722e-23
0,2.0422e+09,-3.72329e+06,3.43173e+08,-6.09929e+08,382346,-4.85016e+06,-3.3179e+08,0.000968349,0.000162722,-5.08095e-27
0,2.25481e+09,3.97528e+07,3.11195e+08,-4.11303e+09,6.74268e+08,5.23024e+08,3.32535e+08,0.000931632,0.000128578,1.87407e-24
0,2.32079e+09,4.97226e+06,3.22265e+08,1.57408e+09,-1.08388e+09,8.42872e+06,-2.41526e+08,0.000935708,0.000129932,2.66261e-25
0,2.03153e+09,-1.98965e+07,3.24413e+08,-1.32659e+09,-1.40961e+08,1.54397e+08,-1.00863e+09,0.00101,0.000161286,-1.20991e-25
0,2.09604e+09,-3.03461e+06,3.35117e+08,-5.47354e+09,-1.01671e+09,-6.60019e+08,-5.08051e+08,0.00097589,0.000156026,-2.42779e-24
0,1.74392e+09,-7.77242e+07,3.08122e+08,3.0331e+08,7.25284e+08,4.08848e+08,-5.4613e+08,0.000953677,0.000168499,5.10022e-26
0,1.92727e+09,2.19842e+07,3.06147e+08,6.86765e+08,-3.40249e+08,-1.95825e+08,-1.25266e+09,0.00102758,0.000163232,-1.94847e-25
0,2.0693e+09,-2.53477e+07,3.31828e+08,-1.21207e+09,-7.44039e+08,-1.84928e+08,2.79934e+08,0.00102014,0.000163587,8.33068e-26
0,1.90407e+09,1.69289e+07,3.0917e+08,-6.34281e+08,2.31805e+08,-3.81309e+08,-1.24904e+09,0.00101672,0.000165088,2.2405e-25
0,1.75693e+09,2.08395e+07,2.86292e+08,3.15605e+09,2.16955e+09,-4.08818e+08,-8.48596e+08,0.00105887,0.000172542,-5.90237e-24
0,1.96896e+09,-1.84257e+07,3.28165e+08,-1.44329e+09,3.19355e+08,2.0979e+08,-9.29821e+08,0.000995061,0.000165846,-2.05831e-25
0,2.17012e+09,1.14474e+07,3.1864e+08,2.71698e+09,-1.81527e+09,-3.42943e+08,-6.65138e+08,0.00101591,0.000149167,5.51849e-24
0,1.98476e+09,1.00209e+06,3.05309e+08,-9.26106e+08,5.27439e+08,-1.50976e+08,-1.02631e+09,0.00101002,0.000155368,-6.56814e-26
0,1.83198e+09,1.40113e+07,3.01257e+08,-7.75684e+09,-3.16625e+08,-5.97488e+08,-8.89482e+08,0.000975194,0.000160364,-6.25217e-23
0,2.00168e+09,1.36323e+06,3.33166e+08,-7.15297e+08,1.26017e+08,-1.02169e+08,-7.7713e+08,0.000961722,0.000160072,3.82057e-27
0,2.15657e+09,-1.59699e+07,3.19326e+08,-2.2969e+09,-1.01718e+09,-7.67479e+07,3.46499e+08,0.000897251,0.000132857,1.4655e-25
0,2.08538e+09,5.12536e+07,3.24559e+08,5.73948e+09,6.32421e+08,-2.81691e+06,-7.74387e+08,0.000983442,0.000153059,1.36218e-23
0,2.27511e+09,1.77847e+07,3.22671e+08,6.7596e+09,-1.62724e+09,1.21639e+08,-4.93137e+08,0.000973556,0.000138076,1.20888e-23
0,1.99968e+09,4.22347e+07,3.08708e+08,7.90276e+09,-6.29094e+08,-3.87292e+08,-9.61092e+08,0.00102229,0.00015782,7.21329e-23
0,1.99874e+09,9.47904e+06,3.04631e+08,-3.99905e+09,-5.28397e+08,7.41391e+07,-9.66609e+08,0.000981459,0.000149586,-7.32097e-24
0,2.02877e+09,-4.26695e+06,3.42228e+08,-5.03297e+07,2.98518e+07,2.81029e+07,-4.32103e+08,0.00096569,0.0001629,3.49566e-28
0,1.97463e+09,2.05445e+07,3.13005e+08,-2.05041e+09,9.76793e+08,-3.94281e+08,-1.10585e+09,0.000974031,0.000154397,-1.76639e-24
0,2.08224e+09,-1.09894e+07,3.38414e+08,-7.18984e+09,-9.11177e+07,-2.55277e+08,-5.09446e+08,0.000939807,0.000152742,-1.37795e-23
0,2.27715e+09,-1.15812e+07,3.23446e+08,2.7823e+09,-1.44749e+09,-2.78016e+08,-2.22953e+08,0.00091473,0.000129928,1.23901e-24
0,2.14642e+09,3.02346e+07,3.24737e+08,5.82636e+09,3.92574e+08,-1.04229e+08,-5.25555e+08,0.000921512,0.000139418,5.81661e-24
0,1.93575e+09,1.41635e+07,3.23297e+08,-7.20342e+08,7.92058e+08,-1.04533e+08,-9.16327e+08,0.000994658,0.000166122,-6.53537e-26
0,1.87872e+09,2.98997e+07,2.65004e+08,6.6396e+09,-7.47296e+08,-2.91711e+08,-1.16815e+09,0.00103892,0.000146546,7.69304e-23
0,1.67883e+09,-5.97162e+07,2.92876e+08,4.07547e+09,2.44536e+08,5.89078e+08,-9.4432e+08,0.00098467,0.000171778,1.82853e-23
0,2.14577e+09,129684,3.44458e+08,-2.03635e+08,-9.18144e+06,-5.01867e+07,-1.70817e+08,0.000920804,0.000147815,-5.02236e-30
0,1.99442e+09,-2.5528e+07,3.13637e+08,-1.64599e+09,5.43282e+08,-3.91652e+08,-8.52304e+08,0.000987245,0.000155252,-6.34512e-25
0,2.09937e+09,2.41893e+07,3.06208e+08,-4.97063e+08,-7.44096e+08,2.64534e+07,-8.78856e+08,0.00099711,0.000145435,-7.37032e-26
0,1.98361e+09,2.9663e+07,3.30669e+08,2.83226e+09,-5.9686e+08,7.79662e+07,-4.57206e+08,0.000942202,0.000157065,1.12711e-24
0,1.96157e+09,8.3878e+06,3.18846e+08,6.11979e+09,1.5273e+09,2.03149e+08,-4.10501e+08,0.00103537,0.000168296,1.69406e-23
0,2.00395e+09,-1.76336e+06,3.11057e+08,2.195e+09,-5.79895e+08,-2.19333e+08,-1.13741e+09,0.00102472,0.000159059,1.7063e-24
0,1.93023e+09,-6.8711e+06,3.01905e+08,-3.03762e+09,-3.52888e+08,-4.84245e+07,-1.27823e+09,0.00102741,0.000160696,-5.26716e-24
0,2.04665e+09,3.83645e+07,2.93369e+08,3.96358e+09,-1.46427e+09,-3.06781e+08,-1.167e+09,0.00106336,0.000152424,1.94541e-23
0,2.18591e+09,3.02603e+07,3.24069e+08,5.29623e+09,-2.80282e+08,-1.83561e+08,-4.82335e+08,0.000942041,0.000139661,4.49473e-24
0,2.22197e+09,2.97691e+07,2.88498e+08,2.40566e+09,1.79914e+09,6.6997e+07,-2.775e+06,0.0010338,0.000134227,-2.34342e-24
0,1.97006e+09,5.80186e+07,3.0779e+08,4.56847e+09,1.95727e+08,-8.15225e+08,-1.03427e+09,0.00103559,0.000161794,1.27358e-23
0,2.00036e+09,-4.68359e+07,2.9857e+08,4.05654e+09,-1.58811e+09,-1.39767e+08,-7.30112e+08,0.000983301,0.000146766,1.24595e-23
0,2.16953e+09,-3.28344e+06,3.17674e+08,-3.82085e+09,-9.56941e+08,3.22297e+08,-6.69853e+08,0.000967427,0.000141656,-4.09507e-24
0,1.92777e+09,-5.15318e+06,2.75047e+08,-3.02161e+09,-1.17559e+09,-2.81034e+08,7.35623e+08,0.0010025,0.000143032,4.34285e-24
0,1.91243e+09,3.23646e+07,3.20168e+08,1.8368e+09,1.54601e+09,-3.27868e+08,-1.00913e+09,0.000937873,0.000157013,6.03184e-26
0,1.769e+09,-6.52453e+07,2.91325e+08,9.20562e+09,-3.66056e+08,4.99609e+08,-6.23948e+08,0.00105947,0.000174478,1.33195e-22
0,2.01761e+09,1.42245e+07,3.13198e+08,1.01472e+09,5.44369e+08,-8.51942e+08,-8.6903e+08,0.000975986,0.000151504,-3.92111e-27
0,1.93639e+09,-5.53631e+06,3.02066e+08,-5.63449e+09,-1.24543e+09,3.83969e+07,-6.6575e+08,0.00101834,0.000158855,-2.58417e-23
0,2.1331e+09,6.51615e+07,3.17228e+08,8.43829e+09,1.0117e+09,-3.14196e+08,-4.73293e+08,0.000902604,0.000134233,1.16366e-23
0,2.15516e+09,2.05745e+07,3.35957e+08,2.57784e+09,-7.27542e+08,3.33393e+08,-4.75119e+08,0.0009729,0.000151661,4.67532e-25
0,2.02941e+09,4.29947e+07,3.11132e+08,-7.60497e+08,3.61297e+08,-4.99573e+08,-8.92216e+08,0.000985504,0.000151089,-2.472e-27
0,2.00884e+09,4.81332e+06,3.13884e+08,3.28426e+09,-4.58682e+08,-2.00572e+08,-1.02508e+09,0.00102142,0.000159598,5.05188e-24
0,1.88226e+09,9.17883e+06,3.01664e+08,4.46414e+08,2.33137e+09,-1.06187e+08,-9.78227e+08,0.000919076,0.000147297,-3.62206e-25
0,2.02387e+09,-1.40627e+07,2.76098e+08,-1.17329e+10,-1.27036e+09,-8.64482e+08,1.69541e+08,0.00108464,0.000147967,1.32531e-22
0,1.95611e+09,1.34441e+07,2.99503e+08,4.39037e+09,3.72262e+08,-5.15719e+08,-1.10859e+09,0.000972478,0.000148898,9.41336e-24
0,1.75984e+09,-2.01611e+07,2.88941e+08,1.15801e+10,2.23667e+09,3.79981e+08,-9.07486e+08,0.00100664,0.000165275,4.05294e-22
0,1.99804e+09,1.40797e+07,2.67648e+08,1.05216e+10,1.28545e+09,1.13224e+09,6.05748e+08,0.00105794,0.000141718,-2.92775e-23
0,2.10474e+09,-1.71389e+07,3.15575e+08,-3.62432e+09,-1.28449e+09,-1.54883e+07,-9.59127e+08,0.00102878,0.000154251,-8.31899e-24
0,2.14363e+09,1.51344e+07,3.34066e+08,1.18625e+09,-3.68387e+08,3.1074e+08,-7.01592e+08,0.000980786,0.000152847,4.48582e-26
0,2.10281e+09,3.731e+07,3.20209e+08,8.47739e+09,3.75945e+08,3.997e+08,-7.57018e+08,0.00094173,0.000143403,3.54267e-23
0,1.83534e+09,-2.73925e+07,2.60123e+08,-1.14971e+10,-1.91161e+09,-1.10131e+09,1.92574e+08,0.00103095,0.000146116,2.53101e-22
0,2.02852e+09,5.21338e+07,3.17749e+08,5.22341e+09,1.93942e+08,1.79273e+08,-7.08228e+08,0.000967513,0.000151552,1.00775e-23
0,1.97008e+09,5.8569e+07,3.12511e+08,6.36315e+09,1.08757e+09,-4.45723e+08,-9.99283e+08,0.000982229,0.00015581,2.49875e-23
0,2.1325e+09,6.93193e+06,3.0789e+08,-5.43349e+08,-1.99501e+09,-6.68678e+08,-9.46198e+08,0.00104982,0.000151572,-4.85135e-24
0,1.91795e+09,1.47642e+07,2.54929e+08,3.72921e+09,-1.23517e+09,4.61129e+08,-1.23679e+09,0.00112457,0.000149475,1.92672e-23
0,1.85054e+09,-1.36298e+07,2.96424e+08,5.8246e+08,1.12617e+09,2.46412e+08,-1.34296e+09,0.000996332,0.000159595,9.35772e-26
0,2.15353e+09,4.61995e+06,3.36469e+08,-6.42428e+08,-4.43017e+08,1.40202e+08,-6.19502e+08,0.00099001,0.00015468,-1.43024e-26
0,2.15974e+09,2.93308e+07,3.15167e+08,1.14975e+10,2.94331e+08,7.79956e+07,-3.37281e+08,0.000999962,0.000145923,4.4406e-23
0,2.03313e+09,-2.17233e+07,2.95779e+08,-3.96067e+09,-1.46295e+09,1.16856e+08,-1.25217e+09,0.0010876,0.000158224,-2.28251e-23
0,2.10126e+09,-1.96417e+07,3.25048e+08,-8.23915e+09,-1.35304e+09,-6.05298e+08,-5.47614e+08,0.00098253,0.000151989,-1.62731e-23
0,2.20604e+09,2.74079e+07,3.30395e+08,6.73457e+09,-5.93434e+08,2.90918e+08,-5.29892e+08,0.000938603,0.000140573,7.89668e-24
0,2.27018e+09,-8.32026e+06,3.19455e+08,5.38076e+07,1.61594e+08,-1.21423e+08,1.12226e+08,0.000921774,0.00012971,1.38661e-28
0,2.20458e+09,-3.05534e+07,3.07666e+08,8.98563e+09,-2.27411e+08,-2.85814e+08,1.53531e+08,0.00099768,0.000139234,-7.30941e-24
0,1.96425e+09,5.47957e+07,3.14597e+08,6.88697e+09,5.27975e+08,-2.99812e+08,-9.88786e+08,0.000998562,0.000159931,4.04336e-23
0,2.18343e+09,5.77545e+07,2.95107e+08,-9.2324e+09,5.18143e+08,5.09317e+08,3.59522e+08,0.00101236,0.000136828,2.95598e-23
0,2.03225e+09,-8.89046e+06,3.08396e+08,1.02374e+09,-1.40357e+08,1.29821e+08,-6.14758e+08,0.0010249,0.000155529,5.06975e-26
0,1.93628e+09,4.47142e+07,3.08925e+08,7.84555e+09,1.88535e+09,2.25837e+08,-8.57931e+08,0.000949714,0.000151523,5.18683e-23
0,2.06942e+09,3.29004e+07,3.17448e+08,4.79598e+09,-8.45166e+08,1.42897e+08,-6.50335e+08,0.00101734,0.00015606,8.57684e-24
0,2.1871e+09,5.20248e+07,3.17185e+08,6.22812e+09,1.91448e+08,-3.26638e+08,-4.93879e+08,0.000922457,0.00013378,5.94473e-24
0,2.02859e+09,-1.83398e+07,3.01572e+08,3.90188e+09,-9.9424e+07,2.67264e+08,-9.96147e+08,0.000984862,0.000146411,5.74829e-24
0,1.88166e+09,-7.55498e+06,2.87684e+08,1.43985e+10,-8.37741e+08,2.44625e+08,-5.0238e+08,0.00113407,0.000173386,4.44672e-22
0,2.11913e+09,-3.05901e+06,3.17753e+08,-4.45321e+09,-1.07042e+09,-4.48973e+08,-6.49509e+08,0.000965404,0.000144757,-3.51292e-24
0,1.88555e+09,-1.49692e+07,3.11935e+08,1.9534e+09,6.4887e+08,2.57763e+08,-9.43651e+08,0.00095316,0.000157685,1.14387e-24
0,2.28203e+09,2.13793e+07,3.15228e+08,2.05413e+09,-1.05511e+09,-2.42858e+08,-3.16979e+08,0.000933055,0.000128888,4.86823e-25
0,2.04945e+09,-3.57909e+06,3.42012e+08,4.59161e+08,-5.49161e+07,9.05498e+07,-4.51504e+08,0.000974403,0.000162608,-2.89447e-28
0,2.15813e+09,-2.38274e+07,3.19511e+08,-3.56927e+09,-1.05836e+09,-3.25404e+08,-7.63151e+08,0.00101917,0.000150889,-3.5298e-24
0,2.20602e+09,1.67539e+07,3.11356e+08,2.93709e+09,-2.13864e+09,-6.29613e+07,-8.07186e+08,0.00103809,0.000146515,1.00327e-23
0,2.2355e+09,-8.88851e+06,3.09791e+08,-1.86822e+09,-1.17389e+08,-2.09801e+08,1.31695e+08,0.000930183,0.000128903,5.70112e-26
0,2.10347e+09,-4.282e+07,3.17518e+08,-7.31029e+09,-5.55506e+08,3.67798e+07,-8.40341e+08,0.000988231,0.000149174,-3.06929e-23
0,2.09804e+09,3.21978e+07,3.20588e+08,-9.00425e+09,6.18693e+07,-6.85741e+06,4.78453e+07,0.00104538,0.000159737,4.2791e-24
0,1.8245e+09,3.82257e+06,2.81019e+08,-7.5673e+09,-3.52523e+09,4.05891e+07,-8.11352e+08,0.00111195,0.000171268,-4.2232e-22
0,2.15423e+09,17979.5,3.44868e+08,-2.77564e+07,1.8313e+06,-3.44165e+06,-8.90941e+07,0.000920133,0.000147303,1.01908e-30
0,2.09095e+09,2.03831e+07,3.29715e+08,6.35625e+09,1.3753e+08,7.82585e+07,-7.63415e+08,0.000946107,0.000149189,1.47707e-23
0,1.85655e+09,8.31289e+06,2.90619e+08,6.82001e+09,1.07834e+09,1.95371e+08,-1.20417e+09,0.000986109,0.000154362,6.96287e-23
0,2.29384e+09,7.30261e+06,3.16291e+08,4.74252e+08,-1.86225e+09,-1.64046e+08,-4.73284e+08,0.00097254,0.000134101,1.93785e-25
0,2.19046e+09,1.78783e+07,3.27806e+08,-1.48844e+09,-4.98398e+08,-1.85537e+08,1.21715e+08,0.000872266,0.000130536,3.53615e-26
0,2.16142e+09,-2.71474e+06,3.40479e+08,4.72562e+09,-2.39864e+07,5.83529e+08,7.97083e+07,0.00096327,0.00015174,-6.45346e-25
0,2.02208e+09,-6.73399e+07,2.99806e+08,-8.52618e+09,-2.67846e+07,2.13972e+08,-1.11094e+09,0.00103078,0.00015283,-9.3187e-23
0,2.16017e+09,2.32568e+07,3.24219e+08,4.36483e+09,-9.81015e+08,2.5695e+08,-8.46725e+08,0.00100289,0.000150523,6.2366e-24
0,2.22711e+09,4.55564e+07,3.1363e+08,-4.64088e+09,-3.25126e+08,5.22849e+08,1.91817e+08,0.000906054,0.000127594,4.36379e-25
0,1.9444e+09,1.54199e+06,3.0286e+08,-5.3352e+09,-6.42984e+08,-1.32653e+08,-1.08255e+09,0.00100534,0.000156593,-2.37135e-23
0,1.98029e+09,-9.74287e+06,3.2779e+08,-3.21105e+09,5.07781e+08,-1.87464e+08,-9.68707e+08,0.000954827,0.000158049,-3.50415e-24
0,1.96091e+09,1.1921e+07,2.63732e+08,-4.86084e+09,-9.23542e+08,2.836e+08,7.52268e+08,0.00108685,0.000146175,1.43821e-23
0,2.15638e+09,-5.92309e+07,3.19424e+08,-9.93489e+09,2.98746e+08,1.20808e+08,-5.89235e+08,0.000921911,0.000136563,-3.23445e-23
0,2.05886e+09,-2.9888e+07,3.00609e+08,-5.54019e+09,2.59281e+08,3.87465e+08,-9.00486e+08,0.000957719,0.000139834,-1.21858e-23
0,1.98085e+09,4.56903e+07,3.19366e+08,-1.01308e+10,-4.03754e+08,-1.02672e+08,-2.67067e+07,0.00100708,0.000162368,-2.20443e-24
0,1.95131e+09,-2.13322e+07,3.07289e+08,9.33872e+08,-1.63003e+09,3.41814e+08,5.9537e+08,0.00108118,0.000170263,5.60074e-25
0,1.78443e+09,-3.51967e+06,2.35457e+08,6.09283e+07,6.73011e+08,2.32437e+08,-1.30044e+09,0.00108367,0.000142991,-8.36059e-26
0,2.32474e+09,9.36934e+06,3.34934e+08,2.2723e+09,-7.36929e+08,-5.90121e+07,-2.11552e+08,0.000903066,0.000130108,1.97409e-25
0,2.04007e+09,2.84421e+07,3.03215e+08,4.08174e+09,-1.32005e+09,-3.298e+08,-1.21589e+09,0.00105671,0.000157058,1.91686e-23
0,2.05451e+09,-2.81719e+07,3.12738e+08,-2.80202e+09,-6.03474e+08,-1.9813e+08,-1.09223e+09,0.00101733,0.000154858,-2.66473e-24
0,1.98596e+09,-2.28626e+07,3.24844e+08,4.21942e+09,-5.91865e+08,1.11235e+08,-6.77885e+08,0.000972951,0.000159146,5.74289e-24
0,1.99072e+09,5.63875e+07,3.03976e+08,7.928e+09,-5.52316e+08,-2.85545e+08,-1.10256e+09,0.00103253,0.000157664,8.61409e-23
0,1.905e+09,7.88652e+06,2.75894e+08,-1.08754e+10,-1.10683e+09,-2.88925e+08,-4.64241e+08,0.000950577,0.000137668,-6.50399e-23
0,1.56421e+09,-2.52511e+07,2.86849e+08,-3.57329e+09,-1.17309e+08,-6.12119e+08,-8.56302e+08,0.00103473,0.000189751,-1.49773e-23
0,2.00488e+09,1.89588e+07,2.90071e+08,4.68113e+09,-9.11891e+08,-7.51964e+07,-1.02769e+09,0.0010213,0.000147764,1.68697e-23
0,2.11319e+09,-1.85519e+06,3.37293e+08,-7.58077e+08,-6.07933e+08,2.17837e+08,-4.24616e+08,0.00100993,0.000161198,-4.78536e-26
0,2.04712e+09,3.70738e+07,3.17896e+08,2.52702e+09,1.34521e+08,1.8255e+08,-9.57922e+08,0.000974856,0.000151385,1.33158e-24
0,2.17858e+09,-1.95032e+07,2.94006e+08,-6.39094e+09,-4.92083e+07,-5.80093e+08,1.79545e+08,0.00102332,0.0001381,4.55197e-24
0,2.12075e+09,-2.5841e+07,3.15115e+08,-7.59615e+09,-1.49286e+09,-1.09938e+07,-8.0443e+08,0.00102973,0.000153005,-4.72237e-23
0,2.05801e+09,506889,3.3633e+08,5.03227e+09,1.43734e+08,1.00401e+06,-5.8911e+08,0.000936741,0.000153087,5.79941e-24
0,2.17316e+09,2.48441e+07,3.30708e+08,3.06591e+09,-4.34994e+08,1.41239e+08,-7.27807e+08,0.00098039,0.000149194,1.47849e-24
0,1.95555e+09,931035,3.01623e+08,3.10079e+09,-5.84534e+08,2.18812e+08,-1.1395e+09,0.00102392,0.000157928,4.82093e-24
0,1.54571e+09,-4.41513e+07,2.92722e+08,1.09371e+09,1.26422e+09,-4.50329e+08,-8.88232e+08,0.0010262,0.000194339,-1.34412e-25
0,2.17712e+09,2.11718e+07,3.05579e+08,5.67877e+09,-2.41051e+09,1.64371e+08,-1.0371e+09,0.00108041,0.000151646,5.03708e-23
0,2.03428e+09,-6.48819e+06,3.16579e+08,-2.34705e+09,-5.59329e+08,1.58494e+08,-1.08549e+09,0.00100173,0.000155891,-1.69273e-24
0,2.27753e+09,2.84137e+07,3.17291e+08,-5.42724e+09,8.62336e+08,2.17654e+08,2.08175e+08,0.000938175,0.0001307,2.71321e-24
0,1.92044e+09,-5.34021e+07,3.14163e+08,-7.87132e+09,1.43312e+09,2.01839e+08,-9.21024e+08,0.000922814,0.000150962,-3.9932e-23
0,2.10967e+09,-2.7002e+07,3.2404e+08,-8.76935e+09,-7.34804e+08,5.96256e+07,-7.21234e+08,0.000983028,0.000150991,-4.48041e-23
0,2.11366e+09,-2.30726e+07,3.09682e+08,-3.09877e+09,-1.82153e+09,-3.16532e+08,-1.03402e+09,0.0010487,0.00015365,-1.0775e-23
0,2.17189e+09,-460582,3.44466e+08,-3.87443e+08,-1.24103e+07,-7.86803e+07,-1.67407e+08,0.00091982,0.000145886,-3.29212e-28
0,1.91772e+09,-3.84012e+06,2.96019e+08,3.33334e+09,-2.22401e+08,5.16917e+08,-1.22485e+09,0.00101977,0.000157412,5.42852e-24
0,1.97675e+09,4.60978e+07,3.21373e+08,4.46591e+09,1.08504e+09,-4.47393e+08,-8.54769e+08,0.000959219,0.000155946,5.36357e-24
0,1.87907e+09,-3.99756e+07,3.10361e+08,4.84509e+09,-1.36045e+09,9.50924e+07,-6.09425e+08,0.00102042,0.000168539,1.90725e-23
0,2.07711e+09,-4.19338e+07,3.24832e+08,-7.87278e+09,-1.85069e+08,-3.4407e+08,-7.98728e+08,0.000961031,0.000150292,-3.15046e-23
0,2.2016e+09,-2.40229e+07,3.16255e+08,-6.39988e+09,-1.55584e+09,-3.06849e+08,-4.85215e+08,0.000962747,0.000138297,-8.81758e-24
0,1.75123e+09,-4.10244e+07,2.91065e+08,6.16821e+09,1.65583e+09,7.00856e+07,-9.4174e+08,0.00107945,0.000179412,7.86303e-23
0,1.95038e+09,7.69024e+07,2.7874e+08,1.08284e+10,4.29501e+07,-3.39708e+07,-1.94451e+08,0.000989022,0.000141347,3.30338e-23
0,1.84398e+09,1.273e+07,3.09136e+08,9.78386e+08,2.67845e+09,2.50055e+08,-9.34743e+08,0.000890723,0.000149326,-2.22157e-24
0,2.16234e+09,1.63188e+07,3.36019e+08,4.22087e+09,-3.35293e+08,3.89983e+08,-5.93647e+08,0.000978746,0.000152093,2.71354e-24
0,1.79837e+09,3.58333e+07,2.8107e+08,-5.30062e+09,3.16715e+08,-3.23519e+08,-7.36034e+08,0.00120797,0.000188795,-6.38466e-23
0,2.10137e+09,-1.75851e+07,2.90052e+08,1.97808e+09,-1.36128e+09,5.76357e+08,-9.37881e+08,0.00103948,0.000143479,2.46379e-24
0,1.90125e+09,-6.58651e+06,2.98218e+08,3.43671e+09,2.40112e+08,7.11808e+08,-1.22932e+09,0.00102725,0.000161128,8.3185e-24
0,1.96424e+09,-6.074e+07,3.14409e+08,-7.56007e+09,1.00279e+09,2.85904e+08,-8.64746e+08,0.000955696,0.000152975,-3.55749e-23
0,2.17868e+09,-2.5809e+07,3.09428e+08,-5.69881e+09,-2.16679e+09,-1.63597e+07,-1.00441e+09,0.00108493,0.000154087,-4.58443e-23
0,1.99935e+09,1.4475e+07,2.9548e+08,-5.0638e+08,-1.4125e+09,1.50787e+08,-1.27652e+09,0.0010659,0.000157527,-2.17196e-25
0,2.12365e+09,1.35427e+07,2.93546e+08,5.1186e+09,-1.14157e+09,2.33074e+08,6.44911e+07,0.000978535,0.00013526,-1.37823e-24
0,1.73931e+09,418134,2.51209e+08,1.41384e+09,-4.06641e+07,2.3884e+08,-1.57155e+09,0.00113424,0.000163819,-6.89616e-25
0,2.07263e+09,6.36482e+07,2.89146e+08,1.14462e+10,1.09263e+09,-3.42087e+08,-4.05576e+08,0.00101664,0.000141829,5.16655e-23
0,2.16652e+09,-3.26252e+07,3.18574e+08,-1.08074e+10,-1.5496e+09,-1.34138e+08,-7.74831e+08,0.00102697,0.00015101,-9.97542e-23
0,2.02186e+09,3.45157e+06,3.05649e+08,3.29236e+09,-2.15106e+08,-1.16649e+08,-1.12645e+09,0.00101309,0.000153151,4.61789e-24
0,2.15085e+09,7.40992e+07,3.05666e+08,9.02331e+09,3.4265e+08,-6.31785e+08,-6.05859e+08,0.00094486,0.000134278,2.56771e-23
0,2.12387e+09,-5.14383e+07,3.05585e+08,-9.88352e+09,-1.43506e+09,1.07786e+06,-1.03692e+09,0.00105394,0.000151642,-1.33875e-22
0,2.00528e+09,-4.00935e+06,3.27569e+08,-3.70294e+09,-1.26281e+08,-1.5969e+08,-9.23428e+08,0.000964632,0.000157576,-4.43509e-24
0,1.80118e+09,5.05081e+07,2.84428e+08,1.00432e+08,2.87713e+08,-6.07562e+08,-9.17012e+08,0.000964967,0.00015238,5.71471e-26
0,1.93742e+09,1.57565e+07,3.10282e+08,5.37832e+08,1.20685e+09,-3.56825e+08,-1.12028e+09,0.00098176,0.000157231,-1.27628e-28
0,2.04065e+09,3.95259e+07,3.19206e+08,1.92764e+07,1.65858e+08,2.89845e+08,-5.92375e+08,0.00100571,0.000157317,-5.51473e-27
0,2.20021e+09,-3.11021e+06,3.20191e+08,-8.6785e+08,-1.22288e+09,-4.20858e+07,-8.94115e+08,0.000995879,0.000144928,-5.45566e-25
0,2.04895e+09,1.78776e+06,3.07754e+08,1.60512e+09,-9.49473e+08,2.72423e+08,-1.15329e+09,0.00107018,0.000160742,1.60122e-24
0,2.00494e+09,-3.14454e+07,3.12418e+08,4.73281e+09,1.03191e+09,8.72364e+08,-8.67521e+08,0.000958628,0.000149378,1.6577e-23
0,1.75386e+09,1.80494e+07,3.01363e+08,-6.52195e+09,-1.11839e+09,-3.39643e+08,-9.71875e+08,0.00103659,0.000178115,-7.34804e-23
0,2.01708e+09,-3.59219e+07,3.13399e+08,-1.17317e+10,-2.63521e+08,1.35878e+08,-9.46958e+08,0.000985627,0.000153139,-1.71101e-22
0,1.9332e+09,-7.25876e+07,2.96333e+08,4.23972e+09,-1.16152e+09,2.51388e+08,-7.20883e+08,0.000988931,0.00015159,8.94561e-24
0,2.03163e+09,-7.0888e+07,3.09488e+08,-1.20388e+10,-2.61876e+07,-1.9131e+08,-9.97041e+08,0.001008,0.000153553,-2.07355e-22
0,1.99868e+09,2.00955e+07,3.29881e+08,2.04005e+09,3.58932e+08,-8.23848e+07,-6.80554e+08,0.000936106,0.000154504,4.61992e-25
0,2.14396e+09,1.67738e+06,3.2033e+08,-3.80093e+08,-1.08174e+09,-5.7059e+08,-8.11938e+08,0.000996108,0.000148829,-5.41271e-25
0,1.98935e+09,780561,3.226e+08,2.55172e+09,9.90394e+08,3.16276e+08,-7.68733e+08,0.000919078,0.000149041,1.63952e-24
0,2.1673e+09,-129564,3.44886e+08,-1.01539e+09,3.81431e+06,-8.40439e+07,-8.66938e+07,0.000911569,0.000145059,-4.70124e-27
0,2.13077e+09,-5.38441e+07,3.06183e+08,-1.01106e+10,-1.10352e+09,1.57136e+08,-8.5169e+08,0.0010297,0.000147964,-1.03479e-22
0,1.9325e+09,-3.44394e+07,2.95304e+08,-4.01761e+09,-4.2794e+08,2.77632e+08,-1.34506e+09,0.00106064,0.000162077,-1.66782e-23
0,1.95177e+09,-4.24076e+07,3.21806e+08,-7.07525e+08,1.61449e+09,4.57864e+08,-7.85938e+08,0.000908714,0.000149828,4.25645e-26
0,2.0088e+09,-1.64457e+07,3.03122e+08,-1.8569e+09,-1.03898e+09,3.83215e+08,-1.19851e+09,0.00106653,0.000160937,-1.96053e-24
0,2.04019e+09,-3.05468e+06,3.42071e+08,-1.89386e+08,3.69964e+07,2.33383e+07,-4.52091e+08,0.000969649,0.000162578,1.34346e-27
0,2.04659e+09,-5.1497e+06,3.41701e+08,-1.50198e+09,-8.59685e+07,-3.85715e+08,-1.12846e+08,0.000953713,0.000159233,4.6828e-27
0,2.16602e+09,-447837,3.44482e+08,-8.58238e+08,1.43001e+07,-8.12491e+07,-1.62269e+08,0.000909724,0.000144682,-5.17841e-27
0,1.99102e+09,-5.09033e+07,3.14821e+08,-1.25013e+10,8.30493e+08,-7.40336e+06,-8.84902e+08,0.000965764,0.000152707,-1.85994e-22
0,2.16286e+09,4.33912e+07,3.06894e+08,-6.41129e+09,-1.25127e+09,3.57839e+08,2.24226e+08,0.000923835,0.000131085,-4.3717e-25
0,2.03517e+09,-9.26652e+06,3.12451e+08,3.73967e+08,-1.03079e+09,-8.81275e+07,-1.03226e+09,0.00101397,0.00015567,6.71814e-26
0,1.76288e+09,-9.26475e+06,2.40492e+08,-1.02236e+09,3.0238e+08,2.97866e+08,-1.47377e+09,0.00109556,0.000149457,5.32169e-25
0,2.04318e+09,-3.95679e+07,2.93853e+08,1.59811e+10,-4.04874e+08,2.57365e+08,2.2448e+08,0.001046,0.000150438,-1.40301e-22
0,2.13824e+09,7.77983e+06,3.28148e+08,3.1431e+09,-4.78075e+08,5.43848e+08,-7.73804e+08,0.000993818,0.000152518,1.13983e-24
0,1.81312e+09,5.72832e+06,2.94618e+08,-9.80753e+09,-1.88602e+08,-1.74192e+08,-8.82642e+08,0.00108556,0.000176395,-2.51264e-22
0,1.96603e+09,8.41854e+07,2.98067e+08,1.06433e+10,7.31446e+08,-2.76086e+08,-1.07194e+09,0.000981902,0.000148865,1.51848e-22
0,1.9958e+09,-7.59872e+07,3.11512e+08,-1.17083e+10,8.5867e+08,-1.46961e+08,-7.8183e+08,0.000966956,0.000150926,-1.39598e-22
0,2.00147e+09,4.1653e+07,3.19342e+08,-3.40044e+09,-1.4834e+09,-9.21251e+07,-6.54554e+08,0.000992528,0.000158361,-7.01646e-24
0,2.15341e+09,-6.91462e+06,3.16724e+08,-1.99048e+09,-9.45975e+08,-4.51173e+08,-8.44657e+08,0.000998799,0.000146904,-7.41494e-25
0,2.01197e+09,-5.85908e+07,2.82643e+08,1.36257e+10,-1.03538e+09,2.56117e+07,3.11532e+08,0.00108541,0.000152478,-1.43636e-22
0,2.14852e+09,-8.60071e+06,3.25015e+08,-5.14736e+09,-1.14745e+09,-3.47001e+08,-6.33493e+08,0.000976087,0.000147657,-6.19437e-24
0,1.79244e+09,-9.80582e+06,3.11468e+08,-9.39571e+09,2.09052e+09,-2.99862e+08,-9.35601e+08,0.00091782,0.000159488,-1.24441e-22
0,2.0215e+09,1.45592e+06,3.31843e+08,3.06479e+09,2.67352e+08,-2.86229e+06,-6.65372e+08,0.000923606,0.000151617,1.47735e-24
0,1.97739e+09,-2.77787e+07,3.22286e+08,-7.30405e+09,-8.66108e+08,-7.36901e+08,-8.70682e+08,0.000982713,0.000160168,-2.77906e-23
0,2.109e+09,2.67291e+07,3.35374e+08,3.88767e+09,-5.66405e+08,2.72195e+08,-5.55965e+08,0.000964108,0.000153313,2.20155e-24
0,2.20119e+09,-6.2694e+06,3.39266e+08,4.24051e+08,-2.56275e+08,-2.69071e+07,-4.01602e+08,0.000937126,0.000144438,2.51422e-27
0,2.17064e+09,-1.64934e+07,3.38922e+08,-6.80737e+09,-2.83429e+08,-6.37596e+08,-3.87229e+08,0.0009439,0.00014738,-5.56533e-24
0,2.03286e+09,1.5874e+07,2.92541e+08,3.47308e+09,-3.1296e+08,2.10935e+08,-1.03848e+09,0.0010172,0.000146381,4.77568e-24
0,2.07901e+09,-1.57442e+06,3.33217e+08,-3.5861e+08,-5.54599e+07,1.81437e+08,-6.98606e+08,0.000951828,0.000152556,9.67355e-27
0,2.17092e+09,-27110.6,3.4489e+08,-4.33059e+08,6.6507e+06,-5.95585e+07,-8.68084e+07,0.000907605,0.00014419,-3.37989e-28
0,2.05899e+09,1.72174e+07,3.10691e+08,8.79516e+09,-3.53929e+08,4.971e+07,-8.14993e+08,0.00096804,0.000146072,5.04536e-23
0,2.01785e+09,-6.5645e+07,3.17125e+08,-1.0644e+10,1.0716e+09,2.37629e+08,-6.30939e+08,0.000929447,0.000146072,-5.56842e-23
0,1.93568e+09,-2.87513e+06,3.01155e+08,3.80561e+09,3.24365e+08,4.39964e+08,-7.52944e+08,0.0010476,0.000162987,8.61128e-24
0,1.99343e+09,-3.10991e+06,3.27666e+08,4.62729e+09,-3.22933e+08,2.15309e+08,-6.08501e+08,0.000924146,0.000151905,4.73896e-24
0,2.13541e+09,2.11661e+07,2.97989e+08,-7.91178e+09,-1.73349e+09,-6.61144e+08,-4.81937e+08,0.00107236,0.000149644,-1.44987e-23
0,1.93622e+09,-1.98365e+07,3.01701e+08,-4.47658e+09,5.75784e+08,1.85414e+08,-1.24127e+09,0.00100551,0.000156678,-1.51531e-23
0,2.11826e+09,2.07522e+07,3.33222e+08,3.91188e+09,-3.40652e+08,4.35074e+08,-7.17216e+08,0.000975756,0.000153495,2.75112e-24
0,2.07313e+09,-1.80762e+07,3.19488e+08,-4.41909e+09,-1.35704e+09,1.85116e+08,-8.43002e+08,0.00101519,0.00015645,-1.37705e-23
0,1.86473e+09,-3.8366e+07,2.96317e+08,-1.44816e+09,5.98266e+08,5.42515e+08,-1.34321e+09,0.00102368,0.000162668,-9.80176e-26
0,2.01043e+09,4.82216e+07,2.88778e+08,-3.01143e+08,-1.05257e+09,-5.92266e+08,-1.00907e+09,0.00105245,0.000151175,-1.12408e-24
0,2.10912e+09,-4.06246e+07,3.31171e+08,-6.84578e+09,-7.87071e+08,-8.58023e+08,-3.67452e+08,0.000922059,0.00014478,-3.41134e-25
0,1.95644e+09,-1.73808e+07,3.04291e+08,2.22314e+09,4.94408e+08,3.91928e+08,-7.14869e+08,0.00107158,0.000166665,2.12931e-24
0,1.95238e+09,5.51771e+07,2.89097e+08,9.27164e+09,-8.25396e+08,-1.62177e+08,-1.32401e+09,0.0010664,0.000157906,2.13862e-22
0,1.88307e+09,3.92536e+07,3.14452e+08,2.49517e+08,1.2392e+09,-9.5499e+08,-9.43656e+08,0.000966817,0.000161448,-7.3811e-26
0,2.13437e+09,-2.11261e+07,3.22735e+08,-5.31067e+09,-6.43718e+08,-5.10686e+08,-6.83494e+08,0.000969551,0.000146604,-5.67237e-24
0,1.97452e+09,2.76009e+07,2.66644e+08,-1.13573e+10,8.06294e+07,-5.30453e+07,6.2483e+08,0.00109161,0.000147413,1.88194e-22
0,1.89557e+09,-3.28415e+07,3.22964e+08,-7.29751e+09,1.46144e+09,2.20307e+07,-6.23175e+08,0.000892158,0.000152005,-2.02256e-23
0,2.10774e+09,1.68531e+07,3.26806e+08,6.31323e+09,9.6725e+08,-1.24444e+07,-5.1378e+08,0.000907827,0.000140759,7.39205e-24
0,2.30559e+09,1.48259e+07,3.25738e+08,-3.18022e+09,9.61805e+08,9.59657e+07,2.55325e+08,0.00092565,0.000130777,7.62452e-25
0,2.04003e+09,-2.05937e+07,3.30905e+08,-6.91486e+09,1.65243e+08,-3.8758e+07,-7.56384e+08,0.000943806,0.000153091,-2.10558e-23
0,1.99646e+09,-2.00013e+06,3.29005e+08,-3.23822e+09,-7.74096e+06,1.00371e+08,-9.80435e+08,0.000987313,0.000162704,-3.56919e-24
0,1.76019e+09,2.95166e+07,3.02869e+08,-4.68918e+09,-9.90676e+08,3.98201e+07,-8.45474e+08,0.000973291,0.00016747,-2.21801e-23
0,2.26886e+09,3.66292e+07,3.19076e+08,-2.79573e+09,-9.10164e+08,9.80384e+07,-2.02329e+07,0.000943663,0.00013271,-3.24271e-25
0,1.70987e+09,-4.4332e+07,2.60147e+08,-2.87725e+09,4.90504e+08,6.46116e+08,-1.57693e+09,0.00111682,0.000169918,-9.71585e-24
0,1.96413e+09,-1.05434e+07,3.30385e+08,-7.45658e+08,-6.90758e+07,1.32546e+08,-6.82293e+08,0.00103771,0.000174552,-4.11469e-27
0,2.16963e+09,29195,3.44492e+08,1.16015e+07,1.72992e+07,-2.31392e+07,-1.58724e+08,0.000905028,0.000143699,-9.99086e-31
0,2.25145e+09,-1.0371e+07,3.41488e+08,-2.8146e+09,-9.70679e+07,-2.15775e+08,-2.58628e+08,0.000927645,0.0001407,-2.407e-25
0,2.11275e+09,-2.31802e+07,3.0801e+08,-5.18182e+09,-1.69226e+09,-1.30655e+08,-9.47847e+08,0.00104086,0.000151743,-2.38598e-23
0,1.82733e+09,-1.03898e+07,3.08531e+08,-1.19108e+09,1.67964e+09,2.15591e+08,-1.25182e+09,0.000971941,0.000164105,-1.57167e-26
0,2.03331e+09,1.31752e+07,3.32059e+08,-9.59424e+08,8.34428e+07,-6.09644e+06,-8.65241e+08,0.000975018,0.00015923,-1.61539e-26
0,2.02552e+09,4.65674e+06,3.29102e+08,1.36725e+09,5.03875e+08,4.722e+07,-8.59758e+08,0.000944063,0.000153389,1.75937e-25
0,1.96001e+09,3.41257e+07,3.1324e+08,1.11216e+10,1.14978e+08,6.81717e+07,-9.27056e+08,0.000975359,0.000155878,1.5497e-22
0,1.71787e+09,-2.5212e+07,2.68155e+08,-2.37227e+09,3.70369e+08,5.10069e+08,-1.52954e+09,0.00112232,0.000175192,-4.54827e-24
0,2.09719e+09,5.41518e+07,3.07665e+08,1.62718e+10,3.75751e+08,-1.22888e+07,-3.94604e+08,0.000984285,0.000144398,1.54526e-22
0,2.03879e+09,-2.77245e+06,3.41506e+08,4.23749e+08,-4.30475e+07,9.10074e+07,-4.98876e+08,0.000971275,0.000162693,-1.8725e-27
0,2.18025e+09,72040.9,3.44896e+08,2.66658e+08,-1.35718e+06,-2.76341e+06,-8.61812e+07,0.000906184,0.000143351,7.26219e-29
0,1.94496e+09,4.20098e+07,2.73635e+08,2.68729e+09,-1.46622e+09,-1.59458e+08,-1.48699e+09,0.00113424,0.000159575,1.64046e-23
0,1.99347e+09,-4.70881e+07,2.71955e+08,-3.51941e+09,7.77849e+08,-6.74915e+08,8.06768e+08,0.00107881,0.000147175,2.53609e-24
0,2.01757e+09,-4.0684e+06,3.30727e+08,4.23463e+08,-9.74321e+07,-2.87838e+07,-9.00057e+08,0.0009867,0.000161743,-2.64926e-26
0,2.00977e+09,4.21865e+07,3.12142e+08,3.37898e+09,-3.64951e+08,-4.76352e+08,-7.94328e+08,0.001008,0.000156555,4.11195e-24
0,1.97504e+09,-7.27726e+06,3.24915e+08,6.05918e+09,-5.66809e+08,5.20634e+08,-4.33608e+08,0.00100294,0.000164995,8.23968e-24
0,2.14117e+09,3.08025e+07,3.29866e+08,4.92707e+09,-1.87288e+08,2.72461e+08,-4.55759e+08,0.000945199,0.000145616,3.33617e-24
0,2.22396e+09,-2.36289e+07,3.36675e+08,-5.3657e+09,-1.3669e+08,-2.86326e+08,-4.30006e+08,0.000906411,0.000137217,-2.78253e-24
0,1.81263e+09,9.33522e+06,2.99641e+08,3.26395e+09,1.83631e+09,-1.32501e+08,-1.21177e+09,0.000988426,0.000163394,5.56235e-24
0,1.95069e+09,1.19673e+07,3.21876e+08,1.94143e+09,2.52305e+08,-2.18054e+08,-1.05936e+09,0.000995253,0.000164223,7.08054e-25
0,1.91015e+09,-2.03094e+07,2.88646e+08,3.01446e+08,1.9563e+08,4.48675e+08,-1.38567e+09,0.00102633,0.000155091,-2.59372e-25
0,1.79013e+09,9.57651e+06,2.61638e+08,2.03155e+09,8.12439e+08,-1.06267e+08,-1.30644e+09,0.00103367,0.000151077,2.18693e-24
0,2.03527e+09,-3.3978e+06,3.43004e+08,4.66394e+08,-3.4712e+07,9.69739e+07,-3.50589e+08,0.00097232,0.000163865,9.09982e-28
0,1.96653e+09,-3.93269e+07,3.05944e+08,-9.3734e+08,8.61333e+08,6.87774e+08,-1.04289e+09,0.000960972,0.000149504,-1.41282e-27
0,2.18343e+09,258519,3.44505e+08,3.34398e+08,-605960,2.47128e+07,-1.55442e+08,0.000906921,0.000143095,2.2017e-28
0,1.98975e+09,2.4586e+07,2.86841e+08,1.77803e+09,-2.64544e+08,7.73891e+07,-1.15423e+09,0.00103495,0.000149198,6.28153e-25
0,1.82876e+09,-122373,3.1943e+08,-3.79352e+07,4.6354e+08,1.46587e+08,-6.43896e+08,0.000932665,0.000162909,-6.62814e-28
0,1.87533e+09,3.0508e+07,3.14072e+08,4.38606e+09,1.62051e+09,-4.59669e+08,-1.15616e+09,0.000975224,0.000163326,8.58524e-24
0,2.21132e+09,-8.96474e+06,3.00998e+08,1.09303e+10,-1.26745e+09,-2.61551e+08,-2.03869e+08,0.00103748,0.000141219,3.92792e-23
0,1.81078e+09,3.66219e+06,2.72867e+08,-1.90016e+09,-4.7461e+08,-1.44246e+08,-1.62231e+09,0.00114354,0.000172321,-2.14913e-24
0,2.15649e+09,2.82635e+07,3.09428e+08,7.55423e+09,-2.10171e+09,2.97895e+08,-9.31593e+08,0.00105394,0.000151226,5.89518e-23
0,2.14349e+09,3.18252e+07,3.2549e+08,3.77944e+09,-3.48983e+08,6.32706e+07,-5.97486e+08,0.000964547,0.000146467,2.33581e-24
0,2.0986e+09,-5.82429e+07,3.16653e+08,-1.07098e+10,2.25031e+08,2.72899e+07,-6.93101e+08,0.000960017,0.000144855,-6.78418e-23
0,1.8344e+09,-1.38329e+07,2.65081e+08,-4.32569e+08,2.48936e+07,-4.03689e+07,-1.36299e+09,0.00109131,0.0001577,2.95592e-25
0,1.96446e+09,3.4277e+07,3.20911e+08,3.5082e+09,7.12181e+08,-5.27946e+08,-9.75871e+08,0.000980629,0.000160194,3.59983e-24
0,2.31672e+09,3.70711e+06,3.17229e+08,1.13568e+09,-1.72013e+09,-1.51609e+07,-3.06036e+08,0.000944844,0.000129378,6.69679e-25
0,1.93811e+09,-5.43285e+06,3.13789e+08,6.95342e+09,1.21906e+09,5.84984e+08,-9.07493e+08,0.000937141,0.000151728,4.41276e-23
0,2.18731e+09,617963,3.44505e+08,3.48662e+08,-1.11076e+07,7.49654e+07,-1.55692e+08,0.000909039,0.000143175,1.92376e-28
0,2.13279e+09,3.76003e+07,3.15073e+08,7.22612e+09,-1.01329e+09,2.53623e+08,-8.48328e+08,0.00099223,0.00014658,2.68434e-23
0,2.07536e+09,9.45774e+06,3.31674e+08,2.25621e+09,-1.39778e+08,-7.84802e+07,-8.17e+08,0.000974629,0.00015576,7.64378e-25
0,2.31254e+09,-1.01032e+07,3.34867e+08,1.06073e+09,5.15313e+07,-1.49368e+08,6.01446e+06,0.000872277,0.00012631,-8.01241e-28
0,2.11943e+09,2.34421e+07,3.25609e+08,2.119e+09,-5.95713e+08,6.92346e+07,-6.07394e+08,0.000976858,0.000150075,5.939e-25
0,2.02409e+09,-381883,3.10699e+08,1.69384e+09,-1.35923e+09,-2.86876e+08,-7.95594e+08,0.00102039,0.000156631,2.02896e-24
0,2.03031e+09,-3.43282e+06,3.41884e+08,5.6617e+08,1.93446e+06,1.07357e+08,-4.6709e+08,0.000976313,0.000164401,1.74061e-27
0,2.14853e+09,-2.16857e+07,3.3197e+08,-3.97818e+09,-4.81088e+08,-3.44363e+08,-7.62089e+08,0.000980642,0.000151519,-3.13374e-24
0,1.91144e+09,2.89793e+07,3.09254e+08,-1.30889e+08,-2.13635e+08,4.25161e+08,-8.32761e+08,0.00108528,0.000175588,6.18655e-26
0,1.92826e+09,-3.17593e+07,3.19043e+08,-9.15828e+09,1.2117e+09,-2.09898e+08,-7.77532e+08,0.00091465,0.000151335,-6.31638e-23
0,2.07932e+09,8.82108e+06,3.15271e+08,8.48643e+09,3.62976e+08,6.17067e+08,-8.13609e+08,0.000966862,0.000146597,4.71184e-23
0,2.00653e+09,1.65294e+07,2.57986e+08,9.49013e+09,4.1987e+08,5.55858e+06,-4.26106e+08,0.00101874,0.000130983,4.92305e-23
0,1.95747e+09,8.40571e+06,3.26658e+08,4.06849e+08,-2.80196e+08,-9.8428e+07,-9.58194e+08,0.000998637,0.00016665,-4.3157e-26
0,2.27307e+09,1.15812e+06,3.25633e+08,4.67752e+09,-1.27902e+09,-1.02117e+08,-1.91876e+08,0.000925224,0.000132545,2.27523e-24
0,1.85344e+09,-2.30183e+06,2.90326e+08,-6.06965e+08,1.18974e+09,1.18059e+08,-1.42838e+09,0.00100149,0.000156875,-1.46489e-26
0,2.18432e+09,207049,3.44888e+08,2.57311e+08,-4.96752e+06,5.06693e+07,-8.8166e+07,0.000910742,0.0001438,5.36633e-29
0,1.96966e+09,2.20545e+07,2.9404e+08,4.19366e+09,-6.4302e+08,-4.61922e+07,-1.32492e+09,0.00103645,0.000154726,1.58534e-23
0,2.13393e+09,3.24228e+07,3.2423e+08,8.30202e+09,-6.5178e+08,2.97867e+08,-6.54089e+08,0.000956646,0.000145353,2.46191e-23
0,1.7468e+09,-693329,2.44579e+08,-3.67658e+08,7.07112e+08,-1.13384e+08,-1.57718e+09,0.0011027,0.000154394,3.63915e-25
0,2.14724e+09,4.67471e+06,3.37676e+08,2.653e+09,-3.89635e+08,3.77589e+07,-5.99955e+08,0.000978262,0.000153842,8.939e-25
0,1.91074e+09,-2.42888e+07,2.87653e+08,2.39071e+09,5.20574e+08,6.15599e+08,-1.2752e+09,0.00104294,0.000157009,3.55646e-24
0,2.14933e+09,5.14115e+06,3.17078e+08,6.44111e+08,-1.17692e+09,-4.92086e+08,-9.24025e+08,0.00102719,0.000151536,-3.5193e-25
0,2.10088e+09,2.6008e+07,3.2497e+08,7.56002e+09,-3.78763e+08,5.87552e+08,-7.80412e+08,0.000984874,0.000152342,2.60028e-23
0,1.9956e+09,-816360,3.3026e+08,2.99003e+08,-3.41559e+08,-1.42581e+08,-8.36503e+08,0.00100302,0.000165994,-3.21889e-26
0,1.9854e+09,3.44934e+07,3.10162e+08,3.31144e+09,1.22337e+09,-7.26962e+07,-1.03182e+09,0.000969944,0.000151526,3.8073e-24
0,2.16352e+09,-3.21631e+07,3.08967e+08,-6.28751e+09,-1.9463e+09,1.31398e+08,-9.65358e+08,0.00106871,0.000152619,-4.92011e-23
0,2.28188e+09,-2.48058e+07,3.2863e+08,2.132e+09,-2.03361e+08,-3.43896e+08,4.89826e+07,0.000872091,0.000125596,8.06714e-27
0,1.87748e+09,3.83842e+07,3.03229e+08,1.53243e+10,2.41869e+09,1.98666e+08,-7.27698e+08,0.00100056,0.000161599,4.67143e-22
0,1.92276e+09,7.03356e+07,3.14467e+08,-2.35502e+09,-1.3929e+09,1.22146e+08,-4.0444e+08,0.00099465,0.000162675,-3.59386e-24
0,2.11081e+09,-5.44827e+07,2.8234e+08,-4.52533e+09,-1.27949e+09,5.09515e+08,-8.64017e+08,0.00103086,0.000137887,-1.50074e-23
0,2.13075e+09,1.81077e+06,3.24994e+08,-1.64633e+09,-9.78539e+08,-6.48518e+08,-7.5485e+08,0.00100602,0.000153444,-2.84335e-25
0,1.90216e+09,4.57703e+07,3.11065e+08,-3.93221e+09,-2.12155e+09,5.36616e+08,-8.03319e+08,0.00108134,0.000176834,-4.09033e-23
0,2.11491e+09,-1.00977e+07,3.28436e+08,-1.1261e+08,1.78415e+09,4.2966e+08,-3.39631e+08,0.000855268,0.000132819,-1.59313e-25
0,2.07534e+09,-2.36381e+07,3.11917e+08,-2.32401e+09,-1.3672e+09,3.19298e+08,-7.32773e+08,0.001021,0.000153454,-3.31157e-24
0,2.17049e+09,139703,3.44462e+08,2.96534e+08,6.54731e+06,3.02183e+07,-1.65143e+08,0.000910437,0.000144489,1.49691e-28
0,2.02904e+09,-4.21346e+06,3.32846e+08,-4.48272e+09,3.70229e+08,-1.88217e+08,-7.733e+08,0.000947017,0.00015535,-6.4411e-24
0,2.13987e+09,-7.38869e+06,3.39326e+08,-3.58878e+09,-4.11795e+08,-5.82502e+08,-4.53602e+08,0.000966096,0.000153197,-6.10875e-25
0,2.03604e+09,-2.13821e+06,3.23622e+08,6.80189e+08,-4.84328e+08,6.4432e+07,-1.01771e+09,0.0010071,0.000160076,4.67999e-26
0,2.01222e+09,-3.09564e+06,2.72834e+08,-3.88667e+09,-4.3007e+08,-5.8678e+08,7.52637e+08,0.00104023,0.000141044,8.16457e-24
0,1.77313e+09,8.28014e+06,2.86944e+08,-7.52457e+08,-3.82698e+08,-2.30504e+08,-1.64309e+09,0.00111528,0.000180484,5.58107e-25
0,2.07843e+09,2.61264e+06,3.19137e+08,-4.0296e+09,-9.51272e+08,-2.41404e+08,-8.67961e+08,0.0010014,0.000153761,-6.19646e-24
0,1.99619e+09,-6.77541e+07,3.11809e+08,-1.11104e+10,3.73313e+08,-4.825e+07,-9.44904e+08,0.000996635,0.000155677,-1.6087e-22
0,1.86486e+09,1.76303e+06,2.67251e+08,8.27774e+08,-1.59167e+08,1.63538e+08,-1.3623e+09,0.00107245,0.000153692,-3.08487e-25
0,2.02611e+09,-1.31156e+07,3.05842e+08,-8.62528e+08,-1.36675e+09,2.20794e+08,-1.1866e+09,0.00106092,0.000160146,-5.99364e-25
0,2.32854e+09,7.94642e+06,3.31922e+08,1.77462e+09,-1.04966e+09,-6.97433e+07,-2.58788e+08,0.00091655,0.00013065,2.75676e-25
0,2.01485e+09,2.5328e+07,3.2717e+08,-7.48202e+08,5.01992e+08,-1.19889e+08,-9.80153e+08,0.000974507,0.00015824,-1.38576e-26
0,2.17775e+09,21520.9,3.44876e+08,3.52948e+08,5.35717e+06,2.16284e+07,-9.14099e+07,0.00091193,0.000144416,1.93197e-28
0,2.11682e+09,1.23115e+07,3.28448e+08,2.54543e+09,-9.49584e+08,3.76565e+08,-8.39823e+08,0.00103452,0.000160518,1.75766e-24
0,1.96024e+09,-1.29703e+07,3.00745e+08,4.714e+08,-3.85334e+08,2.44529e+08,-1.25268e+09,0.00105424,0.000161745,-1.33755e-27
0,1.9193e+09,3.05988e+07,2.94832e+08,1.33989e+09,1.16703e+08,-3.99044e+08,-1.37187e+09,0.00103686,0.000159277,-1.28083e-25
0,2.13583e+09,-9.03772e+06,3.38249e+08,-4.54604e+09,-5.56219e+08,-1.67509e+08,-4.90548e+08,0.000955829,0.000151373,-3.09377e-24
0,2.11413e+09,-2.72727e+06,3.11897e+08,3.96117e+09,-1.73026e+09,2.30488e+08,-8.51298e+08,0.0010215,0.000150702,1.13965e-23
0,1.83766e+09,-1.50722e+07,2.82248e+08,-1.29789e+09,-7.94562e+08,-1.43323e+08,-1.62774e+09,0.00111873,0.000171827,-1.47834e-24
0,1.93286e+09,1.4792e+07,3.09715e+08,2.32811e+09,3.63409e+08,1.79634e+08,-1.09219e+09,0.000976546,0.000156478,1.63302e-24
0,1.96445e+09,-2.2653e+07,3.05225e+08,-2.11035e+09,-8.60214e+07,3.94654e+08,-1.28691e+09,0.00102752,0.000159649,-1.04257e-24
0,2.11989e+09,-1.68234e+07,2.60476e+08,-4.63582e+09,-6.93247e+08,1.52117e+08,-3.95528e+08,0.00106537,0.000130904,-6.50285e-24
0,1.86665e+09,-2.18269e+07,3.15855e+08,-4.42205e+09,-5.53918e+08,-5.18547e+07,-1.24365e+09,0.00104522,0.000176862,-2.29231e-23
0,1.91253e+09,-6.25072e+07,3.10516e+08,-9.34331e+09,1.27816e+09,4.85625e+08,-9.44703e+08,0.000953615,0.000154828,-7.58145e-23
0,2.04569e+09,7.76635e+06,3.2358e+08,2.66582e+08,-8.60472e+08,3.7073e+08,-1.02351e+09,0.00103372,0.00016351,4.57382e-25
0,2.02495e+09,1.19569e+07,3.26168e+08,-2.81204e+09,-5.51038e+08,-1.61148e+08,-7.23172e+08,0.000981999,0.000158175,-1.68697e-24
0,1.92361e+09,7.19769e+07,3.15197e+08,1.59927e+09,2.04256e+08,-9.03106e+08,-7.59409e+08,0.000988113,0.000161909,8.29814e-26
0,2.15461e+09,737533,3.19489e+08,-9.41449e+08,-1.06566e+09,-5.02748e+08,-7.9314e+08,0.00100472,0.000148981,-5.6868e-25
0,1.86154e+09,9.62771e+06,2.74646e+08,-1.1938e+10,-8.04335e+08,-6.34739e+08,2.99357e+08,0.00103033,0.000152012,1.53904e-22
0,2.06766e+09,-3.36904e+07,3.19998e+08,-2.70292e+09,-6.67479e+07,5.10556e+08,-7.63169e+08,0.000984072,0.000152298,-1.26093e-24
0,2.04103e+09,-7.58002e+06,3.39213e+08,-4.59847e+09,-2.19123e+08,9.48189e+06,-4.32715e+08,0.000938871,0.000156038,-3.47791e-24
0,2.24507e+09,1.80005e+07,3.11258e+08,-5.47828e+09,6.64288e+08,5.07856e+08,2.06973e+08,0.000937167,0.00012993,3.14866e-24
0,1.96668e+09,9.64136e+06,3.27005e+08,-2.33361e+09,-5.66326e+08,-7.57353e+07,-6.8353e+08,0.000976525,0.000162369,-1.17706e-24
0,1.88353e+09,-4.86838e+07,3.19323e+08,-6.88587e+09,1.30335e+09,2.42525e+08,-8.45237e+08,0.000936251,0.000158726,-2.77142e-23
0,2.10188e+09,7.44872e+07,3.11428e+08,-5.12087e+09,4.1927e+08,-2.46365e+08,2.22787e+08,0.000896588,0.000132845,1.25433e-24
0,2.18491e+09,162405,3.44461e+08,1.35161e+08,-3.07094e+06,5.07674e+06,-1.64381e+08,0.000913236,0.000143976,-9.96057e-30
0,1.80317e+09,-1.18074e+07,2.75248e+08,-3.53734e+09,2.3711e+09,3.89905e+08,-1.08668e+09,0.000959582,0.000146477,1.78251e-24
0,1.96861e+09,-1.36441e+07,3.11403e+08,-3.01253e+09,2.87475e+08,2.57025e+07,-1.22566e+09,0.000992612,0.000157016,-3.7218e-24
0,2.04038e+09,3.65282e+07,3.13685e+08,-7.18355e+09,-1.80809e+09,-1.83497e+07,-6.44385e+08,0.00105582,0.00016232,-5.38271e-23
0,2.00334e+09,-2.34881e+07,3.10283e+08,-5.70616e+09,-8.0088e+08,3.47142e+08,-1.14329e+09,0.00104336,0.000161599,-3.69139e-23
0,2.02823e+09,-1.21096e+07,3.12633e+08,-3.02252e+09,-1.32778e+09,1.84325e+08,-1.12705e+09,0.00105573,0.000162731,-9.18835e-24
0,1.92059e+09,4.75844e+07,3.18678e+08,3.76653e+09,8.87236e+08,-4.17244e+08,-1.06258e+09,0.000984429,0.000163344,5.95652e-24
0,2.00341e+09,-5.57998e+07,2.87558e+08,-6.79619e+09,-1.15906e+09,1.01617e+08,-1.30372e+09,0.00109086,0.000156576,-8.89257e-23
0,2.03481e+09,-4.11266e+06,3.41575e+08,-2.97179e+08,-3.50132e+07,1.74642e+07,-4.9629e+08,0.000980544,0.0001646,2.41521e-27
0,2.0895e+09,2.38193e+07,3.12192e+08,7.05433e+09,-2.25301e+08,-1.64445e+08,-5.9802e+08,0.000928115,0.000138669,1.48067e-23
0,1.99828e+09,-2.66748e+07,3.14916e+08,3.78684e+08,2.01729e+08,2.82052e+08,-1.15503e+09,0.00100439,0.000158286,-9.11645e-26
0,2.18832e+09,-6.53381e+06,3.16248e+08,-6.8832e+09,1.33656e+09,5.4632e+08,7.67283e+07,0.000895342,0.000129392,6.59771e-24
0,1.92213e+09,-3.72415e+07,3.16484e+08,-2.54748e+09,6.14242e+08,1.88269e+08,-1.27501e+09,0.00101408,0.000166971,-2.64637e-24
0,1.99998e+09,1.38076e+07,2.97859e+08,1.83358e+09,-1.16291e+09,-4.41975e+08,-1.25968e+09,0.00106827,0.000159098,2.0937e-24
0,2.0859e+09,2.69812e+07,3.14577e+08,-1.0959e+08,-9.25126e+08,-6.78018e+08,-9.19501e+08,0.00101492,0.000153061,-5.31411e-25
0,1.94838e+09,-4.39944e+07,3.13348e+08,-6.87071e+09,-1.25671e+08,2.07394e+08,-1.07232e+09,0.00102671,0.00016512,-5.56052e-23
0,1.93914e+09,-2.85047e+07,3.21019e+08,1.07709e+08,5.38222e+08,1.05709e+08,-7.27877e+08,0.000920335,0.000152359,-8.47062e-28
0,1.99266e+09,-9.27022e+06,3.18916e+08,-5.50705e+09,-7.36303e+07,-4.43793e+08,-8.43223e+08,0.000952678,0.000152471,-1.31215e-23
0,2.02729e+09,7.54369e+06,3.16784e+08,2.51656e+09,-6.99479e+07,4.35096e+08,-1.01704e+09,0.00101031,0.00015787,1.38844e-24
0,2.18497e+09,205523,3.44869e+08,-2.20958e+08,4.16843e+06,-1.2186e+07,-9.35834e+07,0.000913269,0.000144148,-4.2203e-29
0,1.99232e+09,9.09461e+06,3.08998e+08,1.9197e+09,1.28811e+09,2.84411e+07,-9.98928e+08,0.000963825,0.000149484,7.30933e-25
0,1.82945e+09,-4.26296e+07,3.05013e+08,-9.71171e+08,1.09502e+09,5.05052e+08,-1.00678e+09,0.000984168,0.000164085,-1.11126e-26
0,1.85987e+09,988059,2.74867e+08,-1.03188e+08,-9.57839e+08,2.41862e+08,-1.4439e+09,0.00110355,0.000163092,1.08803e-24
0,1.94309e+09,-3.41765e+07,3.13086e+08,-2.85142e+09,6.30694e+08,3.17525e+08,-1.23599e+09,0.000994447,0.000160233,-3.00853e-24
0,2.08974e+09,1.10177e+07,3.33579e+08,4.38448e+09,-1.37811e+08,9.7476e+07,-7.26783e+08,0.000954874,0.000152423,4.69349e-24
0,1.93201e+09,2.13646e+07,3.11391e+08,-7.15007e+09,-1.03547e+09,-8.99576e+08,-7.29936e+08,0.00106796,0.000172128,-2.28331e-23
0,1.83721e+09,3.75974e+07,3.00251e+08,-1.25714e+10,2.59617e+08,-7.24042e+08,-7.52882e+08,0.0010188,0.0001665,-3.30575e-22
0,2.13761e+09,2.54321e+07,3.20572e+08,6.82683e+09,-7.66783e+08,-1.54842e+08,-5.25243e+08,0.000936953,0.000140513,1.25299e-23
0,2.18152e+09,57483.8,3.44448e+08,-4.10914e+08,-4.19607e+06,-4.42107e+07,-1.66295e+08,0.000911939,0.000143989,-4.65853e-28
0,2.13796e+09,4.93529e+07,3.28206e+08,-7.8666e+07,-7.66021e+08,-3.34036e+07,-1.22692e+08,0.000891408,0.000136844,-7.42158e-27
0,2.0249e+09,3.26494e+07,3.22855e+08,3.41141e+09,-6.13838e+08,-2.606e+08,-9.04342e+08,0.00102466,0.000163374,5.50885e-24
0,1.85314e+09,3.0116e+07,3.11886e+08,2.95835e+09,1.66985e+09,-2.67077e+08,-1.17703e+09,0.000971161,0.000163448,2.71375e-24
0,1.90925e+09,1.47705e+07,3.13745e+08,-7.56182e+09,-7.60447e+08,-6.70888e+08,-7.2556e+08,0.00104403,0.000171564,-4.27927e-23
0,2.0185e+09,1.78767e+07,3.22414e+08,-2.37908e+08,-1.25886e+09,-2.22387e+08,-7.60599e+08,0.00101609,0.0001623,-6.35961e-25
0,2.0159e+09,-6.03227e+07,3.13792e+08,-6.08513e+09,3.8087e+08,1.21974e+08,-9.76852e+08,0.000992265,0.000154455,-2.44069e-23
0,2.05822e+09,-3.26511e+07,3.20747e+08,3.46541e+09,-4.75064e+08,2.792e+08,-5.11123e+08,0.000941955,0.000146792,1.37499e-24
0,2.05016e+09,-1.68715e+07,3.28371e+08,-4.14199e+09,-3.88701e+08,-9.52862e+07,-9.73475e+08,0.00100448,0.000160886,-7.42751e-24
0,1.98456e+09,-1.3197e+07,3.34465e+08,-4.71859e+09,-2.43416e+08,-6.29223e+08,-6.35436e+08,0.000960151,0.000161817,-5.25418e-24
0,1.97662e+09,-1.90007e+07,3.30461e+08,-2.86202e+09,7.69753e+07,-1.66012e+08,-9.78377e+08,0.000999985,0.000167183,-2.70198e-24
0,2.0013e+09,1.52239e+07,2.8521e+08,6.44614e+09,-1.48117e+08,-8.51964e+06,-9.63743e+08,0.0010059,0.000143353,3.24601e-23
0,1.89163e+09,-3.24504e+07,3.15233e+08,-2.33852e+09,1.49204e+09,2.58032e+08,-1.11488e+09,0.000955681,0.00015926,-9.97532e-25
0,1.87935e+09,-1.78422e+07,2.85138e+08,-6.40282e+09,8.14567e+08,-6.88324e+06,-1.25784e+09,0.000998492,0.000151493,-5.54113e-23
0,1.96633e+09,-1.64563e+07,3.04e+08,3.76907e+09,4.63187e+08,4.03208e+08,-9.86163e+08,0.000966178,0.000149373,6.70088e-24
0,1.87291e+09,-4.36213e+07,3.16667e+08,2.34726e+09,-1.70189e+08,-4.2893e+07,-4.59296e+08,0.000998086,0.000168754,1.01962e-24
0,1.93757e+09,3.14738e+06,3.1189e+08,-7.24484e+08,3.96525e+07,-3.51798e+07,-1.29464e+09,0.00101161,0.000162839,1.68092e-25
0,1.95286e+09,-1.74573e+07,3.20865e+08,1.45736e+09,7.86106e+08,3.80786e+08,-9.25556e+08,0.000950787,0.000156219,5.60457e-25
0,1.96622e+09,2.48903e+07,3.21406e+08,4.41351e+09,3.90648e+07,1.31693e+08,-9.77706e+08,0.000989212,0.000161701,1.03175e-23
0,1.97839e+09,-4.75589e+07,3.01051e+08,2.78744e+09,-2.19541e+09,2.08533e+08,3.47935e+08,0.00108973,0.000165824,6.09282e-24
0,1.952e+09,4.62377e+07,3.11118e+08,7.2443e+09,1.76632e+09,-1.46365e+08,-1.01529e+09,0.000944849,0.000150594,3.4894e-23
0,2.30937e+09,1.64221e+07,3.22931e+08,-3.2691e+09,1.1198e+09,1.48301e+08,2.55777e+08,0.00092185,0.000128907,1.01609e-24
0,1.97498e+09,1.79941e+07,3.01502e+08,3.92582e+09,-5.53141e+08,5.51855e+08,-9.19303e+08,0.000997415,0.000152266,4.89272e-24
0,2.08168e+09,-2.59646e+07,2.9535e+08,-3.66509e+09,-1.69853e+09,5.81602e+07,-1.11564e+09,0.00106174,0.00015064,-1.69287e-23
0,2.11471e+09,-2.95801e+06,3.21923e+08,-9.61186e+08,-1.67406e+09,-4.83554e+08,-8.31792e+08,0.00103268,0.000157205,-2.81671e-24
0,1.91912e+09,-1.20441e+07,3.21874e+08,2.93461e+09,1.2611e+09,5.83503e+08,-9.01025e+08,0.000947658,0.000158941,5.33722e-24
0,1.79924e+09,3.37889e+07,2.58953e+08,1.90446e+09,1.39611e+08,-2.2813e+08,-1.40625e+09,0.00109839,0.000158084,1.37821e-24
0,1.99122e+09,4.82542e+07,3.14459e+08,6.66612e+09,1.24933e+09,-2.15041e+08,-9.7671e+08,0.000949056,0.000149878,2.49144e-23
0,2.23867e+09,-2.38085e+06,3.34831e+08,-7.17263e+08,-8.92157e+08,1.23259e+07,-6.03778e+08,0.000979649,0.000146523,-1.32234e-25
0,2.27771e+09,9.77109e+06,3.3184e+08,2.80457e+09,-7.7768e+08,-8.54491e+07,-1.48662e+08,0.00091668,0.000133551,3.36128e-25
0,2.31201e+09,3.77353e+06,3.27312e+08,-3.6612e+08,5.40904e+08,5.17652e+07,4.50491e+07,0.000888019,0.000125717,3.74074e-27
0,1.89484e+09,1.9138e+07,3.18298e+08,-5.30211e+09,-1.99908e+09,-4.76725e+08,-5.44902e+08,0.000996959,0.000167471,-1.94595e-23
0,1.87616e+09,1.25454e+07,3.17451e+08,1.41759e+08,1.45754e+09,-1.98154e+08,-1.20389e+09,0.00097005,0.000164135,2.58407e-27
0,2.14627e+09,-1.96253e+07,3.38149e+08,-6.23127e+09,-1.31146e+08,-4.95209e+08,-5.19422e+08,0.000950492,0.000149752,-7.75099e-24
0,2.03515e+09,-5.9278e+06,3.41064e+08,-5.0431e+08,2.60196e+07,-3.44504e+07,-5.33273e+08,0.000972563,0.000162988,8.43982e-28
0,1.84113e+09,3.43691e+07,3.18291e+08,-3.78201e+07,1.75332e+09,-3.13782e+08,-1.14895e+09,0.000972064,0.000168048,8.97451e-26
0,2.28441e+09,2.56442e+07,3.20228e+08,-5.16858e+09,8.20889e+08,1.86833e+08,2.71019e+08,0.000920924,0.000129095,2.41037e-24
0,2.14769e+09,-5.4962e+07,3.13075e+08,-7.25985e+09,-2.16943e+08,2.09569e+08,-7.82063e+08,0.00095719,0.000139532,-2.12866e-23
0,2.04669e+09,4.96949e+07,2.77894e+08,3.20313e+09,8.58602e+08,-3.20061e+08,-2.55012e+08,0.000990207,0.000134447,-7.49967e-26
0,1.97749e+09,2.78772e+07,3.05017e+08,4.99741e+09,-6.02918e+08,-1.50802e+08,-1.22064e+09,0.00103306,0.000159344,2.44648e-23
0,2.10437e+09,-4.20789e+07,3.01007e+08,-7.37847e+09,-1.42529e+09,1.07416e+08,-1.03833e+09,0.00105636,0.000151102,-6.62358e-23
0,2.08923e+09,2.90074e+07,3.04389e+08,4.2879e+09,-1.63766e+09,1.20094e+08,-9.74186e+08,0.00104138,0.000151723,1.67986e-23
0,2.03645e+09,-1.68517e+07,3.33758e+08,-2.74896e+09,2.25785e+08,-1.2547e+08,-7.78549e+08,0.000971377,0.000159201,-1.55189e-24
0,2.07258e+09,-2.04809e+06,3.27468e+08,4.21043e+09,3.92334e+08,6.16117e+08,-7.31968e+08,0.000979926,0.000154828,6.31841e-24
0,2.14466e+09,6.2839e+06,3.159e+08,-1.51674e+09,-7.19055e+08,2.22831e+08,-6.28363e+08,0.000966519,0.000142364,-3.14253e-25
0,2.09999e+09,1.5323e+07,3.17305e+08,3.31676e+09,-8.36034e+08,5.36432e+08,-8.82776e+08,0.00101166,0.00015286,2.1944e-24
0,2.02309e+09,1.639e+07,3.22216e+08,3.76965e+09,-8.00461e+08,2.52257e+08,-9.68167e+08,0.00102329,0.000162979,6.71301e-24
0,1.90618e+09,3.00995e+07,3.2169e+08,1.8843e+09,9.90979e+08,-3.84952e+08,-9.78767e+08,0.000994305,0.0001678,5.0459e-25
0,1.94569e+09,-2.33548e+07,3.20041e+08,4.38686e+09,1.49034e+08,3.48423e+08,-5.16623e+08,0.000981266,0.000161406,5.96868e-24
0,2.04015e+09,-5.02663e+06,3.42827e+08,-4.59984e+08,3.41749e+07,-3.98122e+07,-3.72197e+08,0.000971301,0.000163217,-1.24869e-27
0,2.0828e+09,-4.69484e+07,3.15687e+08,-6.18289e+09,-2.17035e+09,-6.53347e+08,-6.44645e+08,0.00100889,0.000152917,-1.73764e-23
0,2.17583e+09,2.76569e+07,3.18484e+08,5.89451e+09,-7.73602e+08,-1.83776e+08,-8.20549e+08,0.00101576,0.000148681,1.69659e-23
0,1.87206e+09,3.87948e+07,3.1239e+08,3.90068e+09,1.86752e+09,-3.93966e+08,-1.14738e+09,0.000962164,0.000160556,4.34359e-24
0,2.27018e+09,2.44418e+07,3.18508e+08,1.78207e+08,7.6002e+08,-2.16049e+08,1.92539e+08,0.000933191,0.000130927,1.08658e-26
0,2.17959e+09,342068,3.44846e+08,-6.07606e+08,9.07742e+06,-5.76888e+07,-9.89409e+07,0.000903678,0.000142976,-1.06168e-27
0,1.98902e+09,-9.03571e+06,3.13749e+08,-5.74373e+08,-3.27801e+08,-1.46762e+08,-1.26671e+09,0.00102145,0.000161124,5.93676e-26
0,2.02389e+09,1.01053e+07,3.32453e+08,-2.81288e+09,4.87205e+08,-1.88022e+08,-6.82723e+08,0.000956689,0.00015715,-1.63016e-24
0,2.07333e+09,3.83249e+07,3.19011e+08,6.45071e+09,-5.1314e+08,9.59359e+07,-9.15896e+08,0.0010176,0.000156572,2.74678e-23
0,1.97544e+09,-9.4637e+06,3.39304e+08,-1.79836e+09,2.7512e+08,-1.73282e+08,-5.07997e+08,0.000952364,0.000163579,-3.45018e-25
0,2.06047e+09,2.1436e+07,2.89559e+08,-7.42437e+09,-4.75098e+08,-3.38791e+08,2.19726e+08,0.00107467,0.000151024,1.81938e-23
0,1.89145e+09,-2.73305e+07,3.20142e+08,-1.22224e+09,4.69796e+08,3.34592e+08,-9.36317e+08,0.000957308,0.000162032,-8.33535e-26
0,2.29184e+09,2.4532e+07,3.30453e+08,4.60383e+09,-3.68865e+08,-1.92963e+08,-2.40262e+08,0.000896566,0.000129273,1.03528e-24
0,1.88311e+09,3.19102e+07,3.19574e+08,4.4779e+09,5.78495e+08,-1.70405e+08,-9.9737e+08,0.00100327,0.000170261,1.40876e-23
0,1.91166e+09,-1.84031e+07,2.94777e+08,3.63291e+09,8.6036e+08,7.96276e+08,-1.13785e+09,0.00102662,0.000158304,1.51702e-23
0,1.92993e+09,1.30552e+07,3.05944e+08,2.20128e+09,4.37558e+08,-3.45056e+08,-1.29572e+09,0.000996798,0.000158018,1.20004e-24
0,2.12068e+09,-2.90786e+07,3.07483e+08,2.72188e+09,-2.3245e+08,2.17268e+08,-6.77049e+08,0.000969697,0.000140599,9.36852e-25
0,2.19967e+09,-1.13367e+07,3.20996e+08,-7.73594e+08,-1.23116e+09,-5.97784e+08,-2.50933e+08,0.000923239,0.000134728,-2.21749e-25
0,1.99892e+09,4.44021e+07,3.17798e+08,5.43473e+09,5.69243e+08,-3.39338e+08,-9.55851e+08,0.000998075,0.000158679,1.67654e-23
0,1.97109e+09,1.1678e+07,3.09557e+08,2.96497e+09,-1.01412e+09,2.1724e+08,-1.17026e+09,0.00104948,0.00016482,6.60447e-24
0,2.00264e+09,-9.79795e+06,3.22333e+08,5.02549e+08,-1.07651e+09,-1.78919e+07,-8.78279e+08,0.00102952,0.000165706,3.37772e-25
0,2.04455e+09,-2.01838e+07,3.14416e+08,3.39032e+09,-1.33945e+08,-1.34667e+08,-7.56289e+08,0.00096218,0.000147967,2.63652e-24
0,1.94779e+09,-1.63567e+07,3.09634e+08,1.01263e+09,2.61784e+08,7.12262e+08,-1.16816e+09,0.00099892,0.000158795,-2.319e-25
0,1.96594e+09,8.98769e+06,3.11886e+08,1.79971e+09,2.55617e+08,-3.68469e+07,-9.93532e+08,0.000983955,0.000156099,5.3232e-25
0,2.05493e+09,-1.08049e+07,3.19003e+08,-2.99977e+09,-6.82668e+08,3.55079e+08,-9.24432e+08,0.00102645,0.000159344,-3.80759e-24
0,1.9195e+09,1.84277e+07,3.17037e+08,5.11749e+09,-1.91476e+07,-3.11259e+08,-1.08536e+09,0.0010164,0.000167875,2.29392e-23
0,1.69951e+09,2.06831e+07,2.49794e+08,4.76364e+09,2.00313e+08,1.56531e+08,-1.60065e+09,0.00112545,0.000165418,7.93926e-23
0,2.02083e+09,-2.70181e+07,3.26088e+08,-4.34917e+08,-4.45024e+08,-1.84809e+08,-7.81348e+08,0.000954474,0.000154018,-3.45086e-26
0,2.00523e+09,111332,2.99353e+08,8.04742e+08,7.96195e+08,7.33633e+07,-8.42082e+08,0.000953235,0.000142305,5.41722e-26
0,2.09798e+09,-9.3549e+06,3.40777e+08,-4.24639e+09,3.17562e+08,-1.62657e+08,-3.73353e+08,0.000890038,0.00014457,-1.72908e-24
0,2.13378e+09,-1.8532e+07,2.76337e+08,-1.8854e+09,2.64809e+08,-1.22246e+08,3.53413e+08,0.000962981,0.000124711,1.58016e-25
0,1.95732e+09,3.09366e+07,2.86181e+08,-9.38021e+09,-1.04323e+09,-5.12499e+08,1.81762e+08,0.00102913,0.000150469,4.63893e-23
0,2.07261e+09,-2.96697e+07,3.3474e+08,-5.63696e+09,7.19598e+08,-3.77379e+07,-4.60772e+08,0.000890654,0.000143846,-4.94842e-24
0,1.91354e+09,1.66996e+07,2.90446e+08,-2.01886e+09,-6.57976e+07,-2.11836e+08,-1.2938e+09,0.00105857,0.000160674,-1.20233e-24
0,1.97457e+09,4.9249e+06,3.11996e+08,1.82963e+09,-1.03402e+09,1.38475e+08,-1.11486e+09,0.00106482,0.00016825,2.75054e-24
0,2.14947e+09,5.59307e+07,3.15379e+08,-8.71923e+09,-1.53973e+08,2.08293e+08,7.30856e+08,0.000958825,0.000140682,3.34658e-23
0,1.90981e+09,-4.14109e+07,3.05534e+08,-4.71982e+09,1.30474e+09,5.46498e+08,-9.6497e+08,0.000949565,0.000151913,-7.13909e-24
0,2.31238e+09,1.53861e+07,3.31402e+08,2.96027e+09,-7.67551e+08,-1.27778e+08,-2.50355e+08,0.000917786,0.000131534,4.90724e-25
0,2.09919e+09,-1.00112e+07,3.2394e+08,4.22567e+09,9.42822e+08,-6.97372e+07,-2.91994e+08,0.00102771,0.000158593,1.66427e-24
0,1.93373e+09,-2.44091e+07,3.13014e+08,1.08162e+09,6.66288e+08,8.0846e+08,-1.1323e+09,0.00100383,0.000162492,4.03803e-25
0,1.77479e+09,-6.49085e+07,3.1498e+08,-2.98578e+09,1.27373e+08,-3.14373e+07,-4.43531e+08,0.000948493,0.000168333,-2.04051e-24
0,2.00789e+09,3.05797e+07,3.04274e+08,-3.54153e+09,-7.1996e+06,-5.65749e+08,-1.08143e+09,0.000997619,0.000151178,-4.75927e-24
0,1.92586e+09,1.76995e+07,3.16539e+08,2.14962e+09,1.00423e+09,3.89492e+08,-9.32675e+08,0.000976864,0.00016056,2.11784e-24
0,2.09646e+09,-1.619e+07,3.32284e+08,-5.09801e+09,-4.43677e+08,-3.16008e+08,-7.8756e+08,0.000981496,0.000155565,-8.29242e-24
0,1.89189e+09,2.57309e+07,3.08706e+08,-6.60186e+08,1.06069e+09,-4.97916e+08,-1.28514e+09,0.000993756,0.000162154,-2.16472e-25
0,1.85553e+09,-2.00195e+07,2.98908e+08,1.77234e+08,-7.54634e+08,-5.60932e+08,-9.24252e+08,0.00101738,0.00016389,-5.79456e-25
0,2.19685e+09,9.20625e+06,3.16529e+08,-6.67543e+08,-1.27461e+09,1.44001e+08,-6.5724e+08,0.000982961,0.000141628,-2.13886e-25
0,1.97459e+09,3.08337e+07,3.115e+08,4.24316e+09,-4.33003e+08,-3.39749e+08,-1.17529e+09,0.00102227,0.000161268,1.34399e-23
0,2.04555e+09,1.32615e+07,3.18747e+08,3.0852e+09,-9.76802e+08,-2.60117e+08,-9.99991e+08,0.00103868,0.000161852,5.85706e-24
0,1.94121e+09,1.5683e+07,3.08435e+08,3.41524e+09,1.24484e+09,7.11783e+07,-1.01985e+09,0.000990663,0.000157405,5.97915e-24
0,1.60775e+09,-1.73448e+07,2.70453e+08,3.12588e+09,-1.72353e+09,-3.90573e+08,2.06893e+07,0.00105477,0.000177431,1.94843e-23
0,1.97195e+09,-3.19637e+06,3.16684e+08,8.36849e+08,-9.20387e+08,2.77464e+07,-1.09731e+09,0.00104467,0.000167768,5.72227e-25
0,2.24229e+09,-3.22668e+06,3.19239e+08,6.07385e+09,-8.33792e+08,-2.78816e+08,-8.56894e+07,0.000936941,0.000133394,2.54953e-24
0,1.96009e+09,-6.55144e+06,3.31347e+08,-4.28592e+09,5.67013e+08,-4.25076e+08,-8.23456e+08,0.000948462,0.000160335,-8.30232e-24
0,1.91106e+09,4.22687e+07,3.03099e+08,3.98714e+09,5.78712e+08,-1.16353e+08,-1.13651e+09,0.000993111,0.00015751,1.00124e-23
0,2.00212e+09,1.17636e+07,3.06471e+08,-9.64442e+09,3.63072e+08,-6.67106e+08,-1.04361e+07,0.000953413,0.000145942,-8.37565e-24
0,1.93017e+09,-3.79699e+06,2.74368e+08,-2.24791e+09,1.70473e+08,3.87844e+08,-1.18584e+09,0.00104001,0.000147835,-1.5233e-24
0,2.04921e+09,-5.11684e+06,3.42539e+08,-7.38541e+08,9.77955e+06,-4.31619e+07,-4.02351e+08,0.000963493,0.000161054,-1.0378e-26
0,2.01916e+09,4.1787e+06,3.19903e+08,2.37011e+09,-1.25912e+09,2.9997e+07,-9.51569e+08,0.0010473,0.000165928,4.61176e-24
0,2.00207e+09,2.59853e+07,3.028e+08,4.43475e+09,6.54969e+08,8.97531e+07,-8.96959e+08,0.000968036,0.000146409,8.5796e-24
0,2.03958e+09,4.54568e+07,3.0134e+08,3.64078e+08,4.3849e+08,-1.75877e+08,-8.66141e+08,0.000971631,0.000143554,-5.88726e-27
0,1.89902e+09,-4.98121e+07,3.21444e+08,4.46325e+09,-1.25753e+09,7.98463e+07,-2.99339e+08,0.000953301,0.000161364,5.74728e-24
0,2.05827e+09,3.18767e+07,2.87056e+08,1.78208e+09,-3.63876e+08,6.94738e+08,4.93631e+08,0.000946243,0.000131967,-4.75756e-25
0,1.78975e+09,-3.20415e+07,3.00116e+08,2.55846e+09,-5.55041e+08,5.8843e+07,-7.35462e+08,0.0010329,0.000173203,3.42777e-24
0,1.99911e+09,-1.38962e+06,3.16175e+08,2.82741e+09,2.07877e+08,6.13302e+08,-1.19224e+09,0.0010162,0.00016072,3.03378e-24
0,1.9329e+09,-2.28834e+07,2.87336e+08,-2.49707e+09,-2.3157e+08,3.8863e+08,-1.38686e+09,0.0010418,0.000154869,-2.66337e-24
0,1.77466e+09,8.10354e+06,2.40233e+08,4.09119e+09,-8.13209e+08,4.81218e+08,-1.41412e+09,0.00111034,0.000150306,2.99479e-23
0,1.9548e+09,2.13182e+07,3.25295e+08,-2.06952e+09,1.30749e+09,-6.63933e+08,-7.58339e+08,0.000941264,0.000156634,-2.1505e-24
0,1.98182e+09,6.77013e+06,3.19697e+08,-1.41086e+07,-7.23723e+08,-1.19023e+08,-1.0183e+09,0.0010322,0.000166508,-1.21716e-25
0,1.86137e+09,1.83152e+07,3.07044e+08,2.44595e+09,1.41034e+09,-1.08621e+08,-1.1213e+09,0.000986073,0.000162659,2.17567e-24
0,2.05373e+09,1.8127e+07,3.14695e+08,-8.03014e+09,3.72712e+07,-2.26802e+08,-4.70427e+07,0.000905701,0.000138781,-1.73669e-24
0,2.00258e+09,-5.79104e+07,2.93595e+08,-4.01554e+09,2.76746e+08,2.03057e+08,-1.04838e+09,0.00101411,0.000148677,-8.15219e-24
0,1.95086e+09,3.61617e+07,3.05093e+08,1.29568e+09,2.33721e+08,-3.95867e+08,-1.2621e+09,0.00101077,0.000158074,-2.50976e-26
0,1.90234e+09,3.37891e+07,3.03895e+08,8.97852e+09,4.10515e+08,1.71968e+07,-1.21684e+09,0.000990141,0.000158173,1.33012e-22
0,2.08521e+09,-2.19764e+07,3.14493e+08,-1.59369e+09,-1.12112e+09,1.43765e+08,-1.08502e+09,0.00104314,0.000157328,-1.49513e-24
0,1.95132e+09,2.77037e+07,3.27852e+08,-2.62198e+08,7.81979e+08,-3.03635e+08,-6.37781e+08,0.000942712,0.00015839,-1.37674e-26
0,2.00499e+09,1.0007e+07,3.20382e+08,7.80254e+08,-1.39968e+09,-3.08321e+06,-9.02592e+08,0.00105148,0.000168018,1.30309e-24
0,2.00754e+09,1.35949e+07,3.14944e+08,-8.74012e+08,-7.14021e+08,1.75685e+07,-1.12367e+09,0.00103516,0.000162397,-2.25744e-25
0,1.835e+09,-4.69833e+07,2.92563e+08,5.34874e+09,9.60521e+08,1.30151e+08,-9.16219e+08,0.00106902,0.000170438,4.05776e-23
0,2.17637e+09,1.74947e+06,3.20779e+08,1.31239e+08,-1.17517e+09,-3.91001e+08,-8.01258e+08,0.00102165,0.000150583,-4.056e-25
0,1.94677e+09,-4.93488e+07,3.05183e+08,-1.66608e+09,-2.38645e+09,5.78058e+07,-9.14128e+08,0.00103841,0.000162785,-1.22299e-23
0,2.03542e+09,3.10526e+06,3.22293e+08,-7.83748e+08,-1.47777e+09,4.09278e+07,-7.9873e+08,0.00106259,0.000168253,-1.28761e-24
0,1.9259e+09,-390952,3.14247e+08,-3.46828e+09,-2.11966e+08,2.02653e+07,-1.11395e+09,0.00101823,0.000166144,-7.00516e-24
0,2.13001e+09,2.3756e+07,3.13905e+08,2.72899e+09,-1.41256e+09,2.01183e+07,-8.14476e+08,0.00100261,0.000147757,4.02459e-24
0,2.19403e+09,456019,3.4481e+08,-7.41942e+07,1.39844e+07,-2.22184e+06,-1.04486e+08,0.000899464,0.000141358,1.76722e-30
0,1.84009e+09,2.46196e+07,3.05346e+08,9.27367e+09,2.25491e+09,1.18118e+08,-6.46308e+08,0.0010204,0.000169325,9.6463e-23
0,1.96769e+09,3.5326e+07,2.87365e+08,8.13993e+09,1.69641e+08,-7.72045e+07,-9.16584e+08,0.000981968,0.000143409,6.01706e-23
0,1.89283e+09,1.0487e+07,2.91382e+08,1.84645e+09,-3.61935e+08,-2.96437e+07,-1.37452e+09,0.00105715,0.000162738,1.09401e-24
0,2.10268e+09,-2.92658e+07,3.16632e+08,-6.70121e+09,-6.08298e+08,-1.57888e+08,-7.79862e+08,0.000992098,0.000149395,-2.1225e-23
0,1.86486e+09,2.56185e+07,3.08707e+08,-1.39423e+09,4.79033e+08,-2.28724e+08,-1.2478e+09,0.00102083,0.000168987,-3.80008e-25
0,2.28261e+09,-4.01003e+06,3.20436e+08,6.16211e+09,-8.92177e+08,-2.88008e+08,-2.0031e+08,0.000940678,0.000132054,3.98912e-24
0,1.78943e+09,-3.0075e+07,2.96469e+08,-3.04652e+08,8.19401e+08,3.53039e+08,-1.3302e+09,0.00100993,0.000167324,1.93604e-27
0,1.84712e+09,1.85225e+07,3.10555e+08,-4.79578e+09,-5.13938e+08,-2.8055e+08,-1.10608e+09,0.00104222,0.000175227,-2.50957e-23
0,2.30464e+09,2.14283e+07,3.28757e+08,4.78807e+09,-8.36007e+08,-1.46738e+08,-2.96298e+08,0.00091994,0.000131229,1.95937e-24
0,1.86229e+09,-3.59004e+07,3.20134e+08,1.41969e+09,-7.20615e+08,2.39128e+08,-9.98648e+08,0.00102494,0.000176191,9.19e-25
0,2.15991e+09,3.40448e+07,3.25663e+08,6.85412e+09,-2.0075e+08,7.74271e+07,-5.52773e+08,0.000926952,0.000139762,1.01978e-23
0,1.98463e+09,3.08042e+07,3.02661e+08,7.33573e+09,-1.34161e+09,5.49953e+08,-1.21452e+09,0.00105241,0.000160495,7.01338e-23
0,1.92283e+09,-2.68742e+07,3.13846e+08,-3.2512e+09,-1.73557e+09,7.0083e+07,-9.06072e+08,0.00104242,0.000170145,-1.69405e-23
0,2.00624e+09,-2.50216e+07,2.6837e+08,-2.18559e+08,-5.22628e+08,-7.80512e+07,4.70005e+08,0.00100247,0.000134099,1.50676e-27
0,2.02766e+09,-1.31227e+07,3.2247e+08,-6.92032e+09,-7.18421e+08,-2.32787e+08,-7.33048e+08,0.000973519,0.000154824,-2.32413e-23
0,1.99907e+09,-1.75158e+07,3.06381e+08,-4.21497e+09,2.74032e+08,2.86018e+08,-1.21127e+09,0.0010003,0.000153308,-9.98457e-24
0,1.90595e+09,2.4549e+07,2.99517e+08,-3.66295e+08,4.76817e+08,-3.73279e+08,-1.28605e+09,0.00103025,0.000161903,1.59184e-25
0,2.04649e+09,-2.14547e+07,3.11589e+08,-9.46799e+07,2.19621e+08,-5.51311e+08,-4.77212e+08,0.00109151,0.000166188,1.36393e-26
0,1.84326e+09,-5.81762e+07,2.42327e+08,-8.2724e+07,-1.00544e+09,1.10854e+09,-1.38609e+09,0.00116689,0.000153407,4.86232e-24
0,2.12604e+09,-1.42806e+07,3.22705e+08,-4.1094e+09,-1.39639e+09,-1.32261e+08,-7.0811e+08,0.00100631,0.000152744,-7.54631e-24
0,1.84859e+09,-4.3752e+07,3.04014e+08,1.23253e+09,4.36615e+08,4.21499e+08,-1.07831e+09,0.00102193,0.000168064,2.97761e-25
0,1.90924e+09,3.59459e+07,3.02718e+08,1.92351e+09,-4.96001e+07,-3.90494e+08,-1.29747e+09,0.00102654,0.000162763,7.36093e-25
0,1.98878e+09,1.50438e+07,3.14554e+08,1.75815e+09,-8.61699e+08,-6.60925e+07,-1.1146e+09,0.00103157,0.000163157,1.50703e-24
0,1.94344e+09,-7.30734e+06,3.11808e+08,3.20427e+09,1.08912e+09,4.88224e+08,-9.8495e+08,0.000939524,0.000150739,5.44372e-24
0,1.92165e+09,9.6723e+06,2.8282e+08,1.62223e+09,6.11009e+07,-6.99851e+08,-1.06905e+09,0.00101248,0.000149012,1.30966e-25
0,2.1011e+09,4.48377e+07,3.2732e+08,5.25423e+09,8.35061e+08,5.09476e+07,-6.99946e+08,0.000934001,0.000145504,7.281e-24
0,1.83518e+09,-6.53113e+07,3.04488e+08,-2.55866e+09,-1.80897e+09,-1.20779e+08,-8.98815e+08,0.00102651,0.000170316,-1.44694e-23
0,2.046e+09,-2.27561e+07,3.24164e+08,-5.26374e+09,-9.54416e+08,-1.94457e+08,-6.67297e+08,0.000990311,0.000156902,-1.05175e-23
0,1.98663e+09,-2.38984e+07,2.94411e+08,9.93352e+08,-7.30739e+08,1.41613e+08,-1.24408e+09,0.00106388,0.000157663,4.91708e-25
0,1.98962e+09,2.45368e+07,2.84134e+08,3.70283e+09,1.72276e+08,-2.60473e+08,-9.50725e+08,0.000987825,0.000141069,5.20879e-24
0,1.91819e+09,5.53342e+06,3.37592e+08,-3.70614e+09,-3.00412e+08,-2.91664e+08,2.72322e+08,0.000983379,0.000173069,2.51987e-24
0,1.94349e+09,1.11104e+07,3.16115e+08,1.30567e+09,-6.98163e+08,3.78105e+07,-1.10559e+09,0.00103349,0.000168101,6.47079e-25
0,1.73202e+09,-6.14503e+07,2.93497e+08,3.02933e+09,1.03209e+09,7.67521e+08,-9.05021e+08,0.00102064,0.000172951,1.52264e-23
0,1.90544e+09,-1.94136e+07,3.04648e+08,-3.49683e+09,5.69795e+08,-8.28811e+07,-1.2994e+09,0.000979742,0.000156644,-7.57123e-24
0,2.13288e+09,-6.04101e+06,3.22868e+08,9.40654e+08,-8.48618e+08,-2.54407e+08,-6.92598e+08,0.000972486,0.000147212,1.16976e-25
0,2.00062e+09,915518,3.09819e+08,-2.30362e+09,-6.98293e+08,3.54516e+08,-1.01163e+09,0.00101508,0.000157198,-1.99354e-24
0,1.9671e+09,4.40261e+07,3.0209e+08,8.66434e+09,1.33867e+09,1.17587e+08,-6.68713e+08,0.00112434,0.000172667,1.11739e-22
0,2.10489e+09,3.32745e+07,3.01447e+08,-6.22045e+09,-1.4075e+09,2.1683e+07,3.06225e+08,0.00090143,0.000129096,2.69368e-24
0,2.0478e+09,1.9623e+07,2.8897e+08,-2.0592e+09,6.63321e+08,-1.62153e+08,3.6722e+08,0.000939542,0.000132581,3.24658e-25
0,1.8965e+09,8.33767e+06,3.24763e+08,-3.4793e+09,-7.76582e+08,-5.50416e+08,-9.6182e+08,0.00101749,0.000174238,-4.69731e-24
0,1.82209e+09,-8.92917e+07,3.02848e+08,-1.26624e+09,-1.23282e+09,-4.04369e+08,-6.80426e+08,0.00102376,0.000170159,-2.33926e-24
0,2.12146e+09,-2.52173e+07,3.08637e+08,-2.82701e+09,-2.02643e+09,2.53245e+08,-1.08549e+09,0.00111166,0.000161728,-1.58816e-23
0,2.08577e+09,-4.55489e+06,3.42447e+08,-6.72736e+08,1.58242e+07,-8.44506e+07,-4.05171e+08,0.00095698,0.00015712,-6.03323e-27
0,2.10311e+09,-4.67727e+07,2.91564e+08,-2.66023e+09,-4.82267e+08,2.90119e+08,-5.56074e+08,0.000956565,0.000132613,-1.0277e-24
0,2.03187e+09,-3.79244e+07,3.11227e+08,-1.08349e+09,-6.08518e+08,-2.01291e+08,-9.68863e+08,0.00103601,0.000158689,-2.84761e-25
0,1.87152e+09,5.47406e+06,3.09792e+08,4.00514e+09,9.73728e+08,-2.34504e+08,-1.13122e+09,0.00106049,0.000175542,1.4472e-23
0,2.17768e+09,2.62414e+06,3.007e+08,-5.81411e+08,-2.34766e+09,1.31029e+08,-8.15285e+08,0.00104362,0.000144106,-1.38147e-24
0,2.1819e+09,1.64802e+06,3.44699e+08,7.88895e+08,1.80312e+07,1.17578e+08,-1.2452e+08,0.00090418,0.000142843,2.95129e-27
0,1.88047e+09,-1.20035e+07,3.18855e+08,-1.34869e+09,1.69193e+09,3.26013e+08,-1.00454e+09,0.000964848,0.000163601,2.33761e-25
0,2.0192e+09,-8.35711e+07,2.73302e+08,-9.63485e+09,-1.20795e+09,7.38894e+08,-1.15085e+09,0.00108133,0.00014636,-2.24968e-22
0,1.99205e+09,-3.89693e+07,3.05724e+08,-2.48953e+09,2.29289e+08,-3.11681e+08,-1.0298e+09,0.00101089,0.000155144,-1.91828e-24
0,2.04046e+09,3.68915e+07,3.19699e+08,-4.9452e+09,-1.46023e+09,1.4726e+08,-6.12981e+08,0.00103201,0.000161696,-1.78806e-23
0,2.20066e+09,2.68849e+06,3.3161e+08,2.55281e+09,-9.6001e+08,3.57647e+08,-6.36438e+08,0.000991397,0.00014939,9.02346e-25
0,2.07031e+09,3.88413e+07,3.21961e+08,3.26194e+09,1.39166e+07,-1.75688e+07,-8.04186e+08,0.000977112,0.000151954,2.45481e-24
0,2.11624e+09,-1.65996e+07,3.12873e+08,-5.72606e+09,-1.79124e+09,7.86793e+07,-1.01041e+09,0.00105829,0.000156462,-3.94522e-23
0,1.77744e+09,-7.06906e+07,2.95172e+08,2.96944e+09,5.30724e+08,7.28273e+08,-8.58939e+08,0.00100375,0.000166688,7.554e-24
0,2.10893e+09,1.42385e+07,2.97209e+08,1.25215e+09,-1.95155e+09,9.9837e+07,-9.3922e+08,0.00105111,0.000148132,4.50714e-24
0,2.0378e+09,-2.78876e+07,2.6359e+08,1.1569e+10,4.01722e+08,2.59077e+07,4.49018e+08,0.00104281,0.000134887,-9.74214e-23
0,2.30673e+09,2.0957e+07,3.27919e+08,4.6429e+09,-9.79607e+08,-1.46906e+08,-3.38872e+08,0.000927588,0.000131863,2.30775e-24
0,2.08004e+09,4.18049e+07,3.00137e+08,-6.86535e+09,-1.24763e+09,1.45135e+07,3.09418e+08,0.000906624,0.00013082,5.07637e-24
0,2.08382e+09,-2.32071e+07,3.11189e+08,-3.56176e+09,-1.52082e+09,-2.36893e+08,-1.01345e+09,0.00104537,0.000156111,-1.05356e-23
0,2.05499e+09,-2.2864e+07,3.12256e+08,-1.73596e+09,-1.11022e+09,6.20179e+07,-1.10074e+09,0.00103865,0.000157823,-1.95369e-24
0,2.18964e+09,962275,3.44685e+08,9.44e+08,-5.16603e+06,3.45133e+07,-1.26736e+08,0.000907575,0.000142867,5.07748e-27
0,2.11418e+09,2.23736e+07,2.91113e+08,3.1052e+09,-2.09527e+09,-5.25897e+07,-9.62712e+08,0.00104963,0.000144528,1.47814e-23
0,2.22282e+09,8.53053e+06,2.89179e+08,1.20524e+09,-1.21722e+09,-6.35612e+07,-3.19967e+08,0.000965084,0.000125553,3.90731e-25
0,2.31993e+09,1.29267e+07,3.31659e+08,-2.20543e+09,7.49086e+08,1.16898e+08,1.76869e+08,0.00091458,0.000130749,2.01904e-25
0,2.1146e+09,1.61688e+06,3.21505e+08,-2.98811e+09,-3.45697e+08,1.72392e+08,-7.33161e+08,0.000949226,0.000144321,-1.49001e-24
0,1.93279e+09,1.48655e+07,3.19582e+08,2.39679e+09,1.16425e+09,-7.59024e+07,-7.41204e+08,0.00107848,0.000178324,1.61801e-24
0,2.0395e+09,-2.94267e+07,3.13051e+08,2.46423e+09,1.46617e+09,-1.00292e+08,-4.64181e+08,0.0010858,0.000166665,-6.01021e-25
0,2.12435e+09,2.64891e+06,3.21823e+08,4.11145e+08,-8.32278e+08,3.59812e+08,-7.07664e+08,0.000975643,0.000147802,1.96128e-25
0,2.14695e+09,-2.23905e+07,2.91161e+08,-2.71061e+09,-1.9807e+08,2.07565e+08,-5.03785e+08,0.000943572,0.000127964,-6.84363e-25
0,2.03977e+09,-4.1879e+06,3.28022e+08,-2.10425e+09,-5.77365e+08,-9.59328e+07,-9.88371e+08,0.00101509,0.000163239,-1.17338e-24
0,2.03931e+09,-3.66557e+06,3.22927e+08,-2.13518e+09,-6.32948e+07,-3.75774e+07,-9.69398e+08,0.00097209,0.000153932,-7.36572e-25
0,1.89924e+09,2.13209e+07,2.46772e+08,-5.86253e+09,-6.5617e+08,4.09275e+08,7.16246e+08,0.00106971,0.000138989,2.68217e-23
0,1.82939e+09,-7.70871e+07,2.93669e+08,7.38452e+07,-9.18767e+08,4.16165e+08,-8.31713e+08,0.000958354,0.000153843,5.23262e-25
0,2.10545e+09,-3.44713e+06,3.43968e+08,-1.38503e+09,-2.05045e+06,-1.44389e+08,-2.35054e+08,0.000950386,0.000155264,-4.36817e-26
0,1.9281e+09,-2.77066e+06,3.10868e+08,-5.80996e+09,1.20219e+09,-4.32128e+08,-9.09542e+08,0.000985285,0.000158858,-3.26461e-23
0,1.95972e+09,-1.91128e+07,2.80807e+08,-5.74036e+09,8.62947e+08,2.08734e+07,-1.19639e+09,0.00100434,0.000143911,-3.14886e-23
0,1.98839e+09,-1.98604e+07,3.09749e+08,-5.11979e+09,-1.52475e+09,3.42541e+08,-9.0001e+08,0.00105986,0.000165104,-3.62258e-23
0,1.81418e+09,1.06819e+07,2.94257e+08,-1.52648e+08,-3.02605e+08,-9.34239e+08,-9.53604e+08,0.000984198,0.000159636,3.15847e-25
0,1.91636e+09,-8.80569e+06,3.30441e+08,-2.0634e+09,-4.27377e+07,-1.17297e+08,-9.53215e+08,0.000990853,0.000170854,-9.5447e-25
0,1.8611e+09,2.2528e+07,2.88452e+08,-6.55881e+09,-2.67195e+09,-1.40259e+08,-8.13555e+08,0.0011208,0.000173712,-1.75345e-22
0,2.29685e+09,2.10764e+07,3.32063e+08,-4.47133e+09,2.96362e+08,1.34971e+08,1.75799e+08,0.000899903,0.000130102,6.76509e-25
0,1.744e+09,-9.79039e+06,2.98949e+08,-4.76472e+09,1.22165e+09,-9.25306e+07,-1.27411e+09,0.000990999,0.000169873,-3.45064e-23
0,1.97243e+09,-3.43395e+07,3.18645e+08,1.10144e+09,1.57846e+09,5.72442e+08,-8.19612e+08,0.000912133,0.000147355,2.8866e-25
0,2.16603e+09,-2.6778e+07,2.97829e+08,-2.01541e+09,4.61999e+08,3.99429e+08,-3.47491e+08,0.000917107,0.000126103,-5.88797e-26
0,1.94717e+09,4.97973e+07,3.14229e+08,4.17426e+09,7.81407e+08,-7.77714e+08,-1.06578e+09,0.000991277,0.00015997,6.65787e-24
0,1.9626e+09,4.1054e+07,2.9766e+08,1.00999e+10,1.21628e+09,1.48574e+08,-1.04817e+09,0.000966174,0.000146536,1.31289e-22
0,1.9966e+09,-1.47366e+06,2.97503e+08,-4.37635e+08,-1.44345e+09,4.03706e+08,3.5949e+08,0.000930594,0.000138663,3.37204e-26
0,1.98484e+09,-1.96704e+07,3.31469e+08,-3.02524e+09,-4.53953e+07,-5.96531e+08,-7.99559e+08,0.00096159,0.000160586,-1.7804e-24
0,2.1121e+09,-4.64914e+06,3.43314e+08,-1.75516e+09,-2.5565e+07,-1.90683e+08,-3.13128e+08,0.00094435,0.0001535,-1.08808e-25
0,1.94463e+09,-1.23433e+07,3.25719e+08,-4.74338e+08,2.25219e+08,-1.16194e+08,-1.07292e+09,0.000990838,0.000165962,6.28811e-26
0,1.90079e+09,4.38604e+07,2.80358e+08,-7.15568e+09,-1.37076e+09,4.53912e+08,9.45263e+08,0.000992619,0.000146407,3.94684e-23
0,1.69828e+09,-5.16067e+07,2.81515e+08,-4.74655e+09,2.76809e+09,5.95741e+08,-1.24902e+09,0.000957299,0.000158686,4.63351e-24
0,2.00191e+09,-2.33989e+07,3.12674e+08,4.00127e+09,1.42299e+09,-1.17897e+08,-4.16543e+08,0.00109298,0.000170709,1.22495e-24
0,2.07695e+09,-3.31712e+07,3.25084e+08,-5.19692e+09,4.12952e+07,-8.65946e+07,-8.70697e+08,0.000964426,0.000150952,-1.02753e-23
0,1.87633e+09,-4.82398e+07,3.03227e+08,-7.84434e+09,1.59199e+09,1.06079e+08,-1.13053e+09,0.000948356,0.000153261,-6.70203e-23
0,1.99369e+09,1.82124e+06,3.2573e+08,1.31833e+09,-9.0083e+08,-2.24388e+08,-6.39003e+08,0.000996956,0.000162884,5.34493e-25
0,2.29486e+09,1.80125e+07,3.24905e+08,3.19782e+09,-1.03873e+09,-5.64276e+07,-3.50624e+08,0.000938781,0.000132912,1.07737e-24
0,2.19111e+09,1.02206e+06,3.44637e+08,1.27683e+08,-2.22172e+07,4.96079e+07,-1.34751e+08,0.000910016,0.000143135,-9.19499e-30
0,1.74025e+09,-2.43423e+07,2.76595e+08,-8.7121e+09,-2.56616e+09,-2.71646e+08,4.63383e+08,0.00123485,0.000196267,1.79518e-22
0,2.07574e+09,-1.45046e+07,3.14543e+08,8.88409e+08,1.50175e+09,-2.12592e+08,-2.28548e+08,0.00109758,0.00016632,-5.62545e-25
0,2.03982e+09,-6.49494e+07,3.18395e+08,-8.50914e+09,1.0997e+09,1.26253e+08,-8.03657e+08,0.000950385,0.000148345,-4.06915e-23
0,1.81062e+09,-3.84698e+07,2.77832e+08,-2.58078e+09,5.20612e+08,6.13583e+08,-1.38121e+09,0.00102461,0.000157222,-2.95366e-24
0,1.94045e+09,1.9389e+07,3.1611e+08,1.55454e+09,6.20197e+08,-1.69755e+08,-1.1683e+09,0.000967078,0.000157542,3.20708e-25
0,1.8898e+09,4.56207e+07,3.05706e+08,-1.52131e+09,-2.04601e+08,-3.94279e+08,-9.31721e+08,0.00108089,0.000174852,-2.21157e-25
0,1.86703e+09,-2.49659e+07,3.03595e+08,4.78865e+09,1.07081e+09,2.29531e+08,-8.79301e+08,0.00100399,0.000163258,2.04834e-23
0,1.89326e+09,2.30425e+07,3.21185e+08,5.90869e+08,-3.49908e+08,-2.00725e+08,-7.16993e+08,0.000941123,0.000159658,-1.3479e-26
0,1.95858e+09,-5.38971e+07,2.97927e+08,-1.27877e+09,5.40028e+08,8.8865e+08,-1.05246e+09,0.000993889,0.000151184,9.1019e-27
0,2.09518e+09,2.45697e+07,3.28104e+08,5.05959e+09,9.23736e+08,2.73926e+08,-5.32958e+08,0.000948343,0.00014851,6.69054e-24
0,2.16031e+09,7.00209e+06,3.13277e+08,2.92516e+08,-1.50477e+09,-5.72347e+08,-9.45221e+08,0.00102307,0.00014836,-1.10292e-24
0,1.66934e+09,-5.56284e+07,2.91559e+08,-3.66e+09,-2.15016e+09,-2.52465e+08,-5.52906e+08,0.00104309,0.00018218,-4.33918e-23
0,2.23307e+09,2.38992e+07,3.18755e+08,5.72115e+09,-1.97267e+09,-4.06401e+06,-8.3202e+08,0.00105852,0.000151097,2.83855e-23
0,2.11235e+09,-5.00483e+06,3.43587e+08,-1.6992e+09,7.13066e+06,-1.96631e+08,-2.79623e+08,0.000933755,0.000151881,-8.71081e-26
0,2.18132e+09,-1.65709e+07,3.38462e+08,-5.59265e+09,-3.12569e+08,-4.54873e+08,-5.02558e+08,0.000956304,0.000148384,-4.61305e-24
0,1.77564e+09,3.28725e+06,2.77254e+08,2.4312e+09,2.07186e+09,-3.03906e+08,-9.4941e+08,0.000964239,0.000150559,-1.6456e-24
0,1.99083e+09,-1.37692e+07,3.11821e+08,2.36838e+09,1.11103e+09,5.45943e+08,-1.01375e+09,0.000957707,0.000150004,2.71598e-24
0,2.08041e+09,-2.03933e+07,3.20326e+08,-4.23267e+08,-7.73227e+08,1.38424e+08,-8.69717e+08,0.000993078,0.000152907,1.79446e-27
0,1.98132e+09,-1.98236e+07,3.27193e+08,-2.76827e+09,1.22622e+09,-1.229e+08,-8.62254e+08,0.000914114,0.000150956,-1.72955e-24
0,1.74606e+09,-4.71563e+07,2.83703e+08,9.66206e+09,-1.11034e+09,2.11783e+08,-8.88513e+08,0.00100219,0.000162838,1.95794e-22
0,2.07459e+09,-1.10702e+07,3.33562e+08,-3.5588e+09,-1.23253e+08,-1.73758e+08,-7.09616e+08,0.000981727,0.000157847,-2.82424e-24
0,2.15436e+09,-2.16691e+07,3.05871e+08,2.3935e+09,3.9529e+08,1.49717e+08,-5.04513e+08,0.000933889,0.000132592,4.86306e-25
0,2.32607e+09,9.18096e+06,3.34043e+08,2.36671e+09,-8.25158e+08,-4.93141e+07,-2.14895e+08,0.000905784,0.000130078,2.52266e-25
0,2.05519e+09,3.87095e+06,3.37495e+08,1.45012e+09,2.55713e+07,1.76167e+08,-5.48379e+08,0.000931214,0.00015292,1.05926e-25
0,2.11263e+09,-4.28528e+06,3.43751e+08,-1.3441e+09,4.22258e+07,-1.37905e+08,-2.59567e+08,0.000927393,0.000150898,-4.07335e-26
0,2.31099e+09,1.68247e+07,3.3099e+08,3.86161e+09,-9.24938e+08,-9.99824e+07,-3.42464e+08,0.00093046,0.000133265,1.37594e-24
0,2.22918e+09,4.10502e+06,2.94833e+08,1.51189e+09,9.2095e+08,1.10588e+08,2.41164e+08,0.000939833,0.000124303,-1.96943e-25
0,1.93381e+09,1.1541e+07,2.89692e+08,7.33055e+09,1.18974e+09,7.02224e+06,-1.02625e+09,0.000986546,0.000147788,5.59722e-23
0,1.76443e+09,-7.95616e+07,2.94262e+08,7.86243e+08,2.0012e+09,3.35732e+08,-8.07609e+08,0.0010502,0.000175146,-1.67492e-24
0,2.15499e+09,5.15739e+07,3.14679e+08,-4.12464e+09,-9.31522e+08,2.81789e+08,3.16735e+08,0.000882874,0.00012892,3.32352e-25
0,2.20573e+09,-551902,3.44962e+08,-1.06412e+09,-1.7125e+07,-1.16091e+08,-6.62201e+07,0.00090966,0.000142264,-3.25604e-27
0,2.01761e+09,-5.13166e+06,3.07348e+08,6.71911e+08,-3.82844e+08,-1.72314e+08,-7.46476e+08,0.000973951,0.000148364,2.99404e-28
0,2.01493e+09,5.90759e+07,3.13355e+08,4.96471e+09,5.80616e+08,-4.36414e+08,-9.2244e+08,0.000982627,0.000152815,1.03393e-23
0,1.86793e+09,2.44715e+07,3.06305e+08,-3.77377e+09,-2.10888e+09,-2.15154e+08,-8.84929e+08,0.00104955,0.000172107,-3.36805e-23
0,1.99702e+09,-4.71746e+07,2.92561e+08,3.21354e+09,6.68361e+08,2.10516e+08,-6.48458e+08,0.00107828,0.000157966,4.8052e-24
0,1.93811e+09,2.33297e+07,3.10527e+08,4.47596e+09,-5.73046e+08,-3.18118e+08,-1.04877e+09,0.0010073,0.000161391,1.54496e-23
0,2.04184e+09,1.26642e+07,3.19114e+08,-4.11142e+09,-9.40188e+08,-2.73798e+08,-8.95677e+08,0.00101294,0.00015831,-7.54556e-24
0,1.91784e+09,-4.60183e+07,2.99779e+08,-3.46793e+09,8.35625e+08,6.4325e+08,-1.16279e+09,0.00100154,0.00015655,-4.71728e-24
0,1.98763e+09,4.30886e+07,2.9195e+08,7.05772e+09,3.7489e+08,-2.98294e+07,-1.03815e+09,0.000997618,0.000146533,4.55812e-23
0,1.98439e+09,-1.28445e+07,3.27226e+08,3.00774e+09,-1.49537e+09,4.49885e+08,-5.3083e+08,0.000968833,0.00015976,3.09695e-24
0,2.10288e+09,-7.75795e+06,3.40459e+08,-5.24348e+09,2.64498e+08,-2.29739e+08,-3.77107e+08,0.000907156,0.00014687,-3.55211e-24
0,2.12407e+09,-2.9526e+07,3.21013e+08,-1.65946e+09,-2.78558e+08,4.94454e+08,-7.91079e+08,0.000996134,0.000150547,-2.25708e-25
0,2.1193e+09,-6.23811e+06,3.28905e+08,-1.43125e+09,-5.31501e+08,-2.35479e+08,-8.13733e+08,0.000982535,0.000152485,-2.10136e-25
0,1.9731e+09,418378,3.05086e+08,-2.83036e+09,8.69077e+08,-6.10134e+07,-1.15427e+09,0.000953858,0.000147488,-2.82902e-24
0,2.19861e+09,-1.62991e+06,3.44652e+08,-1.3584e+09,-1.17106e+07,-1.659e+08,-1.29828e+08,0.000905164,0.000141892,-1.38788e-26
0,1.7788e+09,-1.05712e+07,2.81415e+08,1.29033e+10,-2.42726e+08,7.53651e+08,-9.53356e+08,0.00107424,0.000169949,6.15672e-22
0,2.0028e+09,-4.75565e+06,3.14956e+08,-6.8222e+09,-8.68261e+08,-1.941e+08,-1.06445e+09,0.00103288,0.00016243,-4.83419e-23
0,2.24334e+09,-2.58414e+06,3.34599e+08,-1.3756e+09,-9.18096e+08,-6.22408e+07,-5.85966e+08,0.000986203,0.000147094,-3.57257e-25
0,2.30838e+09,1.8175e+07,3.30465e+08,4.31847e+09,-8.85757e+08,-9.79007e+07,-3.27186e+08,0.000928203,0.00013288,1.67086e-24
0,2.13486e+09,-3.03199e+06,3.32333e+08,-2.57014e+09,-4.96629e+08,-9.41406e+07,-7.19077e+08,0.000980821,0.000152684,-1.01615e-24
0,2.00939e+09,-2.5612e+07,3.18125e+08,-3.69951e+09,4.83143e+08,5.0678e+08,-9.41922e+08,0.000966363,0.000152994,-3.74922e-24
0,2.0635e+09,6.75295e+06,3.38427e+08,1.9294e+09,3.09401e+08,4.34739e+07,-5.1702e+08,0.000928273,0.000152243,2.77707e-25
0,2.00196e+09,-3.94135e+07,3.0835e+08,-4.3303e+07,2.13972e+09,-9.51108e+07,-4.73103e+08,0.00106772,0.000164454,3.89594e-25
0,2.10893e+09,4.68914e+07,2.91866e+08,5.52864e+09,-7.30263e+08,-3.56255e+08,-8.24696e+08,0.00100425,0.000138983,1.61788e-23
0,1.98869e+09,4.20788e+07,2.88599e+08,8.43978e+09,-1.30303e+08,-8.08463e+08,-9.88798e+08,0.000995308,0.000144439,7.40344e-23
0,2.10721e+09,1.64096e+07,3.13677e+08,2.56539e+09,-1.21295e+09,-5.60724e+08,-8.91898e+08,0.00101355,0.000150877,3.06983e-24
0,2.14012e+09,-2.74798e+07,2.73506e+08,1.03899e+09,-7.34512e+08,5.57551e+08,-4.3854e+08,0.00104646,0.000133736,-5.90232e-27
0,1.89742e+09,-2.19128e+07,3.27222e+08,4.28462e+09,-4.88595e+08,3.61945e+08,-3.64352e+08,0.000997028,0.000171943,3.02094e-24
0,2.12223e+09,-2.50812e+06,3.44057e+08,-2.62638e+08,5.94051e+07,-5.48153e+07,-2.23068e+08,0.000921958,0.000149468,-1.0877e-28
0,2.12822e+09,1.49272e+07,3.33773e+08,3.14225e+09,-4.3908e+08,4.3342e+08,-6.83322e+08,0.000963111,0.000151047,1.06821e-24
0,1.94616e+09,-4.46523e+07,3.10969e+08,-4.43363e+09,-1.53738e+08,6.67407e+07,-1.11835e+09,0.0010176,0.000162597,-1.44012e-23
0,1.89035e+09,-2.78658e+07,3.2739e+08,-8.11976e+08,-1.78853e+09,-6.56463e+08,-1.61386e+08,0.000931118,0.000161261,-1.87515e-24
0,1.98693e+09,-2.71936e+07,3.18961e+08,-3.4356e+09,4.24118e+08,1.92673e+08,-9.11077e+08,0.0010017,0.000160802,-4.25413e-24
0,2.18138e+09,-948771,3.44649e+08,-9.81046e+08,3.35775e+07,-9.81827e+07,-1.29633e+08,0.00089668,0.000141671,-6.01478e-27
0,2.0898e+09,-9.11173e+06,3.29529e+08,-4.17835e+09,-3.81045e+08,-1.81806e+08,-8.12163e+08,0.00096803,0.000152643,-4.68728e-24
0,2.08317e+09,1.70145e+07,3.08421e+08,4.06392e+09,-1.42264e+09,2.65354e+08,-1.07519e+09,0.00105571,0.000156302,1.36278e-23
0,2.07038e+09,8.94931e+06,3.32131e+08,-4.18317e+09,1.52427e+08,-1.31207e+08,-6.92727e+08,0.000961803,0.000154293,-4.36504e-24
0,1.99892e+09,4.97494e+07,2.8895e+08,5.12e+09,-1.41493e+09,-5.63246e+07,-1.22283e+09,0.0011102,0.000160483,4.77287e-23
0,1.99945e+09,-9.73654e+06,3.31696e+08,-3.37014e+09,5.33242e+08,1.44602e+08,-7.44895e+08,0.000956863,0.000158737,-2.57941e-24
0,2.18647e+09,-7.77363e+06,3.19102e+08,-3.14806e+09,-1.42952e+09,3.57124e+08,-6.49654e+08,0.000976184,0.000142468,-3.89704e-24
0,2.29132e+09,2.834e+07,3.22523e+08,5.57191e+09,-9.53467e+08,-2.49279e+08,-3.32273e+08,0.00093671,0.00013185,4.14113e-24
0,2.17106e+09,-2.27454e+07,2.97392e+08,-5.06912e+09,4.76258e+08,-4.83675e+08,5.48767e+08,0.00101544,0.000139096,4.56371e-24
0,2.06705e+09,1.23451e+07,2.9333e+08,-6.19651e+09,-3.55185e+08,-3.00261e+08,-6.53454e+08,0.00104422,0.000148182,-1.86245e-23
0,1.91895e+09,-3.65857e+07,3.29104e+08,1.72461e+09,-1.15552e+09,-3.03022e+08,-8.34528e+07,0.00093191,0.000159825,7.34798e-25
0,1.9691e+09,-3.28859e+07,3.19042e+08,-2.88657e+09,6.04606e+08,-6.93614e+07,-9.86484e+08,0.000982757,0.000159231,-2.9532e-24
0,1.87875e+09,4.03809e+07,2.70811e+08,8.61595e+09,6.16852e+08,4.5455e+08,-1.21496e+09,0.00121391,0.000174978,3.74648e-22
0,2.03811e+09,2.34692e+07,3.27567e+08,7.42456e+09,2.89549e+08,2.09754e+08,-8.19065e+08,0.000933582,0.000150046,2.75921e-23
0,1.88936e+09,-6.95136e+07,2.23406e+08,-8.08319e+08,-1.11633e+09,-9.8045e+08,6.47127e+08,0.00129302,0.000152892,4.13406e-24
0,1.95532e+09,2.95875e+07,2.86195e+08,1.20667e+09,-1.62031e+09,2.0921e+08,-1.31656e+09,0.00113877,0.000166678,7.72878e-24
0,1.94705e+09,-8.70872e+06,3.2808e+08,9.04938e+08,8.18367e+08,5.83589e+08,-8.15092e+08,0.000950789,0.00016021,2.99998e-25
0,2.18813e+09,1.24496e+07,3.36042e+08,2.2148e+09,-4.94694e+08,1.17684e+08,-5.65734e+08,0.000949666,0.000145845,3.93834e-25
0,1.99098e+09,3.9346e+07,3.14831e+08,-6.51866e+09,-6.82539e+08,2.89139e+08,-4.47157e+08,0.0010612,0.000167807,-2.63286e-23
0,2.02714e+09,-3.32762e+07,3.18275e+08,-3.96603e+09,-5.52112e+07,2.93439e+08,-9.30799e+08,0.00100401,0.000157636,-6.50966e-24
0,2.01492e+09,-556034,3.2473e+08,-6.03043e+09,3.19841e+08,6.81843e+07,-2.43413e+08,0.000976795,0.000157424,-5.46263e-24
0,2.15119e+09,-1.1053e+07,3.1424e+08,-5.03631e+09,-1.46258e+09,-2.92398e+08,-8.10321e+08,0.000999253,0.000145968,-1.10421e-23
0,2.17764e+09,64982.8,3.44966e+08,-1.081e+08,2.21296e+07,1.39422e+07,-6.54771e+07,0.000894438,0.00014169,-2.34659e-30
0,1.88742e+09,1.62681e+07,3.09182e+08,8.3381e+09,1.2446e+09,-3.7379e+07,-9.61511e+08,0.00104312,0.000170876,1.12498e-22
0,1.99604e+09,-2.26059e+06,3.25162e+08,3.82332e+09,4.1811e+08,3.18598e+08,-3.34144e+08,0.000957996,0.000156061,2.55538e-24
0,2.23389e+09,5.09646e+06,2.99043e+08,2.98142e+08,-3.43494e+09,-1.99278e+08,-7.61241e+08,0.00107341,0.000143693,-4.16502e-25
0,1.93722e+09,4.22207e+06,3.31284e+08,-2.3004e+09,5.99437e+08,-3.82964e+08,-7.19902e+08,0.00093338,0.000159617,-1.33348e-24
0,1.84748e+09,3.33333e+07,2.95322e+08,2.89432e+09,-6.38295e+08,-5.68424e+08,-1.22623e+09,0.00102065,0.000163152,6.04203e-24
0,2.14632e+09,-1.01748e+06,3.43487e+08,3.14073e+08,2.0177e+07,2.13603e+07,-2.8097e+08,0.000924331,0.000147926,1.05008e-28
0,1.91915e+09,-3.23995e+06,3.01017e+08,-1.36031e+09,-3.44035e+08,4.99713e+08,-1.38843e+09,0.00104778,0.000164344,3.10248e-25
0,1.89227e+09,1.01694e+07,2.69152e+08,1.85701e+09,4.82718e+08,2.06484e+07,-1.09701e+09,0.00103562,0.000147305,1.11389e-24
0,2.18341e+09,688543,3.44658e+08,3.7077e+08,3.11713e+07,7.38741e+07,-1.279e+08,0.000896291,0.000141482,2.92845e-28
0,1.99729e+09,1.72767e+07,3.19537e+08,1.57194e+09,6.51535e+08,-2.47023e+08,-9.24753e+08,0.000964445,0.000154297,2.39512e-25
0,1.98283e+09,2.99265e+07,3.20705e+08,6.61759e+09,-2.01345e+08,-1.8624e+08,-8.48894e+08,0.00100323,0.000162263,3.27201e-23
0,1.89923e+09,2.40006e+07,3.18494e+08,4.42427e+09,1.80264e+09,3.19536e+08,-4.56503e+08,0.000966384,0.000162059,5.74062e-24
0,1.96321e+09,-7.96917e+06,2.98828e+08,5.03622e+09,-5.16205e+07,2.4657e+08,-1.13917e+09,0.00101098,0.000153886,1.97041e-23
0,2.07388e+09,-1.66303e+07,3.29613e+08,9.055e+08,-2.23331e+08,4.8506e+07,-8.71962e+08,0.000983542,0.000156319,1.8139e-26
0,2.29848e+09,8.73152e+06,3.18148e+08,-5.44673e+08,1.07486e+09,1.6753e+08,2.02835e+08,0.000912066,0.000126245,3.74439e-26
0,1.80468e+09,-2.02717e+07,2.76567e+08,-2.41071e+09,-5.12681e+08,1.91853e+08,-1.56401e+09,0.00110216,0.000168906,-5.47082e-24
0,1.94469e+09,-1.65118e+07,3.1853e+08,1.61492e+09,8.9716e+08,2.6903e+08,-1.02581e+09,0.000953666,0.000156206,7.26435e-25
0,1.96793e+09,-2.04557e+07,3.01223e+08,-2.45189e+09,1.45174e+09,-1.38144e+08,-8.38746e+08,0.000940146,0.000143904,-1.25451e-24
0,2.14967e+09,3.67917e+06,3.36359e+08,5.36941e+08,-3.67142e+08,4.51071e+07,-6.06708e+08,0.000955615,0.000149525,1.29904e-26
0,1.93167e+09,1.28324e+07,3.08208e+08,-4.01268e+09,5.51504e+08,-4.5242e+08,-9.40497e+08,0.000958364,0.000152912,-8.63854e-24
0,1.86139e+09,3.11391e+07,3.17099e+08,-6.31918e+08,1.69019e+09,-4.81157e+08,-1.08625e+09,0.000953329,0.000162405,-9.28452e-26
0,2.18904e+09,5.67129e+07,2.9665e+08,1.15405e+10,4.62905e+08,6.87488e+07,-4.85931e+08,0.00103,0.000139581,7.00789e-23
0,2.28723e+09,-1.30355e+06,3.09749e+08,5.75033e+08,-1.2983e+09,5.80504e+07,-2.42292e+08,0.00093786,0.00012701,1.71729e-25
0,1.9418e+09,-3.76069e+07,3.20138e+08,-3.48693e+09,1.31404e+09,2.90667e+08,-9.42957e+08,0.000963295,0.000158815,-3.11609e-24
0,2.19066e+09,445143,3.44964e+08,7.25596e+08,1.19164e+07,7.22658e+07,-6.64202e+07,0.000900221,0.000141758,1.21923e-27
0,1.9696e+09,7.0675e+06,3.15565e+08,-7.7736e+09,-2.06132e+09,-4.95037e+08,-3.97975e+08,0.000935799,0.000149931,-1.63581e-23
0,2.08175e+09,3.91911e+07,3.20968e+08,3.98021e+09,-1.69559e+08,2.26346e+08,-1.02394e+09,0.000993928,0.000153245,5.77161e-24
0,2.1591e+09,1.79337e+07,3.34897e+08,5.52478e+09,-6.22409e+07,2.47635e+08,-5.3658e+08,0.000920523,0.000142782,4.93505e-24
0,1.84655e+09,3.86577e+07,3.17498e+08,3.7771e+09,9.52753e+08,-6.08468e+08,-8.58157e+08,0.000935363,0.000160827,3.40027e-24
0,1.71877e+09,-2.9856e+07,2.77047e+08,-2.05059e+09,7.08836e+08,6.22789e+08,-1.6286e+09,0.00107824,0.0001738,-1.58551e-24
0,1.90662e+09,-4.35309e+06,3.24268e+08,-2.33053e+09,-6.3406e+08,-5.58555e+08,-9.37262e+08,0.000982777,0.000167145,-7.49816e-25
0,1.84245e+09,3.12546e+07,3.08833e+08,1.92681e+09,1.81378e+09,-5.64635e+08,-1.2103e+09,0.000952691,0.00015969,-1.64639e-25
0,1.90451e+09,-3.5954e+07,2.99425e+08,5.94064e+08,4.43321e+08,7.24563e+08,-1.41374e+09,0.00103647,0.000162953,-5.00433e-25
0,1.98265e+09,2.68752e+07,3.2609e+08,4.77011e+09,3.54908e+08,1.7665e+08,-1.04079e+09,0.000990979,0.000162988,1.41099e-23
0,2.13393e+09,-7.949e+06,3.408e+08,5.46983e+08,-1.45903e+08,-7.40676e+07,-1.46428e+08,0.000925749,0.000147847,2.09226e-27
0,2.1126e+09,-2.55893e+06,3.17448e+08,1.38107e+09,-1.36263e+09,-2.80418e+08,-9.14361e+08,0.00102003,0.000153274,1.10876e-24
0,2.08103e+09,1.89428e+07,3.03849e+08,4.37602e+09,-1.86152e+09,2.41032e+08,-1.19742e+09,0.00108363,0.000158219,2.85913e-23
0,1.84487e+09,3.17415e+07,3.10596e+08,6.5124e+09,5.8909e+08,-3.6966e+08,-9.68448e+08,0.000941008,0.000158425,3.29274e-23
0,1.86518e+09,4.38095e+07,3.11945e+08,4.52802e+09,1.38624e+09,-3.27566e+08,-1.15462e+09,0.000965878,0.00016154,1.2017e-23
0,2.22047e+09,532965,2.98424e+08,1.33017e+09,-4.68942e+08,7.45754e+07,-2.92749e+08,0.000943853,0.000126851,5.73933e-26
0,1.74251e+09,-2.23983e+07,2.88467e+08,-1.01506e+09,5.78776e+08,5.80945e+08,-1.63865e+09,0.00108314,0.000179311,5.83939e-25
0,1.91259e+09,-4.28191e+07,2.95534e+08,6.36755e+09,-1.96387e+09,5.16133e+08,-6.94373e+08,0.00104089,0.00016084,3.78955e-23
0,1.94465e+09,4.07208e+07,3.24124e+08,-3.54962e+09,-3.84726e+08,-3.12022e+08,-4.84398e+08,0.000927302,0.000154557,-1.65666e-24
0,2.13611e+09,-2.94452e+07,3.31183e+08,-4.67613e+09,-1.41217e+08,-2.75913e+08,-7.4321e+08,0.000963734,0.000149418,-5.2868e-24
0,2.03178e+09,3.75758e+07,3.06268e+08,7.30772e+09,-1.39822e+08,-3.79712e+08,-1.0073e+09,0.000989148,0.000149103,4.27133e-23
0,2.24073e+09,2.38679e+07,2.96592e+08,3.62973e+08,-1.97624e+09,5.01766e+07,-4.82309e+08,0.0010607,0.000140398,8.92032e-25
0,2.05208e+09,8.40471e+06,3.19298e+08,3.90321e+09,-5.10289e+08,9.52376e+06,-9.07711e+08,0.000986685,0.000153526,5.6198e-24
0,2.10915e+09,2.67587e+06,3.18109e+08,9.11362e+08,1.99069e+08,-2.21862e+08,-6.23683e+08,0.000930485,0.000140339,1.30205e-26
0,1.91861e+09,2.45701e+07,3.08264e+08,9.9869e+09,-5.92715e+08,-3.33244e+08,-8.47165e+08,0.000977483,0.000157052,1.23856e-22
0,2.1973e+09,1.19699e+07,3.1427e+08,1.07223e+09,-3.60154e+08,3.50954e+08,2.3861e+08,0.000896539,0.000128228,-4.18967e-26
0,1.73417e+09,4.64348e+07,2.7743e+08,-6.61199e+09,-1.89493e+09,-2.72865e+08,-1.39644e+09,0.00118363,0.000189356,-3.05883e-22
0,1.95294e+09,3.14977e+07,3.18325e+08,2.56624e+09,1.08075e+09,-7.25403e+08,-9.78202e+08,0.000962978,0.000156963,6.16321e-25
0,2.10628e+09,-2.05201e+07,3.34559e+08,-4.13676e+09,-9.08872e+07,-3.67299e+08,-6.85845e+08,0.000977953,0.000155337,-3.80686e-24
0,1.90178e+09,5.66218e+07,3.1006e+08,2.34692e+09,-1.60793e+09,-3.46526e+08,-7.6656e+08,0.001005,0.000163852,6.42909e-24
0,2.16291e+09,1.76434e+07,3.32512e+08,2.6226e+09,-4.15411e+08,2.94991e+08,-6.61191e+08,0.00095399,0.00014666,6.17802e-25
0,2.0165e+09,-2.03771e+07,3.12812e+08,-3.35802e+09,-1.3993e+09,1.88252e+08,-1.13463e+09,0.00109106,0.000169252,-1.5083e-23
0,2.12712e+09,3.79209e+06,3.29938e+08,2.88073e+08,-7.02748e+08,3.00172e+08,-7.92005e+08,0.00098471,0.000152739,1.27927e-25
0,2.09142e+09,-6.17814e+07,2.92732e+08,-6.81415e+09,-6.36697e+08,4.41163e+08,-8.45071e+08,0.00102396,0.000143321,-3.40898e-23
0,2.06434e+09,2.96083e+07,3.06472e+08,4.17674e+09,-5.83609e+08,-5.0447e+08,-1.20199e+09,0.00103853,0.000154179,1.19471e-23
0,1.86241e+09,-7.3533e+06,3.00855e+08,3.95097e+09,-5.44598e+08,1.7292e+08,-7.24748e+08,0.00108794,0.000175748,1.15383e-23
0,1.9881e+09,2.72983e+07,3.26982e+08,4.65554e+08,3.52803e+08,-5.30977e+08,-6.09553e+08,0.00092533,0.000152189,-1.51586e-28
0,1.93001e+09,9.29196e+06,3.1711e+08,-6.48225e+08,3.83891e+08,-1.86325e+08,-1.28522e+09,0.000998469,0.000164053,1.27382e-25
0,2.20638e+09,4.19926e+07,3.00638e+08,-4.00829e+09,-8.84898e+07,5.84326e+08,1.9609e+08,0.000907757,0.00012369,4.74691e-25
0,1.82696e+09,-2.13271e+07,3.05482e+08,-7.78116e+08,3.10547e+08,5.73938e+08,-1.46329e+09,0.00108728,0.000181801,4.02975e-25
0,2.1076e+09,-3.86244e+07,3.1519e+08,-4.83155e+09,-8.75335e+08,-4.83375e+07,-1.13989e+09,0.00103226,0.000154374,-1.55582e-23
0,1.98264e+09,2.76324e+07,3.07046e+08,-6.71774e+09,-6.9281e+08,-6.41891e+08,-7.62137e+08,0.00109862,0.00017014,-3.42171e-23
0,2.1428e+09,-5.84991e+06,3.39486e+08,3.6062e+08,1.73332e+08,-5.91341e+07,-2.07514e+08,0.000932979,0.000147813,3.78057e-28
0,2.077e+09,-1.62884e+07,3.36244e+08,-4.74025e+09,3.79122e+08,-3.25122e+08,-5.82435e+08,0.000912436,0.000147714,-4.60302e-24
0,1.92348e+09,-4.0235e+07,3.07188e+08,-5.1086e+09,-5.83864e+08,2.05061e+08,-1.27496e+09,0.00106143,0.000169515,-3.57549e-23
0,2.07112e+09,-1.18401e+07,3.16541e+08,-5.67973e+09,-9.02542e+08,8.33702e+07,-9.98872e+08,0.00101475,0.00015509,-2.32318e-23
0,2.21624e+09,1.62526e+06,3.44608e+08,7.94539e+08,-2.6704e+07,9.36298e+07,-1.35122e+08,0.000908709,0.000141297,2.65658e-27
0,2.19459e+09,-4.55073e+07,3.25343e+08,-5.86734e+09,5.21292e+08,1.65758e+08,-3.48845e+08,0.000886632,0.000131441,-2.65361e-24
0,1.79724e+09,9.65181e+06,2.89496e+08,3.70301e+09,8.14863e+08,-1.66629e+08,-9.49413e+08,0.00110214,0.00017753,1.48004e-23
0,2.17044e+09,7.01565e+06,2.97428e+08,-1.04467e+10,-2.54842e+09,1.46907e+08,-4.84418e+08,0.00102529,0.000140501,-1.03875e-22
0,2.02741e+09,6.94189e+06,3.28139e+08,-4.39007e+09,8.02684e+08,-1.12775e+08,-8.45528e+08,0.000934571,0.000151261,-6.40072e-24
0,2.11429e+09,-819039,3.23824e+08,9.14464e+08,-1.12552e+09,2.49522e+07,-7.47029e+08,0.00102001,0.000156224,5.86825e-25
0,2.01326e+09,3.87063e+07,3.01923e+08,3.9775e+09,-7.18656e+08,-1.38901e+08,-1.23442e+09,0.00102804,0.000154173,1.16306e-23
0,1.83481e+09,-6.9118e+06,3.04427e+08,-8.30474e+08,1.04861e+08,3.08055e+08,-1.64733e+09,0.00108904,0.000180691,8.29425e-25
0,2.14031e+09,-4.71e+06,3.39515e+08,1.51075e+08,2.43409e+08,-4.88265e+07,-2.04241e+08,0.000932746,0.00014796,3.3254e-30
0,2.07638e+09,3.88187e+07,3.05812e+08,5.92594e+09,-1.14577e+09,2.84826e+07,-1.08104e+09,0.00103518,0.000152462,3.17274e-23
0,1.89834e+09,-2.26163e+07,3.00642e+08,9.47013e+09,-2.84705e+09,3.69574e+08,-5.30056e+08,0.00104766,0.000165919,1.50759e-22
0,1.7402e+09,2.58486e+07,2.76251e+08,-4.89402e+09,-1.49978e+09,-7.73984e+08,-1.67668e+09,0.00112579,0.000178716,-7.65222e-23
0,1.99724e+09,1.13565e+07,2.93599e+08,7.3963e+09,7.06988e+08,4.73417e+08,-6.97548e+08,0.000951953,0.000139939,3.35349e-23
0,2.13523e+09,2.13342e+07,3.25346e+08,1.224e+09,-7.23387e+08,-5.12079e+08,-6.78229e+08,0.000994842,0.000151584,8.78992e-26
0,2.02249e+09,1.11689e+07,3.09964e+08,3.95994e+09,-1.23326e+09,9.43682e+07,-1.11939e+09,0.00102791,0.000157536,1.29011e-23
0,1.90512e+09,3.36598e+07,2.93558e+08,5.5537e+09,1.59531e+09,-2.34864e+08,-1.00208e+09,0.000942976,0.000145302,1.55865e-23
0,1.93401e+09,-4.75415e+07,3.04852e+08,-4.71478e+09,2.64903e+08,4.6742e+08,-1.25996e+09,0.00103408,0.000162999,-1.98792e-23
0,2.30276e+09,1.77917e+07,3.33355e+08,-1.5638e+09,-3.89961e+07,2.62732e+08,3.46218e+07,0.000874919,0.000126656,2.22999e-27
0,2.03054e+09,-1.35943e+06,3.33032e+08,-3.08916e+09,3.53833e+08,-2.48926e+07,-7.56037e+08,0.000944406,0.000154893,-1.89811e-24
0,1.98173e+09,-1.78943e+07,3.281e+08,-1.02048e+09,3.55825e+08,1.20619e+08,-9.34793e+08,0.000964247,0.000159643,-3.60823e-26
0,1.91113e+09,3.12774e+07,3.26196e+08,2.8029e+08,1.77252e+09,-2.9111e+08,-6.66349e+08,0.00088618,0.000151255,3.85578e-26
0,2.04326e+09,1.16617e+07,3.18547e+08,-1.06804e+09,-2.4474e+08,1.05606e+08,-8.75713e+08,0.00101102,0.00015762,-5.86411e-26
0,1.82457e+09,-9.44474e+06,3.13544e+08,-1.19967e+09,7.2081e+07,1.92094e+08,-1.49174e+09,0.00108522,0.00018649,4.51144e-25
0,2.01855e+09,5.30985e+07,3.10608e+08,8.89438e+08,-9.80232e+08,3.09837e+08,-8.1204e+08,0.00109417,0.000168367,9.75728e-25
0,1.87273e+09,8.18604e+06,3.08224e+08,-9.70161e+09,-1.70333e+09,-6.48355e+08,-6.88879e+08,0.00101008,0.000166245,-7.94567e-23
0,2.18622e+09,-2.17602e+06,2.99555e+08,-5.35234e+08,4.37811e+08,5.4653e+07,7.40375e+07,0.000908095,0.000124427,5.99424e-27
0,2.14745e+09,-2.52038e+06,3.40937e+08,-1.28181e+08,2.39674e+08,-4.76771e+07,-1.18402e+08,0.000930632,0.00014775,2.75522e-29
0,1.82576e+09,-9.66389e+06,2.7865e+08,2.95404e+09,1.30032e+09,3.27772e+07,-1.19336e+09,0.00111731,0.000170525,1.09046e-23
0,1.9649e+09,-2.02548e+07,3.21029e+08,-5.45336e+09,4.77914e+08,4.9449e+07,-1.10452e+09,0.000979333,0.000160005,-2.12387e-23
0,1.95262e+09,-4.64885e+06,3.30497e+08,4.76889e+08,-4.37185e+08,-6.26347e+07,-8.26245e+08,0.00100123,0.000169467,7.06284e-28
0,2.11468e+09,-2.29542e+07,2.89026e+08,-1.29391e+09,-2.91053e+08,-1.97873e+08,4.02496e+08,0.000956678,0.000130755,8.87631e-26
0,2.05995e+09,-7.99277e+07,3.09458e+08,-1.02254e+10,1.16796e+09,2.66857e+08,-6.36671e+08,0.000926318,0.000139157,-4.25324e-23
0,1.95858e+09,-3.46787e+07,3.15379e+08,-5.23811e+09,9.23074e+07,3.23294e+08,-1.11351e+09,0.00102947,0.00016577,-2.39315e-23
0,2.31241e+09,1.25335e+07,3.37248e+08,-1.65821e+09,-3.22465e+07,1.64549e+08,2.40349e+07,0.00087038,0.000126939,2.14681e-27
0,1.99286e+09,-1.48083e+07,3.09915e+08,-6.70468e+09,-6.60449e+08,-4.44781e+08,-1.18656e+09,0.00101047,0.000157141,-4.20573e-23
0,2.25395e+09,3.42571e+07,3.29234e+08,7.1575e+09,-4.21622e+07,-1.34705e+08,-3.27802e+08,0.000914452,0.000133574,5.30573e-24
0,2.32516e+09,8.56146e+06,3.2327e+08,2.21704e+09,-6.21749e+08,-5.58076e+07,-1.8663e+08,0.000942125,0.000130985,1.73842e-25
0,2.02305e+09,2.19858e+07,3.07965e+08,-1.84498e+09,3.29573e+08,-3.13193e+08,-9.6278e+08,0.00101057,0.000153837,-6.94565e-25
0,2.09816e+09,1.40021e+07,3.25633e+08,-2.90295e+08,-9.80917e+08,-2.77278e+08,-6.8687e+08,0.0009899,0.000153632,-2.78429e-25
0,2.06912e+09,395370,3.31338e+08,1.49969e+09,-6.75395e+07,1.12115e+08,-8.19897e+08,0.000969712,0.000155284,1.6883e-25
0,2.04e+09,7.16281e+06,3.09326e+08,-2.37344e+09,-1.28577e+09,7.61071e+07,-1.12399e+09,0.00106176,0.000160995,-5.31298e-24
0,1.80198e+09,-1.66913e+07,3.09125e+08,-4.92699e+08,2.49611e+08,-5.36632e+07,-1.69679e+09,0.00107403,0.000184246,6.44756e-25
0,1.86368e+09,-2.36453e+07,2.84616e+08,7.44271e+09,-2.8467e+08,5.91765e+08,-9.54082e+08,0.0011406,0.000174189,1.19952e-22
0,2.06828e+09,-1.54975e+07,3.1041e+08,-1.15761e+09,-1.43325e+09,3.69578e+08,-1.11357e+09,0.00105838,0.000158842,-7.23245e-25
0,1.92981e+09,1.7173e+07,3.05601e+08,-2.27496e+09,7.80433e+08,-2.98238e+08,-1.00412e+09,0.00100252,0.000158757,-2.33913e-24
0,2.30652e+09,1.92519e+07,3.28955e+08,4.01582e+09,-9.38599e+08,-1.50704e+08,-3.3818e+08,0.000928861,0.000132474,1.59019e-24
0,1.97558e+09,1.33508e+07,3.07606e+08,-5.70561e+07,-5.82808e+08,5.84243e+07,-1.18103e+09,0.00104902,0.000163337,5.41242e-26
0,1.74409e+09,-5.06012e+06,2.78733e+08,-1.66169e+09,8.45114e+08,-8.92597e+07,-1.90026e+09,0.00107813,0.000172303,-8.81043e-25
0,1.79682e+09,-3.38318e+07,3.03847e+08,-1.38935e+09,1.23588e+09,4.39051e+07,3.8367e+08,0.00110364,0.000186627,2.9733e-24
0,1.83126e+09,-1.30504e+07,3.17242e+08,-3.03178e+07,2.20957e+08,7.56958e+07,-1.49835e+09,0.0010715,0.000185624,3.7456e-27
0,2.06057e+09,3.89383e+07,2.97729e+08,4.87404e+09,-2.62359e+08,-1.91875e+07,-8.54275e+08,0.000998917,0.000144332,1.04146e-23
0,1.75611e+09,-5.50076e+07,3.09133e+08,-1.89538e+09,-1.78783e+08,3.13106e+08,-7.63899e+08,0.000953843,0.000167908,-8.33795e-25
0,1.82566e+09,3.6718e+07,3.10709e+08,-4.71282e+09,-1.7318e+09,2.58196e+07,-9.41093e+08,0.00105179,0.000179005,-4.70731e-23
0,1.94361e+09,4.37533e+06,3.20679e+08,4.36132e+09,-7.71364e+07,5.53915e+07,-8.46637e+08,0.000957526,0.000157984,7.82214e-24
0,1.97192e+09,-2.61626e+07,3.19658e+08,-2.15026e+08,1.28975e+09,3.66715e+08,-9.06808e+08,0.000938988,0.000152215,-8.35205e-27
0,2.18382e+09,302688,3.4488e+08,-7.65083e+08,-2.70337e+06,-9.08778e+07,-8.97476e+07,0.00090552,0.000143005,-1.82746e-27
0,1.88217e+09,-7.01747e+07,3.09279e+08,-2.14037e+09,8.41747e+08,3.71239e+08,-9.71169e+08,0.000982073,0.000161374,-8.89361e-25
0,2.00652e+09,3.66627e+07,3.04848e+08,3.64063e+09,-6.6924e+08,1.12091e+08,-1.00471e+09,0.00105056,0.00015961,7.74396e-24
0,1.91031e+09,-5.11062e+07,3.20942e+08,1.49702e+09,-1.12443e+09,6.56023e+07,-5.70562e+08,0.000961814,0.00016159,1.19279e-24
0,1.89293e+09,-4.87389e+06,2.9317e+08,-6.32787e+08,1.17147e+09,-1.80014e+08,-1.24323e+09,0.000976598,0.000151252,-9.16758e-26
0,2.11167e+09,-2.01611e+07,3.30492e+08,-2.95463e+09,-7.43994e+08,-3.66885e+08,-7.30894e+08,0.0010118,0.000158354,-1.56788e-24
0,1.98947e+09,-2.13723e+07,3.18849e+08,-1.73903e+09,5.44343e+08,3.77464e+08,-7.80169e+08,0.000938447,0.000150403,-2.16526e-25
0,1.90124e+09,-3.47912e+07,3.11464e+08,-3.03421e+09,2.46137e+08,3.67342e+08,-1.20451e+09,0.00102522,0.000167954,-4.7196e-24
0,1.94985e+09,-1.21848e+07,2.99596e+08,-3.88531e+09,1.3197e+08,-3.85612e+08,-1.16521e+09,0.00103867,0.000159593,-1.07887e-23
0,1.95392e+09,3.80717e+07,2.9389e+08,2.04578e+09,-2.6072e+08,-2.16281e+08,-1.1383e+09,0.00105257,0.000158318,1.30789e-24
0,2.1556e+09,4.46642e+06,3.39882e+08,-1.65662e+09,4.64624e+07,2.18705e+07,-1.5385e+08,0.000924333,0.000145744,-3.97983e-26
0,1.96237e+09,-3.05883e+06,3.33616e+08,4.43817e+09,-6.8023e+08,2.68688e+08,-3.52918e+08,0.000920546,0.000156499,2.15436e-24
0,2.01641e+09,-5.80495e+06,3.31788e+08,1.27374e+09,2.10843e+07,3.13801e+07,-8.76133e+08,0.000971445,0.000159845,9.90354e-26
0,1.89921e+09,-5.96018e+06,3.07845e+08,-4.42541e+09,1.44473e+08,4.87786e+07,-1.22296e+09,0.00104016,0.000168602,-1.92756e-23
0,2.30356e+09,2.28049e+07,3.22146e+08,3.64114e+09,-1.09064e+09,-2.80046e+08,-3.06219e+08,0.000932558,0.000130416,1.58405e-24
0,1.87602e+09,-1.74088e+07,3.01597e+08,-2.66313e+09,-1.18548e+08,6.62012e+07,-1.68303e+09,0.00106618,0.000171403,-4.58051e-24
0,1.62494e+09,-2.58999e+07,2.9084e+08,-9.7776e+07,1.86618e+08,-5.21482e+08,-1.23234e+09,0.00100376,0.000179659,2.97051e-25
0,2.02354e+09,1.842e+07,3.23926e+08,7.24238e+09,-4.31931e+08,2.94203e+08,-7.42521e+08,0.000972856,0.000155734,2.67866e-23
0,2.0904e+09,3.85001e+07,2.77679e+08,-6.02944e+09,-2.01393e+08,1.48824e+08,4.29031e+08,0.000968462,0.000128646,7.72698e-24
0,1.92623e+09,-4.76813e+07,3.08758e+08,-2.63983e+09,-1.29752e+08,5.22118e+08,-1.08239e+09,0.00102005,0.000163505,-2.54944e-24
0,1.9914e+09,2.30276e+07,3.24004e+08,4.74475e+09,6.05493e+08,2.20513e+08,-1.02252e+09,0.000955208,0.000155414,1.18281e-23
0,2.09013e+09,-2.95824e+07,3.28003e+08,-2.30794e+09,-1.55205e+08,-3.64881e+08,-5.6586e+08,0.000995971,0.000156297,-4.86228e-25
0,1.89237e+09,-8.59117e+06,2.93646e+08,1.0896e+08,-4.84936e+08,-2.28722e+08,-1.64135e+09,0.00109973,0.000170649,-4.81754e-25
0,2.17886e+09,7.88064e+06,3.23276e+08,2.71039e+09,-1.08312e+09,3.12558e+08,-7.00357e+08,0.000998904,0.000148206,1.61473e-24
0,1.93541e+09,4.43245e+07,2.96685e+08,-7.16978e+09,-1.66987e+08,-3.11453e+08,-8.29358e+08,0.00110694,0.000169687,-7.14316e-23
0,1.78032e+09,2.60794e+06,2.93396e+08,-2.81919e+09,1.541e+09,-2.61455e+08,-1.39856e+09,0.00101239,0.000166841,-9.91084e-24
0,2.18248e+09,188493,3.44455e+08,-2.71417e+08,8.74532e+06,-4.69885e+07,-1.59864e+08,0.000901315,0.000142252,-9.00145e-29
0,1.99972e+09,1.42158e+06,3.33025e+08,7.39441e+09,-5.91014e+08,7.03162e+08,-3.55284e+08,0.000954181,0.000158906,6.36596e-24
0,1.90716e+09,-5.15884e+07,3.16535e+08,-2.34021e+09,-4.72095e+08,2.32955e+08,-8.31522e+08,0.00101574,0.000168585,-2.00792e-24
0,2.00966e+09,4.55408e+06,3.25996e+08,2.83977e+09,3.36412e+08,-1.13192e+08,-9.74832e+08,0.000961533,0.000155975,1.9568e-24
0,2.0031e+09,4.49776e+07,3.2548e+08,3.73629e+09,1.43049e+09,-1.98048e+08,-7.59308e+08,0.000950888,0.000154508,2.21113e-24
0,1.95165e+09,-1.81291e+07,3.05489e+08,-1.83049e+09,-9.29861e+08,-4.0848e+08,-1.45312e+09,0.0010981,0.000171884,-2.78971e-24
0,1.88624e+09,2.12117e+07,3.10115e+08,6.69584e+09,1.98261e+09,-2.31319e+08,-6.96339e+08,0.000992589,0.000163191,1.63748e-23
0,1.73247e+09,3.46066e+07,2.72147e+08,3.00834e+09,1.50216e+09,-3.71846e+08,-1.45256e+09,0.00102383,0.00016083,7.55599e-24
0,1.93008e+09,5.55556e+07,2.95165e+08,-8.72684e+09,-5.90725e+08,-4.96144e+08,-7.29469e+08,0.00109508,0.000167469,-9.72601e-23
0,2.11979e+09,-1.37693e+07,3.28766e+08,6.48612e+08,3.52251e+08,4.21696e+08,-6.36251e+08,0.000945599,0.000146656,1.85425e-26
0,1.92673e+09,-1.48881e+07,2.90414e+08,2.15169e+08,7.79676e+08,5.51743e+08,-9.9281e+08,0.000980702,0.000147821,2.14227e-26
0,2.10686e+09,-5.79701e+06,3.1811e+08,-1.06327e+09,-1.82576e+09,-5.09756e+08,-6.50551e+08,0.00101318,0.000152978,-3.0708e-24
0,1.9268e+09,1.27922e+07,3.27393e+08,-4.72159e+09,1.56199e+09,-6.62344e+08,-6.49206e+08,0.000948367,0.000161142,-1.57677e-23
0,2.05876e+09,-3.68975e+07,2.61418e+08,-7.72132e+09,1.12685e+09,8.2721e+08,-3.69174e+08,0.000981201,0.000124591,-2.12244e-24
0,2.14066e+09,-1.08743e+07,2.97974e+08,-3.5458e+09,1.17701e+09,-2.31556e+08,8.01577e+08,0.00104782,0.000145855,5.43364e-24
0,2.11901e+09,1.35188e+06,3.36464e+08,1.48182e+08,-3.44237e+08,6.55124e+07,-6.75278e+08,0.000991717,0.000157468,6.26825e-27
0,1.9847e+09,-1.29531e+07,3.19904e+08,-2.08317e+09,3.90735e+08,2.5979e+08,-9.07384e+08,0.000956645,0.000154197,-6.22542e-25
0,2.18426e+09,944255,3.44833e+08,5.54011e+07,1.34872e+07,3.19748e+07,-1.01008e+08,0.000901253,0.000142283,-2.91508e-30
0,1.7666e+09,2.70083e+07,2.9588e+08,1.6642e+08,1.08017e+09,-4.47631e+08,-1.69907e+09,0.00105331,0.000176415,1.01739e-25
0,1.84214e+09,4.38087e+07,2.91251e+08,-9.44234e+09,-1.32052e+09,-5.33299e+08,-8.35838e+08,0.0010538,0.000166611,-1.41025e-22
0,2.11343e+09,2.32131e+07,3.16994e+08,4.40983e+09,-1.07489e+09,4.15666e+08,-9.01879e+08,0.00100716,0.000151064,6.94871e-24
0,2.15815e+09,1.66542e+07,3.32942e+08,4.30651e+09,-6.37173e+08,1.79084e+08,-7.54217e+08,0.00100462,0.000154985,5.07358e-24
0,2.03105e+09,-3.89117e+07,3.09098e+08,-5.67655e+09,-8.63644e+08,-3.65078e+08,-1.27574e+09,0.00107598,0.000163749,-3.53628e-23
0,1.92779e+09,-1.23445e+07,3.01378e+08,7.36136e+09,-8.99995e+08,-2.26924e+08,-7.70349e+08,0.00110558,0.000172839,8.86039e-23
0,2.11882e+09,-8.17574e+06,3.08451e+08,3.25181e+09,-1.07773e+08,-1.50313e+08,-6.41988e+08,0.00104655,0.000152354,2.53995e-24
0,2.05982e+09,1.10305e+07,3.27051e+08,6.25153e+09,-1.85045e+08,5.58626e+08,-6.94363e+08,0.00100949,0.000160284,1.6922e-23
0,2.01254e+09,-6.82747e+06,3.04406e+08,2.98511e+09,-2.26131e+08,-6.44281e+07,-1.0447e+09,0.000994577,0.000150434,2.97078e-24
0,2.03893e+09,-1.03322e+06,3.155e+08,-3.14263e+09,3.35099e+08,1.71833e+08,-9.75862e+08,0.000982564,0.00015204,-2.74951e-24
0,2.17151e+09,4.56154e+07,2.86251e+08,-2.70746e+09,7.24393e+08,6.71223e+08,3.51542e+08,0.000951454,0.000125422,8.8504e-25
0,2.00932e+09,-121556,3.30828e+08,-2.67673e+09,1.04783e+09,-1.22074e+08,-3.80673e+08,0.000950472,0.000156492,-6.76272e-25
0,2.13171e+09,555611,3.43486e+08,-3.27056e+08,-1.09708e+08,1.54836e+07,-1.45424e+08,0.000910838,0.000146765,-3.86955e-28
0,1.85644e+09,1.70654e+07,2.85711e+08,3.20486e+09,1.02644e+09,-1.00497e+08,-1.3872e+09,0.00102005,0.000156988,8.24468e-24
0,1.9241e+09,-2.22575e+07,3.0298e+08,-3.27331e+08,6.2355e+08,1.54748e+08,-1.07054e+09,0.000986633,0.000155361,1.16358e-26
0,2.01981e+09,-5.9072e+07,3.13757e+08,-1.29019e+09,6.09005e+08,2.71855e+08,-8.56622e+08,0.00100426,0.000156002,-1.1916e-25
0,2.18161e+09,857736,3.45034e+08,3.41533e+08,2.13379e+07,5.19362e+07,-4.25845e+07,0.000902151,0.00014268,9.99757e-29
0,2.24717e+09,8.444e+06,3.03094e+08,-7.66293e+08,-1.35405e+09,2.25692e+08,-2.5973e+08,0.000948426,0.000127922,-1.53139e-25
0,2.15016e+09,1.63418e+07,3.3024e+08,1.32527e+09,-3.41561e+08,-2.15144e+08,-7.22733e+08,0.000991657,0.000152307,1.27382e-25
0,2.12079e+09,6.67914e+06,3.1801e+08,1.16654e+09,-1.1663e+09,4.34463e+08,-9.20687e+08,0.00103441,0.00015511,1.17053e-24
0,2.1798e+09,-3.74747e+06,3.07108e+08,-1.0125e+09,3.49069e+08,1.81384e+08,-2.21609e+08,0.000903558,0.000127301,-3.29305e-27
0,2.12544e+09,1.679e+07,3.23262e+08,4.26286e+08,-5.8221e+08,-5.49069e+08,-7.72959e+08,0.000991309,0.00015077,-1.25581e-25
0,2.0466e+09,1.80445e+07,3.12981e+08,4.03097e+09,6.69209e+08,-1.57076e+08,-5.55363e+08,0.00107158,0.000163873,4.94027e-24
0,1.74795e+09,2.17444e+07,2.96835e+08,-7.19189e+09,-3.58403e+08,3.16903e+08,-1.00208e+09,0.00108856,0.000184858,-1.43259e-22
0,2.30381e+09,7.7986e+06,3.24655e+08,1.81613e+09,-8.62359e+08,-5.46193e+07,-2.53995e+08,0.000920268,0.000129685,2.07826e-25
0,2.10434e+09,1.29176e+07,3.34011e+08,6.59366e+08,-4.35459e+08,2.52097e+08,-7.52368e+08,0.0010111,0.000160486,4.08043e-26
0,1.96714e+09,6.3123e+07,2.96173e+08,-5.33301e+09,-3.52885e+08,-9.49624e+07,-6.24366e+08,0.00107677,0.000162119,-1.81151e-23
0,2.06296e+09,-8.89484e+06,3.2566e+08,-2.45892e+09,7.04009e+07,-1.29274e+08,-9.91866e+08,0.00097216,0.000153465,-1.15406e-24
0,1.8896e+09,2.47873e+07,2.78063e+08,1.98926e+09,-1.01701e+09,1.51429e+06,-1.43307e+09,0.00109653,0.00016136,4.8608e-24
0,1.96663e+09,-2.00482e+07,3.16657e+08,1.66972e+09,1.31092e+09,5.51614e+08,-9.71267e+08,0.000942403,0.000151742,1.26108e-24
0,1.85159e+09,1.26236e+07,2.98099e+08,-5.37949e+09,-7.77602e+08,-5.44013e+08,-1.00615e+09,0.00100544,0.000161872,-2.27398e-23
0,1.90753e+09,-927247,3.06877e+08,-1.7986e+09,1.79971e+09,-3.10131e+08,-9.82802e+08,0.00096625,0.000155447,-7.97486e-25
0,2.15434e+09,-3.89532e+07,3.16939e+08,-4.75574e+09,-1.38666e+09,-2.5488e+08,-4.57026e+08,0.000992168,0.000145964,-5.23328e-24
0,1.77949e+09,1.89864e+07,3.09137e+08,8.67557e+08,9.08516e+08,-4.15785e+08,-2.06847e+07,0.000926797,0.000161005,-9.0066e-26
0,2.13027e+09,-1.63514e+07,3.20811e+08,-2.98378e+09,-9.79968e+08,2.32511e+08,-8.55587e+08,0.00104323,0.000157106,-4.09072e-24
0,2.06447e+09,-6.16004e+06,3.37249e+08,-1.65358e+09,8.55769e+07,-1.51963e+08,-5.86289e+08,0.000936348,0.000152961,-1.82945e-25
0,1.84369e+09,-9.81971e+06,2.94438e+08,4.15669e+09,7.13322e+08,-2.35865e+08,-1.00547e+09,0.00112514,0.000179686,2.13177e-23
0,1.82076e+09,3.181e+07,2.9657e+08,4.49218e+09,-5.91995e+07,-1.05103e+08,-1.69727e+09,0.00108755,0.000177143,4.01525e-23
0,2.06678e+09,-5.34387e+07,3.16851e+08,-1.1522e+10,-4.3242e+08,-4.94559e+08,-9.77677e+08,0.00100847,0.000154605,-1.54119e-22
0,2.05632e+09,9.82959e+06,3.29319e+08,-1.25739e+09,-3.12251e+08,4.90009e+07,-9.52662e+08,0.00101136,0.000161969,-1.40308e-25
0,1.98239e+09,-1.25536e+06,3.11182e+08,-1.09616e+09,1.17204e+09,-1.65435e+08,-8.11956e+08,0.000977255,0.000153403,-1.61971e-25
0,2.00957e+09,2.29986e+07,3.0543e+08,2.872e+09,5.32637e+08,1.00969e+08,-9.48197e+08,0.00100846,0.000153274,2.89956e-24
0,2.15047e+09,-1.79313e+06,3.44641e+08,7.87735e+08,-4.42026e+06,6.89409e+07,-1.30593e+08,0.000914677,0.000146589,3.33441e-27
0,2.05023e+09,-1.37426e+07,3.29281e+08,-4.47589e+09,5.28293e+08,-3.03569e+08,-5.94428e+08,0.000987207,0.000158552,-6.57335e-24
0,2.32691e+09,9.0476e+06,3.32747e+08,2.12063e+09,-9.60094e+08,-6.7997e+07,-2.51212e+08,0.000913675,0.000130655,3.03142e-25
0,2.07475e+09,-1.63901e+07,2.61058e+08,3.20196e+09,-5.47418e+08,-1.01483e+08,-2.81298e+08,0.000977136,0.00012295,1.15707e-24
0,1.80278e+09,2.55358e+07,3.00601e+08,4.53916e+09,-2.13005e+08,-4.0411e+07,-1.67325e+09,0.00110143,0.000183655,4.6561e-23
0,2.00342e+09,3.40832e+07,3.2604e+08,-3.05829e+09,5.81481e+08,-3.59171e+08,-7.87888e+08,0.000975519,0.000158757,-3.12794e-24
0,2.01069e+09,4.46606e+07,3.06221e+08,1.0896e+09,4.16958e+08,-8.60871e+08,-9.41745e+08,0.000975205,0.00014852,-1.65429e-26
0,1.85114e+09,-3.94283e+07,2.83862e+08,-4.44404e+08,-7.60642e+08,6.15215e+08,-1.35564e+09,0.00109054,0.000167229,1.66063e-24
0,2.166e+09,-2.99726e+07,3.07011e+08,-2.60218e+09,-8.79184e+08,1.61632e+08,-7.26947e+08,0.000993112,0.000140765,-1.70451e-24
0,1.95143e+09,-1.01809e+07,3.24697e+08,-3.67587e+09,1.26132e+09,-2.59147e+08,-7.89151e+08,0.00096207,0.000160078,-5.92239e-24
0,1.7311e+09,3.35262e+06,3.02846e+08,-3.68736e+09,-6.37737e+08,-3.10965e+08,-1.37114e+09,0.00103117,0.000180397,-1.75969e-23
0,1.99209e+09,-5.12796e+06,3.32212e+08,-2.14916e+09,-1.41461e+08,-2.35363e+08,-8.84427e+08,0.00100009,0.00016678,-8.44074e-25
0,2.0018e+09,-2.56626e+06,3.34346e+08,-1.27426e+09,3.72043e+08,-2.23608e+08,-7.8073e+08,0.0009553,0.000159557,-1.62606e-25
0,1.82919e+09,4.27903e+06,3.12482e+08,-1.09263e+08,6.28895e+08,-1.62408e+08,-1.00121e+09,0.000974968,0.000166554,1.20458e-26
0,2.20704e+09,-2.36016e+07,3.01771e+08,-2.02736e+09,1.77862e+08,3.57272e+08,-2.05119e+08,0.000911154,0.000124583,-4.97095e-26
0,2.00032e+09,-1.14185e+07,3.03657e+08,3.56362e+08,-1.28481e+09,-1.84016e+08,-1.24925e+09,0.00107113,0.000162602,-2.61545e-25
0,1.93719e+09,-4.93571e+07,3.0924e+08,-4.63629e+09,9.37267e+08,3.14024e+08,-1.15697e+09,0.000979164,0.000156307,-1.27555e-23
0,2.17432e+09,-3.01226e+07,3.139e+08,-5.07107e+09,-1.08817e+09,-1.16744e+08,-6.93274e+08,0.00098848,0.000142704,-8.16223e-24
0,1.88973e+09,-2.54552e+06,2.9016e+08,3.63446e+09,-9.89288e+08,-3.17129e+07,-1.74712e+09,0.00111984,0.000171946,2.65041e-23
0,2.18874e+09,1.87395e+06,3.44657e+08,6.95566e+08,6.97022e+06,3.89894e+07,-1.3064e+08,0.000908414,0.000143046,2.08982e-27
0,1.96762e+09,-1.59272e+06,3.15142e+08,1.74057e+09,-5.47182e+08,3.08095e+08,-1.12399e+09,0.00101316,0.000162271,6.44308e-25
0,2.02751e+09,1.9776e+07,3.09678e+08,-1.11386e+09,-9.85274e+08,-1.92896e+08,-1.00503e+09,0.00103809,0.000158556,-9.5631e-25
0,2.12677e+09,2.57485e+07,3.15424e+08,3.99727e+09,-1.63647e+09,-4.01216e+08,-5.81281e+08,0.00100172,0.000148566,9.7157e-24
0,2.02377e+09,-1.25877e+07,3.35758e+08,-2.31145e+09,-7.5164e+07,-3.92812e+08,-7.14335e+08,0.000991839,0.000164554,-7.42586e-25
0,2.09529e+09,-1.65111e+07,3.1075e+08,-2.38338e+09,-1.68845e+09,-1.35721e+08,-1.05437e+09,0.00107934,0.000160075,-8.20947e-24
0,2.07547e+09,70147.2,3.32337e+08,2.22427e+08,-3.9706e+08,-3.50356e+07,-8.24627e+08,0.000981848,0.000157219,-5.92162e-27
0,2.22319e+09,1.74334e+07,3.10395e+08,-1.81899e+09,-5.00119e+08,2.28133e+08,8.50736e+07,0.000886612,0.000123786,-2.65296e-26
0,1.896e+09,4.79807e+07,3.05629e+08,2.54944e+09,1.19876e+09,-6.79254e+08,-9.3088e+08,0.000967294,0.000155925,5.17899e-25
0,1.73545e+09,6.40923e+07,3.06744e+08,2.39715e+09,1.97408e+09,-7.94714e+08,-1.16955e+09,0.000943147,0.000166702,-9.49489e-25
0,2.02938e+09,1.1105e+07,3.32713e+08,2.63284e+08,6.17529e+08,2.94592e+07,-7.33216e+08,0.000926839,0.000151953,7.83087e-28
0,2.0256e+09,686867,3.39671e+08,-8.58909e+08,5.41012e+07,-1.58579e+08,-4.86098e+08,0.000950801,0.000159439,-1.81582e-26
0,2.01214e+09,-4.59497e+07,2.99584e+08,-3.74188e+09,-1.38779e+09,2.48171e+08,-1.11859e+09,0.00109269,0.000162688,-1.94456e-23
0,2.1749e+09,-1.8814e+06,3.44275e+08,7.94474e+08,-2.19256e+07,6.38618e+07,-1.85827e+08,0.000922462,0.000146021,4.58457e-27
0,2.07318e+09,5.55798e+07,3.07676e+08,6.21326e+09,1.9025e+09,-2.47775e+08,-4.14588e+08,0.00089291,0.000132515,-3.70892e-25
0,1.86487e+09,-1.44937e+07,2.99538e+08,-3.02039e+08,2.3354e+08,1.5428e+08,-1.52975e+09,0.00103017,0.000165468,1.67428e-25
0,2.12172e+09,-2.89471e+07,3.12933e+08,-6.74396e+09,-1.66737e+09,-2.11529e+08,-9.76967e+08,0.00106727,0.000157412,-4.71682e-23
0,2.09344e+09,4.25746e+06,3.14628e+08,-1.16379e+10,-1.53379e+09,-2.8953e+08,-3.85797e+08,0.00100353,0.000150823,-5.44086e-23
0,2.06502e+09,5.45898e+06,3.29613e+08,-5.37322e+09,-2.73432e+08,-3.67124e+08,-5.86751e+08,0.0010321,0.000164741,-9.95928e-24
0,1.89563e+09,6.5058e+07,3.07886e+08,5.50575e+09,2.48413e+08,-6.5906e+08,-1.01053e+09,0.000986421,0.000160214,2.22687e-23
0,2.04772e+09,1.744e+07,3.0831e+08,8.22888e+09,-8.24161e+08,1.94491e+08,-3.74228e+08,0.00108484,0.000163336,3.16832e-23
0,1.95735e+09,-2.41537e+07,3.17582e+08,1.75768e+08,3.92111e+07,3.54481e+08,-1.08767e+09,0.00102109,0.000165672,-6.52876e-26
0,2.03514e+09,-9.64535e+06,3.32168e+08,-2.17846e+09,-9.75565e+06,-1.04232e+08,-7.80834e+08,0.000966901,0.000157814,-6.74368e-25
0,2.22134e+09,4.52463e+07,3.07422e+08,-6.32659e+09,8.64203e+08,3.76564e+08,3.48495e+08,0.000952247,0.000131786,7.71981e-24
0,2.03733e+09,1.65087e+07,3.03989e+08,2.55376e+09,-8.78125e+08,-4.97159e+08,-9.41099e+08,0.00102322,0.000152673,2.83976e-24
0,2.1402e+09,-5.73053e+07,3.16742e+08,-8.37999e+09,4.71408e+08,1.25531e+08,-5.34634e+08,0.000929774,0.000137603,-1.87096e-23
0,2.11477e+09,-2.02132e+07,3.29361e+08,-4.20889e+09,-3.51786e+08,-3.93873e+08,-8.23457e+08,0.000972785,0.000151505,-4.18116e-24
0,1.68325e+09,5.94547e+07,2.4514e+08,1.05727e+10,2.23026e+09,-5.06002e+08,-1.36692e+09,0.00103476,0.000150697,4.27804e-22
0,1.85798e+09,-8.41237e+07,2.90573e+08,-7.76549e+09,-9.79616e+08,3.36422e+08,-1.07217e+09,0.00102066,0.000159624,-1.1581e-22
0,2.20987e+09,-3.26532e+06,3.43819e+08,-5.81364e+08,-9.84874e+07,-8.03389e+07,-2.29958e+08,0.000926984,0.000144224,-1.68615e-27
0,2.03512e+09,4.17791e+06,3.39504e+08,6.2524e+08,-8.10298e+07,-4.86753e+07,-4.99796e+08,0.000952955,0.000158975,4.39056e-27
0,2.07189e+09,2.84381e+07,3.00486e+08,-5.91824e+08,-5.57396e+08,-1.31511e+07,-8.76704e+08,0.000991638,0.000143817,-5.10775e-26
0,1.98432e+09,-2.89083e+07,3.12774e+08,3.45745e+07,5.59496e+08,3.81356e+08,-1.13413e+09,0.00101549,0.000160064,-3.77974e-26
0,2.05744e+09,-1.80041e+07,3.23023e+08,-1.11126e+09,1.07856e+08,2.81066e+08,6.55628e+08,0.00101014,0.000158595,5.48733e-26
0,2.00889e+09,3.44512e+07,3.25537e+08,3.81621e+09,6.69088e+08,-1.15626e+08,-7.94156e+08,0.000951667,0.000154216,3.8857e-24
0,1.99028e+09,6.55545e+06,3.29022e+08,1.36376e+09,2.21849e+08,8.14405e+07,-9.8201e+08,0.000972937,0.00016084,1.58721e-25
0,1.80338e+09,3.12987e+07,2.98264e+08,2.87724e+09,-2.86761e+08,-3.01598e+08,-9.80298e+08,0.000958709,0.000158563,3.74683e-24
0,1.87809e+09,1.5964e+07,2.841e+08,-3.8515e+09,-1.80648e+08,-5.31821e+08,-1.55796e+09,0.00111369,0.00016847,-1.90213e-23
0,2.17398e+09,5.05748e+07,3.03369e+08,-7.94119e+09,-5.4386e+08,4.70528e+08,3.30652e+08,0.000930422,0.000129837,6.92623e-24
0,2.00895e+09,-3.33858e+07,3.12097e+08,-5.03123e+09,-3.84491e+08,-2.54226e+08,-8.18228e+08,0.00100329,0.000155864,-1.18368e-23
0,2.23278e+09,5459.06,3.19556e+08,1.56309e+09,-7.10148e+08,-2.47806e+08,-3.88846e+08,0.00092553,0.000132462,1.76614e-25
0,1.80105e+09,-8.63732e+06,2.97348e+08,-7.21222e+09,-1.52108e+08,4.08324e+08,-8.91806e+08,0.00108244,0.000178708,-1.0516e-22
0,1.86954e+09,5.38175e+06,3.06134e+08,1.24035e+09,6.50859e+08,1.53991e+08,-1.53703e+09,0.00103393,0.000169304,7.64759e-26
0,2.01876e+09,2.08766e+07,3.32013e+08,4.49484e+08,1.09277e+08,5.45685e+07,-4.55811e+08,0.000959198,0.000157753,5.24211e-28
0,1.99477e+09,1.9536e+06,3.09388e+08,2.79179e+09,-1.18e+09,2.88523e+08,-1.05523e+09,0.00103784,0.000160969,5.45719e-24
0,1.993e+09,-4.69883e+07,3.12666e+08,-4.99142e+09,1.60103e+08,-2.25968e+06,-8.29047e+08,0.000975715,0.000153072,-1.13123e-23
0,2.16651e+09,3.28676e+06,3.44302e+08,3.13196e+08,1.83694e+07,5.78004e+07,-1.82373e+08,0.000912371,0.000144994,1.83674e-28
0,1.91412e+09,-1.3989e+07,3.01719e+08,-8.36459e+09,1.21492e+09,-1.57096e+07,-1.12995e+09,0.000966428,0.000152336,-8.72845e-23
0,1.95165e+09,-1.13392e+07,3.14918e+08,-2.17556e+09,2.35708e+08,2.00561e+08,7.64104e+08,0.00101258,0.000163389,1.12102e-24
0,2.00119e+09,1.72616e+07,3.05217e+08,4.91858e+09,-1.52492e+09,6.07609e+07,-1.1122e+09,0.00104661,0.000159627,3.03009e-23
0,1.83778e+09,2.96425e+07,3.29267e+08,-4.69162e+09,-3.15704e+08,-5.54118e+08,-6.4507e+08,0.000943567,0.000169055,-7.07741e-24
0,1.74785e+09,-5.01976e+07,2.71442e+08,1.00567e+09,7.50296e+08,6.38679e+08,-8.87224e+08,0.000981454,0.00015242,7.06378e-25
0,1.98281e+09,3.94039e+07,3.00301e+08,5.60265e+09,-1.27254e+09,2.06022e+08,-1.2735e+09,0.00106053,0.00016062,4.33843e-23
0,2.02862e+09,2.6698e+07,3.2593e+08,6.43652e+09,1.6012e+07,9.64665e+06,-7.93191e+08,0.000978909,0.000157278,2.18023e-23
0,2.0589e+09,-4.83236e+07,3.27339e+08,-9.12515e+09,6.91546e+08,-3.96519e+08,-4.71854e+08,0.000893442,0.000142046,-2.6476e-23
0,2.0038e+09,-8.78293e+06,2.96791e+08,-3.40631e+09,4.45537e+07,4.7587e+07,-1.04883e+09,0.000992305,0.000146975,-4.46189e-24
0,2.06202e+09,7.31186e+06,3.34559e+08,1.02334e+09,-3.5378e+06,1.59946e+08,-7.37143e+08,0.000957034,0.000155277,2.71135e-26
0,2.11809e+09,-1.80943e+07,2.68247e+08,-1.62971e+09,5.29889e+08,-4.5864e+08,2.49818e+08,0.00102619,0.000129962,-1.23619e-25
0,2.02008e+09,2.82234e+07,3.32975e+08,2.14138e+09,-4.50332e+08,2.66815e+08,-3.71241e+08,0.00095708,0.000157758,2.27216e-25
0,2.13373e+09,-2.57572e+07,3.36685e+08,-6.59348e+09,9.74198e+07,-6.00945e+08,-5.25736e+08,0.000928896,0.000146572,-9.68854e-24
0,2.18208e+09,-3.83854e+06,3.44583e+08,-2.28203e+09,9.05395e+06,-1.98809e+08,-1.3513e+08,0.000912611,0.000144115,-8.16278e-26
0,1.97805e+09,1.76444e+07,3.23537e+08,-1.68057e+08,1.02601e+09,-1.95734e+08,-9.35707e+08,0.000951805,0.000155681,-4.4432e-27
0,1.95649e+09,1.16441e+07,3.09703e+08,9.87077e+08,-3.64063e+08,-2.10239e+08,-1.45294e+09,0.00105896,0.000167628,-3.24685e-25
0,2.03389e+09,1.50799e+07,3.31288e+08,7.29154e+08,1.49197e+08,1.66662e+08,-9.16508e+08,0.000992188,0.000161612,-2.37029e-26
0,2.23556e+09,3.07374e+07,3.05723e+08,2.03576e+09,-1.10254e+09,-6.49231e+08,-4.11484e+08,0.000956838,0.000130852,5.86796e-25
0,1.68636e+09,353358,2.64598e+08,-2.80048e+09,1.52984e+09,-6.48262e+08,-1.65074e+09,0.00107016,0.000167914,-2.66267e-23
0,1.91754e+09,2.9459e+07,3.03521e+08,-7.08539e+08,9.11951e+08,-5.91665e+08,-1.29155e+09,0.00101251,0.000160266,-1.88563e-25
0,2.07751e+09,2.27248e+07,2.58887e+08,3.514e+09,-3.89641e+09,-3.24514e+08,-1.29749e+09,0.00122984,0.000153256,1.76498e-22
0,2.09125e+09,2.88304e+07,3.33039e+08,2.09523e+09,-1.23496e+09,1.29171e+08,-4.176e+08,0.000968208,0.000154191,1.23192e-24
0,2.16655e+09,-1.41955e+07,3.13597e+08,2.82753e+09,-9.19897e+08,3.82716e+08,-8.02988e+08,0.00102632,0.000148555,1.71918e-24
0,1.98589e+09,-1.31334e+07,3.19675e+08,-5.30705e+09,-1.48588e+09,-4.88923e+08,-9.15675e+08,0.00102076,0.000164315,-1.94405e-23
0,1.8531e+09,1.53379e+07,2.8425e+08,3.3565e+09,1.22419e+09,1.5691e+08,-1.31905e+09,0.00101645,0.000155915,1.12287e-23
0,1.93857e+09,1.90434e+07,3.30722e+08,7.34349e+08,7.55713e+08,1.21898e+06,-9.64695e+08,0.000983423,0.000167773,4.08518e-26
0,2.12336e+09,-3.11483e+07,3.24839e+08,-4.87466e+09,-3.11947e+08,-7.41493e+07,-6.62305e+08,0.000950684,0.000145439,-5.38678e-24
0,1.90813e+09,1.32372e+07,2.94481e+08,1.79292e+09,-9.54465e+08,4.48492e+08,-1.33516e+09,0.00105436,0.000162719,2.40731e-24
0,1.8866e+09,7.4684e+06,2.89407e+08,-9.79253e+08,1.2763e+09,6.26063e+07,-1.05154e+09,0.000982225,0.000150674,-9.30687e-26
0,1.94914e+09,1.1972e+07,3.34632e+08,-2.14207e+08,4.1483e+08,-4.31133e+07,-7.73268e+08,0.000947545,0.000162677,4.44214e-27
0,2.15146e+09,1.24817e+07,3.36965e+08,9.07622e+08,-5.9221e+08,-5.74354e+06,-4.51687e+08,0.000975307,0.000152754,8.11382e-26
0,1.93435e+09,3.04759e+06,2.90864e+08,1.78032e+09,-1.37388e+09,4.29753e+08,-1.4662e+09,0.00108143,0.000162612,6.69227e-24
0,1.94444e+09,3.3023e+07,3.16706e+08,2.50671e+09,8.6072e+08,-4.60211e+07,-1.03833e+09,0.000956024,0.000155715,1.77041e-24
0,2.09057e+09,1.13875e+07,3.24119e+08,2.6582e+09,-1.17645e+09,-3.02653e+07,-8.50887e+08,0.0010121,0.000156915,3.47694e-24
0,1.92912e+09,4.18021e+07,3.18636e+08,2.71386e+09,1.38855e+09,-2.64761e+08,-9.76982e+08,0.000954108,0.000157592,1.28459e-24
0,2.23877e+09,-1.18821e+07,3.24916e+08,-4.19937e+09,-1.68433e+09,-1.57321e+08,-6.70435e+08,0.00103396,0.00015006,-8.53798e-24
0,2.20918e+09,3.46981e+06,3.43862e+08,-7.18031e+09,-3.69598e+07,-5.99669e+08,4.3116e+07,0.000899495,0.000140007,8.78795e-25
0,2.1604e+09,-3.46415e+06,3.44265e+08,-1.65671e+09,6.06225e+07,-1.21647e+08,-1.79142e+08,0.000899897,0.000143401,-4.33087e-26
0,1.67651e+09,5.64613e+07,2.6505e+08,5.02909e+09,9.60914e+08,-1.17686e+09,-1.44967e+09,0.00109941,0.000173813,5.1052e-23
0,1.93619e+09,1.9866e+07,2.91258e+08,-4.77898e+08,-9.59919e+07,-8.11879e+08,-1.48153e+09,0.00105535,0.000158754,8.01475e-25
0,1.87033e+09,5.28841e+07,3.13938e+08,3.63205e+09,1.57514e+09,-4.37658e+08,-1.24319e+09,0.000985586,0.000165432,5.61476e-24
0,2.03032e+09,1.66521e+07,3.16415e+08,-4.73436e+06,-6.60796e+08,-7.37436e+08,-9.53446e+08,0.00103895,0.000161914,-3.13895e-25
0,2.00641e+09,-2.69885e+07,3.06713e+08,3.61318e+09,-8.26264e+07,4.34948e+08,-9.32809e+08,0.00100894,0.000154233,4.81264e-24
0,2.15526e+09,-2.40725e+06,3.44771e+08,-1.06827e+09,4.70569e+07,-8.50569e+07,-1.02157e+08,0.000897003,0.000143491,-6.86028e-27
0,2.04046e+09,-9.21314e+07,2.59905e+08,-1.13558e+10,-1.47378e+09,7.71753e+08,-9.37794e+08,0.00105989,0.000135004,-2.79863e-22
0,2.07985e+09,-5.77867e+07,3.23756e+08,-9.97743e+09,4.92664e+08,-2.88865e+08,-8.89111e+08,0.000969849,0.00015097,-8.13849e-23
0,2.10117e+09,4.76077e+07,2.97258e+08,-1.18149e+10,-1.66226e+08,1.39664e+08,2.79974e+08,0.000969324,0.000137133,3.77753e-23
0,2.1452e+09,3.71044e+06,3.4439e+08,1.18498e+09,8.71764e+06,1.23037e+08,-1.73521e+08,0.000919451,0.000147608,1.60853e-26
0,2.02102e+09,2.96567e+07,3.22382e+08,-4.0196e+08,6.1838e+08,-2.54503e+08,-9.17e+08,0.000972269,0.000155091,-4.31471e-27
0,2.30671e+09,1.09372e+07,3.30528e+08,3.15902e+09,-8.10088e+08,-5.36126e+06,-3.18713e+08,0.000923935,0.00013239,6.35029e-25
0,1.74735e+09,-8.26055e+06,3.09128e+08,-3.62824e+09,4.13988e+08,9.21494e+07,-7.93191e+08,0.00100319,0.000177477,-8.87044e-24
0,2.02672e+09,1.15773e+07,3.19931e+08,4.04414e+09,-4.20375e+07,-3.45108e+08,-8.42152e+08,0.00100294,0.000158321,6.25808e-24
0,1.92601e+09,5.54612e+06,2.88998e+08,1.71934e+09,-6.07642e+08,1.94521e+08,-1.44358e+09,0.0010868,0.000163074,1.27589e-24
0,2.03062e+09,5.99438e+07,3.09011e+08,7.65595e+09,1.25807e+08,-4.86191e+08,-9.63515e+08,0.00101078,0.000153816,5.03029e-23
0,2.00089e+09,-5.04344e+07,2.99087e+08,-2.66222e+09,-4.7951e+08,7.05784e+08,-1.33386e+09,0.0010833,0.000161928,-3.36142e-24
0,2.08669e+09,-4.24959e+07,3.28649e+08,-7.68063e+09,6.95477e+08,-3.35768e+08,-3.62302e+08,0.000907442,0.00014292,-1.28551e-23
0,2.04782e+09,-5.08689e+07,3.30872e+08,-9.52726e+09,7.95361e+08,-6.55881e+08,-7.42072e+08,0.000936995,0.000151393,-6.37278e-23
0,2.08378e+09,1.2937e+07,3.06979e+08,6.26145e+09,-1.33806e+09,-2.2952e+08,-8.39969e+08,0.00102366,0.000150803,3.30821e-23
0,2.00195e+09,2.52405e+06,3.22382e+08,-1.65617e+09,-8.46455e+08,-7.91243e+08,-7.66235e+08,0.00101905,0.000164101,3.38986e-25
0,2.0879e+09,2.02658e+07,3.26298e+08,-5.30291e+09,-9.74526e+08,-4.80464e+07,-6.2826e+08,0.00107567,0.000168107,-1.56791e-23
0,2.13144e+09,-1.58704e+06,3.38701e+08,5.31958e+08,-4.06657e+08,-1.47935e+08,-5.18191e+08,0.000969357,0.000154038,5.43141e-27
0,2.08518e+09,-5.97354e+07,3.20537e+08,-1.07937e+10,2.50795e+08,-2.83684e+08,-7.50385e+08,0.000948215,0.000145761,-7.50109e-23
0,1.80041e+09,3.18332e+07,2.58009e+08,3.65446e+09,2.16872e+08,-6.45038e+08,-1.43169e+09,0.00106446,0.000152544,1.47e-23
0,2.16311e+09,-3.1138e+07,3.25345e+08,-6.9394e+09,-8.98504e+08,-2.59331e+08,-7.35064e+08,0.000996181,0.000149832,-1.90488e-23
0,2.08488e+09,-4.51126e+07,3.30667e+08,-5.34844e+09,1.27765e+09,-2.25033e+08,-3.31652e+08,0.000879776,0.000139535,-3.35403e-24
0,2.05733e+09,-6.93058e+06,3.20602e+08,-2.84224e+09,-1.08526e+09,-6.17738e+08,-7.88272e+08,0.00101184,0.000157679,-1.37377e-24
0,2.0528e+09,3.143e+07,3.22802e+08,4.79322e+09,-7.80229e+08,-4.35966e+08,-9.01195e+08,0.00105815,0.000166393,1.78102e-23
0,2.06598e+09,-3.2948e+06,3.15043e+08,-4.00181e+09,-1.06464e+09,-8.01137e+08,-1.01737e+09,0.00105073,0.000160226,-3.76576e-24
0,1.886e+09,3.67589e+07,2.3752e+08,-6.17569e+09,1.26052e+09,2.47334e+07,7.86787e+08,0.00112878,0.000142157,7.16814e-23
0,1.91559e+09,-5.87287e+07,2.83748e+08,-3.08524e+09,2.07762e+08,5.60732e+08,-1.45738e+09,0.00106294,0.00015745,-5.96929e-24
0,2.04235e+09,-4.28961e+07,3.17386e+08,-7.56131e+09,-6.04686e+08,5.22006e+07,-1.13274e+09,0.00106567,0.000165608,-7.68025e-23
0,1.94415e+09,-669322,3.29991e+08,-1.0839e+09,-9.25412e+08,-4.97411e+08,-8.11142e+08,0.00098989,0.000168019,-5.87259e-25
0,2.26126e+09,1.63663e+07,2.92734e+08,-2.26368e+09,2.45361e+09,-8.52498e+07,5.05613e+08,0.00108237,0.00014012,9.5607e-24
0,2.27167e+09,-1.91269e+07,3.2237e+08,-3.84764e+09,-1.65262e+09,9.20072e+07,-6.63546e+08,0.0010197,0.000144704,-7.01576e-24
0,2.04428e+09,-3.64514e+07,3.02917e+08,-2.61603e+09,-7.86327e+08,-9.65181e+07,-8.87116e+08,0.00100978,0.000149626,-2.32892e-24
0,2.06848e+09,2.01943e+07,3.11044e+08,2.543e+09,-1.52159e+09,-6.13303e+08,-8.93509e+08,0.00103956,0.000156322,4.94044e-24
0,2.00736e+09,-4.56435e+07,2.99468e+08,-2.96388e+09,-5.01534e+08,1.47694e+08,-1.18103e+09,0.00107577,0.000160489,-5.33434e-24
0,2.14614e+09,-3.35781e+06,3.24438e+08,5.2556e+07,-8.30952e+08,-5.58958e+08,-5.98729e+08,0.00101436,0.000153344,-2.07272e-25
0,1.90926e+09,-9.85329e+07,2.86913e+08,-1.70223e+10,7.24005e+08,2.7314e+08,-9.15449e+08,0.000973243,0.000146254,-5.98047e-22
0,2.05997e+09,-4.90967e+06,3.33143e+08,-1.34551e+09,-4.21078e+08,-3.02245e+08,-4.67716e+08,0.000949187,0.000153505,-5.0181e-26
0,1.99918e+09,-7.3839e+06,3.23207e+08,-6.74875e+08,-4.32058e+08,-4.85408e+08,-7.24816e+08,0.000960182,0.000155232,1.71663e-26
0,1.99643e+09,-2.54659e+07,3.26285e+08,-3.85743e+09,5.2084e+08,-1.31682e+08,-1.15387e+08,0.000852275,0.000139291,-5.1643e-25
0,2.0361e+09,-716534,3.0252e+08,-3.1217e+08,-2.24354e+09,2.88468e+07,-6.41942e+08,0.00100005,0.000148586,-9.61809e-25
0,1.8496e+09,9.66844e+06,2.70177e+08,-2.55641e+09,1.76258e+09,2.77058e+08,2.28808e+07,0.000902413,0.000131819,3.52251e-24
0,1.69735e+09,-5.96626e+07,2.95241e+08,-7.00496e+09,6.31275e+08,1.46089e+08,-1.22223e+09,0.000984429,0.000171233,-1.0515e-22
0,1.89694e+09,-2.12374e+07,3.0248e+08,-5.16774e+09,-1.38396e+09,2.1855e+07,-6.99189e+08,0.000961846,0.000153373,-1.94246e-23
0,1.78014e+09,1.89082e+07,3.06501e+08,1.60186e+09,-1.18606e+09,-4.89829e+08,-7.46796e+08,0.00101708,0.000175118,1.88849e-24
0,1.71665e+09,-2.00539e+07,2.9521e+08,-4.13145e+09,-9.7431e+08,-7.42626e+08,-9.04392e+08,0.000971857,0.000167129,-6.55441e-24
0,1.77306e+09,-1.61535e+07,3.01816e+08,-3.38884e+09,-1.24696e+09,-4.93324e+08,-6.45839e+08,0.000952289,0.000162101,-4.40085e-24
0,1.62222e+09,4.28492e+06,2.44604e+08,2.20091e+09,-2.35166e+09,4.99335e+07,-1.14455e+09,0.00111227,0.000167713,6.69445e-23
0,1.62072e+09,-1.58988e+07,3.08946e+08,-3.08986e+09,-7.22542e+08,-8.9573e+08,-6.69299e+08,0.000940956,0.000179367,2.27788e-24
0,1.52987e+09,-4.81088e+07,2.77587e+08,2.65978e+09,1.30623e+08,1.48097e+08,-1.07752e+09,0.000985532,0.00017882,7.67357e-24
0,1.83275e+09,-1.25458e+07,3.13609e+08,2.3537e+09,-7.78034e+08,-1.25634e+08,-6.41566e+08,0.00098332,0.00016826,2.40062e-24
0,1.94501e+09,-1.58537e+06,3.2339e+08,6.11296e+09,-1.11491e+08,-1.85211e+08,-9.66235e+07,0.000934206,0.000155327,2.47645e-24
0,1.87374e+09,5.19588e+06,3.04535e+08,3.28717e+09,-1.59028e+09,-5.68089e+08,-7.22351e+08,0.00106451,0.000173013,1.71359e-23
0,1.83566e+09,-5.51716e+07,3.04732e+08,-2.1595e+09,7.20468e+08,-2.43625e+08,-6.49758e+08,0.000926835,0.00015386,-1.21941e-24
0,1.89689e+09,-3.55572e+07,3.00617e+08,-2.70081e+09,-6.1006e+08,-1.28159e+08,-6.79078e+08,0.000988218,0.000156611,-2.1837e-24
0,1.91968e+09,-1.20696e+07,3.06157e+08,1.83588e+09,-1.04946e+09,-5.44812e+08,-4.36567e+08,0.00101079,0.000161204,1.28535e-24
0,1.85679e+09,-3.29193e+07,2.96783e+08,3.58095e+08,-1.20889e+09,-4.42565e+08,-9.00812e+08,0.00106449,0.000170145,-1.16592e-24
0,1.90725e+09,-1.19908e+07,2.87654e+08,5.10287e+09,-1.97442e+09,-4.31237e+08,-8.28215e+08,0.00105621,0.000159298,5.59555e-23
0,1.92556e+09,-4.26549e+07,2.88578e+08,3.02808e+09,-4.76418e+08,2.57804e+08,-6.14891e+08,0.000997062,0.000149426,2.13807e-24
0,1.94098e+09,-1.8848e+07,3.10189e+08,4.66148e+09,-6.25145e+08,-2.36522e+08,-5.68613e+08,0.000969801,0.000154984,8.68742e-24
0,1.93246e+09,-6.83046e+07,2.72186e+08,2.45184e+09,-4.00352e+08,8.79056e+08,-3.79016e+08,0.000956311,0.000134696,-8.93601e-25
0,1.82781e+09,-4.60307e+07,3.03762e+08,5.93189e+08,4.28269e+08,-4.54495e+08,-9.43639e+08,0.00101654,0.000168938,-2.3942e-26
0,1.93116e+09,-9.3857e+06,3.04543e+08,2.44344e+09,-1.58728e+09,-7.43137e+08,-7.21998e+08,0.00108756,0.000171508,7.14191e-24
0,1.83934e+09,-2.83008e+07,2.9405e+08,8.10621e+09,-7.811e+08,-2.61424e+08,-7.85993e+08,0.00108955,0.000174183,1.36834e-22
0,2.02884e+09,-1.54091e+07,3.10286e+08,5.15285e+09,-8.44467e+08,-4.21569e+08,-5.23109e+08,0.00100848,0.000154234,1.25456e-23
0,1.98776e+09,-2.58948e+07,3.11864e+08,3.15666e+09,-6.3312e+08,-3.84077e+08,-6.70691e+08,0.00104647,0.000164182,4.49669e-24
0,1.98343e+09,-4.81484e+07,2.91132e+08,-3.35719e+09,-1.01062e+09,-7.45513e+07,-5.84533e+08,0.00107018,0.000157083,-5.90279e-24
0,1.98738e+09,-3.27967e+07,3.1511e+08,1.64211e+09,-2.6475e+07,-5.61484e+08,-6.04906e+08,0.00100931,0.000160031,2.1976e-25
0,2.02796e+09,5.92904e+07,2.78769e+08,2.05744e+09,4.23477e+08,4.99114e+08,3.99761e+08,0.00102112,0.000140365,4.18889e-26
0,1.98666e+09,-2.80412e+07,3.03075e+08,2.67681e+08,-1.31283e+09,-7.32299e+08,-7.72006e+08,0.00108891,0.000166118,-1.87353e-24
0,2.05055e+09,-4.59514e+07,2.83757e+08,1.29483e+09,-1.61783e+09,-5.01584e+07,-7.31083e+08,0.00108598,0.000150278,3.08422e-24
0,1.87869e+09,-8.91106e+07,2.5176e+08,8.34079e+08,-5.91401e+08,7.96646e+08,-9.7795e+08,0.00117109,0.000156935,-6.89395e-25
0,1.94313e+09,-6.31313e+07,2.93179e+08,-5.27802e+09,2.59143e+08,-2.50384e+08,-5.58136e+08,0.00105267,0.000158827,-1.62227e-23
0,2.13962e+09,-5.11515e+06,3.22863e+08,6.21781e+09,-9.28669e+07,-4.22259e+08,-1.45711e+08,0.00100188,0.000151181,3.46872e-24
0,1.99922e+09,-5.53477e+07,2.98236e+08,-3.61752e+09,-4.04834e+08,-4.15677e+08,-7.57226e+08,0.00107198,0.000159913,-4.79475e-24
0,2.04278e+09,-4.46937e+07,3.06738e+08,-1.49998e+09,3.93008e+08,-3.26629e+08,-4.28213e+08,0.00100868,0.00015146,-2.9258e-25
0,2.07618e+09,-1.92671e+07,3.17314e+08,1.90936e+09,1.8777e+08,-7.02349e+08,-2.86854e+08,0.00101503,0.000155133,8.93806e-26
0,2.05887e+09,-1.91575e+07,3.18989e+08,-6.56272e+08,2.09368e+08,-8.40862e+08,-3.52821e+08,0.0010273,0.000159163,-4.3491e-26
0,2.02281e+09,-4.59719e+07,3.08848e+08,-2.12812e+09,1.01225e+09,-4.50475e+08,-3.6617e+08,0.000986956,0.000150691,-1.03848e-24
0,2.08141e+09,-3.04854e+07,3.16632e+08,-2.52177e+09,4.27592e+08,-7.68609e+08,-4.27817e+08,0.00103665,0.000157699,-1.86752e-24
0,2.2165e+09,-3.69967e+06,3.23474e+08,-8.20621e+08,3.54019e+07,-5.1308e+08,-7.17159e+07,0.00101007,0.000147408,-5.54055e-27
0,2.07855e+09,-3.07977e+07,3.17025e+08,-3.84758e+09,6.21159e+08,-8.03395e+08,-3.95812e+08,0.00102416,0.000156207,-5.94497e-24
