0,2.33411e+09,174234,3.37061e+08,6.54356e+07,-3.13505e+08,-1.45165e+06,-4.79176e+07,0.000886383,0.000128,1.51335e-28
0,2.33409e+09,-328252,3.34446e+08,-8.74415e+07,-2.08841e+08,1.24932e+06,-7.43095e+07,0.000890192,0.000127554,-7.7463e-29
0,2.33411e+09,29327.8,3.37371e+08,-9.55391e+07,6.30748e+07,177762,2.71423e+07,0.000883895,0.000127757,3.13644e-30
0,2.33414e+09,213679,3.365e+08,1.30103e+07,-6.36881e+07,-868589,-1.56646e+07,0.000886711,0.000127832,2.58414e-31
0,2.23292e+09,-1.69801e+07,3.3953e+08,4.92907e+09,-3.43869e+08,3.56335e+08,1.84425e+08,0.000898747,0.00013666,-1.34682e-24
0,2.33414e+09,-70896.9,3.42894e+08,-5.08904e+07,-1.85997e+08,-667876,-6.86935e+07,0.000867791,0.000127482,-2.93628e-29
0,2.33397e+09,-22291.4,3.32482e+08,-3.01007e+08,6.20963e+07,5.44481e+06,2.06341e+07,0.000898082,0.000127935,2.89238e-29
0,2.33414e+09,226303,3.39163e+08,7.41188e+07,-2.80956e+08,-1.9202e+06,-5.28077e+07,0.000873121,0.000126869,1.18738e-28
0,2.33414e+09,6131.26,3.37018e+08,-7.81684e+07,-1.10652e+07,921085,-8.47051e+06,0.000885411,0.000127841,-1.45218e-31
0,2.33411e+09,-71705.6,3.3578e+08,-8.33983e+07,-6.77891e+07,-389791,-2.37881e+07,0.000893772,0.000128576,-3.03255e-30
0,2.33415e+09,-150904,3.40767e+08,-4.61367e+07,-3.10922e+08,-67848.9,-6.99278e+07,0.000869972,0.000127009,-1.06717e-28
0,2.33417e+09,35680.4,3.42432e+08,-2.47185e+07,9.87116e+07,297368,6.38375e+06,0.000860923,0.000126301,1.40159e-30
0,2.33417e+09,-50512.9,3.43584e+08,-1.72843e+07,-1.14339e+08,238951,-2.1854e+07,0.000858237,0.00012633,-1.74516e-30
0,2.33414e+09,-58856.9,3.37164e+08,-1.28636e+07,5.22239e+07,139146,-1.6937e+07,0.000884261,0.000127731,5.88235e-32
0,2.029e+09,7.86998e+07,2.86581e+08,4.31144e+09,5.58369e+08,-2.35231e+08,-6.49189e+08,0.00107676,0.000152084,7.57186e-24
0,1.96773e+09,8.39676e+07,2.76129e+08,5.00431e+08,1.06631e+08,-5.53942e+08,-7.69222e+08,0.00108334,0.000152024,-2.73188e-26
0,2.09102e+09,6.61414e+07,2.90325e+08,8.40848e+09,-1.52341e+09,-2.76664e+08,-7.41586e+08,0.00103932,0.000144304,7.47531e-23
0,1.9508e+09,5.40712e+07,2.73272e+08,-2.29006e+09,-1.6365e+09,-4.84311e+08,-7.77956e+08,0.00109501,0.000153391,-8.19808e-24
0,2.10164e+09,6.50457e+06,2.97747e+08,-8.81877e+08,-3.31901e+09,-2.06336e+07,-7.416e+08,0.0010728,0.000151988,-1.2403e-23
0,2.27134e+09,-2.01072e+07,3.04935e+08,-5.91587e+09,-3.02512e+09,5.20076e+07,-7.7928e+08,0.00107812,0.000144741,-5.99497e-23
0,2.33412e+09,-32545.2,3.45032e+08,-3.87086e+07,-4.87477e+07,-1.7794e+06,-2.10529e+07,0.000860411,0.000127187,-4.48425e-31
0,1.9348e+09,3.85541e+07,2.7534e+08,-3.94478e+09,-5.81139e+08,-6.42839e+08,-1.06256e+09,0.0010593,0.000150749,-7.86515e-24
0,2.22001e+09,-4.25449e+07,3.06495e+08,-1.25787e+10,-2.22901e+09,1.2439e+07,-7.67855e+08,0.00106109,0.000146494,-1.95319e-22
0,2.2906e+09,2.97867e+07,3.04478e+08,7.25746e+09,-7.61189e+08,2.09719e+07,-3.25441e+08,0.00103292,0.0001373,9.85796e-24
0,2.31023e+09,2.11519e+07,3.04475e+08,3.87332e+08,-1.33879e+09,8.81042e+07,-3.25436e+08,0.00104178,0.0001373,2.56493e-25
0,2.08635e+09,-8.28497e+07,3.01653e+08,-1.55802e+10,-1.54635e+08,2.58016e+08,-7.76522e+08,0.000976163,0.000141138,-2.65127e-22
0,2.16247e+09,2.81709e+07,2.90488e+08,-9.48789e+09,-2.20173e+09,2.6892e+08,1.50658e+08,0.000999605,0.000134279,-1.66221e-23
0,1.95207e+09,-1.02786e+08,3.01567e+08,-1.38097e+10,1.68388e+09,4.37188e+08,-7.87157e+08,0.000920099,0.000142142,-1.51467e-22
0,2.23435e+09,-9.98985e+06,3.01458e+08,-7.02986e+09,-2.25117e+09,-6.67438e+07,-2.88192e+08,0.00102399,0.000138157,-2.19426e-23
0,2.33248e+09,2.75647e+06,3.39865e+08,7.2749e+08,-5.14178e+08,-1.25932e+07,-1.51834e+08,0.000888822,0.00012951,1.101e-26
0,2.06676e+09,6.73316e+07,3.1091e+08,1.01105e+10,-4.33118e+07,1.51689e+08,-9.75506e+08,0.000967891,0.000145604,8.9755e-23
0,2.18433e+09,-3.52976e+07,3.03229e+08,1.21696e+10,-1.31133e+09,-2.66352e+08,8.1645e+07,0.000992785,0.000137818,3.85591e-24
0,2.11659e+09,5.8477e+07,3.16404e+08,1.09439e+10,-2.95863e+08,1.78642e+08,-9.46616e+08,0.000985327,0.000147294,1.06205e-22
0,1.99448e+09,6.6543e+07,3.18486e+08,1.35482e+10,6.21546e+08,5.92824e+08,-7.75067e+08,0.000949417,0.000151606,2.08876e-22
0,2.00148e+09,1.17787e+07,3.14539e+08,1.82917e+10,9.26253e+08,1.00707e+09,-1.64042e+08,0.0010106,0.000158819,2.64354e-22
0,2.05381e+09,-6.68772e+07,2.97317e+08,-7.20179e+09,-6.61363e+07,2.6755e+08,-7.73966e+08,0.000973553,0.000140935,-2.74926e-23
0,2.0919e+09,4.2478e+07,3.32878e+08,7.63058e+09,6.68953e+08,5.32898e+08,-6.02316e+08,0.000922878,0.000146854,2.23739e-23
0,2.12077e+09,4.89514e+07,3.12173e+08,1.23477e+10,-1.23518e+09,3.37974e+08,-9.05455e+08,0.00102621,0.000151056,1.69086e-22
0,2.05905e+09,5.60949e+07,2.95701e+08,2.04249e+09,-7.25225e+08,1.91079e+08,-1.02051e+09,0.00106746,0.000153299,1.5462e-24
0,2.13584e+09,6.21588e+07,3.05583e+08,1.27431e+10,-1.12331e+09,-8.97693e+06,-8.74419e+08,0.00100515,0.00014381,1.73957e-22
0,2.11484e+09,6.54877e+07,3.09441e+08,1.04233e+10,-2.64248e+08,-1.02395e+08,-7.20227e+08,0.000961807,0.000140731,6.39718e-23
0,2.016e+09,5.97192e+07,3.27315e+08,7.8151e+09,1.44529e+09,4.20593e+08,-7.14521e+08,0.000933215,0.000151515,3.78883e-23
0,2.15426e+09,3.22435e+07,3.14236e+08,9.24449e+09,-1.68954e+09,3.74035e+08,-9.1523e+08,0.00105937,0.000154528,8.18364e-23
0,2.08588e+09,1.26654e+07,3.22474e+08,3.06064e+09,-1.15623e+09,3.64815e+08,-1.04168e+09,0.00106356,0.000164424,5.31363e-24
0,2.12175e+09,1.28074e+07,3.24454e+08,2.95663e+09,-1.33294e+09,2.65109e+08,-9.88361e+08,0.00106089,0.000162229,5.79112e-24
0,2.11956e+09,-5.56334e+07,3.14134e+08,-7.50641e+09,6.79253e+08,4.44446e+08,-5.07137e+08,0.000916846,0.000135883,-1.0103e-23
0,1.88932e+09,-2.18772e+07,2.84612e+08,1.68265e+10,-1.18321e+09,3.78239e+07,6.72254e+07,0.0010011,0.000150808,-5.13406e-23
0,2.00222e+09,4.13261e+06,3.14296e+08,-3.51436e+08,-7.8976e+08,2.11168e+08,-1.27544e+09,0.00106452,0.000167103,2.80193e-25
0,2.04519e+09,6.12784e+07,3.17118e+08,8.99005e+09,4.43201e+08,1.71327e+07,-8.88382e+08,0.000992503,0.000153893,6.93499e-23
0,2.15647e+09,7.17156e+06,3.08225e+08,1.38391e+09,-2.16756e+09,2.0615e+08,-1.02941e+09,0.00108666,0.000155317,7.74534e-24
0,2.08056e+09,8.21539e+07,3.1108e+08,8.90395e+09,1.44098e+09,-4.63277e+08,-6.1985e+08,0.000911824,0.000136334,1.7576e-23
0,1.95946e+09,2.33958e+07,2.96738e+08,-3.64361e+09,-9.5359e+08,-1.62851e+08,-1.09653e+09,0.00108552,0.00016439,-1.25935e-23
0,2.14831e+09,2.11638e+07,3.01892e+08,4.04472e+09,-2.42041e+09,1.96887e+08,-1.07006e+09,0.00108206,0.000152057,3.21322e-23
0,2.20154e+09,2.32798e+07,3.39178e+08,1.61005e+09,-8.52962e+08,2.8462e+08,3.86961e+07,0.000876319,0.000135009,-1.65382e-26
0,1.91094e+09,-3.32313e+07,2.82177e+08,1.74749e+10,-1.28521e+09,1.14505e+08,1.47747e+08,0.00105338,0.000155546,-1.7567e-22
0,1.93287e+09,4.5062e+06,3.1757e+08,-1.70531e+09,-2.03448e+08,-2.72888e+07,-1.29142e+09,0.00104682,0.000171993,-5.62137e-25
0,1.85333e+09,4.28286e+06,2.92255e+08,-4.28466e+09,-5.69863e+08,-1.08047e+08,-1.26197e+09,0.00105132,0.000165785,-2.21723e-23
0,1.88256e+09,-3.99638e+07,3.08266e+08,-1.90573e+09,-7.87117e+08,-1.32987e+08,-1.24975e+09,0.00104283,0.000170761,-2.31179e-24
0,2.05246e+09,2.44123e+07,3.05399e+08,1.64594e+09,-1.59219e+09,2.88097e+08,-1.00606e+09,0.00106377,0.000158285,4.84294e-24
0,1.86901e+09,3.4859e+07,2.7709e+08,-1.1033e+10,-1.90991e+09,2.53244e+08,-1.09823e+09,0.00115871,0.000171785,-6.95989e-22
0,1.77341e+09,-1.09693e+07,2.94994e+08,-2.63957e+09,9.95492e+08,-2.32601e+08,-1.40389e+09,0.00102661,0.000170769,-7.61962e-24
0,2.1957e+09,2.78591e+07,3.35274e+08,7.61413e+09,-2.08001e+08,4.15755e+08,-5.41932e+08,0.000936077,0.000142935,1.23864e-23
0,2.08485e+09,7.1475e+07,3.15354e+08,9.92625e+09,8.32226e+08,-9.06307e+07,-7.10121e+08,0.000929258,0.000140559,4.72942e-23
0,2.28537e+09,1.72808e+07,3.22909e+08,5.80364e+09,-1.72508e+09,9.99391e+07,-5.1782e+08,0.000978457,0.00013825,9.85814e-24
0,2.3267e+09,6.10226e+06,3.30971e+08,-8.70896e+08,7.06974e+08,7.68213e+07,6.94446e+07,0.000893723,0.000127131,2.52613e-26
0,1.73047e+09,-6.78087e+07,2.92638e+08,-3.05898e+08,-1.03748e+09,-1.23816e+08,-1.2195e+09,0.00101214,0.000171163,-8.86597e-25
0,2.32387e+09,1.07264e+07,3.32517e+08,2.55928e+09,-8.03745e+08,-7.5744e+07,-1.78899e+08,0.000897552,0.000128428,2.56871e-25
0,2.04806e+09,-6.57295e+07,3.04079e+08,-1.08411e+10,-4.41337e+08,4.12729e+06,-1.06162e+09,0.00102835,0.00015268,-1.72195e-22
0,2.11583e+09,5.01302e+07,3.27099e+08,9.07416e+09,4.52366e+08,3.18334e+08,-6.53378e+08,0.000931851,0.000144061,3.47221e-23
0,2.03415e+09,7.53463e+06,3.08634e+08,2.69806e+08,-1.16672e+09,-1.17343e+08,-1.17684e+09,0.00103317,0.00015676,-7.01101e-26
0,2.17439e+09,3.04017e+07,3.3438e+08,8.39299e+09,-2.10201e+08,4.92195e+08,-5.68891e+08,0.000931817,0.000143296,1.77868e-23
0,2.22127e+09,2.20802e+07,3.36854e+08,7.00327e+09,-2.45615e+08,3.66608e+08,-4.25485e+08,0.000924875,0.000140257,6.53549e-24
0,2.28143e+09,225180,3.44958e+08,5.52059e+08,-6.5704e+07,1.27256e+08,-5.5846e+07,0.000893772,0.000135141,-1.07792e-28
0,2.22688e+09,1.95041e+07,3.38436e+08,4.67591e+09,-1.26323e+08,3.05501e+08,-4.01103e+08,0.000913698,0.000138862,1.74081e-24
0,2.3283e+09,4.67782e+06,3.31466e+08,1.387e+09,-1.13515e+09,-6.24793e+07,-2.52653e+08,0.000915691,0.000130362,2.26705e-25
0,2.24981e+09,2.34351e+07,3.17275e+08,1.09654e+10,6.80529e+07,64660.7,-2.37699e+08,0.00101363,0.000142945,2.32629e-23
0,2.03267e+09,6.72989e+07,3.20345e+08,1.12262e+10,1.05773e+09,2.44714e+08,-7.00251e+08,0.000921034,0.000145153,8.30725e-23
0,1.99778e+09,-7.24265e+07,2.99187e+08,-9.75553e+09,-1.34892e+09,-1.39187e+08,-1.03471e+09,0.00104402,0.000156351,-1.55952e-22
0,2.322e+09,9.75328e+06,3.32459e+08,-1.893e+09,5.10131e+08,1.09708e+08,5.70116e+07,0.000887387,0.000127054,4.72615e-26
0,2.21513e+09,-8.4612e+06,3.16683e+08,5.942e+09,1.89668e+08,2.05881e+08,3.87777e+08,0.000921499,0.000131741,-3.8198e-24
0,1.65436e+09,-5.93866e+07,2.93865e+08,1.79109e+09,-1.16807e+09,-2.15152e+07,-9.9039e+08,0.00100508,0.000178533,5.5629e-24
0,2.16203e+09,3.28455e+07,3.32265e+08,6.13566e+09,5.99736e+06,3.69918e+08,-5.923e+08,0.000930084,0.000142937,7.91273e-24
0,2.31648e+09,9.26272e+06,3.36876e+08,3.73748e+09,-9.00531e+08,8.35644e+07,-3.69773e+08,0.000935613,0.000136062,1.07379e-24
0,2.14477e+09,5.3379e+07,3.19485e+08,8.60445e+09,-1.18768e+07,-722957,-7.55604e+08,0.000963162,0.000143473,3.48946e-23
0,2.30146e+09,-3.00337e+06,3.26716e+08,3.54638e+09,-9.82972e+08,-7.17938e+07,-1.57273e+08,0.000924171,0.000131195,7.36147e-25
0,2.03911e+09,-2.8489e+07,3.12429e+08,-4.81774e+09,-5.65142e+08,-2.64351e+08,-1.24692e+09,0.00102806,0.000157517,-1.64413e-23
0,2.20563e+09,5.5377e+06,3.445e+08,6.26107e+09,-4.67457e+07,6.15714e+08,-1.2728e+08,0.000905504,0.000141432,1.2216e-24
0,1.90838e+09,-3.04377e+07,2.92071e+08,-3.27088e+09,-1.4288e+08,4.26793e+08,-1.28306e+09,0.00102077,0.000156226,-6.5293e-24
0,2.28818e+09,-1.40475e+07,3.08389e+08,1.81554e+09,1.44319e+09,-1.65562e+08,1.99121e+08,0.000926239,0.000124833,-6.23443e-25
0,2.06014e+09,4.75697e+07,2.98249e+08,1.22788e+10,-6.90679e+08,-1.41673e+08,-7.15455e+08,0.000987038,0.000142895,1.39639e-22
0,2.13473e+09,-2.28786e+07,3.23455e+08,3.36888e+09,-1.92801e+09,-5.9438e+07,-4.11611e+08,0.000967996,0.000146671,6.22102e-24
0,2.11309e+09,1.12143e+07,3.15262e+08,-1.14953e+09,-8.34595e+08,2.42318e+08,-6.45322e+08,0.000975585,0.000145552,-2.19517e-25
0,2.16755e+09,5.45283e+07,3.17066e+08,1.08729e+10,-2.88121e+08,-2.11174e+07,-5.82301e+08,0.000939791,0.000137471,4.60001e-23
0,2.08248e+09,-2.63318e+07,3.1265e+08,1.69147e+10,-1.16047e+08,3.69897e+08,2.86497e+08,0.00100153,0.000150363,-1.46414e-22
0,1.90367e+09,4.4855e+07,3.06911e+08,2.54252e+09,-3.88146e+08,-2.2674e+08,-1.27686e+09,0.00104878,0.000169085,3.58741e-24
0,1.99399e+09,-596692,3.18249e+08,-5.28012e+08,-1.22258e+09,2.07413e+07,-9.22857e+08,0.0010476,0.000167201,-5.61082e-25
0,1.79531e+09,-1.98428e+07,3.14809e+08,-4.00336e+09,-1.91021e+08,-3.29491e+08,-1.12493e+09,0.00101242,0.000177529,-1.42033e-23
0,2.03563e+09,1.55708e+07,3.30086e+08,1.29104e+10,8.20566e+07,7.94749e+08,-7.65087e+07,0.000982883,0.000159379,2.09356e-23
0,1.99243e+09,3.82712e+07,3.19094e+08,1.39619e+10,4.23298e+07,4.15128e+08,-2.9773e+08,0.000948118,0.000151844,7.99029e-23
0,2.16933e+09,-9.90619e+06,3.03208e+08,-4.42789e+09,-2.15765e+09,-1.06944e+08,-7.13004e+08,0.00103093,0.000144093,-1.79075e-23
0,2.07432e+09,3.9715e+07,3.3327e+08,3.94227e+09,9.81035e+08,3.02088e+08,-5.37062e+08,0.000925832,0.000148749,3.27295e-24
0,2.15628e+09,2.64796e+07,3.29913e+08,5.4178e+09,-5.53296e+08,3.69633e+08,-7.89952e+08,0.000978638,0.000149733,8.27593e-24
0,2.20542e+09,7.72473e+06,3.43831e+08,5.59029e+09,-1.16378e+08,5.6777e+08,-2.15679e+08,0.000922725,0.000143855,1.48464e-24
0,2.16389e+09,4.26497e+07,3.25501e+08,7.76662e+09,-2.27174e+08,1.94026e+08,-6.99873e+08,0.00095058,0.00014299,2.07667e-23
0,2.08322e+09,3.73436e+07,3.16062e+08,4.62427e+09,-7.56047e+08,2.25102e+08,-9.94886e+08,0.00101229,0.000153583,1.02463e-23
0,2.00276e+09,-1.40765e+07,3.16983e+08,-2.17347e+09,-1.11599e+09,5.84417e+07,-9.939e+08,0.0010406,0.000164699,-3.35757e-24
0,1.78405e+09,-8.16137e+07,2.97728e+08,-4.19296e+09,1.08319e+09,3.60639e+08,-7.79928e+08,0.00096535,0.0001611,-7.05995e-24
0,2.19935e+09,3.76282e+07,3.2643e+08,1.13814e+10,-8.48062e+08,3.05191e+08,-7.48994e+08,0.000990907,0.000147071,7.61335e-23
0,1.7079e+09,-4.07636e+07,2.95507e+08,9.41154e+09,4.41347e+08,3.23176e+08,-7.88824e+08,0.00109422,0.000189326,2.99585e-22
0,2.04578e+09,-6.65569e+07,3.2165e+08,-1.05995e+10,1.10175e+09,-2.73408e+08,-6.92421e+08,0.00091363,0.000143646,-6.56881e-23
0,2.1123e+09,6.56704e+07,3.12642e+08,1.25073e+10,-2.8334e+08,4.88773e+07,-8.6024e+08,0.000979281,0.000144943,1.43211e-22
0,2.29114e+09,-5.80683e+06,3.38201e+08,-3.73819e+09,-7.6654e+08,-7.22359e+07,-3.54881e+08,0.000933026,0.000137727,-9.78997e-25
0,2.20312e+09,3.93858e+06,3.44361e+08,4.55844e+09,-1.2042e+08,5.22314e+08,-1.57435e+08,0.00093574,0.000146262,5.22679e-25
0,2.12585e+09,3.05198e+07,3.10362e+08,1.57084e+09,-1.03289e+09,-7.23599e+07,-9.48055e+08,0.00100044,0.000146059,9.38615e-25
0,2.16117e+09,1.62035e+07,3.31614e+08,3.19016e+09,-5.88175e+08,2.54663e+08,-7.17963e+08,0.000978435,0.000150132,1.58014e-24
0,1.9995e+09,-1.71663e+07,3.3046e+08,-6.43658e+09,4.97521e+08,-6.565e+08,-7.76054e+08,0.000962259,0.000159034,-2.56475e-23
0,2.04843e+09,8.57626e+07,3.00306e+08,1.06305e+10,7.7076e+08,-3.56965e+08,-8.10826e+08,0.000953365,0.000139766,7.71879e-23
0,2.1049e+09,1.17365e+07,3.12805e+08,8.53147e+09,-1.4654e+09,2.3698e+08,-4.4934e+08,0.00109382,0.00016255,4.23963e-23
0,1.98904e+09,-1.60555e+07,3.18521e+08,-3.5179e+09,-9.04411e+08,2.79135e+08,-9.00246e+08,0.00103973,0.0001665,-8.48937e-24
0,2.09029e+09,5.04343e+07,3.04294e+08,-5.04194e+09,-5.46606e+08,1.58408e+08,-5.3948e+08,0.00104188,0.000151672,-9.61438e-24
0,2.13377e+09,3.02222e+07,3.07516e+08,6.35093e+09,-1.62177e+09,1.82742e+08,-1.02046e+09,0.00102954,0.000148377,3.4264e-23
0,2.18703e+09,-2.36293e+06,3.44937e+08,-3.87446e+08,6.48838e+07,-9.18012e+07,-6.52324e+07,0.000880935,0.00013894,-3.03605e-28
0,1.76553e+09,-1.34251e+07,2.86089e+08,9.89418e+09,1.6646e+09,1.60883e+08,-9.06074e+08,0.00115846,0.00018772,4.54201e-22
0,2.07081e+09,3.47708e+07,3.10812e+08,-1.76061e+09,-1.26633e+09,2.34101e+08,-8.2258e+08,0.00107135,0.000160802,-2.31311e-24
0,2.20702e+09,2.54788e+07,3.11821e+08,5.89688e+09,-1.81716e+09,1.84862e+08,-7.5658e+08,0.00101353,0.000143198,1.93206e-23
0,2.31171e+09,1.608e+07,3.31795e+08,4.21623e+09,-9.17945e+08,-6.57418e+07,-3.27368e+08,0.000934614,0.000134143,1.60816e-24
0,2.14049e+09,4.27416e+07,3.28996e+08,6.80915e+09,2.86088e+08,2.9551e+08,-6.45314e+08,0.000926019,0.00014233,1.29869e-23
0,1.9894e+09,1.16256e+07,3.11377e+08,-7.74861e+09,-2.02485e+09,-2.95496e+08,5.26043e+08,0.000896325,0.000140291,2.0505e-23
0,1.95219e+09,-1.68479e+06,3.23939e+08,6.52765e+08,7.82331e+08,-1.3081e+08,-4.84968e+08,0.000969992,0.000160957,-6.54022e-27
0,1.94481e+09,2.00514e+07,3.26944e+08,-4.65355e+09,1.07886e+09,-5.41071e+08,-7.33835e+08,0.000944327,0.000158752,-1.2542e-23
0,2.05952e+09,-2.76844e+07,3.3135e+08,-6.17552e+09,-2.64294e+08,-4.97659e+08,-7.9338e+08,0.00100391,0.000161516,-1.80595e-23
0,2.31113e+09,2.08577e+07,3.22485e+08,4.75924e+09,-1.58387e+09,-1.64813e+08,-4.57454e+08,0.000964293,0.000134553,5.87527e-24
0,1.87729e+09,5.42583e+06,2.86375e+08,3.16788e+09,-1.27999e+09,-2.51101e+08,-1.27595e+09,0.00107198,0.000163526,1.65902e-23
0,2.00749e+09,1.94985e+06,3.26637e+08,-5.85718e+08,-7.9676e+08,1.73447e+08,-8.82337e+08,0.00102477,0.000166739,-2.99305e-26
0,2.10792e+09,2.44834e+07,3.30478e+08,2.55013e+09,-3.26735e+08,3.58143e+08,-7.39715e+08,0.000983092,0.000154128,7.63743e-25
0,2.22541e+09,1.08243e+07,3.3102e+08,1.03791e+09,-1.1408e+09,1.14634e+08,-7.01283e+08,0.00102401,0.000152316,5.88257e-25
0,2.04523e+09,4.64336e+06,3.28485e+08,-2.29268e+08,-2.95586e+08,8.635e+07,-9.706e+08,0.000998402,0.000160354,2.80206e-26
0,2.13949e+09,-2.02484e+07,3.02479e+08,-1.36128e+09,-1.92439e+09,1.12298e+08,-7.50175e+08,0.00110323,0.000155974,-4.1419e-24
0,2.30293e+09,1.503e+07,3.36489e+08,1.60441e+09,-1.88488e+07,-1.76452e+08,-1.26272e+08,0.000879783,0.000128548,1.69614e-26
0,1.94999e+09,-2.18308e+07,3.05971e+08,-4.82469e+08,7.00012e+08,2.39354e+08,-1.18782e+09,0.00100169,0.000157173,1.99902e-26
0,2.15449e+09,4.03343e+07,3.00483e+08,6.39928e+09,-1.97883e+09,-7.95905e+07,-1.08958e+09,0.00105572,0.000147239,5.34062e-23
0,1.9789e+09,6.27098e+07,3.09499e+08,7.10777e+09,7.74548e+08,-6.67361e+08,-9.59661e+08,0.000986306,0.000154258,3.33622e-23
0,2.3255e+09,5.93087e+06,3.31795e+08,5.52016e+08,-1.18079e+09,-1.09671e+08,-3.27368e+08,0.000940188,0.000134143,7.75954e-26
0,2.0281e+09,6.49661e+07,2.95468e+08,9.23134e+09,-5.71767e+08,-3.59199e+06,-1.04018e+09,0.00104732,0.000152581,1.20639e-22
0,1.9828e+09,-1.09857e+07,3.22256e+08,-1.15083e+09,-6.61974e+08,1.04131e+08,-1.01735e+09,0.00102031,0.000165827,-3.10764e-25
0,2.25361e+09,-1.50573e+07,3.1047e+08,-4.64961e+09,1.55037e+09,2.82039e+08,1.42617e+08,0.000936616,0.000129033,3.71345e-24
0,1.96278e+09,1.71519e+07,3.1612e+08,-6.16689e+09,-1.60316e+09,7.03934e+07,-7.31378e+08,0.00104514,0.000168328,-4.5442e-23
0,2.03798e+09,-2.00586e+07,3.16263e+08,-1.10891e+09,8.34995e+07,8.451e+07,-9.92254e+08,0.00101002,0.000156739,-3.16102e-26
0,1.85678e+09,-5.14442e+06,2.96835e+08,-1.30284e+08,1.37578e+09,-1.86243e+08,-1.30097e+09,0.00100093,0.000160015,-6.95364e-27
0,2.09813e+09,-3.32255e+07,3.08105e+08,-7.46961e+09,-1.18585e+09,-3.18178e+08,-5.35216e+08,0.00110299,0.000161972,-3.16634e-23
0,2.13888e+09,2.08256e+07,3.36365e+08,4.69449e+09,-1.75587e+08,4.95848e+08,-5.34216e+08,0.000963768,0.000151564,3.41417e-24
0,2.0065e+09,-2.49227e+07,3.26408e+08,-1.83392e+09,-3.19186e+08,1.13627e+07,-9.01895e+08,0.00101821,0.000165638,-6.54375e-25
0,1.93638e+09,7.99449e+07,2.81433e+08,7.13579e+09,1.64356e+08,-3.0939e+08,-1.21065e+09,0.00105306,0.000153051,7.96301e-23
0,1.97514e+09,-4.45725e+07,2.90149e+08,-2.22787e+09,-1.19046e+09,-1.38305e+08,-9.66426e+08,0.00112077,0.000164643,-5.82435e-24
0,1.94227e+09,-5.79381e+06,3.16612e+08,-1.63681e+09,8.1996e+07,-1.35163e+08,-1.11731e+09,0.000979628,0.000159691,-3.41387e-25
0,2.02451e+09,-1.32071e+07,3.01337e+08,-4.35333e+08,-8.83378e+08,5.56704e+07,-1.25417e+09,0.00105426,0.00015692,-7.13157e-26
0,2.33017e+09,6.21113e+06,3.3357e+08,1.5077e+09,-9.34084e+08,-4.5442e+07,-2.24795e+08,0.000908843,0.000130103,1.51541e-25
0,2.01992e+09,3.83469e+07,2.84878e+08,-3.02959e+09,-5.56478e+07,-5.65265e+08,-1.1537e+09,0.00101101,0.000142586,-2.84134e-24
0,2.04934e+09,-1.29276e+07,3.30404e+08,-2.48914e+09,-5.25031e+07,-8.73874e+07,-7.96456e+08,0.000955105,0.000153986,-9.59987e-25
0,2.2272e+09,89892.5,3.44868e+08,9.38692e+08,1.34889e+06,8.89976e+07,-8.64279e+07,0.000888416,0.000137566,2.79583e-27
0,2.06317e+09,-5.55593e+06,2.99766e+08,2.76508e+09,4.12018e+08,1.77349e+07,-8.20137e+08,0.000958329,0.00013924,1.44826e-24
0,2.1041e+09,-1.1565e+06,3.43298e+08,1.64509e+08,-6.29847e+07,1.53688e+08,-3.15581e+08,0.000955182,0.000155845,-6.02584e-28
0,2.08705e+09,-1.98098e+07,3.08421e+08,-3.58701e+09,-1.13084e+09,4.7798e+08,-8.98691e+08,0.00103649,0.00015317,-8.28922e-24
0,1.80198e+09,1.70871e+07,3.10258e+08,-4.27198e+09,-6.55397e+08,-1.03145e+08,-7.53144e+08,0.000944221,0.000162573,-9.45838e-24
0,1.93067e+09,6.59003e+07,2.77137e+08,6.06222e+09,-2.84472e+08,-3.67661e+08,-1.25576e+09,0.00109276,0.00015686,6.42124e-23
0,2.10968e+09,2.5127e+07,3.32111e+08,3.57709e+09,-1.55845e+08,3.54813e+08,-7.22173e+08,0.000976691,0.000153753,2.41983e-24
0,2.08961e+09,-3.8298e+07,3.28669e+08,-7.85388e+09,4.01713e+08,-3.54116e+08,-7.644e+08,0.00093363,0.000146848,-2.81372e-23
0,2.02919e+09,-7.60774e+07,2.8667e+08,-8.40385e+09,7.09371e+08,6.63727e+08,-7.63432e+08,0.000999463,0.000141197,-4.179e-23
0,2.16544e+09,-2.47483e+07,3.08486e+08,-6.61975e+09,-2.13765e+09,-1.46201e+08,-1.05755e+09,0.00106937,0.000152342,-5.76188e-23
0,1.99521e+09,-2.20609e+07,3.06432e+08,-1.66383e+09,9.74058e+08,-3.73353e+07,-7.8912e+08,0.000933952,0.00014344,-3.40284e-25
0,1.9815e+09,-9.53684e+06,3.08545e+08,-3.24393e+09,-3.49752e+08,2.28644e+08,-1.18487e+09,0.00104939,0.000163404,-6.29571e-24
0,2.28221e+09,2.37147e+07,3.20344e+08,-3.10007e+09,3.35114e+08,2.67322e+08,8.25761e+07,0.00090816,0.000127475,1.9301e-25
0,2.04442e+09,-1.01758e+06,3.31109e+08,8.27612e+08,-2.95826e+08,-7.9997e+07,-8.71606e+08,0.00100573,0.000162885,1.24776e-26
0,2.2257e+09,-332555,3.4507e+08,9.79569e+08,1.34162e+06,1.06614e+08,-3.73234e+07,0.000891053,0.000138148,1.40692e-27
0,2.19136e+09,1.30551e+07,3.11349e+08,1.94351e+09,-1.97285e+09,-5.00605e+08,-8.17558e+08,0.00103493,0.000147044,3.33161e-24
0,2.09417e+09,-2.02018e+07,3.3138e+08,-4.08289e+09,-2.88019e+08,-5.26714e+08,-7.13898e+08,0.000989008,0.0001565,-3.39953e-24
0,2.10518e+09,1.65543e+07,3.34221e+08,2.22801e+09,-2.767e+08,2.70479e+08,-6.72366e+08,0.000987773,0.00015682,5.13329e-25
0,2.05312e+09,-2.19044e+07,3.28086e+08,-3.7882e+09,-5.51471e+08,6.73087e+07,-8.46555e+08,0.00101156,0.000161646,-5.71361e-24
0,1.9957e+09,-3.04622e+07,3.24748e+08,-4.3063e+09,-4.93158e+07,1.7917e+08,-9.07401e+08,0.0010033,0.000163261,-8.90629e-24
0,2.03089e+09,-1.96328e+07,3.11339e+08,5.89344e+08,3.13514e+08,-1.92304e+08,-8.82184e+08,0.00101003,0.000154839,-1.48731e-26
0,1.95456e+09,3.86874e+06,2.99598e+08,-3.70226e+09,2.24021e+08,-1.26442e+08,-1.24746e+09,0.00104051,0.000159491,-9.86076e-24
0,2.04122e+09,-3.54062e+07,3.20153e+08,-2.77637e+09,-2.23666e+08,-3.59124e+08,-9.01089e+08,0.0009792,0.000153581,-1.48103e-24
0,2.00227e+09,-4.67449e+07,3.18182e+08,-1.13382e+10,-6.10945e+08,-5.18031e+08,-9.09022e+08,0.00101252,0.0001609,-1.57848e-22
0,1.94402e+09,-7.14627e+07,3.07875e+08,-5.66134e+09,-3.93106e+08,-3.93939e+07,-8.05637e+08,0.000992533,0.000157188,-2.00601e-23
0,2.05819e+09,-1.95957e+07,3.32393e+08,-2.90664e+09,1.74595e+08,-1.95872e+08,-7.3462e+08,0.000940895,0.000151952,-1.41757e-24
0,2.0307e+09,-4.93888e+07,3.04459e+08,-7.88181e+09,-8.78758e+08,3.20045e+08,-8.48425e+08,0.00103314,0.000154896,-6.55147e-23
0,1.8522e+09,2.52882e+07,2.6969e+08,1.37476e+09,-5.79988e+08,-9.6272e+07,-1.4551e+09,0.00111421,0.000162235,5.12803e-25
0,1.99888e+09,5.60176e+06,2.99709e+08,2.68355e+09,9.3482e+08,-1.00191e+08,-7.60901e+08,0.000934522,0.000140121,1.12257e-24
0,2.08396e+09,-3.36545e+07,3.10575e+08,1.41044e+09,1.04539e+09,2.26756e+08,-6.20499e+08,0.000924082,0.000137717,1.83713e-25
0,1.91573e+09,-4.76956e+06,3.00627e+08,-4.43924e+09,5.60296e+08,-3.26341e+08,-1.1937e+09,0.00103291,0.00016209,-2.01892e-23
0,1.91039e+09,6.63292e+06,3.11925e+08,-1.16711e+09,1.15039e+09,-2.31791e+08,-1.10676e+09,0.000956105,0.00015611,-3.86841e-25
0,2.10339e+09,-3.30329e+07,3.28394e+08,-3.58397e+09,2.24476e+07,-4.15525e+08,-6.65769e+08,0.000968505,0.000151209,-2.37599e-24
0,1.99807e+09,-6.03612e+07,3.16398e+08,-1.11334e+10,6.49884e+07,-1.24054e+08,-8.97754e+08,0.000980476,0.00015526,-1.40393e-22
0,2.1704e+09,-1.85044e+07,3.18032e+08,-4.83788e+09,-1.79708e+09,-5.32009e+08,-7.77479e+08,0.00100523,0.000147298,-9.4827e-24
0,2.07334e+09,-3.17961e+07,2.97503e+08,-7.59067e+09,1.85015e+08,5.29733e+08,-4.60698e+08,0.0009366,0.000134393,-1.38127e-23
0,2.03719e+09,8.45162e+06,3.24237e+08,8.32002e+07,1.84027e+08,-1.40685e+07,-8.7533e+08,0.000945096,0.000150421,-3.89372e-27
0,1.94299e+09,3.17655e+07,3.19518e+08,1.51094e+09,9.85031e+08,-3.50871e+08,-1.01611e+09,0.00099589,0.000163771,2.30226e-25
0,2.00403e+09,-1.69109e+07,3.19636e+08,-5.03404e+09,1.87319e+08,7.96798e+07,-9.4919e+08,0.00095046,0.000151595,-1.11397e-23
0,1.6652e+09,6.25979e+07,2.47902e+08,-1.26627e+10,-2.20954e+09,-2.0047e+08,-1.108e+09,0.00112819,0.000167957,-1.42993e-21
0,2.04357e+09,-6.44206e+06,3.26202e+08,2.08365e+08,-3.64142e+08,-2.17027e+08,-9.59615e+08,0.000988776,0.000157832,-5.30206e-26
0,2.0219e+09,6.34545e+06,3.05899e+08,-5.61621e+09,-9.506e+08,-1.94157e+08,-9.5666e+08,0.0010112,0.000152987,-2.14595e-23
0,2.09373e+09,-2.22447e+07,3.09335e+08,4.28763e+09,-2.5107e+09,-4.81903e+08,-6.39248e+08,0.000993829,0.000146832,2.4251e-23
0,2.17213e+09,4.33033e+07,3.24544e+08,8.06262e+09,-6.10201e+07,6.81532e+07,-5.16673e+08,0.000927182,0.000138533,1.52396e-23
0,1.93634e+09,-2.70763e+07,3.24052e+08,-5.15952e+08,8.51494e+08,1.79956e+08,-9.72664e+08,0.000974605,0.000163102,-3.97449e-27
0,1.7999e+09,-1.90705e+07,2.87677e+08,-1.68942e+09,1.88209e+09,-8.95338e+07,-1.40335e+09,0.000987533,0.000157837,-1.23118e-24
0,2.14023e+09,1.08732e+07,2.91794e+08,1.16349e+09,8.01851e+08,-1.91608e+06,-3.01359e+08,0.000911353,0.000124252,-4.79615e-27
0,2.22451e+09,287690,3.44877e+08,8.12509e+08,-1.55203e+06,8.5409e+07,-8.796e+07,0.000897391,0.000139127,1.90766e-27
0,2.03854e+09,-300.408,2.76444e+08,1.18261e+10,-1.77e+09,-6.93104e+07,4.14872e+07,0.00110791,0.000150242,2.04283e-23
0,1.96614e+09,-5.0219e+07,3.21882e+08,-1.05808e+10,4.15891e+08,-8.72262e+07,-7.56116e+08,0.000953828,0.000156154,-9.73691e-23
0,2.18244e+09,-2.53911e+07,3.32706e+08,-5.6091e+09,-1.53878e+08,-3.98039e+08,-4.6976e+08,0.000951602,0.000145068,-4.7076e-24
0,2.09988e+09,-4.77707e+06,3.16939e+08,-4.6476e+09,-8.23209e+08,1.36796e+08,-7.53031e+08,0.000991705,0.00014968,-8.62231e-24
0,1.8229e+09,-5.75725e+07,3.06268e+08,2.03821e+09,6.51742e+08,4.49519e+08,-7.52289e+08,0.000959112,0.000161141,1.72441e-24
0,2.04862e+09,3.53685e+07,3.13125e+08,-1.38419e+09,-6.46895e+08,1.99652e+08,-7.29591e+08,0.00102344,0.000156429,-3.87715e-25
0,1.97667e+09,-2.27232e+07,3.23318e+08,-3.78212e+09,8.35995e+08,7.22914e+07,-9.4646e+08,0.000945065,0.000154582,-4.85019e-24
0,2.27178e+09,-1.1099e+06,3.2134e+08,-9.48148e+08,2.71781e+08,-1.2613e+06,2.0011e+07,0.000885474,0.000125249,2.10438e-27
0,1.9577e+09,4.83671e+07,3.00034e+08,-5.09595e+09,-1.16631e+09,2.78276e+08,-8.06006e+08,0.00104753,0.000160544,-2.71638e-23
0,1.82838e+09,-1.28424e+07,2.96785e+08,8.26987e+09,-2.56456e+08,-5.93601e+07,-8.59149e+08,0.00102009,0.000165583,1.04939e-22
0,2.10312e+09,-4.77485e+06,3.04002e+08,-6.32359e+08,-9.76084e+08,-3.02848e+08,-1.09895e+09,0.00101651,0.000146935,-5.6887e-25
0,2.14807e+09,-1.69806e+07,3.35207e+08,-6.56694e+09,-1.10998e+08,-8.70631e+07,-3.4808e+08,0.000937637,0.000146318,-6.15288e-24
0,2.0007e+09,7.42203e+06,3.26504e+08,-2.69177e+09,7.21807e+08,-1.33312e+08,-8.2933e+08,0.000948204,0.000154742,-1.74856e-24
0,1.98309e+09,-3.37252e+07,3.02212e+08,1.40822e+09,-1.54315e+09,2.30617e+08,-5.46001e+08,0.00100357,0.000152938,2.49524e-24
0,2.16806e+09,7.48986e+06,3.06723e+08,-3.09833e+09,4.89108e+08,8.2981e+07,-2.4395e+08,0.000889016,0.000125772,-2.74202e-25
0,1.98228e+09,175538,3.24636e+08,-7.79246e+08,1.11698e+08,4.8166e+07,-1.04887e+09,0.000978247,0.000160207,4.38291e-26
0,1.80416e+09,3.96455e+07,2.61137e+08,1.51197e+09,-4.68686e+08,-2.92721e+08,-1.55357e+09,0.00112535,0.000162885,-1.41625e-26
0,2.10007e+09,-3.02626e+06,3.42884e+08,3.60731e+08,-7.98867e+07,2.04686e+07,-3.63069e+08,0.000961918,0.000157054,2.20366e-28
0,2.07453e+09,-5.99362e+06,3.30802e+08,-5.20295e+08,2.05918e+07,-1.33601e+08,-7.44553e+08,0.000952074,0.000151817,1.09524e-26
0,2.11793e+09,-3.51089e+06,3.17321e+08,-3.47994e+08,-3.8735e+08,-4.38202e+08,-7.78897e+08,0.000983089,0.000147292,-1.04693e-26
0,2.07375e+09,-1.94977e+07,3.3281e+08,-8.1646e+08,3.05682e+08,-1.06768e+08,-6.7745e+08,0.00092841,0.000148998,-1.96133e-26
0,2.05455e+09,-7.41483e+06,3.30416e+08,9.92312e+08,-9.24603e+07,1.1968e+08,-8.65186e+08,0.000985628,0.00015851,1.78732e-26
0,1.74381e+09,1.03589e+07,3.14487e+08,-6.01528e+09,-1.3903e+09,-2.86709e+08,-7.40512e+08,0.00103748,0.000187104,-5.1791e-23
0,2.30447e+09,6.37128e+06,3.25287e+08,4.8729e+09,-4.11997e+08,-1.88256e+08,-1.77265e+08,0.000924908,0.000130555,1.10565e-24
0,2.13725e+09,1.44196e+07,3.13494e+08,-2.68142e+09,8.46255e+08,-8.08189e+07,3.10487e+08,0.000956087,0.000140239,6.90567e-25
0,2.06386e+09,-9.70677e+06,3.06811e+08,4.50558e+08,-4.52059e+08,3.48515e+08,-8.76225e+08,0.000977426,0.000145303,3.96807e-26
0,2.22975e+09,3.89312e+06,3.24764e+08,1.03601e+09,-1.43197e+09,6.52697e+07,-5.62532e+08,0.00098279,0.000143144,7.23806e-25
0,1.97909e+09,-1.07071e+07,3.24579e+08,3.93911e+09,9.40528e+08,2.79459e+08,-3.36935e+08,0.000999695,0.000163955,4.0556e-24
0,2.0054e+09,4.25721e+06,3.11225e+08,-2.42958e+08,-8.63029e+08,-3.48833e+08,-1.0896e+09,0.00101853,0.00015807,-4.79009e-25
0,1.95815e+09,2.11587e+07,3.26457e+08,-2.97372e+09,-1.0159e+09,-1.21698e+08,-6.55045e+08,0.000988427,0.000164788,-3.41468e-24
0,2.12061e+09,-1.09405e+07,3.01715e+08,-5.57579e+09,-1.45705e+09,-3.85452e+08,2.19039e+08,0.000940343,0.000133789,4.65762e-24
0,2.1372e+09,3.08663e+07,2.83572e+08,1.42116e+08,-1.09014e+09,-2.91805e+08,1.1625e+07,0.00100608,0.000133491,-6.71815e-26
0,1.96544e+09,-4.91063e+06,3.25472e+08,-4.84119e+07,9.36471e+08,-1.62634e+08,-8.32412e+08,0.0009353,0.000154884,-3.63168e-28
0,1.82166e+09,-2.51576e+07,3.15082e+08,-4.97087e+09,-9.29318e+08,-3.67849e+08,-9.37571e+08,0.00102969,0.000178099,-2.38829e-23
0,1.92326e+09,-3.53351e+07,3.19473e+08,-1.78463e+09,1.7208e+09,3.58204e+08,-8.2794e+08,0.000914678,0.000151937,4.0383e-25
0,2.05093e+09,6.678e+07,3.04778e+08,8.26739e+09,1.57039e+08,-2.24454e+08,-8.93692e+08,0.000978265,0.000145375,4.85613e-23
0,2.01593e+09,2.29769e+06,3.10137e+08,-4.86484e+09,5.68316e+07,-3.05937e+08,-1.02445e+09,0.000973569,0.000149777,-1.18375e-23
0,2.03859e+09,4.09795e+06,3.04341e+08,3.58759e+09,869554,3.98209e+08,-6.66898e+08,0.00111503,0.000166463,5.58535e-24
0,2.10427e+09,4.75298e+06,3.3563e+08,4.16754e+08,6.73082e+08,1.33915e+08,-4.0501e+08,0.000880222,0.000140395,1.45537e-27
0,1.84374e+09,-3.97457e+07,3.16726e+08,-4.21736e+09,3.29055e+07,-1.56502e+08,-9.08084e+08,0.00101849,0.000174961,-1.3367e-23
0,2.06141e+09,-1.53459e+06,3.33399e+08,6.90926e+08,-2.99964e+08,1.2435e+08,-7.67005e+08,0.00100109,0.00016191,1.58878e-26
0,2.02479e+09,1.59521e+07,3.16278e+08,3.68987e+09,1.7869e+08,1.34721e+08,-8.46604e+08,0.000971918,0.000151816,4.21992e-24
0,1.83068e+09,936563,2.95496e+08,1.36077e+09,1.84766e+09,-1.29927e+08,-1.32131e+09,0.000993008,0.000160284,8.6642e-26
0,2.32889e+09,7.74245e+06,3.31785e+08,1.84033e+09,-1.05477e+09,-6.02484e+07,-2.51601e+08,0.000916937,0.000130631,2.90554e-25
0,2.15956e+09,3.10026e+07,2.9498e+08,-1.11566e+09,-1.86294e+09,-2.47814e+08,-6.49093e+07,0.000989368,0.00013514,-1.43918e-24
0,2.04498e+09,5.90524e+06,3.24301e+08,3.45013e+09,1.05295e+08,3.0632e+08,-8.89317e+08,0.000956675,0.000151713,3.0994e-24
0,2.10996e+09,-1.1391e+07,3.30222e+08,-1.38276e+09,-3.28037e+08,-7.43538e+07,-8.2746e+08,0.000985337,0.000154212,-1.59379e-25
0,2.04208e+09,6.9001e+07,2.96765e+08,7.34836e+09,-7.86498e+07,-2.77472e+08,-9.8728e+08,0.000995685,0.000144697,4.25918e-23
0,2.1234e+09,-2.97211e+07,3.22383e+08,-6.32233e+09,-5.65598e+08,-5.73297e+08,-6.26109e+08,0.000942639,0.000143115,-7.8448e-24
0,2.24431e+09,4.26114e+07,3.16951e+08,-2.95483e+09,-1.42439e+09,1.54432e+08,-4.90048e+07,0.000944058,0.000133324,-1.20933e-24
0,2.17027e+09,6.83089e+07,3.14568e+08,-4.83224e+09,-1.21925e+09,4.42365e+08,1.99164e+08,0.000923414,0.000133844,-1.16125e-24
0,2.0059e+09,1.37738e+07,3.17991e+08,-4.88818e+08,9.99841e+08,-5.39789e+08,-8.64494e+08,0.000935507,0.000148304,-9.86193e-26
0,1.96408e+09,3.18007e+07,3.01372e+08,6.85821e+09,1.47702e+09,-4.99917e+08,-8.66281e+08,0.000931825,0.000142981,1.69894e-23
0,2.09126e+09,-5.60845e+06,3.42147e+08,-1.32436e+09,-3.15461e+07,-6.51125e+07,-4.23863e+08,0.000954737,0.000156203,-6.88164e-26
0,2.06781e+09,-4.60961e+07,3.14408e+08,6.26781e+08,7.33336e+08,4.21744e+08,-6.83306e+08,0.000938673,0.000142724,6.56598e-26
0,2.18927e+09,3.62703e+06,3.35739e+08,2.96978e+08,-4.15637e+08,1.72516e+08,-5.46178e+08,0.000942482,0.000144536,1.32561e-26
0,1.71615e+09,2.68658e+07,2.41054e+08,1.99392e+08,8.84875e+08,-3.48981e+08,-1.55421e+09,0.00111625,0.00015679,5.98824e-26
0,1.85258e+09,2.82839e+07,2.64479e+08,-4.48322e+09,-1.92875e+09,-2.01683e+08,7.44796e+08,0.000976025,0.00013934,1.00256e-23
0,1.91192e+09,-3.5478e+07,3.13384e+08,4.34147e+09,1.81411e+09,3.73097e+08,-5.71604e+08,0.00094826,0.00015543,7.14609e-24
0,2.11278e+09,-2.52721e+07,3.21545e+08,-3.51225e+09,-3.9518e+08,1.58637e+08,-7.00946e+08,0.000958519,0.000145877,-2.49505e-24
0,2.09114e+09,4.80184e+07,2.98454e+08,6.17582e+09,-1.1566e+09,-5.82337e+07,-1.0025e+09,0.00103532,0.000147764,3.33695e-23
0,2.13532e+09,9.24061e+06,3.13286e+08,6.48339e+08,-8.20351e+08,9.63055e+07,-8.26653e+08,0.000997614,0.000146366,1.91609e-25
0,1.96295e+09,2.02383e+06,2.9795e+08,9.62617e+08,1.73059e+08,3.27674e+07,-1.02046e+09,0.00098507,0.00014952,-4.20002e-27
0,2.21413e+09,-586062,3.44886e+08,-6.4593e+08,-8.78994e+06,-7.4115e+07,-8.6819e+07,0.000897558,0.000139809,-9.19495e-28
0,1.80103e+09,-5.63792e+07,3.0903e+08,-3.94775e+08,1.5385e+08,6.76544e+07,-9.54655e+08,0.000997229,0.00017111,5.17838e-26
0,1.92107e+09,-6.56239e+06,3.26733e+08,-7.14394e+08,3.4555e+08,1.13812e+08,-9.06977e+08,0.000961065,0.000163456,7.1498e-27
0,1.96311e+09,-4.83967e+07,2.85397e+08,1.27818e+10,-5.80999e+08,-1.31839e+08,4.48999e+08,0.000990341,0.000143976,-1.1765e-22
0,1.83671e+09,7.2076e+06,3.01892e+08,1.78823e+10,5.51724e+08,4.83165e+08,-5.67363e+06,0.000927749,0.00015249,3.89261e-23
0,2.01185e+09,-5.14473e+07,3.09584e+08,-2.84488e+09,-9.05347e+08,-1.5595e+08,-7.7462e+08,0.000997758,0.000153536,-2.80444e-24
0,2.08247e+09,-5.31074e+06,3.43496e+08,-1.39605e+09,3.44256e+06,-9.94627e+07,-2.92412e+08,0.000950623,0.000156801,-5.94835e-26
0,2.04904e+09,-3.72584e+07,2.79666e+08,-3.93347e+09,1.13698e+09,-3.94086e+08,4.97949e+08,0.00103284,0.000140968,3.43924e-24
0,1.91508e+09,2.99342e+07,3.2977e+08,2.86962e+09,1.44345e+09,-4.32647e+07,-7.17885e+08,0.000923189,0.000158969,1.05262e-24
0,2.05862e+09,2.51627e+06,3.0254e+08,1.38139e+09,-7.31926e+08,-4.22722e+08,-1.13922e+09,0.001022,0.000150196,1.81517e-25
0,1.80964e+09,1.27331e+07,2.54032e+08,2.98282e+08,-8.05007e+08,-3.65503e+08,-1.57136e+09,0.0011581,0.00016257,-2.10744e-24
0,2.29999e+09,1.67521e+07,3.3406e+08,-2.58956e+09,1.01703e+08,1.86272e+08,1.11201e+08,0.000879105,0.000127685,7.30618e-26
0,2.1065e+09,2.03874e+07,3.34877e+08,2.13989e+09,-8.62945e+08,1.94916e+08,-5.13411e+08,0.00100308,0.000159462,7.85226e-25
0,2.07853e+09,-5.86899e+06,3.42502e+08,-1.28323e+09,3.269e+07,-7.19452e+07,-3.93032e+08,0.000947526,0.000156134,-5.96933e-26
0,1.98028e+09,4.86521e+07,3.08097e+08,5.88367e+09,7.73039e+08,-4.55012e+08,-1.00184e+09,0.000967133,0.000150469,1.87547e-23
0,2.11174e+09,3.63348e+07,3.31927e+08,6.23425e+09,5.82047e+08,2.28932e+08,-4.23884e+08,0.00091867,0.000144398,7.39919e-24
0,2.2533e+09,-2.05025e+07,3.3368e+08,-2.47121e+09,-3.69267e+07,1.29285e+08,-2.79014e+08,0.000950536,0.00014076,-2.2462e-25
0,1.9797e+09,4.59193e+07,3.2116e+08,5.11863e+09,1.54138e+09,-2.11888e+08,-7.9182e+08,0.000944273,0.000153186,7.05873e-24
0,2.0831e+09,-9.13263e+06,3.25069e+08,3.1543e+08,-4.9189e+08,2.84172e+07,-9.89975e+08,0.00100263,0.000156461,1.16868e-26
0,2.11008e+09,9.28523e+06,3.31491e+08,2.72314e+09,6.38395e+08,2.48017e+08,-4.75909e+08,0.000892982,0.000140286,7.28188e-25
0,2.00706e+09,2.14733e+07,3.18892e+08,-2.43112e+09,9.47358e+08,-3.66569e+08,-9.57319e+08,0.000956361,0.000151952,-2.05128e-24
0,1.79444e+09,-2.29878e+07,2.59039e+08,-1.5806e+09,-9.4497e+08,-7.58898e+07,-1.57675e+09,0.00116069,0.000167553,-4.57755e-24
0,2.15666e+09,7.93546e+06,3.3515e+08,1.71337e+09,-7.83839e+08,3.48308e+08,-6.36303e+08,0.000996088,0.000154795,3.47951e-25
0,2.08835e+09,1.7475e+07,3.3197e+08,5.46312e+08,-4.5548e+08,3.19808e+08,-7.85284e+08,0.00100841,0.000160301,4.15501e-26
0,2.08658e+09,4.17015e+07,3.1247e+08,6.00032e+09,-2.91272e+08,-3.59811e+08,-8.85224e+08,0.000997976,0.000149449,1.96531e-23
0,2.1306e+09,3.55714e+06,3.26399e+08,-3.82526e+08,-3.60248e+08,-6.43177e+08,-5.59571e+08,0.000948504,0.000145307,4.35888e-26
0,2.0689e+09,4.28602e+07,3.24167e+08,6.04113e+09,6.05448e+08,-2.51194e+08,-6.6955e+08,0.000973225,0.000152491,1.2119e-23
0,1.93719e+09,-6.81486e+06,2.57479e+08,2.83182e+09,3.4186e+08,-8.93493e+07,5.56628e+08,0.00113251,0.000150526,-3.69012e-24
0,2.00192e+09,1.74075e+06,3.19394e+08,-2.19526e+09,1.20265e+09,2.0194e+08,-7.73408e+08,0.000925081,0.000147591,-3.32135e-25
0,1.75448e+09,-2.86927e+07,2.55335e+08,-1.71362e+09,-2.84384e+08,3.56211e+08,-1.57617e+09,0.00112424,0.000163615,-2.49666e-25
0,2.05571e+09,-4.68421e+06,3.31301e+08,-4.24519e+08,4.94235e+08,6.66679e+07,-7.15739e+08,0.000918504,0.000148027,-5.57416e-28
0,2.04886e+09,2.54406e+07,3.08437e+08,-9.60618e+09,-1.23129e+09,1.14344e+08,-4.88473e+08,0.000986595,0.000148523,-5.44432e-23
0,1.94241e+09,-3.00935e+07,3.09485e+08,4.07926e+09,-1.27897e+08,-3.36213e+08,-6.55382e+08,0.00105242,0.000167683,8.28486e-24
0,2.11522e+09,5.44508e+07,3.11056e+08,4.77265e+09,-5.4319e+07,1.81468e+08,-7.38346e+08,0.00102381,0.000150558,8.2159e-24
0,2.1508e+09,-2.00037e+07,3.15525e+08,-5.79194e+09,-1.37028e+09,-3.55379e+08,-8.91442e+08,0.00101201,0.000148463,-1.64418e-23
0,2.02331e+09,1.57513e+06,3.14593e+08,3.46472e+09,-8.84111e+08,2.29192e+08,-8.06452e+08,0.00100451,0.000156186,4.34917e-24
0,2.08156e+09,-4.94301e+06,3.43888e+08,-7.24634e+08,5.65656e+07,-8.89776e+07,-2.4043e+08,0.000942517,0.00015571,-6.68664e-27
0,2.16989e+09,1.75496e+06,3.02384e+08,-8.02785e+08,-1.25932e+09,-1.91413e+08,-8.46831e+08,0.00101596,0.000141579,-7.91845e-25
0,2.09188e+09,-5.75709e+07,3.16819e+08,-7.57007e+09,6.74408e+08,-1.82105e+08,-5.1293e+08,0.000968951,0.000146749,-2.08003e-23
0,1.91793e+09,-1.06504e+07,2.8998e+08,-1.01163e+09,-5.458e+08,1.94326e+08,-1.32497e+09,0.00106017,0.000160291,1.00723e-25
0,2.03119e+09,-1.32037e+07,3.29603e+08,-4.31255e+08,-5.71649e+07,1.06148e+08,-8.99107e+08,0.000989055,0.000160495,2.8804e-26
0,2.10887e+09,-1.109e+07,3.28373e+08,-4.67303e+09,2.56272e+07,2.6214e+08,-5.90359e+08,0.000926665,0.000144291,-3.82379e-24
0,1.92681e+09,-1.65629e+06,2.96516e+08,2.976e+09,8.31617e+08,-1.26084e+07,-1.11417e+09,0.000989465,0.000152269,4.06131e-24
0,2.0655e+09,2.42787e+07,3.04447e+08,3.26456e+09,-1.67799e+09,2.45769e+08,-1.04542e+09,0.00104504,0.000154035,1.13519e-23
0,1.9719e+09,-3.32773e+07,3.1361e+08,2.74059e+09,3.93285e+08,-5.91198e+08,-5.49928e+08,0.00105508,0.0001678,1.17028e-24
0,2.21627e+09,-791734,3.45092e+08,-9.05379e+08,-1.27837e+07,-8.861e+07,-2.10858e+07,0.000890494,0.000138657,-4.95163e-28
0,1.96381e+09,2.16573e+07,3.04368e+08,-8.11903e+09,-1.20412e+09,1.18922e+07,-7.32353e+08,0.00103521,0.000160446,-7.25586e-23
0,2.07679e+09,5.96205e+07,2.94418e+08,-2.33697e+08,-1.79097e+09,3.46106e+08,-8.46999e+08,0.00113024,0.00016023,1.61548e-24
0,2.08451e+09,-1.85516e+07,3.255e+08,-1.24381e+08,-1.77686e+08,2.45858e+07,-8.60132e+08,0.0009818,0.00015331,7.42834e-27
0,2.1448e+09,6.69763e+06,3.19573e+08,1.60441e+09,-1.01693e+09,-5.2234e+08,-7.99466e+08,0.000989077,0.000147371,4.68995e-25
0,2.20641e+09,6.73353e+06,3.16342e+08,-9.81506e+07,-1.59871e+09,-3.25976e+08,-7.58241e+08,0.00102487,0.000146939,-8.35354e-25
0,2.10975e+09,2.26474e+07,3.1775e+08,4.55213e+09,-4.42089e+08,-9.72259e+07,-8.04062e+08,0.000958321,0.000144333,6.08497e-24
0,2.05459e+09,5.52007e+06,3.24382e+08,2.02442e+06,7.55148e+07,-6.88432e+08,-7.14058e+08,0.000959862,0.000151544,4.03514e-26
0,2.19437e+09,2.06154e+07,3.34094e+08,1.41767e+09,-7.29853e+06,8.305e+07,-5.32909e+08,0.000928521,0.000141368,6.96765e-26
0,2.27649e+09,2.01266e+07,3.34664e+08,4.73166e+09,-3.41002e+08,3.47769e+07,-2.88758e+08,0.000904803,0.000133014,1.21118e-24
0,2.23186e+09,-1.05063e+07,3.28194e+08,-4.7857e+09,-1.00249e+09,-4.04622e+08,-4.29668e+08,0.000937487,0.000137857,-1.63217e-24
0,1.96301e+09,-2.5293e+07,3.11975e+08,-3.272e+09,8.89858e+07,-1.80562e+08,-1.23463e+09,0.000985749,0.000156663,-4.76225e-24
0,2.30773e+09,8.88446e+06,3.32674e+08,-1.2985e+09,-2.31235e+08,2.13799e+08,-7.82964e+07,0.000888932,0.000128145,-1.24526e-26
0,2.00672e+09,-2.61355e+07,3.24017e+08,-4.83435e+09,1.82495e+08,-8.30708e+07,-9.9969e+08,0.00096245,0.000155402,-1.11165e-23
0,2.05484e+09,-3.20586e+07,3.11772e+08,1.06745e+09,-5.15094e+08,1.45553e+08,-8.67046e+08,0.000995618,0.000151061,1.51871e-25
0,1.94887e+09,2.46364e+07,3.23343e+08,-9.8976e+08,-4.75928e+08,-1.61252e+08,-2.45586e+07,0.00101507,0.000168414,-6.53001e-28
0,2.22632e+09,2.70736e+07,3.05869e+08,-7.94968e+09,1.40719e+09,-1.14198e+08,4.05959e+08,0.000990009,0.000136015,1.64844e-23
0,2.15828e+09,1.11164e+07,3.24309e+08,2.47965e+09,-8.30117e+07,-2.93327e+08,-5.82414e+08,0.000949178,0.000142626,5.52505e-25
0,2.04067e+09,-1.51954e+07,3.02419e+08,-1.76497e+09,2.00887e+08,2.88843e+08,-1.03558e+09,0.00096827,0.000143494,-3.13675e-25
0,2.0594e+09,-3.80966e+06,3.37466e+08,4.76914e+08,3.54744e+08,1.85536e+07,-5.26199e+08,0.000918164,0.000150456,3.08309e-27
0,2.07988e+09,-2.66847e+06,3.43423e+08,4.09874e+08,5.64559e+07,5.04619e+07,-3.03002e+08,0.000939254,0.000155086,8.08852e-28
0,2.08227e+09,-9.59862e+06,3.30299e+08,-2.38178e+09,-4.01709e+08,5.59503e+07,-8.54092e+08,0.000993466,0.000157588,-1.14603e-24
0,1.9307e+09,-3.99717e+07,2.97948e+08,-5.86605e+08,1.07531e+08,1.00272e+08,-5.23953e+08,0.00105182,0.000162319,-3.9029e-27
0,1.90143e+09,-5.84335e+07,2.65999e+08,-4.29427e+09,-6.29298e+08,3.8168e+08,-1.33799e+09,0.00111214,0.000155582,-3.02609e-23
0,2.00788e+09,-2.15096e+07,3.03718e+08,3.54165e+08,-8.17444e+08,2.71762e+08,-1.19111e+09,0.00105554,0.000159664,4.77505e-25
0,2.12597e+09,336963,3.24939e+08,-3.8384e+09,-1.18676e+09,-1.75431e+08,-6.23728e+08,0.000981512,0.000150017,-4.11486e-24
0,1.87111e+09,-6.10612e+06,3.00283e+08,-9.09068e+08,5.73769e+08,-2.79057e+08,-1.18638e+09,0.000968101,0.000155365,-4.29066e-26
0,1.88201e+09,2.004e+07,3.01987e+08,-7.56012e+09,-2.5937e+09,1.80385e+08,-9.53367e+08,0.00107872,0.000173091,-2.1597e-22
0,1.95496e+09,-2.68396e+07,2.99977e+08,-3.23619e+09,-3.50785e+08,5.56926e+08,-1.22236e+09,0.00102981,0.000158018,-5.96331e-24
0,1.94473e+09,2.58953e+07,3.08447e+08,-2.36532e+09,-1.09737e+09,-6.47205e+06,-1.07142e+09,0.00102811,0.000163065,-4.40317e-24
0,2.06379e+09,-3.02539e+07,3.15843e+08,-7.72213e+09,-7.08904e+08,-1.86041e+08,-7.9751e+08,0.00097497,0.00014921,-3.32828e-23
0,2.20627e+09,-1.33382e+06,3.44985e+08,1.6353e+07,7.2421e+06,1.68498e+07,-6.08289e+07,0.000886753,0.000138658,-2.24352e-31
0,2.1399e+09,2.4232e+06,3.24882e+08,-1.90059e+09,-8.47447e+08,-2.2642e+08,-6.32248e+08,0.000947887,0.000143909,-4.92454e-25
0,2.18966e+09,1.96562e+07,3.18781e+08,1.09878e+10,8.96133e+08,8.03306e+07,-1.78331e+08,0.000970988,0.000141361,1.72648e-23
0,2.04542e+09,-3.04821e+07,3.25193e+08,-6.88634e+09,-4.06479e+08,-4.5534e+08,-7.1312e+08,0.000958115,0.000152327,-1.81601e-23
0,1.98105e+09,799598,3.04396e+08,2.52329e+09,-9.84144e+08,1.75152e+08,-1.12425e+09,0.00101335,0.000155705,3.61264e-24
0,2.10956e+09,-4.38807e+06,3.3385e+08,-4.27644e+09,8.46229e+08,-2.11392e+08,-6.5715e+07,0.000889624,0.000140788,-5.86936e-25
0,2.09738e+09,-1.99764e+06,3.42606e+08,8.04529e+08,-1.76311e+06,8.0642e+07,-3.81122e+08,0.000944505,0.000154284,1.09101e-26
0,2.123e+09,6.94357e+06,3.22034e+08,-6.85628e+07,-6.89904e+08,5.69581e+07,-7.82223e+08,0.000985871,0.000149545,1.43952e-26
0,2.19846e+09,-4.43569e+06,3.26965e+08,-1.2723e+09,-1.07809e+09,-1.87006e+08,-5.19696e+08,0.000947774,0.000140958,-3.9108e-25
0,2.23491e+09,2.34819e+07,3.24502e+08,2.03395e+09,-5.38395e+08,-2.19375e+08,-4.52683e+08,0.000937162,0.000136073,2.98258e-25
0,2.24534e+09,-2.63698e+07,3.24693e+08,-7.63503e+09,-1.27327e+09,-2.11542e+06,-6.14913e+08,0.000988152,0.000142894,-2.15152e-23
0,2.31292e+09,1.42151e+07,3.32207e+08,-2.90137e+09,6.39813e+08,9.72684e+07,1.67055e+08,0.00089656,0.000128774,2.63067e-25
0,1.85781e+09,3.88095e+07,2.7717e+08,-1.07456e+10,-2.44749e+09,-4.57469e+07,-1.1097e+09,0.00113619,0.00016951,-6.35381e-22
0,2.15337e+09,4.25666e+07,2.90957e+08,-2.45407e+09,-3.80145e+08,5.15629e+08,2.58457e+08,0.000913691,0.000123455,6.30948e-26
0,1.9706e+09,2.87322e+07,3.16279e+08,4.49516e+09,6.49165e+08,-4.60636e+08,-9.77963e+08,0.000996084,0.00015987,9.31994e-24
0,1.98674e+09,3.40548e+07,3.20838e+08,3.87513e+09,4.69426e+08,-3.79785e+08,-8.02064e+08,0.000940002,0.000151801,3.62245e-24
0,2.1279e+09,5.8388e+07,3.15988e+08,7.30928e+09,4.95342e+08,-1.39571e+08,-5.65897e+08,0.000922961,0.000137057,1.28971e-23
0,2.29858e+09,-8.47027e+06,3.22451e+08,4.03176e+09,-1.02362e+09,-1.32202e+08,-1.29147e+08,0.0009323,0.000130786,1.06906e-24
0,1.91773e+09,2.3385e+07,3.23393e+08,2.01246e+09,1.50473e+09,1.11013e+07,-9.81285e+08,0.000935823,0.000157811,6.62801e-25
0,2.269e+09,2.18401e+07,3.18443e+08,6.6664e+09,4.50884e+08,-1.07331e+08,-1.21962e+08,0.00100823,0.0001415,2.01892e-24
0,2.13576e+09,1.10615e+07,3.25745e+08,3.1099e+09,-2.66209e+08,-1.80921e+08,-6.15809e+08,0.000944443,0.000144046,1.3031e-24
0,1.76577e+09,-1.52215e+07,2.94561e+08,-1.46996e+09,-3.3189e+08,1.61672e+08,-1.14121e+09,0.00102913,0.000171677,-5.12765e-25
0,2.08883e+09,-3.5953e+07,3.24932e+08,-3.49592e+09,2.90137e+08,-1.76047e+08,-8.71719e+08,0.000959213,0.000149213,-3.04254e-24
0,2.18154e+09,-4.22204e+07,3.22841e+08,-1.00821e+10,-6.20251e+08,1.84374e+07,-6.44581e+08,0.000962219,0.000142397,-4.49803e-23
0,2.20975e+09,-1.02227e+07,3.37695e+08,4.47291e+08,-1.85899e+08,-1.65673e+08,-4.34738e+08,0.000922447,0.000140968,-6.21638e-28
0,2.08934e+09,2.16895e+06,3.34851e+08,-4.62012e+07,8.50031e+07,9.07786e+07,-6.13748e+08,0.000926431,0.000148476,2.3446e-28
0,2.09854e+09,2.7119e+07,3.14404e+08,3.72339e+09,-5.66431e+08,-4.75119e+08,-9.02972e+08,0.00102138,0.000153023,5.80661e-24
0,1.86915e+09,-6.19724e+07,3.11922e+08,-7.00669e+09,1.19318e+09,-3.68519e+07,-1.24018e+09,0.000996264,0.000166256,-7.45171e-23
0,1.99766e+09,-4.5933e+06,3.28547e+08,-1.92994e+09,6.67808e+08,1.27518e+08,-8.2763e+08,0.000949772,0.000156205,-4.80502e-25
0,2.10074e+09,-2.17652e+06,3.43873e+08,6.6535e+08,-4.95362e+07,1.22067e+08,-2.45759e+08,0.000948418,0.000155248,3.45166e-27
0,2.09209e+09,-2.06806e+07,3.37271e+08,-7.10795e+09,3.5703e+08,-3.0794e+08,-4.22947e+08,0.000918754,0.000148115,-1.1049e-23
0,1.99644e+09,-3.01833e+07,3.07579e+08,1.11934e+09,-1.36436e+09,4.53627e+08,-9.34821e+08,0.00104683,0.000161278,2.5885e-24
0,2.21041e+09,-1.02779e+06,3.45025e+08,1.05062e+09,1.60966e+07,9.16397e+07,-4.94556e+07,0.00088998,0.000138918,2.60892e-27
0,1.79019e+09,-2.54042e+07,2.66279e+08,-4.94171e+09,1.64864e+09,2.89312e+08,-1.26095e+09,0.00101195,0.00015052,-2.69009e-23
0,1.71671e+09,-2.11692e+07,2.90981e+08,7.94103e+08,9.18187e+08,-2.01247e+08,-1.1372e+09,0.00103852,0.000176028,6.37663e-26
0,2.06496e+09,-1.5625e+07,3.32864e+08,-2.79712e+09,-4.33155e+08,-3.618e+08,-7.3052e+08,0.00100392,0.000161829,-1.25751e-24
0,2.13215e+09,6.168e+07,3.05231e+08,7.3109e+09,9.47682e+06,-3.88396e+08,-6.54764e+08,0.000954988,0.000136713,1.8112e-23
0,2.26057e+09,9.88648e+06,3.19908e+08,-3.65683e+09,1.97428e+08,-4.24638e+07,1.43548e+08,0.000933194,0.000132062,3.2524e-25
0,2.2494e+09,-7.22042e+06,3.40141e+08,-4.37682e+08,-3.12273e+08,-1.76899e+08,-3.21816e+08,0.000921821,0.000139393,-3.12113e-27
0,2.01034e+09,-4.95648e+07,3.23777e+08,-9.59454e+09,6.65735e+08,1.35962e+08,-6.73171e+08,0.000920295,0.000148219,-4.58311e-23
0,2.07943e+09,1.99298e+07,3.18358e+08,1.29998e+09,-8.44636e+08,-3.65282e+08,-8.58216e+08,0.00102244,0.000156534,3.19564e-25
0,1.89699e+09,-4.20419e+07,3.06986e+08,-7.13434e+08,5.59318e+08,4.53373e+08,-1.19316e+09,0.00100212,0.000162171,4.56997e-26
0,1.98236e+09,-7.34841e+06,3.36272e+08,-5.24388e+09,6.59811e+08,-3.12378e+08,-5.57956e+08,0.000893628,0.000151588,-7.33785e-24
0,1.8915e+09,7.44636e+07,3.16013e+08,7.80396e+09,1.5186e+09,-1.44358e+07,-7.47837e+08,0.000965377,0.000161286,4.62555e-23
0,2.07738e+09,5.60558e+07,3.15996e+08,9.8707e+09,4.93409e+08,-2.49006e+07,-5.428e+08,0.000989696,0.000150546,5.08927e-23
0,1.95228e+09,-6.68226e+06,3.18166e+08,-3.67467e+09,3.63391e+08,2.31326e+08,-9.10102e+08,0.000957495,0.000156045,-4.53273e-24
0,2.1436e+09,4.38541e+07,3.04399e+08,6.46322e+09,-8.75174e+08,-2.9589e+08,-6.9322e+08,0.000978678,0.000138975,1.8287e-23
0,2.13168e+09,-2.40968e+07,3.31314e+08,-4.60681e+09,-4.20084e+08,-2.90217e+08,-7.81515e+08,0.0010008,0.000155548,-6.16842e-24
0,2.04524e+09,-7.34947e+07,2.97798e+08,7.23587e+09,-9.36047e+08,-3.33614e+08,4.84599e+08,0.000906955,0.000132057,-9.22822e-24
0,1.72442e+09,-2.24873e+07,2.7704e+08,1.34317e+10,1.45776e+09,2.89512e+08,-7.25637e+08,0.00100576,0.000161583,5.31148e-22
0,1.91085e+09,-2.82023e+07,2.73765e+08,3.68784e+09,2.4622e+08,1.55171e+08,-1.15168e+09,0.00106067,0.000151961,1.13979e-23
0,2.08432e+09,5.79735e+07,3.06696e+08,2.37736e+09,7.48032e+07,-1.72661e+08,-2.45523e+08,0.000938214,0.000138053,2.24317e-25
0,2.1218e+09,3.35422e+07,3.23117e+08,2.70141e+09,1.59211e+08,5.03916e+07,-6.48084e+08,0.000944881,0.00014389,8.62702e-25
0,2.0924e+09,-2.99975e+07,3.00366e+08,1.37066e+09,-1.53622e+09,4.89322e+07,-8.42904e+08,0.00100246,0.000143904,2.04771e-24
0,2.15255e+09,-2.43444e+07,3.34935e+08,-6.64945e+09,-2.22036e+08,-4.12004e+08,-6.23919e+08,0.00098882,0.00015386,-1.36556e-23
0,2.30221e+09,-186087,3.27199e+08,1.61235e+07,2.94203e+08,-7.56816e+06,4.03108e+07,0.000883571,0.000125577,-8.06063e-30
0,2.30945e+09,-7.13934e+06,3.40499e+08,-3.63799e+09,-5.97232e+08,-1.48146e+08,-2.847e+08,0.000921344,0.00013584,-5.0988e-25
0,1.93737e+09,2.72877e+07,3.25967e+08,-1.25404e+09,1.4095e+09,-1.30723e+08,-7.71019e+08,0.000923297,0.000155347,-4.59055e-26
0,2.08721e+09,8.60191e+06,3.23695e+08,2.68051e+09,-4.5795e+08,-5.7955e+08,-7.66796e+08,0.000990306,0.000153582,1.53075e-24
0,2.1977e+09,-1.36355e+07,3.21333e+08,-3.81878e+09,-4.77521e+08,-2.73829e+08,-4.04012e+08,0.000927042,0.000135546,-9.3516e-25
0,2.09844e+09,-5.10186e+07,3.13641e+08,-3.89981e+09,-2.05109e+08,2.42057e+08,-7.33295e+08,0.00104286,0.000155869,-5.30629e-24
0,2.23296e+09,4.06126e+07,3.14536e+08,-5.31675e+09,-1.21141e+08,3.19429e+08,2.14776e+08,0.000930382,0.000131054,1.4579e-24
0,2.10711e+09,4.13054e+07,3.08819e+08,7.58872e+09,-1.2055e+09,-2.48706e+08,-9.06654e+08,0.00104046,0.000152491,5.75797e-23
0,1.97753e+09,-9.12212e+06,3.27425e+08,-2.28682e+09,6.25765e+07,-6.73428e+07,-9.73994e+08,0.000982,0.000162592,-1.15813e-24
0,2.004e+09,-7.30118e+06,3.09137e+08,-1.45607e+09,-7.3821e+08,-2.20012e+08,-1.02305e+09,0.000999231,0.000154141,-6.30037e-25
0,2.12684e+09,-3.99178e+06,3.37679e+08,3.43951e+08,-9.50619e+07,1.7026e+07,-5.07251e+08,0.000938405,0.000148991,-1.20116e-27
0,2.01228e+09,-5.82275e+07,3.12065e+08,-7.02656e+09,1.92918e+08,2.73571e+07,-1.09857e+09,0.00100621,0.000156043,-4.64886e-23
0,2.09848e+09,6.38242e+06,3.28023e+08,6.54231e+09,7.63649e+08,7.87271e+08,-5.4142e+08,0.000913249,0.000142754,1.50256e-23
0,1.88759e+09,1.1954e+07,2.65564e+08,1.86615e+10,5.11666e+08,-3.63163e+08,5.92269e+07,0.00103928,0.000146215,-1.16739e-22
0,2.07528e+09,-2.81679e+06,3.43137e+08,7.57999e+08,2.7623e+06,1.11259e+08,-3.35398e+08,0.000952403,0.000157475,8.77067e-27
0,2.16001e+09,6.63472e+06,3.26329e+08,1.34911e+09,-8.34315e+08,-5.22352e+08,-6.30429e+08,0.000997449,0.000150692,1.78498e-25
0,1.96442e+09,3.46424e+06,3.3045e+08,1.32152e+09,5.48561e+08,8.80229e+07,-8.24133e+08,0.000940838,0.000158265,1.97528e-25
0,2.15451e+09,2.10595e+07,3.37068e+08,3.66643e+09,6.89322e+07,2.80953e+08,-4.03114e+08,0.000892533,0.000139635,9.8471e-25
0,2.08124e+09,-2.84377e+07,3.31336e+08,-3.09547e+09,-6.105e+07,-4.79421e+08,-6.73218e+08,0.000996103,0.000158581,-1.64625e-24
0,1.99543e+09,6.18359e+06,3.13537e+08,4.35808e+09,9.16864e+08,-6.57472e+07,-7.79459e+08,0.000971482,0.000152647,6.66639e-24
0,2.12246e+09,-6.13029e+07,3.00552e+08,-5.65244e+09,-3.917e+08,4.55304e+08,-8.5116e+08,0.00100432,0.000142217,-1.55541e-23
0,2.05505e+09,1.425e+07,3.04593e+08,2.93956e+09,3.24903e+08,-7.46341e+06,-7.04948e+08,0.000939793,0.000139293,1.38158e-24
0,2.02671e+09,-2.84583e+07,3.34589e+08,-8.12201e+09,3.61178e+08,-5.74759e+08,-6.53112e+08,0.000928227,0.000153241,-3.14785e-23
0,2.13784e+09,-3.91191e+07,3.23165e+08,8.93411e+08,6.6488e+08,3.21629e+08,-5.95169e+08,0.000937288,0.000141684,7.48682e-26
0,1.94957e+09,1.90936e+07,3.27973e+08,2.96117e+09,1.2755e+09,2.54229e+07,-8.42774e+08,0.000942228,0.000158509,2.19864e-24
0,2.10972e+09,-4.2858e+07,3.23337e+08,-7.42361e+08,8.32537e+08,2.29594e+08,-6.13305e+08,0.000919392,0.000140907,6.75699e-28
0,2.05048e+09,2.94886e+07,3.15737e+08,9.74905e+08,-2.25616e+08,-1.41449e+08,-7.66528e+08,0.000973284,0.000149869,3.27142e-26
0,2.00523e+09,1.77865e+07,3.06724e+08,8.30826e+09,9.61172e+08,3.70241e+08,-8.72722e+08,0.000945515,0.000144628,5.38578e-23
0,2.22454e+09,-266795,3.44886e+08,4.5791e+07,-454263,3.83951e+07,-8.80843e+07,0.000898177,0.00013925,-2.17202e-30
0,2.08255e+09,-5.84049e+07,2.88257e+08,-6.38159e+09,-4.08378e+08,1.4297e+08,-8.64245e+08,0.00105029,0.000145376,-3.00571e-23
0,2.25657e+09,2.494e+07,3.26095e+08,-1.34567e+09,-1.3893e+09,2.89031e+08,-4.27251e+07,0.000891876,0.000128884,-2.5138e-25
0,2.21905e+09,-2.47108e+07,3.30459e+08,-1.74212e+08,1.49444e+08,2.94748e+08,-4.20013e+08,0.000943182,0.000140458,-1.80106e-28
0,2.21003e+09,-1.34149e+07,3.24934e+08,-4.65223e+09,-1.31335e+09,-4.64245e+08,-6.30519e+08,0.000982373,0.000144435,-3.85822e-24
0,1.98513e+09,1.12398e+06,3.02044e+08,4.2339e+09,8.07668e+08,1.8777e+08,-8.11138e+08,0.000933601,0.000142051,6.44974e-24
0,2.1568e+09,-3.87026e+07,2.88559e+08,-3.35407e+09,-1.5742e+09,4.29123e+08,-2.46169e+08,0.000934279,0.000124997,-3.15724e-24
0,2.05535e+09,-3.3943e+07,3.35115e+08,-9.04827e+09,1.95107e+08,-8.2661e+08,-6.08785e+08,0.00094808,0.00015458,-4.04763e-23
0,2.09604e+09,-1.77058e+07,3.12749e+08,-5.09328e+09,3.5404e+08,-2.06902e+08,-8.51082e+08,0.000970306,0.000144779,-9.86736e-24
0,2.13364e+09,-2.83204e+07,3.02057e+08,-3.88778e+09,-1.86467e+09,-2.04424e+08,-9.46882e+08,0.00102632,0.000145295,-1.34492e-23
0,2.25205e+09,-1.3889e+07,3.35469e+08,-1.2177e+09,-3.54568e+08,1.07172e+08,-3.70405e+08,0.000945226,0.000140802,-4.95822e-26
0,2.04556e+09,6.27072e+07,3.22969e+08,6.82907e+09,1.44914e+09,6.77049e+06,-6.49018e+08,0.000921063,0.000145424,1.42554e-23
0,2.06189e+09,3.64052e+07,3.25503e+08,4.15043e+09,4.60056e+08,-3.64819e+08,-6.97886e+08,0.00098402,0.000155343,4.08382e-24
0,2.27926e+09,3.25789e+07,3.22229e+08,6.26667e+09,-9.17345e+08,-2.62692e+08,-4.35293e+08,0.000948021,0.000134026,7.33762e-24
0,1.75899e+09,-7.17704e+06,2.66866e+08,6.83892e+09,-1.00584e+09,-1.18526e+08,-8.52251e+08,0.00103165,0.000156518,8.73473e-23
0,2.05524e+09,-543084,3.30839e+08,-1.24434e+09,7.47622e+08,-9.47046e+07,-6.91266e+08,0.000915137,0.000147312,-1.17558e-25
0,1.78889e+09,2.36757e+07,2.62659e+08,4.1701e+09,1.40327e+09,-3.92737e+08,-1.17041e+09,0.000991173,0.000145532,1.21895e-23
0,2.14142e+09,-3.77945e+07,3.11062e+08,-6.13901e+09,-3.54562e+08,-3.98792e+07,-6.15371e+08,0.000977499,0.000141991,-1.12028e-23
0,2.07084e+09,-4.3609e+07,3.33457e+08,-8.62464e+09,6.56768e+08,-6.50083e+08,-6.40451e+08,0.000926063,0.000149119,-3.67481e-23
0,2.14463e+09,1.62057e+07,3.31187e+08,3.33429e+09,-5.53767e+08,3.78588e+08,-7.09677e+08,0.000969742,0.000149754,1.48677e-24
0,2.11021e+09,-2.96973e+07,2.86577e+08,-5.73018e+09,3.6459e+08,2.47533e+08,-5.63397e+08,0.000943499,0.000128132,-6.93329e-24
0,2.23636e+09,-6.80065e+06,3.37605e+08,-3.53899e+09,-7.24915e+08,8.18751e+07,-3.99292e+08,0.000941817,0.000142179,-1.28615e-24
0,2.2023e+09,-2.39746e+06,3.37476e+08,-9.44786e+08,-1.77692e+08,2.19999e+08,-3.90862e+08,0.000917816,0.000140644,-1.49449e-26
0,2.14425e+09,2.27045e+07,3.35996e+08,5.60061e+09,9.60083e+07,3.52871e+08,-5.03583e+08,0.000910383,0.000142654,4.98339e-24
0,2.17849e+09,-3.03971e+07,3.11468e+08,-2.60899e+09,-9.50293e+08,-7.4635e+06,-7.54942e+08,0.000972948,0.000139107,-1.56472e-24
0,2.23486e+09,-2.10843e+07,3.14296e+08,-4.5787e+09,-7.32462e+08,-1.03354e+08,-4.37413e+08,0.000955094,0.000134318,-2.49144e-24
0,2.12766e+09,2.18031e+07,3.23815e+08,2.77934e+09,-3.67144e+08,-4.53886e+08,-7.38925e+08,0.000997436,0.000151803,1.5224e-24
0,2.03378e+09,1.45273e+07,3.08266e+08,3.8543e+09,1.05178e+08,-5.30422e+07,-1.00198e+09,0.000965405,0.000146329,5.14337e-24
0,2.06816e+09,-1.64252e+07,3.33203e+08,-8.07627e+09,8.08301e+08,-1.50473e+08,-1.75204e+08,0.00093559,0.000150734,-8.40773e-24
0,2.04741e+09,-3.05733e+07,3.37444e+08,-7.50596e+09,6.51726e+08,-4.28451e+08,-4.93022e+08,0.000905129,0.000149179,-1.74772e-23
0,2.12144e+09,1.83312e+07,3.23874e+08,6.29597e+09,-1.34569e+09,4.51623e+08,-7.11361e+08,0.00102745,0.000156858,1.62137e-23
0,2.00834e+09,3.05247e+07,2.80758e+08,1.79398e+09,8.97085e+07,-4.4613e+08,-1.0201e+09,0.000995935,0.000139228,3.60019e-25
0,2.09651e+09,4.18339e+07,3.27596e+08,8.24864e+09,4.07375e+08,9.87959e+07,-4.49622e+08,0.000968821,0.000151386,2.19694e-23
0,1.70002e+09,9.90404e+06,2.64303e+08,8.58672e+09,-2.49131e+08,-6.67667e+07,-9.40235e+08,0.00108401,0.000168532,2.50192e-22
0,1.97083e+09,2.17858e+07,3.05847e+08,6.77067e+09,5.13178e+08,-2.40826e+07,-8.94108e+08,0.000959759,0.000148942,3.00105e-23
0,1.91329e+09,2.60775e+07,3.24255e+08,2.25055e+09,6.54089e+08,7.58001e+07,-3.84285e+08,0.00102282,0.000173343,8.52635e-25
0,2.15929e+09,-3.01515e+06,3.37731e+08,-4.54815e+09,-1.68547e+08,8.51331e+07,-4.22592e+08,0.000931601,0.00014571,-2.41704e-24
0,1.90364e+09,5.09361e+07,3.08038e+08,6.58987e+09,9.60275e+08,-9.31947e+07,-1.26061e+09,0.00099122,0.000160395,5.31795e-23
0,2.11858e+09,1.26473e+07,3.04803e+08,-5.94031e+09,-2.56943e+09,-1.46048e+07,-8.20154e+08,0.00108798,0.00015653,-6.62886e-23
0,2.16152e+09,1.8919e+07,3.20263e+08,4.78982e+09,-1.36497e+09,2.7917e+08,-6.87607e+08,0.000973821,0.000144287,6.78713e-24
0,1.99223e+09,-3.98414e+07,3.07408e+08,-1.00924e+10,-1.2401e+08,1.3233e+08,-9.37338e+08,0.000980534,0.0001513,-1.10909e-22
0,2.18059e+09,1.46813e+07,3.26289e+08,2.20852e+08,-8.31581e+08,-4.88108e+08,-6.28356e+08,0.00100706,0.00015069,-1.65354e-25
0,1.89603e+09,2.59279e+06,2.94824e+08,7.04204e+09,-9.43517e+08,6.24608e+08,-1.03759e+09,0.00108088,0.000168072,6.73831e-23
0,1.94267e+09,3.46685e+07,3.12103e+08,7.546e+09,2.17103e+08,-6.96392e+07,-1.19165e+09,0.00101835,0.000163605,7.88095e-23
0,2.03727e+09,-2.42738e+07,3.14266e+08,-2.20653e+08,2.36184e+07,2.15436e+08,-8.02417e+08,0.000956738,0.000147585,9.54211e-27
0,2.21756e+09,2.41945e+07,2.9537e+08,1.04633e+09,1.26075e+09,5.85996e+08,4.032e+08,0.000977564,0.000130207,-4.15038e-25
0,2.07419e+09,-4.04614e+06,3.42794e+08,-2.56057e+07,4.95646e+06,1.62931e+07,-3.7287e+08,0.000958947,0.000158482,1.09163e-28
0,2.1197e+09,-1.78406e+07,3.18831e+08,-5.75324e+09,-5.02673e+08,1.51929e+08,-6.97404e+08,0.000952163,0.000143218,-1.03838e-23
0,2.08008e+09,1.17113e+07,3.25293e+08,5.84523e+08,3.50724e+08,-4.8991e+08,-6.1558e+08,0.000926666,0.000144916,-9.71227e-28
0,2.01196e+09,2.85125e+06,3.18613e+08,1.03843e+09,-1.05003e+09,4.40472e+08,-9.72216e+08,0.00104361,0.000165266,1.16613e-24
0,1.85485e+09,1.74601e+07,2.52424e+08,9.06682e+09,5.64186e+08,-1.81834e+08,-9.73112e+08,0.00117483,0.000159881,2.84211e-22
0,2.04094e+09,-9.90537e+06,3.28879e+08,-2.18069e+09,1.38951e+08,3.69248e+06,-8.3959e+08,0.000961269,0.0001549,-6.95669e-25
0,2.10741e+09,1.87324e+07,3.11477e+08,8.65962e+08,-6.05755e+08,4.57397e+07,-9.27801e+08,0.000990253,0.00014636,1.19255e-25
0,2.08536e+09,4.40789e+06,3.17737e+08,-7.5916e+08,-9.88876e+08,4.76141e+08,-7.55803e+08,0.000988033,0.000150542,1.20251e-25
0,2.22717e+09,1.59852e+07,3.39094e+08,4.39297e+09,-8.97531e+07,2.92719e+08,-3.50803e+08,0.000901801,0.000137302,1.19569e-24
0,2.14945e+09,-2.04284e+07,3.21157e+08,-4.88622e+09,-9.71722e+08,-5.58188e+08,-7.45062e+08,0.000973339,0.00014543,-4.34716e-24
0,2.07675e+09,2.47838e+07,3.13419e+08,3.68295e+09,-5.91395e+08,-2.17036e+08,-9.58482e+08,0.000987922,0.000149095,5.17301e-24
0,1.99572e+09,-1.465e+07,3.15096e+08,-6.33885e+08,-8.19114e+08,2.71034e+08,-1.09113e+09,0.0010438,0.000164801,1.42183e-25
0,2.15722e+09,1.24703e+07,3.35752e+08,1.37778e+09,-2.12902e+08,2.66234e+08,-5.5665e+08,0.000947984,0.000147545,5.28439e-26
0,1.96549e+09,-4.71913e+07,3.14791e+08,-1.18392e+10,-5.28608e+08,-4.46342e+08,-7.72785e+08,0.000992628,0.000158979,-1.54658e-22
0,1.95532e+09,-1.88499e+07,2.93839e+08,2.11985e+09,3.9477e+08,2.85767e+08,-1.16098e+09,0.00100948,0.000151702,1.42822e-24
0,2.13817e+09,3.43525e+07,3.13209e+08,6.82928e+09,-1.4482e+09,1.4531e+08,-9.53605e+08,0.00103334,0.000151369,3.72038e-23
0,2.13819e+09,-8.06769e+06,3.2286e+08,-1.6888e+09,-6.69077e+08,9.9974e+07,-7.04444e+08,0.000958753,0.000144769,-3.99191e-25
0,2.05962e+09,-8.2883e+06,2.64602e+08,-6.38611e+09,6.29488e+08,-4.57072e+08,7.02082e+08,0.00108229,0.000139043,2.3611e-23
0,2.02705e+09,1.35523e+07,3.11541e+08,-8.81453e+08,-2.33269e+08,3.93118e+08,-9.75991e+08,0.000992507,0.00015254,6.81249e-26
0,1.93861e+09,9.44753e+07,2.97374e+08,1.30192e+10,1.17915e+09,-4.35055e+08,-1.07797e+09,0.000971253,0.000148986,2.6854e-22
0,2.24097e+09,3.29653e+07,3.26101e+08,-8.32842e+09,1.86424e+08,3.64445e+07,2.63044e+08,0.000918734,0.000133692,7.11248e-24
0,1.90207e+09,-5.59694e+07,3.10895e+08,-1.00928e+10,1.28891e+09,-2.81059e+06,-1.00073e+09,0.00095386,0.000155909,-1.30286e-22
0,1.97103e+09,2.67467e+07,3.05883e+08,3.28712e+09,-8.46971e+08,2.02923e+08,-1.36839e+09,0.00106828,0.000165786,9.26523e-24
0,2.02375e+09,-2.61019e+07,3.23829e+08,-2.11552e+09,-1.47553e+08,5.30681e+08,-6.4491e+08,0.000993841,0.000159028,-5.85389e-25
0,1.69174e+09,2.9544e+07,2.467e+08,3.06106e+09,1.20558e+09,1.1543e+08,-1.48739e+09,0.00106719,0.000155623,1.82631e-23
0,1.89082e+09,2.84003e+07,2.92918e+08,8.09154e+09,-1.10025e+09,5.38161e+08,2.66827e+08,0.000911663,0.000141231,-2.67435e-23
0,2.04245e+09,3.64778e+07,3.12785e+08,2.21384e+09,1.60159e+09,-4.93241e+08,-4.63346e+08,0.000906922,0.000138888,-6.95453e-25
0,1.81145e+09,-1.25742e+07,3.11213e+08,1.67368e+09,7.22432e+08,5.27443e+08,-7.44615e+08,0.000916377,0.000157437,1.02953e-24
0,1.82171e+09,-3.80214e+07,3.09848e+08,-7.48602e+09,2.43751e+09,3.16345e+08,-1.01897e+09,0.000927266,0.000157715,-3.037e-23
0,2.04412e+09,1.56887e+07,3.2127e+08,9.24539e+07,-7.25789e+08,-5.62264e+07,-7.62312e+08,0.00100892,0.000158571,-1.5188e-26
0,1.97247e+09,-1.8521e+07,2.83639e+08,-5.68915e+08,2.23591e+08,4.88908e+08,-1.26655e+09,0.0010135,0.00014574,9.9331e-26
0,2.01184e+09,-671666,3.27015e+08,-1.2405e+09,4.61538e+08,3.88855e+07,-8.92984e+08,0.000946624,0.000153869,-1.11872e-25
0,2.07028e+09,1.80136e+07,3.10486e+08,3.72244e+09,-1.77844e+09,-4.79824e+08,-5.80513e+08,0.0009833,0.000147468,9.94884e-24
0,1.66987e+09,6.74773e+06,2.44604e+08,5.01009e+09,1.49859e+09,2.71167e+08,-1.5003e+09,0.0010859,0.000159064,1.02783e-22
0,2.00782e+09,-4.01791e+07,3.216e+08,-2.1524e+09,5.51714e+08,4.29523e+08,-7.44385e+08,0.000982324,0.000157343,-4.95881e-25
0,2.1064e+09,-1.26734e+06,3.35517e+08,1.91821e+09,4.2396e+08,1.44913e+08,-5.30444e+08,0.000901566,0.000143605,2.54477e-25
0,2.0796e+09,1.35706e+07,3.21872e+08,4.26605e+09,6.64382e+08,-2.66122e+08,-6.23302e+08,0.000906587,0.000140318,2.47837e-24
0,1.79163e+09,-2.45334e+06,3.07506e+08,-7.01928e+09,1.47382e+08,8.93168e+07,-8.5466e+08,0.00103035,0.000176845,-7.28505e-23
0,1.96708e+09,8.14011e+07,3.09851e+08,7.83606e+09,1.3053e+09,-4.39852e+08,-6.78878e+08,0.000908438,0.000143095,1.84876e-23
0,2.01203e+09,2.69292e+07,3.05613e+08,1.3002e+09,1.45055e+09,1.02058e+07,-4.84466e+08,0.000900676,0.000136806,-2.16343e-25
0,1.89231e+09,-702912,3.15024e+08,4.34491e+09,1.13516e+09,6.97997e+08,-8.21967e+08,0.00092512,0.000154011,1.34656e-23
0,2.03532e+09,-1.60642e+07,3.19802e+08,-5.76242e+09,-1.837e+08,-1.65681e+07,-8.78144e+08,0.000981584,0.000154233,-1.7158e-23
0,1.89849e+09,-1.28739e+07,3.03309e+08,6.13827e+09,-1.35752e+09,-4.7721e+08,-4.70394e+08,0.000942581,0.00015059,2.51905e-23
0,2.05466e+09,2.77882e+07,3.09038e+08,8.54528e+09,8.44376e+08,2.59765e+08,-7.65232e+08,0.000929337,0.00013978,3.99084e-23
0,2.02885e+09,2.75711e+07,3.12019e+08,-5.73029e+08,-1.2269e+08,-2.73218e+08,-9.01168e+08,0.00100742,0.000154932,4.14585e-26
0,2.0724e+09,9.21639e+06,2.63354e+08,2.11128e+09,6.68948e+08,-1.55544e+08,7.72787e+08,0.00111745,0.000142003,-1.85698e-24
0,1.85549e+09,-5.01457e+06,3.1108e+08,1.25541e+09,-7.3026e+08,1.86574e+08,-1.34064e+09,0.00108149,0.000181316,1.07842e-24
0,1.93371e+09,-4.83922e+07,3.24068e+08,-1.08515e+09,1.45273e+09,4.92417e+08,-6.92981e+08,0.000961032,0.000161058,1.53444e-25
0,2.12845e+09,-2.4637e+07,3.19205e+08,-6.60212e+09,-1.56283e+09,-2.77983e+08,-8.52994e+08,0.00104054,0.000156051,-3.10081e-23
0,2.00934e+09,8.31221e+06,3.27059e+08,2.25346e+09,2.82341e+08,2.33295e+07,-9.04537e+08,0.000955046,0.000155452,8.8886e-25
0,2.16931e+09,1.05803e+07,3.3792e+08,2.22456e+08,-6.56451e+07,2.23431e+08,-4.60544e+08,0.000922304,0.00014367,-2.07779e-27
0,2.06624e+09,6.32003e+07,3.1094e+08,9.99306e+09,3.61689e+08,-2.39349e+08,-7.2154e+08,0.000949716,0.000142919,5.6807e-23
0,2.07182e+09,-4.56544e+06,3.42261e+08,-2.78704e+08,5.55758e+06,-3.08154e+07,-4.23471e+08,0.000957373,0.000158156,1.04401e-27
0,2.323e+09,7.75132e+06,3.39503e+08,-1.21888e+09,1.01704e+08,9.67368e+07,3.47804e+07,0.00087015,0.000127171,3.01763e-27
0,2.08575e+09,1.17965e+07,3.30481e+08,5.79591e+09,2.89212e+08,5.50924e+08,-7.38538e+08,0.000964112,0.000152761,1.32746e-23
0,2.02902e+09,1.34367e+07,2.45076e+08,1.7706e+09,3.89755e+08,-2.88075e+08,3.72951e+08,0.00110192,0.000133095,-5.45478e-25
0,1.96415e+09,-5.80925e+06,3.25318e+08,-4.28701e+09,-1.00375e+09,1.71941e+07,-7.99333e+08,0.00102823,0.000170304,-1.26741e-23
0,2.04076e+09,2.51355e+07,3.07992e+08,-2.04713e+09,-4.46467e+07,-5.03568e+08,-8.563e+08,0.00102048,0.000154011,-5.17174e-25
0,2.0821e+09,-3.70971e+07,3.21402e+08,-3.52139e+09,5.38752e+08,9.50562e+07,-7.41748e+08,0.000937542,0.000144723,-2.24051e-24
0,1.81024e+09,-2.89483e+06,3.07209e+08,1.39449e+09,-5.22765e+08,4.82296e+08,-1.45863e+09,0.00107103,0.00018176,7.3196e-26
0,2.17486e+09,2.25056e+07,3.31011e+08,6.86174e+09,-4.67876e+08,2.78528e+08,-6.39022e+08,0.000950127,0.000144608,1.19948e-23
0,2.03467e+09,2.06387e+07,3.16796e+08,6.55011e+09,1.10541e+09,-7.34748e+07,-7.41254e+08,0.000933204,0.000145299,1.587e-23
0,2.10252e+09,3.03992e+07,2.86969e+08,3.52755e+09,-2.49601e+09,1.83694e+07,-1.26139e+09,0.0010975,0.000149796,3.74171e-23
0,1.95467e+09,-1.32027e+07,2.95662e+08,3.17535e+09,9.32961e+08,2.73441e+08,-1.11798e+09,0.000987181,0.000149321,5.74385e-24
0,1.99318e+09,5.28525e+06,2.96386e+08,1.63116e+10,3.42534e+07,3.87173e+08,1.41283e+08,0.00102128,0.000151864,-8.48984e-23
0,1.90397e+09,-6.47707e+06,3.20889e+08,-3.8609e+09,-3.84771e+08,1.37812e+08,-1.02413e+09,0.00101238,0.000170623,-9.97277e-24
0,2.07693e+09,-4.28853e+06,3.43617e+08,-3.08521e+08,1.44258e+07,-4.71374e+07,-2.80052e+08,0.000956218,0.000158201,-8.10317e-29
0,1.80503e+09,7.07615e+06,3.09589e+08,1.70767e+09,-3.44758e+08,5.19287e+08,-1.38994e+09,0.00108743,0.00018651,-1.09327e-26
0,2.0817e+09,-1.48576e+07,3.25339e+08,4.97065e+09,7.65693e+08,5.36599e+08,-6.43883e+08,0.000928536,0.000145117,8.00328e-24
0,1.96272e+09,-3.38498e+07,3.26048e+08,-2.05602e+09,1.35018e+09,2.93021e+08,-6.30264e+08,0.000908933,0.000150993,1.2331e-25
0,1.75488e+09,3.3773e+07,2.35683e+08,5.41058e+09,4.10579e+08,7.03925e+07,-1.49168e+09,0.00114523,0.000153807,1.06071e-22
0,2.00328e+09,-1.24328e+06,3.27333e+08,6.79511e+08,4.4988e+08,-1.8798e+07,-9.11206e+08,0.000946157,0.000154601,1.66231e-27
0,2.22483e+09,-2.20481e+07,3.14831e+08,-5.46246e+09,-1.60758e+09,3.26621e+08,-5.60578e+08,0.000971256,0.00013744,-1.22241e-23
0,2.10249e+09,2.49446e+07,3.31794e+08,3.74159e+09,-1.44889e+08,3.85093e+08,-8.08676e+08,0.000990191,0.000156262,3.37881e-24
0,1.97626e+09,1.08454e+07,3.02411e+08,-3.2867e+09,-1.13717e+08,-2.39197e+08,-9.84799e+08,0.000999033,0.000152874,-4.02252e-24
0,2.09889e+09,-2.7102e+07,3.27221e+08,-9.82931e+08,1.84024e+08,1.12515e+08,-7.53588e+08,0.000970419,0.00015129,-2.57845e-26
0,1.98979e+09,-9.57876e+06,3.2025e+08,-4.0618e+09,2.90027e+08,-4.32437e+07,-1.05552e+09,0.000989653,0.000159281,-8.20881e-24
0,2.17285e+09,-1.27655e+07,3.17692e+08,-7.30302e+09,-4.42933e+07,-4.74861e+08,4.86791e+08,0.00101084,0.000147794,1.65673e-23
0,2.20183e+09,1.326e+07,3.38323e+08,1.37931e+09,-1.50551e+08,2.29993e+08,-4.37378e+08,0.000923111,0.000141841,3.85086e-26
0,1.92068e+09,-1.5346e+07,3.16565e+08,-3.30579e+09,-2.92442e+08,71827.3,-1.05124e+09,0.000982752,0.000161977,-4.93725e-24
0,2.31176e+09,1.64849e+07,3.31669e+08,3.82057e+09,-8.52845e+08,-9.80155e+07,-3.1045e+08,0.000924138,0.000132586,1.12823e-24
0,1.9097e+09,-2.00235e+07,3.24121e+08,-3.22466e+09,-2.74474e+07,2.691e+07,-9.34464e+08,0.00100956,0.000171347,-4.74393e-24
0,2.03097e+09,-4.84262e+07,3.19038e+08,-9.59755e+09,-1.10546e+08,1.66787e+08,-8.14726e+08,0.000972013,0.00015269,-7.2278e-23
0,2.10955e+09,-2.55543e+07,3.31362e+08,-2.57717e+09,2.56647e+08,-2.03064e+08,-5.48353e+08,0.000931721,0.000146352,-6.83325e-25
0,2.26283e+09,1.14443e+07,3.28144e+08,4.25819e+09,-5.31891e+08,-3.13363e+08,-2.05825e+08,0.000888652,0.000128868,9.39468e-25
0,2.03706e+09,6.01713e+07,3.17794e+08,6.82264e+09,8.11345e+08,-5.3973e+07,-8.11551e+08,0.00097031,0.000151374,2.46841e-23
0,2.12293e+09,1.54877e+07,3.34938e+08,2.07779e+09,-4.54547e+08,2.87048e+08,-7.10964e+08,0.00100624,0.000158756,4.67047e-25
0,2.07771e+09,3.28829e+07,3.12961e+08,4.04264e+09,-9.34124e+08,3.2879e+08,-1.02692e+09,0.00100585,0.000151509,6.96109e-24
0,2.07349e+09,-3.65425e+06,3.40301e+08,3.657e+07,1.8199e+08,-3.19472e+07,-3.94256e+08,0.000911436,0.000149585,-3.03921e-29
0,2.00705e+09,1.47378e+07,3.27963e+08,1.2834e+09,3.46527e+08,-1.69847e+07,-9.00746e+08,0.000965491,0.000157766,1.28998e-25
0,2.18715e+09,-2.54933e+07,3.05228e+08,2.66239e+09,-7.59129e+08,2.02711e+08,-3.64419e+08,0.00105678,0.000147479,7.81889e-25
0,2.21668e+09,-996340,3.4499e+08,-4.90804e+08,1.46155e+07,-7.17761e+07,-6.16989e+07,0.000889211,0.000138391,-3.18735e-28
0,2.10144e+09,2.78968e+07,3.29915e+08,3.61646e+09,-1.43558e+08,3.51732e+08,-7.5446e+08,0.00098262,0.000154267,2.77011e-24
0,1.8268e+09,-9.20165e+06,2.9907e+08,3.58644e+08,6.41988e+07,3.89128e+08,-1.67218e+09,0.00110124,0.000180287,-7.04978e-25
0,2.07957e+09,1.96198e+07,3.0705e+08,1.96734e+09,-1.47135e+09,2.9361e+08,-9.21958e+08,0.00101975,0.000150566,3.41065e-24
0,1.64918e+09,3.35715e+07,2.41201e+08,2.80661e+09,4.83196e+08,-1.3928e+08,-1.83439e+09,0.00117006,0.000171128,1.78652e-23
0,2.06685e+09,2.36335e+07,3.1764e+08,3.02552e+09,-9.69729e+08,-1.55963e+08,-9.31452e+08,0.00102717,0.000157858,4.6949e-24
0,1.89517e+09,-3.35913e+07,3.00695e+08,-6.04754e+09,-9.24951e+08,6.55995e+07,-1.3955e+09,0.00108515,0.000172175,-8.09667e-23
0,2.08731e+09,18426,3.35482e+08,-2.26694e+09,5.84064e+07,1.18155e+07,-6.57282e+08,0.000955673,0.0001536,-5.64742e-25
0,2.10919e+09,2.09448e+07,3.34563e+08,1.79774e+09,2.24337e+07,3.94273e+08,-6.43412e+08,0.000954161,0.00015135,2.09174e-25
0,2.07303e+09,-6.44749e+06,3.01148e+08,1.29394e+10,1.67379e+09,4.50552e+08,-4.25546e+08,0.00102433,0.000148804,1.46634e-22
0,2.12635e+09,-2.36826e+06,3.37937e+08,4.89359e+08,-3.83819e+07,1.12125e+08,-4.71482e+08,0.000923453,0.000146763,-3.89805e-28
0,2.06064e+09,-4.33946e+07,3.12267e+08,-4.63007e+07,-9.40218e+08,-1.23077e+08,-2.79117e+08,0.000956381,0.000144929,-5.29609e-26
0,1.88165e+09,-5.19233e+07,3.11966e+08,1.32088e+09,2.50769e+08,2.88224e+08,-9.93829e+08,0.00098135,0.000162701,1.95505e-25
0,1.68934e+09,1.3803e+07,2.67615e+08,-8.18429e+09,-7.32041e+08,7.7392e+06,-8.70161e+08,0.00100806,0.00015969,-1.48464e-22
0,1.64438e+09,1.3113e+07,2.28964e+08,3.7246e+09,4.03345e+08,-7.31906e+07,-1.76623e+09,0.00117528,0.000163646,5.39679e-23
0,1.9695e+09,8.55336e+07,2.91528e+08,1.38852e+10,-1.84509e+08,-4.58694e+08,-1.16339e+09,0.00102499,0.000151721,4.77962e-22
0,1.93007e+09,3.05205e+07,3.22797e+08,1.54009e+09,1.2525e+09,-2.01403e+08,-9.38256e+08,0.00093788,0.000156857,1.58418e-25
0,2.18737e+09,-1.05531e+07,3.41881e+08,-5.46481e+09,-1.59611e+08,-5.23423e+08,-2.62249e+08,0.000917659,0.000143428,-1.69768e-24
0,2.20239e+09,-1.11795e+06,3.24514e+08,2.63133e+09,-1.39626e+09,-1.94009e+08,-1.8692e+08,0.000909762,0.00013405,1.12231e-24
0,1.95786e+09,1.1214e+07,2.90726e+08,5.02214e+09,3.26627e+08,-1.81175e+08,-1.02419e+09,0.00100058,0.000148577,1.68817e-23
0,1.97815e+09,-5.98477e+06,3.25849e+08,-2.43979e+09,-1.072e+07,-1.82264e+08,-1.08513e+09,0.000985584,0.00016235,-1.51455e-24
0,2.12224e+09,5.92802e+06,3.33952e+08,9.64149e+08,3.722e+06,-1.20208e+08,-6.39102e+08,0.000934549,0.000147059,1.96215e-26
0,2.08341e+09,-3.70201e+06,3.43284e+08,-5.83758e+08,-2.2409e+07,-1.43838e+07,-3.21577e+08,0.000951782,0.000156826,-3.54222e-27
0,2.25442e+09,-1.44861e+07,3.227e+08,3.9262e+09,-1.67388e+09,-2.06449e+08,-1.62781e+08,0.000920413,0.000131749,2.84963e-24
0,2.00965e+09,-4.67751e+06,3.17526e+08,-1.47678e+09,-3.35142e+08,-8.05331e+08,-8.59485e+08,0.000975472,0.000154125,4.37523e-25
0,2.09523e+09,1.35768e+07,3.37234e+08,1.11483e+09,-2.58456e+06,3.06755e+08,-5.40228e+08,0.000972297,0.000156494,3.16291e-26
0,1.88316e+09,-4.3979e+07,3.11462e+08,-6.99491e+09,-8.29816e+07,9.94107e+07,-1.14957e+09,0.00105751,0.000174904,-8.57527e-23
0,1.96519e+09,4.79839e+07,3.15735e+08,3.30001e+09,9.31881e+08,-3.57103e+08,-1.08825e+09,0.000983559,0.000158022,3.63959e-24
0,2.07766e+09,-9.44473e+06,2.9816e+08,5.26544e+08,-2.30729e+09,-7.68936e+08,-8.09126e+08,0.00102196,0.000146658,-3.66487e-24
0,2.08313e+09,-1.4995e+07,3.40543e+08,-4.52367e+09,1.0889e+08,-2.91588e+08,-3.35043e+08,0.000892036,0.000145827,-1.88266e-24
0,2.19394e+09,1.75231e+07,3.17612e+08,6.19077e+09,1.10473e+08,6.43115e+07,7.7162e+07,0.000957669,0.00013864,-1.10932e-24
0,1.97244e+09,2.51704e+07,3.08115e+08,2.47876e+09,3.55328e+08,-2.06222e+08,-1.08318e+09,0.000990165,0.000154674,1.63216e-24
0,2.11245e+09,4.61354e+06,3.37857e+08,1.23369e+09,1.39527e+08,7.85925e+07,-5.18663e+08,0.000920576,0.000147234,5.48196e-26
0,2.02148e+09,-2.91756e+07,3.07004e+08,-3.48593e+09,-7.56013e+08,3.46164e+08,-9.8075e+08,0.00102008,0.000154921,-6.72156e-24
0,2.02883e+09,1.44508e+06,3.15371e+08,-3.27138e+09,-1.01913e+09,-9.05131e+07,-1.03094e+09,0.00102871,0.000159907,-6.42054e-24
0,2.03203e+09,2.40151e+07,2.86611e+08,3.27878e+09,-1.64064e+09,1.48084e+07,-9.75876e+08,0.00104035,0.000146738,1.20799e-23
0,1.96134e+09,5.01729e+07,3.14446e+08,3.89553e+09,8.56833e+08,-5.41388e+08,-1.04177e+09,0.000993468,0.000159275,5.65108e-24
0,2.30964e+09,1.72408e+07,3.317e+08,3.71413e+09,-6.73453e+08,-1.22022e+08,-2.43131e+08,0.000905697,0.000130072,6.98604e-25
0,2.08013e+09,-8.64381e+06,3.41168e+08,-2.79997e+09,2.69874e+08,-2.92863e+07,-2.80668e+08,0.00088817,0.000145671,-3.60376e-25
0,2.09157e+09,-2.39938e+07,3.26423e+08,-4.07121e+09,-4.23302e+08,-4.33394e+08,-8.48649e+08,0.0009841,0.000153585,-4.14046e-24
0,2.01515e+09,2.58976e+07,3.10955e+08,2.9482e+09,-3.43464e+08,-2.5997e+08,-9.84974e+08,0.00101215,0.000156185,3.14536e-24
0,1.90219e+09,-6.56649e+07,3.02046e+08,3.88492e+09,-1.53983e+09,-7.13974e+07,-6.94394e+08,0.00101006,0.000160386,1.52112e-23
0,1.95491e+09,3.21876e+07,3.22493e+08,-1.9268e+07,1.27086e+09,-2.33529e+08,-9.39091e+08,0.000943522,0.000155648,7.89424e-27
0,1.91589e+09,-4.58132e+07,3.15544e+08,-7.06512e+09,-5.60505e+06,846745,-1.07666e+09,0.00102836,0.000169369,-6.60951e-23
0,1.91828e+09,-2.24768e+07,3.12598e+08,-1.06e+09,4.41099e+08,3.27868e+08,-1.25261e+09,0.00100328,0.000163492,4.46268e-26
0,1.97171e+09,-1.16513e+07,2.58155e+08,7.71882e+08,-2.03619e+09,-3.12356e+08,-1.48157e+09,0.00111683,0.000146225,4.60679e-25
0,2.07208e+09,-7.87628e+06,2.88998e+08,-6.7412e+09,5.0488e+08,5.99862e+07,-9.43563e+07,0.00093941,0.000131021,-1.80836e-24
0,1.72115e+09,-1.48064e+07,3.17278e+08,3.81164e+08,3.88908e+08,1.09601e+08,-5.90883e+08,0.000987832,0.000182097,6.81273e-27
0,1.68818e+09,-1.8846e+06,2.34286e+08,-3.55022e+08,-1.02749e+09,3.27348e+08,-1.7754e+09,0.00120057,0.000166615,5.19906e-24
0,2.25994e+09,6.80705e+06,3.30056e+08,5.05192e+09,-5.75616e+08,-1.3371e+08,-1.34717e+08,0.000907215,0.000132495,1.05889e-24
0,2.09027e+09,-1.34162e+07,3.29228e+08,-1.68817e+09,-2.27137e+08,-3.26458e+08,-8.23602e+08,0.000972997,0.000153252,-1.84888e-25
0,2.29836e+09,2.1083e+07,3.29779e+08,4.47173e+09,-1.3392e+08,-8.16849e+07,-8.58338e+07,0.000944384,0.000135505,3.90629e-25
0,1.86924e+09,-4.96557e+07,3.19428e+08,-6.23951e+09,6.49137e+08,-1.3258e+08,-9.31468e+08,0.000997426,0.000170446,-4.07166e-23
0,1.94958e+09,-6.42278e+07,3.05207e+08,4.89224e+08,-1.20892e+09,-3.78247e+08,-5.17463e+08,0.000951987,0.000149033,-1.43563e-25
0,1.96128e+09,4.76613e+06,3.16198e+08,4.15418e+09,8.66465e+08,9.81157e+07,-8.75621e+08,0.000923835,0.000148941,6.24022e-24
0,1.8961e+09,2.01574e+07,3.34627e+08,1.46809e+09,6.6743e+08,1.10007e+08,-7.70106e+08,0.000968734,0.000170964,4.04819e-25
0,1.98306e+09,3.13466e+07,3.18089e+08,3.79705e+09,1.29853e+07,-1.81764e+08,-9.88984e+08,0.00099546,0.000159675,6.37791e-24
0,2.09736e+09,7.63256e+07,3.12923e+08,8.85453e+09,1.09082e+09,-3.73884e+08,-6.70638e+08,0.000928615,0.000138548,2.52427e-23
0,2.0214e+09,3.41384e+06,2.93927e+08,1.07507e+09,-1.18359e+09,-5.00818e+07,-1.11124e+09,0.00102384,0.000148873,1.03108e-24
0,2.02267e+09,1.90073e+07,2.8192e+08,2.39543e+09,-2.61162e+09,2.62974e+08,-1.44151e+09,0.00114362,0.000159398,4.32543e-23
0,2.1287e+09,-2.30621e+06,3.31732e+08,-1.20092e+08,1.38727e+08,1.13067e+08,-6.51829e+08,0.000925296,0.000144196,1.0542e-27
0,1.88096e+09,3.18564e+07,2.7076e+08,5.23916e+09,1.35533e+09,-3.71091e+07,-1.11234e+09,0.00099576,0.000143337,2.57264e-23
0,2.18665e+09,5.36119e+07,3.22373e+08,9.89484e+09,4.20947e+08,-2.07536e+08,-4.47431e+08,0.000927326,0.000136714,2.24029e-23
0,1.92724e+09,1.40849e+06,2.7588e+08,-7.5773e+09,-7.57556e+08,-6.35637e+08,1.74487e+08,0.00100318,0.000143602,2.54979e-23
0,2.31882e+09,6.76095e+06,3.42071e+08,-3.47804e+08,-2.23975e+08,1.04674e+08,-8.082e+06,0.000858332,0.000126621,-2.46694e-28
0,1.90768e+09,-5.18074e+07,2.92127e+08,1.52304e+09,-1.07401e+09,6.39041e+07,-5.65791e+08,0.00100278,0.000153558,1.36502e-24
0,1.93796e+09,5.62277e+06,3.11203e+08,2.00755e+09,-4.38504e+08,-2.15941e+08,-1.01546e+09,0.0010117,0.000162461,1.19034e-24
0,2.07622e+09,1.1154e+07,3.35295e+08,1.1998e+08,3.22269e+08,-1.53269e+08,-6.0156e+08,0.000924137,0.000149242,1.16757e-30
0,2.10556e+09,-2.64508e+07,3.266e+08,-2.26504e+09,-5.77884e+07,-3.16157e+08,-8.27567e+08,0.000958916,0.00014874,-5.81157e-25
0,1.93669e+09,-4.0828e+07,2.95913e+08,-2.62637e+09,-4.39325e+08,7.37484e+08,-1.11253e+09,0.00104519,0.000159698,-2.91667e-24
0,1.93201e+09,4.34109e+07,3.24886e+08,3.04651e+09,1.03232e+09,-9.83258e+07,-9.5145e+08,0.000986702,0.000165923,3.35153e-24
0,2.10521e+09,7.41451e+06,3.30812e+08,5.8805e+09,3.00684e+07,4.60825e+08,-6.80343e+08,0.000945348,0.000148552,9.89484e-24
0,2.09745e+09,-9.76743e+06,3.15641e+08,1.6365e+10,-1.5761e+07,5.956e+08,9.80778e+07,0.00101904,0.000153353,-4.72305e-23
0,2.17613e+09,-4.5555e+06,3.38277e+08,-3.67881e+08,-1.4518e+08,-7.85039e+07,-4.89713e+08,0.000935632,0.000145443,1.18456e-28
0,1.97652e+09,2.48367e+07,3.1397e+08,2.90972e+09,-5.27096e+08,-4.57238e+08,-1.1195e+09,0.00103503,0.000164415,4.35113e-24
0,2.16023e+09,3.60041e+07,3.06936e+08,8.82257e+09,5.28018e+08,3.07416e+08,-3.97908e+08,0.00103346,0.000146838,3.13336e-23
0,2.07689e+09,9.37577e+06,3.18034e+08,4.9586e+09,1.24908e+09,5.56174e+08,-3.31333e+08,0.000996768,0.000152635,9.02083e-24
0,2.02486e+09,-2.61207e+07,3.25139e+08,-9.84963e+09,-8.48206e+08,-8.11944e+08,-1.04679e+09,0.00107997,0.000173415,-1.33677e-22
0,2.13468e+09,-1.29875e+07,3.29262e+08,-5.67772e+09,2.2413e+08,-6.13987e+08,-5.69614e+08,0.000939499,0.000144912,-7.65781e-24
0,1.82142e+09,-1.9256e+07,3.02741e+08,-1.46371e+09,2.35092e+09,3.13285e+08,-1.3067e+09,0.000957583,0.000159161,1.04263e-24
0,1.87319e+09,1.37502e+07,3.01106e+08,1.42322e+09,1.28881e+09,-1.94153e+08,-1.36891e+09,0.00100491,0.000161534,4.58712e-25
0,1.91074e+09,-6.35268e+06,3.07167e+08,-1.7055e+09,6.07496e+08,3.67448e+08,-1.17768e+09,0.000977919,0.000157208,-3.98588e-25
0,1.97923e+09,-203045,3.10098e+08,1.77336e+09,-5.6952e+08,5.56044e+07,-1.04083e+09,0.00101389,0.000158852,8.70201e-25
0,1.95306e+09,-3.43175e+07,3.11306e+08,-4.60412e+09,6.41338e+08,2.45252e+08,-1.07626e+09,0.000967548,0.000154222,-1.11299e-23
0,2.21729e+09,2.14521e+07,3.22749e+08,3.55183e+09,-1.3694e+09,-4.93107e+08,-3.80602e+08,0.000936267,0.000136283,2.92963e-24
0,2.00967e+09,1.13641e+07,3.17395e+08,2.22264e+09,-9.31397e+08,-5.3825e+08,-1.00137e+09,0.00104104,0.000164415,2.264e-24
0,2.14213e+09,5.32773e+07,3.19036e+08,8.93957e+09,-6.60107e+07,-1.66564e+07,-5.86044e+08,0.000956033,0.000142386,2.95491e-23
0,2.21185e+09,3.67746e+07,3.02088e+08,9.57232e+09,-3.14022e+08,1.9453e+08,-3.98144e+08,0.00106065,0.00014486,3.37237e-23
0,2.12936e+09,1.45572e+07,3.23576e+08,3.817e+09,-5.28006e+08,-4.57664e+08,-7.07571e+08,0.00097864,0.000148713,3.84622e-24
0,1.98926e+09,3.6109e+07,3.23557e+08,3.63736e+09,5.38456e+08,-4.39093e+08,-8.49098e+08,0.00101439,0.000164992,4.32462e-24
0,2.1202e+09,1.02638e+07,3.29826e+08,-5.86176e+09,3.47438e+08,-4.611e+08,-5.07899e+08,0.000930695,0.000144782,-7.77886e-24
0,1.92577e+09,-5.05805e+07,2.9126e+08,-6.66916e+09,-1.32133e+09,2.19898e+08,-1.47885e+09,0.0011346,0.000171601,-1.49802e-22
0,2.03913e+09,-4.95881e+06,3.13867e+08,1.07598e+09,-1.08573e+09,9.48196e+07,-8.99739e+08,0.00103204,0.000158854,9.67254e-25
0,1.83549e+09,-8.35766e+07,2.48394e+08,-5.41022e+09,-5.07341e+08,7.56244e+08,-1.52965e+09,0.00118605,0.000160506,-1.07227e-22
0,2.03333e+09,-3.70194e+07,3.10984e+08,7.92812e+08,1.33699e+09,-3.30129e+08,-4.43203e+08,0.00106235,0.000162479,-1.65387e-25
0,1.96112e+09,-2.00884e+07,3.01724e+08,-3.47757e+09,-8.6672e+08,4.84881e+08,-1.08075e+09,0.00104557,0.000160863,-1.00223e-23
0,2.05902e+09,3.01249e+07,3.32427e+08,1.35682e+09,6.17302e+08,-2.06227e+06,-6.69155e+08,0.000931163,0.000150336,1.25413e-25
0,1.94584e+09,-2.81718e+07,3.29452e+08,-1.1172e+10,-9.99642e+07,-8.17254e+08,-8.68926e+08,0.00101665,0.00017213,-1.78977e-22
0,2.01941e+09,2.35974e+07,3.2722e+08,1.58038e+09,1.39129e+09,-2.20532e+08,-6.94273e+08,0.000915588,0.00014836,-1.01867e-25
0,2.07716e+09,-3.65316e+06,3.43076e+08,5.06469e+08,1.16436e+07,7.99436e+07,-3.4044e+08,0.000948973,0.000156738,1.69717e-27
0,2.19506e+09,-1.38877e+07,3.36704e+08,-4.53171e+09,-3.67412e+08,-3.69567e+08,-4.71155e+08,0.000937734,0.000143841,-1.95031e-24
0,1.89515e+09,-8.25762e+07,2.88196e+08,-8.35998e+09,-4.3448e+07,3.54644e+08,-1.44885e+09,0.00108494,0.000164987,-2.01587e-22
0,2.02688e+09,6.54628e+06,3.12532e+08,1.10182e+07,-8.60489e+08,-2.19989e+08,-1.07599e+09,0.00101225,0.000156083,-2.55609e-25
0,1.86534e+09,2.52712e+07,2.7167e+08,4.57525e+09,2.06979e+08,9.54498e+07,-1.28401e+09,0.00103333,0.000150495,2.4002e-23
0,2.09857e+09,-6.569e+06,3.19418e+08,-1.74866e+09,-1.53225e+09,-5.672e+08,-8.80743e+08,0.00103866,0.000158092,-3.12832e-24
0,2.20655e+09,3.38322e+07,3.18321e+08,6.16077e+09,-1.22677e+09,-6.39651e+07,-6.00716e+08,0.00100099,0.000144404,1.43327e-23
0,2.0011e+09,3.10445e+07,3.26612e+08,-5.30039e+08,1.5286e+09,-3.56282e+08,-7.09361e+08,0.000908651,0.000148307,9.6882e-26
0,1.94543e+09,-1.34003e+07,2.86465e+08,-2.4235e+09,-3.78498e+08,3.89694e+08,-1.19556e+09,0.00101825,0.000149937,-2.19029e-24
0,2.12331e+09,3.76596e+06,3.36461e+08,-4.92409e+09,1.26407e+08,-1.22476e+08,-4.84225e+08,0.000923409,0.000146324,-3.63498e-24
0,2.18749e+09,403637,3.33639e+08,3.06078e+08,-8.7198e+08,1.35065e+08,-6.73245e+08,0.000988485,0.000150765,1.1773e-25
0,1.90588e+09,4.22767e+06,3.22119e+08,-1.21692e+08,1.25994e+09,1.99277e+08,-9.62263e+08,0.000945462,0.000159796,-3.32589e-27
0,2.23198e+09,-1.01665e+06,3.45082e+08,-1.68178e+08,4.99397e+06,-1.31892e+07,-2.96465e+07,0.000879944,0.000136046,-5.35679e-30
0,2.03269e+09,-1.58854e+07,3.1485e+08,5.08227e+08,-1.29591e+09,-8.28827e+08,-8.85788e+08,0.0010126,0.000156844,-1.3108e-24
0,1.83715e+09,-1.15332e+07,3.33277e+08,-8.65277e+09,2.80505e+07,-4.6927e+08,-6.72105e+08,0.000966593,0.00017535,-6.96837e-23
0,2.31271e+09,1.28102e+07,3.23178e+08,3.68236e+09,-7.6289e+08,-1.73926e+08,-2.33572e+08,0.000938763,0.000131182,9.17561e-25
0,2.25057e+09,1.31119e+07,3.33512e+08,3.8723e+08,-1.11018e+09,-2.90574e+08,-1.91718e+08,0.000909234,0.000134739,-1.28321e-26
0,2.15123e+09,-6.36126e+07,2.98536e+08,4.88492e+08,-3.60454e+08,-2.19881e+08,2.0329e+08,0.000920163,0.000127695,5.05067e-28
0,2.0064e+09,6.77213e+06,3.11784e+08,1.51125e+09,-5.0805e+08,-2.87844e+08,-1.16246e+09,0.00104315,0.0001621,3.71692e-25
0,1.92851e+09,3.20446e+07,3.15267e+08,5.32475e+09,2.63317e+08,-2.99324e+08,-1.17172e+09,0.00101406,0.000165776,2.60561e-23
0,2.15114e+09,7.99536e+06,3.36184e+08,3.6152e+09,1.59398e+07,3.11066e+08,-4.86971e+08,0.000910464,0.000142289,1.21038e-24
0,2.02424e+09,-1.13235e+07,3.15234e+08,-1.79402e+09,-9.99952e+08,3.17734e+08,-9.17252e+08,0.00102005,0.000158852,-1.37379e-24
0,2.21846e+09,1.59051e+07,3.19075e+08,1.46948e+09,-1.73324e+09,-7.73145e+07,-5.86375e+08,0.00101896,0.000146554,1.89982e-24
0,1.98741e+09,-8.23379e+07,3.01598e+08,-1.14457e+10,3.27814e+08,2.02518e+08,-1.1349e+09,0.001053,0.000159798,-2.77545e-22
0,2.04646e+09,2.37198e+07,3.26015e+08,4.47984e+09,-3.95648e+08,-4.52393e+08,-4.70452e+08,0.000914839,0.00014574,3.60442e-24
0,2.25105e+09,4.18946e+07,3.19103e+08,-4.63617e+09,4.20217e+06,5.01532e+08,2.59397e+08,0.00090677,0.000128542,1.06205e-24
0,1.84576e+09,-6.96491e+07,2.60398e+08,-8.64461e+09,1.87729e+08,8.94782e+08,-1.40823e+09,0.00106237,0.000149879,-2.09731e-22
0,2.15143e+09,-5.14822e+06,3.24378e+08,-3.91611e+09,-1.05251e+09,-3.3765e+08,-6.52536e+08,0.000968784,0.000146066,-2.85925e-24
0,2.16877e+09,-8.88637e+06,3.21079e+08,-5.49263e+09,-1.60499e+09,-2.00307e+08,-6.65647e+08,0.000992183,0.00014689,-1.24744e-23
0,2.08128e+09,-2.61525e+06,3.42127e+08,6.15668e+08,1.55885e+07,1.05046e+08,-4.28842e+08,0.000953049,0.000156665,3.51841e-27
0,2.07428e+09,-1.43054e+07,2.98395e+08,7.44997e+09,-3.18019e+08,2.53437e+08,4.19523e+08,0.000956052,0.000137532,-1.55684e-23
0,2.04893e+09,2.24319e+07,2.99259e+08,1.24805e+09,-2.04992e+08,-4.33094e+08,-9.68422e+08,0.000998015,0.000145766,2.30716e-26
0,2.03229e+09,-2.45907e+07,3.16306e+08,-3.78241e+09,-7.49803e+08,3.95247e+08,-8.45843e+08,0.00102579,0.000159654,-7.68032e-24
0,2.08275e+09,-4.49321e+07,3.0859e+08,-5.18986e+09,-3.90426e+08,2.97882e+08,-9.43152e+08,0.00100659,0.000149141,-1.44302e-23
0,2.19235e+09,-9.60261e+06,3.31023e+08,-1.52746e+09,-9.5089e+08,-2.65214e+08,-6.16458e+08,0.00101156,0.000152736,-5.20765e-25
0,2.08714e+09,-3.07222e+06,3.42305e+08,5.31415e+08,2.94633e+06,7.53296e+07,-4.14179e+08,0.000955511,0.00015671,1.64399e-27
0,2.21689e+09,2.69112e+06,3.42191e+08,2.54376e+09,-2.73359e+08,3.59016e+08,-2.10879e+08,0.000934309,0.000144216,5.49214e-26
0,2.00478e+09,-7.93685e+07,3.11337e+08,-1.2884e+10,7.4414e+08,-1.13629e+08,-9.79711e+08,0.000991377,0.000153958,-2.52638e-22
0,2.1003e+09,3.20964e+07,3.28759e+08,3.39026e+09,9.94769e+07,-1.44491e+08,-5.77322e+08,0.000944955,0.000147913,1.57306e-24
0,2.05414e+09,-1.65253e+06,3.00743e+08,-1.18795e+10,-1.20862e+09,3.15139e+08,-5.6966e+08,0.001051,0.000153875,-1.64331e-22
0,1.97479e+09,-4.52341e+06,2.74857e+08,-4.37331e+08,-1.77416e+09,5.99466e+07,-1.2648e+09,0.00109558,0.000152486,-1.35003e-24
0,2.0929e+09,-288950,3.14646e+08,-5.01202e+09,-1.31001e+09,1.05751e+08,3.18963e+08,0.0010608,0.000159481,2.14663e-24
0,2.20135e+09,-5.54787e+06,3.10946e+08,-3.25991e+09,-3.35672e+07,-3.06774e+08,3.21541e+08,0.000953781,0.000134724,6.78534e-25
0,1.92915e+09,3.81088e+07,2.906e+08,7.88875e+09,-2.63889e+08,-4.97523e+08,-1.01936e+09,0.00101099,0.000152292,8.05114e-23
0,2.16301e+09,-582095,3.25909e+08,-1.07516e+08,-4.67095e+08,-4.98566e+08,-5.95132e+08,0.000944908,0.000142373,-2.40747e-26
0,2.03346e+09,3.02455e+07,3.22764e+08,5.06406e+09,-1.80608e+08,-2.71467e+08,-8.5364e+08,0.000978923,0.000155381,1.14275e-23
0,2.03025e+09,-1.54405e+07,3.28665e+08,-4.4269e+09,1.57634e+08,4.31968e+07,-8.82376e+08,0.000958438,0.000155156,-6.88037e-24
0,2.10307e+09,-3.52838e+07,3.12735e+08,-5.15254e+09,-9.86453e+08,-1.7363e+07,-9.34686e+08,0.00100107,0.000148863,-1.43116e-23
0,2.05191e+09,-4.09749e+07,3.19091e+08,-1.11646e+10,-5.43957e+08,-1.63422e+08,-8.32755e+08,0.000970692,0.000150951,-1.07075e-22
0,1.9146e+09,583138,3.04368e+08,-8.40911e+09,-1.92929e+08,1.59227e+07,-6.15718e+08,0.000978476,0.00015555,-5.09695e-23
0,1.9629e+09,-3.30747e+07,3.12835e+08,-1.38121e+09,-1.15617e+09,-3.66253e+08,-5.65485e+08,0.00100248,0.00015977,-1.13383e-24
0,2.27049e+09,2.40151e+07,3.34371e+08,-4.82059e+09,-3.52424e+08,1.05272e+08,1.17199e+08,0.000894787,0.000131774,3.96308e-25
0,1.98973e+09,529001,3.17066e+08,-2.70971e+09,-7.94472e+08,-3.21977e+08,-1.05906e+09,0.00102786,0.000163791,-3.03487e-24
0,1.89208e+09,-1.83102e+07,2.89372e+08,-7.45079e+08,1.16026e+09,5.18993e+08,-1.21053e+09,0.000986128,0.000150817,-2.44684e-27
0,1.98715e+09,-5.85107e+07,3.20705e+08,-7.34674e+09,8.44636e+08,-2.89784e+08,-7.10103e+08,0.000963229,0.000155455,-3.45445e-23
0,2.10239e+09,3.72943e+06,3.12753e+08,7.19802e+08,-1.50103e+09,-4.16532e+08,-1.09547e+09,0.00104959,0.000156139,-3.80137e-25
0,1.88743e+09,-7.89718e+07,3.16882e+08,-1.04364e+10,1.98023e+09,-2.78224e+07,-8.36329e+08,0.000925714,0.000155419,-1.02515e-22
0,2.22886e+09,592223,3.40111e+08,4.82317e+08,-4.38644e+08,1.64731e+08,-3.53469e+08,0.00094588,0.000144336,1.24653e-26
0,2.13114e+09,-4.83435e+07,3.14134e+08,-6.32816e+09,-5.06093e+08,-1.34944e+08,-8.4332e+08,0.000975972,0.000143861,-1.66928e-23
0,2.27445e+09,-1.16117e+06,3.45006e+08,-2.56324e+08,-1.21227e+07,-8.4403e+07,-4.82748e+07,0.000881645,0.000133735,-4.30082e-30
0,1.93443e+09,-1.26418e+07,3.11887e+08,-1.25269e+09,-3.8716e+08,-1.9001e+08,-5.66383e+08,0.00100251,0.000161635,-1.50568e-25
0,1.93892e+09,-5.36671e+07,3.15311e+08,-2.62238e+09,1.00791e+09,4.48344e+08,-9.21033e+08,0.000981854,0.00015967,-1.18061e-24
0,2.06481e+09,-7.12226e+06,3.17338e+08,2.29959e+09,-4.03133e+08,-3.31929e+08,-8.67949e+08,0.000985761,0.0001515,1.055e-24
0,2.03971e+09,-2.48038e+07,3.1269e+08,-5.24646e+09,-4.99009e+08,1.76357e+08,-8.4196e+08,0.000972486,0.000149084,-1.27094e-23
0,1.91328e+09,-1.35263e+07,3.30057e+08,4.65136e+09,6.95861e+08,2.25524e+08,-8.93263e+08,0.000958233,0.000165303,1.26046e-23
0,2.20828e+09,-3.93014e+07,3.0583e+08,-3.80537e+09,8.35544e+07,5.87349e+08,-2.72408e+08,0.000904909,0.000125323,-5.76323e-25
0,2.01292e+09,1.03208e+07,3.25108e+08,-3.00391e+09,-7.01058e+08,-1.83823e+08,-7.72624e+08,0.000987172,0.000159439,-2.46412e-24
0,2.23897e+09,-278162,3.30716e+08,-3.26105e+09,-1.04292e+09,-4.66039e+08,-3.79374e+08,0.000947142,0.000139901,-3.37339e-25
0,1.85682e+09,2.29588e+06,2.87298e+08,3.35109e+09,-1.37152e+09,4.99201e+08,-1.40601e+08,0.00109242,0.000169026,-2.56236e-25
0,2.09683e+09,3.13178e+07,2.94314e+08,5.41231e+09,-2.13524e+09,1.60284e+08,-1.06745e+09,0.0010715,0.000150398,4.53342e-23
0,2.30211e+09,-5.83636e+06,3.03083e+08,5.24132e+09,6.5068e+08,-2.40883e+08,-6.90678e+07,0.000977538,0.000128697,-2.28849e-25
0,2.17392e+09,-1.81556e+06,3.26415e+08,7.42165e+08,-1.45508e+09,-1.71353e+08,-6.46758e+08,0.00100287,0.000150582,3.83508e-25
0,2.09683e+09,-3.19094e+06,3.01756e+08,9.15366e+09,-3.01717e+09,1.15715e+08,-5.02142e+08,0.00101145,0.000145558,9.7686e-23
0,1.92842e+09,-3.68638e+07,3.18837e+08,-7.38232e+09,3.2803e+08,-1.92558e+08,-4.82712e+08,0.000909997,0.000150455,-1.91375e-23
0,1.883e+09,2.50758e+07,3.23476e+08,2.06435e+09,1.91484e+09,-9.19213e+07,-9.96019e+08,0.000926956,0.000159239,-1.51146e-25
0,2.01854e+09,-3.98701e+06,3.29552e+08,-3.03814e+09,-5.03444e+08,-3.83151e+08,-7.07151e+08,0.000976228,0.000159382,-1.50434e-24
0,2.06916e+09,-2.62607e+07,3.26902e+08,-5.10638e+09,1.03937e+08,1.84934e+08,-6.72376e+08,0.000925815,0.000146267,-6.19414e-24
0,2.19581e+09,-3.17485e+06,3.25458e+08,-1.25936e+09,-1.06368e+09,1.45328e+08,-5.97613e+08,0.000962952,0.000142727,-3.73852e-25
0,1.92134e+09,-2.52161e+07,2.71553e+08,-2.71075e+09,-2.13169e+08,2.22093e+08,-1.25407e+09,0.00106686,0.000150785,-4.2752e-24
0,2.13053e+09,6.60603e+06,3.29376e+08,1.04296e+09,-9.54842e+08,-3.31136e+07,-5.46184e+08,0.0009647,0.000149141,2.82066e-25
0,2.08058e+09,4.94184e+07,3.17817e+08,-1.37037e+09,-5.68428e+08,4.82406e+08,-4.40931e+08,0.000995046,0.000151997,-1.59528e-25
0,2.17661e+09,-3.06984e+07,3.16424e+08,-8.46969e+09,-1.62565e+09,-3.42401e+08,-8.86776e+08,0.00101985,0.000148261,-4.90832e-23
0,1.98163e+09,-1.21765e+07,3.17553e+08,-4.96814e+09,-4.9985e+08,-2.17098e+06,-1.03087e+09,0.00100311,0.000160747,-1.67486e-23
0,2.079e+09,-3.42927e+06,3.42976e+08,-1.0717e+08,-7.72004e+06,2.35967e+07,-3.5559e+08,0.000956482,0.000157792,3.70732e-28
0,1.919e+09,4.76204e+07,3.00686e+08,3.74692e+09,5.81279e+08,-1.29386e+08,-1.12976e+09,0.00101139,0.000158474,8.74368e-24
0,1.95658e+09,1.79514e+07,3.17866e+08,7.42088e+09,4.37047e+08,5.69481e+08,-1.15983e+09,0.000974939,0.000158389,6.19986e-23
0,2.26671e+09,-1.1602e+06,3.45067e+08,-1.00389e+09,3.18973e+06,-6.86179e+07,-3.88843e+07,0.000875986,0.000133354,-1.36058e-27
0,1.93548e+09,8.75698e+06,2.9864e+08,8.82797e+08,-1.56492e+08,-8.90341e+07,-1.20418e+09,0.00100843,0.000155598,-1.07933e-25
0,2.17612e+09,-1.72406e+07,3.24176e+08,-4.21482e+09,-1.14458e+09,-4.63761e+08,-6.35901e+08,0.000987769,0.000147148,-2.93185e-24
0,1.99587e+09,1.29556e+07,3.19935e+08,-7.97708e+08,1.49953e+09,-3.169e+08,-8.37416e+08,0.000912371,0.000146252,1.99827e-27
0,2.06023e+09,1.13262e+07,3.16338e+08,1.51781e+09,3.78005e+08,-2.74623e+08,-8.74424e+08,0.000954025,0.000146485,1.51519e-25
0,1.98841e+09,-1.10198e+07,3.30466e+08,-1.43975e+09,3.44733e+08,6.30124e+07,-8.55688e+08,0.000963323,0.000160101,-1.97734e-25
0,2.05467e+09,-5.12359e+07,3.24011e+08,-6.12614e+09,1.17761e+09,2.19241e+08,-6.09389e+08,0.000899703,0.000141878,-6.88634e-24
0,2.03857e+09,-7.82141e+06,3.2534e+08,1.81385e+09,4.01844e+08,2.33739e+07,-7.47149e+08,0.00094024,0.000150055,3.51726e-25
0,1.77809e+09,1.28026e+07,2.84893e+08,4.26176e+09,1.11556e+09,1.45034e+08,-1.56945e+09,0.00101445,0.000162539,3.07171e-23
0,2.28061e+09,1.0701e+07,3.23608e+08,4.29186e+09,-1.62003e+09,-3.00015e+07,-4.53402e+08,0.000971805,0.000137895,5.01707e-24
0,2.06337e+09,-2.86226e+07,3.3013e+08,-3.60446e+09,1.07877e+09,1.49145e+08,-5.48388e+08,0.000901055,0.000144165,-1.09144e-24
0,2.20586e+09,-2.79612e+07,3.25597e+08,-7.87129e+09,-1.18636e+09,-2.45746e+08,-6.31459e+08,0.000987482,0.000145758,-2.14009e-23
0,2.31206e+09,1.65796e+06,3.23372e+08,1.01119e+09,-1.80359e+09,3.07984e+06,-4.25279e+08,0.000983993,0.000137624,9.20927e-25
0,2.09401e+09,-1.36724e+07,3.356e+08,-1.00039e+09,5.29597e+07,-1.05903e+08,-6.07064e+08,0.000959155,0.000153721,-3.08364e-26
0,2.13945e+09,-3.69972e+07,3.28905e+08,1.09647e+07,1.01626e+09,2.19351e+08,-3.92808e+08,0.000894981,0.000137588,-1.2488e-26
0,1.90991e+09,1.90209e+07,2.78799e+08,4.8177e+09,-1.81787e+08,5.06096e+08,-8.66077e+08,0.00104874,0.00015309,1.66203e-23
0,1.95605e+09,-905854,3.22604e+08,4.26014e+09,7.02079e+08,2.4771e+08,-8.84477e+08,0.000926224,0.000152759,7.42021e-24
0,2.12849e+09,-2.18354e+06,3.07433e+08,3.16584e+09,-1.16831e+08,1.97376e+08,-4.71828e+08,0.000929519,0.000134257,8.74803e-25
0,2.05298e+09,-1.01962e+07,3.23596e+08,1.69084e+09,3.22553e+08,5.57163e+08,-7.63936e+08,0.000951395,0.000149962,3.7456e-25
0,1.92148e+09,-4.45718e+07,2.89781e+08,-6.31621e+09,-4.33598e+08,5.50283e+08,-1.30055e+09,0.00104729,0.000157943,-6.42824e-23
0,2.21603e+09,2.32435e+07,2.97871e+08,-3.25932e+09,7.38719e+08,4.1685e+07,4.44557e+08,0.00100171,0.000134647,1.57971e-24
0,1.7002e+09,1.80498e+07,2.86844e+08,4.37752e+09,1.51779e+09,-1.7768e+07,-5.35867e+08,0.00111239,0.000187673,1.36268e-23
0,1.86641e+09,7.40518e+07,2.88981e+08,9.76141e+09,3.2098e+08,-8.29593e+08,-1.0113e+09,0.000977993,0.000151425,1.34371e-22
0,2.17184e+09,6.71277e+06,3.33004e+08,3.06644e+09,-1.02746e+09,2.32328e+08,-7.83116e+08,0.00105777,0.000162187,3.23502e-24
0,2.1149e+09,1.7882e+07,3.17897e+08,3.40689e+09,-8.07134e+08,-5.21866e+08,-8.88853e+08,0.000999092,0.000150176,4.4155e-24
0,2.20469e+09,-2.13544e+07,3.29322e+08,-4.43292e+09,-8.54341e+08,-8.19097e+07,-5.1241e+08,0.000960793,0.000143517,-3.182e-24
0,2.16179e+09,3.95933e+07,3.07198e+08,-3.81024e+09,-5.22015e+08,3.28029e+08,2.64485e+08,0.000907244,0.000128923,4.06077e-25
0,1.98944e+09,-4.54025e+07,2.79377e+08,-3.62238e+09,-2.68927e+08,2.03532e+08,-1.08503e+09,0.00102469,0.000143898,-7.11789e-24
0,2.02311e+09,-2.54538e+07,3.22581e+08,-1.26226e+09,7.46736e+08,3.98812e+08,-7.6039e+08,0.000938296,0.000149609,-4.30297e-26
0,1.91661e+09,-2.12394e+07,3.19993e+08,-8.23088e+08,-2.66746e+08,-2.24749e+08,-8.35595e+08,0.00094539,0.00015784,-7.20306e-27
0,2.25885e+09,3.5062e+07,3.20093e+08,-5.09167e+09,-9.48821e+08,2.59073e+07,-3.48193e+07,0.000970098,0.000137469,-9.11293e-25
0,2.09603e+09,9.50162e+06,3.33365e+08,6.24568e+09,5.21792e+08,2.58156e+08,-5.77896e+08,0.000911638,0.000144992,9.78149e-24
0,2.0646e+09,2.66606e+07,3.25034e+08,4.75938e+09,3.63042e+08,-2.19712e+08,-6.66516e+08,0.000945176,0.000148801,5.29986e-24
0,2.02689e+09,2.09607e+06,3.00359e+08,2.42429e+09,-1.24701e+09,-6.63986e+06,-1.17229e+09,0.00106419,0.0001577,5.6586e-24
0,2.01572e+09,1.80845e+06,3.38318e+08,2.46116e+09,-2.09239e+08,5.38753e+07,1.19285e+08,0.000955349,0.000160346,-1.89273e-25
0,2.04136e+09,-1.86096e+07,3.37662e+08,1.91434e+09,3.88525e+08,2.65964e+08,1.23796e+08,0.000957587,0.000158395,2.27614e-26
0,1.95639e+09,-3.40058e+07,3.19615e+08,-1.68421e+09,9.46965e+08,2.5581e+08,-9.1876e+08,0.000953182,0.000155722,-2.88849e-25
0,2.1114e+09,1.02955e+07,3.16369e+08,-4.09356e+09,-3.10272e+08,1.87919e+08,-6.67994e+08,0.000955038,0.000143102,-3.62456e-24
0,2.15368e+09,-5.59939e+07,3.20695e+08,-9.71404e+09,2.00347e+08,1.90344e+06,-5.64166e+08,0.000913646,0.000136047,-2.83477e-23
0,2.17763e+09,-7.38638e+06,3.29799e+08,-1.93237e+09,-1.21943e+09,-9.79182e+07,-8.92955e+08,0.00106057,0.000160621,-2.17489e-24
0,2.02022e+09,-6.27049e+06,2.95257e+08,1.26426e+09,-8.91418e+08,-2.63056e+08,-1.12299e+09,0.00104024,0.000152031,4.70711e-25
0,2.00326e+09,3.20873e+07,3.0977e+08,5.63906e+09,-6.53876e+08,3.7153e+08,-1.3632e+09,0.00107832,0.000166744,3.91328e-23
0,1.90932e+09,-7.02037e+07,2.98172e+08,-6.63356e+09,7.03888e+08,6.07167e+08,-1.14154e+09,0.00102567,0.000160175,-4.93506e-23
0,2.23207e+09,4.62182e+06,3.35285e+08,-2.85144e+08,-2.63458e+08,1.16062e+08,-3.98304e+08,0.000900079,0.000135203,6.65324e-28
0,2.07658e+09,-9.01291e+06,3.37707e+08,-1.65757e+09,-1.13195e+08,-2.16974e+08,-5.46623e+08,0.000950201,0.000154528,-1.51849e-25
0,2.06027e+09,4.79687e+07,3.17936e+08,9.9319e+09,1.00882e+08,4.02677e+07,-8.18618e+08,0.000961022,0.000148303,7.04824e-23
0,2.13171e+09,1.11923e+07,2.82382e+08,2.12285e+09,1.1801e+09,3.71895e+08,5.62967e+08,0.00100043,0.000132524,-1.11368e-24
0,2.03847e+09,-2.31402e+07,3.21214e+08,-5.51178e+08,2.69894e+08,1.82429e+08,-9.63115e+08,0.000956454,0.000150714,2.06675e-26
0,2.19236e+09,1.75605e+07,3.25204e+08,4.37422e+09,-1.11994e+09,2.48009e+08,-7.62741e+08,0.000991888,0.000147132,5.40275e-24
0,2.07595e+09,1.75964e+07,3.13076e+08,2.76649e+09,-4.69374e+08,1.29104e+08,-9.18049e+08,0.000972243,0.000146625,1.64418e-24
0,1.97228e+09,-2.41842e+07,3.24166e+08,-1.54331e+08,1.01367e+09,5.49931e+08,-7.81212e+08,0.000952237,0.000156511,4.34844e-27
0,2.17253e+09,-3.62183e+07,3.30501e+08,-7.74444e+09,6.03606e+07,-1.8334e+08,-4.37147e+08,0.000933386,0.000141994,-1.19545e-23
0,2.11612e+09,5.42802e+07,2.96087e+08,-7.59762e+09,-9.45915e+08,1.18096e+08,3.2263e+08,0.000974826,0.000136398,9.64592e-24
0,1.90927e+09,-5.89719e+07,3.01617e+08,-5.76743e+09,8.44091e+08,6.92068e+08,-1.11446e+09,0.00100261,0.000158387,-2.54139e-23
0,1.91588e+09,4.29393e+07,2.94887e+08,6.59512e+09,2.36845e+09,-1.91627e+08,-9.35489e+08,0.000917174,0.000141169,1.38625e-23
0,2.04305e+09,2.74719e+07,3.09062e+08,9.26765e+09,-1.19356e+09,-8.06392e+07,-8.20048e+08,0.000974239,0.000147378,7.24598e-23
0,2.03014e+09,5.03652e+07,3.06512e+08,-7.24115e+08,-1.07113e+09,5.50596e+08,-7.31746e+08,0.00105724,0.000159624,3.58142e-25
0,2.10648e+09,-6.51971e+07,3.23354e+08,-6.733e+09,1.58456e+09,1.72131e+08,-4.85879e+08,0.000873459,0.00013408,-4.12263e-24
0,2.06765e+09,6.00993e+07,3.09158e+08,9.01766e+09,4.09247e+08,-4.24962e+08,-6.12609e+08,0.000931835,0.000139329,3.02886e-23
0,2.08736e+09,2.87412e+06,3.30722e+08,2.39076e+09,-1.2551e+08,3.75624e+08,-7.78124e+08,0.00097066,0.000153791,6.75566e-25
0,1.91225e+09,-5.45331e+07,3.11281e+08,-5.26142e+09,7.80764e+08,3.77539e+08,-1.00168e+09,0.000991683,0.000161429,-1.83109e-23
0,1.9055e+09,-4.2325e+07,2.95909e+08,-2.12378e+09,-1.07511e+08,5.41512e+08,-1.27097e+09,0.00103567,0.00016083,-1.14741e-24
0,1.93642e+09,7.20522e+06,3.02623e+08,8.83854e+09,-2.14842e+09,2.96455e+07,-7.46363e+08,0.000982396,0.000153529,1.02821e-22
0,2.17404e+09,1.43982e+07,3.37696e+08,5.87355e+09,-3.7171e+08,4.66198e+08,-4.67654e+08,0.000967493,0.000150282,5.13071e-24
0,2.18323e+09,-4.27976e+06,3.26747e+08,-5.28634e+09,-1.4529e+09,-5.24983e+08,-5.50553e+08,0.000996404,0.000149124,-4.80359e-24
0,2.07954e+09,-8.54504e+06,3.36333e+08,3.29126e+08,1.61133e+07,-2.85964e+07,-5.54029e+08,0.000966067,0.000156247,-3.13525e-27
0,2.00106e+09,3.67521e+07,2.84129e+08,3.43498e+09,-1.98749e+09,2.62428e+08,-1.20457e+09,0.00109379,0.000155305,2.72146e-23
0,1.98231e+09,4.80788e+07,3.07468e+08,-2.23275e+09,-1.29189e+09,5.41269e+08,-7.76931e+08,0.00106024,0.00016445,-3.79207e-24
0,2.03184e+09,4.79817e+07,3.10413e+08,3.61277e+09,3.11051e+08,-3.99543e+08,-8.83139e+08,0.000966057,0.000147589,3.37462e-24
0,2.21269e+09,-1.9158e+07,3.33498e+08,3.15105e+09,6.9459e+08,4.83481e+08,-2.76368e+08,0.000892772,0.000134559,8.63478e-25
0,1.99323e+09,-4.06937e+07,3.20854e+08,-8.40293e+09,4.31521e+08,-3.4972e+08,-1.11055e+09,0.000980496,0.000157832,-7.8601e-23
0,1.91716e+09,-1.41747e+07,2.94272e+08,-5.00045e+09,-8.92691e+08,4.53923e+06,-1.65665e+09,0.00108295,0.000166226,-4.86655e-23
0,1.7562e+09,-2.29561e+07,2.90828e+08,1.17169e+10,2.78338e+07,-1.66998e+08,-5.97935e+08,0.00101171,0.00016754,2.4285e-22
0,2.18298e+09,3.54007e+06,3.38346e+08,7.82082e+08,-3.09093e+08,-2.14668e+07,-4.83131e+08,0.000947877,0.000146914,1.827e-26
0,2.16486e+09,6.59638e+06,3.37125e+08,2.5517e+09,3.56055e+07,1.51132e+08,-4.77894e+08,0.000911989,0.00014202,4.08316e-25
0,2.05102e+09,-3.69399e+07,3.28877e+08,-3.43343e+09,1.63388e+09,2.16894e+08,-5.11655e+08,0.000873724,0.0001401,3.10375e-25
0,1.99448e+09,-2.40968e+07,2.84186e+08,-2.12046e+09,1.27128e+08,-8.74532e+07,-9.56722e+08,0.000997131,0.000142078,-9.30279e-25
0,1.94269e+09,1.17067e+07,3.15671e+08,1.30602e+09,4.4429e+08,-3.66022e+08,-7.28275e+08,0.000938725,0.000152535,7.89728e-26
0,1.92479e+09,-6.47532e+06,2.87939e+08,-4.74366e+09,4.76667e+08,-1.68964e+08,-1.05368e+09,0.000985899,0.000147485,-1.6164e-23
0,2.07566e+09,301301,3.35622e+08,1.48768e+08,-1.04778e+08,1.43836e+08,-6.52774e+08,0.000964162,0.000155899,-2.03516e-27
0,2.20896e+09,6.86156e+06,3.24246e+08,2.00919e+09,-1.21054e+09,7.18835e+07,-8.00577e+08,0.000989172,0.000145197,1.40891e-24
0,2.21255e+09,-7.11137e+06,2.97478e+08,-1.22824e+09,6.64655e+08,-1.73762e+08,1.72518e+08,0.000926228,0.000124532,4.40331e-26
0,2.07467e+09,-3.84063e+06,3.43015e+08,-1.4398e+08,3.35126e+07,2.70996e+07,-3.49391e+08,0.000949562,0.000156996,3.85775e-28
0,2.16579e+09,3.74934e+07,3.17334e+08,1.28701e+10,2.88883e+08,-5.15422e+07,-3.8693e+08,0.00101179,0.000148248,7.27497e-23
0,2.11294e+09,-4.00218e+06,3.38544e+08,-6.54392e+08,-3.17717e+08,1.01876e+08,-4.96812e+08,0.000972948,0.00015589,-1.2881e-26
0,2.11739e+09,-1.03647e+07,3.29656e+08,-1.88328e+09,-2.70073e+08,1.69274e+08,-7.81047e+08,0.000960211,0.000149495,-3.71947e-25
0,2.07102e+09,3.05982e+07,3.26167e+08,6.98118e+09,3.70778e+08,4.02192e+08,-8.2747e+08,0.00094435,0.000148727,2.37057e-23
0,1.8255e+09,4.48928e+07,2.84042e+08,-1.15987e+10,-1.86755e+09,-1.2371e+08,-8.15545e+08,0.00107217,0.000166827,-3.98557e-22
0,2.02698e+09,-2.01707e+07,3.11371e+08,-1.08901e+09,-2.40165e+08,3.80037e+08,-1.11318e+09,0.000994747,0.000152807,6.73511e-26
0,1.98953e+09,-2.83108e+07,3.25256e+08,-2.19954e+09,6.51744e+08,2.07469e+08,-8.31326e+08,0.000959712,0.000156898,-7.18471e-25
0,1.9693e+09,-2.03946e+07,3.12837e+08,-2.62973e+09,-7.27703e+08,4.31752e+08,-1.09976e+09,0.00103208,0.000163952,-3.65147e-24
0,2.21233e+09,-2.45757e+07,3.19703e+08,-3.60794e+09,-1.17148e+09,1.17652e+08,-7.30404e+08,0.000985741,0.000142449,-4.12925e-24
0,2.17582e+09,1.4687e+07,3.11292e+08,1.68852e+09,-1.3016e+09,-3.05893e+08,-7.69271e+08,0.00100679,0.000144041,1.17294e-24
0,2.08806e+09,-1.8819e+07,3.25501e+08,-1.4546e+09,-1.61388e+08,-3.64045e+07,-9.22044e+08,0.00097538,0.000152049,-1.59308e-25
0,1.95338e+09,-1.51298e+07,3.02674e+08,5.63609e+09,-1.0714e+09,2.30448e+08,-7.74555e+08,0.00109807,0.000170145,3.17188e-23
0,2.19275e+09,1.03918e+07,3.38806e+08,3.33738e+09,-2.60188e+08,3.41131e+08,-4.29894e+08,0.000931347,0.000143904,6.69743e-25
0,1.82859e+09,-5.67248e+07,2.87285e+08,-5.18609e+09,-9.72232e+08,7.18779e+08,-1.29282e+09,0.00109714,0.000172369,-6.82119e-23
0,1.90485e+09,-2.24808e+07,3.09974e+08,-4.3643e+09,-1.04778e+08,-2.86737e+07,-1.1796e+09,0.00100934,0.00016425,-1.51888e-23
0,2.09382e+09,1.83155e+06,3.3617e+08,-1.807e+09,2.86221e+08,-2.06578e+08,-5.76734e+08,0.000925719,0.000148627,-2.55975e-25
0,2.25783e+09,-1.07038e+07,3.11468e+08,2.93385e+09,-2.39191e+09,-7.91275e+07,-2.76381e+08,0.000954821,0.000131717,5.50229e-24
0,2.05685e+09,2.91687e+07,2.92547e+08,6.21025e+09,-1.5558e+09,-2.05772e+08,-9.70139e+08,0.00103724,0.000147528,4.5001e-23
0,1.97932e+09,6.62641e+06,3.02815e+08,-4.94134e+09,-5.34116e+08,3.57352e+08,-8.93769e+08,0.00105509,0.000161417,-2.04599e-23
0,2.17035e+09,3.55802e+07,3.28102e+08,1.73805e+09,7.48412e+08,-2.32482e+08,-4.79177e+08,0.000907602,0.000137206,5.10795e-26
0,2.19723e+09,-2.1545e+07,2.96393e+08,7.27886e+09,1.26681e+09,1.28959e+08,4.74293e+08,0.0009871,0.000133154,-1.48418e-23
0,1.86365e+09,-7.22029e+06,2.89333e+08,4.01986e+09,7.63062e+07,-1.14812e+08,-9.84653e+08,0.00110295,0.000171233,1.73247e-23
0,2.12908e+09,1.59963e+07,3.06909e+08,1.64381e+09,-1.73955e+09,1.6886e+08,-8.94663e+08,0.00102838,0.000148242,3.84257e-24
0,1.84301e+09,-7.32616e+07,2.86513e+08,-4.82017e+09,-1.44653e+07,9.8543e+08,-1.30286e+09,0.00107307,0.000166819,-3.21196e-23
0,2.31148e+09,1.77215e+07,3.28433e+08,4.45651e+09,-1.25007e+09,-8.12171e+07,-4.3905e+08,0.000951279,0.000135165,3.30509e-24
0,2.0834e+09,4.92674e+06,3.11143e+08,5.6893e+09,4.3312e+07,-7.02395e+08,-5.08163e+08,0.000989064,0.000147711,8.35981e-24
0,2.04876e+09,-2.24999e+07,3.15746e+08,4.60308e+09,-1.6103e+09,-2.64265e+08,-4.54694e+08,0.000925615,0.000142652,8.79468e-24
0,2.15459e+09,1.37996e+06,3.22148e+08,4.92957e+09,-1.04479e+09,-2.23627e+07,-6.91175e+08,0.000979936,0.000146517,8.17691e-24
0,1.68914e+09,2.47695e+07,2.81026e+08,9.10893e+08,2.41432e+09,-5.26029e+08,-1.80026e+09,0.0010165,0.000169118,-2.78158e-25
0,2.13346e+09,-2.08688e+07,3.04289e+08,-5.02758e+08,-6.50076e+08,-1.59073e+08,3.56501e+08,0.000928469,0.000132424,4.13319e-27
0,1.6656e+09,-1.11129e+07,2.77757e+08,3.0043e+09,6.76242e+08,-4.49926e+08,-9.81888e+08,0.00107736,0.000179661,8.37275e-24
0,2.00371e+09,-3.20919e+06,3.28885e+08,1.23625e+09,2.50017e+08,1.61262e+08,-8.46424e+08,0.000957759,0.000157204,1.10945e-25
0,2.19812e+09,-1.88136e+07,3.36637e+08,-6.17949e+09,-3.20196e+08,-3.69546e+08,-4.915e+08,0.000958039,0.000146721,-6.30987e-24
0,2.07023e+09,-4.87077e+07,3.08435e+08,-5.25414e+09,-2.94862e+08,-1.35302e+07,-7.83708e+08,0.000968812,0.00014434,-1.00701e-23
0,2.08393e+09,-2.98451e+07,3.34344e+08,-2.4412e+09,4.96374e+08,-3.39084e+08,-6.36177e+08,0.000927698,0.000148839,-8.73141e-25
0,1.87216e+09,-7.655e+07,2.94831e+08,-5.13575e+09,7.26814e+08,1.16038e+09,-1.16605e+09,0.00105057,0.000165445,-2.12141e-23
0,2.06863e+09,3.15024e+07,3.26074e+08,3.60676e+09,-1.59845e+08,3.28592e+08,-9.32171e+08,0.00099924,0.000157508,3.96534e-24
0,2.06226e+09,-1.95927e+07,3.31329e+08,-5.74174e+08,1.59792e+08,-6.27963e+07,-7.67796e+08,0.000952251,0.000152992,7.55478e-27
0,2.18333e+09,2.67621e+07,2.99972e+08,-5.12688e+09,6.04588e+08,2.24301e+08,5.21216e+08,0.000954954,0.000131203,5.35157e-24
0,1.96044e+09,1.04097e+07,3.18196e+08,-2.58433e+09,1.37058e+09,-3.96248e+08,-9.99232e+08,0.000938776,0.000152371,-2.90293e-24
0,2.11283e+09,-1.39727e+07,3.33967e+08,-6.80499e+09,6.85286e+07,-2.49976e+08,-6.06442e+08,0.000937035,0.000148113,-1.31351e-23
0,1.97384e+09,-2.99308e+07,3.14832e+08,-1.69942e+09,5.13406e+08,4.66253e+07,-1.11033e+09,0.00097855,0.000156081,-4.75886e-25
0,2.2258e+09,-8.12578e+06,3.37251e+08,-1.84328e+09,-5.19354e+08,-1.22375e+08,-4.86423e+08,0.000946021,0.00014334,-1.93644e-25
0,2.00575e+09,-3.50685e+07,3.23856e+08,-4.69463e+09,1.2741e+09,2.70609e+08,-7.31637e+08,0.00090839,0.000146672,-3.8492e-24
0,1.93677e+09,-4.69436e+07,3.1077e+08,9.1942e+08,6.1505e+08,5.42399e+08,-1.12747e+09,0.00101266,0.00016249,1.41972e-25
0,1.9121e+09,2.33254e+07,3.307e+08,4.26129e+09,6.48024e+08,1.58204e+08,-8.54331e+08,0.000947409,0.000163856,8.53265e-24
0,2.13973e+09,-3.92069e+07,3.24411e+08,-4.43893e+09,-1.07999e+08,-5.24886e+07,-8.27698e+08,0.000968774,0.000146879,-5.30099e-24
0,2.18393e+09,4.67503e+07,3.22442e+08,5.42064e+09,3.57188e+08,-1.92467e+08,-4.88418e+08,0.000915137,0.000135113,3.7083e-24
0,1.79733e+09,-637254,2.93257e+08,-2.29573e+09,3.02424e+08,-5.04276e+08,-1.21177e+09,0.000995167,0.000162374,-2.49557e-24
0,2.01401e+09,-2.52142e+07,3.08436e+08,-6.64798e+09,1.27691e+07,6.26408e+07,-8.63002e+08,0.000954925,0.000146242,-2.38782e-23
0,1.9856e+09,3.53097e+07,3.23227e+08,8.2299e+08,8.74718e+08,-3.99934e+08,-7.28866e+08,0.000925543,0.000150665,2.46868e-28
0,2.10085e+09,-1.61999e+07,3.15824e+08,6.56468e+09,-1.14803e+09,2.3632e+08,-3.26301e+08,0.000967976,0.000145518,6.99189e-24
0,1.89332e+09,3.91709e+07,3.02054e+08,4.66187e+09,4.98408e+07,-6.986e+08,-1.41842e+09,0.00108454,0.000173024,2.96762e-23
0,2.03927e+09,-1.45513e+07,3.34524e+08,-5.94152e+09,1.72739e+08,-2.95409e+08,-5.17033e+08,0.000917157,0.000150451,-8.31318e-24
0,2.20774e+09,-8.62791e+06,3.15574e+08,-2.74399e+09,-8.39303e+08,-3.27295e+08,-3.93473e+08,0.000994433,0.000142144,-4.88961e-25
0,1.88267e+09,-3.89971e+07,2.98882e+08,2.15187e+09,-5.03529e+08,5.28006e+08,-1.07956e+09,0.00108219,0.000171801,1.09847e-24
0,1.90394e+09,-6.69163e+07,3.05514e+08,-4.2209e+09,8.72587e+08,6.65792e+08,-1.16083e+09,0.00102732,0.000164848,-1.07133e-23
0,1.99598e+09,-2.80017e+06,3.17497e+08,-8.51602e+09,2.16462e+08,-4.39252e+08,5.6686e+08,0.00102312,0.000162746,4.58345e-23
0,2.13364e+09,6.05836e+07,3.20042e+08,9.48818e+09,4.70481e+08,-5.43077e+07,-6.2354e+08,0.000928982,0.000139345,3.2883e-23
0,2.25094e+09,3.8199e+07,3.25599e+08,-1.74161e+09,-7.82523e+08,2.30892e+08,1.93395e+07,0.000899352,0.000130092,-9.90207e-26
0,1.99778e+09,-5.08355e+07,3.17238e+08,4.83346e+08,8.11078e+08,4.17701e+08,-9.15513e+08,0.00101255,0.000160788,7.21128e-26
0,2.15339e+09,-1.46757e+07,3.2586e+08,-7.87151e+09,-9.89777e+08,-5.08693e+08,-2.69218e+08,0.000970034,0.00014679,-3.5054e-24
0,1.85104e+09,-2.46757e+07,3.08237e+08,-4.39214e+09,4.82151e+08,-3.38582e+08,-1.19068e+09,0.000981026,0.000163361,-1.75546e-23
0,2.30576e+09,8.02961e+06,3.40652e+08,7.52125e+08,-3.42156e+08,-4.57552e+07,-8.24413e+07,0.000872664,0.000128927,4.07778e-27
0,2.18331e+09,1.62007e+07,3.26573e+08,8.76476e+09,1.5678e+08,-9.9689e+07,-2.90246e+08,0.000967163,0.000144665,1.30825e-23
0,1.9942e+09,-1.79638e+07,3.33814e+08,-4.70809e+09,-2.44532e+08,-2.47736e+08,-3.40267e+08,0.000907693,0.000151941,-2.42595e-24
0,2.06303e+09,-5.58612e+07,3.02291e+08,-5.49179e+09,-1.985e+08,3.7041e+08,-9.43451e+08,0.000991771,0.000145322,-1.60027e-23
0,2.27514e+09,3.10967e+07,3.27754e+08,2.19661e+09,-2.76073e+08,1.15932e+06,-7.04362e+07,0.000904508,0.000130302,3.4525e-26
0,2.26747e+09,-2.33e+07,3.26549e+08,-7.51183e+09,-1.27615e+09,-8.3352e+07,-5.35657e+08,0.000990101,0.000142589,-1.64669e-23
0,2.12454e+09,-1.20218e+07,3.40001e+08,-3.37562e+09,1.10744e+08,-3.16239e+08,-3.95542e+08,0.000916294,0.000146639,-9.57642e-25
0,1.93826e+09,9.82076e+06,2.97847e+08,2.7971e+09,-7.49714e+08,-7.71541e+08,-1.43916e+09,0.00108683,0.00016701,5.59644e-24
0,2.19751e+09,4.48125e+07,3.21703e+08,9.0916e+09,-5.18814e+08,-6.81847e+06,-6.07784e+08,0.000960085,0.000140551,2.94523e-23
0,1.98937e+09,-5.65124e+06,2.9431e+08,-8.8422e+08,1.26975e+09,-1.96085e+07,-7.50825e+08,0.000919841,0.000136083,1.89593e-26
0,2.21261e+09,-4.60303e+06,3.15041e+08,5.13848e+09,-9.07123e+08,2.23138e+08,-5.76782e+08,0.000975919,0.000138955,5.05355e-24
0,1.90404e+09,-6.84908e+07,3.12674e+08,-4.19735e+09,1.47812e+09,5.20078e+08,-1.00497e+09,0.00100772,0.000165484,-6.10986e-24
0,2.1587e+09,-5.33689e+06,3.38066e+08,-3.6153e+09,1.43697e+08,-1.91659e+08,-4.42917e+08,0.000914268,0.00014318,-1.18287e-24
0,2.18066e+09,-3.8703e+07,3.14077e+08,1.18971e+10,3.82117e+08,-1.65375e+08,2.16052e+08,0.000945482,0.000136176,-2.40235e-23
0,2.19846e+09,-3.31272e+07,3.24887e+08,-9.94128e+09,-6.73934e+08,-6.04859e+07,-5.96829e+08,0.000965181,0.000142634,-3.82524e-23
0,2.04858e+09,-4.72852e+07,3.04252e+08,-1.40197e+09,-2.84006e+08,4.90065e+08,-8.58378e+08,0.00110109,0.000163533,-1.74302e-25
0,1.9597e+09,5.25164e+07,3.0096e+08,8.62395e+09,7.13913e+08,-6.24365e+07,-1.29431e+09,0.000981054,0.000150665,1.02169e-22
0,2.06018e+09,2.57585e+07,3.22761e+08,1.60156e+09,8.57597e+07,-3.85996e+08,-7.96866e+08,0.000963176,0.000150898,1.70999e-25
0,2.12769e+09,-7.52228e+06,3.29825e+08,2.25843e+09,-5.16417e+08,7.46396e+07,-7.1791e+08,0.000995967,0.000154391,7.97602e-25
0,2.09922e+09,4.09467e+06,3.35377e+08,-2.47756e+09,6.87586e+08,-1.39471e+08,-5.2941e+08,0.000908367,0.000145123,-5.95738e-25
0,2.06279e+09,-1.74224e+07,2.93367e+08,1.71255e+09,-3.21908e+08,-4.50842e+08,4.30324e+08,0.000938233,0.000133434,-8.41906e-26
0,1.96847e+09,8.18277e+06,3.04352e+08,1.2678e+09,-1.25619e+09,-4.36813e+08,-1.29877e+09,0.00108883,0.000168348,4.87823e-25
0,2.32617e+09,2.29485e+06,3.25948e+08,8.00112e+08,-1.3514e+09,5.61098e+06,-2.68201e+08,0.000924178,0.000129498,2.09532e-25
0,2.25478e+09,2.19459e+07,3.23086e+08,-3.78274e+09,1.5822e+08,4.35285e+08,1.34045e+08,0.00091515,0.000131131,4.11737e-25
0,2.16111e+09,-2.19717e+07,3.38267e+08,-4.46058e+09,5.15496e+07,-4.50778e+08,-4.67346e+08,0.000935813,0.000146477,-2.51827e-24
0,2.09169e+09,-2.4077e+06,3.4287e+08,3.70259e+08,-3.74277e+07,4.46587e+07,-3.65542e+08,0.000957658,0.000156979,1.2352e-29
0,1.97001e+09,-1.71962e+07,3.32574e+08,-4.7878e+09,1.01018e+09,-2.45924e+08,-7.06307e+08,0.000904902,0.000152764,-7.72908e-24
0,2.22265e+09,5.91533e+06,3.30032e+08,8.5783e+08,-1.07858e+09,-2.13492e+08,-4.06423e+08,0.000951162,0.000141234,1.31587e-25
0,1.92337e+09,2.90595e+06,3.11053e+08,-7.87027e+08,5.62077e+08,-3.67812e+08,-1.24896e+09,0.000991239,0.000160306,3.7963e-26
0,2.2287e+09,-3.96181e+07,3.25557e+08,-7.02761e+09,-5.37376e+07,1.5927e+08,-3.62602e+08,0.000907609,0.000132579,-5.66985e-24
0,2.05138e+09,-1.24651e+07,3.03449e+08,-5.02939e+09,-1.53912e+09,-2.59489e+08,6.06681e+08,0.000972975,0.000143926,8.91999e-24
0,2.02536e+09,-2.80903e+07,3.1234e+08,-3.23906e+09,-1.66103e+08,2.8584e+08,-1.18594e+09,0.00100505,0.000154994,-4.25385e-24
0,2.0058e+09,-2.4738e+07,3.21809e+08,-9.72964e+09,7.902e+08,-7.73286e+06,-7.19432e+08,0.000926882,0.000148708,-5.59867e-23
0,2.27953e+09,1.2887e+06,3.45089e+08,1.3856e+09,-4.9053e+06,1.77552e+08,-3.47711e+07,0.000881027,0.000133375,2.79824e-27
0,2.01453e+09,2.37518e+07,3.30646e+08,-5.0142e+08,1.23987e+09,-2.93269e+08,-5.3242e+08,0.00089722,0.000147261,4.49724e-26
0,1.94605e+09,2.05601e+07,2.99032e+08,4.01243e+09,-4.27324e+08,-3.12167e+08,-1.22765e+09,0.00102137,0.000156944,1.24605e-23
0,2.10316e+09,-1.34321e+07,3.13915e+08,1.56896e+09,5.19966e+08,4.23675e+07,-4.60468e+08,0.00102414,0.000152861,2.1219e-25
0,2.09816e+09,-4.43403e+07,2.98281e+08,-5.98929e+09,-2.89676e+08,4.8455e+08,-9.64931e+08,0.000987508,0.000140387,-1.95768e-23
0,1.99384e+09,-2.041e+06,3.346e+08,-2.63541e+09,1.0404e+09,-8.76776e+07,-6.22226e+08,0.000903918,0.000151693,-9.25861e-25
0,2.13643e+09,1.47784e+07,3.25961e+08,3.48086e+09,-1.04629e+09,-5.88231e+06,-5.85442e+08,0.000963033,0.000146933,2.89084e-24
0,1.9684e+09,-1.99912e+06,3.29625e+08,-6.63489e+08,3.24802e+08,-1.23427e+08,-8.76118e+08,0.000967897,0.000162082,5.02872e-27
0,1.90146e+09,-122364,3.00955e+08,-1.11444e+09,-1.51504e+09,3.44417e+07,-1.35787e+09,0.00107683,0.000170436,-3.76206e-24
0,2.08765e+09,-5.93286e+06,2.69985e+08,-3.26177e+09,2.5649e+08,2.77267e+08,-3.20506e+08,0.000991075,0.000128171,-8.66536e-25
0,2.03527e+09,1.62588e+07,3.2186e+08,1.40366e+09,4.23558e+07,-1.43735e+08,-9.84295e+08,0.00098478,0.000155734,1.37722e-25
0,2.3239e+09,5.04766e+06,3.33331e+08,1.98732e+09,-8.7652e+08,-6.63329e+07,-2.07155e+08,0.000908573,0.000130322,2.07085e-25
0,2.07629e+09,2.22105e+07,3.11016e+08,-2.33711e+09,-2.27393e+08,1.7812e+08,-8.01377e+08,0.000966655,0.000144799,-8.43551e-25
0,2.15595e+09,-2.42508e+07,3.31191e+08,-2.98061e+09,-2.3627e+08,-2.77363e+08,-6.38221e+08,0.000987097,0.000151635,-1.13628e-24
0,2.25304e+09,2.10242e+07,3.29974e+08,-5.10171e+09,-7.73139e+07,2.46874e+08,1.1653e+08,0.000894501,0.000131006,5.53039e-25
0,1.87888e+09,-9.87169e+06,3.12855e+08,-6.20793e+08,1.81057e+09,1.61243e+08,-1.00276e+09,0.000938967,0.000156348,1.60451e-25
0,2.03585e+09,-3.25351e+07,3.12487e+08,-3.34649e+09,-1.16517e+09,1.94151e+08,3.95302e+08,0.00103091,0.000158237,3.89292e-25
0,1.9601e+09,1.91967e+07,3.24007e+08,3.8504e+08,4.64627e+08,-6.80251e+07,-1.02379e+09,0.000970519,0.000160428,-1.92114e-26
0,2.22489e+09,-1.46382e+07,3.25049e+08,-5.18405e+09,-9.90259e+08,-2.9123e+08,-4.62762e+08,0.000943208,0.000137799,-3.08579e-24
0,2.01535e+09,794624,3.20154e+08,8.76673e+09,2.74793e+08,9.34374e+07,-1.98134e+07,0.000872451,0.000138596,1.1593e-24
0,2.21688e+09,-2.80519e+07,3.35316e+08,-6.15092e+09,1.1392e+07,-2.53699e+08,-4.37553e+08,0.000906042,0.000137044,-4.61286e-24
0,2.04587e+09,-7.58339e+06,3.20083e+08,-1.50969e+09,-5.09105e+08,-3.85903e+08,-9.96201e+08,0.00100174,0.000156726,-2.17762e-25
0,2.04721e+09,8.22402e+06,3.18663e+08,-4.87653e+08,-1.17721e+09,1.5848e+08,-1.252e+09,0.00105674,0.000164489,-5.77906e-27
0,2.17792e+09,-1.08695e+07,3.24083e+08,-5.21811e+09,-1.46984e+09,-5.54459e+07,-6.07593e+08,0.00098418,0.00014645,-1.00302e-23
0,2.09668e+09,-4.3583e+06,3.41977e+08,-8.43311e+08,-4.41391e+07,-4.23532e+07,-4.38604e+08,0.000955954,0.00015592,-1.48991e-26
0,2.16927e+09,-5.71943e+07,2.97916e+08,-5.21682e+09,-5.2794e+08,5.57886e+08,-6.43057e+08,0.000960845,0.000131957,-7.45449e-24
0,2.11157e+09,1.05521e+07,3.20004e+08,2.04274e+09,-9.20629e+08,-2.51576e+08,-8.41674e+08,0.000983907,0.000149109,1.16748e-24
0,2.05204e+09,-4.37897e+07,3.28025e+08,-5.91126e+09,4.77911e+08,-3.09878e+08,-8.49781e+08,0.000966405,0.000154483,-1.75781e-23
0,2.02465e+09,5.72894e+07,3.14853e+08,6.55701e+09,1.26162e+09,-4.41589e+08,-8.42782e+08,0.00093163,0.000144878,1.38971e-23
0,2.13833e+09,-8.33281e+06,3.27299e+08,-8.24504e+08,-1.09096e+09,1.54867e+08,-5.43064e+08,0.00097192,0.000148765,-2.14009e-25
0,2.15031e+09,2.09298e+07,3.22714e+08,8.84682e+09,2.03961e+08,-2.28512e+08,-3.53494e+08,0.000975958,0.00014647,1.80076e-23
0,2.14962e+09,-1.49727e+06,3.26769e+08,-3.59608e+09,-2.58602e+08,2.33396e+08,-5.12043e+08,0.000923519,0.000140387,-1.4914e-24
0,1.97246e+09,8.71399e+06,2.91256e+08,6.71132e+09,7.94823e+08,4.06148e+07,-1.01933e+09,0.000973203,0.000143704,3.64478e-23
0,1.98106e+09,1.34805e+06,3.31387e+08,2.16836e+09,1.11191e+08,-1.59827e+08,-8.12341e+08,0.000974356,0.000162988,7.89929e-25
0,1.95337e+09,1.19237e+07,3.04315e+08,6.14611e+09,1.13073e+09,3.78108e+07,-9.35876e+08,0.00094254,0.000146838,2.31651e-23
0,2.10316e+09,-1.32162e+07,3.25341e+08,-1.44253e+09,-8.48258e+08,2.63662e+08,-6.09206e+08,0.000965069,0.000149288,-3.66731e-25
0,2.06652e+09,-1.04411e+06,3.41332e+08,-9.63837e+08,1.48977e+08,-5.78541e+07,-4.48761e+08,0.000948582,0.00015668,-2.9124e-26
0,2.28591e+09,2.76193e+06,3.28906e+08,-4.27754e+08,4.05403e+08,1.16918e+08,1.71388e+08,0.000902433,0.000129846,2.6229e-27
0,2.12876e+09,3.11436e+07,3.15356e+08,1.22901e+10,8.8708e+08,8.53714e+06,-2.26866e+08,0.000955284,0.000141517,3.01259e-23
0,2.14399e+09,-4.50343e+07,3.03637e+08,-6.94153e+09,-1.41045e+09,9.07803e+07,-9.49133e+08,0.00102316,0.000144903,-4.01513e-23
0,2.02641e+09,8.41591e+06,3.28281e+08,2.43272e+09,2.64392e+07,1.6419e+08,-9.06161e+08,0.000982357,0.000159143,1.19218e-24
0,2.26723e+09,7.12464e+06,3.14954e+08,1.2721e+09,-9.1335e+08,-4.30646e+07,-3.47846e+08,0.000931033,0.000129335,1.72663e-25
0,2.07495e+09,817949,3.07537e+08,5.94447e+09,-4.95349e+08,6.00473e+08,-8.50049e+08,0.00100911,0.000149564,1.49769e-23
0,2.2716e+09,-234905,3.45054e+08,-8.24162e+08,-2.08783e+07,-1.27342e+08,-4.41277e+07,0.000883801,0.000134249,-5.54714e-28
0,1.97769e+09,2.02757e+06,3.16787e+08,3.35567e+09,3.56785e+08,9.35204e+08,-4.39837e+08,0.000919223,0.000147242,2.63996e-24
0,1.8268e+09,1.06837e+07,2.75152e+08,4.08514e+09,2.31087e+09,-1.30832e+08,-1.00841e+09,0.000946934,0.000142627,2.5268e-24
0,2.1454e+09,4.68464e+07,2.90895e+08,-1.08553e+09,6.8737e+08,6.58986e+08,4.01933e+08,0.0010017,0.00013582,5.64588e-27
0,1.85276e+09,4.06673e+07,3.00034e+08,8.81128e+09,8.2878e+08,-5.62798e+07,-9.58931e+08,0.000960293,0.000155509,9.64741e-23
0,2.06177e+09,-937909,3.42736e+08,-6.16913e+08,1.13543e+08,-4.27594e+07,-3.24247e+08,0.000947171,0.000157452,-5.36682e-27
0,2.19711e+09,3.6763e+07,3.21008e+08,4.78736e+09,-6.62212e+08,-2.59563e+08,-7.23041e+08,0.000998654,0.000145908,7.27644e-24
0,2.04777e+09,1.76515e+07,3.31146e+08,1.83503e+09,-1.1529e+08,2.33207e+08,-8.13263e+08,0.000995107,0.00016092,3.86289e-25
0,2.1709e+09,-5.67607e+06,3.29047e+08,1.98031e+09,-6.47199e+08,-2.72438e+08,-5.38525e+08,0.000942722,0.00014289,4.24378e-25
0,2.16598e+09,3.44115e+07,3.12266e+08,-4.40075e+09,-8.31027e+08,-1.80986e+08,-4.12996e+08,0.00102099,0.000147194,-3.23467e-24
0,2.1005e+09,7.06977e+06,3.1995e+08,3.19564e+09,-6.40009e+08,-1.38849e+08,-8.9436e+08,0.000976346,0.000148718,2.93271e-24
0,2.14933e+09,-1.70997e+07,3.15585e+08,-1.15238e+09,-1.20053e+09,-2.77302e+07,3.13709e+08,0.000891681,0.000130925,-9.44094e-26
0,2.02754e+09,5.90958e+07,3.10673e+08,1.06043e+10,6.71073e+07,-1.15859e+08,-9.47792e+08,0.000969457,0.000148546,1.118e-22
0,2.1162e+09,-8.43697e+06,3.28075e+08,-1.3021e+09,-9.56965e+08,-1.05247e+08,-8.48457e+08,0.00100355,0.000155581,-6.46889e-25
0,1.87868e+09,-1.12149e+07,3.17625e+08,-1.84923e+09,3.17042e+08,-2.30123e+08,-1.38588e+09,0.00102562,0.0001734,-9.21718e-25
0,2.1136e+09,1.95215e+07,3.30001e+08,7.14367e+09,-2.03369e+08,9.91443e+07,-6.91864e+08,0.000951482,0.000148557,1.82896e-23
0,2.07053e+09,-1.51357e+06,3.41603e+08,-3.08918e+08,8.29411e+07,-4.27917e+07,-4.2497e+08,0.000947844,0.000156378,7.67201e-28
0,2.1308e+09,5.93621e+07,2.89971e+08,-3.94265e+09,3.8798e+07,7.09312e+08,3.79654e+08,0.000999579,0.000136028,1.99187e-24
0,2.15401e+09,-2.0941e+07,3.38403e+08,-6.76538e+09,7.37891e+07,-5.03518e+08,-4.68126e+08,0.000918648,0.000144323,-8.33315e-24
0,2.03457e+09,-6.26028e+07,3.11817e+08,-1.10773e+10,2.32848e+07,3.35821e+07,-8.56703e+08,0.000972509,0.000149047,-1.15499e-22
0,1.82081e+09,1.05856e+06,2.87988e+08,-1.22115e+10,-2.81305e+08,-1.65146e+08,-1.06911e+09,0.00111188,0.000175861,-6.49892e-22
0,2.10426e+09,1.45441e+07,3.1335e+08,2.13997e+09,-1.71854e+09,3.95886e+08,-9.21203e+08,0.00103574,0.000154235,5.38532e-24
0,1.99523e+09,1.48268e+07,3.32472e+08,1.3957e+09,9.92261e+07,1.28036e+08,-7.96793e+08,0.000995571,0.000165895,1.85874e-25
0,2.26047e+09,-8.02234e+06,3.2721e+08,2.8783e+09,-1.30669e+09,6.50739e+07,-1.18653e+08,0.000912371,0.000132068,6.73614e-25
0,2.03608e+09,-1.15028e+07,3.3051e+08,-2.28159e+09,-4.46449e+08,-2.36768e+07,-8.19316e+08,0.000987298,0.000160265,-1.05938e-24
0,2.09301e+09,-2.96365e+07,3.28828e+08,-7.11389e+09,-1.48698e+08,-4.47787e+08,-6.39445e+08,0.000939098,0.000147539,-1.56057e-23
0,1.89572e+09,-4.43353e+07,2.64083e+08,-7.03033e+08,1.53006e+09,5.28656e+08,-1.01683e+09,0.000987192,0.000137521,2.07021e-26
0,2.04239e+09,-3.86252e+07,3.23737e+08,-4.5653e+09,5.71067e+08,3.35076e+08,-6.61357e+08,0.000939595,0.000148934,-4.25536e-24
0,2.15287e+09,-2.35694e+07,3.22048e+08,-3.08926e+09,-9.97691e+08,2.20539e+08,-7.55462e+08,0.00100191,0.000149876,-3.24174e-24
0,2.27388e+09,-481550,3.4505e+08,-1.53557e+09,-1.42761e+07,-1.58234e+08,-4.15177e+07,0.000876464,0.000132999,-4.27875e-27
0,2.01569e+09,1.67889e+07,3.04713e+08,1.3428e+10,2.75288e+08,1.85741e+08,-3.93204e+08,0.000994006,0.000150265,1.14288e-22
0,2.19904e+09,4.88563e+06,3.17998e+08,7.33824e+08,-1.6998e+09,4.99014e+07,-7.68704e+08,0.00101054,0.000146132,1.10318e-24
0,1.93055e+09,1.79304e+07,3.30296e+08,1.71325e+09,4.16314e+08,7.46561e+07,-9.08244e+08,0.000989739,0.000169333,5.80016e-25
0,1.72122e+09,-3.52034e+06,2.81503e+08,-1.11686e+10,3.99811e+08,9.56687e+07,-1.21094e+09,0.00105827,0.00017308,-5.82675e-22
0,2.03551e+09,-953151,3.1418e+08,4.50632e+09,-1.20252e+08,8.522e+07,-9.01519e+08,0.000967343,0.000149309,7.62903e-24
0,2.00591e+09,1.08068e+07,3.34557e+08,1.87517e+09,1.5344e+08,-5.4624e+07,-6.10021e+08,0.000916444,0.00015285,2.84703e-25
0,2.14156e+09,1.20594e+07,3.33385e+08,2.67492e+09,-6.32907e+07,4.91518e+08,-6.08136e+08,0.000959163,0.000149316,6.37392e-25
0,1.84858e+09,2.3942e+07,3.0528e+08,4.71983e+09,-4.63437e+08,2.59878e+08,3.00086e+08,0.000928448,0.000153326,-5.11984e-24
0,2.06197e+09,-1.48418e+07,3.31475e+08,-6.65273e+09,4.14687e+07,-2.0355e+08,-5.77654e+08,0.000923649,0.000148483,-1.22292e-23
0,2.0777e+09,-1.69974e+06,3.43057e+08,8.78219e+07,8.82334e+06,-3.05227e+07,-2.83884e+08,0.000947793,0.000156494,-1.42725e-28
0,1.98656e+09,-3.9098e+07,3.2092e+08,-2.33592e+09,1.54165e+09,4.20804e+08,-7.49956e+08,0.000918893,0.000148443,2.36339e-25
0,2.05568e+09,-1.01228e+07,3.24924e+08,2.34837e+08,-8.7672e+08,2.21632e+07,-7.8856e+08,0.000976987,0.000154424,7.72127e-26
0,1.97295e+09,-9.92837e+06,3.09265e+08,-1.05192e+09,-1.43639e+09,5.32891e+08,-1.05057e+09,0.00103733,0.000162605,1.81485e-25
0,2.12705e+09,2.64528e+07,3.18092e+08,3.27528e+08,1.17761e+08,-4.72402e+07,-6.6648e+08,0.000940298,0.000140618,-4.264e-27
0,2.05865e+09,3.59581e+07,2.88714e+08,3.15194e+09,-4.3993e+08,-1.76681e+08,-9.31202e+08,0.00101584,0.000142465,3.53591e-24
0,2.08358e+09,2.36028e+07,3.13876e+08,-8.17304e+09,-2.37819e+09,-1.9584e+08,-3.40692e+08,0.000955613,0.000143956,-2.96229e-23
0,2.00395e+09,1.18352e+07,2.82417e+08,-6.58257e+09,-1.73441e+09,1.17036e+08,4.09914e+08,0.000966103,0.000136153,4.96148e-24
0,1.95648e+09,-1.32471e+07,3.21762e+08,1.0387e+09,1.53629e+09,3.5005e+08,-7.8729e+08,0.000914283,0.000150363,4.20166e-26
0,1.66981e+09,-8.94495e+06,2.86575e+08,-8.21305e+09,2.62056e+08,2.07019e+08,-1.12162e+09,0.00102071,0.000175176,-2.04805e-22
0,1.98864e+09,-4.10494e+06,3.31701e+08,-2.12565e+09,-1.61235e+08,-5.25766e+08,-6.10686e+08,0.000925159,0.000154314,-2.27507e-25
0,2.33413e+09,-12735.2,3.45134e+08,-2.17057e+07,-2.09965e+07,-1.042e+06,-9.23345e+06,0.000856647,0.000126667,-2.04974e-32
0,2.09018e+09,4.00861e+06,3.18029e+08,-4.64337e+09,-9.57703e+08,-4.00585e+08,-8.47786e+08,0.000984267,0.00014976,-6.80788e-24
0,2.26845e+09,2.15509e+06,3.38846e+08,7.94196e+08,-6.17823e+08,5.71432e+07,-3.50996e+08,0.000989425,0.000147794,5.39919e-26
0,1.90795e+09,4.65687e+07,3.17213e+08,2.78812e+09,1.1073e+09,-2.32773e+08,-1.13642e+09,0.000999174,0.000166121,3.00739e-24
0,2.09434e+09,2.17472e+07,3.085e+08,4.58663e+09,-1.69356e+09,3.46057e+08,-1.03765e+09,0.00106315,0.000156604,2.00967e-23
0,2.09488e+09,1.0066e+07,3.12548e+08,5.89586e+09,8.02833e+08,2.7972e+08,-6.28797e+08,0.000925093,0.00013802,1.02939e-23
0,2.05587e+09,1.45617e+07,3.0861e+08,5.50669e+09,-2.04076e+09,5.55077e+08,-1.02232e+09,0.0010484,0.000157377,3.17588e-23
0,2.02668e+09,-1.66954e+06,3.26998e+08,2.91536e+09,6.0164e+08,-9.55123e+07,-7.83122e+08,0.000924475,0.000149161,1.40518e-24
0,1.99217e+09,-1.78784e+07,3.27445e+08,-3.541e+08,1.44048e+09,4.70101e+08,-6.42478e+08,0.000915262,0.000150438,-3.95475e-26
0,2.14062e+09,1.17472e+07,3.01729e+08,8.54867e+09,1.87331e+08,3.19709e+07,-4.03024e+08,0.00107578,0.000151636,3.24137e-23
0,2.16173e+09,1.23733e+07,3.34279e+08,-1.75255e+09,-1.20782e+08,4.58028e+07,-5.59832e+08,0.000977877,0.000151214,-2.11363e-25
0,1.90523e+09,-1.83514e+07,2.8357e+08,-3.62559e+09,-2.36962e+09,-2.28773e+08,4.89627e+08,0.000926855,0.000137951,-2.78431e-24
0,2.18696e+09,2.27441e+07,3.20142e+08,5.90796e+09,-3.46725e+08,1.88424e+08,-5.55698e+08,0.00095108,0.000139225,6.70567e-24
0,2.2619e+09,9.35947e+06,3.04574e+08,-2.66739e+09,1.05996e+09,4.07236e+07,2.02197e+08,0.000949485,0.000127852,6.60596e-25
0,1.91524e+09,4.40085e+07,3.16744e+08,3.50944e+09,6.71824e+08,-3.65266e+08,-1.08328e+09,0.0010199,0.000168671,6.30532e-24
0,2.10467e+09,2.7244e+07,3.17663e+08,6.96867e+09,-7.39359e+07,-3.06352e+08,-7.13818e+08,0.000939967,0.000141871,1.71095e-23
0,1.90291e+09,-1.2543e+07,3.08332e+08,-4.68946e+08,3.86532e+08,-1.37601e+07,-1.48435e+09,0.00101302,0.000164141,1.94738e-25
0,2.1087e+09,-4.16853e+07,3.20174e+08,-7.24597e+09,-5.24514e+08,-2.85482e+08,-7.29022e+08,0.000971882,0.000147566,-2.12039e-23
0,2.06133e+09,2.6829e+06,3.30749e+08,4.07409e+09,4.19164e+08,6.09563e+07,-6.97725e+08,0.000927675,0.00014885,3.54216e-24
0,2.11952e+09,1.89799e+07,2.98713e+08,-2.99278e+09,-2.69889e+08,-4.0132e+08,-8.59339e+08,0.000975312,0.000137455,-1.4139e-24
0,1.93974e+09,2.617e+07,3.08676e+08,9.33146e+08,1.30311e+09,-3.99146e+07,-1.19487e+09,0.000973651,0.00015494,1.02155e-25
0,2.3154e+09,4.54017e+06,3.26421e+08,2.02322e+09,-1.22258e+09,-1.13959e+08,-2.6362e+08,0.000924273,0.000130302,5.07318e-25
0,2.10458e+09,1.21128e+06,3.39382e+08,1.43072e+09,1.24426e+08,1.7173e+08,-4.43671e+08,0.000933453,0.000150528,8.89678e-26
0,2.08975e+09,1.33234e+07,3.32837e+08,4.33078e+09,6.57041e+07,-7.45806e+06,-5.87222e+08,0.00091839,0.000146273,3.0704e-24
0,2.15257e+09,1.60529e+07,3.33957e+08,1.41821e+09,-2.62337e+08,2.78976e+08,-6.42978e+08,0.000955568,0.00014825,6.91814e-26
0,2.05857e+09,-7.15929e+06,3.32106e+08,-2.31575e+09,-1.13394e+08,8.67205e+06,-8.00661e+08,0.000961017,0.000155039,-7.84534e-25
0,1.90569e+09,-6.02216e+07,3.11552e+08,1.50293e+09,-1.68389e+09,3.65582e+08,-4.89114e+08,0.00098725,0.000161401,3.5851e-24
0,2.00151e+09,2.99327e+07,3.19317e+08,3.72147e+09,1.5998e+09,-3.26309e+08,-8.18073e+08,0.000925622,0.000147672,1.27051e-24
0,2.02953e+09,-1.54369e+07,2.92315e+08,-3.31094e+09,-1.09093e+09,-2.60895e+08,-9.8529e+08,0.00103136,0.000148547,-6.09002e-24
0,1.95154e+09,2.35784e+07,3.10179e+08,2.1542e+09,1.12134e+09,-3.02719e+08,-1.12751e+09,0.000985842,0.00015669,9.44133e-25
0,2.10217e+09,-3.01281e+07,3.25412e+08,-4.79694e+09,2.99059e+08,2.04517e+08,-7.0589e+08,0.000923602,0.000142972,-4.75619e-24
0,1.99664e+09,-1.26359e+07,3.22585e+08,-6.04175e+09,-1.38859e+07,-1.9209e+08,-3.95457e+08,0.000893245,0.000144316,-6.18355e-24
0,2.00225e+09,-3.38543e+07,2.98053e+08,-3.66438e+09,-9.68009e+08,3.87377e+08,-1.284e+09,0.00105797,0.000157489,-1.31315e-23
0,1.82313e+09,-1.08979e+07,3.09291e+08,-1.14579e+09,7.96281e+08,4.51034e+07,-1.20612e+09,0.000983075,0.000166777,-2.10621e-25
0,2.17547e+09,5.93745e+07,3.04443e+08,-8.31484e+09,-2.84365e+08,3.54384e+08,3.14026e+08,0.000985527,0.000137918,1.22418e-23
0,1.93386e+09,2.20892e+07,3.07358e+08,3.96244e+09,-2.25022e+08,-2.62203e+08,-1.32888e+09,0.0010365,0.000164736,1.33088e-23
0,2.17333e+09,-2.21594e+07,3.26298e+08,-7.66528e+09,-8.2337e+08,-2.15285e+07,-6.49726e+08,0.000980432,0.000147199,-2.28817e-23
0,2.18078e+09,-3.58383e+07,3.15757e+08,3.30057e+09,-8.5909e+08,-7.98395e+07,-6.96573e+07,0.000892873,0.00012928,4.21107e-25
0,1.76698e+09,-7.1521e+07,2.82639e+08,4.12652e+09,7.37618e+07,8.20629e+08,-8.81674e+08,0.00101752,0.000162759,1.3977e-23
0,1.99764e+09,-4.99123e+07,3.07006e+08,-2.29278e+09,-1.38068e+09,3.99462e+07,-1.0213e+09,0.00107706,0.000165527,-6.41547e-24
0,1.82941e+09,-5.25753e+06,3.0632e+08,7.99416e+08,1.68538e+09,-6.23809e+06,-1.16074e+09,0.000983557,0.000164689,-7.46359e-26
0,2.09622e+09,-3.22526e+07,3.23486e+08,-8.27385e+09,-1.80756e+08,6.60623e+06,-7.39549e+08,0.000957617,0.000147778,-3.31451e-23
0,2.26741e+09,4.14018e+06,3.21832e+08,5.59215e+08,-1.70455e+09,-3.13588e+07,-6.04225e+08,0.00098813,0.000140253,4.81347e-25
0,2.18778e+09,4.578e+07,3.26119e+08,6.49223e+09,4.11183e+08,-9.8789e+07,-4.63608e+08,0.000909675,0.000135599,6.0536e-24
0,2.03393e+09,-3.86495e+07,3.27591e+08,-6.92441e+09,3.64094e+08,2.03672e+08,-4.86178e+08,0.000907492,0.000146163,-1.06682e-23
0,2.17057e+09,1.85149e+07,3.33934e+08,1.44231e+09,-2.47266e+08,2.28417e+08,-5.71194e+08,0.00094807,0.000145857,7.23468e-26
0,2.16833e+09,1.63897e+07,3.29602e+08,3.01763e+09,-7.41337e+08,1.00866e+08,-7.50332e+08,0.000989068,0.000150345,1.87854e-24
0,1.96549e+09,1.789e+07,3.2815e+08,2.38697e+09,-2.14567e+08,8.15403e+07,-1.00652e+09,0.00103899,0.000173465,1.87279e-24
0,1.93617e+09,-5.85079e+07,3.07704e+08,4.71479e+09,1.88257e+09,3.68612e+08,-5.63085e+08,0.00101347,0.000161064,1.13983e-23
0,2.03769e+09,-4.38924e+07,3.25768e+08,-7.91043e+09,5.40518e+08,-1.92592e+08,-6.87924e+08,0.000933004,0.00014916,-2.89872e-23
0,1.79025e+09,2.03769e+07,2.50603e+08,4.0389e+09,-7.51134e+08,-3.32883e+08,-1.33299e+09,0.00108078,0.000151289,3.08396e-23
0,2.13358e+09,-2.71593e+07,3.2094e+08,-1.69578e+08,1.07062e+08,3.4886e+07,-5.92484e+08,0.000936206,0.000140827,1.77124e-27
0,2.0746e+09,-3.98002e+06,3.31573e+08,-8.88264e+08,-1.81653e+07,-9.7276e+07,-7.86684e+08,0.000958211,0.000153146,-8.12159e-27
0,2.17929e+09,-1.20738e+07,3.37516e+08,-2.84672e+09,-3.19742e+08,-3.12322e+08,-5.00979e+08,0.000942602,0.000145984,-5.19954e-25
0,1.98421e+09,3.31606e+07,3.07816e+08,4.11581e+09,1.13037e+08,-3.03757e+08,-1.18444e+09,0.00101284,0.000157125,1.01548e-23
0,2.08739e+09,4.02925e+07,3.15195e+08,9.38583e+09,-8.82711e+07,-2.01656e+07,-8.11147e+08,0.000963972,0.000145559,5.59813e-23
0,2.17727e+09,8.25936e+06,3.25297e+08,6.34001e+08,-8.38998e+08,-5.24636e+08,-6.0571e+08,0.000967803,0.000144595,-9.08744e-26
0,2.2695e+09,2.78399e+07,3.11401e+08,3.23567e+09,-5.36799e+08,-1.37665e+07,-1.73919e+08,0.000954214,0.000130929,3.98432e-25
0,1.92976e+09,2.70405e+07,3.27801e+08,2.78697e+09,1.21079e+09,9.02783e+06,-8.59838e+08,0.000942643,0.000160123,1.97328e-24
0,2.09632e+09,-3.2545e+07,3.32542e+08,5.07605e+08,1.31012e+09,4.04945e+08,-2.71929e+08,0.000880483,0.000139672,-1.06709e-25
0,1.89438e+09,7.7963e+07,3.01056e+08,1.4204e+10,2.85658e+09,-1.20576e+08,-7.38954e+08,0.000969722,0.000154109,2.11721e-22
0,1.85477e+09,4.07538e+06,3.00435e+08,-3.62505e+09,1.48703e+09,-1.7277e+08,-1.26841e+09,0.00101157,0.000163853,-1.35769e-23
0,2.00598e+09,7.29308e+06,3.23945e+08,7.79257e+08,-5.9886e+08,-1.08427e+08,-1.13644e+09,0.00105261,0.000169985,2.45534e-26
0,2.14678e+09,-3.52862e+06,3.12406e+08,-4.51747e+09,-1.44762e+09,-1.34841e+08,2.82849e+08,0.000928628,0.000135137,1.1151e-24
0,1.80649e+09,-4.99211e+07,2.90135e+08,7.36768e+09,3.19802e+08,8.71827e+08,-5.53435e+08,0.00108483,0.000174232,8.35846e-23
0,1.92074e+09,1.4675e+06,3.1816e+08,4.61723e+08,-8.48041e+08,-1.24137e+08,-1.10824e+09,0.00105784,0.000175226,-8.97126e-27
0,2.18001e+09,7.91265e+06,3.1726e+08,5.25141e+08,-1.35497e+09,-2.69812e+08,-8.63436e+08,0.00102843,0.000149669,-4.61723e-26
0,1.95621e+09,-4.60328e+07,2.65182e+08,1.88545e+09,-1.55896e+08,5.93238e+08,-6.8383e+08,0.00104482,0.000141634,1.62215e-25
0,1.72053e+09,-1.51017e+06,2.65937e+08,6.0781e+08,1.11301e+09,-4.74292e+08,-1.06836e+09,0.000972885,0.000150376,1.33173e-28
0,2.03466e+09,-9.74169e+06,3.23232e+08,-2.25049e+09,-4.53838e+08,1.53127e+08,-7.09001e+08,0.000969314,0.000153988,-9.04402e-25
0,2.13212e+09,3.43449e+07,3.16938e+08,1.03212e+10,-1.28854e+09,2.5425e+08,-8.39621e+08,0.00101206,0.000150442,8.64809e-23
0,2.05185e+09,-3.77231e+07,3.19772e+08,-4.15752e+09,1.2467e+09,-2.12884e+07,-6.01202e+08,0.000886114,0.000138097,-2.35525e-24
0,1.9288e+09,8.2255e+07,2.99982e+08,1.53285e+10,2.42225e+09,-3.10264e+07,-7.96111e+08,0.00101596,0.00015801,4.19476e-22
0,2.19606e+09,-2.81752e+07,3.25757e+08,-7.91445e+09,-8.68378e+08,-2.84692e+08,-5.52553e+08,0.000961333,0.000142602,-1.56506e-23
0,2.0816e+09,-3.1287e+06,3.4259e+08,-2.37879e+08,8.01185e+06,4.63473e+07,-3.33094e+08,0.000950552,0.000156442,3.70126e-28
0,1.99857e+09,-3.16032e+06,3.2194e+08,-7.78909e+08,-1.14935e+09,-5.79257e+07,-9.15661e+08,0.00107208,0.000172695,-1.01812e-24
0,2.19694e+09,-1.60366e+07,3.39998e+08,-3.6106e+09,-2.78323e+07,-4.07055e+08,-3.61573e+08,0.00091771,0.000142024,-7.94158e-25
0,2.32635e+09,8.18999e+06,3.35789e+08,1.94743e+09,-7.1917e+08,-5.70843e+07,-2.08342e+08,0.000907397,0.000130975,1.41915e-25
0,1.97963e+09,-1.36708e+07,3.09559e+08,8.67938e+09,-2.76399e+09,1.32178e+08,-4.66173e+08,0.00101256,0.000158336,9.65304e-23
0,2.06065e+09,-9.76044e+06,3.27264e+08,3.72338e+09,1.03783e+09,5.74841e+08,-6.43428e+08,0.000905131,0.000143749,4.04228e-24
0,1.81047e+09,3.13486e+07,2.58743e+08,-8.15558e+09,-2.94331e+09,1.86199e+08,6.31707e+08,0.000946243,0.000135232,-5.85812e-24
0,1.98473e+09,5.37113e+07,3.05427e+08,6.68449e+09,-4.91756e+08,-5.78788e+08,-9.38073e+08,0.000997593,0.000153518,3.91334e-23
0,2.2745e+09,2.27689e+06,3.44192e+08,1.08391e+09,-2.94663e+06,9.8238e+07,-1.96007e+07,0.000902232,0.000136532,9.06969e-28
0,2.01692e+09,-1.72494e+07,3.28784e+08,-2.84656e+09,-5.2573e+08,-5.9899e+08,-9.44667e+08,0.00103474,0.000168675,-1.41772e-24
0,2.15266e+09,-3.73684e+06,3.26989e+08,-3.72142e+09,-1.03301e+09,-2.67003e+08,-5.38959e+08,0.000952148,0.000144631,-2.04864e-24
0,2.07153e+09,1.11192e+07,3.23068e+08,1.24652e+09,-1.40088e+09,-4.07058e+08,-7.70962e+08,0.00104576,0.000163093,8.12634e-25
0,1.93711e+09,2.87279e+07,2.97382e+08,-9.2413e+09,-2.24922e+09,-3.56471e+07,-4.76313e+08,0.000985738,0.000151329,-8.64117e-23
0,2.18693e+09,-1.43628e+07,3.39307e+08,-3.97497e+09,6.12209e+07,-2.5842e+08,-3.79755e+08,0.000905246,0.000140451,-1.1753e-24
0,1.95002e+09,-3.15366e+07,3.05812e+08,7.91847e+09,-3.01882e+09,2.30225e+08,-4.35022e+08,0.00103734,0.000162681,1.07535e-22
0,1.93943e+09,-2.22103e+07,3.07353e+08,-1.92138e+08,1.03345e+09,-2.96735e+08,-9.9031e+08,0.000999552,0.000158404,-1.77565e-26
0,2.05168e+09,-4.52505e+07,3.07872e+08,-6.71853e+09,-7.05525e+08,1.9017e+08,-9.49485e+08,0.000981807,0.000147328,-3.12996e-23
0,2.00233e+09,-2.89105e+06,3.30407e+08,-1.10566e+09,3.42683e+08,-8.83367e+07,-7.79239e+08,0.000935855,0.000154427,-7.45414e-26
0,1.81628e+09,-5.60838e+06,2.36162e+08,1.10143e+09,-3.56245e+08,6.16939e+08,-1.37632e+09,0.00113901,0.000148099,-1.04776e-24
0,2.24006e+09,4.17238e+07,3.23442e+08,-4.58709e+09,-6.03547e+08,4.13246e+08,1.72103e+08,0.000894411,0.000129144,8.75802e-26
0,2.2176e+09,-1.30063e+07,3.30369e+08,-4.12499e+09,-5.6981e+08,1.18383e+08,-4.36367e+08,0.000929641,0.000138494,-1.89202e-24
0,2.27621e+09,2.87991e+06,3.44603e+08,-4.66985e+08,-1.91786e+08,-1.0275e+08,-6.08578e+07,0.000901817,0.000136529,2.46621e-29
0,2.15032e+09,-3.78827e+07,3.28706e+08,-8.74603e+09,2.00007e+08,-1.49066e+08,-4.46232e+08,0.000912796,0.000139534,-1.68099e-23
0,2.03804e+09,-6.80845e+06,3.25871e+08,5.40673e+08,-1.13642e+08,1.52356e+08,-9.66648e+08,0.000983384,0.000157238,-3.36147e-26
0,2.01442e+09,3.13968e+07,3.0729e+08,9.65541e+09,-2.01226e+08,-3.16226e+08,-8.93622e+08,0.000966773,0.000147476,8.27564e-23
0,1.94851e+09,-3.52943e+07,3.10646e+08,-3.8584e+09,-1.25536e+09,-1.72293e+07,-1.17389e+09,0.0010462,0.000166793,-1.73625e-23
0,2.24684e+09,-1.65839e+07,3.22844e+08,5.74697e+09,-1.27877e+09,-2.40668e+08,-9.35308e+07,0.000918947,0.000132042,3.23118e-24
0,1.91726e+09,4.0271e+07,3.15383e+08,8.23611e+09,-7.70141e+08,3.59237e+07,-9.02882e+08,0.00101578,0.000167093,8.57674e-23
0,2.26021e+09,4.30779e+06,3.18864e+08,-1.96944e+09,-1.53433e+09,-3.53556e+08,-4.99446e+08,0.000963545,0.000135934,-1.25487e-24
0,2.14013e+09,-1.2013e+07,3.37239e+08,-3.10941e+09,-3.38131e+08,-2.54308e+08,-5.05081e+08,0.000936417,0.00014756,-8.02294e-25
0,2.26438e+09,1.51419e+06,3.45041e+08,1.75433e+09,-1.96118e+07,2.20338e+08,-4.39081e+07,0.000886165,0.000135032,6.40314e-27
0,2.04407e+09,-9.28045e+06,3.16365e+08,-6.40323e+08,-6.33055e+06,-4.2848e+08,-7.34714e+08,0.00100382,0.000155364,5.03337e-26
0,2.12438e+09,-1.25512e+06,3.20447e+08,1.14221e+09,-7.10577e+08,-3.95187e+08,-8.66247e+08,0.000995678,0.000150191,8.01224e-26
0,2.09746e+09,-3.07981e+07,2.827e+08,3.12542e+09,-8.21723e+08,2.65406e+08,-6.25238e+08,0.00102641,0.000138342,2.15104e-24
0,2.0524e+09,-2.29001e+07,3.26524e+08,-6.18608e+09,-2.63395e+08,-2.57688e+08,-9.08999e+08,0.00100079,0.000159219,-2.23419e-23
0,2.26467e+09,164741,3.44649e+08,-1.43922e+09,-1.82447e+08,-1.21956e+08,-7.15427e+07,0.000896393,0.000136417,-3.00304e-27
0,2.00218e+09,-1.40122e+07,3.16654e+08,-7.03715e+08,1.42296e+09,3.80905e+08,-8.99558e+08,0.00093595,0.000148025,2.75617e-26
0,2.15322e+09,2.64751e+07,3.00094e+08,5.39224e+09,-2.29249e+09,1.34373e+08,-1.03301e+09,0.00105826,0.000147489,4.07723e-23
0,2.08385e+09,4.32444e+06,3.34253e+08,4.52987e+09,5.19666e+08,1.7175e+08,-5.9512e+08,0.000906659,0.00014543,3.80108e-24
0,2.15962e+09,1.24109e+07,3.32703e+08,5.4748e+09,-2.69185e+07,1.1205e+08,-6.3611e+08,0.000939316,0.000144707,6.38641e-24
0,2.19749e+09,7.91319e+06,3.3758e+08,1.3712e+09,-4.90937e+08,2.10739e+08,-5.2674e+08,0.000957116,0.000147033,9.04701e-26
0,2.1558e+09,-4.29115e+07,3.15354e+08,-1.04227e+10,-1.21692e+09,1.70905e+07,-8.58805e+08,0.00101527,0.000148515,-9.72618e-23
0,2.1758e+09,-1.02597e+07,3.22561e+08,-5.28236e+09,-1.38209e+09,-6.05425e+08,-7.37399e+08,0.00099786,0.000147932,-6.20266e-24
0,2.11767e+09,-3.37408e+07,3.22127e+08,-1.04846e+10,-1.09256e+09,-5.22954e+08,-7.777e+08,0.00100496,0.000152869,-7.11803e-23
0,1.73709e+09,9.27432e+06,2.88884e+08,5.93569e+09,1.04041e+09,8.4452e+07,-9.14944e+08,0.00108974,0.000181227,7.7922e-23
0,1.92706e+09,-4.41084e+06,3.27419e+08,-5.48209e+09,5.9214e+08,-2.74505e+08,-9.05831e+08,0.00096852,0.000164557,-2.09162e-23
0,1.90302e+09,2.71957e+07,3.30088e+08,-8.41965e+08,1.37153e+09,-1.89989e+08,-6.16603e+08,0.000901933,0.000156445,8.81772e-26
0,2.18687e+09,-7.72232e+06,3.27981e+08,-4.14256e+09,-9.86743e+08,-5.47748e+08,-5.74456e+08,0.000995489,0.000149301,-1.63522e-24
0,2.19928e+09,-2.50648e+06,3.44724e+08,-1.53503e+09,-1.10423e+08,-2.88271e+07,-2.96753e+07,0.000887228,0.000139068,-3.83866e-27
0,1.84523e+09,-2.03357e+07,2.39549e+08,-2.64017e+09,-9.95231e+08,7.53434e+07,-1.4257e+09,0.00114504,0.00014865,-1.29093e-23
0,1.81802e+09,-9.90691e+07,2.97731e+08,-1.14925e+09,-7.41931e+08,3.28609e+07,-7.47359e+08,0.00100381,0.000164389,-6.03058e-25
0,2.05359e+09,-4.70814e+07,3.22249e+08,-1.11121e+10,-3.49874e+08,-5.90474e+08,-7.62741e+08,0.000967029,0.000151746,-8.82097e-23
0,2.16483e+09,4.04869e+06,3.34529e+08,3.41252e+08,-3.31106e+08,1.24931e+08,-5.72002e+08,0.000949014,0.00014665,7.16968e-27
0,2.29338e+09,-7.73875e+06,3.29975e+08,-3.32139e+08,-1.47015e+08,1.66803e+08,-1.46826e+08,0.000886951,0.000127616,-8.83421e-29
0,2.13311e+09,-1.76294e+07,3.27101e+08,-6.00124e+09,-8.58076e+08,-4.71516e+08,-6.11936e+08,0.000971042,0.000148904,-7.48885e-24
0,2.03832e+09,-4.12173e+07,2.90989e+08,-6.0298e+09,-1.79238e+08,2.22173e+08,-6.83543e+08,0.00101274,0.000144577,-1.83776e-23
0,1.9155e+09,-6.30112e+06,2.58633e+08,7.30069e+09,9.2529e+08,1.08791e+08,-9.6649e+08,0.00115577,0.000156054,1.25522e-22
0,2.0629e+09,3.19304e+07,3.22072e+08,-7.02109e+09,-1.18434e+09,-7.09443e+07,-4.80895e+08,0.000991075,0.000154732,-1.95709e-23
0,2.1548e+09,-2.73025e+07,3.31736e+08,-4.14625e+09,-2.81681e+08,-2.56244e+08,-7.11923e+08,0.000969292,0.000149224,-3.35564e-24
0,2.05157e+09,-4.95604e+07,3.24697e+08,-1.12493e+10,1.55088e+08,-4.83107e+08,-6.55792e+08,0.000943351,0.000149302,-7.86402e-23
0,2.13063e+09,-1.14527e+06,3.42209e+08,-4.68993e+08,-1.22053e+07,3.01834e+07,-5.50954e+06,0.000878897,0.000141163,-3.71138e-29
0,2.17998e+09,-7.94082e+06,3.1102e+08,-3.69469e+09,-2.12249e+09,2.65681e+08,-7.7206e+08,0.00101771,0.000145198,-1.34458e-23
0,1.97949e+09,-1.7402e+07,3.24723e+08,-5.44546e+09,-1.94763e+09,-5.86772e+08,-4.75566e+07,0.000967433,0.000158702,2.26483e-24
0,2.32629e+09,1.0442e+07,3.29351e+08,2.4651e+09,-1.2249e+09,-8.15429e+07,-3.02465e+08,0.00092799,0.000131383,7.22013e-25
0,2.2276e+09,1.36885e+06,3.44947e+08,4.15464e+08,1.30885e+07,9.4479e+07,-6.98773e+07,0.000893326,0.000138333,2.04945e-28
0,2.01843e+09,1.1978e+07,2.68018e+08,-4.23691e+09,2.57609e+08,-4.37261e+07,7.05598e+08,0.00106699,0.000141681,8.63799e-24
0,1.77952e+09,-4.71134e+06,3.10391e+08,1.32075e+10,-6.62103e+08,4.62072e+08,4.34695e+08,0.000946784,0.000165142,-1.99177e-22
0,2.20134e+09,1.54118e+07,3.34588e+08,4.91732e+08,-4.60388e+08,1.31232e+08,-5.86405e+08,0.000959868,0.000145893,2.27365e-26
0,2.10656e+09,-9.86839e+06,3.29036e+08,-6.64921e+09,-9.43455e+08,-1.45512e+08,-5.01606e+08,0.000961299,0.000150151,-1.17408e-23
0,2.21075e+09,1.25687e+07,3.37616e+08,3.65852e+09,-4.12518e+08,2.69651e+08,-5.03548e+08,0.000951463,0.000145303,1.2022e-24
0,1.98014e+09,2.44415e+07,3.17718e+08,-8.55357e+09,-1.87757e+09,-3.8029e+08,-2.42787e+08,0.000945852,0.000151764,-1.24088e-23
0,1.99866e+09,2.93937e+07,3.20566e+08,5.52831e+09,2.25833e+08,-1.2409e+08,-7.2264e+08,0.00097208,0.000155912,1.28322e-23
0,2.08967e+09,-5.62529e+07,3.06399e+08,-9.59198e+09,-1.02131e+09,330748,-9.9946e+08,0.00103841,0.000152258,-1.11872e-22
0,1.95177e+09,-8.80365e+06,3.05333e+08,-1.39977e+10,-1.70096e+09,-2.4464e+07,-7.1377e+08,0.00103267,0.00016155,-3.57119e-22
0,1.91563e+09,4.99955e+07,2.7646e+08,1.31849e+10,7.49093e+08,-5.2127e+08,-7.89897e+08,0.000966689,0.00013951,2.11311e-22
0,1.82533e+09,3.07879e+07,2.56255e+08,-6.14618e+09,-3.12776e+09,-2.35228e+08,3.3321e+08,0.000975017,0.000136881,-2.89777e-23
0,2.19924e+09,-1.64873e+06,3.39308e+08,1.43175e+09,1.03263e+08,-3.82872e+07,-3.50348e+08,0.000892687,0.000137728,4.20964e-26
0,1.83838e+09,-6.2385e+07,3.07944e+08,5.10227e+09,6.73122e+08,1.12887e+08,-2.76507e+08,0.00102327,0.000171406,8.87645e-24
0,2.14221e+09,-2.20539e+07,3.37723e+08,-3.99515e+09,3.36938e+07,-4.73627e+08,-5.1267e+08,0.00092867,0.000146406,-1.93638e-24
0,1.9746e+09,-4.10582e+07,3.01201e+08,-5.14953e+09,1.55206e+09,-2.01833e+08,-5.84535e+08,0.00088663,0.000135244,-6.40241e-24
0,1.97394e+09,3.80783e+07,2.94718e+08,-1.99516e+09,-2.0987e+08,-3.17853e+08,-6.88514e+08,0.00101369,0.000151349,-5.23703e-25
0,2.23487e+09,2.46348e+07,3.00441e+08,-7.67427e+09,-1.27628e+08,3.80918e+07,1.47776e+08,0.00101224,0.000136079,5.0272e-24
0,2.20874e+09,1.11375e+07,3.30443e+08,-1.20666e+09,-5.7217e+08,-1.95275e+08,1.04742e+08,0.000860324,0.000128711,1.52151e-26
0,2.04663e+09,-2.92206e+07,3.20453e+08,6.21405e+07,8.58502e+08,2.91903e+08,-7.33802e+08,0.000918421,0.000143802,2.34337e-27
0,2.2111e+09,1.81818e+06,3.44509e+08,4.40006e+08,3.94661e+07,4.79219e+07,-1.39697e+08,0.000893942,0.000139284,5.08711e-28
0,2.11917e+09,-2.6762e+07,3.27211e+08,3.58199e+09,8.08444e+08,5.5057e+08,-5.21014e+08,0.000918981,0.000141895,2.70741e-24
0,2.10681e+09,-4.43311e+06,3.34595e+08,-1.02903e+09,2.65842e+07,-1.06621e+08,-6.10432e+08,0.000934316,0.000148385,-2.86486e-26
0,2.23631e+09,4.82749e+07,3.18325e+08,5.73456e+09,-6.12732e+08,-1.12642e+08,-4.14435e+08,0.000935333,0.000133139,4.57167e-24
0,2.05019e+09,-7.31706e+07,3.11919e+08,-1.15231e+10,4.78224e+08,-2.67986e+07,-8.66453e+08,0.000985578,0.000149947,-1.36344e-22
0,1.91877e+09,-1.12916e+07,3.18128e+08,4.34294e+09,1.79271e+09,8.69474e+08,-9.03938e+08,0.000920531,0.000152622,1.74755e-23
0,1.95461e+09,-4.24703e+07,3.11529e+08,5.44791e+09,9.84414e+08,-1.93644e+08,-2.95331e+08,0.00106027,0.000168987,4.92245e-24
0,2.28604e+09,2.14308e+07,3.28403e+08,-6.3015e+09,3.96072e+08,5.42198e+07,1.525e+08,0.000940358,0.000135088,1.97195e-24
0,2.26628e+09,1.37828e+07,3.25901e+08,5.28274e+09,-1.28943e+09,-2.57909e+07,-4.45052e+08,0.000950475,0.000136682,5.29294e-24
0,1.94907e+09,-1.37881e+07,3.30073e+08,-3.49062e+09,1.21977e+09,-1.81177e+08,-8.03698e+08,0.000905944,0.000153421,-3.53726e-24
0,1.97041e+09,-3.89092e+07,2.95954e+08,-6.6466e+09,8.03536e+08,-1.11926e+08,-8.98911e+08,0.000967118,0.00014526,-3.14344e-23
0,1.80122e+09,-2.22438e+07,2.56886e+08,-1.74286e+08,-5.79513e+08,2.43063e+08,-1.46179e+09,0.00112092,0.000159863,7.37008e-25
0,1.9876e+09,-5.55772e+07,3.10783e+08,-1.09479e+10,1.0472e+09,2.25043e+08,-8.79693e+08,0.000952524,0.000148938,-1.08258e-22
0,2.05705e+09,1.09645e+07,3.10149e+08,4.86107e+09,4.29128e+07,-1.00548e+08,-9.19724e+08,0.000961037,0.000144899,9.03384e-24
0,2.07872e+09,8.15596e+06,3.34511e+08,-5.70955e+08,1.33825e+08,9.9233e+07,-6.82562e+08,0.000945416,0.000152138,3.37566e-27
0,2.23539e+09,1.94104e+07,3.31832e+08,4.84354e+09,-5.16032e+08,4.99895e+07,-4.41671e+08,0.000916877,0.000136106,2.36872e-24
0,2.21756e+09,1.54203e+06,3.44486e+08,5.12847e+08,5.50773e+06,3.15871e+07,-1.42086e+08,0.000896269,0.00013923,7.60051e-28
0,2.17348e+09,2.62705e+07,2.95821e+08,2.56338e+09,-8.22037e+08,1.24061e+08,1.9462e+07,0.00103372,0.000140695,3.97845e-26
0,1.82631e+09,5.76341e+07,2.812e+08,1.05467e+10,1.33762e+09,-5.2403e+08,-1.32438e+09,0.0009925,0.000152817,2.52421e-22
0,2.03587e+09,-1.24325e+06,3.34427e+08,-3.99843e+09,1.52128e+08,-1.89556e+08,-6.67054e+08,0.000932319,0.00015315,-3.44879e-24
0,2.08177e+09,-2.83099e+07,3.14631e+08,2.43762e+09,1.33419e+09,-2.89185e+08,-9.62139e+07,0.00107586,0.000162601,-1.85172e-24
0,1.78145e+09,1.78711e+06,3.0806e+08,-7.11085e+09,-1.05397e+09,-4.22024e+08,-1.03263e+09,0.0010404,0.000179913,-8.9844e-23
0,1.90853e+09,6.25338e+07,2.72608e+08,-6.06681e+09,-2.94152e+09,4.05838e+08,5.50167e+08,0.00103871,0.000148366,-3.74759e-23
0,2.13887e+09,-2.9196e+06,3.25209e+08,1.16777e+08,-9.81428e+08,-5.16159e+08,-4.79611e+08,0.00100921,0.000153448,-2.37995e-25
0,2.11338e+09,-1.03337e+07,3.37451e+08,-3.30243e+09,-1.30758e+07,-2.51767e+08,-4.98155e+08,0.000919348,0.000146796,-1.06451e-24
0,2.28025e+09,1.25156e+07,3.32908e+08,-4.44805e+09,-1.14912e+08,-1.46811e+07,1.43055e+08,0.00089743,0.000131021,4.79253e-25
0,2.15403e+09,2.38711e+07,3.28144e+08,-2.09127e+09,-3.14237e+08,-4.73058e+08,-9.47844e+07,0.000931723,0.000141939,1.18557e-25
0,2.09829e+09,2.0826e+07,3.30402e+08,2.49684e+09,1.05327e+09,3.28388e+08,-5.38742e+08,0.000926003,0.000145811,9.48898e-25
0,2.01311e+09,2.74848e+07,3.11823e+08,1.21716e+10,1.15481e+09,-6.87187e+07,-3.84669e+08,0.000953458,0.000147687,6.09534e-23
0,2.06974e+09,9.48614e+06,2.80837e+08,4.32275e+09,-1.45069e+09,3.92185e+08,-9.31741e+08,0.00109432,0.000148485,1.54302e-23
0,2.07589e+09,2.13993e+07,2.81731e+08,-1.45786e+09,-2.72987e+09,-1.70348e+06,1.23706e+08,0.00103667,0.000140692,-6.82881e-24
0,2.22758e+09,1.09831e+06,3.44852e+08,2.24908e+08,-1.77473e+07,4.87661e+06,-8.91489e+07,0.000898402,0.000139082,3.68827e-29
0,2.06783e+09,114436,3.37089e+08,-3.32136e+09,7.39858e+08,-1.96227e+08,-4.8676e+08,0.000886798,0.000144562,-1.31039e-24
0,2.29474e+09,-6.97887e+06,3.37258e+08,-2.54311e+09,-8.38638e+08,-8.16308e+07,-4.21859e+08,0.000943381,0.000138649,-5.12012e-25
0,2.12664e+09,-2.49536e+07,3.08998e+08,-2.7267e+09,-7.62067e+08,1.07867e+08,-7.73725e+08,0.000954839,0.000138737,-1.57283e-24
0,2.06113e+09,3.73101e+07,3.30095e+08,6.38731e+09,1.42005e+08,5.12223e+08,-8.66382e+08,0.000982525,0.000157354,2.24085e-23
0,1.95012e+09,9.70298e+06,2.91168e+08,-1.18916e+10,-1.57149e+09,2.43492e+07,-7.73629e+08,0.00110714,0.000165304,-3.47131e-22
0,2.17931e+09,1.02818e+07,3.2958e+08,-2.71905e+09,-3.31502e+08,-4.55642e+08,-1.70871e+08,0.00092217,0.000139461,5.43574e-26
0,1.91825e+09,2.37181e+07,3.06016e+08,-1.42106e+09,-1.76629e+09,-1.085e+07,-8.19642e+08,0.00100793,0.000160794,-4.54969e-24
0,2.21004e+09,2.87673e+07,3.26427e+08,3.05371e+08,2.06686e+08,1.68103e+08,-6.67652e+07,0.000861042,0.000127178,6.46118e-28
0,2.01775e+09,-1.36933e+07,3.31548e+08,8.21187e+08,1.61103e+08,1.29621e+08,-6.75161e+08,0.000923808,0.000151796,1.34097e-26
0,2.07463e+09,8.72415e+06,3.27543e+08,4.77345e+09,5.54621e+08,4.99032e+07,-7.71839e+08,0.000927677,0.000146462,6.10851e-24
0,2.06911e+09,-2.43464e+06,3.42873e+08,-1.79825e+08,-4.72627e+07,2.32737e+07,-3.71228e+08,0.000963062,0.00015959,6.2494e-28
0,2.10179e+09,2.49334e+07,3.35206e+08,3.30506e+09,5.79197e+08,2.19453e+08,-5.00978e+07,0.000950992,0.00015167,4.01712e-25
0,2.04951e+09,-3.1381e+07,3.2652e+08,4.56049e+09,-9.1981e+08,1.99432e+08,-9.96798e+07,0.00091437,0.000145674,4.06493e-25
0,2.22858e+09,967510,3.45048e+08,-5.02154e+07,-1.23621e+07,-1.07339e+07,-3.82567e+07,0.000898431,0.000139103,-8.03115e-32
0,2.11474e+09,1.94684e+07,3.17061e+08,-3.0443e+09,1.33009e+07,8.82214e+07,-6.64127e+08,0.000939446,0.00014085,-1.22986e-24
0,2.13829e+09,8.99237e+06,3.1558e+08,1.89909e+08,-1.01161e+09,1.87602e+08,-8.17905e+08,0.000988218,0.000145846,2.16651e-25
0,1.93233e+09,4.18817e+07,3.23323e+08,3.04944e+09,1.43605e+09,-2.48431e+08,-8.99441e+08,0.000950231,0.000158996,1.56723e-24
0,1.93291e+09,-7.48919e+06,2.97503e+08,2.44111e+09,2.00787e+09,-1.6886e+08,-7.87866e+08,0.000915578,0.000140921,-9.43086e-25
0,2.14862e+09,-1.12446e+07,3.41612e+08,-3.20057e+09,2.11021e+07,-4.57195e+08,-2.79453e+08,0.00090279,0.000143536,-4.6435e-25
0,1.96749e+09,-1.12032e+07,2.85752e+08,-1.9481e+09,-5.47102e+08,5.53788e+08,-1.14489e+09,0.00109653,0.000159256,-1.22241e-24
0,2.21863e+09,943076,3.44811e+08,-2.11289e+08,-1.30457e+07,-2.85967e+07,-9.73911e+07,0.000896622,0.00013935,-2.71277e-29
0,1.87234e+09,-2.61557e+07,3.20581e+08,-3.59011e+09,2.4406e+07,-4.91502e+08,-1.10227e+09,0.000997939,0.000170866,-7.50678e-24
0,2.03897e+09,1.86475e+07,3.00647e+08,7.46964e+09,-2.96805e+08,1.82984e+08,-4.62178e+08,0.00102201,0.000150696,2.32086e-23
0,1.99337e+09,-2.885e+07,2.77881e+08,-3.91131e+09,-3.18052e+09,-5.3327e+08,1.61941e+08,0.00100917,0.000140682,-2.25116e-23
0,2.17473e+09,6.96942e+06,3.3334e+08,1.09178e+09,-5.31185e+08,3.11467e+08,-5.52805e+08,0.00094241,0.000144452,4.70638e-26
0,2.03182e+09,3.94126e+07,2.8789e+08,6.5145e+09,-2.2617e+09,2.06357e+08,-1.30334e+09,0.00110003,0.000155864,1.07988e-22
0,2.2218e+09,5.15104e+07,2.9779e+08,8.19458e+09,-1.83009e+09,-1.97115e+08,-5.44543e+08,0.000994275,0.000133264,3.63419e-23
0,2.22558e+09,9.3122e+06,3.04347e+08,9.70821e+09,1.25638e+09,8.81433e+07,3.15119e+08,0.00103627,0.000141709,-2.71269e-23
0,2.1721e+09,6.26161e+06,3.29696e+08,6.3327e+09,-2.81203e+08,4.23981e+08,-6.16754e+08,0.000952473,0.000144573,8.95702e-24
0,1.98437e+09,5.79934e+06,3.23101e+08,5.53502e+09,1.36187e+09,4.29339e+08,-8.8103e+08,0.000922712,0.000150239,1.77334e-23
0,1.95363e+09,-3.3036e+07,2.7967e+08,-4.11983e+09,2.62649e+07,5.8234e+08,-1.1405e+09,0.00109064,0.000156128,-1.49223e-23
0,2.09139e+09,-3.30242e+06,3.38064e+08,2.65045e+08,1.95691e+08,-2.48369e+06,-4.86587e+08,0.000912617,0.000147521,-6.71562e-28
0,2.32459e+09,3.69787e+06,3.28694e+08,1.65576e+09,-9.06972e+08,-4.45278e+07,-2.32956e+08,0.000919497,0.000130015,1.78707e-25
0,2.05041e+09,-2.47431e+07,3.3591e+08,4.03359e+09,-7.34396e+08,1.57902e+08,-2.35078e+07,0.00094907,0.000155482,-8.73597e-26
0,1.88973e+09,5.31862e+07,3.10761e+08,7.6723e+09,8.31444e+08,-2.68445e+08,-6.95271e+08,0.000920486,0.000151372,3.02563e-23
0,1.91936e+09,6.1119e+07,3.13175e+08,3.70393e+09,1.49585e+09,-4.32008e+08,-9.48584e+08,0.000943372,0.000153926,2.5061e-24
0,1.82098e+09,1.06237e+07,2.45487e+08,6.20739e+08,6.1753e+08,-4.20286e+07,-1.34001e+09,0.0010776,0.000145272,-1.46152e-25
0,1.74723e+09,1.41547e+07,2.84967e+08,-5.51305e+09,-9.64325e+07,-4.019e+08,-9.76998e+08,0.000977641,0.00015945,-3.33592e-23
0,2.18526e+09,-8.06076e+06,3.39989e+08,-5.71988e+08,-3.8005e+08,1.98276e+07,-2.02825e+08,0.000949193,0.000147678,-8.98809e-27
0,1.91654e+09,-1.9508e+07,2.95935e+08,-6.56035e+09,-1.12075e+08,1.06276e+08,-1.95667e+08,0.000964348,0.000148906,-7.31582e-24
0,2.29493e+09,-1.96745e+06,3.18074e+08,4.81055e+08,-1.57605e+09,-4.41565e+07,-3.10241e+08,0.000935474,0.000129655,1.88842e-25
0,2.04386e+09,-1.20142e+07,3.35891e+08,-3.79334e+09,7.72958e+08,-1.88144e+08,-5.22748e+08,0.000887785,0.0001459,-2.14703e-24
0,2.12052e+09,1.2667e+07,3.336e+08,5.63954e+09,-1.62862e+08,1.07268e+08,-6.29317e+08,0.000950636,0.000149554,7.96571e-24
0,1.99067e+09,1.09669e+07,3.17731e+08,6.63893e+08,-4.15263e+08,-9.44673e+06,-1.26307e+09,0.00101512,0.000162023,-6.4499e-26
0,1.97062e+09,-9.93763e+06,3.2005e+08,-4.03714e+09,-2.24729e+08,4.18627e+08,-8.27966e+08,0.00098296,0.000159644,-6.73575e-24
0,2.07052e+09,2.01467e+07,3.35277e+08,4.27283e+09,-2.79416e+08,5.88889e+08,-6.85642e+08,0.000979706,0.000158643,3.64746e-24
0,2.08989e+09,-1.06296e+07,3.13416e+08,-4.49532e+08,-7.0059e+08,4.84083e+08,-8.67661e+08,0.00100091,0.000150104,1.92481e-25
0,2.20995e+09,-1.59758e+07,3.28336e+08,4.61787e+09,6.20543e+08,5.165e+07,-4.86479e+07,0.000976681,0.000145107,3.30849e-25
0,2.12583e+09,-2.16422e+07,3.34445e+08,-5.96627e+09,-2.36461e+08,-4.9569e+08,-5.86265e+08,0.000993542,0.000156309,-9.53388e-24
0,2.31903e+09,1.3529e+07,3.32444e+08,3.09856e+09,-8.14714e+08,-9.61035e+07,-2.43064e+08,0.000911173,0.000130621,5.19598e-25
0,1.96466e+09,-3.59476e+07,2.77372e+08,9.44467e+09,5.21854e+07,3.26477e+08,6.31149e+08,0.000972041,0.000137233,-6.19754e-23
0,2.188e+09,-1.8485e+07,3.34695e+08,2.88986e+09,-2.49892e+08,2.73395e+07,-3.16143e+08,0.000978536,0.000149685,5.46043e-25
0,2.0457e+09,2.80916e+07,3.13756e+08,5.62265e+09,-6.62658e+08,-3.64016e+08,-1.02479e+09,0.00101521,0.000155706,2.4409e-23
0,2.20468e+09,1.35083e+07,2.81036e+08,-2.12416e+09,-2.04002e+09,-4.40639e+08,-5.84561e+08,0.00103959,0.000132519,-5.29306e-24
0,1.91437e+09,-4.20947e+07,2.92485e+08,-5.28565e+09,-1.42372e+09,4.01765e+08,-1.47515e+09,0.00113211,0.000172967,-8.72897e-23
0,1.88714e+09,1.66784e+07,2.695e+08,-5.60495e+09,-1.39337e+08,5.22304e+08,-1.12097e+09,0.00105236,0.000150287,-4.10616e-23
0,2.09621e+09,2.42976e+07,3.34159e+08,3.60789e+09,-1.64275e+08,4.51208e+08,-7.31654e+08,0.000980098,0.000156239,2.4992e-24
0,2.05299e+09,3.8788e+07,3.05289e+08,7.93932e+09,-8.78204e+08,-3.01516e+08,-9.74053e+08,0.00101306,0.000150646,6.44037e-23
0,2.25668e+09,4.26082e+06,3.36968e+08,2.2713e+09,-8.29853e+08,2.46121e+07,-4.63067e+08,0.000977285,0.000145929,5.93854e-25
0,1.969e+09,-1.0397e+07,3.10229e+08,7.96876e+09,3.31941e+08,6.14984e+08,2.61471e+08,0.0010616,0.000167262,-1.56808e-23
0,2.13867e+09,8.89866e+06,3.28152e+08,-1.10718e+09,-5.39354e+08,2.47052e+08,-7.83807e+08,0.000971719,0.000149098,-8.48944e-26
0,2.12802e+09,102585,3.34772e+08,1.09776e+09,7.56786e+07,4.59218e+07,-5.98854e+08,0.000923183,0.000145232,3.52376e-26
0,1.96674e+09,-1.73329e+07,3.11104e+08,6.60582e+09,-1.55063e+09,7.61718e+07,-2.46966e+08,0.000908785,0.000143754,9.89345e-24
0,1.88014e+09,-2.4513e+07,2.98525e+08,-1.34108e+08,1.67818e+09,2.9997e+07,-1.07519e+09,0.000969215,0.00015389,2.33794e-26
0,2.22403e+09,-1.85284e+07,3.3402e+08,3.11837e+08,-4.40482e+08,-9.54159e+07,-3.34328e+08,0.000983535,0.000147714,2.73445e-27
0,2.07571e+09,-7.69893e+07,3.00579e+08,-6.72827e+09,6.57908e+08,4.68289e+08,-8.40983e+08,0.000947599,0.000137219,-1.71259e-23
0,2.13196e+09,-1.20797e+07,3.41993e+08,-1.59387e+09,2.63825e+08,1.55998e+06,-2.15329e+08,0.000865507,0.000138838,-3.81965e-26
0,1.95335e+09,-4.22714e+07,3.19865e+08,2.38002e+09,2.70956e+08,4.56666e+08,-5.59396e+08,0.000924366,0.000151367,8.86612e-25
0,2.12596e+09,3.11176e+07,3.25985e+08,7.7407e+09,-3.11146e+08,1.67334e+08,-6.12468e+08,0.000939663,0.000144084,1.84947e-23
0,2.00074e+09,-2.56162e+07,3.20174e+08,-3.13734e+09,7.55576e+07,3.73693e+08,-8.43834e+08,0.000988725,0.000158224,-2.66409e-24
0,1.81605e+09,7.08639e+06,2.57013e+08,-6.50204e+08,1.51075e+08,1.20069e+08,-1.40929e+09,0.00110832,0.000156854,4.53175e-25
0,2.12683e+09,2.69743e+07,3.00606e+08,3.39085e+09,-8.2425e+08,-1.96263e+08,-6.92119e+08,0.000977455,0.000138153,3.11785e-24
0,2.19911e+09,1.32274e+07,3.11504e+08,3.72642e+09,-1.87049e+09,1.91845e+08,-7.84751e+08,0.00101177,0.000143317,8.98808e-24
0,2.18743e+09,-2.86764e+07,3.32391e+08,-2.10135e+09,-2.49474e+08,-4.22825e+08,-2.45441e+08,0.000974066,0.000148014,-1.08861e-26
0,2.18753e+09,4.07903e+06,3.37484e+08,-1.34348e+09,-4.52751e+08,1.50211e+08,-4.57913e+08,0.000970709,0.000149757,-1.16437e-25
0,1.90318e+09,-2.68762e+07,3.1425e+08,-1.79314e+09,1.18123e+09,4.33548e+08,-1.02565e+09,0.000965695,0.000159454,-2.81698e-25
0,2.05299e+09,-5.15081e+06,3.42422e+08,3.76051e+08,3.13814e+06,6.49924e+07,-4.06833e+08,0.000962233,0.000160493,-5.27026e-28
0,2.06849e+09,-8.29809e+07,2.96295e+08,-5.06165e+08,-1.78494e+09,5.65616e+07,-4.46294e+08,0.000967649,0.000138608,-5.80738e-25
0,2.1171e+09,8.43025e+06,3.16808e+08,1.72852e+09,-1.63547e+09,-1.14868e+08,-9.46834e+08,0.00104771,0.000156782,3.48184e-24
0,2.08179e+09,-1.14861e+07,3.22689e+08,-2.31671e+09,-7.28348e+08,-4.55232e+08,-9.76179e+08,0.00102521,0.000158913,-1.04614e-24
0,2.00381e+09,-7.26404e+06,3.30672e+08,2.68434e+09,4.42642e+08,2.29517e+08,-6.37753e+08,0.000924935,0.000152634,1.21286e-24
0,2.20484e+09,3.62313e+07,3.3123e+08,4.79416e+09,5.12114e+08,-1.7693e+07,-3.3354e+08,0.000882914,0.000132639,1.47961e-24
0,2.2447e+09,3.27624e+07,3.269e+08,5.98873e+09,-7.08588e+08,-2.50873e+08,-3.691e+08,0.000931382,0.000135639,5.07186e-24
0,1.91514e+09,2.44343e+06,3.28454e+08,1.7275e+09,2.66414e+08,1.71562e+08,-1.0501e+09,0.00098543,0.000169005,5.73304e-25
0,2.049e+09,-2.82427e+07,3.23622e+08,6.32417e+08,4.42347e+08,2.49784e+08,-7.53495e+08,0.00095712,0.000151169,1.81024e-26
0,1.98301e+09,-2.66054e+07,3.2014e+08,-8.00795e+08,9.07481e+08,5.02061e+08,-8.34965e+08,0.000977328,0.000157781,-9.9347e-28
0,1.82907e+09,-6.15399e+07,2.82046e+08,-3.92974e+09,9.45732e+08,1.08164e+09,-1.55826e+09,0.0010576,0.000163084,-1.24582e-23
0,2.13255e+09,1.31507e+07,3.2119e+08,5.67317e+09,-1.24446e+09,-1.20548e+08,-7.23391e+08,0.000981515,0.000147829,1.51038e-23
0,2.28218e+09,-8.37853e+06,3.24276e+08,9.86511e+08,-5.17381e+08,1.68706e+08,-2.99074e+08,0.000916571,0.000130236,2.37388e-26
0,2.07252e+09,-5.36164e+07,2.92676e+08,4.17506e+09,-9.49711e+08,-3.67997e+08,4.67638e+08,0.00102415,0.000144627,-1.89017e-24
0,2.1678e+09,-2.80234e+07,2.96736e+08,1.30129e+09,-7.04314e+08,-4.25158e+08,1.85618e+08,0.000901415,0.000123389,3.47816e-26
0,2.04359e+09,2.39678e+07,3.12624e+08,-2.62117e+09,5.87743e+08,-2.75687e+08,-9.70879e+08,0.000959321,0.000146755,-1.82779e-24
0,1.9431e+09,-5.46718e+07,3.20867e+08,4.81214e+09,-5.76669e+08,5.24796e+07,-1.24278e+08,0.000945837,0.000156187,1.54927e-24
0,2.20062e+09,-1.81883e+07,3.0612e+08,-2.57162e+09,-2.22938e+09,-8.87569e+07,-8.5292e+08,0.00103621,0.000144144,-9.62854e-24
0,1.97786e+09,5.45817e+06,3.24689e+08,2.46306e+09,7.73699e+07,2.29165e+08,-1.13376e+09,0.00100174,0.000164447,1.76748e-24
0,2.1718e+09,-9.26297e+06,3.29293e+08,326568,-6.28757e+08,3.157e+07,-6.95271e+08,0.000970431,0.000147139,7.45348e-27
0,1.88838e+09,-2.1265e+07,3.29922e+08,1.22181e+08,8.62952e+08,-1.196e+08,-2.84025e+07,0.00101008,0.000176472,1.16222e-26
0,1.95344e+09,4.37034e+07,2.98654e+08,-2.98088e+09,-1.47037e+09,1.06845e+08,-1.09424e+09,0.00105794,0.000161745,-1.2276e-23
0,2.0541e+09,-4.87301e+06,3.41385e+08,5.21547e+08,8.6877e+06,9.69933e+07,-4.94195e+08,0.000964374,0.000160276,-5.35111e-29
0,2.03402e+09,-5.27905e+07,2.90329e+08,4.17187e+09,-4.02266e+08,5.5221e+08,-1.78704e+07,0.00096471,0.000137699,-1.24336e-24
0,2.15325e+09,-7.64331e+06,3.16201e+08,-2.03969e+09,-1.26826e+09,-3.26589e+08,-7.91202e+08,0.000992516,0.000145749,-1.62748e-24
0,2.26258e+09,2.56345e+06,3.17311e+08,1.55552e+09,-1.91235e+09,1.0468e+08,-6.48797e+08,0.000992832,0.000139238,2.41407e-24
0,2.04526e+09,-2.66896e+07,3.33702e+08,-3.2154e+09,4.21947e+08,-3.20338e+08,-6.73926e+08,0.000944277,0.000154067,-2.21739e-24
0,2.24494e+09,2.57307e+07,3.19717e+08,-3.85503e+09,8.4561e+08,3.272e+08,3.6206e+08,0.000953253,0.000135759,2.03822e-24
0,2.0409e+09,6.93127e+06,3.36172e+08,2.467e+09,3.30301e+08,1.25855e+08,-6.34888e+08,0.000932077,0.000153529,7.93584e-25
0,1.90035e+09,9.35643e+06,2.7933e+08,2.06377e+09,7.35998e+08,1.90301e+08,-8.8704e+08,0.000994002,0.000146107,1.50349e-24
0,2.15618e+09,4.27396e+07,3.23749e+08,7.72961e+09,1.95617e+08,-1.00684e+08,-5.83769e+08,0.00092783,0.000139313,1.56334e-23
0,1.76352e+09,-1.59587e+07,2.58645e+08,-2.55691e+09,2.84924e+08,-2.95385e+08,-1.37555e+09,0.00108258,0.000158775,-6.22082e-24
0,1.82595e+09,5.49145e+07,3.06647e+08,3.55705e+09,1.25949e+09,-7.07806e+08,-1.27077e+09,0.000992477,0.000166675,5.61458e-24
0,2.06267e+09,-2.29619e+07,3.25624e+08,-1.09144e+09,-1.52405e+08,4.48447e+07,-7.05706e+08,0.000985785,0.000155622,-5.96572e-26
0,1.76276e+09,3.51748e+07,3.05994e+08,-1.0843e+10,-2.15761e+09,-3.89663e+08,-3.84052e+08,0.001079,0.000187301,-1.58481e-22
0,1.98086e+09,3.727e+06,3.28779e+08,2.09725e+09,7.13189e+07,2.33412e+08,-1.04117e+09,0.00100869,0.000167419,9.73738e-25
0,2.18478e+09,-9.66706e+06,3.31412e+08,-2.10144e+09,-4.02435e+08,-1.26012e+08,-6.31257e+08,0.00096973,0.0001471,-3.85203e-25
0,2.17425e+09,-2.1402e+07,3.20277e+08,-7.56145e+09,-1.60351e+09,-2.74784e+08,-7.8627e+08,0.00104172,0.00015345,-3.73113e-23
0,2.05469e+09,-4.07861e+07,3.12563e+08,-5.27696e+09,-5.99084e+08,4.30838e+08,-8.1016e+08,0.00101034,0.000153694,-1.58122e-23
0,2.05534e+09,-5.19108e+06,3.4303e+08,5.11363e+08,-4.4187e+06,8.96713e+07,-3.39991e+08,0.000965928,0.00016121,1.87096e-27
0,2.18551e+09,5.70471e+06,3.39248e+08,2.41239e+09,-4.83665e+08,4.10985e+08,-4.40901e+08,0.000960455,0.000149088,1.5942e-25
0,2.09702e+09,-3.30413e+07,3.29976e+08,-2.9406e+09,4.90648e+08,-1.62124e+08,-7.14518e+08,0.000936955,0.000147434,-1.42681e-24
0,2.14879e+09,7.90323e+06,3.39437e+08,2.73277e+09,-2.12081e+08,1.63086e+08,-4.56522e+08,0.000952543,0.000150469,5.71738e-25
0,2.02929e+09,2.70943e+06,2.85204e+08,2.68703e+09,-8.50162e+07,3.05251e+08,-7.71988e+08,0.00101055,0.000142027,1.53436e-24
0,1.85412e+09,6.71222e+07,3.0464e+08,5.51738e+09,1.20097e+09,-6.76442e+08,-1.25267e+09,0.00101296,0.000166435,2.8137e-23
0,1.86095e+09,-5.71225e+07,3.12117e+08,-2.01947e+09,1.18754e+09,5.7279e+08,-1.15364e+09,0.00103831,0.000174145,-7.27834e-25
0,1.97508e+09,-2.84239e+07,3.20873e+08,-6.76876e+09,5.28639e+08,-3.79452e+08,-1.00591e+09,0.000953156,0.00015485,-3.52145e-23
0,2.04674e+09,-3.32197e+07,2.90943e+08,9.84943e+08,-1.78719e+09,-2.23529e+08,4.76101e+08,0.000948712,0.000134859,4.36271e-25
0,1.94609e+09,2.4029e+07,2.44233e+08,-3.89111e+09,-1.03024e+09,-1.33532e+08,7.72274e+08,0.00115397,0.000144823,1.50305e-23
0,2.01396e+09,-1.8377e+06,3.18952e+08,-2.71427e+08,-5.8845e+08,2.31109e+08,-1.04227e+09,0.00102021,0.000161572,1.31544e-25
0,2.06078e+09,-2.81825e+07,3.27367e+08,-1.97949e+09,-1.54415e+08,-3.79937e+08,-7.64766e+08,0.000972682,0.000154516,-3.37218e-25
0,2.00646e+09,-654207,3.25682e+08,1.7614e+09,-2.11399e+08,2.19403e+08,-1.11472e+09,0.00101981,0.000165531,4.53161e-25
0,1.75847e+09,2.10891e+06,3.09709e+08,-8.55548e+09,-1.21204e+09,-2.50689e+08,-6.99505e+08,0.00102978,0.000181369,-1.16658e-22
0,2.07414e+09,323932,2.92052e+08,9.12794e+08,-1.14932e+09,2.56058e+08,-7.5267e+08,0.00103479,0.000145705,9.27824e-25
0,2.16555e+09,-2.33671e+07,3.31983e+08,-4.37539e+09,-1.83777e+07,-3.04884e+08,-5.91233e+08,0.000949576,0.000145572,-3.0804e-24
0,2.01663e+09,-1.51775e+07,3.29533e+08,1.10731e+09,1.71519e+08,2.32084e+08,-5.60178e+08,0.000928998,0.000151805,5.73794e-26
0,1.99035e+09,-1.38234e+07,2.97543e+08,-9.64358e+09,5.57092e+08,-7.05219e+07,-9.39989e+08,0.000971804,0.000145277,-9.44658e-23
0,2.16198e+09,-3.02305e+07,3.19864e+08,-5.21025e+09,-9.37286e+08,2.10085e+08,-6.87964e+08,0.000977116,0.000144564,-9.53302e-24
0,1.91997e+09,-4.78156e+07,3.21351e+08,-2.35362e+09,1.06883e+09,2.65325e+08,-8.41176e+08,0.00103276,0.000172855,-1.18002e-24
0,1.92025e+09,3.59427e+07,2.9248e+08,5.85024e+09,3.38036e+08,-3.28206e+08,-9.24997e+08,0.00097143,0.000147961,2.25656e-23
0,1.91748e+09,2.2868e+07,3.0678e+08,-1.47492e+09,7.83256e+08,-1.3511e+08,-8.93149e+08,0.000956129,0.000152972,-4.39522e-25
0,2.16583e+09,1.81444e+07,3.27483e+08,6.08615e+09,-1.16739e+07,2.15705e+07,-5.90928e+08,0.000924413,0.000139776,7.47507e-24
0,1.79729e+09,-8.6445e+06,3.14425e+08,-6.065e+09,-1.22376e+09,-3.22572e+08,-5.35037e+08,0.00099627,0.000174292,-2.29317e-23
0,2.28314e+09,8.73098e+06,3.24632e+08,1.03666e+08,-1.21794e+09,-2.26759e+08,-3.61909e+08,0.000942439,0.000134002,-7.26574e-26
0,2.17183e+09,-4.09998e+07,3.2255e+08,-1.03522e+10,-6.21438e+08,-2.32418e+07,-6.39926e+08,0.000964953,0.00014331,-4.95374e-23
0,1.91569e+09,8.3441e+06,3.03922e+08,-1.79083e+09,1.38677e+09,4.22643e+07,-9.69872e+08,0.000967109,0.000153431,-5.10082e-25
0,2.02256e+09,275319,3.13013e+08,-4.75062e+09,-1.93775e+09,-3.95667e+08,4.11997e+08,0.000893112,0.000138219,3.44831e-24
0,1.92699e+09,5.32867e+07,2.91361e+08,6.69616e+09,-5.27135e+08,-7.10588e+08,-1.34008e+09,0.0010663,0.000161225,8.70318e-23
0,1.9985e+09,-7.38575e+06,3.2835e+08,-1.81635e+09,-5.09597e+08,-2.44439e+08,-9.64257e+08,0.00102151,0.000167832,-6.80691e-25
0,2.04878e+09,-5.23496e+06,3.42344e+08,1.94997e+08,-2.02861e+07,9.16476e+07,-4.13939e+08,0.000969032,0.000161922,-1.20591e-27
0,2.16349e+09,2.04651e+07,3.24757e+08,4.45037e+09,-1.07276e+09,2.16417e+08,-6.98775e+08,0.000989971,0.000148603,5.4857e-24
0,2.21406e+09,734599,3.44924e+08,2.45581e+08,-2.01744e+07,5.84723e+07,-8.35054e+07,0.000901672,0.00014047,2.64374e-29
0,2.13383e+09,-1.46066e+07,3.40072e+08,-3.66307e+09,2.17111e+08,-4.11584e+08,-3.79862e+08,0.000905212,0.000144265,-1.22415e-24
0,2.10595e+09,-2.95722e+07,3.14719e+08,-4.80998e+09,-1.1708e+09,-1.1118e+08,-1.20248e+09,0.00103832,0.000155169,-1.83203e-23
0,1.7835e+09,-2.48587e+07,2.55443e+08,-3.46845e+08,2.64319e+08,9.47754e+07,-1.37293e+09,0.00107468,0.000153921,2.1487e-25
0,2.10663e+09,-1.20962e+07,3.27309e+08,-2.45923e+09,-2.38538e+08,9.80302e+07,-8.23278e+08,0.00096174,0.000149427,-9.15406e-25
0,2.08933e+09,3.17666e+07,3.23859e+08,3.70702e+09,4.28025e+08,-2.30086e+08,-7.97948e+08,0.000965849,0.000149712,3.02549e-24
0,1.9598e+09,-2.64641e+07,3.15506e+08,-3.32557e+09,-6.69382e+07,1.27007e+08,-1.15145e+09,0.000998295,0.000160714,-5.12619e-24
0,1.8329e+09,-2.06414e+07,3.07522e+08,-4.03492e+09,1.99413e+09,2.27435e+08,-1.07343e+09,0.000919126,0.00015421,-4.31041e-24
0,1.93089e+09,7.38646e+06,3.12471e+08,4.12109e+08,1.05992e+08,1.46216e+08,-4.83525e+08,0.000996249,0.000161221,-2.18627e-27
0,2.05636e+09,-5.6223e+07,3.17492e+08,-5.75465e+09,7.45642e+08,4.28569e+08,-6.88427e+08,0.000931089,0.000143756,-7.75603e-24
0,2.17098e+09,-1.26872e+07,3.33106e+08,1.06085e+09,-1.98044e+08,3.82365e+08,-5.22073e+08,0.000948622,0.000145553,-6.54195e-27
0,2.0471e+09,2.6214e+07,3.37088e+08,1.30159e+08,-8.72489e+08,-1.42057e+08,-9.59763e+07,0.000890525,0.000146639,-9.18407e-27
0,2.15094e+09,-1.72794e+07,3.33314e+08,-3.6635e+09,-2.63367e+08,-2.21771e+08,-5.15732e+08,0.000951149,0.000147392,-1.52537e-24
0,2.04822e+09,3.85527e+07,3.01776e+08,7.41214e+09,-6.09872e+08,-3.51127e+08,-1.06025e+09,0.0010098,0.00014878,5.38833e-23
0,2.13284e+09,1.34011e+06,3.41169e+08,-2.73177e+09,2.63571e+08,-4.64617e+07,-3.14e+08,0.00090022,0.000143999,-3.57559e-25
0,2.13314e+09,1.41796e+07,3.23987e+08,5.02785e+09,-1.22227e+09,-2.99858e+08,-5.38357e+08,0.000955926,0.000145189,8.57399e-24
0,1.95215e+09,8.40438e+06,3.18004e+08,-2.84317e+09,5.18103e+08,-2.79821e+08,-1.25968e+09,0.00100541,0.000163781,-4.12635e-24
0,2.12741e+09,-4.94947e+07,3.01152e+08,-4.40395e+09,-4.03139e+08,3.71198e+08,-6.85892e+08,0.000983543,0.000139229,-5.47486e-24
0,2.07522e+09,-4.33847e+07,3.28486e+08,-5.73121e+09,4.6197e+08,-3.47549e+08,-6.54651e+08,0.000976502,0.00015457,-1.28516e-23
0,1.97247e+09,-6.05594e+06,3.27883e+08,-4.02075e+09,1.31412e+09,-3.12939e+08,-7.21965e+08,0.000885372,0.000147175,-4.66796e-24
0,1.96967e+09,-3.20624e+06,3.2743e+08,-3.02992e+09,4.74476e+07,-3.3281e+08,-1.00321e+09,0.000999203,0.000166104,-3.26223e-24
0,1.76636e+09,2.29187e+07,2.70715e+08,8.12752e+08,-1.45935e+08,-3.2144e+08,-1.44558e+09,0.00111775,0.000171308,-8.88694e-25
0,2.19133e+09,-1.84027e+07,3.36017e+08,-5.9137e+09,-9.30058e+07,-3.03578e+08,-3.81569e+08,0.000942053,0.000144454,-4.3906e-24
0,2.03169e+09,4.1989e+06,3.08748e+08,1.30108e+09,-7.90542e+08,6.38998e+07,3.52759e+08,0.000905208,0.000137561,-3.80808e-26
0,2.09632e+09,3.75872e+07,2.9529e+08,4.2774e+09,-1.47627e+09,-3.81691e+07,-1.03126e+09,0.00103885,0.000146334,1.60594e-23
0,2.08875e+09,-4.18974e+06,3.24733e+08,-4.18966e+08,-8.61217e+08,3.12323e+07,-7.78874e+08,0.00100103,0.000155628,-9.25119e-26
0,2.1481e+09,658865,3.24886e+08,-6.54755e+08,-6.71704e+08,-5.13921e+08,-7.51595e+08,0.0009804,0.000148279,-8.59848e-26
0,2.00744e+09,-2.53597e+07,3.08059e+08,5.59501e+09,2.45232e+08,5.83956e+07,-7.13387e+08,0.000998986,0.000153303,1.52349e-23
0,1.69305e+09,5.11862e+07,2.9244e+08,5.84442e+09,1.09422e+08,-1.83571e+08,7.25496e+08,0.00116298,0.000200881,-8.82347e-23
0,1.87232e+09,4.94357e+07,3.14129e+08,-3.74765e+09,-1.27098e+09,-3.43343e+07,-8.07511e+08,0.00101174,0.000169745,-1.27653e-23
0,1.99413e+09,2.4414e+07,2.86564e+08,-1.1539e+10,-1.94808e+09,2.15695e+08,-6.05113e+08,0.00104517,0.000150196,-2.10373e-22
0,2.08735e+09,-2.31238e+07,2.99318e+08,-5.28731e+09,-2.51398e+09,-4.48844e+08,-1.09813e+09,0.00109047,0.00015637,-5.64237e-23
0,2.16097e+09,9.72087e+06,3.31243e+08,-2.69818e+07,-6.92288e+08,2.41856e+08,-6.11898e+08,0.000959115,0.000147017,5.38243e-26
0,2.08818e+09,-4.29649e+07,3.31947e+08,-9.04438e+09,3.80566e+08,-6.07295e+08,-7.33428e+08,0.000955565,0.000151901,-4.79795e-23
0,1.94534e+09,-6.99346e+06,3.24795e+08,6.26162e+09,-1.27716e+08,5.05595e+08,-6.61922e+08,0.000989537,0.000165214,2.02719e-23
0,2.04866e+09,-1.19371e+07,3.36792e+08,-1.24876e+09,4.28088e+08,2.21156e+07,-5.71811e+08,0.000923453,0.000151812,-7.69268e-26
0,2.103e+09,-3.93188e+07,3.18642e+08,-5.79774e+09,-2.93336e+08,5.52378e+07,-9.15279e+08,0.00098065,0.000148586,-1.56166e-23
0,2.1415e+09,-5.29362e+07,3.19313e+08,-7.73259e+09,-1.61256e+07,-4.23572e+07,-7.6642e+08,0.000951967,0.000141945,-2.43529e-23
0,2.0399e+09,-4.95577e+06,3.41776e+08,6.45835e+08,1.14419e+06,1.07665e+08,-4.6949e+08,0.000973758,0.000163149,4.76401e-27
0,2.1503e+09,-2.47844e+07,3.13062e+08,3.21983e+09,-8.59913e+08,3.61673e+08,-5.96216e+08,0.000989218,0.00014402,1.38247e-24
0,2.25265e+09,3.27592e+06,3.41322e+08,1.92815e+09,-3.41132e+08,2.01773e+08,-2.97188e+08,0.00092003,0.000139403,6.843e-26
0,2.06441e+09,-5.70647e+07,3.25992e+08,-2.01434e+09,9.08517e+08,3.2609e+08,-3.70914e+08,0.000884766,0.000139714,4.22867e-26
0,1.97613e+09,-4.09656e+07,3.23956e+08,5.30688e+08,-1.80237e+08,1.77629e+08,-4.99514e+08,0.000945872,0.000155062,6.09287e-28
0,2.18693e+09,-1.42391e+06,3.19918e+08,-3.47838e+09,-9.47135e+08,2.26641e+08,-6.55891e+08,0.000959934,0.000140425,-2.8346e-24
0,2.16913e+09,1.669e+07,3.06424e+08,3.15215e+09,-2.24759e+09,1.03111e+08,-1.05389e+09,0.00106882,0.000150988,1.75845e-23
0,1.91305e+09,3.16183e+07,3.11149e+08,1.26072e+09,6.00865e+08,-5.52828e+08,-1.22174e+09,0.000997303,0.000162207,2.39865e-26
0,1.79759e+09,-1.50786e+07,3.25607e+08,7.33598e+09,5.93152e+08,9.50446e+08,4.38622e+08,0.000933399,0.000169071,-8.33478e-24
0,1.89728e+09,1.61691e+07,3.11448e+08,8.28195e+09,2.68768e+08,5.34423e+08,-1.11219e+09,0.000988622,0.000162288,9.94227e-23
0,1.93407e+09,-8.96238e+06,2.68552e+08,-1.54921e+09,-1.09072e+09,2.04804e+08,-1.2429e+09,0.00108509,0.000150668,-2.19681e-24
0,2.20083e+09,-1.12808e+07,3.19681e+08,1.79859e+08,-1.2039e+09,-3.19187e+08,-5.02805e+08,0.00102609,0.000149044,-2.0527e-25
0,1.94722e+09,3.66347e+06,3.27773e+08,-1.28253e+09,3.96965e+08,1.00539e+08,-9.88916e+08,0.000976126,0.00016431,-1.42231e-25
0,2.13083e+09,-5.11428e+07,2.99097e+08,-5.56645e+09,9.82548e+08,6.62401e+08,-4.25035e+08,0.000902745,0.000126715,-1.08949e-24
0,2.17216e+09,-2.98716e+06,3.38932e+08,1.08543e+09,-4.32737e+08,2.22785e+08,-3.12896e+08,0.00091632,0.000142977,1.82708e-26
0,2.12687e+09,-2.23042e+07,3.22315e+08,-4.46199e+09,-5.26677e+08,1.45732e+08,-7.99335e+08,0.00098056,0.000148598,-6.38729e-24
0,2.1118e+09,-5.73333e+07,3.20086e+08,-8.17785e+09,8.5855e+08,3.36798e+07,-4.53377e+08,0.000906474,0.000137395,-1.39476e-23
0,2.06509e+09,-2.07117e+07,3.25654e+08,-4.76945e+09,-1.35354e+09,-1.19472e+08,-5.17623e+08,0.000946016,0.000149182,-6.67497e-24
0,2.17776e+09,1.96762e+07,3.17587e+08,6.13452e+09,-1.48031e+09,1.95962e+08,-7.49817e+08,0.000998854,0.000145665,1.7007e-23
0,1.96682e+09,4.41755e+07,3.01251e+08,9.38775e+09,2.99124e+08,2.6073e+08,-1.14992e+09,0.00102555,0.00015708,1.47836e-22
0,2.31944e+09,1.13577e+07,3.35571e+08,2.57382e+09,-5.9539e+08,-7.73141e+07,-2.01871e+08,0.000900106,0.000130225,2.05023e-25
0,1.93476e+09,-1.02529e+08,2.94688e+08,-1.2688e+10,-1.04727e+09,-5.00878e+08,-8.05026e+08,0.000991731,0.000151053,-2.01595e-22
0,2.01489e+09,-669196,2.95304e+08,-2.11542e+09,-1.44926e+09,1.71988e+08,4.71281e+08,0.000940594,0.000137854,-4.03424e-25
0,1.99169e+09,5.33155e+07,3.00869e+08,9.90632e+09,-2.50217e+08,-2.18289e+08,-1.08033e+09,0.00100617,0.000151993,1.38675e-22
0,2.03886e+09,-6.25818e+07,3.02694e+08,-8.02616e+09,-3.86181e+08,1.26284e+08,-9.6339e+08,0.00101903,0.000151288,-6.28546e-23
0,2.11031e+09,-7.52492e+06,3.38665e+08,-2.61503e+09,5.25514e+08,-1.85318e+08,-2.50224e+08,0.000885812,0.000142156,-3.34381e-25
0,2.1296e+09,8.76007e+06,3.32765e+08,5.61855e+09,1.65973e+08,4.21735e+07,-4.9379e+08,0.000908893,0.000142021,4.96964e-24
0,2.11771e+09,-1.78335e+07,3.35884e+08,1.19331e+09,-7.81424e+08,2.141e+08,-2.74497e+08,0.000916767,0.000145406,1.03119e-25
0,2.093e+09,-1.86838e+06,3.35908e+08,2.93528e+08,1.07784e+08,-3.60695e+07,-6.10982e+08,0.000936947,0.000150372,-3.1959e-27
0,1.92229e+09,2.14165e+07,3.14874e+08,-6.39118e+09,-1.09559e+09,-1.4655e+08,-6.63217e+08,0.00100068,0.000163913,-2.81316e-23
0,1.98253e+09,1.07626e+08,2.77418e+08,-1.24924e+10,-1.70043e+09,3.79571e+08,6.95765e+08,0.0010396,0.000145472,1.616e-22
0,2.10245e+09,-8.31945e+06,3.09208e+08,-4.43264e+09,2.40394e+08,-1.93087e+08,-6.92954e+08,0.000971154,0.000142828,-5.20542e-24
0,2.00971e+09,1.07489e+07,3.26592e+08,-2.2903e+08,-9.58389e+07,-6.39201e+07,-1.05129e+09,0.000998724,0.000162299,2.75607e-26
0,2.11705e+09,-4.25333e+07,3.09646e+08,-8.87791e+09,-1.39795e+09,-1.47963e+08,-1.02156e+09,0.00104812,0.000153301,-9.03646e-23
0,1.99376e+09,-2.01417e+06,3.14489e+08,9.85764e+08,8.87981e+07,-8.84639e+07,-1.18332e+09,0.000987794,0.000155811,-5.85231e-26
0,2.08381e+09,4.46211e+07,3.04965e+08,7.03461e+09,-7.22277e+08,-2.18293e+07,-1.06703e+09,0.00108088,0.000158186,5.73915e-23
0,2.21184e+09,-2.00743e+07,3.39643e+08,-5.87484e+08,2.55178e+08,-2.25658e+08,-1.06811e+08,0.000892855,0.000137104,-4.80428e-27
0,2.05994e+09,-2.77276e+07,3.26623e+08,-2.07876e+09,2.58358e+08,1.07166e+08,-7.52273e+08,0.000936896,0.000148554,-4.48351e-25
0,1.78743e+09,-7.68638e+06,2.60548e+08,-1.80684e+09,8.62507e+08,5.46014e+07,-1.35916e+09,0.00108774,0.000158557,-2.07729e-24
0,2.28e+09,2.97839e+07,3.243e+08,-1.68255e+09,-9.17339e+07,4.15108e+08,4.16866e+07,0.000917931,0.000130564,-6.73021e-28
0,2.23538e+09,-1.66921e+07,3.04329e+08,-2.07364e+09,-4.67479e+08,1.53352e+08,-2.23875e+08,0.000929706,0.000126572,-1.67261e-25
0,2.04325e+09,-6.70832e+06,3.3866e+08,3.45917e+07,6.27113e+08,2.12128e+07,-2.35439e+08,0.000867364,0.000143761,-7.66914e-28
0,2.14514e+09,-1.9437e+07,3.30819e+08,2.36252e+09,7.11216e+08,-1.70842e+08,-2.13405e+08,0.000970976,0.000149742,1.16809e-26
0,2.15089e+09,1.96392e+07,3.35436e+08,5.41543e+09,-2.02724e+08,4.26247e+08,-4.42992e+08,0.00092304,0.00014395,3.50223e-24
0,2.13371e+09,-1.19944e+07,3.18407e+08,-5.23254e+09,1.69074e+08,2.90456e+07,-5.69564e+08,0.000965138,0.000144025,-6.09201e-24
0,2.26182e+09,3.20364e+06,3.38522e+08,2.63947e+09,-6.11263e+08,-1.22591e+07,-3.69453e+08,0.00092617,0.000138618,4.18708e-25
0,2.13251e+09,2.09556e+07,3.34094e+08,5.68493e+09,-4.79078e+07,3.69698e+08,-5.37783e+08,0.000930973,0.000145853,6.00713e-24
0,1.92764e+09,2.26049e+07,3.18572e+08,1.20581e+09,1.65006e+09,9.41803e+07,-9.77831e+08,0.000923211,0.000152575,-7.30897e-27
0,1.90347e+09,1.48142e+07,3.11562e+08,1.59898e+09,-9.19386e+08,-2.7131e+08,-1.0454e+09,0.00103013,0.000168612,1.35065e-24
0,2.09918e+09,2.66278e+07,2.97591e+08,2.41148e+09,-1.34718e+09,-2.13346e+08,-1.12935e+09,0.00110026,0.000155979,5.93554e-24
0,2.08532e+09,-4.37973e+07,3.29261e+08,-4.86181e+09,9.88076e+08,-6.81345e+07,-5.74945e+08,0.000930836,0.000146974,-4.8763e-24
0,2.03602e+09,4.60217e+07,2.93606e+08,-6.86013e+09,-2.46096e+09,1.33265e+08,3.68582e+08,0.000936196,0.000135005,-6.59795e-24
0,1.82697e+09,-830927,2.5742e+08,-1.64078e+09,4.89962e+08,4.85933e+07,-1.19753e+09,0.00108515,0.000152898,-9.88265e-25
0,2.00267e+09,-5.84984e+07,3.15711e+08,-1.05824e+10,3.1471e+08,2.34846e+08,-7.2779e+08,0.000961685,0.000151605,-8.52927e-23
0,2.02925e+09,-1.67651e+07,3.11885e+08,9.57972e+08,2.85505e+08,-9.02947e+07,-8.16188e+08,0.000967234,0.000148659,2.84333e-26
0,2.26225e+09,3.23719e+07,3.26031e+08,-3.83342e+09,-6.48532e+08,3.4378e+08,3.96278e+07,0.00090902,0.000131006,-3.19083e-25
0,2.23414e+09,-1.76187e+07,3.08433e+08,-3.8464e+09,-4.76772e+08,1.76669e+08,-3.38443e+08,0.000923507,0.000127494,-1.1561e-24
0,1.9704e+09,6.78855e+06,3.11832e+08,1.55258e+09,-1.44573e+09,-1.4385e+08,-9.27643e+08,0.00105225,0.000166528,3.17694e-24
0,1.88886e+09,3.70838e+07,3.16777e+08,-5.46582e+09,-1.13296e+09,-9.84796e+07,-6.59698e+08,0.000981538,0.000164612,-1.91795e-23
0,2.00313e+09,1.54421e+07,2.98474e+08,-1.32119e+09,-8.00866e+08,-1.45777e+08,-1.23243e+09,0.00109769,0.00016356,-1.07571e-24
0,2.02973e+09,-6.61109e+07,3.15821e+08,-1.12727e+10,4.15214e+08,-6.24801e+07,-8.10874e+08,0.000966706,0.000150417,-1.14546e-22
0,2.03831e+09,-5.6738e+06,3.41614e+08,-1.51739e+08,-1.20526e+07,4.42945e+07,-4.86049e+08,0.000976173,0.000163603,1.65481e-27
0,2.06961e+09,8.22058e+06,3.30544e+08,4.09989e+09,5.2234e+08,2.45677e+08,-4.45262e+08,0.000942429,0.000150518,2.94263e-24
0,2.09404e+09,8.26052e+07,2.92257e+08,-9.87326e+09,-5.03373e+08,7.76395e+08,4.80443e+08,0.000975717,0.000136177,3.13851e-23
0,2.13715e+09,1.43104e+07,2.95735e+08,3.26168e+09,-2.46477e+09,1.7545e+08,-1.14928e+09,0.00108983,0.000150808,2.78885e-23
0,1.85604e+09,-8.14766e+06,3.23478e+08,-2.20233e+09,-3.44758e+08,-3.35671e+08,-7.66632e+08,0.000947139,0.000165072,-7.67264e-25
0,1.72074e+09,-1.62866e+06,2.63817e+08,-1.15648e+09,5.73191e+08,6.37186e+07,-1.3343e+09,0.00107537,0.000164872,-1.20661e-25
0,1.81995e+09,-2.64413e+07,3.1436e+08,-7.6334e+09,1.80595e+09,-1.03788e+08,-8.5027e+08,0.000915309,0.000158101,-4.89101e-23
0,2.27425e+09,2.27091e+07,3.2497e+08,6.18185e+09,-7.71714e+08,-1.97255e+08,-2.64957e+08,0.000918425,0.000131235,3.72765e-24
0,1.90832e+09,5.84632e+06,3.2972e+08,-1.3207e+08,4.04252e+08,-2.59555e+08,-9.77276e+08,0.000982441,0.000169746,2.75618e-26
0,2.06195e+09,2.07709e+06,3.2843e+08,1.55167e+09,-1.5807e+08,4.82196e+07,-7.66262e+08,0.000940674,0.000149832,1.75359e-25
0,1.80268e+09,-371601,3.02206e+08,5.02269e+09,-4.13324e+08,-4.8976e+08,-7.43348e+08,0.000980005,0.000164291,1.97349e-23
0,2.01554e+09,-1.09046e+07,2.97678e+08,-3.25792e+09,-8.45275e+07,1.08722e+08,-1.10365e+09,0.00100269,0.000148089,-4.14098e-24
0,2.11386e+09,-2.39697e+07,3.31476e+08,-1.85727e+09,2.85771e+08,-4.8533e+06,-6.23438e+08,0.000923473,0.00014481,-2.38999e-25
0,1.98531e+09,-5.25118e+07,3.20665e+08,-9.49969e+09,7.56278e+08,5.74504e+06,-7.56751e+08,0.00092756,0.000149819,-5.76667e-23
0,2.23835e+09,-1.58042e+07,3.2276e+08,-1.7523e+09,5.02998e+08,2.03519e+08,-1.98406e+08,0.000882518,0.000127255,-4.71404e-27
0,2.17462e+09,1.51577e+07,3.25305e+08,3.0862e+09,-8.21452e+08,2.75082e+08,-7.31065e+08,0.00097113,0.000145273,1.54199e-24
0,2.19151e+09,3.7655e+06,3.18664e+08,-2.39491e+09,-7.2273e+08,1.18536e+08,2.64941e+08,0.000884373,0.000128596,6.32288e-26
0,1.98349e+09,7.61751e+06,3.31367e+08,4.55061e+09,5.67238e+08,2.22551e+08,-7.43904e+08,0.000912962,0.000152522,6.43997e-24
0,2.1833e+09,1.34944e+07,3.24396e+08,1.08723e+09,-6.9608e+08,8.56384e+07,-7.80912e+08,0.000970327,0.000144172,1.78786e-25
0,2.13163e+09,2.39469e+07,3.28522e+08,-2.04882e+09,6.58552e+08,-1.92649e+08,-5.75237e+08,0.00091624,0.000141209,-3.92644e-25
0,1.79407e+09,-197834,2.96056e+08,8.37363e+09,-2.91551e+07,-2.55337e+08,-8.44552e+08,0.0010178,0.000167956,1.15398e-22
0,1.94889e+09,3.65095e+07,3.09164e+08,6.1454e+09,7.42549e+08,-1.90004e+08,-1.08594e+09,0.000968221,0.000153595,2.83887e-23
0,1.99281e+09,-2.40409e+07,3.08693e+08,-2.02672e+09,-1.68006e+09,1.991e+08,-9.41015e+08,0.00104463,0.000161816,-5.9786e-24
0,2.30169e+09,1.30841e+07,3.26398e+08,3.80557e+09,-8.27955e+08,-2.03812e+08,-2.65794e+08,0.000950663,0.000134812,1.28938e-24
0,1.86084e+09,-4.14937e+07,2.8202e+08,-5.11636e+09,6.46147e+08,1.0835e+08,-1.39031e+09,0.00102827,0.00015584,-3.56961e-23
0,2.08333e+09,-4.54887e+07,3.0828e+08,-8.91575e+09,-1.28593e+09,-2.00849e+08,-1.04769e+09,0.00107393,0.000158915,-1.09955e-22
0,2.21156e+09,3.10396e+07,3.28137e+08,6.11316e+09,-1.87915e+08,-2.02928e+08,-4.59747e+08,0.000941314,0.000139666,6.05847e-24
0,2.08995e+09,3.0092e+06,3.31237e+08,4.29112e+09,5.3518e+08,1.06699e+08,-4.03899e+08,0.000969169,0.000153603,3.00696e-24
0,2.24199e+09,1.1052e+07,3.36865e+08,6.30012e+09,-6.6224e+08,1.38121e+08,-4.46335e+08,0.00096258,0.00014463,6.25619e-24
0,2.14786e+09,-1.90741e+07,3.32211e+08,-1.0539e+09,-3.49675e+08,-1.98982e+08,-4.93763e+08,0.000977473,0.000151187,-3.77431e-26
0,2.18081e+09,15660.3,3.24731e+08,-3.7444e+09,-8.0141e+08,-1.19626e+07,-6.06494e+08,0.000957433,0.000142566,-2.53686e-24
0,2.17199e+09,-2.74738e+06,3.44477e+08,1.08684e+09,4.02003e+06,1.1101e+08,-1.15239e+08,0.000919981,0.000145909,7.81184e-27
0,1.73527e+09,2.23901e+07,2.51004e+08,5.38286e+09,5.8155e+08,3.67285e+07,-1.31734e+09,0.00108041,0.00015628,7.48717e-23
0,2.06607e+09,-1.11428e+07,3.40425e+08,-3.1456e+09,5.49848e+08,-2.28876e+08,-3.6348e+08,0.000875149,0.000144197,-8.31843e-25
0,2.07914e+09,-7.84805e+06,3.05728e+08,7.83126e+09,1.26189e+09,2.85619e+08,-5.8003e+08,0.00102517,0.000150746,3.92712e-23
0,1.85371e+09,2.30497e+07,2.96584e+08,9.76175e+09,3.23285e+08,-1.27221e+08,-8.09899e+08,0.00105795,0.000169267,1.78798e-22
0,2.19363e+09,1.17387e+07,2.93946e+08,2.06876e+09,-2.93943e+08,-1.34152e+08,-3.27031e+08,0.000937089,0.000125569,1.97215e-25
0,1.82154e+09,-2.17005e+07,2.87333e+08,-3.74282e+09,9.80343e+08,1.71749e+07,-1.40455e+09,0.00101233,0.000159687,-1.4989e-23
0,2.15991e+09,5.19323e+07,3.26319e+08,-7.72869e+09,-1.23607e+09,1.54423e+08,3.20997e+08,0.000894614,0.000135158,4.75736e-24
0,2.21567e+09,-3.23604e+06,3.42591e+08,5.66118e+09,-1.01349e+08,4.72039e+08,2.86726e+06,0.000964456,0.000149126,-3.68483e-25
0,2.16099e+09,-1.6387e+07,3.33281e+08,-3.05037e+09,-2.7221e+08,-1.70009e+08,-6.47883e+08,0.000958779,0.000147869,-1.14305e-24
0,2.31306e+09,1.36682e+07,3.12904e+08,2.47779e+09,-1.60371e+09,-1.58008e+08,-2.91444e+08,0.000952398,0.000128838,1.5003e-24
0,2.05407e+09,-1.06115e+07,3.09336e+08,4.64398e+08,-3.6279e+08,1.23994e+08,-4.82712e+08,0.000947079,0.000142627,1.3882e-26
0,1.91229e+09,1.55218e+07,3.23473e+08,1.2658e+09,5.32419e+08,-7.96444e+07,-1.11635e+09,0.000980859,0.000165917,1.64921e-25
0,2.32346e+09,8.38331e+06,3.22148e+08,1.76673e+09,-1.46866e+09,-8.00753e+07,-2.44541e+08,0.000927764,0.000128635,6.20113e-25
0,2.06727e+09,9.26716e+07,2.82787e+08,-1.18582e+10,-3.00986e+08,7.23212e+08,6.61819e+08,0.0010013,0.00013697,1.07585e-22
0,2.00952e+09,-7.40886e+07,3.09614e+08,-1.15403e+10,3.33426e+08,-1.60585e+07,-9.19243e+08,0.000986834,0.000152045,-1.60922e-22
0,2.18019e+09,-1.72368e+07,3.36327e+08,-4.32412e+09,-1.54877e+08,-2.56074e+08,-5.34644e+08,0.000952353,0.000146915,-2.53536e-24
0,2.00032e+09,-2.01495e+07,3.25809e+08,2.32776e+09,-5.58326e+08,3.3487e+08,-3.95049e+08,0.000956869,0.000155853,2.7088e-25
0,2.17711e+09,5.76889e+07,3.14712e+08,-8.10702e+09,-9.68024e+08,8.48388e+07,3.55746e+08,0.000925274,0.000133753,9.2492e-24
0,2.18814e+09,-2.51097e+07,3.35978e+08,-3.88016e+09,1.72907e+08,-2.34469e+08,-4.47678e+08,0.00090541,0.000139021,-1.34262e-24
0,2.22078e+09,404965,3.10316e+08,4.86941e+09,1.05023e+09,4.01708e+08,3.3187e+08,0.000960942,0.000134275,-1.28601e-24
0,2.27995e+09,-2.56576e+06,3.24878e+08,-2.16189e+09,-1.57408e+09,3.31523e+06,-6.31767e+08,0.000973784,0.000138758,-1.86762e-24
0,1.7622e+09,-9.19966e+07,2.97945e+08,-1.25404e+09,-3.25987e+08,4.15792e+08,-7.78209e+08,0.000995365,0.000168292,-1.69582e-25
0,2.09023e+09,-2.59738e+07,3.16439e+08,-2.60432e+09,7.82707e+08,-1.40637e+07,-7.26579e+08,0.000942567,0.000142695,-9.72622e-25
0,1.97356e+09,7.73406e+06,3.09598e+08,3.59306e+09,6.55464e+08,-1.96846e+08,-9.18732e+08,0.000984806,0.000154489,4.61034e-24
0,2.21548e+09,8.2373e+06,3.2475e+08,3.72857e+08,-1.05141e+09,-6.49788e+07,-5.45226e+08,0.000943718,0.000138332,5.62877e-26
0,2.17105e+09,-1.57049e+06,3.3592e+08,3.14731e+08,-6.43215e+07,9.34783e+07,-5.86632e+08,0.000923778,0.000142933,-2.45203e-27
0,2.03167e+09,-2.46637e+06,3.21517e+08,1.97292e+09,-5.48472e+08,2.22231e+08,-9.05335e+08,0.00099049,0.000156748,7.13616e-25
0,2.2363e+09,-1.46608e+07,2.97756e+08,-4.38785e+09,1.21611e+09,1.11595e+08,1.97662e+08,0.000945132,0.000125841,2.31354e-24
0,2.07092e+09,-8.05567e+06,3.06482e+08,5.78122e+09,-3.12744e+09,-3.55228e+08,-1.71241e+08,0.000971126,0.00014372,4.32913e-23
0,2.07186e+09,2.19945e+07,3.13871e+08,1.91878e+09,-1.14516e+09,1.31064e+08,-9.72609e+08,0.00102597,0.000155426,2.17217e-24
0,2.04315e+09,1.12828e+07,3.02044e+08,6.575e+09,7.07633e+08,-8.86627e+07,-8.11003e+08,0.000941474,0.000139181,1.84749e-23
0,2.02521e+09,6.23148e+06,3.14774e+08,1.02689e+09,-3.68855e+08,-1.03935e+08,-1.19738e+09,0.00100968,0.000156932,-1.01868e-26
0,2.16887e+09,337302,3.27735e+08,1.01506e+09,-8.61136e+08,2.21981e+08,-7.99507e+08,0.000986732,0.000149103,3.10733e-25
0,2.02966e+09,-7.7481e+06,2.87457e+08,2.20997e+09,9.06718e+06,-4.5543e+08,-8.24428e+08,0.00114216,0.000161762,1.50165e-24
0,1.92532e+09,4.2995e+06,2.58815e+08,4.59587e+09,-8.31638e+08,2.97266e+08,-1.16716e+09,0.0010733,0.00014428,2.28555e-23
0,2.22758e+09,-2.49127e+07,3.08527e+08,-3.13032e+09,-2.4915e+08,2.99511e+08,-3.24397e+08,0.0009182,0.000127174,-5.5184e-25
0,1.9297e+09,-4.50751e+07,3.20195e+08,-1.04662e+10,7.28747e+08,5.33477e+07,-7.19984e+08,0.000934543,0.000155069,-8.66097e-23
0,1.9149e+09,-2.09157e+07,2.93542e+08,7.66599e+09,-1.12178e+09,1.64086e+08,4.46151e+08,0.000910354,0.000139552,-2.18467e-23
0,2.29617e+09,2.4941e+07,3.22203e+08,-8.29516e+08,-1.04604e+09,1.59029e+08,-1.52164e+08,0.00092989,0.000130484,-8.26404e-26
0,2.14636e+09,-2.30979e+07,3.38221e+08,-6.08535e+09,1.26378e+08,-5.47851e+08,-4.57568e+08,0.000918385,0.000144718,-6.25878e-24
0,1.99769e+09,3.08036e+07,3.1301e+08,7.76971e+09,1.04942e+09,-2.96557e+08,-7.91087e+08,0.000921825,0.000144437,2.64366e-23
0,2.06807e+09,2.25852e+07,3.14447e+08,2.21648e+09,-4.17707e+07,-3.94083e+08,-1.83998e+08,0.00102578,0.000155968,2.38528e-25
0,1.81484e+09,-3.46981e+07,3.03168e+08,2.57151e+09,-7.48764e+08,3.02585e+08,-8.81312e+08,0.00103418,0.000172759,3.53728e-24
0,2.17216e+09,-5.0433e+07,3.15289e+08,-3.07366e+09,-2.50608e+09,6.24102e+07,-2.55355e+08,0.000948735,0.000137708,-7.60252e-24
0,2.05543e+09,-5.87634e+06,3.42092e+08,-6.27079e+08,3.20391e+07,-4.41744e+07,-4.41135e+08,0.000966485,0.000160856,-5.08118e-27
0,2.23395e+09,-2.40206e+07,3.21433e+08,-9.57599e+07,3.91127e+07,1.06499e+08,-3.5954e+08,0.000910233,0.000130969,1.352e-28
0,2.13371e+09,478071,3.1962e+08,1.40239e+09,-6.86746e+08,-4.82908e+08,-6.73398e+08,0.00101194,0.000151584,2.07808e-25
0,2.12591e+09,1.11498e+07,3.29266e+08,-2.87293e+09,-2.93383e+08,-1.46091e+08,-4.89424e+08,0.000985131,0.00015258,-9.05159e-25
0,2.30094e+09,1.80853e+07,3.32778e+08,3.93957e+09,-4.11723e+08,-1.47022e+08,-2.04669e+08,0.000892622,0.000129097,5.59943e-25
0,2.12504e+09,4.76815e+07,3.27789e+08,6.19408e+09,1.25995e+08,2.36891e+07,-2.81698e+08,0.000905986,0.000139749,3.78655e-24
0,2.06453e+09,-372509,3.38697e+08,-2.68812e+09,1.01771e+09,-2.79303e+08,-3.72131e+08,0.000862906,0.000141564,-5.83429e-25
0,2.09494e+09,2.33246e+07,3.18947e+08,-7.03466e+09,-5.50216e+08,-8.90797e+07,-3.02305e+08,0.00103225,0.000157156,-1.18401e-23
0,2.10163e+09,2.64353e+07,3.20907e+08,7.9603e+09,-8.57439e+08,1.57996e+08,-5.52591e+08,0.000968479,0.000147881,2.25116e-23
0,1.90778e+09,-4.74345e+07,3.14687e+08,5.85857e+09,1.04487e+09,1.99571e+08,-3.42327e+08,0.00104695,0.000172694,1.67654e-23
0,1.93308e+09,-3.56447e+07,3.17473e+08,4.64739e+09,-7.42471e+08,1.6653e+08,-3.36255e+08,0.000961319,0.000157879,3.85254e-24
0,2.06643e+09,-1.53348e+07,3.2301e+08,3.7153e+09,8.6427e+08,-6.3751e+07,-4.95905e+08,0.00100705,0.000157414,2.43068e-24
0,1.77012e+09,-1.75507e+07,2.99101e+08,3.59006e+09,9.85399e+08,8.06566e+07,-8.34755e+08,0.00104766,0.000177025,1.20686e-23
0,2.13764e+09,-4.34278e+06,3.44389e+08,-1.23205e+08,-4.08434e+07,8.2726e+07,-1.15503e+08,0.000921047,0.000148388,1.65363e-29
0,2.03432e+09,-4.89129e+06,2.96249e+08,4.79533e+09,-1.76653e+08,2.19245e+08,-4.73909e+08,0.00100697,0.00014664,5.80071e-24
0,2.07965e+09,-2.4645e+07,3.30065e+08,-2.95253e+09,8.00597e+07,-1.13324e+08,-7.92182e+08,0.000963774,0.000152963,-1.63426e-24
0,2.29908e+09,2.34177e+07,3.28761e+08,4.98748e+09,-7.49596e+08,-1.59532e+08,-3.15874e+08,0.000917089,0.00013114,2.17033e-24
0,1.81237e+09,-1.05545e+07,3.11409e+08,2.22732e+09,-9.64088e+08,-3.23736e+08,-7.43507e+08,0.000991245,0.00017032,3.15217e-24
0,2.03834e+09,-2.64557e+07,3.12105e+08,-4.93798e+09,-8.70437e+08,-1.19841e+08,-1.01937e+09,0.00102291,0.000156625,-1.63409e-23
0,2.00674e+09,2.72551e+07,3.17455e+08,-8.41686e+09,-7.69245e+08,-1.78949e+08,-2.81278e+08,0.00101116,0.00015996,-1.93735e-23
0,2.07718e+09,-2.33098e+07,3.1868e+08,-7.08525e+08,-5.7781e+08,3.83954e+08,-9.38491e+08,0.000997358,0.000153014,9.80424e-26
0,2.00431e+09,-3.13414e+07,3.17731e+08,4.98308e+09,1.00298e+09,-1.15051e+08,-3.8049e+08,0.00107169,0.000169888,6.00112e-24
0,2.14294e+09,1.5436e+07,3.15045e+08,6.98917e+09,-1.66816e+09,5.94236e+07,-4.92852e+08,0.00100329,0.000147499,2.22832e-23
0,1.90276e+09,-2.43189e+07,3.26247e+08,4.01485e+09,-3.03035e+08,-2.09069e+07,3.91878e+08,0.000948535,0.000162636,-3.08147e-24
0,2.11567e+09,2.54686e+07,3.31312e+08,5.5375e+09,1.30972e+08,1.53957e+08,-6.11862e+08,0.000919776,0.000144036,6.48999e-24
0,2.08259e+09,-1.81513e+07,3.33109e+08,-2.84943e+09,1.18466e+08,-1.32245e+07,-6.66622e+08,0.000958112,0.00015325,-1.2106e-24
0,2.2045e+09,-1.16984e+07,3.21757e+08,-4.15546e+09,-9.41626e+08,-3.66727e+08,-5.64522e+08,0.00100388,0.000146521,-2.59276e-24
0,1.94897e+09,-3.21921e+07,3.07168e+08,-4.66076e+09,-4.05941e+06,1.66732e+08,-1.12641e+09,0.000992545,0.00015643,-1.46601e-23
0,1.78627e+09,-7.21997e+06,2.91996e+08,5.61699e+09,2.16569e+09,-4.48805e+06,-9.08931e+08,0.00106077,0.0001734,3.35929e-23
0,2.07363e+09,1.66784e+06,3.27961e+08,-5.2348e+09,-6.59778e+08,-5.62568e+08,-4.43901e+08,0.000949748,0.00015021,-2.4854e-24
0,1.9721e+09,-1.28257e+07,3.25546e+08,3.09295e+09,1.49225e+09,3.36695e+08,-6.5391e+08,0.000900313,0.00014862,2.1711e-24
0,1.98702e+09,4.19682e+06,3.43297e+08,-7.9656e+08,1.87609e+08,2.58211e+07,-8.46311e+07,0.000873745,0.000150957,-1.99124e-27
0,2.24365e+09,-3.40621e+07,3.07076e+08,-4.34707e+09,-5.34449e+08,4.95542e+08,-2.51523e+08,0.000917239,0.000125538,-1.52596e-24
0,1.75759e+09,-1.71555e+07,3.05842e+08,5.53834e+09,-5.01927e+08,-5.77601e+06,-8.26883e+08,0.00101529,0.000176673,3.66516e-23
0,1.95096e+09,-1.69394e+07,2.93872e+08,3.84205e+09,-2.61157e+09,8.6244e+07,-7.64754e+08,0.00101549,0.000152963,3.60445e-23
0,1.9636e+09,-3.7349e+07,2.59801e+08,-4.41259e+08,-1.12514e+09,4.69183e+08,-1.19327e+09,0.00110986,0.000146845,1.38517e-24
0,1.83766e+09,4.74338e+07,2.97309e+08,-6.25731e+09,-1.80599e+09,-8.97641e+07,-1.03769e+09,0.00103474,0.000167407,-8.34698e-23
0,1.94305e+09,-2.60063e+07,3.10668e+08,-4.27267e+09,3.16141e+08,2.62757e+08,-1.06307e+09,0.000987428,0.000157877,-1.0047e-23
0,2.19123e+09,1.94426e+07,3.2644e+08,3.43689e+09,-7.73102e+08,2.11394e+08,-5.54938e+08,0.000946249,0.000140969,1.3582e-24
0,2.32571e+09,1.00571e+07,3.31784e+08,2.23963e+09,-1.00832e+09,-8.41754e+07,-2.64068e+08,0.000916285,0.000130716,3.82716e-25
0,2.11171e+09,1.467e+07,3.23351e+08,2.30723e+09,-7.05594e+08,5.01257e+08,-7.67395e+08,0.000993435,0.000152117,4.65742e-25
0,1.76307e+09,5.35659e+07,2.96714e+08,1.58575e+09,-1.39043e+09,-5.75942e+08,-9.31308e+08,0.000993226,0.000167154,1.7951e-24
0,1.78701e+09,-9.20279e+06,2.93095e+08,5.01737e+09,3.97195e+09,5.22036e+08,-6.87695e+08,0.00090913,0.00014911,-3.53755e-23
0,2.12144e+09,-8.29133e+06,2.8245e+08,-5.26383e+09,1.74309e+08,-3.86065e+08,3.58364e+08,0.00106124,0.000141294,5.63624e-24
0,1.99122e+09,-4.35319e+06,3.13402e+08,-7.79686e+08,-1.82952e+09,-7.56628e+07,5.65953e+08,0.000877662,0.000138137,-3.56567e-25
0,2.03955e+09,-5.2267e+06,3.41514e+08,-2.69964e+08,6.1629e+07,-9.18511e+06,-4.90322e+08,0.000959182,0.000160611,1.93327e-27
0,2.31893e+09,-264299,3.28922e+08,7.82638e+08,-9.41178e+08,6.02996e+07,-2.29343e+08,0.000914407,0.000129702,7.59922e-26
0,2.03246e+09,1.64925e+07,3.0836e+08,9.99183e+09,1.47491e+09,1.82273e+08,-5.46839e+08,0.00105363,0.000159854,8.95022e-23
0,2.13337e+09,5.82589e+06,3.12467e+08,2.37335e+09,-1.75163e+09,3.7104e+08,-8.65926e+08,0.00102426,0.000150019,5.32655e-24
0,2.31996e+09,1.38035e+07,3.30193e+08,3.18104e+09,-1.04844e+09,-9.97969e+07,-2.96095e+08,0.00092386,0.00013149,8.92152e-25
0,1.81679e+09,7.777e+06,3.02675e+08,8.57249e+09,3.97542e+08,-5.46933e+07,-7.53214e+08,0.00106884,0.000178067,1.31944e-22
0,2.28761e+09,2.6961e+07,3.28993e+08,5.57741e+09,-5.30778e+08,-1.74155e+08,-3.10744e+08,0.000916418,0.000131794,2.66695e-24
0,1.92994e+09,-5.19337e+07,3.19413e+08,-1.04958e+09,-9.23847e+08,-2.29446e+08,-4.75859e+08,0.000934792,0.000154712,-3.71775e-25
0,2.05443e+09,1.3178e+07,3.22137e+08,7.88124e+09,2.79441e+08,3.07295e+08,-7.72687e+08,0.000937106,0.000146939,3.08945e-23
0,1.93168e+09,-2.93191e+07,3.14881e+08,-1.94709e+09,1.33252e+09,3.51791e+08,-1.08157e+09,0.000956093,0.000155852,-3.97601e-25
0,2.09316e+09,-1.98288e+06,3.43403e+08,1.53939e+09,-5.68892e+06,1.1017e+08,-1.52077e+08,0.000924263,0.000151635,3.5949e-26
0,2.08305e+09,1.07859e+07,3.35899e+08,-3.23427e+08,-4.73144e+08,-1.79125e+08,-2.11223e+08,0.000912598,0.00014716,-1.06109e-26
0,2.09478e+09,-2.59225e+07,3.30153e+08,-4.54529e+09,4.57355e+08,-2.09292e+08,-5.87038e+08,0.000906649,0.000142895,-3.71415e-24
0,1.78028e+09,1.19098e+07,2.88828e+08,-4.60515e+09,-1.34988e+09,1.3211e+07,6.38787e+08,0.00109719,0.000178006,1.9031e-23
0,2.21503e+09,1.04571e+07,3.31199e+08,6.84716e+08,-8.29116e+08,1.67799e+08,-6.02637e+08,0.000957626,0.000143188,1.32114e-25
0,2.01517e+09,-5.84806e+06,2.73627e+08,-8.09347e+09,-6.4836e+08,-4.33641e+08,4.23327e+08,0.00104572,0.000141991,4.25963e-23
0,1.93843e+09,-1.86777e+07,3.2155e+08,2.97917e+09,1.3156e+09,6.71502e+08,-8.50052e+08,0.000922194,0.000152975,4.97499e-24
0,1.8434e+09,-1.15025e+07,3.02714e+08,1.57759e+09,1.85965e+09,4.19716e+08,-1.21561e+09,0.000960865,0.000157788,1.34212e-24
0,1.88465e+09,4.8436e+07,3.1377e+08,8.19836e+09,1.88191e+09,3.92922e+07,-1.1195e+09,0.000937003,0.000155999,7.39381e-23
0,2.16754e+09,1.74586e+07,3.34826e+08,1.53017e+09,-2.57561e+08,2.07933e+08,-5.87617e+08,0.000952074,0.00014707,9.9949e-26
0,2.05138e+09,-4.0636e+06,3.43291e+08,2.52689e+08,1.82799e+07,2.3291e+07,-3.17751e+08,0.00095976,0.000160612,-2.74252e-28
0,2.13923e+09,-2.07269e+07,3.22376e+08,-3.05399e+09,-5.88901e+08,8.89802e+07,-8.27473e+08,0.00100077,0.000150814,-2.39522e-24
0,1.89874e+09,-2.17939e+06,2.67255e+08,-7.99554e+09,-1.66721e+09,-5.1659e+08,4.39707e+08,0.000996865,0.000140313,5.7388e-23
0,1.98718e+09,-1.35405e+07,3.24628e+08,4.7509e+09,1.29544e+09,8.81524e+08,-7.49568e+08,0.000937151,0.000153095,1.62343e-23
0,2.16536e+09,-3.66585e+06,3.25003e+08,3.70479e+08,-8.46125e+08,2.0056e+08,-6.50729e+08,0.000966147,0.000145011,1.29634e-25
0,1.89863e+09,-7.30631e+07,2.74685e+08,-6.65085e+09,2.94341e+08,9.7646e+08,-1.13119e+09,0.0010078,0.000145803,-4.68908e-23
0,1.90224e+09,5.14877e+06,2.97699e+08,7.74797e+09,7.6455e+08,-5.55482e+08,-6.53579e+08,0.00113026,0.000176885,6.91471e-23
0,2.28737e+09,2.24491e+07,3.31532e+08,-3.58113e+09,2.08105e+08,1.50671e+08,1.77295e+08,0.00089097,0.000129137,3.34297e-25
0,2.30537e+09,1.14261e+07,3.22678e+08,1.45126e+09,-1.04554e+09,-5.9322e+07,-2.59221e+08,0.000924667,0.000129424,2.22478e-25
0,1.97083e+09,-1.93457e+07,3.12984e+08,3.29408e+09,1.09582e+09,6.44208e+08,-8.79763e+08,0.000930585,0.000147784,5.5996e-24
0,1.68315e+09,5.42662e+06,2.87774e+08,-1.96438e+09,-4.83351e+08,7.65933e+08,-7.22631e+08,0.000987849,0.000168896,-1.1994e-24
0,1.82781e+09,-1.08181e+07,2.61286e+08,9.25356e+09,1.74848e+09,3.84482e+08,-9.86901e+08,0.00110046,0.000157311,2.97422e-22
0,2.12651e+09,-1.57703e+06,3.42004e+08,2.13101e+09,741464,1.80318e+08,-3.25064e+08,0.000937721,0.000150813,2.00305e-25
0,2.067e+09,-8.69246e+06,2.99868e+08,3.24386e+09,-1.05621e+09,4.30868e+08,-1.13826e+09,0.00104513,0.000151622,5.28406e-24
0,2.21207e+09,9.31969e+06,3.39877e+08,8.25936e+08,-7.63363e+08,1.54458e+08,-2.06326e+08,0.000922371,0.000141719,5.64995e-26
0,1.9691e+09,-3.34831e+07,3.29687e+08,-1.62327e+09,-7.38543e+08,6.94303e+07,-6.77307e+08,0.00100018,0.000167459,-7.50189e-25
0,2.19427e+09,1.24584e+07,3.36556e+08,5.17481e+09,-4.86803e+08,2.08284e+08,-4.31692e+08,0.000921524,0.000141343,2.78693e-24
0,1.99025e+09,-3.11443e+07,3.03205e+08,-1.6283e+09,1.51154e+06,5.98447e+08,-1.10539e+09,0.00101026,0.000153908,-1.5008e-25
0,2.25399e+09,9.26237e+06,3.38257e+08,3.7214e+09,-5.88504e+08,2.02107e+08,-4.36091e+08,0.000939702,0.000141022,1.00985e-24
0,2.30474e+09,8.01841e+06,3.24778e+08,2.26398e+09,-1.01587e+09,3.51665e+07,-3.24437e+08,0.00093106,0.000131203,4.44648e-25
0,2.11198e+09,2.11068e+07,3.33794e+08,5.13355e+09,-1.78045e+08,5.57949e+08,-7.13315e+08,0.000975856,0.000154232,6.90467e-24
0,1.89799e+09,2.64842e+07,3.09858e+08,3.2653e+09,1.0135e+08,-4.05565e+08,-7.4915e+08,0.000940968,0.000153619,2.72117e-24
0,2.14092e+09,-1.83431e+06,3.14882e+08,-2.02378e+09,-9.46483e+08,-1.45731e+08,5.02888e+08,0.000903337,0.000132861,2.68143e-25
0,1.90154e+09,2.0131e+07,3.21968e+08,3.62188e+08,1.45826e+09,-3.35093e+08,-9.83419e+08,0.000942421,0.000159571,1.40176e-27
0,1.8715e+09,1.52059e+07,2.96101e+08,4.12259e+09,1.00622e+08,-1.44349e+08,-1.18146e+09,0.000980731,0.000155167,1.18849e-23
0,2.13887e+09,-843173,3.40969e+08,1.67569e+09,-5.07525e+07,1.51496e+08,-4.02287e+08,0.000944025,0.000150492,1.11744e-25
0,2.28489e+09,3.28299e+07,3.21425e+08,1.01949e+09,-8.1608e+08,7.22719e+07,-1.92809e+08,0.000941395,0.00013243,7.90156e-26
0,2.00953e+09,-3.23936e+07,3.31958e+08,-1.87459e+09,-2.6956e+08,-1.2782e+08,-5.14917e+08,0.00100247,0.0001656,-3.73165e-25
0,2.17847e+09,4.87063e+06,3.0093e+08,7.92543e+08,7.17866e+08,-2.84651e+07,2.04342e+08,0.000914816,0.000126371,-4.77951e-26
0,2.08149e+09,-4.50262e+07,3.26278e+08,2.53298e+09,8.91667e+08,4.7122e+08,2.70486e+08,0.000979086,0.000153473,5.67037e-26
0,2.01369e+09,5.67776e+07,3.12798e+08,8.99189e+09,-3.20359e+08,1.89599e+08,-1.1643e+09,0.00104757,0.000162725,1.24975e-22
0,2.03173e+09,1.33148e+07,3.12221e+08,-1.41605e+10,-1.15192e+09,-7.41458e+08,-3.01524e+08,0.00102208,0.000157066,-4.44837e-23
0,2.04017e+09,-7.98581e+06,3.2903e+08,-8.25787e+08,6.89822e+07,-2.41821e+07,-8.00351e+08,0.000948155,0.000152915,-3.12075e-27
0,2.13282e+09,-1.29415e+07,3.22989e+08,6.73235e+09,6.61072e+08,1.47631e+08,-2.64938e+08,0.00101041,0.000153014,8.8635e-24
0,2.19286e+09,-3.17929e+06,3.32272e+08,2.65062e+08,-1.08917e+09,2.85804e+08,-5.67607e+08,0.00100217,0.000151853,2.71071e-25
0,2.28373e+09,-3.91302e+06,3.42964e+08,2.53347e+09,-6.52975e+07,1.68826e+08,2.73939e+07,0.000943907,0.000141753,-3.28154e-26
0,2.06302e+09,-1.61139e+06,3.4242e+08,4.11115e+08,2.32883e+07,6.6016e+07,-4.14406e+08,0.000964189,0.000160036,-2.0672e-28
0,1.9886e+09,5.01112e+07,3.02938e+08,-3.54939e+09,-7.8087e+08,5.28583e+08,-6.0442e+08,0.00103077,0.000157025,-6.11419e-24
0,1.97761e+09,2.0523e+07,3.24253e+08,2.34774e+09,9.56883e+08,-3.82902e+08,-8.26057e+08,0.00095922,0.000157276,6.00783e-25
0,1.94428e+09,7.09174e+07,3.09271e+08,1.17388e+08,-4.5257e+08,-6.98613e+08,-6.0943e+08,0.000974624,0.000155031,-5.04356e-26
0,2.15042e+09,-1.31755e+07,3.18953e+08,-4.09054e+08,-1.07117e+09,-1.34548e+08,-8.95909e+08,0.00100556,0.000149146,-3.17937e-25
0,2.02773e+09,1.34042e+07,3.16977e+08,-6.9415e+08,8.84042e+08,-5.91848e+07,-7.91803e+08,0.000947996,0.000148192,-2.9603e-26
0,2.01902e+09,1.13252e+07,3.21847e+08,8.27679e+08,1.29349e+08,-4.33075e+08,-8.3517e+08,0.000953538,0.000152001,-1.62788e-26
0,2.00282e+09,476133,3.25527e+08,-3.86839e+09,9.97482e+08,-2.26951e+08,-8.10941e+08,0.000930955,0.000151312,-4.98457e-24
0,2.10912e+09,-4.38838e+07,3.13003e+08,-7.43172e+09,-1.06169e+09,-1.21853e+08,-9.98596e+08,0.00103513,0.000153618,-4.83546e-23
0,2.13181e+09,-9.89657e+06,3.31872e+08,-2.28899e+09,-7.78585e+08,2.57306e+08,-6.13233e+08,0.000997186,0.000155238,-1.12855e-24
0,2.14178e+09,-1.31478e+06,3.42433e+08,6.90458e+08,-4.74482e+07,9.71506e+07,-2.96209e+08,0.000949161,0.000151754,4.6361e-27
0,2.03961e+09,5.44417e+07,2.94356e+08,-7.5671e+09,-1.8059e+09,-5.64411e+08,-5.82851e+08,0.00109517,0.000158055,-3.46676e-23
0,2.13695e+09,-3.71137e+07,3.12453e+08,-3.81248e+09,-1.52836e+08,-3.21168e+07,-5.33005e+08,0.000926161,0.000135418,-1.76844e-24
0,2.11115e+09,1.93608e+07,3.28944e+08,2.33437e+09,-1.05413e+08,-3.63338e+08,-6.07653e+08,0.000984361,0.000153376,6.29688e-25
0,2.15385e+09,-7.87407e+06,3.37892e+08,-2.99434e+09,1.26986e+08,3.89231e+07,-4.60697e+08,0.000912173,0.0001431,-6.53744e-25
0,2.16274e+09,3.64073e+06,3.25216e+08,1.56214e+09,-1.01898e+09,2.89493e+08,-8.10374e+08,0.000993812,0.000149441,7.43834e-25
0,2.06129e+09,-4.56686e+07,3.24254e+08,-3.30326e+09,4.24545e+08,-1.77427e+08,-7.75216e+08,0.000979704,0.000154114,-2.88537e-24
0,1.9872e+09,3.45371e+07,3.19547e+08,1.7468e+09,6.58245e+08,-3.08118e+08,-8.62915e+08,0.000951483,0.000153001,2.84583e-25
0,1.97303e+09,457374,3.03274e+08,-2.02155e+09,-2.29749e+09,-4.19995e+07,-3.23851e+08,0.00103748,0.00015947,-1.00916e-23
0,2.06519e+09,-8.39112e+06,3.26925e+08,3.86772e+09,7.8744e+08,6.76637e+08,-5.05604e+08,0.000899386,0.000142375,3.66545e-24
0,2.16098e+09,7.84473e+06,3.38796e+08,-8.42737e+08,-5.451e+07,1.63127e+08,-4.42968e+08,0.000942507,0.000147766,-1.10627e-26
0,2.12067e+09,-2.16957e+07,3.29062e+08,-4.16497e+09,-5.6364e+08,7.03887e+07,-6.99092e+08,0.000992354,0.000153983,-4.9466e-24
0,1.98316e+09,1.1212e+07,3.18205e+08,1.98284e+09,-1.33659e+09,5.19202e+07,-1.07045e+09,0.00109682,0.000175988,5.60616e-24
0,2.22235e+09,-9.36991e+06,3.34684e+08,-1.46386e+09,-7.16913e+08,1.8089e+08,-4.78482e+08,0.000943297,0.000142059,-1.94029e-25
0,1.9664e+09,-3.72122e+07,3.16502e+08,-4.66936e+08,4.5398e+08,2.72709e+08,-1.01867e+09,0.000995191,0.000160181,1.90635e-26
0,2.18697e+09,1.5341e+07,3.09272e+08,3.8605e+09,-1.31675e+09,1.45583e+08,-7.5236e+08,0.000987745,0.000139683,5.06839e-24
0,2.09363e+09,-5.56572e+07,3.18207e+08,-1.03194e+10,-1.41972e+08,-2.3137e+08,-8.32873e+08,0.000995315,0.000151276,-8.7185e-23
0,2.12593e+09,-2.55105e+06,3.14379e+08,2.64257e+09,-1.46279e+09,5.41587e+08,-9.78826e+08,0.00104564,0.000154627,4.16985e-24
0,2.13293e+09,6.96729e+06,3.27444e+08,1.78182e+08,-6.61495e+08,-5.5028e+08,-6.4498e+08,0.00098425,0.0001511,-1.16534e-25
0,1.86581e+09,-1.10689e+07,2.9972e+08,-2.4117e+09,-2.62441e+09,1.35508e+08,-1.94749e+08,0.00103043,0.000165526,-1.98571e-23
0,2.05379e+09,-1.77366e+06,3.40968e+08,2.39723e+08,4.30201e+07,3.28412e+07,-5.33556e+08,0.000965214,0.000160244,-2.70963e-27
0,2.13024e+09,-1.4314e+06,3.41381e+08,-4.08541e+08,-6.12624e+07,3.66864e+07,-3.88317e+08,0.00094902,0.000152085,-2.45537e-28
0,2.04621e+09,-2.74743e+07,3.31547e+08,-4.85407e+09,6.93823e+07,-7.1461e+07,-6.45087e+08,0.000971445,0.000157403,-7.02567e-24
0,2.13483e+09,-4.13231e+07,3.21441e+08,-6.94277e+09,-4.47673e+08,-2.713e+08,-8.06987e+08,0.000971101,0.000146218,-1.95829e-23
0,2.02685e+09,-7.45304e+06,3.28912e+08,-1.30261e+09,-1.57552e+08,-1.80782e+08,-9.84279e+08,0.000988274,0.000160375,-9.09575e-26
0,1.83967e+09,4.92471e+07,2.84453e+08,-7.86237e+09,7.05013e+08,-3.5133e+08,-6.25606e+08,0.00109019,0.000168567,-1.02963e-22
0,2.09376e+09,-1.39875e+07,3.14617e+08,1.14787e+09,6.28371e+08,-8.39222e+07,-7.25438e+08,0.000948788,0.000142569,6.7368e-26
0,2.01197e+09,-4.80322e+06,2.79008e+08,-7.87902e+09,5.23743e+08,-1.85911e+08,-6.79254e+08,0.000985706,0.000136692,-3.95532e-23
0,1.90155e+09,-1.88332e+06,3.13267e+08,-8.39579e+07,-1.08058e+09,-1.36593e+07,-1.27873e+09,0.00108408,0.000178594,-1.5878e-25
0,2.13834e+09,-1.97027e+06,3.27373e+08,5.53002e+09,5.02248e+08,-7.45797e+07,-3.82471e+08,0.00093471,0.000143101,3.90632e-24
0,1.90798e+09,1.94863e+07,2.91732e+08,2.14345e+09,7.07335e+08,-966283,-1.1091e+09,0.000989952,0.000151365,1.51006e-24
0,1.93479e+09,6.46756e+06,3.1012e+08,-3.91076e+09,-1.07328e+09,-9.1922e+07,-9.01073e+08,0.000999512,0.000160208,-1.01848e-23
0,2.1849e+09,5.70151e+07,3.04188e+08,-6.18397e+09,-6.55731e+08,5.13742e+08,2.10805e+08,0.000942618,0.000131234,8.80032e-25
0,2.05753e+09,-5.54114e+07,3.17884e+08,-1.08414e+10,3.37627e+08,6.77097e+06,-8.13277e+08,0.000964729,0.000149048,-9.35347e-23
0,2.16727e+09,-1.93425e+07,3.36463e+08,-3.24286e+09,-2.63002e+08,8.53141e+07,-4.33379e+08,0.000932833,0.00014482,-9.17852e-25
0,2.05915e+09,-1.20184e+06,3.42646e+08,1.96965e+08,2.40716e+07,4.04457e+07,-3.94649e+08,0.000966516,0.00016083,-8.77736e-28
0,2.13674e+09,-1.51777e+07,3.36241e+08,-9.55377e+08,-5.78335e+07,-2.28945e+08,-5.54885e+08,0.000941486,0.000148154,-1.25457e-26
0,2.04597e+09,-1.54639e+07,3.21063e+08,-9.32237e+08,-8.16325e+08,5.77762e+08,-9.10142e+08,0.00104514,0.000164008,2.49505e-25
0,2.1009e+09,1.09412e+07,3.12124e+08,4.29348e+09,-1.2752e+09,7.08504e+07,-8.55483e+08,0.000997963,0.000148264,9.36028e-24
0,1.80217e+09,1.34318e+07,2.88998e+08,3.92831e+09,1.33634e+09,1.34625e+08,-1.22337e+09,0.000983862,0.000157773,1.60227e-23
0,1.90403e+09,2.8948e+07,3.01162e+08,-5.16575e+09,-1.56053e+09,-6.53439e+08,-8.15103e+08,0.00100319,0.000158675,-1.41963e-23
0,2.11364e+09,-3.48515e+07,2.94527e+08,5.83897e+09,1.05268e+08,-4.9951e+07,4.48384e+08,0.000935933,0.000130418,-6.08374e-24
0,2.01973e+09,3.64332e+07,3.10747e+08,4.65858e+09,-2.3875e+08,-2.5315e+08,-9.34308e+08,0.000988461,0.00015208,1.05558e-23
0,2.14425e+09,-3.54354e+07,2.9727e+08,-5.29242e+09,5.58328e+08,4.31405e+08,-5.17003e+08,0.000932413,0.000129266,-3.61375e-24
0,2.10394e+09,-1.63729e+06,3.41497e+08,-9.93391e+08,-2.33876e+07,8.84427e+06,-3.87431e+08,0.000944794,0.000153352,-2.35997e-26
0,2.10577e+09,-1.91245e+07,3.28141e+08,-2.72179e+09,-1.1196e+08,-2.80642e+07,-7.6259e+08,0.000992154,0.000154607,-1.31755e-24
0,2.05885e+09,-495122,3.41199e+08,9.36799e+07,9.07565e+06,3.74637e+07,-5.18058e+08,0.000967196,0.000160287,-1.19824e-27
0,2.09967e+09,-4.74673e+06,3.21045e+08,-7.67771e+09,3.71885e+08,-4.02391e+08,-6.84526e+08,0.000943514,0.000144266,-2.4578e-23
0,2.04594e+09,2.02764e+07,3.33776e+08,1.84194e+09,1.26835e+09,-1.55227e+08,-5.26178e+08,0.000892876,0.000145664,-7.85484e-26
0,2.12919e+09,-3.03036e+07,3.34576e+08,-3.30615e+09,2.71601e+08,-1.80144e+07,-4.89909e+08,0.000919766,0.00014453,-1.06511e-24
0,2.28824e+09,1.82643e+07,3.20666e+08,1.58697e+09,-8.06778e+08,-2.19315e+08,-2.81128e+08,0.000918336,0.000128692,1.63763e-25
0,2.00102e+09,-1.42433e+07,3.20014e+08,-2.88891e+09,-6.70867e+08,2.75655e+08,-1.07214e+09,0.00104002,0.000166326,-4.49943e-24
0,2.21703e+09,-5.20097e+06,3.30275e+08,2.97946e+09,7.76103e+08,3.26096e+08,1.10525e+07,0.000956396,0.000142476,2.80831e-25
0,2.05375e+09,-4.47265e+07,3.24792e+08,-4.34757e+09,1.03504e+09,1.76747e+08,-7.60493e+08,0.000939544,0.000148585,-4.14845e-24
0,2.05967e+09,-1.89256e+07,3.24124e+08,-3.39871e+09,3.15761e+08,1.84682e+08,-8.74967e+08,0.000962047,0.000151394,-2.73049e-24
0,1.95252e+09,-4.13165e+07,3.25055e+08,-8.77964e+09,8.73557e+08,-2.08618e+08,-6.69109e+08,0.000924359,0.000153887,-4.71143e-23
0,2.14741e+09,9.43089e+06,3.36667e+08,3.57851e+09,-3.28801e+08,4.01425e+08,-5.36504e+08,0.000955427,0.00014979,1.25089e-24
0,1.98264e+09,-3.42642e+07,2.94061e+08,-2.767e+09,-9.65111e+08,1.47937e+08,-1.42892e+09,0.00106996,0.000158695,-7.04096e-24
0,2.18497e+09,-2.34161e+07,3.23744e+08,-5.96551e+09,-1.06702e+09,-2.36877e+08,-6.28278e+08,0.000995483,0.000147499,-1.03305e-23
0,1.72849e+09,-8.13452e+06,2.95203e+08,1.97536e+09,9.75994e+08,-1.56563e+08,-7.09875e+08,0.00102852,0.000175658,1.04964e-24
0,2.09399e+09,-1.86741e+07,3.37111e+08,-2.70235e+09,2.16767e+08,-4.93533e+08,-5.1968e+08,0.000920225,0.000148147,-7.94393e-25
0,2.15461e+09,7.37936e+06,3.2534e+08,-1.36879e+09,-7.35646e+08,-1.0457e+08,-6.38393e+08,0.000954341,0.000144103,-2.51918e-25
0,2.00701e+09,6.91903e+06,2.92173e+08,2.87828e+08,-2.46379e+08,-1.53481e+07,7.81797e+08,0.000990487,0.000144191,9.86776e-27
0,2.16931e+09,22408.6,3.3514e+08,-1.91975e+09,-9.24358e+07,-1.23116e+08,-5.63934e+08,0.000936303,0.000144651,-2.0954e-25
0,1.99692e+09,1.14264e+07,3.00494e+08,6.60583e+09,-2.96193e+08,3.2544e+08,-1.07293e+09,0.0010409,0.000156633,4.42751e-23
0,2.02863e+09,1.42041e+07,3.13097e+08,-4.89909e+09,5.19966e+08,-3.73662e+08,-8.12248e+08,0.000930877,0.00014367,-8.88119e-24
0,1.87886e+09,3.59146e+07,2.92687e+08,-9.57656e+09,-2.01978e+09,-1.51016e+08,-9.06063e+08,0.00107197,0.00016699,-2.35365e-22
0,1.95943e+09,2.16641e+07,3.16729e+08,-9.28608e+08,1.03988e+09,-3.01228e+08,-1.08767e+09,0.000964047,0.000155832,-2.24756e-25
0,1.98105e+09,4.98861e+06,2.94717e+08,-2.21764e+09,1.00882e+09,-1.50915e+08,-1.12267e+09,0.000962216,0.000143147,-1.5714e-24
0,1.89468e+09,5.88244e+07,3.20977e+08,-4.63189e+07,1.6321e+09,1.71829e+08,1.72302e+08,0.000920255,0.0001559,-2.44215e-25
0,2.09856e+09,-3.18328e+06,3.42751e+08,-5.22068e+08,2.26904e+07,-4.18253e+07,-2.72118e+08,0.000940764,0.000153652,-2.05313e-27
0,1.91057e+09,-1.2043e+07,3.10972e+08,1.38302e+09,1.13105e+09,1.78497e+08,-1.17498e+09,0.00096772,0.00015751,5.87539e-25
0,2.07133e+09,5.59615e+06,3.23186e+08,3.3786e+09,-6.26026e+08,-1.99095e+07,-7.29975e+08,0.000962917,0.000150242,2.75707e-24
0,2.05803e+09,3.59952e+07,3.09301e+08,5.2077e+09,-1.40983e+09,2.42538e+08,-9.97701e+08,0.00107202,0.000161115,2.61445e-23
0,2.15379e+09,-1.62666e+07,3.39805e+08,-1.92057e+09,2.34489e+08,-4.41518e+08,-3.5938e+08,0.000908385,0.000143317,-2.01981e-25
0,2.08361e+09,2.5354e+07,3.13004e+08,-7.8413e+09,-2.46881e+09,-3.99786e+07,-4.86514e+08,0.001049,0.000157584,-6.77397e-23
0,2.05306e+09,-1.51572e+06,3.42954e+08,1.52317e+07,-4.12363e+07,9.34172e+06,-3.62933e+08,0.000966723,0.000161486,-4.72667e-29
0,1.9663e+09,-1.76656e+07,2.97895e+08,-7.46885e+08,-9.06491e+08,-3.30759e+08,-7.72234e+08,0.00101109,0.000153181,-5.40321e-25
0,1.95062e+09,-6.19978e+07,3.15847e+08,-3.29445e+09,7.18664e+08,1.26814e+08,-1.00403e+09,0.00100504,0.000162737,-4.70148e-24
0,2.08615e+09,-2.04575e+07,3.38205e+08,-2.81377e+09,3.77703e+08,-1.98604e+08,-4.9556e+08,0.000917344,0.000148719,-8.45549e-25
0,2.13675e+09,-2.30921e+07,3.10884e+08,-2.53876e+09,-1.41467e+09,-2.08386e+08,-8.32216e+08,0.00100059,0.000145579,-3.30681e-24
0,2.21682e+09,-1.92198e+07,3.36638e+08,-2.79284e+09,5.70262e+07,-6.32329e+07,-4.13213e+08,0.000905597,0.00013752,-4.04444e-25
0,2.18916e+09,-4.97139e+06,3.36769e+08,-1.8791e+09,3.03456e+08,-4.42149e+08,-3.37535e+08,0.00090471,0.000139176,-1.917e-25
0,2.21368e+09,1.52896e+07,3.29354e+08,2.18943e+09,-5.17985e+08,-4.08648e+08,-4.50459e+08,0.000935537,0.00013919,3.72926e-25
0,2.33123e+09,5.04945e+06,3.35336e+08,1.18646e+09,-8.05185e+08,-3.91928e+07,-1.94501e+08,0.000901266,0.000129643,7.0219e-26
0,2.00121e+09,-7.62855e+06,3.31967e+08,-2.51387e+09,5.79392e+08,-2.61633e+08,-7.94603e+08,0.000934592,0.000155033,-1.37196e-24
0,2.30173e+09,-930147,3.20676e+08,3.29127e+09,-8.93603e+08,-2.05465e+08,-2.27581e+08,0.000940918,0.000131089,8.68854e-25
0,2.04382e+09,-1.56332e+06,3.21526e+08,-2.9352e+08,3.67242e+08,1.18731e+08,-9.53467e+08,0.000950544,0.000149536,9.90851e-27
0,2.05392e+09,-2.63141e+07,2.97532e+08,-1.40216e+09,-9.46018e+08,-1.63795e+08,-7.22999e+08,0.0010233,0.000148236,-8.13624e-25
0,2.06316e+09,-253790,3.2984e+08,4.16091e+09,-8.58907e+08,1.74757e+08,-3.7583e+08,0.000978935,0.000156504,2.66102e-24
0,2.10983e+09,-4.77554e+07,3.22949e+08,-8.59126e+09,2.30766e+08,1.07462e+08,-5.46006e+08,0.000919905,0.000140809,-2.14212e-23
0,2.12929e+09,-4.30956e+06,3.43612e+08,-7.35061e+08,8.06925e+07,-1.63478e+08,-1.54982e+08,0.00093919,0.000151561,-5.44366e-27
0,1.90772e+09,-1.31348e+07,3.01892e+08,6.13518e+09,2.05517e+09,3.33896e+07,-6.68941e+08,0.00107584,0.000170249,2.40833e-23
0,2.02096e+09,-5.83026e+07,3.18104e+08,-3.75431e+09,7.06294e+08,4.68291e+07,-8.86058e+08,0.00099421,0.000156491,-5.21257e-24
0,1.86641e+09,5.88863e+07,2.98744e+08,2.95306e+09,-1.42923e+09,-6.31117e+08,-9.14249e+08,0.00100515,0.000160888,9.42941e-24
0,2.09197e+09,6.56925e+06,3.37153e+08,-3.5281e+09,4.53375e+08,-1.07028e+08,-5.06699e+08,0.000912234,0.00014702,-1.51984e-24
0,2.26378e+09,3.74573e+07,3.22118e+08,-4.50822e+09,7.0116e+07,4.40408e+08,2.34632e+08,0.00090667,0.000129012,9.23706e-25
0,2.28669e+09,2.3591e+07,3.32566e+08,-3.38941e+09,-1.40466e+08,2.1366e+08,1.08507e+08,0.000885079,0.000128722,1.1354e-25
0,2.05679e+09,-4.44499e+07,3.16098e+08,-5.89285e+09,-3.96806e+07,5.36694e+08,-7.09641e+08,0.00095406,0.000146624,-1.21575e-23
0,1.90467e+09,-7.44893e+06,2.84031e+08,5.42301e+09,-1.39552e+09,2.83655e+08,6.42241e+08,0.000953126,0.000142134,-1.61913e-23
0,1.79579e+09,-2.10572e+07,2.71801e+08,-1.88375e+09,1.94711e+09,5.03636e+07,-1.44788e+09,0.00101139,0.000153078,-1.41311e-24
0,1.92794e+09,1.51247e+07,3.16117e+08,2.10066e+09,4.87153e+08,-3.59866e+08,-1.02244e+09,0.000973178,0.000159568,7.98784e-25
0,1.95682e+09,1.55903e+07,2.89455e+08,3.61897e+09,1.59581e+08,9.64473e+07,-9.95435e+08,0.000988616,0.000146237,5.84037e-24
0,2.1222e+09,3.46935e+07,3.28973e+08,-1.57368e+09,1.1176e+09,-3.80284e+08,-4.12921e+08,0.000892807,0.000138398,-1.81718e-25
0,1.89396e+09,-3.94512e+07,2.88485e+08,-1.95355e+09,3.86152e+08,2.597e+08,-1.21256e+09,0.00099612,0.000151727,-8.52768e-25
0,2.21586e+09,-6.44887e+06,3.42228e+08,-1.95603e+09,-1.68771e+08,-1.71421e+08,-2.81264e+08,0.000918228,0.000141816,-8.31222e-26
0,2.04117e+09,-2.12743e+06,3.41754e+08,1.521e+08,-3.79997e+07,6.00412e+07,-4.76262e+08,0.000965839,0.000161711,-1.32005e-27
0,2.01594e+09,-3.24641e+07,3.17642e+08,-4.86349e+09,4.09949e+08,5.22335e+08,-7.65172e+08,0.000938152,0.00014782,-6.30328e-24
0,2.13246e+09,-2.25985e+06,3.43972e+08,-1.11773e+09,-3.06711e+07,-1.44996e+08,-2.30256e+08,0.000932623,0.000150435,-1.73237e-26
0,1.91199e+09,-3.11293e+07,3.1981e+08,-7.77322e+09,5.59819e+08,-1.54941e+08,-8.93942e+08,0.000943341,0.000157788,-5.07465e-23
0,2.2729e+09,3.15911e+07,3.27557e+08,-5.48472e+09,9.44153e+07,2.60504e+08,2.19992e+08,0.000898993,0.000129557,1.47325e-24
0,2.25881e+09,6.53939e+06,3.31128e+08,-9.07216e+08,-9.93688e+08,-2.73058e+08,-3.54037e+08,0.000940962,0.000137939,-1.61281e-25
0,2.03764e+09,168287,3.1187e+08,-2.95686e+09,470475,2.89612e+08,-7.61939e+08,0.000960515,0.000147011,-1.66248e-24
0,2.1285e+09,2.01124e+06,3.23486e+08,7.52809e+08,-1.10865e+09,5.16031e+08,-7.20758e+08,0.000986016,0.000149853,5.48447e-25
0,1.82943e+09,4.22575e+06,2.8525e+08,-1.3255e+09,2.82375e+08,1.121e+08,-1.53026e+09,0.00104096,0.000162309,1.96754e-25
0,2.06796e+09,8.63697e+06,3.2684e+08,7.30367e+07,-6.11591e+08,-4.61199e+07,-9.30485e+08,0.00100545,0.00015891,-1.63253e-26
0,2.19429e+09,-7.51349e+06,3.41475e+08,-1.95269e+09,3.60646e+08,-6.11621e+07,-2.6229e+08,0.000877123,0.000136498,-8.96537e-26
0,1.90357e+09,-2.09238e+07,3.11864e+08,-3.07751e+09,1.87544e+09,2.27037e+08,-8.39871e+08,0.000918807,0.000150529,6.31265e-27
0,1.8998e+09,-2.4221e+07,3.10601e+08,-5.06029e+09,1.90368e+09,4.40953e+07,-1.02447e+09,0.00092913,0.000151904,-1.20507e-23
0,1.98716e+09,-6.63113e+06,3.26074e+08,8.10028e+09,-6.03507e+08,5.64716e+08,-3.3907e+08,0.00091533,0.000150197,8.94585e-24
0,2.08552e+09,-3.49486e+07,3.32482e+08,-6.96125e+09,4.2827e+08,-4.82456e+08,-5.37677e+08,0.000957823,0.0001527,-1.73988e-23
0,1.92814e+09,-2.48319e+07,3.0614e+08,-6.18376e+09,1.29655e+09,2.56134e+07,-9.1253e+08,0.000929707,0.000147614,-2.17691e-23
0,2.03491e+09,-3.01058e+06,3.43157e+08,3.70365e+08,-2.24013e+07,8.22341e+07,-3.32926e+08,0.000966617,0.000163006,1.30175e-29
0,2.20653e+09,2.25447e+07,3.18411e+08,7.13327e+09,-1.25333e+09,7.00168e+06,-5.55983e+08,0.000961748,0.000138784,1.54856e-23
0,2.05366e+09,4.73657e+07,3.01379e+08,-4.74566e+09,3.22428e+08,-1.81929e+08,-6.17599e+08,0.00103489,0.000151872,-9.02659e-24
0,2.08685e+09,-6.14709e+06,3.23883e+08,1.32399e+08,1.60536e+08,4.27886e+08,-6.82751e+08,0.000932639,0.000144747,-1.30354e-26
0,1.91817e+09,2.47735e+07,3.255e+08,1.95314e+09,1.09248e+09,9.44764e+07,-1.01416e+09,0.000952867,0.000161695,1.05989e-24
0,2.04494e+09,2.38043e+07,3.30056e+08,3.88694e+09,5.58877e+08,-2.8192e+08,-5.48838e+08,0.000911098,0.000147052,1.79793e-24
0,1.9346e+09,5.29457e+07,3.17708e+08,9.75623e+07,4.95599e+08,-5.15138e+08,-4.81152e+08,0.000904328,0.000148513,-3.46365e-27
0,1.99665e+09,5.30251e+07,3.13404e+08,7.58994e+09,-1.22854e+09,6.74967e+07,-7.26058e+08,0.000976308,0.000153246,3.95745e-23
0,2.07333e+09,1.13337e+07,3.02248e+08,3.27903e+09,-1.55834e+09,8.12132e+07,-1.139e+09,0.00104937,0.000152976,1.13902e-23
0,2.1329e+09,-651633,3.42638e+08,-9.37386e+08,4.36974e+07,-5.77287e+07,-3.18696e+08,0.000929035,0.000149244,-1.48962e-26
0,1.79182e+09,-3.96195e+07,3.02663e+08,-1.49026e+09,1.0304e+09,6.3491e+08,-1.23538e+09,0.00105529,0.000178253,-2.64948e-25
0,2.08257e+09,-9.89655e+06,3.22508e+08,-2.37803e+09,-6.57404e+08,-1.79281e+08,-1.01125e+09,0.00100413,0.0001555,-1.46319e-24
0,1.86763e+09,-2.75637e+07,3.1594e+08,7.61715e+09,-7.53247e+08,-4.38009e+07,-5.40333e+08,0.000943021,0.000159527,3.36881e-23
0,2.10517e+09,1.11995e+06,3.33702e+08,7.98703e+08,-4.47454e+08,-9.91807e+07,-6.36164e+08,0.000974306,0.000154443,3.92296e-26
0,1.90445e+09,4.2851e+07,3.21854e+08,3.91432e+09,1.55705e+09,-1.45974e+08,-9.84345e+08,0.000960444,0.000162316,5.75131e-24
0,2.12014e+09,-2.49412e+07,2.92719e+08,-3.66707e+09,8.40357e+08,4.26157e+08,-4.4011e+08,0.000914849,0.000126309,-5.10622e-25
0,1.95794e+09,-1.08821e+07,3.25279e+08,1.00802e+10,7.80215e+07,7.25809e+08,-8.317e+07,0.000950507,0.000157911,1.11777e-23
0,2.13803e+09,-5.69749e+06,3.41728e+08,-2.16115e+09,3.8205e+08,-1.64996e+08,-3.10774e+08,0.000888201,0.000141964,-2.02415e-25
0,2.01176e+09,3.56231e+07,3.03168e+08,4.17082e+09,3.00918e+07,-4.44043e+08,-1.07305e+09,0.00100206,0.000151009,8.55357e-24
0,1.92182e+09,1.74347e+06,3.08934e+08,8.23679e+09,5.76795e+07,5.70323e+08,-9.95756e+08,0.000982242,0.000157896,7.63922e-23
0,2.19315e+09,8.87921e+06,3.43499e+08,-1.19402e+08,2.63357e+08,1.54072e+08,-1.25641e+08,0.000880725,0.000137943,-3.1316e-29
0,2.07903e+09,8.94027e+06,2.99977e+08,6.30634e+09,-1.22638e+09,5.42135e+08,-9.95998e+08,0.00104634,0.000150973,2.6557e-23
0,2.04751e+09,-1.97576e+07,3.36006e+08,-5.05617e+09,6.61516e+08,-2.36182e+08,-3.52463e+08,0.000928167,0.000152316,-4.40478e-24
0,1.8993e+09,2.47196e+07,3.07232e+08,3.73157e+09,-3.28683e+08,-1.46467e+08,-1.23882e+09,0.00104793,0.000169513,1.23224e-23
0,2.0457e+09,-3.8169e+07,3.19492e+08,-1.90097e+09,-2.2423e+08,1.86185e+08,-8.06759e+08,0.000987266,0.000154188,-5.13549e-25
0,2.32353e+09,8.20263e+06,3.38247e+08,-1.40158e+09,2.21092e+08,8.59244e+07,5.1807e+07,0.000875695,0.000127479,8.40211e-27
0,2.13856e+09,-1.13131e+06,3.436e+08,-9.93329e+08,3.5991e+07,-1.11935e+08,-2.23561e+08,0.000928239,0.000149139,-1.3197e-26
0,2.07335e+09,7.87292e+06,3.11017e+08,8.54175e+09,-7.53519e+08,6.92806e+08,-9.15866e+08,0.00101254,0.000151888,4.93104e-23
0,2.12052e+09,8.07101e+06,3.39665e+08,-7.88213e+08,5.90479e+08,6.54788e+07,-4.02665e+08,0.000886241,0.000141958,-4.73337e-27
0,2.04032e+09,-4.53253e+06,3.42238e+08,5.89345e+08,-2.49689e+07,9.58855e+07,-4.28595e+08,0.00097093,0.000162861,3.14368e-27
0,1.95631e+09,3.58684e+07,3.0093e+08,-7.62998e+09,-1.87702e+09,2.14648e+08,-7.77435e+08,0.00109823,0.000168935,-1.25445e-22
0,2.02278e+09,2.65902e+07,3.2172e+08,6.60347e+09,6.23073e+08,-1.46698e+08,-6.91574e+08,0.000934556,0.00014864,1.57767e-23
0,2.05157e+09,-1.18447e+07,3.03518e+08,1.61435e+08,-2.14092e+08,4.01328e+07,-1.05058e+09,0.00100687,0.000148961,-1.33321e-26
0,1.97016e+09,1.51594e+07,3.04485e+08,2.98954e+09,-9.39911e+08,-5.28733e+07,-1.25598e+09,0.00106314,0.000164306,7.8857e-24
0,2.14924e+09,-2.44714e+06,3.42783e+08,-1.06292e+09,1.3947e+07,-1.61288e+08,-2.99152e+08,0.00092705,0.000147855,-1.87063e-26
0,2.13812e+09,-2.13035e+07,3.26581e+08,1.10207e+09,7.12661e+08,4.42475e+08,-5.8276e+08,0.000929508,0.000141975,1.55609e-25
0,2.03789e+09,-1.98202e+07,3.26211e+08,-2.25751e+09,3.18394e+07,-1.61033e+08,-9.37251e+08,0.000975198,0.000156103,-8.86874e-25
0,2.06552e+09,-3.61272e+06,3.33311e+08,6.61947e+08,-3.12406e+08,-6.58006e+07,-7.09832e+08,0.000966375,0.000155943,8.86391e-27
0,2.13266e+09,1.77303e+07,3.19005e+08,6.54492e+09,-1.4735e+09,6.52102e+08,-8.61069e+08,0.00104011,0.000155581,1.92652e-23
0,2.0607e+09,1.29231e+07,3.39722e+08,7.8733e+08,7.8628e+08,1.38408e+08,-4.23465e+08,0.000880797,0.000145206,1.22812e-26
0,1.97613e+09,-1.92145e+07,3.09743e+08,-3.85909e+09,-8.3988e+08,2.80103e+08,-1.16661e+09,0.00104912,0.000164441,-1.35314e-23
0,1.84747e+09,1.01473e+07,2.96593e+08,1.3058e+09,2.23862e+08,3.3351e+08,-1.59607e+09,0.00105766,0.000169796,-5.17828e-25
0,2.27064e+09,-2.15263e+07,3.23339e+08,-5.2689e+09,-1.39794e+09,1.00715e+08,-5.03544e+08,0.000983545,0.000140057,-7.74627e-24
0,2.00369e+09,8.78491e+06,3.10361e+08,1.27807e+09,-1.49837e+09,-1.20543e+08,-1.13808e+09,0.00107735,0.000166876,2.838e-24
0,1.85212e+09,5.59398e+07,3.07084e+08,6.33903e+09,7.04772e+08,-3.67136e+08,-1.28515e+09,0.00100143,0.000166039,5.37941e-23
0,2.20519e+09,6.04942e+06,3.29474e+08,4.28889e+08,-8.70608e+08,-1.06177e+08,-5.10084e+08,0.000943177,0.000140919,3.0966e-26
0,2.13649e+09,-3.33244e+07,3.10388e+08,-4.79995e+09,-1.56882e+09,-7.2982e+06,-9.37798e+08,0.00106068,0.000154095,-2.04452e-23
0,2.15634e+09,-1.34526e+07,3.06175e+08,-2.86554e+09,-1.52308e+09,-2.73064e+08,-9.07697e+08,0.00102638,0.000145733,-5.08447e-24
0,2.19963e+09,4.61915e+07,2.9501e+08,6.89587e+09,-5.93066e+08,-5.23835e+08,-4.1335e+08,0.000959073,0.000128629,1.10695e-23
0,2.18664e+09,2.5443e+07,3.25831e+08,7.51466e+09,-3.67799e+08,1.98937e+07,-5.21274e+08,0.000935929,0.000139463,1.27133e-23
0,1.82302e+09,-1.64294e+07,3.01924e+08,1.59405e+09,1.42745e+09,-2.66818e+08,-7.19298e+08,0.000943614,0.000156279,-2.37938e-25
0,2.00121e+09,-5.24809e+07,2.63223e+08,5.55446e+07,5.30606e+08,-6.86616e+08,9.64527e+08,0.00112248,0.000147642,3.21361e-25
0,2.04728e+09,8.27171e+06,3.21924e+08,9.17339e+09,5.41727e+08,5.48088e+08,-4.05166e+08,0.00107307,0.000168734,6.22186e-23
0,1.762e+09,-2.8937e+06,3.01767e+08,1.80118e+09,4.57375e+08,5.78346e+08,-1.58736e+09,0.0010499,0.00017981,1.05698e-24
0,2.2337e+09,-3.59575e+07,3.21416e+08,-8.33955e+09,-9.08205e+08,9.55658e+07,-5.1985e+08,0.000965417,0.000138918,-2.0548e-23
0,1.97496e+09,1.15045e+07,3.045e+08,-8.42975e+08,-5.62938e+08,5.40292e+08,-1.14229e+09,0.00104287,0.00016079,3.95525e-25
0,2.00909e+09,2.98068e+07,3.04677e+08,4.77096e+09,8.36053e+08,-4.90616e+08,-8.61131e+08,0.000940596,0.000142641,6.13575e-24
0,2.04059e+09,2.02531e+07,2.96704e+08,4.12151e+09,2.92637e+08,-5.05128e+08,-8.70365e+08,0.000961994,0.000139875,4.72788e-24
0,2.12387e+09,-4.49372e+06,3.05493e+08,6.86501e+09,-1.95496e+09,-2.39497e+08,-8.63254e+07,0.000920079,0.000132342,1.17796e-23
0,2.16292e+09,-2.28354e+06,3.43795e+08,-1.62108e+09,904720,-2.40756e+08,-1.90907e+08,0.000919133,0.000146095,-4.13006e-26
0,1.73921e+09,2.55478e+07,2.98334e+08,-2.72283e+09,4.09574e+07,-4.32552e+08,-1.13414e+09,0.000998165,0.000171219,-4.35515e-24
0,1.92447e+09,-4.50118e+07,3.10862e+08,-4.47796e+09,1.59317e+08,2.6797e+08,-1.1515e+09,0.00101709,0.000164291,-1.54545e-23
0,2.19391e+09,3.21208e+07,3.25915e+08,6.21121e+09,-6.07237e+08,2.09244e+08,-5.39071e+08,0.000951653,0.000141372,7.31123e-24
0,2.11093e+09,-2.21745e+06,3.30601e+08,-1.39646e+09,-4.19256e+08,1.61542e+08,-8.02525e+08,0.000983501,0.00015403,-1.91969e-25
0,2.06228e+09,-1.06637e+07,3.16716e+08,8.06638e+09,4.68413e+08,3.58698e+08,-4.2004e+08,0.0010982,0.000168657,4.36556e-23
0,1.95008e+09,6.07301e+07,2.97391e+08,1.16547e+10,1.6525e+08,-4.51473e+08,-1.12987e+09,0.0010018,0.000152776,2.48614e-22
0,2.24239e+09,2.28997e+07,3.09511e+08,6.76402e+09,-2.29614e+09,-6.88848e+07,-6.65723e+08,0.00101155,0.000139621,3.40768e-23
0,2.20382e+09,912114,3.35779e+08,-1.1235e+09,-4.44608e+08,-9.62041e+07,-5.48945e+08,0.000946558,0.00014422,-6.2768e-26
0,2.15884e+09,-4.95015e+07,3.23339e+08,-1.01762e+10,1.73539e+08,-1.78708e+07,-5.03544e+08,0.000935121,0.000140057,-3.23673e-23
0,1.82458e+09,-3.69173e+07,2.44572e+08,-3.27691e+09,-7.46755e+07,-3.77389e+08,1.08132e+09,0.0011054,0.000148171,1.08963e-23
0,1.66582e+09,-7.37878e+06,3.13238e+08,4.50333e+09,-4.74361e+08,6.30016e+08,-1.37404e+09,0.00104614,0.000196715,3.52926e-23
0,2.24272e+09,1.1608e+07,3.19434e+08,1.29652e+09,-1.53345e+09,-3.18565e+08,-6.00918e+08,0.000986712,0.000140539,6.85867e-25
0,1.906e+09,1.39309e+07,2.90092e+08,-1.07412e+09,6.65424e+07,-1.81481e+08,-1.39466e+09,0.00104762,0.000159448,2.68423e-25
0,2.10647e+09,-2.13753e+07,3.15776e+08,-3.28523e+09,-1.31925e+09,3.80153e+08,-1.04252e+09,0.0010669,0.000159936,-9.21851e-24
0,1.97468e+09,-4.34836e+07,3.09288e+08,-4.29963e+09,3.02431e+08,4.96153e+08,-1.12362e+09,0.00101241,0.00015857,-1.05985e-23
0,2.00406e+09,4.38393e+07,3.08231e+08,1.02214e+10,7.54742e+07,-1.15039e+08,-8.68344e+08,0.000966932,0.000148717,9.59875e-23
0,1.87165e+09,-1.34176e+07,2.95478e+08,7.06838e+09,6.03331e+07,-1.05811e+08,-7.73241e+08,0.000992461,0.00015668,4.50674e-23
0,1.98802e+09,-6.44794e+06,3.28889e+08,-1.89365e+09,3.76662e+08,-1.76954e+08,-8.8494e+08,0.000961295,0.000159032,-6.18167e-25
0,1.77338e+09,2.24982e+07,2.86176e+08,-1.75731e+09,1.41484e+09,1.96033e+08,-1.34405e+09,0.00103771,0.000167458,-1.36691e-24
0,2.08497e+09,-6.10561e+07,3.10666e+08,-9.51619e+09,-1.26364e+08,2.70367e+08,-8.50648e+08,0.0010003,0.000149047,-7.46846e-23
0,2.07999e+09,-2.38696e+07,3.09539e+08,-8.82584e+09,-8.40607e+08,-1.69627e+08,-7.94562e+08,0.00100103,0.000148971,-5.50545e-23
0,1.91507e+09,5.53571e+06,3.07286e+08,5.31639e+07,7.26583e+08,-1.46526e+08,-1.22716e+09,0.00098934,0.000158746,6.6594e-27
0,1.93043e+09,3.38871e+07,2.70168e+08,9.68792e+09,-2.09592e+08,-3.22467e+08,-1.07289e+09,0.00103567,0.000144944,1.74126e-22
0,2.17162e+09,-3.664e+06,3.43209e+08,-1.58982e+09,-1.34385e+07,-2.41056e+08,-2.42391e+08,0.000911371,0.000144036,-4.40381e-26
0,2.15143e+09,2.36212e+07,3.3674e+08,5.33313e+09,1.56693e+08,2.18353e+08,-4.86072e+08,0.000910616,0.000142529,4.1318e-24
0,2.03031e+09,-6.69341e+06,3.41723e+08,7.60176e+08,-4.71073e+07,1.40654e+08,-4.668e+08,0.00097908,0.00016479,9.98441e-27
0,2.21224e+09,4.693e+07,3.11556e+08,-7.78174e+09,-1.05221e+08,2.88903e+08,2.66343e+08,0.000959467,0.000135124,7.35296e-24
0,2.03733e+09,-3.25429e+07,3.19556e+08,-9.64224e+08,-1.46157e+09,-1.62993e+08,-4.83806e+08,0.000931163,0.000146054,-8.8476e-25
0,1.55948e+09,-2.49867e+07,2.22057e+08,-1.77865e+09,-1.8316e+09,-1.16982e+08,1.07436e+09,0.00104852,0.0001493,1.68882e-24
0,1.7839e+09,-1.38699e+07,3.19573e+08,7.13031e+09,-6.87602e+08,6.86954e+08,-1.12111e+09,0.00109696,0.000196513,1.11959e-22
0,1.65013e+09,2.60649e+07,2.77231e+08,1.80675e+09,2.7332e+09,-3.23263e+07,-1.57452e+09,0.00100905,0.000169526,-2.83174e-24
0,2.0108e+09,2.08433e+07,3.06561e+08,4.58529e+09,-1.67507e+09,2.72028e+07,-1.30665e+09,0.0010843,0.00016531,3.78554e-23
0,1.92593e+09,2.11275e+07,3.10823e+08,1.11155e+09,7.4978e+08,-1.55241e+08,-1.17409e+09,0.000993897,0.000160403,1.07663e-25
0,2.08096e+09,-1.50878e+07,3.31082e+08,4.18266e+09,1.03313e+09,8.47253e+08,-3.81055e+08,0.000890312,0.000141649,4.87135e-24
0,2.06519e+09,-2.96713e+06,3.4063e+08,-1.15102e+09,9.02611e+07,-3.48767e+08,-2.43163e+08,0.000961576,0.000158601,-3.91153e-26
0,1.92846e+09,-3.05422e+07,3.28081e+08,-5.01449e+09,3.24182e+08,-3.17548e+07,-6.62107e+08,0.000991552,0.000168689,-1.20036e-23
0,2.03466e+09,3.33696e+07,3.29455e+08,5.50283e+09,5.03186e+08,2.15126e+08,-6.54177e+08,0.000920737,0.000149087,9.02504e-24
0,2.17882e+09,-1.83529e+06,3.43989e+08,-1.48102e+09,-1.83258e+07,-1.90341e+08,-1.60148e+08,0.00090598,0.000143034,-2.27487e-26
0,1.75182e+09,-3.91063e+07,3.00859e+08,-4.28049e+09,1.23034e+09,9.72549e+07,-1.30399e+09,0.000992585,0.000170467,-2.23657e-23
0,2.0073e+09,1.69959e+07,2.68874e+08,7.22339e+09,3.48673e+08,7.24708e+08,5.99633e+08,0.00103963,0.000139257,-2.56625e-23
0,1.69704e+09,4.79759e+06,2.75155e+08,5.13853e+09,2.26123e+09,3.59583e+08,-1.47036e+09,0.00104391,0.000169258,8.78591e-23
0,1.81051e+09,1.11399e+06,3.0055e+08,-2.4869e+09,3.78846e+08,5.38165e+07,-1.27021e+09,0.00106199,0.000176294,-4.21882e-24
0,1.8904e+09,-4.07911e+07,3.16828e+08,-9.27176e+09,1.22419e+09,1.17447e+08,-8.43649e+08,0.000938,0.000157208,-7.59899e-23
0,2.31067e+09,1.6296e+07,3.30797e+08,3.64078e+09,-9.58562e+08,-1.06395e+08,-3.53369e+08,0.000933942,0.000133703,1.299e-24
0,2.111e+09,-1.2348e+07,2.9864e+08,-3.93813e+09,-1.54904e+09,6.28658e+08,-8.27054e+08,0.00100309,0.000141906,-1.09555e-23
0,2.04977e+09,-3.94586e+06,2.84037e+08,4.23094e+09,2.94681e+08,3.26515e+08,5.15676e+08,0.00107631,0.000149145,-5.22464e-24
0,1.95466e+09,-1.2223e+07,2.9987e+08,1.61138e+09,4.14326e+08,-2.82233e+08,-1.14865e+09,0.00102825,0.000157748,3.6525e-25
0,2.14528e+09,3.40783e+07,3.25844e+08,7.49981e+09,-6.28352e+08,-7.48912e+07,-5.9367e+08,0.000969856,0.00014731,2.00452e-23
0,2.11421e+09,3.1487e+07,3.10306e+08,1.70036e+09,-6.48496e+08,-2.00807e+08,-7.84594e+08,0.00099429,0.000145934,5.12924e-25
0,2.14913e+09,-9.85425e+06,3.16268e+08,-4.88663e+09,-7.62512e+08,-4.5466e+07,-6.82576e+08,0.00095248,0.000140168,-5.87594e-24
0,2.13247e+09,1.9478e+07,2.97877e+08,5.1125e+09,-2.9101e+09,2.68586e+08,-1.15523e+09,0.00110917,0.000154935,7.88888e-23
0,1.99633e+09,-6.3774e+06,3.30015e+08,1.25782e+08,6.26951e+08,-1.79372e+07,-8.65546e+08,0.000950003,0.000157045,-1.17341e-27
0,2.19998e+09,-534322,3.44465e+08,-1.46243e+09,-2.36401e+07,-7.91669e+07,-8.87948e+07,0.000905042,0.000141708,-1.23086e-26
0,1.87037e+09,-1.30465e+07,3.0982e+08,3.09984e+09,-3.82022e+08,3.20194e+08,-1.46713e+09,0.00114482,0.000189635,1.08988e-23
0,1.99135e+09,1.75663e+07,3.05337e+08,-6.41246e+09,-5.56669e+08,-1.1022e+08,-1.0079e+09,0.00107932,0.000165494,-4.86088e-23
0,2.10919e+09,-1.48562e+07,3.31372e+08,-2.0424e+09,-2.36196e+08,-2.82413e+08,-7.18695e+08,0.000950293,0.000149299,-3.25394e-25
0,2.15529e+09,2.32382e+07,3.06601e+08,5.73769e+09,-2.10153e+09,1.98425e+08,-9.69777e+08,0.00106202,0.000151078,3.77908e-23
0,1.79641e+09,-2.17204e+07,2.9717e+08,-1.20333e+09,6.30085e+08,4.13571e+07,-1.34746e+09,0.00104736,0.000173259,-1.77745e-25
0,2.1364e+09,7.52421e+06,3.07931e+08,6.02e+08,-1.87607e+09,1.90327e+08,-8.17948e+08,0.00102261,0.000147395,2.01374e-24
0,2.01396e+09,-4.49829e+07,3.14008e+08,-2.29448e+09,8.36981e+08,3.44939e+08,-1.03387e+09,0.000971413,0.000151459,-8.59239e-25
0,2.08407e+09,6.87606e+06,3.06143e+08,-5.03424e+08,-1.68791e+09,-6.83795e+07,-8.5166e+08,0.00102648,0.000150786,-1.20781e-24
0,2.01227e+09,9.26186e+06,3.11797e+08,1.19842e+09,-7.11055e+08,-3.71684e+08,-9.89434e+08,0.00103555,0.000160456,1.533e-25
0,2.16981e+09,1.17046e+07,2.81198e+08,1.99439e+09,-3.51741e+09,1.01254e+08,-1.02541e+09,0.00113251,0.000146768,4.22622e-23
0,2.02287e+09,-6.41571e+06,3.40842e+08,4.64367e+08,3.15302e+06,1.27663e+08,-5.46552e+08,0.000984165,0.000165826,-3.892e-27
0,2.09712e+09,4.63342e+07,3.27299e+08,3.48517e+09,9.24344e+08,-2.68727e+06,-6.88819e+08,0.00093982,0.000146678,2.06636e-24
0,2.19153e+09,-167309,3.44672e+08,-1.50517e+09,-1.35695e+07,-8.31067e+07,-2.60284e+07,0.00090221,0.000141894,-3.75507e-27
0,2.13356e+09,-1.04763e+07,3.04028e+08,2.21051e+08,-8.20192e+08,-4.02425e+08,-3.69263e+08,0.00109215,0.00015563,-1.34738e-25
0,2.2761e+09,5.73742e+06,3.38058e+08,2.44249e+09,-6.80782e+08,1.0504e+08,-4.0247e+08,0.000939621,0.000139557,3.56782e-25
0,2.05132e+09,-5.23873e+07,3.03874e+08,-8.09771e+09,-1.31298e+09,-1.12926e+08,-1.26308e+09,0.00106633,0.000157961,-1.08781e-22
0,2.27771e+09,1.7637e+07,3.11147e+08,-3.59e+09,1.54586e+09,1.37377e+07,4.62812e+08,0.000989912,0.000135227,3.72442e-24
0,2.14948e+09,1.83072e+07,3.2668e+08,-7.21272e+09,-7.44714e+07,-2.39451e+08,5.43622e+08,0.000946734,0.000143885,1.36022e-23
0,2.13238e+09,3.95496e+06,3.38418e+08,-1.75382e+08,2.39911e+07,5.10345e+07,-4.91265e+08,0.000925265,0.000146844,1.09501e-27
0,2.15032e+09,1.65272e+06,3.13994e+08,-9.26541e+08,-1.37653e+09,-3.90712e+08,-8.98142e+08,0.0010237,0.000149483,-1.43469e-24
0,2.09451e+09,3.71925e+07,3.29899e+08,3.54992e+09,3.50633e+08,1.8519e+08,-7.42372e+08,0.000970684,0.000152889,2.97861e-24
0,2.15457e+09,1.82657e+07,3.22822e+08,3.03156e+09,-1.26819e+09,1.66892e+08,-7.50542e+08,0.000994035,0.000148938,3.24986e-24
0,1.94318e+09,2.14683e+07,2.94768e+08,3.95859e+09,-1.47091e+09,-2.71389e+08,-1.5293e+09,0.00110709,0.000167939,3.58781e-23
0,2.20659e+09,2.27872e+06,3.14184e+08,-1.43554e+09,5.81762e+08,3.89238e+07,4.24866e+08,0.000969352,0.00013802,1.56559e-25
0,1.88328e+09,-4.70743e+06,3.08866e+08,5.17812e+09,-2.66241e+08,7.41529e+07,-9.65299e+08,0.00103254,0.00016934,2.55616e-23
0,1.9926e+09,3.4432e+06,3.08952e+08,-1.3126e+09,-8.80549e+08,-1.89148e+08,-1.12816e+09,0.00103144,0.000159924,-9.83871e-25
0,2.10059e+09,-4.74537e+07,3.02195e+08,-8.74981e+09,-1.97668e+09,8.7846e+07,-1.13961e+09,0.00110251,0.000158608,-1.65096e-22
0,2.15104e+09,-3.25585e+07,3.1041e+08,-6.45656e+09,-1.72205e+09,-2.54762e+07,-9.37138e+08,0.00106319,0.000153426,-4.27252e-23
0,1.94194e+09,-3.23221e+07,3.13277e+08,6.66028e+09,1.71236e+09,2.82443e+08,-4.93374e+08,0.000962016,0.000155194,2.0761e-23
0,2.06825e+09,3.83181e+06,3.31638e+08,9.45711e+07,1.59601e+08,-1.23977e+08,-7.77965e+08,0.000957065,0.000153462,-1.42563e-27
0,2.04399e+09,5.20168e+06,3.3293e+08,-1.56515e+09,2.63794e+08,9.73724e+07,-6.93138e+08,0.000930844,0.000151618,-1.66418e-25
0,1.86548e+09,-9.55767e+06,3.12387e+08,-8.59098e+08,1.17022e+07,1.06565e+08,-1.06654e+09,0.00103371,0.000173101,8.19672e-26
0,2.28509e+09,2.90651e+07,3.26027e+08,8.26398e+08,-2.97594e+08,1.42682e+08,-1.04652e+08,0.00090249,0.000128764,7.58995e-28
0,2.09284e+09,-1.75091e+07,3.33374e+08,-5.2368e+09,2.00036e+08,-4.18907e+08,-6.90526e+08,0.000946123,0.00015071,-7.83768e-24
0,2.15226e+09,2.21129e+07,3.25407e+08,1.32382e+09,-3.55369e+08,-4.65185e+08,-6.64165e+08,0.000977354,0.000147769,7.86316e-26
0,1.96753e+09,-3.12775e+07,3.00038e+08,-9.84068e+08,-5.3107e+08,4.98284e+08,-9.83409e+08,0.00099598,0.000151882,1.32446e-25
0,2.2475e+09,4.08649e+07,3.05556e+08,-4.26535e+09,7.26677e+08,4.59633e+08,2.31498e+08,0.000950165,0.000129178,1.93182e-24
0,2.07642e+09,-6.01814e+07,3.06602e+08,-9.60342e+09,-6.79724e+08,-7.72991e+06,-9.69706e+08,0.0010231,0.00015107,-1.00787e-22
0,1.9563e+09,-8.45078e+07,2.85656e+08,-1.49307e+10,-6.28975e+08,4.01553e+08,-1.0948e+09,0.00106032,0.000154827,-7.11196e-22
0,1.96655e+09,1.18379e+07,3.19017e+08,5.12857e+09,5.84534e+08,-1.4255e+08,-7.88188e+08,0.000932469,0.000151267,9.53572e-24
0,2.19452e+09,-1.56371e+07,2.95874e+08,1.54727e+09,2.7251e+08,-1.6313e+08,2.51387e+08,0.000918563,0.000123844,-6.40319e-26
0,1.8379e+09,-9.84399e+06,2.67668e+08,-5.81884e+09,-1.37837e+09,-8.07031e+08,7.97327e+08,0.00108037,0.000157343,8.01783e-23
0,1.99768e+09,-3.17273e+07,2.19226e+08,-4.11463e+09,-1.13061e+09,6.07298e+08,-4.21525e+08,0.00106389,0.000116751,-1.13521e-23
0,1.79731e+09,-1.54296e+06,3.01795e+08,5.45746e+08,5.9341e+07,-2.88704e+08,-1.16915e+09,0.00101687,0.000170747,-1.66721e-25
0,1.97745e+09,-7.2615e+06,3.18118e+08,-7.2795e+09,-1.00674e+09,-8.14829e+08,-8.08046e+08,0.000995787,0.000160195,-2.26519e-23
0,1.94829e+09,-7.49415e+06,2.98075e+08,1.41042e+09,8.50287e+08,1.38301e+08,-1.0505e+09,0.000988143,0.000151179,4.74319e-25
0,1.94129e+09,-3.79783e+07,2.97362e+08,-6.94227e+08,1.06364e+09,7.76703e+08,-1.09868e+09,0.000973655,0.000149142,-2.94868e-29
0,2.26461e+09,3.9321e+07,3.18289e+08,-4.28619e+09,1.66383e+08,5.3754e+08,1.86044e+08,0.000907361,0.000127529,7.36521e-25
0,2.25204e+09,3.77372e+07,3.20626e+08,-2.67556e+08,-2.09792e+08,7.28487e+07,-1.93363e+08,0.000918505,0.000130769,-3.22911e-28
0,1.96451e+09,-1.62635e+07,3.02181e+08,-1.78102e+09,-1.8372e+09,-3.26001e+06,-1.38385e+09,0.00110618,0.000170153,-1.13831e-23
0,1.94882e+09,-4.43579e+07,3.18343e+08,-8.5444e+08,1.47095e+09,7.89137e+08,-7.66074e+08,0.000932618,0.000152345,-1.49751e-26
0,2.15119e+09,-866729,3.38396e+08,1.42659e+09,6.6013e+07,1.59728e+07,-4.90932e+08,0.000923629,0.000145293,7.41444e-26
0,1.98382e+09,-1.56563e+07,3.11057e+08,-2.56227e+09,-7.02411e+08,1.48774e+08,-1.05695e+09,0.00101099,0.000158521,-2.91789e-24
0,2.11114e+09,-1.90557e+07,3.22638e+08,5.90574e+09,6.70217e+07,1.95809e+08,1.77225e+07,0.000994033,0.000151915,-2.01592e-25
0,2.13409e+09,3.81423e+06,3.33962e+08,-7.92638e+08,9.22932e+07,7.68728e+06,-5.87749e+08,0.000930714,0.000145647,-8.93273e-27
0,1.97329e+09,-5.7546e+07,3.06474e+08,4.15045e+09,-1.38532e+09,2.64192e+08,-4.56351e+08,0.000953706,0.000148121,4.97012e-24
0,2.06779e+09,-1.12845e+07,3.22363e+08,-3.87544e+09,-8.38352e+08,1.51002e+08,-8.30495e+08,0.00100147,0.000156127,-6.55201e-24
0,1.85417e+09,-3.30127e+07,2.98548e+08,-7.54945e+09,2.21687e+09,-1.03216e+08,-1.17253e+09,0.000949709,0.000152917,-7.01565e-23
0,2.05281e+09,1.08674e+07,3.16499e+08,6.56392e+09,1.83687e+08,6.74627e+07,-7.96428e+08,0.000945351,0.000145753,1.8551e-23
0,1.94138e+09,-3.28015e+07,3.22853e+08,7.27004e+08,1.37914e+09,6.77477e+08,-7.46408e+08,0.000929104,0.000154511,2.47273e-25
0,2.14511e+09,-3.81726e+07,3.20483e+08,-7.80202e+09,-5.00793e+08,-3.26475e+08,-7.22455e+08,0.000966214,0.000144354,-2.32006e-23
0,2.03297e+09,-5.43465e+06,3.4038e+08,-2.97886e+08,2.00124e+07,1.31453e+07,-5.88118e+08,0.000986077,0.000165098,4.80472e-27
0,1.77045e+09,-3.22892e+06,2.9464e+08,2.24221e+09,-9.58418e+08,-4.56863e+08,-1.0349e+09,0.00102738,0.000170977,4.53638e-24
0,1.85761e+09,165230,3.19555e+08,-3.85825e+09,-2.12287e+09,-5.70153e+08,-1.68699e+08,0.000967768,0.00016648,-6.05686e-24
0,1.89885e+09,5.03173e+07,3.07513e+08,2.24866e+09,7.83421e+08,-7.48192e+08,-1.04391e+09,0.000982907,0.000159178,6.78424e-25
0,2.00032e+09,-1.27923e+07,3.00477e+08,-3.69785e+09,-2.09771e+09,2.44161e+08,-1.37573e+09,0.00110295,0.000165679,-3.96067e-23
0,1.92507e+09,-7.31915e+07,2.99657e+08,-9.81421e+09,1.4903e+09,6.44916e+08,-1.12055e+09,0.000979035,0.000152397,-1.0868e-22
0,2.2577e+09,3.36613e+07,3.28159e+08,-4.28639e+09,-4.70581e+08,3.29884e+08,1.34165e+08,0.000890643,0.000129456,1.00464e-25
0,2.02156e+09,3.86059e+06,3.17788e+08,4.50625e+09,1.27755e+09,3.13346e+07,-5.94795e+08,0.000905306,0.000142313,3.61798e-24
0,2.11365e+09,-6.70534e+07,3.14449e+08,-1.17945e+10,2.81702e+08,7.64064e+07,-7.34572e+08,0.000958322,0.00014257,-9.14383e-23
0,2.04418e+09,-1.28314e+07,3.2872e+08,2.50455e+08,-4.32468e+08,-6.59056e+07,-6.54021e+08,0.000965046,0.000155187,-2.54693e-27
0,1.87285e+09,-9.40154e+07,2.97436e+08,-1.2388e+10,1.93421e+09,5.50669e+08,-9.48412e+08,0.000961084,0.000152634,-1.83633e-22
0,2.23387e+09,-551508,3.44957e+08,6.57913e+08,-2.08771e+07,-4.27591e+07,-7.11229e+07,0.000898508,0.000138749,8.77393e-28
0,1.96512e+09,-1.76377e+07,3.27001e+08,2.68866e+09,1.00744e+09,3.96311e+08,-8.0037e+08,0.000931313,0.000154973,2.4353e-24
0,2.02378e+09,3.1068e+07,3.24337e+08,-2.12011e+09,1.11103e+09,-6.1236e+08,-6.78462e+08,0.000920681,0.000147551,-1.4219e-24
0,1.87224e+09,-4.8793e+07,3.03839e+08,-8.14284e+09,2.15157e+09,-2.19644e+07,-1.08095e+09,0.000953273,0.000154703,-7.42769e-23
0,1.87329e+09,-2.98723e+07,3.20643e+08,-2.04435e+09,-2.08261e+09,-8.64074e+08,-2.32413e+07,0.000960027,0.000164324,-2.24647e-24
0,1.71521e+09,-2.51791e+07,2.8536e+08,4.90198e+09,-9.76409e+08,-2.00053e+08,-9.83136e+08,0.00104268,0.000173471,4.78838e-23
0,2.01185e+09,-3.63155e+07,3.05109e+08,-7.33293e+09,-1.66305e+09,2.0676e+08,-1.28706e+09,0.00110196,0.000167119,-1.34069e-22
0,2.0563e+09,3.58677e+07,3.14344e+08,-4.35339e+08,3.56456e+08,-6.50489e+08,-7.97431e+08,0.000955065,0.000146,2.22061e-26
0,1.96927e+09,-5.26551e+07,3.09319e+08,1.52756e+09,-4.88508e+07,5.01606e+08,-7.10235e+08,0.00101969,0.000160165,1.09272e-25
0,1.75422e+09,-5.62763e+07,2.97866e+08,-9.41251e+09,2.98628e+09,2.15294e+08,-9.53564e+08,0.000919259,0.00015609,-5.83884e-23
0,2.12906e+09,3.05053e+07,2.93306e+08,-5.79985e+09,-6.17298e+08,1.05759e+08,3.08187e+08,0.000934913,0.000128797,3.45364e-24
0,2.0326e+09,4.43424e+07,3.23885e+08,2.56447e+09,1.30875e+09,-3.29511e+08,-7.46115e+08,0.000930123,0.00014821,2.59256e-25
0,2.03407e+09,-2.08473e+07,3.27392e+08,-3.58388e+09,-1.72329e+08,-2.68186e+08,-7.25026e+08,0.000936179,0.000150682,-2.45698e-24
0,1.80976e+09,-2.93094e+07,2.90901e+08,6.6635e+09,-1.0365e+09,4.92807e+07,-8.09689e+08,0.00109105,0.000175375,8.34085e-23
0,2.12087e+09,-1.07472e+07,3.12933e+08,-1.27075e+09,-1.09483e+09,-6.5101e+07,-9.03564e+08,0.0010123,0.000149365,-8.75796e-25
0,1.93945e+09,-1.57324e+07,3.09294e+08,6.61943e+08,1.17023e+09,4.65501e+08,-1.11932e+09,0.000966125,0.000154073,2.0666e-25
0,2.17592e+09,-1.91565e+07,3.34013e+08,-1.46079e+09,-1.77988e+08,-1.56514e+08,-5.46441e+08,0.000941351,0.000144501,-8.00003e-26
0,1.71065e+09,2.74754e+07,2.91068e+08,-2.47135e+09,-4.79096e+08,-7.5355e+08,-1.60197e+09,0.00111794,0.000190217,-1.24025e-24
0,1.95904e+09,-5.84043e+07,3.11842e+08,1.11022e+09,1.06821e+09,5.4226e+08,-6.11008e+08,0.00101146,0.000161005,5.55789e-25
0,1.99896e+09,-3.45884e+07,3.2154e+08,-2.33623e+09,5.94348e+08,1.86924e+08,-8.44292e+08,0.000965639,0.000155327,-9.21179e-25
0,2.00794e+09,-4.63597e+07,3.14881e+08,-4.3381e+09,1.22596e+08,3.18723e+08,-9.08093e+08,0.000987926,0.000154925,-7.85216e-24
0,2.12186e+09,-6.41085e+07,3.0614e+08,7.46554e+09,-5.22927e+08,-3.01712e+08,5.04951e+08,0.000912971,0.000131722,-1.09012e-23
0,1.7882e+09,-4.87484e+07,3.12703e+08,4.24679e+09,-5.83775e+08,6.5312e+07,-3.75065e+08,0.000960544,0.00016797,5.32682e-24
0,2.07476e+09,-7.38731e+06,3.13786e+08,3.34398e+09,-1.76438e+08,4.22385e+08,-4.79671e+08,0.00100995,0.000152744,1.50296e-24
0,1.95772e+09,3.26164e+07,2.98907e+08,-3.64714e+09,-1.86546e+09,-6.37759e+08,3.0087e+08,0.000882041,0.000134671,2.5173e-24
0,1.83467e+09,-6.40049e+07,2.98386e+08,-8.56199e+09,5.59087e+08,4.91864e+08,-1.43367e+09,0.00103058,0.000167611,-1.83768e-22
0,2.17004e+09,2.38706e+06,3.21962e+08,-7.47605e+08,-1.30608e+09,2.27643e+08,-7.16265e+08,0.0010082,0.000149584,-2.2712e-25
0,2.01685e+09,-1.90086e+06,3.42612e+08,-7.36059e+08,6.44977e+07,-6.87354e+07,-3.98398e+08,0.000977647,0.000166078,-1.26658e-26
0,2.02029e+09,-4.32506e+07,3.14395e+08,9.57833e+08,1.0416e+09,5.73862e+08,-5.92354e+08,0.00101718,0.000158292,3.96525e-25
0,1.91537e+09,4.8344e+07,2.94742e+08,7.61561e+09,-7.23011e+08,-6.1152e+08,-1.05398e+09,0.00105989,0.000163099,1.09439e-22
0,2.11751e+09,1.69596e+07,3.33231e+08,2.66037e+09,-2.75825e+08,3.51977e+08,-7.4845e+08,0.000977374,0.000153809,8.71564e-25
0,1.94123e+09,2.42235e+07,3.14661e+08,-5.19555e+09,8.10147e+08,8.7037e+07,-3.5392e+08,0.000995097,0.000161299,-5.94404e-24
0,2.02781e+09,-8.68653e+06,3.10314e+08,-3.14557e+09,-3.53758e+08,2.00124e+08,-9.995e+08,0.000996077,0.000152429,-3.49105e-24
0,1.77327e+09,-2.36189e+07,2.84335e+08,6.69447e+09,-3.03182e+09,2.0552e+08,5.1615e+08,0.000977675,0.000156765,9.6162e-24
0,2.11294e+09,-5.9923e+06,3.22371e+08,-3.29716e+09,-9.58566e+08,2.30838e+08,-7.24312e+08,0.00100558,0.000153421,-4.01353e-24
0,2.22272e+09,1.27998e+07,3.24749e+08,4.10173e+09,-1.17499e+09,1.53464e+08,-5.78033e+08,0.000966299,0.000141181,3.34925e-24
0,2.04741e+09,2.88829e+07,3.21691e+08,5.21856e+09,2.29838e+08,1.6125e+07,-8.09167e+08,0.00095087,0.000149402,9.77238e-24
0,1.92195e+09,2.51083e+07,3.22488e+08,2.32538e+09,-2.93902e+08,5.51872e+07,-5.91035e+08,0.000926662,0.000155487,7.47846e-25
0,1.93936e+09,1.03952e+07,3.10475e+08,1.30541e+09,2.14841e+09,1.1574e+08,-9.43445e+08,0.000946475,0.000151522,-8.26401e-25
0,2.06042e+09,4.94485e+07,3.22961e+08,4.7609e+09,4.21767e+08,-1.57652e+08,-7.49091e+08,0.000962706,0.0001509,6.73026e-24
0,2.12335e+09,1.43631e+07,2.94877e+08,-3.28235e+09,-9.3928e+08,7.65952e+07,4.1037e+08,0.000919484,0.000127692,6.23045e-25
0,1.94876e+09,-6.18645e+07,2.82733e+08,1.86211e+09,7.245e+08,2.49027e+08,-8.56943e+08,0.00113874,0.000165212,2.054e-24
0,1.97942e+09,5.40255e+07,3.02846e+08,9.80621e+09,-8.31572e+07,-4.41111e+08,-1.03866e+09,0.000988867,0.000151294,1.21036e-22
0,2.06558e+09,-9.06022e+06,3.12092e+08,-5.52635e+08,1.39278e+08,2.35952e+07,-9.27962e+08,0.00101359,0.000153145,2.90867e-26
0,2.2412e+09,2.37473e+07,3.10756e+08,2.52205e+09,-3.22223e+08,-2.74989e+08,-3.06697e+08,0.000927593,0.000128616,3.07569e-25
0,2.08047e+09,2.64423e+07,3.24959e+08,1.41195e+09,7.81951e+08,-2.56277e+06,-7.15301e+08,0.000924088,0.000144338,1.37426e-25
0,1.92735e+09,-2.6129e+07,3.25674e+08,2.43585e+09,-3.25645e+07,3.16229e+08,-1.7669e+08,0.000952818,0.000161002,2.56172e-25
0,1.89714e+09,7.01566e+07,3.02895e+08,6.71574e+09,1.05028e+09,-7.70018e+08,-9.82594e+08,0.000955111,0.000152492,2.59933e-23
0,2.27529e+09,-3.23413e+06,3.44832e+08,-3.00414e+09,-4.17906e+07,-2.80209e+08,-8.03532e+07,0.000886122,0.000134296,-6.23529e-26
0,2.25545e+09,-8.49564e+06,3.01441e+08,-7.08623e+08,-1.13108e+09,1.4771e+08,-2.77606e+08,0.000943085,0.000126044,-1.04373e-25
0,2.08272e+09,2.87986e+07,3.23394e+08,3.12371e+09,-5.34366e+08,-2.22194e+08,-6.22295e+08,0.0009504,0.000147573,1.8268e-24
0,1.93325e+09,3.04895e+06,3.31679e+08,9.86266e+07,3.95279e+08,1.62305e+08,-7.57073e+08,0.000974883,0.000167256,-5.70205e-27
0,2.02735e+09,111334,3.41126e+08,-5.7999e+08,7.12108e+07,-7.11863e+07,-5.34637e+08,0.000974795,0.000164021,-1.85614e-27
0,2.05278e+09,-2.78794e+07,3.14836e+08,6.69713e+09,1.20844e+09,1.14982e+08,-2.511e+08,0.00106552,0.00016342,1.17472e-23
0,1.83899e+09,6.02651e+06,2.97191e+08,1.06744e+10,-8.10016e+08,-2.60365e+08,-6.73412e+08,0.000943496,0.000152475,1.28975e-22
0,1.88926e+09,3.26801e+06,3.12183e+08,-3.3135e+09,9.00874e+08,8.72126e+07,-9.54663e+08,0.000968361,0.000160012,-4.5538e-24
0,2.03438e+09,2.95212e+07,2.83487e+08,4.68822e+09,1.31124e+09,3.12e+07,-4.41379e+08,0.000933156,0.000130033,3.02531e-24
0,2.00885e+09,1.80372e+07,3.20996e+08,5.07026e+09,-1.02288e+09,-2.81247e+08,-5.62458e+08,0.000979765,0.000156557,1.20533e-23
0,2.18519e+09,6.32311e+06,3.19702e+08,-5.30732e+09,-8.07564e+08,-1.99282e+07,2.69989e+08,0.0009188,0.000134425,2.04096e-24
0,1.98967e+09,-1.02028e+07,3.26966e+08,-1.16721e+09,1.0399e+09,2.31566e+08,-8.0757e+08,0.000940927,0.000154624,-3.56928e-26
0,1.9314e+09,1.83548e+07,2.83231e+08,-1.83537e+09,8.91002e+08,-6.71098e+08,-4.90492e+08,0.000926434,0.000135857,-1.20185e-24
0,2.03465e+09,1.21176e+07,3.26086e+08,5.23277e+08,2.50165e+08,-2.05865e+08,-9.46688e+08,0.000984796,0.000157829,-2.32456e-26
0,2.02907e+09,-3.78722e+07,3.05166e+08,-6.99708e+09,-1.85362e+09,-8.25353e+07,-1.21298e+09,0.00109801,0.000165137,-1.04089e-22
0,2.29401e+09,2.73492e+07,3.24593e+08,4.31936e+09,-9.13813e+08,-1.19487e+08,-3.38944e+08,0.000943557,0.000133509,2.00636e-24
0,1.76313e+09,-9.18192e+07,3.01728e+08,1.83038e+09,2.77295e+08,1.96329e+08,-7.50846e+08,0.000971034,0.000166175,9.1866e-25
0,1.90779e+09,2.33131e+07,3.32611e+08,1.3527e+09,7.78585e+08,1.16956e+08,-7.53941e+08,0.000974697,0.000169932,3.35535e-25
0,1.98721e+09,4.81697e+07,2.81441e+08,2.33598e+09,8.10902e+08,-1.02817e+08,7.52716e+08,0.00115691,0.000163848,-4.05007e-24
0,2.22653e+09,-1.62007e+07,3.27512e+08,-2.79683e+09,-9.97938e+08,-9.77345e+07,-5.11966e+08,0.000973575,0.000143208,-1.20433e-24
0,2.08559e+09,-3.31919e+07,2.95299e+08,-2.17523e+09,-1.83831e+09,-1.01485e+07,-1.01752e+09,0.00105077,0.000148779,-7.51028e-24
0,1.97066e+09,-1.68902e+07,3.15776e+08,-1.55875e+09,7.0545e+08,4.71886e+08,-9.5362e+08,0.000967107,0.000154968,-1.67814e-25
0,1.96639e+09,4.68867e+07,3.14906e+08,1.26224e+10,-6.42218e+08,3.65503e+08,-7.47175e+08,0.00104437,0.00016725,2.35708e-22
0,2.10341e+09,2.55551e+07,3.29881e+08,5.92859e+09,-2.30072e+08,2.97602e+08,-8.14309e+08,0.000976084,0.000153081,1.36284e-23
0,2.09522e+09,-1.20353e+07,3.15782e+08,5.20054e+08,-1.18777e+09,9.59396e+07,-7.66947e+08,0.000997129,0.000150283,4.36337e-25
0,2.09111e+09,1.94313e+07,3.1838e+08,5.65164e+09,-8.35815e+08,2.73495e+08,-9.06305e+08,0.000990036,0.000150737,1.46112e-23
0,1.8122e+09,-4.20611e+06,3.03187e+08,1.37242e+10,-1.75659e+09,2.68695e+08,-4.72965e+08,0.000998436,0.000167041,2.35223e-22
0,2.03378e+09,4.07511e+07,3.14813e+08,4.48872e+09,-7.08313e+07,-3.25799e+08,-9.76512e+08,0.00099541,0.000154081,9.43703e-24
0,1.79712e+09,-5.46212e+07,2.35606e+08,1.76797e+10,-1.05093e+09,-8.77328e+07,1.94798e+08,0.00116567,0.000152821,-4.41455e-22
0,1.89272e+09,3.16313e+06,3.15044e+08,5.62369e+09,-1.32081e+09,1.69903e+08,-6.23965e+08,0.000978074,0.000162801,1.96816e-23
0,1.84911e+09,4.00776e+07,3.20071e+08,3.91025e+09,2.06199e+07,6.67146e+08,2.52764e+08,0.00097983,0.000169603,-2.12543e-24
0,2.11415e+09,-1.61804e+07,3.23512e+08,-1.74641e+08,4.67637e+08,3.21709e+08,-6.64928e+08,0.000925523,0.000141625,-5.59089e-28
0,2.0605e+09,5.16138e+07,3.06565e+08,3.87314e+09,-7.69875e+07,-3.91298e+08,-7.93487e+08,0.000972553,0.000144698,4.11712e-24
0,1.94192e+09,-1.48714e+07,3.11884e+08,-5.55576e+09,-8.53696e+08,-1.71599e+08,-6.15289e+08,0.000982545,0.000157802,-1.39045e-23
0,2.10047e+09,-2.39131e+06,3.42877e+08,-1.23328e+09,-8.69402e+07,-3.25895e+08,-3.53349e+08,0.000976945,0.000159474,-2.31964e-26
0,2.10556e+09,2.85354e+07,2.99145e+08,6.12862e+09,-2.2843e+09,2.8075e+08,-1.15966e+09,0.00108422,0.00015404,6.61498e-23
0,2.22536e+09,-3.01723e+07,3.27575e+08,-6.39734e+09,-4.99387e+08,-6.87054e+07,-4.6884e+08,0.000948278,0.000139587,-6.83834e-24
0,2.10168e+09,-8.69823e+06,3.34637e+08,-1.70776e+09,-5.06589e+07,-2.46921e+08,-6.89289e+08,0.000957035,0.000152382,-1.97704e-25
0,1.91879e+09,4.01927e+07,3.11617e+08,4.30915e+09,6.28304e+08,-3.93913e+08,-1.19338e+09,0.00100852,0.000163785,1.26312e-23
0,2.0977e+09,5.92166e+06,3.28463e+08,-7.11351e+08,-4.30711e+08,-1.14921e+08,-8.37766e+08,0.000987262,0.000154588,-4.06434e-26
0,2.11158e+09,-2.71859e+07,3.2888e+08,-1.57795e+09,-2.75386e+08,-2.53821e+08,-4.63721e+08,0.000987336,0.000153778,-1.02931e-25
0,2.04346e+09,-1.10933e+07,3.24903e+08,-6.11984e+09,-1.10838e+09,-5.2701e+08,-4.65239e+08,0.000977753,0.000155459,-5.77693e-24
0,1.96459e+09,2.91429e+06,3.07618e+08,5.48089e+09,9.17314e+08,8.22224e+07,-8.91725e+08,0.000996722,0.000156068,2.06671e-23
0,2.05733e+09,2.45124e+07,3.24882e+08,2.48291e+09,-1.15736e+08,1.93474e+08,-7.8446e+08,0.00101899,0.000160913,1.22068e-24
0,2.01364e+09,1.32217e+07,2.95047e+08,1.52384e+10,-9.67057e+08,4.66554e+08,-7.36151e+08,0.00110724,0.000162237,4.66576e-22
0,2.0216e+09,4.25791e+07,3.0036e+08,7.793e+09,-1.96494e+09,2.87344e+08,-1.09162e+09,0.00107952,0.000160391,1.08784e-22
0,1.78307e+09,-4.45921e+07,2.80209e+08,-6.13748e+09,2.36979e+09,8.50591e+07,-1.39358e+09,0.000988749,0.000155381,-5.5482e-23
0,1.82857e+09,-137335,3.15179e+08,3.28162e+09,-1.61831e+08,5.66175e+08,-3.12632e+08,0.00100286,0.000172856,1.18063e-24
0,1.99239e+09,2.30951e+07,3.06881e+08,6.02382e+09,1.54242e+08,-5.45976e+07,-9.75106e+08,0.00101795,0.000156792,2.88263e-23
0,2.2309e+09,-3.04942e+07,3.29101e+08,-7.8094e+09,-4.74252e+08,-1.01513e+08,-4.27825e+08,0.000934602,0.000137872,-1.02225e-23
0,2.03402e+09,8.23747e+06,3.3014e+08,-1.4151e+09,-1.51365e+08,-7.32529e+07,-8.278e+08,0.000979569,0.000158993,-1.62904e-25
0,1.88235e+09,3.61546e+07,3.13629e+08,5.25693e+09,4.36921e+08,-2.77222e+08,-1.18841e+09,0.00101495,0.000169107,2.84988e-23
0,1.94247e+09,-2.46561e+07,3.11827e+08,7.71103e+09,1.14574e+09,1.55871e+08,-5.79056e+08,0.00106578,0.000171091,5.7887e-23
0,2.14907e+09,-7.5678e+06,3.41957e+08,-3.22312e+09,-2.16826e+08,-4.81246e+08,-4.15626e+08,0.000968434,0.000154095,-6.50078e-25
0,2.09863e+09,6.3152e+06,3.31688e+08,8.11706e+08,-6.32067e+08,1.66352e+08,-8.22193e+08,0.0010103,0.000159678,1.55221e-25
0,2.24302e+09,2.30026e+07,3.05165e+08,2.17575e+09,-1.03737e+09,-4.26538e+08,-3.75456e+08,0.000954038,0.000129798,6.83296e-25
0,2.11326e+09,-1.9631e+07,3.28879e+08,-7.0667e+09,-1.08508e+09,-6.0809e+08,-5.37433e+08,0.000967086,0.000150504,-8.36485e-24
0,1.86561e+09,4.07662e+07,3.1546e+08,-1.48455e+09,1.42647e+09,-4.58653e+08,-7.73294e+08,0.00096679,0.000163476,-8.87036e-25
0,2.04689e+09,1.33809e+07,3.2607e+08,2.63724e+09,1.12548e+09,3.86739e+08,-6.04312e+08,0.000914884,0.000145741,1.41566e-24
0,2.09698e+09,-7.79106e+07,3.04876e+08,-1.09277e+10,2.49534e+08,3.50754e+08,-7.78866e+08,0.000969665,0.000140978,-8.28819e-23
0,2.00043e+09,-1.23767e+07,3.25301e+08,2.23316e+09,6.22958e+07,2.35185e+08,-9.01159e+08,0.000978285,0.000159085,9.29052e-25
0,2.17457e+09,-3.78877e+07,3.29887e+08,-8.64743e+09,1.52921e+08,-2.08244e+08,-4.03051e+08,0.000913604,0.000138596,-1.39938e-23
0,2.08216e+09,2.00338e+07,3.20648e+08,4.55434e+09,-5.35767e+08,-4.70562e+08,-6.59891e+08,0.00102446,0.000157765,8.61463e-24
0,2.01969e+09,1.72207e+07,3.17493e+08,2.70688e+09,-1.0582e+09,-1.49866e+08,-9.82866e+08,0.00102545,0.0001612,4.48518e-24
0,2.05693e+09,-1.99244e+06,3.34167e+08,-7.49308e+08,-4.34725e+08,1.38508e+07,-7.48297e+08,0.00100644,0.000163505,-4.77907e-26
0,1.87343e+09,-8.83743e+06,3.19053e+08,7.47057e+09,-6.7256e+07,4.52023e+08,-6.71832e+08,0.000953652,0.000162411,3.6782e-23
0,2.31807e+09,1.42692e+07,3.31437e+08,3.33076e+09,-9.56478e+08,-9.45153e+07,-3.02262e+08,0.00092413,0.000132132,8.88316e-25
0,2.29846e+09,2.84686e+07,3.19975e+08,2.30181e+09,-4.81373e+08,6.07026e+06,-2.67447e+08,0.000946615,0.000131781,1.95144e-25
0,2.15617e+09,-2.83864e+07,3.16028e+08,-1.33501e+09,-8.09185e+08,-1.69655e+08,-4.68619e+08,0.00106139,0.000155568,-3.81852e-25
0,2.0566e+09,-1.96571e+07,3.29462e+08,2.12575e+09,8.77368e+07,1.27727e+08,-7.51546e+08,0.000984776,0.000157759,6.47012e-25
0,2.09128e+09,-5.15958e+07,2.98944e+08,-7.84715e+09,-1.58698e+09,1.89014e+08,-1.16426e+09,0.001078,0.000154098,-1.05829e-22
0,2.06021e+09,-9.40476e+06,3.10491e+08,-1.86036e+09,-6.07647e+08,-3.39915e+08,-1.01278e+09,0.00102519,0.000154504,-6.59616e-25
0,2.06917e+09,-3.25251e+06,2.92111e+08,4.09188e+09,-6.749e+08,3.78752e+08,-8.83481e+08,0.00118859,0.000167798,1.25207e-23
0,2.02419e+09,-1.18672e+07,3.34159e+08,-1.47749e+09,-3.25345e+08,-1.74139e+08,-7.46272e+08,0.00099778,0.000164716,-2.17467e-25
0,2.07346e+09,-2.7594e+06,3.37347e+08,-1.18841e+09,-3.88082e+08,-2.82757e+08,-4.46718e+08,0.000980242,0.000159484,-3.70293e-26
0,2.13838e+09,2.34965e+07,3.1762e+08,1.24273e+09,-2.08851e+09,-3.47385e+07,-7.39567e+08,0.00105299,0.000156403,3.956e-24
0,2.23993e+09,-3.62026e+07,3.23884e+08,-7.93123e+09,-7.92057e+08,5.7593e+07,-5.54031e+08,0.000956849,0.000138357,-1.70361e-23
0,2.18292e+09,-6.42192e+06,3.41042e+08,-3.34874e+09,-2.33493e+08,-3.79519e+08,-3.44907e+08,0.000934799,0.000146045,-5.15331e-25
0,1.90586e+09,2.08844e+07,2.86279e+08,3.94379e+09,-1.96748e+08,-2.14422e+08,-1.1573e+09,0.0010244,0.000153875,1.19133e-23
0,1.8404e+09,5.15711e+07,3.06737e+08,5.43337e+09,-1.90166e+08,1.76587e+08,-6.48051e+08,0.0010613,0.000176886,2.53788e-23
0,2.01724e+09,-7.25687e+07,3.02743e+08,-1.03465e+10,-3.3119e+08,1.85673e+07,-1.12726e+09,0.00104229,0.000156425,-1.82694e-22
0,1.98521e+09,4.65985e+07,3.23579e+08,5.27728e+09,8.84691e+08,7.59869e+07,-6.71254e+08,0.000947409,0.000154423,1.02757e-23
0,1.88188e+09,3.03059e+07,3.04937e+08,5.02073e+09,-3.28094e+08,-2.15994e+07,-1.39994e+09,0.00105075,0.000170262,3.61389e-23
0,1.89839e+09,5.21629e+07,3.21503e+08,3.29384e+09,-9.60084e+08,4.01601e+07,-3.88304e+08,0.000980198,0.000166002,3.22485e-24
0,2.17444e+09,-4.05428e+06,3.02029e+08,1.0359e+08,1.72482e+09,3.35953e+08,2.63553e+08,0.00095226,0.000132268,-5.034e-25
0,2.03249e+09,-3.35871e+07,2.92103e+08,-3.54395e+09,-2.07752e+09,3.6894e+08,-1.22233e+09,0.00107796,0.000154921,-2.75407e-23
0,2.00379e+09,-2.65832e+07,3.30107e+08,-1.62441e+09,-3.59003e+08,-9.99305e+07,-8.00628e+08,0.000987832,0.000162737,-3.53537e-25
0,2.17993e+09,-8.24295e+06,3.43632e+08,-6.60534e+09,-1.30519e+08,-6.86362e+08,-2.33323e+08,0.00093185,0.000146892,-2.89366e-24
0,2.0978e+09,-2.49715e+07,3.15036e+08,-4.34212e+09,-4.30174e+08,-3.31705e+08,-8.75512e+08,0.00101317,0.000152153,-6.47732e-24
0,2.28512e+09,-1.4884e+07,3.19643e+08,3.55278e+07,-6.16549e+08,3.20752e+08,-2.04324e+08,0.000917922,0.000128399,1.39469e-26
0,2.22309e+09,5.49316e+07,3.12997e+08,-5.54049e+09,-2.31816e+08,6.59399e+08,3.05381e+08,0.000943325,0.000132814,2.14385e-24
0,2.10415e+09,1.976e+07,2.6873e+08,-7.27247e+08,5.88428e+07,3.06891e+08,3.75725e+08,0.000984784,0.000125771,4.75454e-27
0,2.20703e+09,-3.57636e+07,3.12063e+08,-5.98325e+09,-1.32976e+09,-4.12627e+07,-7.44567e+08,0.000980983,0.000138706,-1.41216e-23
0,1.99693e+09,-1.96519e+06,3.14505e+08,-7.61902e+08,-9.23355e+08,7.61501e+07,-1.11986e+09,0.0010351,0.000163022,-3.01136e-25
0,2.07684e+09,-2.28993e+07,3.34572e+08,-2.29492e+09,-5.55786e+08,-2.5842e+08,-5.49713e+08,0.000992964,0.000159963,-5.66196e-25
0,2.14597e+09,-5.32934e+07,3.26566e+08,-9.01197e+09,7.51337e+08,-4.23194e+07,-4.95681e+08,0.000898963,0.000136801,-1.90614e-23
0,2.05727e+09,-8.29521e+07,3.06595e+08,-1.25131e+10,6.23896e+08,2.51867e+08,-9.22989e+08,0.000990175,0.000147566,-1.79041e-22
0,2.0309e+09,-6.29401e+06,3.32884e+08,-1.72618e+09,-1.0504e+08,-2.09371e+08,-6.87382e+08,0.000961029,0.000157521,-2.50912e-25
0,2.06141e+09,3.92774e+07,3.07868e+08,9.05518e+09,7.82124e+08,-1.27803e+08,-6.58237e+08,0.00105743,0.000157926,6.59554e-23
0,1.70929e+09,5.61811e+07,2.85113e+08,6.92227e+09,1.6781e+09,-7.83251e+08,-1.1854e+09,0.000991722,0.000165421,5.88956e-23
0,2.11673e+09,2.38776e+07,2.73674e+08,-1.88305e+09,1.12076e+08,3.54006e+08,3.94186e+08,0.000980748,0.000126802,2.18111e-25
0,2.21884e+09,5.07812e+07,3.19517e+08,-7.03609e+09,-5.60567e+08,4.36832e+08,2.85556e+08,0.000926836,0.000133466,3.34105e-24
0,2.22692e+09,-1.07696e+07,3.40805e+08,-4.55571e+09,-2.84382e+08,-3.72871e+08,-3.18772e+08,0.000915553,0.000140115,-1.04796e-24
0,2.17982e+09,-6.17108e+06,3.44371e+08,-7.19191e+09,-2.72916e+07,-7.30725e+08,-1.32656e+08,0.000905475,0.000143048,-2.17405e-24
0,2.03314e+09,-1.22753e+07,3.16268e+08,-3.89432e+09,-1.27293e+09,1.71014e+08,-1.00028e+09,0.00102976,0.000160186,-1.27359e-23
0,2.10486e+09,1.58885e+06,2.96508e+08,5.29511e+09,8.08951e+08,6.42696e+08,4.54519e+08,0.000947929,0.000133533,-1.59969e-24
0,2.23093e+09,1.37571e+06,3.00207e+08,1.62237e+09,-6.55178e+08,-1.37587e+07,-2.6835e+08,0.000937022,0.000126091,1.37742e-25
0,2.05571e+09,3.57663e+07,3.16138e+08,-1.38282e+09,-1.09973e+09,-5.09305e+07,-9.73945e+08,0.00108342,0.000166615,-1.66372e-24
0,2.05707e+09,2.46673e+07,3.21256e+08,5.81949e+09,-3.06257e+08,-5.15901e+08,-6.28714e+08,0.000996921,0.000155691,1.43288e-23
0,2.13831e+09,1.2496e+07,3.22845e+08,4.3183e+09,-1.24467e+09,3.66948e+07,-8.2118e+08,0.00101538,0.000153303,9.15894e-24
0,2.08558e+09,-4.47012e+07,3.1634e+08,-7.84173e+09,-1.00459e+08,-3.60343e+08,-7.83433e+08,0.000971499,0.000147356,-3.19788e-23
0,2.23534e+09,-2.92578e+07,3.22126e+08,-6.06152e+09,-1.17501e+09,-4.11586e+07,-7.50209e+08,0.000978964,0.000141074,-1.27683e-23
0,1.84303e+09,3.14837e+07,3.10837e+08,2.19908e+09,-1.69181e+08,-1.75399e+08,-1.61661e+08,0.00105002,0.000177091,5.00717e-25
0,2.01624e+09,-1.26611e+07,3.10147e+08,-8.20146e+08,-1.61185e+09,-1.93414e+08,-1.21151e+09,0.00109796,0.000168894,-3.86727e-24
0,2.0342e+09,-8.92803e+07,2.94243e+08,-9.06382e+09,4.17501e+08,8.43333e+08,-1.05701e+09,0.00101573,0.000146923,-8.5662e-23
0,2.04587e+09,-2.57624e+07,3.21157e+08,-5.45932e+09,-9.09936e+08,1.51e+08,-9.22096e+08,0.00102872,0.000161487,-2.26782e-23
0,1.971e+09,-573740,2.98316e+08,5.41087e+09,-1.70928e+09,4.33894e+08,-1.13783e+09,0.00106392,0.000161027,4.00801e-23
0,2.13709e+09,-3.7503e+07,3.26637e+08,-4.70205e+09,-3.571e+08,-1.57658e+08,-7.48823e+08,0.000977006,0.000149328,-5.8789e-24
0,2.27664e+09,2.33866e+06,3.0914e+08,8.15916e+08,-1.05181e+09,2.34275e+07,-2.75135e+08,0.000940437,0.0001277,1.3731e-25
0,2.20476e+09,-3.40903e+07,3.05348e+08,8.98779e+08,1.38839e+09,2.74199e+08,-1.78015e+08,0.000951493,0.000131777,-2.33929e-25
0,1.93386e+09,-1.98777e+07,3.16559e+08,-2.59683e+09,-3.0816e+08,5.72006e+08,-1.02181e+09,0.00102753,0.0001682,-2.54805e-24
0,2.10068e+09,-1.14706e+07,3.32032e+08,-2.4292e+09,-2.3895e+08,-8.14386e+07,-6.62669e+08,0.000957026,0.000151267,-6.89325e-25
0,2.05321e+09,-2.29591e+07,3.14864e+08,-3.95315e+09,-1.5707e+09,-1.64843e+08,-1.04364e+09,0.0010969,0.000168212,-1.96604e-23
0,1.76507e+09,3.10487e+06,2.96389e+08,-7.89492e+09,1.26172e+09,2.00224e+08,-1.0491e+09,0.00105199,0.000176648,-1.41129e-22
0,1.9581e+09,3.80758e+07,2.86732e+08,8.2719e+09,-1.01688e+09,-1.93786e+08,-1.09129e+09,0.00104362,0.000152821,1.18228e-22
0,2.1961e+09,-1.69735e+07,3.12187e+08,-1.67822e+09,-1.53501e+09,-2.45147e+08,-6.93608e+08,0.000998168,0.000141895,-1.88447e-24
0,1.97989e+09,2.57487e+07,3.28526e+08,-8.87226e+09,-1.68779e+09,-5.44993e+08,-3.82504e+08,0.00103613,0.000171927,-2.27531e-23
0,2.08742e+09,-3.71851e+07,3.13764e+08,-8.03829e+09,-1.44881e+09,-1.49017e+08,-1.02795e+09,0.00107752,0.000161964,-8.59215e-23
0,2.11509e+09,-2.48811e+07,3.32129e+08,-3.03728e+09,1.81416e+08,-1.72557e+08,-6.37906e+08,0.000945312,0.000148441,-1.28461e-24
0,2.11968e+09,-3.11976e+07,2.99032e+08,-2.71045e+09,-2.1141e+09,5.72885e+08,-1.05703e+09,0.00108137,0.000152554,-1.17661e-23
0,2.05287e+09,-6.90561e+07,3.21765e+08,-9.68383e+09,1.34758e+09,-9.75165e+07,-7.19804e+08,0.000940254,0.000147375,-5.46647e-23
0,1.9414e+09,-3.99545e+06,3.31664e+08,-8.84543e+09,-1.00508e+09,-1.05714e+09,-6.18035e+08,0.000996173,0.000170184,-1.93806e-23
0,2.08704e+09,-2.06339e+06,3.13999e+08,-1.95334e+09,-6.84485e+08,-8.16472e+07,-9.97009e+08,0.00101696,0.000153003,-1.01363e-24
0,1.96083e+09,-5.52173e+07,3.15047e+08,-2.00371e+09,9.96624e+08,2.71582e+08,-1.00981e+09,0.00100403,0.000161318,-7.43287e-25
0,2.18748e+09,-7.44164e+06,3.44012e+08,-4.94646e+09,1.62763e+08,-5.74197e+08,-9.45722e+07,0.000866843,0.000136323,-7.61487e-25
0,2.00693e+09,-6.91373e+07,3.17666e+08,-6.34766e+09,1.2894e+09,7.07266e+07,-8.832e+08,0.000953582,0.000150937,-2.0483e-23
0,2.2155e+09,-4.41271e+07,3.11616e+08,-6.83508e+09,-9.16929e+08,1.69453e+08,-5.8587e+08,0.000961569,0.000135247,-1.39016e-23
0,2.10867e+09,-4.23969e+07,3.33263e+08,-7.29393e+09,8.7935e+08,-4.93354e+08,-4.91239e+08,0.000914612,0.000144549,-1.622e-23
0,1.7688e+09,4.45585e+07,3.09779e+08,-4.51045e+09,-7.83404e+08,-2.05004e+08,-9.02125e+08,0.00100197,0.00017548,-1.89976e-23
0,1.99419e+09,-1.73409e+07,3.37379e+08,-8.60542e+09,-2.37264e+08,-1.14771e+09,-5.51248e+08,0.000970127,0.000164127,-2.7602e-23
0,1.9584e+09,4.43832e+07,2.71289e+08,5.54905e+09,-1.17248e+09,-1.45826e+08,-1.14752e+09,0.00110098,0.000152514,5.47295e-23
0,2.01993e+09,-8.19816e+07,3.01495e+08,-1.09777e+10,2.02156e+08,1.7888e+08,-1.11195e+09,0.000998881,0.000149093,-1.70756e-22
0,2.09384e+09,3.37698e+07,2.79932e+08,-3.27502e+09,4.48035e+08,5.82698e+08,4.671e+08,0.000994389,0.000132943,2.05175e-24
0,2.07498e+09,-5.19923e+07,3.30353e+08,-8.70721e+09,9.59442e+08,-4.6266e+08,-5.96892e+08,0.000905554,0.000144171,-3.16299e-23
0,2.18639e+09,-1.15537e+07,3.1e+08,6.66873e+08,-6.58144e+08,-2.97859e+07,3.83233e+07,0.000875075,0.000124073,1.38455e-26
0,2.22632e+09,-5.0398e+07,3.12402e+08,-4.28852e+09,2.2792e+08,6.81156e+08,-2.35556e+08,0.000894489,0.000125517,-4.7158e-25
0,2.04248e+09,7.718e+06,3.17806e+08,-9.19081e+09,-1.66976e+09,-4.46537e+08,-7.84172e+08,0.00109798,0.000170843,-9.90304e-23
0,2.12415e+09,-3.31981e+07,3.36525e+08,-6.48787e+09,9.41764e+08,-5.47178e+08,-3.46284e+08,0.000897717,0.000142224,-8.80521e-24
0,2.00853e+09,6.5305e+06,2.71592e+08,2.55117e+09,-1.77812e+09,6.98259e+07,-1.13301e+09,0.00111184,0.000150342,1.49191e-23
0,2.04426e+09,-8.55081e+07,2.98676e+08,-8.69835e+09,4.80146e+08,7.04906e+08,-1.01332e+09,0.00101525,0.000148333,-7.06974e-23
0,2.07754e+09,5.10822e+07,2.77095e+08,-6.261e+09,8.17043e+08,5.79818e+08,5.6975e+08,0.00102675,0.000136945,2.26924e-23
0,2.10563e+09,-3.13192e+07,3.15794e+08,-5.67443e+09,-4.32248e+08,-1.57551e+08,-8.9676e+08,0.000998878,0.000149808,-1.50441e-23
0,2.20267e+09,-1.90004e+07,3.37668e+08,-4.7948e+09,-4.99238e+06,-3.02505e+08,-4.08667e+08,0.000925743,0.000141916,-2.31024e-24
0,2.09183e+09,-2.28954e+07,3.3924e+08,-9.40609e+09,6.38653e+07,-9.25302e+08,-4.81767e+08,0.000943679,0.00015304,-3.0375e-23
0,2.15704e+09,-1.35732e+07,3.39473e+08,-5.54405e+09,-1.4845e+08,-6.03443e+08,-3.50067e+08,0.00098766,0.000155437,-3.80103e-24
0,1.99434e+09,-3.0512e+07,2.71311e+08,-1.10514e+09,-1.59124e+09,2.19881e+08,-1.1421e+09,0.00112467,0.000153001,-2.55742e-24
0,1.82033e+09,-1.56076e+07,3.00746e+08,-1.19489e+10,-9.38796e+08,-3.81985e+08,-4.19532e+08,0.000966099,0.000159614,-9.83692e-23
0,1.50188e+09,2.53783e+07,3.01277e+08,-7.86602e+08,-1.53683e+08,-6.39766e+08,-8.71182e+08,0.000920949,0.000184742,5.65195e-25
0,1.92448e+09,-1.93627e+06,3.19651e+08,-1.20524e+10,-1.86763e+09,-7.49736e+08,-6.13918e+08,0.00102476,0.00017021,-1.08032e-22
0,2.18183e+09,-2.90025e+07,3.35387e+08,-5.62834e+09,1.66517e+08,-3.19868e+08,-4.63578e+08,0.000917264,0.000141,-4.57386e-24
0,1.99551e+09,-2.02024e+07,3.36638e+08,-8.52251e+09,-2.94072e+08,-9.82263e+08,-2.83306e+08,0.000908848,0.000153321,-7.11083e-24
0,2.09354e+09,-5.43463e+07,3.06746e+08,-7.02422e+09,-9.50931e+08,1.15623e+08,-8.35374e+08,0.000964577,0.00014133,-2.72301e-23
0,1.50009e+09,-1.00469e+07,3.01738e+08,-7.53056e+09,-1.1349e+09,-8.82139e+08,-5.45341e+08,0.000918512,0.000184756,-1.89803e-23
0,1.79622e+09,6.99817e+06,2.98939e+08,-1.20078e+10,-1.49767e+09,-4.57728e+08,-2.47337e+08,0.000909668,0.000151393,-2.8448e-23
0,1.83636e+09,-6.13877e+07,3.06518e+08,-9.63149e+09,7.89587e+08,-6.15273e+07,-7.52361e+08,0.000928371,0.00015496,-9.05874e-23
0,1.19033e+09,-2.77685e+07,2.68943e+08,-2.13984e+08,2.53825e+08,-3.33383e+08,-4.67089e+08,0.000810419,0.000183106,4.87856e-27
0,1.18103e+09,1.17414e+07,2.66885e+08,5.07693e+09,1.03781e+08,-3.05272e+08,-8.633e+08,0.000875266,0.000197789,9.52799e-23
0,1.59612e+09,-4.48642e+07,2.9326e+08,-3.14967e+09,6.19869e+08,-1.91977e+08,-6.57153e+08,0.000875225,0.000160808,-4.81348e-24
0,1.50594e+09,-2.05482e+07,2.96531e+08,2.41623e+09,-1.71027e+08,-4.43385e+08,-2.14062e+08,0.000822409,0.000161939,7.09071e-25
0,1.75021e+09,-4.58958e+07,2.63632e+08,2.28029e+08,-1.28255e+09,1.45861e+08,-9.19837e+08,0.00105391,0.00015875,1.41093e-24
0,1.46519e+09,-2.65413e+07,2.7325e+08,1.65511e+10,4.14855e+08,-5.81001e+08,-3.79092e+08,0.000975664,0.000181956,8.0032e-22
0,1.66412e+09,-5.31517e+07,2.86487e+08,5.01455e+09,1.67831e+08,-3.19166e+08,-8.06914e+08,0.000991189,0.000170638,2.84107e-23
0,1.60805e+09,-2.02991e+06,2.71155e+08,2.28685e+10,-6.78049e+08,-4.87445e+08,-7.01839e+08,0.00114901,0.000193751,6.63525e-21
0,1.83085e+09,-6.06302e+07,2.68184e+08,8.26104e+08,-9.69905e+08,1.16993e+08,-8.80178e+08,0.00108952,0.000159593,1.29024e-24
0,1.87527e+09,-3.69949e+07,3.13423e+08,4.02503e+08,9.20646e+08,-5.55468e+08,-3.89581e+08,0.000933545,0.000156028,1.92419e-26
0,1.94747e+09,4.22395e+07,2.86868e+08,5.96719e+09,-8.246e+07,2.6071e+08,3.34716e+08,0.00100777,0.000148448,-1.08364e-23
